-0.011278,0.023325,0.785005,-0.010238,-0.003040,-0.726501,0.687082,0.047176,0.103212,0.096510,0.136096,-0.161709,-0.112391,0.044101,-0.011392,-0.146471,0.125301,-0.187436,0.015087,0.003900,0.078569,0.150309,0.019220,0.227736,-0.625147,0.918416,-0.134144,0.101448,0.249987,-0.110597,-0.157349,0.204963,1.141262,0.285593,0.032928,-0.255126
-0.011478,0.023362,0.785011,-0.010045,-0.002711,-0.726665,0.686913,0.046421,0.103958,0.096996,0.136044,-0.161750,-0.112701,0.043166,-0.010690,-0.146013,0.125227,-0.187299,0.014307,0.004133,0.079006,0.149960,0.019127,0.228060,-0.625057,0.918498,-0.134165,0.101418,0.250092,-0.110919,-0.157221,0.204709,1.140861,0.285625,0.032597,-0.255206
-0.011669,0.023405,0.785041,-0.009857,-0.002384,-0.726833,0.686739,0.045679,0.104718,0.097505,0.136013,-0.161830,-0.112974,0.042242,-0.009979,-0.145544,0.125148,-0.187157,0.013528,0.004415,0.079394,0.149618,0.019118,0.228559,-0.625025,0.918418,-0.134195,0.101416,0.250182,-0.111266,-0.156968,0.204304,1.140487,0.285566,0.032233,-0.255314
-0.011894,0.023504,0.785032,-0.009670,-0.002045,-0.726992,0.686575,0.044921,0.105477,0.097965,0.135936,-0.161832,-0.113323,0.041307,-0.009258,-0.145098,0.125044,-0.187000,0.012748,0.004669,0.079818,0.149273,0.018985,0.228901,-0.624952,0.918531,-0.134227,0.101386,0.250308,-0.111617,-0.156763,0.204031,1.140143,0.285571,0.031909,-0.255395
-0.012149,0.023577,0.785038,-0.009454,-0.001704,-0.727128,0.686435,0.044121,0.106218,0.098302,0.135753,-0.161651,-0.113856,0.040359,-0.008527,-0.144712,0.124855,-0.186801,0.011964,0.004901,0.080183,0.148986,0.018752,0.229261,-0.624816,0.918687,-0.134312,0.101331,0.250490,-0.112045,-0.156519,0.203923,1.139894,0.285603,0.031668,-0.255411
-0.012416,0.023639,0.785059,-0.009208,-0.001335,-0.727233,0.686328,0.043275,0.106913,0.098453,0.135321,-0.161128,-0.114683,0.039355,-0.007803,-0.144427,0.124584,-0.186563,0.011182,0.004979,0.080481,0.148767,0.018575,0.229720,-0.624453,0.918643,-0.134439,0.101309,0.250763,-0.112682,-0.156179,0.204091,1.139831,0.285668,0.031546,-0.255378
-0.012713,0.023731,0.785039,-0.008929,-0.000958,-0.727314,0.686246,0.042379,0.107582,0.098465,0.134763,-0.160398,-0.115719,0.038295,-0.007081,-0.144217,0.124278,-0.186308,0.010399,0.004758,0.080612,0.148617,0.018731,0.230527,-0.623712,0.918124,-0.134577,0.101336,0.251085,-0.113689,-0.155570,0.204660,1.140114,0.285774,0.031476,-0.255365
-0.013003,0.023873,0.785018,-0.008653,-0.000588,-0.727386,0.686173,0.041492,0.108269,0.098460,0.134183,-0.159634,-0.116789,0.037246,-0.006332,-0.144000,0.123961,-0.186036,0.009601,0.004609,0.080733,0.148532,0.018726,0.231281,-0.623041,0.917772,-0.134753,0.101290,0.251418,-0.114643,-0.155009,0.205328,1.140399,0.285917,0.031430,-0.255277
-0.013312,0.023983,0.785043,-0.008407,-0.000244,-0.727464,0.686094,0.040656,0.109008,0.098557,0.133738,-0.159040,-0.117715,0.036272,-0.005525,-0.143699,0.123657,-0.185751,0.008769,0.004718,0.080924,0.148522,0.018373,0.231795,-0.622683,0.917873,-0.134956,0.101098,0.251729,-0.115398,-0.154617,0.205965,1.140629,0.286098,0.031342,-0.255066
-0.013705,0.024039,0.785045,-0.008167,0.000069,-0.727559,0.685997,0.039830,0.109832,0.098844,0.133457,-0.158694,-0.118418,0.035276,-0.004652,-0.143243,0.123442,-0.185416,0.007943,0.004895,0.080887,0.148599,0.018114,0.232701,-0.622448,0.917868,-0.135206,0.100682,0.251976,-0.116310,-0.153957,0.206862,1.141186,0.286319,0.031076,-0.254864
-0.014061,0.024142,0.785072,-0.007938,0.000371,-0.727662,0.685890,0.039021,0.110707,0.099241,0.133255,-0.158481,-0.119002,0.034289,-0.003734,-0.142688,0.123229,-0.185021,0.007114,0.005330,0.080861,0.148738,0.017582,0.233543,-0.622546,0.918154,-0.135523,0.100077,0.252211,-0.117074,-0.153379,0.207740,1.141723,0.286561,0.030750,-0.254565
-0.014444,0.024329,0.785047,-0.007739,0.000623,-0.727752,0.685796,0.038311,0.111568,0.099615,0.133111,-0.158297,-0.119571,0.033425,-0.002826,-0.142136,0.123085,-0.184738,0.006184,0.005843,0.080807,0.149001,0.016935,0.234290,-0.622692,0.918579,-0.135837,0.099521,0.252433,-0.117778,-0.152877,0.208640,1.142284,0.286816,0.030460,-0.254158
-0.014879,0.024395,0.785062,-0.007582,0.000778,-0.727812,0.685735,0.037793,0.112352,0.099832,0.133013,-0.158056,-0.120233,0.032748,-0.001986,-0.141693,0.123166,-0.184781,0.005062,0.006338,0.080731,0.149452,0.016256,0.234850,-0.622703,0.919055,-0.136079,0.099247,0.252644,-0.118406,-0.152486,0.209489,1.142813,0.287048,0.030316,-0.253594
-0.015322,0.024522,0.785035,-0.007467,0.000843,-0.727853,0.685692,0.037495,0.113085,0.099902,0.132895,-0.157693,-0.121040,0.032228,-0.001183,-0.141333,0.123532,-0.185200,0.003651,0.006552,0.080377,0.150149,0.016086,0.235826,-0.622219,0.918843,-0.136289,0.099489,0.252863,-0.119337,-0.151770,0.210540,1.143674,0.287260,0.030320,-0.252888
-0.015814,0.024593,0.785011,-0.007409,0.000853,-0.727880,0.685664,0.037359,0.113792,0.099879,0.132806,-0.157280,-0.121930,0.031839,-0.000398,-0.141015,0.124094,-0.185880,0.002023,0.006746,0.079930,0.151031,0.016004,0.236835,-0.621566,0.918478,-0.136462,0.100045,0.253091,-0.120300,-0.151025,0.211582,1.144587,0.287432,0.030484,-0.252015
-0.016347,0.024631,0.784981,-0.007337,0.000726,-0.727870,0.685675,0.037445,0.114289,0.099758,0.132637,-0.156793,-0.122815,0.029214,-0.000172,-0.140782,0.130002,-0.189551,0.000378,0.007102,0.079479,0.152025,0.015574,0.237403,-0.621069,0.918606,-0.136571,0.100593,0.253258,-0.120938,-0.150576,0.212460,1.145269,0.287587,0.030693,-0.251064
-0.016912,0.024667,0.784935,-0.007331,0.000508,-0.727776,0.685776,0.037740,0.114704,0.099411,0.132480,-0.156306,-0.123643,0.026988,-0.000017,-0.140791,0.135763,-0.193316,-0.001149,0.007060,0.078818,0.153203,0.015587,0.238364,-0.620262,0.918353,-0.136533,0.100932,0.253222,-0.121799,-0.149810,0.213686,1.146286,0.287724,0.030700,-0.250375
-0.017529,0.024633,0.784909,-0.007404,0.000203,-0.727581,0.685982,0.038113,0.115113,0.098771,0.132600,-0.155959,-0.124434,0.025690,0.000201,-0.141120,0.140284,-0.196597,-0.002549,0.007109,0.078373,0.154479,0.015202,0.238943,-0.619876,0.918743,-0.136281,0.100895,0.252951,-0.122201,-0.149347,0.214617,1.146997,0.287767,0.030454,-0.249788
-0.018112,0.024673,0.784836,-0.007576,-0.000151,-0.727304,0.686274,0.038629,0.115598,0.097873,0.132848,-0.155662,-0.125217,0.025054,0.000534,-0.141725,0.144078,-0.199669,-0.003897,0.006831,0.077899,0.155915,0.015124,0.239804,-0.619312,0.918903,-0.135830,0.100697,0.252471,-0.122678,-0.148642,0.215753,1.147897,0.287780,0.029992,-0.249375
-0.018740,0.024720,0.784746,-0.007831,-0.000575,-0.726960,0.686635,0.039297,0.116102,0.096777,0.133241,-0.155424,-0.125932,0.025034,0.000925,-0.142503,0.147220,-0.202567,-0.005159,0.006497,0.077396,0.157570,0.015163,0.240807,-0.618635,0.918910,-0.135467,0.100420,0.251917,-0.123157,-0.147888,0.216974,1.148865,0.287754,0.029586,-0.249088
-0.019352,0.024700,0.784647,-0.008246,-0.000954,-0.726549,0.687064,0.037160,0.117181,0.095102,0.139948,-0.158501,-0.126558,0.025515,0.001623,-0.143459,0.149863,-0.205353,-0.006322,0.006304,0.077326,0.159431,0.014977,0.241477,-0.617887,0.919121,-0.135443,0.100119,0.251442,-0.123434,-0.147449,0.218270,1.149668,0.287792,0.029539,-0.248856
-0.019966,0.024660,0.784520,-0.008823,-0.001395,-0.726092,0.687540,0.034749,0.118419,0.093214,0.148032,-0.162315,-0.127044,0.026865,0.002485,-0.144473,0.151572,-0.207907,-0.007323,0.006150,0.077379,0.161681,0.014812,0.242053,-0.616819,0.919247,-0.135822,0.099827,0.250990,-0.123683,-0.147148,0.219955,1.150439,0.287850,0.030082,-0.248850
-0.020591,0.024587,0.784389,-0.009511,-0.001925,-0.725580,0.688069,0.032401,0.119732,0.091135,0.156656,-0.166414,-0.127416,0.028954,0.003449,-0.145586,0.152556,-0.210293,-0.008187,0.005776,0.077473,0.164289,0.014943,0.242726,-0.615241,0.919024,-0.136417,0.099517,0.250485,-0.124037,-0.146904,0.222200,1.151294,0.287993,0.031005,-0.249052
-0.021254,0.024536,0.784218,-0.010277,-0.002413,-0.724999,0.688668,0.029559,0.121221,0.088763,0.166387,-0.171042,-0.127703,0.031375,0.004586,-0.146903,0.153087,-0.212531,-0.008998,0.005589,0.077801,0.166954,0.014841,0.243215,-0.613751,0.918982,-0.137240,0.099164,0.250093,-0.124228,-0.146824,0.224203,1.152080,0.288175,0.031897,-0.249181
-0.021863,0.024430,0.784080,-0.011051,-0.002767,-0.724334,0.689355,0.025715,0.122957,0.086002,0.177666,-0.176435,-0.127933,0.033560,0.005923,-0.148524,0.153774,-0.214827,-0.009844,0.005005,0.078389,0.169518,0.015088,0.243839,-0.611723,0.918483,-0.138060,0.098802,0.249850,-0.124614,-0.146854,0.226400,1.153047,0.288686,0.032322,-0.249057
-0.022506,0.024343,0.783883,-0.011797,-0.002984,-0.723596,0.690117,0.020969,0.124887,0.082909,0.190198,-0.182478,-0.128073,0.035528,0.007413,-0.150409,0.154458,-0.217010,-0.010720,0.004692,0.079234,0.171796,0.015002,0.244268,-0.610008,0.918245,-0.139108,0.098377,0.249918,-0.124799,-0.146994,0.227891,1.153972,0.289429,0.031975,-0.248511
-0.023123,0.024218,0.783661,-0.012561,-0.003105,-0.722788,0.690949,0.015478,0.126992,0.079498,0.203940,-0.189142,-0.128119,0.037472,0.009053,-0.152523,0.155020,-0.219095,-0.011590,0.004192,0.080298,0.174014,0.015081,0.244714,-0.607975,0.917743,-0.140269,0.097919,0.250151,-0.125016,-0.147308,0.229416,1.154932,0.290508,0.031159,-0.247700
-0.023748,0.024130,0.783389,-0.013394,-0.003101,-0.721883,0.691879,0.009010,0.129395,0.075622,0.219386,-0.196547,-0.128136,0.039461,0.011003,-0.154973,0.155418,-0.221199,-0.012490,0.003706,0.081742,0.176203,0.015065,0.245091,-0.605872,0.917238,-0.141472,0.097456,0.250483,-0.125229,-0.147787,0.230707,1.155957,0.291535,0.030335,-0.246786
-0.024389,0.024042,0.783074,-0.014366,-0.002924,-0.720854,0.692932,0.001320,0.132216,0.071131,0.237040,-0.204814,-0.128187,0.041536,0.013420,-0.157862,0.155651,-0.223452,-0.013456,0.003250,0.083688,0.178407,0.014830,0.245348,-0.603710,0.916907,-0.142575,0.097026,0.250842,-0.125560,-0.148384,0.231736,1.157226,0.292193,0.029953,-0.245966
-0.025026,0.023969,0.782703,-0.015405,-0.002526,-0.719702,0.694108,-0.007842,0.135472,0.066064,0.256992,-0.214120,-0.128271,0.043487,0.016295,-0.161210,0.155754,-0.225971,-0.014507,0.002755,0.086130,0.180480,0.014407,0.245502,-0.601423,0.916738,-0.143704,0.096682,0.251177,-0.126044,-0.149066,0.232422,1.158767,0.292210,0.030310,-0.245337
-0.025629,0.023917,0.782278,-0.016495,-0.001953,-0.718437,0.695394,-0.018269,0.139082,0.060461,0.278950,-0.224326,-0.128338,0.045397,0.019554,-0.164950,0.155656,-0.228626,-0.015614,0.002086,0.089047,0.182509,0.013982,0.245591,-0.598819,0.916489,-0.144817,0.096397,0.251502,-0.126650,-0.150012,0.233003,1.160436,0.291894,0.031130,-0.244752
-0.026241,0.023808,0.781784,-0.017806,-0.001290,-0.717052,0.696791,-0.029541,0.143033,0.054163,0.302813,-0.235104,-0.128385,0.047650,0.023259,-0.169056,0.155401,-0.231297,-0.016754,0.001288,0.092592,0.184878,0.013597,0.245595,-0.595911,0.915985,-0.145591,0.096075,0.251845,-0.127215,-0.151510,0.233798,1.161961,0.291795,0.032010,-0.244012
-0.026873,0.023728,0.781164,-0.019486,-0.000638,-0.715536,0.698303,-0.041307,0.147306,0.047003,0.328651,-0.246132,-0.128415,0.050617,0.027482,-0.173502,0.155037,-0.233857,-0.017905,0.000517,0.096685,0.187829,0.013121,0.245517,-0.592872,0.915401,-0.145746,0.095620,0.252303,-0.127838,-0.153275,0.234878,1.163611,0.292239,0.032453,-0.243072
-0.027485,0.023657,0.780463,-0.021583,0.000141,-0.713897,0.699918,-0.053595,0.152187,0.038939,0.356286,-0.257867,-0.128506,0.054032,0.032527,-0.178271,0.154751,-0.236277,-0.019317,-0.000355,0.101565,0.191226,0.012769,0.245408,-0.589451,0.914560,-0.144889,0.094987,0.252766,-0.128515,-0.155370,0.236609,1.165351,0.293607,0.032256,-0.241775
-0.028060,0.023512,0.779717,-0.024009,0.001041,-0.712132,0.701635,-0.066572,0.157556,0.030031,0.385729,-0.270265,-0.128623,0.057780,0.038278,-0.183364,0.154481,-0.238630,-0.020922,-0.001359,0.107151,0.195002,0.012535,0.245286,-0.585666,0.913432,-0.143279,0.094237,0.253233,-0.129214,-0.157821,0.238802,1.167116,0.295597,0.031700,-0.240210
-0.028589,0.023354,0.778876,-0.026725,0.001772,-0.710220,0.703470,-0.079900,0.162777,0.020320,0.416969,-0.282185,-0.128621,0.062599,0.044211,-0.188786,0.153614,-0.240801,-0.022206,-0.002510,0.112993,0.199613,0.012258,0.245163,-0.581682,0.912028,-0.141523,0.093444,0.253881,-0.130083,-0.160629,0.241208,1.168977,0.297769,0.031062,-0.238623
-0.029142,0.023166,0.777995,-0.029701,0.002051,-0.708142,0.705443,-0.093242,0.167208,0.009869,0.450031,-0.292491,-0.128361,0.069252,0.049814,-0.194540,0.151515,-0.242680,-0.022657,-0.003815,0.118655,0.205512,0.011791,0.245044,-0.577664,0.910356,-0.140212,0.092679,0.254883,-0.131216,-0.163748,0.243529,1.170965,0.299645,0.030616,-0.237257
-0.029618,0.022833,0.777147,-0.033037,0.001788,-0.705841,0.707598,-0.106422,0.170771,-0.001461,0.485231,-0.301040,-0.128060,0.078111,0.055087,-0.200709,0.148057,-0.244305,-0.022162,-0.005451,0.124128,0.213059,0.011073,0.244928,-0.573461,0.908288,-0.139490,0.091964,0.256450,-0.132724,-0.167183,0.245531,1.173008,0.301023,0.030388,-0.236207
-0.030051,0.022705,0.776364,-0.036697,0.001131,-0.703341,0.709904,-0.119534,0.173718,-0.013586,0.522243,-0.308316,-0.127725,0.088724,0.060288,-0.207234,0.143487,-0.245671,-0.020990,-0.007354,0.129568,0.221924,0.010192,0.244820,-0.569062,0.905868,-0.139043,0.091260,0.258436,-0.134523,-0.170946,0.247405,1.175119,0.302168,0.030246,-0.235330
-0.030525,0.022487,0.775588,-0.040470,0.000180,-0.700744,0.712264,-0.132816,0.175905,-0.026129,0.560562,-0.314220,-0.126920,0.100712,0.065303,-0.213957,0.137588,-0.246513,-0.019179,-0.009167,0.134816,0.231514,0.009205,0.244731,-0.564864,0.903372,-0.138803,0.090548,0.260477,-0.136457,-0.174970,0.249528,1.177482,0.303328,0.030224,-0.234534
-0.030980,0.022224,0.774754,-0.044133,-0.000979,-0.698156,0.714584,-0.146257,0.177188,-0.038650,0.599182,-0.318463,-0.125229,0.113611,0.070000,-0.220688,0.130316,-0.246674,-0.016807,-0.010518,0.139702,0.241218,0.008157,0.244683,-0.561269,0.901109,-0.138708,0.089803,0.262211,-0.138401,-0.179156,0.252249,1.180326,0.304722,0.030355,-0.233740
-0.031438,0.021849,0.774025,-0.047819,-0.002443,-0.695500,0.716929,-0.159970,0.177401,-0.051580,0.639243,-0.320559,-0.122534,0.124609,0.073655,-0.228014,0.128680,-0.249951,-0.013568,-0.011531,0.144307,0.251376,0.006919,0.244728,-0.558469,0.899107,-0.138807,0.088889,0.263648,-0.140384,-0.183444,0.255515,1.183822,0.306564,0.030703,-0.233158
-0.031834,0.021356,0.773346,-0.051575,-0.004211,-0.692759,0.719310,-0.173785,0.176563,-0.064832,0.680624,-0.320681,-0.119151,0.135865,0.076761,-0.235761,0.128156,-0.253988,-0.009540,-0.012325,0.148617,0.262117,0.005548,0.244889,-0.556209,0.897193,-0.139108,0.087863,0.264947,-0.142513,-0.187846,0.259177,1.187882,0.308657,0.031221,-0.232769
-0.032250,0.020812,0.772677,-0.055041,-0.006079,-0.690124,0.721570,-0.187500,0.174877,-0.077272,0.720908,-0.319765,-0.115294,0.146892,0.079242,-0.243163,0.127621,-0.257914,-0.005258,-0.012524,0.152424,0.272532,0.004355,0.245113,-0.554249,0.895352,-0.139513,0.087001,0.265972,-0.144714,-0.192312,0.263479,1.192269,0.310666,0.031781,-0.232144
-0.032593,0.020156,0.772136,-0.057858,-0.007844,-0.687786,0.723561,-0.200965,0.172629,-0.087855,0.757765,-0.318802,-0.111116,0.156685,0.080916,-0.249512,0.127131,-0.261478,-0.001258,-0.011765,0.155540,0.281698,0.003602,0.245305,-0.552319,0.893673,-0.139903,0.086573,0.266593,-0.147019,-0.196805,0.268716,1.196873,0.312267,0.032238,-0.230872
-0.032836,0.019354,0.771692,-0.060061,-0.009517,-0.685766,0.725277,-0.214248,0.169824,-0.096569,0.791733,-0.317772,-0.106111,0.165292,0.081747,-0.254697,0.126688,-0.264621,0.002501,-0.009967,0.158001,0.289601,0.003247,0.245385,-0.550453,0.892284,-0.140258,0.086760,0.266698,-0.149498,-0.201352,0.275080,1.201964,0.313311,0.032355,-0.228597
-0.033021,0.018498,0.771356,-0.061805,-0.011186,-0.683975,0.726796,-0.227422,0.166413,-0.103904,0.823763,-0.316262,-0.100383,0.173179,0.081848,-0.259099,0.126237,-0.267460,0.006230,-0.007325,0.159954,0.296646,0.003110,0.245334,-0.548751,0.891228,-0.140634,0.087373,0.266392,-0.152167,-0.205966,0.282414,1.207553,0.314013,0.032271,-0.225630
-0.033164,0.017511,0.771133,-0.062988,-0.012721,-0.682442,0.728110,-0.240422,0.162680,-0.109651,0.852252,-0.314765,-0.094927,0.180010,0.081240,-0.262750,0.125794,-0.270076,0.009654,-0.003879,0.161384,0.302569,0.003331,0.245130,-0.546992,0.890394,-0.140955,0.088129,0.265865,-0.154859,-0.210522,0.290399,1.213035,0.314518,0.032423,-0.222545
-0.033259,0.016448,0.771051,-0.063493,-0.014008,-0.681198,0.729206,-0.253201,0.158931,-0.113641,0.875624,-0.313808,-0.090705,0.185412,0.079924,-0.265678,0.125394,-0.272532,0.012512,0.000313,0.162231,0.307097,0.004034,0.244773,-0.544957,0.889712,-0.141163,0.088745,0.265321,-0.157516,-0.214857,0.298791,1.217950,0.315015,0.033231,-0.219946
-0.033279,0.015315,0.771092,-0.063230,-0.014985,-0.680317,0.730032,-0.265792,0.155186,-0.115849,0.893412,-0.313932,-0.087980,0.189145,0.077845,-0.267664,0.125024,-0.274759,0.014682,0.005527,0.162370,0.309941,0.005249,0.244252,-0.542640,0.889238,-0.141217,0.089200,0.264757,-0.160182,-0.218882,0.308263,1.222564,0.315648,0.034966,-0.218222
-0.033265,0.014079,0.771219,-0.062276,-0.015739,-0.679763,0.730614,-0.278256,0.151385,-0.116423,0.906570,-0.314783,-0.086185,0.191470,0.075017,-0.268772,0.124651,-0.276766,0.016331,0.011665,0.161823,0.311320,0.006924,0.243569,-0.540101,0.889026,-0.141152,0.089627,0.264094,-0.162963,-0.222598,0.318725,1.227127,0.316253,0.037329,-0.217010
-0.033209,0.012589,0.771489,-0.060823,-0.016313,-0.679393,0.731067,-0.290575,0.147730,-0.115465,0.915565,-0.315525,-0.085018,0.192793,0.071573,-0.269453,0.124311,-0.278663,0.017630,0.018150,0.160757,0.311716,0.009059,0.242753,-0.537252,0.888965,-0.141014,0.089970,0.263402,-0.165830,-0.225955,0.328765,1.231151,0.316586,0.039857,-0.215765
-0.033012,0.011008,0.771849,-0.059042,-0.016769,-0.679069,0.731504,-0.302735,0.144394,-0.113045,0.920848,-0.315315,-0.084176,0.193525,0.067609,-0.270157,0.124028,-0.280635,0.018748,0.024449,0.159300,0.311582,0.011638,0.241854,-0.534055,0.888961,-0.140880,0.090179,0.262758,-0.168675,-0.228897,0.336870,1.234019,0.316313,0.042163,-0.213968
-0.032738,0.009504,0.772243,-0.056856,-0.017129,-0.678799,0.731920,-0.314732,0.141373,-0.108831,0.922133,-0.314027,-0.083701,0.193609,0.062974,-0.270896,0.123758,-0.282726,0.019707,0.030621,0.157387,0.310840,0.014707,0.240905,-0.530595,0.888949,-0.140937,0.090175,0.262066,-0.171386,-0.231353,0.342399,1.235611,0.315125,0.044293,-0.211317
-0.032441,0.007825,0.772687,-0.054217,-0.017356,-0.678641,0.732261,-0.326546,0.138615,-0.102893,0.919279,-0.312064,-0.083708,0.192872,0.057669,-0.271454,0.123542,-0.284876,0.020422,0.036936,0.154929,0.309312,0.018264,0.239914,-0.526936,0.888980,-0.141119,0.090013,0.261329,-0.174044,-0.233338,0.346170,1.236279,0.313240,0.046402,-0.208154
-0.032056,0.006017,0.773146,-0.051282,-0.017486,-0.678533,0.732569,-0.338148,0.136134,-0.095848,0.913025,-0.309425,-0.084004,0.191608,0.051959,-0.271916,0.123388,-0.287010,0.020904,0.043170,0.151993,0.307321,0.022235,0.238899,-0.522974,0.889081,-0.141108,0.089838,0.260769,-0.176799,-0.234905,0.348892,1.236172,0.311157,0.048192,-0.204884
-0.031642,0.004214,0.773612,-0.048290,-0.017477,-0.678397,0.732898,-0.349425,0.134130,-0.088481,0.903916,-0.306002,-0.084420,0.190018,0.046311,-0.272435,0.123475,-0.289126,0.021146,0.049046,0.148888,0.305187,0.026544,0.237883,-0.518604,0.889263,-0.140597,0.089794,0.260600,-0.179803,-0.236139,0.351292,1.235410,0.309412,0.049376,-0.201914
-0.031105,0.002415,0.774094,-0.045147,-0.017272,-0.678253,0.733237,-0.360517,0.132727,-0.080265,0.891686,-0.301864,-0.084977,0.187926,0.040628,-0.272961,0.123681,-0.291097,0.021076,0.054591,0.145466,0.302759,0.031306,0.236867,-0.513548,0.889430,-0.139168,0.089937,0.260938,-0.182957,-0.237064,0.353251,1.233680,0.308261,0.049748,-0.199301
-0.030719,0.000286,0.774614,-0.041762,-0.016918,-0.678128,0.733561,-0.371329,0.131787,-0.070999,0.876020,-0.296957,-0.085770,0.185313,0.034755,-0.273432,0.123893,-0.292915,0.020720,0.059896,0.141662,0.299952,0.036563,0.235842,-0.507924,0.889545,-0.137097,0.090188,0.261635,-0.186185,-0.237657,0.354524,1.230944,0.307428,0.049536,-0.196843
-0.030300,-0.001814,0.775062,-0.038383,-0.016505,-0.677973,0.733899,-0.381513,0.130964,-0.061863,0.857545,-0.291082,-0.086701,0.182746,0.028948,-0.273936,0.124097,-0.294686,0.020230,0.065224,0.137687,0.297117,0.042039,0.235149,-0.502726,0.889610,-0.135311,0.090518,0.262568,-0.189557,-0.237908,0.355104,1.227784,0.306397,0.049014,-0.194550
-0.029767,-0.003999,0.775431,-0.035257,-0.016130,-0.677740,0.734279,-0.390755,0.129934,-0.054066,0.836932,-0.284049,-0.087652,0.180803,0.023475,-0.274575,0.124290,-0.296529,0.019753,0.069376,0.133902,0.294761,0.047929,0.234210,-0.497019,0.889805,-0.133986,0.090829,0.263444,-0.193973,-0.238123,0.356862,1.225158,0.305202,0.048593,-0.192441
-0.029217,-0.006279,0.775717,-0.032388,-0.015804,-0.677423,0.734711,-0.399059,0.128582,-0.047906,0.813949,-0.275518,-0.088564,0.179476,0.018325,-0.275329,0.124486,-0.298347,0.019175,0.073103,0.130334,0.292789,0.053859,0.233298,-0.491803,0.890191,-0.133742,0.091133,0.264559,-0.198961,-0.238269,0.358919,1.222716,0.303358,0.048295,-0.190347
-0.028665,-0.008683,0.775964,-0.029660,-0.015490,-0.677047,0.735179,-0.406523,0.127083,-0.042760,0.788305,-0.265656,-0.089509,0.178546,0.013392,-0.276168,0.124675,-0.300134,0.018464,0.076438,0.126852,0.291075,0.060022,0.232510,-0.486803,0.890546,-0.134160,0.091463,0.265893,-0.204354,-0.238350,0.361048,1.220083,0.301114,0.047968,-0.188295
-0.027970,-0.011159,0.776172,-0.027144,-0.015200,-0.676613,0.735681,-0.413034,0.125536,-0.038452,0.760633,-0.255083,-0.090537,0.178173,0.008746,-0.277173,0.124852,-0.302081,0.017902,0.079435,0.123548,0.289694,0.066249,0.231864,-0.482305,0.891123,-0.135006,0.091807,0.267040,-0.210073,-0.238384,0.363236,1.217470,0.298821,0.047641,-0.186605
-0.027318,-0.013679,0.776267,-0.024903,-0.014960,-0.676123,0.736216,-0.418461,0.124061,-0.034819,0.731516,-0.244391,-0.091700,0.178543,0.004463,-0.278431,0.125016,-0.304415,0.017775,0.082212,0.120530,0.288707,0.072304,0.231361,-0.478678,0.892243,-0.136066,0.092141,0.267606,-0.215990,-0.238395,0.365381,1.215072,0.296805,0.047346,-0.185599
-0.026676,-0.016343,0.776232,-0.022970,-0.014769,-0.675564,0.736796,-0.422823,0.122592,-0.032211,0.700845,-0.233433,-0.092647,0.179694,0.000575,-0.280033,0.125177,-0.307226,0.018156,0.084707,0.117851,0.288190,0.078106,0.230995,-0.475999,0.894032,-0.137407,0.092471,0.267347,-0.222178,-0.238397,0.367449,1.212878,0.295104,0.047138,-0.185629
-0.025947,-0.019117,0.776102,-0.021301,-0.014623,-0.674942,0.737418,-0.426138,0.121146,-0.030614,0.668317,-0.221958,-0.093455,0.181541,-0.002944,-0.281916,0.125326,-0.310382,0.018892,0.086759,0.115473,0.288097,0.083840,0.230712,-0.473903,0.896306,-0.139043,0.092799,0.266505,-0.228760,-0.238373,0.369669,1.210868,0.293611,0.046994,-0.186441
-0.025232,-0.022125,0.775915,-0.019900,-0.014489,-0.674287,0.738059,-0.428250,0.120000,-0.029357,0.634190,-0.210396,-0.094815,0.184045,-0.006036,-0.283939,0.125459,-0.313779,0.019936,0.088813,0.113451,0.288251,0.089347,0.230559,-0.472697,0.899102,-0.140862,0.093114,0.265486,-0.235369,-0.238370,0.371726,1.208996,0.292268,0.046815,-0.187413
-0.024457,-0.025085,0.775619,-0.018773,-0.014335,-0.673626,0.738695,-0.429009,0.119446,-0.027780,0.598692,-0.199152,-0.097421,0.187162,-0.008635,-0.285959,0.125539,-0.317271,0.021238,0.090828,0.111823,0.288522,0.094774,0.230459,-0.472074,0.902301,-0.142566,0.093398,0.264631,-0.241982,-0.238402,0.373929,1.207458,0.291177,0.046507,-0.187944
-0.023639,-0.028185,0.775197,-0.018014,-0.014149,-0.672976,0.739310,-0.428071,0.119655,-0.025971,0.561190,-0.188190,-0.101776,0.190963,-0.010594,-0.287892,0.125623,-0.320829,0.022867,0.092578,0.110730,0.289025,0.100166,0.230366,-0.472018,0.906057,-0.144066,0.093494,0.264072,-0.248838,-0.238454,0.376548,1.206497,0.290551,0.045932,-0.187912
-0.022772,-0.031470,0.774711,-0.017590,-0.013961,-0.672330,0.739911,-0.425532,0.120527,-0.024210,0.521612,-0.177249,-0.107378,0.195466,-0.011956,-0.289799,0.125681,-0.324510,0.024820,0.094280,0.110162,0.289760,0.105326,0.230289,-0.472776,0.910502,-0.145541,0.093457,0.263633,-0.255811,-0.238538,0.379210,1.205936,0.290202,0.045178,-0.187618
-0.021839,-0.034848,0.774142,-0.017385,-0.013726,-0.671690,0.740501,-0.421830,0.121957,-0.022113,0.480902,-0.166344,-0.113440,0.200463,-0.012947,-0.291745,0.125710,-0.328377,0.026942,0.096125,0.109914,0.290491,0.110421,0.230217,-0.473917,0.915175,-0.146956,0.093589,0.263128,-0.262639,-0.238675,0.381931,1.205495,0.289921,0.044486,-0.187123
-0.020902,-0.038449,0.773483,-0.017260,-0.013428,-0.671054,0.741086,-0.417513,0.123797,-0.019302,0.440204,-0.155584,-0.119194,0.205699,-0.013803,-0.293815,0.125859,-0.332598,0.029071,0.097772,0.109821,0.291004,0.116059,0.230048,-0.474582,0.919290,-0.148260,0.094189,0.262364,-0.269328,-0.238920,0.385551,1.205048,0.289868,0.044106,-0.186530
-0.019768,-0.042175,0.772701,-0.017273,-0.013057,-0.670424,0.741663,-0.412539,0.125991,-0.016408,0.399303,-0.145021,-0.124657,0.211270,-0.014442,-0.296068,0.126072,-0.337165,0.031055,0.099168,0.109936,0.291384,0.122217,0.229666,-0.474571,0.922928,-0.149267,0.095609,0.261150,-0.275936,-0.239347,0.390486,1.204522,0.290084,0.044203,-0.185772
-0.018626,-0.046026,0.771897,-0.017494,-0.012621,-0.669820,0.742210,-0.406547,0.128729,-0.013344,0.357532,-0.134522,-0.130175,0.217266,-0.014712,-0.298387,0.126337,-0.342024,0.033000,0.100262,0.110480,0.291729,0.128685,0.228868,-0.474053,0.926500,-0.149949,0.097577,0.259634,-0.282520,-0.240056,0.396640,1.203982,0.290660,0.044641,-0.184816
-0.017404,-0.050020,0.770974,-0.017828,-0.012093,-0.669269,0.742708,-0.399726,0.132128,-0.008633,0.315672,-0.123921,-0.135505,0.223567,-0.014699,-0.300583,0.126517,-0.347095,0.035133,0.101627,0.111345,0.291792,0.135187,0.227839,-0.473504,0.930029,-0.150613,0.099486,0.258121,-0.288696,-0.240842,0.402614,1.203399,0.291143,0.045163,-0.183783
-0.016080,-0.054128,0.769987,-0.018152,-0.011464,-0.668794,0.743138,-0.392300,0.136183,-0.000770,0.274556,-0.113097,-0.140434,0.229956,-0.014568,-0.302483,0.126559,-0.352288,0.037692,0.103273,0.112350,0.291409,0.141873,0.226696,-0.472744,0.933201,-0.151402,0.100728,0.256845,-0.294403,-0.241592,0.407796,1.202848,0.291374,0.045529,-0.182800
-0.014697,-0.058437,0.768868,-0.018505,-0.010706,-0.668396,0.743498,-0.384063,0.140958,0.010560,0.233622,-0.101530,-0.145019,0.236470,-0.014234,-0.304045,0.126441,-0.357623,0.040774,0.105156,0.113611,0.290554,0.148857,0.225406,-0.471719,0.935974,-0.152279,0.101004,0.255787,-0.299662,-0.242289,0.411954,1.202452,0.291219,0.045643,-0.181887
-0.013214,-0.062843,0.767706,-0.018940,-0.009823,-0.668078,0.743785,-0.374777,0.146293,0.024691,0.192292,-0.089216,-0.149409,0.243190,-0.013639,-0.305323,0.126177,-0.363116,0.044243,0.107335,0.115127,0.289305,0.156159,0.224103,-0.470552,0.938326,-0.153237,0.100698,0.254839,-0.304563,-0.242894,0.415424,1.202227,0.290802,0.045625,-0.180995
-0.011661,-0.067502,0.766465,-0.019323,-0.008855,-0.667833,0.744008,-0.364361,0.151669,0.041680,0.150725,-0.076450,-0.153537,0.249925,-0.013062,-0.306371,0.125853,-0.368723,0.048008,0.109429,0.116769,0.287616,0.163461,0.222195,-0.468795,0.940703,-0.154142,0.100154,0.254115,-0.309209,-0.243642,0.419064,1.202022,0.290499,0.045631,-0.180129
-0.010056,-0.072238,0.765195,-0.019513,-0.007831,-0.667630,0.744196,-0.358882,0.156776,0.060596,0.121909,-0.070294,-0.157280,0.256507,-0.012819,-0.307307,0.125478,-0.374373,0.051986,0.111920,0.117930,0.285465,0.170838,0.220632,-0.466994,0.942406,-0.155385,0.099855,0.253694,-0.313366,-0.244232,0.422331,1.201549,0.290155,0.045731,-0.179304
-0.008459,-0.077161,0.763873,-0.019476,-0.006776,-0.667429,0.744388,-0.365214,0.162441,0.082415,0.120386,-0.079150,-0.161022,0.262960,-0.012996,-0.308247,0.125074,-0.380132,0.056248,0.114203,0.118666,0.282853,0.178298,0.218811,-0.464570,0.943677,-0.156838,0.099868,0.253656,-0.317192,-0.244871,0.426170,1.200739,0.290239,0.046004,-0.178488
-0.006775,-0.082215,0.762508,-0.019267,-0.005662,-0.667199,0.744609,-0.370672,0.168263,0.108271,0.119283,-0.088398,-0.164798,0.269208,-0.013516,-0.309265,0.124902,-0.386164,0.060822,0.116374,0.119073,0.279778,0.185800,0.216834,-0.461759,0.944574,-0.158496,0.099981,0.253939,-0.320640,-0.245510,0.430103,1.199685,0.290520,0.046369,-0.177690
-0.004958,-0.087336,0.761141,-0.018745,-0.004511,-0.666970,0.744835,-0.375388,0.173480,0.133914,0.118543,-0.096756,-0.167714,0.275098,-0.014617,-0.310325,0.124807,-0.392257,0.065602,0.118357,0.119024,0.276185,0.193036,0.214351,-0.458410,0.945571,-0.160041,0.100052,0.254404,-0.323851,-0.246217,0.434065,1.198582,0.290763,0.046804,-0.176992
-0.003124,-0.092502,0.759767,-0.017801,-0.003333,-0.666752,0.745059,-0.379538,0.177260,0.155025,0.118091,-0.102958,-0.168800,0.280460,-0.016512,-0.311445,0.124709,-0.398235,0.070483,0.120624,0.118148,0.272098,0.200065,0.212119,-0.455003,0.946222,-0.161519,0.100043,0.254860,-0.326596,-0.246766,0.436994,1.197339,0.290352,0.047246,-0.176459
-0.001209,-0.097861,0.758470,-0.016388,-0.002072,-0.666559,0.745269,-0.383316,0.179468,0.170956,0.117905,-0.107230,-0.166788,0.285082,-0.019192,-0.312606,0.124711,-0.404221,0.075362,0.122851,0.116518,0.267329,0.206933,0.209563,-0.450882,0.946819,-0.162734,0.099839,0.255377,-0.329052,-0.247250,0.439403,1.196108,0.289164,0.047759,-0.176103
0.000788,-0.103269,0.757213,-0.014553,-0.000738,-0.666358,0.745489,-0.386609,0.180303,0.183833,0.117926,-0.110059,-0.162430,0.289131,-0.022593,-0.313895,0.124724,-0.410196,0.080343,0.125126,0.114114,0.261924,0.213680,0.206926,-0.446334,0.947192,-0.163879,0.099528,0.256008,-0.331157,-0.247610,0.441234,1.194834,0.287411,0.048328,-0.175895
0.002776,-0.108841,0.755904,-0.012325,0.000544,-0.666104,0.745757,-0.389200,0.179422,0.193504,0.118121,-0.110624,-0.157741,0.292855,-0.026873,-0.315444,0.124772,-0.416000,0.085623,0.127208,0.110885,0.256234,0.219990,0.204261,-0.441758,0.947552,-0.164836,0.099218,0.256573,-0.333062,-0.247855,0.442498,1.193628,0.285544,0.048845,-0.175861
0.004718,-0.114487,0.754639,-0.009731,0.001650,-0.665755,0.746105,-0.390837,0.176500,0.199828,0.118386,-0.108035,-0.154735,0.296508,-0.032215,-0.317378,0.124806,-0.421402,0.091392,0.128943,0.106776,0.250607,0.225495,0.201676,-0.437632,0.948142,-0.165515,0.099014,0.256892,-0.334832,-0.247999,0.443072,1.192512,0.283967,0.049211,-0.176021
0.006834,-0.120403,0.753382,-0.006738,0.002623,-0.665331,0.746513,-0.391059,0.171460,0.201767,0.118788,-0.102175,-0.154780,0.299963,-0.038606,-0.319883,0.124801,-0.426608,0.097615,0.130444,0.101731,0.245008,0.230397,0.199417,-0.433946,0.948564,-0.165590,0.099059,0.256669,-0.336410,-0.248053,0.442515,1.191336,0.282798,0.049374,-0.176383
0.009010,-0.126357,0.752175,-0.003316,0.003490,-0.664827,0.746982,-0.390127,0.164447,0.199686,0.119351,-0.093452,-0.156449,0.303148,-0.046030,-0.322910,0.124788,-0.431656,0.104230,0.131656,0.095763,0.239291,0.234724,0.197260,-0.430437,0.948962,-0.165173,0.099248,0.256078,-0.337764,-0.248020,0.441047,1.190120,0.281816,0.049401,-0.176933
0.011355,-0.131848,0.751276,0.000489,0.004106,-0.664159,0.747580,-0.388895,0.155496,0.195533,0.119989,-0.081802,-0.157598,0.306446,-0.054620,-0.326232,0.124768,-0.436055,0.111370,0.132340,0.088840,0.233666,0.238108,0.195067,-0.427417,0.949888,-0.164978,0.099361,0.255665,-0.338996,-0.247922,0.439455,1.189112,0.280965,0.049354,-0.177664
0.013745,-0.137639,0.750366,0.004610,0.004332,-0.663261,0.748361,-0.388239,0.144626,0.191303,0.120656,-0.067195,-0.156133,0.310251,-0.064468,-0.329573,0.124732,-0.439306,0.119158,0.132440,0.080830,0.228472,0.240621,0.193349,-0.425313,0.951105,-0.165849,0.099253,0.255873,-0.339972,-0.247840,0.438357,1.188171,0.280221,0.049307,-0.178530
0.016147,-0.143750,0.749464,0.009312,0.004182,-0.662146,0.749305,-0.388839,0.131387,0.187837,0.121276,-0.048454,-0.151220,0.314140,-0.076101,-0.332714,0.124730,-0.441866,0.127682,0.132040,0.071083,0.223559,0.242790,0.192672,-0.424067,0.951592,-0.168522,0.098757,0.257094,-0.340620,-0.247839,0.437824,1.186950,0.279584,0.049318,-0.179500
0.018681,-0.149840,0.748797,0.014508,0.003710,-0.660850,0.750369,-0.391392,0.116260,0.183870,0.124827,-0.027483,-0.144124,0.318117,-0.089268,-0.335828,0.124792,-0.443833,0.136847,0.131096,0.059993,0.218822,0.244154,0.192321,-0.423389,0.952234,-0.172270,0.097933,0.258995,-0.341142,-0.247859,0.437686,1.185791,0.279133,0.049332,-0.180588
0.021401,-0.155951,0.748199,0.019493,0.002824,-0.659313,0.751610,-0.408539,0.102807,0.176945,0.161183,-0.022369,-0.136030,0.322905,-0.102868,-0.339233,0.126054,-0.444855,0.146450,0.129296,0.048874,0.215053,0.244460,0.192047,-0.423334,0.953755,-0.175913,0.097198,0.260829,-0.341448,-0.247889,0.437880,1.184827,0.278687,0.049299,-0.181799
0.024247,-0.162219,0.747685,0.023643,0.001460,-0.657558,0.753032,-0.422156,0.088825,0.168356,0.194153,-0.016347,-0.128066,0.329968,-0.115595,-0.343151,0.127538,-0.443422,0.156273,0.126938,0.038963,0.212752,0.243460,0.191869,-0.424728,0.956797,-0.178772,0.096969,0.261932,-0.341239,-0.247932,0.438169,1.184236,0.278198,0.049137,-0.183201
0.027230,-0.168577,0.747197,0.026699,-0.000685,-0.655467,0.754751,-0.432822,0.073769,0.155940,0.226102,-0.009181,-0.120207,0.340433,-0.127456,-0.348099,0.129120,-0.439670,0.166545,0.124501,0.030444,0.212535,0.240144,0.191969,-0.428927,0.962406,-0.180991,0.097436,0.262155,-0.340118,-0.248045,0.437631,1.184040,0.277464,0.048787,-0.185118
0.030146,-0.175112,0.746801,0.028998,-0.003497,-0.653122,0.756689,-0.441545,0.057421,0.140835,0.257885,-0.000716,-0.112163,0.353573,-0.138921,-0.353746,0.130735,-0.433996,0.177236,0.122216,0.022644,0.214156,0.235129,0.192670,-0.435417,0.969376,-0.182874,0.098440,0.261827,-0.338016,-0.248354,0.436085,1.183686,0.276332,0.048354,-0.187330
0.033101,-0.181642,0.746576,0.030752,-0.006345,-0.650780,0.758617,-0.448228,0.041545,0.126507,0.288162,0.005984,-0.104490,0.367574,-0.149402,-0.359076,0.132631,-0.425706,0.187687,0.120586,0.015801,0.216290,0.229377,0.194211,-0.443518,0.976727,-0.184845,0.099653,0.261143,-0.334712,-0.249036,0.434230,1.182842,0.275309,0.047824,-0.189248
0.036091,-0.188313,0.746494,0.032240,-0.008607,-0.648690,0.760321,-0.452983,0.028054,0.116303,0.315869,0.007613,-0.097455,0.380535,-0.158455,-0.363106,0.135009,-0.414122,0.197266,0.119516,0.010161,0.217430,0.223785,0.196159,-0.451952,0.983985,-0.187040,0.100691,0.260377,-0.330591,-0.249965,0.433402,1.181893,0.274944,0.047159,-0.190363
0.039354,-0.195052,0.746559,0.033567,-0.010125,-0.646907,0.761763,-0.456213,0.017883,0.111670,0.341804,0.001386,-0.090945,0.392038,-0.166161,-0.365480,0.137936,-0.399665,0.206148,0.119261,0.005901,0.217020,0.217714,0.198213,-0.461600,0.992479,-0.189995,0.101239,0.259633,-0.325650,-0.251058,0.433908,1.181267,0.275556,0.046103,-0.190635
0.042652,-0.201937,0.746744,0.034715,-0.011243,-0.645328,0.763034,-0.458062,0.010019,0.110519,0.366575,-0.010629,-0.084655,0.391344,-0.177475,-0.364624,0.167008,-0.396022,0.214532,0.119672,0.002648,0.215742,0.210874,0.200327,-0.472614,1.002295,-0.193397,0.101541,0.258787,-0.319905,-0.252330,0.435237,1.180897,0.276823,0.044748,-0.190339
0.045956,-0.208918,0.747041,0.035844,-0.012114,-0.643979,0.764107,-0.458170,0.003300,0.111038,0.388481,-0.024336,-0.078470,0.384783,-0.190351,-0.361664,0.207479,-0.394370,0.221747,0.120452,-0.000239,0.213767,0.204252,0.202377,-0.483121,1.011623,-0.196225,0.102008,0.257896,-0.313627,-0.253708,0.436971,1.180564,0.278134,0.043550,-0.189459
0.049279,-0.216069,0.747590,0.037149,-0.012892,-0.642901,0.764939,-0.456273,-0.003629,0.111617,0.405870,-0.035521,-0.072291,0.374624,-0.204314,-0.357172,0.253644,-0.390654,0.227174,0.121243,-0.003472,0.211218,0.198843,0.204224,-0.491101,1.018719,-0.197419,0.103039,0.257033,-0.307236,-0.255014,0.438825,1.180240,0.278866,0.042953,-0.188003
0.052703,-0.223393,0.748217,0.038956,-0.013424,-0.642247,0.765390,-0.452444,-0.011173,0.112490,0.417205,-0.042483,-0.066543,0.360469,-0.219530,-0.350682,0.304942,-0.384693,0.232180,0.122342,-0.007506,0.207395,0.194918,0.205764,-0.495863,1.023479,-0.196105,0.105075,0.256199,-0.300901,-0.256084,0.441541,1.180390,0.279149,0.043009,-0.185721
0.056256,-0.230739,0.749000,0.041151,-0.013703,-0.641956,0.765513,-0.446922,-0.018822,0.114424,0.423722,-0.047609,-0.061148,0.342949,-0.235615,-0.342251,0.360290,-0.376378,0.236494,0.123643,-0.012020,0.202269,0.191756,0.206749,-0.498313,1.027245,-0.192941,0.107738,0.255418,-0.294808,-0.256670,0.445231,1.181543,0.279196,0.043457,-0.182770
0.059788,-0.238163,0.749904,0.043313,-0.014117,-0.641788,0.765528,-0.439500,-0.026659,0.116787,0.427450,-0.052609,-0.055229,0.322886,-0.252472,-0.332761,0.419893,-0.365214,0.237240,0.124451,-0.016702,0.197173,0.189394,0.207652,-0.499005,1.029324,-0.189328,0.110289,0.254674,-0.288814,-0.257029,0.448495,1.182738,0.278580,0.044335,-0.179656
0.063403,-0.245649,0.750861,0.045053,-0.015069,-0.641524,0.765631,-0.429974,-0.034786,0.119009,0.430402,-0.059212,-0.047895,0.301305,-0.270061,-0.323267,0.483591,-0.350472,0.231751,0.124124,-0.021221,0.193245,0.187340,0.208320,-0.498473,1.029950,-0.186571,0.111918,0.254066,-0.283064,-0.257036,0.449849,1.183611,0.276714,0.045645,-0.176939
0.067048,-0.253199,0.751872,0.046356,-0.016634,-0.641203,0.765789,-0.418049,-0.043309,0.121230,0.432604,-0.068059,-0.038070,0.278405,-0.288709,-0.314373,0.551936,-0.330954,0.219910,0.122617,-0.025668,0.190601,0.186451,0.209123,-0.495972,1.027830,-0.185032,0.112522,0.253391,-0.277441,-0.256695,0.449073,1.184028,0.272958,0.047817,-0.174552
0.070738,-0.260857,0.752975,0.047382,-0.018604,-0.640899,0.765936,-0.403852,-0.052223,0.123518,0.433035,-0.078100,-0.026500,0.254265,-0.308130,-0.306005,0.623741,-0.306657,0.203408,0.120355,-0.030123,0.188672,0.186495,0.209977,-0.491644,1.023457,-0.184036,0.112494,0.252703,-0.271897,-0.255952,0.446670,1.184262,0.267656,0.050688,-0.172254
0.074420,-0.268462,0.754063,0.048030,-0.020963,-0.640452,0.766208,-0.387905,-0.061401,0.125247,0.432361,-0.088663,-0.015021,0.229425,-0.327616,-0.298163,0.696892,-0.278787,0.182101,0.116905,-0.034714,0.187773,0.186851,0.211419,-0.486709,1.017628,-0.183374,0.111931,0.252242,-0.267084,-0.254326,0.442983,1.184515,0.262083,0.053352,-0.170373
0.078129,-0.276085,0.755097,0.048194,-0.023691,-0.639703,0.766744,-0.370608,-0.070669,0.125828,0.431072,-0.098997,-0.005479,0.204181,-0.346772,-0.290803,0.769821,-0.248876,0.155457,0.112314,-0.039085,0.188171,0.185975,0.213139,-0.483140,1.012285,-0.182944,0.110831,0.252417,-0.262723,-0.252344,0.437940,1.184039,0.257527,0.055027,-0.169164
0.081741,-0.283576,0.756027,0.047750,-0.026910,-0.638531,0.767642,-0.351502,-0.080091,0.124940,0.428934,-0.108970,0.001450,0.178199,-0.366561,-0.284296,0.844342,-0.215719,0.121326,0.106237,-0.043216,0.190301,0.184008,0.215304,-0.480932,1.006926,-0.182657,0.109044,0.253361,-0.258797,-0.250071,0.430895,1.182533,0.254343,0.055425,-0.168591
0.085220,-0.290954,0.756900,0.046784,-0.030607,-0.637015,0.768822,-0.330395,-0.089715,0.122857,0.425628,-0.118877,0.006810,0.151509,-0.387816,-0.279261,0.920760,-0.179161,0.079850,0.098890,-0.047254,0.193951,0.181465,0.217973,-0.479445,1.000909,-0.182640,0.106618,0.254857,-0.255123,-0.247528,0.421956,1.180038,0.251883,0.055028,-0.168521
0.088550,-0.298285,0.757624,0.045514,-0.034580,-0.635292,0.770154,-0.308131,-0.099324,0.119934,0.421610,-0.128644,0.011328,0.124705,-0.409982,-0.275655,0.995754,-0.142708,0.033686,0.090866,-0.051376,0.198500,0.177916,0.221189,-0.479226,0.995232,-0.182997,0.103910,0.256654,-0.251596,-0.244792,0.412304,1.176654,0.249818,0.054185,-0.169090
0.091793,-0.305538,0.758214,0.044150,-0.038612,-0.633509,0.771509,-0.285644,-0.108697,0.116554,0.417477,-0.138252,0.015733,0.098176,-0.431960,-0.272967,1.066391,-0.110035,-0.014190,0.082797,-0.055694,0.203333,0.172909,0.224963,-0.480847,0.990917,-0.183820,0.101272,0.258497,-0.248079,-0.241991,0.403160,1.172433,0.247889,0.053243,-0.170426
0.094875,-0.312708,0.758716,0.042713,-0.042876,-0.631609,0.772921,-0.262862,-0.118163,0.112737,0.413479,-0.147759,0.020036,0.071341,-0.455403,-0.272056,1.134629,-0.078439,-0.067842,0.074517,-0.060497,0.208724,0.166221,0.229362,-0.484894,0.988124,-0.185378,0.098380,0.260728,-0.244651,-0.239242,0.394673,1.167113,0.246372,0.052257,-0.172666
0.097906,-0.319798,0.759058,0.041150,-0.047488,-0.629468,0.774481,-0.239457,-0.127911,0.108221,0.409339,-0.157073,0.023943,0.044167,-0.481412,-0.273151,1.201888,-0.047993,-0.128373,0.065684,-0.065832,0.214939,0.158149,0.234373,-0.491015,0.986243,-0.187555,0.095191,0.263308,-0.241149,-0.236567,0.386173,1.160494,0.245265,0.051092,-0.175684
0.100834,-0.326889,0.759429,0.039436,-0.052001,-0.627269,0.776064,-0.215817,-0.137046,0.103100,0.404772,-0.166130,0.027674,0.017661,-0.505711,-0.273405,1.264011,-0.026021,-0.186445,0.056910,-0.071041,0.221262,0.148978,0.239792,-0.498313,0.985256,-0.189860,0.092470,0.265471,-0.237323,-0.233994,0.377861,1.153099,0.244031,0.049718,-0.179217
0.103673,-0.333892,0.759720,0.037494,-0.055855,-0.625259,0.777512,-0.192782,-0.144360,0.097609,0.400092,-0.175132,0.031390,-0.007990,-0.521772,-0.268799,1.317354,-0.019222,-0.230664,0.048837,-0.075200,0.226856,0.138924,0.245299,-0.505794,0.985306,-0.191773,0.090974,0.266469,-0.232939,-0.231558,0.370009,1.145373,0.242093,0.048222,-0.183045
0.106300,-0.340836,0.760098,0.035189,-0.058886,-0.623650,0.778688,-0.170785,-0.149153,0.092139,0.396159,-0.184661,0.035302,-0.033001,-0.524073,-0.255879,1.361438,-0.033820,-0.254005,0.041910,-0.077750,0.231620,0.127534,0.250673,-0.513693,0.987148,-0.193174,0.090990,0.266074,-0.227985,-0.229265,0.362994,1.137298,0.239305,0.046482,-0.187464
0.108845,-0.347835,0.760554,0.032534,-0.061281,-0.622360,0.779650,-0.149698,-0.151857,0.086759,0.393174,-0.194765,0.039227,-0.057983,-0.514760,-0.236764,1.398950,-0.064328,-0.261800,0.035829,-0.078973,0.235873,0.114695,0.255831,-0.522331,0.990761,-0.194281,0.092058,0.264728,-0.222646,-0.227124,0.356649,1.128820,0.235967,0.044492,-0.192485
0.111340,-0.354944,0.761227,0.029704,-0.063021,-0.621216,0.780537,-0.129500,-0.152905,0.081255,0.390299,-0.204867,0.042717,-0.083467,-0.498724,-0.216042,1.430884,-0.099420,-0.261616,0.030131,-0.079091,0.239406,0.101099,0.260664,-0.530814,0.995169,-0.195092,0.093822,0.262715,-0.216900,-0.225120,0.350433,1.120196,0.232212,0.042545,-0.197456
0.113730,-0.361974,0.761937,0.026869,-0.064070,-0.620035,0.781492,-0.110272,-0.152731,0.075374,0.386875,-0.214368,0.045334,-0.110212,-0.480960,-0.197584,1.457859,-0.127659,-0.259911,0.024307,-0.078314,0.241976,0.087445,0.265069,-0.538204,0.999421,-0.195591,0.095914,0.260320,-0.210789,-0.223194,0.343834,1.111817,0.228194,0.040861,-0.201715
0.116077,-0.368955,0.762776,0.024060,-0.064244,-0.618820,0.782532,-0.092464,-0.151096,0.069083,0.383029,-0.223260,0.046800,-0.138862,-0.461824,-0.182065,1.479580,-0.146604,-0.256884,0.018299,-0.076418,0.243290,0.073657,0.268942,-0.544159,1.003812,-0.195562,0.098658,0.257169,-0.204297,-0.221278,0.336646,1.103723,0.223543,0.039376,-0.205233
0.118440,-0.376093,0.763660,0.021208,-0.063647,-0.617647,0.783589,-0.075877,-0.147964,0.062595,0.379007,-0.231804,0.047441,-0.168611,-0.439367,-0.167920,1.495758,-0.162213,-0.249626,0.012306,-0.073379,0.243560,0.059371,0.272268,-0.549143,1.008853,-0.195049,0.102087,0.253278,-0.197490,-0.219351,0.329205,1.095868,0.218303,0.037999,-0.208332
0.120750,-0.383090,0.764534,0.018317,-0.062633,-0.616448,0.784687,-0.059732,-0.143939,0.055979,0.374447,-0.239882,0.047686,-0.198331,-0.415163,-0.155365,1.506712,-0.175362,-0.240468,0.006237,-0.069678,0.243261,0.044901,0.275139,-0.553423,1.013874,-0.194420,0.105413,0.249508,-0.190520,-0.217451,0.321808,1.088481,0.213244,0.036915,-0.210874
0.122908,-0.390218,0.765438,0.015407,-0.061570,-0.615157,0.785846,-0.043246,-0.139626,0.049287,0.368984,-0.247368,0.047967,-0.227026,-0.390710,-0.144400,1.512806,-0.186864,-0.231695,0.000011,-0.065814,0.242881,0.030632,0.277720,-0.557289,1.018070,-0.194071,0.107862,0.246711,-0.183457,-0.215622,0.314714,1.081667,0.209127,0.036316,-0.212698
0.125096,-0.397378,0.766384,0.012428,-0.060443,-0.613776,0.787065,-0.026223,-0.134877,0.042545,0.362385,-0.254206,0.048305,-0.254715,-0.365748,-0.134971,1.513727,-0.196265,-0.223734,-0.006401,-0.061753,0.242422,0.016670,0.280137,-0.560777,1.021498,-0.194435,0.109224,0.244956,-0.176193,-0.213857,0.307903,1.075309,0.206438,0.036554,-0.213434
0.127352,-0.404598,0.767320,0.009403,-0.059120,-0.612330,0.788333,-0.009078,-0.129519,0.035743,0.354954,-0.260506,0.048545,-0.281831,-0.339907,-0.126903,1.509264,-0.203342,-0.215467,-0.012939,-0.057342,0.241726,0.002909,0.282433,-0.563769,1.024317,-0.195228,0.109928,0.243826,-0.168671,-0.212128,0.301233,1.069296,0.204677,0.037421,-0.213257
0.129493,-0.411728,0.768087,0.006457,-0.057772,-0.610774,0.789668,0.008099,-0.124102,0.028855,0.347021,-0.266343,0.048833,-0.308020,-0.314489,-0.119926,1.499944,-0.209276,-0.206892,-0.019563,-0.052933,0.241022,-0.010591,0.284649,-0.566294,1.025881,-0.195743,0.110176,0.243438,-0.161127,-0.210519,0.294791,1.063842,0.203115,0.038262,-0.212842
0.131605,-0.418930,0.768798,0.003702,-0.056573,-0.609070,0.791088,0.025176,-0.119146,0.021834,0.338975,-0.271811,0.049278,-0.332930,-0.290751,-0.113771,1.486338,-0.215248,-0.198026,-0.026233,-0.048854,0.240531,-0.023781,0.286826,-0.568413,1.025533,-0.195300,0.110171,0.243909,-0.153751,-0.209183,0.288670,1.059094,0.201044,0.038429,-0.212853
0.133765,-0.426038,0.769401,0.001120,-0.055562,-0.607172,0.792624,0.042157,-0.114722,0.014509,0.330930,-0.276806,0.050202,-0.356500,-0.268751,-0.108493,1.468314,-0.221795,-0.189207,-0.033116,-0.045093,0.240352,-0.036640,0.289007,-0.570280,1.022995,-0.193740,0.110063,0.245714,-0.146543,-0.208218,0.282912,1.055023,0.198069,0.037545,-0.213331
0.136054,-0.433232,0.769985,-0.001340,-0.054647,-0.605110,0.794263,0.059098,-0.110563,0.006927,0.322673,-0.281315,0.051413,-0.378861,-0.247980,-0.104014,1.445589,-0.228229,-0.180369,-0.040191,-0.041484,0.240362,-0.049203,0.291136,-0.571810,1.018640,-0.191420,0.109716,0.248642,-0.139343,-0.207649,0.277483,1.051456,0.194679,0.036042,-0.213951
0.138099,-0.440286,0.770393,-0.003586,-0.053805,-0.602956,0.795950,0.075949,-0.106682,-0.000640,0.314048,-0.285560,0.052251,-0.399945,-0.228763,-0.099921,1.418466,-0.233917,-0.170949,-0.047033,-0.038117,0.240467,-0.061437,0.293288,-0.572792,1.012602,-0.188441,0.108918,0.251753,-0.131968,-0.207431,0.272171,1.048224,0.191402,0.034480,-0.214806
0.140240,-0.447494,0.770740,-0.005544,-0.052988,-0.600780,0.797637,0.092697,-0.103074,-0.007924,0.304816,-0.289714,0.052079,-0.419707,-0.211393,-0.095811,1.387305,-0.238149,-0.160361,-0.053296,-0.035043,0.240554,-0.073306,0.295494,-0.572939,1.005051,-0.184903,0.107452,0.254119,-0.124279,-0.207552,0.266863,1.045177,0.188800,0.033429,-0.215986
0.142360,-0.454599,0.770828,-0.007224,-0.052162,-0.598639,0.799286,0.109664,-0.099670,-0.014821,0.294226,-0.293523,0.050224,-0.438235,-0.195780,-0.091531,1.351818,-0.240723,-0.147758,-0.058920,-0.032177,0.240539,-0.084878,0.297564,-0.571912,0.996185,-0.180468,0.104929,0.255464,-0.116385,-0.208027,0.261668,1.042412,0.187183,0.033064,-0.217708
0.144487,-0.461705,0.770718,-0.008662,-0.051349,-0.596475,0.800941,0.126761,-0.096451,-0.021511,0.282603,-0.296992,0.047219,-0.455460,-0.181786,-0.087252,1.311854,-0.242007,-0.133708,-0.064046,-0.029482,0.240506,-0.096117,0.299673,-0.570016,0.985738,-0.175254,0.101588,0.256296,-0.108227,-0.208901,0.256517,1.039852,0.186193,0.033083,-0.219828
0.146613,-0.468762,0.770509,-0.009840,-0.050559,-0.594205,0.802663,0.143392,-0.093522,-0.028143,0.271277,-0.300647,0.044249,-0.471124,-0.169605,-0.083050,1.267909,-0.242194,-0.119715,-0.068900,-0.027039,0.240390,-0.107099,0.301717,-0.567551,0.974005,-0.169794,0.098067,0.256911,-0.099805,-0.210083,0.251452,1.037643,0.185465,0.033297,-0.222018
0.148745,-0.475862,0.770139,-0.010750,-0.049793,-0.591748,0.804512,0.158974,-0.090990,-0.034869,0.261533,-0.305015,0.042450,-0.485009,-0.159439,-0.078995,1.220517,-0.241497,-0.107310,-0.073619,-0.024950,0.240147,-0.117883,0.303685,-0.564904,0.961196,-0.164660,0.095016,0.257591,-0.091063,-0.211489,0.246391,1.035881,0.184576,0.033518,-0.223938
0.150794,-0.482920,0.769606,-0.011402,-0.049008,-0.589130,0.806470,0.173243,-0.088818,-0.041535,0.253791,-0.310323,0.042132,-0.497272,-0.151616,-0.075564,1.169682,-0.239983,-0.097207,-0.078155,-0.023178,0.239747,-0.128493,0.305577,-0.561820,0.947067,-0.159913,0.092724,0.258273,-0.082016,-0.213085,0.241086,1.034499,0.183279,0.033743,-0.225457
0.152889,-0.490225,0.768893,-0.011802,-0.048208,-0.586383,0.808512,0.186551,-0.086959,-0.048145,0.247314,-0.316251,0.042660,-0.507966,-0.145788,-0.072547,1.115119,-0.237490,-0.088398,-0.082447,-0.021701,0.239128,-0.139011,0.307279,-0.558212,0.931869,-0.155246,0.090793,0.258875,-0.072798,-0.214762,0.235649,1.033707,0.181802,0.034034,-0.226824
0.155057,-0.497575,0.768108,-0.011924,-0.047470,-0.583429,0.810688,0.199077,-0.085556,-0.055079,0.241994,-0.322547,0.043801,-0.516719,-0.141220,-0.068932,1.056860,-0.233895,-0.079846,-0.086569,-0.020569,0.238396,-0.149249,0.309005,-0.554783,0.915772,-0.150815,0.088887,0.259581,-0.063212,-0.216700,0.230445,1.033410,0.180504,0.034357,-0.228117
0.157142,-0.504840,0.767206,-0.011743,-0.046867,-0.580188,0.813048,0.211025,-0.084759,-0.062725,0.237697,-0.328947,0.045314,-0.523161,-0.137347,-0.063633,0.994880,-0.229112,-0.070630,-0.090687,-0.019932,0.237494,-0.159239,0.310620,-0.552119,0.899536,-0.146645,0.086639,0.260636,-0.053390,-0.218730,0.225993,1.034063,0.179710,0.034626,-0.229546
0.159303,-0.512314,0.766138,-0.011221,-0.046334,-0.576585,0.815645,0.221935,-0.084582,-0.071324,0.234923,-0.335641,0.047436,-0.527169,-0.134236,-0.056610,0.927911,-0.222567,-0.060787,-0.094924,-0.019771,0.236317,-0.169025,0.312164,-0.550318,0.882962,-0.142893,0.083799,0.262212,-0.043245,-0.220869,0.221985,1.035629,0.179910,0.034673,-0.231261
0.161457,-0.519781,0.764970,-0.010378,-0.045861,-0.572672,0.818435,0.231872,-0.084964,-0.080655,0.233573,-0.342673,0.050172,-0.528922,-0.132388,-0.048233,0.856274,-0.214483,-0.050907,-0.099195,-0.020076,0.234842,-0.178665,0.313558,-0.549057,0.866008,-0.139454,0.080602,0.264170,-0.032894,-0.223021,0.218327,1.038168,0.180761,0.034565,-0.233179
0.163541,-0.527410,0.763632,-0.009278,-0.045607,-0.568566,0.821320,0.241836,-0.085926,-0.090389,0.232615,-0.349623,0.052936,-0.528503,-0.131917,-0.038055,0.782222,-0.206110,-0.040942,-0.103257,-0.020923,0.233288,-0.188044,0.314747,-0.548415,0.849163,-0.136096,0.077432,0.266245,-0.022460,-0.225240,0.215700,1.041738,0.181377,0.034626,-0.235028
0.165643,-0.535076,0.762123,-0.007996,-0.045737,-0.564364,0.824220,0.252927,-0.087460,-0.100264,0.230706,-0.355824,0.055154,-0.525852,-0.132870,-0.025815,0.707607,-0.198405,-0.030740,-0.106951,-0.022378,0.231884,-0.197088,0.315634,-0.548468,0.832993,-0.132589,0.074670,0.268170,-0.012099,-0.227617,0.214825,1.046433,0.180890,0.035183,-0.236546
0.167878,-0.542845,0.760472,-0.006530,-0.046359,-0.560048,0.827137,0.265662,-0.089733,-0.110249,0.227234,-0.361206,0.056696,-0.520210,-0.135131,-0.010672,0.629918,-0.191115,-0.019661,-0.110276,-0.024619,0.230768,-0.206047,0.316132,-0.549399,0.817688,-0.128932,0.072399,0.270070,-0.001946,-0.230233,0.216121,1.052533,0.179120,0.036300,-0.237946
0.170162,-0.550774,0.758676,-0.004824,-0.047416,-0.555540,0.830123,0.279582,-0.092716,-0.120598,0.222681,-0.365894,0.057874,-0.511546,-0.139058,0.006801,0.548394,-0.183545,-0.008029,-0.113407,-0.027525,0.229872,-0.214841,0.316239,-0.551072,0.802848,-0.125226,0.070418,0.272005,0.008253,-0.233341,0.219137,1.059656,0.176592,0.037850,-0.239200
0.172489,-0.558947,0.756758,-0.002900,-0.048788,-0.550853,0.833170,0.294002,-0.096147,-0.131411,0.218094,-0.369975,0.058766,-0.501063,-0.145144,0.024672,0.467764,-0.176018,0.003076,-0.116394,-0.030982,0.228971,-0.223141,0.315912,-0.553137,0.788640,-0.121345,0.068668,0.273649,0.018566,-0.236629,0.223266,1.067511,0.173342,0.039787,-0.239878
0.174956,-0.567046,0.754717,-0.000781,-0.050339,-0.546017,0.836260,0.308315,-0.099754,-0.142751,0.214316,-0.373426,0.059451,-0.490187,-0.153553,0.041005,0.393144,-0.169075,0.012755,-0.119251,-0.034856,0.227848,-0.230582,0.315152,-0.555240,0.775165,-0.117170,0.067091,0.274676,0.029077,-0.239833,0.227905,1.075768,0.169406,0.042063,-0.239530
0.177431,-0.575361,0.752615,0.001671,-0.052196,-0.541064,0.839359,0.322992,-0.103968,-0.154601,0.210683,-0.375858,0.059920,-0.479330,-0.164549,0.056747,0.324471,-0.163472,0.019377,-0.121822,-0.039531,0.226409,-0.237114,0.313928,-0.557383,0.762524,-0.112538,0.065648,0.274882,0.039772,-0.242841,0.233247,1.084988,0.163595,0.044833,-0.238021
0.179834,-0.583958,0.750505,0.004430,-0.054410,-0.535940,0.842489,0.338228,-0.108804,-0.167028,0.207018,-0.377396,0.060141,-0.467918,-0.177744,0.072208,0.259581,-0.158751,0.024257,-0.124190,-0.045076,0.224783,-0.242973,0.312240,-0.559752,0.750758,-0.107562,0.064373,0.274482,0.050593,-0.245670,0.239483,1.095204,0.156243,0.048053,-0.235623
0.182165,-0.592569,0.748333,0.007232,-0.056698,-0.530585,0.845702,0.352871,-0.113323,-0.180072,0.205000,-0.378859,0.060131,-0.456183,-0.192149,0.084642,0.201130,-0.153732,0.030796,-0.126638,-0.050817,0.223052,-0.248229,0.310185,-0.562287,0.739858,-0.102515,0.063314,0.273794,0.061446,-0.248237,0.246005,1.105480,0.149648,0.051293,-0.232513
0.184514,-0.601372,0.746247,0.009792,-0.058708,-0.524980,0.849031,0.365650,-0.116559,-0.193621,0.206389,-0.381133,0.059876,-0.444051,-0.206880,0.091397,0.151235,-0.146898,0.042153,-0.129361,-0.056021,0.221248,-0.252915,0.307925,-0.564921,0.729752,-0.097677,0.062532,0.273131,0.072284,-0.250394,0.252217,1.114735,0.146094,0.054245,-0.228910
0.186770,-0.610172,0.744100,0.012246,-0.060505,-0.518944,0.852576,0.376424,-0.118749,-0.208182,0.211215,-0.384438,0.059197,-0.437290,-0.222109,0.092249,0.122959,-0.144298,0.062620,-0.132522,-0.061043,0.219440,-0.257252,0.305581,-0.567906,0.720302,-0.093125,0.062298,0.272466,0.083174,-0.252039,0.258253,1.122924,0.146658,0.056890,-0.224452
0.188895,-0.619063,0.742062,0.014609,-0.062038,-0.512676,0.856213,0.385374,-0.120026,-0.223196,0.219109,-0.388586,0.058042,-0.439292,-0.236955,0.089842,0.121630,-0.150284,0.089110,-0.135719,-0.065767,0.217444,-0.261088,0.303186,-0.571206,0.711448,-0.088764,0.062500,0.271669,0.093991,-0.253172,0.264366,1.130637,0.149940,0.059396,-0.219209
0.190836,-0.628209,0.740280,0.016370,-0.062687,-0.506780,0.859637,0.391559,-0.119180,-0.236796,0.231151,-0.393779,0.056567,-0.438347,-0.249662,0.083709,0.121073,-0.151917,0.113774,-0.138251,-0.068562,0.214865,-0.263769,0.300752,-0.574198,0.703115,-0.084507,0.062636,0.270918,0.104275,-0.253819,0.270153,1.137883,0.154498,0.061678,-0.214024
0.192765,-0.637483,0.738620,0.017026,-0.061878,-0.501816,0.862590,0.394151,-0.114999,-0.247269,0.248198,-0.400093,0.054956,-0.435361,-0.257251,0.075989,0.121323,-0.149940,0.128650,-0.139519,-0.067821,0.211329,-0.264699,0.298292,-0.576308,0.695273,-0.080304,0.062200,0.270387,0.113589,-0.254021,0.275210,1.144650,0.158911,0.063630,-0.209733
0.194653,-0.646840,0.737254,0.016090,-0.059241,-0.498069,0.864962,0.393147,-0.106072,-0.253948,0.270088,-0.408276,0.052887,-0.429173,-0.258406,0.065082,0.122897,-0.145160,0.128475,-0.139083,-0.062277,0.206978,-0.263632,0.295882,-0.577308,0.687548,-0.075839,0.060898,0.270036,0.121789,-0.253807,0.279795,1.151103,0.163404,0.065070,-0.206348
0.196533,-0.656396,0.736133,0.013894,-0.055223,-0.495066,0.866987,0.389399,-0.093251,-0.258250,0.295744,-0.417658,0.050378,-0.426863,-0.254201,0.052164,0.140629,-0.144849,0.118546,-0.137641,-0.053042,0.201983,-0.260981,0.293334,-0.577483,0.680267,-0.071154,0.059046,0.269791,0.129134,-0.253163,0.284078,1.157228,0.168575,0.066113,-0.203492
0.198232,-0.665925,0.735412,0.011171,-0.050437,-0.492237,0.868927,0.383299,-0.078776,-0.261673,0.324726,-0.426200,0.048150,-0.440943,-0.246100,0.043246,0.194048,-0.158279,0.106792,-0.136247,-0.042212,0.196147,-0.256889,0.290827,-0.577189,0.673798,-0.067019,0.057103,0.269777,0.135875,-0.252109,0.287378,1.162524,0.173490,0.067081,-0.201356
0.200022,-0.675621,0.734808,0.008613,-0.045224,-0.489248,0.870929,0.374590,-0.064587,-0.265069,0.356898,-0.432016,0.046870,-0.451044,-0.236912,0.036191,0.233920,-0.158366,0.101450,-0.135503,-0.031352,0.188982,-0.251477,0.288404,-0.576675,0.668530,-0.064098,0.055511,0.270129,0.142133,-0.250646,0.289076,1.166592,0.177238,0.068282,-0.200134
0.201947,-0.685720,0.734341,0.006427,-0.038950,-0.486080,0.873022,0.361866,-0.050253,-0.268670,0.392283,-0.435699,0.046640,-0.459612,-0.225599,0.032906,0.260382,-0.140517,0.105477,-0.135423,-0.020062,0.179239,-0.244677,0.286134,-0.576058,0.664019,-0.062627,0.054485,0.270991,0.148148,-0.248632,0.288415,1.168960,0.179061,0.069992,-0.200078
0.203781,-0.695781,0.734223,0.004229,-0.031573,-0.482967,0.875059,0.345550,-0.034873,-0.272032,0.430738,-0.437742,0.047187,-0.468616,-0.211403,0.032285,0.281972,-0.111255,0.114244,-0.135431,-0.007642,0.167454,-0.236474,0.283999,-0.575279,0.660223,-0.062262,0.053757,0.272252,0.153711,-0.246023,0.285926,1.170066,0.179593,0.071962,-0.201023
0.205601,-0.705985,0.734177,0.001714,-0.024090,-0.480153,0.876852,0.327805,-0.019260,-0.274397,0.471894,-0.436335,0.048563,-0.476596,-0.195364,0.032699,0.301732,-0.081040,0.124185,-0.134945,0.005324,0.155661,-0.227108,0.281843,-0.574270,0.658128,-0.062815,0.053044,0.273703,0.158291,-0.243057,0.282882,1.170765,0.180026,0.073714,-0.202526
0.207674,-0.716352,0.734172,-0.001393,-0.017544,-0.477858,0.878261,0.310670,-0.004311,-0.274981,0.515929,-0.429786,0.050839,-0.481975,-0.178798,0.032242,0.322441,-0.060220,0.131786,-0.133526,0.018187,0.145897,-0.216876,0.279448,-0.572955,0.658771,-0.064122,0.052050,0.275123,0.161466,-0.240160,0.280502,1.171735,0.181574,0.074787,-0.204120
0.209909,-0.726543,0.734203,-0.005225,-0.012046,-0.476115,0.879285,0.294500,0.009755,-0.274201,0.563933,-0.418607,0.055358,-0.485329,-0.161149,0.031282,0.346493,-0.052869,0.134925,-0.131226,0.031157,0.138226,-0.205556,0.276623,-0.571296,0.662501,-0.066305,0.050150,0.276623,0.163543,-0.237578,0.278676,1.172841,0.185148,0.074945,-0.206069
0.212360,-0.736786,0.734542,-0.009600,-0.007113,-0.474830,0.879997,0.278197,0.023550,-0.272257,0.615570,-0.403451,0.061888,-0.487147,-0.142060,0.030530,0.371785,-0.052982,0.135876,-0.128267,0.044518,0.131684,-0.193161,0.273277,-0.569293,0.668828,-0.069336,0.047665,0.278255,0.164792,-0.235334,0.276844,1.173553,0.189950,0.074495,-0.208430
0.214876,-0.746922,0.734964,-0.014310,-0.002915,-0.474036,0.880384,0.261601,0.037329,-0.267961,0.669283,-0.382993,0.068121,-0.485852,-0.123200,0.028582,0.394460,-0.055833,0.137669,-0.124526,0.057723,0.126750,-0.180339,0.269395,-0.566912,0.677501,-0.072863,0.045711,0.279716,0.164735,-0.233570,0.275566,1.173935,0.194671,0.073802,-0.210428
0.217452,-0.757019,0.735575,-0.019149,0.000385,-0.473783,0.880433,0.244596,0.051254,-0.260131,0.723665,-0.355954,0.071651,-0.479914,-0.106233,0.024123,0.410690,-0.056762,0.143296,-0.119938,0.070248,0.123933,-0.167589,0.265017,-0.563981,0.688105,-0.076495,0.045414,0.280708,0.162877,-0.232498,0.275471,1.174014,0.198011,0.073257,-0.211274
0.220094,-0.766898,0.736365,-0.024257,0.002539,-0.474402,0.879970,0.227760,0.065380,-0.247371,0.779535,-0.320632,0.072545,-0.467340,-0.091646,0.015974,0.417387,-0.053536,0.156579,-0.114307,0.082237,0.123911,-0.154292,0.260097,-0.559627,0.700760,-0.080285,0.047147,0.280888,0.158878,-0.232269,0.276761,1.173785,0.199547,0.073171,-0.210344
0.222866,-0.776539,0.737192,-0.029645,0.003700,-0.475780,0.879057,0.211012,0.079447,-0.230640,0.837605,-0.278267,0.071778,-0.449610,-0.078404,0.005408,0.417414,-0.049043,0.174830,-0.107874,0.093932,0.126169,-0.140305,0.254606,-0.554059,0.715419,-0.084358,0.050287,0.280514,0.153076,-0.232911,0.279205,1.173167,0.200039,0.073300,-0.208157
0.225622,-0.785832,0.737958,-0.034929,0.004298,-0.477292,0.878040,0.193149,0.093153,-0.212488,0.896663,-0.232084,0.068500,-0.430267,-0.065957,-0.005342,0.415746,-0.046136,0.191307,-0.101186,0.104986,0.129503,-0.126839,0.248694,-0.548763,0.731425,-0.088499,0.054456,0.280186,0.146059,-0.234355,0.282804,1.172034,0.199990,0.073193,-0.205631
0.228347,-0.794930,0.738786,-0.039757,0.004769,-0.478313,0.877276,0.172721,0.106484,-0.195648,0.955845,-0.185423,0.062307,-0.412853,-0.053881,-0.014227,0.417427,-0.047772,0.199306,-0.094724,0.115040,0.132788,-0.115035,0.242654,-0.545263,0.748099,-0.092497,0.059286,0.280506,0.138404,-0.236479,0.287478,1.170258,0.199863,0.072391,-0.203699
0.230961,-0.803818,0.739636,-0.044105,0.005227,-0.478683,0.876864,0.148617,0.120156,-0.180905,1.016840,-0.136991,0.051358,-0.398189,-0.041971,-0.020703,0.423860,-0.055371,0.195515,-0.088544,0.124015,0.135985,-0.105114,0.236704,-0.543770,0.765375,-0.096141,0.065601,0.282109,0.130305,-0.239164,0.293345,1.167243,0.199384,0.070572,-0.202159
0.233548,-0.812635,0.740566,-0.048168,0.005431,-0.478731,0.876622,0.121539,0.134219,-0.167243,1.080364,-0.085993,0.037289,-0.384253,-0.030429,-0.025922,0.432091,-0.067006,0.184024,-0.082402,0.132056,0.139723,-0.096333,0.230934,-0.543557,0.783391,-0.099667,0.073301,0.284529,0.121397,-0.242360,0.300392,1.163269,0.198406,0.068035,-0.200675
0.236153,-0.821313,0.741453,-0.051951,0.005306,-0.478570,0.876495,0.092725,0.148140,-0.154402,1.143801,-0.036453,0.024995,-0.370173,-0.019512,-0.030474,0.440478,-0.080581,0.169247,-0.076316,0.139236,0.143923,-0.088344,0.225488,-0.544764,0.801740,-0.103551,0.080629,0.286693,0.111449,-0.246019,0.308359,1.159482,0.197608,0.065259,-0.199964
0.238776,-0.829671,0.742303,-0.055471,0.004794,-0.478314,0.876422,0.063467,0.161653,-0.141635,1.204204,0.007721,0.019234,-0.355081,-0.009577,-0.034980,0.447439,-0.094141,0.155636,-0.070266,0.145668,0.148484,-0.080835,0.220536,-0.547582,0.820006,-0.108290,0.085835,0.287519,0.100269,-0.250072,0.316943,1.156986,0.197640,0.062728,-0.200734
0.241308,-0.838042,0.743304,-0.058871,0.003901,-0.477921,0.876419,0.032970,0.176902,-0.127393,1.262028,0.050469,0.021656,-0.338645,-0.000525,-0.039744,0.452787,-0.107957,0.143383,-0.064201,0.151515,0.153523,-0.074179,0.216326,-0.552862,0.838460,-0.114509,0.087895,0.286824,0.087724,-0.254498,0.326520,1.155955,0.198781,0.060342,-0.203834
0.243907,-0.846003,0.744268,-0.062226,0.002706,-0.477422,0.876464,0.000774,0.194826,-0.112026,1.318680,0.091950,0.030580,-0.321360,0.007965,-0.044282,0.457230,-0.122790,0.130517,-0.057991,0.156951,0.159141,-0.068272,0.212951,-0.560256,0.856934,-0.121841,0.087967,0.285104,0.073952,-0.259227,0.337108,1.155736,0.200637,0.057914,-0.208645
0.246640,-0.853848,0.745264,-0.065339,0.001239,-0.476908,0.876520,-0.030702,0.212198,-0.097685,1.371453,0.122941,0.044274,-0.303244,0.015441,-0.048260,0.460404,-0.137650,0.118242,-0.051786,0.161764,0.165131,-0.062140,0.210251,-0.568169,0.874516,-0.129233,0.087583,0.282323,0.059061,-0.264156,0.347881,1.156375,0.202839,0.055789,-0.213715
0.249620,-0.861558,0.746267,-0.067879,-0.000534,-0.476479,0.876562,-0.059166,0.223964,-0.086493,1.417855,0.134348,0.059403,-0.284808,0.021183,-0.051304,0.462605,-0.151675,0.107783,-0.045698,0.165491,0.171215,-0.054886,0.207901,-0.574994,0.890493,-0.135563,0.088255,0.278479,0.043160,-0.269183,0.358039,1.158014,0.205041,0.054314,-0.217608
0.252650,-0.868845,0.747271,-0.069500,-0.002778,-0.476222,0.876570,-0.083460,0.226710,-0.078314,1.457281,0.117609,0.075896,-0.266740,0.024329,-0.053142,0.464989,-0.165074,0.099572,-0.039647,0.167462,0.177314,-0.046394,0.205613,-0.580286,0.905070,-0.140329,0.090420,0.272926,0.025747,-0.274323,0.367797,1.161549,0.207384,0.053619,-0.220354
0.255887,-0.876187,0.748483,-0.070312,-0.005484,-0.476015,0.876605,-0.104930,0.221395,-0.072279,1.490962,0.079977,0.093136,-0.248918,0.025007,-0.054125,0.467657,-0.178431,0.092998,-0.033693,0.167806,0.183494,-0.037313,0.203316,-0.584872,0.918922,-0.144099,0.093238,0.265907,0.006933,-0.279579,0.377502,1.166737,0.209968,0.053506,-0.222603
0.259371,-0.883428,0.749806,-0.070599,-0.008446,-0.475622,0.876772,-0.125207,0.209231,-0.069037,1.519070,0.036525,0.106901,-0.230653,0.023962,-0.054900,0.469319,-0.191384,0.087671,-0.028148,0.167156,0.189648,-0.027901,0.201041,-0.589125,0.932079,-0.147402,0.096291,0.258786,-0.012341,-0.284870,0.386558,1.172151,0.212445,0.053820,-0.223869
0.262883,-0.890279,0.751060,-0.070705,-0.011437,-0.474828,0.877159,-0.145896,0.192763,-0.068679,1.541696,0.002182,0.114049,-0.211137,0.022152,-0.056106,0.468479,-0.203465,0.083167,-0.023284,0.166244,0.195684,-0.018392,0.198897,-0.593435,0.944508,-0.150797,0.099164,0.252918,-0.031168,-0.290092,0.394269,1.176390,0.214394,0.054406,-0.223675
0.266475,-0.897137,0.752443,-0.070633,-0.014451,-0.473568,0.877801,-0.167604,0.171613,-0.071306,1.558636,-0.019730,0.114099,-0.190288,0.019541,-0.057836,0.465037,-0.214659,0.079555,-0.019341,0.165020,0.201628,-0.008670,0.196966,-0.598020,0.956197,-0.154908,0.101729,0.248618,-0.049724,-0.295216,0.400399,1.179554,0.215708,0.055544,-0.221341
0.270059,-0.903973,0.753859,-0.070275,-0.017575,-0.471963,0.878637,-0.189410,0.145181,-0.076379,1.569807,-0.036867,0.108919,-0.168434,0.015900,-0.059949,0.459628,-0.225127,0.076953,-0.016072,0.163236,0.207551,0.001364,0.195266,-0.602674,0.967096,-0.159321,0.104210,0.245183,-0.068381,-0.300260,0.405274,1.182293,0.216569,0.057204,-0.217314
0.273694,-0.910820,0.755331,-0.069851,-0.020718,-0.470089,0.879607,-0.210663,0.116269,-0.082962,1.575631,-0.050985,0.099287,-0.145337,0.011918,-0.062667,0.451790,-0.234622,0.075017,-0.013046,0.161306,0.213421,0.011502,0.193825,-0.607072,0.977078,-0.162991,0.106724,0.242432,-0.086622,-0.305233,0.409084,1.184122,0.217016,0.058754,-0.212827
0.277319,-0.917649,0.756796,-0.069590,-0.023767,-0.468021,0.880652,-0.230752,0.087685,-0.090250,1.576562,-0.063883,0.086025,-0.120833,0.008287,-0.066169,0.441172,-0.242961,0.073408,-0.009827,0.159656,0.219203,0.021531,0.192667,-0.610927,0.985986,-0.164895,0.109383,0.240178,-0.103876,-0.310121,0.411978,1.184508,0.217103,0.059558,-0.209112
0.281008,-0.924441,0.758219,-0.069671,-0.026793,-0.465641,0.881820,-0.249219,0.058780,-0.099639,1.572302,-0.075160,0.067108,-0.094143,0.005273,-0.070914,0.427023,-0.250013,0.072028,-0.006621,0.158522,0.225216,0.031381,0.191809,-0.614530,0.993805,-0.164070,0.112449,0.238616,-0.120085,-0.314919,0.413720,1.183249,0.216826,0.059281,-0.206215
0.284695,-0.931236,0.759613,-0.069966,-0.029813,-0.462964,0.883109,-0.266323,0.029050,-0.111249,1.562727,-0.084629,0.043212,-0.065496,0.002670,-0.076706,0.409593,-0.255860,0.071028,-0.003543,0.157704,0.231396,0.041196,0.191255,-0.617906,1.000564,-0.161302,0.115780,0.237750,-0.135543,-0.319658,0.414289,1.180683,0.216160,0.058307,-0.203583
0.288333,-0.938134,0.760905,-0.070223,-0.032650,-0.460276,0.884392,-0.282706,0.001410,-0.122441,1.548542,-0.094086,0.019174,-0.036344,0.000367,-0.082719,0.390205,-0.260600,0.070421,-0.000065,0.156921,0.237103,0.051109,0.190998,-0.620296,1.006156,-0.158156,0.118881,0.237102,-0.150282,-0.324395,0.414233,1.177129,0.215174,0.057086,-0.201552
0.291938,-0.945051,0.762083,-0.070136,-0.035132,-0.457850,0.885562,-0.299229,-0.021468,-0.130492,1.530408,-0.104880,-0.000306,-0.008167,-0.001861,-0.088120,0.370190,-0.264367,0.070201,0.004282,0.155843,0.241683,0.061285,0.191022,-0.620903,1.010448,-0.156190,0.121260,0.236200,-0.164367,-0.329184,0.414177,1.172907,0.213954,0.056076,-0.200461
0.295642,-0.952052,0.763298,-0.069568,-0.037261,-0.455767,0.886594,-0.316033,-0.039827,-0.135181,1.507945,-0.117815,-0.014615,0.018910,-0.004327,-0.092549,0.349534,-0.267055,0.070372,0.009816,0.154186,0.244894,0.071832,0.191306,-0.619277,1.013270,-0.155857,0.122786,0.234548,-0.177627,-0.334102,0.414403,1.167862,0.212632,0.055472,-0.200692
0.299421,-0.959078,0.764357,-0.068678,-0.039126,-0.453878,0.887551,-0.332801,-0.054726,-0.137934,1.480916,-0.131794,-0.025981,0.045526,-0.006888,-0.096491,0.327762,-0.268715,0.070826,0.016160,0.152173,0.247132,0.082704,0.191821,-0.615862,1.014649,-0.156290,0.123726,0.232509,-0.190112,-0.339142,0.414602,1.161929,0.211156,0.054958,-0.201949
0.303323,-0.965828,0.765224,-0.067615,-0.040617,-0.452100,0.888473,-0.349715,-0.065153,-0.138366,1.450106,-0.144973,-0.034335,0.071329,-0.009211,-0.100325,0.305550,-0.269734,0.071442,0.022759,0.150127,0.248644,0.093803,0.192542,-0.611240,1.014805,-0.157092,0.124181,0.230923,-0.202150,-0.344219,0.414524,1.155318,0.209357,0.054422,-0.203598
0.307491,-0.972702,0.766037,-0.066524,-0.041632,-0.450354,0.889394,-0.366906,-0.070333,-0.136009,1.416295,-0.155535,-0.039818,0.095950,-0.010991,-0.104404,0.283552,-0.270477,0.072190,0.029077,0.148338,0.249672,0.105002,0.193449,-0.605991,1.013985,-0.157859,0.124245,0.230625,-0.214142,-0.349153,0.413919,1.148457,0.207081,0.053628,-0.204990
0.311486,-0.979551,0.766607,-0.065361,-0.042091,-0.448572,0.890359,-0.384746,-0.069727,-0.130202,1.379603,-0.162934,-0.042371,0.119284,-0.012257,-0.108972,0.261472,-0.270668,0.073412,0.034987,0.146776,0.250071,0.116250,0.194547,-0.600213,1.012207,-0.158623,0.123802,0.232242,-0.226217,-0.353829,0.412553,1.141538,0.204235,0.052449,-0.206335
0.315388,-0.986368,0.766985,-0.064019,-0.042086,-0.446817,0.891339,-0.402808,-0.064476,-0.121162,1.339552,-0.168094,-0.042481,0.141459,-0.013299,-0.113720,0.239246,-0.270293,0.075074,0.040799,0.145132,0.249740,0.127619,0.195835,-0.593620,1.009398,-0.159554,0.122846,0.235196,-0.238287,-0.358245,0.410627,1.134531,0.200908,0.050997,-0.207876
0.319288,-0.993175,0.767230,-0.062530,-0.041797,-0.445215,0.892259,-0.420004,-0.056376,-0.109681,1.295958,-0.171365,-0.041097,0.162609,-0.014195,-0.118184,0.217472,-0.269932,0.076679,0.046591,0.143273,0.248967,0.139177,0.197275,-0.586200,1.005697,-0.160474,0.121639,0.238528,-0.250362,-0.362379,0.408499,1.127387,0.197175,0.049480,-0.209030
0.323258,-0.999957,0.767306,-0.060941,-0.041380,-0.443884,0.893051,-0.435312,-0.047049,-0.096646,1.248618,-0.173092,-0.039044,0.182698,-0.015010,-0.121917,0.197110,-0.270226,0.077759,0.052446,0.141111,0.248035,0.150974,0.198796,-0.577932,1.001265,-0.161181,0.120445,0.241282,-0.262447,-0.366193,0.406522,1.120056,0.193126,0.048099,-0.209215
0.327301,-1.006733,0.767143,-0.059175,-0.040733,-0.442852,0.893712,-0.449049,-0.036074,-0.081356,1.197520,-0.173481,-0.035590,0.201304,-0.015752,-0.124770,0.178409,-0.271287,0.077954,0.058440,0.138501,0.246697,0.163123,0.200335,-0.568395,0.995874,-0.161334,0.119301,0.243317,-0.274535,-0.369646,0.404432,1.112472,0.188641,0.046942,-0.208429
0.331429,-1.013506,0.766830,-0.057211,-0.039827,-0.442059,0.894273,-0.461328,-0.023232,-0.063455,1.142688,-0.172378,-0.030927,0.218536,-0.016472,-0.127001,0.160929,-0.272787,0.077753,0.064490,0.135481,0.244898,0.175555,0.201862,-0.557713,0.989593,-0.161122,0.118076,0.245111,-0.286666,-0.372716,0.402168,1.104747,0.183723,0.045877,-0.206942
0.335608,-1.020328,0.766327,-0.055238,-0.038920,-0.441494,0.894716,-0.471045,-0.010195,-0.044489,1.083956,-0.169497,-0.027000,0.235189,-0.017268,-0.128752,0.144516,-0.274785,0.077883,0.070435,0.132281,0.243189,0.188034,0.203359,-0.546691,0.983079,-0.161169,0.116775,0.246635,-0.298976,-0.375456,0.400464,1.097174,0.178657,0.044758,-0.204590
0.339882,-1.027154,0.765680,-0.053455,-0.038243,-0.441149,0.895024,-0.477230,0.001565,-0.026100,1.021022,-0.164428,-0.025547,0.252195,-0.018221,-0.130200,0.128760,-0.277196,0.078997,0.076119,0.129166,0.242107,0.200307,0.204812,-0.536122,0.976991,-0.162079,0.115406,0.247868,-0.311587,-0.377969,0.400080,1.090012,0.173740,0.043450,-0.201195
0.344361,-1.033965,0.764863,-0.051835,-0.037953,-0.441041,0.895185,-0.479404,0.011849,-0.008413,0.952777,-0.156293,-0.026324,0.263466,-0.020439,-0.131245,0.127255,-0.287411,0.081301,0.081528,0.126061,0.242030,0.212311,0.206213,-0.526017,0.971220,-0.164364,0.113816,0.248804,-0.324532,-0.380329,0.401032,1.083108,0.168870,0.041834,-0.196298
0.348912,-1.040788,0.763819,-0.050309,-0.037889,-0.441173,0.895210,-0.478147,0.021379,0.009316,0.879428,-0.145422,-0.028557,0.274913,-0.022943,-0.131924,0.126446,-0.298107,0.084342,0.086776,0.122945,0.242596,0.224138,0.207547,-0.516052,0.965537,-0.167583,0.112048,0.249451,-0.337665,-0.382543,0.402988,1.076278,0.164026,0.040005,-0.190114
0.353450,-1.047545,0.762507,-0.048954,-0.037837,-0.441535,0.895108,-0.474326,0.030216,0.026690,0.802792,-0.133140,-0.033006,0.286541,-0.025268,-0.132181,0.125770,-0.308725,0.087751,0.091952,0.120116,0.243242,0.235751,0.208803,-0.506484,0.960416,-0.170909,0.110399,0.249807,-0.350741,-0.384585,0.406009,1.069610,0.159429,0.038162,-0.183482
0.358081,-1.054355,0.760996,-0.047968,-0.037551,-0.442101,0.894894,-0.468722,0.038647,0.043111,0.724480,-0.120750,-0.040442,0.297861,-0.026780,-0.131950,0.125803,-0.319309,0.091143,0.097101,0.118099,0.243427,0.247097,0.209962,-0.497582,0.956341,-0.173526,0.109162,0.249877,-0.363513,-0.386403,0.410182,1.063199,0.155384,0.036519,-0.177239
0.362883,-1.061300,0.759315,-0.047514,-0.036957,-0.442897,0.894549,-0.460469,0.046946,0.058371,0.641663,-0.107061,-0.051862,0.309128,-0.026945,-0.131164,0.126017,-0.329662,0.094401,0.102189,0.117248,0.243016,0.258275,0.211034,-0.489317,0.953407,-0.175066,0.108451,0.249527,-0.376115,-0.387955,0.415657,1.057157,0.151896,0.035177,-0.171234
0.367771,-1.068338,0.757400,-0.047590,-0.036151,-0.443989,0.894037,-0.448954,0.055271,0.072693,0.553142,-0.091167,-0.066461,0.320593,-0.025897,-0.129682,0.126174,-0.339763,0.097611,0.107320,0.117490,0.242312,0.269296,0.212027,-0.481549,0.951338,-0.176010,0.108100,0.248810,-0.388631,-0.389221,0.422348,1.051424,0.148828,0.034021,-0.165138
0.372867,-1.075400,0.755259,-0.048225,-0.035131,-0.445417,0.893333,-0.435113,0.063981,0.086051,0.462572,-0.074602,-0.082341,0.332216,-0.023645,-0.127309,0.126250,-0.349347,0.100690,0.112980,0.118961,0.241246,0.279617,0.212784,-0.474725,0.950559,-0.176892,0.107952,0.248114,-0.400712,-0.390130,0.429670,1.046064,0.146030,0.032909,-0.159525
0.378090,-1.082560,0.752935,-0.049466,-0.033865,-0.447225,0.892410,-0.420179,0.073502,0.098508,0.374316,-0.059240,-0.097678,0.343938,-0.020188,-0.123816,0.126311,-0.358200,0.103591,0.118719,0.121774,0.240091,0.289960,0.213504,-0.468094,0.949952,-0.177944,0.107943,0.247512,-0.412544,-0.390948,0.438440,1.040857,0.143997,0.031768,-0.154931
0.383506,-1.089824,0.750425,-0.051637,-0.032233,-0.449609,0.891149,-0.403749,0.084597,0.109447,0.286609,-0.045525,-0.112996,0.355838,-0.014786,-0.118702,0.126268,-0.366554,0.106282,0.125797,0.126716,0.238458,0.299457,0.214002,-0.462682,0.950792,-0.179434,0.107864,0.247290,-0.423639,-0.391614,0.447809,1.035886,0.142471,0.030491,-0.151627
0.389110,-1.097042,0.747737,-0.054991,-0.030265,-0.452747,0.889427,-0.384464,0.097973,0.119511,0.196564,-0.031675,-0.129097,0.368135,-0.006963,-0.111427,0.126176,-0.374414,0.108630,0.133921,0.134290,0.236638,0.308945,0.214349,-0.457752,0.952209,-0.180969,0.107866,0.247152,-0.434480,-0.392232,0.458698,1.031135,0.141791,0.029207,-0.149228
0.394851,-1.104166,0.745031,-0.059072,-0.028201,-0.456385,0.887371,-0.368360,0.113450,0.130048,0.119655,-0.023077,-0.144469,0.380944,0.001982,-0.102453,0.126006,-0.381048,0.110701,0.143026,0.143433,0.234851,0.317776,0.214478,-0.453832,0.954333,-0.182774,0.108168,0.247220,-0.444478,-0.392722,0.469555,1.026431,0.140977,0.028038,-0.147337
0.400673,-1.111245,0.742359,-0.062920,-0.026322,-0.459924,0.885335,-0.383338,0.132409,0.138902,0.116927,-0.049130,-0.157296,0.393980,0.009724,-0.093252,0.125837,-0.385824,0.112802,0.151486,0.152014,0.233400,0.325938,0.214340,-0.450474,0.956582,-0.184839,0.109024,0.247403,-0.453683,-0.393037,0.480168,1.021648,0.139767,0.027110,-0.145659
0.406684,-1.118247,0.739913,-0.066138,-0.024638,-0.463107,0.883488,-0.395556,0.149660,0.149507,0.115302,-0.071482,-0.167014,0.406922,0.015464,-0.084710,0.125669,-0.388785,0.115032,0.158984,0.159191,0.232212,0.332888,0.213926,-0.447987,0.959410,-0.187392,0.110536,0.248137,-0.462071,-0.393160,0.489980,1.016627,0.137188,0.026508,-0.144043
0.412815,-1.125193,0.737698,-0.068887,-0.022962,-0.465937,0.881833,-0.405685,0.165421,0.161028,0.114685,-0.091261,-0.174393,0.419607,0.019714,-0.076847,0.125485,-0.390230,0.117428,0.165786,0.165277,0.230965,0.338505,0.213402,-0.446538,0.963121,-0.190375,0.112550,0.249308,-0.469388,-0.393156,0.498867,1.011218,0.133500,0.026142,-0.142693
0.419142,-1.132207,0.735750,-0.070708,-0.021513,-0.468136,0.880560,-0.412316,0.178094,0.174289,0.113780,-0.106363,-0.179531,0.432145,0.021636,-0.070289,0.125256,-0.389994,0.120337,0.170645,0.169462,0.229672,0.343344,0.212501,-0.445475,0.967278,-0.193368,0.114896,0.250069,-0.476013,-0.392844,0.507978,1.006139,0.130614,0.025817,-0.141987
0.425711,-1.139330,0.734035,-0.071575,-0.020223,-0.469561,0.879762,-0.415290,0.187405,0.189615,0.113552,-0.115664,-0.182743,0.444449,0.021503,-0.065155,0.125023,-0.387861,0.123863,0.174781,0.171511,0.227858,0.346235,0.211810,-0.445996,0.972702,-0.196343,0.117393,0.249823,-0.480049,-0.392353,0.514680,1.000692,0.128845,0.025357,-0.142001
0.432352,-1.146421,0.732554,-0.071559,-0.019403,-0.470127,0.879479,-0.412369,0.193088,0.209271,0.113810,-0.119231,-0.184821,0.457319,0.019259,-0.061368,0.124837,-0.384416,0.128112,0.177118,0.171584,0.226152,0.347972,0.211171,-0.447663,0.979004,-0.199398,0.120195,0.247867,-0.482297,-0.391522,0.520249,0.995506,0.129140,0.024608,-0.143145
0.439197,-1.153572,0.731242,-0.070861,-0.019063,-0.469807,0.879714,-0.404200,0.195107,0.232073,0.114337,-0.117601,-0.185283,0.470475,0.015235,-0.059168,0.125677,-0.380179,0.132904,0.177517,0.169966,0.224779,0.348445,0.210503,-0.450489,0.986337,-0.202660,0.123322,0.244800,-0.483056,-0.390166,0.524809,0.990749,0.130708,0.023682,-0.145268
0.446100,-1.160816,0.730132,-0.068925,-0.018641,-0.468755,0.880438,-0.395223,0.192654,0.254192,0.115388,-0.110236,-0.182272,0.482332,0.008935,-0.059026,0.126825,-0.373572,0.138189,0.176574,0.165833,0.222459,0.347656,0.209788,-0.454144,0.994120,-0.205692,0.126473,0.241581,-0.482490,-0.388101,0.528338,0.986790,0.133003,0.022748,-0.147830
0.453088,-1.167795,0.729627,-0.065437,-0.017578,-0.467003,0.881656,-0.389647,0.185464,0.271367,0.116945,-0.096443,-0.174081,0.491241,0.000394,-0.061558,0.128411,-0.363589,0.143876,0.174112,0.158667,0.217955,0.345779,0.208726,-0.457887,1.001973,-0.208009,0.129305,0.239203,-0.481584,-0.384151,0.531263,0.985156,0.135251,0.021912,-0.150435
0.460180,-1.174818,0.729604,-0.059409,-0.015497,-0.464380,0.883505,-0.388832,0.171701,0.283755,0.118148,-0.072767,-0.157695,0.495605,-0.011882,-0.067907,0.130624,-0.350857,0.150741,0.170095,0.146776,0.210653,0.342761,0.207794,-0.461691,1.008941,-0.209394,0.131906,0.237911,-0.478938,-0.379883,0.533114,0.983211,0.137986,0.021353,-0.152849
0.467496,-1.182100,0.729828,-0.051247,-0.012713,-0.461089,0.885782,-0.390835,0.152494,0.293759,0.119502,-0.040697,-0.134987,0.494083,-0.027608,-0.077048,0.138792,-0.338458,0.158665,0.164896,0.130944,0.201028,0.338636,0.206931,-0.465932,1.015497,-0.210179,0.134384,0.237204,-0.474778,-0.375214,0.534045,0.981391,0.141420,0.020959,-0.155321
0.474964,-1.189197,0.730319,-0.042420,-0.009906,-0.457659,0.888060,-0.393527,0.131068,0.300981,0.120912,-0.005982,-0.111423,0.473041,-0.046121,-0.085885,0.187347,-0.343047,0.166348,0.159641,0.113827,0.190623,0.333847,0.206182,-0.470576,1.021668,-0.210369,0.136609,0.236507,-0.469096,-0.370150,0.534097,0.980363,0.144805,0.020748,-0.157713
0.482673,-1.196145,0.730931,-0.034335,-0.007823,-0.454523,0.890038,-0.415442,0.116906,0.302054,0.168366,0.001161,-0.092505,0.453392,-0.064240,-0.092721,0.237088,-0.342468,0.172563,0.155353,0.097894,0.181127,0.328762,0.205658,-0.475611,1.027486,-0.209990,0.138456,0.235216,-0.461774,-0.364757,0.533265,0.980664,0.147442,0.020742,-0.159900
0.490649,-1.203351,0.731546,-0.026871,-0.006626,-0.451701,0.891740,-0.429802,0.100588,0.298335,0.202702,0.012464,-0.078812,0.435917,-0.082493,-0.097889,0.287520,-0.336848,0.178259,0.152329,0.082768,0.172501,0.323498,0.205428,-0.481327,1.033079,-0.208951,0.139753,0.233096,-0.452154,-0.359042,0.531118,0.982024,0.148911,0.021073,-0.162036
0.498802,-1.210904,0.732246,-0.019344,-0.005950,-0.448966,0.893319,-0.440244,0.081669,0.290541,0.229972,0.027210,-0.067720,0.418918,-0.101802,-0.102152,0.339225,-0.327085,0.183593,0.150027,0.067234,0.164010,0.317815,0.205509,-0.487681,1.038326,-0.207292,0.140618,0.230467,-0.440442,-0.352991,0.527816,0.984159,0.149726,0.021698,-0.164118
0.507005,-1.218464,0.733121,-0.012223,-0.005779,-0.446275,0.894794,-0.446864,0.062506,0.282475,0.252926,0.040823,-0.059251,0.400694,-0.120867,-0.104766,0.394677,-0.312992,0.186060,0.148011,0.052243,0.156370,0.311472,0.205923,-0.494141,1.042953,-0.205230,0.141368,0.227545,-0.427605,-0.346640,0.523971,0.987425,0.150347,0.022382,-0.165808
0.515235,-1.225975,0.734150,-0.005971,-0.006090,-0.443634,0.896167,-0.449376,0.045460,0.277968,0.273246,0.049237,-0.053343,0.379677,-0.138412,-0.105083,0.455937,-0.294171,0.183264,0.145970,0.038737,0.150260,0.304273,0.206688,-0.500163,1.046695,-0.202976,0.142310,0.224543,-0.414582,-0.340043,0.520134,0.992163,0.151184,0.022890,-0.166776
0.523294,-1.233335,0.735263,-0.000899,-0.006869,-0.440985,0.897488,-0.447159,0.031767,0.278259,0.291082,0.050755,-0.052828,0.355610,-0.153700,-0.103397,0.524219,-0.269416,0.173067,0.144184,0.027376,0.145772,0.295681,0.207842,-0.506410,1.050252,-0.200509,0.143830,0.221074,-0.400860,-0.333123,0.515691,0.998859,0.152605,0.022814,-0.167232
0.531201,-1.240833,0.736372,0.003326,-0.008126,-0.438275,0.898798,-0.440784,0.020007,0.280716,0.306177,0.047444,-0.056670,0.329494,-0.167730,-0.100658,0.597475,-0.238842,0.157139,0.142643,0.017439,0.142527,0.285971,0.209385,-0.512992,1.053565,-0.197755,0.145658,0.217157,-0.386179,-0.325866,0.510548,1.007189,0.154346,0.022386,-0.167285
0.539082,-1.248138,0.737639,0.007135,-0.009878,-0.435564,0.900075,-0.431800,0.008624,0.283405,0.319509,0.040819,-0.059140,0.301845,-0.181617,-0.097078,0.672707,-0.204006,0.138867,0.140633,0.007971,0.140549,0.276191,0.211224,-0.518442,1.055222,-0.194782,0.147149,0.213625,-0.371780,-0.318486,0.505936,1.016257,0.155693,0.022334,-0.166449
0.546971,-1.255155,0.739102,0.010901,-0.012141,-0.432931,0.901280,-0.421569,-0.004081,0.284418,0.331557,0.032601,-0.054599,0.273043,-0.196178,-0.092418,0.747428,-0.166636,0.121739,0.137393,-0.001822,0.139905,0.267335,0.213198,-0.521175,1.053809,-0.191633,0.147644,0.211328,-0.358888,-0.311310,0.503242,1.025135,0.155989,0.023401,-0.164221
0.554756,-1.261904,0.740563,0.014686,-0.015000,-0.430378,0.902405,-0.410517,-0.018933,0.282825,0.342685,0.022352,-0.039823,0.242163,-0.212125,-0.086760,0.823733,-0.124167,0.106989,0.132644,-0.012057,0.140915,0.259951,0.215092,-0.519785,1.048310,-0.187541,0.147064,0.210608,-0.347818,-0.304587,0.502792,1.033880,0.155203,0.026077,-0.159856
0.562455,-1.268608,0.742036,0.018251,-0.018437,-0.427865,0.903470,-0.397926,-0.035292,0.279660,0.352287,0.009896,-0.018372,0.209186,-0.228865,-0.080077,0.902474,-0.076781,0.092511,0.126766,-0.022167,0.143489,0.253237,0.216831,-0.515356,1.039901,-0.182678,0.145717,0.211000,-0.337786,-0.298343,0.503954,1.042735,0.153670,0.029883,-0.153807
0.570138,-1.275159,0.743441,0.021526,-0.022325,-0.425406,0.904471,-0.383512,-0.052513,0.275960,0.359593,-0.002940,0.005201,0.175634,-0.244904,-0.071681,0.979921,-0.030624,0.077153,0.120059,-0.031961,0.147075,0.246188,0.218557,-0.510070,1.030406,-0.178551,0.143528,0.212144,-0.328468,-0.292633,0.506757,1.051184,0.151387,0.034104,-0.147351
0.577898,-1.281509,0.744771,0.024372,-0.026485,-0.422982,0.905423,-0.366733,-0.069542,0.272545,0.363778,-0.014793,0.026186,0.143167,-0.258336,-0.061144,1.052153,0.008258,0.059981,0.112770,-0.041112,0.151107,0.237925,0.220536,-0.506149,1.021451,-0.176666,0.140440,0.213649,-0.319465,-0.287521,0.511108,1.058595,0.148302,0.038026,-0.141752
0.585460,-1.287728,0.746005,0.026890,-0.031113,-0.420693,0.906271,-0.346774,-0.086419,0.269920,0.364382,-0.026025,0.044540,0.111335,-0.269198,-0.048015,1.120233,0.040971,0.039219,0.105004,-0.050021,0.155866,0.228906,0.222922,-0.503425,1.012120,-0.178231,0.136077,0.215737,-0.311046,-0.283179,0.517648,1.064736,0.143450,0.041954,-0.136659
0.592903,-1.293909,0.747135,0.029109,-0.036211,-0.418467,0.907043,-0.324088,-0.103269,0.267193,0.362191,-0.037536,0.062236,0.079332,-0.277924,-0.032788,1.186110,0.069793,0.016181,0.096635,-0.058749,0.161521,0.219486,0.225739,-0.501064,1.001723,-0.182193,0.130601,0.218451,-0.303148,-0.279678,0.526101,1.069740,0.137205,0.046105,-0.131578
0.600213,-1.299999,0.748217,0.030769,-0.041286,-0.416106,0.907857,-0.300015,-0.118878,0.263293,0.358449,-0.049114,0.077488,0.048385,-0.282771,-0.016311,1.247385,0.090102,-0.005045,0.087731,-0.066460,0.167337,0.208665,0.229096,-0.500338,0.992216,-0.186704,0.124759,0.221138,-0.294926,-0.276878,0.534928,1.073577,0.131471,0.049661,-0.127585
0.607371,-1.306209,0.749421,0.031576,-0.045831,-0.413454,0.908823,-0.275934,-0.132065,0.257433,0.354317,-0.060363,0.088656,0.019848,-0.281711,0.000663,1.301701,0.097096,-0.020152,0.078521,-0.072255,0.172615,0.195401,0.233150,-0.502657,0.985541,-0.189981,0.119316,0.223180,-0.285494,-0.274570,0.542479,1.076233,0.128136,0.051815,-0.125788
0.614551,-1.312485,0.750729,0.031279,-0.049896,-0.410588,0.909917,-0.251674,-0.142288,0.249825,0.350121,-0.071366,0.094629,-0.004941,-0.271834,0.019585,1.348828,0.083922,-0.026503,0.069047,-0.075826,0.177666,0.179361,0.238082,-0.508888,0.981972,-0.191972,0.113989,0.224686,-0.275017,-0.272674,0.549227,1.077703,0.128113,0.052103,-0.126570
0.621384,-1.318645,0.752020,0.030075,-0.053691,-0.407578,0.911095,-0.226727,-0.150178,0.241061,0.345345,-0.082291,0.096580,-0.026802,-0.254488,0.039981,1.390596,0.054557,-0.026653,0.059307,-0.077755,0.182811,0.161206,0.243889,-0.518256,0.980269,-0.193559,0.108564,0.225873,-0.263813,-0.271196,0.555597,1.077979,0.130193,0.051034,-0.129323
0.627833,-1.324594,0.753406,0.028350,-0.056944,-0.404241,0.912438,-0.202136,-0.156390,0.231027,0.339990,-0.092775,0.096431,-0.047892,-0.234482,0.058311,1.427727,0.020388,-0.024322,0.049353,-0.078457,0.187352,0.141306,0.250386,-0.529724,0.980224,-0.194391,0.103911,0.226319,-0.251308,-0.270053,0.559966,1.077131,0.133153,0.049249,-0.133684
0.634282,-1.330570,0.754879,0.026471,-0.059354,-0.400401,0.914032,-0.179062,-0.161527,0.219543,0.334221,-0.102512,0.096072,-0.070630,-0.216587,0.071466,1.460573,-0.006875,-0.022971,0.039289,-0.078230,0.190528,0.119922,0.257308,-0.542302,0.981814,-0.194094,0.100888,0.225637,-0.236842,-0.269113,0.560610,1.075217,0.135735,0.047394,-0.139301
0.640731,-1.336613,0.756459,0.024439,-0.060567,-0.395935,0.915953,-0.158454,-0.165339,0.206277,0.328349,-0.111441,0.095407,-0.096331,-0.201154,0.078904,1.488820,-0.024113,-0.022382,0.028935,-0.076737,0.191710,0.096423,0.264538,-0.556605,0.986033,-0.192676,0.099680,0.223414,-0.220108,-0.268217,0.556914,1.072072,0.137414,0.045654,-0.146889
0.647222,-1.342705,0.758072,0.022109,-0.060833,-0.390957,0.918130,-0.139531,-0.167666,0.191548,0.322246,-0.119757,0.093681,-0.123711,-0.186426,0.082325,1.512244,-0.037436,-0.021282,0.018316,-0.073921,0.191500,0.070778,0.272003,-0.572966,0.992664,-0.190306,0.099829,0.219982,-0.201504,-0.267306,0.549785,1.067749,0.138882,0.043666,-0.156376
0.653554,-1.348558,0.759584,0.019599,-0.060739,-0.385662,0.920430,-0.120915,-0.169158,0.176063,0.315490,-0.127549,0.091756,-0.151362,-0.173812,0.082322,1.531131,-0.048861,-0.021281,0.007801,-0.070385,0.190899,0.044143,0.279487,-0.589896,1.000039,-0.186818,0.101208,0.216076,-0.181473,-0.266420,0.539884,1.062684,0.140746,0.041267,-0.166238
0.659964,-1.354458,0.761133,0.017031,-0.060874,-0.380247,0.922722,-0.101224,-0.170407,0.160471,0.307679,-0.134897,0.090464,-0.177852,-0.164610,0.079571,1.545789,-0.060436,-0.023959,-0.002288,-0.066711,0.190859,0.017620,0.286732,-0.605834,1.006664,-0.181999,0.103674,0.212432,-0.160435,-0.265637,0.527932,1.057301,0.143669,0.038289,-0.174949
0.666437,-1.360417,0.762644,0.014335,-0.061270,-0.374749,0.924989,-0.080274,-0.171300,0.144888,0.298804,-0.141961,0.090234,-0.203197,-0.159230,0.073807,1.556230,-0.072099,-0.030168,-0.011938,-0.062646,0.191331,-0.009183,0.293626,-0.621408,1.013362,-0.174957,0.107861,0.208498,-0.138082,-0.264996,0.513386,1.051472,0.148060,0.034247,-0.182417
0.672997,-1.366248,0.764039,0.011487,-0.061657,-0.369062,0.927286,-0.058772,-0.171582,0.128982,0.289124,-0.148686,0.090568,-0.227972,-0.157029,0.064993,1.562262,-0.082988,-0.038888,-0.021284,-0.057951,0.191944,-0.036752,0.300128,-0.637154,1.020756,-0.166017,0.113574,0.204097,-0.114206,-0.264446,0.496022,1.044826,0.153499,0.029379,-0.189326
0.679603,-1.372234,0.765390,0.008668,-0.062168,-0.363180,0.929602,-0.036743,-0.171605,0.112733,0.278773,-0.154901,0.090909,-0.251534,-0.157588,0.054205,1.563868,-0.093956,-0.048827,-0.030330,-0.053272,0.193040,-0.064150,0.306124,-0.651221,1.027260,-0.156787,0.119438,0.200586,-0.089618,-0.263937,0.477299,1.037781,0.159475,0.024601,-0.195328
0.685937,-1.378003,0.766543,0.006046,-0.062929,-0.357094,0.931927,-0.014155,-0.171733,0.096103,0.267787,-0.160397,0.090690,-0.273244,-0.160413,0.042451,1.561027,-0.105821,-0.058703,-0.039270,-0.049254,0.194857,-0.090360,0.311515,-0.661495,1.031382,-0.148850,0.124110,0.199370,-0.065317,-0.263425,0.458946,1.031072,0.165507,0.020830,-0.200106
0.692252,-1.383829,0.767592,0.003600,-0.064128,-0.350737,0.934269,0.009613,-0.172032,0.078816,0.255758,-0.164863,0.089642,-0.292538,-0.165916,0.029363,1.553545,-0.118986,-0.068611,-0.048354,-0.046063,0.197687,-0.115322,0.316300,-0.666965,1.033340,-0.141952,0.127560,0.200965,-0.041349,-0.262849,0.440942,1.024731,0.172032,0.018320,-0.203319
0.698691,-1.389608,0.768592,0.001249,-0.065636,-0.344133,0.936623,0.034319,-0.172253,0.060976,0.242898,-0.168553,0.088109,-0.309708,-0.173907,0.014588,1.541472,-0.133035,-0.078851,-0.057550,-0.043353,0.201221,-0.139550,0.320557,-0.668720,1.033999,-0.135446,0.130420,0.204602,-0.017371,-0.262134,0.422750,1.018645,0.179190,0.016586,-0.205240
0.705242,-1.395494,0.769525,-0.000908,-0.067131,-0.337418,0.938958,0.058691,-0.172195,0.043107,0.230181,-0.172156,0.086445,-0.325488,-0.183032,-0.000805,1.525186,-0.147535,-0.088439,-0.066605,-0.041019,0.204743,-0.162895,0.324331,-0.667742,1.032885,-0.130279,0.132344,0.209792,0.006180,-0.261252,0.405320,1.013479,0.186017,0.015440,-0.206503
0.711611,-1.401341,0.770220,-0.002779,-0.068274,-0.330724,0.941251,0.081449,-0.171722,0.025749,0.218564,-0.176287,0.084994,-0.340703,-0.192004,-0.015758,1.505043,-0.161965,-0.096490,-0.075326,-0.038929,0.207533,-0.185115,0.327649,-0.664894,1.029444,-0.127359,0.132969,0.216055,0.028790,-0.260214,0.389707,1.009958,0.191565,0.014682,-0.207752
0.717908,-1.407315,0.770707,-0.004342,-0.068965,-0.323939,0.943551,0.102329,-0.170846,0.008713,0.207958,-0.180881,0.083644,-0.355444,-0.201422,-0.030977,1.480870,-0.177094,-0.103113,-0.083877,-0.037082,0.209339,-0.206255,0.330560,-0.659902,1.023714,-0.127819,0.131834,0.224224,0.050434,-0.259076,0.376101,1.008245,0.195481,0.014336,-0.209055
0.724062,-1.413165,0.770987,-0.005648,-0.069393,-0.317046,0.945851,0.121984,-0.169667,-0.008163,0.197967,-0.185682,0.082285,-0.369241,-0.211438,-0.046809,1.452484,-0.192851,-0.108464,-0.092276,-0.035520,0.210507,-0.226427,0.333122,-0.652415,1.016014,-0.130842,0.129216,0.234246,0.071337,-0.257875,0.364017,1.008059,0.198307,0.014484,-0.210115
0.730452,-1.419021,0.771313,-0.006726,-0.069619,-0.310323,0.948055,0.140559,-0.168249,-0.024315,0.189005,-0.191013,0.081251,-0.382202,-0.220321,-0.061608,1.420203,-0.207392,-0.111989,-0.100103,-0.034146,0.211225,-0.245527,0.335365,-0.643245,1.006202,-0.134482,0.125879,0.244321,0.091341,-0.256611,0.353469,1.009504,0.200426,0.015011,-0.211038
0.736888,-1.424788,0.771466,-0.007587,-0.069746,-0.304050,0.950069,0.158273,-0.166687,-0.039192,0.181310,-0.197095,0.080855,-0.394530,-0.226551,-0.073658,1.384342,-0.218872,-0.113375,-0.106935,-0.032893,0.211685,-0.263480,0.337282,-0.633253,0.994165,-0.136863,0.122630,0.252662,0.110240,-0.255261,0.344443,1.012718,0.202208,0.015792,-0.211939
0.743226,-1.430658,0.771346,-0.008220,-0.069757,-0.298286,0.951889,0.175266,-0.165022,-0.052610,0.174668,-0.203851,0.081083,-0.406607,-0.229997,-0.082333,1.345065,-0.226833,-0.112811,-0.112503,-0.031691,0.211882,-0.280512,0.338536,-0.622114,0.979928,-0.137903,0.119669,0.258991,0.128148,-0.254041,0.337033,1.017753,0.203309,0.016805,-0.213044
0.749566,-1.436485,0.771022,-0.008612,-0.069646,-0.292885,0.953569,0.191464,-0.163270,-0.064903,0.168881,-0.211104,0.081753,-0.418274,-0.231601,-0.088543,1.302143,-0.232247,-0.110666,-0.117199,-0.030799,0.211741,-0.296277,0.339765,-0.609336,0.963102,-0.138446,0.116635,0.264142,0.144639,-0.252567,0.331259,1.025088,0.203526,0.018062,-0.214300
0.755886,-1.442384,0.770611,-0.008816,-0.069398,-0.287817,0.955127,0.206697,-0.161491,-0.076289,0.164341,-0.219018,0.082936,-0.428999,-0.231583,-0.092779,1.255339,-0.235493,-0.106996,-0.121106,-0.029975,0.211225,-0.311080,0.340660,-0.596279,0.944681,-0.138115,0.113344,0.268253,0.160283,-0.251152,0.326666,1.033800,0.203905,0.019656,-0.215199
0.762293,-1.448225,0.770123,-0.008872,-0.069032,-0.283052,0.956576,0.220891,-0.159736,-0.087006,0.161241,-0.227683,0.084698,-0.438213,-0.230162,-0.095564,1.204326,-0.236940,-0.101877,-0.124208,-0.029051,0.210378,-0.325053,0.341158,-0.584350,0.925273,-0.136539,0.109644,0.271438,0.175600,-0.249951,0.322584,1.043008,0.205340,0.021662,-0.215213
0.768741,-1.454165,0.769520,-0.008820,-0.068559,-0.278623,0.957910,0.233685,-0.157951,-0.096908,0.160353,-0.237419,0.087296,-0.445838,-0.227254,-0.096735,1.148763,-0.236439,-0.095771,-0.127008,-0.028170,0.209222,-0.337544,0.341695,-0.572681,0.904103,-0.133151,0.105442,0.273050,0.189492,-0.248385,0.319480,1.054142,0.207918,0.023985,-0.214292
0.775301,-1.460176,0.768767,-0.008634,-0.067964,-0.274526,0.959136,0.245367,-0.156152,-0.105993,0.161033,-0.247931,0.090586,-0.452082,-0.223022,-0.096005,1.088843,-0.233952,-0.088742,-0.129136,-0.027463,0.207703,-0.348741,0.342328,-0.561339,0.881070,-0.128525,0.100851,0.273323,0.202174,-0.246405,0.317337,1.067149,0.211189,0.026607,-0.212733
0.781740,-1.466039,0.767811,-0.008309,-0.067202,-0.270652,0.960293,0.256177,-0.154430,-0.114643,0.162734,-0.258964,0.094017,-0.456839,-0.217962,-0.093820,1.024962,-0.229976,-0.080182,-0.130453,-0.026624,0.205875,-0.358992,0.342695,-0.551107,0.856954,-0.123109,0.096067,0.273385,0.214749,-0.244804,0.315570,1.080022,0.215027,0.029668,-0.210590
0.788229,-1.472054,0.766677,-0.007803,-0.066250,-0.266888,0.961416,0.265989,-0.152955,-0.123177,0.165625,-0.270626,0.097031,-0.459946,-0.212555,-0.090653,0.957219,-0.224904,-0.069446,-0.131948,-0.026128,0.203467,-0.367787,0.343168,-0.541297,0.832363,-0.116775,0.091365,0.274130,0.225781,-0.242666,0.315064,1.093782,0.219190,0.033031,-0.208508
0.794747,-1.478102,0.765422,-0.007061,-0.065040,-0.263215,0.962516,0.274782,-0.151762,-0.131751,0.169322,-0.282827,0.099444,-0.461284,-0.206699,-0.086296,0.884270,-0.217883,-0.056082,-0.132990,-0.025728,0.200585,-0.375574,0.343444,-0.532922,0.807019,-0.109811,0.086655,0.276110,0.236434,-0.240788,0.315251,1.107242,0.224440,0.036851,-0.206051
0.801428,-1.484122,0.764000,-0.006047,-0.063647,-0.259698,0.963571,0.283418,-0.150830,-0.140275,0.172285,-0.294729,0.101552,-0.460740,-0.200577,-0.080356,0.806055,-0.208950,-0.040728,-0.133912,-0.025813,0.197150,-0.382062,0.343699,-0.525175,0.780766,-0.101865,0.081884,0.278628,0.245626,-0.238462,0.316710,1.121941,0.230597,0.040999,-0.203414
0.808171,-1.490150,0.762419,-0.004775,-0.062203,-0.256317,0.964577,0.292200,-0.150286,-0.148612,0.174662,-0.306186,0.103523,-0.458236,-0.194978,-0.073219,0.724350,-0.199474,-0.024229,-0.134210,-0.026030,0.193492,-0.387496,0.343720,-0.518679,0.754033,-0.093561,0.077268,0.281352,0.255180,-0.236762,0.318072,1.135020,0.236145,0.045609,-0.200587
0.814994,-1.496303,0.760679,-0.003221,-0.060857,-0.253064,0.965528,0.301630,-0.150335,-0.156640,0.176300,-0.316920,0.105538,-0.453722,-0.190620,-0.065338,0.640879,-0.190752,-0.007292,-0.134592,-0.027015,0.189414,-0.391532,0.343668,-0.512411,0.727850,-0.084662,0.073068,0.283655,0.263782,-0.234510,0.319836,1.147624,0.239604,0.050376,-0.198362
0.821896,-1.502348,0.758709,-0.001251,-0.059655,-0.249929,0.966424,0.311873,-0.151367,-0.164402,0.177019,-0.327062,0.107798,-0.446165,-0.187583,-0.056219,0.552156,-0.182900,0.010943,-0.134379,-0.028631,0.185103,-0.394527,0.343476,-0.507494,0.701781,-0.075681,0.069275,0.285681,0.272980,-0.232689,0.321161,1.157943,0.240385,0.055921,-0.196241
0.828951,-1.508467,0.756680,0.001187,-0.058621,-0.246808,0.967289,0.323049,-0.153379,-0.172240,0.176491,-0.336422,0.110181,-0.434903,-0.186008,-0.046135,0.456500,-0.174248,0.030556,-0.134121,-0.031237,0.180497,-0.396365,0.343113,-0.503394,0.675787,-0.066189,0.065795,0.287539,0.281819,-0.230746,0.322755,1.167407,0.239372,0.062015,-0.194309
0.836258,-1.514765,0.754395,0.004029,-0.057892,-0.243522,0.968158,0.335424,-0.156132,-0.180538,0.174773,-0.344468,0.112462,-0.420462,-0.186591,-0.036837,0.358427,-0.163453,0.049943,-0.134064,-0.034936,0.175991,-0.397169,0.342555,-0.500000,0.650401,-0.056442,0.062678,0.289082,0.290540,-0.228594,0.323985,1.175333,0.237078,0.067753,-0.192851
0.843666,-1.521075,0.752009,0.007240,-0.057618,-0.239881,0.969064,0.349321,-0.159434,-0.189720,0.171782,-0.350568,0.114441,-0.404117,-0.189895,-0.029920,0.264061,-0.149833,0.067637,-0.134619,-0.039764,0.172056,-0.396864,0.341939,-0.497019,0.625828,-0.046770,0.059969,0.290125,0.299596,-0.226585,0.324311,1.180606,0.234074,0.072296,-0.192072
0.851130,-1.527342,0.749384,0.010968,-0.057920,-0.235822,0.970007,0.365215,-0.163687,-0.200003,0.167123,-0.354544,0.116105,-0.385793,-0.196155,-0.025209,0.172247,-0.132820,0.081924,-0.135978,-0.046071,0.168754,-0.395194,0.341333,-0.494331,0.601710,-0.036901,0.057815,0.290609,0.309208,-0.224756,0.323869,1.182785,0.229680,0.075516,-0.192416
0.858703,-1.533815,0.746763,0.015240,-0.058746,-0.231381,0.970968,0.382932,-0.168882,-0.211381,0.160945,-0.356694,0.117581,-0.384341,-0.205225,-0.018510,0.120945,-0.134165,0.094185,-0.137964,-0.053979,0.165873,-0.392451,0.340626,-0.492211,0.578272,-0.026791,0.056139,0.290603,0.318951,-0.222632,0.322849,1.182797,0.223843,0.077792,-0.193723
0.866425,-1.540352,0.744288,0.019493,-0.059700,-0.226841,0.971905,0.400813,-0.173530,-0.222998,0.155205,-0.357877,0.118743,-0.402359,-0.215077,-0.010243,0.117484,-0.156232,0.107572,-0.140267,-0.062053,0.163388,-0.388422,0.339951,-0.490251,0.555564,-0.016926,0.054664,0.290143,0.328403,-0.220585,0.321104,1.180991,0.218189,0.079138,-0.195123
0.874091,-1.547218,0.741856,0.023323,-0.060328,-0.222533,0.972777,0.417200,-0.176403,-0.233863,0.151940,-0.359294,0.119369,-0.417487,-0.224088,-0.005960,0.117337,-0.173975,0.125331,-0.142440,-0.069161,0.160964,-0.383339,0.339350,-0.488287,0.534205,-0.007974,0.053075,0.289297,0.336616,-0.218542,0.318492,1.178495,0.214318,0.079478,-0.195887
0.881644,-1.554002,0.739538,0.026758,-0.060895,-0.218005,0.973678,0.430378,-0.178318,-0.244502,0.154935,-0.362593,0.119642,-0.427026,-0.233841,-0.009101,0.116907,-0.184676,0.154424,-0.145186,-0.075826,0.159093,-0.377506,0.338848,-0.486270,0.514272,0.000405,0.051342,0.287502,0.344020,-0.216177,0.314405,1.174649,0.212721,0.078289,-0.195885
0.889143,-1.560743,0.737370,0.029907,-0.061338,-0.213462,0.974565,0.441039,-0.179635,-0.254560,0.162687,-0.367109,0.119491,-0.432147,-0.244078,-0.017985,0.116282,-0.189201,0.191083,-0.148282,-0.082021,0.157521,-0.370521,0.338523,-0.484146,0.495244,0.008299,0.049584,0.284943,0.350905,-0.213923,0.309326,1.169018,0.212638,0.075812,-0.195433
0.896555,-1.567616,0.735430,0.032124,-0.061195,-0.209511,0.975361,0.448859,-0.179093,-0.262536,0.174630,-0.372248,0.118819,-0.433604,-0.251767,-0.028416,0.115291,-0.188426,0.222740,-0.150605,-0.086136,0.155631,-0.362117,0.338241,-0.482232,0.477597,0.015160,0.047838,0.282579,0.356276,-0.211512,0.304193,1.163595,0.213393,0.072972,-0.194728
0.904066,-1.574399,0.733785,0.032810,-0.060045,-0.206624,0.976025,0.453060,-0.175584,-0.267182,0.191212,-0.377955,0.117625,-0.432616,-0.254300,-0.036071,0.114759,-0.183835,0.237017,-0.151595,-0.086517,0.152831,-0.351708,0.337934,-0.480567,0.461515,0.020365,0.046152,0.281415,0.359578,-0.209438,0.300341,1.159630,0.214613,0.070817,-0.193811
0.911630,-1.581122,0.732557,0.031352,-0.057670,-0.205287,0.976498,0.453449,-0.167796,-0.267516,0.212437,-0.384946,0.115805,-0.427886,-0.249874,-0.039888,0.114928,-0.176518,0.224906,-0.150183,-0.082097,0.149071,-0.339463,0.337362,-0.479153,0.447355,0.023774,0.044462,0.281723,0.359565,-0.206605,0.297445,1.159047,0.216273,0.069152,-0.192618
0.919371,-1.588092,0.731640,0.027735,-0.054099,-0.205146,0.976842,0.449600,-0.155447,-0.264143,0.239876,-0.394324,0.113154,-0.420103,-0.238801,-0.042396,0.116790,-0.166024,0.194775,-0.147153,-0.072870,0.144340,-0.325771,0.336305,-0.478015,0.435459,0.025701,0.042725,0.283180,0.356905,-0.203373,0.295547,1.160614,0.218993,0.067636,-0.191200
0.927008,-1.595114,0.731196,0.022916,-0.049519,-0.205154,0.977208,0.441644,-0.140319,-0.259367,0.272739,-0.403767,0.110010,-0.412523,-0.223743,-0.044562,0.119781,-0.150226,0.160891,-0.144287,-0.060368,0.138451,-0.310742,0.335044,-0.477320,0.425541,0.026532,0.041150,0.285081,0.353198,-0.201121,0.294384,1.162147,0.221613,0.066712,-0.189783
0.934744,-1.602306,0.731028,0.017969,-0.044223,-0.204309,0.977742,0.430115,-0.124574,-0.255483,0.309445,-0.410429,0.106779,-0.407540,-0.208067,-0.047747,0.122158,-0.126802,0.137486,-0.142762,-0.047067,0.131115,-0.295453,0.333620,-0.477929,0.418672,0.026821,0.039942,0.286744,0.349062,-0.199364,0.293617,1.163244,0.222815,0.066580,-0.189122
0.942691,-1.609577,0.731055,0.013148,-0.037519,-0.202275,0.978521,0.413605,-0.108210,-0.253434,0.349609,-0.414627,0.103455,-0.408226,-0.192315,-0.052037,0.125198,-0.091446,0.128080,-0.142860,-0.033148,0.120813,-0.280427,0.331901,-0.480542,0.415415,0.025993,0.038970,0.288500,0.344600,-0.197502,0.292541,1.163832,0.221442,0.067646,-0.189655
0.950500,-1.616845,0.731445,0.007987,-0.029555,-0.199639,0.979391,0.393068,-0.090342,-0.252279,0.392458,-0.416663,0.099927,-0.431119,-0.176181,-0.053525,0.168301,-0.067405,0.124919,-0.143604,-0.017771,0.108256,-0.265287,0.330024,-0.484836,0.415314,0.023934,0.038193,0.290537,0.339434,-0.195595,0.291423,1.164311,0.218395,0.069647,-0.190966
0.958745,-1.624240,0.731809,0.002607,-0.021725,-0.196959,0.980167,0.371469,-0.072320,-0.250875,0.437486,-0.414371,0.096513,-0.449231,-0.159510,-0.056379,0.202727,-0.038960,0.125563,-0.143879,-0.001969,0.096017,-0.250282,0.327924,-0.490322,0.418699,0.021968,0.037913,0.292038,0.333270,-0.193890,0.291260,1.165363,0.215411,0.071744,-0.192601
0.967177,-1.631729,0.732103,-0.002852,-0.015465,-0.194774,0.980722,0.351811,-0.055439,-0.248006,0.484310,-0.405829,0.093631,-0.461332,-0.143202,-0.059526,0.233438,-0.018786,0.127615,-0.142725,0.013138,0.086643,-0.235601,0.325395,-0.496458,0.425898,0.021481,0.038441,0.292199,0.325876,-0.192779,0.293034,1.167594,0.214250,0.073108,-0.194082
0.975742,-1.638901,0.732542,-0.008426,-0.011062,-0.193187,0.981063,0.334472,-0.040121,-0.243768,0.534442,-0.391204,0.092839,-0.467387,-0.126930,-0.061882,0.262336,-0.011294,0.131242,-0.140070,0.027585,0.080323,-0.220839,0.322260,-0.503150,0.437195,0.023395,0.039753,0.290622,0.317394,-0.192536,0.297392,1.171475,0.216235,0.073299,-0.195623
0.984388,-1.645927,0.733211,-0.014192,-0.007750,-0.192003,0.981261,0.317649,-0.025426,-0.238516,0.588023,-0.371580,0.093815,-0.469247,-0.110119,-0.063648,0.289125,-0.010706,0.137465,-0.136392,0.042046,0.075708,-0.205956,0.318481,-0.510515,0.452330,0.026873,0.041719,0.287788,0.307914,-0.193176,0.303773,1.176468,0.220216,0.072863,-0.197291
0.992983,-1.652914,0.733978,-0.020032,-0.005428,-0.191253,0.981321,0.300744,-0.010816,-0.231447,0.643643,-0.346638,0.094193,-0.466833,-0.093414,-0.066062,0.312026,-0.012804,0.145321,-0.131773,0.056259,0.073035,-0.191576,0.314129,-0.518291,0.470811,0.030598,0.044412,0.284220,0.297173,-0.194693,0.311395,1.181633,0.224229,0.072454,-0.198387
1.001617,-1.659690,0.734933,-0.025805,-0.004010,-0.190959,0.981250,0.283199,0.004001,-0.221842,0.700210,-0.316008,0.091428,-0.459906,-0.077570,-0.070322,0.328961,-0.013179,0.153814,-0.126351,0.069906,0.072607,-0.178195,0.309364,-0.526130,0.492023,0.033244,0.047922,0.280444,0.284911,-0.197056,0.319519,1.186005,0.226313,0.072742,-0.198220
1.010321,-1.666219,0.736011,-0.031594,-0.003791,-0.191492,0.980978,0.265440,0.018753,-0.208786,0.758945,-0.277799,0.085922,-0.446693,-0.062557,-0.077054,0.337408,-0.009444,0.164785,-0.119886,0.083071,0.075150,-0.165168,0.304221,-0.533369,0.516291,0.035153,0.052545,0.276210,0.270589,-0.200274,0.328390,1.189899,0.225407,0.074531,-0.196101
1.018759,-1.672477,0.737163,-0.037397,-0.004706,-0.192739,0.980526,0.247585,0.033095,-0.192959,0.820390,-0.232962,0.078550,-0.427914,-0.047994,-0.085181,0.339127,-0.004319,0.177994,-0.112535,0.095890,0.080183,-0.152180,0.298730,-0.540227,0.543549,0.036817,0.058140,0.271373,0.254475,-0.204302,0.338476,1.193724,0.222744,0.077266,-0.192533
1.026962,-1.678650,0.738340,-0.042936,-0.006151,-0.193990,0.980044,0.228549,0.047094,-0.176256,0.882888,-0.185627,0.067628,-0.406967,-0.034191,-0.093467,0.338314,-0.001009,0.189362,-0.104935,0.107964,0.086323,-0.140307,0.293122,-0.547773,0.572657,0.037111,0.064174,0.266645,0.237429,-0.209056,0.349231,1.196697,0.219776,0.079563,-0.188658
1.034932,-1.684680,0.739501,-0.047965,-0.007532,-0.194525,0.979695,0.206997,0.061117,-0.160741,0.945298,-0.140080,0.051939,-0.387200,-0.021490,-0.100904,0.339126,-0.002748,0.194835,-0.097637,0.118875,0.092336,-0.130625,0.287734,-0.557142,0.602384,0.034848,0.070136,0.262762,0.220356,-0.214380,0.359958,1.197893,0.217933,0.080050,-0.185638
1.042687,-1.690585,0.740707,-0.052454,-0.008702,-0.194104,0.979539,0.181799,0.076002,-0.147119,1.009231,-0.093489,0.026162,-0.369500,-0.009924,-0.107523,0.342820,-0.011692,0.192172,-0.090673,0.128480,0.098153,-0.123904,0.282902,-0.569266,0.632841,0.029060,0.076494,0.260110,0.203643,-0.220090,0.370022,1.196318,0.217438,0.077923,-0.183650
1.050240,-1.696323,0.741933,-0.056526,-0.009993,-0.193128,0.979493,0.153511,0.091250,-0.134866,1.076075,-0.045264,-0.006706,-0.351959,0.000758,-0.113768,0.346945,-0.025599,0.183927,-0.083698,0.136863,0.104498,-0.119264,0.278720,-0.583425,0.664251,0.020455,0.083357,0.258291,0.186688,-0.226121,0.379827,1.192720,0.217521,0.074044,-0.182147
1.057571,-1.701922,0.743224,-0.060217,-0.011527,-0.191838,0.979510,0.123399,0.106220,-0.123553,1.143587,-0.002867,-0.035203,-0.333669,0.010681,-0.119458,0.349964,-0.041065,0.173245,-0.076778,0.144113,0.111416,-0.115385,0.275104,-0.598187,0.695579,0.010377,0.089671,0.256816,0.168889,-0.232539,0.390348,1.188679,0.218210,0.069554,-0.181191
1.064870,-1.707291,0.744554,-0.063603,-0.013399,-0.190467,0.979539,0.092961,0.121113,-0.111904,1.208524,0.026508,-0.047858,-0.313725,0.019961,-0.124551,0.350342,-0.054697,0.163265,-0.070050,0.150462,0.118906,-0.110999,0.271865,-0.612072,0.725863,0.000217,0.094383,0.255144,0.149641,-0.239507,0.402611,1.185758,0.219532,0.065605,-0.180830
1.072026,-1.712611,0.745975,-0.066908,-0.015739,-0.188873,0.979593,0.062240,0.137709,-0.098996,1.270933,0.039700,-0.038529,-0.291403,0.028914,-0.129464,0.347487,-0.066037,0.153973,-0.063793,0.156299,0.127386,-0.106389,0.268900,-0.625409,0.755456,-0.010167,0.096319,0.253163,0.128708,-0.247202,0.417623,1.183823,0.222090,0.062120,-0.181497
1.079050,-1.717691,0.747477,-0.070101,-0.018448,-0.187038,0.979675,0.030712,0.156586,-0.085281,1.331813,0.040601,-0.014039,-0.267435,0.037579,-0.134100,0.342324,-0.076670,0.143950,-0.057875,0.161704,0.136799,-0.102063,0.266196,-0.638609,0.784654,-0.021296,0.096342,0.251085,0.106466,-0.255593,0.434742,1.181953,0.225733,0.058639,-0.182979
1.086037,-1.722470,0.749119,-0.072832,-0.021271,-0.185288,0.979751,-0.000535,0.175668,-0.071341,1.388391,0.033058,0.017035,-0.242799,0.045400,-0.137821,0.335357,-0.086390,0.134231,-0.051929,0.166288,0.146392,-0.097113,0.263680,-0.650379,0.812492,-0.032301,0.096461,0.248869,0.083229,-0.264485,0.452505,1.180614,0.229339,0.055730,-0.184363
1.092921,-1.727047,0.750775,-0.074724,-0.023961,-0.183985,0.979792,-0.030614,0.192368,-0.057409,1.438236,0.021304,0.045761,-0.218696,0.051745,-0.140014,0.327383,-0.095038,0.125863,-0.045533,0.169564,0.155347,-0.090607,0.261270,-0.659398,0.838122,-0.042277,0.098674,0.246523,0.059187,-0.273670,0.469502,1.180557,0.231798,0.053952,-0.184788
1.099830,-1.731472,0.752546,-0.075545,-0.026516,-0.183315,0.979789,-0.059287,0.205856,-0.042253,1.480883,0.003378,0.071540,-0.195482,0.056088,-0.140329,0.318799,-0.102645,0.119077,-0.038352,0.171059,0.163569,-0.082384,0.258842,-0.665422,0.861727,-0.050672,0.103893,0.243793,0.033760,-0.283135,0.486364,1.182878,0.232728,0.053545,-0.183919
1.106716,-1.735858,0.754321,-0.075472,-0.029052,-0.183038,0.979774,-0.086864,0.216301,-0.026095,1.517577,-0.021762,0.097339,-0.172678,0.058617,-0.139284,0.309560,-0.109492,0.113321,-0.030681,0.171008,0.171430,-0.072977,0.256355,-0.669113,0.883820,-0.058018,0.110913,0.240805,0.006958,-0.292881,0.503622,1.187040,0.232753,0.054171,-0.182281
1.113855,-1.740142,0.756234,-0.074788,-0.031483,-0.182880,0.979781,-0.113593,0.222901,-0.010821,1.548463,-0.047836,0.119917,-0.150223,0.059798,-0.137622,0.299795,-0.115810,0.108469,-0.023014,0.169963,0.178822,-0.062510,0.253898,-0.670596,0.904053,-0.065096,0.118540,0.238146,-0.020084,-0.302694,0.519615,1.191438,0.232224,0.055509,-0.180311
1.120601,-1.744191,0.757926,-0.073793,-0.033718,-0.182566,0.979841,-0.139904,0.225387,0.001935,1.573630,-0.068414,0.136566,-0.127964,0.060183,-0.136060,0.289374,-0.121696,0.104429,-0.015801,0.168452,0.185596,-0.051081,0.251661,-0.670059,0.922016,-0.072719,0.125592,0.236402,-0.046325,-0.312312,0.532537,1.194685,0.231424,0.057211,-0.178482
1.127490,-1.748227,0.759675,-0.072468,-0.035653,-0.181958,0.979984,-0.166519,0.223912,0.012397,1.592837,-0.081071,0.146688,-0.106064,0.059696,-0.134815,0.278199,-0.127021,0.101162,-0.009311,0.166339,0.191558,-0.038401,0.249764,-0.667021,0.937510,-0.081311,0.132089,0.235826,-0.071924,-0.321636,0.541866,1.197154,0.229981,0.059604,-0.176643
1.134425,-1.752251,0.761342,-0.070708,-0.037352,-0.181214,0.980187,-0.193291,0.218590,0.021637,1.606037,-0.089035,0.151708,-0.084559,0.058085,-0.133602,0.266395,-0.131828,0.098784,-0.003286,0.163350,0.196854,-0.024417,0.248234,-0.661553,0.950585,-0.090426,0.138551,0.236077,-0.097469,-0.330710,0.548534,1.199675,0.227830,0.062692,-0.174664
1.141427,-1.756379,0.762919,-0.068668,-0.038993,-0.180509,0.980398,-0.219411,0.209393,0.029317,1.613602,-0.094412,0.152222,-0.062990,0.055714,-0.132333,0.253932,-0.136353,0.097422,0.002633,0.159815,0.201811,-0.009587,0.247130,-0.654669,0.961232,-0.099583,0.144543,0.236829,-0.122646,-0.339545,0.552934,1.201648,0.225768,0.065642,-0.173061
1.148591,-1.760380,0.764429,-0.066518,-0.040750,-0.180022,0.980565,-0.244056,0.196275,0.035011,1.615906,-0.099379,0.148841,-0.040928,0.052966,-0.130914,0.240845,-0.140836,0.097155,0.008879,0.156100,0.206742,0.005596,0.246534,-0.647494,0.969469,-0.108330,0.149638,0.237747,-0.147031,-0.348123,0.555335,1.202377,0.224571,0.067631,-0.172363
1.155704,-1.764362,0.765848,-0.064190,-0.042767,-0.179774,0.980679,-0.267033,0.178002,0.038101,1.612689,-0.103816,0.141235,-0.017692,0.049697,-0.129291,0.226449,-0.145166,0.098254,0.015535,0.152025,0.211850,0.021228,0.246512,-0.639988,0.974883,-0.116930,0.153955,0.238962,-0.170557,-0.356467,0.555285,1.201903,0.224682,0.068331,-0.172847
1.162933,-1.768174,0.767127,-0.061657,-0.044922,-0.179687,0.980761,-0.288863,0.155301,0.038851,1.603830,-0.107026,0.129384,0.006362,0.045873,-0.127590,0.210888,-0.149263,0.100550,0.022395,0.147552,0.216965,0.037600,0.247073,-0.631655,0.977452,-0.125522,0.157645,0.240548,-0.193494,-0.364644,0.552814,1.200634,0.225627,0.068208,-0.174200
1.170211,-1.772025,0.768250,-0.059166,-0.046989,-0.179792,0.980799,-0.309682,0.131074,0.038131,1.589897,-0.110347,0.114490,0.030290,0.042018,-0.125932,0.195110,-0.153277,0.103421,0.029442,0.143216,0.221820,0.054498,0.248191,-0.622947,0.977861,-0.133456,0.160346,0.242071,-0.215842,-0.372673,0.548824,1.198346,0.226728,0.067649,-0.176059
1.177423,-1.775819,0.769172,-0.056918,-0.048744,-0.180121,0.980786,-0.329601,0.108166,0.036845,1.571478,-0.115022,0.097780,0.053215,0.038657,-0.124384,0.179890,-0.157348,0.106223,0.036674,0.139496,0.226105,0.071661,0.249811,-0.614344,0.976880,-0.140076,0.161697,0.243093,-0.237644,-0.380531,0.544237,1.194860,0.227322,0.067041,-0.178064
1.184716,-1.779491,0.769933,-0.054890,-0.050161,-0.180708,0.980722,-0.348598,0.085893,0.034187,1.548204,-0.121922,0.078539,0.075115,0.035735,-0.123029,0.165052,-0.161433,0.109044,0.044127,0.136378,0.229696,0.089002,0.251933,-0.606163,0.974594,-0.145200,0.161311,0.243278,-0.259084,-0.388227,0.539041,1.190322,0.227360,0.066397,-0.180264
1.192077,-1.783287,0.770515,-0.053009,-0.051349,-0.181553,0.980608,-0.366474,0.063798,0.029864,1.519926,-0.130513,0.057018,0.096433,0.033121,-0.121744,0.150280,-0.165462,0.112024,0.051826,0.133667,0.232753,0.106690,0.254540,-0.598069,0.970653,-0.149169,0.159489,0.242901,-0.280091,-0.395769,0.532819,1.184797,0.227142,0.065543,-0.182810
1.199389,-1.786999,0.770946,-0.051373,-0.052281,-0.182625,0.980447,-0.383106,0.044692,0.025677,1.487497,-0.139589,0.035689,0.117181,0.031125,-0.120245,0.135596,-0.169354,0.114691,0.059691,0.131446,0.235332,0.124790,0.257503,-0.589583,0.965284,-0.152114,0.156889,0.242453,-0.300494,-0.403120,0.526028,1.178149,0.226631,0.064565,-0.185498
1.206665,-1.790645,0.771110,-0.050058,-0.052921,-0.183874,0.980247,-0.398473,0.030944,0.023451,1.451775,-0.147682,0.016627,0.135574,0.029759,-0.118307,0.124790,-0.174966,0.116669,0.067596,0.129753,0.237449,0.143332,0.260602,-0.580187,0.958804,-0.154139,0.154167,0.242441,-0.320167,-0.410197,0.519159,1.170313,0.225800,0.063548,-0.188133
1.214053,-1.794290,0.771182,-0.049115,-0.053207,-0.185362,0.979999,-0.412606,0.022731,0.023309,1.412600,-0.154501,-0.001054,0.148482,0.028769,-0.115705,0.124138,-0.185484,0.118395,0.075584,0.128697,0.238958,0.162395,0.263644,-0.569543,0.951210,-0.154745,0.151216,0.242959,-0.339263,-0.416959,0.512524,1.161321,0.224645,0.062563,-0.190849
1.221609,-1.797957,0.771133,-0.048462,-0.053168,-0.187086,0.979706,-0.425463,0.018655,0.024442,1.369597,-0.160562,-0.018158,0.160656,0.028503,-0.112494,0.123547,-0.195664,0.119963,0.083637,0.128149,0.239801,0.181854,0.266530,-0.557971,0.942629,-0.154017,0.147767,0.243768,-0.357904,-0.423389,0.505876,1.151370,0.223211,0.061550,-0.193715
1.229139,-1.801578,0.770878,-0.047976,-0.052909,-0.188882,0.979399,-0.436881,0.018299,0.027310,1.323114,-0.165454,-0.032905,0.172426,0.028668,-0.109152,0.123004,-0.205680,0.120570,0.091579,0.127816,0.240147,0.201323,0.269175,-0.546050,0.933676,-0.152970,0.144214,0.244869,-0.375758,-0.429374,0.498660,1.140579,0.221496,0.060347,-0.196423
1.236749,-1.805160,0.770461,-0.047552,-0.052536,-0.190575,0.979112,-0.446719,0.021148,0.032371,1.273551,-0.168792,-0.043619,0.184115,0.028990,-0.106170,0.122535,-0.215728,0.119429,0.099199,0.127414,0.240161,0.220405,0.271527,-0.534344,0.924988,-0.152620,0.140953,0.246271,-0.392570,-0.434772,0.490351,1.129185,0.219497,0.058787,-0.198678
1.244476,-1.808781,0.769965,-0.047170,-0.052047,-0.192142,0.978850,-0.455196,0.027351,0.040171,1.221211,-0.170294,-0.049384,0.195737,0.029477,-0.103667,0.122099,-0.225790,0.115733,0.106430,0.126843,0.239842,0.239105,0.273579,-0.522731,0.916413,-0.153147,0.138052,0.248301,-0.408421,-0.439501,0.480529,1.117247,0.217304,0.056631,-0.200015
1.252262,-1.812388,0.769343,-0.046844,-0.051420,-0.193649,0.978602,-0.462193,0.036390,0.050584,1.165886,-0.170194,-0.051785,0.207143,0.030108,-0.101382,0.121782,-0.235813,0.110212,0.113346,0.126146,0.239121,0.257555,0.275329,-0.511031,0.907838,-0.154042,0.135307,0.250857,-0.423451,-0.443569,0.469481,1.104806,0.214819,0.054011,-0.200749
1.260134,-1.816017,0.768533,-0.046472,-0.050727,-0.195074,0.978373,-0.467066,0.046739,0.063127,1.107013,-0.168827,-0.052826,0.218484,0.030527,-0.099225,0.121608,-0.245986,0.104370,0.119954,0.125215,0.238061,0.275511,0.276764,-0.499692,0.899972,-0.155281,0.132692,0.253310,-0.437656,-0.447003,0.458019,1.092186,0.211974,0.051324,-0.201741
1.268059,-1.819518,0.767579,-0.046194,-0.049999,-0.196353,0.978168,-0.469052,0.057337,0.076840,1.043608,-0.166336,-0.054432,0.229766,0.030889,-0.097223,0.121931,-0.256629,0.099633,0.126180,0.124465,0.236679,0.292695,0.277836,-0.489194,0.893541,-0.156839,0.130182,0.255039,-0.450844,-0.449791,0.446707,1.079541,0.208498,0.048981,-0.203845
1.276149,-1.823023,0.766529,-0.045878,-0.049249,-0.197460,0.977998,-0.467576,0.067867,0.092157,0.974204,-0.162166,-0.057023,0.241121,0.030847,-0.095364,0.122431,-0.267662,0.096391,0.132003,0.123638,0.235001,0.309002,0.278524,-0.479503,0.888701,-0.158894,0.127634,0.255770,-0.463065,-0.451881,0.435440,1.066845,0.204183,0.047177,-0.207655
1.284426,-1.826452,0.765346,-0.045539,-0.048441,-0.198435,0.977856,-0.462933,0.078511,0.109536,0.899207,-0.156233,-0.059907,0.252536,0.030514,-0.093657,0.122909,-0.278872,0.093902,0.137305,0.122734,0.232887,0.324592,0.278714,-0.470372,0.885253,-0.161415,0.125087,0.255920,-0.474746,-0.453010,0.424198,1.054496,0.199150,0.045653,-0.212654
1.292800,-1.829807,0.764002,-0.045394,-0.047534,-0.199357,0.977720,-0.455902,0.088974,0.128250,0.820564,-0.149380,-0.063106,0.264036,0.030439,-0.092033,0.123368,-0.290127,0.091897,0.142344,0.122171,0.230361,0.339469,0.278649,-0.461946,0.882988,-0.163940,0.122838,0.255778,-0.485491,-0.453672,0.413288,1.042062,0.193934,0.044225,-0.217839
1.301271,-1.833167,0.762405,-0.045621,-0.046500,-0.200339,0.977558,-0.447195,0.099076,0.147597,0.739856,-0.142324,-0.066542,0.275617,0.031088,-0.090362,0.123808,-0.301239,0.090100,0.147262,0.122410,0.227245,0.353688,0.278304,-0.454540,0.881947,-0.166190,0.121147,0.255735,-0.495432,-0.453901,0.403458,1.029931,0.189084,0.042642,-0.222344
1.309959,-1.836498,0.760628,-0.046343,-0.045381,-0.201406,0.977358,-0.435974,0.108878,0.168062,0.654412,-0.134424,-0.070747,0.287479,0.032761,-0.088652,0.124211,-0.312451,0.088368,0.152128,0.123738,0.223533,0.367204,0.277737,-0.448424,0.882332,-0.168096,0.120154,0.255855,-0.504477,-0.453766,0.394610,1.018006,0.184819,0.040774,-0.225940
1.318721,-1.839789,0.758684,-0.047495,-0.044191,-0.202561,0.977118,-0.421769,0.118239,0.189961,0.563228,-0.124978,-0.075749,0.299601,0.035249,-0.086818,0.124592,-0.323742,0.086860,0.157025,0.126008,0.219340,0.379983,0.276964,-0.443397,0.884026,-0.169792,0.119697,0.255949,-0.512516,-0.453279,0.386362,1.006007,0.180818,0.038787,-0.229064
1.327643,-1.842956,0.756503,-0.049016,-0.042855,-0.203892,0.976826,-0.405912,0.126978,0.212235,0.470484,-0.114673,-0.080599,0.311697,0.038352,-0.084535,0.124913,-0.334496,0.085692,0.162010,0.128910,0.214674,0.391751,0.275566,-0.438693,0.887190,-0.171015,0.119539,0.256091,-0.519889,-0.452109,0.379020,0.994266,0.176629,0.036839,-0.231827
1.336706,-1.846104,0.754203,-0.050848,-0.041305,-0.205504,0.976461,-0.389941,0.135140,0.233802,0.380846,-0.104448,-0.084286,0.323488,0.041900,-0.081436,0.125161,-0.344127,0.084932,0.167101,0.132516,0.209537,0.403215,0.273746,-0.434031,0.890623,-0.172035,0.119542,0.256188,-0.526968,-0.450760,0.373904,0.982906,0.172696,0.035133,-0.234380
1.345899,-1.849193,0.751760,-0.053255,-0.039431,-0.207595,0.975968,-0.373877,0.143344,0.254424,0.292637,-0.094678,-0.086003,0.334806,0.046551,-0.077174,0.125332,-0.352805,0.084295,0.172829,0.137353,0.203733,0.414330,0.271505,-0.429444,0.894434,-0.172248,0.119697,0.256231,-0.533384,-0.449441,0.370772,0.971267,0.168893,0.033887,-0.236626
1.355261,-1.852202,0.749198,-0.056479,-0.037354,-0.210290,0.975291,-0.356470,0.152071,0.274910,0.203218,-0.084289,-0.086678,0.346067,0.052794,-0.071420,0.125401,-0.360688,0.083664,0.179389,0.144005,0.197357,0.424967,0.268626,-0.425146,0.899005,-0.171779,0.120068,0.256272,-0.539172,-0.448047,0.369430,0.959536,0.165244,0.032966,-0.238493
1.364636,-1.855002,0.746669,-0.060192,-0.035307,-0.213356,0.974479,-0.340948,0.161622,0.295060,0.123347,-0.076106,-0.087663,0.357616,0.059670,-0.064303,0.125366,-0.367147,0.083425,0.186533,0.151684,0.191062,0.434943,0.265325,-0.420994,0.903932,-0.171602,0.120631,0.256272,-0.544026,-0.446753,0.369541,0.947770,0.161855,0.032069,-0.239967
1.374041,-1.857742,0.744241,-0.063630,-0.033451,-0.216248,0.973688,-0.356494,0.179656,0.309752,0.120225,-0.102620,-0.090152,0.369506,0.065331,-0.056860,0.125298,-0.371684,0.084218,0.193206,0.158747,0.185401,0.443641,0.261374,-0.416654,0.909467,-0.172557,0.121313,0.256232,-0.547802,-0.445462,0.370819,0.936248,0.158600,0.030867,-0.241114
1.383526,-1.860296,0.741971,-0.066800,-0.031866,-0.218896,0.972937,-0.368190,0.196007,0.324232,0.117824,-0.125306,-0.095029,0.381968,0.069728,-0.049199,0.125183,-0.374477,0.086312,0.199259,0.165139,0.180571,0.451368,0.256912,-0.411775,0.915370,-0.174917,0.122128,0.256088,-0.550632,-0.444377,0.373732,0.924808,0.155854,0.029190,-0.241878
1.393106,-1.862644,0.739917,-0.069564,-0.030345,-0.221163,0.972279,-0.377250,0.210139,0.338337,0.116207,-0.145065,-0.101103,0.394600,0.072744,-0.041891,0.124987,-0.375828,0.089614,0.204502,0.170630,0.176160,0.457874,0.251913,-0.406641,0.921982,-0.178188,0.123085,0.255852,-0.552179,-0.443436,0.377884,0.913024,0.153253,0.027226,-0.242291
1.402872,-1.865099,0.738146,-0.070904,-0.028669,-0.222457,0.971938,-0.384430,0.219327,0.352361,0.116442,-0.158227,-0.105483,0.406424,0.072498,-0.036620,0.124777,-0.375373,0.094097,0.207988,0.173010,0.171993,0.462258,0.246548,-0.401887,0.929635,-0.182229,0.124158,0.255607,-0.552285,-0.442521,0.382648,0.901234,0.150879,0.025171,-0.242572
1.412753,-1.867630,0.736683,-0.070479,-0.026553,-0.222531,0.972012,-0.388812,0.222321,0.366633,0.116334,-0.159520,-0.105251,0.416548,0.068666,-0.034115,0.124519,-0.372515,0.099403,0.209416,0.171532,0.167678,0.464046,0.241098,-0.398202,0.938248,-0.186937,0.125352,0.255437,-0.550610,-0.441439,0.387078,0.889691,0.148405,0.023249,-0.242842
1.422403,-1.869798,0.736058,-0.067782,-0.023876,-0.221179,0.972582,-0.389299,0.217671,0.382644,0.115839,-0.144962,-0.099501,0.424342,0.060244,-0.034986,0.124347,-0.367771,0.105777,0.208353,0.164955,0.163445,0.463088,0.235715,-0.395098,0.947598,-0.192878,0.126776,0.255439,-0.547431,-0.440188,0.391279,0.878108,0.145839,0.021395,-0.243373
1.431777,-1.871734,0.736077,-0.063434,-0.020983,-0.218464,0.973555,-0.386156,0.206570,0.399310,0.115049,-0.117708,-0.089602,0.430399,0.048583,-0.038996,0.125688,-0.362099,0.113226,0.204773,0.154646,0.159762,0.459907,0.230411,-0.392447,0.957492,-0.199955,0.128420,0.255536,-0.542659,-0.438762,0.395377,0.866392,0.143029,0.019525,-0.244001
1.441454,-1.873806,0.736168,-0.057321,-0.017956,-0.214446,0.974887,-0.383717,0.189730,0.414092,0.117314,-0.086365,-0.075578,0.435793,0.033559,-0.046395,0.127515,-0.354034,0.121731,0.198945,0.140548,0.155993,0.454616,0.225449,-0.391275,0.968181,-0.207090,0.130076,0.255516,-0.535968,-0.436980,0.399090,0.855448,0.140231,0.017784,-0.244343
1.451524,-1.876098,0.736019,-0.050775,-0.014889,-0.209669,0.976340,-0.382631,0.170555,0.424309,0.119229,-0.055754,-0.057993,0.441299,0.018179,-0.055659,0.129885,-0.342338,0.130418,0.192004,0.125630,0.151345,0.448116,0.221207,-0.392688,0.979224,-0.213244,0.131593,0.255170,-0.527300,-0.434682,0.402376,0.846524,0.137771,0.016350,-0.243868
1.461638,-1.878267,0.736148,-0.043435,-0.011468,-0.204034,0.977932,-0.384243,0.148536,0.429128,0.120957,-0.024186,-0.032834,0.444726,0.001514,-0.067146,0.136231,-0.329664,0.139285,0.183779,0.108956,0.144942,0.440642,0.217977,-0.396904,0.990603,-0.218774,0.133106,0.254458,-0.516289,-0.431741,0.405245,0.839297,0.135549,0.015287,-0.242357
1.471924,-1.880254,0.736616,-0.035151,-0.007710,-0.197773,0.979587,-0.403780,0.131269,0.428639,0.160975,-0.009112,-0.001989,0.429281,-0.018302,-0.079893,0.181776,-0.334699,0.148346,0.174692,0.090146,0.137132,0.432198,0.215817,-0.403387,1.001951,-0.224099,0.134690,0.253425,-0.503132,-0.428112,0.407660,0.833426,0.133370,0.014502,-0.240055
1.482436,-1.882330,0.737222,-0.027100,-0.004200,-0.191582,0.981093,-0.426933,0.116337,0.426513,0.211381,-0.001512,0.026354,0.413925,-0.037883,-0.091471,0.228354,-0.334904,0.156938,0.166226,0.071965,0.129098,0.422828,0.214715,-0.412142,1.012709,-0.228319,0.136084,0.251988,-0.488473,-0.423784,0.409448,0.829941,0.131604,0.013908,-0.237197
1.493256,-1.884492,0.737857,-0.020141,-0.001500,-0.185846,0.982371,-0.441169,0.101013,0.424552,0.248158,0.005027,0.044608,0.398665,-0.055396,-0.100660,0.277734,-0.328946,0.164439,0.159343,0.056427,0.122109,0.412360,0.214617,-0.423162,1.022525,-0.230507,0.137018,0.250049,-0.472826,-0.418792,0.410350,0.829761,0.130583,0.013410,-0.234065
1.504141,-1.886566,0.738595,-0.014252,0.000319,-0.180297,0.983509,-0.445543,0.084836,0.421245,0.270785,0.008027,0.048041,0.383972,-0.070799,-0.108475,0.330017,-0.316269,0.170559,0.154015,0.043511,0.116115,0.399857,0.215654,-0.438470,1.032736,-0.231162,0.137219,0.247304,-0.455265,-0.412988,0.409341,0.832930,0.129968,0.012874,-0.230894
1.514951,-1.888683,0.739529,-0.008812,0.001579,-0.174591,0.984600,-0.443505,0.067435,0.415680,0.284914,0.007922,0.042110,0.368950,-0.085653,-0.115667,0.385415,-0.298231,0.175126,0.149528,0.031687,0.110500,0.385536,0.217830,-0.457579,1.043166,-0.230588,0.136915,0.243839,-0.435640,-0.406370,0.406650,0.838811,0.129722,0.012374,-0.227506
1.525654,-1.890780,0.740670,-0.003697,0.002311,-0.168933,0.985618,-0.437478,0.049793,0.409066,0.294798,0.005521,0.034412,0.351959,-0.100478,-0.120917,0.444999,-0.275910,0.177954,0.145587,0.020650,0.105752,0.370902,0.220728,-0.476611,1.051342,-0.227502,0.136541,0.240189,-0.415516,-0.399210,0.403923,0.847219,0.130513,0.012137,-0.223566
1.536357,-1.892730,0.741947,0.001146,0.002522,-0.163625,0.986519,-0.429499,0.032567,0.402860,0.303298,0.002088,0.032392,0.331811,-0.115360,-0.122810,0.509120,-0.250009,0.179323,0.141832,0.010377,0.102438,0.357416,0.223719,-0.491417,1.054971,-0.220488,0.136477,0.236976,-0.396801,-0.391913,0.403250,0.858278,0.133156,0.012410,-0.218762
1.547004,-1.894525,0.743480,0.005560,0.002145,-0.158768,0.987298,-0.419588,0.015779,0.397055,0.310171,-0.002294,0.037861,0.308382,-0.129734,-0.120776,0.578402,-0.218258,0.180824,0.138251,0.001481,0.100788,0.345090,0.226307,-0.501143,1.053892,-0.206577,0.137195,0.234120,-0.379701,-0.384680,0.405299,0.872864,0.138979,0.013127,-0.213142
1.557674,-1.896025,0.745169,0.009462,0.001176,-0.154190,0.987995,-0.406741,-0.001022,0.390809,0.313700,-0.007909,0.046811,0.282647,-0.143143,-0.115783,0.651742,-0.180704,0.182114,0.134756,-0.005801,0.100504,0.333015,0.228357,-0.507702,1.049806,-0.187224,0.138252,0.231456,-0.363423,-0.377499,0.409336,0.890821,0.147292,0.014257,-0.206873
1.568034,-1.897333,0.746903,0.013005,-0.000294,-0.149818,0.988628,-0.391510,-0.017924,0.384428,0.314448,-0.014087,0.057941,0.254968,-0.155730,-0.108754,0.727245,-0.141476,0.180967,0.130966,-0.012032,0.101377,0.321199,0.229888,-0.511065,1.043208,-0.167669,0.138686,0.229523,-0.348264,-0.370493,0.415268,0.910710,0.155695,0.016086,-0.199814
1.578417,-1.898460,0.748611,0.016364,-0.002170,-0.145582,0.989209,-0.374361,-0.034945,0.378212,0.312991,-0.020258,0.069918,0.225690,-0.167902,-0.100736,0.803143,-0.104727,0.174974,0.126499,-0.017815,0.103223,0.309717,0.230992,-0.511162,1.034426,-0.153167,0.137591,0.228873,-0.334612,-0.363784,0.423074,0.931061,0.161907,0.018883,-0.191797
1.588656,-1.899576,0.750316,0.019578,-0.004503,-0.141618,0.989717,-0.354983,-0.052151,0.372409,0.309054,-0.026592,0.083523,0.193263,-0.180760,-0.092542,0.882318,-0.066927,0.163179,0.121379,-0.023253,0.106297,0.299285,0.231629,-0.506262,1.022196,-0.144876,0.134485,0.229914,-0.323054,-0.357547,0.433409,0.952112,0.165557,0.023283,-0.182097
1.598734,-1.900509,0.751920,0.022587,-0.007325,-0.137911,0.990160,-0.333147,-0.069513,0.366653,0.302434,-0.033351,0.099078,0.158019,-0.194088,-0.083760,0.964676,-0.027315,0.146794,0.115740,-0.028080,0.110625,0.289603,0.231782,-0.496891,1.006820,-0.140061,0.129961,0.232284,-0.313208,-0.351808,0.446129,0.974410,0.167802,0.028952,-0.171016
1.608713,-1.901323,0.753359,0.025411,-0.010520,-0.134161,0.990578,-0.309570,-0.086695,0.360374,0.294116,-0.040258,0.114494,0.122925,-0.206143,-0.073542,1.044561,0.005498,0.126868,0.109501,-0.032385,0.115685,0.279247,0.231709,-0.486496,0.990854,-0.138147,0.124757,0.235368,-0.303996,-0.346435,0.459885,0.996917,0.168654,0.034671,-0.159895
1.618551,-1.902148,0.754674,0.027959,-0.013948,-0.130048,0.991015,-0.285031,-0.103185,0.352931,0.285193,-0.047022,0.127721,0.091067,-0.214262,-0.060986,1.116289,0.022873,0.105099,0.102639,-0.036093,0.120933,0.266859,0.231871,-0.478686,0.976656,-0.138620,0.119631,0.238536,-0.294289,-0.341304,0.473162,1.018555,0.168123,0.039201,-0.150052
1.628205,-1.903092,0.755838,0.030242,-0.017844,-0.125593,0.991460,-0.259230,-0.119019,0.344580,0.276110,-0.053852,0.138742,0.063475,-0.215133,-0.043113,1.179750,0.018690,0.080584,0.095342,-0.039357,0.126810,0.252389,0.232649,-0.474226,0.963874,-0.143318,0.114531,0.241964,-0.283999,-0.336436,0.486136,1.039265,0.165132,0.041989,-0.141044
1.637815,-1.904195,0.756932,0.032254,-0.022186,-0.120920,0.991890,-0.232117,-0.134226,0.335524,0.266670,-0.060955,0.148519,0.038406,-0.209481,-0.021266,1.238344,-0.001209,0.053849,0.087745,-0.042222,0.133476,0.236671,0.234144,-0.471495,0.951106,-0.151950,0.109148,0.245768,-0.273476,-0.331893,0.499108,1.059328,0.160020,0.043730,-0.132388
1.647307,-1.905303,0.758022,0.033873,-0.026451,-0.115904,0.992330,-0.204817,-0.148306,0.325193,0.256888,-0.068015,0.156495,0.014596,-0.201070,-0.000695,1.291801,-0.027687,0.028728,0.079858,-0.044451,0.139977,0.219610,0.236379,-0.470541,0.939109,-0.160813,0.103889,0.249241,-0.262186,-0.327559,0.510692,1.078047,0.154934,0.045102,-0.125357
1.656816,-1.906530,0.759185,0.034999,-0.030096,-0.110390,0.992816,-0.178630,-0.160731,0.313058,0.246941,-0.074693,0.162121,-0.009613,-0.195023,0.013319,1.339805,-0.052108,0.008341,0.071709,-0.045807,0.145338,0.200991,0.239354,-0.471527,0.928775,-0.166250,0.099192,0.251743,-0.249484,-0.323256,0.519364,1.094689,0.151941,0.046816,-0.121228
1.666140,-1.907864,0.760269,0.035540,-0.032935,-0.104281,0.993367,-0.153942,-0.171168,0.298916,0.236824,-0.080927,0.164462,-0.034660,-0.192958,0.019514,1.382027,-0.074361,-0.005280,0.063281,-0.046110,0.149228,0.180191,0.243169,-0.475350,0.920744,-0.167723,0.094993,0.253055,-0.235174,-0.318819,0.524904,1.109204,0.151489,0.049095,-0.120783
1.675373,-1.909267,0.761345,0.035580,-0.035258,-0.097670,0.993958,-0.130081,-0.179901,0.283221,0.226482,-0.086926,0.164133,-0.059877,-0.192967,0.020801,1.418950,-0.098752,-0.014729,0.054623,-0.045581,0.152213,0.157515,0.247820,-0.481817,0.914301,-0.167115,0.091155,0.253549,-0.219594,-0.314213,0.527979,1.121930,0.152493,0.051566,-0.123210
1.684371,-1.910620,0.762382,0.035265,-0.037234,-0.090688,0.994558,-0.106752,-0.187428,0.266428,0.215953,-0.092674,0.162873,-0.085364,-0.195341,0.018311,1.451122,-0.123295,-0.023939,0.045755,-0.044509,0.154627,0.134108,0.253055,-0.489352,0.908420,-0.164356,0.088009,0.253521,-0.202989,-0.309477,0.528465,1.132862,0.154657,0.053985,-0.127389
1.693376,-1.911919,0.763428,0.034762,-0.039034,-0.083471,0.995138,-0.083687,-0.194182,0.248944,0.205378,-0.098181,0.162367,-0.111157,-0.200166,0.013238,1.478944,-0.145960,-0.036686,0.036676,-0.043164,0.156793,0.111003,0.258513,-0.496305,0.902287,-0.159321,0.085860,0.253290,-0.185567,-0.304695,0.526311,1.141862,0.157723,0.056193,-0.132212
1.702423,-1.913247,0.764468,0.034051,-0.040569,-0.075920,0.995706,-0.060916,-0.200235,0.230541,0.194375,-0.103206,0.162997,-0.137540,-0.208164,0.004835,1.502453,-0.166261,-0.054188,0.027167,-0.041398,0.158520,0.087907,0.263982,-0.502625,0.896439,-0.150853,0.085020,0.252696,-0.167146,-0.299873,0.521330,1.148707,0.162511,0.058230,-0.138456
1.711278,-1.914549,0.765421,0.033091,-0.041797,-0.067997,0.996260,-0.038703,-0.205287,0.211157,0.183358,-0.107969,0.163809,-0.164180,-0.219132,-0.007143,1.521401,-0.185487,-0.074283,0.017252,-0.039076,0.159757,0.064263,0.269409,-0.509060,0.891379,-0.139335,0.085202,0.251675,-0.147648,-0.294954,0.513666,1.153425,0.168888,0.060139,-0.146359
1.720281,-1.915783,0.766311,0.031978,-0.042964,-0.059958,0.996763,-0.016826,-0.209302,0.191389,0.172931,-0.112893,0.164501,-0.190262,-0.231458,-0.020702,1.535636,-0.204129,-0.095538,0.007307,-0.036459,0.160996,0.040677,0.274712,-0.515056,0.886352,-0.126916,0.085821,0.250699,-0.127635,-0.289997,0.503852,1.156519,0.175195,0.061735,-0.153995
1.729310,-1.916908,0.767161,0.030816,-0.044314,-0.052061,0.997184,0.004895,-0.212276,0.171869,0.163797,-0.118451,0.164828,-0.215104,-0.243454,-0.033878,1.544997,-0.222532,-0.116494,-0.002334,-0.033807,0.162727,0.017771,0.279807,-0.519990,0.880597,-0.115745,0.086301,0.250254,-0.107631,-0.285101,0.492475,1.158424,0.179799,0.062891,-0.159425
1.738233,-1.918006,0.767859,0.029582,-0.046007,-0.044398,0.997515,0.026836,-0.214202,0.152722,0.155983,-0.124699,0.164762,-0.238517,-0.255266,-0.047107,1.549486,-0.240872,-0.138156,-0.011605,-0.031021,0.165268,-0.004377,0.284618,-0.523473,0.874059,-0.105619,0.086762,0.250332,-0.087514,-0.280309,0.478784,1.158818,0.181822,0.063643,-0.161906
1.747079,-1.919227,0.768444,0.028229,-0.047887,-0.036839,0.997774,0.048729,-0.215123,0.133718,0.149267,-0.131484,0.164463,-0.260721,-0.267249,-0.061300,1.549090,-0.259020,-0.160560,-0.020638,-0.027975,0.168339,-0.026186,0.289145,-0.525914,0.867242,-0.095628,0.087415,0.250727,-0.066986,-0.275586,0.462736,1.157416,0.182298,0.064082,-0.162521
1.755814,-1.920318,0.769018,0.026843,-0.049714,-0.029323,0.997972,0.069817,-0.215200,0.114967,0.143931,-0.138942,0.163991,-0.281940,-0.278062,-0.075175,1.543731,-0.276603,-0.180879,-0.029406,-0.024940,0.171495,-0.047719,0.293449,-0.527823,0.860191,-0.086837,0.087842,0.251647,-0.046436,-0.270947,0.446058,1.154915,0.182467,0.064172,-0.162087
1.764732,-1.921506,0.769469,0.025507,-0.051249,-0.021779,0.998123,0.089446,-0.214641,0.096539,0.140031,-0.147094,0.163382,-0.302478,-0.286515,-0.087447,1.533250,-0.292997,-0.196413,-0.037967,-0.022172,0.174281,-0.068915,0.297620,-0.529606,0.852798,-0.080286,0.087633,0.253282,-0.026264,-0.266410,0.430570,1.152031,0.183608,0.063873,-0.161423
1.773540,-1.922773,0.769761,0.024183,-0.052468,-0.014086,0.998230,0.107357,-0.213352,0.078280,0.137805,-0.156111,0.162477,-0.322392,-0.292874,-0.098632,1.517369,-0.308258,-0.206569,-0.046587,-0.019669,0.176698,-0.089812,0.301765,-0.531213,0.844965,-0.076874,0.086481,0.256006,-0.006526,-0.262025,0.416500,1.148657,0.186168,0.063035,-0.160299
1.782329,-1.924006,0.770050,0.022845,-0.053485,-0.006316,0.998287,0.124006,-0.211347,0.060218,0.136981,-0.165862,0.161306,-0.341553,-0.297562,-0.109307,1.496162,-0.322352,-0.212738,-0.055199,-0.017320,0.178968,-0.110299,0.305919,-0.532406,0.836590,-0.075840,0.084679,0.259593,0.012967,-0.257797,0.403030,1.144514,0.189459,0.061730,-0.158416
1.791052,-1.925186,0.770180,0.021580,-0.054270,0.001318,0.998292,0.139806,-0.209012,0.042674,0.136764,-0.175864,0.160188,-0.360093,-0.299816,-0.118202,1.470034,-0.334462,-0.215421,-0.063407,-0.015204,0.180902,-0.130111,0.310026,-0.533310,0.827642,-0.075744,0.082730,0.263364,0.032093,-0.253689,0.390441,1.140214,0.193002,0.060250,-0.156504
1.799756,-1.926307,0.770211,0.020494,-0.054798,0.008613,0.998250,0.154852,-0.206633,0.026000,0.137034,-0.185896,0.159405,-0.378208,-0.299007,-0.123926,1.439446,-0.343816,-0.215227,-0.070854,-0.013420,0.182281,-0.149002,0.313980,-0.533993,0.818180,-0.075124,0.081130,0.266651,0.050626,-0.249647,0.379057,1.136504,0.196326,0.058868,-0.155315
1.808559,-1.927507,0.770157,0.019614,-0.055044,0.015566,0.998170,0.168980,-0.204288,0.010293,0.138032,-0.196050,0.159150,-0.396219,-0.294962,-0.125869,1.404468,-0.350388,-0.212298,-0.077502,-0.011994,0.182969,-0.167066,0.317719,-0.534344,0.808333,-0.073751,0.079987,0.269336,0.068583,-0.245651,0.369006,1.133505,0.199572,0.057522,-0.155020
1.817405,-1.928679,0.769946,0.018843,-0.055039,0.022298,0.998057,0.182280,-0.201762,-0.004720,0.139561,-0.206273,0.159173,-0.413877,-0.288259,-0.124819,1.364899,-0.354594,-0.206650,-0.083582,-0.010769,0.183071,-0.184444,0.321243,-0.534328,0.798174,-0.072318,0.079037,0.271770,0.085969,-0.241736,0.360120,1.131012,0.202903,0.056095,-0.155249
1.826383,-1.929855,0.769661,0.018126,-0.054819,0.028780,0.997917,0.193836,-0.198991,-0.018960,0.143700,-0.217746,0.159117,-0.430511,-0.279462,-0.121402,1.320714,-0.356370,-0.198783,-0.089142,-0.009584,0.182694,-0.200973,0.324530,-0.534138,0.787706,-0.070797,0.078221,0.274000,0.102594,-0.237935,0.352246,1.129267,0.205845,0.054781,-0.155949
1.835349,-1.931000,0.769256,0.017376,-0.054430,0.034985,0.997753,0.204175,-0.195950,-0.032615,0.149606,-0.230118,0.158673,-0.445450,-0.269045,-0.116275,1.271914,-0.355693,-0.189118,-0.094225,-0.008223,0.181971,-0.216492,0.327541,-0.533960,0.776927,-0.069158,0.077484,0.276076,0.118261,-0.234270,0.345233,1.128492,0.207942,0.053779,-0.157070
1.844308,-1.932031,0.768751,0.016549,-0.053897,0.040824,0.997574,0.214332,-0.192535,-0.045843,0.155243,-0.242351,0.157768,-0.458667,-0.256562,-0.108905,1.218097,-0.352367,-0.178073,-0.098700,-0.006558,0.180957,-0.230995,0.330247,-0.533805,0.765795,-0.067571,0.076940,0.278156,0.132895,-0.230785,0.339263,1.128878,0.208885,0.053062,-0.159019
1.853421,-1.933103,0.768118,0.015706,-0.053197,0.046349,0.997384,0.224338,-0.188886,-0.058633,0.160461,-0.254315,0.156599,-0.470238,-0.242279,-0.098943,1.159327,-0.346660,-0.165612,-0.102601,-0.004714,0.179584,-0.244587,0.332646,-0.533567,0.754364,-0.065993,0.076574,0.280174,0.146634,-0.227508,0.334300,1.130242,0.208974,0.052558,-0.161688
1.862595,-1.934153,0.767361,0.014999,-0.052312,0.051722,0.997178,0.234092,-0.185354,-0.071028,0.165445,-0.266073,0.155290,-0.479775,-0.227797,-0.087189,1.096210,-0.339198,-0.151408,-0.106135,-0.003057,0.177792,-0.257265,0.334724,-0.533246,0.742777,-0.064016,0.076127,0.281836,0.159547,-0.224451,0.329879,1.132328,0.208690,0.052376,-0.164266
1.871732,-1.935106,0.766444,0.014583,-0.051222,0.057095,0.996947,0.243809,-0.182248,-0.083134,0.169707,-0.277302,0.153956,-0.486981,-0.214626,-0.074505,1.029201,-0.330475,-0.135044,-0.109476,-0.001946,0.175519,-0.269094,0.336473,-0.532912,0.731244,-0.061288,0.075336,0.282853,0.171709,-0.221602,0.325515,1.134864,0.208508,0.052624,-0.165938
1.880990,-1.936029,0.765424,0.014466,-0.049833,0.062481,0.996696,0.253242,-0.179568,-0.094910,0.173229,-0.288104,0.152480,-0.491821,-0.202850,-0.060867,0.956961,-0.319974,-0.115497,-0.112628,-0.001429,0.172591,-0.280165,0.337880,-0.532451,0.719819,-0.057315,0.074029,0.282885,0.183044,-0.218913,0.321116,1.138008,0.208210,0.053524,-0.166387
1.890280,-1.936843,0.764202,0.014600,-0.048187,0.067811,0.996427,0.262501,-0.177213,-0.106349,0.176053,-0.298506,0.150857,-0.494289,-0.192053,-0.045689,0.879385,-0.307599,-0.093468,-0.115499,-0.001383,0.169081,-0.290440,0.338939,-0.531864,0.708436,-0.052400,0.072373,0.282183,0.193535,-0.216381,0.316903,1.141859,0.207647,0.054952,-0.166088
1.899696,-1.937660,0.762871,0.015042,-0.046478,0.073134,0.996125,0.272015,-0.175361,-0.117562,0.178406,-0.308387,0.149367,-0.494146,-0.182871,-0.029200,0.798401,-0.294343,-0.071004,-0.118266,-0.001745,0.165330,-0.299735,0.339562,-0.531215,0.697031,-0.047372,0.070598,0.281334,0.203522,-0.214368,0.312957,1.145760,0.207482,0.056532,-0.165354
1.909180,-1.938376,0.761385,0.015874,-0.044898,0.078480,0.995778,0.282266,-0.174239,-0.128655,0.180426,-0.317601,0.148280,-0.491347,-0.175937,-0.011642,0.716172,-0.281263,-0.050080,-0.120672,-0.002911,0.161607,-0.308055,0.339926,-0.531104,0.685658,-0.043115,0.068985,0.280954,0.212949,-0.212249,0.308923,1.149821,0.208080,0.057772,-0.164670
1.918792,-1.938974,0.759728,0.017195,-0.043450,0.083856,0.995382,0.293372,-0.174127,-0.139652,0.181973,-0.326210,0.147729,-0.485379,-0.171352,0.007723,0.630208,-0.268152,-0.031050,-0.123275,-0.004678,0.157980,-0.314901,0.339910,-0.530799,0.673728,-0.039971,0.067543,0.281223,0.222098,-0.211040,0.305334,1.153404,0.210273,0.058660,-0.163776
1.928434,-1.939475,0.757887,0.018986,-0.042076,0.089291,0.994935,0.305229,-0.174904,-0.150636,0.182879,-0.334164,0.147551,-0.476143,-0.169354,0.028690,0.539564,-0.254289,-0.013064,-0.125441,-0.007341,0.154289,-0.321005,0.339470,-0.531091,0.661839,-0.037548,0.066172,0.281868,0.230803,-0.209793,0.301373,1.157159,0.213237,0.059325,-0.162659
1.938309,-1.939941,0.755898,0.021168,-0.040856,0.094830,0.994429,0.317890,-0.176211,-0.161759,0.183335,-0.341156,0.147585,-0.464446,-0.170417,0.049417,0.448919,-0.239827,0.003979,-0.128402,-0.010682,0.150745,-0.325154,0.339156,-0.530715,0.649381,-0.035081,0.064898,0.282517,0.238916,-0.209375,0.298728,1.160551,0.216865,0.059973,-0.161612
1.948349,-1.940211,0.753805,0.023684,-0.039889,0.100526,0.993852,0.331483,-0.177736,-0.173183,0.183497,-0.346885,0.147664,-0.451154,-0.174702,0.067944,0.363107,-0.224947,0.020487,-0.130103,-0.014713,0.147677,-0.329581,0.337967,-0.532003,0.638361,-0.032112,0.063724,0.282965,0.247383,-0.208529,0.294485,1.163064,0.219110,0.060634,-0.160917
1.958459,-1.940487,0.751640,0.026865,-0.039291,0.106469,0.993176,0.346695,-0.180185,-0.185047,0.182807,-0.350964,0.147942,-0.435811,-0.182777,0.085180,0.280536,-0.209258,0.036590,-0.132220,-0.020219,0.145034,-0.332896,0.336309,-0.533325,0.628113,-0.027971,0.062712,0.283273,0.255540,-0.207812,0.290898,1.165239,0.220739,0.061350,-0.160708
1.968700,-1.940920,0.749357,0.030846,-0.039068,0.112754,0.992375,0.363761,-0.183810,-0.197686,0.180928,-0.353391,0.148478,-0.417547,-0.194739,0.101137,0.198336,-0.192115,0.052576,-0.134833,-0.027410,0.142977,-0.334909,0.334577,-0.534738,0.617906,-0.023219,0.061865,0.283453,0.263515,-0.207347,0.287589,1.166852,0.221978,0.062087,-0.160754
1.979106,-1.941389,0.747013,0.035090,-0.039058,0.119278,0.991472,0.381597,-0.187311,-0.211112,0.178807,-0.354682,0.148896,-0.399514,-0.208916,0.113102,0.125095,-0.176020,0.069095,-0.137600,-0.035267,0.141221,-0.336012,0.332723,-0.536654,0.608335,-0.018515,0.061060,0.283295,0.271232,-0.206963,0.284721,1.167846,0.223012,0.062817,-0.161232
1.989623,-1.941899,0.744775,0.038687,-0.038945,0.125736,0.990544,0.397588,-0.188884,-0.224513,0.179642,-0.356619,0.148684,-0.410146,-0.219064,0.123967,0.121528,-0.190885,0.086126,-0.140077,-0.041979,0.139269,-0.336270,0.330989,-0.539241,0.599618,-0.014604,0.060178,0.282589,0.278285,-0.206589,0.282747,1.168378,0.224112,0.063500,-0.162329
2.000120,-1.942499,0.742486,0.041132,-0.038632,0.132383,0.989591,0.407244,-0.188303,-0.237579,0.192299,-0.364433,0.147493,-0.416438,-0.228886,0.124235,0.119291,-0.201757,0.106077,-0.142540,-0.046552,0.136973,-0.335957,0.329328,-0.542873,0.591882,-0.011929,0.059066,0.281092,0.284868,-0.206141,0.281487,1.168282,0.225195,0.064040,-0.164325
2.010631,-1.943204,0.740307,0.042843,-0.038098,0.138899,0.988646,0.414376,-0.185989,-0.250160,0.209050,-0.373975,0.145500,-0.419323,-0.238683,0.116685,0.118507,-0.209161,0.128114,-0.144929,-0.049781,0.134426,-0.333998,0.328411,-0.546645,0.583827,-0.010014,0.057851,0.278891,0.290504,-0.205842,0.281321,1.167848,0.226250,0.064478,-0.167047
2.021375,-1.944002,0.738287,0.043150,-0.037154,0.144727,0.987832,0.418186,-0.181037,-0.260527,0.229680,-0.384038,0.142943,-0.419439,-0.245779,0.104517,0.117893,-0.209151,0.148336,-0.145727,-0.050269,0.131152,-0.331319,0.327346,-0.551248,0.576817,-0.008334,0.056753,0.276704,0.295130,-0.205463,0.281682,1.167431,0.227279,0.064951,-0.169992
2.031989,-1.944890,0.736748,0.041407,-0.035504,0.149345,0.987280,0.417184,-0.172576,-0.266975,0.255451,-0.394294,0.139969,-0.418432,-0.247414,0.091312,0.117733,-0.198586,0.162765,-0.144982,-0.046598,0.126655,-0.326791,0.326497,-0.555214,0.570067,-0.005952,0.056045,0.274845,0.297431,-0.205275,0.283375,1.168056,0.228480,0.065591,-0.172703
2.042478,-1.945894,0.735737,0.036656,-0.032693,0.152476,0.987086,0.409597,-0.158515,-0.268852,0.287306,-0.406169,0.136068,-0.416538,-0.241545,0.075237,0.118425,-0.173401,0.169119,-0.142048,-0.036823,0.120309,-0.320563,0.325832,-0.558574,0.563091,-0.002098,0.056090,0.273397,0.297106,-0.205304,0.286245,1.169593,0.229930,0.066460,-0.175107
2.053008,-1.946860,0.735245,0.029266,-0.028988,0.154461,0.987140,0.397027,-0.139226,-0.267469,0.323595,-0.418961,0.131234,-0.413152,-0.229274,0.055064,0.119720,-0.136334,0.169875,-0.137382,-0.021819,0.112106,-0.313424,0.324743,-0.561890,0.557371,0.002558,0.056578,0.272341,0.294892,-0.205708,0.290789,1.171675,0.232049,0.067497,-0.177475
2.063878,-1.947663,0.734779,0.020734,-0.025211,0.155775,0.987253,0.382934,-0.117764,-0.264211,0.362193,-0.429480,0.126434,-0.408872,-0.212916,0.035514,0.121511,-0.094612,0.168280,-0.131820,-0.004437,0.103490,-0.304468,0.323797,-0.564859,0.552374,0.006748,0.056973,0.271389,0.291086,-0.206457,0.296250,1.174401,0.233985,0.068651,-0.179623
2.074898,-1.948629,0.734412,0.012769,-0.022163,0.156898,0.987284,0.370490,-0.097750,-0.260275,0.401253,-0.434661,0.122826,-0.418825,-0.194976,0.024409,0.154132,-0.071587,0.167734,-0.126533,0.012028,0.095324,-0.293707,0.322465,-0.567554,0.549678,0.009087,0.056596,0.270703,0.286513,-0.208027,0.303190,1.177682,0.235931,0.069935,-0.181422
2.086043,-1.949503,0.734050,0.005662,-0.019812,0.157792,0.987257,0.360111,-0.079800,-0.256065,0.440584,-0.435031,0.121473,-0.437662,-0.175486,0.023260,0.205102,-0.058937,0.168939,-0.121102,0.026914,0.087180,-0.280922,0.321058,-0.570627,0.548757,0.009076,0.055063,0.270413,0.281496,-0.210094,0.311385,1.181887,0.237787,0.071126,-0.182913
2.097438,-1.950042,0.733805,-0.001214,-0.017867,0.158319,0.987226,0.350262,-0.062326,-0.251233,0.481001,-0.431700,0.121970,-0.454874,-0.153825,0.026841,0.253911,-0.043149,0.170884,-0.115321,0.041390,0.078798,-0.266295,0.319567,-0.573915,0.549368,0.007494,0.052790,0.270445,0.275619,-0.212527,0.320923,1.186906,0.239670,0.072301,-0.184150
2.108882,-1.950305,0.733839,-0.007717,-0.016623,0.158647,0.987165,0.340251,-0.045513,-0.245199,0.523561,-0.423036,0.123278,-0.467867,-0.132113,0.030466,0.297907,-0.028565,0.174132,-0.109651,0.055215,0.071554,-0.250360,0.317841,-0.576968,0.552376,0.004560,0.050383,0.270528,0.268406,-0.215307,0.331235,1.192159,0.241196,0.073851,-0.184999
2.120219,-1.950391,0.734183,-0.013789,-0.016350,0.158894,0.987064,0.329416,-0.029474,-0.237224,0.569361,-0.407412,0.124247,-0.473848,-0.112678,0.029655,0.333779,-0.019332,0.178597,-0.104451,0.068367,0.066794,-0.233650,0.315667,-0.579306,0.558679,0.000538,0.048437,0.270424,0.259411,-0.218447,0.341693,1.197080,0.241966,0.076156,-0.185315
2.131358,-1.950299,0.734700,-0.019520,-0.017290,0.158721,0.986979,0.317994,-0.014543,-0.226406,0.620004,-0.384135,0.126606,-0.471560,-0.096016,0.023305,0.360621,-0.017732,0.185262,-0.099581,0.081289,0.065015,-0.215335,0.312763,-0.580179,0.568772,-0.004935,0.046289,0.270339,0.247938,-0.222042,0.352960,1.202614,0.241768,0.079894,-0.184792
2.142339,-1.950140,0.735411,-0.024994,-0.019196,0.158111,0.986918,0.305890,-0.000231,-0.213181,0.674989,-0.354396,0.130648,-0.463282,-0.080831,0.014287,0.381314,-0.021784,0.193272,-0.094855,0.094159,0.065286,-0.195498,0.309038,-0.579992,0.582295,-0.011770,0.043872,0.270327,0.234494,-0.226112,0.365181,1.208756,0.240869,0.084684,-0.183564
2.153233,-1.949844,0.736335,-0.030122,-0.021611,0.157659,0.986797,0.292199,0.014320,-0.198900,0.732189,-0.319377,0.132857,-0.451496,-0.066955,0.004131,0.398120,-0.029055,0.199570,-0.090456,0.106478,0.066854,-0.176052,0.304648,-0.580073,0.598869,-0.019050,0.042690,0.269954,0.220461,-0.230508,0.376812,1.213518,0.239542,0.089304,-0.182180
2.163854,-1.949473,0.737414,-0.034777,-0.024097,0.157979,0.986536,0.276073,0.029610,-0.185152,0.789685,-0.280219,0.129490,-0.438440,-0.054232,-0.005706,0.412846,-0.036981,0.201234,-0.086501,0.117586,0.069081,-0.158930,0.299903,-0.581852,0.618091,-0.025902,0.044259,0.268827,0.207179,-0.234970,0.386139,1.214900,0.238021,0.092522,-0.181228
2.174315,-1.949239,0.738601,-0.038864,-0.026625,0.159232,0.986117,0.257122,0.045259,-0.172564,0.848457,-0.234705,0.118111,-0.423970,-0.042779,-0.014852,0.425170,-0.045213,0.197032,-0.083101,0.127117,0.072085,-0.144460,0.295051,-0.585950,0.640491,-0.032738,0.049579,0.266925,0.194933,-0.239240,0.392112,1.212006,0.235543,0.094314,-0.180729
2.184744,-1.949209,0.739891,-0.042418,-0.029411,0.161082,0.985590,0.235976,0.060356,-0.160719,0.909525,-0.183261,0.100678,-0.407023,-0.032588,-0.023923,0.434289,-0.054968,0.188699,-0.080037,0.135261,0.076173,-0.131534,0.290161,-0.591649,0.665956,-0.039840,0.057670,0.264525,0.182905,-0.243282,0.395666,1.206252,0.232190,0.095198,-0.180478
2.194810,-1.949092,0.741271,-0.045515,-0.032395,0.163404,0.984976,0.213123,0.074716,-0.149643,0.971358,-0.131047,0.080229,-0.388507,-0.023339,-0.033003,0.441352,-0.066031,0.177790,-0.077013,0.142231,0.081013,-0.119978,0.285323,-0.598349,0.693127,-0.046248,0.067075,0.261620,0.170784,-0.247244,0.398117,1.199011,0.229453,0.094766,-0.180727
2.204668,-1.948950,0.742696,-0.048275,-0.035515,0.166083,0.984289,0.188812,0.089009,-0.139032,1.032524,-0.083087,0.060583,-0.369250,-0.014722,-0.042248,0.447377,-0.078174,0.165872,-0.073775,0.148356,0.086305,-0.109658,0.280622,-0.605446,0.720570,-0.051031,0.076339,0.258148,0.158288,-0.251389,0.400814,1.191521,0.228849,0.092622,-0.181694
2.214343,-1.948837,0.744125,-0.050824,-0.038853,0.169302,0.983486,0.162000,0.105285,-0.128308,1.094429,-0.035653,0.039494,-0.349162,-0.006618,-0.052069,0.452758,-0.092260,0.151848,-0.070549,0.153890,0.092271,-0.100983,0.276161,-0.613238,0.748261,-0.052728,0.086054,0.253421,0.145730,-0.255865,0.403933,1.182996,0.231210,0.088022,-0.183647
2.223812,-1.948601,0.745605,-0.053135,-0.042418,0.173044,0.982565,0.132614,0.123275,-0.117985,1.157914,0.012173,0.016899,-0.327744,0.000907,-0.062181,0.456755,-0.108160,0.135461,-0.067463,0.158780,0.099078,-0.093746,0.271997,-0.621794,0.776592,-0.052251,0.096666,0.247621,0.133193,-0.260685,0.406898,1.172913,0.235610,0.081400,-0.186333
2.233177,-1.948439,0.747124,-0.055140,-0.046042,0.176888,0.981606,0.102263,0.141113,-0.108553,1.220324,0.051275,0.000145,-0.305314,0.007899,-0.071827,0.458741,-0.124079,0.119486,-0.064129,0.163011,0.106308,-0.086918,0.268081,-0.630103,0.804720,-0.052206,0.106529,0.241996,0.120104,-0.265912,0.409995,1.162811,0.240942,0.074147,-0.189187
2.242134,-1.948082,0.748540,-0.056754,-0.049541,0.180411,0.980702,0.072772,0.156917,-0.099842,1.278393,0.072502,-0.003908,-0.282354,0.014323,-0.080355,0.458297,-0.138194,0.106666,-0.060226,0.166573,0.113529,-0.079427,0.264321,-0.637060,0.831809,-0.055199,0.114009,0.237833,0.105845,-0.271637,0.413612,1.154273,0.246144,0.067671,-0.191666
2.251009,-1.947542,0.749986,-0.057944,-0.052979,0.183603,0.979860,0.044972,0.170772,-0.091079,1.331541,0.068393,0.010235,-0.258602,0.020112,-0.087881,0.455138,-0.150134,0.097897,-0.055827,0.169476,0.120924,-0.071359,0.260642,-0.642911,0.858299,-0.062010,0.117776,0.235644,0.090161,-0.277994,0.418025,1.147420,0.251625,0.061842,-0.193880
2.259584,-1.946674,0.751399,-0.058726,-0.056399,0.186671,0.979042,0.018014,0.183105,-0.082493,1.380996,0.045326,0.036850,-0.234042,0.025140,-0.094742,0.449761,-0.160880,0.091727,-0.051087,0.171749,0.128612,-0.063180,0.257025,-0.648027,0.884426,-0.071233,0.118996,0.234678,0.073456,-0.284987,0.423069,1.141417,0.257759,0.056072,-0.195996
2.268150,-1.945811,0.752865,-0.059018,-0.059564,0.189607,0.978273,-0.008593,0.192163,-0.075040,1.425597,0.015418,0.065726,-0.209331,0.029074,-0.100828,0.442764,-0.170639,0.087294,-0.046009,0.173187,0.136030,-0.054399,0.253469,-0.651486,0.909097,-0.082179,0.119793,0.234369,0.056028,-0.292505,0.428489,1.136429,0.263443,0.051163,-0.197640
2.276547,-1.944831,0.754345,-0.058794,-0.062252,0.192393,0.977575,-0.035501,0.197181,-0.068897,1.464184,-0.008828,0.087545,-0.185022,0.031774,-0.106105,0.434517,-0.179514,0.083662,-0.040633,0.173658,0.142630,-0.044474,0.250013,-0.652305,0.931195,-0.094155,0.122292,0.234189,0.038081,-0.300377,0.434055,1.132782,0.267553,0.047880,-0.198464
2.284863,-1.943735,0.755897,-0.057953,-0.064280,0.195104,0.976956,-0.063476,0.198020,-0.063386,1.496438,-0.024833,0.100762,-0.161612,0.032943,-0.110711,0.425281,-0.187500,0.080746,-0.034975,0.172776,0.148123,-0.033201,0.246626,-0.649669,0.950517,-0.108065,0.127334,0.234026,0.019319,-0.308528,0.439850,1.130954,0.269563,0.046662,-0.198273
2.292990,-1.942585,0.757469,-0.056541,-0.065805,0.197732,0.976409,-0.092044,0.194916,-0.058104,1.522964,-0.038655,0.109914,-0.138767,0.032744,-0.114798,0.414937,-0.194560,0.078939,-0.029074,0.170674,0.152887,-0.020852,0.243285,-0.644221,0.967590,-0.123903,0.133682,0.234205,-0.000360,-0.316932,0.446022,1.130763,0.270138,0.047008,-0.197330
2.301150,-1.941344,0.759121,-0.054796,-0.067127,0.200132,0.975930,-0.120068,0.188556,-0.053190,1.543878,-0.050599,0.115514,-0.115670,0.031882,-0.118350,0.402990,-0.200708,0.077956,-0.022964,0.168019,0.157384,-0.007635,0.240101,-0.637189,0.982397,-0.139622,0.140353,0.234874,-0.020637,-0.325546,0.452448,1.131714,0.270003,0.048274,-0.195991
2.309198,-1.939997,0.760753,-0.052962,-0.068541,0.202165,0.975513,-0.146429,0.179621,-0.048918,1.559287,-0.061030,0.118060,-0.091593,0.031077,-0.121336,0.389150,-0.205980,0.077487,-0.016664,0.165516,0.162075,0.006297,0.237292,-0.629813,0.994797,-0.153199,0.146371,0.236116,-0.041090,-0.334273,0.458946,1.133215,0.269834,0.049822,-0.194602
2.317176,-1.938581,0.762324,-0.051033,-0.070107,0.203840,0.975156,-0.171103,0.167249,-0.045847,1.568915,-0.068811,0.116826,-0.066244,0.030366,-0.123824,0.373143,-0.210386,0.077527,-0.010209,0.163180,0.167116,0.021152,0.234998,-0.621866,1.004425,-0.164731,0.152065,0.238348,-0.061942,-0.343091,0.465728,1.135641,0.269602,0.051811,-0.193095
2.325105,-1.937072,0.763835,-0.048917,-0.071675,0.205218,0.974862,-0.194681,0.151486,-0.043624,1.572723,-0.074087,0.111777,-0.040037,0.029467,-0.125880,0.355224,-0.213930,0.078099,-0.003597,0.160706,0.172321,0.037062,0.233250,-0.612805,1.011166,-0.175127,0.157758,0.241360,-0.083336,-0.351985,0.472817,1.139108,0.268986,0.054465,-0.191328
2.333138,-1.935444,0.765291,-0.046728,-0.073239,0.206233,0.974639,-0.216969,0.134522,-0.041230,1.571168,-0.079292,0.104677,-0.013310,0.028584,-0.127438,0.335849,-0.216632,0.078936,0.003231,0.158278,0.177594,0.053766,0.232123,-0.603406,1.015312,-0.183555,0.162492,0.244251,-0.104872,-0.360895,0.479792,1.142832,0.268266,0.057238,-0.189557
2.340975,-1.933817,0.766582,-0.044575,-0.074789,0.206818,0.974498,-0.237780,0.118415,-0.037834,1.564715,-0.086689,0.097087,0.013641,0.027935,-0.128366,0.315405,-0.218480,0.079767,0.010406,0.156065,0.182812,0.070965,0.231725,-0.594548,1.017215,-0.189199,0.165319,0.246104,-0.126116,-0.369757,0.486136,1.146028,0.267708,0.059575,-0.188040
2.348824,-1.932068,0.767796,-0.042415,-0.076500,0.206864,0.974452,-0.256553,0.103014,-0.033629,1.553030,-0.097602,0.089323,0.041442,0.027532,-0.128456,0.293436,-0.219238,0.080502,0.018125,0.154121,0.188263,0.088834,0.232201,-0.586452,1.016423,-0.190678,0.166000,0.246249,-0.147091,-0.378568,0.491799,1.148905,0.267450,0.061407,-0.186795
2.356713,-1.930170,0.768905,-0.040239,-0.078324,0.206427,0.974492,-0.273631,0.087782,-0.029142,1.536017,-0.110671,0.080823,0.070048,0.027304,-0.127819,0.269907,-0.218999,0.081147,0.026292,0.152403,0.193947,0.107576,0.233597,-0.578621,1.012714,-0.188822,0.165067,0.245269,-0.167976,-0.387330,0.496997,1.151705,0.267309,0.063001,-0.185695
2.364595,-1.928409,0.769822,-0.038194,-0.079907,0.205702,0.974599,-0.290042,0.074191,-0.023891,1.514405,-0.124142,0.071937,0.098081,0.027274,-0.126801,0.246000,-0.218361,0.081684,0.034594,0.150866,0.199257,0.126869,0.235829,-0.570935,1.006927,-0.186159,0.162738,0.244137,-0.188613,-0.395988,0.501623,1.153808,0.267065,0.064305,-0.184797
2.372357,-1.926538,0.770575,-0.036404,-0.080887,0.204885,0.974759,-0.306783,0.063509,-0.017316,1.488944,-0.136212,0.062844,0.124147,0.027399,-0.125725,0.222866,-0.217837,0.082202,0.042784,0.149390,0.203536,0.146277,0.238704,-0.563359,1.000070,-0.185199,0.159223,0.243824,-0.208752,-0.404436,0.505461,1.154561,0.266487,0.065268,-0.184168
2.380114,-1.924667,0.771175,-0.034847,-0.081102,0.203961,0.974991,-0.324014,0.055709,-0.009275,1.459285,-0.147029,0.052515,0.147883,0.027519,-0.124594,0.200428,-0.217324,0.082933,0.050891,0.147838,0.206401,0.165657,0.242161,-0.556331,0.992391,-0.186790,0.153694,0.244698,-0.228518,-0.412642,0.508483,1.154161,0.265386,0.065855,-0.183744
2.387841,-1.922701,0.771633,-0.033447,-0.080755,0.202836,0.975304,-0.341114,0.050236,-0.000036,1.425102,-0.157319,0.041213,0.169967,0.027593,-0.123208,0.178314,-0.216655,0.083816,0.059066,0.146203,0.208207,0.185165,0.246180,-0.549744,0.983563,-0.189513,0.146320,0.246195,-0.248006,-0.420615,0.510757,1.152939,0.263927,0.066094,-0.183535
2.395464,-1.920802,0.771886,-0.032222,-0.080013,0.201595,0.975663,-0.357828,0.047283,0.010451,1.387138,-0.166070,0.030857,0.190690,0.027711,-0.121590,0.156896,-0.216176,0.084635,0.067220,0.144478,0.209367,0.204729,0.250560,-0.542784,0.973926,-0.192481,0.138791,0.247895,-0.266978,-0.428312,0.512222,1.150588,0.262390,0.066000,-0.183732
2.403178,-1.918810,0.771974,-0.031181,-0.079033,0.200330,0.976038,-0.373907,0.046891,0.022220,1.346186,-0.172266,0.023244,0.210381,0.027989,-0.119776,0.136461,-0.216183,0.085202,0.075245,0.142679,0.210259,0.224188,0.254965,-0.534648,0.963972,-0.194816,0.132800,0.249418,-0.285216,-0.435653,0.512800,1.146874,0.261046,0.065596,-0.184535
2.410811,-1.916842,0.771879,-0.030342,-0.077725,0.199021,0.976437,-0.389664,0.049528,0.035973,1.302515,-0.175503,0.019133,0.224901,0.027970,-0.117801,0.125294,-0.221012,0.085693,0.083204,0.140748,0.210698,0.243422,0.259135,-0.524981,0.953886,-0.196128,0.128794,0.250623,-0.302844,-0.442615,0.512553,1.141974,0.260168,0.064692,-0.186376
2.418522,-1.914865,0.771611,-0.029674,-0.076041,0.197633,0.976872,-0.404919,0.054654,0.051558,1.255672,-0.176368,0.017164,0.233743,0.027513,-0.115690,0.124202,-0.231034,0.086286,0.091088,0.138669,0.210486,0.262349,0.262970,-0.514264,0.943807,-0.196904,0.125844,0.251766,-0.320033,-0.449200,0.511590,1.136177,0.259598,0.063335,-0.189045
2.426135,-1.912754,0.771110,-0.029117,-0.074201,0.196234,0.977312,-0.418695,0.060754,0.067733,1.205326,-0.175374,0.015989,0.242183,0.027116,-0.113483,0.123231,-0.241106,0.086804,0.098671,0.136521,0.209969,0.280819,0.266363,-0.502997,0.934254,-0.197597,0.123572,0.253075,-0.336602,-0.455367,0.509772,1.129410,0.258813,0.061884,-0.191781
2.433799,-1.910584,0.770373,-0.028474,-0.072426,0.194873,0.977736,-0.430210,0.066209,0.083433,1.151355,-0.173118,0.014381,0.250790,0.026395,-0.111292,0.122613,-0.251392,0.087033,0.105799,0.134129,0.209550,0.298662,0.269217,-0.491704,0.925770,-0.198670,0.121591,0.254784,-0.352380,-0.461051,0.506975,1.121638,0.257312,0.060695,-0.193829
2.441520,-1.908389,0.769440,-0.027934,-0.070793,0.193618,0.978121,-0.439250,0.070812,0.098119,1.093100,-0.169741,0.012656,0.259530,0.025757,-0.109218,0.122653,-0.262160,0.086689,0.112250,0.131854,0.209259,0.315935,0.271444,-0.480094,0.918312,-0.200047,0.120044,0.257070,-0.367429,-0.466236,0.502938,1.112794,0.254824,0.059954,-0.194910
2.449182,-1.906008,0.768365,-0.027549,-0.069186,0.192438,0.978479,-0.446173,0.075246,0.112433,1.030662,-0.164866,0.011217,0.268190,0.025297,-0.107203,0.123082,-0.273192,0.085979,0.118120,0.129736,0.208850,0.332611,0.273013,-0.468087,0.911841,-0.201540,0.119039,0.259790,-0.381845,-0.470945,0.497790,1.103047,0.251624,0.059434,-0.195463
2.456948,-1.903508,0.767187,-0.027357,-0.067609,0.191313,0.978816,-0.450920,0.079798,0.126345,0.964464,-0.158061,0.008916,0.276973,0.025092,-0.105276,0.123527,-0.284203,0.085304,0.123492,0.127985,0.208216,0.348410,0.273948,-0.456502,0.906865,-0.203417,0.118145,0.262694,-0.395589,-0.475188,0.492123,1.092760,0.248150,0.058865,-0.195804
2.464730,-1.900911,0.765878,-0.027423,-0.066088,0.190230,0.979129,-0.453346,0.084668,0.139810,0.894658,-0.148787,0.004498,0.285951,0.025271,-0.103523,0.123926,-0.295039,0.085079,0.128439,0.126878,0.207279,0.363061,0.274315,-0.446155,0.903851,-0.205942,0.116937,0.265543,-0.408686,-0.478983,0.486570,1.082326,0.244858,0.057983,-0.196245
2.472574,-1.898147,0.764397,-0.027749,-0.064614,0.189243,0.979409,-0.453237,0.089258,0.152060,0.819333,-0.135190,-0.003068,0.295138,0.025846,-0.102133,0.124284,-0.305882,0.085342,0.132797,0.126438,0.206056,0.376562,0.274169,-0.437072,0.902900,-0.209436,0.114978,0.268409,-0.421146,-0.482285,0.480864,1.071597,0.241766,0.056771,-0.196673
2.480458,-1.895358,0.762762,-0.028324,-0.063192,0.188323,0.979663,-0.450479,0.093221,0.163471,0.738254,-0.117690,-0.013121,0.304514,0.026802,-0.100971,0.124612,-0.316716,0.085885,0.136603,0.126579,0.204575,0.389075,0.273548,-0.428882,0.903715,-0.213667,0.112605,0.271378,-0.432997,-0.485089,0.474785,1.060479,0.238614,0.055351,-0.196988
2.488334,-1.892388,0.761005,-0.029214,-0.061878,0.187321,0.979913,-0.445238,0.097190,0.175742,0.654241,-0.099021,-0.024417,0.314142,0.028273,-0.099595,0.124929,-0.327197,0.086687,0.140257,0.127470,0.202804,0.400554,0.272494,-0.421799,0.906150,-0.218074,0.110539,0.274214,-0.444231,-0.487500,0.469131,1.049357,0.235606,0.053673,-0.197525
2.496282,-1.889267,0.759045,-0.030477,-0.060731,0.186083,0.980182,-0.437694,0.101915,0.190640,0.570182,-0.081985,-0.035694,0.324124,0.030399,-0.097529,0.125170,-0.336930,0.087699,0.144179,0.129303,0.200731,0.410913,0.271020,-0.416053,0.910067,-0.222109,0.109509,0.276688,-0.454618,-0.489639,0.464442,1.038388,0.232713,0.051700,-0.198602
2.504394,-1.885957,0.756923,-0.032296,-0.059845,0.184516,0.980474,-0.426787,0.108277,0.210243,0.483604,-0.066407,-0.047432,0.334578,0.033637,-0.094564,0.125361,-0.346081,0.088872,0.148572,0.132578,0.198291,0.420029,0.269163,-0.412096,0.915867,-0.225593,0.109807,0.278715,-0.464195,-0.491632,0.460943,1.027457,0.230260,0.049343,-0.200369
2.512451,-1.882539,0.754670,-0.034727,-0.059271,0.182551,0.980794,-0.411986,0.115375,0.233442,0.392222,-0.050020,-0.060493,0.345555,0.038133,-0.090564,0.125504,-0.354737,0.090117,0.153514,0.137453,0.195604,0.428039,0.266944,-0.409708,0.923368,-0.228835,0.111021,0.280440,-0.472950,-0.493518,0.458297,1.016346,0.228191,0.046677,-0.202594
2.520592,-1.879016,0.752310,-0.037701,-0.059029,0.180037,0.981163,-0.394550,0.122177,0.257079,0.300045,-0.033106,-0.073809,0.357049,0.043694,-0.085077,0.125523,-0.362379,0.091306,0.159275,0.143716,0.192916,0.435287,0.264328,-0.408047,0.931545,-0.231992,0.112814,0.281987,-0.480756,-0.495290,0.456360,1.005227,0.225980,0.043904,-0.205027
2.528886,-1.875474,0.749845,-0.041081,-0.059082,0.176906,0.981594,-0.376581,0.128438,0.277712,0.213047,-0.017031,-0.085755,0.368888,0.049886,-0.077842,0.125488,-0.368535,0.092383,0.165958,0.150965,0.190419,0.442080,0.261239,-0.406257,0.939439,-0.235209,0.114849,0.283471,-0.487591,-0.496889,0.455113,0.994373,0.223205,0.041219,-0.207437
2.537245,-1.871807,0.747380,-0.044916,-0.059343,0.173060,0.982095,-0.356909,0.134268,0.294606,0.127229,-0.001077,-0.095762,0.380847,0.056678,-0.068719,0.125388,-0.373356,0.093306,0.173714,0.159074,0.188018,0.448759,0.258038,-0.404142,0.946766,-0.238684,0.117256,0.284826,-0.493611,-0.498092,0.454656,0.983747,0.219440,0.038494,-0.209953
2.545607,-1.867935,0.744976,-0.048999,-0.059714,0.168797,0.982619,-0.369752,0.150751,0.304446,0.117322,-0.025190,-0.104273,0.392919,0.063547,-0.058387,0.125226,-0.377023,0.094294,0.181802,0.168008,0.185572,0.454202,0.253513,-0.402047,0.955326,-0.242020,0.120000,0.286159,-0.498976,-0.499295,0.455460,0.973250,0.215233,0.035731,-0.212640
2.553857,-1.863915,0.742786,-0.052513,-0.059920,0.164951,0.983078,-0.383027,0.166237,0.311900,0.115216,-0.050412,-0.110170,0.405137,0.068730,-0.048590,0.125047,-0.379270,0.095792,0.189230,0.175388,0.183161,0.459041,0.249218,-0.400196,0.963258,-0.245386,0.122972,0.287328,-0.502812,-0.499957,0.456010,0.962919,0.210731,0.033101,-0.215352
2.562172,-1.859776,0.740916,-0.054917,-0.059791,0.162177,0.983416,-0.392313,0.177555,0.318312,0.113584,-0.069848,-0.112878,0.417519,0.071155,-0.040660,0.124835,-0.379720,0.098108,0.194552,0.180346,0.180789,0.462239,0.243827,-0.398451,0.971570,-0.248296,0.125711,0.288591,-0.505267,-0.500178,0.456465,0.953419,0.206629,0.030881,-0.217862
2.570508,-1.855460,0.739286,-0.056012,-0.059449,0.160719,0.983615,-0.397169,0.183652,0.322563,0.113386,-0.084646,-0.111530,0.430584,0.070485,-0.035079,0.124644,-0.378868,0.101399,0.197507,0.182112,0.178985,0.464591,0.238505,-0.396671,0.978970,-0.251115,0.128619,0.289928,-0.505985,-0.499647,0.456063,0.944525,0.202818,0.029061,-0.220114
2.579037,-1.850990,0.737971,-0.056183,-0.058937,0.160188,0.983722,-0.398094,0.185646,0.324743,0.113880,-0.095599,-0.106652,0.444023,0.067636,-0.031152,0.124439,-0.376622,0.105401,0.198774,0.181493,0.177573,0.466389,0.233436,-0.394885,0.985383,-0.253914,0.131765,0.291237,-0.505145,-0.498382,0.455083,0.936130,0.199030,0.027518,-0.222209
2.587751,-1.846453,0.736903,-0.055605,-0.057848,0.160490,0.983771,-0.396288,0.184141,0.327387,0.114191,-0.100002,-0.099836,0.456766,0.062995,-0.028943,0.124160,-0.372152,0.110022,0.198627,0.178786,0.175536,0.467131,0.228325,-0.393483,0.991294,-0.256353,0.134497,0.292306,-0.502917,-0.496311,0.453881,0.928679,0.195363,0.026246,-0.224263
2.596752,-1.841852,0.736065,-0.054299,-0.055794,0.161791,0.983749,-0.393349,0.179323,0.332720,0.114441,-0.095697,-0.092622,0.467574,0.056678,-0.029088,0.124549,-0.365140,0.115266,0.197115,0.173844,0.172127,0.466553,0.223570,-0.393048,0.996562,-0.258239,0.136254,0.292790,-0.498749,-0.493517,0.452103,0.921914,0.191694,0.025239,-0.226391
2.605498,-1.837042,0.735773,-0.051616,-0.052401,0.164430,0.983643,-0.389170,0.169682,0.343431,0.115974,-0.080300,-0.085962,0.476040,0.047276,-0.032571,0.125881,-0.356493,0.121632,0.193851,0.165103,0.167225,0.464213,0.219337,-0.393933,1.001210,-0.259574,0.136909,0.292533,-0.492099,-0.489934,0.449141,0.915232,0.187546,0.024620,-0.228847
2.614219,-1.832222,0.735884,-0.047694,-0.047952,0.168111,0.983445,-0.382979,0.155395,0.357817,0.117762,-0.055330,-0.078771,0.482950,0.035175,-0.038696,0.127646,-0.346022,0.128977,0.189197,0.152962,0.161183,0.460610,0.215702,-0.395816,1.004929,-0.260502,0.136795,0.291691,-0.483416,-0.485591,0.445414,0.908925,0.183318,0.024358,-0.231461
2.623478,-1.827344,0.735951,-0.043065,-0.042909,0.172344,0.983159,-0.376915,0.138098,0.371718,0.119696,-0.026108,-0.069229,0.488772,0.021554,-0.046456,0.130010,-0.332163,0.136714,0.183785,0.138905,0.154274,0.456223,0.212576,-0.398235,1.007808,-0.260970,0.135984,0.290413,-0.473024,-0.480573,0.441460,0.903592,0.179515,0.024192,-0.233794
2.632639,-1.822239,0.736207,-0.038368,-0.037728,0.176491,0.982830,-0.377005,0.121715,0.380786,0.130764,-0.002732,-0.055839,0.487588,0.007393,-0.054490,0.146384,-0.320372,0.144140,0.178526,0.124628,0.146681,0.451529,0.209780,-0.400691,1.009986,-0.260892,0.134531,0.288877,-0.461626,-0.475077,0.438250,0.900127,0.177042,0.023859,-0.235413
2.641637,-1.816908,0.736822,-0.033445,-0.031892,0.180334,0.982519,-0.393918,0.109829,0.383500,0.171048,0.006558,-0.036048,0.470014,-0.008814,-0.062609,0.194962,-0.320869,0.151888,0.173831,0.109458,0.137376,0.446928,0.207076,-0.402523,1.011264,-0.259479,0.131972,0.286894,-0.449000,-0.469236,0.436236,0.898220,0.176377,0.023285,-0.236203
2.650810,-1.811332,0.737720,-0.027990,-0.025241,0.183964,0.982210,-0.410189,0.095206,0.385083,0.204191,0.022671,-0.011368,0.449895,-0.027165,-0.070444,0.245940,-0.318386,0.160041,0.169553,0.092747,0.126375,0.442007,0.204404,-0.404129,1.011804,-0.256981,0.128402,0.284490,-0.435123,-0.463015,0.435143,0.897655,0.177111,0.022633,-0.236366
2.660269,-1.805534,0.738638,-0.022321,-0.018721,0.187330,0.981865,-0.423600,0.079332,0.386744,0.231751,0.038269,0.013247,0.427688,-0.046328,-0.076584,0.300977,-0.311866,0.167002,0.165703,0.075979,0.115500,0.435920,0.201888,-0.406633,1.012318,-0.254891,0.124732,0.282123,-0.420526,-0.456296,0.434314,0.899109,0.178379,0.021998,-0.235943
2.669896,-1.799717,0.739582,-0.016736,-0.013287,0.190461,0.981462,-0.431470,0.063338,0.388902,0.254599,0.046128,0.033026,0.404347,-0.064864,-0.079935,0.360672,-0.299741,0.171229,0.162290,0.060532,0.106614,0.427824,0.199774,-0.411176,1.013423,-0.254729,0.121897,0.280219,-0.405644,-0.448943,0.433013,0.903203,0.179347,0.021462,-0.234995
2.679196,-1.793963,0.740631,-0.011245,-0.009017,0.193401,0.981014,-0.433206,0.047310,0.390732,0.273593,0.041710,0.045576,0.380022,-0.082561,-0.080608,0.425362,-0.280574,0.172085,0.159664,0.046385,0.099651,0.417365,0.198240,-0.418669,1.015752,-0.258078,0.120468,0.278708,-0.389778,-0.440814,0.430569,0.910168,0.179706,0.020684,-0.233663
2.688439,-1.788042,0.741848,-0.005645,-0.005419,0.196286,0.980515,-0.430579,0.030691,0.391289,0.289456,0.028821,0.053865,0.354561,-0.100133,-0.079498,0.493666,-0.255049,0.170450,0.157589,0.032638,0.093772,0.405051,0.197321,-0.428395,1.018709,-0.263808,0.119880,0.277372,-0.372811,-0.431928,0.427358,0.919560,0.179894,0.019721,-0.231895
2.697585,-1.782196,0.743150,0.000006,-0.002651,0.199284,0.979938,-0.424214,0.013541,0.390510,0.302252,0.012977,0.061128,0.328420,-0.117315,-0.076857,0.563992,-0.224820,0.167124,0.155248,0.019521,0.089721,0.391352,0.197013,-0.439048,1.021091,-0.269324,0.119363,0.276406,-0.355932,-0.422430,0.424124,0.930905,0.180218,0.019259,-0.229485
2.706592,-1.776341,0.744579,0.005604,-0.000910,0.202517,0.979262,-0.414649,-0.004265,0.388568,0.311480,0.000009,0.070685,0.302041,-0.133674,-0.072828,0.635048,-0.191670,0.162987,0.151881,0.007422,0.088298,0.376727,0.197281,-0.449325,1.021703,-0.272032,0.118132,0.276016,-0.340305,-0.412543,0.421620,0.943735,0.180953,0.019983,-0.226215
2.715402,-1.770420,0.746131,0.011210,-0.000533,0.206168,0.978452,-0.401194,-0.023598,0.384912,0.316062,-0.008302,0.084237,0.275848,-0.149220,-0.067437,0.708088,-0.154467,0.159322,0.147246,-0.003447,0.090352,0.360755,0.198119,-0.459779,1.020720,-0.270808,0.116223,0.276193,-0.325848,-0.402347,0.419737,0.958373,0.182606,0.022256,-0.222297
2.723916,-1.764552,0.747687,0.016770,-0.001377,0.210156,0.977523,-0.383821,-0.044163,0.379368,0.316459,-0.014966,0.099676,0.249454,-0.163813,-0.060809,0.783582,-0.112871,0.155453,0.141817,-0.013171,0.095271,0.343354,0.199471,-0.470968,1.018696,-0.267184,0.113985,0.276848,-0.311887,-0.391856,0.418089,0.974794,0.184885,0.025663,-0.217775
2.732185,-1.758880,0.749199,0.022018,-0.002922,0.214188,0.976540,-0.364078,-0.064423,0.373003,0.314264,-0.021271,0.114828,0.221982,-0.176927,-0.053257,0.859368,-0.069926,0.149265,0.135871,-0.021791,0.101693,0.325453,0.201209,-0.481441,1.015009,-0.262472,0.111088,0.278091,-0.298854,-0.381276,0.417156,0.992149,0.186942,0.029722,-0.212176
2.740261,-1.753338,0.750686,0.026724,-0.004636,0.217949,0.975583,-0.343571,-0.082839,0.366984,0.311129,-0.028569,0.127489,0.192374,-0.188354,-0.045179,0.933593,-0.028764,0.138357,0.129595,-0.029342,0.108280,0.307963,0.203166,-0.489573,1.009031,-0.257946,0.107190,0.280032,-0.287373,-0.370918,0.417674,1.009702,0.188068,0.033955,-0.205008
2.748079,-1.747707,0.751943,0.030836,-0.006459,0.221283,0.974701,-0.322558,-0.099188,0.361995,0.307257,-0.037485,0.137355,0.158484,-0.198366,-0.036335,1.008840,0.014718,0.119810,0.122922,-0.035697,0.115037,0.291331,0.205175,-0.494361,0.999840,-0.253150,0.101749,0.283287,-0.277940,-0.361029,0.420265,1.027466,0.188095,0.038526,-0.195269
2.755773,-1.742155,0.753091,0.034474,-0.008649,0.224403,0.973848,-0.300126,-0.114282,0.357224,0.301592,-0.047075,0.145499,0.121385,-0.207626,-0.027298,1.085135,0.060759,0.094873,0.115656,-0.040782,0.122574,0.274864,0.207197,-0.496743,0.988189,-0.247584,0.095086,0.287632,-0.270085,-0.351642,0.424537,1.045710,0.187462,0.043610,-0.183478
2.763226,-1.736787,0.754160,0.037733,-0.011140,0.227552,0.972971,-0.276462,-0.128270,0.351929,0.294309,-0.056490,0.151863,0.084505,-0.216637,-0.019359,1.157815,0.099498,0.067330,0.107821,-0.044825,0.130520,0.257755,0.209327,-0.498052,0.975893,-0.242500,0.088129,0.291911,-0.262853,-0.342695,0.429550,1.063937,0.186330,0.048748,-0.171388
2.770600,-1.731639,0.755133,0.040658,-0.013867,0.230906,0.972027,-0.251613,-0.141276,0.345426,0.285436,-0.064874,0.156432,0.051365,-0.225008,-0.012927,1.222397,0.120866,0.041923,0.099629,-0.048001,0.138503,0.239252,0.211741,-0.499685,0.964659,-0.239191,0.081798,0.294919,-0.255309,-0.334089,0.434331,1.081652,0.184887,0.053478,-0.160762
2.778068,-1.726437,0.756173,0.043289,-0.017056,0.234260,0.971060,-0.224760,-0.153138,0.338279,0.274656,-0.072314,0.158865,0.023662,-0.231165,-0.006593,1.278293,0.117645,0.020765,0.091436,-0.050250,0.146975,0.219255,0.214642,-0.502006,0.954274,-0.238914,0.076039,0.296348,-0.247662,-0.325845,0.439431,1.099186,0.182839,0.057531,-0.151416
2.785326,-1.721332,0.757263,0.045529,-0.020667,0.237571,0.970083,-0.196295,-0.163888,0.330818,0.262229,-0.079296,0.159548,-0.000872,-0.234792,0.000051,1.328524,0.096228,0.001935,0.083149,-0.051466,0.155990,0.198235,0.218084,-0.504366,0.943812,-0.240738,0.070469,0.296780,-0.240226,-0.317996,0.445005,1.116589,0.180234,0.061193,-0.142611
2.792552,-1.716340,0.758405,0.047211,-0.024234,0.241222,0.969018,-0.168075,-0.173615,0.322033,0.249315,-0.085767,0.159435,-0.024482,-0.237156,0.005302,1.373727,0.067011,-0.015565,0.074383,-0.051726,0.164560,0.176261,0.221977,-0.506689,0.933949,-0.242693,0.065510,0.296378,-0.232175,-0.310423,0.449397,1.132880,0.177655,0.064858,-0.135288
2.799872,-1.711273,0.759658,0.048206,-0.027285,0.245617,0.967783,-0.141839,-0.182307,0.310835,0.236992,-0.091581,0.159262,-0.049390,-0.240149,0.007214,1.414290,0.040449,-0.033222,0.064787,-0.051175,0.171685,0.153275,0.226171,-0.508963,0.925550,-0.242812,0.061577,0.295349,-0.222713,-0.302981,0.450903,1.147173,0.175616,0.068908,-0.130401
2.807007,-1.706347,0.760884,0.048365,-0.029588,0.251029,0.966318,-0.118327,-0.189600,0.296419,0.225575,-0.096524,0.158536,-0.076261,-0.244472,0.004497,1.450079,0.017467,-0.051009,0.053892,-0.049679,0.176933,0.128790,0.230612,-0.511246,0.919295,-0.240752,0.058766,0.293249,-0.211780,-0.295496,0.448931,1.159520,0.174289,0.073806,-0.128402
2.814215,-1.701408,0.762215,0.047817,-0.031421,0.257195,0.964664,-0.096525,-0.195431,0.279602,0.214691,-0.100866,0.156967,-0.103791,-0.249193,-0.001587,1.480964,-0.006912,-0.068193,0.042032,-0.047247,0.180909,0.102868,0.235311,-0.513622,0.914768,-0.237512,0.056838,0.290163,-0.199829,-0.287931,0.444423,1.170421,0.173376,0.079222,-0.128741
2.821207,-1.696653,0.763411,0.046873,-0.033082,0.263696,0.962898,-0.075527,-0.200108,0.261659,0.204412,-0.105107,0.155430,-0.131198,-0.254088,-0.009318,1.507121,-0.031067,-0.085515,0.030055,-0.044213,0.184201,0.076238,0.240181,-0.516125,0.911224,-0.233121,0.055697,0.287086,-0.186707,-0.280387,0.437958,1.179501,0.172699,0.084364,-0.130855
2.828214,-1.691817,0.764568,0.045846,-0.034867,0.270120,0.961102,-0.054445,-0.204071,0.243862,0.194748,-0.109692,0.154828,-0.157813,-0.258885,-0.016945,1.528737,-0.053355,-0.103726,0.018840,-0.040907,0.187402,0.049568,0.245071,-0.518812,0.907967,-0.227590,0.055250,0.285023,-0.172187,-0.273072,0.430057,1.186273,0.172076,0.088451,-0.134166
2.835231,-1.686955,0.765715,0.044735,-0.036825,0.276387,0.959298,-0.033066,-0.207338,0.226244,0.185485,-0.114547,0.155625,-0.183806,-0.263449,-0.024459,1.545782,-0.072818,-0.123965,0.008686,-0.037146,0.190567,0.022602,0.249848,-0.521911,0.905412,-0.220395,0.055744,0.284140,-0.155707,-0.266118,0.420177,1.189935,0.171217,0.091647,-0.139518
2.842206,-1.681846,0.766861,0.043422,-0.038807,0.282693,0.957441,-0.011985,-0.209670,0.208289,0.176875,-0.119559,0.157142,-0.209373,-0.267868,-0.032699,1.558125,-0.090494,-0.145399,-0.000796,-0.032802,0.193511,-0.005041,0.254451,-0.525434,0.903891,-0.211675,0.057130,0.283919,-0.137390,-0.259537,0.408163,1.190657,0.170338,0.094269,-0.146858
2.849249,-1.676797,0.767918,0.042026,-0.040814,0.289030,0.955526,0.008723,-0.211124,0.190383,0.169094,-0.124938,0.158641,-0.234002,-0.272095,-0.041298,1.565787,-0.107605,-0.165965,-0.009789,-0.028237,0.196433,-0.032906,0.258850,-0.529072,0.902617,-0.202476,0.058866,0.284343,-0.118056,-0.253350,0.395117,1.189454,0.169939,0.095760,-0.154271
2.856220,-1.671836,0.768898,0.040659,-0.042846,0.295388,0.953550,0.029042,-0.211805,0.172913,0.162251,-0.130840,0.159475,-0.257176,-0.276064,-0.049867,1.568773,-0.125320,-0.183566,-0.018555,-0.023826,0.199482,-0.060462,0.263053,-0.532392,0.900764,-0.193802,0.060418,0.285393,-0.098591,-0.247589,0.382300,1.187473,0.170589,0.095547,-0.159846
2.863153,-1.666778,0.769790,0.039298,-0.045030,0.301749,0.951512,0.049493,-0.211696,0.156112,0.155919,-0.137209,0.159570,-0.278549,-0.279904,-0.058770,1.566960,-0.144472,-0.197742,-0.027193,-0.019468,0.202840,-0.087817,0.267090,-0.535359,0.898547,-0.185633,0.061837,0.287388,-0.078963,-0.242314,0.369765,1.184642,0.172571,0.092783,-0.163175
2.869984,-1.661877,0.770510,0.037900,-0.047326,0.308110,0.949417,0.069929,-0.210816,0.139786,0.150190,-0.144012,0.159316,-0.298409,-0.283446,-0.068148,1.560333,-0.164193,-0.209421,-0.035572,-0.015029,0.206404,-0.115157,0.270969,-0.538134,0.896231,-0.177507,0.063363,0.290216,-0.058750,-0.237513,0.356933,1.180399,0.175537,0.088003,-0.165220
2.876818,-1.656995,0.771115,0.036524,-0.049490,0.314495,0.947264,0.089319,-0.209440,0.123694,0.146021,-0.151496,0.158793,-0.317218,-0.286173,-0.077326,1.549023,-0.182998,-0.218681,-0.043658,-0.010790,0.209837,-0.142066,0.274682,-0.540528,0.893100,-0.169796,0.064731,0.293246,-0.038365,-0.233081,0.344229,1.175370,0.179102,0.082706,-0.166145
2.883579,-1.652041,0.771549,0.035221,-0.051282,0.320932,0.945057,0.106704,-0.207882,0.107553,0.144144,-0.159769,0.158042,-0.335493,-0.287684,-0.085633,1.533201,-0.199403,-0.225720,-0.051504,-0.007009,0.212761,-0.168040,0.278225,-0.542211,0.888395,-0.162822,0.065671,0.295859,-0.018317,-0.228832,0.332180,1.170309,0.182893,0.078388,-0.166141
2.890392,-1.647224,0.771899,0.034006,-0.052706,0.327483,0.942773,0.121809,-0.206135,0.091169,0.145073,-0.169038,0.156793,-0.353235,-0.288252,-0.093332,1.512687,-0.213281,-0.230932,-0.059283,-0.003738,0.215149,-0.193077,0.281665,-0.542945,0.881995,-0.156718,0.066150,0.298050,0.001271,-0.224661,0.320842,1.165386,0.187055,0.075261,-0.164634
2.897254,-1.642300,0.772245,0.032830,-0.053873,0.334126,0.940415,0.135256,-0.204155,0.074709,0.148092,-0.179086,0.155100,-0.370168,-0.288023,-0.100758,1.487399,-0.225323,-0.234199,-0.066982,-0.000824,0.217119,-0.217343,0.285057,-0.542852,0.874252,-0.151267,0.066298,0.300114,0.020541,-0.220546,0.310044,1.160416,0.191713,0.072592,-0.161755
2.904143,-1.637476,0.772471,0.031658,-0.054685,0.340770,0.938021,0.147330,-0.202046,0.058396,0.152257,-0.189451,0.153432,-0.386502,-0.286520,-0.107282,1.457764,-0.235180,-0.235063,-0.074406,0.001755,0.218460,-0.240626,0.288383,-0.542159,0.865214,-0.146330,0.066064,0.301899,0.039282,-0.216454,0.300011,1.155823,0.196432,0.070427,-0.158783
2.910994,-1.632607,0.772596,0.030472,-0.055019,0.347329,0.935632,0.158272,-0.199963,0.042465,0.156703,-0.199689,0.152290,-0.402379,-0.283354,-0.112256,1.424086,-0.242616,-0.233172,-0.081376,0.004024,0.218950,-0.262691,0.291569,-0.541032,0.854953,-0.141733,0.065392,0.303260,0.057279,-0.212334,0.290969,1.152052,0.200744,0.068796,-0.157007
2.917810,-1.627752,0.772600,0.029272,-0.054800,0.353899,0.933218,0.167724,-0.198032,0.026731,0.161765,-0.209794,0.152127,-0.418168,-0.278675,-0.115321,1.386475,-0.247462,-0.228400,-0.087933,0.005932,0.218408,-0.283748,0.294592,-0.539414,0.843591,-0.137826,0.064101,0.304037,0.074522,-0.208182,0.282903,1.149258,0.204943,0.067724,-0.156831
2.924778,-1.622888,0.772525,0.028065,-0.054101,0.360501,0.930766,0.175722,-0.196184,0.011098,0.167654,-0.219912,0.152547,-0.433628,-0.272855,-0.116807,1.344706,-0.249968,-0.221201,-0.094166,0.007534,0.216945,-0.303849,0.297468,-0.537194,0.831117,-0.134546,0.062267,0.304371,0.091104,-0.204006,0.275734,1.147271,0.209129,0.067178,-0.157563
2.931777,-1.618086,0.772385,0.026843,-0.053053,0.366934,0.928345,0.183079,-0.194241,-0.004076,0.173366,-0.229868,0.152775,-0.448086,-0.265895,-0.117007,1.298674,-0.250393,-0.212062,-0.099950,0.008946,0.214774,-0.322601,0.300169,-0.534494,0.817527,-0.131141,0.060207,0.304568,0.106828,-0.199839,0.269594,1.146201,0.212540,0.067075,-0.158877
2.938767,-1.613239,0.772172,0.025604,-0.051793,0.372995,0.926033,0.190565,-0.192055,-0.018390,0.178012,-0.239561,0.152066,-0.460889,-0.257798,-0.116230,1.248270,-0.249033,-0.201494,-0.105149,0.010266,0.212112,-0.339626,0.302635,-0.531428,0.802831,-0.126840,0.058235,0.304937,0.121503,-0.195731,0.264617,1.146136,0.214442,0.067344,-0.160446
2.945775,-1.608289,0.771875,0.024252,-0.050315,0.378641,0.923857,0.198210,-0.189357,-0.031659,0.181325,-0.249072,0.150024,-0.472152,-0.248139,-0.113992,1.193070,-0.245629,-0.189816,-0.109716,0.011689,0.208843,-0.354829,0.304822,-0.527871,0.786872,-0.121202,0.056358,0.305572,0.135024,-0.191728,0.261176,1.147374,0.214234,0.068055,-0.162557
2.952875,-1.603277,0.771490,0.022825,-0.048566,0.383990,0.921777,0.205697,-0.186351,-0.044123,0.183766,-0.258429,0.147155,-0.482021,-0.237350,-0.110114,1.133177,-0.240261,-0.176937,-0.113739,0.013120,0.204891,-0.368437,0.306741,-0.523766,0.769762,-0.114707,0.054427,0.306318,0.147511,-0.187876,0.259082,1.149800,0.212466,0.069225,-0.165266
2.960039,-1.598147,0.771004,0.021539,-0.046604,0.389077,0.919773,0.213338,-0.183556,-0.056007,0.185430,-0.267411,0.144094,-0.489932,-0.226639,-0.105376,1.069162,-0.233669,-0.162625,-0.117271,0.014202,0.200543,-0.380548,0.308410,-0.519348,0.751855,-0.107963,0.052539,0.307104,0.159172,-0.184213,0.257564,1.152824,0.210059,0.070708,-0.167893
2.967193,-1.592984,0.770370,0.020590,-0.044516,0.393938,0.917828,0.221433,-0.181473,-0.067571,0.186381,-0.275746,0.141395,-0.495379,-0.217109,-0.100641,1.001440,-0.226487,-0.146573,-0.120335,0.014572,0.196084,-0.391275,0.309826,-0.514887,0.733515,-0.101573,0.050789,0.307866,0.170214,-0.180778,0.255817,1.155840,0.207927,0.072346,-0.169759
2.974400,-1.587782,0.769594,0.019981,-0.042296,0.398498,0.915975,0.229900,-0.180064,-0.078687,0.186634,-0.283461,0.139082,-0.498219,-0.208832,-0.095754,0.929021,-0.218253,-0.128391,-0.122770,0.014256,0.191569,-0.400693,0.310962,-0.510290,0.714584,-0.096037,0.049127,0.308643,0.180583,-0.177560,0.253673,1.158919,0.206094,0.074213,-0.170580
2.981567,-1.582434,0.768667,0.019630,-0.039913,0.402768,0.914221,0.238614,-0.179125,-0.089289,0.186211,-0.290701,0.136888,-0.498650,-0.201435,-0.090286,0.851739,-0.208782,-0.108469,-0.124579,0.013372,0.186850,-0.408774,0.311798,-0.505498,0.694984,-0.090931,0.047530,0.309459,0.190223,-0.174575,0.251486,1.162289,0.204136,0.076349,-0.170752
2.988769,-1.577013,0.767573,0.019627,-0.037390,0.406923,0.912486,0.247832,-0.178870,-0.099775,0.185065,-0.297262,0.134920,-0.496660,-0.195339,-0.084837,0.770917,-0.198805,-0.087558,-0.126137,0.011871,0.181967,-0.415430,0.312270,-0.500760,0.675079,-0.085496,0.046110,0.310204,0.199578,-0.172058,0.249275,1.165218,0.202343,0.078597,-0.170527
2.996084,-1.571445,0.766333,0.020072,-0.034752,0.411142,0.910687,0.257844,-0.179532,-0.110555,0.183094,-0.302928,0.133280,-0.492300,-0.190979,-0.080035,0.687857,-0.189043,-0.066390,-0.127743,0.009360,0.176876,-0.420779,0.312525,-0.496565,0.655487,-0.079085,0.045003,0.310759,0.208620,-0.169570,0.247024,1.167705,0.200875,0.080690,-0.170359
3.003473,-1.565713,0.764951,0.021157,-0.031960,0.415421,0.908821,0.268994,-0.181552,-0.121794,0.179849,-0.307422,0.132097,-0.484988,-0.188614,-0.075538,0.600238,-0.179487,-0.045592,-0.129412,0.005464,0.171554,-0.424594,0.312471,-0.492757,0.635961,-0.070962,0.044417,0.311066,0.217432,-0.167129,0.244809,1.169625,0.199905,0.082745,-0.170189
3.010909,-1.559969,0.763384,0.022836,-0.029032,0.419733,0.906896,0.281323,-0.184700,-0.133460,0.175109,-0.310690,0.131262,-0.474312,-0.188333,-0.071367,0.506876,-0.169205,-0.024778,-0.131183,0.000446,0.166129,-0.426798,0.312075,-0.489066,0.616135,-0.061652,0.044220,0.311177,0.226124,-0.165152,0.242646,1.170797,0.199346,0.084869,-0.169775
3.018398,-1.554091,0.761669,0.024919,-0.026065,0.424253,0.904826,0.294126,-0.188386,-0.145635,0.170409,-0.313404,0.130509,-0.460517,-0.190255,-0.068822,0.410650,-0.157355,-0.002913,-0.133373,-0.005315,0.160771,-0.427799,0.311568,-0.485986,0.596547,-0.052453,0.044047,0.311181,0.234770,-0.163622,0.240362,1.171118,0.198950,0.086788,-0.169319
3.025988,-1.548034,0.759775,0.027355,-0.023165,0.429225,0.902486,0.307231,-0.192269,-0.158644,0.166471,-0.315781,0.129641,-0.443564,-0.194505,-0.069330,0.314161,-0.142888,0.021348,-0.136183,-0.011986,0.155609,-0.428456,0.310850,-0.484213,0.578418,-0.044368,0.043539,0.311139,0.243070,-0.161700,0.237526,1.171212,0.198265,0.088120,-0.169253
3.033709,-1.541901,0.757646,0.030721,-0.020229,0.435059,0.899650,0.321881,-0.197482,-0.173605,0.161673,-0.316962,0.128709,-0.421272,-0.202091,-0.072892,0.212242,-0.123938,0.049912,-0.140397,-0.020741,0.150744,-0.428632,0.310136,-0.484079,0.561377,-0.038112,0.042538,0.311134,0.251698,-0.159624,0.233992,1.170353,0.197167,0.088735,-0.169477
3.041600,-1.535744,0.755245,0.035682,-0.017264,0.442007,0.896135,0.339650,-0.205089,-0.191664,0.154306,-0.315963,0.128032,-0.401150,-0.215032,-0.077999,0.121213,-0.110030,0.082208,-0.146799,-0.032866,0.146529,-0.427899,0.309610,-0.485131,0.544892,-0.033000,0.041305,0.310994,0.260777,-0.157522,0.230104,1.168360,0.195895,0.088853,-0.169860
3.049672,-1.529556,0.752714,0.041316,-0.014521,0.449449,0.892232,0.358414,-0.212987,-0.211188,0.147754,-0.314517,0.127468,-0.418650,-0.233340,-0.078559,0.117049,-0.138511,0.115469,-0.154324,-0.046360,0.143137,-0.426149,0.309346,-0.486929,0.529058,-0.028232,0.040070,0.310632,0.269593,-0.155470,0.226211,1.165762,0.194744,0.088743,-0.170461
3.057856,-1.523410,0.750234,0.045929,-0.012156,0.456272,0.888571,0.373768,-0.218189,-0.228666,0.148336,-0.316331,0.126594,-0.433506,-0.249601,-0.084476,0.116465,-0.162412,0.146988,-0.160885,-0.057544,0.140269,-0.423294,0.309322,-0.488990,0.513961,-0.023123,0.038992,0.310088,0.276992,-0.153804,0.222633,1.163383,0.194052,0.088665,-0.171313
3.066129,-1.517310,0.747970,0.049776,-0.010348,0.462749,0.885030,0.386894,-0.221068,-0.244831,0.154038,-0.320180,0.125579,-0.443150,-0.264757,-0.099972,0.116506,-0.179948,0.181467,-0.166776,-0.066985,0.138437,-0.419731,0.309527,-0.491581,0.499728,-0.017275,0.038275,0.309159,0.283376,-0.152283,0.218930,1.160807,0.193807,0.088615,-0.172535
3.074430,-1.511248,0.745918,0.052983,-0.008941,0.468933,0.881598,0.398414,-0.222169,-0.259810,0.163221,-0.325230,0.124375,-0.447977,-0.278837,-0.123313,0.115857,-0.191412,0.218661,-0.171893,-0.075162,0.137347,-0.415399,0.309975,-0.495008,0.486247,-0.011095,0.037767,0.307977,0.288888,-0.150613,0.214902,1.158071,0.193763,0.088438,-0.174115
3.082610,-1.505145,0.744046,0.055005,-0.007661,0.474247,0.878639,0.406990,-0.221276,-0.271890,0.176344,-0.331271,0.122966,-0.449675,-0.289515,-0.147846,0.115144,-0.196302,0.249020,-0.175287,-0.080996,0.136077,-0.410001,0.310567,-0.498871,0.473964,-0.005148,0.037147,0.306796,0.292843,-0.149045,0.211424,1.156092,0.193984,0.088236,-0.175870
3.090840,-1.498989,0.742367,0.055165,-0.006353,0.478123,0.876536,0.411409,-0.217725,-0.279381,0.193636,-0.337992,0.121328,-0.449740,-0.294030,-0.166855,0.114782,-0.194468,0.261800,-0.176339,-0.083007,0.133811,-0.403013,0.311060,-0.502282,0.463290,0.000243,0.036091,0.305789,0.294390,-0.148085,0.209677,1.155872,0.194671,0.088126,-0.177616
3.098966,-1.492692,0.740997,0.052961,-0.005174,0.480147,0.875572,0.411373,-0.210469,-0.281166,0.214992,-0.345990,0.119670,-0.446843,-0.291090,-0.180317,0.114836,-0.186268,0.253158,-0.173394,-0.080342,0.130772,-0.394712,0.311790,-0.506391,0.453995,0.004595,0.034256,0.305415,0.293443,-0.147168,0.209017,1.157638,0.195765,0.087988,-0.179332
3.107054,-1.486369,0.740040,0.048576,-0.004320,0.480766,0.875492,0.407667,-0.199369,-0.278458,0.239911,-0.354918,0.117882,-0.440772,-0.280997,-0.191290,0.115092,-0.171756,0.226424,-0.168109,-0.073134,0.127211,-0.385063,0.312386,-0.510053,0.446304,0.008672,0.031843,0.305139,0.290164,-0.146834,0.209921,1.160976,0.197477,0.087852,-0.181123
3.114972,-1.480565,0.739923,0.042274,-0.003612,0.480666,0.875877,0.399965,-0.185009,-0.272927,0.269615,-0.364159,0.115405,-0.435017,-0.264958,-0.199040,0.116104,-0.150713,0.193546,-0.161603,-0.062072,0.122669,-0.373861,0.313185,-0.514003,0.439898,0.011941,0.029609,0.305091,0.285209,-0.147020,0.211971,1.165234,0.199352,0.087887,-0.182852
3.123240,-1.474406,0.739749,0.034774,-0.002645,0.480583,0.876256,0.388593,-0.168997,-0.266753,0.303745,-0.372044,0.111901,-0.432983,-0.245685,-0.202627,0.118144,-0.122789,0.165647,-0.155596,-0.048736,0.116624,-0.361299,0.314051,-0.517657,0.435342,0.014549,0.028076,0.304594,0.279315,-0.147991,0.214965,1.169438,0.200726,0.088390,-0.184353
3.131548,-1.468264,0.739824,0.025969,-0.000835,0.480780,0.876456,0.372970,-0.151313,-0.261177,0.340541,-0.378015,0.107497,-0.436071,-0.223477,-0.199551,0.119287,-0.080836,0.143138,-0.150380,-0.033318,0.107895,-0.347478,0.314973,-0.521296,0.432202,0.016446,0.027652,0.303392,0.272925,-0.149827,0.218578,1.173023,0.201286,0.089588,-0.185578
3.139978,-1.461980,0.740005,0.015892,0.001537,0.480919,0.876620,0.353956,-0.131635,-0.255705,0.379311,-0.382149,0.102498,-0.442234,-0.198344,-0.191497,0.120154,-0.027143,0.121490,-0.145167,-0.015721,0.097091,-0.332563,0.315813,-0.525053,0.430711,0.017669,0.027936,0.301719,0.265808,-0.152454,0.222934,1.176301,0.201377,0.091319,-0.186576
3.148489,-1.455188,0.740093,0.006035,0.003439,0.481010,0.876688,0.335581,-0.112040,-0.250397,0.418772,-0.381804,0.097215,-0.472791,-0.178106,-0.178946,0.175986,-0.003061,0.104148,-0.140094,0.001813,0.086908,-0.316866,0.316213,-0.528911,0.432418,0.018223,0.028414,0.300023,0.257794,-0.155503,0.228448,1.179896,0.201493,0.093198,-0.187394
3.156910,-1.448002,0.740217,-0.002395,0.003786,0.480966,0.876728,0.321262,-0.094081,-0.244672,0.458499,-0.374935,0.091995,-0.493829,-0.159454,-0.172445,0.224644,0.011749,0.093805,-0.135392,0.017924,0.080049,-0.300116,0.315950,-0.532449,0.438208,0.018138,0.028550,0.298758,0.248751,-0.159181,0.235748,1.184169,0.202241,0.094908,-0.187913
3.165358,-1.440633,0.740562,-0.009355,0.001982,0.480553,0.876914,0.312355,-0.077443,-0.238199,0.499193,-0.361798,0.088195,-0.502153,-0.142216,-0.172920,0.263664,0.013561,0.093143,-0.130948,0.033226,0.077354,-0.281460,0.314790,-0.535302,0.448473,0.017795,0.027442,0.298092,0.238459,-0.163746,0.245730,1.190048,0.204438,0.096246,-0.188128
3.173778,-1.433175,0.741120,-0.015648,-0.001290,0.479735,0.877273,0.305993,-0.060891,-0.230893,0.541812,-0.343760,0.085735,-0.502611,-0.125507,-0.176755,0.297525,0.007092,0.099403,-0.126506,0.048828,0.077097,-0.261201,0.312682,-0.537665,0.462666,0.017110,0.025616,0.297777,0.227023,-0.169207,0.257959,1.197092,0.207608,0.097451,-0.188005
3.181991,-1.425669,0.741801,-0.021417,-0.005202,0.478704,0.877700,0.299076,-0.044532,-0.222349,0.586879,-0.320616,0.082734,-0.498254,-0.109586,-0.181773,0.326747,-0.002242,0.107091,-0.121996,0.064205,0.078161,-0.240760,0.309674,-0.539956,0.480316,0.015513,0.024621,0.297663,0.214689,-0.175369,0.270972,1.203731,0.210382,0.098847,-0.187425
3.190089,-1.418083,0.742742,-0.026646,-0.008925,0.477711,0.878067,0.288827,-0.029059,-0.212362,0.634976,-0.292021,0.077108,-0.491534,-0.094454,-0.186008,0.350421,-0.008465,0.110969,-0.117359,0.078437,0.079583,-0.221637,0.305894,-0.542684,0.501024,0.012395,0.026022,0.297616,0.201754,-0.181930,0.283169,1.208363,0.211322,0.100744,-0.186316
3.197997,-1.410512,0.743856,-0.031206,-0.012352,0.476612,0.878473,0.274689,-0.015430,-0.200441,0.687700,-0.256517,0.068843,-0.481915,-0.079395,-0.188731,0.366000,-0.008401,0.110937,-0.112463,0.091148,0.081384,-0.203438,0.301313,-0.545371,0.525316,0.007647,0.030679,0.297730,0.187867,-0.188694,0.294201,1.210996,0.209134,0.103863,-0.184246
3.205699,-1.403070,0.745047,-0.035091,-0.015872,0.475332,0.878963,0.258086,-0.003393,-0.186965,0.744790,-0.214955,0.058874,-0.468434,-0.064278,-0.190903,0.374288,-0.005548,0.109604,-0.107276,0.102685,0.083950,-0.185584,0.295919,-0.548044,0.553248,0.001595,0.037612,0.298094,0.172998,-0.195640,0.304843,1.212514,0.204810,0.107794,-0.181433
3.213237,-1.395761,0.746365,-0.038392,-0.019407,0.474256,0.879335,0.239341,0.007842,-0.173159,0.804142,-0.170419,0.046387,-0.452782,-0.049893,-0.193238,0.379167,-0.003960,0.105827,-0.101913,0.113028,0.087012,-0.169358,0.290004,-0.551993,0.583748,-0.005792,0.045629,0.298582,0.157871,-0.202765,0.315133,1.212618,0.200386,0.111137,-0.178805
3.220847,-1.388731,0.747782,-0.041218,-0.022890,0.473785,0.879378,0.218670,0.019223,-0.160314,0.863890,-0.125999,0.030750,-0.436594,-0.037091,-0.196513,0.384544,-0.007714,0.098418,-0.096486,0.122169,0.090390,-0.155987,0.284038,-0.558533,0.615587,-0.014603,0.053550,0.299064,0.143224,-0.210011,0.325040,1.210873,0.197906,0.112519,-0.177309
3.228296,-1.382042,0.749255,-0.043571,-0.026312,0.474179,0.878956,0.195752,0.031042,-0.149296,0.925130,-0.079883,0.007531,-0.420443,-0.026113,-0.201264,0.392062,-0.019541,0.084867,-0.091163,0.129866,0.094241,-0.146318,0.278465,-0.568573,0.648998,-0.025830,0.061988,0.299979,0.129482,-0.217239,0.334248,1.206127,0.197733,0.111497,-0.177387
3.235517,-1.375383,0.750801,-0.045378,-0.029711,0.475177,0.878217,0.170417,0.042358,-0.139701,0.989235,-0.031605,-0.021565,-0.403456,-0.016387,-0.206791,0.399547,-0.036743,0.066563,-0.085840,0.136058,0.098761,-0.139253,0.273435,-0.581219,0.683984,-0.039269,0.071280,0.301307,0.116108,-0.224380,0.342810,1.198883,0.198813,0.108826,-0.178490
3.242687,-1.368652,0.752488,-0.046684,-0.033100,0.476401,0.877364,0.143182,0.053082,-0.130391,1.054157,0.014061,-0.047581,-0.384891,-0.007515,-0.212179,0.404767,-0.055190,0.048133,-0.080320,0.141089,0.103796,-0.133164,0.268951,-0.595022,0.719041,-0.053196,0.079856,0.302147,0.102277,-0.231598,0.351312,1.191256,0.201047,0.104922,-0.180091
3.249560,-1.362096,0.754177,-0.047595,-0.036505,0.477471,0.876598,0.114676,0.064200,-0.119519,1.117064,0.052653,-0.061062,-0.364058,0.000911,-0.216796,0.405541,-0.070703,0.034146,-0.074464,0.145536,0.109160,-0.126420,0.264914,-0.608476,0.752664,-0.065824,0.086171,0.301515,0.087221,-0.239178,0.360447,1.185281,0.204377,0.100225,-0.181614
3.256396,-1.355447,0.756060,-0.048149,-0.040106,0.478346,0.875933,0.084130,0.077560,-0.105635,1.178492,0.087344,-0.057319,-0.339935,0.009181,-0.220977,0.400384,-0.082347,0.025837,-0.068277,0.149708,0.115105,-0.119168,0.261274,-0.622115,0.785242,-0.077040,0.089245,0.298613,0.070763,-0.247395,0.370922,1.181226,0.209612,0.094008,-0.183049
3.262653,-1.349036,0.757908,-0.048401,-0.043884,0.479159,0.875293,0.051539,0.094135,-0.089158,1.239220,0.118988,-0.040804,-0.313204,0.017362,-0.225067,0.390570,-0.092074,0.020643,-0.061806,0.153664,0.121684,-0.112083,0.258031,-0.636309,0.817208,-0.087653,0.090148,0.294042,0.053419,-0.256243,0.382350,1.177790,0.216569,0.086349,-0.184544
3.268719,-1.342671,0.759674,-0.048453,-0.047541,0.479880,0.874704,0.019029,0.113270,-0.071180,1.296218,0.139827,-0.016260,-0.285219,0.025295,-0.228682,0.377423,-0.100039,0.017448,-0.055155,0.157425,0.128344,-0.104321,0.255116,-0.649319,0.847237,-0.097198,0.090399,0.288893,0.035318,-0.265585,0.393801,1.174894,0.223691,0.078888,-0.185833
3.274673,-1.336060,0.761565,-0.048326,-0.050738,0.480458,0.874214,-0.011363,0.132581,-0.053291,1.346842,0.142095,0.009920,-0.257741,0.032547,-0.231271,0.362957,-0.106648,0.015195,-0.048432,0.160811,0.134510,-0.094953,0.252457,-0.659341,0.874039,-0.105167,0.091474,0.284284,0.016515,-0.275235,0.404432,1.172619,0.229450,0.073265,-0.186712
3.280289,-1.329658,0.763391,-0.047941,-0.053258,0.480869,0.873859,-0.038768,0.150433,-0.035416,1.390635,0.116613,0.036672,-0.231480,0.038481,-0.232610,0.347831,-0.111943,0.014347,-0.041691,0.163549,0.139957,-0.083713,0.249941,-0.665983,0.897678,-0.110853,0.093789,0.279713,-0.003571,-0.285195,0.414356,1.171731,0.233700,0.069892,-0.187179
3.285696,-1.323350,0.765137,-0.047181,-0.055239,0.481172,0.873611,-0.064122,0.165882,-0.017719,1.428958,0.069757,0.064664,-0.205740,0.042972,-0.233017,0.331693,-0.116147,0.015233,-0.034936,0.165491,0.144976,-0.071088,0.247528,-0.670120,0.918815,-0.114658,0.096515,0.274851,-0.024863,-0.295466,0.424059,1.172140,0.237180,0.067870,-0.187351
3.291166,-1.316777,0.767003,-0.046018,-0.056858,0.481457,0.873412,-0.088380,0.177422,-0.001766,1.461892,0.017639,0.090113,-0.180224,0.046290,-0.232791,0.315125,-0.119949,0.016646,-0.028210,0.166548,0.149740,-0.057269,0.245318,-0.671884,0.937092,-0.117773,0.099230,0.271116,-0.046417,-0.305894,0.433251,1.172704,0.239665,0.066957,-0.187300
3.296559,-1.310328,0.768766,-0.044508,-0.058353,0.481793,0.873206,-0.112675,0.185253,0.011798,1.489546,-0.023509,0.110900,-0.154399,0.048976,-0.232225,0.298213,-0.123735,0.017438,-0.021534,0.166784,0.154470,-0.042383,0.243524,-0.671384,0.952025,-0.121396,0.101527,0.269921,-0.067370,-0.316250,0.441553,1.172387,0.240904,0.066867,-0.187110
3.301911,-1.303808,0.770505,-0.042645,-0.059740,0.482220,0.872970,-0.137668,0.190105,0.023685,1.511685,-0.049473,0.127424,-0.128061,0.051092,-0.231275,0.280679,-0.127428,0.017263,-0.015028,0.166047,0.159200,-0.025958,0.242306,-0.668150,0.962905,-0.125591,0.103469,0.272332,-0.087792,-0.326372,0.448915,1.171224,0.240234,0.068174,-0.186770
3.307261,-1.297370,0.772219,-0.040448,-0.060930,0.482698,0.872728,-0.162870,0.192082,0.034612,1.528291,-0.068491,0.140941,-0.101456,0.052378,-0.229903,0.262488,-0.130825,0.016887,-0.008715,0.164353,0.163890,-0.007908,0.241714,-0.662194,0.969875,-0.129836,0.105207,0.277348,-0.108239,-0.336255,0.455537,1.169885,0.237943,0.070782,-0.186288
3.312697,-1.290897,0.773800,-0.038040,-0.062038,0.483156,0.872505,-0.187692,0.191370,0.044351,1.539830,-0.083160,0.151479,-0.074678,0.053055,-0.228379,0.243953,-0.134044,0.016803,-0.002432,0.162123,0.168660,0.011066,0.241788,-0.654376,0.973725,-0.134440,0.106479,0.283285,-0.128530,-0.345932,0.461374,1.168240,0.235250,0.073400,-0.185775
3.317971,-1.284545,0.775167,-0.035534,-0.063164,0.483529,0.872323,-0.211548,0.188028,0.052529,1.546778,-0.096092,0.158949,-0.047793,0.053379,-0.226972,0.225379,-0.137204,0.017401,0.004039,0.159778,0.173603,0.030219,0.242566,-0.645626,0.975308,-0.139723,0.107025,0.288458,-0.148396,-0.355471,0.466325,1.166083,0.233371,0.074747,-0.185349
3.323097,-1.278207,0.776356,-0.032836,-0.064364,0.483843,0.872167,-0.234440,0.181215,0.058675,1.549074,-0.106431,0.163153,-0.020475,0.053237,-0.225870,0.206637,-0.140375,0.018727,0.010769,0.157212,0.178877,0.049684,0.244088,-0.635599,0.974108,-0.145998,0.106711,0.292874,-0.167676,-0.364956,0.470055,1.163369,0.232696,0.074254,-0.184845
3.328292,-1.271729,0.777400,-0.029934,-0.065571,0.484120,0.872027,-0.256712,0.171341,0.063188,1.546458,-0.113204,0.164299,0.007289,0.052617,-0.224953,0.187474,-0.143423,0.020560,0.017643,0.154326,0.184439,0.069854,0.246350,-0.623964,0.969748,-0.153027,0.105694,0.297256,-0.186499,-0.374437,0.472685,1.160132,0.232549,0.072687,-0.184262
3.333560,-1.265175,0.778238,-0.027090,-0.066755,0.484282,0.871941,-0.278292,0.160301,0.066901,1.539202,-0.118999,0.162871,0.034807,0.051955,-0.223999,0.168374,-0.146322,0.022790,0.024652,0.151572,0.190035,0.090297,0.249284,-0.611727,0.963394,-0.160282,0.104177,0.300994,-0.205004,-0.383914,0.474744,1.156294,0.232524,0.070751,-0.183952
3.338766,-1.258664,0.778918,-0.024556,-0.067861,0.484247,0.871950,-0.299069,0.149975,0.070631,1.527574,-0.126403,0.159375,0.061406,0.051663,-0.222744,0.149745,-0.149032,0.025300,0.031832,0.149362,0.195350,0.110471,0.252773,-0.599984,0.956412,-0.167260,0.102367,0.303504,-0.223296,-0.393364,0.476719,1.151725,0.232202,0.069206,-0.184290
3.343867,-1.252090,0.779409,-0.022355,-0.068928,0.483969,0.872080,-0.318964,0.139935,0.073785,1.511293,-0.136697,0.152965,0.087038,0.051838,-0.221038,0.131702,-0.151433,0.028184,0.039301,0.147880,0.200382,0.130093,0.256774,-0.589085,0.949042,-0.174479,0.100210,0.304301,-0.241481,-0.402817,0.478549,1.146434,0.231321,0.068308,-0.185497
3.348859,-1.245729,0.779689,-0.020370,-0.069968,0.483485,0.872314,-0.337992,0.129751,0.076155,1.490273,-0.148396,0.143946,0.107796,0.051302,-0.219207,0.123229,-0.158468,0.031420,0.047067,0.146895,0.205232,0.149426,0.261253,-0.578466,0.940752,-0.181992,0.097648,0.303804,-0.259437,-0.412292,0.479994,1.140444,0.230154,0.067650,-0.187333
3.353827,-1.239331,0.779776,-0.018618,-0.070854,0.482844,0.872637,-0.356196,0.121148,0.079123,1.465103,-0.159906,0.134436,0.124448,0.050235,-0.217337,0.122253,-0.169330,0.034674,0.054998,0.146152,0.209701,0.168638,0.266057,-0.567864,0.931890,-0.188607,0.094871,0.302798,-0.277009,-0.421726,0.481260,1.133806,0.229050,0.066929,-0.189487
3.358751,-1.232912,0.779682,-0.017113,-0.071465,0.482096,0.873031,-0.373626,0.115619,0.084093,1.436344,-0.169546,0.126348,0.140240,0.049322,-0.215404,0.121322,-0.180397,0.037664,0.062961,0.145348,0.213558,0.187826,0.270933,-0.557048,0.922959,-0.193111,0.092044,0.302087,-0.294084,-0.430989,0.482589,1.126666,0.228403,0.065832,-0.191664
3.363753,-1.226494,0.779293,-0.015740,-0.071683,0.481148,0.873562,-0.390572,0.113309,0.091567,1.404406,-0.177238,0.119470,0.154853,0.048208,-0.213249,0.120783,-0.191853,0.040509,0.071107,0.144149,0.216702,0.206958,0.275706,-0.545908,0.914115,-0.194746,0.088827,0.301760,-0.310943,-0.440060,0.484258,1.119238,0.228594,0.064156,-0.193925
3.368675,-1.220151,0.778775,-0.014623,-0.071638,0.480015,0.874208,-0.406820,0.113527,0.100602,1.368695,-0.183598,0.112870,0.168538,0.047239,-0.210904,0.120292,-0.203364,0.043353,0.079389,0.142982,0.219166,0.225854,0.280303,-0.534603,0.905416,-0.194267,0.085237,0.301462,-0.327600,-0.448916,0.486084,1.111523,0.229322,0.062097,-0.196403
3.373558,-1.213579,0.778209,-0.013765,-0.071447,0.478903,0.874847,-0.421787,0.115771,0.110896,1.329229,-0.188595,0.107198,0.181278,0.046419,-0.208701,0.120724,-0.215402,0.046057,0.087459,0.141953,0.221120,0.244294,0.284601,-0.523316,0.897356,-0.192756,0.081955,0.301360,-0.343712,-0.457452,0.487689,1.103579,0.229975,0.059913,-0.198925
3.378433,-1.207004,0.777565,-0.012966,-0.071036,0.477971,0.875403,-0.434862,0.119102,0.122691,1.285762,-0.192067,0.103176,0.193712,0.045339,-0.206779,0.121172,-0.227435,0.048539,0.095121,0.140629,0.222619,0.262027,0.288482,-0.512218,0.890478,-0.191279,0.079660,0.301616,-0.358900,-0.465488,0.488606,1.095495,0.229875,0.057867,-0.201327
3.383289,-1.200432,0.776811,-0.012150,-0.070366,0.477281,0.875845,-0.446059,0.123850,0.136727,1.238472,-0.194365,0.102192,0.205890,0.043738,-0.205221,0.121618,-0.239519,0.050768,0.102261,0.138736,0.223649,0.279050,0.291861,-0.501088,0.884949,-0.189270,0.078623,0.302421,-0.373372,-0.472966,0.488977,1.087723,0.228870,0.055772,-0.203654
3.388176,-1.193725,0.775972,-0.011389,-0.069431,0.476742,0.876223,-0.455503,0.129821,0.152905,1.187287,-0.195424,0.103164,0.217648,0.041792,-0.203933,0.122072,-0.251637,0.052871,0.108966,0.136436,0.224126,0.295372,0.294718,-0.489909,0.880673,-0.186415,0.078437,0.303659,-0.387289,-0.479876,0.488927,1.080248,0.227236,0.053565,-0.205988
3.393035,-1.186873,0.775072,-0.010782,-0.068328,0.476306,0.876555,-0.462856,0.135527,0.169982,1.131702,-0.194562,0.103200,0.229033,0.039860,-0.202799,0.122510,-0.263660,0.054888,0.115274,0.134065,0.224060,0.310776,0.297083,-0.479150,0.877775,-0.184174,0.078774,0.305044,-0.400526,-0.486142,0.488314,1.072779,0.225249,0.051675,-0.208240
3.397794,-1.179814,0.774075,-0.010420,-0.067154,0.475909,0.876865,-0.467860,0.139732,0.186611,1.071093,-0.191005,0.099657,0.240091,0.038284,-0.201683,0.122962,-0.275501,0.056837,0.121258,0.131947,0.223456,0.325077,0.299011,-0.469289,0.876327,-0.184006,0.079305,0.306296,-0.412874,-0.491651,0.486833,1.064979,0.223007,0.050529,-0.210315
3.402619,-1.172908,0.772942,-0.010239,-0.065845,0.475615,0.877126,-0.470343,0.142223,0.202363,1.004244,-0.183743,0.092111,0.250785,0.036876,-0.200659,0.123389,-0.287166,0.058769,0.126827,0.129859,0.222343,0.338064,0.300586,-0.460410,0.876574,-0.186871,0.079986,0.307361,-0.424497,-0.496332,0.484337,1.056899,0.220516,0.050516,-0.212247
3.407437,-1.165838,0.771653,-0.010202,-0.064379,0.475418,0.877342,-0.470443,0.143643,0.217902,0.931534,-0.173355,0.082028,0.261110,0.035482,-0.199739,0.123817,-0.298713,0.060655,0.131975,0.127658,0.220715,0.349956,0.301859,-0.452250,0.878304,-0.191811,0.080981,0.308389,-0.435472,-0.500180,0.480947,1.048762,0.217646,0.051307,-0.214068
3.412313,-1.158552,0.770284,-0.010438,-0.062897,0.475152,0.877591,-0.468394,0.144302,0.233404,0.854648,-0.161357,0.069778,0.271209,0.034510,-0.198664,0.124233,-0.310030,0.062381,0.136934,0.125775,0.218530,0.361189,0.302832,-0.444769,0.880923,-0.197405,0.082266,0.309403,-0.445724,-0.503216,0.477144,1.040664,0.214684,0.052247,-0.215696
3.417095,-1.151279,0.768755,-0.011093,-0.061557,0.474647,0.877951,-0.464393,0.144570,0.249079,0.775084,-0.149267,0.055770,0.281245,0.034402,-0.197162,0.124617,-0.321025,0.063839,0.141955,0.124701,0.215735,0.372161,0.303456,-0.437959,0.883881,-0.202241,0.083818,0.310423,-0.455023,-0.505436,0.473256,1.032581,0.211811,0.052687,-0.217048
3.421929,-1.143946,0.766983,-0.012314,-0.060388,0.473789,0.878479,-0.457828,0.144574,0.265427,0.690178,-0.136188,0.038806,0.291112,0.035535,-0.195059,0.124996,-0.331964,0.064628,0.147174,0.124718,0.212017,0.382897,0.303670,-0.432030,0.887389,-0.206008,0.085884,0.311598,-0.463787,-0.506660,0.469566,1.025082,0.209195,0.052395,-0.218059
3.426772,-1.136386,0.765057,-0.014030,-0.059366,0.472638,0.879143,-0.448342,0.144395,0.282095,0.598914,-0.121232,0.019398,0.300825,0.037691,-0.192368,0.125369,-0.342780,0.064929,0.152594,0.125757,0.207474,0.393241,0.303566,-0.427136,0.891563,-0.209565,0.088395,0.312882,-0.471796,-0.507041,0.465699,1.017866,0.206622,0.051743,-0.218789
3.431487,-1.128482,0.763018,-0.016055,-0.058590,0.471260,0.879900,-0.436449,0.144310,0.298200,0.505308,-0.105912,0.000317,0.310795,0.040453,-0.189055,0.125713,-0.352938,0.065463,0.158052,0.127425,0.202927,0.403393,0.303209,-0.422255,0.895683,-0.212688,0.090858,0.313929,-0.478689,-0.506970,0.461724,1.009949,0.204206,0.050991,-0.219293
3.436295,-1.120625,0.760762,-0.018222,-0.058161,0.469715,0.880712,-0.422899,0.144515,0.313001,0.413894,-0.091878,-0.015887,0.321426,0.043511,-0.185081,0.125954,-0.361850,0.066885,0.163501,0.129689,0.198674,0.413242,0.302374,-0.417366,0.899807,-0.215741,0.092705,0.314640,-0.484589,-0.506228,0.457976,1.001669,0.201877,0.050285,-0.219820
3.441108,-1.112574,0.758441,-0.020713,-0.058303,0.467824,0.881653,-0.406960,0.145049,0.326623,0.322191,-0.079353,-0.029510,0.332919,0.047518,-0.180085,0.126101,-0.369760,0.069209,0.169180,0.133160,0.194763,0.423111,0.300959,-0.412272,0.903794,-0.218674,0.093657,0.314930,-0.489801,-0.504784,0.454677,0.993098,0.199991,0.049738,-0.220292
3.445776,-1.104234,0.756005,-0.023806,-0.059206,0.465302,0.882849,-0.387790,0.146774,0.339770,0.227921,-0.066926,-0.041828,0.345286,0.053264,-0.173378,0.126161,-0.376779,0.071886,0.175546,0.138604,0.191035,0.433054,0.298874,-0.407101,0.907777,-0.221354,0.094042,0.314930,-0.494442,-0.502578,0.451801,0.984446,0.198383,0.049243,-0.220620
3.450387,-1.096091,0.753466,-0.027321,-0.060734,0.462277,0.884231,-0.365497,0.149644,0.352798,0.134179,-0.052857,-0.052050,0.358477,0.060056,-0.164980,0.126101,-0.382263,0.074861,0.182653,0.145618,0.187503,0.442614,0.296371,-0.402492,0.911769,-0.224147,0.094243,0.314777,-0.498116,-0.499960,0.449498,0.975756,0.196853,0.048650,-0.221005
3.454999,-1.087742,0.751105,-0.030674,-0.062274,0.459365,0.885531,-0.374781,0.164555,0.360301,0.120268,-0.075564,-0.059674,0.371984,0.065930,-0.156194,0.125989,-0.385676,0.078383,0.189456,0.152459,0.184026,0.450953,0.293440,-0.398926,0.916305,-0.227345,0.094606,0.314635,-0.500458,-0.496914,0.447766,0.967204,0.194840,0.047765,-0.221752
3.459400,-1.079284,0.748916,-0.033595,-0.063640,0.456933,0.886585,-0.385049,0.178965,0.366468,0.117621,-0.100555,-0.062969,0.385906,0.070252,-0.147991,0.125849,-0.387135,0.082680,0.195120,0.158463,0.180682,0.457820,0.290048,-0.396639,0.921868,-0.231371,0.095075,0.314534,-0.501555,-0.493406,0.446878,0.958810,0.192346,0.046443,-0.223105
3.463799,-1.070586,0.747019,-0.036114,-0.064697,0.455085,0.887360,-0.392612,0.190377,0.371937,0.115580,-0.123310,-0.062924,0.400017,0.073104,-0.140818,0.125636,-0.386982,0.087910,0.199543,0.163431,0.177351,0.463326,0.286354,-0.395400,0.928229,-0.235980,0.095516,0.314357,-0.501182,-0.489591,0.446463,0.950074,0.189599,0.044817,-0.224899
3.468179,-1.061537,0.745376,-0.037751,-0.064688,0.454195,0.887749,-0.398828,0.196785,0.377023,0.116115,-0.140376,-0.061828,0.413252,0.072902,-0.135675,0.125356,-0.385049,0.094309,0.202293,0.165521,0.173743,0.467041,0.282405,-0.394837,0.935162,-0.240416,0.096120,0.314093,-0.499121,-0.485450,0.446068,0.941027,0.186604,0.043063,-0.226887
3.472791,-1.052454,0.743890,-0.038714,-0.063419,0.454086,0.887854,-0.402381,0.198179,0.382296,0.116223,-0.145475,-0.061914,0.424726,0.069987,-0.132091,0.124987,-0.380942,0.101645,0.203945,0.164799,0.169403,0.469098,0.278272,-0.394575,0.941978,-0.243920,0.097101,0.313759,-0.495468,-0.481014,0.445600,0.931989,0.183595,0.041388,-0.228719
3.477251,-1.043271,0.742820,-0.038944,-0.060796,0.454741,0.887692,-0.401578,0.194151,0.388376,0.115615,-0.134383,-0.066614,0.434296,0.064100,-0.129959,0.124552,-0.375095,0.110311,0.204485,0.160991,0.164440,0.469527,0.273966,-0.394376,0.948503,-0.246251,0.098736,0.313272,-0.490316,-0.476332,0.445269,0.922557,0.180892,0.039804,-0.230396
3.481220,-1.034372,0.742514,-0.038558,-0.057314,0.456356,0.887112,-0.396764,0.185311,0.394037,0.114584,-0.110563,-0.073529,0.442510,0.056238,-0.129828,0.125254,-0.368315,0.120218,0.203279,0.154998,0.159389,0.468377,0.269453,-0.394512,0.954999,-0.247835,0.100844,0.312657,-0.483513,-0.471397,0.445014,0.912652,0.178190,0.038218,-0.232040
3.485278,-1.025353,0.742299,-0.037234,-0.052562,0.459020,0.886088,-0.392208,0.171516,0.398532,0.114909,-0.081649,-0.075706,0.449408,0.045574,-0.132484,0.126344,-0.359291,0.131008,0.200370,0.145821,0.153777,0.465441,0.264839,-0.395267,0.961673,-0.248913,0.102945,0.312066,-0.475125,-0.466174,0.444658,0.903267,0.175171,0.036658,-0.233566
3.489559,-1.016046,0.742021,-0.035048,-0.046519,0.462860,0.884516,-0.391070,0.153409,0.400835,0.116359,-0.054037,-0.066456,0.454923,0.032417,-0.138532,0.128046,-0.347277,0.142023,0.195616,0.133640,0.147200,0.460699,0.260273,-0.396968,0.968548,-0.249748,0.104571,0.311650,-0.464822,-0.460554,0.443593,0.895117,0.171077,0.035169,-0.234852
3.493543,-1.006520,0.742283,-0.031972,-0.038383,0.467954,0.882340,-0.394965,0.129839,0.401076,0.117537,-0.025409,-0.038130,0.457492,0.015589,-0.148437,0.130556,-0.333013,0.153454,0.188893,0.117230,0.138372,0.454460,0.255822,-0.399340,0.975131,-0.250254,0.105727,0.311961,-0.452529,-0.454583,0.442150,0.887727,0.165229,0.034006,-0.236046
3.497325,-0.997051,0.742971,-0.028037,-0.028404,0.473866,0.879692,-0.402131,0.101496,0.400904,0.118909,0.006861,0.003380,0.454449,-0.005295,-0.161055,0.140594,-0.320083,0.165443,0.180844,0.097061,0.127635,0.446899,0.251510,-0.402321,0.981283,-0.250358,0.106631,0.312730,-0.438309,-0.448204,0.440394,0.880822,0.158032,0.033097,-0.237096
3.501202,-0.987450,0.743732,-0.023875,-0.018539,0.479574,0.876981,-0.424517,0.080039,0.400064,0.156435,0.018709,0.044218,0.430824,-0.029984,-0.172565,0.195957,-0.326231,0.176669,0.173331,0.076983,0.116969,0.438188,0.247504,-0.406489,0.987222,-0.250387,0.107166,0.312902,-0.423035,-0.441289,0.438286,0.876306,0.151172,0.031969,-0.237554
3.505144,-0.977690,0.744419,-0.019949,-0.010662,0.484421,0.874542,-0.443491,0.063026,0.400108,0.196943,0.021526,0.071549,0.410263,-0.051968,-0.180518,0.251204,-0.325338,0.185742,0.167796,0.060370,0.108565,0.428288,0.244029,-0.412454,0.993297,-0.250691,0.107221,0.311386,-0.407092,-0.433603,0.435264,0.875699,0.146024,0.030123,-0.237017
3.509142,-0.967792,0.745103,-0.016121,-0.005053,0.488517,0.872391,-0.450768,0.047579,0.400377,0.225016,0.020326,0.079664,0.393301,-0.071246,-0.185329,0.307141,-0.317598,0.192615,0.164625,0.047283,0.102774,0.416621,0.241364,-0.421467,1.000603,-0.252442,0.106544,0.307159,-0.389642,-0.424834,0.430233,0.879461,0.142625,0.026630,-0.235444
3.513047,-0.957818,0.745970,-0.012038,-0.000571,0.492377,0.870298,-0.451283,0.032771,0.400089,0.247520,0.014988,0.076861,0.377358,-0.090203,-0.188419,0.365377,-0.304878,0.197274,0.162816,0.035394,0.098440,0.403349,0.239575,-0.432935,1.008557,-0.255196,0.105324,0.300979,-0.370629,-0.414900,0.423488,0.886669,0.140271,0.021975,-0.233089
3.516812,-0.948117,0.746909,-0.007816,0.003028,0.496118,0.868214,-0.447685,0.018981,0.399028,0.267417,0.007345,0.071341,0.360108,-0.108982,-0.189753,0.427552,-0.287901,0.198616,0.161379,0.024449,0.095619,0.389494,0.238426,-0.444599,1.015145,-0.256812,0.104072,0.294467,-0.351740,-0.404043,0.416705,0.896895,0.139210,0.017780,-0.230022
3.520647,-0.938716,0.748007,-0.003667,0.005852,0.499712,0.866164,-0.442259,0.006119,0.397313,0.285981,-0.000240,0.070941,0.339861,-0.127130,-0.189122,0.494450,-0.266950,0.195958,0.159482,0.014636,0.094472,0.376060,0.237503,-0.454079,1.018456,-0.255055,0.103233,0.289299,-0.334736,-0.392693,0.411837,0.909791,0.139785,0.015689,-0.226294
3.524276,-0.929330,0.749306,0.000243,0.007553,0.503167,0.864156,-0.434902,-0.006168,0.394656,0.302369,-0.006653,0.077283,0.317072,-0.143689,-0.186592,0.566336,-0.239989,0.190085,0.157089,0.006910,0.095563,0.362797,0.236450,-0.461140,1.018544,-0.247912,0.103268,0.285680,-0.319552,-0.381022,0.408977,0.925948,0.142809,0.016394,-0.222372
3.527715,-0.919978,0.750814,0.003964,0.008063,0.506506,0.862189,-0.424610,-0.018151,0.390986,0.315547,-0.012782,0.085991,0.292873,-0.158857,-0.182654,0.641984,-0.207210,0.180966,0.154467,0.001341,0.098696,0.349135,0.235158,-0.466886,1.016707,-0.236928,0.103746,0.282858,-0.305368,-0.369043,0.407435,0.945337,0.147910,0.018972,-0.218114
3.530920,-0.910745,0.752359,0.007575,0.007870,0.509673,0.860299,-0.411975,-0.030259,0.386925,0.325534,-0.019050,0.095976,0.266767,-0.173539,-0.177797,0.719870,-0.171932,0.167131,0.151317,-0.003047,0.102954,0.335594,0.233621,-0.470902,1.012800,-0.225218,0.103787,0.281091,-0.292593,-0.357048,0.407853,0.966560,0.153552,0.022654,-0.212625
3.534030,-0.901630,0.753929,0.011177,0.007492,0.512609,0.858517,-0.397702,-0.042565,0.382995,0.332845,-0.026265,0.106188,0.238198,-0.188705,-0.172492,0.798571,-0.137439,0.147186,0.147316,-0.007276,0.107438,0.322741,0.231868,-0.472688,1.006520,-0.215876,0.102538,0.280636,-0.281687,-0.345464,0.410988,0.988165,0.158319,0.026679,-0.204957
3.536953,-0.892583,0.755425,0.014726,0.006951,0.515244,0.856889,-0.381740,-0.054876,0.379218,0.337509,-0.035200,0.117229,0.205278,-0.204908,-0.166968,0.881269,-0.100567,0.118529,0.142366,-0.011250,0.112169,0.311261,0.229772,-0.471003,0.996641,-0.209324,0.099584,0.282175,-0.273035,-0.334666,0.417326,1.010167,0.162565,0.031373,-0.194003
3.539708,-0.883391,0.756906,0.018209,0.006014,0.517660,0.855372,-0.363743,-0.067236,0.375198,0.339338,-0.045260,0.129478,0.169023,-0.222098,-0.161696,0.967332,-0.060604,0.082309,0.136562,-0.014461,0.117607,0.300549,0.227277,-0.466437,0.983744,-0.204003,0.095460,0.285377,-0.266076,-0.324728,0.426423,1.032953,0.166915,0.037030,-0.180499
3.542319,-0.874630,0.758156,0.021786,0.004819,0.520012,0.853867,-0.343961,-0.079997,0.370846,0.338524,-0.055337,0.141551,0.132856,-0.239930,-0.156794,1.050470,-0.025064,0.043159,0.129996,-0.017386,0.123493,0.289289,0.224659,-0.461327,0.970117,-0.200093,0.090742,0.288942,-0.259894,-0.315611,0.437479,1.055639,0.170261,0.042811,-0.166210
3.545029,-0.865813,0.759279,0.025579,0.003495,0.522441,0.852284,-0.322767,-0.093296,0.366078,0.335481,-0.064436,0.152000,0.099925,-0.257128,-0.151591,1.125001,-0.001909,0.006457,0.122912,-0.020510,0.129565,0.276296,0.222409,-0.458118,0.957809,-0.197826,0.086018,0.291539,-0.253498,-0.307223,0.449538,1.077236,0.171503,0.047829,-0.152875
3.547746,-0.857129,0.760315,0.029726,0.001968,0.524857,0.850669,-0.299793,-0.107101,0.361160,0.330244,-0.072698,0.160708,0.070725,-0.271982,-0.144384,1.190729,0.005627,-0.026903,0.115558,-0.024139,0.136131,0.261875,0.220856,-0.457038,0.946037,-0.198213,0.081302,0.292893,-0.247021,-0.299616,0.463229,1.097841,0.169943,0.051468,-0.139731
3.550494,-0.848573,0.761303,0.034062,0.000187,0.527233,0.849038,-0.275245,-0.121048,0.355910,0.323133,-0.080779,0.168350,0.043230,-0.284249,-0.135307,1.251287,0.001878,-0.058540,0.107883,-0.027964,0.143204,0.246708,0.220058,-0.457076,0.933663,-0.200909,0.076367,0.293600,-0.240820,-0.292827,0.478570,1.117717,0.166341,0.054276,-0.126202
3.553099,-0.840179,0.762293,0.038150,-0.001742,0.529808,0.847257,-0.250180,-0.134475,0.349485,0.314867,-0.088496,0.174550,0.017016,-0.294227,-0.126287,1.306433,-0.009678,-0.086571,0.099762,-0.031296,0.150062,0.230174,0.220095,-0.458925,0.922182,-0.204148,0.071446,0.293625,-0.234088,-0.286668,0.493508,1.135978,0.161684,0.057087,-0.114315
3.555740,-0.831764,0.763365,0.041577,-0.003701,0.532863,0.845172,-0.225732,-0.146805,0.341076,0.306235,-0.095640,0.178955,-0.008384,-0.302909,-0.119457,1.356039,-0.025835,-0.109528,0.091079,-0.033536,0.156016,0.211557,0.221092,-0.463428,0.913144,-0.206221,0.066779,0.292963,-0.225928,-0.280878,0.505875,1.151766,0.156932,0.060743,-0.106105
3.558533,-0.823546,0.764399,0.044249,-0.005648,0.536521,0.842707,-0.202156,-0.157877,0.330340,0.297339,-0.102147,0.180854,-0.032594,-0.310320,-0.115375,1.399934,-0.049831,-0.124666,0.081691,-0.034663,0.160948,0.190236,0.223245,-0.471586,0.907109,-0.207643,0.062133,0.291375,-0.216261,-0.275285,0.515470,1.164942,0.151526,0.065976,-0.102226
3.561212,-0.815410,0.765456,0.046364,-0.007647,0.540610,0.839960,-0.178884,-0.167796,0.317854,0.287968,-0.108260,0.180601,-0.055587,-0.315941,-0.112931,1.438612,-0.082239,-0.133427,0.071834,-0.035051,0.165239,0.166797,0.226546,-0.482940,0.902964,-0.209124,0.057516,0.288916,-0.205507,-0.269873,0.523141,1.175961,0.145167,0.072166,-0.101549
3.563994,-0.807508,0.766476,0.047985,-0.009726,0.544968,0.837026,-0.155915,-0.176475,0.304250,0.278528,-0.114230,0.179511,-0.078349,-0.320410,-0.111738,1.472763,-0.115873,-0.140783,0.061843,-0.034730,0.168948,0.142320,0.230712,-0.496038,0.899877,-0.209169,0.053508,0.286059,-0.193514,-0.264672,0.528412,1.184865,0.139216,0.078193,-0.103474
3.566672,-0.799430,0.767586,0.049189,-0.011892,0.549434,0.834003,-0.133207,-0.183948,0.290144,0.269278,-0.120218,0.178904,-0.101844,-0.324306,-0.111371,1.502884,-0.143459,-0.151736,0.052029,-0.033661,0.172122,0.117744,0.235358,-0.509394,0.897269,-0.206233,0.050651,0.283336,-0.180134,-0.259762,0.530803,1.191720,0.134983,0.082923,-0.107427
3.569289,-0.791409,0.768679,0.049911,-0.014124,0.554019,0.830886,-0.110915,-0.190157,0.275593,0.260279,-0.126236,0.179003,-0.126724,-0.327886,-0.112085,1.529144,-0.162606,-0.168637,0.042356,-0.031593,0.174554,0.092618,0.240291,-0.523626,0.895946,-0.199007,0.049089,0.280643,-0.165043,-0.255166,0.530089,1.196297,0.132862,0.086022,-0.114670
3.571882,-0.783373,0.769778,0.050160,-0.016410,0.558788,0.827630,-0.089035,-0.195112,0.260378,0.251412,-0.132227,0.179129,-0.152311,-0.330932,-0.114120,1.551178,-0.177291,-0.188547,0.032694,-0.028578,0.176349,0.066490,0.245430,-0.539259,0.896166,-0.188556,0.048482,0.277810,-0.148398,-0.250894,0.526555,1.198570,0.132160,0.088109,-0.125064
3.574316,-0.775459,0.770776,0.050117,-0.018812,0.563659,0.824271,-0.067322,-0.198945,0.244693,0.242790,-0.138275,0.179253,-0.177569,-0.333296,-0.116951,1.568584,-0.189794,-0.208491,0.023135,-0.024982,0.178013,0.040245,0.250578,-0.554537,0.896677,-0.176858,0.048635,0.275280,-0.130701,-0.246986,0.520512,1.198846,0.132526,0.089471,-0.135951
3.576949,-0.767198,0.771873,0.049961,-0.021396,0.568550,0.820852,-0.045520,-0.201853,0.228732,0.234497,-0.144465,0.179357,-0.201480,-0.334714,-0.120009,1.581003,-0.202357,-0.225410,0.013680,-0.021144,0.179998,0.014747,0.255516,-0.567555,0.896357,-0.165832,0.049361,0.273512,-0.112558,-0.243498,0.512426,1.197574,0.133629,0.090399,-0.144664
3.579441,-0.759019,0.772940,0.049677,-0.024290,0.573402,0.817406,-0.023294,-0.203694,0.212501,0.226387,-0.150907,0.179642,-0.223648,-0.335031,-0.123521,1.588152,-0.215394,-0.238487,0.004290,-0.016773,0.182404,-0.010136,0.260158,-0.578014,0.895581,-0.155189,0.050883,0.272548,-0.093782,-0.240457,0.501555,1.194436,0.135384,0.090763,-0.150732
3.581885,-0.751045,0.773823,0.049203,-0.027421,0.578260,0.813906,-0.000933,-0.204426,0.195987,0.218561,-0.157579,0.180046,-0.244601,-0.334378,-0.127760,1.590264,-0.227729,-0.249275,-0.005018,-0.011775,0.185031,-0.034919,0.264519,-0.586834,0.895015,-0.144116,0.053197,0.272170,-0.074094,-0.237830,0.487933,1.189205,0.137963,0.090476,-0.155486
3.584334,-0.743057,0.774594,0.048653,-0.030542,0.583193,0.810300,0.020978,-0.204434,0.179337,0.211343,-0.164351,0.180209,-0.264707,-0.332869,-0.132153,1.587697,-0.239162,-0.258223,-0.014224,-0.006799,0.187799,-0.059306,0.268564,-0.593797,0.894053,-0.133698,0.055789,0.272454,-0.054090,-0.235569,0.473354,1.182689,0.141491,0.089906,-0.158976
3.586740,-0.735053,0.775421,0.048156,-0.033399,0.588284,0.806528,0.041795,-0.204174,0.162688,0.205250,-0.171137,0.179826,-0.284460,-0.329745,-0.134792,1.580804,-0.249451,-0.261800,-0.023450,-0.002468,0.190565,-0.082895,0.272244,-0.598505,0.892058,-0.124984,0.058142,0.273487,-0.034483,-0.233592,0.459813,1.175881,0.146132,0.089419,-0.161265
3.589256,-0.727124,0.776068,0.047771,-0.036066,0.593558,0.802562,0.061846,-0.203708,0.146033,0.200000,-0.177692,0.178582,-0.303705,-0.325447,-0.136218,1.569450,-0.258492,-0.261800,-0.032879,0.001093,0.193492,-0.105643,0.275546,-0.600267,0.889119,-0.117975,0.060280,0.275458,-0.015482,-0.231854,0.447776,1.168878,0.152886,0.089072,-0.161797
3.591741,-0.719321,0.776660,0.047410,-0.038635,0.598959,0.798441,0.081304,-0.202813,0.129342,0.195505,-0.184166,0.176727,-0.322111,-0.320747,-0.138055,1.553476,-0.266449,-0.261800,-0.042498,0.004207,0.196520,-0.127777,0.278528,-0.599336,0.885654,-0.112161,0.062428,0.278275,0.003180,-0.230325,0.436376,1.161439,0.161380,0.088693,-0.160735
3.594134,-0.711520,0.777230,0.046941,-0.040914,0.604462,0.794196,0.099396,-0.201494,0.112668,0.192328,-0.190975,0.174811,-0.339976,-0.315688,-0.140270,1.533283,-0.273479,-0.261800,-0.052132,0.006954,0.199149,-0.149270,0.281234,-0.596746,0.881464,-0.107848,0.064371,0.281626,0.021533,-0.228907,0.425605,1.154061,0.169707,0.088289,-0.159217
3.596618,-0.703791,0.777632,0.046227,-0.042713,0.610046,0.789862,0.115330,-0.199827,0.096057,0.191045,-0.198529,0.173361,-0.357577,-0.310295,-0.142785,1.509219,-0.279716,-0.261800,-0.061627,0.009420,0.200866,-0.170044,0.283705,-0.593512,0.876319,-0.105338,0.065885,0.285207,0.039523,-0.227468,0.415465,1.147341,0.175953,0.087838,-0.158401
3.599160,-0.696012,0.777977,0.045191,-0.043938,0.615828,0.785356,0.128449,-0.197767,0.079222,0.192465,-0.207089,0.172535,-0.375161,-0.304630,-0.145694,1.481185,-0.285729,-0.261800,-0.071179,0.011571,0.201380,-0.190122,0.285968,-0.589421,0.870176,-0.105498,0.066959,0.289350,0.057148,-0.225912,0.406047,1.141396,0.179519,0.087252,-0.158424
3.601731,-0.688332,0.778225,0.043909,-0.044706,0.621786,0.780676,0.139512,-0.195444,0.062173,0.195684,-0.216175,0.172045,-0.392461,-0.298530,-0.148844,1.448968,-0.291243,-0.261800,-0.080801,0.013413,0.200955,-0.209560,0.288060,-0.584099,0.863210,-0.107921,0.067685,0.294104,0.074300,-0.224220,0.397331,1.136204,0.181437,0.086503,-0.158741
3.604415,-0.680740,0.778316,0.042490,-0.045147,0.627697,0.775985,0.149309,-0.192947,0.045471,0.199822,-0.225688,0.171701,-0.409056,-0.291754,-0.151746,1.412766,-0.295186,-0.261800,-0.090071,0.015079,0.199924,-0.228266,0.289999,-0.578280,0.855458,-0.110984,0.067991,0.298735,0.090853,-0.222399,0.389116,1.131891,0.182220,0.085799,-0.159513
3.607036,-0.673016,0.778263,0.041090,-0.045364,0.633360,0.771433,0.158831,-0.190594,0.029636,0.203652,-0.235359,0.171419,-0.424657,-0.283159,-0.151477,1.372754,-0.296426,-0.253004,-0.098511,0.016715,0.198628,-0.246252,0.291731,-0.572789,0.847043,-0.113124,0.067821,0.302509,0.106727,-0.220532,0.381128,1.128578,0.182373,0.085303,-0.160883
3.609536,-0.665245,0.778165,0.039610,-0.045359,0.638748,0.767055,0.167766,-0.188099,0.014912,0.207345,-0.245417,0.171192,-0.439338,-0.274073,-0.150397,1.328981,-0.294749,-0.244568,-0.106010,0.018369,0.197012,-0.263476,0.293360,-0.567646,0.837764,-0.114352,0.066963,0.305284,0.121877,-0.218508,0.373007,1.126371,0.181237,0.085233,-0.163148
3.612125,-0.657426,0.777999,0.038023,-0.045074,0.643973,0.762772,0.175787,-0.185446,0.000956,0.211345,-0.255876,0.171059,-0.453150,-0.264531,-0.148478,1.281324,-0.290819,-0.235861,-0.112866,0.020115,0.194931,-0.280062,0.294666,-0.562401,0.827820,-0.115344,0.065495,0.307448,0.136511,-0.216617,0.365041,1.124983,0.178881,0.085455,-0.166109
3.614561,-0.649667,0.777663,0.036457,-0.044605,0.648990,0.758613,0.183591,-0.182828,-0.012450,0.215153,-0.266278,0.170754,-0.465431,-0.254475,-0.145741,1.229819,-0.285173,-0.226031,-0.119019,0.021785,0.192605,-0.295922,0.295680,-0.557377,0.817321,-0.115561,0.063857,0.309046,0.150602,-0.214923,0.357648,1.124317,0.176699,0.085625,-0.169267
3.617006,-0.641958,0.777223,0.035062,-0.044033,0.653754,0.754611,0.191783,-0.180453,-0.025496,0.218475,-0.276271,0.170022,-0.475512,-0.243893,-0.142184,1.174414,-0.278306,-0.214215,-0.124127,0.022846,0.190269,-0.310957,0.296926,-0.553304,0.806117,-0.114624,0.062549,0.310092,0.163665,-0.212550,0.350793,1.125012,0.175722,0.085281,-0.172234
3.619555,-0.634205,0.776664,0.033817,-0.043424,0.658240,0.750794,0.200471,-0.178157,-0.038210,0.221199,-0.285806,0.168660,-0.483452,-0.232554,-0.137409,1.114876,-0.269903,-0.201014,-0.128516,0.023605,0.187998,-0.325092,0.298009,-0.549652,0.794239,-0.112178,0.061599,0.310434,0.175864,-0.210260,0.345339,1.126800,0.177057,0.084116,-0.175056
3.622030,-0.626337,0.775975,0.032670,-0.042715,0.662486,0.747141,0.209328,-0.175900,-0.050490,0.223533,-0.295086,0.166845,-0.489460,-0.220799,-0.131349,1.051214,-0.259956,-0.186815,-0.132140,0.024153,0.185689,-0.338412,0.298929,-0.546396,0.781620,-0.108589,0.060784,0.310102,0.187319,-0.208104,0.340813,1.129570,0.179771,0.082374,-0.177878
3.624457,-0.618377,0.775192,0.031705,-0.041813,0.666544,0.743616,0.218543,-0.174026,-0.062383,0.225152,-0.303853,0.164857,-0.493104,-0.209450,-0.124539,0.983512,-0.249344,-0.170427,-0.135107,0.024202,0.183192,-0.350780,0.299773,-0.543729,0.768501,-0.104048,0.060118,0.309458,0.198125,-0.205940,0.336808,1.132927,0.182802,0.080739,-0.180371
3.626820,-0.610293,0.774289,0.031020,-0.040611,0.670463,0.740181,0.228328,-0.172888,-0.073951,0.225698,-0.311822,0.162989,-0.494016,-0.199299,-0.117562,0.911730,-0.238784,-0.150573,-0.137605,0.023595,0.180398,-0.362027,0.300512,-0.541722,0.755086,-0.098712,0.059600,0.308851,0.208512,-0.203881,0.333001,1.136278,0.185180,0.079856,-0.182143
3.629155,-0.602149,0.773248,0.030694,-0.039078,0.674233,0.736845,0.238796,-0.172676,-0.085187,0.225096,-0.319028,0.161234,-0.491668,-0.190647,-0.110525,0.834199,-0.228138,-0.125941,-0.139552,0.022222,0.177363,-0.372267,0.301117,-0.540509,0.741316,-0.092201,0.059441,0.308295,0.218608,-0.202066,0.329249,1.139485,0.186726,0.080031,-0.183090
3.631519,-0.593916,0.772005,0.030699,-0.037254,0.677856,0.733608,0.250013,-0.173200,-0.096164,0.223177,-0.325371,0.159457,-0.486102,-0.183308,-0.103135,0.750629,-0.216781,-0.097701,-0.140866,0.020025,0.174138,-0.381498,0.301645,-0.540059,0.727047,-0.084514,0.059581,0.307630,0.228172,-0.200202,0.325647,1.143014,0.187869,0.080846,-0.183459
3.633901,-0.585554,0.770624,0.030922,-0.035187,0.681393,0.730417,0.261589,-0.174241,-0.106963,0.220671,-0.331107,0.157766,-0.477824,-0.177207,-0.095511,0.663022,-0.204786,-0.068245,-0.141958,0.017293,0.170624,-0.389485,0.302043,-0.540035,0.712497,-0.076606,0.059576,0.306933,0.237292,-0.198591,0.322466,1.146524,0.188762,0.081980,-0.183251
3.636165,-0.576975,0.769125,0.031270,-0.032908,0.684908,0.727214,0.273247,-0.175624,-0.117686,0.218108,-0.336370,0.156279,-0.467432,-0.172257,-0.087783,0.573517,-0.192265,-0.039902,-0.143058,0.014077,0.166716,-0.395986,0.302357,-0.540248,0.697832,-0.069318,0.059016,0.306306,0.245840,-0.197076,0.319759,1.150043,0.189399,0.083059,-0.182541
3.638413,-0.568394,0.767493,0.031892,-0.030282,0.688437,0.723961,0.285425,-0.177862,-0.128543,0.214715,-0.340869,0.155124,-0.453790,-0.168487,-0.079150,0.478144,-0.178627,-0.012642,-0.144368,0.010015,0.162294,-0.400766,0.302550,-0.540492,0.682846,-0.062856,0.057682,0.305731,0.253778,-0.195819,0.317878,1.153740,0.189852,0.084022,-0.180912
3.640699,-0.559617,0.765740,0.033032,-0.027266,0.692068,0.720560,0.298748,-0.181330,-0.139929,0.209777,-0.344194,0.154298,-0.435582,-0.166905,-0.070061,0.374607,-0.162870,0.014475,-0.146029,0.004644,0.157587,-0.404111,0.302680,-0.541030,0.667602,-0.056876,0.055840,0.305157,0.261247,-0.194789,0.316645,1.157520,0.190086,0.085057,-0.178482
3.642900,-0.550531,0.763798,0.034885,-0.023963,0.696002,0.716792,0.313517,-0.185984,-0.152466,0.203586,-0.346144,0.153799,-0.413421,-0.168900,-0.062610,0.268505,-0.144590,0.041009,-0.148543,-0.002426,0.153102,-0.406094,0.302819,-0.541832,0.652354,-0.050914,0.053818,0.304589,0.268438,-0.193733,0.315559,1.160825,0.190005,0.086178,-0.176098
3.645158,-0.541444,0.761680,0.037593,-0.020460,0.700394,0.712472,0.329693,-0.191686,-0.166630,0.196955,-0.346808,0.153587,-0.388232,-0.175112,-0.059100,0.165869,-0.123416,0.066953,-0.152354,-0.011402,0.149239,-0.407025,0.303102,-0.543028,0.637548,-0.044848,0.051924,0.304025,0.275603,-0.192586,0.314181,1.163026,0.189572,0.087415,-0.174588
3.647462,-0.532224,0.759396,0.040997,-0.016732,0.705211,0.707613,0.346831,-0.198112,-0.182293,0.190343,-0.346514,0.153578,-0.386329,-0.185946,-0.055624,0.120269,-0.127601,0.093162,-0.157368,-0.022083,0.145833,-0.406774,0.303601,-0.544701,0.622815,-0.038379,0.050128,0.303596,0.282794,-0.191313,0.312375,1.163971,0.188498,0.088979,-0.174275
3.649850,-0.522845,0.757117,0.044558,-0.012954,0.710128,0.702542,0.363679,-0.204299,-0.198329,0.185236,-0.346285,0.153561,-0.402072,-0.198579,-0.051794,0.116926,-0.150562,0.119647,-0.162721,-0.033336,0.142578,-0.405144,0.304398,-0.546854,0.607853,-0.031725,0.048309,0.303320,0.289583,-0.189716,0.310290,1.164300,0.186815,0.090745,-0.174716
3.652491,-0.513324,0.754802,0.047383,-0.009526,0.714659,0.697801,0.377429,-0.208646,-0.212690,0.186359,-0.348916,0.153085,-0.416247,-0.209317,-0.051012,0.116680,-0.169965,0.144843,-0.167386,-0.042933,0.139217,-0.402119,0.305362,-0.549007,0.593099,-0.025325,0.046593,0.303073,0.295189,-0.188102,0.308107,1.164672,0.185090,0.092266,-0.175527
3.655034,-0.503981,0.752761,0.049248,-0.006934,0.718605,0.693638,0.389031,-0.210307,-0.224836,0.191109,-0.352322,0.152205,-0.425720,-0.217407,-0.053943,0.116451,-0.182629,0.167433,-0.170987,-0.049768,0.136204,-0.397871,0.306142,-0.550649,0.579416,-0.019453,0.045138,0.302543,0.299779,-0.186942,0.306135,1.164893,0.183991,0.093175,-0.176278
3.657629,-0.494714,0.750989,0.050644,-0.004874,0.722049,0.689969,0.399304,-0.210407,-0.235411,0.198462,-0.356265,0.151085,-0.429240,-0.224670,-0.062788,0.116321,-0.188295,0.189958,-0.173295,-0.055234,0.133662,-0.392646,0.307061,-0.552259,0.566601,-0.014303,0.044113,0.301529,0.303560,-0.185711,0.303734,1.164938,0.183435,0.093080,-0.176853
3.660241,-0.485513,0.749332,0.051513,-0.003234,0.725057,0.686752,0.408045,-0.209082,-0.244404,0.208403,-0.360782,0.149704,-0.427584,-0.230739,-0.076925,0.115621,-0.187458,0.212259,-0.174620,-0.059356,0.131301,-0.386315,0.307955,-0.553680,0.554575,-0.009525,0.043370,0.300189,0.306541,-0.184597,0.301196,1.164725,0.183270,0.092306,-0.177475
3.662794,-0.476098,0.747858,0.051282,-0.002053,0.727501,0.684184,0.414036,-0.205707,-0.250756,0.221489,-0.365451,0.147902,-0.423580,-0.233365,-0.091384,0.115168,-0.180868,0.228987,-0.174516,-0.061174,0.128579,-0.378648,0.309095,-0.555202,0.543381,-0.005461,0.042740,0.298895,0.308105,-0.183347,0.298739,1.164855,0.183248,0.091365,-0.178369
3.665155,-0.466476,0.746578,0.049185,-0.001520,0.729244,0.682482,0.415820,-0.199138,-0.253275,0.238656,-0.370099,0.145419,-0.419607,-0.230001,-0.101341,0.114603,-0.168598,0.234709,-0.172998,-0.059124,0.124831,-0.369359,0.310320,-0.556489,0.533510,-0.002147,0.041980,0.298002,0.307656,-0.182264,0.297266,1.165776,0.183476,0.090834,-0.179737
3.667494,-0.457003,0.745866,0.044203,-0.001966,0.729966,0.682050,0.411517,-0.187392,-0.250400,0.261963,-0.376824,0.141788,-0.416606,-0.218001,-0.105593,0.115227,-0.149960,0.223693,-0.169404,-0.050907,0.119535,-0.358314,0.311223,-0.557055,0.524879,0.000624,0.040917,0.297659,0.304744,-0.181750,0.297142,1.167512,0.184079,0.090955,-0.181768
3.669904,-0.447248,0.745529,0.036769,-0.003413,0.729838,0.682622,0.402355,-0.170788,-0.243333,0.290759,-0.385421,0.137120,-0.413517,-0.198627,-0.107044,0.117055,-0.124973,0.200480,-0.164279,-0.037368,0.113170,-0.345144,0.312401,-0.556883,0.516642,0.002755,0.039762,0.297614,0.299518,-0.181670,0.298165,1.169987,0.185047,0.091376,-0.184316
3.672342,-0.437491,0.745514,0.028217,-0.005449,0.729469,0.683410,0.390537,-0.151755,-0.234911,0.323394,-0.393065,0.132039,-0.410617,-0.175673,-0.106816,0.119022,-0.095557,0.174879,-0.158502,-0.021181,0.106093,-0.331494,0.312853,-0.557242,0.511177,0.004088,0.038627,0.297787,0.293596,-0.181963,0.299351,1.172404,0.186188,0.091906,-0.186870
3.675018,-0.428022,0.745690,0.020185,-0.007391,0.729490,0.683653,0.378464,-0.133713,-0.227973,0.357909,-0.396927,0.127335,-0.408340,-0.153962,-0.105423,0.120940,-0.064509,0.156516,-0.154784,-0.005747,0.098993,-0.315870,0.313888,-0.557372,0.507089,0.004389,0.037793,0.297871,0.287401,-0.183331,0.301604,1.174387,0.187846,0.092398,-0.188912
3.677642,-0.418160,0.745835,0.012606,-0.008869,0.730004,0.683269,0.365643,-0.117117,-0.223256,0.394225,-0.397638,0.123964,-0.419165,-0.134770,-0.098997,0.146178,-0.041361,0.146269,-0.151866,0.008381,0.090878,-0.300297,0.314473,-0.559367,0.506445,0.003246,0.037144,0.298296,0.281811,-0.184760,0.303039,1.175852,0.189498,0.092745,-0.190464
3.680040,-0.407959,0.745916,0.004952,-0.010183,0.730700,0.682605,0.351558,-0.100669,-0.219566,0.432373,-0.395752,0.121482,-0.441945,-0.116338,-0.088569,0.194405,-0.025634,0.139589,-0.149300,0.022439,0.081819,-0.284303,0.314719,-0.562550,0.508647,0.000903,0.036625,0.299007,0.276139,-0.186399,0.304288,1.177096,0.191301,0.093059,-0.191765
3.682241,-0.397501,0.746204,-0.002083,-0.011777,0.731479,0.681759,0.337511,-0.084821,-0.215967,0.472140,-0.389045,0.118533,-0.458692,-0.098616,-0.080453,0.233798,-0.007821,0.137248,-0.146917,0.035791,0.073636,-0.268146,0.314446,-0.566306,0.514337,-0.002035,0.036400,0.299473,0.269609,-0.187983,0.305913,1.178886,0.193195,0.093255,-0.192842
3.684316,-0.386946,0.746651,-0.007858,-0.014129,0.732229,0.680866,0.324588,-0.069884,-0.211393,0.513839,-0.375572,0.113790,-0.466970,-0.083145,-0.078417,0.265158,0.004345,0.139712,-0.144566,0.047990,0.068231,-0.251729,0.313774,-0.569920,0.523607,-0.005023,0.036649,0.299147,0.261444,-0.189343,0.308402,1.181866,0.195046,0.093262,-0.193659
3.686320,-0.376359,0.747296,-0.012135,-0.017605,0.732842,0.680063,0.313585,-0.056113,-0.205652,0.558545,-0.354719,0.107907,-0.465081,-0.070783,-0.084548,0.288266,0.007974,0.150217,-0.142663,0.060033,0.066353,-0.234325,0.311519,-0.572221,0.537407,-0.007405,0.036840,0.297744,0.252215,-0.192337,0.312917,1.185493,0.197950,0.093197,-0.193876
3.688015,-0.365976,0.747999,-0.015401,-0.021907,0.733330,0.679346,0.303221,-0.043012,-0.199105,0.606575,-0.327998,0.101625,-0.455934,-0.060659,-0.095718,0.305417,0.006294,0.167030,-0.140875,0.071839,0.066767,-0.216105,0.308175,-0.573912,0.555277,-0.009508,0.037094,0.295524,0.241521,-0.195734,0.318654,1.190467,0.201342,0.092964,-0.193753
3.689539,-0.355615,0.748939,-0.018081,-0.026516,0.733797,0.678610,0.291588,-0.029938,-0.191674,0.657279,-0.296570,0.093601,-0.443163,-0.051563,-0.108137,0.319267,0.001533,0.183370,-0.138754,0.083253,0.068398,-0.198693,0.303957,-0.576369,0.576475,-0.012248,0.038324,0.293133,0.230257,-0.199499,0.324534,1.194938,0.204123,0.092781,-0.193194
3.691012,-0.345476,0.750040,-0.020530,-0.030908,0.734383,0.677720,0.277059,-0.016587,-0.183446,0.709885,-0.261539,0.082222,-0.430003,-0.042154,-0.118079,0.331583,-0.004062,0.192642,-0.135874,0.093885,0.070324,-0.183645,0.299257,-0.580914,0.600090,-0.016507,0.041458,0.291192,0.219220,-0.203441,0.329299,1.197092,0.205079,0.092849,-0.192132
3.692617,-0.335361,0.751337,-0.022755,-0.034933,0.735072,0.676706,0.259230,-0.003466,-0.174486,0.765339,-0.222073,0.066062,-0.416599,-0.031614,-0.124264,0.341388,-0.010061,0.193107,-0.132118,0.103419,0.072450,-0.171053,0.294347,-0.587847,0.626539,-0.023083,0.047414,0.290145,0.208472,-0.207332,0.332326,1.196421,0.202741,0.093667,-0.189982
3.694220,-0.325470,0.752697,-0.024516,-0.038833,0.735818,0.675620,0.239138,0.008672,-0.165086,0.824018,-0.178222,0.045777,-0.401336,-0.020551,-0.128711,0.347716,-0.017489,0.188482,-0.127682,0.111850,0.075255,-0.159978,0.289323,-0.596541,0.655839,-0.031400,0.055489,0.289648,0.197541,-0.211120,0.334306,1.194038,0.198066,0.094946,-0.187001
3.695791,-0.315851,0.754113,-0.025775,-0.042666,0.736727,0.674351,0.217316,0.019903,-0.155723,0.884322,-0.132247,0.023002,-0.384739,-0.009719,-0.132709,0.352236,-0.026335,0.180316,-0.122702,0.119231,0.078764,-0.150418,0.284361,-0.606816,0.686448,-0.040286,0.064185,0.289112,0.186369,-0.214954,0.336005,1.190521,0.193525,0.095714,-0.184392
3.697376,-0.306406,0.755518,-0.026523,-0.046517,0.737908,0.672774,0.194074,0.030898,-0.146742,0.944817,-0.086216,0.000082,-0.367187,0.000021,-0.137575,0.356501,-0.036685,0.170191,-0.117367,0.125729,0.083056,-0.142398,0.279677,-0.618492,0.716718,-0.048617,0.072023,0.287890,0.174976,-0.219076,0.338182,1.186280,0.191579,0.095043,-0.183333
3.698798,-0.297248,0.756898,-0.026744,-0.050569,0.739519,0.670700,0.169002,0.042734,-0.138531,1.006799,-0.037434,-0.025726,-0.348387,0.008567,-0.144000,0.361005,-0.049457,0.156859,-0.111958,0.131510,0.088559,-0.136626,0.275499,-0.632539,0.746713,-0.056826,0.079147,0.285842,0.163743,-0.223607,0.340853,1.180247,0.193281,0.092539,-0.184354
3.700284,-0.288230,0.758285,-0.026457,-0.054739,0.741457,0.668241,0.141819,0.054997,-0.131116,1.071149,0.014117,-0.053957,-0.328216,0.016400,-0.151086,0.364917,-0.064359,0.140045,-0.106393,0.136537,0.095231,-0.132678,0.271903,-0.648616,0.776751,-0.065348,0.086203,0.283277,0.152600,-0.228523,0.343734,1.172340,0.197197,0.088767,-0.186692
3.701768,-0.279361,0.759752,-0.025790,-0.058781,0.743447,0.665707,0.113023,0.067234,-0.123647,1.135275,0.062643,-0.076859,-0.307023,0.023549,-0.157915,0.367295,-0.079521,0.122822,-0.100409,0.140809,0.102424,-0.128916,0.268803,-0.664496,0.805561,-0.073025,0.092467,0.280143,0.140837,-0.233893,0.347239,1.164511,0.202108,0.084241,-0.189586
3.702943,-0.270757,0.761275,-0.024885,-0.062460,0.745202,0.663440,0.083090,0.079731,-0.114523,1.196270,0.102401,-0.086476,-0.285396,0.030110,-0.163695,0.367453,-0.092982,0.108210,-0.093765,0.144478,0.109460,-0.123661,0.266057,-0.677845,0.831940,-0.078647,0.097198,0.276356,0.127714,-0.239854,0.351928,1.158706,0.206850,0.079515,-0.192287
3.703943,-0.262230,0.762744,-0.023751,-0.065825,0.746704,0.661466,0.051187,0.094063,-0.102510,1.254257,0.135299,-0.077156,-0.263041,0.036171,-0.168601,0.364808,-0.104259,0.096775,-0.086434,0.147732,0.116432,-0.116803,0.263579,-0.688576,0.856022,-0.080913,0.099499,0.271256,0.112965,-0.246533,0.358385,1.155400,0.211859,0.073995,-0.194915
3.704896,-0.254066,0.764114,-0.022407,-0.069050,0.748077,0.659629,0.017492,0.111653,-0.087874,1.309980,0.163201,-0.052936,-0.239612,0.041942,-0.173107,0.359474,-0.114163,0.086919,-0.078616,0.150778,0.123617,-0.109120,0.261366,-0.697628,0.878324,-0.080747,0.099979,0.265050,0.097018,-0.253949,0.366373,1.153429,0.217564,0.067690,-0.197727
3.705591,-0.245863,0.765563,-0.020969,-0.072039,0.749277,0.657993,-0.015694,0.131820,-0.071476,1.361208,0.180246,-0.021336,-0.215626,0.047488,-0.176929,0.351934,-0.122805,0.078428,-0.070444,0.153706,0.130627,-0.100212,0.259401,-0.704207,0.898154,-0.080227,0.100157,0.258951,0.080124,-0.262010,0.375207,1.152572,0.222797,0.061880,-0.200163
3.706093,-0.237713,0.767031,-0.019470,-0.074601,0.750278,0.656612,-0.046021,0.152151,-0.054713,1.405885,0.180756,0.008556,-0.191772,0.052536,-0.179709,0.343070,-0.130511,0.071163,-0.062129,0.156346,0.137051,-0.089663,0.257691,-0.707490,0.914844,-0.081435,0.101562,0.254178,0.062425,-0.270609,0.384254,1.152719,0.226414,0.057865,-0.201716
3.706455,-0.229711,0.768428,-0.017904,-0.076528,0.751040,0.655562,-0.072463,0.171544,-0.036988,1.443577,0.156902,0.034608,-0.168605,0.056587,-0.181127,0.333387,-0.137445,0.065617,-0.053591,0.158433,0.142617,-0.077077,0.256173,-0.706810,0.927885,-0.084990,0.104946,0.250903,0.043505,-0.279736,0.393825,1.154469,0.227802,0.056207,-0.202262
3.706755,-0.221793,0.769795,-0.016161,-0.077851,0.751622,0.654785,-0.096072,0.189043,-0.018499,1.475407,0.113751,0.059214,-0.145971,0.059365,-0.181440,0.323102,-0.143814,0.061789,-0.044839,0.159792,0.147600,-0.062730,0.254809,-0.702706,0.937704,-0.089748,0.109370,0.248536,0.023355,-0.289381,0.404244,1.157741,0.227702,0.056144,-0.202091
3.706914,-0.213616,0.771254,-0.014132,-0.078728,0.752150,0.654119,-0.117981,0.202327,-0.001510,1.501681,0.065571,0.080144,-0.123575,0.060952,-0.181216,0.312741,-0.150020,0.058790,-0.036205,0.160373,0.152411,-0.047159,0.253684,-0.696178,0.944956,-0.095085,0.113854,0.247161,0.002761,-0.299410,0.414760,1.161383,0.226934,0.056984,-0.201336
3.706981,-0.205668,0.772582,-0.011799,-0.079424,0.752736,0.653408,-0.139584,0.210497,0.012357,1.522741,0.026701,0.096611,-0.100904,0.061722,-0.181029,0.302388,-0.156253,0.055714,-0.027938,0.160305,0.157472,-0.030914,0.252969,-0.688288,0.950279,-0.100401,0.117416,0.246845,-0.017486,-0.309632,0.424499,1.164295,0.226285,0.058012,-0.200145
3.706990,-0.197799,0.773918,-0.009115,-0.079992,0.753437,0.652573,-0.161533,0.213828,0.023380,1.538429,0.000746,0.109255,-0.077713,0.061744,-0.181144,0.291889,-0.162363,0.052331,-0.020135,0.159531,0.162973,-0.013759,0.252809,-0.678721,0.953222,-0.105687,0.119957,0.248127,-0.037372,-0.319964,0.433229,1.166373,0.225473,0.059434,-0.198381
3.707062,-0.189766,0.775257,-0.006143,-0.080336,0.754188,0.651697,-0.183283,0.212963,0.032752,1.548579,-0.019473,0.118624,-0.054258,0.060876,-0.181325,0.281133,-0.168276,0.049189,-0.012656,0.158032,0.168722,0.004594,0.253237,-0.667103,0.953406,-0.111251,0.121949,0.250782,-0.057373,-0.330421,0.441379,1.168295,0.224203,0.061444,-0.196042
3.707129,-0.181887,0.776427,-0.003011,-0.080503,0.754897,0.650877,-0.204563,0.208346,0.040458,1.553702,-0.035952,0.124540,-0.030700,0.059370,-0.181376,0.270088,-0.174165,0.046483,-0.005340,0.156095,0.174563,0.023650,0.254261,-0.654435,0.951652,-0.116975,0.123267,0.253731,-0.077296,-0.340941,0.448957,1.169878,0.223204,0.063455,-0.193513
3.707061,-0.174053,0.777486,0.000155,-0.080540,0.755474,0.650210,-0.225066,0.200371,0.046386,1.554303,-0.050710,0.126772,-0.007278,0.057491,-0.181100,0.258923,-0.180296,0.044340,0.002069,0.153972,0.180289,0.042812,0.255859,-0.641830,0.948931,-0.122759,0.123796,0.255901,-0.096953,-0.351443,0.455871,1.171031,0.223177,0.064860,-0.191192
3.706953,-0.166358,0.778372,0.003479,-0.080448,0.755891,0.649726,-0.244693,0.188385,0.050218,1.550261,-0.063043,0.124934,0.016390,0.055185,-0.180393,0.247385,-0.186899,0.042508,0.009722,0.151517,0.185987,0.062115,0.258026,-0.629195,0.945216,-0.128674,0.123200,0.257017,-0.116381,-0.361926,0.461988,1.171970,0.224757,0.065415,-0.188877
3.706734,-0.158404,0.779220,0.006955,-0.080240,0.756196,0.649370,-0.263658,0.172721,0.052149,1.541345,-0.072313,0.119476,0.040385,0.052441,-0.179435,0.235331,-0.193724,0.040959,0.017487,0.148710,0.191750,0.081849,0.260739,-0.616054,0.940067,-0.134741,0.121654,0.257632,-0.135660,-0.372407,0.467345,1.172706,0.227404,0.065470,-0.186470
3.706405,-0.150449,0.779943,0.010307,-0.079940,0.756401,0.649123,-0.282080,0.155253,0.052747,1.527880,-0.080685,0.111398,0.064001,0.049612,-0.178415,0.223156,-0.200311,0.040103,0.025230,0.145982,0.197314,0.101694,0.263918,-0.603056,0.934008,-0.140825,0.119806,0.257933,-0.154695,-0.382832,0.472107,1.172917,0.230063,0.065308,-0.184535
3.706050,-0.142564,0.780570,0.013244,-0.079572,0.756518,0.648979,-0.300056,0.137829,0.052606,1.510207,-0.090323,0.101740,0.086649,0.047057,-0.177475,0.210972,-0.206130,0.040337,0.032881,0.143716,0.202356,0.121228,0.267441,-0.590917,0.927728,-0.146798,0.118296,0.258126,-0.173370,-0.393107,0.476390,1.172308,0.231678,0.065199,-0.183646
3.705662,-0.134786,0.781058,0.015736,-0.079104,0.756532,0.648964,-0.317709,0.120040,0.051218,1.488153,-0.102608,0.090991,0.108180,0.044756,-0.176586,0.198808,-0.210968,0.042050,0.040472,0.141973,0.206743,0.140254,0.271236,-0.580042,0.921433,-0.153169,0.117267,0.258214,-0.191786,-0.403201,0.480199,1.171111,0.231572,0.065176,-0.184247
3.705202,-0.126961,0.781397,0.017910,-0.078548,0.756427,0.649097,-0.334852,0.101639,0.048408,1.461587,-0.116288,0.078915,0.128960,0.042634,-0.175647,0.186520,-0.215081,0.044833,0.048102,0.140555,0.210596,0.158901,0.275278,-0.570028,0.914997,-0.159827,0.116376,0.258119,-0.209989,-0.413125,0.483444,1.169486,0.230434,0.065097,-0.185948
3.704716,-0.119153,0.781649,0.019755,-0.077932,0.756224,0.649355,-0.351143,0.084525,0.045352,1.430843,-0.129482,0.065390,0.149222,0.040879,-0.174659,0.173804,-0.218650,0.047944,0.055786,0.139368,0.213939,0.177203,0.279496,-0.560384,0.908661,-0.165688,0.115529,0.257946,-0.227767,-0.422819,0.486050,1.167049,0.229210,0.064969,-0.188081
3.704276,-0.111309,0.781700,0.021259,-0.077280,0.755950,0.649704,-0.366277,0.070378,0.043230,1.396225,-0.140232,0.050073,0.169173,0.039635,-0.173629,0.160363,-0.221819,0.050679,0.063512,0.138294,0.216774,0.195177,0.283793,-0.550621,0.902720,-0.169652,0.114627,0.257800,-0.244913,-0.432182,0.487908,1.163467,0.228811,0.064796,-0.189989
3.703788,-0.103459,0.781630,0.022303,-0.076571,0.755570,0.650195,-0.380338,0.059348,0.041854,1.357297,-0.148245,0.030397,0.188498,0.039011,-0.172510,0.146256,-0.224546,0.053081,0.071365,0.137370,0.218868,0.212858,0.288130,-0.540576,0.897191,-0.170778,0.113466,0.257686,-0.261601,-0.441176,0.489031,1.158919,0.229229,0.064599,-0.191704
3.703282,-0.095583,0.781419,0.022939,-0.075777,0.755079,0.650836,-0.393375,0.050692,0.040768,1.313926,-0.154501,0.007444,0.207193,0.038834,-0.171262,0.131577,-0.226762,0.055473,0.079309,0.136558,0.220231,0.230201,0.292501,-0.530502,0.892070,-0.169847,0.112154,0.257573,-0.277949,-0.449801,0.489511,1.153629,0.230097,0.064382,-0.193535
3.702808,-0.087886,0.781016,0.023402,-0.074910,0.754562,0.651519,-0.405062,0.044398,0.040728,1.266868,-0.158811,-0.013978,0.221150,0.037931,-0.170124,0.126333,-0.233962,0.057661,0.087118,0.135621,0.221231,0.247059,0.296834,-0.520549,0.887660,-0.168374,0.111045,0.257509,-0.293701,-0.458010,0.489273,1.147507,0.231663,0.064016,-0.195222
3.702153,-0.079879,0.780596,0.023934,-0.073976,0.754116,0.652123,-0.415090,0.040254,0.042470,1.216923,-0.160930,-0.029223,0.233288,0.036398,-0.169133,0.125441,-0.243676,0.059433,0.094541,0.134338,0.222230,0.263234,0.301024,-0.510872,0.884329,-0.167872,0.110495,0.257545,-0.308674,-0.465738,0.488329,1.140529,0.234259,0.063380,-0.196512
3.701512,-0.071806,0.780006,0.024652,-0.072960,0.753783,0.652595,-0.423400,0.037916,0.046258,1.164315,-0.160532,-0.036574,0.245863,0.034350,-0.168277,0.124555,-0.253831,0.060660,0.101448,0.132472,0.223387,0.278604,0.305026,-0.501419,0.882316,-0.168533,0.110631,0.257580,-0.322858,-0.472939,0.486485,1.132741,0.238399,0.062361,-0.197323
3.700771,-0.063801,0.779243,0.025496,-0.071781,0.753509,0.653010,-0.430158,0.037071,0.051839,1.108814,-0.157854,-0.038967,0.258528,0.031767,-0.167498,0.123762,-0.264263,0.061563,0.107981,0.130005,0.224508,0.293224,0.308846,-0.492135,0.881507,-0.169607,0.111241,0.257644,-0.336447,-0.479625,0.483872,1.124312,0.243815,0.061041,-0.197805
3.700037,-0.055705,0.778297,0.026280,-0.070516,0.753254,0.653410,-0.435370,0.037661,0.058908,1.050421,-0.153433,-0.038938,0.270874,0.028980,-0.166734,0.123387,-0.274844,0.062326,0.114224,0.127354,0.225399,0.307176,0.312419,-0.483164,0.881754,-0.171181,0.112174,0.257982,-0.349379,-0.485796,0.480751,1.115236,0.249444,0.059602,-0.198060
3.699230,-0.047543,0.777269,0.026690,-0.069381,0.753005,0.653802,-0.438841,0.039879,0.066854,0.988558,-0.147563,-0.039027,0.282475,0.026783,-0.165998,0.123765,-0.285442,0.063089,0.120146,0.125350,0.225776,0.320499,0.315625,-0.474652,0.882970,-0.173329,0.113269,0.258850,-0.361665,-0.491461,0.477473,1.105579,0.254294,0.058220,-0.198189
3.698349,-0.039393,0.776074,0.026730,-0.068253,0.752793,0.654163,-0.440480,0.043228,0.075892,0.922043,-0.139348,-0.039442,0.293513,0.024965,-0.165325,0.124135,-0.295600,0.063904,0.125673,0.123799,0.225526,0.332991,0.318375,-0.466759,0.885552,-0.176164,0.114502,0.260541,-0.373304,-0.496609,0.473887,1.095198,0.258587,0.056931,-0.198132
3.697280,-0.031142,0.774813,0.026492,-0.067124,0.752627,0.654481,-0.440260,0.047483,0.086292,0.851216,-0.128818,-0.039263,0.304171,0.023408,-0.164726,0.124495,-0.305488,0.064673,0.130761,0.122545,0.224751,0.344625,0.320657,-0.459365,0.889543,-0.179590,0.115936,0.262864,-0.384355,-0.501253,0.469922,1.084196,0.262679,0.055645,-0.197867
3.696121,-0.022831,0.773426,0.025946,-0.066113,0.752395,0.654872,-0.438050,0.052781,0.098167,0.777331,-0.117512,-0.039271,0.314585,0.022405,-0.163936,0.124806,-0.315058,0.065378,0.135699,0.121841,0.223464,0.355688,0.322474,-0.452214,0.894281,-0.183378,0.117539,0.265339,-0.394801,-0.505386,0.465984,1.072857,0.265824,0.054366,-0.197557
3.694976,-0.014419,0.771843,0.025060,-0.065349,0.751977,0.655464,-0.433698,0.059254,0.111660,0.701433,-0.106824,-0.040252,0.324824,0.022207,-0.162665,0.125110,-0.324279,0.066025,0.140783,0.121899,0.221674,0.366512,0.323824,-0.445005,0.899095,-0.187296,0.119290,0.267485,-0.404664,-0.508977,0.462461,1.061503,0.267170,0.053093,-0.197373
3.693745,-0.005970,0.770095,0.023800,-0.064896,0.751337,0.656289,-0.426321,0.067142,0.127375,0.620824,-0.096226,-0.043019,0.334970,0.023042,-0.160871,0.125382,-0.333445,0.066502,0.146068,0.122921,0.219307,0.377123,0.324748,-0.437880,0.903994,-0.191435,0.121286,0.269191,-0.413998,-0.511949,0.459371,1.050172,0.266337,0.051835,-0.197367
3.692371,0.002622,0.768249,0.022171,-0.064738,0.750495,0.657324,-0.415817,0.075753,0.145356,0.534726,-0.084590,-0.047435,0.344975,0.024772,-0.158548,0.125649,-0.342460,0.066860,0.151480,0.124804,0.216394,0.387450,0.325255,-0.430887,0.909198,-0.195870,0.123513,0.270717,-0.422879,-0.514279,0.456572,1.038810,0.263790,0.050581,-0.197455
3.691006,0.011270,0.766218,0.020223,-0.064877,0.749407,0.658613,-0.403235,0.084275,0.164708,0.447131,-0.072449,-0.052593,0.354891,0.027257,-0.155429,0.125859,-0.350664,0.067315,0.157135,0.127486,0.213096,0.397615,0.325257,-0.423635,0.914410,-0.200328,0.125766,0.272117,-0.431370,-0.515973,0.454311,1.027625,0.260154,0.049289,-0.197600
3.689488,0.020104,0.764153,0.017974,-0.065344,0.748027,0.660199,-0.389998,0.092487,0.184333,0.362904,-0.060824,-0.057260,0.364743,0.030430,-0.151238,0.125988,-0.357419,0.068008,0.163180,0.130944,0.209581,0.407726,0.324665,-0.415759,0.919316,-0.204538,0.127840,0.273441,-0.439585,-0.517164,0.453009,1.016808,0.256282,0.047931,-0.197753
3.687848,0.028924,0.762008,0.015208,-0.066304,0.746218,0.662217,-0.376282,0.101366,0.204641,0.281187,-0.050278,-0.060416,0.374346,0.034928,-0.145625,0.126031,-0.362690,0.068742,0.169799,0.135816,0.205689,0.417938,0.323153,-0.406766,0.924008,-0.207982,0.129627,0.274491,-0.447637,-0.518147,0.453022,1.005978,0.252037,0.046638,-0.197939
3.686120,0.037825,0.759776,0.011897,-0.067902,0.743911,0.664714,-0.361192,0.111494,0.226081,0.199807,-0.040049,-0.062862,0.383894,0.041009,-0.138370,0.125981,-0.366738,0.069385,0.177274,0.142431,0.201336,0.428020,0.320739,-0.397222,0.928797,-0.211014,0.131235,0.275363,-0.455457,-0.518779,0.454056,0.995285,0.247132,0.045386,-0.198166
3.684333,0.046744,0.757561,0.008442,-0.069899,0.741307,0.667463,-0.344089,0.121563,0.247567,0.120331,-0.028572,-0.065685,0.393794,0.047551,-0.129853,0.125866,-0.369409,0.070272,0.185054,0.149911,0.197026,0.437684,0.317467,-0.387540,0.933543,-0.214224,0.132791,0.276412,-0.462702,-0.519007,0.455711,0.984950,0.242085,0.043984,-0.198260
3.682400,0.055755,0.755506,0.005321,-0.071806,0.738791,0.670077,-0.358247,0.138664,0.263228,0.117749,-0.052947,-0.069986,0.404231,0.052860,-0.121074,0.125714,-0.370573,0.071911,0.192234,0.156756,0.193231,0.446477,0.313482,-0.378235,0.938199,-0.218278,0.134414,0.278009,-0.469123,-0.518741,0.457688,0.975314,0.237621,0.042224,-0.198100
3.680399,0.064675,0.753654,0.002635,-0.073505,0.736378,0.672561,-0.368625,0.153857,0.276772,0.115919,-0.073281,-0.076819,0.415188,0.056614,-0.112179,0.125499,-0.370470,0.074526,0.198642,0.162630,0.190213,0.454618,0.308786,-0.368831,0.942465,-0.223758,0.136161,0.280486,-0.474846,-0.517950,0.460188,0.966417,0.233844,0.039647,-0.197495
3.678194,0.073779,0.751940,0.000214,-0.074953,0.734102,0.674890,-0.375935,0.167254,0.288870,0.114490,-0.090482,-0.084974,0.426361,0.059178,-0.103438,0.125222,-0.369168,0.078046,0.204232,0.167632,0.187599,0.462094,0.303369,-0.359250,0.946543,-0.230183,0.137949,0.283565,-0.479989,-0.516613,0.463275,0.958134,0.230440,0.036476,-0.196612
3.675840,0.083110,0.750391,-0.001675,-0.075518,0.732502,0.676561,-0.380754,0.176751,0.299790,0.114848,-0.103933,-0.091468,0.437519,0.059352,-0.096448,0.124945,-0.366364,0.082585,0.208028,0.170306,0.185059,0.468022,0.297479,-0.350606,0.951152,-0.236654,0.139691,0.286672,-0.483878,-0.514575,0.465930,0.950226,0.227104,0.033515,-0.195889
3.673465,0.092592,0.749059,-0.003110,-0.075140,0.731770,0.677390,-0.381985,0.181857,0.309905,0.115058,-0.111181,-0.093685,0.448497,0.057494,-0.091615,0.124595,-0.361448,0.087841,0.209898,0.170674,0.182084,0.472107,0.291584,-0.343997,0.956458,-0.242311,0.141343,0.289241,-0.485922,-0.511709,0.467204,0.942576,0.223520,0.031597,-0.195660
3.671134,0.102155,0.748038,-0.003858,-0.073927,0.732204,0.677051,-0.377751,0.181571,0.318704,0.115172,-0.111741,-0.090220,0.459858,0.053526,-0.089596,0.124520,-0.354965,0.093895,0.209127,0.168520,0.179242,0.474307,0.286131,-0.339813,0.962414,-0.247462,0.143004,0.291186,-0.485842,-0.507857,0.466363,0.934935,0.219464,0.031222,-0.196110
3.668696,0.111645,0.747228,-0.003879,-0.071982,0.733618,0.675728,-0.368886,0.176362,0.326075,0.115725,-0.106719,-0.082590,0.471503,0.047585,-0.090097,0.125321,-0.347412,0.100842,0.206085,0.163910,0.176827,0.475079,0.281270,-0.337438,0.968498,-0.252499,0.144721,0.292734,-0.483890,-0.503031,0.463873,0.927409,0.215090,0.031837,-0.197012
3.666257,0.121595,0.746511,-0.003445,-0.068732,0.735691,0.673812,-0.359841,0.166884,0.332930,0.117968,-0.097508,-0.072304,0.482303,0.039088,-0.092808,0.126441,-0.337754,0.108712,0.201824,0.156187,0.173692,0.474520,0.276967,-0.336451,0.974463,-0.256659,0.146363,0.293754,-0.480107,-0.497388,0.460503,0.920205,0.210692,0.032685,-0.198135
3.663542,0.131296,0.746329,-0.003191,-0.064280,0.737844,0.671896,-0.353312,0.155286,0.340248,0.119753,-0.083497,-0.061279,0.490812,0.028996,-0.096355,0.128069,-0.325079,0.116997,0.197854,0.146367,0.168658,0.473110,0.273032,-0.336492,0.979811,-0.259159,0.147804,0.294150,-0.474642,-0.491257,0.457233,0.913612,0.206623,0.033044,-0.199148
3.660835,0.141425,0.746299,-0.003333,-0.058029,0.739989,0.670103,-0.350777,0.141205,0.349522,0.121147,-0.062322,-0.048844,0.495739,0.016387,-0.100508,0.130340,-0.309943,0.125946,0.194530,0.133733,0.160788,0.470633,0.269264,-0.337739,0.984603,-0.259521,0.149149,0.293923,-0.467067,-0.484837,0.454191,0.906868,0.203178,0.032880,-0.200058
3.658044,0.151668,0.746520,-0.003626,-0.050163,0.742187,0.668303,-0.355668,0.126285,0.359684,0.134273,-0.040908,-0.034463,0.484163,-0.000338,-0.105351,0.162517,-0.307956,0.135532,0.191482,0.118335,0.150760,0.466963,0.265640,-0.340325,0.989078,-0.258208,0.150401,0.293137,-0.457514,-0.478169,0.451160,0.900000,0.200279,0.032567,-0.200941
3.655021,0.161940,0.747044,-0.003890,-0.041686,0.744283,0.666551,-0.372858,0.114886,0.368176,0.173643,-0.031923,-0.020200,0.465491,-0.018925,-0.109930,0.207887,-0.308805,0.144961,0.188794,0.101897,0.139772,0.462422,0.262220,-0.343836,0.993212,-0.255834,0.151274,0.291765,-0.446398,-0.471219,0.447953,0.894006,0.197221,0.032005,-0.201610
3.651671,0.172099,0.747649,-0.003933,-0.033614,0.746219,0.664840,-0.385426,0.102469,0.374725,0.204715,-0.022275,-0.007853,0.446445,-0.037263,-0.113989,0.255536,-0.305306,0.153411,0.186381,0.086075,0.129066,0.457317,0.259098,-0.347840,0.997000,-0.253015,0.151488,0.289768,-0.434130,-0.463902,0.444340,0.889913,0.193243,0.031081,-0.201910
3.648254,0.182728,0.748244,-0.003908,-0.025722,0.747967,0.663226,-0.394229,0.088619,0.378072,0.227753,-0.011645,0.001740,0.427262,-0.055631,-0.117737,0.304400,-0.297014,0.161880,0.184453,0.070562,0.117751,0.451961,0.256305,-0.352324,1.000474,-0.249573,0.150800,0.286870,-0.420284,-0.456119,0.440273,0.887635,0.187762,0.029440,-0.201742
3.644938,0.193623,0.748816,-0.003827,-0.017585,0.749619,0.661624,-0.400937,0.073004,0.379321,0.245476,0.000661,0.009699,0.406931,-0.074896,-0.121153,0.355046,-0.284811,0.169983,0.182769,0.054576,0.105548,0.446094,0.253831,-0.357459,1.003612,-0.245312,0.149416,0.283162,-0.404791,-0.447802,0.435820,0.886731,0.181188,0.027239,-0.201230
3.641662,0.204290,0.749405,-0.003246,-0.009900,0.751369,0.659800,-0.404864,0.056588,0.379306,0.260625,0.010708,0.016982,0.385555,-0.094393,-0.124082,0.409343,-0.268906,0.175025,0.180618,0.038999,0.094623,0.439161,0.251736,-0.363085,1.006337,-0.240833,0.147725,0.279186,-0.388865,-0.438967,0.431186,0.887899,0.174707,0.025120,-0.200573
3.638245,0.214641,0.750179,-0.001742,-0.003362,0.753384,0.657570,-0.405116,0.040304,0.378924,0.275400,0.014770,0.024549,0.363481,-0.113422,-0.126514,0.468797,-0.249329,0.174617,0.177502,0.024670,0.087102,0.430627,0.250099,-0.369048,1.008536,-0.236735,0.146124,0.275457,-0.373473,-0.429654,0.426287,0.891631,0.169261,0.023730,-0.199955
3.634974,0.224803,0.750895,0.000924,0.001830,0.755806,0.654793,-0.401108,0.024112,0.377950,0.290479,0.010560,0.031709,0.341478,-0.131933,-0.129246,0.533868,-0.224619,0.167752,0.173546,0.011664,0.083637,0.419966,0.249023,-0.375799,1.010756,-0.233155,0.144759,0.271634,-0.358197,-0.419749,0.420224,0.898378,0.165172,0.023098,-0.199585
3.631790,0.235020,0.751756,0.004482,0.006042,0.758541,0.651582,-0.393422,0.007528,0.375689,0.304689,0.000441,0.038246,0.319651,-0.150313,-0.132575,0.602844,-0.194705,0.155987,0.169098,-0.000494,0.083010,0.407588,0.248521,-0.383373,1.012867,-0.229819,0.143422,0.267577,-0.342569,-0.409208,0.413027,0.907609,0.161736,0.022921,-0.199323
3.628539,0.245103,0.752712,0.008597,0.009414,0.761407,0.648149,-0.383109,-0.009034,0.372373,0.317861,-0.012351,0.045819,0.297517,-0.168461,-0.135798,0.673767,-0.161732,0.140970,0.164032,-0.011748,0.084601,0.394344,0.248494,-0.390978,1.013793,-0.226660,0.141995,0.264122,-0.327839,-0.398335,0.406481,0.918657,0.158975,0.023341,-0.198845
3.625063,0.255009,0.753777,0.012936,0.012062,0.764215,0.644719,-0.371146,-0.025222,0.368333,0.329643,-0.024476,0.056107,0.274327,-0.186246,-0.137982,0.745299,-0.128160,0.124161,0.158118,-0.021890,0.087858,0.381074,0.248723,-0.397731,1.012462,-0.223577,0.140345,0.262114,-0.315072,-0.387629,0.402372,0.930724,0.156809,0.024522,-0.197799
3.621613,0.264723,0.754877,0.017673,0.013777,0.767082,0.641158,-0.357416,-0.041212,0.363055,0.340527,-0.035488,0.071072,0.249875,-0.204069,-0.139380,0.819498,-0.092379,0.106471,0.150868,-0.030649,0.093599,0.367881,0.248950,-0.402964,1.008309,-0.220017,0.138618,0.261905,-0.304453,-0.377464,0.401044,0.943769,0.155693,0.027041,-0.196192
3.618352,0.273989,0.755841,0.022904,0.014527,0.770061,0.637394,-0.341369,-0.057239,0.356430,0.350268,-0.046813,0.089360,0.224510,-0.222194,-0.140538,0.896658,-0.054013,0.086507,0.142495,-0.038034,0.101886,0.354187,0.249063,-0.407323,1.002241,-0.216137,0.136810,0.263025,-0.295169,-0.367905,0.401611,0.957917,0.155555,0.030670,-0.194152
3.615033,0.283035,0.756716,0.028195,0.014738,0.772872,0.633764,-0.323615,-0.072810,0.349509,0.357974,-0.058227,0.107630,0.197959,-0.240280,-0.140751,0.973361,-0.017688,0.062295,0.133844,-0.044320,0.111032,0.339835,0.249119,-0.411874,0.995293,-0.212915,0.134565,0.265099,-0.286904,-0.359051,0.404205,0.972757,0.155781,0.034348,-0.191508
3.611642,0.291838,0.757409,0.033075,0.014820,0.775263,0.630598,-0.304720,-0.087373,0.343295,0.362633,-0.069564,0.122515,0.169936,-0.257647,-0.139381,1.046057,0.012083,0.032065,0.125720,-0.049685,0.119334,0.324734,0.249249,-0.417669,0.988374,-0.211345,0.131533,0.267712,-0.279310,-0.350992,0.408939,0.987803,0.155791,0.037024,-0.188066
3.608138,0.300723,0.758079,0.037449,0.014768,0.777063,0.628134,-0.284637,-0.100424,0.338373,0.364284,-0.081560,0.133152,0.138813,-0.273510,-0.134947,1.116091,0.036861,-0.008840,0.118407,-0.053917,0.126555,0.309184,0.249495,-0.425001,0.981058,-0.212676,0.127202,0.271504,-0.272716,-0.343932,0.416552,1.003191,0.155242,0.038223,-0.183243
3.604695,0.309347,0.758711,0.041576,0.014435,0.778505,0.626094,-0.263351,-0.112380,0.334015,0.363596,-0.094113,0.141347,0.104842,-0.288534,-0.128568,1.185120,0.058021,-0.058316,0.111320,-0.057017,0.133595,0.293159,0.249811,-0.433333,0.972935,-0.216057,0.121892,0.276393,-0.266999,-0.337935,0.426660,1.018906,0.154552,0.038594,-0.177272
3.601338,0.317816,0.759407,0.045415,0.013913,0.779854,0.624156,-0.240963,-0.123600,0.329309,0.360245,-0.106069,0.147597,0.071058,-0.303261,-0.122773,1.249241,0.070795,-0.107373,0.104245,-0.059247,0.140385,0.276122,0.250249,-0.442481,0.964894,-0.219343,0.116512,0.280917,-0.261322,-0.332818,0.437722,1.034432,0.154245,0.038747,-0.171196
3.597974,0.326266,0.760102,0.048896,0.013272,0.781403,0.621967,-0.217891,-0.134388,0.323335,0.354298,-0.116320,0.152474,0.040266,-0.317751,-0.119409,1.305402,0.069808,-0.146280,0.096934,-0.060893,0.146834,0.257520,0.250946,-0.452328,0.957826,-0.220453,0.112005,0.283641,-0.254818,-0.328262,0.448124,1.049255,0.154789,0.039286,-0.166079
3.594618,0.334774,0.761055,0.052044,0.012503,0.783077,0.619618,-0.193928,-0.144704,0.316410,0.345453,-0.124699,0.155815,0.013667,-0.331296,-0.118248,1.353342,0.048063,-0.169419,0.089614,-0.062025,0.153082,0.237098,0.252021,-0.463096,0.951777,-0.218903,0.108750,0.284002,-0.247783,-0.324143,0.458351,1.063682,0.156364,0.040281,-0.161993
3.591459,0.343087,0.761993,0.054803,0.011515,0.784757,0.617269,-0.169165,-0.154095,0.308939,0.334187,-0.131961,0.157437,-0.010594,-0.342900,-0.117786,1.395255,0.009965,-0.181773,0.082377,-0.062402,0.159078,0.215282,0.253480,-0.474761,0.946159,-0.215831,0.106224,0.282824,-0.240641,-0.320443,0.468929,1.077990,0.158656,0.041432,-0.158464
3.588402,0.351325,0.763023,0.057028,0.010303,0.786656,0.614665,-0.144552,-0.162308,0.300184,0.321919,-0.138457,0.157899,-0.034206,-0.352376,-0.118200,1.431776,-0.032843,-0.189747,0.074780,-0.061906,0.164434,0.192558,0.255308,-0.486889,0.940945,-0.211614,0.104028,0.280779,-0.232730,-0.316977,0.478269,1.091701,0.161310,0.042756,-0.155757
3.585551,0.359332,0.764077,0.058603,0.008878,0.788993,0.611537,-0.120957,-0.169119,0.289392,0.309949,-0.144468,0.157736,-0.058821,-0.359753,-0.119708,1.463357,-0.068670,-0.199983,0.066407,-0.060520,0.168770,0.169378,0.257521,-0.499124,0.936171,-0.206639,0.101763,0.278544,-0.223348,-0.313480,0.484754,1.104370,0.163982,0.044252,-0.154143
3.582685,0.367474,0.765232,0.059333,0.007252,0.791894,0.607726,-0.098874,-0.174342,0.276058,0.298501,-0.149907,0.156700,-0.085076,-0.365129,-0.123311,1.489887,-0.094784,-0.214262,0.056933,-0.058164,0.171758,0.145558,0.260213,-0.511784,0.932162,-0.200619,0.099330,0.276038,-0.212295,-0.309685,0.488077,1.116140,0.166846,0.045890,-0.154003
3.579932,0.375629,0.766445,0.059354,0.005436,0.795209,0.603398,-0.077780,-0.178096,0.260811,0.287011,-0.154746,0.154644,-0.111893,-0.368569,-0.128962,1.511086,-0.117151,-0.229064,0.046670,-0.054988,0.173692,0.121023,0.263409,-0.525010,0.928719,-0.193511,0.096936,0.272993,-0.200060,-0.305516,0.489059,1.127354,0.169967,0.047650,-0.155122
3.577119,0.383882,0.767681,0.059040,0.003436,0.798742,0.598761,-0.056999,-0.180669,0.244579,0.275561,-0.159318,0.152245,-0.138393,-0.370064,-0.135290,1.527138,-0.137150,-0.243253,0.036122,-0.051313,0.175152,0.096356,0.266997,-0.538182,0.925181,-0.186056,0.094644,0.269787,-0.186855,-0.301044,0.487707,1.137765,0.172726,0.049524,-0.156872
3.574359,0.392213,0.768977,0.058770,0.001259,0.802293,0.594029,-0.035825,-0.182494,0.228286,0.264136,-0.163907,0.150190,-0.163773,-0.369523,-0.140832,1.538200,-0.156150,-0.255660,0.025819,-0.047428,0.176706,0.072044,0.270811,-0.550669,0.921025,-0.178959,0.092517,0.266820,-0.172884,-0.296467,0.484052,1.147065,0.174562,0.051540,-0.158619
3.571526,0.400517,0.770122,0.058655,-0.001122,0.805839,0.589221,-0.013701,-0.183723,0.211988,0.252201,-0.168388,0.148742,-0.188096,-0.365453,-0.143694,1.544133,-0.173971,-0.261800,0.015888,-0.043215,0.178440,0.047904,0.274771,-0.562681,0.916603,-0.172430,0.090585,0.263900,-0.157771,-0.291863,0.477346,1.155027,0.175040,0.053974,-0.160454
3.568595,0.408711,0.771217,0.058512,-0.003680,0.809464,0.584235,0.008875,-0.184247,0.195320,0.239943,-0.172688,0.147551,-0.211751,-0.358081,-0.144664,1.544833,-0.189892,-0.261800,0.006142,-0.038576,0.180144,0.023623,0.278866,-0.574558,0.912206,-0.166064,0.088795,0.260921,-0.141393,-0.287203,0.467726,1.161583,0.174559,0.056746,-0.162600
3.565752,0.416952,0.772213,0.058313,-0.006303,0.813142,0.579103,0.031035,-0.183909,0.178536,0.228459,-0.177201,0.146359,-0.234501,-0.349834,-0.146227,1.540644,-0.204514,-0.261800,-0.003435,-0.033850,0.181915,-0.000502,0.283034,-0.585775,0.907264,-0.159637,0.087087,0.258398,-0.124342,-0.282579,0.456630,1.166672,0.173876,0.059368,-0.164635
3.562906,0.425029,0.773061,0.058034,-0.008872,0.816856,0.573847,0.052069,-0.182806,0.161875,0.218554,-0.182175,0.144978,-0.256296,-0.341473,-0.148657,1.531856,-0.218303,-0.261800,-0.012946,-0.029334,0.183821,-0.024150,0.287196,-0.595664,0.901218,-0.152890,0.085399,0.256855,-0.107218,-0.278161,0.445625,1.170264,0.173778,0.061357,-0.166136
3.560133,0.433118,0.773831,0.057704,-0.011469,0.820640,0.568408,0.071710,-0.180763,0.145238,0.211029,-0.188026,0.143308,-0.276846,-0.333008,-0.152391,1.518176,-0.231645,-0.261800,-0.022654,-0.024862,0.186019,-0.047355,0.291351,-0.603934,0.894114,-0.145284,0.083624,0.256524,-0.089980,-0.274075,0.434618,1.172023,0.174432,0.062678,-0.167035
3.557469,0.441085,0.774387,0.057332,-0.014122,0.824481,0.562800,0.090646,-0.177955,0.128543,0.204703,-0.194172,0.141479,-0.296206,-0.323958,-0.157061,1.499492,-0.244144,-0.261800,-0.032462,-0.020337,0.188463,-0.070295,0.295532,-0.610924,0.886245,-0.137072,0.081829,0.257100,-0.072291,-0.270329,0.423000,1.171927,0.175489,0.063573,-0.167522
3.554774,0.449060,0.774922,0.056872,-0.016623,0.828317,0.557119,0.108388,-0.174692,0.112194,0.199882,-0.200916,0.139641,-0.314772,-0.314544,-0.161902,1.476368,-0.255356,-0.261800,-0.041975,-0.016080,0.190869,-0.092848,0.299688,-0.616850,0.877442,-0.129174,0.080216,0.258289,-0.054296,-0.266926,0.411546,1.170509,0.176865,0.063971,-0.167571
3.552054,0.457163,0.775372,0.056299,-0.018752,0.832087,0.551461,0.125019,-0.171402,0.096481,0.195712,-0.207905,0.137935,-0.332908,-0.304971,-0.166117,1.449276,-0.264849,-0.261800,-0.050871,-0.012373,0.192914,-0.114850,0.303711,-0.621820,0.867540,-0.122472,0.078973,0.259803,-0.036225,-0.263843,0.401149,1.168397,0.178522,0.063793,-0.167161
3.549439,0.465190,0.775664,0.055609,-0.020494,0.835835,0.545772,0.140316,-0.168067,0.081463,0.192433,-0.215251,0.136372,-0.350601,-0.295356,-0.169798,1.418018,-0.273043,-0.261800,-0.059189,-0.009217,0.194542,-0.136541,0.307551,-0.625686,0.856572,-0.117288,0.078291,0.261745,-0.018051,-0.261135,0.391968,1.165559,0.180798,0.062761,-0.165816
3.546765,0.473156,0.775795,0.054840,-0.021930,0.839596,0.539991,0.154612,-0.164775,0.066885,0.189850,-0.222828,0.134973,-0.367778,-0.284475,-0.170855,1.382327,-0.279950,-0.254199,-0.067100,-0.006426,0.195873,-0.157984,0.311216,-0.628400,0.844736,-0.113108,0.078016,0.264214,0.000314,-0.258830,0.383591,1.161792,0.183606,0.061007,-0.163694
3.544049,0.481154,0.775734,0.053988,-0.023033,0.843290,0.534245,0.168022,-0.161677,0.052704,0.187923,-0.230668,0.133724,-0.384476,-0.272429,-0.168763,1.342744,-0.284670,-0.239208,-0.074509,-0.003979,0.196806,-0.178731,0.314665,-0.630160,0.832152,-0.109531,0.077817,0.266916,0.018599,-0.256834,0.376102,1.157662,0.186276,0.059066,-0.161751
3.541264,0.489109,0.775558,0.053015,-0.023812,0.846826,0.528686,0.180561,-0.158755,0.038931,0.186706,-0.238828,0.132528,-0.400634,-0.260060,-0.165035,1.299847,-0.286385,-0.224637,-0.081341,-0.001882,0.197203,-0.198345,0.317827,-0.631144,0.819023,-0.106162,0.077360,0.269559,0.036412,-0.254993,0.369626,1.153892,0.188125,0.057449,-0.160970
3.538526,0.497220,0.775294,0.051873,-0.024257,0.850206,0.523327,0.192026,-0.155966,0.025532,0.186404,-0.247421,0.131282,-0.416691,-0.247181,-0.159186,1.253975,-0.284454,-0.211610,-0.087522,-0.000097,0.196959,-0.216956,0.320657,-0.631241,0.805473,-0.102970,0.076610,0.272274,0.053659,-0.253214,0.364574,1.150625,0.188916,0.056132,-0.161904
3.535771,0.505362,0.774902,0.050572,-0.024389,0.853476,0.518099,0.202471,-0.153269,0.012498,0.186886,-0.256353,0.130007,-0.432347,-0.233962,-0.151304,1.204767,-0.279652,-0.199108,-0.093143,0.001381,0.196086,-0.234779,0.323157,-0.630363,0.791556,-0.100118,0.075721,0.275163,0.070383,-0.251508,0.360801,1.147764,0.189015,0.054872,-0.163968
3.532990,0.513356,0.774346,0.049179,-0.024235,0.856626,0.513016,0.212239,-0.150752,-0.000135,0.187824,-0.265437,0.128828,-0.446582,-0.220939,-0.142010,1.151708,-0.273254,-0.185738,-0.098362,0.002524,0.194632,-0.251530,0.325343,-0.628753,0.777343,-0.097542,0.074630,0.277899,0.086514,-0.249825,0.357553,1.145527,0.188645,0.053863,-0.166432
3.530263,0.521579,0.773672,0.047779,-0.023810,0.859645,0.508095,0.221822,-0.148503,-0.012349,0.188634,-0.274347,0.127886,-0.458402,-0.208631,-0.132000,1.094146,-0.266456,-0.170100,-0.103301,0.003283,0.192651,-0.266913,0.327218,-0.626663,0.762889,-0.095150,0.073279,0.280162,0.101976,-0.248075,0.354059,1.144141,0.188033,0.053292,-0.168570
3.527472,0.529985,0.772903,0.046278,-0.023129,0.862541,0.503335,0.230759,-0.146407,-0.024129,0.189916,-0.283502,0.127325,-0.467677,-0.196676,-0.120803,1.030987,-0.259160,-0.151125,-0.107990,0.003761,0.189966,-0.280850,0.328775,-0.623955,0.748119,-0.093189,0.071554,0.281981,0.116744,-0.246166,0.350218,1.143786,0.186896,0.053266,-0.170303
3.524521,0.538390,0.772001,0.044677,-0.022177,0.865326,0.498721,0.239133,-0.144486,-0.035540,0.191447,-0.292752,0.127036,-0.474687,-0.185174,-0.108177,0.962535,-0.250864,-0.129983,-0.112351,0.003919,0.186582,-0.293573,0.330027,-0.620600,0.733129,-0.091633,0.069517,0.283499,0.130813,-0.244095,0.346367,1.144401,0.185204,0.053657,-0.171998
3.521503,0.546680,0.770954,0.043178,-0.020937,0.867993,0.494252,0.247722,-0.143026,-0.046597,0.192471,-0.301482,0.126768,-0.479195,-0.175240,-0.095234,0.890173,-0.241919,-0.108475,-0.116340,0.003507,0.182849,-0.305200,0.330994,-0.616986,0.718162,-0.089962,0.067366,0.284567,0.144209,-0.241893,0.342388,1.145745,0.183578,0.054305,-0.173591
3.518466,0.555078,0.769720,0.041994,-0.019371,0.870524,0.489949,0.257378,-0.142343,-0.057272,0.192134,-0.309095,0.126280,-0.481176,-0.167830,-0.083102,0.815414,-0.232732,-0.088260,-0.119962,0.002446,0.179160,-0.315792,0.331490,-0.613336,0.703419,-0.087606,0.065277,0.285039,0.157309,-0.240213,0.338262,1.146988,0.182776,0.055123,-0.174902
3.515452,0.563564,0.768362,0.041160,-0.017434,0.872897,0.485853,0.268260,-0.142522,-0.067487,0.190047,-0.315394,0.125492,-0.480470,-0.163109,-0.071869,0.736627,-0.222628,-0.070113,-0.122766,0.000133,0.175494,-0.325650,0.331942,-0.610135,0.688948,-0.084501,0.063211,0.284557,0.169382,-0.237714,0.333345,1.149350,0.182642,0.055997,-0.176185
3.512161,0.572164,0.766899,0.040579,-0.015161,0.875135,0.481936,0.280021,-0.143376,-0.077317,0.186600,-0.320677,0.124541,-0.477004,-0.160492,-0.061124,0.653045,-0.211246,-0.052870,-0.125232,-0.002875,0.171757,-0.334451,0.332105,-0.606744,0.674478,-0.080913,0.061062,0.283318,0.180996,-0.235514,0.328277,1.151914,0.183232,0.057120,-0.177269
3.508901,0.580915,0.765319,0.040272,-0.012632,0.877308,0.478068,0.292553,-0.144815,-0.087052,0.182432,-0.325002,0.123505,-0.470775,-0.159789,-0.051474,0.567058,-0.199168,-0.035231,-0.127371,-0.006720,0.167963,-0.342174,0.332013,-0.603563,0.660251,-0.076939,0.059097,0.281967,0.191923,-0.232933,0.322974,1.155068,0.183961,0.058259,-0.178212
3.505522,0.589676,0.763608,0.040284,-0.009916,0.879496,0.474095,0.305782,-0.146786,-0.097039,0.178220,-0.328470,0.122452,-0.461685,-0.160965,-0.043559,0.480862,-0.186897,-0.015921,-0.129635,-0.011237,0.164196,-0.348576,0.331601,-0.600613,0.646327,-0.072772,0.057550,0.281148,0.202420,-0.230265,0.317872,1.158333,0.184616,0.059307,-0.178902
3.501903,0.598501,0.761723,0.040864,-0.006814,0.881721,0.469949,0.320704,-0.149947,-0.107623,0.172614,-0.330361,0.121383,-0.448143,-0.164819,-0.037642,0.390381,-0.174169,0.005629,-0.132304,-0.016922,0.160594,-0.353255,0.330819,-0.597538,0.632214,-0.068175,0.056692,0.281063,0.212675,-0.227827,0.313037,1.161588,0.185472,0.060121,-0.179192
3.498184,0.607491,0.759688,0.042175,-0.003193,0.884051,0.465473,0.337645,-0.154584,-0.119241,0.165221,-0.330514,0.120354,-0.429385,-0.171970,-0.033926,0.293543,-0.159557,0.028885,-0.135622,-0.024234,0.157286,-0.356484,0.329675,-0.594419,0.618075,-0.063176,0.056333,0.281326,0.222762,-0.225576,0.308291,1.164775,0.186586,0.060834,-0.179143
3.494462,0.616691,0.757392,0.044211,0.000880,0.886646,0.460330,0.355530,-0.160368,-0.132503,0.158308,-0.329945,0.119560,-0.406532,-0.182429,-0.032937,0.195771,-0.142220,0.053477,-0.140124,-0.033197,0.154424,-0.358663,0.328345,-0.591669,0.604433,-0.058131,0.056056,0.281641,0.232869,-0.223455,0.303681,1.167270,0.187428,0.061763,-0.178907
3.490667,0.626054,0.755049,0.046722,0.005214,0.889484,0.454542,0.374019,-0.166376,-0.147299,0.151776,-0.328494,0.119066,-0.390566,-0.195383,-0.032955,0.122366,-0.131693,0.078807,-0.145472,-0.043390,0.151931,-0.360304,0.326900,-0.589809,0.592011,-0.053353,0.055427,0.281767,0.242893,-0.221187,0.299167,1.168852,0.187389,0.063180,-0.178697
3.486783,0.635563,0.752638,0.049344,0.009598,0.892492,0.448254,0.391157,-0.171926,-0.162891,0.148702,-0.327947,0.118673,-0.404064,-0.210073,-0.029820,0.118865,-0.151399,0.107528,-0.151463,-0.053950,0.149681,-0.361085,0.325603,-0.588696,0.580121,-0.048927,0.054286,0.281691,0.252877,-0.218942,0.294523,1.169162,0.185982,0.065493,-0.178396
3.482961,0.645212,0.750242,0.051790,0.013794,0.895483,0.441857,0.406374,-0.176501,-0.178230,0.149792,-0.328852,0.118128,-0.415239,-0.224557,-0.029064,0.116830,-0.167124,0.138880,-0.157235,-0.064133,0.147431,-0.361093,0.324215,-0.588364,0.568903,-0.044697,0.052858,0.281616,0.262402,-0.216408,0.289656,1.169008,0.183511,0.068369,-0.178039
3.479236,0.654827,0.747941,0.053430,0.017237,0.898173,0.436043,0.418128,-0.178773,-0.191445,0.156871,-0.332222,0.117214,-0.424159,-0.236447,-0.029669,0.116574,-0.178857,0.166412,-0.161754,-0.072068,0.144880,-0.360014,0.322807,-0.588499,0.558457,-0.040610,0.051300,0.281594,0.270886,-0.213943,0.285431,1.168900,0.180919,0.071141,-0.177759
3.475681,0.664419,0.745918,0.053929,0.019444,0.900393,0.431284,0.426245,-0.177875,-0.201431,0.169098,-0.337177,0.115991,-0.429229,-0.244083,-0.031170,0.116082,-0.185315,0.183990,-0.164547,-0.076392,0.142065,-0.357297,0.321741,-0.588664,0.548553,-0.036675,0.049802,0.281574,0.278180,-0.212176,0.282864,1.168823,0.179224,0.073198,-0.177623
3.472118,0.673838,0.744229,0.053269,0.020466,0.902115,0.427705,0.431061,-0.173950,-0.208185,0.185578,-0.343859,0.114582,-0.429701,-0.247622,-0.034061,0.116369,-0.188033,0.187814,-0.164726,-0.077428,0.138768,-0.353986,0.320469,-0.589752,0.540455,-0.032897,0.048279,0.281600,0.284166,-0.210279,0.281637,1.169464,0.178554,0.074044,-0.177903
3.468540,0.683502,0.742792,0.051546,0.020339,0.903485,0.425023,0.432833,-0.167149,-0.212237,0.206134,-0.352022,0.112932,-0.425644,-0.247113,-0.039073,0.116495,-0.186116,0.182081,-0.163394,-0.075141,0.135256,-0.349124,0.319540,-0.590996,0.532747,-0.029252,0.046704,0.281590,0.289139,-0.209055,0.281817,1.169984,0.178592,0.074210,-0.178313
3.464802,0.693308,0.741498,0.048620,0.019219,0.904612,0.423018,0.431083,-0.157638,-0.213761,0.231065,-0.360720,0.110816,-0.420267,-0.242175,-0.044682,0.117220,-0.177555,0.172787,-0.160524,-0.070007,0.130718,-0.343933,0.317977,-0.593058,0.527402,-0.025724,0.045220,0.281701,0.292591,-0.207358,0.282748,1.171482,0.178755,0.074124,-0.179021
3.461166,0.703308,0.740565,0.044373,0.017279,0.905579,0.421497,0.425494,-0.145556,-0.212978,0.260254,-0.368721,0.108055,-0.416419,-0.232717,-0.049459,0.118447,-0.159977,0.165908,-0.157286,-0.061866,0.124861,-0.337196,0.316227,-0.594654,0.523147,-0.022121,0.044066,0.281776,0.294286,-0.205978,0.284623,1.173568,0.178711,0.074454,-0.179748
3.457477,0.713252,0.740008,0.038342,0.014355,0.906366,0.420505,0.415760,-0.129788,-0.209811,0.292494,-0.375804,0.104458,-0.414406,-0.217993,-0.053649,0.119233,-0.128203,0.162385,-0.153700,-0.049953,0.117280,-0.328643,0.314585,-0.595595,0.519152,-0.018177,0.043446,0.281746,0.294238,-0.205089,0.287436,1.175828,0.178334,0.075341,-0.180559
3.453591,0.723475,0.739677,0.030682,0.010343,0.906917,0.420064,0.402487,-0.110172,-0.204606,0.327564,-0.382234,0.100144,-0.412972,-0.198325,-0.057872,0.120010,-0.085029,0.159095,-0.149444,-0.034319,0.108302,-0.318433,0.313103,-0.596228,0.515571,-0.014099,0.043215,0.281638,0.292598,-0.204635,0.291251,1.178244,0.177846,0.076487,-0.181463
3.449841,0.733553,0.739651,0.022608,0.005754,0.907320,0.419792,0.387900,-0.089128,-0.198800,0.364722,-0.385994,0.095762,-0.412348,-0.176613,-0.061087,0.123302,-0.040503,0.156269,-0.145074,-0.017200,0.098853,-0.307012,0.311303,-0.596806,0.514032,-0.010546,0.043044,0.281510,0.289639,-0.204573,0.296334,1.181212,0.177547,0.077854,-0.182236
3.446001,0.743842,0.739598,0.015374,0.001166,0.907685,0.419369,0.374069,-0.069303,-0.193574,0.403370,-0.385163,0.092047,-0.432121,-0.156728,-0.059189,0.172333,-0.026280,0.154325,-0.140994,-0.000930,0.090095,-0.294377,0.309340,-0.597749,0.515154,-0.008367,0.042638,0.281463,0.285868,-0.205034,0.302598,1.184666,0.177592,0.079441,-0.182520
3.441889,0.754248,0.739456,0.008980,-0.003280,0.908022,0.418814,0.361226,-0.051015,-0.189428,0.443365,-0.380257,0.089889,-0.446663,-0.136691,-0.054770,0.212448,-0.013743,0.153158,-0.137190,0.014328,0.081339,-0.280475,0.307050,-0.599558,0.519163,-0.007848,0.041699,0.281734,0.281529,-0.206063,0.310490,1.189096,0.178510,0.081236,-0.182280
3.437488,0.764665,0.739510,0.002932,-0.007814,0.908273,0.418294,0.348292,-0.033063,-0.185724,0.484978,-0.371929,0.089009,-0.458762,-0.115533,-0.048238,0.248975,-0.001728,0.152904,-0.133327,0.029477,0.072338,-0.265359,0.304463,-0.602044,0.525618,-0.008568,0.040464,0.282210,0.276377,-0.207594,0.319756,1.194260,0.180015,0.083253,-0.181652
3.432923,0.775157,0.739889,-0.002334,-0.012469,0.908444,0.417814,0.334991,-0.015800,-0.181561,0.528923,-0.358761,0.088457,-0.466440,-0.094944,-0.043171,0.280466,0.008343,0.154618,-0.129511,0.044080,0.064672,-0.249449,0.301444,-0.604227,0.534962,-0.010110,0.039379,0.282432,0.269973,-0.209578,0.329707,1.199443,0.181234,0.085497,-0.180619
3.428252,0.785401,0.740374,-0.006402,-0.017296,0.908539,0.417393,0.321084,0.000437,-0.175985,0.576042,-0.339360,0.087230,-0.467568,-0.076789,-0.043013,0.305092,0.015167,0.159031,-0.125826,0.057783,0.059917,-0.233138,0.297812,-0.605101,0.547642,-0.012045,0.038889,0.281957,0.261934,-0.211960,0.339616,1.203899,0.181261,0.087975,-0.179156
3.423526,0.795416,0.741134,-0.008956,-0.022487,0.908451,0.417289,0.306978,0.015277,-0.168447,0.627957,-0.312655,0.087025,-0.460226,-0.061763,-0.049501,0.321125,0.018319,0.168855,-0.122305,0.070736,0.058868,-0.215457,0.293291,-0.603413,0.564179,-0.013844,0.038413,0.280370,0.251685,-0.214760,0.350030,1.208274,0.179479,0.091151,-0.176906
3.418750,0.805304,0.742024,-0.010338,-0.027976,0.908199,0.417474,0.292337,0.029202,-0.159376,0.684338,-0.279869,0.088051,-0.446369,-0.048794,-0.060053,0.330663,0.018222,0.182526,-0.118871,0.083227,0.060401,-0.196573,0.287789,-0.599972,0.584371,-0.015787,0.037936,0.278014,0.239628,-0.218004,0.361179,1.212786,0.176513,0.094865,-0.173984
3.414019,0.814874,0.743111,-0.011059,-0.033380,0.907980,0.417536,0.276069,0.042891,-0.149436,0.743068,-0.243116,0.087001,-0.429579,-0.037213,-0.071667,0.337392,0.014856,0.194411,-0.115387,0.094949,0.063347,-0.178590,0.281522,-0.596947,0.607581,-0.018680,0.038749,0.275610,0.226856,-0.221610,0.371748,1.216024,0.173291,0.098178,-0.171103
3.409425,0.824164,0.744290,-0.011589,-0.038311,0.908004,0.417046,0.257028,0.056761,-0.139569,0.802476,-0.204611,0.080473,-0.413258,-0.026325,-0.081469,0.344575,0.008205,0.198979,-0.111645,0.105461,0.066642,-0.163600,0.274919,-0.596591,0.633126,-0.023374,0.042160,0.273906,0.214413,-0.225421,0.380275,1.216559,0.170713,0.100154,-0.169012
3.405023,0.833223,0.745604,-0.011958,-0.042635,0.908333,0.415897,0.234585,0.070745,-0.130101,0.863887,-0.161882,0.063815,-0.398127,-0.015880,-0.088608,0.353049,-0.003188,0.193691,-0.107548,0.114377,0.070352,-0.152033,0.268299,-0.599398,0.661341,-0.030583,0.049495,0.273308,0.202533,-0.229266,0.385853,1.213444,0.168234,0.100642,-0.167785
3.400779,0.842110,0.747045,-0.011885,-0.046532,0.908861,0.414325,0.209304,0.084071,-0.121101,0.928702,-0.115205,0.040047,-0.382302,-0.006058,-0.094568,0.360748,-0.018656,0.181878,-0.103127,0.121790,0.075037,-0.142618,0.261759,-0.604293,0.692167,-0.039782,0.059742,0.273454,0.190598,-0.233089,0.389300,1.207710,0.165564,0.100096,-0.167106
3.396658,0.850841,0.748551,-0.011403,-0.050100,0.909559,0.412387,0.181883,0.096474,-0.112826,0.995079,-0.070790,0.017224,-0.365452,0.003143,-0.100081,0.366913,-0.035207,0.166804,-0.098462,0.128014,0.080418,-0.134898,0.255478,-0.611117,0.724362,-0.050018,0.070703,0.273922,0.178289,-0.236975,0.391789,1.200914,0.164026,0.098480,-0.167148
3.392593,0.859292,0.750142,-0.010579,-0.053481,0.910396,0.410131,0.153083,0.108566,-0.104888,1.060473,-0.034452,0.003751,-0.347055,0.011612,-0.106011,0.370452,-0.049916,0.151821,-0.093668,0.133485,0.086222,-0.128417,0.249670,-0.619716,0.756590,-0.060353,0.080190,0.274222,0.165334,-0.241085,0.394496,1.194513,0.164953,0.095755,-0.168052
3.388591,0.867701,0.751827,-0.009426,-0.056880,0.911459,0.407330,0.121999,0.121983,-0.096856,1.125881,-0.004992,0.002722,-0.326672,0.019394,-0.113048,0.371120,-0.062579,0.136375,-0.089144,0.138523,0.092775,-0.123737,0.244569,-0.630974,0.789154,-0.071479,0.087928,0.274708,0.151830,-0.245493,0.397454,1.188077,0.169399,0.091301,-0.169905
3.384660,0.875838,0.753519,-0.007954,-0.060243,0.912724,0.404033,0.088608,0.137112,-0.088612,1.191810,0.019859,0.010046,-0.304491,0.026642,-0.120626,0.369202,-0.074573,0.119191,-0.084783,0.142987,0.100185,-0.120687,0.240272,-0.644582,0.822192,-0.083668,0.094996,0.275454,0.137882,-0.250204,0.400184,1.180948,0.176417,0.085333,-0.172551
3.380707,0.883679,0.755171,-0.006248,-0.063338,0.913992,0.400708,0.055078,0.152786,-0.079923,1.254663,0.035918,0.023059,-0.281324,0.033251,-0.127813,0.365170,-0.085634,0.102621,-0.079974,0.146752,0.107843,-0.117730,0.236724,-0.658527,0.854088,-0.095294,0.101277,0.275459,0.123261,-0.255256,0.403203,1.174174,0.184364,0.079094,-0.175756
3.376750,0.891276,0.756842,-0.004371,-0.065866,0.915093,0.397804,0.023741,0.166999,-0.070609,1.310721,0.039084,0.038367,-0.257747,0.038966,-0.133737,0.359079,-0.095279,0.088997,-0.074233,0.149565,0.115084,-0.113329,0.233812,-0.670678,0.883333,-0.104647,0.106666,0.273701,0.107619,-0.260762,0.407184,1.168931,0.191652,0.073835,-0.179327
3.372666,0.898793,0.758619,-0.002206,-0.067661,0.916003,0.395419,-0.004229,0.178689,-0.060048,1.359041,0.023164,0.056192,-0.233853,0.043343,-0.138259,0.351300,-0.103555,0.078860,-0.067395,0.151144,0.121917,-0.107377,0.231459,-0.681012,0.910125,-0.111132,0.110720,0.269021,0.090765,-0.266830,0.412797,1.165469,0.198844,0.069589,-0.183821
3.368463,0.906286,0.760404,0.000251,-0.068843,0.916827,0.393306,-0.030059,0.187928,-0.048753,1.401587,-0.008002,0.076727,-0.209431,0.046394,-0.141917,0.341893,-0.110759,0.071015,-0.059841,0.151647,0.128636,-0.100618,0.229666,-0.690355,0.935114,-0.115649,0.113654,0.262205,0.072874,-0.273461,0.419710,1.163202,0.206507,0.065732,-0.189111
3.364286,0.913420,0.762102,0.002778,-0.069508,0.917604,0.391362,-0.055055,0.194066,-0.038045,1.438831,-0.043044,0.096282,-0.184870,0.048416,-0.144916,0.331130,-0.117195,0.065170,-0.051976,0.151449,0.134987,-0.092718,0.228427,-0.697833,0.957398,-0.118660,0.116338,0.255134,0.054309,-0.280548,0.427076,1.161704,0.213076,0.062756,-0.194047
3.359930,0.920396,0.763831,0.005140,-0.069787,0.918368,0.389492,-0.080647,0.197230,-0.028765,1.471185,-0.070442,0.111908,-0.160524,0.049805,-0.147450,0.319164,-0.123109,0.061018,-0.044248,0.150927,0.140720,-0.083317,0.227756,-0.702528,0.976089,-0.120626,0.119636,0.249705,0.035252,-0.287984,0.434094,1.160832,0.216994,0.061105,-0.197509
3.355627,0.927275,0.765520,0.007224,-0.069567,0.919163,0.387617,-0.107829,0.197473,-0.020474,1.498556,-0.086850,0.123462,-0.136359,0.050360,-0.149634,0.305267,-0.128208,0.059138,-0.036866,0.149955,0.145637,-0.072188,0.227624,-0.704044,0.990825,-0.120992,0.124079,0.246217,0.015411,-0.295705,0.440698,1.160978,0.216862,0.061451,-0.199282
3.351104,0.934240,0.767211,0.009166,-0.068822,0.919962,0.385809,-0.135767,0.194728,-0.012484,1.520712,-0.098147,0.132282,-0.112331,0.049909,-0.151439,0.289801,-0.132585,0.059476,-0.029580,0.148344,0.149918,-0.059548,0.228013,-0.702883,1.002127,-0.119720,0.129084,0.243716,-0.005319,-0.303713,0.447343,1.162244,0.213833,0.063376,-0.199964
3.346682,0.941006,0.768699,0.011103,-0.067852,0.920686,0.384201,-0.163118,0.189721,-0.004807,1.537752,-0.106876,0.138517,-0.088195,0.049087,-0.152809,0.273401,-0.136420,0.060742,-0.022162,0.146466,0.153912,-0.045641,0.228981,-0.699481,1.010309,-0.118066,0.133848,0.242214,-0.026379,-0.311994,0.453963,1.163927,0.210195,0.065700,-0.199639
3.342322,0.947704,0.770098,0.013167,-0.066964,0.921257,0.382921,-0.188573,0.183092,0.002343,1.549808,-0.115616,0.142215,-0.063761,0.048549,-0.153665,0.256821,-0.139951,0.061612,-0.014376,0.144728,0.157978,-0.030702,0.230643,-0.694311,1.015622,-0.117327,0.137574,0.241735,-0.047191,-0.320519,0.460428,1.165287,0.208200,0.067241,-0.198406
3.337982,0.954484,0.771328,0.015449,-0.066240,0.921669,0.381968,-0.211847,0.174552,0.008693,1.556709,-0.124290,0.143396,-0.038596,0.048484,-0.153992,0.239775,-0.143039,0.061789,-0.006226,0.143199,0.162275,-0.014377,0.233122,-0.687090,1.017411,-0.117492,0.140209,0.242739,-0.067667,-0.329282,0.466555,1.166243,0.208630,0.067651,-0.195718
3.333374,0.961148,0.772490,0.017854,-0.065532,0.921960,0.381282,-0.233721,0.163995,0.014401,1.558401,-0.131740,0.142037,-0.012940,0.048558,-0.153855,0.222107,-0.145655,0.061899,0.002143,0.141707,0.166659,0.003504,0.236444,-0.677646,1.015462,-0.118023,0.142142,0.245048,-0.088137,-0.338289,0.472484,1.167118,0.210209,0.067574,-0.191714
3.328716,0.968032,0.773479,0.020234,-0.064820,0.922118,0.380903,-0.254473,0.152348,0.019793,1.555247,-0.139018,0.138171,0.012430,0.048685,-0.153259,0.204622,-0.148246,0.061996,0.010788,0.140327,0.171003,0.022398,0.240529,-0.666581,1.010779,-0.119352,0.143234,0.247730,-0.108658,-0.347518,0.478550,1.167784,0.212138,0.067326,-0.187535
3.323970,0.974779,0.774381,0.022449,-0.064057,0.922133,0.380871,-0.274318,0.140520,0.025226,1.547554,-0.147148,0.131878,0.036871,0.048746,-0.152194,0.187863,-0.151138,0.062152,0.019803,0.139064,0.175141,0.041655,0.245210,-0.654577,1.004560,-0.121925,0.143339,0.249867,-0.129282,-0.356957,0.485039,1.168161,0.213587,0.067205,-0.184324
3.319281,0.981393,0.775072,0.024553,-0.063232,0.921963,0.381292,-0.293072,0.127978,0.030348,1.535011,-0.156892,0.121792,0.060225,0.048644,-0.150509,0.172274,-0.154586,0.062315,0.029514,0.137947,0.179111,0.061147,0.250344,-0.641544,0.996861,-0.126231,0.142205,0.251144,-0.150067,-0.366646,0.492064,1.168279,0.214330,0.067344,-0.182421
3.314523,0.987840,0.775570,0.026590,-0.062382,0.921622,0.382119,-0.310689,0.114822,0.035047,1.517514,-0.167666,0.108616,0.082903,0.048496,-0.148247,0.157379,-0.158335,0.062421,0.039808,0.137012,0.182960,0.081169,0.255839,-0.627227,0.987287,-0.131897,0.139967,0.252060,-0.170960,-0.376594,0.499449,1.168136,0.214805,0.067564,-0.181202
3.309937,0.994353,0.775808,0.028403,-0.061531,0.921190,0.383166,-0.327596,0.102742,0.040011,1.495747,-0.178418,0.095384,0.104936,0.048448,-0.145683,0.142632,-0.162006,0.062579,0.050208,0.136240,0.186512,0.101592,0.261568,-0.612160,0.976498,-0.138078,0.137061,0.252927,-0.191723,-0.386661,0.506925,1.167500,0.215194,0.067699,-0.180376
3.305186,1.000835,0.775994,0.029837,-0.060684,0.920751,0.384247,-0.344181,0.093185,0.045939,1.470404,-0.187971,0.084922,0.126326,0.048592,-0.143085,0.127531,-0.165247,0.062938,0.060270,0.135530,0.189535,0.122208,0.267386,-0.596920,0.965296,-0.143927,0.133915,0.254082,-0.212174,-0.396636,0.514174,1.166321,0.215671,0.067552,-0.179677
3.300341,1.007282,0.776079,0.030879,-0.059832,0.920297,0.385383,-0.360488,0.085614,0.052327,1.441251,-0.196306,0.077415,0.141811,0.048093,-0.140652,0.123167,-0.173893,0.063927,0.070049,0.134779,0.191928,0.143052,0.273203,-0.581319,0.953646,-0.149342,0.130373,0.255727,-0.232516,-0.406464,0.521415,1.164936,0.216347,0.066980,-0.179066
3.295516,1.013652,0.776004,0.031601,-0.058958,0.919793,0.386660,-0.376240,0.079476,0.058985,1.408074,-0.203908,0.071487,0.154876,0.047425,-0.138093,0.122312,-0.184172,0.065359,0.079760,0.133988,0.193749,0.164114,0.278956,-0.565221,0.941460,-0.154735,0.126281,0.257646,-0.252808,-0.416128,0.528642,1.163426,0.217075,0.066090,-0.178706
3.290664,1.020025,0.775863,0.031978,-0.058033,0.919285,0.387975,-0.391180,0.075863,0.067179,1.371326,-0.210364,0.067365,0.167164,0.046825,-0.135480,0.121511,-0.194298,0.066580,0.089212,0.133084,0.194951,0.185015,0.284530,-0.549296,0.929634,-0.160027,0.122070,0.259589,-0.272764,-0.425504,0.535274,1.161471,0.217686,0.065139,-0.178666
3.285817,1.026454,0.775548,0.032070,-0.056901,0.918816,0.389245,-0.405137,0.075510,0.078428,1.331767,-0.215294,0.065127,0.178637,0.046005,-0.132917,0.121004,-0.204356,0.066953,0.098284,0.131738,0.195527,0.205247,0.289780,-0.534273,0.919206,-0.165159,0.118159,0.261325,-0.292049,-0.434415,0.540583,1.158802,0.217901,0.064376,-0.179032
3.280963,1.032823,0.775043,0.031771,-0.055653,0.918394,0.390443,-0.418208,0.079447,0.093708,1.289568,-0.218493,0.065159,0.189200,0.045240,-0.130398,0.120639,-0.214186,0.066125,0.106882,0.130170,0.195325,0.224623,0.294653,-0.520321,0.910420,-0.170442,0.114280,0.262882,-0.310825,-0.442776,0.544483,1.155702,0.217639,0.063870,-0.180249
3.276013,1.039182,0.774464,0.031071,-0.054422,0.918010,0.391575,-0.430199,0.086576,0.112063,1.244356,-0.220207,0.066801,0.198641,0.044700,-0.127971,0.121098,-0.224208,0.064528,0.114988,0.128613,0.194375,0.243272,0.299139,-0.507106,0.902999,-0.175791,0.110321,0.264385,-0.329264,-0.450610,0.547281,1.152449,0.217002,0.063469,-0.182162
3.270921,1.045602,0.773817,0.030095,-0.053129,0.917672,0.392619,-0.440472,0.094554,0.132157,1.195367,-0.220410,0.068646,0.207562,0.044166,-0.125768,0.121541,-0.234122,0.062744,0.122653,0.126850,0.192775,0.261110,0.303200,-0.494587,0.897207,-0.180560,0.106938,0.265783,-0.347123,-0.457906,0.548958,1.148825,0.216137,0.063084,-0.183945
3.265762,1.051955,0.773060,0.028948,-0.051775,0.917394,0.393536,-0.448513,0.101351,0.152395,1.141878,-0.219100,0.069455,0.216275,0.043526,-0.123987,0.121955,-0.244112,0.061343,0.129908,0.124832,0.190655,0.278022,0.306769,-0.482743,0.893346,-0.184106,0.104785,0.267043,-0.364111,-0.464642,0.549428,1.144593,0.215133,0.062627,-0.184778
3.260529,1.058389,0.772262,0.027574,-0.050238,0.917216,0.394248,-0.454443,0.107011,0.172906,1.083363,-0.215772,0.069656,0.224557,0.042574,-0.122899,0.122386,-0.254350,0.060498,0.136584,0.122269,0.187840,0.293958,0.309822,-0.471340,0.891631,-0.185615,0.104051,0.268056,-0.380219,-0.470784,0.548249,1.139771,0.214125,0.062075,-0.184132
3.255220,1.064811,0.771363,0.025941,-0.048548,0.917118,0.394798,-0.458398,0.112121,0.194476,1.020124,-0.210517,0.069506,0.232331,0.041408,-0.122337,0.122831,-0.264699,0.059959,0.142682,0.119272,0.184320,0.308942,0.312387,-0.460437,0.891905,-0.185628,0.104380,0.268902,-0.395615,-0.476337,0.545616,1.134567,0.213046,0.061470,-0.182555
3.249818,1.071226,0.770300,0.024203,-0.046943,0.917013,0.395345,-0.459972,0.115820,0.216272,0.952535,-0.204198,0.067799,0.240093,0.040361,-0.121823,0.123245,-0.274910,0.059642,0.148472,0.116377,0.180458,0.322970,0.314477,-0.450434,0.893921,-0.185544,0.105607,0.269823,-0.410413,-0.481410,0.542510,1.129124,0.211642,0.060810,-0.180834
3.244247,1.077609,0.769153,0.022514,-0.045666,0.916817,0.396048,-0.458840,0.117526,0.237312,0.880895,-0.197592,0.063529,0.248336,0.039784,-0.120858,0.123642,-0.284765,0.059414,0.154258,0.114169,0.176627,0.336006,0.316078,-0.441758,0.897446,-0.186755,0.107563,0.271063,-0.424664,-0.486145,0.539918,1.123458,0.209702,0.060103,-0.179747
3.238561,1.083989,0.767880,0.020953,-0.044725,0.916511,0.396950,-0.454486,0.116722,0.256699,0.803047,-0.190936,0.056783,0.257232,0.039621,-0.119369,0.124012,-0.294424,0.059135,0.160121,0.112707,0.172946,0.347867,0.317184,-0.434750,0.902879,-0.189777,0.110452,0.272921,-0.438364,-0.490618,0.537884,1.117431,0.206911,0.059499,-0.179376
3.232719,1.090413,0.766484,0.019421,-0.044041,0.916129,0.397984,-0.447133,0.114247,0.274917,0.719003,-0.183582,0.048376,0.266537,0.039801,-0.117548,0.124378,-0.303956,0.058875,0.165947,0.111835,0.169223,0.358593,0.317816,-0.429129,0.910194,-0.193811,0.114268,0.275208,-0.451477,-0.494854,0.536037,1.110991,0.203564,0.058959,-0.179332
3.226838,1.096679,0.764952,0.017833,-0.043718,0.915652,0.399190,-0.437370,0.111499,0.293196,0.631836,-0.174744,0.038396,0.276132,0.040590,-0.115204,0.124673,-0.312877,0.058764,0.171842,0.111761,0.165386,0.368502,0.317970,-0.424372,0.918508,-0.198259,0.118535,0.277436,-0.463773,-0.498876,0.534341,1.104068,0.199950,0.058229,-0.179677
3.220819,1.103125,0.763272,0.016088,-0.043892,0.915054,0.400612,-0.425863,0.109630,0.312850,0.544690,-0.163587,0.026641,0.285878,0.042345,-0.112139,0.124891,-0.320744,0.058926,0.177918,0.112783,0.161346,0.377902,0.317623,-0.419963,0.926955,-0.202525,0.122779,0.279101,-0.475149,-0.502700,0.533012,1.096697,0.196655,0.057052,-0.180479
3.214668,1.109563,0.761423,0.014101,-0.044887,0.914248,0.402413,-0.411636,0.108668,0.334995,0.454348,-0.147950,0.010490,0.295837,0.045854,-0.107999,0.125041,-0.327584,0.059279,0.184477,0.115624,0.157007,0.386742,0.316776,-0.416177,0.935926,-0.206712,0.126933,0.279898,-0.485682,-0.506318,0.532233,1.088926,0.193854,0.055188,-0.181898
3.208328,1.116013,0.759462,0.011930,-0.046834,0.913155,0.404738,-0.393740,0.108369,0.358814,0.358350,-0.127809,-0.009196,0.306276,0.051316,-0.102396,0.125059,-0.333504,0.059642,0.191813,0.120550,0.152467,0.395024,0.315434,-0.413149,0.945570,-0.211039,0.131239,0.280162,-0.495490,-0.509736,0.531929,1.080787,0.191240,0.052849,-0.183819
3.201962,1.122296,0.757379,0.009660,-0.049644,0.911771,0.407573,-0.373529,0.109393,0.382862,0.262412,-0.106159,-0.027833,0.317260,0.058336,-0.095117,0.124972,-0.338251,0.059977,0.199961,0.127315,0.147889,0.403185,0.313544,-0.410153,0.954653,-0.215069,0.135694,0.280340,-0.504490,-0.512991,0.531916,1.072278,0.188655,0.050441,-0.185891
3.195490,1.128542,0.755185,0.007386,-0.052913,0.910212,0.410682,-0.352957,0.111567,0.405845,0.173121,-0.086245,-0.040981,0.328676,0.065847,-0.086517,0.124804,-0.341615,0.060390,0.208484,0.135013,0.143386,0.411513,0.311023,-0.406448,0.962074,-0.218354,0.140288,0.280866,-0.512524,-0.516116,0.531901,1.063327,0.185851,0.048375,-0.187790
3.188859,1.134717,0.753061,0.005059,-0.056217,0.908613,0.413808,-0.347434,0.120591,0.426427,0.124426,-0.087211,-0.046432,0.340054,0.072872,-0.077268,0.124600,-0.343766,0.061076,0.216790,0.142890,0.138818,0.419959,0.307681,-0.401736,0.967842,-0.220646,0.145568,0.281760,-0.519474,-0.519128,0.531591,1.053624,0.182431,0.046780,-0.189591
3.181973,1.140939,0.751036,0.002686,-0.059359,0.907068,0.416769,-0.359532,0.137329,0.444427,0.121263,-0.111323,-0.047424,0.351287,0.079110,-0.067962,0.124394,-0.344851,0.062191,0.224515,0.150525,0.134118,0.428073,0.303499,-0.396455,0.972784,-0.222192,0.151327,0.282826,-0.525667,-0.522058,0.531554,1.043426,0.179028,0.045419,-0.191472
3.174904,1.147055,0.749161,0.000464,-0.061903,0.905795,0.419170,-0.368808,0.150754,0.461062,0.118101,-0.132018,-0.047072,0.362549,0.083759,-0.059597,0.124173,-0.344677,0.063944,0.230980,0.156783,0.129470,0.435431,0.298688,-0.391012,0.977083,-0.223335,0.156430,0.284146,-0.530439,-0.524754,0.531195,1.032658,0.175480,0.044154,-0.193306
3.167790,1.153338,0.747404,-0.001453,-0.063598,0.904952,0.420731,-0.374371,0.159614,0.475179,0.114973,-0.146679,-0.048217,0.374082,0.086393,-0.052873,0.123925,-0.343029,0.066477,0.235772,0.160794,0.125077,0.441910,0.293826,-0.385771,0.980510,-0.224478,0.159780,0.285769,-0.533446,-0.526947,0.530231,1.021556,0.171994,0.042820,-0.194979
3.160547,1.159627,0.745875,-0.002796,-0.064558,0.904563,0.421415,-0.375862,0.164433,0.486265,0.114863,-0.156990,-0.053015,0.386590,0.087036,-0.047792,0.123660,-0.340210,0.069749,0.238788,0.162488,0.121496,0.448041,0.289346,-0.380567,0.982258,-0.225615,0.161041,0.288120,-0.534733,-0.528523,0.528813,1.010175,0.169036,0.041218,-0.196374
3.153242,1.166146,0.744438,-0.003828,-0.065209,0.904453,0.421542,-0.372859,0.166249,0.495051,0.114724,-0.162529,-0.059095,0.399689,0.086757,-0.043574,0.123386,-0.336088,0.073495,0.240468,0.163163,0.118385,0.453747,0.284563,-0.375163,0.982798,-0.226468,0.160781,0.291079,-0.534679,-0.529750,0.527353,0.998516,0.166493,0.039516,-0.197509
3.145897,1.172875,0.743056,-0.004784,-0.065043,0.904850,0.420706,-0.368042,0.164186,0.501183,0.114522,-0.162137,-0.061988,0.411897,0.084942,-0.041548,0.124277,-0.330836,0.077907,0.240124,0.161852,0.115271,0.458482,0.279832,-0.370055,0.982717,-0.227423,0.159432,0.293677,-0.533010,-0.530419,0.525188,0.986695,0.163571,0.037957,-0.198684
3.138549,1.179222,0.742306,-0.005900,-0.062867,0.905906,0.418744,-0.365472,0.156924,0.505217,0.116722,-0.156163,-0.057156,0.422053,0.079472,-0.042810,0.125509,-0.323491,0.083473,0.237724,0.156070,0.111444,0.461697,0.275825,-0.365700,0.982460,-0.228895,0.157449,0.294863,-0.529428,-0.530410,0.521643,0.974709,0.159659,0.036798,-0.200202
3.131171,1.185709,0.741798,-0.007426,-0.058165,0.907695,0.415512,-0.365101,0.142773,0.506896,0.119170,-0.139897,-0.041302,0.429214,0.069664,-0.048145,0.127323,-0.315214,0.090394,0.232771,0.144940,0.106331,0.463136,0.271813,-0.361355,0.982267,-0.230829,0.154458,0.294530,-0.523980,-0.529749,0.516803,0.962126,0.154258,0.036314,-0.201915
3.123674,1.192473,0.741391,-0.009152,-0.051404,0.910029,0.411244,-0.365406,0.122565,0.506730,0.121562,-0.114620,-0.017779,0.434209,0.056213,-0.056716,0.129846,-0.305904,0.098469,0.225651,0.129369,0.100281,0.463247,0.267856,-0.357028,0.981763,-0.233087,0.150389,0.293171,-0.517143,-0.528317,0.511265,0.949440,0.148048,0.036296,-0.203741
3.116065,1.199040,0.741271,-0.010784,-0.043718,0.912516,0.406555,-0.365573,0.099716,0.506178,0.123659,-0.086600,0.007903,0.427124,0.040240,-0.066839,0.156908,-0.305761,0.107163,0.217760,0.111878,0.093894,0.461988,0.264351,-0.354118,0.981602,-0.235557,0.145998,0.290864,-0.508464,-0.526070,0.504540,0.937198,0.141097,0.036378,-0.205908
3.108306,1.205221,0.741395,-0.012016,-0.036219,0.914830,0.402033,-0.364678,0.077636,0.506280,0.125430,-0.062658,0.030743,0.409956,0.023314,-0.075860,0.206945,-0.311584,0.115883,0.210436,0.094932,0.087877,0.458921,0.261361,-0.354003,0.982900,-0.238056,0.141980,0.287784,-0.498623,-0.523050,0.497258,0.926820,0.134540,0.036185,-0.208665
3.100398,1.211375,0.741622,-0.012960,-0.028412,0.916962,0.397750,-0.373269,0.061614,0.506866,0.151128,-0.056234,0.051670,0.392007,0.004876,-0.083919,0.259537,-0.313081,0.125235,0.203911,0.077554,0.081591,0.453899,0.258914,-0.357264,0.986125,-0.241209,0.138101,0.283606,-0.486901,-0.519237,0.488966,0.917575,0.127605,0.035649,-0.212330
3.092317,1.217769,0.741916,-0.013717,-0.019813,0.919012,0.393493,-0.382199,0.045002,0.508514,0.178561,-0.052810,0.073101,0.372521,-0.015919,-0.091367,0.315069,-0.311365,0.135192,0.197758,0.058610,0.074869,0.447069,0.257039,-0.363121,0.990599,-0.244921,0.134143,0.278347,-0.473662,-0.514657,0.479939,0.909333,0.120521,0.034974,-0.216675
3.084147,1.224253,0.742419,-0.013926,-0.011487,0.920951,0.389261,-0.386609,0.027531,0.510356,0.200034,-0.049768,0.091836,0.352202,-0.036708,-0.096192,0.373556,-0.304591,0.144306,0.191944,0.040270,0.069196,0.438395,0.255672,-0.370877,0.995848,-0.247922,0.130824,0.272673,-0.459393,-0.509259,0.470120,0.902957,0.114149,0.034202,-0.221145
3.075939,1.230509,0.743115,-0.013239,-0.004542,0.922787,0.385056,-0.385480,0.011056,0.511000,0.216717,-0.048920,0.104352,0.331783,-0.054863,-0.096621,0.434907,-0.290928,0.151270,0.186466,0.024796,0.066057,0.427882,0.254684,-0.379843,1.001472,-0.248922,0.128835,0.267271,-0.444313,-0.502929,0.459202,0.899124,0.109069,0.033354,-0.225200
3.067778,1.236598,0.743969,-0.011368,0.000585,0.924617,0.380728,-0.377572,-0.004273,0.509566,0.228099,-0.051199,0.107002,0.312084,-0.069246,-0.092141,0.499496,-0.268241,0.155677,0.181392,0.013018,0.066193,0.414647,0.254064,-0.391375,1.008958,-0.247848,0.128538,0.261502,-0.427982,-0.495359,0.446131,0.898390,0.105394,0.032074,-0.229458
3.059776,1.242608,0.744931,-0.008587,0.004493,0.926480,0.376219,-0.364262,-0.019219,0.506323,0.234843,-0.055903,0.102438,0.292578,-0.080863,-0.084270,0.566890,-0.237849,0.158567,0.176596,0.003629,0.068640,0.398962,0.253783,-0.405448,1.018122,-0.245319,0.129493,0.255271,-0.410670,-0.486473,0.431381,0.900464,0.102812,0.030444,-0.234004
3.051992,1.248417,0.746105,-0.005377,0.007559,0.928304,0.371707,-0.348132,-0.033617,0.501699,0.238846,-0.061824,0.096527,0.271925,-0.090177,-0.074325,0.635988,-0.203261,0.160751,0.171743,-0.004120,0.072427,0.382591,0.253597,-0.419147,1.026098,-0.240986,0.131159,0.250124,-0.393951,-0.476659,0.417262,0.904988,0.101444,0.029130,-0.237501
3.044241,1.254039,0.747385,-0.002197,0.010148,0.930003,0.367405,-0.331755,-0.047261,0.496194,0.242037,-0.067661,0.095114,0.248739,-0.097843,-0.063380,0.706107,-0.168164,0.162769,0.166406,-0.010837,0.076687,0.367180,0.253151,-0.429382,1.030095,-0.234427,0.132965,0.247647,-0.379673,-0.466625,0.406641,0.911812,0.101902,0.028797,-0.238590
3.036577,1.259330,0.748692,0.000865,0.012144,0.931563,0.363377,-0.315646,-0.059959,0.489606,0.244895,-0.073299,0.100212,0.221877,-0.103687,-0.051131,0.779444,-0.130755,0.166245,0.160418,-0.016019,0.081542,0.352975,0.252000,-0.434794,1.029314,-0.223285,0.135724,0.248823,-0.367880,-0.456784,0.399944,0.921046,0.105315,0.029946,-0.236730
3.029020,1.264408,0.750058,0.004051,0.013355,0.933040,0.359503,-0.298470,-0.071925,0.481747,0.246366,-0.079215,0.108613,0.192198,-0.107353,-0.037253,0.856217,-0.090253,0.170182,0.153833,-0.019220,0.087420,0.338834,0.249997,-0.437091,1.025755,-0.208406,0.139410,0.252644,-0.357707,-0.447181,0.396126,0.932664,0.111302,0.032158,-0.232710
3.021437,1.269288,0.751390,0.007410,0.014059,0.934451,0.355737,-0.279931,-0.083665,0.473189,0.245933,-0.085018,0.118346,0.161310,-0.109496,-0.022785,0.932848,-0.051879,0.171108,0.146667,-0.021163,0.093951,0.324337,0.247389,-0.437772,1.020681,-0.194195,0.142198,0.257748,-0.348843,-0.437994,0.395197,0.945708,0.117662,0.034743,-0.227124
3.013978,1.273888,0.752550,0.010994,0.014572,0.935805,0.352045,-0.259769,-0.095543,0.464505,0.243167,-0.090479,0.127378,0.130767,-0.110906,-0.008922,1.005732,-0.020792,0.165686,0.139035,-0.022694,0.100794,0.309270,0.244631,-0.438349,1.015010,-0.185068,0.142229,0.262790,-0.340966,-0.429466,0.397133,0.959145,0.122275,0.036982,-0.220519
3.006658,1.278450,0.753665,0.014959,0.014947,0.937053,0.348548,-0.237434,-0.107676,0.455922,0.237681,-0.095776,0.135888,0.100057,-0.110977,0.005274,1.075750,0.004058,0.150998,0.131057,-0.024053,0.108285,0.294130,0.241998,-0.438657,1.007850,-0.183268,0.138373,0.268346,-0.334241,-0.421922,0.402347,0.972721,0.124442,0.038860,-0.211975
2.999386,1.282843,0.754640,0.019237,0.015054,0.938213,0.345195,-0.213280,-0.119681,0.447017,0.230044,-0.101111,0.144742,0.068620,-0.109612,0.019577,1.144366,0.024839,0.129584,0.122749,-0.024893,0.116562,0.278991,0.239537,-0.438186,0.998684,-0.186106,0.131823,0.274754,-0.328346,-0.415477,0.410452,0.986575,0.125392,0.040718,-0.201472
2.992120,1.287254,0.755584,0.023531,0.014927,0.939387,0.341723,-0.188198,-0.131281,0.437406,0.220906,-0.106222,0.152858,0.037995,-0.108607,0.031395,1.208630,0.037827,0.106107,0.114187,-0.025193,0.124978,0.263038,0.237417,-0.438010,0.988923,-0.190640,0.124176,0.280345,-0.322347,-0.409974,0.420247,1.000342,0.125984,0.042343,-0.190893
2.984766,1.291754,0.756541,0.027540,0.014587,0.940666,0.337899,-0.162986,-0.142152,0.426768,0.210795,-0.110804,0.159134,0.009657,-0.109977,0.038612,1.265735,0.038869,0.085015,0.105554,-0.024949,0.132850,0.245508,0.235893,-0.439267,0.979923,-0.194015,0.117092,0.283490,-0.315324,-0.405152,0.430451,1.013716,0.127025,0.043514,-0.182144
2.977502,1.296319,0.757528,0.031356,0.013980,0.942025,0.333783,-0.136946,-0.152288,0.415276,0.198897,-0.114695,0.162645,-0.015272,-0.114039,0.041446,1.315188,0.021512,0.068438,0.097022,-0.024178,0.140389,0.226263,0.235220,-0.442445,0.971554,-0.196421,0.110665,0.283297,-0.307375,-0.400967,0.441482,1.026686,0.128640,0.043981,-0.175414
2.970459,1.300753,0.758457,0.035066,0.013100,0.943428,0.329459,-0.109934,-0.161692,0.403027,0.185293,-0.118145,0.164184,-0.037988,-0.119768,0.041425,1.358967,-0.010773,0.053854,0.088524,-0.022946,0.147831,0.205890,0.235439,-0.446977,0.962923,-0.199176,0.104177,0.280745,-0.298938,-0.397458,0.453655,1.039448,0.130381,0.043914,-0.169791
2.963466,1.305146,0.759386,0.038357,0.012052,0.944961,0.324702,-0.083634,-0.170182,0.389603,0.171758,-0.121404,0.165261,-0.060560,-0.127450,0.038401,1.397960,-0.047389,0.038482,0.079853,-0.021293,0.154553,0.184617,0.236422,-0.452452,0.954310,-0.201127,0.098089,0.277056,-0.289529,-0.394383,0.465532,1.051937,0.132249,0.043723,-0.165547
2.956720,1.309502,0.760320,0.040933,0.010967,0.946709,0.319291,-0.059756,-0.177625,0.374632,0.160164,-0.124695,0.167339,-0.085017,-0.137589,0.032135,1.432904,-0.077702,0.019313,0.070826,-0.019329,0.159924,0.162583,0.237980,-0.458494,0.946165,-0.201112,0.092834,0.273508,-0.278670,-0.391374,0.475658,1.064199,0.134193,0.043804,-0.162987
2.949942,1.313971,0.761298,0.042526,0.009943,0.948742,0.313021,-0.039179,-0.184103,0.357666,0.150798,-0.127745,0.170937,-0.112318,-0.151093,0.021610,1.463906,-0.099195,-0.004949,0.061235,-0.017126,0.163271,0.139448,0.240056,-0.465346,0.939001,-0.198598,0.088473,0.269848,-0.266152,-0.388190,0.484070,1.076590,0.136029,0.044106,-0.163075
2.943154,1.318347,0.762222,0.043371,0.008914,0.950986,0.306049,-0.020927,-0.189601,0.339079,0.142913,-0.130629,0.175146,-0.140996,-0.167670,0.007321,1.490595,-0.117696,-0.032567,0.051176,-0.014661,0.165070,0.115240,0.242633,-0.473134,0.932572,-0.194289,0.084768,0.265635,-0.252435,-0.384774,0.491471,1.089284,0.137780,0.044434,-0.165403
2.936347,1.322737,0.763121,0.043941,0.007776,0.953305,0.298696,-0.003790,-0.194092,0.319753,0.136420,-0.133913,0.179314,-0.169367,-0.186143,-0.009004,1.512714,-0.135182,-0.062322,0.040885,-0.011941,0.166395,0.090633,0.245560,-0.481224,0.926293,-0.188820,0.081697,0.261874,-0.238148,-0.381096,0.497523,1.102175,0.139670,0.044957,-0.168222
2.929459,1.327071,0.763986,0.044705,0.006415,0.955566,0.291296,0.013398,-0.197504,0.300571,0.131307,-0.138189,0.182821,-0.195930,-0.205068,-0.025566,1.530102,-0.153471,-0.092761,0.030610,-0.008947,0.168312,0.066223,0.248636,-0.488972,0.919684,-0.182796,0.079238,0.259583,-0.223857,-0.377140,0.501854,1.115072,0.141920,0.045862,-0.169779
2.922595,1.331341,0.764802,0.045701,0.004735,0.957749,0.283913,0.030694,-0.199668,0.281733,0.127854,-0.143786,0.185784,-0.220557,-0.224470,-0.042864,1.542734,-0.173273,-0.124510,0.020485,-0.005413,0.170962,0.041737,0.251749,-0.496562,0.913013,-0.175819,0.077555,0.258976,-0.209454,-0.372864,0.504213,1.128311,0.144829,0.046867,-0.170227
2.915785,1.335516,0.765498,0.046706,0.002802,0.959906,0.276389,0.047430,-0.200660,0.262853,0.126160,-0.150429,0.188436,-0.243728,-0.244527,-0.061763,1.550669,-0.193805,-0.157639,0.010370,-0.001382,0.173841,0.016877,0.254867,-0.504272,0.906613,-0.167711,0.076602,0.259538,-0.194692,-0.368234,0.504855,1.141827,0.148209,0.048002,-0.170309
2.909071,1.339580,0.766075,0.047792,0.000744,0.962028,0.268734,0.063857,-0.200758,0.243937,0.125683,-0.157707,0.190402,-0.265078,-0.263921,-0.081001,1.553783,-0.214358,-0.189801,0.000080,0.002684,0.177022,-0.007841,0.257942,-0.511526,0.900170,-0.159432,0.076044,0.261216,-0.180021,-0.363281,0.504151,1.155063,0.151464,0.049832,-0.169137
2.902311,1.343887,0.766568,0.049030,-0.001299,0.964103,0.260958,0.080233,-0.200266,0.224994,0.125892,-0.165211,0.191322,-0.284396,-0.281480,-0.099345,1.551922,-0.233952,-0.218801,-0.010591,0.006320,0.180564,-0.031885,0.260932,-0.517681,0.893346,-0.151914,0.075552,0.263958,-0.165941,-0.358069,0.502575,1.167468,0.154088,0.052932,-0.165822
2.895511,1.348136,0.767060,0.050594,-0.003415,0.966136,0.253002,0.097131,-0.199164,0.205880,0.126532,-0.172762,0.190808,-0.301106,-0.297807,-0.117666,1.544700,-0.252402,-0.244661,-0.021937,0.009593,0.184859,-0.055176,0.263837,-0.522374,0.885949,-0.145148,0.075224,0.268330,-0.152704,-0.352569,0.500061,1.179505,0.156726,0.057607,-0.159322
2.888614,1.352439,0.767500,0.052402,-0.005621,0.968121,0.244875,0.114346,-0.197554,0.186684,0.127821,-0.180610,0.189274,-0.315622,-0.311737,-0.134556,1.532255,-0.269951,-0.261800,-0.033776,0.012714,0.189749,-0.078011,0.266675,-0.525961,0.878231,-0.138705,0.075196,0.274166,-0.140069,-0.346736,0.496482,1.191311,0.159379,0.063494,-0.150375
2.881758,1.356507,0.767800,0.054138,-0.007665,0.970048,0.236680,0.131142,-0.195884,0.167675,0.129598,-0.188803,0.187549,-0.329505,-0.320575,-0.146017,1.515234,-0.285885,-0.261800,-0.045602,0.015417,0.194431,-0.100435,0.269436,-0.528866,0.870546,-0.132875,0.075154,0.280321,-0.127750,-0.340685,0.492222,1.201739,0.160562,0.070212,-0.140753
2.874956,1.360474,0.767915,0.055760,-0.008857,0.972081,0.227751,0.149542,-0.196227,0.147160,0.126476,-0.194304,0.186660,-0.343099,-0.327923,-0.155479,1.494873,-0.300442,-0.261800,-0.058590,0.016128,0.198381,-0.122459,0.272068,-0.531527,0.863204,-0.127967,0.074793,0.285642,-0.115400,-0.334654,0.487666,1.209626,0.158841,0.077317,-0.132155
2.868115,1.364610,0.767995,0.056888,-0.009683,0.974072,0.218755,0.166147,-0.196315,0.126850,0.124462,-0.200487,0.186210,-0.357802,-0.332144,-0.162416,1.470987,-0.313018,-0.261800,-0.071355,0.016125,0.201276,-0.144346,0.274586,-0.533874,0.856557,-0.124436,0.073731,0.290144,-0.102870,-0.328743,0.482127,1.214078,0.152340,0.086195,-0.124102
2.861350,1.368639,0.767981,0.057643,-0.010322,0.975992,0.209787,0.181028,-0.195856,0.106971,0.124170,-0.207601,0.185783,-0.373018,-0.333830,-0.167675,1.443150,-0.323639,-0.261800,-0.083761,0.015763,0.203457,-0.166087,0.277005,-0.535806,0.850367,-0.122001,0.072212,0.294339,-0.090185,-0.322961,0.475556,1.215651,0.142285,0.096530,-0.115880
2.854547,1.372822,0.767910,0.057938,-0.010922,0.977759,0.201274,0.193917,-0.194525,0.088395,0.125904,-0.215908,0.185312,-0.388375,-0.332812,-0.171822,1.411024,-0.331701,-0.261800,-0.094870,0.015457,0.204727,-0.187405,0.279260,-0.537632,0.844177,-0.119799,0.070799,0.297839,-0.077263,-0.317438,0.469332,1.215262,0.132044,0.105370,-0.108974
2.847634,1.377173,0.767817,0.057696,-0.011637,0.979304,0.193649,0.204687,-0.192055,0.071977,0.129666,-0.225467,0.184719,-0.403454,-0.328740,-0.175374,1.374205,-0.336566,-0.261800,-0.103780,0.015677,0.204912,-0.208029,0.281243,-0.539619,0.837552,-0.116983,0.070053,0.300254,-0.064014,-0.312377,0.464876,1.213820,0.125085,0.109851,-0.104981
2.840790,1.381493,0.767657,0.056839,-0.012495,0.980637,0.186985,0.213121,-0.188378,0.058027,0.135456,-0.236296,0.184195,-0.418429,-0.320938,-0.177755,1.332239,-0.337742,-0.261800,-0.110187,0.016612,0.203809,-0.228207,0.282871,-0.541948,0.830715,-0.113351,0.070338,0.301356,-0.050011,-0.308016,0.463024,1.210949,0.122658,0.108154,-0.105294
2.833941,1.385784,0.767462,0.055458,-0.013414,0.981821,0.181032,0.219565,-0.183816,0.045965,0.142880,-0.248163,0.183720,-0.433257,-0.309622,-0.178401,1.285267,-0.335687,-0.261800,-0.114676,0.018098,0.201625,-0.248004,0.284132,-0.544348,0.823825,-0.109319,0.071265,0.301395,-0.035333,-0.304431,0.462895,1.206225,0.122878,0.102220,-0.108751
2.826944,1.390223,0.767227,0.053723,-0.014405,0.982865,0.175735,0.224957,-0.178649,0.035265,0.150953,-0.260562,0.182907,-0.447151,-0.295672,-0.177890,1.233591,-0.331079,-0.261800,-0.117697,0.020078,0.198791,-0.266845,0.285033,-0.546397,0.816346,-0.104935,0.072262,0.300696,-0.020647,-0.301501,0.463254,1.200532,0.124471,0.094840,-0.113168
2.819925,1.394749,0.766874,0.051800,-0.015471,0.983779,0.171047,0.229857,-0.173112,0.025508,0.159465,-0.273425,0.181372,-0.459377,-0.279986,-0.176872,1.177488,-0.324595,-0.261800,-0.119694,0.022457,0.195725,-0.284135,0.285587,-0.547632,0.807746,-0.100220,0.072759,0.299589,-0.006685,-0.299066,0.462940,1.194802,0.126271,0.088805,-0.116390
2.812845,1.399259,0.766371,0.049635,-0.016728,0.984544,0.167120,0.234342,-0.166902,0.016813,0.168080,-0.286696,0.178688,-0.469985,-0.262055,-0.175040,1.116303,-0.315844,-0.261800,-0.120426,0.025423,0.192340,-0.299772,0.285818,-0.547700,0.797950,-0.095140,0.072635,0.297707,0.006317,-0.296997,0.462159,1.189211,0.128409,0.084427,-0.117977
2.805655,1.403550,0.765602,0.047524,-0.017237,0.985363,0.162801,0.241142,-0.162634,0.006714,0.171561,-0.297187,0.175906,-0.478889,-0.244681,-0.169552,1.051250,-0.305709,-0.253406,-0.121960,0.027023,0.188599,-0.313979,0.285789,-0.546829,0.787132,-0.089702,0.072196,0.295014,0.018774,-0.295466,0.461409,1.183239,0.131391,0.080387,-0.119006
2.798277,1.407835,0.764721,0.045386,-0.017412,0.986144,0.158608,0.248286,-0.159147,-0.003217,0.174169,-0.307216,0.173288,-0.485669,-0.227380,-0.160152,0.982130,-0.294418,-0.229445,-0.123158,0.028143,0.184559,-0.326962,0.285570,-0.545763,0.775611,-0.084036,0.071480,0.292426,0.030421,-0.293885,0.459783,1.177765,0.134479,0.076869,-0.119801
2.790886,1.412097,0.763733,0.043340,-0.017184,0.986915,0.154351,0.255729,-0.156546,-0.013108,0.176507,-0.316864,0.171287,-0.489807,-0.211440,-0.150231,0.909559,-0.282872,-0.204838,-0.124362,0.028406,0.180411,-0.338992,0.285164,-0.545340,0.763707,-0.078363,0.070551,0.290839,0.041250,-0.291916,0.456296,1.173244,0.136913,0.074174,-0.120641
2.783528,1.416296,0.762540,0.041391,-0.016469,0.987683,0.149993,0.263244,-0.155015,-0.022946,0.178985,-0.326414,0.170196,-0.491286,-0.196945,-0.139316,0.832587,-0.271228,-0.180243,-0.126219,0.027886,0.176415,-0.349300,0.284919,-0.544944,0.750184,-0.073043,0.069301,0.290638,0.051553,-0.290478,0.450960,1.168557,0.138686,0.072730,-0.121250
2.775849,1.420500,0.761164,0.039472,-0.015378,0.988426,0.145670,0.270818,-0.154222,-0.032610,0.181355,-0.335794,0.169604,-0.490099,-0.183707,-0.127130,0.750600,-0.258934,-0.155268,-0.127402,0.026451,0.172284,-0.358890,0.284524,-0.545622,0.736072,-0.068096,0.067762,0.291425,0.061285,-0.288353,0.442998,1.164448,0.139616,0.072168,-0.121710
2.768072,1.424713,0.759657,0.037636,-0.013969,0.989148,0.141335,0.278934,-0.154035,-0.042336,0.183049,-0.344505,0.169119,-0.486117,-0.172521,-0.114663,0.665247,-0.245981,-0.129302,-0.128833,0.024484,0.168116,-0.366900,0.284216,-0.546168,0.721110,-0.062417,0.066224,0.292416,0.070368,-0.286431,0.434565,1.160836,0.140662,0.072043,-0.122307
2.760150,1.428906,0.757995,0.035952,-0.012288,0.989852,0.136930,0.288064,-0.154359,-0.052370,0.183640,-0.352146,0.168374,-0.479099,-0.163899,-0.103087,0.577758,-0.232029,-0.101448,-0.130012,0.021971,0.163949,-0.373751,0.283947,-0.547207,0.706020,-0.055282,0.064983,0.293013,0.079161,-0.284520,0.425905,1.157969,0.142024,0.071795,-0.123398
2.752058,1.433086,0.756212,0.034506,-0.010137,0.990546,0.132386,0.299053,-0.155719,-0.063125,0.181756,-0.358072,0.167354,-0.467485,-0.157691,-0.091934,0.483346,-0.215535,-0.069476,-0.131498,0.018684,0.159816,-0.378954,0.283822,-0.548136,0.690249,-0.045681,0.064267,0.293014,0.087768,-0.283056,0.417216,1.155640,0.144115,0.071363,-0.125080
2.743906,1.437267,0.754307,0.033406,-0.007324,0.991244,0.127536,0.312114,-0.158472,-0.074931,0.177274,-0.362225,0.166337,-0.450223,-0.154432,-0.081180,0.379766,-0.195604,-0.034352,-0.132725,0.013848,0.155856,-0.383306,0.283708,-0.550171,0.674201,-0.034537,0.063890,0.292869,0.096451,-0.281258,0.406985,1.153817,0.146195,0.070951,-0.127192
2.735559,1.441589,0.752195,0.032818,-0.003784,0.991969,0.122092,0.327014,-0.162548,-0.088134,0.171338,-0.364887,0.165453,-0.428177,-0.155423,-0.072948,0.272879,-0.172738,0.000632,-0.135180,0.007270,0.152364,-0.386300,0.283746,-0.552191,0.658135,-0.023097,0.063466,0.292420,0.104627,-0.279634,0.397536,1.152619,0.148545,0.070647,-0.129585
2.727035,1.445870,0.749863,0.032835,0.000502,0.992723,0.115854,0.343270,-0.167757,-0.102875,0.165318,-0.366467,0.164797,-0.403110,-0.161226,-0.069492,0.170170,-0.148004,0.032567,-0.139084,-0.001325,0.149595,-0.388194,0.284001,-0.554416,0.642635,-0.012928,0.062632,0.291672,0.112272,-0.278174,0.389724,1.151933,0.150912,0.070496,-0.132092
2.718439,1.450286,0.747348,0.033333,0.005450,0.993476,0.108924,0.360347,-0.173773,-0.118758,0.159954,-0.367530,0.164209,-0.399534,-0.172411,-0.068075,0.121532,-0.147683,0.062433,-0.143837,-0.011915,0.147375,-0.389180,0.284589,-0.557391,0.627614,-0.004306,0.061252,0.290661,0.119361,-0.276437,0.383109,1.152109,0.153210,0.070331,-0.134759
2.709792,1.454762,0.744781,0.034026,0.010616,0.994171,0.101757,0.377321,-0.179697,-0.134828,0.156163,-0.368749,0.163449,-0.414616,-0.186234,-0.067559,0.118120,-0.167800,0.091670,-0.149129,-0.023156,0.145390,-0.388791,0.285435,-0.560369,0.612633,0.003664,0.059505,0.289375,0.125594,-0.274826,0.377874,1.153261,0.155725,0.070185,-0.137653
2.701010,1.459483,0.742201,0.034357,0.015039,0.994757,0.095137,0.391054,-0.183646,-0.148989,0.158801,-0.372853,0.162149,-0.427974,-0.198183,-0.070279,0.117765,-0.184402,0.117540,-0.153834,-0.032456,0.143247,-0.387023,0.286140,-0.562902,0.598153,0.010880,0.057504,0.288029,0.130524,-0.273812,0.374470,1.155319,0.158170,0.070289,-0.140684
2.692321,1.464047,0.739908,0.034317,0.018165,0.995240,0.089385,0.401863,-0.184839,-0.160698,0.165904,-0.377949,0.160536,-0.436904,-0.207253,-0.075819,0.117830,-0.194733,0.137431,-0.156362,-0.039245,0.141398,-0.384352,0.287477,-0.566504,0.584290,0.016503,0.055530,0.286861,0.134376,-0.272306,0.371706,1.158159,0.159501,0.070786,-0.143863
2.683816,1.468618,0.737974,0.034059,0.020263,0.995636,0.084487,0.410373,-0.183901,-0.170361,0.176720,-0.384076,0.158709,-0.439635,-0.214633,-0.085889,0.117834,-0.199074,0.151053,-0.157796,-0.043601,0.139787,-0.380660,0.288391,-0.569376,0.571771,0.021008,0.053266,0.285504,0.136742,-0.271486,0.371686,1.162013,0.160443,0.071879,-0.147320
2.675297,1.473146,0.736246,0.033548,0.021491,0.995974,0.080301,0.416766,-0.181189,-0.178109,0.190790,-0.391006,0.156616,-0.437090,-0.220323,-0.100546,0.117602,-0.197923,0.159677,-0.157731,-0.046102,0.138352,-0.376131,0.289284,-0.572493,0.560173,0.024256,0.050753,0.284066,0.138010,-0.270870,0.373196,1.166723,0.160785,0.073399,-0.151018
2.666683,1.477541,0.734716,0.032345,0.021469,0.996281,0.076920,0.419993,-0.175985,-0.183105,0.208325,-0.397994,0.154133,-0.432136,-0.222180,-0.116237,0.117224,-0.190196,0.162830,-0.156463,-0.045865,0.136292,-0.370189,0.290746,-0.575893,0.549300,0.026463,0.048503,0.282898,0.137983,-0.270140,0.375839,1.172088,0.160615,0.075216,-0.154657
2.657766,1.481972,0.733328,0.029856,0.019766,0.996580,0.074480,0.418030,-0.167377,-0.184313,0.231535,-0.405647,0.150975,-0.428615,-0.218250,-0.129064,0.117894,-0.175398,0.159842,-0.154229,-0.041399,0.132685,-0.362487,0.292629,-0.579074,0.539256,0.028286,0.046964,0.282172,0.136609,-0.269614,0.378824,1.177542,0.159786,0.077251,-0.157806
2.648976,1.486416,0.732619,0.025438,0.015655,0.996863,0.073291,0.409508,-0.153474,-0.180935,0.260715,-0.414895,0.146690,-0.426953,-0.206913,-0.139545,0.119021,-0.150102,0.147194,-0.150266,-0.030790,0.126820,-0.353644,0.294398,-0.582360,0.530387,0.030033,0.046578,0.282342,0.133985,-0.269597,0.381922,1.182683,0.157868,0.079817,-0.160252
2.639857,1.490895,0.732190,0.019542,0.009430,0.997092,0.073049,0.396067,-0.134720,-0.174310,0.294296,-0.424859,0.141527,-0.425755,-0.189604,-0.149635,0.120850,-0.115917,0.126314,-0.144811,-0.015003,0.119236,-0.343880,0.295941,-0.585861,0.522904,0.031419,0.046989,0.283128,0.130349,-0.270032,0.385425,1.187643,0.155043,0.082876,-0.162203
2.630785,1.495351,0.732018,0.013380,0.002408,0.997240,0.072984,0.381160,-0.114119,-0.166800,0.330310,-0.432707,0.136382,-0.424542,-0.169719,-0.157447,0.123158,-0.078461,0.103970,-0.139298,0.002642,0.111152,-0.332516,0.297803,-0.589370,0.516797,0.031813,0.047451,0.283775,0.126553,-0.271016,0.389196,1.191880,0.152241,0.085873,-0.163778
2.621665,1.499893,0.731988,0.008141,-0.004017,0.997329,0.072470,0.368020,-0.094999,-0.160235,0.366815,-0.435726,0.132251,-0.451288,-0.155034,-0.156161,0.186268,-0.075437,0.087130,-0.134620,0.018775,0.103660,-0.319730,0.299496,-0.592947,0.513378,0.030866,0.047152,0.283556,0.123415,-0.272342,0.392660,1.195255,0.150240,0.088214,-0.165165
2.612170,1.504508,0.731937,0.003769,-0.009727,0.997388,0.071479,0.356888,-0.077596,-0.154947,0.403561,-0.434512,0.129978,-0.471112,-0.138995,-0.148359,0.234406,-0.065091,0.076764,-0.130573,0.033173,0.096131,-0.305729,0.300771,-0.597335,0.513210,0.027806,0.045281,0.282339,0.121425,-0.273734,0.395477,1.197927,0.149177,0.089509,-0.166733
2.602190,1.508952,0.731914,-0.000233,-0.015316,0.997404,0.070366,0.346182,-0.060400,-0.149967,0.441366,-0.430019,0.129108,-0.487846,-0.120788,-0.135372,0.276040,-0.049806,0.069817,-0.126555,0.047217,0.088189,-0.290778,0.301574,-0.602475,0.516130,0.023101,0.042456,0.280497,0.119919,-0.275070,0.397893,1.200282,0.148591,0.090112,-0.168342
2.591892,1.513278,0.732137,-0.003541,-0.020822,0.997369,0.069340,0.335284,-0.043553,-0.144268,0.481482,-0.420812,0.128669,-0.499511,-0.102058,-0.123036,0.310759,-0.034473,0.066797,-0.122504,0.060841,0.081208,-0.274866,0.301935,-0.607205,0.521887,0.018181,0.040024,0.278155,0.117951,-0.276557,0.400302,1.202390,0.148451,0.090556,-0.169389
2.581533,1.517591,0.732627,-0.005834,-0.026285,0.997279,0.068621,0.323550,-0.027182,-0.136836,0.525331,-0.405476,0.127734,-0.504182,-0.084856,-0.116948,0.338140,-0.024086,0.067698,-0.118421,0.074051,0.076498,-0.258036,0.301600,-0.610223,0.530513,0.014590,0.039295,0.275432,0.114518,-0.278455,0.403178,1.204426,0.148756,0.091367,-0.169289
2.571309,1.521611,0.733259,-0.006812,-0.031842,0.997118,0.068518,0.311248,-0.011541,-0.127213,0.574702,-0.383822,0.128183,-0.500234,-0.069957,-0.119055,0.357359,-0.020751,0.074724,-0.114280,0.087167,0.074621,-0.239481,0.300145,-0.610447,0.542718,0.013379,0.040272,0.271782,0.108897,-0.280719,0.407137,1.207320,0.149939,0.092805,-0.167422
2.561195,1.525442,0.734077,-0.006785,-0.037510,0.996892,0.068939,0.298229,0.003957,-0.115843,0.628888,-0.356880,0.130324,-0.489667,-0.056362,-0.125558,0.370151,-0.022159,0.086678,-0.109956,0.100379,0.074616,-0.219482,0.297483,-0.608759,0.558450,0.013616,0.042340,0.267337,0.101734,-0.283317,0.411842,1.210801,0.151903,0.094527,-0.164247
2.551101,1.529136,0.735114,-0.006302,-0.043081,0.996634,0.069465,0.283311,0.020120,-0.103278,0.685914,-0.324983,0.130772,-0.475658,-0.043590,-0.133529,0.379079,-0.026335,0.098452,-0.105378,0.113261,0.075522,-0.199818,0.293815,-0.606812,0.576871,0.013905,0.045882,0.263249,0.093963,-0.286168,0.416273,1.213425,0.153749,0.096222,-0.160885
2.541156,1.532697,0.736262,-0.005874,-0.048304,0.996383,0.069657,0.265467,0.037352,-0.090272,0.743875,-0.288424,0.125864,-0.461237,-0.030993,-0.140161,0.386252,-0.031380,0.105052,-0.100493,0.125226,0.076484,-0.182231,0.289569,-0.606279,0.597063,0.012784,0.051305,0.260684,0.086422,-0.289102,0.419369,1.213923,0.154564,0.097478,-0.158454
2.531346,1.536402,0.737531,-0.005686,-0.053110,0.996154,0.069452,0.244200,0.055516,-0.076924,0.803695,-0.246170,0.112725,-0.446780,-0.017958,-0.144787,0.390969,-0.036968,0.104924,-0.095314,0.136055,0.077226,-0.166727,0.285060,-0.607438,0.619139,0.009534,0.059746,0.260394,0.079326,-0.291933,0.420391,1.211681,0.153241,0.098490,-0.157014
2.521776,1.540060,0.738833,-0.005413,-0.057562,0.995935,0.069077,0.220215,0.073743,-0.063381,0.866556,-0.198712,0.093609,-0.430729,-0.004788,-0.148771,0.392174,-0.043977,0.100945,-0.089826,0.145839,0.078319,-0.152305,0.280389,-0.609491,0.643131,0.004941,0.070664,0.261673,0.072121,-0.294609,0.419990,1.207649,0.150506,0.099297,-0.156061
2.512397,1.543650,0.740207,-0.004802,-0.061637,0.995733,0.068508,0.194240,0.091457,-0.050431,0.930979,-0.148441,0.072505,-0.413245,0.007867,-0.152493,0.391493,-0.052324,0.094744,-0.084054,0.154487,0.080208,-0.139202,0.275766,-0.612414,0.668061,-0.000238,0.081942,0.263493,0.064496,-0.297247,0.419248,1.202715,0.148161,0.099424,-0.155919
2.503150,1.547208,0.741620,-0.003615,-0.065362,0.995555,0.067709,0.166883,0.108791,-0.038553,0.995305,-0.097456,0.053937,-0.394430,0.019354,-0.156428,0.390519,-0.061927,0.087948,-0.078056,0.162041,0.083371,-0.127609,0.271461,-0.616184,0.692813,-0.005243,0.091486,0.264780,0.056202,-0.300049,0.419235,1.197651,0.148009,0.098383,-0.156884
2.494128,1.550617,0.742961,-0.001674,-0.068873,0.995404,0.066521,0.137328,0.127594,-0.027111,1.060869,-0.039446,0.035996,-0.373785,0.029767,-0.161140,0.389325,-0.073368,0.080102,-0.072037,0.168659,0.088374,-0.117852,0.267746,-0.621053,0.717073,-0.009869,0.099238,0.265474,0.047479,-0.303110,0.419969,1.191723,0.150543,0.095789,-0.159137
2.485338,1.553957,0.744366,0.000857,-0.072176,0.995270,0.065019,0.105436,0.147787,-0.016327,1.128245,0.024565,0.018011,-0.351248,0.039588,-0.166234,0.386850,-0.086348,0.070617,-0.065999,0.174425,0.094958,-0.109480,0.264750,-0.626843,0.740996,-0.014583,0.106173,0.266037,0.038388,-0.306438,0.421038,1.184644,0.154804,0.091989,-0.162438
2.476597,1.557179,0.745855,0.003696,-0.075152,0.995140,0.063519,0.072751,0.167419,-0.006990,1.194355,0.081493,0.006444,-0.327678,0.048742,-0.170859,0.383114,-0.099452,0.060915,-0.059711,0.179419,0.102373,-0.101562,0.262453,-0.632868,0.764164,-0.019614,0.111755,0.266136,0.028523,-0.310064,0.422926,1.177686,0.160459,0.087605,-0.166431
2.468196,1.560065,0.747268,0.006556,-0.077632,0.995012,0.062301,0.041051,0.184539,0.000867,1.255532,0.118217,0.007326,-0.304024,0.056957,-0.174276,0.378375,-0.111414,0.052415,-0.053050,0.183656,0.109813,-0.093171,0.260747,-0.638383,0.786247,-0.025142,0.115445,0.265434,0.017417,-0.314030,0.426200,1.172194,0.167202,0.083267,-0.170770
2.459859,1.562845,0.748655,0.009425,-0.079545,0.994893,0.061419,0.010356,0.198719,0.007764,1.311688,0.129014,0.027283,-0.280548,0.063978,-0.176438,0.373143,-0.122328,0.045236,-0.045991,0.187102,0.117309,-0.084359,0.259576,-0.643440,0.807499,-0.031009,0.116094,0.263644,0.004671,-0.318400,0.431397,1.168636,0.176275,0.078595,-0.175858
2.451516,1.565326,0.750026,0.012425,-0.080957,0.994790,0.060698,-0.020026,0.210758,0.013997,1.364142,0.121593,0.060915,-0.256820,0.069893,-0.177836,0.367293,-0.132835,0.038661,-0.038689,0.189775,0.125196,-0.075522,0.258938,-0.648294,0.828012,-0.037159,0.114336,0.260974,-0.009358,-0.323148,0.438202,1.166199,0.187422,0.073413,-0.181668
2.443298,1.567692,0.751384,0.015446,-0.081837,0.994719,0.059991,-0.049236,0.219909,0.019288,1.411030,0.103264,0.095622,-0.232822,0.074636,-0.178660,0.360549,-0.142689,0.032920,-0.031405,0.191607,0.133095,-0.066274,0.258764,-0.652490,0.847255,-0.043884,0.112303,0.257829,-0.024018,-0.328153,0.445867,1.164371,0.198081,0.068672,-0.187256
2.434947,1.569913,0.752887,0.018385,-0.082181,0.994690,0.059164,-0.076404,0.226025,0.023753,1.450522,0.081486,0.119236,-0.208387,0.078177,-0.179079,0.352363,-0.151555,0.028281,-0.024391,0.192539,0.140629,-0.056250,0.258958,-0.655575,0.864772,-0.051466,0.112112,0.254647,-0.038714,-0.333242,0.453647,1.162733,0.205731,0.065357,-0.191736
2.426549,1.572057,0.754450,0.021159,-0.081892,0.994714,0.058219,-0.100886,0.228680,0.027786,1.481608,0.053940,0.126655,-0.183844,0.080134,-0.179007,0.343063,-0.159485,0.025096,-0.017620,0.192373,0.147632,-0.045451,0.259410,-0.657533,0.880672,-0.060661,0.114536,0.251227,-0.053655,-0.338332,0.461667,1.161678,0.209298,0.064041,-0.195149
2.418464,1.574071,0.755908,0.023834,-0.080991,0.994787,0.057197,-0.123381,0.227775,0.031547,1.505552,0.018304,0.124692,-0.159207,0.080497,-0.178533,0.332903,-0.166692,0.023187,-0.010984,0.191136,0.154308,-0.034136,0.260084,-0.658573,0.895329,-0.071067,0.118378,0.247493,-0.069111,-0.343415,0.470253,1.161403,0.210274,0.064132,-0.197935
2.410038,1.576024,0.757405,0.026532,-0.079696,0.994889,0.056037,-0.144920,0.224445,0.035153,1.523783,-0.017916,0.119643,-0.133822,0.079871,-0.178065,0.321316,-0.173172,0.022051,-0.004600,0.189171,0.160854,-0.022295,0.261014,-0.658551,0.908607,-0.081209,0.122781,0.244064,-0.084572,-0.348426,0.478860,1.161261,0.209923,0.064821,-0.199813
2.401656,1.578031,0.758955,0.029376,-0.078213,0.995003,0.054672,-0.166583,0.219563,0.038444,1.537792,-0.047263,0.117618,-0.107053,0.078865,-0.177978,0.307712,-0.178876,0.021184,0.001420,0.186764,0.167445,-0.009903,0.262294,-0.657351,0.920341,-0.089643,0.126879,0.241537,-0.099579,-0.353322,0.486923,1.160614,0.209496,0.065342,-0.200522
2.393232,1.579919,0.760452,0.032487,-0.076523,0.995131,0.052941,-0.188807,0.212888,0.041197,1.547713,-0.067567,0.121245,-0.078363,0.077425,-0.178587,0.291738,-0.183791,0.020396,0.006810,0.183802,0.174356,0.003144,0.264005,-0.654827,0.930404,-0.095774,0.130813,0.239972,-0.114064,-0.358073,0.494345,1.159380,0.208903,0.065664,-0.199757
2.384754,1.581858,0.761914,0.035775,-0.074562,0.995273,0.050923,-0.211024,0.204114,0.043561,1.552777,-0.082766,0.126904,-0.048184,0.075329,-0.179706,0.273708,-0.187903,0.020040,0.011692,0.180191,0.181462,0.016880,0.266171,-0.651033,0.938773,-0.100459,0.134914,0.239067,-0.128323,-0.362696,0.501411,1.157914,0.207618,0.066141,-0.197749
2.376196,1.583860,0.763226,0.039037,-0.072458,0.995406,0.048920,-0.232712,0.193914,0.045778,1.553057,-0.094698,0.131216,-0.017310,0.072967,-0.180911,0.254087,-0.191212,0.020365,0.016565,0.176294,0.188360,0.031232,0.268789,-0.646181,0.945376,-0.104444,0.138579,0.238855,-0.142333,-0.367199,0.507999,1.156107,0.206190,0.066559,-0.195031
2.367693,1.585740,0.764421,0.042067,-0.070338,0.995516,0.047240,-0.253358,0.183035,0.048101,1.548652,-0.105260,0.130875,0.013490,0.070725,-0.181729,0.233283,-0.193713,0.021541,0.021953,0.172461,0.194620,0.046104,0.271833,-0.640535,0.950188,-0.108494,0.141211,0.239372,-0.156065,-0.371605,0.513994,1.153864,0.205182,0.066703,-0.192137
2.358938,1.587544,0.765414,0.045007,-0.068209,0.995595,0.045958,-0.272388,0.171660,0.050626,1.539230,-0.114265,0.124774,0.044978,0.068731,-0.181981,0.210438,-0.194953,0.023724,0.028045,0.168736,0.200381,0.061770,0.275290,-0.633735,0.952827,-0.112033,0.142631,0.240644,-0.169428,-0.375968,0.519283,1.151220,0.204918,0.066461,-0.188631
2.350189,1.589266,0.766241,0.047898,-0.066007,0.995656,0.044924,-0.290224,0.159650,0.053195,1.524800,-0.121035,0.114941,0.077329,0.066786,-0.181928,0.185498,-0.195044,0.026680,0.034567,0.164951,0.205805,0.078225,0.279137,-0.625771,0.953374,-0.114920,0.143162,0.242629,-0.182436,-0.380312,0.523945,1.148153,0.205061,0.065971,-0.184420
2.341504,1.591026,0.766885,0.050388,-0.063751,0.995716,0.044113,-0.307777,0.147295,0.055691,1.505944,-0.126743,0.102806,0.108762,0.064750,-0.181751,0.160410,-0.194908,0.029986,0.041363,0.161115,0.210457,0.094925,0.283313,-0.617466,0.952591,-0.118553,0.142948,0.245260,-0.195254,-0.384609,0.528131,1.144576,0.205127,0.065399,-0.180545
2.332849,1.592749,0.767370,0.052129,-0.061458,0.995798,0.043500,-0.325940,0.134858,0.058012,1.483245,-0.132517,0.089783,0.137500,0.062481,-0.181622,0.137093,-0.195470,0.033277,0.048310,0.157208,0.213890,0.111242,0.287724,-0.609704,0.951357,-0.124328,0.142119,0.248482,-0.208038,-0.388797,0.531936,1.140472,0.204618,0.064869,-0.178047
2.324080,1.594297,0.767629,0.052966,-0.059093,0.995911,0.043182,-0.345105,0.122176,0.059977,1.456562,-0.139085,0.075719,0.158527,0.058998,-0.181693,0.125345,-0.201817,0.036746,0.055608,0.153238,0.215756,0.126947,0.292351,-0.602859,0.949813,-0.133298,0.140227,0.252604,-0.220899,-0.392884,0.535471,1.135822,0.203326,0.064507,-0.177462
2.315462,1.595877,0.767671,0.053105,-0.056660,0.996046,0.043153,-0.364668,0.109463,0.061625,1.425633,-0.145784,0.060238,0.172828,0.054407,-0.181835,0.124253,-0.213535,0.040490,0.063291,0.149174,0.216351,0.142327,0.297175,-0.596478,0.947658,-0.144485,0.137322,0.257532,-0.233755,-0.396895,0.538632,1.130722,0.201539,0.064194,-0.178149
2.306918,1.597371,0.767506,0.052744,-0.054233,0.996196,0.043242,-0.383964,0.097454,0.063212,1.390616,-0.151639,0.044366,0.185927,0.049850,-0.181937,0.123274,-0.225188,0.044114,0.070984,0.144906,0.216166,0.157450,0.302069,-0.590207,0.945229,-0.156219,0.134275,0.262617,-0.246357,-0.400740,0.541152,1.125110,0.199499,0.063826,-0.179424
2.298310,1.598973,0.767114,0.052113,-0.051673,0.996363,0.043304,-0.402443,0.086444,0.065292,1.352104,-0.155831,0.029044,0.198343,0.045066,-0.182127,0.122648,-0.236921,0.047354,0.078389,0.139925,0.215738,0.172296,0.306825,-0.583728,0.943002,-0.166871,0.131986,0.267261,-0.258494,-0.404261,0.542732,1.119028,0.197421,0.063283,-0.180613
2.289597,1.600569,0.766583,0.051125,-0.049201,0.996538,0.043336,-0.420297,0.076623,0.067082,1.309669,-0.157942,0.013483,0.209854,0.040525,-0.182539,0.122400,-0.248800,0.050271,0.085431,0.134535,0.214874,0.186920,0.311283,-0.576527,0.941167,-0.176041,0.130498,0.271501,-0.270328,-0.407345,0.543310,1.112685,0.195208,0.062531,-0.181569
2.280946,1.602179,0.765908,0.049719,-0.046902,0.996718,0.043377,-0.437578,0.067978,0.068295,1.263097,-0.158466,-0.002466,0.220079,0.036351,-0.183136,0.122905,-0.260943,0.053101,0.092144,0.129038,0.213371,0.201196,0.315386,-0.568909,0.939728,-0.184572,0.129396,0.275631,-0.282051,-0.409971,0.543081,1.106274,0.192774,0.061616,-0.182669
2.272233,1.603708,0.765161,0.048065,-0.044686,0.996903,0.043320,-0.453410,0.060686,0.069981,1.212434,-0.157432,-0.017041,0.229862,0.032359,-0.183879,0.123374,-0.272853,0.055869,0.098359,0.123398,0.211492,0.214781,0.319101,-0.561800,0.938945,-0.192690,0.128899,0.279449,-0.293515,-0.412130,0.542171,1.099848,0.190429,0.060536,-0.184025
2.263337,1.605118,0.764316,0.046363,-0.042531,0.997091,0.043025,-0.466967,0.054882,0.073073,1.157865,-0.154883,-0.028636,0.239751,0.028431,-0.184803,0.123828,-0.284485,0.058487,0.103874,0.117753,0.209566,0.227313,0.322411,-0.556165,0.939075,-0.200612,0.129231,0.282776,-0.304538,-0.413832,0.540709,1.093426,0.188513,0.059293,-0.185745
2.254310,1.606372,0.763382,0.044601,-0.040245,0.997294,0.042379,-0.478315,0.050033,0.077832,1.099189,-0.150282,-0.035937,0.249772,0.024129,-0.186016,0.124284,-0.295955,0.060664,0.108515,0.111707,0.207622,0.238519,0.325325,-0.552278,0.940325,-0.208937,0.130915,0.285923,-0.315029,-0.415047,0.538257,1.086955,0.187364,0.057854,-0.188000
2.245295,1.607674,0.762332,0.042700,-0.037873,0.997508,0.041478,-0.487706,0.045967,0.083849,1.036319,-0.143725,-0.040276,0.259679,0.019564,-0.187467,0.124747,-0.307277,0.062513,0.112439,0.105279,0.205490,0.248572,0.327861,-0.549673,0.942599,-0.217381,0.133678,0.288907,-0.325124,-0.415800,0.534885,1.080504,0.186718,0.056225,-0.190686
2.236259,1.608978,0.761159,0.040756,-0.035727,0.997708,0.040504,-0.494568,0.043236,0.091141,0.969364,-0.136085,-0.044095,0.269657,0.015441,-0.188915,0.125150,-0.318199,0.064476,0.115925,0.099245,0.203200,0.257775,0.330026,-0.548191,0.945690,-0.224842,0.136546,0.291071,-0.334897,-0.416204,0.531459,1.074160,0.185972,0.054477,-0.193490
2.227192,1.610179,0.759772,0.038865,-0.034138,0.997874,0.039645,-0.498315,0.042380,0.099722,0.898238,-0.128165,-0.049840,0.279859,0.012480,-0.190108,0.125510,-0.328509,0.066987,0.119286,0.094429,0.200793,0.266431,0.331796,-0.547676,0.949372,-0.230207,0.138562,0.291721,-0.344384,-0.416406,0.528841,1.067919,0.184510,0.052692,-0.196091
2.218008,1.611179,0.758160,0.036971,-0.033122,0.998013,0.038806,-0.498504,0.042996,0.109778,0.820957,-0.118935,-0.059047,0.290249,0.010749,-0.191284,0.125775,-0.338450,0.070174,0.122388,0.090904,0.198171,0.274347,0.333177,-0.548710,0.954062,-0.232795,0.139419,0.290234,-0.353584,-0.416488,0.527182,1.061591,0.181908,0.051064,-0.198496
2.208795,1.612186,0.756351,0.035065,-0.032552,0.998132,0.037981,-0.495136,0.044678,0.121394,0.737259,-0.107855,-0.070328,0.300777,0.009936,-0.192370,0.126035,-0.348074,0.073756,0.125244,0.088376,0.195372,0.281446,0.334173,-0.551189,0.959706,-0.233313,0.139657,0.287109,-0.362456,-0.416483,0.526100,1.055146,0.178625,0.049510,-0.200827
2.199404,1.613099,0.754377,0.033322,-0.032627,0.998209,0.037475,-0.488403,0.047991,0.134376,0.649792,-0.096454,-0.081811,0.311756,0.010403,-0.192650,0.126184,-0.356720,0.077521,0.128208,0.087342,0.192646,0.288189,0.334503,-0.553723,0.965499,-0.232617,0.139571,0.283335,-0.370959,-0.416463,0.525786,1.048704,0.175429,0.047706,-0.202935
2.189944,1.614026,0.752265,0.031919,-0.033521,0.998220,0.037603,-0.478582,0.053456,0.148668,0.561403,-0.086387,-0.091703,0.323488,0.012460,-0.191378,0.126281,-0.363886,0.081255,0.132017,0.088039,0.190308,0.295120,0.334491,-0.555155,0.970209,-0.231671,0.139510,0.279865,-0.378745,-0.416480,0.525827,1.042167,0.172865,0.045308,-0.204648
2.180366,1.614763,0.749944,0.030978,-0.035601,0.998141,0.038581,-0.464640,0.061677,0.164891,0.469192,-0.077846,-0.100807,0.336229,0.017039,-0.188048,0.126276,-0.369554,0.084845,0.137108,0.091466,0.188198,0.302386,0.334135,-0.556171,0.973870,-0.231151,0.139339,0.276871,-0.386157,-0.416506,0.526728,1.036021,0.171271,0.042219,-0.205903
2.170628,1.615386,0.747480,0.030493,-0.038939,0.997956,0.040458,-0.445833,0.072272,0.183391,0.371047,-0.069043,-0.110257,0.349983,0.024216,-0.182472,0.126150,-0.373916,0.088267,0.143256,0.097657,0.186529,0.309910,0.333225,-0.556350,0.976786,-0.229971,0.138965,0.273777,-0.393238,-0.416577,0.528503,1.029797,0.170163,0.038661,-0.206694
2.160788,1.615886,0.744834,0.030439,-0.043292,0.997661,0.043272,-0.423554,0.084541,0.203620,0.272330,-0.059370,-0.118672,0.364647,0.033132,-0.174412,0.125990,-0.376783,0.091394,0.150365,0.106422,0.185069,0.317450,0.330810,-0.555403,0.979440,-0.228064,0.138638,0.270885,-0.400126,-0.416697,0.531635,1.024218,0.169943,0.034651,-0.207299
2.150855,1.616266,0.742234,0.030677,-0.048131,0.997272,0.046800,-0.399506,0.097193,0.224843,0.178560,-0.048332,-0.124322,0.379960,0.042355,-0.164272,0.125697,-0.377891,0.094255,0.158651,0.116468,0.183664,0.325045,0.327552,-0.553521,0.981072,-0.225627,0.138754,0.268383,-0.406089,-0.416818,0.535151,1.019227,0.170594,0.030177,-0.207962
2.140774,1.616567,0.739677,0.031164,-0.053223,0.996804,0.050775,-0.389000,0.113376,0.245882,0.121804,-0.054224,-0.124328,0.395877,0.051416,-0.152743,0.125411,-0.377549,0.096934,0.167487,0.127325,0.182370,0.333069,0.323462,-0.550236,0.981254,-0.222234,0.139613,0.266342,-0.411272,-0.416926,0.539344,1.014955,0.172787,0.024659,-0.208885
2.130608,1.616626,0.737246,0.031755,-0.058285,0.996286,0.054857,-0.400736,0.135194,0.265029,0.119367,-0.087368,-0.120369,0.412136,0.059889,-0.140667,0.125062,-0.375793,0.099683,0.176202,0.138328,0.181037,0.341161,0.318486,-0.545773,0.980471,-0.218013,0.140939,0.264618,-0.415750,-0.416965,0.544217,1.011201,0.176235,0.018271,-0.209931
2.120319,1.616594,0.735024,0.032021,-0.062437,0.995821,0.058460,-0.409932,0.153736,0.283477,0.117768,-0.115685,-0.116785,0.427784,0.065941,-0.129419,0.124664,-0.372321,0.102936,0.183875,0.147360,0.179136,0.348483,0.312771,-0.540736,0.979384,-0.213789,0.142267,0.263056,-0.419276,-0.416810,0.549306,1.007720,0.179774,0.012135,-0.210919
2.109820,1.616626,0.733052,0.031590,-0.065187,0.995489,0.061271,-0.416340,0.167082,0.300048,0.117107,-0.135184,-0.117836,0.441937,0.068567,-0.119727,0.124202,-0.366712,0.107030,0.190773,0.152718,0.176288,0.355248,0.308404,-0.536185,0.976584,-0.210781,0.143343,0.261340,-0.420647,-0.416495,0.552829,1.003353,0.181802,0.007380,-0.211614
2.099074,1.616588,0.731344,0.030800,-0.066529,0.995274,0.063678,-0.416636,0.174909,0.315521,0.114833,-0.144522,-0.129029,0.455368,0.067484,-0.110888,0.123702,-0.359367,0.112536,0.196803,0.154755,0.173101,0.361578,0.303995,-0.530945,0.972624,-0.209117,0.144136,0.259873,-0.420744,-0.415979,0.556218,0.998758,0.182554,0.004472,-0.211898
2.087916,1.616539,0.729858,0.029527,-0.066846,0.995166,0.065609,-0.413622,0.178673,0.329771,0.114300,-0.147164,-0.146125,0.467954,0.063894,-0.103189,0.123106,-0.350356,0.119272,0.201624,0.154332,0.169261,0.367334,0.299027,-0.524823,0.968009,-0.208171,0.144772,0.258632,-0.419912,-0.415154,0.559799,0.994329,0.182598,0.002746,-0.211931
2.076929,1.616047,0.729196,0.027433,-0.065827,0.995241,0.066402,-0.409001,0.176955,0.342177,0.112881,-0.140790,-0.158435,0.478882,0.057777,-0.098289,0.122460,-0.338867,0.126640,0.204741,0.150552,0.164369,0.371887,0.294712,-0.519802,0.962914,-0.207666,0.145056,0.256975,-0.417339,-0.414175,0.562163,0.989458,0.181620,0.001691,-0.211988
2.066181,1.615310,0.729145,0.024300,-0.063409,0.995585,0.064800,-0.408194,0.169450,0.350203,0.115485,-0.126821,-0.155478,0.487040,0.049867,-0.098736,0.123597,-0.325242,0.133866,0.202450,0.143795,0.157949,0.372490,0.287983,-0.515878,0.962403,-0.205927,0.144168,0.254365,-0.414704,-0.412057,0.564369,0.986256,0.179300,0.000730,-0.212318
2.055004,1.615000,0.729134,0.019406,-0.057573,0.996312,0.060597,-0.409229,0.150438,0.356723,0.114901,-0.096199,-0.128514,0.491387,0.035604,-0.106067,0.125312,-0.309666,0.141510,0.195421,0.129562,0.148863,0.368910,0.279596,-0.514284,0.965882,-0.203580,0.141982,0.251236,-0.411342,-0.408416,0.565305,0.984434,0.174405,-0.000050,-0.212993
2.043793,1.614638,0.729466,0.012921,-0.049491,0.997200,0.054554,-0.413747,0.124089,0.362007,0.116555,-0.053052,-0.086012,0.492294,0.017350,-0.118167,0.128012,-0.292186,0.149572,0.185453,0.109750,0.137361,0.363872,0.272673,-0.514377,0.968916,-0.201248,0.139078,0.247326,-0.406034,-0.404241,0.564285,0.982008,0.167539,-0.000382,-0.213708
2.032692,1.613878,0.730160,0.006306,-0.040432,0.998012,0.047938,-0.418193,0.094610,0.367234,0.117771,-0.006712,-0.041637,0.484787,-0.003510,-0.131713,0.148691,-0.279755,0.157712,0.174833,0.087782,0.125612,0.357200,0.267165,-0.517021,0.972489,-0.199086,0.135884,0.242272,-0.398978,-0.399468,0.561260,0.980068,0.160461,-0.000695,-0.214791
2.021576,1.613030,0.730868,0.000882,-0.032176,0.998599,0.041993,-0.421730,0.068382,0.371106,0.122441,0.028915,-0.008073,0.461071,-0.025073,-0.142410,0.209000,-0.281701,0.165027,0.166168,0.067937,0.115503,0.348511,0.263094,-0.523267,0.977685,-0.197355,0.132836,0.235693,-0.390237,-0.394058,0.555984,0.979633,0.154905,-0.001431,-0.216556
2.010381,1.612341,0.731490,-0.003285,-0.024631,0.999021,0.036607,-0.440584,0.052211,0.370772,0.169216,0.030089,0.011311,0.440746,-0.045326,-0.150600,0.267719,-0.276423,0.171718,0.159888,0.049860,0.106965,0.336908,0.260588,-0.534776,0.985957,-0.197586,0.129361,0.226894,-0.379031,-0.387889,0.547347,0.980378,0.150565,-0.002913,-0.219578
1.998997,1.611746,0.732151,-0.006882,-0.016941,0.999346,0.031186,-0.453234,0.034585,0.368422,0.207380,0.029270,0.024371,0.420953,-0.066443,-0.157685,0.327561,-0.266174,0.177278,0.154783,0.031429,0.099073,0.322646,0.259592,-0.550693,0.996367,-0.199267,0.125496,0.216214,-0.365344,-0.380910,0.535526,0.981705,0.146615,-0.004834,-0.223517
1.987725,1.611181,0.732963,-0.009655,-0.009512,0.999574,0.025866,-0.461075,0.017211,0.364960,0.240900,0.025907,0.034658,0.400075,-0.087521,-0.162550,0.390820,-0.251137,0.179921,0.150354,0.013794,0.092777,0.306971,0.259742,-0.568188,1.006583,-0.199499,0.122537,0.204842,-0.350769,-0.373286,0.522635,0.984475,0.144440,-0.006735,-0.227367
1.976758,1.610650,0.733862,-0.011317,-0.002852,0.999713,0.020925,-0.464451,0.001223,0.361744,0.270387,0.021326,0.045267,0.377010,-0.107177,-0.164035,0.458981,-0.231074,0.178303,0.146261,-0.001563,0.089068,0.291174,0.260492,-0.584311,1.014492,-0.195236,0.121686,0.194032,-0.336933,-0.365256,0.510835,0.989579,0.145291,-0.008149,-0.230125
1.966053,1.609924,0.734930,-0.011560,0.002676,0.999798,0.016217,-0.463061,-0.013193,0.358191,0.295567,0.015842,0.055271,0.352303,-0.124179,-0.162107,0.532729,-0.204864,0.171721,0.142429,-0.013508,0.088587,0.274574,0.261429,-0.599735,1.021143,-0.184264,0.124099,0.182682,-0.323527,-0.356748,0.499642,0.997874,0.151056,-0.009450,-0.232451
1.955490,1.609157,0.736120,-0.010570,0.007330,0.999851,0.011555,-0.457179,-0.026853,0.353351,0.316582,0.008769,0.063248,0.326616,-0.139379,-0.158049,0.610543,-0.172682,0.160815,0.138828,-0.022803,0.090686,0.256674,0.262366,-0.615641,1.027776,-0.168509,0.128668,0.170580,-0.310109,-0.347659,0.488328,1.008848,0.160507,-0.010731,-0.234634
1.945114,1.608220,0.737536,-0.008795,0.011493,0.999869,0.007225,-0.447659,-0.040321,0.348279,0.333396,0.000613,0.071435,0.299350,-0.154111,-0.152648,0.690220,-0.136070,0.146833,0.135215,-0.030638,0.094461,0.238985,0.263152,-0.629636,1.032607,-0.151093,0.133241,0.160394,-0.298137,-0.338345,0.478937,1.021437,0.170427,-0.011083,-0.235129
1.934840,1.607041,0.739104,-0.006681,0.015551,0.999851,0.003533,-0.435347,-0.054001,0.344045,0.346067,-0.008208,0.082136,0.269812,-0.169586,-0.146421,0.769800,-0.096513,0.131197,0.131179,-0.038136,0.099066,0.222976,0.263677,-0.638987,1.033713,-0.135147,0.135815,0.154883,-0.288955,-0.329427,0.473746,1.034449,0.177647,-0.009559,-0.232354
1.924834,1.605755,0.740670,-0.004192,0.019600,0.999799,0.000713,-0.419857,-0.068146,0.340963,0.353990,-0.017989,0.097248,0.237032,-0.186581,-0.139538,0.851516,-0.052329,0.115954,0.126672,-0.045277,0.104836,0.209184,0.263815,-0.642011,1.029901,-0.119519,0.136149,0.155657,-0.283017,-0.321444,0.473901,1.047882,0.182116,-0.005130,-0.225228
1.915107,1.604269,0.742217,0.001126,-0.023432,-0.999724,0.001490,-0.400978,-0.082665,0.338202,0.357390,-0.028794,0.115162,0.201547,-0.204381,-0.131845,0.935793,-0.003366,0.099796,0.121689,-0.051402,0.112145,0.196561,0.263526,-0.640253,1.022570,-0.103123,0.135369,0.161005,-0.279165,-0.314480,0.478165,1.061864,0.185340,0.001513,-0.214772
1.905505,1.602620,0.743644,-0.002308,-0.027058,-0.999625,0.003454,-0.379615,-0.097378,0.335359,0.357212,-0.039740,0.133014,0.164688,-0.222013,-0.123311,1.018439,0.046365,0.079367,0.116074,-0.056824,0.120214,0.184104,0.262962,-0.635904,1.013607,-0.089297,0.133549,0.168784,-0.276342,-0.308508,0.485273,1.075468,0.186622,0.008709,-0.202499
1.896015,1.600942,0.745015,-0.005885,-0.030420,-0.999504,0.005583,-0.356585,-0.111977,0.331954,0.354294,-0.049960,0.147865,0.127926,-0.238261,-0.114300,1.094861,0.093214,0.051343,0.109651,-0.061778,0.128225,0.170973,0.262394,-0.631176,1.004687,-0.081388,0.130661,0.176826,-0.273587,-0.303431,0.493895,1.087754,0.185247,0.014761,-0.189898
1.886585,1.599189,0.746321,-0.009766,-0.033557,-0.999358,0.007899,-0.331362,-0.126539,0.328211,0.348397,-0.059630,0.159170,0.089876,-0.252248,-0.103818,1.165957,0.143517,0.009831,0.102244,-0.066443,0.136436,0.157622,0.262025,-0.625705,0.995128,-0.081005,0.126142,0.185333,-0.271253,-0.299357,0.504909,1.098729,0.180006,0.019157,-0.175871
1.877320,1.597440,0.747531,-0.013992,-0.036498,-0.999183,0.010219,-0.303482,-0.141128,0.324143,0.338910,-0.069020,0.168359,0.050435,-0.265254,-0.093069,1.232944,0.197778,-0.042166,0.094043,-0.070750,0.145148,0.144442,0.261946,-0.618649,0.984087,-0.086114,0.120111,0.195147,-0.269641,-0.296343,0.518524,1.108705,0.171596,0.022727,-0.160053
1.868195,1.596007,0.748754,-0.018162,-0.039093,-0.998989,0.012779,-0.274606,-0.155157,0.318875,0.327200,-0.077698,0.175505,0.012485,-0.278579,-0.084892,1.293376,0.241979,-0.094036,0.085235,-0.074440,0.153587,0.130512,0.262289,-0.611675,0.972962,-0.094652,0.113514,0.205047,-0.267687,-0.294123,0.532328,1.117187,0.162276,0.025823,-0.145060
1.858972,1.594611,0.750106,-0.021854,-0.041116,-0.998790,0.015804,-0.246759,-0.167796,0.311653,0.315235,-0.085460,0.180719,-0.021392,-0.292150,-0.080585,1.346005,0.260856,-0.133896,0.076143,-0.077137,0.160947,0.114773,0.263207,-0.606646,0.963242,-0.104655,0.107354,0.213859,-0.264224,-0.292309,0.543620,1.123743,0.154119,0.028873,-0.133536
1.849890,1.593273,0.751498,-0.024904,-0.042363,-0.998606,0.019256,-0.220820,-0.178285,0.302531,0.304017,-0.092559,0.183400,-0.049930,-0.304319,-0.079687,1.391357,0.242741,-0.154777,0.066917,-0.078592,0.166957,0.096772,0.264874,-0.604233,0.955107,-0.118207,0.101420,0.221836,-0.259325,-0.290713,0.552304,1.128280,0.146826,0.032174,-0.125846
1.840926,1.591966,0.752866,-0.027518,-0.042873,-0.998437,0.022988,-0.196060,-0.186740,0.292092,0.293211,-0.099440,0.183700,-0.074979,-0.314052,-0.080741,1.431063,0.197511,-0.162884,0.057553,-0.078884,0.172025,0.077204,0.267347,-0.603557,0.947645,-0.135566,0.095293,0.229357,-0.253595,-0.289322,0.559446,1.131246,0.139506,0.035424,-0.120717
1.832100,1.590891,0.754181,-0.029831,-0.042786,-0.998272,0.027057,-0.172281,-0.193570,0.280441,0.283108,-0.106369,0.182880,-0.098670,-0.321973,-0.083243,1.465649,0.142089,-0.165890,0.048094,-0.078143,0.176336,0.056708,0.270528,-0.604120,0.940821,-0.152056,0.089789,0.235534,-0.246626,-0.288049,0.564194,1.132942,0.133361,0.038338,-0.118383
1.823399,1.589946,0.755477,-0.031985,-0.042255,-0.998097,0.031534,-0.149192,-0.199160,0.267573,0.273874,-0.113512,0.182167,-0.123133,-0.328929,-0.086765,1.495473,0.093457,-0.171841,0.038618,-0.076519,0.180097,0.035741,0.274220,-0.605526,0.934806,-0.163054,0.085808,0.239572,-0.237933,-0.286782,0.565584,1.133668,0.129572,0.040601,-0.119079
1.814628,1.588966,0.756817,-0.033854,-0.041150,-0.997908,0.036596,-0.127437,-0.203267,0.253058,0.266218,-0.121152,0.181384,-0.148870,-0.334733,-0.091861,1.520236,0.053704,-0.181044,0.028985,-0.073688,0.182973,0.013804,0.278294,-0.608285,0.930393,-0.167102,0.083882,0.240567,-0.227074,-0.285403,0.562953,1.133298,0.128907,0.042113,-0.124328
1.805880,1.587877,0.758118,-0.035417,-0.039476,-0.997703,0.042145,-0.107018,-0.205784,0.237176,0.259991,-0.129201,0.180030,-0.174670,-0.339090,-0.098724,1.539711,0.014709,-0.189742,0.019252,-0.069720,0.185030,-0.009300,0.282687,-0.612547,0.927463,-0.166780,0.083496,0.239247,-0.214396,-0.283872,0.556887,1.131763,0.130577,0.043037,-0.133544
1.796880,1.586812,0.759429,-0.036982,-0.037558,-0.997463,0.047842,-0.086574,-0.207389,0.220894,0.253804,-0.137188,0.178841,-0.200228,-0.342517,-0.106192,1.554487,-0.021927,-0.199915,0.009732,-0.065309,0.187013,-0.032638,0.287270,-0.617278,0.924901,-0.163490,0.083987,0.237295,-0.200703,-0.282241,0.548414,1.129588,0.133435,0.043441,-0.143799
1.788056,1.585722,0.760585,-0.038861,-0.035734,-0.997179,0.053352,-0.064889,-0.208767,0.205170,0.246596,-0.144685,0.178559,-0.225263,-0.345484,-0.113025,1.565145,-0.054675,-0.213546,0.000670,-0.061165,0.189643,-0.055292,0.291908,-0.621325,0.921631,-0.158601,0.084690,0.236391,-0.186795,-0.280601,0.538619,1.127288,0.136334,0.043428,-0.152158
1.779370,1.584549,0.761640,-0.041203,-0.034043,-0.996851,0.058582,-0.041339,-0.210009,0.190242,0.237827,-0.151499,0.179665,-0.250137,-0.347768,-0.118902,1.571995,-0.082286,-0.233635,-0.007889,-0.057322,0.193159,-0.077228,0.296519,-0.624445,0.917779,-0.151225,0.085822,0.236730,-0.172586,-0.278968,0.527016,1.124809,0.139371,0.042780,-0.158270
1.770514,1.583409,0.762659,-0.043827,-0.032348,-0.996482,0.063698,-0.016716,-0.210817,0.175654,0.228251,-0.157916,0.181674,-0.274855,-0.349063,-0.124480,1.574646,-0.105947,-0.258220,-0.016074,-0.053477,0.197181,-0.098945,0.301083,-0.627200,0.913921,-0.141000,0.087595,0.237481,-0.157708,-0.277291,0.513295,1.121822,0.143028,0.041528,-0.163544
1.761535,1.582079,0.763626,-0.046559,-0.030828,-0.996066,0.068812,0.008423,-0.211722,0.161201,0.218234,-0.164108,0.184083,-0.299272,-0.343963,-0.122684,1.572539,-0.127365,-0.261800,-0.023946,-0.049863,0.201434,-0.120317,0.305589,-0.629590,0.909711,-0.130115,0.089352,0.238825,-0.142681,-0.275619,0.498967,1.118657,0.146819,0.040183,-0.167702
1.752649,1.580760,0.764412,-0.049183,-0.029406,-0.995616,0.073928,0.033141,-0.212229,0.146731,0.208582,-0.170397,0.185953,-0.321749,-0.340113,-0.122416,1.565340,-0.148924,-0.261800,-0.031664,-0.046658,0.205632,-0.141107,0.310048,-0.631456,0.904698,-0.120706,0.090442,0.240952,-0.128071,-0.274042,0.485693,1.115713,0.150320,0.039232,-0.170460
1.743775,1.579481,0.765045,-0.051922,-0.028410,-0.995090,0.079322,0.059078,-0.213367,0.131574,0.196945,-0.175429,0.187380,-0.340996,-0.340421,-0.126111,1.552925,-0.172125,-0.261800,-0.039920,-0.044593,0.210202,-0.161268,0.314507,-0.632595,0.898784,-0.112841,0.090739,0.244080,-0.114006,-0.272658,0.473603,1.112999,0.153491,0.038971,-0.171117
1.734992,1.578237,0.765517,-0.054718,-0.027392,-0.994534,0.084605,0.084865,-0.213695,0.116598,0.185942,-0.180720,0.188469,-0.357962,-0.342573,-0.132992,1.535220,-0.195224,-0.261800,-0.047946,-0.042670,0.214999,-0.180885,0.319006,-0.633053,0.892138,-0.105532,0.090585,0.248064,-0.100165,-0.271472,0.461986,1.110285,0.156568,0.039085,-0.170028
1.726172,1.576893,0.765952,-0.057216,-0.026275,-0.993968,0.089794,0.108994,-0.213112,0.101983,0.176966,-0.186990,0.189126,-0.373903,-0.344128,-0.141038,1.512492,-0.216525,-0.261800,-0.055594,-0.040747,0.219332,-0.199848,0.323519,-0.633001,0.884685,-0.099326,0.090039,0.252551,-0.086434,-0.270474,0.451310,1.107629,0.159536,0.039286,-0.168504
1.717286,1.575739,0.766222,-0.059091,-0.025162,-0.993394,0.095094,0.130797,-0.212092,0.087436,0.169871,-0.194095,0.189356,-0.390069,-0.343231,-0.147867,1.485312,-0.234533,-0.261800,-0.063114,-0.039003,0.222544,-0.218051,0.327979,-0.632587,0.876402,-0.094805,0.089151,0.257185,-0.072751,-0.269640,0.442101,1.105161,0.162379,0.039269,-0.167854
1.708404,1.574489,0.766325,-0.060261,-0.024143,-0.992800,0.100665,0.150502,-0.211048,0.072545,0.163772,-0.201531,0.188961,-0.406909,-0.339821,-0.152678,1.453799,-0.249432,-0.261800,-0.070796,-0.037613,0.224414,-0.235567,0.332366,-0.631795,0.867366,-0.092676,0.087747,0.262436,-0.059228,-0.269016,0.434741,1.103049,0.165479,0.038876,-0.168364
1.699499,1.573291,0.766266,-0.060900,-0.023142,-0.992189,0.106380,0.168376,-0.209730,0.057564,0.158932,-0.209496,0.187991,-0.423684,-0.334775,-0.156664,1.417703,-0.261904,-0.261800,-0.078484,-0.036373,0.225276,-0.252413,0.336682,-0.630499,0.857595,-0.092425,0.085844,0.268312,-0.045867,-0.268614,0.428915,1.101237,0.168716,0.038288,-0.169355
1.690545,1.572147,0.766151,-0.061063,-0.022029,-0.991582,0.112035,0.184084,-0.207698,0.043090,0.156330,-0.218534,0.186846,-0.439844,-0.327858,-0.160197,1.376878,-0.271285,-0.261800,-0.085801,-0.034976,0.225281,-0.268432,0.340874,-0.628692,0.847088,-0.092809,0.083767,0.273782,-0.032607,-0.268388,0.424126,1.099732,0.171328,0.037706,-0.170706
1.681636,1.571022,0.765874,-0.060820,-0.020668,-0.991002,0.117430,0.197173,-0.204622,0.029766,0.157193,-0.229320,0.185926,-0.454793,-0.318696,-0.163550,1.331043,-0.276850,-0.261800,-0.092367,-0.033090,0.224604,-0.283504,0.344847,-0.626376,0.835907,-0.092586,0.081851,0.277823,-0.019376,-0.268230,0.419845,1.098538,0.172542,0.037333,-0.172299
1.672618,1.569874,0.765524,-0.060062,-0.018944,-0.990455,0.122606,0.207235,-0.200303,0.017667,0.161831,-0.242043,0.185412,-0.468692,-0.307197,-0.166680,1.279773,-0.278307,-0.261800,-0.098245,-0.030489,0.223007,-0.297651,0.348517,-0.623268,0.824099,-0.091655,0.080091,0.280013,-0.006228,-0.268096,0.416235,1.097795,0.171537,0.037261,-0.174372
1.663672,1.568787,0.765033,-0.058873,-0.017382,-0.989841,0.128243,0.216297,-0.196254,0.005052,0.166617,-0.254513,0.185354,-0.481387,-0.294769,-0.168621,1.223688,-0.276589,-0.261800,-0.104733,-0.028261,0.220576,-0.311001,0.351853,-0.619456,0.811814,-0.090611,0.078337,0.280956,0.006760,-0.268020,0.413478,1.097613,0.168919,0.037371,-0.176902
1.654586,1.567668,0.764437,-0.057495,-0.016131,-0.989158,0.134164,0.225321,-0.192853,-0.008034,0.170797,-0.266460,0.185550,-0.492371,-0.280790,-0.166746,1.163183,-0.272046,-0.253598,-0.111404,-0.026544,0.217771,-0.323689,0.354734,-0.615522,0.799384,-0.089207,0.076695,0.281195,0.019672,-0.267969,0.411020,1.097887,0.166031,0.037549,-0.179405
1.645412,1.566425,0.763726,-0.056158,-0.015162,-0.988446,0.139970,0.234650,-0.189944,-0.021011,0.174789,-0.278278,0.185659,-0.501035,-0.264914,-0.159846,1.098379,-0.264999,-0.232645,-0.117448,-0.025225,0.215102,-0.335615,0.357385,-0.612039,0.786705,-0.087264,0.075291,0.281243,0.032564,-0.267867,0.408278,1.098470,0.164184,0.037666,-0.181390
1.636195,1.565175,0.762848,-0.054899,-0.014340,-0.987717,0.145586,0.243902,-0.187055,-0.033696,0.179319,-0.290452,0.185534,-0.507147,-0.247206,-0.149468,1.028437,-0.255252,-0.210710,-0.122678,-0.024185,0.212654,-0.347106,0.359646,-0.609165,0.774052,-0.084660,0.074185,0.281007,0.045460,-0.267650,0.405186,1.099373,0.163670,0.037650,-0.182801
1.626979,1.563845,0.761795,-0.053591,-0.013614,-0.986969,0.151110,0.252713,-0.184137,-0.046148,0.184597,-0.303020,0.185317,-0.510829,-0.228471,-0.135762,0.953356,-0.243048,-0.187617,-0.127269,-0.023288,0.210094,-0.358302,0.361232,-0.606647,0.761699,-0.081479,0.073277,0.280306,0.058316,-0.267331,0.401981,1.100780,0.163810,0.037532,-0.183883
1.617676,1.562501,0.760608,-0.052227,-0.013202,-0.986195,0.156581,0.261882,-0.181780,-0.058581,0.189334,-0.315082,0.184996,-0.511788,-0.210942,-0.120655,0.874446,-0.229615,-0.163279,-0.131494,-0.022920,0.207316,-0.368795,0.362236,-0.604453,0.749524,-0.077907,0.072465,0.279539,0.071113,-0.266965,0.398612,1.102657,0.164457,0.037463,-0.184624
1.608302,1.561056,0.759203,-0.050803,-0.013337,-0.985389,0.162016,0.272192,-0.180549,-0.071177,0.192314,-0.325813,0.184555,-0.509959,-0.196566,-0.106205,0.792945,-0.215961,-0.137349,-0.135491,-0.023532,0.204276,-0.378125,0.362940,-0.602644,0.737164,-0.074199,0.071674,0.279096,0.083861,-0.266546,0.394826,1.104929,0.165361,0.037563,-0.184988
1.598807,1.559528,0.757580,-0.049322,-0.014232,-0.984544,0.167448,0.284219,-0.180888,-0.084210,0.192495,-0.334708,0.183910,-0.504833,-0.185676,-0.092717,0.706363,-0.200929,-0.109144,-0.139177,-0.025547,0.201034,-0.386325,0.363499,-0.601394,0.724302,-0.070381,0.071059,0.279115,0.096699,-0.265984,0.390188,1.107485,0.166423,0.037841,-0.184890
1.589166,1.557831,0.755774,-0.047797,-0.015747,-0.983657,0.172877,0.297461,-0.182402,-0.097577,0.190788,-0.342297,0.183104,-0.496308,-0.177611,-0.079111,0.613873,-0.184032,-0.079212,-0.142746,-0.028719,0.197566,-0.393386,0.363742,-0.600357,0.711136,-0.066225,0.070602,0.279385,0.109467,-0.265351,0.385259,1.110470,0.167926,0.038229,-0.184394
1.579475,1.556015,0.753813,-0.046255,-0.017664,-0.982721,0.178346,0.311432,-0.184497,-0.111109,0.188243,-0.348914,0.182298,-0.484782,-0.172515,-0.065806,0.518736,-0.166725,-0.048582,-0.146159,-0.032625,0.193926,-0.399470,0.363726,-0.599866,0.698027,-0.062165,0.069996,0.279720,0.122209,-0.264609,0.380049,1.113733,0.169633,0.038806,-0.183623
1.569648,1.554039,0.751702,-0.044736,-0.019821,-0.981719,0.183937,0.325733,-0.186718,-0.124718,0.185858,-0.354850,0.181680,-0.470494,-0.170338,-0.053531,0.424014,-0.150145,-0.017951,-0.149108,-0.037116,0.190190,-0.404936,0.363246,-0.600539,0.685612,-0.058412,0.068943,0.280012,0.134921,-0.263328,0.374182,1.117527,0.171142,0.039476,-0.182718
1.559535,1.552005,0.749436,-0.043314,-0.022627,-0.980595,0.189856,0.341546,-0.189920,-0.139103,0.182145,-0.359445,0.181467,-0.451442,-0.171465,-0.041298,0.324618,-0.133432,0.014421,-0.153206,-0.042823,0.186305,-0.408391,0.362661,-0.600832,0.672962,-0.054736,0.067228,0.280078,0.147397,-0.262311,0.369205,1.121856,0.173279,0.040295,-0.181627
1.549374,1.549908,0.746919,-0.042143,-0.026686,-0.979231,0.196518,0.360051,-0.195161,-0.155507,0.175943,-0.362007,0.181733,-0.425610,-0.177455,-0.030183,0.216732,-0.114160,0.048990,-0.158025,-0.051194,0.182623,-0.411264,0.361627,-0.602343,0.660968,-0.051440,0.065072,0.280073,0.160351,-0.260827,0.363494,1.126457,0.175465,0.041220,-0.180310
1.539113,1.547860,0.744228,-0.041287,-0.031947,-0.977561,0.204084,0.380720,-0.201962,-0.174195,0.168347,-0.362634,0.182380,-0.400943,-0.188931,-0.022798,0.120807,-0.098852,0.083423,-0.164427,-0.062218,0.179459,-0.413140,0.360448,-0.604251,0.649489,-0.048080,0.062830,0.279882,0.173251,-0.259071,0.358141,1.131068,0.177614,0.042422,-0.178973
1.528624,1.545876,0.741539,-0.040494,-0.037097,-0.975776,0.211768,0.400390,-0.207666,-0.192761,0.163032,-0.363053,0.182813,-0.415405,-0.202464,-0.015359,0.116999,-0.125236,0.114600,-0.171005,-0.073155,0.176688,-0.414223,0.359424,-0.606555,0.638511,-0.044757,0.060814,0.279579,0.185471,-0.257182,0.353416,1.135542,0.179316,0.044030,-0.177770
1.518039,1.543957,0.738952,-0.039417,-0.041317,-0.974032,0.219090,0.415645,-0.211107,-0.209228,0.164891,-0.366357,0.182670,-0.427036,-0.215146,-0.018058,0.115634,-0.145062,0.144711,-0.176592,-0.082329,0.173995,-0.414776,0.358411,-0.609435,0.627843,-0.041354,0.059030,0.279279,0.196579,-0.254904,0.348814,1.140283,0.180291,0.046097,-0.176655
1.507573,1.542068,0.736518,-0.038153,-0.044514,-0.972368,0.225972,0.427273,-0.212405,-0.223467,0.172456,-0.371805,0.181997,-0.435802,-0.226445,-0.028840,0.115238,-0.159338,0.174521,-0.181579,-0.089294,0.171436,-0.414024,0.357705,-0.612251,0.616759,-0.037939,0.057316,0.278921,0.206761,-0.252910,0.344806,1.145045,0.180984,0.048595,-0.175474
1.497190,1.540220,0.734386,-0.036709,-0.046500,-0.970905,0.232020,0.435846,-0.211497,-0.234883,0.183999,-0.377913,0.180724,-0.441180,-0.235208,-0.043466,0.115015,-0.167164,0.199109,-0.185219,-0.093735,0.168649,-0.411779,0.357111,-0.615011,0.605931,-0.034339,0.055740,0.278587,0.215841,-0.250982,0.341753,1.150037,0.181428,0.051322,-0.174456
1.486731,1.538425,0.732570,-0.035056,-0.046892,-0.969794,0.236796,0.441365,-0.207800,-0.242669,0.198981,-0.384139,0.178662,-0.443125,-0.239692,-0.057720,0.114916,-0.168402,0.213218,-0.186877,-0.094879,0.165236,-0.407672,0.356495,-0.617490,0.595842,-0.030373,0.054362,0.278377,0.223447,-0.249033,0.340173,1.155538,0.181698,0.054077,-0.173849
1.476307,1.536524,0.731070,-0.033366,-0.045335,-0.969139,0.240001,0.444216,-0.200495,-0.246251,0.217003,-0.390822,0.175547,-0.439412,-0.239107,-0.073701,0.114786,-0.163769,0.213253,-0.185990,-0.092134,0.161352,-0.401649,0.355625,-0.619562,0.586719,-0.025476,0.053191,0.278302,0.229098,-0.246813,0.340811,1.162476,0.182178,0.056662,-0.173814
1.465799,1.534439,0.729867,-0.031652,-0.041827,-0.968867,0.241961,0.444179,-0.189500,-0.246122,0.238436,-0.398115,0.171489,-0.430872,-0.233135,-0.092989,0.114865,-0.153195,0.202817,-0.183347,-0.085459,0.157020,-0.393853,0.354425,-0.621041,0.578554,-0.019769,0.052197,0.278276,0.232790,-0.244458,0.343593,1.170811,0.182856,0.059223,-0.174291
1.455148,1.532375,0.728991,-0.029386,-0.036644,-0.968850,0.243154,0.439362,-0.175682,-0.243073,0.265959,-0.406564,0.166744,-0.423357,-0.221504,-0.110106,0.117082,-0.136223,0.187403,-0.179803,-0.075352,0.151315,-0.384630,0.352839,-0.622181,0.571724,-0.014082,0.051315,0.278359,0.234860,-0.242165,0.347154,1.179432,0.183024,0.061999,-0.175042
1.444467,1.530482,0.728568,-0.026457,-0.030331,-0.968885,0.244219,0.430353,-0.160114,-0.238762,0.297504,-0.413369,0.161887,-0.419480,-0.205674,-0.120325,0.118727,-0.110111,0.172691,-0.176264,-0.062927,0.144141,-0.374382,0.351171,-0.623597,0.566403,-0.009510,0.050535,0.278521,0.236431,-0.240253,0.349977,1.186484,0.181929,0.065260,-0.175776
1.433647,1.528517,0.728402,-0.022148,-0.022540,-0.968956,0.245207,0.415444,-0.142144,-0.233470,0.333139,-0.419170,0.157234,-0.421938,-0.185346,-0.120103,0.119534,-0.068341,0.157198,-0.172799,-0.047582,0.134319,-0.362774,0.349988,-0.625344,0.561343,-0.005950,0.050048,0.278784,0.237866,-0.238955,0.351621,1.190903,0.178684,0.069635,-0.176521
1.422875,1.526630,0.728669,-0.016835,-0.013348,-0.969045,0.245946,0.396260,-0.121567,-0.227325,0.371554,-0.423627,0.152459,-0.430507,-0.161497,-0.112965,0.125263,-0.016427,0.139319,-0.168747,-0.029833,0.122085,-0.350793,0.348323,-0.627856,0.558436,-0.003000,0.049786,0.279151,0.238285,-0.237061,0.352796,1.194825,0.173826,0.074666,-0.177619
1.411847,1.524478,0.728877,-0.011779,-0.004125,-0.969029,0.246631,0.377212,-0.100807,-0.221247,0.410453,-0.423712,0.147218,-0.462212,-0.139893,-0.101463,0.181386,0.009220,0.123830,-0.164768,-0.012001,0.110107,-0.337560,0.346619,-0.630521,0.557517,-0.001274,0.049454,0.279478,0.238067,-0.235348,0.354004,1.197933,0.168915,0.079473,-0.178574
1.400684,1.521944,0.729031,-0.008237,0.003970,-0.968879,0.247367,0.361831,-0.082080,-0.215523,0.448854,-0.417072,0.141305,-0.483223,-0.120293,-0.095086,0.225902,0.028798,0.115094,-0.161329,0.003897,0.100756,-0.322885,0.344644,-0.632947,0.559676,-0.001326,0.048705,0.279666,0.237047,-0.233949,0.355841,1.200921,0.165534,0.083069,-0.179110
1.389517,1.519209,0.729239,-0.006603,0.010799,-0.968673,0.248016,0.351370,-0.065653,-0.210132,0.486717,-0.403825,0.135402,-0.494653,-0.103360,-0.093146,0.264332,0.035232,0.115788,-0.158452,0.017844,0.094507,-0.306150,0.342190,-0.634934,0.565141,-0.003710,0.046863,0.279989,0.235286,-0.233024,0.358688,1.204242,0.164412,0.085040,-0.179301
1.378314,1.516288,0.729747,-0.006146,0.017082,-0.968479,0.248435,0.342924,-0.050104,-0.204592,0.525657,-0.385542,0.129869,-0.500743,-0.087691,-0.092573,0.300524,0.033418,0.122437,-0.155745,0.031188,0.090015,-0.287702,0.339180,-0.636669,0.573503,-0.007933,0.044279,0.280411,0.232848,-0.232577,0.362162,1.207421,0.164639,0.085967,-0.179236
1.367155,1.513276,0.730436,-0.006426,0.022989,-0.968286,0.248701,0.333675,-0.035074,-0.198338,0.567498,-0.362263,0.124018,-0.502512,-0.073175,-0.093425,0.333038,0.027853,0.130156,-0.152964,0.044048,0.086956,-0.268776,0.335609,-0.638397,0.584852,-0.012979,0.042146,0.280402,0.229567,-0.232569,0.365551,1.209776,0.165320,0.086354,-0.178657
1.356086,1.510154,0.731331,-0.007034,0.028587,-0.968073,0.248935,0.321220,-0.020546,-0.190954,0.613741,-0.333859,0.116945,-0.500496,-0.059501,-0.095852,0.359312,0.023499,0.134358,-0.149931,0.056330,0.085103,-0.250571,0.331528,-0.640350,0.599246,-0.017837,0.041669,0.279445,0.225310,-0.232885,0.368153,1.210586,0.165545,0.086711,-0.177306
1.345232,1.506810,0.732504,-0.008043,0.033849,-0.967899,0.248921,0.305124,-0.006985,-0.181803,0.666293,-0.299366,0.109409,-0.493592,-0.046132,-0.099979,0.376712,0.022586,0.134897,-0.146618,0.067997,0.084714,-0.232399,0.326887,-0.641717,0.617190,-0.022162,0.042924,0.277338,0.219625,-0.233466,0.369844,1.209994,0.164900,0.087315,-0.174759
1.334653,1.503602,0.733829,-0.009616,0.038723,-0.967771,0.248652,0.286624,0.005588,-0.171356,0.724136,-0.259313,0.101597,-0.481903,-0.033092,-0.105470,0.386986,0.022307,0.134064,-0.143075,0.079059,0.085767,-0.213886,0.321674,-0.642650,0.638499,-0.026497,0.045357,0.274413,0.212693,-0.234306,0.371003,1.208372,0.163924,0.087841,-0.171291
1.324207,1.500407,0.735326,-0.011484,0.043180,-0.967580,0.248582,0.265881,0.017552,-0.160995,0.784689,-0.215779,0.091523,-0.467467,-0.020780,-0.111864,0.393513,0.020164,0.131010,-0.139227,0.089296,0.087703,-0.196717,0.316093,-0.644857,0.662229,-0.031157,0.049233,0.270975,0.205276,-0.235380,0.371596,1.205353,0.163096,0.087913,-0.167709
1.313901,1.497416,0.736867,-0.013384,0.047193,-0.967215,0.249178,0.242942,0.029250,-0.152233,0.845673,-0.170896,0.077276,-0.452322,-0.009681,-0.118754,0.399738,0.013646,0.124868,-0.134961,0.098471,0.090006,-0.182608,0.310482,-0.650135,0.687414,-0.036524,0.054828,0.267338,0.198098,-0.236624,0.371510,1.200647,0.162888,0.087075,-0.164808
1.303827,1.494494,0.738504,-0.015249,0.050756,-0.966615,0.250691,0.217136,0.040681,-0.146022,0.908459,-0.122125,0.054809,-0.437011,0.000056,-0.126312,0.406890,0.000490,0.113831,-0.130330,0.106392,0.092731,-0.172370,0.305157,-0.659450,0.714235,-0.043099,0.063500,0.263601,0.191789,-0.237851,0.369665,1.192985,0.162927,0.085202,-0.162506
1.293857,1.491737,0.740214,-0.017224,0.053846,-0.965859,0.252823,0.188533,0.051016,-0.141929,0.974435,-0.069725,0.026060,-0.420426,0.008825,-0.134460,0.413011,-0.017460,0.098959,-0.125279,0.113064,0.096167,-0.164851,0.300215,-0.671769,0.742841,-0.050632,0.074710,0.259653,0.185743,-0.238986,0.366359,1.182994,0.163084,0.082511,-0.160493
1.284195,1.488902,0.741939,-0.019362,0.056470,-0.965035,0.255231,0.158182,0.059937,-0.138917,1.041184,-0.019860,-0.001631,-0.402141,0.016867,-0.142566,0.416814,-0.036572,0.083646,-0.119690,0.118669,0.100144,-0.158803,0.295661,-0.685742,0.772220,-0.058386,0.085878,0.255446,0.178887,-0.240239,0.363675,1.172998,0.164194,0.079168,-0.159216
1.274679,1.486105,0.743678,-0.021715,0.058692,-0.964228,0.257583,0.127170,0.068194,-0.135222,1.105623,0.021681,-0.020349,-0.381735,0.024397,-0.150242,0.417026,-0.053245,0.071253,-0.113568,0.123585,0.104507,-0.152940,0.291457,-0.699909,0.801294,-0.065604,0.094423,0.250858,0.170205,-0.241993,0.363816,1.165189,0.167139,0.075361,-0.159081
1.265331,1.483183,0.745490,-0.024412,0.060640,-0.963410,0.259939,0.094682,0.077430,-0.129946,1.168347,0.057042,-0.027159,-0.358389,0.031638,-0.158160,0.412429,-0.066609,0.062494,-0.107120,0.128200,0.109483,-0.147628,0.287645,-0.715065,0.830566,-0.072627,0.099088,0.245420,0.159561,-0.244548,0.367792,1.159555,0.173494,0.070554,-0.160506
1.256263,1.480129,0.747327,-0.027399,0.062345,-0.962557,0.262386,0.060295,0.088171,-0.123444,1.230486,0.088216,-0.025665,-0.332633,0.038637,-0.166374,0.403906,-0.078407,0.055668,-0.100369,0.132583,0.115153,-0.143195,0.284262,-0.731362,0.860069,-0.079687,0.101465,0.239265,0.147585,-0.247889,0.374499,1.154768,0.182418,0.064864,-0.163051
1.247413,1.477095,0.749089,-0.030428,0.063700,-0.961730,0.264747,0.026000,0.099809,-0.115706,1.289020,0.109577,-0.017667,-0.305618,0.045156,-0.173873,0.392855,-0.088890,0.050456,-0.093273,0.136548,0.121050,-0.138287,0.281211,-0.746383,0.888100,-0.085795,0.103214,0.233155,0.134310,-0.251972,0.382933,1.151199,0.191145,0.059457,-0.165874
1.238790,1.473964,0.750878,-0.033248,0.064567,-0.961007,0.266816,-0.006249,0.110964,-0.106857,1.341232,0.115283,-0.005755,-0.278685,0.050861,-0.179608,0.380890,-0.098394,0.046468,-0.085805,0.139856,0.126712,-0.131492,0.278362,-0.757626,0.913022,-0.089906,0.105955,0.227859,0.119697,-0.256755,0.392223,1.149366,0.196965,0.055489,-0.168189
1.230354,1.470612,0.752659,-0.035802,0.064837,-0.960428,0.268500,-0.035555,0.121129,-0.096295,1.386631,0.097558,0.011124,-0.252237,0.055456,-0.183228,0.368534,-0.106940,0.043914,-0.077830,0.142339,0.132104,-0.122436,0.275552,-0.764490,0.934807,-0.090690,0.110010,0.223020,0.103318,-0.262282,0.402925,1.149883,0.199004,0.053285,-0.170202
1.222068,1.467162,0.754383,-0.038199,0.064542,-0.959954,0.269934,-0.062845,0.129988,-0.084568,1.426625,0.061388,0.032512,-0.225721,0.058964,-0.185420,0.355279,-0.114561,0.042797,-0.069475,0.144083,0.137431,-0.111875,0.272739,-0.768215,0.954314,-0.088985,0.114500,0.218397,0.085291,-0.268553,0.415423,1.152356,0.198822,0.052228,-0.172212
1.213891,1.463497,0.756146,-0.040444,0.063756,-0.959543,0.271250,-0.088978,0.136263,-0.073239,1.461292,0.020336,0.053477,-0.199144,0.061478,-0.186700,0.341414,-0.121623,0.042422,-0.061050,0.145166,0.142591,-0.100046,0.270028,-0.769113,0.971210,-0.086998,0.119250,0.214959,0.066425,-0.275445,0.428509,1.155738,0.197270,0.052152,-0.173626
1.205759,1.459847,0.757868,-0.042557,0.062615,-0.959151,0.272576,-0.115009,0.139740,-0.063202,1.490671,-0.011855,0.070141,-0.172451,0.063233,-0.187589,0.327073,-0.128407,0.042154,-0.052854,0.145748,0.147506,-0.087155,0.267638,-0.767512,0.985047,-0.086978,0.124107,0.213695,0.047539,-0.282785,0.440934,1.158906,0.195197,0.052950,-0.173876
1.197724,1.456145,0.759537,-0.044490,0.061105,-0.958768,0.273953,-0.141535,0.140817,-0.053833,1.514415,-0.031553,0.082019,-0.145659,0.064104,-0.188083,0.312166,-0.134860,0.042003,-0.044970,0.145722,0.152130,-0.072954,0.265711,-0.763106,0.995181,-0.089791,0.129768,0.215559,0.028358,-0.290512,0.452626,1.162261,0.191882,0.055083,-0.172441
1.189694,1.452415,0.761138,-0.046257,0.059191,-0.958415,0.275315,-0.168005,0.139641,-0.044467,1.532558,-0.045801,0.091172,-0.118781,0.063970,-0.188036,0.296677,-0.140878,0.042339,-0.037251,0.145032,0.156588,-0.057294,0.264281,-0.755825,1.001717,-0.094203,0.136070,0.219812,0.008546,-0.298623,0.464194,1.166185,0.187150,0.058450,-0.169752
1.181661,1.448574,0.762640,-0.047979,0.057014,-0.958087,0.276616,-0.193829,0.136288,-0.035647,1.545659,-0.056853,0.098128,-0.091622,0.063212,-0.187744,0.280570,-0.146519,0.043054,-0.029625,0.143949,0.161064,-0.040555,0.263441,-0.746377,1.005334,-0.099329,0.141588,0.224903,-0.011362,-0.307045,0.475368,1.169916,0.182641,0.061892,-0.166647
1.173733,1.444698,0.763983,-0.049777,0.054703,-0.957784,0.277812,-0.218416,0.130741,-0.028010,1.554272,-0.066991,0.103367,-0.063977,0.062236,-0.187492,0.263829,-0.151859,0.043983,-0.021956,0.142715,0.165708,-0.023121,0.263317,-0.735549,1.006736,-0.104275,0.144921,0.229259,-0.030803,-0.315700,0.485772,1.172633,0.179996,0.064328,-0.164011
1.165693,1.440806,0.765227,-0.051741,0.052191,-0.957482,0.278976,-0.241758,0.122400,-0.021928,1.558491,-0.075571,0.107301,-0.035361,0.061036,-0.187529,0.246113,-0.156934,0.044876,-0.014261,0.141220,0.170662,-0.004730,0.264033,-0.723055,1.005454,-0.108739,0.145448,0.232821,-0.049666,-0.324576,0.495281,1.174291,0.179957,0.065431,-0.161936
1.157734,1.436885,0.766252,-0.053797,0.049461,-0.957184,0.280105,-0.264194,0.111545,-0.016985,1.557986,-0.081745,0.109587,-0.006005,0.059492,-0.187710,0.227562,-0.161728,0.045844,-0.006610,0.139415,0.175873,0.014889,0.265621,-0.708571,1.001018,-0.113212,0.144023,0.236265,-0.068297,-0.333685,0.504094,1.175287,0.181540,0.065809,-0.160024
1.149851,1.432944,0.767107,-0.055806,0.046711,-0.956933,0.281041,-0.285672,0.099433,-0.012706,1.552710,-0.087495,0.109588,0.023213,0.057871,-0.187705,0.208862,-0.166223,0.047177,0.001074,0.137603,0.181146,0.035310,0.268023,-0.692918,0.994286,-0.117986,0.141464,0.239110,-0.086853,-0.343009,0.512288,1.175574,0.183774,0.065733,-0.158426
1.142014,1.428981,0.767760,-0.057625,0.044132,-0.956775,0.281627,-0.306108,0.087338,-0.008625,1.542607,-0.094835,0.106725,0.051451,0.056402,-0.187141,0.190604,-0.170346,0.049155,0.008957,0.136061,0.186243,0.055980,0.271101,-0.677026,0.986297,-0.123374,0.138584,0.240892,-0.105446,-0.352495,0.519821,1.175187,0.185631,0.065400,-0.157276
1.134164,1.424947,0.768251,-0.059296,0.041700,-0.956744,0.281754,-0.325198,0.075027,-0.004942,1.527332,-0.105004,0.100307,0.078789,0.055077,-0.185739,0.172798,-0.174042,0.052030,0.017274,0.134811,0.191180,0.076907,0.274770,-0.660815,0.977016,-0.129738,0.135187,0.241077,-0.124113,-0.362170,0.526644,1.174165,0.187085,0.064736,-0.156496
1.126312,1.420826,0.768546,-0.060871,0.039349,-0.956814,0.281519,-0.343074,0.062344,-0.001888,1.506978,-0.116810,0.091113,0.105598,0.053831,-0.183738,0.155181,-0.177345,0.055480,0.025932,0.133746,0.196031,0.098315,0.278968,-0.643917,0.966115,-0.136827,0.130986,0.240029,-0.142776,-0.372058,0.532737,1.172486,0.188563,0.063672,-0.156048
1.118569,1.416877,0.768691,-0.062203,0.037174,-0.956951,0.281059,-0.360259,0.050571,0.001019,1.482111,-0.128578,0.080729,0.131635,0.052782,-0.181484,0.137545,-0.180321,0.058969,0.034659,0.132866,0.200596,0.119832,0.283545,-0.626927,0.954415,-0.144060,0.126651,0.238653,-0.161350,-0.382044,0.538140,1.170027,0.189836,0.062486,-0.156166
1.110957,1.412874,0.768667,-0.063142,0.035265,-0.957120,0.280518,-0.377262,0.040808,0.004257,1.453322,-0.138583,0.070563,0.154117,0.051514,-0.179440,0.125099,-0.185834,0.062067,0.043231,0.132130,0.204616,0.140947,0.288285,-0.610529,0.942960,-0.150864,0.122827,0.237883,-0.179728,-0.391928,0.542798,1.166757,0.190632,0.061450,-0.157101
1.103408,1.408889,0.768530,-0.063618,0.033701,-0.957333,0.279877,-0.394372,0.032908,0.007311,1.420549,-0.146735,0.059784,0.169801,0.049610,-0.177689,0.124189,-0.197116,0.064599,0.051700,0.131617,0.207906,0.161339,0.293046,-0.594843,0.932154,-0.157459,0.119485,0.237859,-0.198177,-0.401613,0.546680,1.163016,0.190630,0.060566,-0.159162
1.095877,1.404858,0.768162,-0.063718,0.032413,-0.957605,0.279074,-0.411158,0.026521,0.010075,1.383474,-0.153857,0.048111,0.184263,0.047990,-0.175785,0.123335,-0.208074,0.066851,0.060189,0.131278,0.210536,0.181156,0.297764,-0.579583,0.921804,-0.164014,0.116320,0.238154,-0.216763,-0.411096,0.549806,1.159025,0.190036,0.059666,-0.162159
1.088314,1.400798,0.767656,-0.063515,0.031253,-0.957917,0.278181,-0.427025,0.022132,0.013694,1.342294,-0.159518,0.037538,0.197966,0.046334,-0.173880,0.122475,-0.218932,0.069210,0.068583,0.130818,0.212605,0.200492,0.302334,-0.564862,0.912170,-0.169882,0.113547,0.238869,-0.235055,-0.420303,0.552145,1.154512,0.189336,0.058839,-0.165622
1.080723,1.396774,0.766941,-0.063061,0.029915,-0.958258,0.277256,-0.441477,0.019850,0.019578,1.297480,-0.163411,0.029924,0.211244,0.043963,-0.172101,0.121934,-0.230061,0.072067,0.076837,0.129631,0.214283,0.219391,0.306621,-0.550811,0.903562,-0.174409,0.111375,0.240122,-0.252653,-0.429118,0.553607,1.149334,0.188989,0.058108,-0.169072
1.073135,1.392667,0.766071,-0.062360,0.028442,-0.958603,0.276374,-0.454628,0.019836,0.027972,1.249001,-0.165225,0.026402,0.224200,0.040917,-0.170735,0.121569,-0.241656,0.075938,0.084816,0.127744,0.215540,0.237781,0.310550,-0.537203,0.896100,-0.177089,0.109850,0.242018,-0.269629,-0.437484,0.554080,1.143646,0.189238,0.057517,-0.172687
1.065601,1.388480,0.765117,-0.061452,0.027063,-0.958945,0.275528,-0.466494,0.021844,0.037952,1.196715,-0.165243,0.025441,0.236411,0.037687,-0.169756,0.121979,-0.253860,0.080500,0.092443,0.125663,0.216324,0.255553,0.314103,-0.524066,0.889817,-0.178366,0.108848,0.244509,-0.286225,-0.445403,0.553636,1.137675,0.189760,0.057019,-0.176637
1.057972,1.384135,0.764093,-0.060348,0.025875,-0.959306,0.274628,-0.476368,0.025426,0.049246,1.140003,-0.163520,0.024926,0.248150,0.034578,-0.168734,0.122372,-0.265785,0.084895,0.099838,0.123650,0.216489,0.272645,0.317241,-0.511918,0.884953,-0.178996,0.108328,0.247476,-0.302304,-0.452836,0.552539,1.131396,0.190278,0.056512,-0.180444
1.050262,1.379548,0.762996,-0.059126,0.025035,-0.959694,0.273616,-0.483530,0.030258,0.061380,1.078268,-0.160142,0.022726,0.259468,0.032044,-0.167303,0.122733,-0.277005,0.088204,0.107050,0.122151,0.215951,0.288958,0.319913,-0.501310,0.881795,-0.179739,0.108242,0.250811,-0.317761,-0.459730,0.551076,1.124832,0.190523,0.055892,-0.183639
1.042598,1.374933,0.761788,-0.057668,0.024505,-0.960108,0.272520,-0.487898,0.036109,0.074433,1.010405,-0.154281,0.017940,0.270088,0.029941,-0.165438,0.123098,-0.287554,0.089811,0.113922,0.121013,0.214500,0.304369,0.322115,-0.492653,0.880674,-0.180641,0.108665,0.255037,-0.332815,-0.466050,0.549253,1.118235,0.190547,0.055091,-0.186038
1.034833,1.370226,0.760494,-0.055986,0.024205,-0.960544,0.271357,-0.489625,0.042803,0.088774,0.936671,-0.145989,0.011588,0.280098,0.028081,-0.163287,0.123495,-0.297628,0.090320,0.120461,0.120061,0.212232,0.318894,0.323883,-0.485589,0.881460,-0.181331,0.109585,0.260051,-0.347469,-0.471787,0.546916,1.111610,0.190404,0.054173,-0.187920
1.027061,1.365473,0.759044,-0.054340,0.024234,-0.961007,0.270045,-0.488436,0.050157,0.104356,0.858459,-0.136598,0.004510,0.290106,0.026837,-0.160703,0.123826,-0.307015,0.090625,0.126937,0.119670,0.209514,0.332660,0.325218,-0.479473,0.883743,-0.181960,0.110822,0.264801,-0.361457,-0.476969,0.544283,1.104724,0.189937,0.053235,-0.189511
1.019296,1.360554,0.757440,-0.052990,0.024687,-0.961505,0.268496,-0.484112,0.058096,0.121112,0.777109,-0.127528,-0.002382,0.300667,0.026556,-0.157597,0.124122,-0.315586,0.091697,0.133638,0.120226,0.206704,0.345818,0.326084,-0.473641,0.887095,-0.182655,0.112203,0.268235,-0.374547,-0.481637,0.541646,1.097354,0.189063,0.052375,-0.191032
1.011456,1.355502,0.755694,-0.052035,0.025606,-0.962051,0.266634,-0.475699,0.066605,0.139180,0.689790,-0.118335,-0.009233,0.311986,0.027369,-0.153911,0.124325,-0.323412,0.093785,0.140699,0.121884,0.203916,0.358283,0.326480,-0.468167,0.891698,-0.183297,0.113717,0.269907,-0.386698,-0.485779,0.538754,1.089301,0.187528,0.051768,-0.192443
1.003516,1.350363,0.753873,-0.051361,0.026965,-0.962648,0.264469,-0.463222,0.075525,0.158724,0.595836,-0.108034,-0.016550,0.323780,0.029084,-0.149581,0.124492,-0.330541,0.096397,0.148038,0.124526,0.200958,0.370042,0.326425,-0.463314,0.897645,-0.183851,0.115451,0.270436,-0.398073,-0.489387,0.535615,1.080754,0.185515,0.051312,-0.193654
0.995389,1.344971,0.751946,-0.050914,0.028772,-0.963294,0.262001,-0.447928,0.084737,0.179760,0.499691,-0.097100,-0.023919,0.335878,0.031576,-0.144383,0.124578,-0.336560,0.099349,0.155663,0.128149,0.197722,0.381373,0.325862,-0.458667,0.904384,-0.184580,0.117358,0.270351,-0.408574,-0.492513,0.532626,1.071914,0.183257,0.050710,-0.194810
0.987225,1.339524,0.749868,-0.050657,0.031060,-0.963989,0.259218,-0.431234,0.094263,0.202279,0.406195,-0.086197,-0.030914,0.348112,0.034837,-0.138063,0.124586,-0.341110,0.102426,0.163583,0.132820,0.194107,0.392558,0.324677,-0.453800,0.911395,-0.185724,0.119392,0.270183,-0.418205,-0.495240,0.530377,1.063046,0.181159,0.049660,-0.196052
0.978994,1.333880,0.747666,-0.050756,0.034209,-0.964780,0.255837,-0.412310,0.104998,0.227423,0.312509,-0.074998,-0.037961,0.360569,0.039828,-0.129989,0.124492,-0.344207,0.105474,0.172268,0.139479,0.189946,0.403703,0.322750,-0.448827,0.919010,-0.187250,0.121449,0.269829,-0.427004,-0.497621,0.529100,1.054119,0.179315,0.047995,-0.197336
0.970696,1.328084,0.745296,-0.051403,0.038404,-0.965690,0.251644,-0.390151,0.117288,0.255208,0.216283,-0.062670,-0.045433,0.373557,0.046992,-0.119680,0.124295,-0.345945,0.108450,0.182083,0.148661,0.185351,0.414753,0.320036,-0.443905,0.927326,-0.189027,0.123582,0.269113,-0.435065,-0.499685,0.528612,1.045091,0.177564,0.045921,-0.198569
0.962469,1.322158,0.742916,-0.052416,0.043140,-0.966637,0.246992,-0.365729,0.129501,0.283875,0.122089,-0.048807,-0.052608,0.387050,0.054984,-0.107710,0.123982,-0.346097,0.111423,0.192462,0.159208,0.180607,0.425593,0.316532,-0.438689,0.935543,-0.191151,0.125962,0.268433,-0.442189,-0.501421,0.528565,1.035937,0.175740,0.043704,-0.199843
0.954413,1.316151,0.740688,-0.053240,0.047406,-0.967473,0.242724,-0.378879,0.150779,0.305600,0.119056,-0.077482,-0.058669,0.400559,0.061269,-0.095911,0.123611,-0.344557,0.114749,0.201952,0.168632,0.175958,0.435834,0.312272,-0.432832,0.943073,-0.193737,0.128756,0.268166,-0.448091,-0.502746,0.528455,1.026565,0.173605,0.041594,-0.201321
0.946399,1.310055,0.738694,-0.053681,0.050945,-0.968167,0.239115,-0.388525,0.168486,0.325210,0.116847,-0.102618,-0.062384,0.413827,0.065265,-0.085018,0.123258,-0.341683,0.118641,0.209959,0.176218,0.171485,0.445709,0.307335,-0.425861,0.949649,-0.197226,0.132230,0.268353,-0.452863,-0.503597,0.528353,1.016959,0.171136,0.039466,-0.203179
0.938287,1.303547,0.736929,-0.053654,0.053812,-0.968719,0.236241,-0.395736,0.182547,0.343595,0.115803,-0.125414,-0.064195,0.426819,0.067210,-0.075381,0.122852,-0.337625,0.123259,0.216232,0.182089,0.166952,0.454720,0.301283,-0.418014,0.956308,-0.201330,0.136163,0.268837,-0.456630,-0.503971,0.528476,1.007156,0.168386,0.037241,-0.205365
0.930039,1.296909,0.735374,-0.052921,0.055572,-0.969092,0.234460,-0.400496,0.191566,0.360493,0.116267,-0.142155,-0.064647,0.439178,0.066288,-0.067910,0.122417,-0.331820,0.128665,0.220464,0.185063,0.162327,0.462313,0.294596,-0.410230,0.963005,-0.205367,0.140141,0.269597,-0.458998,-0.503708,0.528179,0.997160,0.165336,0.035197,-0.207701
0.921532,1.290299,0.734038,-0.051386,0.056190,-0.969275,0.233899,-0.401768,0.195081,0.375608,0.116378,-0.147907,-0.064147,0.450664,0.062609,-0.062872,0.121919,-0.323658,0.134727,0.222690,0.184852,0.157413,0.468155,0.287713,-0.403313,0.969581,-0.208608,0.143740,0.270625,-0.459713,-0.502718,0.527002,0.987064,0.161998,0.033624,-0.209948
0.912829,1.283669,0.732987,-0.049169,0.055506,-0.969206,0.234820,-0.397532,0.192045,0.388741,0.115981,-0.139706,-0.064535,0.461481,0.056028,-0.060783,0.121982,-0.314061,0.141640,0.222428,0.181117,0.152760,0.472349,0.280958,-0.397102,0.975580,-0.210976,0.147283,0.272237,-0.458590,-0.500922,0.524566,0.976502,0.158201,0.032725,-0.212119
0.904737,1.277007,0.732590,-0.046460,0.053572,-0.968912,0.237027,-0.388574,0.182864,0.400013,0.115316,-0.120330,-0.064741,0.471788,0.046967,-0.061442,0.123290,-0.303519,0.149477,0.219893,0.174188,0.148629,0.475350,0.274418,-0.391274,0.980778,-0.212899,0.150890,0.274295,-0.455762,-0.498327,0.521106,0.965554,0.153964,0.032290,-0.214299
0.896590,1.270216,0.732402,-0.042708,0.050008,-0.968378,0.240663,-0.380802,0.167592,0.409065,0.118089,-0.096364,-0.060417,0.481162,0.034508,-0.065789,0.125212,-0.290746,0.158467,0.214965,0.162926,0.144187,0.476735,0.268231,-0.386414,0.985836,-0.214405,0.153826,0.276053,-0.451150,-0.494914,0.516757,0.954658,0.149509,0.031967,-0.216471
0.887992,1.263326,0.732085,-0.038047,0.045774,-0.967684,0.245041,-0.376002,0.149303,0.415949,0.120155,-0.069896,-0.047883,0.488916,0.020752,-0.072243,0.127858,-0.274201,0.167851,0.208963,0.149448,0.138338,0.476947,0.262526,-0.383169,0.990714,-0.215533,0.155383,0.276806,-0.444613,-0.490734,0.511609,0.944275,0.144792,0.031452,-0.218427
0.879410,1.256276,0.732146,-0.031584,0.040533,-0.966835,0.250180,-0.376757,0.127325,0.421458,0.121990,-0.038319,-0.021250,0.482711,0.003236,-0.081609,0.154310,-0.266790,0.178338,0.201936,0.132148,0.129696,0.476316,0.257404,-0.381175,0.994921,-0.216183,0.155123,0.276548,-0.436045,-0.485861,0.505995,0.933818,0.139836,0.030852,-0.220119
0.870965,1.249136,0.732547,-0.023614,0.034319,-0.965852,0.255722,-0.400844,0.111279,0.424461,0.169896,-0.024515,0.014997,0.461715,-0.018478,-0.092117,0.207574,-0.270270,0.189677,0.194434,0.111410,0.118786,0.474972,0.252919,-0.380278,0.998225,-0.216382,0.153526,0.275582,-0.425439,-0.480260,0.499735,0.923135,0.134559,0.030306,-0.221546
0.862284,1.241882,0.732906,-0.015794,0.028112,-0.964828,0.260897,-0.427753,0.097203,0.427471,0.224969,-0.015085,0.050533,0.439993,-0.040324,-0.100218,0.262358,-0.269138,0.199878,0.187784,0.090938,0.107625,0.472572,0.249142,-0.381402,1.001329,-0.216375,0.151268,0.273647,-0.413215,-0.473882,0.492549,0.913603,0.129268,0.029514,-0.222685
0.853413,1.234482,0.733075,-0.009647,0.022554,-0.963834,0.265371,-0.445908,0.083627,0.429709,0.269034,-0.008071,0.075597,0.419439,-0.059516,-0.103899,0.319041,-0.261542,0.207093,0.182707,0.073598,0.098440,0.468470,0.246156,-0.385490,1.005162,-0.216429,0.149007,0.270468,-0.399736,-0.466687,0.484083,0.906532,0.124369,0.028163,-0.223581
0.844497,1.226969,0.733293,-0.005387,0.017630,-0.962869,0.269340,-0.454336,0.070244,0.428833,0.302428,-0.006203,0.084869,0.400827,-0.075754,-0.103602,0.377352,-0.246509,0.210546,0.179362,0.059577,0.091374,0.461957,0.244115,-0.394068,1.011026,-0.217545,0.146484,0.265317,-0.384101,-0.458511,0.473208,0.901900,0.119301,0.025699,-0.224458
0.835726,1.219459,0.733677,-0.002113,0.012814,-0.961862,0.273225,-0.457077,0.056507,0.424973,0.330554,-0.008357,0.085138,0.382506,-0.090977,-0.100978,0.437674,-0.225458,0.211010,0.177015,0.046811,0.085382,0.453355,0.243073,-0.406338,1.018169,-0.219371,0.143521,0.258509,-0.366360,-0.449330,0.460229,0.898994,0.114083,0.022428,-0.225273
0.827143,1.211972,0.734245,0.000345,0.007918,-0.960806,0.277108,-0.455959,0.042706,0.419800,0.356017,-0.014057,0.084610,0.363014,-0.105704,-0.096243,0.500910,-0.199912,0.209217,0.174923,0.034687,0.081005,0.443564,0.242792,-0.419654,1.024505,-0.220029,0.140858,0.251340,-0.348084,-0.439322,0.446753,0.897915,0.109725,0.019325,-0.225685
0.818672,1.204551,0.735003,0.002057,0.002864,-0.959710,0.280969,-0.452437,0.028673,0.415197,0.379880,-0.022208,0.091115,0.341222,-0.119937,-0.089368,0.567702,-0.171104,0.206206,0.172356,0.022977,0.078853,0.433504,0.242845,-0.431249,1.028023,-0.217555,0.139191,0.245176,-0.331013,-0.428798,0.434671,0.898926,0.107294,0.017371,-0.225321
0.810433,1.197134,0.735899,0.002789,-0.002391,-0.958547,0.284911,-0.446789,0.013703,0.411061,0.402526,-0.033112,0.108711,0.317278,-0.133381,-0.080159,0.639443,-0.138378,0.203367,0.169109,0.012049,0.079631,0.422818,0.242862,-0.440982,1.028731,-0.209998,0.139259,0.239978,-0.314923,-0.417789,0.423517,0.902211,0.107464,0.016904,-0.224345
0.802397,1.189737,0.736953,0.002492,-0.007689,-0.957317,0.288926,-0.438236,-0.002355,0.406311,0.422678,-0.046588,0.132273,0.291899,-0.145622,-0.068855,0.715121,-0.101199,0.199971,0.165455,0.002266,0.082878,0.411070,0.242724,-0.450089,1.027919,-0.198764,0.140423,0.235214,-0.299296,-0.406252,0.412843,0.907736,0.109610,0.017391,-0.222899
0.794588,1.182423,0.738035,0.001498,-0.012783,-0.956090,0.292791,-0.426650,-0.018781,0.401475,0.438779,-0.060914,0.155826,0.264897,-0.156271,-0.056084,0.791825,-0.060939,0.194163,0.161363,-0.006495,0.087496,0.399056,0.242393,-0.457778,1.025433,-0.186903,0.141316,0.231533,-0.285169,-0.394511,0.404507,0.915298,0.112709,0.018507,-0.220549
0.786934,1.175131,0.739087,0.000173,-0.017459,-0.954937,0.296296,-0.411787,-0.034672,0.397119,0.449339,-0.074774,0.173424,0.235953,-0.165182,-0.042641,0.866828,-0.018940,0.183991,0.156694,-0.014404,0.092383,0.387595,0.241817,-0.463126,1.021018,-0.177444,0.140605,0.229595,-0.273535,-0.383086,0.400565,0.924639,0.115899,0.019938,-0.216830
0.779450,1.167886,0.740113,-0.001542,-0.021698,-0.953927,0.299249,-0.392894,-0.049645,0.393817,0.453713,-0.088872,0.183145,0.203382,-0.172274,-0.028253,0.942541,0.029892,0.167473,0.151458,-0.021323,0.097675,0.377410,0.240794,-0.464948,1.013623,-0.170293,0.137681,0.230079,-0.264732,-0.372410,0.401877,0.935799,0.119732,0.021998,-0.211167
0.772252,1.160663,0.741103,-0.003758,-0.025659,-0.953016,0.301807,-0.370301,-0.064143,0.391091,0.452864,-0.103728,0.188293,0.167687,-0.178017,-0.013326,1.019558,0.084773,0.145942,0.145641,-0.027222,0.103840,0.367745,0.239216,-0.463950,1.003855,-0.164072,0.133356,0.232489,-0.257968,-0.362563,0.407407,0.948672,0.124576,0.024777,-0.203916
0.765113,1.153531,0.742057,-0.006201,-0.029328,-0.952093,0.304336,-0.345507,-0.078287,0.387849,0.448093,-0.117949,0.190747,0.131821,-0.182958,0.000487,1.092748,0.135120,0.122290,0.139045,-0.032293,0.110247,0.357191,0.237288,-0.462147,0.993854,-0.159936,0.128440,0.235704,-0.252341,-0.353493,0.416125,0.962652,0.129127,0.027611,-0.195978
0.758113,1.146544,0.743051,-0.008593,-0.032734,-0.951046,0.307192,-0.320237,-0.092267,0.383153,0.441001,-0.130194,0.192483,0.098439,-0.187384,0.012301,1.158006,0.169491,0.099848,0.131585,-0.036879,0.116313,0.344468,0.235411,-0.461640,0.985544,-0.159080,0.123753,0.238553,-0.246912,-0.345060,0.426879,0.977065,0.132092,0.029804,-0.188244
0.751159,1.139678,0.744110,-0.010979,-0.035967,-0.949941,0.310159,-0.294012,-0.106168,0.377492,0.431238,-0.140384,0.193638,0.068398,-0.190263,0.023638,1.214976,0.183456,0.079225,0.123655,-0.041273,0.122240,0.329809,0.233831,-0.462248,0.978384,-0.163284,0.119247,0.241098,-0.241989,-0.337338,0.440357,0.992149,0.132784,0.030850,-0.180191
0.744217,1.132904,0.745262,-0.013484,-0.038945,-0.948812,0.313140,-0.266184,-0.119843,0.371173,0.418109,-0.149130,0.193426,0.040075,-0.191138,0.034907,1.266544,0.183076,0.059284,0.115290,-0.045221,0.128244,0.313891,0.232581,-0.463188,0.971342,-0.171480,0.114582,0.243745,-0.237887,-0.330367,0.456688,1.008068,0.132058,0.031214,-0.171571
0.737392,1.126366,0.746526,-0.015950,-0.041408,-0.947541,0.316539,-0.238189,-0.132727,0.363230,0.403346,-0.156656,0.192341,0.012746,-0.191213,0.043934,1.312882,0.172600,0.040526,0.106191,-0.048255,0.133737,0.296132,0.231798,-0.465744,0.965567,-0.180669,0.110160,0.245830,-0.233597,-0.323896,0.473741,1.024035,0.130755,0.031617,-0.163687
0.730607,1.119905,0.747925,-0.018206,-0.043125,-0.946002,0.320763,-0.211393,-0.144273,0.352731,0.388576,-0.163145,0.190835,-0.014370,-0.192198,0.048536,1.354000,0.156272,0.023189,0.096160,-0.050035,0.138142,0.275900,0.231721,-0.471356,0.962197,-0.187925,0.106421,0.246732,-0.228013,-0.317617,0.489274,1.039311,0.129644,0.032770,-0.157847
0.723874,1.113645,0.749346,-0.020146,-0.043907,-0.944134,0.326003,-0.186406,-0.154054,0.339163,0.374381,-0.168623,0.188681,-0.041270,-0.194082,0.048161,1.389603,0.130952,0.008887,0.084968,-0.050417,0.141177,0.252739,0.232566,-0.480979,0.961804,-0.193741,0.103393,0.246070,-0.220891,-0.311333,0.503255,1.053942,0.128567,0.034909,-0.154729
0.717159,1.107473,0.750836,-0.021876,-0.043922,-0.942000,0.332007,-0.162452,-0.162342,0.323240,0.360096,-0.173180,0.185828,-0.067613,-0.196145,0.044203,1.419962,0.095624,-0.002819,0.072902,-0.049739,0.143230,0.227232,0.234329,-0.493886,0.963392,-0.199386,0.100934,0.244217,-0.212789,-0.305053,0.516494,1.068347,0.127115,0.037611,-0.153540
0.710376,1.101193,0.752345,-0.023533,-0.043500,-0.939654,0.338532,-0.138754,-0.169611,0.305803,0.345398,-0.177009,0.182874,-0.093655,-0.199296,0.037402,1.445730,0.057734,-0.014889,0.060551,-0.048378,0.144790,0.200257,0.236862,-0.508993,0.965767,-0.203048,0.099222,0.241695,-0.203564,-0.298784,0.528065,1.082113,0.125810,0.040607,-0.153376
0.703648,1.094970,0.753859,-0.025252,-0.042977,-0.937154,0.345336,-0.114536,-0.176350,0.287643,0.329911,-0.180226,0.180339,-0.119639,-0.204489,0.028487,1.467512,0.024682,-0.030378,0.048508,-0.046721,0.146322,0.172591,0.239982,-0.525253,0.967885,-0.202901,0.098412,0.239058,-0.193075,-0.292581,0.537027,1.094851,0.125141,0.043626,-0.153332
0.696968,1.088767,0.755323,-0.026971,-0.042337,-0.934467,0.352492,-0.089821,-0.182509,0.268650,0.313321,-0.182561,0.178088,-0.146003,-0.212045,0.017113,1.485389,-0.001777,-0.050783,0.036766,-0.044717,0.147712,0.143761,0.243608,-0.543467,0.970259,-0.197673,0.098867,0.236025,-0.180925,-0.286411,0.542979,1.106347,0.125224,0.046981,-0.153831
0.690374,1.082560,0.756758,-0.028652,-0.041434,-0.931560,0.360080,-0.065000,-0.187753,0.248503,0.296030,-0.184099,0.175820,-0.172293,-0.221387,0.003064,1.498977,-0.025664,-0.074099,0.025095,-0.042205,0.148850,0.113540,0.247648,-0.564005,0.973193,-0.188600,0.100369,0.232428,-0.167239,-0.280272,0.546451,1.116747,0.125829,0.050687,-0.155138
0.683863,1.076343,0.758097,-0.030464,-0.040422,-0.928498,0.367871,-0.039803,-0.192085,0.227616,0.278557,-0.185342,0.173764,-0.197415,-0.232169,-0.012865,1.508172,-0.048313,-0.098321,0.013688,-0.039361,0.150196,0.083005,0.251911,-0.585043,0.975456,-0.177586,0.102191,0.229018,-0.152562,-0.274273,0.547806,1.126100,0.126753,0.054026,-0.156113
0.677439,1.070065,0.759345,-0.032573,-0.039456,-0.925355,0.375632,-0.014030,-0.195510,0.206434,0.261539,-0.186860,0.172162,-0.220339,-0.243966,-0.029826,1.512865,-0.070987,-0.121356,0.002681,-0.036328,0.152194,0.053159,0.256204,-0.604636,0.975937,-0.166484,0.103609,0.226575,-0.137444,-0.268561,0.547510,1.134439,0.127857,0.056281,-0.155600
0.671029,1.063792,0.760460,-0.035157,-0.038581,-0.922125,0.383356,0.012997,-0.198076,0.184657,0.244479,-0.188485,0.171132,-0.240377,-0.257391,-0.048681,1.512869,-0.093880,-0.143240,-0.008008,-0.032931,0.155076,0.023781,0.260482,-0.622955,0.975014,-0.154852,0.104650,0.225243,-0.121696,-0.263238,0.545272,1.141723,0.129171,0.056901,-0.152964
0.664713,1.057444,0.761502,-0.038082,-0.037728,-0.918773,0.391129,0.040776,-0.199630,0.162262,0.227535,-0.190146,0.170405,-0.257952,-0.272116,-0.069685,1.508261,-0.116520,-0.164549,-0.018414,-0.029172,0.158617,-0.005625,0.264743,-0.640818,0.973208,-0.141981,0.105619,0.224640,-0.105064,-0.258323,0.540977,1.147775,0.130754,0.056404,-0.148914
0.658296,1.051049,0.762429,-0.041051,-0.036868,-0.915349,0.398863,0.068008,-0.200128,0.140106,0.211771,-0.192348,0.169719,-0.273860,-0.286284,-0.091079,1.499293,-0.138957,-0.184059,-0.028339,-0.025388,0.162526,-0.034534,0.268888,-0.657106,0.969764,-0.129272,0.106241,0.224801,-0.088047,-0.253797,0.535524,1.152494,0.132639,0.055715,-0.144331
0.651973,1.044952,0.763097,-0.043754,-0.035976,-0.911904,0.406475,0.093289,-0.199625,0.119078,0.198528,-0.195651,0.168884,-0.289106,-0.298182,-0.111049,1.486198,-0.161074,-0.200707,-0.037720,-0.021898,0.166423,-0.062399,0.272810,-0.670512,0.964059,-0.118084,0.106226,0.225782,-0.071321,-0.249623,0.529967,1.156051,0.134820,0.055742,-0.140107
0.645733,1.038967,0.763623,-0.046281,-0.035014,-0.908427,0.413997,0.116816,-0.198133,0.099415,0.187608,-0.200030,0.167863,-0.303583,-0.307980,-0.130092,1.468770,-0.183551,-0.214782,-0.046669,-0.018516,0.170457,-0.089431,0.276523,-0.680597,0.956237,-0.108515,0.105447,0.227963,-0.055035,-0.245764,0.524228,1.158389,0.137678,0.056857,-0.136076
0.639600,1.032870,0.764033,-0.048730,-0.034009,-0.904907,0.421440,0.139100,-0.195756,0.080726,0.178533,-0.205275,0.166769,-0.316917,-0.316214,-0.148997,1.446852,-0.206045,-0.226553,-0.055206,-0.015142,0.174696,-0.115912,0.280105,-0.687991,0.946775,-0.099882,0.104077,0.231226,-0.038913,-0.242196,0.517956,1.159591,0.141103,0.058533,-0.131905
0.633455,1.026671,0.764322,-0.050858,-0.033017,-0.901404,0.428713,0.159702,-0.192889,0.062830,0.171319,-0.211270,0.165729,-0.329969,-0.322024,-0.166268,1.420831,-0.226685,-0.235213,-0.063150,-0.012157,0.178590,-0.141402,0.283551,-0.692951,0.935579,-0.092383,0.102275,0.234889,-0.023020,-0.238884,0.511870,1.160103,0.144389,0.060327,-0.128240
0.627265,1.020581,0.764451,-0.052386,-0.032109,-0.897974,0.435738,0.178054,-0.189950,0.045535,0.166254,-0.218021,0.164898,-0.343666,-0.324832,-0.180402,1.391095,-0.243611,-0.240270,-0.070412,-0.009897,0.181567,-0.165426,0.286804,-0.695645,0.922566,-0.086199,0.100178,0.238262,-0.007437,-0.235738,0.506744,1.160370,0.146832,0.061791,-0.125721
0.621018,1.014604,0.764401,-0.053227,-0.031314,-0.894611,0.442558,0.193964,-0.187115,0.028632,0.163499,-0.225480,0.164423,-0.358514,-0.325142,-0.191300,1.357703,-0.256612,-0.242346,-0.076948,-0.008517,0.183375,-0.188052,0.289862,-0.695547,0.907808,-0.081639,0.097646,0.241127,0.007846,-0.232688,0.502759,1.160494,0.148294,0.062906,-0.124495
0.614828,1.008615,0.764243,-0.053532,-0.030593,-0.891290,0.449222,0.208077,-0.184313,0.012167,0.162320,-0.233406,0.164267,-0.374015,-0.323398,-0.199679,1.320439,-0.266500,-0.241862,-0.082871,-0.007770,0.184267,-0.209551,0.292792,-0.692689,0.891523,-0.078491,0.094650,0.243872,0.022775,-0.229708,0.499570,1.160418,0.149145,0.063864,-0.124234
0.608502,1.002544,0.763963,-0.053401,-0.029883,-0.888045,0.455666,0.220588,-0.181538,-0.003622,0.162622,-0.241904,0.164260,-0.389631,-0.319172,-0.205227,1.279272,-0.273034,-0.238289,-0.088337,-0.007391,0.184420,-0.229754,0.295614,-0.688109,0.873835,-0.076199,0.091476,0.246741,0.037154,-0.226786,0.497170,1.160400,0.149457,0.064525,-0.124863
0.602264,0.996553,0.763487,-0.052957,-0.029111,-0.884908,0.461829,0.232013,-0.178768,-0.018549,0.163614,-0.250814,0.164202,-0.404801,-0.312103,-0.207542,1.234128,-0.275973,-0.231101,-0.093477,-0.007138,0.184020,-0.248496,0.298302,-0.682864,0.854876,-0.074214,0.088415,0.249979,0.050773,-0.223930,0.495540,1.160713,0.149312,0.064751,-0.126312
0.596028,0.990574,0.762947,-0.052151,-0.028155,-0.881874,0.467746,0.241583,-0.175795,-0.032536,0.166269,-0.260729,0.164004,-0.419993,-0.301841,-0.205826,1.185148,-0.274964,-0.220755,-0.098342,-0.006824,0.182938,-0.265791,0.300807,-0.676801,0.834426,-0.072641,0.085592,0.253933,0.063613,-0.221152,0.495113,1.161331,0.148464,0.064280,-0.129132
0.589712,0.984575,0.762290,-0.050955,-0.027037,-0.878914,0.473479,0.248633,-0.172672,-0.045680,0.171942,-0.272225,0.163724,-0.435110,-0.289116,-0.200397,1.132216,-0.270442,-0.207835,-0.102897,-0.006472,0.181076,-0.281819,0.303047,-0.669507,0.812672,-0.071669,0.082823,0.258394,0.075866,-0.218548,0.495670,1.162066,0.146935,0.063280,-0.133156
0.583572,0.978440,0.761490,-0.049496,-0.025997,-0.876045,0.478978,0.255478,-0.169779,-0.058246,0.177132,-0.283355,0.163406,-0.448814,-0.275259,-0.192356,1.074935,-0.263409,-0.191949,-0.107164,-0.006381,0.178765,-0.296508,0.305165,-0.661609,0.790075,-0.070931,0.079967,0.262759,0.087391,-0.216006,0.496341,1.163207,0.145258,0.062211,-0.137284
0.577372,0.972210,0.760570,-0.047950,-0.025164,-0.873267,0.484224,0.262726,-0.167277,-0.070276,0.181816,-0.294013,0.163081,-0.459826,-0.261352,-0.183110,1.012810,-0.254821,-0.172653,-0.111135,-0.006560,0.176325,-0.309945,0.307202,-0.653940,0.767191,-0.070185,0.076870,0.266437,0.098244,-0.213533,0.496063,1.164821,0.143913,0.061541,-0.140387
0.571134,0.965963,0.759552,-0.046308,-0.024501,-0.870588,0.489215,0.270344,-0.165083,-0.081759,0.185927,-0.304294,0.162755,-0.467903,-0.247251,-0.172251,0.944433,-0.243782,-0.148553,-0.114796,-0.006950,0.173861,-0.322170,0.309170,-0.646385,0.743669,-0.069831,0.073330,0.269241,0.108397,-0.211086,0.494363,1.166865,0.142855,0.061511,-0.142142
0.564967,0.959510,0.758391,-0.044494,-0.023996,-0.868007,0.493972,0.278137,-0.163209,-0.092701,0.189458,-0.314208,0.162429,-0.473385,-0.232961,-0.158983,0.870071,-0.230330,-0.120657,-0.118109,-0.007627,0.171226,-0.333153,0.311059,-0.638673,0.719349,-0.069877,0.069480,0.271499,0.117872,-0.208648,0.491770,1.169273,0.141858,0.061828,-0.143160
0.558805,0.952950,0.756977,-0.042567,-0.023787,-0.865512,0.498509,0.286557,-0.161956,-0.103183,0.192291,-0.323387,0.162120,-0.475998,-0.219664,-0.144308,0.791627,-0.216488,-0.091950,-0.121005,-0.008761,0.168394,-0.342946,0.312705,-0.631378,0.695115,-0.069395,0.065669,0.273431,0.127038,-0.206437,0.488683,1.171735,0.141157,0.062179,-0.143675
0.552634,0.946255,0.755450,-0.040587,-0.023980,-0.863086,0.502853,0.295968,-0.161497,-0.113317,0.194370,-0.331449,0.161822,-0.475540,-0.208352,-0.129538,0.710846,-0.203979,-0.065303,-0.123550,-0.010538,0.165334,-0.351469,0.314256,-0.625073,0.671643,-0.067585,0.062263,0.275227,0.135928,-0.204345,0.485590,1.174390,0.140939,0.062217,-0.143980
0.546429,0.939429,0.753783,-0.038529,-0.024760,-0.860721,0.507013,0.306620,-0.162231,-0.123149,0.195546,-0.338365,0.161525,-0.471491,-0.199167,-0.114200,0.625513,-0.193020,-0.041573,-0.125619,-0.013122,0.162087,-0.359006,0.315211,-0.620043,0.649290,-0.063931,0.059346,0.277047,0.145256,-0.202973,0.482249,1.176492,0.141596,0.061742,-0.143840
0.540209,0.932334,0.752036,-0.036377,-0.026071,-0.858400,0.511025,0.318453,-0.163974,-0.132783,0.195619,-0.344132,0.161225,-0.463651,-0.192157,-0.098010,0.534540,-0.182281,-0.019444,-0.127490,-0.016593,0.158706,-0.365265,0.315965,-0.615740,0.627327,-0.058952,0.056753,0.278694,0.154351,-0.201816,0.478621,1.178729,0.142850,0.060936,-0.143266
0.534009,0.924999,0.750172,-0.034190,-0.027729,-0.856104,0.514925,0.331192,-0.166222,-0.142326,0.194914,-0.348689,0.160947,-0.452452,-0.187777,-0.082688,0.441258,-0.170789,0.001953,-0.129172,-0.020630,0.155212,-0.370328,0.316538,-0.612149,0.606093,-0.053341,0.054377,0.280080,0.163153,-0.200878,0.475117,1.180876,0.144223,0.060222,-0.142639
0.527794,0.917492,0.748124,-0.032009,-0.029636,-0.853788,0.518790,0.344785,-0.168639,-0.152021,0.193454,-0.351804,0.160749,-0.438160,-0.186188,-0.070104,0.348674,-0.157310,0.023972,-0.130780,-0.025346,0.151815,-0.373682,0.317717,-0.608970,0.584985,-0.047643,0.052190,0.280906,0.170645,-0.199141,0.471740,1.183917,0.144755,0.059911,-0.142445
0.521509,0.909755,0.745983,-0.029751,-0.032186,-0.851350,0.522764,0.360084,-0.172040,-0.162410,0.190260,-0.352960,0.160729,-0.418993,-0.187787,-0.060078,0.251913,-0.140101,0.047905,-0.132719,-0.031113,0.148382,-0.375944,0.318276,-0.606401,0.565239,-0.041830,0.050040,0.281313,0.178435,-0.198328,0.469419,1.185876,0.145201,0.060461,-0.142590
0.515079,0.901960,0.743692,-0.027329,-0.036026,-0.848562,0.527160,0.378369,-0.177487,-0.174610,0.183966,-0.351406,0.161065,-0.392402,-0.193672,-0.052841,0.145978,-0.117378,0.073720,-0.135655,-0.039454,0.145346,-0.376721,0.318930,-0.604340,0.545970,-0.035581,0.048074,0.281144,0.185952,-0.197546,0.467453,1.187668,0.145326,0.061510,-0.142965
0.508481,0.894100,0.741351,-0.024888,-0.040669,-0.845450,0.531921,0.398402,-0.183724,-0.188377,0.176310,-0.347903,0.161685,-0.399183,-0.204286,-0.042866,0.118985,-0.132640,0.100346,-0.139445,-0.049431,0.142681,-0.376597,0.319391,-0.602901,0.528065,-0.029388,0.046281,0.280711,0.193436,-0.197079,0.465984,1.188791,0.145344,0.062715,-0.143557
0.501735,0.886044,0.739104,-0.022591,-0.044789,-0.842440,0.536450,0.417081,-0.188168,-0.201569,0.171057,-0.344600,0.162185,-0.412849,-0.214603,-0.036949,0.116739,-0.154141,0.126423,-0.142803,-0.058373,0.140014,-0.375643,0.319809,-0.601923,0.511601,-0.023658,0.044658,0.280298,0.200191,-0.196727,0.464869,1.189689,0.145147,0.063643,-0.144368
0.494992,0.878039,0.736936,-0.020570,-0.047894,-0.839585,0.540722,0.432219,-0.190287,-0.213572,0.171994,-0.343883,0.162514,-0.422223,-0.223831,-0.040743,0.116482,-0.169242,0.155751,-0.145621,-0.065298,0.137351,-0.374056,0.320235,-0.601518,0.496544,-0.018498,0.043159,0.280062,0.205970,-0.196441,0.464011,1.190513,0.144516,0.064132,-0.145534
0.488230,0.870060,0.734928,-0.018839,-0.050046,-0.836835,0.544838,0.441691,-0.191025,-0.224017,0.183411,-0.347654,0.162724,-0.427145,-0.232111,-0.052911,0.115966,-0.178105,0.187732,-0.148162,-0.070278,0.134566,-0.371714,0.320599,-0.601660,0.482877,-0.013665,0.041791,0.279818,0.211001,-0.196233,0.463520,1.191209,0.143551,0.064417,-0.147005
0.481433,0.862102,0.733176,-0.017350,-0.051013,-0.834510,0.548352,0.447994,-0.189685,-0.231995,0.199168,-0.352120,0.162511,-0.428702,-0.237679,-0.067410,0.115611,-0.180963,0.214253,-0.149459,-0.072902,0.131328,-0.368019,0.321056,-0.602145,0.470194,-0.009182,0.040655,0.279434,0.215049,-0.196053,0.463374,1.192073,0.142539,0.064627,-0.148534
0.474579,0.854105,0.731686,-0.016221,-0.050166,-0.832888,0.550924,0.450554,-0.185138,-0.236142,0.219171,-0.356729,0.161513,-0.427665,-0.237995,-0.078849,0.115062,-0.177757,0.227080,-0.148959,-0.071850,0.127109,-0.362807,0.321276,-0.602529,0.458989,-0.004876,0.039793,0.278730,0.217933,-0.195987,0.463834,1.193350,0.141976,0.064919,-0.149827
0.467722,0.845906,0.730577,-0.015707,-0.047011,-0.832207,0.552245,0.449295,-0.176194,-0.235518,0.243287,-0.361952,0.159589,-0.422778,-0.231570,-0.087202,0.115032,-0.169322,0.219760,-0.145907,-0.066052,0.121913,-0.355634,0.321508,-0.602756,0.448730,-0.000686,0.039306,0.277461,0.219593,-0.196013,0.465214,1.195146,0.142066,0.065298,-0.150780
0.460925,0.837684,0.729855,-0.015862,-0.041260,-0.832298,0.552563,0.443164,-0.162255,-0.230621,0.274089,-0.369603,0.156577,-0.415022,-0.217839,-0.095456,0.116445,-0.155673,0.198058,-0.142288,-0.054728,0.115313,-0.344900,0.322083,-0.601442,0.438211,0.003720,0.039194,0.275844,0.218975,-0.196485,0.469269,1.198409,0.143342,0.065663,-0.151686
0.453969,0.829473,0.729463,-0.016198,-0.034089,-0.832561,0.552646,0.433883,-0.145663,-0.224216,0.308904,-0.376679,0.152820,-0.407676,-0.199748,-0.101695,0.119101,-0.135528,0.172975,-0.138149,-0.040652,0.107783,-0.333365,0.322455,-0.600479,0.429560,0.007616,0.039172,0.274168,0.217777,-0.197303,0.473026,1.201262,0.144448,0.066118,-0.152443
0.446929,0.821341,0.729238,-0.016391,-0.026427,-0.832482,0.553179,0.422499,-0.128304,-0.218562,0.345947,-0.380547,0.148641,-0.402876,-0.180211,-0.104698,0.121016,-0.107088,0.155152,-0.135126,-0.025881,0.099305,-0.321148,0.322698,-0.600219,0.423149,0.010677,0.039120,0.273001,0.216414,-0.198422,0.476159,1.203402,0.145185,0.066711,-0.153279
0.439726,0.813272,0.729360,-0.015803,-0.018095,-0.831979,0.554286,0.407900,-0.110335,-0.214434,0.384660,-0.381445,0.144367,-0.402984,-0.159598,-0.101399,0.121774,-0.064223,0.145921,-0.133355,-0.010722,0.088595,-0.308268,0.322969,-0.600976,0.418522,0.012837,0.039128,0.272641,0.215314,-0.199919,0.478253,1.204202,0.145135,0.067519,-0.154222
0.432454,0.804726,0.729553,-0.014768,-0.008889,-0.831279,0.555588,0.390504,-0.091017,-0.210976,0.424958,-0.379820,0.139902,-0.423863,-0.138848,-0.090931,0.160022,-0.029757,0.140266,-0.131810,0.005366,0.076048,-0.294808,0.323130,-0.602841,0.415938,0.014240,0.039255,0.272813,0.213885,-0.201219,0.479561,1.204615,0.144520,0.068436,-0.155275
0.425293,0.795745,0.729608,-0.014086,0.000039,-0.830419,0.556962,0.373007,-0.071877,-0.207724,0.466386,-0.373618,0.135154,-0.444574,-0.118480,-0.081227,0.200639,0.002838,0.138905,-0.130440,0.021184,0.064211,-0.280829,0.323075,-0.605289,0.416292,0.014870,0.039286,0.273055,0.211563,-0.202308,0.480724,1.205428,0.144045,0.069359,-0.156409
0.418290,0.786591,0.729745,-0.014589,0.007604,-0.829481,0.558292,0.357841,-0.054309,-0.203983,0.509053,-0.361129,0.130092,-0.456851,-0.100435,-0.077252,0.234929,0.025946,0.142040,-0.129110,0.035849,0.055713,-0.266397,0.322590,-0.607881,0.420329,0.014671,0.038983,0.272957,0.208337,-0.203863,0.482207,1.206587,0.144467,0.070244,-0.157464
0.411507,0.777436,0.730036,-0.016650,0.013484,-0.828522,0.559546,0.346074,-0.038765,-0.199841,0.553745,-0.342116,0.126084,-0.459786,-0.085967,-0.080370,0.264835,0.034809,0.153319,-0.128038,0.049335,0.051164,-0.250997,0.321298,-0.610327,0.428633,0.013554,0.037562,0.272475,0.204090,-0.205980,0.484419,1.208820,0.146513,0.070986,-0.158555
0.404814,0.768297,0.730447,-0.019791,0.018424,-0.827575,0.560704,0.335530,-0.024041,-0.195315,0.601142,-0.317925,0.123174,-0.456690,-0.073779,-0.087417,0.292166,0.035267,0.170724,-0.127052,0.062463,0.049032,-0.234886,0.319126,-0.612911,0.440898,0.011652,0.035374,0.271813,0.199031,-0.208558,0.487005,1.211720,0.149647,0.071656,-0.159673
0.398375,0.759207,0.730988,-0.023563,0.022838,-0.826675,0.561722,0.324067,-0.009293,-0.189721,0.651181,-0.289188,0.119282,-0.450314,-0.062570,-0.095880,0.317826,0.030250,0.186200,-0.125603,0.075336,0.048727,-0.219260,0.316184,-0.615944,0.456744,0.009403,0.033856,0.270895,0.193172,-0.211471,0.489240,1.214271,0.152629,0.072427,-0.160564
0.391976,0.750137,0.731775,-0.027506,0.027014,-0.825828,0.562602,0.309777,0.005832,-0.182597,0.703944,-0.256398,0.112082,-0.442828,-0.050832,-0.103262,0.341479,0.022943,0.192064,-0.123228,0.087787,0.049763,-0.205323,0.312611,-0.619713,0.475805,0.007249,0.034451,0.269647,0.186553,-0.214635,0.490396,1.215391,0.154203,0.073481,-0.160978
0.385763,0.741225,0.732747,-0.031658,0.030978,-0.825138,0.563192,0.292316,0.021079,-0.173635,0.760977,-0.218591,0.100743,-0.434176,-0.037390,-0.108568,0.362193,0.013248,0.184754,-0.119756,0.099903,0.052436,-0.192753,0.308456,-0.623702,0.498478,0.005555,0.037729,0.267763,0.178982,-0.217900,0.489752,1.214853,0.153118,0.075405,-0.160538
0.379843,0.732687,0.733762,-0.036198,0.034498,-0.824568,0.563549,0.272761,0.035833,-0.163476,0.822252,-0.176099,0.086372,-0.423196,-0.022976,-0.113061,0.379793,0.000083,0.169163,-0.115504,0.111525,0.056858,-0.180983,0.303741,-0.627961,0.524728,0.004020,0.042866,0.265405,0.170402,-0.221243,0.487874,1.213386,0.150320,0.077912,-0.159495
0.373888,0.724402,0.734840,-0.040870,0.037440,-0.823900,0.564018,0.251425,0.049790,-0.153150,0.885466,-0.131332,0.069530,-0.410136,-0.008881,-0.117623,0.394538,-0.014891,0.150353,-0.110792,0.122077,0.062384,-0.170826,0.298666,-0.633548,0.553461,0.002022,0.049209,0.263197,0.161155,-0.224741,0.485995,1.211168,0.147878,0.079890,-0.158520
0.368160,0.716254,0.736065,-0.045431,0.039709,-0.822923,0.564940,0.228392,0.063076,-0.143581,0.948502,-0.086628,0.051220,-0.395104,0.003422,-0.123230,0.406628,-0.030150,0.133381,-0.105932,0.131053,0.068414,-0.163046,0.293539,-0.641499,0.583454,-0.001110,0.056112,0.261768,0.151643,-0.228526,0.485357,1.208248,0.147872,0.080240,-0.158288
0.362594,0.708358,0.737243,-0.049969,0.041292,-0.821512,0.566495,0.202882,0.076587,-0.134974,1.012832,-0.037877,0.028422,-0.377651,0.013613,-0.130536,0.416080,-0.046398,0.118407,-0.101069,0.138353,0.075246,-0.158303,0.288655,-0.652611,0.614792,-0.005914,0.064440,0.261650,0.142222,-0.232664,0.486127,1.203807,0.151370,0.078322,-0.159037
0.357171,0.700607,0.738487,-0.054579,0.042276,-0.819811,0.568458,0.174793,0.090149,-0.127182,1.079776,0.014419,0.002161,-0.357733,0.022503,-0.138754,0.422684,-0.064175,0.103203,-0.096043,0.144325,0.083157,-0.155748,0.284113,-0.666064,0.647528,-0.012034,0.074205,0.262422,0.132656,-0.237135,0.487744,1.197882,0.157080,0.074849,-0.160344
0.351767,0.692926,0.739825,-0.059039,0.042763,-0.818001,0.570578,0.145296,0.103081,-0.119875,1.146344,0.061206,-0.020165,-0.336157,0.030178,-0.146927,0.426538,-0.081896,0.089247,-0.090760,0.149205,0.091533,-0.153966,0.279904,-0.680417,0.680480,-0.018771,0.083480,0.263254,0.122365,-0.241986,0.490458,1.191895,0.163608,0.070731,-0.161900
0.346768,0.685441,0.741149,-0.063138,0.042877,-0.816282,0.572590,0.115569,0.115291,-0.112018,1.209239,0.093452,-0.031171,-0.313889,0.036832,-0.154265,0.427800,-0.097807,0.077904,-0.085137,0.153318,0.099726,-0.151582,0.275970,-0.694191,0.712529,-0.025390,0.090357,0.263266,0.110802,-0.247298,0.494550,1.187238,0.169558,0.066897,-0.163404
0.341985,0.678076,0.742484,-0.066926,0.042609,-0.814616,0.574549,0.085831,0.127709,-0.102700,1.267985,0.108057,-0.027097,-0.290602,0.042450,-0.161226,0.425935,-0.111457,0.069775,-0.079277,0.156730,0.107888,-0.148838,0.272316,-0.707808,0.743988,-0.032074,0.093581,0.262302,0.097739,-0.253152,0.500625,1.184099,0.175260,0.063150,-0.164898
0.337431,0.670786,0.743896,-0.070482,0.041935,-0.812928,0.576560,0.055673,0.140960,-0.092242,1.323812,0.110000,-0.012282,-0.265984,0.047107,-0.168237,0.420985,-0.123664,0.064011,-0.073239,0.159415,0.116277,-0.146269,0.268967,-0.721704,0.775194,-0.039070,0.094439,0.260751,0.083537,-0.259544,0.508461,1.181673,0.181249,0.059154,-0.166474
0.333049,0.663445,0.745378,-0.073671,0.040981,-0.811332,0.578475,0.025556,0.154171,-0.081237,1.375456,0.102564,0.008175,-0.240951,0.050992,-0.174593,0.413925,-0.134569,0.059731,-0.066917,0.161503,0.124378,-0.142970,0.265877,-0.734436,0.805105,-0.045683,0.094835,0.258528,0.068506,-0.266405,0.517137,1.179889,0.186465,0.055636,-0.167953
0.328977,0.656184,0.746892,-0.076333,0.039843,-0.809945,0.580151,-0.004101,0.165985,-0.070257,1.421589,0.089363,0.028783,-0.216504,0.054192,-0.179524,0.405903,-0.144406,0.056063,-0.060268,0.163051,0.131660,-0.137981,0.262979,-0.744500,0.832746,-0.051143,0.096660,0.255584,0.052849,-0.273677,0.525779,1.178843,0.189859,0.053321,-0.169184
0.325064,0.648882,0.748431,-0.078288,0.038493,-0.808850,0.581508,-0.033408,0.176006,-0.058414,1.462126,0.067154,0.050254,-0.193330,0.056373,-0.182697,0.397592,-0.153217,0.053088,-0.053144,0.163901,0.137860,-0.131094,0.260164,-0.751591,0.858285,-0.054470,0.100491,0.251169,0.036195,-0.281389,0.534741,1.179030,0.190668,0.052625,-0.170349
0.321271,0.641663,0.749998,-0.079636,0.036854,-0.807968,0.582656,-0.062380,0.183733,-0.045880,1.497595,0.035570,0.073641,-0.170922,0.057363,-0.184662,0.388619,-0.161026,0.051149,-0.045657,0.163957,0.143296,-0.122830,0.257399,-0.756450,0.882221,-0.056266,0.105281,0.245555,0.018569,-0.289536,0.544381,1.180258,0.189629,0.053097,-0.171468
0.317572,0.634352,0.751586,-0.080602,0.034953,-0.807164,0.583754,-0.090704,0.188143,-0.034310,1.527670,0.002847,0.094526,-0.148491,0.057524,-0.186015,0.378573,-0.168167,0.049771,-0.038141,0.163400,0.148279,-0.113364,0.254782,-0.759227,0.904069,-0.058211,0.110484,0.240247,0.000696,-0.298010,0.553769,1.181709,0.187914,0.054137,-0.172156
0.313986,0.627041,0.753180,-0.081446,0.032854,-0.806302,0.584949,-0.118204,0.188956,-0.024962,1.551992,-0.022672,0.109175,-0.125180,0.057324,-0.187329,0.366903,-0.174821,0.048511,-0.030917,0.162477,0.153145,-0.102831,0.252514,-0.760082,0.923236,-0.062031,0.115565,0.236756,-0.016721,-0.306658,0.561914,1.182606,0.186669,0.055138,-0.172037
0.310393,0.619697,0.754784,-0.082177,0.030600,-0.805325,0.586313,-0.145302,0.186453,-0.017620,1.570262,-0.038076,0.116625,-0.100754,0.056841,-0.188771,0.353140,-0.180932,0.047276,-0.024144,0.161165,0.157866,-0.090999,0.250742,-0.758868,0.939245,-0.068893,0.120862,0.235830,-0.033739,-0.315386,0.568571,1.183105,0.185820,0.056174,-0.170640
0.306837,0.612344,0.756392,-0.082683,0.028161,-0.804308,0.587758,-0.172113,0.180904,-0.011359,1.582664,-0.047761,0.119058,-0.075655,0.055843,-0.190103,0.337649,-0.186409,0.046374,-0.017651,0.159341,0.162355,-0.077755,0.249515,-0.755543,0.952273,-0.077668,0.126494,0.236565,-0.050778,-0.324198,0.574255,1.183647,0.184862,0.057469,-0.168306
0.303434,0.605121,0.757840,-0.083090,0.025534,-0.803314,0.589179,-0.198010,0.172347,-0.006262,1.589575,-0.054444,0.117776,-0.050001,0.054405,-0.191258,0.321014,-0.191328,0.045960,-0.011260,0.157138,0.166858,-0.063428,0.248901,-0.750451,0.962680,-0.086711,0.131612,0.237997,-0.067633,-0.333070,0.579040,1.183839,0.184237,0.058649,-0.165895
0.300036,0.597729,0.759266,-0.083517,0.022703,-0.802405,0.590471,-0.222372,0.160801,-0.002532,1.591410,-0.060908,0.114051,-0.023948,0.052632,-0.192184,0.303933,-0.195846,0.046094,-0.004763,0.154708,0.171607,-0.048329,0.248974,-0.743951,0.970819,-0.094336,0.135382,0.239125,-0.084098,-0.341986,0.582984,1.183305,0.184398,0.059340,-0.164266
0.296716,0.590298,0.760573,-0.084097,0.019548,-0.801537,0.591679,-0.244955,0.145133,-0.001003,1.587975,-0.066953,0.107844,0.003167,0.050514,-0.193005,0.286015,-0.199899,0.046666,0.001770,0.152012,0.176921,-0.032223,0.249796,-0.735768,0.976281,-0.099868,0.137589,0.239782,-0.100045,-0.350949,0.585956,1.181975,0.185971,0.059323,-0.163668
0.293475,0.582999,0.761701,-0.084754,0.016126,-0.800694,0.592829,-0.266129,0.125955,-0.001440,1.579108,-0.071552,0.098723,0.031251,0.048112,-0.193775,0.267047,-0.203431,0.047597,0.008240,0.149071,0.182644,-0.014907,0.251376,-0.725741,0.978825,-0.104262,0.138689,0.240427,-0.115673,-0.359981,0.588015,1.180102,0.188566,0.058836,-0.163640
0.290182,0.575551,0.762689,-0.085307,0.012725,-0.799984,0.593789,-0.286184,0.105949,-0.002478,1.565271,-0.076251,0.087452,0.059042,0.045629,-0.194294,0.247927,-0.206619,0.048936,0.014836,0.146134,0.188296,0.003209,0.253677,-0.714480,0.979107,-0.108341,0.138883,0.241005,-0.131157,-0.369060,0.589407,1.177686,0.191034,0.058201,-0.163975
0.286996,0.568223,0.763531,-0.085574,0.009629,-0.799522,0.594432,-0.305435,0.087742,-0.002704,1.546902,-0.082499,0.074818,0.085196,0.043198,-0.194320,0.229678,-0.209621,0.050735,0.021789,0.143380,0.193352,0.021644,0.256623,-0.702657,0.977902,-0.112922,0.138362,0.241462,-0.146693,-0.378125,0.590410,1.174799,0.192302,0.057708,-0.164461
0.283883,0.560834,0.764241,-0.085464,0.006813,-0.799393,0.594660,-0.323778,0.070980,-0.002354,1.523530,-0.091248,0.060031,0.109314,0.040636,-0.193555,0.212747,-0.212484,0.053161,0.029356,0.140713,0.197692,0.040429,0.260178,-0.690173,0.975115,-0.118250,0.136760,0.241648,-0.162351,-0.387135,0.590773,1.171528,0.191727,0.057536,-0.164973
0.280798,0.553435,0.764874,-0.085097,0.004171,-0.799531,0.594552,-0.341081,0.055059,-0.002091,1.495067,-0.101684,0.043409,0.132198,0.037971,-0.192156,0.196410,-0.215094,0.056037,0.037388,0.138070,0.201576,0.059784,0.264304,-0.676765,0.970469,-0.123891,0.134114,0.241613,-0.178049,-0.396077,0.590454,1.167883,0.190007,0.057482,-0.165652
0.277821,0.546133,0.765234,-0.084539,0.001814,-0.799823,0.594250,-0.357611,0.041930,-0.001024,1.462464,-0.112368,0.027190,0.154115,0.035536,-0.190542,0.180276,-0.217511,0.058969,0.045503,0.135605,0.205002,0.079487,0.268881,-0.662838,0.964576,-0.129599,0.131218,0.241629,-0.193701,-0.404916,0.589933,1.163722,0.187975,0.057338,-0.166705
0.274825,0.538896,0.765428,-0.083850,-0.000149,-0.800154,0.593905,-0.373598,0.033160,0.001797,1.426630,-0.121741,0.013296,0.175397,0.033611,-0.189126,0.163713,-0.219685,0.061638,0.053331,0.133420,0.207927,0.099215,0.273715,-0.648838,0.958194,-0.135129,0.128858,0.241988,-0.209181,-0.413589,0.589639,1.158897,0.186467,0.056892,-0.168349
0.271874,0.531789,0.765422,-0.083005,-0.001631,-0.800523,0.593524,-0.389241,0.028787,0.006434,1.387558,-0.129784,0.000651,0.195792,0.032292,-0.188005,0.146786,-0.221708,0.064048,0.060844,0.131569,0.210190,0.118839,0.278663,-0.634652,0.951486,-0.140735,0.127230,0.242795,-0.224679,-0.422078,0.589798,1.153591,0.185648,0.056048,-0.170836
0.269036,0.524426,0.765342,-0.081953,-0.002730,-0.800990,0.593036,-0.404243,0.027780,0.012552,1.344734,-0.137043,-0.011484,0.215230,0.031321,-0.186915,0.129669,-0.223508,0.066412,0.068229,0.129894,0.211785,0.138426,0.283648,-0.620122,0.944342,-0.146423,0.125900,0.243901,-0.240193,-0.430368,0.590145,1.147845,0.185103,0.054966,-0.174003
0.266144,0.516982,0.765117,-0.080730,-0.003609,-0.801522,0.592480,-0.418083,0.029710,0.020542,1.298354,-0.142692,-0.021002,0.227767,0.029153,-0.185941,0.126097,-0.232278,0.068803,0.075474,0.128174,0.212888,0.157855,0.288565,-0.605719,0.937222,-0.151599,0.124700,0.245231,-0.255346,-0.438391,0.590253,1.141521,0.184705,0.053669,-0.177428
0.263309,0.509637,0.764792,-0.079364,-0.004435,-0.802082,0.591900,-0.430225,0.034059,0.030761,1.248621,-0.145954,-0.025891,0.238908,0.026531,-0.184855,0.125097,-0.242174,0.071192,0.082578,0.126229,0.213667,0.176946,0.293292,-0.591960,0.930657,-0.155659,0.123461,0.246719,-0.269727,-0.446041,0.589637,1.134484,0.184303,0.052200,-0.180696
0.260504,0.502134,0.764366,-0.077770,-0.005287,-0.802691,0.591279,-0.440830,0.040971,0.044087,1.195856,-0.146506,-0.024363,0.249794,0.023416,-0.183489,0.124109,-0.251906,0.073507,0.089594,0.123802,0.214056,0.195646,0.297761,-0.578873,0.924857,-0.158151,0.121998,0.248482,-0.283362,-0.453283,0.588175,1.126784,0.184033,0.050403,-0.183798
0.257764,0.494564,0.763771,-0.075886,-0.006208,-0.803366,0.590597,-0.449994,0.049794,0.060524,1.140192,-0.145064,-0.018409,0.260198,0.019655,-0.181904,0.123370,-0.261570,0.075815,0.096559,0.120751,0.214035,0.213909,0.301947,-0.566293,0.919762,-0.159484,0.120434,0.250534,-0.296453,-0.460131,0.586079,1.118601,0.183894,0.048299,-0.186935
0.255114,0.487019,0.763037,-0.073985,-0.006990,-0.804017,0.589944,-0.456950,0.059374,0.078480,1.080960,-0.142142,-0.011650,0.270257,0.015947,-0.180452,0.123129,-0.271254,0.078251,0.103270,0.117802,0.213710,0.231538,0.305798,-0.554471,0.915563,-0.160365,0.119067,0.252664,-0.308823,-0.466549,0.583358,1.110014,0.183551,0.046197,-0.190016
0.252410,0.479346,0.762179,-0.072312,-0.007444,-0.804567,0.589396,-0.460987,0.068642,0.096357,1.017207,-0.138025,-0.007526,0.280185,0.012907,-0.179455,0.123462,-0.280936,0.080942,0.109578,0.115585,0.213146,0.248280,0.309255,-0.543687,0.912496,-0.161516,0.118187,0.254662,-0.320357,-0.472484,0.580072,1.101175,0.182711,0.044408,-0.192951
0.249863,0.471621,0.761180,-0.070763,-0.007622,-0.804985,0.589011,-0.461804,0.077397,0.114244,0.947252,-0.131787,-0.006373,0.290141,0.010338,-0.179159,0.123752,-0.290393,0.083935,0.115441,0.113901,0.212283,0.263897,0.312305,-0.534035,0.910774,-0.163032,0.117789,0.256597,-0.331137,-0.477911,0.576028,1.092168,0.181168,0.043030,-0.195873
0.247349,0.463857,0.760053,-0.069278,-0.007550,-0.805314,0.588739,-0.459707,0.085825,0.132929,0.871625,-0.123342,-0.006769,0.300052,0.008120,-0.179338,0.124000,-0.299630,0.087127,0.120920,0.112618,0.211057,0.278501,0.314971,-0.525380,0.910320,-0.164550,0.117740,0.258561,-0.341255,-0.482831,0.571307,1.083006,0.179154,0.041895,-0.198783
0.244936,0.455940,0.758811,-0.068012,-0.007167,-0.805636,0.588450,-0.454999,0.093531,0.152048,0.792391,-0.114108,-0.009190,0.310106,0.006663,-0.179468,0.124229,-0.308421,0.090463,0.126141,0.112069,0.209433,0.292415,0.317253,-0.517583,0.910921,-0.166092,0.118128,0.260369,-0.350639,-0.487230,0.566332,1.073758,0.176913,0.040905,-0.201385
0.242473,0.447816,0.757432,-0.067121,-0.006425,-0.806056,0.587986,-0.447948,0.100371,0.171252,0.711349,-0.105330,-0.013890,0.320488,0.006277,-0.178957,0.124399,-0.316450,0.093919,0.131310,0.112498,0.207409,0.305958,0.319125,-0.510500,0.912363,-0.167672,0.119045,0.261831,-0.359218,-0.491063,0.561537,1.064487,0.174703,0.039957,-0.203388
0.240008,0.439624,0.755887,-0.066705,-0.005314,-0.806597,0.587302,-0.437669,0.106640,0.190854,0.625796,-0.096595,-0.021113,0.331409,0.007205,-0.177741,0.124523,-0.323811,0.097633,0.136428,0.114129,0.204932,0.319111,0.320614,-0.504482,0.914903,-0.169282,0.120760,0.262924,-0.367042,-0.494243,0.556806,1.055239,0.172619,0.039074,-0.204565
0.237664,0.431309,0.754176,-0.066729,-0.003827,-0.807250,0.586413,-0.423897,0.112493,0.210959,0.534552,-0.086801,-0.030498,0.342766,0.009284,-0.175909,0.124594,-0.330569,0.101569,0.141533,0.116876,0.202034,0.331786,0.321740,-0.499443,0.918506,-0.170907,0.123145,0.263748,-0.374157,-0.496726,0.551928,1.046028,0.170408,0.038287,-0.205123
0.235330,0.422695,0.752363,-0.067096,-0.001977,-0.808091,0.585221,-0.407816,0.117993,0.230846,0.441820,-0.076275,-0.041200,0.354274,0.012250,-0.173024,0.124592,-0.336383,0.105441,0.146916,0.120540,0.198840,0.344201,0.322441,-0.494581,0.922547,-0.172562,0.125695,0.264304,-0.380858,-0.498623,0.547722,1.037139,0.168285,0.037500,-0.205419
0.232970,0.414016,0.750395,-0.067741,0.000242,-0.809201,0.583614,-0.390816,0.123465,0.249758,0.352399,-0.065641,-0.052349,0.365622,0.015950,-0.168612,0.124586,-0.340984,0.108925,0.152854,0.125038,0.195456,0.356566,0.322546,-0.489082,0.926480,-0.174241,0.127900,0.264599,-0.387353,-0.499990,0.544893,1.028810,0.166306,0.036622,-0.205813
0.230698,0.405129,0.748366,-0.068980,0.003213,-0.810762,0.581288,-0.372106,0.129920,0.267854,0.263515,-0.054882,-0.065705,0.376786,0.021463,-0.161801,0.124485,-0.344422,0.111607,0.160074,0.131352,0.191715,0.369152,0.322059,-0.482752,0.930210,-0.175734,0.129472,0.264538,-0.393715,-0.500918,0.543746,1.021011,0.164655,0.035631,-0.206346
0.228521,0.396316,0.746179,-0.071078,0.007054,-0.812824,0.578114,-0.350295,0.138195,0.285772,0.172173,-0.042842,-0.080938,0.388144,0.029313,-0.152263,0.124309,-0.346774,0.113564,0.168478,0.140167,0.187795,0.382117,0.320823,-0.475572,0.933688,-0.176859,0.130743,0.264077,-0.399779,-0.501782,0.544160,1.013146,0.163359,0.034646,-0.206736
0.226542,0.387482,0.744068,-0.073455,0.011080,-0.815044,0.574618,-0.343217,0.151894,0.300791,0.120086,-0.048087,-0.094095,0.399730,0.037379,-0.141396,0.124080,-0.347704,0.115476,0.177417,0.149645,0.183815,0.394572,0.319038,-0.468652,0.937242,-0.178439,0.132118,0.263523,-0.405117,-0.502373,0.545228,1.005488,0.162112,0.033637,-0.207050
0.224706,0.378544,0.742182,-0.075116,0.014330,-0.816881,0.571715,-0.354705,0.168944,0.311350,0.117597,-0.072562,-0.101054,0.411247,0.042545,-0.131728,0.123870,-0.347027,0.118266,0.184443,0.157017,0.180151,0.405543,0.315801,-0.461769,0.941683,-0.180597,0.133927,0.263089,-0.409811,-0.502695,0.547021,0.998040,0.160714,0.032647,-0.207348
0.222969,0.369497,0.740654,-0.075768,0.016514,-0.818201,0.569679,-0.362405,0.180855,0.319527,0.115927,-0.091453,-0.098905,0.422615,0.044017,-0.124130,0.123606,-0.344915,0.122357,0.189748,0.161129,0.176870,0.415065,0.312345,-0.455711,0.946468,-0.184380,0.136658,0.262812,-0.413384,-0.502552,0.548605,0.990672,0.158916,0.031538,-0.207621
0.221326,0.360263,0.739352,-0.075562,0.017959,-0.819089,0.568384,-0.367204,0.188261,0.325729,0.115052,-0.106172,-0.090240,0.433711,0.042783,-0.118344,0.123282,-0.341546,0.127505,0.193087,0.162769,0.173783,0.423333,0.308058,-0.449730,0.951891,-0.189073,0.139949,0.262577,-0.416425,-0.501943,0.550891,0.983575,0.157054,0.030346,-0.207898
0.219666,0.350932,0.738389,-0.074248,0.018602,-0.819439,0.568032,-0.369923,0.190851,0.332189,0.115607,-0.114333,-0.079094,0.444187,0.038729,-0.114924,0.122940,-0.336542,0.133482,0.194366,0.161509,0.170505,0.429708,0.302949,-0.444419,0.958327,-0.193911,0.143121,0.262418,-0.418487,-0.500641,0.553089,0.976983,0.154898,0.029188,-0.208381
0.218242,0.341662,0.738005,-0.071928,0.018714,-0.819238,0.568616,-0.370115,0.189287,0.341191,0.115756,-0.112049,-0.069634,0.453751,0.032679,-0.113715,0.122753,-0.329504,0.139774,0.194085,0.157739,0.166667,0.434208,0.297788,-0.440472,0.965155,-0.198277,0.145580,0.262299,-0.418850,-0.498613,0.554155,0.970822,0.152264,0.028193,-0.209207
0.217051,0.332530,0.738071,-0.068470,0.017993,-0.818337,0.570362,-0.366163,0.182673,0.355399,0.115267,-0.095045,-0.063658,0.462122,0.023987,-0.115274,0.123848,-0.321522,0.146540,0.191703,0.150702,0.162792,0.436894,0.292779,-0.437540,0.972022,-0.202460,0.147129,0.262425,-0.417543,-0.495800,0.554068,0.964901,0.148814,0.027402,-0.210573
0.215549,0.323121,0.738176,-0.063487,0.016059,-0.816766,0.573241,-0.360002,0.170135,0.373175,0.117245,-0.067736,-0.058039,0.469715,0.011411,-0.119974,0.125428,-0.312322,0.154311,0.187222,0.139220,0.158901,0.437848,0.288020,-0.435419,0.978980,-0.206727,0.148134,0.262677,-0.414861,-0.492160,0.553205,0.959267,0.144853,0.026730,-0.212392
0.213745,0.313397,0.738054,-0.057711,0.013543,-0.814738,0.576791,-0.353272,0.153875,0.389622,0.119259,-0.035899,-0.050256,0.476881,-0.002805,-0.126648,0.127607,-0.300861,0.162405,0.181585,0.125589,0.154461,0.437413,0.283630,-0.434883,0.986044,-0.210300,0.148830,0.262577,-0.410496,-0.487682,0.551219,0.954305,0.140794,0.026123,-0.214281
0.212200,0.303561,0.738056,-0.051733,0.010989,-0.812438,0.580644,-0.353094,0.138009,0.399328,0.131323,-0.011828,-0.038312,0.483861,-0.016948,-0.134295,0.130327,-0.285987,0.170186,0.175708,0.111703,0.148939,0.435753,0.279765,-0.436768,0.993329,-0.212426,0.149449,0.261633,-0.403980,-0.482396,0.547670,0.950228,0.137132,0.025521,-0.215875
0.210958,0.293715,0.738320,-0.045157,0.008406,-0.809821,0.584877,-0.371794,0.126574,0.399337,0.177944,-0.007480,-0.019776,0.473048,-0.034151,-0.142558,0.170192,-0.287694,0.177925,0.169564,0.096910,0.141520,0.432901,0.276595,-0.441672,1.001028,-0.213019,0.150013,0.259606,-0.394764,-0.476283,0.542187,0.946538,0.133778,0.024945,-0.217074
0.209620,0.283663,0.738746,-0.037864,0.005629,-0.806919,0.589421,-0.391521,0.112147,0.395530,0.222250,-0.000398,0.003309,0.461047,-0.052905,-0.151225,0.211499,-0.287289,0.185618,0.163245,0.080707,0.132525,0.428897,0.274196,-0.449071,1.008777,-0.212500,0.150434,0.256760,-0.383244,-0.469371,0.535176,0.943217,0.130712,0.024419,-0.218026
0.208213,0.273207,0.739238,-0.030733,0.002844,-0.804022,0.593799,-0.409160,0.096679,0.390613,0.262231,0.006517,0.025658,0.447846,-0.071755,-0.158832,0.255477,-0.283589,0.192138,0.157684,0.064895,0.123225,0.423791,0.272493,-0.458131,1.015977,-0.210856,0.150770,0.253357,-0.369905,-0.461712,0.526812,0.940831,0.127980,0.023901,-0.218760
0.206824,0.262587,0.739744,-0.024514,0.000132,-0.801391,0.597638,-0.421417,0.081850,0.386774,0.295697,0.010145,0.042358,0.432859,-0.089585,-0.164223,0.304455,-0.275985,0.196381,0.153678,0.050910,0.114931,0.417541,0.271348,-0.467987,1.022183,-0.208067,0.151060,0.249679,-0.355645,-0.453464,0.517732,0.940264,0.126098,0.023335,-0.219337
0.205659,0.251980,0.740294,-0.019228,-0.002469,-0.799030,0.600978,-0.427649,0.067819,0.383430,0.322411,0.008594,0.050088,0.416556,-0.106234,-0.167528,0.357872,-0.263852,0.198684,0.151646,0.038955,0.107495,0.409367,0.270726,-0.479928,1.028429,-0.204060,0.151393,0.245286,-0.339574,-0.444528,0.506782,0.941466,0.124928,0.022597,-0.220234
0.204467,0.241689,0.740933,-0.014411,-0.005097,-0.796743,0.604125,-0.430104,0.053690,0.379113,0.344951,0.002954,0.052362,0.398908,-0.122776,-0.169557,0.414772,-0.247660,0.198929,0.150914,0.027968,0.100400,0.399412,0.270614,-0.493997,1.034726,-0.198873,0.151703,0.240194,-0.321634,-0.434864,0.494032,0.943994,0.124381,0.021752,-0.221296
0.203395,0.231369,0.741752,-0.010083,-0.007925,-0.794541,0.607075,-0.429592,0.039527,0.374631,0.364731,-0.005289,0.054574,0.378929,-0.139837,-0.170247,0.476119,-0.228077,0.195574,0.150662,0.017546,0.094416,0.389034,0.270790,-0.507400,1.039157,-0.192608,0.151776,0.235380,-0.303549,-0.424742,0.481597,0.947828,0.124578,0.021051,-0.221620
0.202391,0.221240,0.742569,-0.006297,-0.011105,-0.792476,0.609769,-0.426742,0.025200,0.370954,0.382400,-0.014280,0.062011,0.356006,-0.157746,-0.169538,0.542259,-0.205412,0.187500,0.150040,0.007439,0.090332,0.379583,0.270904,-0.517133,1.039902,-0.185270,0.151389,0.231862,-0.287236,-0.414627,0.472014,0.953134,0.125841,0.020755,-0.220309
0.201564,0.211256,0.743552,-0.003154,-0.014637,-0.790599,0.612151,-0.421774,0.010408,0.368019,0.397996,-0.023802,0.077874,0.329723,-0.176507,-0.167632,0.614593,-0.178541,0.173966,0.149062,-0.001963,0.088382,0.371208,0.270591,-0.522386,1.036511,-0.175188,0.150727,0.230036,-0.272602,-0.404817,0.465671,0.960104,0.129226,0.020890,-0.217368
0.201061,0.201228,0.744680,-0.000653,-0.018430,-0.788876,0.614275,-0.414253,-0.004926,0.365236,0.410759,-0.034395,0.098672,0.301062,-0.195795,-0.164898,0.691405,-0.147039,0.155926,0.147974,-0.010390,0.088190,0.363036,0.269728,-0.524632,1.030367,-0.162800,0.149791,0.229382,-0.258739,-0.395335,0.461521,0.968510,0.134329,0.021375,-0.213201
0.200595,0.191413,0.745775,0.001279,-0.022476,-0.787241,0.616234,-0.403899,-0.020553,0.362858,0.420200,-0.045472,0.119649,0.271224,-0.215299,-0.161491,0.769173,-0.112434,0.134992,0.146324,-0.018227,0.089605,0.354872,0.268400,-0.524335,1.022311,-0.151316,0.148094,0.229550,-0.246265,-0.386287,0.459964,0.977914,0.139294,0.022304,-0.207483
0.200249,0.181752,0.746781,0.002719,-0.026756,-0.785620,0.618124,-0.390318,-0.036171,0.361060,0.425701,-0.056465,0.136021,0.241148,-0.234773,-0.157400,0.844901,-0.076479,0.112605,0.143602,-0.025885,0.092476,0.346666,0.266792,-0.521884,1.012973,-0.143940,0.145153,0.230152,-0.235752,-0.377742,0.461389,0.987807,0.142191,0.023759,-0.199866
0.199885,0.172278,0.747731,0.003557,-0.031399,-0.784070,0.619867,-0.372628,-0.051767,0.360396,0.426593,-0.067880,0.146547,0.209943,-0.254967,-0.152637,0.920835,-0.036139,0.088118,0.139781,-0.033509,0.097249,0.339265,0.264912,-0.515660,1.001069,-0.141363,0.140514,0.231221,-0.227686,-0.369840,0.466323,0.998264,0.142473,0.026068,-0.189279
0.199496,0.163037,0.748514,0.003832,-0.036428,-0.782598,0.621449,-0.351231,-0.067613,0.360514,0.423263,-0.079779,0.153811,0.177157,-0.276369,-0.147389,0.998198,0.008139,0.060616,0.135073,-0.041005,0.103858,0.332454,0.262737,-0.505954,0.986634,-0.141917,0.134552,0.232879,-0.221586,-0.362611,0.474462,1.009466,0.141177,0.029068,-0.176204
0.199175,0.153854,0.749250,0.003772,-0.041569,-0.781026,0.623102,-0.327600,-0.083640,0.360124,0.416669,-0.091070,0.158746,0.144425,-0.297754,-0.141795,1.072621,0.049138,0.031301,0.129333,-0.048244,0.111315,0.324628,0.260520,-0.496154,0.972202,-0.145298,0.128040,0.234858,-0.216638,-0.355929,0.484919,1.021150,0.138891,0.032073,-0.162623
0.198798,0.144912,0.749958,0.003605,-0.046534,-0.779188,0.625051,-0.303431,-0.099639,0.358019,0.408134,-0.100764,0.162318,0.113231,-0.317229,-0.135691,1.140149,0.079353,0.002010,0.122549,-0.055082,0.118636,0.314248,0.258710,-0.489805,0.960150,-0.151257,0.121770,0.236872,-0.211928,-0.349617,0.496610,1.032971,0.136165,0.034408,-0.150523
0.198362,0.136144,0.750692,0.003341,-0.051493,-0.777116,0.627238,-0.278346,-0.115815,0.354409,0.397290,-0.108591,0.164289,0.083567,-0.333852,-0.127986,1.201208,0.096955,-0.027546,0.114919,-0.062002,0.126111,0.301471,0.257635,-0.487181,0.949953,-0.161727,0.115567,0.238985,-0.207625,-0.343682,0.510214,1.044978,0.132361,0.035749,-0.139658
0.197871,0.127576,0.751410,0.002818,-0.056423,-0.774901,0.629553,-0.251741,-0.131970,0.349784,0.383769,-0.115190,0.164398,0.054622,-0.347719,-0.118800,1.257849,0.105823,-0.057385,0.106622,-0.068862,0.134048,0.287158,0.257347,-0.486800,0.940301,-0.176261,0.109156,0.241180,-0.203988,-0.338151,0.525725,1.057203,0.127410,0.036479,-0.129213
0.197339,0.119095,0.752243,0.002068,-0.060817,-0.772438,0.632169,-0.225335,-0.147097,0.343490,0.369564,-0.121163,0.163559,0.026286,-0.358287,-0.109519,1.309466,0.106613,-0.084783,0.097602,-0.074697,0.141491,0.270785,0.257880,-0.489643,0.932413,-0.191067,0.103196,0.243095,-0.200233,-0.332863,0.541026,1.069308,0.122782,0.037013,-0.120332
0.196770,0.110820,0.753167,0.001136,-0.064187,-0.769623,0.635263,-0.200849,-0.160193,0.334956,0.356800,-0.127152,0.162607,-0.001491,-0.365344,-0.101583,1.355412,0.099846,-0.107158,0.087907,-0.078616,0.147557,0.251716,0.259280,-0.496861,0.927579,-0.202421,0.098368,0.244450,-0.195420,-0.327622,0.553808,1.080925,0.119848,0.037780,-0.114161
0.196307,0.102789,0.754047,0.000052,-0.066285,-0.766408,0.638926,-0.179110,-0.170614,0.324012,0.346551,-0.133547,0.161303,-0.028590,-0.367802,-0.095061,1.395609,0.081826,-0.122100,0.077413,-0.080324,0.151921,0.229315,0.261616,-0.509779,0.926488,-0.210236,0.094700,0.245467,-0.189442,-0.322312,0.563938,1.092278,0.119253,0.038824,-0.111344
0.195639,0.094715,0.755053,-0.001201,-0.067413,-0.762869,0.643027,-0.159173,-0.178856,0.311203,0.337879,-0.140155,0.159310,-0.055072,-0.365780,-0.089299,1.430798,0.053384,-0.131195,0.066308,-0.080410,0.155178,0.204093,0.264801,-0.527705,0.928148,-0.216322,0.091923,0.246208,-0.182662,-0.316950,0.572248,1.103432,0.120065,0.039944,-0.111172
0.195013,0.086609,0.756131,-0.002651,-0.067924,-0.759090,0.647427,-0.140022,-0.185612,0.296980,0.329768,-0.146631,0.157239,-0.081203,-0.361284,-0.084648,1.461287,0.021913,-0.138017,0.055017,-0.079329,0.157848,0.177107,0.268575,-0.548679,0.931398,-0.219744,0.090286,0.246211,-0.174853,-0.311576,0.578112,1.113749,0.121445,0.041228,-0.112770
0.194488,0.078632,0.757295,-0.004331,-0.068166,-0.755148,0.651986,-0.120624,-0.191582,0.281712,0.321136,-0.152571,0.155683,-0.107268,-0.356375,-0.081388,1.487252,-0.005134,-0.146180,0.043926,-0.077473,0.160414,0.149316,0.272645,-0.570705,0.935254,-0.219527,0.090020,0.245043,-0.165857,-0.306269,0.580859,1.122746,0.122460,0.042693,-0.115248
0.193942,0.070847,0.758507,-0.006214,-0.068040,-0.750989,0.656770,-0.101310,-0.196553,0.264957,0.312172,-0.157873,0.154638,-0.133706,-0.351126,-0.079920,1.508533,-0.025923,-0.156376,0.032851,-0.074526,0.162729,0.120144,0.276865,-0.594565,0.940480,-0.214274,0.091409,0.242208,-0.155351,-0.301008,0.579823,1.129991,0.122866,0.044598,-0.119365
0.193425,0.062988,0.759734,-0.008299,-0.067425,-0.746590,0.661807,-0.082485,-0.200246,0.246747,0.303362,-0.162773,0.153743,-0.160199,-0.344730,-0.080076,1.524993,-0.044274,-0.166778,0.021669,-0.070405,0.164712,0.089296,0.281115,-0.620939,0.947279,-0.204858,0.094221,0.238064,-0.143553,-0.295801,0.575548,1.135829,0.123168,0.046827,-0.125263
0.192913,0.055064,0.761007,-0.010594,-0.066690,-0.742069,0.666914,-0.063205,-0.203038,0.228064,0.294147,-0.167399,0.153056,-0.185882,-0.337963,-0.081282,1.536784,-0.061333,-0.177297,0.010765,-0.065796,0.166876,0.058093,0.285175,-0.647546,0.954030,-0.193636,0.097883,0.233457,-0.130936,-0.290745,0.569247,1.140574,0.123593,0.049012,-0.131142
0.192621,0.047102,0.762226,-0.013099,-0.066210,-0.737550,0.671911,-0.042498,-0.205382,0.209885,0.283920,-0.171856,0.152686,-0.209954,-0.331493,-0.082878,1.544147,-0.078239,-0.187804,0.000398,-0.061348,0.169654,0.027850,0.288844,-0.671934,0.959304,-0.182891,0.101836,0.229262,-0.118093,-0.285997,0.562348,1.144685,0.124435,0.050782,-0.135203
0.192277,0.039262,0.763322,-0.015987,-0.066093,-0.733066,0.676749,-0.019589,-0.207272,0.192449,0.272224,-0.176172,0.152871,-0.231983,-0.325183,-0.084851,1.546894,-0.095260,-0.198867,-0.009445,-0.056925,0.173330,-0.001699,0.292057,-0.694249,0.963716,-0.172023,0.106573,0.225246,-0.105025,-0.281661,0.554512,1.148263,0.125933,0.052073,-0.136827
0.191940,0.031013,0.764454,-0.019177,-0.066165,-0.728554,0.681515,0.004775,-0.208503,0.175285,0.259552,-0.180325,0.153462,-0.252432,-0.318691,-0.087445,1.544944,-0.111816,-0.210248,-0.018915,-0.052258,0.177618,-0.031135,0.294819,-0.715487,0.967931,-0.160131,0.112140,0.221076,-0.091403,-0.277738,0.545278,1.150936,0.127914,0.053086,-0.137007
0.191520,0.023054,0.765478,-0.022365,-0.066299,-0.724006,0.686236,0.029384,-0.209155,0.158268,0.246630,-0.184358,0.154052,-0.271801,-0.312337,-0.090371,1.538616,-0.127750,-0.220605,-0.028013,-0.047769,0.182012,-0.059691,0.297106,-0.734395,0.970824,-0.149058,0.117345,0.217529,-0.077445,-0.274228,0.536048,1.152668,0.130094,0.053854,-0.136374
0.191153,0.015271,0.766341,-0.025241,-0.066375,-0.719410,0.690946,0.052959,-0.209340,0.141280,0.234356,-0.188324,0.154277,-0.290574,-0.306484,-0.093396,1.528215,-0.142880,-0.228641,-0.036906,-0.043861,0.185948,-0.086518,0.298929,-0.749470,0.971280,-0.140602,0.121022,0.215421,-0.063505,-0.271097,0.528433,1.153611,0.132222,0.054400,-0.135571
0.190631,0.007194,0.767207,-0.027842,-0.066408,-0.714734,0.695680,0.075732,-0.209106,0.124099,0.222411,-0.192043,0.153971,-0.308521,-0.301357,-0.096883,1.513499,-0.157389,-0.233790,-0.045737,-0.040598,0.189386,-0.111608,0.300385,-0.760074,0.969447,-0.135166,0.123048,0.215152,-0.049698,-0.268339,0.523197,1.153890,0.134667,0.054693,-0.134226
0.190121,-0.000706,0.767847,-0.030281,-0.066467,-0.709994,0.700410,0.098254,-0.208445,0.106865,0.210432,-0.195559,0.153428,-0.325375,-0.296630,-0.100907,1.494306,-0.171274,-0.236737,-0.054488,-0.037782,0.192524,-0.135375,0.301605,-0.766943,0.965926,-0.131799,0.124004,0.216266,-0.035932,-0.265935,0.519556,1.153570,0.137469,0.054737,-0.132182
0.189564,-0.008566,0.768352,-0.032409,-0.066449,-0.705262,0.705081,0.119627,-0.207467,0.090007,0.199460,-0.199286,0.152963,-0.341690,-0.291894,-0.104772,1.471202,-0.184072,-0.238118,-0.063037,-0.035401,0.195138,-0.157623,0.302655,-0.770610,0.960308,-0.130242,0.123796,0.218327,-0.022249,-0.263802,0.516725,1.152742,0.139841,0.054589,-0.130395
0.189103,-0.016520,0.768870,-0.034074,-0.066262,-0.700609,0.709645,0.139089,-0.206319,0.073918,0.190232,-0.203561,0.152857,-0.358000,-0.286814,-0.107779,1.444692,-0.195378,-0.238693,-0.071295,-0.033406,0.196999,-0.178147,0.303568,-0.771587,0.952199,-0.130259,0.122312,0.220900,-0.008714,-0.261800,0.513907,1.151525,0.140964,0.054303,-0.129831
0.188590,-0.024597,0.769235,-0.035176,-0.065874,-0.696056,0.714093,0.156478,-0.205154,0.058692,0.182536,-0.208087,0.153305,-0.374739,-0.281550,-0.109657,1.414871,-0.205646,-0.238749,-0.079225,-0.031884,0.197901,-0.196805,0.304382,-0.769165,0.941451,-0.132723,0.119082,0.224404,0.004523,-0.259852,0.511422,1.150007,0.140197,0.053765,-0.130942
0.187905,-0.032621,0.769477,-0.035820,-0.065336,-0.691567,0.718459,0.172247,-0.203930,0.044091,0.176021,-0.212768,0.154115,-0.391462,-0.276234,-0.110811,1.381437,-0.214935,-0.237929,-0.086879,-0.030810,0.197963,-0.213835,0.305184,-0.763346,0.928428,-0.137464,0.114291,0.228891,0.017466,-0.257930,0.509521,1.148258,0.138101,0.052981,-0.133161
0.187417,-0.040496,0.769529,-0.036161,-0.064670,-0.687114,0.722761,0.186534,-0.202544,0.030000,0.171162,-0.218178,0.154957,-0.407485,-0.270569,-0.111489,1.344421,-0.222250,-0.236102,-0.094242,-0.029952,0.197452,-0.229543,0.306040,-0.755692,0.913429,-0.142613,0.108839,0.233392,0.030266,-0.255980,0.507279,1.146377,0.135672,0.052179,-0.135919
0.187032,-0.048351,0.769441,-0.036374,-0.063876,-0.682674,0.727017,0.199548,-0.200896,0.016299,0.168272,-0.224809,0.155494,-0.422138,-0.264300,-0.111932,1.303808,-0.226586,-0.233166,-0.101093,-0.028904,0.196697,-0.244512,0.306719,-0.748106,0.896951,-0.146462,0.103619,0.236996,0.043616,-0.254403,0.503522,1.143768,0.133933,0.051625,-0.138574
0.186551,-0.056329,0.769238,-0.036470,-0.062859,-0.678172,0.731301,0.210958,-0.198768,0.002964,0.167770,-0.232937,0.155431,-0.435636,-0.257772,-0.112433,1.259708,-0.227470,-0.230083,-0.107792,-0.027797,0.195499,-0.258291,0.307761,-0.740154,0.878230,-0.148553,0.098853,0.239365,0.056696,-0.252033,0.497980,1.141645,0.132747,0.051319,-0.141370
0.185983,-0.064422,0.768954,-0.036395,-0.061609,-0.673639,0.735588,0.220896,-0.196271,-0.009984,0.169090,-0.242103,0.154988,-0.448226,-0.251097,-0.112712,1.212113,-0.225595,-0.226707,-0.114040,-0.026569,0.193802,-0.271073,0.308862,-0.731557,0.857518,-0.149970,0.094054,0.241099,0.070063,-0.249501,0.490986,1.139150,0.131757,0.051187,-0.144440
0.185462,-0.072579,0.768495,-0.036146,-0.060340,-0.669192,0.739753,0.229941,-0.193779,-0.022543,0.171696,-0.252023,0.154589,-0.459291,-0.243810,-0.112155,1.160846,-0.221764,-0.221442,-0.119732,-0.025434,0.191891,-0.282946,0.310007,-0.722873,0.835649,-0.150781,0.089219,0.242447,0.083272,-0.246828,0.483234,1.136836,0.131199,0.051059,-0.147408
0.185034,-0.080667,0.767908,-0.035772,-0.059219,-0.664952,0.743675,0.238558,-0.191643,-0.034705,0.175340,-0.262566,0.154668,-0.468208,-0.235546,-0.110113,1.105626,-0.216750,-0.212757,-0.124678,-0.024642,0.190056,-0.294062,0.311144,-0.714804,0.813486,-0.151090,0.084340,0.243688,0.095950,-0.244091,0.475353,1.135164,0.131331,0.050763,-0.149902
0.184683,-0.088695,0.767145,-0.035290,-0.058281,-0.660921,0.747356,0.246566,-0.189838,-0.046537,0.180403,-0.273875,0.155283,-0.474801,-0.226377,-0.106207,1.045841,-0.210600,-0.200610,-0.128878,-0.024181,0.188475,-0.304554,0.312236,-0.707400,0.790898,-0.150917,0.079226,0.244783,0.108118,-0.241314,0.466981,1.133997,0.132556,0.050217,-0.152008
0.184277,-0.096875,0.766248,-0.034687,-0.057422,-0.657042,0.750863,0.253719,-0.188219,-0.058039,0.187069,-0.286061,0.156213,-0.479335,-0.216801,-0.100687,0.981651,-0.203075,-0.186017,-0.132430,-0.023907,0.186956,-0.314344,0.313263,-0.700336,0.767567,-0.150209,0.073942,0.245638,0.119954,-0.238495,0.457919,1.133130,0.134631,0.049521,-0.153861
0.183972,-0.105140,0.765245,-0.033917,-0.056664,-0.653340,0.754179,0.260954,-0.186987,-0.069204,0.193665,-0.298322,0.157486,-0.481864,-0.207159,-0.093802,0.913856,-0.194387,-0.169029,-0.135291,-0.023916,0.185258,-0.323281,0.314170,-0.693776,0.744092,-0.148978,0.068860,0.246427,0.131368,-0.235697,0.449030,1.132851,0.136823,0.048795,-0.155162
0.183666,-0.113523,0.764050,-0.032911,-0.056060,-0.649851,0.757276,0.269174,-0.186329,-0.080013,0.198574,-0.309886,0.159130,-0.482399,-0.197770,-0.085824,0.843046,-0.184740,-0.149665,-0.137439,-0.024315,0.183146,-0.331189,0.314844,-0.687808,0.721073,-0.147163,0.064356,0.247326,0.142285,-0.233134,0.441219,1.133398,0.138446,0.048170,-0.155609
0.183453,-0.122062,0.762712,-0.031599,-0.055699,-0.646597,0.760139,0.278492,-0.186500,-0.090492,0.201748,-0.320924,0.161540,-0.480673,-0.188895,-0.076356,0.767742,-0.173325,-0.127554,-0.138974,-0.025081,0.180642,-0.338039,0.315082,-0.682343,0.698505,-0.145025,0.060372,0.248540,0.153272,-0.231605,0.434711,1.134008,0.139601,0.047681,-0.154700
0.183340,-0.130640,0.761170,-0.030020,-0.055565,-0.643545,0.762798,0.288584,-0.187347,-0.100719,0.203717,-0.331587,0.164555,-0.476510,-0.180793,-0.065220,0.687530,-0.160251,-0.103150,-0.139382,-0.026667,0.177862,-0.344221,0.315226,-0.677792,0.676240,-0.142423,0.056835,0.249801,0.163146,-0.229146,0.428009,1.136523,0.139796,0.047080,-0.152926
0.183370,-0.139322,0.759523,-0.028268,-0.055535,-0.640666,0.765287,0.299450,-0.188469,-0.110658,0.204396,-0.341523,0.167403,-0.470167,-0.173640,-0.053108,0.604686,-0.147084,-0.077552,-0.139376,-0.028520,0.174687,-0.349390,0.315021,-0.673643,0.654542,-0.138964,0.053835,0.250994,0.172559,-0.227123,0.422758,1.139605,0.140000,0.046662,-0.150905
0.183539,-0.148243,0.757776,-0.026418,-0.055529,-0.637912,0.767650,0.311140,-0.189552,-0.120294,0.203650,-0.350347,0.169342,-0.461829,-0.167526,-0.040881,0.521319,-0.135167,-0.051702,-0.139152,-0.030266,0.171267,-0.353267,0.314696,-0.669686,0.633112,-0.134243,0.051549,0.251818,0.181783,-0.226033,0.419295,1.142520,0.140330,0.046632,-0.149229
0.183662,-0.157307,0.755877,-0.024326,-0.055706,-0.635285,0.769882,0.324703,-0.191043,-0.129834,0.199595,-0.357302,0.170140,-0.450117,-0.162370,-0.027667,0.433142,-0.124550,-0.024983,-0.138445,-0.032487,0.167446,-0.355937,0.314216,-0.666102,0.611981,-0.127688,0.050433,0.252060,0.190398,-0.225219,0.417683,1.146233,0.140407,0.046998,-0.148196
0.183885,-0.166612,0.753740,-0.021922,-0.056293,-0.632625,0.772099,0.340311,-0.193391,-0.139777,0.192456,-0.362467,0.170319,-0.433975,-0.159347,-0.013749,0.338006,-0.113398,0.002685,-0.137728,-0.035722,0.163392,-0.357456,0.313535,-0.662791,0.591223,-0.119621,0.050270,0.251836,0.198358,-0.224597,0.417740,1.150864,0.140249,0.047657,-0.147459
0.184113,-0.175837,0.751399,-0.019252,-0.057481,-0.629584,0.774564,0.357438,-0.196560,-0.150825,0.183955,-0.366142,0.170337,-0.414054,-0.160115,-0.001920,0.241444,-0.100293,0.030168,-0.138068,-0.040342,0.159424,-0.358274,0.312265,-0.659548,0.572073,-0.110788,0.050220,0.251317,0.205443,-0.223940,0.419215,1.156389,0.140272,0.048466,-0.146970
0.184284,-0.185249,0.748894,-0.016432,-0.059283,-0.625935,0.777445,0.374960,-0.200265,-0.163289,0.176589,-0.369030,0.170582,-0.391756,-0.165161,0.005037,0.150113,-0.084038,0.056822,-0.139513,-0.046355,0.156218,-0.358423,0.311290,-0.657281,0.553900,-0.102657,0.049511,0.250922,0.212487,-0.223517,0.420704,1.161197,0.140549,0.049358,-0.146398
0.184397,-0.194827,0.746402,-0.013517,-0.061428,-0.621786,0.780658,0.391929,-0.204003,-0.176667,0.171564,-0.371912,0.170935,-0.393381,-0.172511,0.010927,0.117486,-0.092107,0.084532,-0.141823,-0.053215,0.153685,-0.357813,0.310767,-0.655882,0.536313,-0.095262,0.047803,0.250625,0.219197,-0.223212,0.422328,1.165628,0.141312,0.050194,-0.145822
0.184406,-0.204455,0.743964,-0.010598,-0.063578,-0.617489,0.783934,0.407872,-0.207308,-0.190017,0.169148,-0.375324,0.171055,-0.406499,-0.180243,0.015286,0.115005,-0.111397,0.113425,-0.144179,-0.060161,0.151493,-0.356394,0.310501,-0.655201,0.519209,-0.088067,0.045546,0.250302,0.225141,-0.223007,0.424128,1.170296,0.142205,0.051024,-0.145250
0.184292,-0.214235,0.741605,-0.008099,-0.065109,-0.613534,0.786938,0.420963,-0.208949,-0.201659,0.172161,-0.380653,0.170721,-0.417132,-0.186682,0.015399,0.114739,-0.126302,0.139797,-0.146955,-0.065789,0.148735,-0.353492,0.310117,-0.653901,0.503746,-0.080799,0.043122,0.250084,0.229220,-0.222581,0.427817,1.176298,0.143505,0.052008,-0.144890
0.184195,-0.223847,0.739557,-0.006366,-0.065811,-0.610190,0.789491,0.431592,-0.208346,-0.210950,0.179041,-0.386489,0.170035,-0.423003,-0.191443,0.010539,0.114473,-0.135018,0.160035,-0.148399,-0.069184,0.146096,-0.349749,0.309910,-0.653242,0.489764,-0.074152,0.040992,0.250116,0.232522,-0.222193,0.430763,1.181894,0.143857,0.053403,-0.144210
0.184032,-0.233353,0.737784,-0.005356,-0.065859,-0.607533,0.791541,0.440217,-0.205798,-0.217920,0.189301,-0.392905,0.168958,-0.422632,-0.195296,-0.002010,0.114281,-0.136836,0.174566,-0.148674,-0.070804,0.143599,-0.344919,0.309851,-0.652879,0.477320,-0.068053,0.039219,0.250586,0.234835,-0.221750,0.433634,1.187400,0.143248,0.055396,-0.142871
0.183861,-0.242790,0.736356,-0.005015,-0.065225,-0.605458,0.793184,0.446896,-0.201420,-0.222760,0.202548,-0.399698,0.167488,-0.416904,-0.197602,-0.021322,0.113983,-0.132178,0.185030,-0.147321,-0.070475,0.141558,-0.339683,0.309840,-0.653298,0.466214,-0.062562,0.037589,0.251244,0.236700,-0.221561,0.435322,1.192133,0.141445,0.057858,-0.140895
0.183694,-0.252502,0.735053,-0.005287,-0.063324,-0.603964,0.794475,0.449603,-0.194709,-0.224852,0.221207,-0.407594,0.165554,-0.409564,-0.196115,-0.041975,0.114823,-0.123075,0.189359,-0.146345,-0.067769,0.137869,-0.332093,0.310277,-0.653287,0.456579,-0.057237,0.036126,0.252185,0.236397,-0.220829,0.439217,1.198457,0.140347,0.060364,-0.139628
0.183709,-0.262604,0.733811,-0.006013,-0.059847,-0.602952,0.795507,0.447688,-0.185609,-0.224213,0.245301,-0.415855,0.163251,-0.403458,-0.189949,-0.058310,0.116480,-0.110669,0.185611,-0.143989,-0.061768,0.133026,-0.324043,0.310636,-0.654098,0.448679,-0.052227,0.034845,0.252630,0.236039,-0.220462,0.441159,1.203205,0.138600,0.062726,-0.139312
0.183752,-0.272909,0.732961,-0.007472,-0.054237,-0.602544,0.796205,0.440597,-0.172781,-0.220480,0.274633,-0.424590,0.160530,-0.398321,-0.178165,-0.070111,0.118686,-0.094369,0.167959,-0.140990,-0.051434,0.126111,-0.314526,0.311104,-0.655050,0.442363,-0.047196,0.033588,0.252561,0.234629,-0.220202,0.443180,1.207660,0.136777,0.064987,-0.140636
0.183789,-0.282949,0.732648,-0.009669,-0.046937,-0.602500,0.796679,0.429721,-0.156543,-0.214736,0.308088,-0.433429,0.157407,-0.392911,-0.162069,-0.080120,0.121841,-0.073843,0.139280,-0.137615,-0.037570,0.117767,-0.303751,0.311657,-0.656222,0.437622,-0.042254,0.032412,0.252111,0.232467,-0.220117,0.445104,1.211568,0.134683,0.067279,-0.143056
0.183842,-0.293229,0.732358,-0.011964,-0.039335,-0.602147,0.797326,0.417790,-0.139443,-0.209299,0.342942,-0.439778,0.154202,-0.416679,-0.147316,-0.083096,0.186208,-0.082152,0.110693,-0.134948,-0.023158,0.108827,-0.292201,0.312347,-0.658035,0.434995,-0.037987,0.031670,0.251525,0.230307,-0.220216,0.446210,1.214297,0.132884,0.069398,-0.145896
0.183627,-0.303186,0.732358,-0.013919,-0.032401,-0.601151,0.798357,0.406419,-0.123530,-0.205280,0.377626,-0.441822,0.151141,-0.436903,-0.133529,-0.083621,0.240586,-0.082839,0.093454,-0.133344,-0.010230,0.099914,-0.280519,0.312915,-0.660884,0.435290,-0.034847,0.031680,0.251075,0.228664,-0.220403,0.445666,1.215494,0.131893,0.071119,-0.148481
0.183431,-0.313446,0.732369,-0.015313,-0.025620,-0.599578,0.799760,0.394457,-0.108524,-0.202587,0.412399,-0.440598,0.148304,-0.451802,-0.118940,-0.078846,0.276324,-0.067566,0.091445,-0.132007,0.001585,0.090061,-0.269114,0.313850,-0.666126,0.438139,-0.033724,0.032645,0.251334,0.228578,-0.220685,0.441668,1.213830,0.131566,0.072418,-0.150961
0.183604,-0.324228,0.732426,-0.016497,-0.018522,-0.597748,0.801300,0.381159,-0.093278,-0.200251,0.448026,-0.436793,0.145561,-0.464699,-0.102550,-0.069308,0.302843,-0.042027,0.098464,-0.130610,0.013512,0.079094,-0.257815,0.314750,-0.673027,0.443788,-0.033972,0.034320,0.251959,0.229193,-0.220893,0.435251,1.210335,0.131719,0.073392,-0.153634
0.184042,-0.335248,0.732483,-0.018086,-0.011755,-0.595924,0.802751,0.367328,-0.077848,-0.197221,0.486007,-0.428953,0.142669,-0.473730,-0.085523,-0.060192,0.323851,-0.016343,0.109976,-0.129130,0.025620,0.068962,-0.246105,0.315313,-0.680136,0.452381,-0.034556,0.036442,0.252275,0.229016,-0.221123,0.428880,1.207037,0.132564,0.073957,-0.155865
0.184639,-0.346180,0.732816,-0.020694,-0.006006,-0.594342,0.803924,0.354051,-0.062371,-0.192579,0.527442,-0.415504,0.139475,-0.476997,-0.069551,-0.056899,0.342863,-0.000403,0.121095,-0.127208,0.037842,0.061798,-0.233449,0.315436,-0.686505,0.463691,-0.034584,0.038728,0.251690,0.227090,-0.221635,0.424362,1.205157,0.134110,0.074134,-0.156938
0.185259,-0.357143,0.733363,-0.024710,-0.001628,-0.593243,0.804642,0.342640,-0.046955,-0.185972,0.573060,-0.396243,0.137552,-0.472984,-0.055262,-0.061535,0.360466,0.001993,0.132544,-0.125042,0.050525,0.058362,-0.218633,0.314949,-0.691064,0.477942,-0.033342,0.040752,0.249465,0.222866,-0.222726,0.422708,1.205627,0.137394,0.073678,-0.156266
0.186096,-0.367900,0.733916,-0.029750,0.001844,-0.592482,0.805032,0.332114,-0.031318,-0.177893,0.622184,-0.372020,0.136690,-0.463259,-0.042072,-0.070693,0.375537,-0.003615,0.145929,-0.122771,0.063931,0.057405,-0.202259,0.313576,-0.694405,0.495250,-0.031366,0.042733,0.246095,0.217355,-0.224854,0.422844,1.206909,0.142164,0.072761,-0.154224
0.187026,-0.378654,0.734806,-0.035172,0.004814,-0.591684,0.805388,0.320065,-0.015288,-0.168911,0.674326,-0.342857,0.134105,-0.450234,-0.029926,-0.081756,0.388112,-0.012786,0.157760,-0.120530,0.077311,0.057972,-0.186009,0.311573,-0.697516,0.515020,-0.029480,0.045426,0.242707,0.210765,-0.227565,0.424160,1.208080,0.146633,0.071862,-0.151804
0.187995,-0.389087,0.735827,-0.040332,0.007650,-0.590466,0.806018,0.304198,0.001047,-0.159808,0.729113,-0.308830,0.126944,-0.436304,-0.018416,-0.092174,0.397949,-0.021152,0.164613,-0.118232,0.089851,0.059211,-0.171767,0.309136,-0.701668,0.536756,-0.028594,0.049586,0.240486,0.203642,-0.230582,0.425730,1.207823,0.148949,0.071472,-0.149958
0.188851,-0.399429,0.737059,-0.045092,0.010414,-0.588767,0.806977,0.283537,0.017370,-0.150927,0.788321,-0.268880,0.113980,-0.421404,-0.006922,-0.101618,0.403467,-0.027561,0.165302,-0.115981,0.101316,0.061064,-0.159645,0.306376,-0.707016,0.560782,-0.028963,0.056007,0.239971,0.195940,-0.233615,0.427236,1.205846,0.147687,0.071979,-0.148623
0.189628,-0.409397,0.738338,-0.049737,0.012843,-0.586788,0.808110,0.259474,0.033199,-0.142297,0.852077,-0.223627,0.096754,-0.404424,0.004523,-0.111241,0.404851,-0.034223,0.161909,-0.113680,0.111858,0.063967,-0.148747,0.303338,-0.713113,0.587199,-0.030160,0.064099,0.240499,0.187325,-0.236604,0.429072,1.203078,0.144076,0.072995,-0.147446
0.190346,-0.419128,0.739609,-0.054241,0.014791,-0.584530,0.809422,0.233110,0.048235,-0.134298,0.917830,-0.175648,0.076697,-0.386067,0.015463,-0.120843,0.404137,-0.041841,0.155850,-0.111101,0.121284,0.067885,-0.139337,0.300165,-0.720128,0.615071,-0.032041,0.072555,0.241428,0.177919,-0.239610,0.431524,1.199941,0.140265,0.073861,-0.146945
0.191015,-0.428589,0.740925,-0.058598,0.016141,-0.581989,0.810922,0.205384,0.062651,-0.127151,0.983096,-0.127325,0.055666,-0.366907,0.025358,-0.130280,0.403319,-0.051115,0.148551,-0.108029,0.129501,0.072798,-0.131707,0.297056,-0.728252,0.643398,-0.034508,0.080070,0.242114,0.167878,-0.242775,0.434869,1.196769,0.138413,0.073928,-0.147623
0.191693,-0.437821,0.742199,-0.062968,0.016810,-0.578915,0.812779,0.175740,0.077342,-0.121410,1.049166,-0.074001,0.030024,-0.346555,0.034086,-0.140099,0.402829,-0.063039,0.139399,-0.104769,0.136560,0.079177,-0.126361,0.294219,-0.738106,0.672233,-0.037643,0.086594,0.242647,0.157542,-0.246133,0.438983,1.192789,0.138954,0.073125,-0.149738
0.192449,-0.446901,0.743552,-0.067319,0.016893,-0.575389,0.814930,0.143663,0.091913,-0.117250,1.117427,-0.016244,0.000606,-0.324845,0.042074,-0.150171,0.401597,-0.076928,0.127921,-0.101361,0.142546,0.086964,-0.122838,0.291742,-0.749352,0.701667,-0.041530,0.092736,0.243289,0.146786,-0.249650,0.443797,1.187932,0.140774,0.071772,-0.152953
0.193076,-0.455685,0.744861,-0.071388,0.016565,-0.571894,0.817048,0.110051,0.105734,-0.113398,1.185221,0.035924,-0.023617,-0.302452,0.049554,-0.159475,0.399025,-0.090851,0.115803,-0.097263,0.147568,0.095320,-0.119955,0.289599,-0.760648,0.730735,-0.045994,0.098192,0.243630,0.134988,-0.253440,0.449767,1.183633,0.143757,0.069800,-0.156887
0.193900,-0.464070,0.746162,-0.074970,0.016053,-0.568950,0.818790,0.075851,0.119216,-0.107632,1.249454,0.072486,-0.033451,-0.280461,0.056714,-0.167022,0.395171,-0.103136,0.104757,-0.091916,0.151919,0.103397,-0.116528,0.287699,-0.770576,0.758507,-0.050819,0.102650,0.243248,0.121580,-0.257686,0.457455,1.181239,0.147822,0.067155,-0.161134
0.194809,-0.472284,0.747439,-0.078062,0.015450,-0.566634,0.820118,0.040574,0.134007,-0.098485,1.310168,0.089986,-0.022018,-0.258901,0.063612,-0.172811,0.389718,-0.113444,0.094803,-0.085162,0.155854,0.111147,-0.112775,0.285973,-0.779304,0.785228,-0.056096,0.105511,0.241775,0.106210,-0.262577,0.467657,1.181104,0.153901,0.063182,-0.166300
0.195767,-0.480360,0.748712,-0.080824,0.014673,-0.564698,0.821199,0.004140,0.150786,-0.086872,1.368328,0.093863,0.004855,-0.237265,0.070191,-0.177382,0.382775,-0.122648,0.085170,-0.077363,0.159458,0.118995,-0.109135,0.284413,-0.787288,0.811184,-0.061848,0.107120,0.239494,0.089380,-0.268090,0.480024,1.182225,0.161759,0.058121,-0.172280
0.197009,-0.488210,0.750031,-0.083199,0.013638,-0.563096,0.822080,-0.031443,0.168064,-0.074089,1.421408,0.087855,0.036837,-0.215286,0.076182,-0.180713,0.374394,-0.130827,0.076434,-0.068919,0.162510,0.126745,-0.104795,0.283017,-0.793585,0.835600,-0.067761,0.108585,0.236977,0.071640,-0.274103,0.493372,1.184147,0.169559,0.053282,-0.177648
0.198405,-0.496111,0.751498,-0.085122,0.012263,-0.561772,0.822810,-0.064262,0.183835,-0.061261,1.466961,0.076075,0.063210,-0.192777,0.081223,-0.182789,0.364800,-0.138134,0.069195,-0.060264,0.164692,0.134209,-0.098913,0.281816,-0.797234,0.857689,-0.073521,0.111002,0.234802,0.053493,-0.280451,0.506501,1.186501,0.175468,0.050008,-0.181030
0.199885,-0.503808,0.752966,-0.086436,0.010456,-0.560846,0.823329,-0.093465,0.197882,-0.047120,1.504130,0.055329,0.081163,-0.169869,0.084891,-0.183182,0.354165,-0.144600,0.064067,-0.051176,0.165670,0.141309,-0.091221,0.280783,-0.797923,0.877357,-0.079044,0.114939,0.232870,0.034588,-0.287090,0.519674,1.189891,0.178944,0.048823,-0.182099
0.201428,-0.511836,0.754566,-0.087167,0.008257,-0.560295,0.823652,-0.120006,0.210055,-0.031512,1.534341,0.025028,0.095295,-0.146792,0.087128,-0.182105,0.342802,-0.150376,0.060667,-0.041548,0.165541,0.148173,-0.082165,0.279903,-0.796179,0.894982,-0.084488,0.119714,0.230969,0.014754,-0.294007,0.533388,1.194352,0.180985,0.048976,-0.181608
0.203116,-0.519515,0.756065,-0.087513,0.005767,-0.559840,0.823946,-0.145014,0.218783,-0.016763,1.558548,-0.006331,0.106470,-0.123302,0.088258,-0.180528,0.330627,-0.155678,0.058090,-0.031973,0.164635,0.154911,-0.071966,0.279271,-0.792355,0.910470,-0.089914,0.124546,0.229509,-0.005307,-0.301083,0.546744,1.198770,0.182074,0.049889,-0.179849
0.204812,-0.527211,0.757591,-0.087706,0.003103,-0.559204,0.824371,-0.169797,0.222902,-0.005087,1.577623,-0.030214,0.116010,-0.099100,0.088751,-0.179416,0.317451,-0.160668,0.055409,-0.023015,0.163298,0.161612,-0.060820,0.279066,-0.786824,0.923676,-0.095391,0.128656,0.228902,-0.024989,-0.308202,0.558786,1.202196,0.182659,0.050966,-0.177132
0.206544,-0.534831,0.759055,-0.087766,0.000256,-0.558257,0.825013,-0.195225,0.221781,0.003046,1.591553,-0.043661,0.125262,-0.074017,0.088635,-0.179122,0.303128,-0.165349,0.052270,-0.014946,0.161431,0.168374,-0.048508,0.279427,-0.779280,0.934220,-0.101072,0.132047,0.229527,-0.044375,-0.315300,0.569361,1.204735,0.182411,0.052379,-0.172882
0.208344,-0.542604,0.760527,-0.087615,-0.002801,-0.557152,0.825771,-0.220666,0.216189,0.009101,1.599837,-0.051145,0.133263,-0.048226,0.087733,-0.179201,0.287737,-0.169634,0.049277,-0.007459,0.158892,0.175164,-0.034866,0.280402,-0.769621,0.942037,-0.106891,0.135072,0.231062,-0.063844,-0.322397,0.578934,1.206957,0.181197,0.054306,-0.167173
0.210219,-0.550414,0.761905,-0.087321,-0.005981,-0.556047,0.826530,-0.245254,0.207315,0.013695,1.602748,-0.055455,0.138090,-0.021935,0.086330,-0.179413,0.271433,-0.173542,0.046855,-0.000231,0.156038,0.181877,-0.020190,0.282027,-0.758552,0.947453,-0.112645,0.137465,0.232858,-0.083106,-0.329497,0.587453,1.208462,0.179793,0.056186,-0.161286
0.212121,-0.558254,0.763214,-0.086960,-0.009187,-0.555099,0.827175,-0.268086,0.196320,0.017384,1.600517,-0.059394,0.137851,0.004729,0.084700,-0.179491,0.254229,-0.177012,0.045335,0.007110,0.153195,0.188383,-0.004834,0.284317,-0.746867,0.950846,-0.118151,0.138976,0.234263,-0.101810,-0.336604,0.594760,1.208818,0.178923,0.057470,-0.156497
0.214107,-0.565971,0.764268,-0.086549,-0.012572,-0.554275,0.827726,-0.288749,0.182622,0.019766,1.592863,-0.062600,0.131216,0.032372,0.082834,-0.179634,0.235666,-0.179995,0.044534,0.014606,0.150344,0.194861,0.011293,0.287282,-0.734516,0.951914,-0.123589,0.139529,0.235108,-0.119806,-0.343762,0.600702,1.207968,0.178913,0.058005,-0.152844
0.216157,-0.573823,0.765273,-0.086086,-0.016107,-0.553519,0.828219,-0.307774,0.166100,0.020633,1.579710,-0.064058,0.119602,0.060970,0.080725,-0.179944,0.215726,-0.182483,0.044220,0.022085,0.147386,0.201336,0.028387,0.290912,-0.721139,0.950496,-0.128993,0.139274,0.235722,-0.137305,-0.351020,0.605369,1.206140,0.179302,0.058093,-0.149745
0.218328,-0.581698,0.766088,-0.085522,-0.019500,-0.552957,0.828579,-0.325654,0.148655,0.020783,1.561679,-0.065714,0.105305,0.089210,0.078608,-0.179996,0.195568,-0.184618,0.044583,0.029635,0.144544,0.207417,0.046237,0.295146,-0.707080,0.947252,-0.133934,0.138287,0.236185,-0.154452,-0.358345,0.609003,1.203286,0.179755,0.057868,-0.147551
0.220529,-0.589517,0.766779,-0.084836,-0.022430,-0.552727,0.828729,-0.342892,0.132172,0.021064,1.539391,-0.069420,0.090636,0.115865,0.076682,-0.179308,0.176102,-0.186474,0.045846,0.037387,0.141971,0.212684,0.064577,0.299876,-0.692739,0.942934,-0.137991,0.136642,0.236589,-0.171390,-0.365644,0.611812,1.199375,0.179939,0.057462,-0.146622
0.222779,-0.597206,0.767256,-0.083978,-0.024895,-0.552901,0.828631,-0.359504,0.116371,0.021163,1.512586,-0.076161,0.075764,0.140687,0.074830,-0.177612,0.157593,-0.187959,0.048534,0.045398,0.139598,0.217035,0.083446,0.305045,-0.678168,0.937657,-0.140706,0.133844,0.236764,-0.188258,-0.372852,0.613697,1.194530,0.179869,0.056863,-0.147392
0.225104,-0.605079,0.767591,-0.082984,-0.027025,-0.553416,0.828320,-0.375191,0.100895,0.020732,1.481004,-0.084893,0.059957,0.164428,0.073015,-0.175142,0.139297,-0.188985,0.052263,0.053632,0.137325,0.220658,0.102969,0.310597,-0.663165,0.931126,-0.142419,0.130027,0.236719,-0.205011,-0.379958,0.614587,1.188847,0.179675,0.056010,-0.149567
0.227394,-0.612854,0.767759,-0.081876,-0.028759,-0.554204,0.827845,-0.390021,0.087329,0.020636,1.445260,-0.094293,0.044056,0.185059,0.071074,-0.172321,0.125562,-0.192148,0.056021,0.062079,0.135229,0.223532,0.122925,0.316380,-0.647780,0.923620,-0.143914,0.126194,0.236809,-0.221501,-0.386920,0.614664,1.182279,0.179191,0.054946,-0.152428
0.229710,-0.620689,0.767779,-0.080720,-0.029999,-0.555183,0.827258,-0.404067,0.077023,0.021759,1.405934,-0.102945,0.028686,0.198766,0.068509,-0.169686,0.124518,-0.201987,0.058899,0.070711,0.133370,0.225601,0.143013,0.322164,-0.632089,0.915569,-0.145957,0.123339,0.237405,-0.237587,-0.393696,0.614046,1.174855,0.178165,0.053713,-0.155262
0.232092,-0.628478,0.767600,-0.079492,-0.030627,-0.556426,0.826519,-0.417458,0.070255,0.024150,1.362837,-0.111252,0.012477,0.211052,0.066526,-0.166723,0.123651,-0.211839,0.060582,0.079720,0.131880,0.226562,0.163102,0.327760,-0.616077,0.907058,-0.148834,0.121904,0.238623,-0.253352,-0.400298,0.612655,1.166658,0.176244,0.052248,-0.158011
0.234592,-0.636240,0.767335,-0.078174,-0.030727,-0.557946,0.825616,-0.430037,0.066274,0.027439,1.315643,-0.119599,-0.004431,0.222065,0.064972,-0.163311,0.122849,-0.221517,0.061673,0.089069,0.130663,0.226467,0.183193,0.333066,-0.599775,0.898216,-0.152092,0.121273,0.240279,-0.268832,-0.406742,0.610438,1.157767,0.173662,0.050540,-0.161023
0.237081,-0.643976,0.766850,-0.076721,-0.030573,-0.559570,0.824658,-0.441477,0.064457,0.031990,1.264867,-0.126569,-0.019419,0.232396,0.063375,-0.159721,0.122178,-0.231248,0.062605,0.098416,0.129275,0.225797,0.203126,0.337998,-0.583388,0.889642,-0.155408,0.120857,0.242284,-0.283777,-0.412965,0.607517,1.148167,0.171046,0.048746,-0.164209
0.239723,-0.651937,0.766292,-0.075102,-0.030432,-0.561117,0.823761,-0.451469,0.064079,0.038061,1.211035,-0.130764,-0.029996,0.242638,0.061325,-0.156257,0.121673,-0.241124,0.063781,0.107383,0.127333,0.225040,0.222731,0.342485,-0.567099,0.881932,-0.158442,0.120062,0.244557,-0.298000,-0.418845,0.604050,1.137950,0.169052,0.046991,-0.167474
0.242429,-0.659850,0.765547,-0.073430,-0.030247,-0.562517,0.822963,-0.460153,0.065219,0.045336,1.154249,-0.131628,-0.034689,0.252604,0.059036,-0.153069,0.121812,-0.251504,0.065303,0.115756,0.125034,0.224219,0.242088,0.346470,-0.550550,0.875094,-0.160958,0.118527,0.247267,-0.311616,-0.424311,0.600000,1.127144,0.168115,0.045296,-0.170982
0.245100,-0.667780,0.764744,-0.071679,-0.029900,-0.563863,0.822208,-0.467528,0.067837,0.053811,1.094191,-0.129954,-0.035384,0.262162,0.056642,-0.149998,0.122215,-0.262100,0.067032,0.123707,0.122485,0.223040,0.261183,0.349926,-0.533786,0.869018,-0.163165,0.116628,0.250411,-0.324768,-0.429346,0.595342,1.115911,0.167794,0.043579,-0.174734
0.247844,-0.675687,0.763809,-0.069974,-0.029367,-0.565126,0.821507,-0.472893,0.071533,0.063460,1.030378,-0.126238,-0.034748,0.271551,0.054398,-0.147127,0.122635,-0.272665,0.068907,0.131205,0.120002,0.221508,0.279680,0.352855,-0.517625,0.864137,-0.165402,0.114879,0.253632,-0.337317,-0.433898,0.590264,1.104542,0.167461,0.041815,-0.178394
0.250653,-0.683627,0.762777,-0.068456,-0.028636,-0.566270,0.820872,-0.475539,0.075952,0.074204,0.962192,-0.120908,-0.035437,0.281003,0.052614,-0.144535,0.123027,-0.283105,0.070802,0.138209,0.117962,0.219645,0.297225,0.355282,-0.502877,0.860880,-0.168013,0.113797,0.256592,-0.349211,-0.437916,0.585015,1.093401,0.166508,0.039976,-0.181626
0.253658,-0.691626,0.761575,-0.067066,-0.027762,-0.567209,0.820369,-0.474980,0.080730,0.085998,0.888028,-0.113064,-0.037860,0.290584,0.051127,-0.142508,0.123392,-0.293597,0.072782,0.144523,0.116222,0.217527,0.313676,0.357273,-0.489681,0.859356,-0.171162,0.113532,0.259433,-0.360516,-0.441336,0.579418,1.082569,0.164686,0.037920,-0.184327
0.256708,-0.699757,0.760224,-0.065771,-0.026732,-0.567988,0.819969,-0.471557,0.085804,0.099026,0.808367,-0.102647,-0.040911,0.300222,0.049868,-0.140903,0.123735,-0.304150,0.074847,0.150207,0.114667,0.215109,0.329227,0.358884,-0.477612,0.859327,-0.174638,0.113800,0.262277,-0.371345,-0.444148,0.573452,1.071988,0.162327,0.035701,-0.186687
0.259866,-0.707988,0.758760,-0.064715,-0.025469,-0.568801,0.819530,-0.465675,0.091309,0.113609,0.725188,-0.091175,-0.044927,0.309877,0.049216,-0.139131,0.124057,-0.314367,0.076781,0.155682,0.113696,0.212273,0.343967,0.360120,-0.466649,0.860700,-0.178232,0.114469,0.264765,-0.381625,-0.446379,0.567562,1.061680,0.159721,0.033603,-0.188809
0.263059,-0.716129,0.757093,-0.064076,-0.023886,-0.569837,0.818908,-0.457758,0.097515,0.129999,0.640407,-0.080119,-0.050187,0.319527,0.049597,-0.136589,0.124351,-0.323842,0.078399,0.161372,0.113783,0.208884,0.357968,0.360929,-0.456792,0.863429,-0.181729,0.115409,0.266535,-0.391294,-0.448085,0.562257,1.051663,0.157237,0.031907,-0.190789
0.266489,-0.724420,0.755267,-0.064016,-0.021881,-0.571179,0.818033,-0.446953,0.104837,0.148815,0.551019,-0.068735,-0.057303,0.329243,0.051464,-0.133017,0.124596,-0.332797,0.079407,0.167542,0.115403,0.204628,0.370964,0.361177,-0.448406,0.868180,-0.185164,0.116604,0.267432,-0.400406,-0.449030,0.557370,1.042257,0.154756,0.030832,-0.192675
0.270021,-0.732746,0.753241,-0.064526,-0.019521,-0.572809,0.816912,-0.432580,0.112949,0.169973,0.455470,-0.055716,-0.066153,0.339111,0.054666,-0.128453,0.124834,-0.341317,0.079960,0.174069,0.118445,0.199821,0.383292,0.361115,-0.441164,0.874326,-0.188558,0.118151,0.267612,-0.408892,-0.449542,0.552834,1.032979,0.152273,0.030211,-0.194350
0.273710,-0.741197,0.751146,-0.065627,-0.016917,-0.574793,0.815487,-0.415430,0.121441,0.192583,0.358133,-0.041808,-0.075793,0.349288,0.058949,-0.122647,0.125003,-0.348766,0.080502,0.181037,0.122764,0.194934,0.395227,0.360763,-0.434627,0.881000,-0.191804,0.120005,0.267383,-0.416769,-0.449794,0.549006,1.023675,0.149875,0.029682,-0.195769
0.277358,-0.749739,0.748920,-0.067365,-0.014145,-0.577201,0.813696,-0.396796,0.130271,0.215681,0.264514,-0.028384,-0.085172,0.359923,0.064159,-0.115342,0.125026,-0.354497,0.081438,0.188847,0.128411,0.190109,0.406723,0.360167,-0.429220,0.887770,-0.195259,0.122093,0.267196,-0.424074,-0.449854,0.546259,1.014708,0.147728,0.028843,-0.196984
0.281129,-0.758327,0.746552,-0.070035,-0.010984,-0.580262,0.811339,-0.375768,0.140065,0.240018,0.171250,-0.015148,-0.094927,0.370906,0.071114,-0.105988,0.124908,-0.358471,0.082729,0.197550,0.135992,0.185492,0.418305,0.359111,-0.423882,0.894274,-0.198224,0.124460,0.266932,-0.431141,-0.449839,0.545088,1.005614,0.145868,0.027582,-0.197941
0.285193,-0.766861,0.744166,-0.073615,-0.007470,-0.583918,0.808434,-0.371020,0.156040,0.263210,0.118033,-0.023246,-0.105347,0.382330,0.079747,-0.094613,0.124717,-0.360977,0.084160,0.206490,0.145855,0.180900,0.429734,0.356563,-0.418472,0.901510,-0.200518,0.127019,0.266544,-0.438503,-0.449549,0.546144,0.996918,0.144389,0.026147,-0.198667
0.289302,-0.775308,0.741910,-0.077132,-0.004150,-0.587457,0.805561,-0.386006,0.177359,0.282647,0.115310,-0.054585,-0.114466,0.394174,0.087505,-0.082993,0.124469,-0.361973,0.086105,0.215501,0.155421,0.176349,0.439899,0.353832,-0.414699,0.909457,-0.203302,0.129749,0.266177,-0.444734,-0.449106,0.547436,0.988446,0.143016,0.024627,-0.199148
0.293732,-0.783750,0.739981,-0.079782,-0.001439,-0.590243,0.803272,-0.396467,0.194793,0.300598,0.113000,-0.079172,-0.120326,0.406303,0.092403,-0.072774,0.124200,-0.361430,0.088845,0.222479,0.162738,0.172300,0.448491,0.350199,-0.411585,0.918257,-0.206305,0.132509,0.265867,-0.449953,-0.448260,0.548983,0.980413,0.141514,0.023208,-0.199269
0.298351,-0.792198,0.738391,-0.081069,0.000274,-0.591922,0.801908,-0.403027,0.206140,0.316706,0.113579,-0.098855,-0.121507,0.418946,0.093140,-0.065075,0.123934,-0.359748,0.092777,0.226671,0.166440,0.169308,0.455365,0.346184,-0.409388,0.927948,-0.210212,0.135287,0.265637,-0.454021,-0.447031,0.550553,0.972597,0.139960,0.021839,-0.198850
0.302990,-0.800707,0.737024,-0.081893,0.001529,-0.593085,0.800963,-0.405106,0.213938,0.331849,0.114170,-0.113628,-0.119491,0.431985,0.092199,-0.058314,0.123653,-0.356684,0.097423,0.229185,0.168827,0.166925,0.461083,0.341470,-0.407918,0.938396,-0.214638,0.138126,0.265486,-0.457401,-0.445292,0.552689,0.965323,0.138353,0.020472,-0.197940
0.307676,-0.809289,0.735795,-0.081924,0.002595,-0.593656,0.800534,-0.403888,0.217992,0.346418,0.114497,-0.121549,-0.115812,0.444510,0.089640,-0.053073,0.123306,-0.351845,0.102748,0.230525,0.169267,0.164369,0.465671,0.336931,-0.407261,0.948535,-0.218855,0.141188,0.265184,-0.459237,-0.443302,0.554470,0.958090,0.136651,0.019194,-0.196990
0.312424,-0.818265,0.734680,-0.080812,0.003722,-0.593543,0.800726,-0.400626,0.218136,0.360742,0.114506,-0.120706,-0.111866,0.455614,0.085388,-0.049934,0.122890,-0.344871,0.108701,0.230567,0.167366,0.160756,0.468501,0.332034,-0.407255,0.958738,-0.221882,0.144472,0.264718,-0.459588,-0.440672,0.555714,0.951545,0.134640,0.018065,-0.196522
0.317212,-0.827386,0.733785,-0.078623,0.004829,-0.592491,0.801717,-0.393533,0.213923,0.375882,0.114182,-0.108791,-0.109412,0.465225,0.079650,-0.049354,0.123288,-0.336658,0.115435,0.229039,0.162983,0.156444,0.469613,0.327467,-0.408181,0.968541,-0.223651,0.148508,0.263873,-0.457894,-0.437542,0.555730,0.945041,0.132099,0.017124,-0.196637
0.322043,-0.835997,0.733539,-0.074860,0.005476,-0.590373,0.803633,-0.384132,0.204055,0.391217,0.116354,-0.088969,-0.106503,0.473787,0.070927,-0.052022,0.124304,-0.327297,0.123323,0.225460,0.154752,0.151969,0.468967,0.323298,-0.409970,0.978195,-0.224635,0.153111,0.262707,-0.454418,-0.433902,0.554864,0.938611,0.129241,0.016295,-0.197150
0.326908,-0.844664,0.733450,-0.069674,0.005898,-0.587531,0.806175,-0.375452,0.189539,0.404083,0.119156,-0.064127,-0.099838,0.481164,0.059746,-0.057351,0.125638,-0.315829,0.131883,0.220550,0.143326,0.146746,0.467126,0.319486,-0.412238,0.987111,-0.224921,0.157395,0.261393,-0.449048,-0.429754,0.553255,0.932466,0.126141,0.015554,-0.197946
0.331838,-0.853815,0.733368,-0.063513,0.006340,-0.584441,0.808922,-0.370501,0.172416,0.411985,0.121416,-0.037275,-0.086635,0.487153,0.047095,-0.064201,0.127467,-0.301276,0.140406,0.215283,0.129966,0.140329,0.464824,0.315930,-0.414581,0.994613,-0.224590,0.160475,0.260129,-0.442085,-0.425211,0.551549,0.927140,0.123256,0.014869,-0.198874
0.336983,-0.862796,0.733776,-0.055783,0.007133,-0.581225,0.811797,-0.380801,0.156152,0.412349,0.143390,-0.015759,-0.062678,0.490485,0.032016,-0.072807,0.129840,-0.284386,0.149007,0.209846,0.113743,0.131624,0.462342,0.312474,-0.416553,1.000296,-0.223262,0.162055,0.259204,-0.433244,-0.420319,0.549977,0.921948,0.120416,0.014373,-0.200111
0.342343,-0.871756,0.734478,-0.046645,0.008170,-0.577919,0.814719,-0.407137,0.142371,0.407884,0.192350,-0.002344,-0.031487,0.475382,0.013315,-0.082851,0.167202,-0.283397,0.157731,0.204314,0.094931,0.120992,0.459427,0.309089,-0.418451,1.004532,-0.221001,0.162613,0.258458,-0.422743,-0.415054,0.548547,0.917031,0.117688,0.014060,-0.201602
0.347896,-0.881218,0.735138,-0.037487,0.009071,-0.574747,0.817422,-0.430146,0.126900,0.403882,0.233362,0.013820,-0.001283,0.456688,-0.006136,-0.091694,0.212389,-0.282009,0.165890,0.199313,0.076155,0.110095,0.455745,0.305868,-0.421002,1.007954,-0.218536,0.162427,0.257391,-0.410902,-0.409344,0.546667,0.913605,0.115026,0.013700,-0.202884
0.353666,-0.891013,0.735720,-0.029554,0.009371,-0.571814,0.819797,-0.445566,0.111805,0.401659,0.266598,0.024294,0.020236,0.438758,-0.024192,-0.097956,0.260294,-0.275634,0.172795,0.195297,0.059662,0.100696,0.450849,0.302998,-0.424956,1.011212,-0.216627,0.161780,0.255477,-0.397900,-0.403106,0.543616,0.912770,0.112407,0.013048,-0.203527
0.359534,-0.900712,0.736337,-0.022881,0.008956,-0.569092,0.821906,-0.452195,0.097057,0.400509,0.292376,0.025151,0.028996,0.422363,-0.040973,-0.102148,0.310363,-0.263765,0.178704,0.192651,0.045396,0.092648,0.444481,0.300707,-0.431120,1.014827,-0.215946,0.160480,0.252231,-0.382834,-0.396199,0.538493,0.914559,0.109290,0.011687,-0.203637
0.365407,-0.910174,0.737118,-0.016657,0.008009,-0.566386,0.823932,-0.453338,0.081791,0.398940,0.313453,0.019565,0.030312,0.406056,-0.057903,-0.105141,0.362781,-0.247426,0.183470,0.190848,0.031747,0.085172,0.436839,0.299064,-0.438976,1.018268,-0.216005,0.158496,0.248001,-0.365754,-0.388583,0.531659,0.918298,0.105788,0.009847,-0.203402
0.371244,-0.919494,0.738002,-0.010899,0.006508,-0.563572,0.825970,-0.450859,0.066377,0.396706,0.332093,0.010312,0.030621,0.388172,-0.074836,-0.106370,0.419414,-0.227412,0.185949,0.189007,0.018672,0.079107,0.428189,0.297928,-0.447208,1.020660,-0.215794,0.156329,0.243509,-0.348324,-0.380384,0.524360,0.924075,0.102919,0.008253,-0.202524
0.377048,-0.928826,0.738998,-0.005705,0.004443,-0.560603,0.828053,-0.446421,0.050812,0.393852,0.349418,0.000641,0.036184,0.367492,-0.091297,-0.105184,0.481487,-0.204182,0.185329,0.186374,0.006366,0.075340,0.418788,0.297015,-0.454454,1.021210,-0.214237,0.154451,0.239517,-0.332151,-0.371811,0.517837,0.931942,0.101587,0.007641,-0.200691
0.382862,-0.937853,0.740183,-0.001244,0.001698,-0.557334,0.830286,-0.440265,0.034425,0.389751,0.365306,-0.008855,0.049459,0.344155,-0.106774,-0.101438,0.549990,-0.176809,0.181429,0.182766,-0.004833,0.074440,0.408188,0.296102,-0.460723,1.020177,-0.210442,0.153142,0.235856,-0.317019,-0.362860,0.511468,0.942334,0.102409,0.008330,-0.198090
0.388651,-0.946540,0.741458,0.002474,-0.001667,-0.553823,0.832629,-0.431644,0.017133,0.384406,0.378888,-0.019391,0.066674,0.319183,-0.121252,-0.095774,0.623107,-0.144893,0.174861,0.178574,-0.014853,0.075838,0.396305,0.295125,-0.466629,1.018106,-0.205120,0.152062,0.232290,-0.302260,-0.353490,0.504918,0.955058,0.104716,0.009902,-0.194822
0.394428,-0.955083,0.742793,0.005556,-0.005391,-0.550358,0.834893,-0.420558,-0.000390,0.378927,0.389551,-0.030265,0.084767,0.292772,-0.134812,-0.088725,0.697896,-0.109505,0.166241,0.173881,-0.023833,0.078752,0.383957,0.294027,-0.471628,1.014631,-0.199611,0.150754,0.229493,-0.288987,-0.344037,0.500203,0.969455,0.107789,0.011991,-0.190450
0.400112,-0.963415,0.744109,0.008134,-0.009219,-0.547229,0.836893,-0.406956,-0.017230,0.374370,0.396885,-0.041113,0.100676,0.264851,-0.147650,-0.080752,0.772000,-0.071958,0.156089,0.168690,-0.031872,0.082430,0.371964,0.292694,-0.475083,1.009328,-0.195208,0.148771,0.228119,-0.278085,-0.335024,0.499287,0.984645,0.110860,0.014248,-0.184512
0.405954,-0.971562,0.745382,0.010116,-0.013176,-0.544553,0.838562,-0.390398,-0.033063,0.371133,0.400716,-0.052430,0.114315,0.234372,-0.159968,-0.071889,0.847753,-0.030006,0.144077,0.162933,-0.038691,0.087134,0.360920,0.290857,-0.475837,1.001267,-0.191937,0.145856,0.228675,-0.269870,-0.326914,0.502747,1.000666,0.114362,0.016921,-0.176334
0.411772,-0.979447,0.746568,0.011475,-0.017377,-0.542153,0.840021,-0.371010,-0.048337,0.368437,0.401375,-0.064350,0.127107,0.201520,-0.171758,-0.062191,0.925856,0.016135,0.129952,0.156544,-0.044207,0.093175,0.350080,0.288397,-0.474500,0.991153,-0.189134,0.142280,0.230713,-0.263512,-0.319824,0.509569,1.017565,0.118576,0.020147,-0.166308
0.417544,-0.987053,0.747596,0.012454,-0.021696,-0.539881,0.841370,-0.349562,-0.063264,0.365686,0.399172,-0.076063,0.138262,0.167881,-0.182813,-0.051949,1.001937,0.061217,0.114446,0.149610,-0.048876,0.099857,0.338282,0.285557,-0.473182,0.980899,-0.187125,0.138396,0.233449,-0.258234,-0.313756,0.519332,1.034553,0.122627,0.023386,-0.155538
0.423260,-0.994559,0.748561,0.013209,-0.025950,-0.537556,0.842725,-0.326920,-0.077878,0.362212,0.394651,-0.086869,0.147001,0.135205,-0.192467,-0.041487,1.071472,0.099987,0.098509,0.142220,-0.053018,0.106462,0.324534,0.282784,-0.474060,0.972162,-0.186279,0.134576,0.236053,-0.253271,-0.308646,0.531503,1.050817,0.125606,0.026066,-0.145111
0.428868,-1.001970,0.749523,0.013727,-0.030278,-0.535295,0.844011,-0.302682,-0.092241,0.358423,0.387489,-0.096740,0.152936,0.103054,-0.199921,-0.029828,1.135032,0.134602,0.081949,0.134590,-0.056880,0.113269,0.309155,0.280335,-0.477276,0.964370,-0.187249,0.130919,0.238696,-0.248953,-0.304591,0.546985,1.066355,0.127154,0.027868,-0.134337
0.434353,-1.009199,0.750417,0.013889,-0.034677,-0.533159,0.845190,-0.276536,-0.106215,0.354495,0.377515,-0.106045,0.156610,0.070848,-0.205120,-0.017173,1.194582,0.166822,0.064886,0.126767,-0.060185,0.120538,0.292695,0.278215,-0.481917,0.956560,-0.189727,0.127260,0.241613,-0.245471,-0.301639,0.565532,1.081400,0.127790,0.029142,-0.122914
0.439852,-1.016549,0.751345,0.013763,-0.038791,-0.530797,0.846499,-0.249993,-0.119526,0.349433,0.366065,-0.114655,0.158716,0.039564,-0.208671,-0.005458,1.249025,0.189924,0.048804,0.118463,-0.062672,0.127537,0.274505,0.276551,-0.488653,0.949762,-0.192663,0.123587,0.244060,-0.241830,-0.299549,0.584848,1.095473,0.127971,0.030299,-0.112533
0.445191,-1.023829,0.752326,0.013437,-0.042275,-0.527851,0.848178,-0.224481,-0.131920,0.342249,0.354332,-0.122331,0.159913,0.010052,-0.211327,0.003682,1.297489,0.196937,0.035186,0.109464,-0.064195,0.133530,0.253922,0.275566,-0.498279,0.944993,-0.195072,0.119910,0.245299,-0.236921,-0.297973,0.602402,1.108138,0.127968,0.031730,-0.104907
0.450468,-1.031042,0.753410,0.012954,-0.045020,-0.524252,0.850274,-0.200332,-0.143201,0.332821,0.342544,-0.129086,0.159931,-0.017191,-0.212666,0.010457,1.340149,0.179871,0.025586,0.099716,-0.064872,0.138380,0.230411,0.275522,-0.511929,0.942681,-0.197771,0.115993,0.245056,-0.230752,-0.296809,0.618457,1.119367,0.127612,0.033574,-0.100567
0.455635,-1.038028,0.754449,0.012261,-0.047211,-0.520188,0.852658,-0.176827,-0.153413,0.321754,0.330290,-0.135174,0.158597,-0.042855,-0.212314,0.015764,1.377940,0.144087,0.018998,0.089400,-0.064866,0.142434,0.204595,0.276301,-0.529028,0.941974,-0.201058,0.111951,0.243719,-0.224000,-0.295857,0.633961,1.129709,0.126776,0.035564,-0.098622
0.460629,-1.045003,0.755504,0.011331,-0.048963,-0.515676,0.855309,-0.153730,-0.162640,0.309129,0.317676,-0.140612,0.156656,-0.067937,-0.211545,0.018983,1.411035,0.102584,0.012717,0.078799,-0.064162,0.145859,0.177527,0.277777,-0.547869,0.941740,-0.203128,0.108350,0.241515,-0.216124,-0.295089,0.647175,1.138927,0.125787,0.037522,-0.098599
0.465532,-1.051962,0.756555,0.010119,-0.050369,-0.510731,0.858204,-0.130879,-0.170924,0.294996,0.304970,-0.145470,0.154791,-0.093387,-0.211802,0.019422,1.439415,0.068397,0.003860,0.068111,-0.062658,0.148782,0.150162,0.279694,-0.566682,0.941098,-0.202119,0.105717,0.238723,-0.206552,-0.294453,0.656455,1.146840,0.124987,0.039243,-0.100034
0.470484,-1.058831,0.757654,0.008610,-0.051295,-0.505214,0.861425,-0.108634,-0.178062,0.278920,0.292377,-0.149572,0.152840,-0.119807,-0.213135,0.016747,1.462761,0.044904,-0.008090,0.057054,-0.060108,0.150897,0.121910,0.281921,-0.586204,0.940875,-0.197377,0.104431,0.234951,-0.195008,-0.293862,0.661434,1.153527,0.124287,0.040707,-0.103823
0.475591,-1.065828,0.758820,0.006850,-0.051757,-0.499149,0.864942,-0.086986,-0.183985,0.261063,0.279879,-0.153034,0.150462,-0.146524,-0.215151,0.011358,1.481076,0.025195,-0.021760,0.045797,-0.056687,0.152310,0.092439,0.284557,-0.607316,0.941212,-0.190036,0.104105,0.230235,-0.181710,-0.293239,0.662697,1.159090,0.123476,0.041935,-0.109882
0.480656,-1.072727,0.759982,0.004873,-0.052071,-0.492807,0.868565,-0.065143,-0.188965,0.242318,0.267117,-0.156154,0.148062,-0.172580,-0.218368,0.003918,1.494729,0.007032,-0.036821,0.034583,-0.052761,0.153635,0.063196,0.287308,-0.627640,0.940602,-0.180566,0.104067,0.225491,-0.167246,-0.292663,0.660954,1.163378,0.122994,0.043043,-0.116313
0.485766,-1.079632,0.761128,0.002710,-0.052562,-0.486464,0.872114,-0.042246,-0.193232,0.223541,0.253636,-0.159232,0.146068,-0.196979,-0.223122,-0.004840,1.504064,-0.011827,-0.052805,0.023803,-0.048678,0.155440,0.035418,0.289972,-0.644996,0.937781,-0.169501,0.103647,0.221691,-0.152150,-0.292242,0.656724,1.166371,0.123214,0.044053,-0.121206
0.490875,-1.086462,0.762185,0.000260,-0.053317,-0.480136,0.875572,-0.017741,-0.196723,0.204766,0.238903,-0.162260,0.144568,-0.219304,-0.229515,-0.015262,1.508993,-0.031906,-0.070107,0.013413,-0.044192,0.157865,0.009092,0.292488,-0.658925,0.933017,-0.155324,0.102707,0.218658,-0.136207,-0.292015,0.649367,1.167794,0.124408,0.045028,-0.124240
0.496020,-1.093162,0.763121,-0.002465,-0.054155,-0.473699,0.879017,0.007712,-0.199241,0.185629,0.223436,-0.165183,0.143289,-0.239989,-0.237055,-0.027504,1.509368,-0.052114,-0.088431,0.003249,-0.039189,0.160620,-0.016529,0.294908,-0.670568,0.927124,-0.138247,0.101550,0.216054,-0.119198,-0.291962,0.638861,1.167634,0.126346,0.045937,-0.126366
0.501126,-1.100090,0.763983,-0.005234,-0.055034,-0.467219,0.882412,0.033063,-0.200901,0.166424,0.208521,-0.168233,0.142157,-0.259264,-0.245412,-0.040881,1.505386,-0.072545,-0.106769,-0.006527,-0.034197,0.163588,-0.041310,0.297236,-0.679989,0.919726,-0.121377,0.100212,0.214612,-0.101652,-0.292083,0.626752,1.166263,0.128667,0.046676,-0.127584
0.506228,-1.106906,0.764749,-0.007830,-0.055893,-0.460766,0.885725,0.057384,-0.201885,0.147424,0.195219,-0.171585,0.141141,-0.277387,-0.254243,-0.054706,1.497217,-0.093234,-0.124108,-0.015850,-0.029715,0.166612,-0.065025,0.299458,-0.687099,0.910399,-0.107783,0.098767,0.215052,-0.084198,-0.292371,0.614837,1.164181,0.131125,0.047145,-0.127893
0.511328,-1.113806,0.765454,-0.010324,-0.056863,-0.454373,0.888935,0.081033,-0.202263,0.128618,0.183514,-0.175101,0.140193,-0.293885,-0.263919,-0.069606,1.484654,-0.114926,-0.140881,-0.024747,-0.025751,0.169942,-0.087595,0.301611,-0.691314,0.899010,-0.098098,0.097333,0.218029,-0.066837,-0.292807,0.602830,1.161346,0.133787,0.047283,-0.126634
0.516368,-1.120655,0.766068,-0.012785,-0.057939,-0.448016,0.892055,0.104271,-0.201950,0.109950,0.173006,-0.178824,0.139353,-0.308641,-0.274044,-0.085794,1.467643,-0.137436,-0.156986,-0.033237,-0.022075,0.173531,-0.109212,0.303777,-0.692811,0.885919,-0.090721,0.095884,0.223009,-0.049317,-0.293361,0.590140,1.157614,0.136788,0.047164,-0.124021
0.521284,-1.127397,0.766537,-0.015025,-0.058811,-0.441681,0.895116,0.125890,-0.201062,0.091672,0.164463,-0.183175,0.138743,-0.322541,-0.283322,-0.102017,1.446503,-0.159205,-0.170859,-0.041293,-0.018784,0.176753,-0.129973,0.305979,-0.692535,0.871366,-0.085325,0.094271,0.228917,-0.031862,-0.293979,0.578053,1.153401,0.139875,0.046886,-0.121363
0.526139,-1.134208,0.766926,-0.016839,-0.059186,-0.435344,0.898159,0.144706,-0.199776,0.074010,0.158640,-0.188561,0.138509,-0.336623,-0.290763,-0.117016,1.421637,-0.178568,-0.181245,-0.048960,-0.015973,0.178949,-0.149933,0.308197,-0.691372,0.855593,-0.081601,0.092330,0.234690,-0.014840,-0.294601,0.567977,1.149300,0.142811,0.046529,-0.119974
0.530953,-1.141178,0.767176,-0.018128,-0.058966,-0.428972,0.901209,0.160140,-0.198282,0.056899,0.156153,-0.195058,0.139074,-0.351276,-0.296958,-0.131115,1.392999,-0.195748,-0.187798,-0.056275,-0.013711,0.179855,-0.169066,0.310413,-0.688965,0.838395,-0.080109,0.089958,0.240543,0.001568,-0.295211,0.560495,1.145461,0.146078,0.045951,-0.120318
0.535725,-1.148045,0.767305,-0.019028,-0.058305,-0.422585,0.904246,0.172999,-0.196617,0.040240,0.156353,-0.202396,0.140273,-0.365904,-0.302187,-0.144979,1.360323,-0.211213,-0.191298,-0.063258,-0.011875,0.179783,-0.187351,0.312664,-0.684958,0.819804,-0.080785,0.087237,0.246880,0.017454,-0.295799,0.554920,1.141787,0.149638,0.045157,-0.121665
0.540493,-1.154749,0.767297,-0.019674,-0.057297,-0.416220,0.907243,0.184295,-0.194714,0.024147,0.157772,-0.210288,0.141363,-0.380202,-0.305325,-0.157754,1.323716,-0.223673,-0.192510,-0.069934,-0.010269,0.178924,-0.204849,0.314888,-0.680214,0.800470,-0.082334,0.084265,0.252926,0.032859,-0.296282,0.550660,1.138588,0.152434,0.044396,-0.123544
0.545213,-1.161481,0.767193,-0.020187,-0.056057,-0.409918,0.910174,0.194957,-0.192448,0.008753,0.159079,-0.218543,0.141584,-0.393911,-0.305431,-0.168437,1.283333,-0.231933,-0.192356,-0.076268,-0.008709,0.177362,-0.221934,0.316555,-0.675699,0.781646,-0.083415,0.081121,0.257954,0.047803,-0.296467,0.547141,1.136308,0.153465,0.043969,-0.125529
0.550032,-1.168295,0.767017,-0.020615,-0.054463,-0.403593,0.913083,0.204916,-0.189547,-0.005912,0.159824,-0.227209,0.140290,-0.407442,-0.302608,-0.176837,1.239252,-0.235373,-0.192188,-0.082330,-0.007123,0.175197,-0.238037,0.318729,-0.671466,0.761866,-0.084416,0.077745,0.261746,0.062511,-0.296560,0.544395,1.134456,0.151559,0.044057,-0.127763
0.554733,-1.175254,0.766676,-0.020883,-0.052518,-0.397237,0.915974,0.213840,-0.186165,-0.019944,0.160577,-0.236281,0.138011,-0.420825,-0.297613,-0.183296,1.191433,-0.234850,-0.191522,-0.088277,-0.005638,0.172270,-0.253078,0.321324,-0.666969,0.741075,-0.085826,0.074115,0.264722,0.076648,-0.296431,0.542923,1.133328,0.147640,0.044469,-0.130429
0.559496,-1.182303,0.766229,-0.020932,-0.050474,-0.391006,0.918765,0.222224,-0.182824,-0.033396,0.161568,-0.245540,0.135752,-0.433303,-0.290709,-0.187515,1.139877,-0.231482,-0.188739,-0.093847,-0.004462,0.168947,-0.267228,0.323861,-0.662396,0.720077,-0.086671,0.070543,0.266944,0.090144,-0.296019,0.541807,1.133011,0.143346,0.044989,-0.132952
0.564418,-1.189412,0.765693,-0.020705,-0.048595,-0.385054,0.921381,0.230447,-0.180058,-0.046320,0.163327,-0.254809,0.134536,-0.444095,-0.282186,-0.189196,1.084466,-0.226334,-0.182231,-0.098780,-0.003851,0.165704,-0.280385,0.326309,-0.657966,0.699094,-0.086090,0.067372,0.268460,0.103028,-0.295333,0.540064,1.133348,0.140305,0.045399,-0.134736
0.569398,-1.196291,0.765032,-0.020195,-0.046907,-0.379422,0.923813,0.238357,-0.177933,-0.058617,0.166298,-0.264241,0.134944,-0.453262,-0.271773,-0.187134,1.024667,-0.219260,-0.171910,-0.102816,-0.003697,0.162524,-0.293126,0.327835,-0.653758,0.678893,-0.083497,0.064640,0.269056,0.115671,-0.294645,0.537360,1.134077,0.138967,0.045572,-0.135648
0.574344,-1.203438,0.764289,-0.019429,-0.045289,-0.374017,0.926112,0.245871,-0.176239,-0.070350,0.170088,-0.273815,0.136344,-0.461003,-0.259980,-0.181572,0.960647,-0.210015,-0.158995,-0.106325,-0.004198,0.159445,-0.304343,0.330151,-0.649446,0.657392,-0.079649,0.062289,0.268693,0.127442,-0.293348,0.534157,1.135774,0.138210,0.045558,-0.136014
0.579487,-1.210533,0.763400,-0.018407,-0.043780,-0.368806,0.928293,0.253608,-0.175045,-0.081830,0.173653,-0.283027,0.137884,-0.466710,-0.248104,-0.174476,0.892973,-0.199396,-0.143714,-0.109392,-0.005171,0.156246,-0.314748,0.332177,-0.645387,0.636376,-0.075103,0.060144,0.268033,0.138655,-0.291908,0.530748,1.137998,0.138066,0.045668,-0.135869
0.584654,-1.217650,0.762359,-0.017115,-0.042423,-0.363761,0.930369,0.262190,-0.174419,-0.093343,0.175991,-0.291435,0.138715,-0.469882,-0.237261,-0.167882,0.822108,-0.188055,-0.126116,-0.112092,-0.006598,0.152936,-0.324480,0.333817,-0.641879,0.616403,-0.070543,0.058119,0.267631,0.149354,-0.290492,0.527134,1.140539,0.138294,0.046126,-0.135225
0.589924,-1.224688,0.761120,-0.015508,-0.041284,-0.358918,0.932327,0.271924,-0.174466,-0.104917,0.176621,-0.298910,0.138517,-0.470174,-0.227608,-0.161984,0.746547,-0.175205,-0.106301,-0.114386,-0.008725,0.149684,-0.333376,0.335467,-0.638968,0.596977,-0.066132,0.056266,0.267603,0.159310,-0.288816,0.523087,1.143671,0.139035,0.047032,-0.133831
0.595292,-1.231851,0.759705,-0.013594,-0.040339,-0.354259,0.934178,0.282489,-0.175116,-0.116464,0.176052,-0.305637,0.137768,-0.467676,-0.218823,-0.155723,0.665848,-0.160570,-0.084376,-0.116287,-0.011474,0.146454,-0.341546,0.336942,-0.636527,0.578114,-0.061536,0.054597,0.267656,0.168681,-0.287035,0.518647,1.147253,0.140358,0.048258,-0.131753
0.600872,-1.239099,0.758178,-0.011411,-0.039513,-0.349680,0.935966,0.293548,-0.176223,-0.128085,0.174862,-0.311719,0.136818,-0.462566,-0.211134,-0.149381,0.581860,-0.145391,-0.060217,-0.117989,-0.014728,0.143058,-0.348741,0.338168,-0.634429,0.560013,-0.056618,0.053052,0.267713,0.177569,-0.285258,0.514222,1.151016,0.141750,0.049643,-0.129549
0.606578,-1.246333,0.756474,-0.008988,-0.038762,-0.345042,0.937743,0.304891,-0.177686,-0.139977,0.173503,-0.317194,0.136029,-0.454739,-0.204785,-0.143446,0.495928,-0.130611,-0.033632,-0.119719,-0.018515,0.139336,-0.354716,0.339334,-0.632698,0.542774,-0.051410,0.051587,0.267696,0.185862,-0.283277,0.510197,1.155027,0.142649,0.050983,-0.127816
0.612437,-1.253628,0.754660,-0.006058,-0.038225,-0.340207,0.939554,0.317200,-0.180183,-0.152708,0.170871,-0.321537,0.135619,-0.442405,-0.200072,-0.137628,0.403010,-0.115246,-0.002695,-0.121906,-0.023208,0.135196,-0.359360,0.340080,-0.631017,0.526482,-0.045472,0.050192,0.267508,0.194006,-0.281746,0.506785,1.158806,0.143174,0.052356,-0.126577
0.618464,-1.261063,0.752542,-0.002452,-0.038163,-0.334907,0.941475,0.330252,-0.184264,-0.166804,0.168341,-0.325441,0.135476,-0.424054,-0.198064,-0.132528,0.300415,-0.097466,0.031825,-0.124910,-0.029619,0.131004,-0.362756,0.340766,-0.629679,0.510844,-0.038981,0.048937,0.267183,0.201736,-0.280010,0.503559,1.162853,0.143381,0.053775,-0.125623
0.624549,-1.268620,0.750239,0.001975,-0.038956,-0.328824,0.943585,0.346114,-0.189975,-0.183077,0.162941,-0.326976,0.135589,-0.400038,-0.200441,-0.129745,0.193488,-0.077092,0.066643,-0.129322,-0.038454,0.127395,-0.365383,0.341357,-0.628800,0.496461,-0.032658,0.047760,0.266762,0.209354,-0.278331,0.500694,1.166343,0.143304,0.055211,-0.124932
0.630776,-1.276300,0.747777,0.006923,-0.040520,-0.321983,0.945853,0.364449,-0.196307,-0.201185,0.155404,-0.326267,0.135715,-0.386208,-0.208526,-0.128211,0.118737,-0.069953,0.098627,-0.134988,-0.049246,0.124697,-0.367465,0.341987,-0.628529,0.483532,-0.027127,0.046619,0.266342,0.216841,-0.276634,0.498180,1.168843,0.142804,0.056583,-0.124509
0.636988,-1.284094,0.745253,0.011816,-0.042254,-0.314815,0.948138,0.383337,-0.201637,-0.219765,0.147932,-0.324711,0.135305,-0.402644,-0.221661,-0.124028,0.115306,-0.097096,0.128588,-0.141203,-0.060148,0.122542,-0.369115,0.342489,-0.628761,0.472000,-0.022412,0.045465,0.265994,0.224311,-0.275434,0.496085,1.169984,0.141706,0.057931,-0.124371
0.643248,-1.292277,0.742752,0.016305,-0.043642,-0.307829,0.950300,0.400006,-0.205401,-0.237247,0.145229,-0.325376,0.134164,-0.418222,-0.233688,-0.122791,0.114875,-0.123439,0.157710,-0.146605,-0.070272,0.120406,-0.370067,0.343443,-0.630082,0.461183,-0.018466,0.044349,0.265863,0.230678,-0.273355,0.493751,1.171562,0.139686,0.059102,-0.124641
0.649558,-1.300341,0.740452,0.019798,-0.044554,-0.301423,0.952243,0.413558,-0.206998,-0.252444,0.148442,-0.328323,0.132695,-0.430699,-0.243252,-0.125317,0.115384,-0.145125,0.183349,-0.151297,-0.077993,0.118415,-0.369769,0.344175,-0.631124,0.451581,-0.015001,0.043205,0.265807,0.236102,-0.271801,0.492372,1.172748,0.137843,0.060206,-0.125001
0.655729,-1.308365,0.738477,0.022119,-0.044920,-0.296055,0.953857,0.424593,-0.206214,-0.264495,0.155855,-0.332423,0.131232,-0.438061,-0.249641,-0.131818,0.115200,-0.158816,0.202634,-0.154213,-0.083085,0.116597,-0.368116,0.344897,-0.632039,0.443293,-0.012348,0.042042,0.265866,0.240213,-0.270297,0.491811,1.173973,0.136559,0.061155,-0.125324
0.661728,-1.316371,0.736638,0.023635,-0.045017,-0.291726,0.955149,0.433838,-0.203978,-0.273644,0.166825,-0.337714,0.130134,-0.439091,-0.254299,-0.145252,0.115175,-0.164716,0.216491,-0.155359,-0.086489,0.115075,-0.365030,0.345522,-0.632675,0.436352,-0.010627,0.040654,0.266001,0.243100,-0.268988,0.492402,1.175072,0.136239,0.061918,-0.125637
0.667788,-1.324283,0.735070,0.024350,-0.044773,-0.288271,0.956192,0.441533,-0.200143,-0.280234,0.180468,-0.343758,0.129136,-0.434568,-0.256661,-0.164683,0.114759,-0.163764,0.225912,-0.155055,-0.088251,0.113701,-0.360637,0.346221,-0.633211,0.430662,-0.009786,0.039129,0.266214,0.244659,-0.267602,0.494016,1.176330,0.136492,0.062505,-0.126061
0.674037,-1.332223,0.733619,0.024048,-0.043564,-0.285680,0.957032,0.446005,-0.194144,-0.283982,0.197435,-0.349853,0.127795,-0.428215,-0.254656,-0.183424,0.114429,-0.155829,0.228297,-0.153414,-0.087160,0.111650,-0.354999,0.346747,-0.633561,0.426371,-0.009361,0.037833,0.266497,0.245071,-0.266573,0.496031,1.177388,0.136794,0.063028,-0.126349
0.680698,-1.340300,0.732357,0.022332,-0.040689,-0.283961,0.957712,0.445175,-0.184995,-0.284458,0.219458,-0.356100,0.125533,-0.423580,-0.246126,-0.194969,0.114190,-0.140563,0.221007,-0.151027,-0.081982,0.107874,-0.347568,0.347408,-0.633324,0.423308,-0.008844,0.037157,0.266881,0.243370,-0.265319,0.498718,1.179400,0.136821,0.063512,-0.126484
0.687207,-1.348453,0.731718,0.018591,-0.035072,-0.283517,0.958145,0.436122,-0.170819,-0.280356,0.249477,-0.365103,0.121909,-0.422978,-0.228578,-0.196728,0.115750,-0.115948,0.198188,-0.147405,-0.070601,0.101299,-0.338059,0.348377,-0.632045,0.420778,-0.008159,0.037428,0.267416,0.238502,-0.263585,0.502048,1.183110,0.136102,0.063891,-0.126278
0.693767,-1.356569,0.731474,0.013013,-0.027352,-0.283998,0.958346,0.421315,-0.151945,-0.273094,0.284732,-0.375284,0.117258,-0.423865,-0.203871,-0.193339,0.117912,-0.082004,0.163397,-0.142167,-0.053752,0.092879,-0.327456,0.348823,-0.630679,0.419577,-0.007602,0.038350,0.268150,0.232684,-0.262623,0.505147,1.185996,0.134835,0.064305,-0.125613
0.700272,-1.364709,0.731458,0.006642,-0.019165,-0.284524,0.958454,0.405216,-0.131141,-0.265596,0.321986,-0.383295,0.111966,-0.424727,-0.176794,-0.188045,0.120216,-0.043908,0.127683,-0.136845,-0.034938,0.083895,-0.315810,0.348898,-0.629556,0.420564,-0.007265,0.039419,0.268802,0.226494,-0.262109,0.508295,1.188369,0.133673,0.064748,-0.124968
0.706668,-1.372891,0.731517,0.000808,-0.012224,-0.284355,0.958641,0.392027,-0.112107,-0.260291,0.358002,-0.385707,0.106627,-0.446238,-0.156555,-0.179494,0.169642,-0.032529,0.101736,-0.132407,-0.018179,0.075769,-0.303477,0.348748,-0.629448,0.424585,-0.007335,0.040119,0.269166,0.220931,-0.261905,0.511140,1.190011,0.133063,0.065246,-0.124740
0.713421,-1.381449,0.731449,-0.004278,-0.006533,-0.283522,0.958934,0.382074,-0.095184,-0.257381,0.392106,-0.382970,0.102204,-0.469157,-0.139168,-0.169048,0.223942,-0.024102,0.087271,-0.129185,-0.003834,0.067810,-0.290250,0.348478,-0.630478,0.431820,-0.007904,0.039975,0.269091,0.215990,-0.261773,0.514104,1.191384,0.133499,0.065812,-0.125248
0.720775,-1.390091,0.731398,-0.009163,-0.001367,-0.282436,0.959241,0.373189,-0.078913,-0.255568,0.426001,-0.376385,0.098349,-0.488073,-0.121526,-0.156894,0.271142,-0.010309,0.078702,-0.126202,0.009675,0.059631,-0.276286,0.348001,-0.632689,0.441954,-0.008945,0.039364,0.268808,0.211325,-0.261671,0.516915,1.192421,0.134523,0.066420,-0.126223
0.728364,-1.398609,0.731531,-0.014030,0.002957,-0.281280,0.959519,0.364856,-0.063590,-0.253927,0.461089,-0.364666,0.093670,-0.501338,-0.104714,-0.147403,0.311563,0.003094,0.075123,-0.123198,0.022449,0.052744,-0.261438,0.347319,-0.635072,0.454668,-0.010105,0.039061,0.268451,0.205996,-0.261690,0.519786,1.193525,0.135648,0.066986,-0.127237
0.736061,-1.407341,0.731912,-0.019050,0.006105,-0.280230,0.959725,0.356571,-0.049561,-0.251614,0.498981,-0.346591,0.086858,-0.506875,-0.089972,-0.144890,0.344446,0.010897,0.075587,-0.120498,0.034584,0.048437,-0.245398,0.346028,-0.636065,0.470245,-0.010809,0.039769,0.268145,0.198676,-0.261894,0.523925,1.195606,0.136826,0.067426,-0.127951
0.743676,-1.415770,0.732445,-0.024396,0.007725,-0.279523,0.959798,0.348925,-0.037174,-0.248430,0.541010,-0.321418,0.079066,-0.502496,-0.078209,-0.151954,0.368325,0.011288,0.084055,-0.118606,0.046477,0.047272,-0.227085,0.343133,-0.634008,0.489752,-0.009793,0.041102,0.267606,0.188483,-0.262579,0.530947,1.200024,0.138704,0.067683,-0.128212
0.751392,-1.423883,0.733151,-0.030015,0.008176,-0.279130,0.959749,0.341273,-0.025890,-0.244727,0.587066,-0.290413,0.071031,-0.490533,-0.068610,-0.165131,0.385330,0.006713,0.099375,-0.116840,0.058217,0.048393,-0.206943,0.339214,-0.630396,0.512477,-0.007818,0.042871,0.266922,0.176530,-0.263683,0.539548,1.205697,0.141010,0.067832,-0.128172
0.759138,-1.431846,0.734080,-0.035653,0.008104,-0.278772,0.959661,0.331612,-0.015105,-0.240745,0.636526,-0.255289,0.060690,-0.475218,-0.059818,-0.179787,0.399025,-0.001407,0.113236,-0.114842,0.069681,0.050746,-0.187153,0.334430,-0.626791,0.537832,-0.006401,0.045967,0.266444,0.163831,-0.265123,0.547951,1.210632,0.142835,0.067992,-0.128029
0.766764,-1.439475,0.735189,-0.041009,0.008090,-0.278141,0.959630,0.318128,-0.004656,-0.236859,0.688891,-0.217667,0.045596,-0.460590,-0.050347,-0.191342,0.412438,-0.011778,0.117462,-0.112066,0.080546,0.053418,-0.170040,0.329148,-0.625044,0.565214,-0.007195,0.051294,0.266590,0.151485,-0.266780,0.553946,1.212711,0.143105,0.068276,-0.127979
0.774134,-1.447045,0.736516,-0.046020,0.008303,-0.277219,0.959668,0.300143,0.004821,-0.233495,0.745722,-0.176958,0.023082,-0.447596,-0.039029,-0.198210,0.425699,-0.025176,0.107772,-0.108343,0.090694,0.056299,-0.155934,0.323599,-0.625402,0.595021,-0.010927,0.060135,0.267849,0.139619,-0.268522,0.556502,1.211111,0.140358,0.069150,-0.127848
0.781223,-1.454588,0.737836,-0.050753,0.008348,-0.276162,0.959734,0.278797,0.012429,-0.230806,0.807505,-0.133122,-0.005432,-0.434144,-0.026507,-0.202765,0.437127,-0.041759,0.089405,-0.103886,0.100028,0.059912,-0.143580,0.317841,-0.627054,0.627209,-0.016720,0.071662,0.269963,0.127662,-0.270315,0.556797,1.207123,0.135477,0.070395,-0.127620
0.788284,-1.462013,0.739256,-0.055128,0.007976,-0.274885,0.959862,0.255052,0.018058,-0.228655,0.872059,-0.088570,-0.036357,-0.419419,-0.014066,-0.206523,0.446419,-0.059339,0.068416,-0.098808,0.108271,0.064346,-0.132878,0.312080,-0.630186,0.660501,-0.023826,0.083618,0.272234,0.115527,-0.272258,0.556015,1.201848,0.130969,0.071095,-0.127748
0.795083,-1.469097,0.740688,-0.059108,0.006977,-0.273291,0.960088,0.229739,0.022356,-0.226600,0.936944,-0.045274,-0.065536,-0.402411,-0.003181,-0.211150,0.453141,-0.075988,0.050961,-0.093241,0.115288,0.069707,-0.123724,0.306611,-0.635005,0.693485,-0.031537,0.093767,0.273917,0.103261,-0.274507,0.555287,1.196175,0.129312,0.070349,-0.128669
0.801826,-1.476068,0.742129,-0.062783,0.005184,-0.271103,0.960487,0.202204,0.025959,-0.224860,1.003384,0.002493,-0.095806,-0.382159,0.005678,-0.217720,0.456864,-0.091969,0.037794,-0.087468,0.121017,0.076522,-0.116606,0.301756,-0.642149,0.726207,-0.040488,0.101850,0.275122,0.091279,-0.277122,0.554199,1.189262,0.131686,0.067588,-0.130593
0.808370,-1.482784,0.743510,-0.066153,0.002767,-0.268447,0.961016,0.172178,0.028390,-0.223633,1.072426,0.053811,-0.127912,-0.359311,0.013256,-0.225142,0.457869,-0.108167,0.026005,-0.081405,0.125599,0.084660,-0.111161,0.297649,-0.651221,0.758836,-0.050870,0.108971,0.276137,0.079471,-0.280100,0.552427,1.180778,0.136592,0.063399,-0.133213
0.814960,-1.489389,0.744987,-0.069121,0.000064,-0.265817,0.961542,0.141013,0.030138,-0.221452,1.140558,0.097212,-0.153675,-0.335219,0.019876,-0.232079,0.456698,-0.123679,0.016307,-0.074738,0.129366,0.093201,-0.105987,0.294248,-0.660803,0.790189,-0.061241,0.114954,0.276398,0.067025,-0.283571,0.551353,1.172438,0.142527,0.058627,-0.136203
0.821461,-1.495780,0.746387,-0.071651,-0.002569,-0.263736,0.961927,0.109861,0.032755,-0.216157,1.204112,0.121223,-0.164491,-0.311435,0.026025,-0.237321,0.453970,-0.137465,0.009275,-0.067188,0.132831,0.101200,-0.099677,0.291410,-0.669344,0.819128,-0.070067,0.119638,0.275311,0.053066,-0.287752,0.552534,1.165972,0.148052,0.054141,-0.139245
0.827871,-1.501677,0.747726,-0.073785,-0.005034,-0.262289,0.962151,0.078988,0.037961,-0.206500,1.262304,0.118064,-0.153398,-0.287978,0.031882,-0.240917,0.449209,-0.149031,0.005610,-0.058687,0.136309,0.108488,-0.092231,0.289034,-0.676835,0.845794,-0.076759,0.122310,0.272134,0.037305,-0.292816,0.556727,1.161605,0.153699,0.049740,-0.142467
0.834369,-1.507372,0.749064,-0.075565,-0.007503,-0.261219,0.962288,0.047980,0.045248,-0.193951,1.316691,0.095244,-0.126666,-0.264166,0.037281,-0.243604,0.442238,-0.158923,0.004726,-0.049470,0.139681,0.115534,-0.084291,0.287113,-0.683833,0.870672,-0.082141,0.123303,0.267314,0.020298,-0.298769,0.563218,1.158275,0.159994,0.045128,-0.145919
0.840922,-1.512966,0.750504,-0.076942,-0.010011,-0.260445,0.962366,0.017305,0.052985,-0.180293,1.366235,0.064756,-0.095430,-0.240120,0.042092,-0.245320,0.433749,-0.167654,0.005251,-0.039876,0.142755,0.122352,-0.075375,0.285610,-0.689652,0.893103,-0.086754,0.124007,0.262052,0.002517,-0.305490,0.571300,1.155702,0.165496,0.041042,-0.149198
0.847580,-1.518415,0.751988,-0.077916,-0.012579,-0.259875,0.962411,-0.012824,0.060333,-0.166438,1.409824,0.039081,-0.069930,-0.215886,0.046246,-0.246031,0.424292,-0.175666,0.005834,-0.030326,0.145370,0.128962,-0.064962,0.284498,-0.693535,0.912442,-0.091096,0.125799,0.257559,-0.015703,-0.312802,0.580300,1.153779,0.168761,0.038211,-0.151943
0.854187,-1.523667,0.753448,-0.078446,-0.015189,-0.259601,0.962405,-0.042656,0.068013,-0.151236,1.447061,0.020178,-0.052105,-0.191705,0.049611,-0.245390,0.414139,-0.182861,0.006581,-0.020694,0.147549,0.135375,-0.052919,0.283725,-0.695448,0.928452,-0.094961,0.129411,0.253852,-0.034659,-0.320606,0.590377,1.152864,0.168611,0.037116,-0.154398
0.860840,-1.528795,0.754983,-0.078546,-0.017844,-0.259638,0.962341,-0.072083,0.076113,-0.134410,1.478564,0.001995,-0.036866,-0.167372,0.052187,-0.243564,0.402821,-0.189053,0.008068,-0.010821,0.149321,0.141596,-0.039556,0.283265,-0.695743,0.941579,-0.098169,0.133973,0.250388,-0.054488,-0.328859,0.601836,1.152948,0.166078,0.037301,-0.156676
0.867499,-1.533870,0.756506,-0.078326,-0.020575,-0.259769,0.962269,-0.100673,0.083574,-0.117522,1.504712,-0.014706,-0.023154,-0.142604,0.054082,-0.241321,0.390414,-0.194723,0.009712,-0.001074,0.150617,0.147669,-0.024977,0.283155,-0.694265,0.952124,-0.101294,0.138449,0.247561,-0.074637,-0.337425,0.614168,1.153506,0.163048,0.037995,-0.158221
0.874178,-1.539039,0.758050,-0.077884,-0.023414,-0.259771,0.962240,-0.128107,0.089254,-0.102137,1.525810,-0.029084,-0.009913,-0.116990,0.055461,-0.239407,0.376699,-0.200225,0.010953,0.008158,0.151341,0.153632,-0.009260,0.283491,-0.690851,0.960333,-0.104927,0.141807,0.245760,-0.094588,-0.346128,0.626819,1.154079,0.161370,0.038425,-0.158496
0.880765,-1.544221,0.759511,-0.077153,-0.026417,-0.259494,0.962295,-0.154471,0.092567,-0.088464,1.541214,-0.039756,0.002881,-0.090171,0.056153,-0.238235,0.361319,-0.205715,0.011541,0.016627,0.151213,0.159523,0.007875,0.284380,-0.685153,0.965747,-0.109482,0.143634,0.245451,-0.114417,-0.354878,0.639981,1.154998,0.161592,0.038263,-0.157208
0.887606,-1.549303,0.760977,-0.076125,-0.029547,-0.259082,0.962397,-0.179971,0.094059,-0.075477,1.550912,-0.047362,0.014659,-0.062440,0.056098,-0.237374,0.344440,-0.210946,0.011948,0.024534,0.150312,0.165387,0.026503,0.285855,-0.677265,0.968194,-0.114574,0.144526,0.246289,-0.134471,-0.363639,0.653863,1.156488,0.162705,0.037948,-0.154717
0.894390,-1.554294,0.762271,-0.074932,-0.032709,-0.258738,0.962481,-0.204547,0.094212,-0.062995,1.556143,-0.054116,0.025541,-0.034465,0.055615,-0.236326,0.326869,-0.215797,0.012635,0.032185,0.149064,0.171223,0.046253,0.287864,-0.667717,0.968396,-0.119579,0.144979,0.247445,-0.154700,-0.372351,0.667883,1.158041,0.164190,0.037835,-0.151488
0.901176,-1.559198,0.763453,-0.073735,-0.035798,-0.258666,0.962483,-0.228143,0.093466,-0.050931,1.558145,-0.062223,0.035623,-0.006889,0.055040,-0.234585,0.309393,-0.220143,0.013929,0.039949,0.147895,0.176990,0.066638,0.290286,-0.657166,0.967219,-0.123921,0.145492,0.248105,-0.174967,-0.380948,0.681414,1.159112,0.165558,0.038284,-0.147983
0.907874,-1.564089,0.764479,-0.072469,-0.038752,-0.259098,0.962349,-0.250048,0.090682,-0.039849,1.553529,-0.072528,0.044092,0.019902,0.054329,-0.231556,0.292251,-0.223695,0.016085,0.047954,0.146792,0.182445,0.087889,0.293044,-0.644716,0.963984,-0.127009,0.146001,0.247968,-0.195313,-0.389431,0.693734,1.159716,0.166664,0.039768,-0.143876
