-0.000251,0.018353,0.779861,-0.005948,-0.001916,-0.708344,0.705839,0.033589,0.086781,0.028818,0.133976,-0.193065,-0.096802,0.047886,-0.079132,-0.214136,0.123387,-0.216674,0.071121,-0.002643,0.035703,0.134578,-0.011055,0.244586,-0.753688,0.902227,-0.153526,0.101420,0.247891,-0.122999,-0.153321,0.602796,1.134076,0.152705,0.036666,-0.182294
-0.000248,0.018271,0.779892,-0.005237,-0.001436,-0.708485,0.705705,0.032247,0.086426,0.029341,0.133147,-0.192642,-0.096492,0.046080,-0.079448,-0.213261,0.123408,-0.217745,0.071791,-0.002349,0.035357,0.133494,-0.011003,0.244768,-0.753615,0.901718,-0.153458,0.101844,0.248279,-0.123797,-0.153271,0.603009,1.134226,0.152496,0.036925,-0.181967
-0.000250,0.018218,0.779895,-0.004535,-0.000959,-0.708615,0.705580,0.030939,0.086095,0.029843,0.132284,-0.192195,-0.096198,0.044329,-0.079744,-0.212431,0.123388,-0.218807,0.072498,-0.002119,0.035051,0.132423,-0.010914,0.244954,-0.753493,0.901181,-0.153335,0.102298,0.248687,-0.124564,-0.153253,0.603310,1.134354,0.152395,0.037220,-0.181617
-0.000261,0.018183,0.779874,-0.003829,-0.000464,-0.708762,0.705437,0.029609,0.085764,0.030370,0.131395,-0.191742,-0.095900,0.042496,-0.080016,-0.211534,0.123401,-0.219861,0.073133,-0.001842,0.034734,0.131344,-0.010899,0.245080,-0.753369,0.900734,-0.153298,0.102674,0.249035,-0.125314,-0.153268,0.603587,1.134362,0.152161,0.037460,-0.181313
-0.000218,0.018179,0.779866,-0.003076,0.000050,-0.708953,0.705249,0.028202,0.085426,0.030961,0.130506,-0.191319,-0.095596,0.040497,-0.080239,-0.210465,0.123412,-0.220860,0.073588,-0.001516,0.034342,0.130240,-0.010966,0.245181,-0.753187,0.900359,-0.153510,0.102856,0.249229,-0.126064,-0.153303,0.603854,1.134125,0.151569,0.037553,-0.181137
-0.000258,0.018100,0.779859,-0.002285,0.000624,-0.709201,0.705002,0.026690,0.085152,0.031599,0.129533,-0.190856,-0.095354,0.038240,-0.080350,-0.209196,0.123419,-0.221706,0.073734,-0.001261,0.033964,0.129133,-0.010958,0.245335,-0.752767,0.899856,-0.154059,0.102792,0.249209,-0.126956,-0.153376,0.604315,1.133723,0.150485,0.037364,-0.181159
-0.000278,0.018031,0.779912,-0.001478,0.001248,-0.709490,0.704713,0.025078,0.084949,0.032265,0.128562,-0.190399,-0.095159,0.035795,-0.080382,-0.207777,0.123437,-0.222457,0.073641,-0.000906,0.033584,0.127995,-0.011070,0.245460,-0.752355,0.899473,-0.154891,0.102535,0.249037,-0.127847,-0.153446,0.604730,1.133154,0.148992,0.036973,-0.181323
-0.000268,0.018024,0.779883,-0.000597,0.001814,-0.709803,0.704398,0.023498,0.084558,0.033035,0.127547,-0.189968,-0.094843,0.033309,-0.080580,-0.206200,0.123472,-0.223297,0.073513,-0.000682,0.032980,0.126892,-0.011077,0.245675,-0.751676,0.898926,-0.155706,0.102203,0.248759,-0.128778,-0.153565,0.605294,1.132324,0.147495,0.036635,-0.181506
-0.000315,0.018059,0.779779,0.000373,0.002247,-0.710123,0.704074,0.022005,0.083856,0.033952,0.126594,-0.189665,-0.094249,0.030260,-0.081199,-0.204433,0.124986,-0.225175,0.073554,-0.000429,0.032030,0.125831,-0.011074,0.245940,-0.750944,0.898282,-0.156315,0.101895,0.248471,-0.129607,-0.153699,0.605699,1.131105,0.146253,0.036593,-0.181578
-0.000344,0.018030,0.779613,0.001432,0.002721,-0.710446,0.703745,0.016495,0.083231,0.034663,0.133815,-0.193767,-0.093277,0.026327,-0.081996,-0.202501,0.128048,-0.227936,0.073815,-0.000171,0.030979,0.124569,-0.011071,0.246249,-0.750174,0.897612,-0.156725,0.101633,0.248198,-0.130372,-0.153832,0.605887,1.129543,0.145458,0.037028,-0.181539
-0.000438,0.017992,0.779414,0.002587,0.003180,-0.710787,0.703395,0.010244,0.082485,0.035449,0.142405,-0.198659,-0.092012,0.015666,-0.084296,-0.199859,0.145345,-0.238301,0.074221,0.000174,0.029743,0.123157,-0.011166,0.246497,-0.749461,0.897071,-0.157069,0.101354,0.247930,-0.131074,-0.153921,0.605848,1.127726,0.144874,0.037767,-0.181460
-0.000562,0.017926,0.779169,0.003655,0.003483,-0.711112,0.703061,0.004168,0.081636,0.036229,0.151560,-0.203939,-0.090617,0.005385,-0.086661,-0.197153,0.162823,-0.249235,0.074639,0.000324,0.028337,0.122148,-0.011048,0.247014,-0.748417,0.896044,-0.157156,0.101083,0.247541,-0.131768,-0.154082,0.605913,1.125511,0.144288,0.038535,-0.181259
-0.000671,0.017849,0.778867,0.004455,0.003489,-0.711386,0.702779,-0.000969,0.080738,0.036904,0.160759,-0.209412,-0.089263,-0.003495,-0.088923,-0.194565,0.179559,-0.260676,0.075003,0.000282,0.026803,0.121971,-0.010629,0.247993,-0.747213,0.894218,-0.157035,0.100821,0.247033,-0.132317,-0.154361,0.606202,1.122735,0.143514,0.039044,-0.180904
-0.000766,0.017741,0.778527,0.004948,0.003117,-0.711591,0.702569,-0.005130,0.079716,0.037468,0.170268,-0.215114,-0.087905,-0.010635,-0.091135,-0.192113,0.195278,-0.272698,0.075522,0.000097,0.025090,0.122729,-0.010220,0.249039,-0.746000,0.892174,-0.156430,0.100597,0.246292,-0.132744,-0.154658,0.606564,1.119562,0.142495,0.039195,-0.180330
-0.000925,0.017555,0.778185,0.005240,0.002447,-0.711747,0.702412,-0.008636,0.078585,0.037963,0.180182,-0.221119,-0.086477,-0.016591,-0.093367,-0.189719,0.210446,-0.285292,0.076176,-0.000217,0.023214,0.124155,-0.009863,0.250047,-0.744720,0.890063,-0.155431,0.100384,0.245375,-0.133083,-0.154953,0.606981,1.116045,0.141342,0.039147,-0.179585
-0.001062,0.017384,0.777787,0.005331,0.001619,-0.711886,0.702273,-0.011551,0.077542,0.038342,0.190241,-0.227416,-0.085125,-0.021681,-0.095464,-0.187412,0.225254,-0.298218,0.076555,-0.000633,0.021333,0.126064,-0.009317,0.251321,-0.743204,0.887372,-0.154543,0.100089,0.244530,-0.133342,-0.155359,0.607610,1.112119,0.140007,0.038987,-0.178789
-0.001298,0.017041,0.777394,0.005242,0.000748,-0.712037,0.702122,-0.013943,0.076760,0.038562,0.200233,-0.234037,-0.083997,-0.026100,-0.097249,-0.185231,0.239656,-0.311208,0.076246,-0.000982,0.019631,0.128170,-0.008712,0.252706,-0.741481,0.884235,-0.154286,0.099581,0.244032,-0.133532,-0.155870,0.608442,1.107902,0.138401,0.038791,-0.178074
-0.001493,0.016673,0.776974,0.004850,-0.000180,-0.712168,0.701992,-0.015515,0.076328,0.038426,0.209990,-0.241040,-0.083233,-0.029540,-0.098574,-0.183343,0.253619,-0.324542,0.074820,-0.001342,0.018232,0.130639,-0.008092,0.254226,-0.739676,0.880752,-0.155057,0.098732,0.243993,-0.133581,-0.156510,0.609542,1.103282,0.136464,0.038546,-0.177562
-0.001721,0.016258,0.776531,0.004193,-0.001218,-0.712276,0.701886,-0.016329,0.076127,0.038023,0.219644,-0.248387,-0.082726,-0.031956,-0.099559,-0.181658,0.267058,-0.338204,0.072605,-0.001734,0.017011,0.133533,-0.007427,0.255894,-0.737760,0.876890,-0.156493,0.097637,0.244251,-0.133482,-0.157286,0.610856,1.098229,0.134243,0.038225,-0.177154
-0.001959,0.015825,0.776046,0.003513,-0.002287,-0.712436,0.701725,-0.016930,0.075995,0.037748,0.229288,-0.255855,-0.082254,-0.034190,-0.100452,-0.179827,0.280363,-0.351612,0.070336,-0.001989,0.015782,0.136468,-0.006600,0.257696,-0.735437,0.872362,-0.157960,0.096521,0.244675,-0.133332,-0.158225,0.612330,1.092863,0.131873,0.037889,-0.176638
-0.002176,0.015277,0.775559,0.003026,-0.003277,-0.712724,0.701430,-0.017868,0.075782,0.037993,0.239031,-0.263237,-0.081590,-0.037019,-0.101488,-0.177506,0.293752,-0.364123,0.068734,-0.001948,0.014374,0.139052,-0.005494,0.259603,-0.732385,0.866900,-0.158820,0.095603,0.245135,-0.133220,-0.159354,0.613912,1.087298,0.129480,0.037602,-0.175807
-0.002455,0.014696,0.775045,0.002778,-0.004195,-0.713179,0.700964,-0.019195,0.075472,0.038922,0.248927,-0.270497,-0.080674,-0.040509,-0.102696,-0.174560,0.307149,-0.375424,0.068188,-0.001538,0.012767,0.141214,-0.004007,0.261576,-0.728471,0.860444,-0.158777,0.095162,0.245612,-0.133129,-0.160687,0.615685,1.081543,0.127080,0.037391,-0.174590
-0.002747,0.014053,0.774486,0.002645,-0.005075,-0.713753,0.700374,-0.020559,0.075140,0.040308,0.258728,-0.277700,-0.079624,-0.044311,-0.103951,-0.171203,0.320505,-0.385890,0.068243,-0.000864,0.011060,0.143148,-0.002237,0.263605,-0.723864,0.853176,-0.158209,0.095004,0.246172,-0.133018,-0.162233,0.617659,1.075537,0.124616,0.037220,-0.173105
-0.002978,0.013431,0.773897,0.002645,-0.005906,-0.714396,0.699712,-0.022227,0.074788,0.041934,0.268747,-0.284962,-0.078483,-0.048577,-0.105261,-0.167632,0.334140,-0.395997,0.068364,-0.000024,0.009254,0.144875,-0.000356,0.265707,-0.718726,0.845143,-0.157469,0.094647,0.246809,-0.132932,-0.164009,0.619682,1.069251,0.122128,0.037055,-0.171410
-0.003274,0.012797,0.773255,0.002772,-0.006658,-0.715059,0.699026,-0.024294,0.074406,0.043594,0.278934,-0.292240,-0.077288,-0.053465,-0.106629,-0.164013,0.348360,-0.406203,0.068001,0.000896,0.007350,0.146424,0.001483,0.267914,-0.713223,0.836361,-0.156912,0.093610,0.247522,-0.132885,-0.166032,0.621580,1.062620,0.119650,0.036865,-0.169568
-0.003644,0.012094,0.772625,0.003101,-0.007315,-0.715758,0.698303,-0.027097,0.073937,0.045361,0.289649,-0.299733,-0.075983,-0.059261,-0.108177,-0.160348,0.363443,-0.416765,0.067162,0.001971,0.005269,0.147703,0.003208,0.270254,-0.707386,0.826841,-0.157178,0.091565,0.248226,-0.133001,-0.168294,0.623383,1.055823,0.117445,0.036598,-0.167559
-0.003966,0.011432,0.771933,0.003620,-0.007907,-0.716509,0.697523,-0.030300,0.073383,0.047314,0.300426,-0.307194,-0.074561,-0.065763,-0.109831,-0.156528,0.379076,-0.427364,0.066054,0.003225,0.003032,0.148743,0.004943,0.272736,-0.701141,0.816522,-0.157900,0.088837,0.248947,-0.133196,-0.170786,0.625132,1.048782,0.115394,0.036286,-0.165363
-0.004261,0.010783,0.771189,0.004172,-0.008449,-0.717265,0.696736,-0.033789,0.072869,0.049210,0.311617,-0.314818,-0.073153,-0.072509,-0.111407,-0.152671,0.394937,-0.437662,0.064580,0.004488,0.000751,0.149732,0.006797,0.275362,-0.694484,0.805333,-0.157932,0.085932,0.249854,-0.133277,-0.173569,0.626727,1.041150,0.113013,0.036020,-0.163027
-0.004689,0.010050,0.770422,0.004628,-0.008982,-0.717977,0.695994,-0.037332,0.072514,0.050816,0.323337,-0.322689,-0.071889,-0.079025,-0.112714,-0.148891,0.410703,-0.447324,0.062626,0.005605,-0.001451,0.150870,0.008865,0.278134,-0.687426,0.793207,-0.156120,0.083355,0.251123,-0.133012,-0.176757,0.628056,1.032506,0.109824,0.035890,-0.160595
-0.005075,0.009186,0.769606,0.004994,-0.009544,-0.718669,0.695269,-0.040853,0.072258,0.052137,0.335596,-0.330809,-0.070799,-0.085428,-0.113750,-0.145041,0.426631,-0.456163,0.059824,0.006627,-0.003576,0.152218,0.011199,0.281030,-0.679918,0.780238,-0.151514,0.081322,0.252929,-0.132340,-0.180421,0.629078,1.022715,0.105362,0.036126,-0.157943
-0.005546,0.008368,0.768725,0.005331,-0.010110,-0.719355,0.694548,-0.044454,0.072068,0.053276,0.348285,-0.339113,-0.069807,-0.091871,-0.114599,-0.141117,0.442748,-0.464368,0.056354,0.007633,-0.005680,0.153686,0.013709,0.284046,-0.671984,0.766427,-0.144937,0.079545,0.255145,-0.131309,-0.184586,0.629841,1.011866,0.100019,0.036615,-0.155082
-0.006000,0.007525,0.767822,0.005586,-0.010619,-0.719970,0.693902,-0.048291,0.072118,0.054126,0.361594,-0.347702,-0.068886,-0.097895,-0.115178,-0.137487,0.458304,-0.472162,0.052930,0.008503,-0.007687,0.155246,0.016305,0.287216,-0.663744,0.751522,-0.137916,0.077781,0.257481,-0.129817,-0.189331,0.630332,0.999832,0.094512,0.036945,-0.152248
-0.006562,0.006578,0.766895,0.005726,-0.011032,-0.720447,0.693399,-0.052438,0.072584,0.054585,0.375533,-0.356569,-0.068014,-0.103124,-0.115420,-0.134494,0.472727,-0.479777,0.050242,0.009132,-0.009508,0.156884,0.018899,0.290613,-0.655346,0.735232,-0.131998,0.075782,0.259657,-0.127722,-0.194765,0.630527,0.986412,0.089584,0.036716,-0.149681
-0.007135,0.005593,0.765927,0.005736,-0.011357,-0.720759,0.693069,-0.056967,0.073473,0.054600,0.390226,-0.365762,-0.067159,-0.107394,-0.115381,-0.132309,0.485858,-0.487490,0.048749,0.009471,-0.011159,0.158674,0.021378,0.294332,-0.646899,0.717504,-0.128041,0.073322,0.261727,-0.124892,-0.200982,0.630344,0.971157,0.085576,0.035513,-0.147457
-0.007728,0.004791,0.764861,0.005624,-0.011595,-0.720946,0.692872,-0.061822,0.074718,0.054226,0.405628,-0.375269,-0.066348,-0.110946,-0.115075,-0.130729,0.498051,-0.495113,0.047983,0.009617,-0.012659,0.160638,0.023873,0.298415,-0.638332,0.698342,-0.125082,0.070594,0.263792,-0.121304,-0.208026,0.629764,0.954062,0.082061,0.033674,-0.145433
-0.008471,0.003765,0.763827,0.005412,-0.011721,-0.721039,0.692774,-0.066836,0.076349,0.053546,0.421364,-0.384910,-0.065656,-0.113985,-0.114387,-0.129555,0.509467,-0.502277,0.047251,0.009668,-0.013940,0.162667,0.026669,0.302835,-0.629487,0.677558,-0.121933,0.067966,0.265627,-0.117063,-0.215947,0.628855,0.935694,0.078592,0.031925,-0.143515
-0.009211,0.002687,0.762796,0.005096,-0.011683,-0.721073,0.692742,-0.071845,0.078400,0.052637,0.437091,-0.394530,-0.065153,-0.116676,-0.113178,-0.128585,0.520169,-0.508553,0.045861,0.009725,-0.014916,0.164659,0.030031,0.307506,-0.620189,0.654998,-0.117385,0.065805,0.267021,-0.112220,-0.224768,0.627680,0.916558,0.074740,0.030987,-0.141608
-0.009929,0.001526,0.761727,0.004653,-0.011524,-0.721036,0.692787,-0.076749,0.080814,0.051505,0.452840,-0.404150,-0.064862,-0.119052,-0.111444,-0.127738,0.530394,-0.513709,0.043521,0.009789,-0.015590,0.166675,0.033849,0.312383,-0.610491,0.630801,-0.110508,0.064244,0.267931,-0.106606,-0.234526,0.625809,0.896410,0.070458,0.031028,-0.139357
-0.010615,0.000265,0.760661,0.004099,-0.011259,-0.720915,0.692920,-0.081639,0.083592,0.050115,0.468727,-0.413856,-0.064749,-0.121018,-0.109241,-0.127143,0.539997,-0.517981,0.040645,0.009849,-0.015986,0.168744,0.038002,0.317453,-0.600465,0.605036,-0.102139,0.063074,0.268471,-0.100155,-0.245251,0.623282,0.874984,0.065956,0.031678,-0.136911
-0.011342,-0.001011,0.759594,0.003476,-0.010782,-0.720746,0.693107,-0.086673,0.086831,0.048486,0.484574,-0.423481,-0.064806,-0.122594,-0.106529,-0.126883,0.548624,-0.521755,0.037574,0.009945,-0.016067,0.170700,0.042734,0.322656,-0.589937,0.577465,-0.093759,0.062135,0.268656,-0.093160,-0.256944,0.620900,0.852864,0.061152,0.032852,-0.134926
-0.012160,-0.002340,0.758532,0.002845,-0.010004,-0.720560,0.693314,-0.091963,0.090629,0.046645,0.500104,-0.432905,-0.065033,-0.123804,-0.103276,-0.127045,0.555912,-0.525402,0.034647,0.010067,-0.015787,0.172368,0.048326,0.327893,-0.578667,0.547845,-0.086819,0.061271,0.268501,-0.085978,-0.269563,0.619538,0.830717,0.055987,0.034465,-0.134070
-0.013040,-0.003835,0.757556,0.002162,-0.008845,-0.720333,0.693568,-0.097777,0.095208,0.044457,0.515705,-0.442282,-0.065515,-0.124640,-0.099271,-0.127728,0.561804,-0.529039,0.031776,0.010108,-0.014996,0.173657,0.054767,0.333136,-0.566484,0.516116,-0.082255,0.060352,0.267983,-0.078751,-0.283083,0.619423,0.808630,0.050176,0.036726,-0.134674
-0.013841,-0.005376,0.756549,0.001423,-0.007379,-0.720059,0.693873,-0.103929,0.100427,0.041959,0.531282,-0.451583,-0.066236,-0.125094,-0.094593,-0.128844,0.566475,-0.532475,0.028816,0.010050,-0.013769,0.174664,0.061992,0.338378,-0.553464,0.482402,-0.079093,0.059491,0.267100,-0.071360,-0.297496,0.620135,0.786380,0.043854,0.039611,-0.136332
-0.014663,-0.007062,0.755585,0.000716,-0.005719,-0.719794,0.694164,-0.109969,0.105857,0.039434,0.546110,-0.460513,-0.067055,-0.125218,-0.089683,-0.130237,0.570005,-0.535626,0.026109,0.010040,-0.012380,0.175489,0.070170,0.343503,-0.539786,0.446759,-0.075947,0.058879,0.265906,-0.063738,-0.312756,0.621567,0.764141,0.037592,0.042677,-0.138609
-0.015420,-0.008603,0.754643,0.000142,-0.003986,-0.719600,0.694378,-0.115450,0.111082,0.037150,0.559453,-0.468770,-0.067801,-0.125066,-0.084947,-0.131699,0.572465,-0.538454,0.023910,0.010215,-0.011101,0.176205,0.079407,0.348318,-0.525617,0.409354,-0.071419,0.058695,0.264456,-0.055869,-0.328790,0.623627,0.742197,0.031955,0.045466,-0.141085
-0.016086,-0.010345,0.753807,-0.000303,-0.002143,-0.719476,0.694514,-0.120377,0.116155,0.035029,0.571178,-0.476493,-0.068358,-0.124656,-0.080340,-0.133330,0.573776,-0.540899,0.022227,0.010615,-0.009853,0.176692,0.089734,0.352667,-0.510765,0.370100,-0.064439,0.059138,0.262414,-0.047934,-0.345629,0.626560,0.720935,0.027368,0.047673,-0.143961
-0.016881,-0.012462,0.753136,-0.000657,-0.000152,-0.719396,0.694600,-0.124949,0.121251,0.032978,0.581667,-0.483774,-0.068833,-0.123960,-0.075691,-0.135180,0.573935,-0.543007,0.020934,0.011166,-0.008523,0.176929,0.100983,0.356474,-0.495223,0.329152,-0.055953,0.060011,0.259873,-0.039927,-0.363283,0.630303,0.700185,0.023441,0.049598,-0.147372
-0.017502,-0.014492,0.752515,-0.000887,0.001871,-0.719377,0.694617,-0.129044,0.126146,0.031251,0.590990,-0.490256,-0.069395,-0.122931,-0.071234,-0.137011,0.573070,-0.544831,0.020146,0.011870,-0.007322,0.177112,0.112897,0.359656,-0.479513,0.287027,-0.047635,0.060970,0.257549,-0.031530,-0.381598,0.634246,0.679448,0.019484,0.051679,-0.150812
-0.018010,-0.016432,0.751911,-0.000952,0.003806,-0.719437,0.694547,-0.132561,0.130623,0.030106,0.599257,-0.495602,-0.070214,-0.121508,-0.067201,-0.138583,0.571277,-0.546408,0.019978,0.012758,-0.006473,0.177421,0.125146,0.362116,-0.464215,0.244359,-0.041163,0.061661,0.256183,-0.022424,-0.400303,0.637716,0.658313,0.014785,0.054346,-0.153768
-0.018576,-0.018730,0.751482,-0.000835,0.005638,-0.719657,0.694306,-0.134825,0.134685,0.029855,0.605164,-0.499430,-0.071879,-0.119678,-0.063598,-0.139634,0.568448,-0.547750,0.020508,0.013910,-0.006139,0.177726,0.137895,0.363760,-0.449217,0.200814,-0.037568,0.062085,0.256257,-0.012929,-0.419241,0.641063,0.637203,0.009185,0.057912,-0.156391
-0.019044,-0.021209,0.751217,-0.000544,0.007410,-0.720002,0.693932,-0.136130,0.138436,0.030290,0.609150,-0.502037,-0.074111,-0.117472,-0.060330,-0.140358,0.564579,-0.548836,0.021657,0.015273,-0.006194,0.177930,0.151149,0.364541,-0.434346,0.156364,-0.035746,0.062406,0.257314,-0.003279,-0.438366,0.644477,0.616521,0.003016,0.062060,-0.158870
-0.019408,-0.023653,0.750997,-0.000139,0.009143,-0.720316,0.693586,-0.137765,0.141815,0.030876,0.613780,-0.504038,-0.075779,-0.114895,-0.057466,-0.141213,0.559920,-0.549655,0.023313,0.016712,-0.006403,0.178247,0.164256,0.364446,-0.420153,0.112167,-0.034167,0.062526,0.258708,0.007106,-0.457516,0.646926,0.595782,-0.003727,0.066280,-0.160742
-0.019732,-0.025915,0.750768,0.000327,0.010849,-0.720443,0.693429,-0.141034,0.144762,0.031055,0.621657,-0.506068,-0.075736,-0.111975,-0.055064,-0.142642,0.554760,-0.550224,0.025343,0.018176,-0.006534,0.178872,0.176432,0.363505,-0.407295,0.069500,-0.031317,0.062350,0.259804,0.018865,-0.476498,0.647256,0.574560,-0.011083,0.070051,-0.161540
-0.020016,-0.028429,0.750636,0.000895,0.012601,-0.720394,0.693450,-0.145949,0.147296,0.030662,0.632559,-0.508264,-0.073875,-0.108568,-0.053068,-0.144747,0.548423,-0.550234,0.027920,0.019743,-0.006552,0.179583,0.187676,0.361685,-0.395809,0.028272,-0.027070,0.062002,0.260470,0.032270,-0.495202,0.644982,0.552666,-0.020557,0.073438,-0.160449
-0.020209,-0.031011,0.750548,0.001574,0.014368,-0.720236,0.693579,-0.151921,0.149449,0.029979,0.645377,-0.510296,-0.070707,-0.104716,-0.051468,-0.147304,0.541011,-0.549782,0.031048,0.021469,-0.006556,0.180328,0.198200,0.358990,-0.385523,-0.011969,-0.022119,0.061504,0.261051,0.047035,-0.513592,0.640615,0.530492,-0.031681,0.076609,-0.157931
-0.020342,-0.033498,0.750464,0.002266,0.016014,-0.719893,0.693897,-0.159351,0.151206,0.029119,0.661372,-0.512139,-0.065997,-0.100672,-0.050361,-0.150268,0.533870,-0.549437,0.034328,0.023222,-0.006483,0.181591,0.207539,0.355554,-0.376715,-0.050402,-0.016183,0.060525,0.261595,0.063068,-0.531514,0.634490,0.508337,-0.041506,0.079227,-0.155469
-0.020321,-0.036149,0.750385,0.002871,0.017403,-0.719292,0.694484,-0.168589,0.152565,0.028204,0.681710,-0.513702,-0.059518,-0.096723,-0.049855,-0.153612,0.528429,-0.549830,0.037384,0.024894,-0.006291,0.183850,0.215292,0.351605,-0.369680,-0.086308,-0.009001,0.058778,0.262167,0.080150,-0.548738,0.626966,0.486673,-0.047090,0.080953,-0.154577
-0.020315,-0.038732,0.750212,0.003491,0.018566,-0.718382,0.695393,-0.180067,0.153288,0.027042,0.706774,-0.514776,-0.050818,-0.092773,-0.050068,-0.157393,0.524130,-0.550672,0.040392,0.026363,-0.006090,0.186905,0.221623,0.347312,-0.364496,-0.120073,-0.000136,0.056725,0.262840,0.098745,-0.565029,0.617499,0.465223,-0.047343,0.081860,-0.155766
-0.020208,-0.041247,0.749938,0.004134,0.019557,-0.717210,0.696570,-0.193437,0.153496,0.025670,0.735821,-0.515443,-0.040108,-0.088740,-0.050897,-0.161621,0.520560,-0.551829,0.043469,0.027699,-0.005901,0.190606,0.226786,0.342747,-0.360985,-0.152048,0.010109,0.054353,0.263578,0.118681,-0.580256,0.606123,0.444094,-0.043947,0.082063,-0.158234
-0.020144,-0.043797,0.749587,0.004552,0.020282,-0.715858,0.697937,-0.207868,0.153739,0.024539,0.768318,-0.516043,-0.028154,-0.084858,-0.052083,-0.166189,0.519223,-0.553946,0.046111,0.029005,-0.005554,0.195476,0.230565,0.337991,-0.358952,-0.181435,0.020861,0.050662,0.264263,0.138671,-0.594333,0.594257,0.424338,-0.038115,0.081368,-0.161546
-0.020030,-0.046256,0.748982,0.004500,0.020647,-0.714406,0.699412,-0.222528,0.154570,0.024076,0.803757,-0.516910,-0.015771,-0.081333,-0.053378,-0.170978,0.521569,-0.557629,0.047817,0.030314,-0.004921,0.202010,0.232780,0.333117,-0.358113,-0.207403,0.031262,0.044649,0.264795,0.157176,-0.607222,0.583538,0.407230,-0.031065,0.079579,-0.165265
-0.019846,-0.048742,0.748157,0.003957,0.020592,-0.712827,0.701026,-0.237371,0.155799,0.024147,0.842430,-0.517589,-0.002672,-0.078158,-0.054879,-0.176032,0.527807,-0.562877,0.048281,0.031435,-0.004205,0.210418,0.233441,0.328125,-0.358385,-0.229887,0.041762,0.035099,0.264996,0.174422,-0.618801,0.573967,0.392653,-0.022655,0.076500,-0.169686
-0.019730,-0.051046,0.747072,0.003038,0.020176,-0.711093,0.702802,-0.252705,0.157269,0.024640,0.884327,-0.518003,0.011375,-0.075190,-0.056691,-0.181385,0.537142,-0.569383,0.047852,0.032332,-0.003460,0.220354,0.232655,0.323014,-0.359819,-0.249211,0.052587,0.022865,0.265032,0.190621,-0.628983,0.565191,0.380449,-0.012424,0.072248,-0.174906
-0.019607,-0.053258,0.745682,0.001706,0.019480,-0.709283,0.704652,-0.268283,0.159586,0.025884,0.928727,-0.519196,0.025628,-0.072550,-0.058580,-0.186802,0.549778,-0.577489,0.046892,0.033253,-0.002337,0.231486,0.230423,0.317852,-0.362322,-0.265165,0.062539,0.010053,0.265273,0.204173,-0.637867,0.558440,0.371824,-0.001131,0.067112,-0.180174
-0.019327,-0.055501,0.743957,-0.000076,0.018581,-0.707477,0.706492,-0.283890,0.163415,0.028126,0.975013,-0.522288,0.039419,-0.070334,-0.060360,-0.192134,0.565865,-0.587488,0.045896,0.034354,-0.000511,0.243486,0.226896,0.312741,-0.365687,-0.277668,0.070415,-0.001229,0.265992,0.213312,-0.645664,0.555123,0.368044,0.010519,0.061402,-0.184752
-0.019102,-0.057688,0.741778,-0.002270,0.017357,-0.705629,0.708365,-0.299363,0.168949,0.031876,1.023642,-0.527982,0.052834,-0.069172,-0.062501,-0.197285,0.587032,-0.599792,0.044577,0.035531,0.001878,0.256569,0.221651,0.307733,-0.370251,-0.286971,0.074761,-0.010916,0.267873,0.218168,-0.652484,0.555619,0.369499,0.022676,0.054662,-0.188981
-0.018880,-0.059738,0.739105,-0.004864,0.015807,-0.703717,0.710288,-0.314822,0.175958,0.036652,1.074858,-0.535708,0.066320,-0.068777,-0.065015,-0.202300,0.612629,-0.614122,0.042811,0.036702,0.004680,0.270819,0.214882,0.302820,-0.375931,-0.293143,0.076584,-0.019964,0.270496,0.219385,-0.658348,0.559405,0.375445,0.035610,0.046911,-0.193026
-0.018549,-0.061964,0.735987,-0.007931,0.014188,-0.701852,0.712138,-0.330487,0.184446,0.041135,1.127715,-0.544831,0.079781,-0.067923,-0.066937,-0.207132,0.639499,-0.629873,0.041160,0.038008,0.008278,0.285757,0.207761,0.298007,-0.381854,-0.295984,0.078355,-0.027802,0.272466,0.216032,-0.663351,0.566538,0.385264,0.048863,0.039219,-0.195921
-0.018139,-0.064118,0.732414,-0.011576,0.012791,-0.700145,0.713792,-0.346583,0.194357,0.044045,1.181211,-0.554626,0.093036,-0.065420,-0.067254,-0.211762,0.664512,-0.646461,0.040212,0.039476,0.013100,0.300924,0.201562,0.293322,-0.387034,-0.295415,0.082521,-0.033861,0.272403,0.207042,-0.667595,0.577189,0.398355,0.062076,0.032668,-0.196740
-0.017670,-0.066315,0.728428,-0.015921,0.011575,-0.698559,0.715281,-0.363209,0.206035,0.045249,1.236362,-0.565590,0.106325,-0.061025,-0.065717,-0.216257,0.687838,-0.664611,0.040002,0.040904,0.019327,0.316592,0.195812,0.288777,-0.391608,-0.291927,0.088767,-0.037573,0.268819,0.191680,-0.671091,0.592380,0.415782,0.076406,0.027852,-0.193774
-0.017284,-0.068472,0.724190,-0.020898,0.010447,-0.697050,0.716642,-0.380257,0.219419,0.045160,1.293334,-0.577975,0.119679,-0.055389,-0.062903,-0.220534,0.710889,-0.684410,0.040272,0.042190,0.026782,0.332950,0.190243,0.284374,-0.395834,-0.285619,0.096086,-0.039428,0.262792,0.170687,-0.673720,0.611684,0.437097,0.091766,0.024207,-0.188040
-0.016862,-0.070813,0.719781,-0.026284,0.009579,-0.695723,0.717765,-0.397679,0.233724,0.043464,1.349838,-0.590579,0.132469,-0.048733,-0.058958,-0.224426,0.732518,-0.704177,0.041150,0.043601,0.035377,0.349413,0.186314,0.280162,-0.399028,-0.275735,0.105891,-0.040436,0.256826,0.145362,-0.675402,0.632904,0.459353,0.105870,0.021045,-0.182715
-0.016330,-0.073361,0.715198,-0.031858,0.009145,-0.694691,0.718545,-0.415457,0.248071,0.039994,1.403595,-0.602111,0.143984,-0.041259,-0.053946,-0.227864,0.751491,-0.722286,0.042804,0.045477,0.045028,0.365372,0.185448,0.276252,-0.400586,-0.261485,0.119579,-0.041576,0.253468,0.117078,-0.676183,0.653823,0.479652,0.116392,0.017560,-0.180951
-0.015655,-0.075908,0.710646,-0.038074,0.009117,-0.693808,0.719095,-0.433405,0.262729,0.033913,1.455337,-0.612467,0.153844,-0.032126,-0.046917,-0.231482,0.767700,-0.738737,0.045120,0.047901,0.056577,0.381510,0.187124,0.272534,-0.400382,-0.240966,0.139782,-0.043587,0.252713,0.085210,-0.676288,0.675688,0.499718,0.122815,0.013266,-0.184371
-0.014836,-0.078620,0.706223,-0.044885,0.009435,-0.693063,0.719417,-0.451679,0.277844,0.025618,1.505901,-0.622202,0.162348,-0.021576,-0.038045,-0.235144,0.781746,-0.754253,0.048093,0.050614,0.069907,0.397901,0.190875,0.268981,-0.398728,-0.215232,0.165026,-0.045757,0.253447,0.049722,-0.675698,0.698742,0.519712,0.126391,0.008650,-0.191068
-0.013816,-0.081586,0.702145,-0.051300,0.010206,-0.692777,0.719252,-0.470767,0.292301,0.016976,1.553198,-0.630882,0.169781,-0.011419,-0.029046,-0.237735,0.793409,-0.768145,0.052011,0.053744,0.083391,0.412953,0.198163,0.266025,-0.395908,-0.187899,0.190487,-0.046775,0.256633,0.012858,-0.674161,0.719240,0.534845,0.127281,0.004296,-0.198841
-0.012618,-0.084789,0.698518,-0.056316,0.011524,-0.693295,0.718358,-0.491105,0.305043,0.009954,1.595077,-0.638052,0.176477,-0.003416,-0.021665,-0.238231,0.802432,-0.779664,0.057142,0.057746,0.095333,0.425064,0.210505,0.264440,-0.392440,-0.162752,0.211199,-0.045286,0.263304,-0.023000,-0.671470,0.733295,0.540569,0.125523,0.000771,-0.205436
-0.011062,-0.088206,0.695306,-0.059735,0.013620,-0.694815,0.716574,-0.513555,0.316210,0.004891,1.631774,-0.643447,0.182635,0.001341,-0.015992,-0.236404,0.809441,-0.788937,0.063771,0.062917,0.105716,0.433825,0.228508,0.264787,-0.388709,-0.139190,0.224827,-0.039270,0.276772,-0.057858,-0.667525,0.738896,0.536371,0.119750,-0.001684,-0.210744
-0.009083,-0.092082,0.692665,-0.062077,0.016380,-0.697128,0.714066,-0.537631,0.326218,0.000984,1.664224,-0.647256,0.188018,0.004031,-0.011209,-0.232916,0.814336,-0.796268,0.071671,0.069358,0.115114,0.440020,0.251634,0.267240,-0.384546,-0.116272,0.233925,-0.029890,0.295625,-0.092782,-0.662460,0.738257,0.524800,0.110268,-0.003404,-0.215776
-0.006930,-0.096309,0.690652,-0.063360,0.019310,-0.699967,0.711097,-0.561753,0.334474,-0.001467,1.691368,-0.649700,0.192304,0.006307,-0.007766,-0.228064,0.815823,-0.801403,0.080369,0.077013,0.122604,0.443863,0.280049,0.271971,-0.379299,-0.097523,0.240946,-0.020663,0.313766,-0.127378,-0.656538,0.734365,0.506107,0.099740,-0.004734,-0.219966
-0.004537,-0.100788,0.689229,-0.063630,0.021953,-0.703068,0.707930,-0.584330,0.340381,-0.002127,1.712113,-0.650993,0.195140,0.009830,-0.006154,-0.222083,0.812606,-0.804026,0.089367,0.085736,0.127226,0.445686,0.314132,0.279154,-0.372171,-0.086715,0.248566,-0.015101,0.325073,-0.161172,-0.650144,0.730247,0.480231,0.090907,-0.006039,-0.222754
-0.001966,-0.105904,0.688557,-0.062778,0.024134,-0.706687,0.704322,-0.604738,0.344503,0.000392,1.726031,-0.651495,0.196856,0.014227,-0.006883,-0.214054,0.805428,-0.804472,0.098800,0.095662,0.128321,0.445895,0.356193,0.288825,-0.361762,-0.086174,0.256956,-0.015124,0.326514,-0.193758,-0.643349,0.724955,0.444329,0.086295,-0.008340,-0.223954
0.000819,-0.111634,0.688581,-0.060824,0.026117,-0.710847,0.700224,-0.623865,0.346987,0.005621,1.733745,-0.650921,0.197458,0.018974,-0.009675,-0.204054,0.794629,-0.802841,0.108740,0.106719,0.126296,0.444298,0.406046,0.300765,-0.348339,-0.094065,0.264729,-0.018651,0.321827,-0.225518,-0.636177,0.717663,0.399096,0.084019,-0.011157,-0.223973
0.003521,-0.117798,0.689275,-0.057970,0.028048,-0.714948,0.696205,-0.642413,0.346569,0.011099,1.735685,-0.648481,0.196061,0.025426,-0.013869,-0.193792,0.778368,-0.798535,0.118636,0.118348,0.121891,0.440430,0.460290,0.314638,-0.333498,-0.107859,0.272432,-0.023166,0.314977,-0.256593,-0.628998,0.711334,0.349121,0.080106,-0.012599,-0.223111
0.006399,-0.124625,0.690669,-0.054440,0.030101,-0.718399,0.692844,-0.661124,0.341928,0.014327,1.732260,-0.643391,0.191792,0.034859,-0.018767,-0.185020,0.754755,-0.790761,0.127956,0.129798,0.115894,0.433901,0.515486,0.330099,-0.318670,-0.124998,0.280813,-0.026132,0.309880,-0.287116,-0.622348,0.709124,0.298683,0.070628,-0.010756,-0.221599
0.009275,-0.131933,0.692719,-0.050333,0.032309,-0.721335,0.689999,-0.679875,0.332870,0.014737,1.723182,-0.636461,0.184626,0.047331,-0.023871,-0.177555,0.722919,-0.779727,0.136920,0.141212,0.108567,0.424825,0.572369,0.347061,-0.303365,-0.146342,0.292421,-0.026867,0.307138,-0.317503,-0.616715,0.712270,0.246379,0.052507,-0.003917,-0.220029
0.012246,-0.139824,0.695379,-0.045512,0.034579,-0.723975,0.687455,-0.698329,0.320055,0.013525,1.708309,-0.627846,0.174947,0.062255,-0.029565,-0.170705,0.683806,-0.765522,0.145701,0.152802,0.099456,0.413504,0.632563,0.365247,-0.286557,-0.172894,0.306115,-0.026775,0.304754,-0.346721,-0.612246,0.718739,0.189561,0.028571,0.006511,-0.217903
0.015189,-0.148208,0.698498,-0.039836,0.036877,-0.725873,0.685683,-0.716696,0.303485,0.011076,1.688190,-0.616063,0.162587,0.079963,-0.036566,-0.165820,0.638031,-0.746967,0.154299,0.163828,0.088386,0.399818,0.693529,0.384082,-0.269035,-0.201881,0.317381,-0.026378,0.302714,-0.372964,-0.608976,0.726901,0.130855,0.003614,0.017719,-0.213789
0.018184,-0.157600,0.702205,-0.033159,0.039164,-0.726581,0.685162,-0.735203,0.283011,0.007749,1.663375,-0.599487,0.147246,0.100748,-0.045378,-0.164200,0.586160,-0.722897,0.162545,0.173391,0.075283,0.383612,0.752291,0.402947,-0.251796,-0.230123,0.321894,-0.026165,0.300992,-0.394981,-0.606891,0.735427,0.073433,-0.017536,0.026867,-0.206450
0.021305,-0.167528,0.706339,-0.025179,0.041469,-0.725788,0.686205,-0.754467,0.256252,0.002101,1.633195,-0.576345,0.127501,0.126506,-0.055789,-0.166373,0.523337,-0.692143,0.170441,0.180577,0.059793,0.364087,0.808642,0.421743,-0.234883,-0.256888,0.317111,-0.026399,0.299822,-0.412474,-0.606061,0.744560,0.017662,-0.033207,0.033513,-0.194248
0.024415,-0.178070,0.710622,-0.015962,0.043735,-0.723796,0.688442,-0.773732,0.223828,-0.005472,1.597377,-0.548213,0.103866,0.156639,-0.067042,-0.172054,0.450078,-0.654965,0.178543,0.185739,0.041912,0.341653,0.864119,0.440590,-0.217471,-0.283873,0.306026,-0.026756,0.299081,-0.426409,-0.606635,0.755070,-0.038007,-0.046142,0.038994,-0.178331
0.027651,-0.189049,0.714897,-0.005949,0.045838,-0.721075,0.691314,-0.791352,0.190137,-0.011796,1.557039,-0.518318,0.078986,0.187492,-0.079044,-0.181083,0.375503,-0.612606,0.187286,0.189837,0.022230,0.317936,0.917851,0.459232,-0.199643,-0.311165,0.292718,-0.026839,0.298200,-0.437545,-0.608658,0.766508,-0.093059,-0.058169,0.043208,-0.161801
0.031269,-0.200300,0.719135,0.004285,0.047742,-0.718060,0.694328,-0.806119,0.159778,-0.014010,1.513452,-0.489639,0.055552,0.215017,-0.091911,-0.192864,0.309877,-0.567014,0.196493,0.193737,0.001727,0.294542,0.968419,0.477226,-0.181887,-0.338305,0.281380,-0.026247,0.296629,-0.446801,-0.612144,0.778595,-0.146717,-0.071130,0.046075,-0.147724
0.035044,-0.211913,0.723324,0.015108,0.049323,-0.714476,0.697755,-0.818433,0.132372,-0.011464,1.465746,-0.461932,0.033047,0.239108,-0.106993,-0.208841,0.254404,-0.518050,0.206505,0.196377,-0.020404,0.271200,1.016098,0.494548,-0.164240,-0.365868,0.273360,-0.024373,0.293983,-0.455665,-0.617264,0.792588,-0.198805,-0.086928,0.047904,-0.135786
0.038765,-0.223580,0.727373,0.026499,0.050720,-0.710135,0.701736,-0.828729,0.105982,-0.006074,1.413427,-0.433648,0.010346,0.261251,-0.123232,-0.228354,0.204975,-0.465251,0.216633,0.197227,-0.043810,0.247292,1.061201,0.511274,-0.146612,-0.393654,0.266518,-0.021611,0.290603,-0.463591,-0.624061,0.808497,-0.249684,-0.104066,0.048631,-0.124766
0.042555,-0.235285,0.731432,0.037080,0.052396,-0.705564,0.705733,-0.836178,0.083056,0.000696,1.358791,-0.405779,-0.010703,0.279732,-0.137651,-0.247344,0.164881,-0.411077,0.224745,0.197906,-0.065283,0.224040,1.101652,0.527035,-0.129902,-0.419402,0.259905,-0.019070,0.287016,-0.468749,-0.632254,0.824299,-0.299123,-0.119163,0.047767,-0.116361
0.046664,-0.247185,0.735535,0.045487,0.054812,-0.701342,0.709257,-0.840079,0.066161,0.007389,1.304342,-0.379435,-0.028169,0.292731,-0.148017,-0.261846,0.137953,-0.358475,0.229047,0.200109,-0.081770,0.202773,1.135047,0.541309,-0.115327,-0.440528,0.252706,-0.017869,0.283708,-0.469584,-0.641358,0.838162,-0.346437,-0.128870,0.044893,-0.112257
0.050960,-0.259157,0.739711,0.051381,0.058265,-0.697632,0.712232,-0.840794,0.056900,0.014022,1.250376,-0.354313,-0.040254,0.295925,-0.155269,-0.271364,0.133534,-0.310583,0.231157,0.204244,-0.092377,0.183638,1.160449,0.553843,-0.103700,-0.456656,0.244978,-0.018443,0.280221,-0.466995,-0.651041,0.850624,-0.391130,-0.130840,0.038698,-0.115050
0.055428,-0.271115,0.743873,0.055464,0.062459,-0.694150,0.714967,-0.838661,0.053604,0.021365,1.195944,-0.329986,-0.048391,0.299321,-0.158782,-0.279088,0.130306,-0.256490,0.232152,0.209211,-0.098830,0.166002,1.178868,0.564769,-0.094800,-0.468708,0.237336,-0.020199,0.276360,-0.462371,-0.661095,0.862931,-0.432928,-0.127391,0.029852,-0.123063
0.059911,-0.283189,0.747968,0.058010,0.066954,-0.690859,0.717542,-0.833225,0.054073,0.029199,1.141884,-0.307470,-0.055424,0.297226,-0.161191,-0.283040,0.141073,-0.206893,0.229682,0.214670,-0.102266,0.150007,1.190939,0.574210,-0.088328,-0.476211,0.229775,-0.022665,0.272987,-0.454760,-0.671102,0.874219,-0.471483,-0.122172,0.020932,-0.131577
0.064308,-0.295310,0.751911,0.059284,0.071289,-0.687715,0.720036,-0.823954,0.056080,0.037237,1.088874,-0.287735,-0.064156,0.292938,-0.162581,-0.282914,0.159142,-0.161969,0.220864,0.220308,-0.103810,0.135800,1.197404,0.582303,-0.083883,-0.478778,0.222255,-0.025386,0.270997,-0.443079,-0.680554,0.883504,-0.506278,-0.118716,0.014589,-0.135926
0.068779,-0.307684,0.755564,0.059459,0.075573,-0.684950,0.722217,-0.810347,0.059647,0.046034,1.035054,-0.271214,-0.075644,0.285381,-0.163158,-0.278392,0.184846,-0.120740,0.203418,0.226800,-0.103829,0.122899,1.197886,0.589191,-0.081634,-0.476016,0.214299,-0.029063,0.270892,-0.426037,-0.688840,0.890064,-0.537649,-0.117063,0.011565,-0.134100
0.073317,-0.320155,0.758897,0.058853,0.079831,-0.682728,0.723910,-0.793100,0.065586,0.056948,0.980340,-0.257100,-0.088106,0.273292,-0.163769,-0.270329,0.219726,-0.081848,0.180036,0.234622,-0.102957,0.111011,1.192727,0.594960,-0.081587,-0.468666,0.205988,-0.033684,0.272111,-0.404899,-0.695572,0.894758,-0.565033,-0.115611,0.010446,-0.128791
0.077942,-0.332725,0.761761,0.057851,0.083446,-0.680836,0.725364,-0.773268,0.072659,0.070585,0.928076,-0.244531,-0.100110,0.258720,-0.165433,-0.259928,0.261628,-0.046660,0.154290,0.242848,-0.102422,0.100771,1.183556,0.599580,-0.082978,-0.457921,0.198022,-0.037730,0.273952,-0.382484,-0.700680,0.899006,-0.586708,-0.115237,0.010707,-0.122460
0.082530,-0.345336,0.764042,0.056449,0.085894,-0.678880,0.727019,-0.751730,0.079599,0.086544,0.882087,-0.232841,-0.110396,0.245308,-0.167958,-0.248506,0.306237,-0.016033,0.129102,0.250100,-0.102499,0.093085,1.171785,0.602919,-0.085138,-0.444758,0.191157,-0.039675,0.275719,-0.361514,-0.704367,0.904196,-0.601113,-0.116869,0.011814,-0.117569
0.087127,-0.357946,0.765753,0.054094,0.087137,-0.676655,0.729122,-0.727535,0.086731,0.104955,0.842628,-0.221123,-0.120569,0.235054,-0.169958,-0.235341,0.351381,0.009450,0.102554,0.255921,-0.102177,0.088536,1.157309,0.604850,-0.088184,-0.428983,0.186433,-0.038184,0.277054,-0.341904,-0.706700,0.910668,-0.607994,-0.121368,0.014192,-0.114789
0.091848,-0.370479,0.766913,0.050739,0.087468,-0.674279,0.731521,-0.700465,0.094164,0.125476,0.808244,-0.210048,-0.130803,0.227057,-0.171157,-0.220549,0.397439,0.031244,0.073022,0.260681,-0.101086,0.086686,1.139681,0.605233,-0.092213,-0.410327,0.183191,-0.034381,0.278313,-0.322544,-0.707472,0.917871,-0.608144,-0.128056,0.017927,-0.112780
0.096718,-0.382978,0.767481,0.046889,0.086974,-0.671729,0.734177,-0.672529,0.100680,0.146243,0.780491,-0.201608,-0.137764,0.220851,-0.172537,-0.206445,0.444109,0.051076,0.043717,0.264388,-0.099898,0.087077,1.119630,0.604431,-0.096553,-0.389626,0.179508,-0.030477,0.279908,-0.303924,-0.707175,0.925143,-0.602316,-0.135472,0.021961,-0.111030
0.101593,-0.395206,0.767330,0.043048,0.085746,-0.668997,0.737046,-0.645817,0.105346,0.165340,0.761014,-0.197862,-0.138073,0.215868,-0.175013,-0.195103,0.491365,0.070560,0.018206,0.266242,-0.098230,0.088777,1.094946,0.601129,-0.103021,-0.364544,0.174050,-0.028615,0.282747,-0.288480,-0.705572,0.933970,-0.589264,-0.142103,0.025401,-0.109435
0.106553,-0.407311,0.766552,0.039036,0.083776,-0.666044,0.740164,-0.620900,0.109267,0.183160,0.751350,-0.196976,-0.131663,0.211564,-0.178024,-0.185815,0.541148,0.089623,-0.004189,0.266277,-0.096622,0.092503,1.068313,0.595685,-0.108962,-0.337288,0.165396,-0.029661,0.286005,-0.275199,-0.703066,0.943062,-0.570329,-0.147709,0.027911,-0.107363
0.111638,-0.419099,0.765085,0.034559,0.081097,-0.662829,0.743563,-0.596685,0.112880,0.200023,0.750503,-0.198859,-0.120067,0.207919,-0.181326,-0.177503,0.594156,0.106704,-0.025020,0.264541,-0.094340,0.098313,1.038726,0.587969,-0.115217,-0.306967,0.154814,-0.032384,0.289685,-0.263616,-0.699774,0.952732,-0.545367,-0.153033,0.030054,-0.105295
0.116764,-0.430638,0.762942,0.030021,0.077835,-0.659365,0.747180,-0.572881,0.114256,0.213886,0.756260,-0.208167,-0.102290,0.204755,-0.186282,-0.171356,0.649419,0.120875,-0.041597,0.261162,-0.092056,0.105512,1.006801,0.578123,-0.121499,-0.274934,0.144367,-0.036121,0.294200,-0.253521,-0.695798,0.962523,-0.515047,-0.158134,0.031863,-0.103665
0.121993,-0.442007,0.760161,0.025849,0.074109,-0.655679,0.750949,-0.549395,0.111270,0.222500,0.766491,-0.229514,-0.077334,0.201826,-0.194169,-0.168475,0.706313,0.130988,-0.051096,0.256427,-0.090522,0.113409,0.973165,0.566501,-0.127484,-0.242614,0.136040,-0.040182,0.300014,-0.244567,-0.691253,0.971831,-0.480040,-0.163077,0.033371,-0.102894
0.127321,-0.453279,0.756807,0.021906,0.069727,-0.651803,0.754858,-0.526104,0.102151,0.222884,0.782913,-0.268162,-0.039315,0.200303,-0.205173,-0.169712,0.765489,0.137448,-0.049796,0.250566,-0.089668,0.122223,0.937745,0.553292,-0.133267,-0.208706,0.130969,-0.045028,0.307822,-0.236212,-0.686294,0.980280,-0.440502,-0.168850,0.034677,-0.102705
0.132700,-0.464490,0.752704,0.017991,0.064726,-0.647705,0.758924,-0.503405,0.087580,0.215600,0.805985,-0.319935,0.009658,0.199493,-0.218367,-0.173936,0.828686,0.139567,-0.040029,0.243629,-0.089145,0.132212,0.900316,0.538534,-0.138742,-0.173032,0.127822,-0.050784,0.317246,-0.228339,-0.681085,0.987915,-0.396387,-0.175108,0.035721,-0.103047
0.138018,-0.475543,0.748003,0.014440,0.059582,-0.643306,0.763150,-0.481860,0.069456,0.204125,0.831579,-0.375398,0.058434,0.196833,-0.233240,-0.179442,0.896061,0.135343,-0.027989,0.235657,-0.089245,0.142682,0.861201,0.522434,-0.143359,-0.138666,0.124846,-0.056256,0.327197,-0.221117,-0.675718,0.994672,-0.348034,-0.179931,0.036295,-0.104693
0.143368,-0.486354,0.742792,0.011631,0.054764,-0.638522,0.767565,-0.461789,0.050853,0.193159,0.855405,-0.425738,0.095502,0.189960,-0.249549,-0.184522,0.967260,0.123189,-0.019947,0.226712,-0.090353,0.152891,0.820697,0.505327,-0.146603,-0.108700,0.120213,-0.060274,0.336611,-0.214698,-0.670237,1.000450,-0.295656,-0.181419,0.036223,-0.108385
0.148634,-0.496788,0.737115,0.009679,0.050471,-0.633388,0.772126,-0.443416,0.033551,0.184521,0.877053,-0.471036,0.116038,0.178556,-0.267737,-0.189042,1.043579,0.100226,-0.016345,0.217085,-0.092650,0.162249,0.779532,0.487148,-0.147655,-0.083899,0.113353,-0.062186,0.345693,-0.209197,-0.664799,1.005081,-0.239135,-0.177913,0.034804,-0.114968
0.153727,-0.507082,0.731131,0.008409,0.046420,-0.627909,0.776855,-0.426469,0.016466,0.176113,0.898738,-0.515645,0.126547,0.163979,-0.287825,-0.193648,1.125082,0.067870,-0.014253,0.206691,-0.096006,0.171202,0.737352,0.467886,-0.146735,-0.062591,0.105231,-0.062770,0.354882,-0.204234,-0.659533,1.008512,-0.178657,-0.170826,0.032282,-0.123852
0.158683,-0.517076,0.725007,0.007777,0.042354,-0.621974,0.781853,-0.410391,-0.000995,0.167496,0.920045,-0.557619,0.132321,0.146581,-0.309043,-0.197614,1.208679,0.031566,-0.014879,0.195274,-0.100375,0.180471,0.692724,0.448190,-0.145048,-0.044250,0.096182,-0.062996,0.363507,-0.199205,-0.654366,1.010671,-0.114595,-0.162818,0.029886,-0.133601
0.163458,-0.526651,0.718749,0.007756,0.038004,-0.615462,0.787211,-0.394612,-0.019944,0.158087,0.940306,-0.594791,0.138830,0.126573,-0.330727,-0.200153,1.291198,-0.003051,-0.019420,0.182886,-0.105801,0.190744,0.644177,0.429106,-0.144020,-0.028507,0.086317,-0.063784,0.370944,-0.193197,-0.649057,1.011159,-0.047191,-0.156580,0.028920,-0.142785
0.168088,-0.536219,0.712682,0.008864,0.033062,-0.608207,0.793040,-0.379901,-0.042165,0.148563,0.960070,-0.625787,0.147285,0.103253,-0.353917,-0.199975,1.373680,-0.034690,-0.029082,0.169897,-0.113681,0.202355,0.590496,0.411359,-0.144233,-0.015737,0.072886,-0.065724,0.377413,-0.185421,-0.643262,1.008132,0.024760,-0.153977,0.030939,-0.151280
0.172452,-0.545687,0.706979,0.010973,0.027739,-0.600296,0.799221,-0.366279,-0.066610,0.139226,0.979465,-0.652012,0.154853,0.076843,-0.378389,-0.197352,1.456976,-0.066113,-0.042744,0.156895,-0.123825,0.214614,0.532822,0.395105,-0.145012,-0.006302,0.056265,-0.068184,0.383232,-0.175901,-0.636944,1.001674,0.101147,-0.153224,0.034882,-0.159714
0.176518,-0.554948,0.701764,0.013085,0.022535,-0.592002,0.805515,-0.351971,-0.090502,0.128846,0.996977,-0.675179,0.161066,0.048860,-0.401983,-0.194123,1.537452,-0.097664,-0.058433,0.144157,-0.133842,0.226771,0.472923,0.380434,-0.146163,0.000370,0.041268,-0.070199,0.387912,-0.164975,-0.630422,0.994364,0.179766,-0.151538,0.038137,-0.167836
0.180520,-0.564183,0.697106,0.014219,0.017940,-0.583610,0.811712,-0.335171,-0.111086,0.116225,1.011153,-0.697112,0.165515,0.020739,-0.422889,-0.192338,1.611615,-0.129783,-0.074343,0.131799,-0.141284,0.238217,0.412184,0.367348,-0.147787,0.005193,0.032783,-0.070744,0.390984,-0.153050,-0.624264,0.988916,0.258351,-0.146115,0.038048,-0.175440
0.184643,-0.573876,0.693251,0.014116,0.013887,-0.575193,0.817778,-0.315056,-0.127819,0.101359,1.021754,-0.718044,0.167831,-0.007236,-0.440969,-0.192268,1.679483,-0.162648,-0.090822,0.120746,-0.145440,0.249925,0.348700,0.355447,-0.151146,0.009337,0.034386,-0.068831,0.392183,-0.139788,-0.618650,0.985183,0.340990,-0.132123,0.032415,-0.184497
0.188770,-0.583856,0.689886,0.013303,0.010184,-0.566605,0.823819,-0.292601,-0.142092,0.085029,1.029440,-0.737115,0.168420,-0.035842,-0.457388,-0.192950,1.742792,-0.196085,-0.108773,0.110554,-0.147573,0.261813,0.281807,0.344426,-0.156362,0.012724,0.042705,-0.065208,0.391773,-0.124795,-0.613704,0.981969,0.427120,-0.112431,0.023025,-0.194278
0.192699,-0.593774,0.686896,0.011944,0.007151,-0.557826,0.829841,-0.268602,-0.153871,0.067119,1.034063,-0.754455,0.168076,-0.065311,-0.472353,-0.194876,1.800437,-0.229838,-0.127308,0.099504,-0.148031,0.271849,0.214338,0.334628,-0.162415,0.014512,0.052247,-0.061361,0.390065,-0.108139,-0.610100,0.980077,0.507117,-0.095719,0.013354,-0.200775
0.196589,-0.603712,0.684312,0.010188,0.005121,-0.548838,0.835851,-0.243884,-0.162996,0.047421,1.035524,-0.770184,0.167560,-0.095916,-0.485959,-0.198722,1.851120,-0.263457,-0.145488,0.086198,-0.147147,0.278199,0.149045,0.326836,-0.168611,0.013662,0.057437,-0.058779,0.387421,-0.089705,-0.608818,0.979967,0.570841,-0.090415,0.007101,-0.200338
0.200770,-0.614467,0.682475,0.007923,0.004312,-0.539592,0.841878,-0.218707,-0.168815,0.025527,1.034275,-0.785263,0.166868,-0.127915,-0.498390,-0.206002,1.894937,-0.297432,-0.163458,0.070803,-0.144531,0.280559,0.085669,0.321487,-0.176385,0.009553,0.055601,-0.058080,0.383399,-0.068462,-0.610834,0.981384,0.614466,-0.102460,0.005917,-0.189200
0.205274,-0.625380,0.681192,0.005096,0.004519,-0.530116,0.847898,-0.192630,-0.171303,0.001725,1.030337,-0.799435,0.165723,-0.161035,-0.509443,-0.216420,1.932368,-0.331562,-0.181536,0.054625,-0.140206,0.280333,0.022364,0.318395,-0.187112,0.003039,0.049703,-0.058375,0.378064,-0.043627,-0.616570,0.983114,0.642107,-0.126020,0.007434,-0.170316
0.209969,-0.636445,0.680437,0.001959,0.005428,-0.520513,0.853834,-0.165472,-0.171148,-0.023247,1.022992,-0.811033,0.164376,-0.194973,-0.518627,-0.228128,1.962577,-0.364152,-0.199102,0.038081,-0.135107,0.278296,-0.040506,0.317546,-0.200053,-0.004863,0.042733,-0.058880,0.372579,-0.015638,-0.625996,0.984102,0.655891,-0.151879,0.009524,-0.150236
0.214764,-0.647762,0.680339,-0.001217,0.006711,-0.510890,0.859619,-0.137100,-0.169070,-0.048665,1.011521,-0.818374,0.163009,-0.229730,-0.525485,-0.239105,1.984698,-0.393284,-0.215480,0.021336,-0.130246,0.275143,-0.102190,0.319113,-0.214063,-0.013544,0.037707,-0.058861,0.368059,0.014750,-0.638693,0.983548,0.658281,-0.170702,0.010591,-0.135590
0.219794,-0.659379,0.680846,-0.004343,0.008282,-0.500947,0.865428,-0.107546,-0.165441,-0.075455,0.995613,-0.821847,0.161598,-0.265603,-0.530727,-0.250264,1.998524,-0.418870,-0.231662,0.003801,-0.125911,0.270873,-0.164381,0.323697,-0.230360,-0.022698,0.034868,-0.058142,0.365281,0.047733,-0.654449,0.982410,0.647541,-0.179309,0.010280,-0.128451
0.225013,-0.671439,0.682106,-0.007555,0.010290,-0.490730,0.871218,-0.077025,-0.159587,-0.103553,0.975773,-0.822112,0.159977,-0.302651,-0.534280,-0.262523,2.004343,-0.441388,-0.247499,-0.014431,-0.121911,0.265520,-0.226629,0.331191,-0.249717,-0.033535,0.032431,-0.057124,0.363535,0.083855,-0.673126,0.980312,0.622832,-0.183011,0.009627,-0.125102
0.230536,-0.683897,0.684072,-0.010904,0.012738,-0.480884,0.876624,-0.045676,-0.150800,-0.130736,0.952332,-0.817912,0.158037,-0.340538,-0.534669,-0.274036,2.002086,-0.459839,-0.260958,-0.032650,-0.118175,0.259573,-0.284636,0.340608,-0.269415,-0.047701,0.030867,-0.055970,0.361623,0.122399,-0.694144,0.974894,0.588833,-0.185311,0.009423,-0.123563
0.236304,-0.696746,0.686631,-0.014406,0.015582,-0.472030,0.881327,-0.013512,-0.138721,-0.154764,0.925505,-0.807946,0.155756,-0.379473,-0.528453,-0.280006,1.991559,-0.473010,-0.261800,-0.050361,-0.114207,0.253218,-0.334221,0.350777,-0.286038,-0.066176,0.031155,-0.054846,0.358250,0.161977,-0.716652,0.964396,0.551275,-0.189560,0.010402,-0.121907
0.242352,-0.709969,0.689797,-0.018243,0.018816,-0.464161,0.885363,0.020281,-0.122447,-0.175832,0.893687,-0.792561,0.152071,-0.418012,-0.518760,-0.285357,1.972312,-0.481046,-0.261800,-0.068034,-0.109502,0.246336,-0.375511,0.361404,-0.298028,-0.088116,0.035702,-0.053534,0.352075,0.202092,-0.739971,0.948736,0.511282,-0.194998,0.013159,-0.120628
0.248731,-0.723598,0.693487,-0.022334,0.022419,-0.457013,0.888897,0.055214,-0.102637,-0.194584,0.857371,-0.772312,0.147218,-0.456075,-0.505948,-0.290841,1.944439,-0.484519,-0.261800,-0.085885,-0.104014,0.238610,-0.411010,0.372793,-0.307025,-0.112370,0.043824,-0.052094,0.343970,0.243476,-0.763753,0.928805,0.467220,-0.200433,0.017147,-0.120432
0.255335,-0.737674,0.697623,-0.026416,0.026458,-0.450932,0.891775,0.089007,-0.080824,-0.209498,0.820282,-0.746021,0.142750,-0.493834,-0.489116,-0.295015,1.908897,-0.483568,-0.261800,-0.103022,-0.097726,0.229813,-0.439988,0.384820,-0.313988,-0.139171,0.051993,-0.051098,0.335979,0.286033,-0.787616,0.904753,0.421178,-0.208253,0.021321,-0.119720
0.262216,-0.752115,0.702127,-0.030228,0.031000,-0.446264,0.893853,0.119537,-0.058648,-0.219206,0.786150,-0.712519,0.140285,-0.531442,-0.467438,-0.296357,1.866610,-0.478366,-0.261800,-0.118561,-0.090507,0.219672,-0.461534,0.397133,-0.319706,-0.168764,0.056760,-0.051005,0.330137,0.329741,-0.811130,0.876665,0.375295,-0.220997,0.024606,-0.116905
0.269512,-0.766969,0.707002,-0.033727,0.036216,-0.443384,0.894964,0.146950,-0.036181,-0.222869,0.754931,-0.670640,0.140901,-0.569910,-0.438785,-0.292000,1.817177,-0.468894,-0.256681,-0.131946,-0.081874,0.207529,-0.474822,0.409690,-0.323421,-0.201166,0.057355,-0.052159,0.327067,0.374390,-0.833924,0.843890,0.330384,-0.241421,0.026533,-0.110580
0.277185,-0.782064,0.712096,-0.037018,0.041966,-0.442006,0.895265,0.172160,-0.013217,-0.221331,0.725472,-0.621556,0.143667,-0.607876,-0.403833,-0.282893,1.760202,-0.455556,-0.246171,-0.143577,-0.071869,0.193680,-0.480633,0.422663,-0.324666,-0.235959,0.055753,-0.054179,0.325638,0.419337,-0.855714,0.807107,0.286222,-0.266817,0.027511,-0.101944
0.285103,-0.797476,0.717463,-0.040045,0.047841,-0.441450,0.895114,0.194429,0.009032,-0.216034,0.699632,-0.567284,0.147342,-0.642573,-0.365063,-0.270993,1.696553,-0.438987,-0.231959,-0.154309,-0.061163,0.179157,-0.480032,0.435985,-0.324327,-0.272793,0.052645,-0.056419,0.325216,0.466053,-0.876064,0.766899,0.242286,-0.293472,0.027930,-0.093363
0.293270,-0.813097,0.722844,-0.042749,0.053445,-0.441031,0.894879,0.213073,0.029472,-0.208606,0.679079,-0.509505,0.150699,-0.671859,-0.324568,-0.257181,1.627058,-0.419776,-0.212988,-0.164572,-0.050444,0.165009,-0.474714,0.449262,-0.323910,-0.310852,0.048770,-0.058242,0.325228,0.512335,-0.894637,0.726359,0.200116,-0.315069,0.028327,-0.087195
0.301538,-0.829140,0.728291,-0.045107,0.059091,-0.440944,0.894451,0.227251,0.048593,-0.197827,0.664082,-0.446152,0.155240,-0.696100,-0.281282,-0.240385,1.550169,-0.398697,-0.187067,-0.174158,-0.039417,0.150428,-0.464651,0.462376,-0.323460,-0.349691,0.044000,-0.059809,0.326173,0.558497,-0.910867,0.685471,0.159977,-0.331111,0.028929,-0.084087
0.310057,-0.845378,0.733647,-0.047135,0.064853,-0.441387,0.893728,0.237650,0.066939,-0.183588,0.653790,-0.376903,0.161055,-0.715514,-0.235340,-0.219840,1.465808,-0.375885,-0.156071,-0.182847,-0.028017,0.135078,-0.449408,0.475358,-0.322325,-0.389278,0.038182,-0.061363,0.328093,0.603730,-0.924319,0.644155,0.122427,-0.344167,0.029547,-0.082897
0.318836,-0.861719,0.738785,-0.048858,0.070030,-0.441715,0.893082,0.246143,0.083520,-0.169519,0.647457,-0.305582,0.164776,-0.728541,-0.190480,-0.196632,1.377027,-0.350661,-0.124740,-0.191546,-0.017185,0.120516,-0.429612,0.487984,-0.320617,-0.429465,0.032189,-0.062389,0.329663,0.646894,-0.934813,0.603710,0.087886,-0.354941,0.030291,-0.083352
0.327613,-0.878195,0.743686,-0.050191,0.073888,-0.441305,0.892901,0.254759,0.096786,-0.159549,0.643594,-0.235564,0.163159,-0.734262,-0.150295,-0.171753,1.286860,-0.321944,-0.097445,-0.201271,-0.008029,0.108162,-0.406057,0.499888,-0.318496,-0.469872,0.026936,-0.062363,0.329519,0.687761,-0.942281,0.564899,0.056221,-0.364660,0.031274,-0.085181
0.336579,-0.894767,0.748300,-0.051002,0.076404,-0.440052,0.893261,0.264043,0.106481,-0.155075,0.639816,-0.165094,0.154693,-0.733234,-0.114767,-0.143710,1.194467,-0.288088,-0.075013,-0.212182,-0.000806,0.097797,-0.379097,0.510842,-0.316286,-0.510657,0.022686,-0.060396,0.326715,0.725957,-0.946611,0.528057,0.027949,-0.373821,0.032810,-0.089214
0.345858,-0.911272,0.752554,-0.051353,0.077938,-0.438290,0.893974,0.273219,0.113011,-0.154623,0.636691,-0.092517,0.141155,-0.725940,-0.082818,-0.111863,1.098745,-0.250033,-0.055376,-0.223547,0.004924,0.088681,-0.349151,0.520757,-0.314363,-0.551133,0.019051,-0.057012,0.322105,0.761137,-0.947723,0.493307,0.003229,-0.381961,0.034824,-0.095313
0.355521,-0.927790,0.756342,-0.051480,0.078361,-0.436060,0.895020,0.282207,0.115805,-0.157770,0.637356,-0.021402,0.124347,-0.712275,-0.055954,-0.078910,1.002628,-0.210018,-0.038002,-0.234846,0.009195,0.081458,-0.317307,0.529383,-0.313246,-0.589620,0.016010,-0.053806,0.317066,0.792979,-0.945841,0.461064,-0.018538,-0.388388,0.036772,-0.101720
0.365476,-0.944231,0.759586,-0.051622,0.077547,-0.433400,0.896374,0.290837,0.114613,-0.163732,0.645108,0.044517,0.106328,-0.692514,-0.035302,-0.047963,0.908877,-0.170071,-0.022155,-0.245494,0.012066,0.076772,-0.284760,0.536369,-0.313558,-0.624300,0.013542,-0.052376,0.312942,0.821202,-0.941464,0.431623,-0.037955,-0.392132,0.038062,-0.106688
0.375403,-0.960499,0.762172,-0.051646,0.074893,-0.430154,0.898160,0.299464,0.108266,-0.173551,0.661064,0.108652,0.085654,-0.664983,-0.021678,-0.019392,0.814760,-0.127164,-0.006387,-0.255805,0.012653,0.075327,-0.251008,0.541329,-0.315405,-0.655284,0.011278,-0.054200,0.310044,0.847384,-0.934904,0.403888,-0.056493,-0.392381,0.038562,-0.109670
0.385387,-0.976760,0.764097,-0.051475,0.070655,-0.426374,0.900313,0.307602,0.097598,-0.187425,0.684652,0.171140,0.062125,-0.631045,-0.014224,0.008026,0.719921,-0.081153,0.008829,-0.265706,0.011205,0.076393,-0.216444,0.544132,-0.319135,-0.682721,0.009483,-0.058081,0.307530,0.872295,-0.926325,0.377333,-0.074251,-0.390013,0.038561,-0.111592
0.395375,-0.992884,0.765322,-0.051432,0.065986,-0.422424,0.902529,0.313785,0.085558,-0.202517,0.716577,0.223012,0.039739,-0.595768,-0.010930,0.033036,0.630938,-0.038142,0.021577,-0.273914,0.009484,0.078588,-0.183425,0.544947,-0.325652,-0.705111,0.009010,-0.061595,0.305048,0.893579,-0.916250,0.353471,-0.089102,-0.386044,0.038031,-0.112932
0.405381,-1.008787,0.765717,-0.051824,0.062026,-0.418680,0.904530,0.316725,0.074797,-0.215420,0.757054,0.255326,0.022252,-0.564111,-0.009416,0.054141,0.554517,-0.004110,0.030004,-0.279996,0.009270,0.080498,-0.153085,0.544211,-0.334772,-0.721488,0.010704,-0.062312,0.302255,0.911244,-0.905041,0.332958,-0.100773,-0.383160,0.037086,-0.114256
0.415183,-1.024383,0.765250,-0.052524,0.059008,-0.415198,0.906295,0.315951,0.063744,-0.226144,0.808500,0.261383,0.011312,-0.537600,-0.009086,0.070800,0.492124,0.018706,0.030838,-0.282677,0.010558,0.081959,-0.126278,0.542087,-0.347760,-0.731863,0.015137,-0.058937,0.299077,0.920242,-0.893914,0.317831,-0.105438,-0.377571,0.035204,-0.115076
0.424687,-1.039588,0.763964,-0.053431,0.056329,-0.411875,0.907927,0.311772,0.051263,-0.235248,0.871422,0.246427,0.004452,-0.514199,-0.010114,0.083264,0.440948,0.033658,0.026421,-0.284109,0.012651,0.083429,-0.099888,0.538695,-0.362366,-0.737714,0.021774,-0.052997,0.295611,0.927040,-0.882636,0.305336,-0.108338,-0.372199,0.032695,-0.115508
0.434020,-1.054599,0.761961,-0.054872,0.053855,-0.408821,0.909370,0.304548,0.040654,-0.240113,0.941958,0.220031,-0.000620,-0.492939,-0.011193,0.091435,0.400544,0.043477,0.023414,-0.283257,0.015881,0.085784,-0.075395,0.534369,-0.379084,-0.738532,0.029406,-0.046277,0.292197,0.928289,-0.871656,0.296396,-0.107066,-0.366509,0.030241,-0.116234
0.443226,-1.069528,0.759324,-0.057141,0.051440,-0.406089,0.910594,0.294913,0.035894,-0.238440,1.015533,0.192317,-0.005810,-0.472519,-0.011337,0.095365,0.369977,0.051310,0.028440,-0.280531,0.020480,0.089571,-0.053045,0.529586,-0.397137,-0.734177,0.036857,-0.040543,0.289185,0.923879,-0.861052,0.291231,-0.101752,-0.362335,0.028679,-0.118190
0.452346,-1.084294,0.756041,-0.060337,0.049199,-0.403659,0.911591,0.283460,0.038868,-0.229139,1.091813,0.162542,-0.012724,-0.452758,-0.011192,0.091889,0.347763,0.062809,0.043599,-0.276024,0.026717,0.094758,-0.032755,0.524706,-0.416881,-0.724856,0.043152,-0.035971,0.287483,0.913028,-0.850896,0.290402,-0.091498,-0.360513,0.028641,-0.121977
0.461256,-1.098939,0.752174,-0.064308,0.047182,-0.401511,0.912375,0.270112,0.047958,-0.213750,1.172827,0.126386,-0.019472,-0.434227,-0.010577,0.082198,0.334673,0.075072,0.065241,-0.269913,0.034364,0.101013,-0.013865,0.519847,-0.438128,-0.710987,0.049029,-0.031709,0.286797,0.896229,-0.841217,0.293710,-0.076652,-0.360087,0.029574,-0.127047
0.470017,-1.113436,0.747714,-0.068989,0.045168,-0.399665,0.912945,0.254712,0.062449,-0.194454,1.257168,0.089071,-0.022590,-0.416659,-0.007780,0.072650,0.332895,0.078338,0.091277,-0.262223,0.042966,0.108546,0.003613,0.515088,-0.459774,-0.692483,0.055775,-0.028000,0.285746,0.873496,-0.832155,0.300778,-0.057824,-0.358998,0.030438,-0.132520
0.478243,-1.127590,0.743043,-0.074350,0.042955,-0.398151,0.913292,0.237198,0.081569,-0.173691,1.343112,0.055997,-0.018774,-0.399913,-0.001240,0.069043,0.344617,0.062387,0.119814,-0.253050,0.052181,0.117603,0.019878,0.510476,-0.480555,-0.669444,0.064684,-0.025108,0.282944,0.844750,-0.823956,0.311244,-0.035672,-0.355123,0.030182,-0.137520
0.486096,-1.141463,0.737972,-0.080431,0.040390,-0.397047,0.913375,0.218117,0.106636,-0.151031,1.431468,0.029934,-0.005667,-0.384551,0.010080,0.074572,0.375515,0.017319,0.155566,-0.242432,0.061992,0.128361,0.034975,0.506079,-0.500134,-0.642221,0.076222,-0.023270,0.276918,0.809859,-0.816658,0.325058,-0.010156,-0.346368,0.028730,-0.141183
0.494121,-1.155294,0.731854,-0.087496,0.037800,-0.396408,0.913113,0.198181,0.138886,-0.126541,1.522545,0.007223,0.014688,-0.371958,0.026204,0.083136,0.425314,-0.051286,0.197109,-0.230475,0.073391,0.140594,0.049383,0.501900,-0.518733,-0.611112,0.089618,-0.022393,0.268877,0.768837,-0.810133,0.342434,0.018853,-0.334163,0.026560,-0.144190
0.502422,-1.169209,0.724912,-0.095658,0.035539,-0.396136,0.912504,0.177412,0.176614,-0.103438,1.613701,-0.016160,0.038799,-0.362140,0.046474,0.087910,0.485188,-0.128771,0.233996,-0.217654,0.087093,0.153990,0.064115,0.497855,-0.535838,-0.576209,0.104349,-0.022216,0.261417,0.721829,-0.804440,0.363324,0.050718,-0.321708,0.023439,-0.147981
0.510351,-1.182686,0.717955,-0.104849,0.033827,-0.396003,0.911616,0.155604,0.217078,-0.084799,1.702086,-0.043955,0.062791,-0.353378,0.069024,0.085113,0.543242,-0.198190,0.256744,-0.204838,0.103293,0.168255,0.080350,0.493859,-0.550771,-0.537656,0.119893,-0.022406,0.257068,0.668971,-0.799772,0.387727,0.084613,-0.312104,0.019135,-0.154023
0.518099,-1.195747,0.711018,-0.115705,0.033014,-0.396073,0.910301,0.132751,0.262806,-0.071218,1.789360,-0.078122,0.085692,-0.346157,0.095028,0.074585,0.598711,-0.255589,0.260376,-0.192266,0.123575,0.183662,0.098477,0.489807,-0.563240,-0.494298,0.136313,-0.023605,0.255985,0.609233,-0.796182,0.416402,0.121005,-0.305317,0.012916,-0.163704
0.525648,-1.208329,0.704094,-0.127944,0.032776,-0.396333,0.908557,0.109436,0.313506,-0.061766,1.876279,-0.116816,0.109216,-0.339976,0.124505,0.060347,0.655091,-0.308562,0.251280,-0.180179,0.147258,0.200252,0.118457,0.485694,-0.573119,-0.446868,0.153825,-0.025711,0.256973,0.543116,-0.793325,0.448980,0.159304,-0.299739,0.005150,-0.175950
0.533083,-1.220633,0.697592,-0.140054,0.032331,-0.396482,0.906720,0.085249,0.361293,-0.056720,1.958759,-0.157494,0.132656,-0.331373,0.153430,0.046340,0.706629,-0.357149,0.237458,-0.169116,0.170907,0.217447,0.140634,0.481670,-0.580181,-0.398309,0.172138,-0.027184,0.260534,0.473059,-0.790792,0.483678,0.197155,-0.296219,-0.002710,-0.188541
0.540623,-1.232948,0.691976,-0.150469,0.030914,-0.396247,0.905203,0.059048,0.398338,-0.055216,2.032706,-0.196987,0.155803,-0.317078,0.177732,0.035841,0.748112,-0.401526,0.226906,-0.159332,0.190979,0.234746,0.165167,0.477995,-0.584401,-0.351418,0.190926,-0.026452,0.267163,0.401496,-0.788286,0.518701,0.232310,-0.295737,-0.009190,-0.199226
0.548309,-1.244797,0.687104,-0.159371,0.028036,-0.395223,0.904220,0.029344,0.423894,-0.057484,2.098766,-0.234253,0.182166,-0.294752,0.197092,0.028408,0.777747,-0.441400,0.220776,-0.151578,0.206979,0.253940,0.192140,0.474640,-0.585653,-0.303899,0.213433,-0.021698,0.279880,0.326004,-0.785834,0.556475,0.267031,-0.299377,-0.014049,-0.208154
0.556448,-1.256034,0.682874,-0.167344,0.024238,-0.393654,0.903573,-0.004023,0.441351,-0.062470,2.158788,-0.270304,0.211091,-0.266522,0.213077,0.022920,0.798696,-0.476989,0.215268,-0.145548,0.220525,0.274892,0.221609,0.471601,-0.583861,-0.255465,0.238584,-0.013942,0.297304,0.246391,-0.783069,0.596802,0.300872,-0.306198,-0.017895,-0.216335
0.564944,-1.266751,0.679296,-0.173431,0.020311,-0.392257,0.903130,-0.040620,0.449591,-0.066398,2.210334,-0.304217,0.236634,-0.236096,0.224505,0.020729,0.813477,-0.509172,0.210960,-0.139185,0.231164,0.294027,0.253196,0.469330,-0.579666,-0.211862,0.259614,-0.006100,0.313565,0.168330,-0.779310,0.634004,0.328493,-0.314435,-0.020666,-0.222668
0.573820,-1.277107,0.676567,-0.176674,0.017055,-0.391746,0.902790,-0.080386,0.447086,-0.066836,2.250722,-0.334260,0.251379,-0.207306,0.230347,0.022736,0.824467,-0.538765,0.208301,-0.129934,0.238390,0.307531,0.286296,0.468622,-0.574134,-0.178889,0.269824,-0.001469,0.323163,0.097685,-0.774207,0.662282,0.345371,-0.322883,-0.022497,-0.225936
0.583111,-1.287194,0.674679,-0.176476,0.014790,-0.392220,0.902663,-0.125778,0.432617,-0.062158,2.279478,-0.359082,0.253384,-0.181695,0.229845,0.028406,0.832434,-0.566546,0.207593,-0.117078,0.241308,0.314113,0.322254,0.470171,-0.566480,-0.159496,0.264002,-0.001856,0.323643,0.034611,-0.768046,0.680174,0.350895,-0.335146,-0.023588,-0.223659
0.592809,-1.297367,0.673656,-0.173568,0.013092,-0.393312,0.902778,-0.177035,0.408072,-0.053237,2.297661,-0.378437,0.246748,-0.157143,0.223974,0.036585,0.835961,-0.591874,0.208366,-0.101632,0.240289,0.316030,0.361573,0.474221,-0.556416,-0.151262,0.246612,-0.005215,0.318395,-0.023982,-0.761348,0.691147,0.348050,-0.350937,-0.024063,-0.217127
0.602947,-1.307216,0.673312,-0.168954,0.011597,-0.395060,0.902911,-0.230528,0.377145,-0.041122,2.304691,-0.392684,0.233729,-0.131926,0.214432,0.047239,0.834105,-0.613366,0.209828,-0.083706,0.236783,0.314742,0.402381,0.480775,-0.545704,-0.151716,0.225594,-0.009197,0.310785,-0.078140,-0.754419,0.697763,0.338752,-0.362970,-0.023822,-0.210776
0.613388,-1.316949,0.673694,-0.163642,0.009923,-0.397517,0.902831,-0.282426,0.343253,-0.027470,2.300104,-0.402636,0.216380,-0.104338,0.202768,0.060525,0.826014,-0.629712,0.211276,-0.063104,0.232352,0.311540,0.442129,0.489702,-0.536517,-0.157627,0.209018,-0.011654,0.304375,-0.127308,-0.747465,0.701971,0.324673,-0.364144,-0.022539,-0.208987
0.624296,-1.326413,0.674807,-0.157415,0.008012,-0.401269,0.902297,-0.332998,0.302329,-0.013373,2.282675,-0.407721,0.190444,-0.074608,0.188431,0.077882,0.811371,-0.642257,0.212752,-0.038393,0.226903,0.305902,0.480304,0.501088,-0.529608,-0.169839,0.199258,-0.012013,0.299871,-0.171396,-0.740777,0.703659,0.304986,-0.348014,-0.019827,-0.214696
0.635906,-1.335901,0.676889,-0.150103,0.006019,-0.406153,0.901372,-0.383365,0.255394,0.000952,2.252667,-0.409403,0.156228,-0.043260,0.171097,0.098537,0.790496,-0.651051,0.214365,-0.010076,0.220062,0.297758,0.518490,0.514894,-0.523565,-0.189572,0.191933,-0.011444,0.295463,-0.211524,-0.734633,0.702684,0.279628,-0.319527,-0.016063,-0.225040
0.648051,-1.345413,0.679870,-0.142647,0.003924,-0.411099,0.900352,-0.430539,0.212619,0.015234,2.212125,-0.411161,0.122761,-0.009161,0.152194,0.119533,0.763474,-0.652899,0.215831,0.019071,0.212743,0.288664,0.556936,0.530590,-0.517396,-0.213523,0.185127,-0.010630,0.291033,-0.246859,-0.729034,0.699758,0.250183,-0.289850,-0.011858,-0.235706
0.660688,-1.355062,0.683646,-0.135774,0.001711,-0.414984,0.899639,-0.471396,0.182793,0.030280,2.163251,-0.415052,0.098904,0.028507,0.132718,0.137929,0.730745,-0.644846,0.217183,0.046284,0.205504,0.279854,0.595236,0.547319,-0.510373,-0.237692,0.177055,-0.010233,0.286449,-0.277003,-0.723759,0.695795,0.218792,-0.269944,-0.007446,-0.242289
0.673868,-1.364896,0.688283,-0.129362,-0.001028,-0.417781,0.899291,-0.503078,0.168591,0.048995,2.105085,-0.422537,0.086714,0.072102,0.111454,0.154322,0.689290,-0.626340,0.219457,0.071377,0.197877,0.271722,0.632531,0.564607,-0.502744,-0.260964,0.167080,-0.010621,0.281343,-0.301297,-0.718548,0.690217,0.185054,-0.263528,-0.002232,-0.243063
0.687688,-1.375072,0.693602,-0.122857,-0.004168,-0.419926,0.899195,-0.526625,0.163229,0.071291,2.036980,-0.432288,0.080829,0.119860,0.087586,0.169409,0.640363,-0.599148,0.222746,0.095360,0.189265,0.263338,0.668685,0.582336,-0.494904,-0.284487,0.156425,-0.011370,0.275825,-0.320450,-0.713379,0.683080,0.148521,-0.264633,0.003832,-0.240508
0.701798,-1.385332,0.699387,-0.116289,-0.006921,-0.420972,0.899562,-0.545072,0.160462,0.094004,1.961561,-0.441282,0.078711,0.166526,0.063019,0.180666,0.591154,-0.563841,0.225552,0.117193,0.179895,0.253872,0.704124,0.600064,-0.486372,-0.307422,0.146143,-0.011970,0.270503,-0.336139,-0.708364,0.676313,0.111404,-0.269600,0.009860,-0.236456
0.716408,-1.395587,0.705551,-0.109840,-0.008484,-0.420503,0.900578,-0.562004,0.155016,0.113106,1.881275,-0.446432,0.078446,0.207215,0.040252,0.186043,0.548877,-0.520947,0.225984,0.135729,0.170226,0.242516,0.739237,0.617047,-0.476596,-0.328789,0.137345,-0.011957,0.265980,-0.349979,-0.703639,0.671960,0.075903,-0.274775,0.014986,-0.232797
0.731278,-1.405966,0.711922,-0.103452,-0.008623,-0.418072,0.902463,-0.578586,0.146340,0.127956,1.796066,-0.446686,0.082435,0.241676,0.019485,0.183809,0.514809,-0.468640,0.223822,0.149815,0.160318,0.228760,0.773831,0.632660,-0.465544,-0.347547,0.129805,-0.011187,0.262297,-0.362378,-0.699241,0.671116,0.042645,-0.280010,0.018823,-0.230011
0.746473,-1.416473,0.718412,-0.097108,-0.007785,-0.413952,0.905071,-0.592542,0.136229,0.140657,1.704722,-0.444056,0.090405,0.272188,0.000227,0.175690,0.486167,-0.407698,0.219622,0.159832,0.150138,0.213159,0.807319,0.646612,-0.453598,-0.363748,0.123340,-0.009964,0.259106,-0.372930,-0.695121,0.672986,0.010719,-0.286901,0.021876,-0.227066
0.761663,-1.427041,0.724855,-0.091148,-0.006177,-0.408857,0.908014,-0.602860,0.124136,0.150484,1.607673,-0.439679,0.097381,0.297833,-0.016074,0.165093,0.463988,-0.342346,0.212726,0.167151,0.140260,0.196461,0.839347,0.658663,-0.440995,-0.378002,0.119118,-0.008515,0.256457,-0.381570,-0.691292,0.676493,-0.020252,-0.294487,0.024646,-0.223612
0.776994,-1.437477,0.731228,-0.085922,-0.003973,-0.403547,0.910907,-0.608825,0.110084,0.156215,1.504955,-0.434263,0.098569,0.317754,-0.028304,0.155392,0.448848,-0.276215,0.202928,0.173308,0.131256,0.179392,0.869598,0.668621,-0.428000,-0.390987,0.118302,-0.007080,0.254387,-0.388363,-0.687830,0.680603,-0.050574,-0.301724,0.027637,-0.219299
0.792593,-1.447780,0.737422,-0.081134,-0.000644,-0.397845,0.913858,-0.611812,0.092042,0.154567,1.393098,-0.426362,0.091055,0.330170,-0.036313,0.146555,0.440593,-0.206189,0.187983,0.178146,0.122782,0.160888,0.897602,0.676209,-0.414794,-0.402176,0.122547,-0.005574,0.252883,-0.393556,-0.684906,0.685516,-0.080170,-0.308565,0.031524,-0.213538
0.807943,-1.458191,0.743270,-0.076811,0.003754,-0.391534,0.916945,-0.611379,0.071592,0.146526,1.272299,-0.415731,0.078622,0.335907,-0.041224,0.136992,0.438720,-0.130529,0.170247,0.181162,0.115076,0.140885,0.923229,0.681311,-0.401577,-0.411152,0.130894,-0.003938,0.251874,-0.397046,-0.682603,0.691670,-0.109105,-0.315516,0.035845,-0.206637
0.823466,-1.468754,0.748833,-0.073635,0.008141,-0.385362,0.919787,-0.604929,0.054094,0.137604,1.148149,-0.404361,0.066383,0.338679,-0.043592,0.128216,0.441854,-0.054798,0.155908,0.183552,0.109211,0.121625,0.946850,0.684192,-0.388536,-0.418984,0.140539,-0.002421,0.251357,-0.398656,-0.680829,0.698436,-0.137666,-0.322170,0.039406,-0.199606
0.838944,-1.479478,0.753876,-0.072196,0.011413,-0.380044,0.922076,-0.590695,0.044052,0.133940,1.026415,-0.394204,0.058834,0.342569,-0.043275,0.122141,0.448412,0.014640,0.149695,0.186513,0.105907,0.105420,0.969094,0.685429,-0.375693,-0.427026,0.148605,-0.001272,0.251383,-0.397848,-0.679381,0.704943,-0.166325,-0.328247,0.041025,-0.193485
0.854459,-1.490297,0.758344,-0.072881,0.013281,-0.375849,0.923715,-0.567214,0.043649,0.138463,0.905036,-0.385899,0.059429,0.349978,-0.039055,0.120956,0.455273,0.076311,0.154237,0.190948,0.105388,0.092884,0.990324,0.685576,-0.362753,-0.436026,0.154953,-0.000552,0.252149,-0.393851,-0.678175,0.710634,-0.195648,-0.334291,0.039867,-0.188398
0.869963,-1.501383,0.762237,-0.075210,0.014332,-0.372403,0.924908,-0.536455,0.049083,0.148562,0.781302,-0.377814,0.063991,0.358617,-0.030980,0.123964,0.463612,0.133709,0.165744,0.196283,0.106901,0.082759,1.010831,0.684918,-0.349407,-0.445929,0.160724,-0.000137,0.253603,-0.387079,-0.677128,0.715904,-0.225246,-0.340275,0.036737,-0.183867
0.885332,-1.512612,0.765361,-0.078567,0.014802,-0.369437,0.925810,-0.502198,0.056026,0.161834,0.660579,-0.368525,0.065856,0.365566,-0.020604,0.128474,0.478464,0.187637,0.178414,0.201602,0.109823,0.074565,1.030430,0.683509,-0.336225,-0.456385,0.165019,0.000095,0.255543,-0.378826,-0.676177,0.721234,-0.253957,-0.344992,0.032895,-0.180015
0.900661,-1.523952,0.767632,-0.082426,0.014917,-0.366711,0.926556,-0.467916,0.061362,0.174958,0.548208,-0.356357,0.059427,0.368125,-0.009379,0.131309,0.504218,0.239107,0.186566,0.206132,0.113881,0.067823,1.048517,0.681378,-0.324138,-0.466692,0.166942,0.000269,0.257847,-0.370382,-0.675347,0.727027,-0.280599,-0.347177,0.029639,-0.176920
0.916040,-1.535209,0.769064,-0.087555,0.014686,-0.364536,0.926948,-0.432489,0.067165,0.187952,0.442307,-0.339464,0.041698,0.365114,0.004872,0.133029,0.544008,0.289268,0.184940,0.210156,0.120659,0.062579,1.066112,0.678479,-0.312871,-0.477536,0.165378,0.000450,0.260654,-0.361896,-0.674637,0.733786,-0.305000,-0.345700,0.027135,-0.174982
0.931515,-1.546066,0.769686,-0.094418,0.014032,-0.362967,0.926900,-0.394320,0.075598,0.201686,0.339962,-0.318734,0.016870,0.358619,0.022543,0.134036,0.594104,0.337930,0.176980,0.214043,0.130851,0.059059,1.083229,0.674812,-0.302183,-0.489088,0.161121,0.000548,0.263992,-0.352666,-0.674030,0.741188,-0.327774,-0.341561,0.024783,-0.174017
0.946818,-1.556496,0.769471,-0.102039,0.013082,-0.361355,0.926736,-0.356393,0.084433,0.213457,0.246037,-0.297186,-0.009254,0.350548,0.039649,0.131134,0.649024,0.383656,0.170353,0.216893,0.142679,0.057117,1.098255,0.670440,-0.292631,-0.500214,0.156187,0.000440,0.267472,-0.343122,-0.673517,0.748631,-0.348679,-0.336522,0.022727,-0.173219
0.961492,-1.566667,0.768470,-0.108814,0.011914,-0.358922,0.926927,-0.321688,0.090163,0.220698,0.165090,-0.277375,-0.030818,0.342063,0.051460,0.121719,0.704754,0.423960,0.173502,0.217519,0.153135,0.056588,1.109234,0.665481,-0.284865,-0.509413,0.152567,0.000011,0.270714,-0.333595,-0.673061,0.755501,-0.367571,-0.332454,0.021104,-0.171820
0.975953,-1.576610,0.766846,-0.114404,0.010714,-0.355348,0.927645,-0.307788,0.095383,0.218888,0.132912,-0.281180,-0.048904,0.333155,0.057070,0.103874,0.762333,0.458108,0.193834,0.215125,0.161497,0.057208,1.116061,0.660012,-0.278975,-0.516474,0.150278,-0.000816,0.273896,-0.324294,-0.672578,0.761792,-0.384598,-0.329146,0.020107,-0.169431
0.990372,-1.586338,0.764590,-0.118889,0.009308,-0.350841,0.928811,-0.305837,0.098697,0.210702,0.131136,-0.298025,-0.065273,0.322207,0.057588,0.079515,0.825979,0.485740,0.225614,0.209965,0.167815,0.059182,1.119250,0.654074,-0.274733,-0.521713,0.148392,-0.001966,0.277151,-0.315087,-0.672006,0.767781,-0.399660,-0.325853,0.019597,-0.166564
1.004890,-1.595962,0.761832,-0.121324,0.007462,-0.345349,0.930569,-0.301349,0.095667,0.202036,0.130472,-0.306564,-0.075661,0.308134,0.049291,0.048813,0.895389,0.505489,0.254776,0.202388,0.170014,0.062728,1.117356,0.647755,-0.272379,-0.524214,0.147439,-0.003309,0.280001,-0.305647,-0.671256,0.773166,-0.412193,-0.323728,0.019180,-0.163849
1.019045,-1.605725,0.758691,-0.120372,0.004715,-0.339019,0.933035,-0.293091,0.084190,0.198163,0.130682,-0.300677,-0.075943,0.290599,0.025864,0.011236,0.969831,0.516069,0.261800,0.193184,0.165270,0.068226,1.109140,0.641180,-0.272148,-0.523207,0.147945,-0.004703,0.281999,-0.295607,-0.670259,0.777579,-0.421676,-0.323873,0.018461,-0.161870
1.032800,-1.614697,0.755548,-0.114137,0.000294,-0.331853,0.936401,-0.279328,0.059091,0.203398,0.131341,-0.272699,-0.063380,0.270947,-0.009940,-0.020256,1.050215,0.515383,0.261800,0.182673,0.149572,0.076659,1.093986,0.634389,-0.274046,-0.518555,0.151227,-0.005799,0.282333,-0.284760,-0.669007,0.780802,-0.428712,-0.327380,0.017209,-0.160723
1.046379,-1.623335,0.752162,-0.103982,-0.005505,-0.323915,0.940338,-0.264623,0.023311,0.214212,0.139372,-0.230904,-0.042019,0.251091,-0.054287,-0.046179,1.134836,0.505490,0.261800,0.171034,0.125717,0.087527,1.073113,0.627398,-0.277748,-0.510955,0.156583,-0.006771,0.281505,-0.273285,-0.667496,0.783020,-0.433346,-0.333360,0.015677,-0.160080
1.060178,-1.631956,0.748114,-0.092538,-0.012079,-0.315523,0.944318,-0.277917,-0.010128,0.225814,0.213377,-0.218814,-0.016829,0.232266,-0.100541,-0.066228,1.219953,0.490543,0.261800,0.158825,0.099225,0.099743,1.048516,0.620338,-0.282849,-0.501541,0.161506,-0.008234,0.281041,-0.261675,-0.665735,0.784572,-0.434113,-0.339801,0.014219,-0.159834
1.074093,-1.640695,0.743121,-0.082167,-0.018744,-0.306916,0.947998,-0.289651,-0.041720,0.233899,0.286071,-0.213870,0.008939,0.214542,-0.143004,-0.080721,1.302622,0.474267,0.261800,0.146294,0.075090,0.112121,1.021859,0.613412,-0.289052,-0.491139,0.163457,-0.010786,0.282475,-0.250404,-0.663733,0.785744,-0.429517,-0.344713,0.013182,-0.159893
1.088063,-1.649139,0.737448,-0.072941,-0.025298,-0.298100,0.951407,-0.305253,-0.070166,0.235571,0.369554,-0.223895,0.034761,0.197516,-0.187456,-0.094563,1.384328,0.455280,0.251209,0.133196,0.053448,0.124038,0.993821,0.606760,-0.296393,-0.479722,0.161424,-0.015323,0.286831,-0.240347,-0.661692,0.787449,-0.419459,-0.346340,0.012516,-0.160827
1.101629,-1.657317,0.731171,-0.064001,-0.032034,-0.288959,0.954663,-0.324570,-0.097411,0.233565,0.465857,-0.243759,0.063012,0.180917,-0.231962,-0.104091,1.465901,0.432315,0.236924,0.119681,0.032429,0.136087,0.963447,0.600359,-0.304943,-0.467002,0.156822,-0.021288,0.293097,-0.230768,-0.659680,0.789084,-0.404843,-0.346172,0.012097,-0.162517
1.114770,-1.665319,0.724659,-0.055749,-0.039016,-0.279448,0.957747,-0.341458,-0.123557,0.229515,0.561454,-0.268042,0.095173,0.164809,-0.272868,-0.109367,1.544439,0.408467,0.220457,0.106201,0.012681,0.148942,0.929561,0.594196,-0.314558,-0.453180,0.150704,-0.027086,0.299753,-0.219831,-0.657351,0.788592,-0.385544,-0.347020,0.012144,-0.163847
1.127775,-1.673443,0.718538,-0.048809,-0.046204,-0.269593,0.960626,-0.350703,-0.148336,0.224931,0.644263,-0.291809,0.132154,0.149283,-0.309748,-0.113545,1.617072,0.386819,0.198661,0.093259,-0.004692,0.163143,0.891092,0.588279,-0.325062,-0.438501,0.144042,-0.031100,0.305344,-0.205833,-0.654087,0.784014,-0.361040,-0.351735,0.012861,-0.163648
1.140733,-1.681647,0.713062,-0.043491,-0.053968,-0.258840,0.963430,-0.351677,-0.172549,0.219147,0.714186,-0.314386,0.179523,0.135215,-0.344507,-0.119025,1.683515,0.370492,0.166419,0.080296,-0.019104,0.180045,0.845699,0.582694,-0.337632,-0.421152,0.135311,-0.032089,0.310387,-0.187484,-0.649172,0.774207,-0.330948,-0.362619,0.015018,-0.160327
1.153696,-1.689692,0.708093,-0.038865,-0.062332,-0.247242,0.966166,-0.346809,-0.198321,0.211764,0.775997,-0.337129,0.235280,0.121525,-0.375606,-0.121566,1.745608,0.356724,0.129791,0.067152,-0.032563,0.198951,0.794834,0.577387,-0.351838,-0.401825,0.124378,-0.031165,0.315514,-0.166203,-0.642352,0.760508,-0.294948,-0.377735,0.018166,-0.154791
1.165998,-1.698312,0.703303,-0.036039,-0.070177,-0.236745,0.968364,-0.337660,-0.218403,0.201298,0.832157,-0.362496,0.261800,0.105680,-0.403024,-0.122433,1.803177,0.339906,0.088711,0.056295,-0.042993,0.217137,0.743020,0.572038,-0.365023,-0.384284,0.114379,-0.030267,0.319324,-0.144392,-0.633721,0.744887,-0.252773,-0.393564,0.020764,-0.149726
1.178199,-1.707262,0.698784,-0.034291,-0.076675,-0.228205,0.969983,-0.324723,-0.233411,0.189644,0.880129,-0.391032,0.261800,0.085668,-0.429742,-0.121976,1.856588,0.313738,0.045999,0.047930,-0.051658,0.231905,0.694894,0.566307,-0.374499,-0.372294,0.108674,-0.031286,0.320242,-0.124568,-0.623665,0.729560,-0.204199,-0.406593,0.021362,-0.147919
1.190922,-1.716084,0.694457,-0.032221,-0.081937,-0.221583,0.971159,-0.306335,-0.247494,0.180957,0.916154,-0.424686,0.261800,0.060475,-0.457251,-0.118016,1.907042,0.276465,0.005779,0.041628,-0.061287,0.242838,0.652581,0.559621,-0.378733,-0.367669,0.110916,-0.035145,0.316511,-0.107594,-0.612282,0.715184,-0.145592,-0.413257,0.019393,-0.151064
1.204108,-1.724518,0.690423,-0.030318,-0.086323,-0.216330,0.972024,-0.282895,-0.259633,0.173874,0.942944,-0.463499,0.261800,0.030822,-0.483934,-0.111084,1.954204,0.231379,-0.033902,0.036377,-0.070765,0.251261,0.613345,0.551835,-0.379134,-0.367763,0.118643,-0.040762,0.309247,-0.092498,-0.599515,0.701285,-0.078152,-0.416312,0.015759,-0.157429
1.217380,-1.732824,0.686895,-0.028745,-0.089745,-0.211380,0.972850,-0.256943,-0.270434,0.165889,0.962895,-0.502446,0.261800,-0.001767,-0.510593,-0.104745,1.996368,0.179439,-0.075892,0.029902,-0.079350,0.257043,0.574333,0.543666,-0.377852,-0.369733,0.126041,-0.046922,0.301196,-0.078513,-0.585879,0.687739,-0.009280,-0.421627,0.011313,-0.164727
1.230664,-1.740923,0.684053,-0.027689,-0.092106,-0.205663,0.973885,-0.230898,-0.280467,0.154480,0.978144,-0.536253,0.261800,-0.035579,-0.537305,-0.102700,2.031839,0.121651,-0.122309,0.020401,-0.086313,0.260100,0.532831,0.536413,-0.377173,-0.371247,0.127148,-0.052271,0.295103,-0.064276,-0.572352,0.673789,0.053056,-0.434990,0.006979,-0.170810
1.244021,-1.748828,0.681992,-0.027076,-0.093256,-0.199171,0.975142,-0.205041,-0.289847,0.139399,0.988306,-0.564202,0.261800,-0.071307,-0.562111,-0.105454,2.060897,0.055277,-0.173442,0.008471,-0.091341,0.260307,0.486596,0.531344,-0.378979,-0.372429,0.117109,-0.056718,0.292078,-0.048596,-0.559652,0.657454,0.108272,-0.462665,0.002431,-0.175834
1.257326,-1.756527,0.680890,-0.027053,-0.093177,-0.192562,0.976476,-0.178453,-0.297236,0.121877,0.993050,-0.589274,0.261800,-0.110153,-0.580304,-0.110499,2.084028,-0.018010,-0.223697,-0.003857,-0.094306,0.257883,0.437463,0.528872,-0.382389,-0.375168,0.099792,-0.060799,0.290762,-0.030572,-0.548209,0.638127,0.158319,-0.499906,-0.002501,-0.180908
1.270332,-1.763990,0.680400,-0.027967,-0.092060,-0.185651,0.977894,-0.151461,-0.301781,0.101851,0.994092,-0.611431,0.261800,-0.150906,-0.586821,-0.115525,2.099540,-0.090474,-0.261800,-0.016488,-0.094995,0.253443,0.388761,0.528862,-0.385600,-0.379722,0.082400,-0.064077,0.290065,-0.009240,-0.538634,0.617172,0.198761,-0.535871,-0.006713,-0.185314
1.283300,-1.771365,0.680503,-0.030012,-0.090188,-0.178112,0.979409,-0.124152,-0.303294,0.079285,0.992882,-0.630485,0.261800,-0.192937,-0.572162,-0.112422,2.105618,-0.153933,-0.261800,-0.029808,-0.093328,0.247747,0.343594,0.530827,-0.386802,-0.385880,0.072288,-0.066163,0.288839,0.016052,-0.531633,0.596263,0.225225,-0.559636,-0.009259,-0.188133
1.296620,-1.778516,0.681312,-0.033790,-0.087383,-0.169454,0.981075,-0.096926,-0.300721,0.052484,0.990290,-0.647344,0.261800,-0.232487,-0.558883,-0.117809,2.102042,-0.210941,-0.261800,-0.044863,-0.088300,0.241011,0.300776,0.534540,-0.386138,-0.392303,0.073760,-0.066776,0.286196,0.046820,-0.527862,0.574600,0.233124,-0.567550,-0.009776,-0.188249
1.310331,-1.785409,0.682784,-0.037092,-0.084305,-0.158862,0.982995,-0.067742,-0.299617,0.021614,0.981938,-0.659309,0.261800,-0.269211,-0.548944,-0.128799,2.089855,-0.265531,-0.261800,-0.062799,-0.084348,0.233928,0.258570,0.540082,-0.385102,-0.399164,0.082207,-0.066264,0.282802,0.083531,-0.527519,0.551134,0.224234,-0.565455,-0.008880,-0.186185
1.324281,-1.792162,0.684815,-0.040062,-0.080994,-0.147766,0.984886,-0.037301,-0.298010,-0.010196,0.969040,-0.666020,0.261800,-0.304236,-0.540212,-0.142238,2.069476,-0.314611,-0.261800,-0.081255,-0.081180,0.226803,0.219248,0.547152,-0.383747,-0.408314,0.091625,-0.065138,0.279919,0.124486,-0.530351,0.527505,0.204661,-0.556683,-0.007200,-0.183476
1.338582,-1.798829,0.687503,-0.043330,-0.077285,-0.138098,0.986447,-0.007058,-0.292644,-0.038952,0.953424,-0.667668,0.261800,-0.339409,-0.528737,-0.155072,2.041198,-0.354728,-0.261800,-0.097601,-0.077410,0.219381,0.185909,0.555153,-0.381182,-0.421851,0.096116,-0.063861,0.278764,0.166590,-0.535728,0.506334,0.181979,-0.544566,-0.005361,-0.181793
1.353008,-1.805407,0.690747,-0.046610,-0.073276,-0.130117,0.987688,0.023758,-0.284122,-0.064433,0.933302,-0.664029,0.261800,-0.374840,-0.514820,-0.166856,2.004560,-0.385628,-0.261800,-0.112125,-0.073846,0.211277,0.160169,0.563726,-0.376072,-0.440764,0.094501,-0.061982,0.280132,0.207824,-0.543322,0.490025,0.157947,-0.525617,-0.003185,-0.182275
1.367545,-1.811954,0.694563,-0.050134,-0.068859,-0.123240,0.988715,0.054807,-0.272632,-0.087791,0.909319,-0.655713,0.261800,-0.409511,-0.498447,-0.179394,1.959337,-0.408987,-0.261800,-0.125978,-0.069830,0.202356,0.140695,0.572780,-0.368411,-0.463787,0.089963,-0.059460,0.283099,0.248811,-0.552976,0.477454,0.130293,-0.499563,-0.000473,-0.183927
1.382394,-1.818427,0.698870,-0.053940,-0.064072,-0.117397,0.989547,0.084584,-0.258283,-0.107426,0.884074,-0.642435,0.261800,-0.443257,-0.477138,-0.190582,1.906288,-0.424389,-0.261800,-0.139137,-0.064845,0.192860,0.126448,0.582093,-0.358986,-0.489725,0.083226,-0.057320,0.286350,0.289822,-0.564127,0.466261,0.101240,-0.474639,0.002217,-0.185206
1.397660,-1.824812,0.703562,-0.058078,-0.058967,-0.112465,0.990203,0.111675,-0.241250,-0.121951,0.860206,-0.623848,0.261800,-0.475809,-0.448940,-0.198257,1.846208,-0.431598,-0.261800,-0.151623,-0.058422,0.183019,0.116267,0.591347,-0.348705,-0.517105,0.075053,-0.056561,0.288555,0.331038,-0.575878,0.454148,0.073224,-0.459154,0.004417,-0.184516
1.413049,-1.831138,0.708527,-0.062536,-0.053568,-0.108684,0.990660,0.136676,-0.221424,-0.130398,0.836815,-0.598882,0.261800,-0.507964,-0.411807,-0.199746,1.778931,-0.429640,-0.261800,-0.163324,-0.050653,0.172608,0.110527,0.600316,-0.337066,-0.545665,0.063917,-0.057944,0.289239,0.371358,-0.587678,0.441524,0.047761,-0.457605,0.006292,-0.181118
1.428737,-1.837264,0.713729,-0.067174,-0.047956,-0.105877,0.990948,0.160342,-0.199476,-0.133873,0.813047,-0.567970,0.261800,-0.538402,-0.367910,-0.195912,1.704166,-0.419752,-0.261800,-0.174446,-0.042121,0.161566,0.109410,0.608946,-0.323791,-0.575586,0.050112,-0.060737,0.289093,0.410340,-0.599395,0.429479,0.024425,-0.465084,0.007969,-0.175940
1.444617,-1.843364,0.719077,-0.071860,-0.042269,-0.103237,0.991157,0.181665,-0.176677,-0.134398,0.791398,-0.532810,0.261800,-0.563911,-0.321786,-0.190081,1.622363,-0.405172,-0.261800,-0.185561,-0.033062,0.150376,0.111369,0.617193,-0.310281,-0.606027,0.037129,-0.063688,0.288565,0.449101,-0.610668,0.416801,0.002774,-0.475667,0.008953,-0.169863
1.460688,-1.849455,0.724459,-0.076510,-0.036607,-0.099994,0.991366,0.199640,-0.154079,-0.134051,0.774149,-0.494965,0.261800,-0.582213,-0.277683,-0.185140,1.533602,-0.388545,-0.261800,-0.196952,-0.023538,0.139443,0.114309,0.624974,-0.298478,-0.635789,0.028484,-0.065537,0.288213,0.489131,-0.620906,0.401985,-0.017819,-0.483430,0.008790,-0.163754
1.476949,-1.855409,0.729786,-0.079870,-0.031095,-0.095204,0.991761,0.214932,-0.134709,-0.134793,0.759027,-0.451367,0.261800,-0.593855,-0.238137,-0.178528,1.437745,-0.369293,-0.261800,-0.210279,-0.016074,0.128346,0.117630,0.632228,-0.288914,-0.664114,0.026459,-0.065725,0.288145,0.530766,-0.629457,0.384473,-0.036738,-0.488092,0.007228,-0.157437
1.493486,-1.861139,0.734970,-0.082645,-0.025508,-0.089726,0.992204,0.227608,-0.116618,-0.134930,0.746074,-0.402592,0.261800,-0.600358,-0.197547,-0.161826,1.334368,-0.346313,-0.233047,-0.224038,-0.008917,0.116746,0.121767,0.638918,-0.281128,-0.691157,0.028801,-0.064960,0.288099,0.572939,-0.636023,0.365190,-0.053313,-0.492512,0.004508,-0.150572
1.510280,-1.866721,0.739841,-0.084832,-0.020175,-0.083482,0.992687,0.238171,-0.099861,-0.134530,0.736730,-0.351932,0.261800,-0.600331,-0.161039,-0.141765,1.225712,-0.323880,-0.198473,-0.238030,-0.002556,0.105210,0.126226,0.645057,-0.275546,-0.717015,0.032247,-0.063910,0.288036,0.615387,-0.640654,0.344762,-0.068445,-0.495595,0.001023,-0.143775
1.527157,-1.872089,0.744195,-0.085839,-0.015548,-0.076054,0.993280,0.247846,-0.085926,-0.133872,0.730909,-0.301624,0.261800,-0.593218,-0.132366,-0.120028,1.114167,-0.305691,-0.163729,-0.252524,0.001460,0.094196,0.130378,0.650648,-0.272737,-0.741809,0.033530,-0.063252,0.287957,0.658097,-0.643624,0.323597,-0.083335,-0.496078,-0.002822,-0.137641
1.544220,-1.877207,0.748093,-0.085541,-0.011584,-0.067248,0.993995,0.257233,-0.076199,-0.135393,0.726516,-0.250942,0.261800,-0.578619,-0.112352,-0.097107,0.996717,-0.291918,-0.129522,-0.268025,0.003021,0.083331,0.134572,0.655651,-0.273022,-0.765709,0.032220,-0.062713,0.288308,0.701839,-0.645049,0.301263,-0.098675,-0.492368,-0.006922,-0.131875
1.561543,-1.882104,0.751486,-0.084205,-0.008060,-0.057333,0.994765,0.265827,-0.069099,-0.137352,0.723612,-0.198849,0.261800,-0.557129,-0.099527,-0.073394,0.872195,-0.279907,-0.094670,-0.284288,0.002851,0.072405,0.138988,0.660061,-0.276060,-0.788666,0.029940,-0.062091,0.288911,0.746377,-0.644856,0.277769,-0.113926,-0.485417,-0.011441,-0.126284
1.578958,-1.887187,0.754269,-0.083784,-0.004921,-0.046571,0.995383,0.271591,-0.057000,-0.138430,0.729121,-0.149491,0.236789,-0.528287,-0.089386,-0.053554,0.741980,-0.266933,-0.059024,-0.300575,0.004330,0.062963,0.142829,0.663959,-0.281351,-0.810495,0.026460,-0.062168,0.288862,0.790631,-0.643115,0.254012,-0.128853,-0.478023,-0.016393,-0.121639
1.596339,-1.892274,0.756260,-0.083157,-0.002548,-0.035115,0.995914,0.274435,-0.041069,-0.132574,0.745781,-0.103470,0.200807,-0.493771,-0.083544,-0.036217,0.611574,-0.252370,-0.020521,-0.316326,0.005019,0.055384,0.145503,0.667494,-0.288208,-0.831217,0.021510,-0.063716,0.287233,0.833807,-0.640003,0.230862,-0.143517,-0.473105,-0.021808,-0.118748
1.613671,-1.897347,0.757307,-0.080373,-0.001370,-0.022307,0.996514,0.275049,-0.023810,-0.115409,0.773957,-0.055981,0.161371,-0.451268,-0.086355,-0.018796,0.475890,-0.235164,0.024856,-0.332562,0.000992,0.048935,0.146689,0.670968,-0.296632,-0.851221,0.013921,-0.066902,0.283395,0.877995,-0.635661,0.207205,-0.159375,-0.471648,-0.027961,-0.118066
1.631015,-1.902455,0.757421,-0.074924,-0.001492,-0.007957,0.997156,0.273739,-0.007493,-0.091120,0.813183,-0.007488,0.120013,-0.398681,-0.099450,-0.002354,0.329344,-0.213544,0.075964,-0.349942,-0.008915,0.043215,0.147419,0.674543,-0.306536,-0.871008,0.004091,-0.071273,0.277947,0.923311,-0.630052,0.183028,-0.176637,-0.472011,-0.034742,-0.119129
1.648128,-1.907478,0.756448,-0.066843,-0.002818,0.007073,0.997734,0.270486,0.006807,-0.062819,0.863070,0.034415,0.088340,-0.338688,-0.122262,0.010057,0.178916,-0.186798,0.127782,-0.367161,-0.024986,0.038546,0.149122,0.678198,-0.317143,-0.890879,-0.005837,-0.076676,0.271680,0.965968,-0.623366,0.160757,-0.193298,-0.473244,-0.041610,-0.121354
1.664899,-1.912444,0.754679,-0.058277,-0.004615,0.021173,0.998065,0.264388,0.022999,-0.032016,0.922952,0.060988,0.076009,-0.319079,-0.147065,0.021042,0.124256,-0.202655,0.174133,-0.381471,-0.042905,0.035791,0.152648,0.681685,-0.327933,-0.910629,-0.013707,-0.083037,0.265486,1.001251,-0.616199,0.142916,-0.206287,-0.474323,-0.048055,-0.124132
1.681186,-1.917465,0.752349,-0.051275,-0.006185,0.033854,0.998091,0.254125,0.049189,0.005376,0.995930,0.064766,0.088647,-0.320388,-0.167693,0.029155,0.121374,-0.241018,0.213039,-0.394156,-0.058131,0.034966,0.160044,0.683613,-0.336261,-0.931011,-0.018761,-0.090810,0.258530,1.025828,-0.611850,0.131901,-0.212991,-0.474361,-0.053798,-0.128347
1.697256,-1.922691,0.749577,-0.046449,-0.007643,0.045311,0.997863,0.241173,0.088261,0.048752,1.081933,0.049247,0.119638,-0.318875,-0.183592,0.031469,0.119541,-0.276062,0.247384,-0.402954,-0.069253,0.037011,0.167993,0.685106,-0.345437,-0.951287,-0.022466,-0.100001,0.251400,1.045125,-0.607954,0.123082,-0.216779,-0.474473,-0.059672,-0.133297
1.713169,-1.927926,0.746227,-0.045008,-0.009001,0.054520,0.997457,0.227273,0.137139,0.090029,1.174823,0.023138,0.157840,-0.314124,-0.189461,0.029679,0.117531,-0.298553,0.261800,-0.405792,-0.074101,0.043060,0.176036,0.686221,-0.356090,-0.969816,-0.025021,-0.109771,0.244774,1.057054,-0.604307,0.117004,-0.216455,-0.474595,-0.065176,-0.138177
1.728749,-1.932935,0.742322,-0.047846,-0.010621,0.060263,0.996979,0.213857,0.190709,0.123137,1.268120,-0.002788,0.192226,-0.307181,-0.183117,0.023716,0.118019,-0.301160,0.261800,-0.399363,-0.071087,0.054441,0.181034,0.687008,-0.370676,-0.982899,-0.026782,-0.119253,0.239834,1.062025,-0.600506,0.113620,-0.212876,-0.474512,-0.069618,-0.142356
1.743660,-1.937657,0.738436,-0.054694,-0.011656,0.062271,0.996491,0.198166,0.247581,0.148845,1.362400,-0.025939,0.223413,-0.297914,-0.168083,0.004411,0.118180,-0.272434,0.261800,-0.385488,-0.059831,0.069310,0.186056,0.686718,-0.386810,-0.992786,-0.026834,-0.128819,0.236226,1.053775,-0.598116,0.115977,-0.202051,-0.473797,-0.071933,-0.145073
1.757741,-1.942444,0.734935,-0.065628,-0.012133,0.061111,0.995897,0.180295,0.309833,0.168586,1.460505,-0.051687,0.254455,-0.286650,-0.144366,-0.027873,0.118175,-0.219218,0.261800,-0.366241,-0.039642,0.087438,0.193118,0.685440,-0.402231,-1.001384,-0.025572,-0.138861,0.233250,1.033831,-0.598096,0.123106,-0.185401,-0.472364,-0.072697,-0.146881
1.771137,-1.947130,0.730843,-0.079815,-0.013041,0.057426,0.995069,0.161921,0.365638,0.172914,1.557837,-0.077540,0.261800,-0.273067,-0.112911,-0.062841,0.117621,-0.157767,0.261800,-0.342069,-0.012738,0.108711,0.200998,0.683536,-0.417813,-1.005669,-0.024021,-0.148285,0.230586,1.005368,-0.600007,0.133889,-0.163599,-0.470280,-0.073439,-0.149999
1.784574,-1.951515,0.725454,-0.095370,-0.015598,0.052374,0.993941,0.146433,0.412580,0.167888,1.649877,-0.101060,0.261800,-0.257275,-0.076774,-0.088085,0.118745,-0.106149,0.261800,-0.314889,0.016315,0.132058,0.206245,0.680179,-0.435959,-0.999028,-0.022614,-0.155763,0.228223,0.968190,-0.604735,0.150891,-0.133743,-0.466644,-0.075015,-0.157765
1.797618,-1.955472,0.719389,-0.112730,-0.020820,0.045675,0.992357,0.136947,0.452760,0.156913,1.737165,-0.121713,0.261800,-0.237999,-0.032719,-0.097618,0.122085,-0.064556,0.261800,-0.286983,0.049022,0.159048,0.210458,0.672350,-0.454812,-0.980640,-0.022157,-0.161104,0.224770,0.920625,-0.616426,0.176676,-0.094784,-0.461108,-0.078929,-0.173863
1.810161,-1.958869,0.713053,-0.131036,-0.028192,0.037415,0.990270,0.132379,0.485201,0.141727,1.821385,-0.140573,0.261800,-0.259122,0.014715,-0.096719,0.219817,-0.073483,0.261800,-0.257859,0.085243,0.190503,0.219172,0.663101,-0.470714,-0.959490,-0.022962,-0.165193,0.219899,0.867587,-0.631707,0.206047,-0.053315,-0.455353,-0.085238,-0.194070
1.823333,-1.961876,0.707371,-0.146452,-0.036628,0.029427,0.988101,0.129434,0.502697,0.124678,1.900269,-0.158462,0.261800,-0.292283,0.058611,-0.093740,0.347943,-0.104395,0.261800,-0.231007,0.116579,0.220949,0.230466,0.652815,-0.484806,-0.931372,-0.022695,-0.167633,0.215536,0.808332,-0.649971,0.242089,-0.008734,-0.445996,-0.090099,-0.213744
1.836762,-1.964744,0.702338,-0.157701,-0.044692,0.023057,0.986206,0.122970,0.503801,0.106791,1.972233,-0.176157,0.261800,-0.312722,0.093878,-0.092764,0.450074,-0.133709,0.261800,-0.208375,0.140309,0.247027,0.244037,0.641730,-0.496802,-0.894503,-0.019473,-0.168290,0.213079,0.744277,-0.669930,0.284312,0.036812,-0.430136,-0.090279,-0.227296
1.849909,-1.967168,0.697665,-0.165660,-0.052226,0.018042,0.984634,0.110887,0.483751,0.084378,2.037528,-0.192800,0.255387,-0.321033,0.118587,-0.091923,0.529646,-0.166864,0.261800,-0.188956,0.157833,0.269542,0.259883,0.629500,-0.507249,-0.845217,-0.012624,-0.166832,0.212285,0.673121,-0.690347,0.334141,0.084766,-0.401184,-0.084161,-0.233673
1.862966,-1.969030,0.693157,-0.171424,-0.059741,0.013702,0.983289,0.095899,0.444951,0.059299,2.097557,-0.208430,0.241058,-0.321627,0.136350,-0.088194,0.598080,-0.205997,0.261800,-0.171290,0.171423,0.290439,0.277814,0.615883,-0.516471,-0.785428,-0.003244,-0.163540,0.212686,0.594625,-0.710020,0.391714,0.134826,-0.362440,-0.073739,-0.235951
1.876204,-1.970562,0.688860,-0.175246,-0.066632,0.010531,0.982211,0.078003,0.401099,0.038172,2.152430,-0.224208,0.228184,-0.316631,0.148459,-0.083787,0.656756,-0.247353,0.261800,-0.155366,0.182052,0.308533,0.296351,0.601431,-0.524675,-0.721401,0.007918,-0.159213,0.215478,0.513906,-0.727727,0.452818,0.182189,-0.326190,-0.061106,-0.234472
1.889573,-1.971949,0.685071,-0.177438,-0.072284,0.009032,0.981432,0.055966,0.363607,0.023279,2.201874,-0.240725,0.220302,-0.308242,0.156572,-0.081437,0.706427,-0.286938,0.261800,-0.140829,0.190435,0.322508,0.313777,0.587353,-0.532418,-0.659409,0.020168,-0.154596,0.222123,0.436143,-0.742839,0.512540,0.222874,-0.305176,-0.048430,-0.229115
1.903044,-1.973557,0.681929,-0.178053,-0.076448,0.010052,0.980995,0.027035,0.334177,0.011555,2.246597,-0.257179,0.218550,-0.296447,0.160486,-0.084159,0.747325,-0.326239,0.254448,-0.127801,0.196000,0.331737,0.328176,0.574825,-0.541610,-0.596735,0.035203,-0.148564,0.236667,0.361656,-0.755260,0.570956,0.258210,-0.306132,-0.035033,-0.216253
1.916415,-1.975089,0.679421,-0.176868,-0.079357,0.013192,0.980941,-0.008978,0.307762,0.001622,2.286484,-0.272331,0.221961,-0.281179,0.157658,-0.089083,0.781027,-0.367878,0.249743,-0.115571,0.198015,0.337148,0.340909,0.564341,-0.551867,-0.532100,0.052590,-0.140952,0.257467,0.288672,-0.765021,0.628329,0.289506,-0.321960,-0.020466,-0.196700
1.929849,-1.976264,0.677721,-0.175040,-0.081287,0.016565,0.981060,-0.049091,0.287088,-0.004766,2.319774,-0.286601,0.227963,-0.263270,0.152175,-0.093157,0.806356,-0.407108,0.248202,-0.102253,0.199158,0.339925,0.355434,0.556172,-0.560008,-0.473894,0.068537,-0.134073,0.277619,0.218027,-0.772538,0.681324,0.314437,-0.344461,-0.007274,-0.176906
1.943173,-1.976853,0.676880,-0.173908,-0.082571,0.018184,0.981125,-0.090141,0.275142,-0.006154,2.344668,-0.300768,0.233522,-0.243278,0.149406,-0.093735,0.821593,-0.438846,0.247061,-0.086039,0.202546,0.341195,0.375419,0.550464,-0.562748,-0.430735,0.079375,-0.130528,0.290297,0.150888,-0.778661,0.727099,0.330544,-0.365220,0.002492,-0.163549
1.956437,-1.976812,0.676723,-0.174265,-0.083103,0.017423,0.981031,-0.132535,0.277410,-0.001698,2.361323,-0.316297,0.239108,-0.221237,0.152212,-0.090648,0.825174,-0.461477,0.245757,-0.066613,0.209890,0.340557,0.403607,0.547345,-0.558100,-0.406690,0.083539,-0.131787,0.292916,0.085202,-0.784846,0.768330,0.338092,-0.387556,0.007560,-0.159619
1.969781,-1.976245,0.677283,-0.175299,-0.082817,0.015296,0.980907,-0.177689,0.291055,0.007205,2.370299,-0.332162,0.245888,-0.196938,0.157633,-0.085286,0.818584,-0.477769,0.245553,-0.045546,0.219020,0.337698,0.439120,0.546830,-0.547076,-0.398173,0.083000,-0.136306,0.289331,0.020354,-0.791834,0.807020,0.337898,-0.413562,0.009496,-0.161278
1.983190,-1.975094,0.678468,-0.175816,-0.082152,0.012297,0.980912,-0.223802,0.306602,0.018955,2.370383,-0.345479,0.251916,-0.170319,0.162331,-0.077267,0.804464,-0.489404,0.246227,-0.023320,0.227257,0.333652,0.479379,0.548652,-0.531565,-0.401636,0.079480,-0.142267,0.282442,-0.040147,-0.799281,0.838905,0.329147,-0.433011,0.010798,-0.165090
1.996647,-1.973478,0.680336,-0.174665,-0.081503,0.008960,0.981208,-0.269280,0.314493,0.031925,2.360310,-0.353264,0.255155,-0.141405,0.162848,-0.066454,0.785465,-0.498000,0.247657,0.000198,0.232111,0.329361,0.520551,0.552526,-0.514358,-0.412271,0.074849,-0.147863,0.275270,-0.092660,-0.806430,0.858737,0.312157,-0.435825,0.013741,-0.167537
2.010148,-1.971362,0.682961,-0.171363,-0.081137,0.004865,0.981849,-0.314048,0.311222,0.046247,2.339108,-0.354058,0.254809,-0.110054,0.158095,-0.051790,0.762010,-0.504882,0.250246,0.026030,0.232932,0.325167,0.562099,0.558373,-0.495558,-0.431013,0.068584,-0.153600,0.267162,-0.132125,-0.812908,0.859866,0.284832,-0.416213,0.019032,-0.168137
2.023718,-1.968904,0.686269,-0.166585,-0.080793,-0.000082,0.982712,-0.357971,0.302372,0.062397,2.307418,-0.350503,0.251663,-0.076313,0.149619,-0.034009,0.732807,-0.508962,0.253851,0.055011,0.231252,0.320615,0.604854,0.566340,-0.474922,-0.459026,0.059912,-0.159979,0.257075,-0.167421,-0.819207,0.849323,0.252437,-0.376960,0.025412,-0.168754
2.037377,-1.966221,0.690340,-0.160901,-0.080090,-0.004834,0.983704,-0.399421,0.291753,0.079202,2.266574,-0.345920,0.246062,-0.040581,0.137924,-0.015832,0.697754,-0.508247,0.257773,0.083865,0.226795,0.314858,0.650355,0.575644,-0.451889,-0.492290,0.050482,-0.165305,0.247254,-0.190953,-0.825459,0.828100,0.211604,-0.338384,0.032263,-0.169632
2.051225,-1.963488,0.695126,-0.154851,-0.078603,-0.008338,0.984771,-0.436922,0.282875,0.096005,2.217837,-0.343237,0.238539,-0.003294,0.123633,0.000098,0.656661,-0.500652,0.261495,0.111604,0.220100,0.307519,0.696094,0.585676,-0.428511,-0.524865,0.042308,-0.167950,0.240177,-0.214205,-0.831911,0.807750,0.170880,-0.307639,0.038788,-0.170527
2.065453,-1.960514,0.700524,-0.148162,-0.076241,-0.010499,0.985964,-0.469534,0.274825,0.113145,2.160053,-0.343659,0.226667,0.037671,0.106662,0.014645,0.604772,-0.485750,0.261800,0.137396,0.210269,0.298517,0.742291,0.595703,-0.404182,-0.555941,0.036592,-0.166854,0.236671,-0.237772,-0.838189,0.788868,0.130884,-0.287776,0.045112,-0.172032
2.080185,-1.957232,0.706391,-0.140867,-0.073186,-0.011875,0.987248,-0.497558,0.266328,0.130584,2.093063,-0.346253,0.210729,0.081825,0.087147,0.028266,0.542859,-0.464063,0.261800,0.160860,0.197322,0.287773,0.790477,0.604912,-0.377546,-0.587571,0.032282,-0.163153,0.235303,-0.249722,-0.844091,0.763368,0.083487,-0.278652,0.051576,-0.174078
2.095267,-1.953664,0.712622,-0.133399,-0.069380,-0.012236,0.988555,-0.521535,0.258893,0.148899,2.019031,-0.349700,0.195710,0.124270,0.066187,0.038480,0.480734,-0.435913,0.261800,0.182746,0.182726,0.275880,0.837587,0.613189,-0.350829,-0.617672,0.028212,-0.158604,0.235074,-0.261312,-0.849944,0.738311,0.036694,-0.272791,0.057677,-0.175128
2.110429,-1.949813,0.718984,-0.126388,-0.064804,-0.011351,0.989797,-0.542168,0.253774,0.168250,1.940120,-0.352579,0.185842,0.160204,0.045546,0.043183,0.428581,-0.401823,0.261800,0.201809,0.167683,0.262700,0.883107,0.619794,-0.324607,-0.644840,0.023120,-0.154965,0.234936,-0.269620,-0.855928,0.714613,-0.010996,-0.271455,0.063021,-0.173967
2.125590,-1.945950,0.725481,-0.119808,-0.059156,-0.008840,0.990994,-0.559997,0.252203,0.190328,1.856305,-0.355353,0.183317,0.188887,0.024958,0.040758,0.388144,-0.360697,0.261800,0.217214,0.152047,0.247812,0.926516,0.624204,-0.298832,-0.668216,0.015894,-0.152861,0.234426,-0.276474,-0.862281,0.693492,-0.058701,-0.275759,0.067153,-0.169376
2.140840,-1.941810,0.731986,-0.113373,-0.052556,-0.004828,0.992150,-0.574258,0.251453,0.215184,1.766356,-0.358302,0.184178,0.212349,0.004120,0.032827,0.355645,-0.313359,0.261800,0.228772,0.135454,0.231369,0.967829,0.626130,-0.273366,-0.688110,0.007690,-0.151310,0.234000,-0.280849,-0.869045,0.673773,-0.107558,-0.285955,0.070378,-0.162265
2.156144,-1.937277,0.738451,-0.107475,-0.045663,0.000180,0.993159,-0.583915,0.247748,0.240355,1.670517,-0.360149,0.184615,0.230691,-0.015403,0.022448,0.331986,-0.262704,0.261800,0.237315,0.119430,0.214420,1.005745,0.625615,-0.249646,-0.704508,0.000796,-0.149656,0.233905,-0.283678,-0.876214,0.656054,-0.156552,-0.297350,0.073367,-0.154415
2.171387,-1.932308,0.744732,-0.102532,-0.039151,0.005619,0.993943,-0.588475,0.238481,0.262010,1.568821,-0.359324,0.181243,0.244013,-0.032147,0.012852,0.318114,-0.211481,0.261800,0.243749,0.105459,0.197888,1.039381,0.622818,-0.228953,-0.717495,-0.002525,-0.147239,0.234429,-0.284057,-0.883701,0.640256,-0.205920,-0.306215,0.076906,-0.147667
2.186770,-1.927140,0.750944,-0.098479,-0.032708,0.011519,0.994535,-0.588829,0.222777,0.278608,1.458580,-0.354952,0.174680,0.250859,-0.046436,0.004700,0.315109,-0.157945,0.261800,0.248185,0.093430,0.181261,1.068278,0.617783,-0.211623,-0.726658,-0.000819,-0.143292,0.235799,-0.282294,-0.891560,0.626795,-0.255452,-0.311153,0.081360,-0.142529
2.202345,-1.921845,0.756891,-0.095137,-0.026142,0.018038,0.994957,-0.585081,0.202911,0.291514,1.340132,-0.347907,0.166875,0.251935,-0.058904,-0.002795,0.321851,-0.100920,0.261800,0.250324,0.082836,0.164239,1.093064,0.610626,-0.196960,-0.732248,0.004493,-0.138348,0.237688,-0.279129,-0.899821,0.615753,-0.304971,-0.314133,0.086274,-0.138018
2.218031,-1.916519,0.762545,-0.092785,-0.020290,0.024760,0.995171,-0.575908,0.181859,0.301162,1.217806,-0.339046,0.157352,0.250838,-0.068514,-0.008819,0.334956,-0.043521,0.261800,0.250691,0.074351,0.148068,1.114807,0.601841,-0.184460,-0.735692,0.011268,-0.133714,0.239610,-0.273544,-0.908267,0.606177,-0.355412,-0.316748,0.091316,-0.133724
2.233765,-1.911393,0.767742,-0.092090,-0.016002,0.031251,0.995131,-0.560696,0.163424,0.307400,1.096480,-0.329292,0.145265,0.251354,-0.072871,-0.014124,0.350162,0.011445,0.254601,0.250212,0.069343,0.133884,1.134491,0.592277,-0.173668,-0.738513,0.017317,-0.130722,0.241208,-0.266762,-0.916528,0.597742,-0.405795,-0.319498,0.096096,-0.129221
2.249719,-1.906355,0.772424,-0.093056,-0.013699,0.037444,0.994862,-0.536844,0.147427,0.310956,0.971525,-0.318094,0.130463,0.254944,-0.072583,-0.018306,0.365706,0.064348,0.247896,0.249283,0.067736,0.122168,1.152880,0.582535,-0.164323,-0.741030,0.022538,-0.129989,0.242926,-0.257218,-0.924307,0.589804,-0.457147,-0.323882,0.100732,-0.123884
2.266014,-1.901479,0.776534,-0.095305,-0.012844,0.043530,0.994413,-0.505554,0.132883,0.311621,0.841240,-0.304886,0.114064,0.259470,-0.068681,-0.021716,0.383511,0.116718,0.240919,0.247920,0.068675,0.112237,1.169674,0.572896,-0.156464,-0.742939,0.027757,-0.130715,0.244987,-0.245576,-0.931528,0.582612,-0.508735,-0.328850,0.105289,-0.118036
2.282582,-1.896879,0.779957,-0.098276,-0.012898,0.049658,0.993836,-0.471366,0.120229,0.309609,0.714299,-0.289901,0.097324,0.262846,-0.062613,-0.024810,0.406681,0.166153,0.233327,0.245792,0.071095,0.103730,1.184602,0.563589,-0.149976,-0.744908,0.032130,-0.132106,0.246806,-0.232172,-0.938098,0.575952,-0.559982,-0.333274,0.109359,-0.112762
2.299344,-1.892453,0.782572,-0.101430,-0.013324,0.055973,0.993177,-0.438872,0.109541,0.305244,0.599765,-0.273359,0.081117,0.263272,-0.055742,-0.028015,0.437818,0.210359,0.224998,0.242527,0.073988,0.096298,1.197379,0.554830,-0.144746,-0.747521,0.034810,-0.133383,0.247772,-0.217117,-0.943917,0.569523,-0.610438,-0.336101,0.112563,-0.109166
2.316115,-1.887896,0.784334,-0.105311,-0.014298,0.062399,0.992377,-0.408114,0.101734,0.296807,0.497148,-0.253076,0.064044,0.260251,-0.046702,-0.031344,0.478784,0.248793,0.213712,0.238109,0.078421,0.089610,1.209101,0.546832,-0.140589,-0.751534,0.035532,-0.134403,0.247583,-0.200691,-0.948921,0.563519,-0.659993,-0.336176,0.114615,-0.108329
2.332595,-1.883228,0.785140,-0.110186,-0.016070,0.068914,0.991389,-0.377121,0.096901,0.284561,0.402256,-0.229540,0.045947,0.255186,-0.035382,-0.034992,0.527348,0.282844,0.199496,0.232776,0.084917,0.083949,1.219707,0.539702,-0.137589,-0.756539,0.034693,-0.135554,0.246675,-0.182662,-0.953089,0.558009,-0.708829,-0.334455,0.115775,-0.109383
2.348611,-1.878535,0.785138,-0.115053,-0.018201,0.075765,0.990298,-0.347943,0.093560,0.271892,0.319791,-0.207381,0.029301,0.248759,-0.024551,-0.039243,0.580710,0.312786,0.186310,0.226497,0.091666,0.079875,1.227109,0.533478,-0.136055,-0.761284,0.032494,-0.136856,0.245504,-0.162938,-0.956421,0.552645,-0.756809,-0.332713,0.116480,-0.110505
2.364250,-1.874073,0.784498,-0.118774,-0.020179,0.083237,0.989220,-0.323229,0.089740,0.262337,0.255822,-0.191614,0.016606,0.241412,-0.016634,-0.043964,0.636397,0.338845,0.179058,0.219142,0.096494,0.077876,1.229097,0.528172,-0.136303,-0.764425,0.029149,-0.138325,0.244506,-0.141493,-0.958953,0.547065,-0.803686,-0.332667,0.117172,-0.109855
2.379583,-1.869766,0.783312,-0.121015,-0.021623,0.091492,0.988189,-0.305616,0.084594,0.257056,0.215173,-0.185896,0.008099,0.231796,-0.010668,-0.047763,0.696278,0.360477,0.180117,0.210195,0.098513,0.077534,1.225294,0.523796,-0.138674,-0.765930,0.023896,-0.139952,0.244033,-0.118445,-0.960666,0.541037,-0.850199,-0.334603,0.118193,-0.106307
2.394621,-1.865242,0.781473,-0.122061,-0.022733,0.100507,0.987159,-0.294577,0.078308,0.254178,0.195945,-0.187929,0.002547,0.219490,-0.005450,-0.050811,0.762217,0.376892,0.188128,0.199610,0.098184,0.078641,1.216479,0.520388,-0.142954,-0.766076,0.016876,-0.141727,0.243782,-0.093720,-0.961556,0.534858,-0.896233,-0.337735,0.119202,-0.101028
2.409533,-1.860634,0.779025,-0.121550,-0.023812,0.110283,0.986152,-0.287694,0.070092,0.252758,0.193479,-0.193647,0.000441,0.206403,-0.003273,-0.055106,0.831687,0.387931,0.202378,0.188014,0.095117,0.081926,1.202127,0.517966,-0.148642,-0.763862,0.009641,-0.143673,0.243219,-0.067314,-0.961660,0.528952,-0.940176,-0.341872,0.119643,-0.095654
2.424276,-1.856230,0.775949,-0.119214,-0.025209,0.120761,0.985175,-0.282033,0.059298,0.251907,0.202116,-0.198433,0.002262,0.194736,-0.007218,-0.062691,0.901956,0.393710,0.220998,0.176131,0.089118,0.088091,1.181936,0.516561,-0.155195,-0.758569,0.003721,-0.145807,0.241835,-0.039287,-0.961054,0.523894,-0.980412,-0.346855,0.119023,-0.091840
2.438739,-1.852103,0.772170,-0.114930,-0.027351,0.132121,0.984168,-0.274862,0.045396,0.252877,0.217778,-0.196121,0.002192,0.186888,-0.019343,-0.075591,0.972336,0.393374,0.246762,0.163842,0.080123,0.098280,1.155694,0.516271,-0.162365,-0.750026,-0.000743,-0.148322,0.238667,-0.009281,-0.959859,0.519915,-1.017678,-0.353613,0.116876,-0.090207
2.453148,-1.848234,0.767986,-0.110328,-0.029938,0.143935,0.982962,-0.272389,0.033066,0.254813,0.251062,-0.194012,0.000710,0.181677,-0.043266,-0.103399,1.043535,0.388017,0.261800,0.151666,0.071473,0.109835,1.123070,0.517086,-0.171513,-0.737606,-0.004784,-0.151118,0.234534,0.017848,-0.957116,0.520169,-1.047200,-0.361229,0.112903,-0.090562
2.467106,-1.844040,0.763670,-0.104510,-0.032480,0.155876,0.981695,-0.273463,0.018517,0.256739,0.297066,-0.196896,0.009756,0.176749,-0.077982,-0.137525,1.117713,0.378456,0.261800,0.138901,0.063002,0.118620,1.084569,0.517965,-0.185428,-0.719061,-0.008880,-0.153749,0.231885,0.022435,-0.947982,0.538332,-1.047200,-0.365657,0.105736,-0.094643
2.480935,-1.839542,0.758912,-0.097630,-0.034411,0.167582,0.980408,-0.280336,0.001349,0.256454,0.357488,-0.212219,0.041168,0.168619,-0.113188,-0.162428,1.194723,0.366597,0.261800,0.126737,0.050380,0.127805,1.042918,0.517642,-0.198162,-0.699921,-0.011057,-0.155947,0.230882,0.032525,-0.935833,0.553276,-1.047200,-0.369414,0.100332,-0.095967
2.494794,-1.835126,0.753450,-0.089508,-0.035340,0.178963,0.979138,-0.297977,-0.019012,0.252241,0.442291,-0.244295,0.111706,0.156029,-0.147638,-0.175945,1.275234,0.351375,0.261800,0.116068,0.033959,0.136533,0.996954,0.515903,-0.210408,-0.678528,-0.010156,-0.158135,0.231024,0.047706,-0.922959,0.565334,-1.047200,-0.369779,0.095629,-0.095484
2.508437,-1.830733,0.747268,-0.080729,-0.035913,0.190119,0.977777,-0.321927,-0.043292,0.245233,0.542413,-0.283222,0.210620,0.141378,-0.181167,-0.181918,1.357731,0.332839,0.261800,0.106699,0.015885,0.145861,0.946228,0.512753,-0.222667,-0.654733,-0.006793,-0.160342,0.231784,0.067667,-0.910620,0.575169,-1.047200,-0.367750,0.091293,-0.094246
2.521987,-1.826760,0.740570,-0.074671,-0.038038,0.199582,0.976291,-0.343582,-0.058022,0.235275,0.645414,-0.324730,0.261800,0.126541,-0.203197,-0.180773,1.436602,0.316205,0.261800,0.101264,0.003736,0.157515,0.890023,0.508299,-0.235989,-0.629699,-0.003198,-0.161596,0.234841,0.094943,-0.899209,0.579839,-1.047200,-0.366199,0.088595,-0.091945
2.535562,-1.822903,0.733569,-0.070191,-0.041558,0.208536,0.974607,-0.353212,-0.069050,0.223136,0.728796,-0.362730,0.261800,0.111778,-0.216027,-0.174914,1.510370,0.303716,0.261800,0.097726,-0.004443,0.172384,0.827764,0.502823,-0.251378,-0.604973,-0.001649,-0.160906,0.241987,0.132457,-0.888621,0.576079,-1.047200,-0.368130,0.088711,-0.088017
2.548736,-1.818649,0.726437,-0.063618,-0.045398,0.219294,0.972524,-0.347586,-0.090692,0.212897,0.783729,-0.397849,0.261800,0.097809,-0.232389,-0.167651,1.582018,0.295160,0.251881,0.092407,-0.015640,0.190975,0.757437,0.496471,-0.270179,-0.579469,-0.004797,-0.157175,0.256780,0.181778,-0.878545,0.564081,-1.047200,-0.375543,0.091349,-0.082304
2.561906,-1.813974,0.719737,-0.055600,-0.049385,0.231144,0.970073,-0.333248,-0.116863,0.202762,0.826085,-0.435991,0.261800,0.083927,-0.252162,-0.159033,1.652063,0.289139,0.230477,0.086091,-0.029108,0.212386,0.682685,0.489680,-0.289640,-0.555619,-0.011795,-0.151397,0.277706,0.240217,-0.869652,0.546816,-1.047200,-0.386059,0.095990,-0.076127
2.574713,-1.809129,0.713839,-0.047547,-0.052931,0.243276,0.967344,-0.315063,-0.142156,0.190995,0.861340,-0.474409,0.261800,0.068115,-0.272433,-0.149571,1.718279,0.283739,0.206645,0.081114,-0.041374,0.233194,0.602423,0.479903,-0.311185,-0.530909,-0.017512,-0.145376,0.298798,0.301976,-0.857875,0.524126,-1.038839,-0.395955,0.101433,-0.068835
2.587318,-1.804564,0.708826,-0.041017,-0.055510,0.254869,0.964509,-0.297416,-0.162904,0.176691,0.892742,-0.509497,0.261800,0.049377,-0.298843,-0.146033,1.778904,0.276334,0.175610,0.073728,-0.050836,0.249183,0.528025,0.467262,-0.328139,-0.512454,-0.019206,-0.140959,0.314021,0.346438,-0.840513,0.509753,-1.006090,-0.400643,0.107631,-0.063912
2.599795,-1.800135,0.704588,-0.034672,-0.056763,0.266134,0.961638,-0.278856,-0.183837,0.161852,0.915805,-0.538323,0.261800,0.025921,-0.326925,-0.141671,1.834675,0.268887,0.148566,0.065039,-0.061489,0.262622,0.456218,0.451671,-0.340043,-0.499641,-0.011894,-0.137910,0.320586,0.384762,-0.816354,0.495326,-0.957270,-0.402604,0.119364,-0.055975
2.612468,-1.795510,0.700956,-0.028146,-0.057067,0.277398,0.958646,-0.257485,-0.206289,0.146886,0.929504,-0.562784,0.261800,-0.001291,-0.356891,-0.135754,1.886425,0.261441,0.122768,0.055255,-0.073545,0.274182,0.384189,0.433552,-0.348429,-0.489854,0.001537,-0.135368,0.321878,0.417852,-0.785034,0.481489,-0.893308,-0.403240,0.135112,-0.044888
2.625252,-1.790757,0.697934,-0.021895,-0.056538,0.288818,0.955462,-0.234170,-0.228975,0.130633,0.935693,-0.583256,0.261800,-0.030839,-0.388935,-0.129970,1.933109,0.248090,0.094710,0.043823,-0.086385,0.282629,0.313568,0.414103,-0.353779,-0.482015,0.015564,-0.133840,0.319716,0.442215,-0.748513,0.471542,-0.818717,-0.401373,0.148923,-0.034762
2.638072,-1.785807,0.695648,-0.016528,-0.055338,0.300504,0.952030,-0.209826,-0.249801,0.111690,0.936722,-0.600471,0.261800,-0.061155,-0.423409,-0.126909,1.973594,0.222961,0.060216,0.030213,-0.099010,0.286941,0.246385,0.394798,-0.357047,-0.475647,0.024383,-0.133860,0.316026,0.456303,-0.710360,0.467064,-0.739550,-0.395686,0.155140,-0.030751
2.650839,-1.780586,0.694135,-0.012286,-0.053339,0.312320,0.948399,-0.184696,-0.267661,0.089730,0.933136,-0.615426,0.261800,-0.092790,-0.459795,-0.127541,2.008342,0.181937,0.018507,0.014158,-0.111105,0.287145,0.184665,0.376048,-0.358554,-0.473768,0.025510,-0.136575,0.309995,0.460357,-0.673317,0.466386,-0.655020,-0.380113,0.150471,-0.038321
2.663606,-1.775115,0.693531,-0.009227,-0.050621,0.324098,0.944623,-0.158422,-0.282385,0.065260,0.924604,-0.628185,0.261800,-0.126601,-0.495575,-0.131059,2.037580,0.129447,-0.026909,-0.003978,-0.121996,0.283933,0.126891,0.357718,-0.358705,-0.476389,0.021843,-0.141461,0.301314,0.459087,-0.638401,0.466454,-0.566552,-0.356861,0.138476,-0.054541
2.676418,-1.769376,0.693871,-0.007710,-0.047666,0.335883,0.940665,-0.131045,-0.293056,0.038144,0.912258,-0.638142,0.261800,-0.161279,-0.528206,-0.137914,2.060008,0.072274,-0.073981,-0.023294,-0.130073,0.277599,0.069749,0.340538,-0.359196,-0.478652,0.015606,-0.146493,0.292770,0.458330,-0.606754,0.466093,-0.484175,-0.336727,0.124178,-0.072476
2.689236,-1.763188,0.695101,-0.007941,-0.044917,0.347785,0.936464,-0.102576,-0.299051,0.008290,0.897019,-0.644409,0.261800,-0.195049,-0.556847,-0.149006,2.074423,0.016738,-0.122024,-0.042708,-0.134164,0.268897,0.010557,0.325783,-0.361737,-0.476632,0.008914,-0.149697,0.287271,0.463772,-0.579382,0.464327,-0.418426,-0.329933,0.113233,-0.085671
2.702032,-1.756633,0.697211,-0.010323,-0.042380,0.360121,0.931885,-0.073351,-0.299734,-0.025834,0.878815,-0.648020,0.261800,-0.227511,-0.581343,-0.166704,2.080375,-0.038621,-0.174511,-0.062223,-0.133294,0.258237,-0.051849,0.314569,-0.368221,-0.470332,0.000371,-0.150397,0.286882,0.477459,-0.557241,0.460721,-0.374394,-0.343761,0.107547,-0.092763
2.714932,-1.749577,0.700103,-0.014680,-0.039825,0.372585,0.927027,-0.043868,-0.295053,-0.063188,0.857512,-0.649235,0.261800,-0.259533,-0.599316,-0.189750,2.078495,-0.095912,-0.228042,-0.081803,-0.128277,0.246164,-0.114555,0.306899,-0.378101,-0.463929,-0.010965,-0.149788,0.290090,0.497274,-0.540616,0.455642,-0.348042,-0.370455,0.104285,-0.097393
2.727827,-1.741967,0.703619,-0.020068,-0.037332,0.384545,0.922133,-0.014049,-0.286110,-0.100103,0.833441,-0.645772,0.261800,-0.292160,-0.604235,-0.209259,2.068918,-0.149732,-0.261800,-0.100608,-0.121015,0.233675,-0.174195,0.302257,-0.389265,-0.459454,-0.022107,-0.148685,0.294266,0.521769,-0.528950,0.449646,-0.335262,-0.397555,0.102171,-0.100629
2.740807,-1.733865,0.707720,-0.025497,-0.034999,0.395479,0.917454,0.016444,-0.274258,-0.133151,0.806835,-0.635285,0.261800,-0.325679,-0.595810,-0.218663,2.051840,-0.194831,-0.261800,-0.118101,-0.113437,0.221418,-0.227917,0.299981,-0.399330,-0.458080,-0.029855,-0.147793,0.296581,0.548975,-0.521206,0.443337,-0.330961,-0.412877,0.099894,-0.103448
2.753940,-1.725262,0.712455,-0.030893,-0.032995,0.405522,0.912967,0.048957,-0.259103,-0.163057,0.775754,-0.617411,0.261800,-0.353916,-0.594042,-0.233971,2.027418,-0.233467,-0.261800,-0.134615,-0.106138,0.209377,-0.276701,0.299960,-0.408461,-0.458724,-0.032484,-0.146760,0.296370,0.578663,-0.516951,0.437149,-0.335573,-0.411780,0.097258,-0.105699
2.767067,-1.716207,0.717721,-0.036296,-0.031170,0.415096,0.908519,0.082773,-0.241380,-0.191037,0.740448,-0.593000,0.261800,-0.377344,-0.596204,-0.254982,1.995550,-0.267777,-0.261800,-0.150995,-0.098839,0.197316,-0.321824,0.302160,-0.417750,-0.460812,-0.031843,-0.145332,0.294876,0.610967,-0.516122,0.431085,-0.350110,-0.401392,0.094883,-0.106733
2.780352,-1.706718,0.723398,-0.041240,-0.029220,0.424041,0.904232,0.114970,-0.223023,-0.214851,0.704899,-0.561610,0.261800,-0.398611,-0.597937,-0.276977,1.957349,-0.295937,-0.261800,-0.167022,-0.092108,0.185469,-0.361551,0.306486,-0.426697,-0.465738,-0.030054,-0.144314,0.292362,0.644941,-0.517752,0.424100,-0.370170,-0.387486,0.092503,-0.106584
2.793782,-1.696820,0.729445,-0.046703,-0.027022,0.431272,0.900607,0.141072,-0.202757,-0.230812,0.675204,-0.524487,0.261800,-0.421692,-0.592853,-0.296238,1.913478,-0.315641,-0.261800,-0.181353,-0.083563,0.173061,-0.394039,0.312365,-0.433545,-0.474074,-0.028972,-0.144469,0.288560,0.677703,-0.520754,0.416616,-0.389527,-0.375916,0.090098,-0.105647
2.807325,-1.686664,0.735792,-0.052702,-0.024561,0.436528,0.897810,0.161132,-0.180304,-0.237185,0.651913,-0.480077,0.261800,-0.447413,-0.580333,-0.311387,1.863697,-0.326606,-0.261800,-0.193208,-0.073082,0.159740,-0.419670,0.319736,-0.437878,-0.485162,-0.028572,-0.146452,0.282403,0.708925,-0.524350,0.408273,-0.407016,-0.367684,0.087063,-0.103910
2.820929,-1.676344,0.742333,-0.059272,-0.021968,0.440103,0.895719,0.176686,-0.155651,-0.235860,0.633316,-0.429088,0.261800,-0.473667,-0.562336,-0.324895,1.807542,-0.329997,-0.261800,-0.202559,-0.060827,0.145516,-0.439883,0.328734,-0.440610,-0.497924,-0.027896,-0.149668,0.274206,0.739144,-0.528308,0.399189,-0.424371,-0.360196,0.083636,-0.101131
2.834524,-1.665866,0.748959,-0.066112,-0.019151,0.442625,0.894061,0.187808,-0.130782,-0.230341,0.619283,-0.373987,0.261800,-0.499654,-0.539108,-0.336381,1.745738,-0.326156,-0.261800,-0.210304,-0.047557,0.130692,-0.454634,0.339227,-0.442592,-0.512333,-0.027347,-0.152994,0.266030,0.767627,-0.532247,0.389704,-0.440436,-0.353991,0.080933,-0.097211
2.848165,-1.655264,0.755608,-0.072830,-0.015991,0.444777,0.892532,0.194849,-0.107660,-0.224178,0.608958,-0.316769,0.261800,-0.524726,-0.511279,-0.345057,1.678993,-0.315506,-0.261800,-0.217444,-0.034193,0.115564,-0.463974,0.350898,-0.444709,-0.528089,-0.027258,-0.155294,0.259920,0.793560,-0.535690,0.380214,-0.453829,-0.349669,0.080058,-0.092057
2.861965,-1.644514,0.762199,-0.079715,-0.012107,0.446610,0.891089,0.196796,-0.085815,-0.216819,0.601522,-0.255485,0.261800,-0.550283,-0.478182,-0.349747,1.606678,-0.297535,-0.261800,-0.224039,-0.020340,0.099199,-0.468520,0.363566,-0.446824,-0.544571,-0.027366,-0.156071,0.256377,0.816849,-0.538055,0.370663,-0.463981,-0.347796,0.081603,-0.085749
2.875778,-1.633547,0.768593,-0.085221,-0.007469,0.449075,0.889389,0.196764,-0.067538,-0.209452,0.594099,-0.187390,0.261800,-0.574988,-0.443871,-0.347951,1.529846,-0.273832,-0.261800,-0.231909,-0.009078,0.082234,-0.468600,0.377178,-0.448744,-0.561413,-0.027499,-0.155968,0.254280,0.837639,-0.539108,0.360948,-0.471109,-0.348180,0.084830,-0.078211
2.889536,-1.622390,0.774696,-0.089458,-0.002870,0.451719,0.887660,0.196851,-0.052043,-0.202963,0.587266,-0.116830,0.261800,-0.596194,-0.408921,-0.341021,1.449341,-0.246038,-0.261800,-0.239575,0.000135,0.066104,-0.463810,0.391539,-0.451075,-0.578747,-0.028169,-0.155571,0.253235,0.855471,-0.539061,0.351394,-0.475291,-0.350172,0.088848,-0.069159
2.903180,-1.610896,0.780369,-0.091575,0.000962,0.454848,0.885848,0.200422,-0.041107,-0.199415,0.580219,-0.046903,0.261800,-0.612294,-0.371223,-0.320197,1.366288,-0.215623,-0.233111,-0.247066,0.006182,0.052634,-0.453758,0.406374,-0.454345,-0.596711,-0.029861,-0.155462,0.252814,0.870218,-0.538423,0.342189,-0.476920,-0.353076,0.092789,-0.058360
2.916913,-1.599291,0.785713,-0.092513,0.003376,0.458463,0.883879,0.207139,-0.032774,-0.204698,0.573578,0.021802,0.243903,-0.619369,-0.332605,-0.295139,1.278039,-0.181817,-0.199469,-0.254858,0.010973,0.042527,-0.437728,0.421559,-0.458528,-0.615636,-0.032912,-0.155689,0.253724,0.882035,-0.537475,0.332900,-0.476022,-0.357164,0.097060,-0.043947
2.930760,-1.587309,0.790678,-0.092794,0.004711,0.462377,0.881802,0.215578,-0.027030,-0.217376,0.567974,0.090435,0.215059,-0.618700,-0.292904,-0.265491,1.184493,-0.144964,-0.162796,-0.262762,0.015428,0.034854,-0.416328,0.437085,-0.463110,-0.635095,-0.036927,-0.155988,0.255843,0.891298,-0.536281,0.323382,-0.472799,-0.362607,0.101864,-0.026671
2.944598,-1.575068,0.795109,-0.091912,0.005466,0.466495,0.879719,0.225693,-0.025008,-0.232773,0.564311,0.157935,0.184122,-0.611845,-0.256292,-0.231961,1.089955,-0.108543,-0.127457,-0.270152,0.018097,0.029141,-0.391064,0.452801,-0.467906,-0.654148,-0.041188,-0.156466,0.257508,0.898198,-0.535142,0.314252,-0.468028,-0.368380,0.106089,-0.010293
2.958356,-1.562602,0.798893,-0.090185,0.005863,0.470729,0.877637,0.236130,-0.025781,-0.247345,0.565784,0.222033,0.153926,-0.600214,-0.225068,-0.197905,0.997859,-0.074999,-0.098092,-0.276461,0.019212,0.025065,-0.363494,0.468451,-0.472769,-0.671807,-0.045006,-0.157218,0.257039,0.903023,-0.534494,0.306095,-0.462596,-0.373345,0.108714,0.001367
2.972067,-1.550051,0.801928,-0.087133,0.005859,0.475236,0.875513,0.246483,-0.029863,-0.260194,0.574208,0.283859,0.126087,-0.583558,-0.199242,-0.162511,0.906848,-0.042466,-0.075627,-0.281937,0.017844,0.022822,-0.333621,0.483844,-0.477733,-0.687946,-0.048418,-0.158649,0.253406,0.906207,-0.534636,0.299059,-0.456906,-0.377045,0.109652,0.006761
2.985743,-1.537796,0.804195,-0.082823,0.005387,0.479970,0.873350,0.256527,-0.036828,-0.272603,0.589242,0.343869,0.099937,-0.562082,-0.178193,-0.124749,0.816296,-0.010207,-0.057846,-0.286822,0.014227,0.022281,-0.301026,0.498920,-0.482888,-0.702672,-0.051674,-0.160564,0.247617,0.907713,-0.535660,0.292776,-0.450696,-0.379930,0.109470,0.008001
2.999219,-1.525644,0.805667,-0.078337,0.004662,0.484534,0.871245,0.264999,-0.044489,-0.283906,0.610997,0.398558,0.074928,-0.538597,-0.162143,-0.088325,0.730412,0.018549,-0.043880,-0.290501,0.010334,0.022659,-0.266483,0.513595,-0.488137,-0.715317,-0.054358,-0.162162,0.241050,0.907101,-0.537652,0.287164,-0.443764,-0.382210,0.108169,0.006720
3.012477,-1.513561,0.806228,-0.074695,0.003909,0.488546,0.869326,0.271101,-0.051427,-0.293609,0.638844,0.444391,0.049559,-0.515921,-0.150407,-0.057191,0.652827,0.041149,-0.032205,-0.292334,0.008035,0.023266,-0.230662,0.527774,-0.493348,-0.725269,-0.056036,-0.162648,0.235089,0.903898,-0.540696,0.282096,-0.435856,-0.384063,0.105739,0.004557
3.025670,-1.501468,0.805981,-0.071908,0.003347,0.491985,0.867623,0.274538,-0.058529,-0.300798,0.673959,0.478361,0.022677,-0.493910,-0.142226,-0.031664,0.580879,0.057113,-0.019497,-0.292183,0.007152,0.023648,-0.193132,0.541363,-0.498518,-0.732383,-0.056423,-0.161496,0.229332,0.898373,-0.544770,0.277539,-0.427245,-0.385625,0.101829,0.001596
3.038792,-1.489641,0.804954,-0.069391,0.002831,0.494996,0.866115,0.275135,-0.066776,-0.305254,0.717778,0.502081,-0.004706,-0.471748,-0.136726,-0.010335,0.512804,0.068959,-0.006243,-0.290219,0.006587,0.024216,-0.153831,0.554331,-0.503864,-0.736811,-0.055763,-0.159247,0.223267,0.890651,-0.549860,0.273568,-0.417899,-0.386725,0.096568,-0.002929
3.051765,-1.478045,0.803181,-0.067664,0.001934,0.497576,0.864775,0.272251,-0.074859,-0.308210,0.770367,0.518449,-0.032002,-0.451028,-0.131997,0.004636,0.453122,0.078762,0.003476,-0.286576,0.007729,0.025684,-0.113944,0.566684,-0.509529,-0.738456,-0.054444,-0.156711,0.218127,0.880354,-0.556103,0.270169,-0.407563,-0.387174,0.090657,-0.008645
3.064543,-1.466600,0.800605,-0.067995,0.000002,0.499883,0.863420,0.263752,-0.080655,-0.312009,0.836384,0.523600,-0.059592,-0.433562,-0.125099,0.009846,0.406932,0.088215,0.004899,-0.281752,0.013587,0.028912,-0.074740,0.578400,-0.515669,-0.737316,-0.052900,-0.154678,0.215187,0.867303,-0.563796,0.267115,-0.396243,-0.386729,0.084797,-0.015145
3.077054,-1.455204,0.797413,-0.068993,-0.002510,0.501110,0.862625,0.253858,-0.088343,-0.316009,0.907979,0.523600,-0.086171,-0.424430,-0.118637,0.004865,0.382820,0.098549,-0.012721,-0.274109,0.021256,0.033265,-0.035826,0.589496,-0.522614,-0.733067,-0.051052,-0.153307,0.215626,0.851119,-0.573006,0.264803,-0.383778,-0.385345,0.079386,-0.022286
3.089559,-1.443883,0.793634,-0.070228,-0.005352,0.501315,0.862393,0.244215,-0.098442,-0.318438,0.981084,0.523600,-0.112317,-0.421855,-0.113290,-0.008443,0.377328,0.107127,-0.043609,-0.263716,0.029712,0.038260,0.003118,0.599962,-0.530339,-0.725552,-0.048742,-0.152212,0.218494,0.831784,-0.583656,0.263607,-0.370038,-0.383070,0.073975,-0.030335
3.101903,-1.432587,0.789221,-0.071237,-0.008635,0.501113,0.862402,0.234212,-0.108231,-0.316931,1.055924,0.523600,-0.138632,-0.418441,-0.108482,-0.022503,0.380908,0.108976,-0.066711,-0.251920,0.037834,0.044389,0.041123,0.609840,-0.538295,-0.714723,-0.046194,-0.151418,0.221735,0.808643,-0.595740,0.264265,-0.354028,-0.379705,0.068002,-0.039693
3.114171,-1.421593,0.783912,-0.071653,-0.012503,0.501108,0.862323,0.223164,-0.113654,-0.309359,1.132608,0.523600,-0.164836,-0.406642,-0.103072,-0.028898,0.383100,0.100880,-0.060630,-0.240179,0.044709,0.052258,0.077583,0.619215,-0.545698,-0.700951,-0.043617,-0.150955,0.223296,0.780979,-0.609303,0.267564,-0.334831,-0.375077,0.060896,-0.050773
3.126339,-1.410970,0.778087,-0.071541,-0.017074,0.501428,0.862068,0.210022,-0.108252,-0.290940,1.212580,0.523600,-0.189997,-0.382743,-0.096647,-0.026264,0.380144,0.081752,-0.008407,-0.228975,0.050584,0.062271,0.112902,0.628148,-0.552256,-0.684413,-0.041864,-0.151248,0.221885,0.748357,-0.624384,0.273604,-0.312628,-0.369164,0.052168,-0.063111
3.138368,-1.400893,0.772262,-0.071453,-0.022191,0.501576,0.861872,0.194601,-0.092750,-0.264104,1.296002,0.523600,-0.212505,-0.354245,-0.089567,-0.021589,0.382533,0.050128,0.073541,-0.217337,0.056676,0.073658,0.147628,0.636626,-0.558204,-0.665223,-0.040598,-0.152166,0.218906,0.710732,-0.640910,0.282549,-0.287730,-0.362006,0.042200,-0.076675
3.150344,-1.390837,0.765487,-0.071786,-0.027680,0.501275,0.861861,0.177922,-0.074209,-0.237760,1.380617,0.523600,-0.231648,-0.329600,-0.081265,-0.018081,0.399597,0.004087,0.157030,-0.204731,0.063765,0.085540,0.181534,0.644579,-0.563403,-0.643617,-0.038242,-0.152917,0.216351,0.667789,-0.658681,0.295362,-0.259238,-0.353524,0.031641,-0.092561
3.162211,-1.379763,0.756949,-0.072334,-0.033331,0.500591,0.862013,0.161242,-0.062415,-0.219980,1.463920,0.523600,-0.247391,-0.313018,-0.071935,-0.015108,0.433505,-0.053362,0.215936,-0.191355,0.071428,0.097441,0.214528,0.651964,-0.567595,-0.620048,-0.033211,-0.152695,0.216160,0.619358,-0.677423,0.313002,-0.226457,-0.343707,0.021127,-0.111868
3.173942,-1.369115,0.748416,-0.072358,-0.038961,0.499794,0.862237,0.145273,-0.062294,-0.211770,1.546768,0.523600,-0.257493,-0.304310,-0.062039,-0.007330,0.485331,-0.124946,0.243671,-0.177687,0.078131,0.109377,0.246348,0.658872,-0.571140,-0.592890,-0.023093,-0.151412,0.218577,0.564721,-0.697029,0.336634,-0.188774,-0.331562,0.010635,-0.136861
3.185238,-1.359249,0.740309,-0.071725,-0.044626,0.499000,0.862475,0.129162,-0.067652,-0.206499,1.629986,0.523600,-0.260430,-0.299537,-0.051063,0.004951,0.550479,-0.209246,0.254868,-0.164146,0.083798,0.121869,0.277681,0.665306,-0.573673,-0.563026,-0.009432,-0.149420,0.222640,0.503891,-0.717167,0.366033,-0.147178,-0.317411,-0.000337,-0.166280
3.196154,-1.349580,0.732138,-0.070719,-0.050367,0.498235,0.862684,0.111534,-0.072650,-0.200172,1.710927,0.523600,-0.256968,-0.294633,-0.038931,0.017048,0.617802,-0.293925,0.257013,-0.151062,0.089329,0.135360,0.309633,0.671069,-0.574027,-0.534481,0.003400,-0.146553,0.228414,0.438547,-0.736946,0.399601,-0.103989,-0.303371,-0.011727,-0.195922
3.206715,-1.340324,0.724138,-0.069886,-0.056298,0.497452,0.862837,0.091096,-0.072022,-0.190952,1.786977,0.523600,-0.249918,-0.286308,-0.026576,0.023599,0.677108,-0.367220,0.257661,-0.138273,0.096099,0.150173,0.342530,0.675849,-0.571643,-0.510788,0.011032,-0.142667,0.235938,0.370463,-0.755259,0.435180,-0.061209,-0.291586,-0.023258,-0.221564
3.216783,-1.331188,0.716410,-0.070085,-0.063175,0.496688,0.862785,0.068472,-0.064299,-0.181104,1.859922,0.523600,-0.241533,-0.273912,-0.013233,0.021633,0.727722,-0.426414,0.256498,-0.125522,0.106333,0.167475,0.375079,0.679398,-0.567617,-0.490756,0.011489,-0.136664,0.247067,0.297354,-0.771580,0.473681,-0.015441,-0.280776,-0.034912,-0.242263
3.226648,-1.321805,0.709573,-0.070736,-0.070660,0.496007,0.862543,0.043731,-0.050498,-0.170782,1.930626,0.523600,-0.228385,-0.258769,0.000381,0.015648,0.773954,-0.477537,0.250596,-0.112822,0.118666,0.186763,0.406595,0.681613,-0.562545,-0.472510,0.007337,-0.129030,0.261056,0.220879,-0.785402,0.514285,0.031702,-0.271074,-0.046662,-0.260195
3.236155,-1.312072,0.703944,-0.070724,-0.077331,0.495388,0.862328,0.014511,-0.031430,-0.157473,1.995596,0.523600,-0.208206,-0.241180,0.011127,0.010028,0.813439,-0.522145,0.243464,-0.099511,0.129784,0.205599,0.437152,0.682552,-0.556086,-0.457911,0.001086,-0.121961,0.274165,0.145366,-0.796028,0.552887,0.074533,-0.265262,-0.058051,-0.275769
3.245141,-1.302574,0.699471,-0.069125,-0.081795,0.494798,0.862384,-0.020981,-0.012461,-0.141229,2.051150,0.523600,-0.184051,-0.221745,0.016503,0.008330,0.843657,-0.561429,0.238519,-0.084683,0.136534,0.221362,0.467021,0.682451,-0.547857,-0.448982,-0.004677,-0.117539,0.282722,0.076068,-0.802981,0.585113,0.107427,-0.266859,-0.068603,-0.289396
3.253826,-1.292879,0.696401,-0.065644,-0.083729,0.494067,0.862889,-0.063774,0.000113,-0.123553,2.097379,0.523600,-0.163275,-0.201049,0.015889,0.011198,0.864618,-0.595397,0.236552,-0.067548,0.137870,0.233957,0.497391,0.681379,-0.536678,-0.447479,-0.009725,-0.116645,0.285579,0.013447,-0.806269,0.609686,0.131137,-0.282606,-0.078478,-0.300416
3.262301,-1.282818,0.693942,-0.063069,-0.085716,0.492625,0.863710,-0.101370,-0.014397,-0.115858,2.143205,0.490220,-0.176963,-0.177301,0.017392,0.014649,0.876189,-0.622749,0.234574,-0.047938,0.140934,0.245707,0.528780,0.679473,-0.522884,-0.453027,-0.015199,-0.117884,0.284875,-0.045238,-0.806519,0.628783,0.149169,-0.308872,-0.087677,-0.308867
3.270880,-1.272431,0.692309,-0.061834,-0.087901,0.490682,0.864686,-0.135838,-0.042761,-0.114526,2.183190,0.441193,-0.207030,-0.149936,0.021875,0.017904,0.876936,-0.643127,0.232057,-0.026609,0.146715,0.255595,0.559873,0.677184,-0.508253,-0.463606,-0.020700,-0.120023,0.281892,-0.099445,-0.804248,0.643700,0.160174,-0.333761,-0.095615,-0.316362
3.279355,-1.261560,0.691733,-0.061442,-0.089300,0.488980,0.865534,-0.171466,-0.069914,-0.115242,2.214314,0.385442,-0.231215,-0.120120,0.026681,0.020439,0.867269,-0.657202,0.229112,-0.004914,0.153011,0.261578,0.588688,0.675198,-0.494790,-0.476574,-0.025882,-0.121886,0.277954,-0.147810,-0.799790,0.655099,0.162284,-0.345757,-0.101809,-0.324396
3.287785,-1.250487,0.692151,-0.062030,-0.089646,0.487604,0.866232,-0.210464,-0.091371,-0.117553,2.236775,0.319906,-0.242035,-0.087772,0.031638,0.021995,0.845712,-0.666024,0.225909,0.017235,0.159521,0.262768,0.615207,0.674193,-0.482500,-0.493247,-0.031781,-0.123608,0.272362,-0.190014,-0.793477,0.662481,0.153206,-0.338185,-0.106177,-0.334162
3.296210,-1.239068,0.693763,-0.063008,-0.088801,0.486447,0.866899,-0.254884,-0.101597,-0.118620,2.250839,0.247201,-0.234750,-0.053135,0.035590,0.023540,0.813518,-0.669454,0.222788,0.040279,0.164999,0.259991,0.640962,0.674380,-0.470090,-0.515169,-0.038441,-0.125662,0.264881,-0.227338,-0.785581,0.665971,0.135005,-0.318022,-0.109234,-0.344572
3.304505,-1.227294,0.696314,-0.063830,-0.087104,0.485577,0.867498,-0.302574,-0.099697,-0.116501,2.255222,0.175183,-0.212203,-0.016405,0.037807,0.025614,0.773989,-0.665955,0.219682,0.063285,0.168640,0.254534,0.667047,0.675554,-0.457279,-0.540188,-0.043925,-0.127357,0.257545,-0.258305,-0.776495,0.666262,0.110344,-0.295628,-0.111346,-0.353508
3.312756,-1.215109,0.699727,-0.064136,-0.085002,0.485000,0.868007,-0.349803,-0.090035,-0.111061,2.248631,0.110773,-0.183365,0.022348,0.038108,0.028523,0.730060,-0.653714,0.216551,0.086274,0.170594,0.248153,0.692870,0.677424,-0.444849,-0.565485,-0.046099,-0.128069,0.252354,-0.287985,-0.766419,0.666568,0.086822,-0.277998,-0.112599,-0.358824
3.320823,-1.202185,0.703929,-0.063756,-0.082734,0.484731,0.868405,-0.394679,-0.075667,-0.102157,2.229924,0.053156,-0.152020,0.065529,0.036340,0.032527,0.678352,-0.632226,0.213528,0.108427,0.170696,0.241115,0.718958,0.679572,-0.432606,-0.590899,-0.043914,-0.127156,0.250369,-0.312619,-0.755382,0.665379,0.061418,-0.268513,-0.112519,-0.359342
3.328868,-1.188795,0.708851,-0.062667,-0.079993,0.484748,0.868731,-0.437327,-0.058653,-0.089183,2.199742,-0.002262,-0.118051,0.112547,0.032050,0.037176,0.618806,-0.602615,0.211098,0.129985,0.168621,0.232994,0.744951,0.681892,-0.420529,-0.617271,-0.038552,-0.125149,0.250271,-0.332069,-0.743509,0.662331,0.032223,-0.262575,-0.111078,-0.356436
3.336737,-1.174802,0.714341,-0.061110,-0.076609,0.484978,0.869018,-0.476866,-0.042325,-0.073018,2.159733,-0.053931,-0.085630,0.158572,0.025487,0.041432,0.559263,-0.565470,0.209244,0.151325,0.164458,0.223760,0.770451,0.684248,-0.408693,-0.643381,-0.031260,-0.123196,0.250537,-0.350456,-0.731133,0.660031,0.003700,-0.258468,-0.108997,-0.351831
3.344395,-1.160053,0.720360,-0.059487,-0.072452,0.485360,0.869275,-0.512918,-0.029201,-0.055465,2.111591,-0.099835,-0.058431,0.198577,0.017418,0.044399,0.507906,-0.521518,0.207361,0.172047,0.158500,0.212993,0.795867,0.686149,-0.396683,-0.668119,-0.023332,-0.122471,0.249685,-0.366040,-0.718705,0.659174,-0.024132,-0.257470,-0.107001,-0.347295
3.351734,-1.144910,0.726667,-0.057997,-0.067410,0.485815,0.869526,-0.545251,-0.019739,-0.037135,2.054358,-0.139971,-0.039452,0.231877,0.007818,0.045681,0.465828,-0.469315,0.205988,0.192301,0.151110,0.200318,0.820721,0.687203,-0.384546,-0.690950,-0.014093,-0.123660,0.246924,-0.378198,-0.706556,0.659771,-0.051668,-0.260994,-0.105167,-0.343250
3.359049,-1.129683,0.733232,-0.056601,-0.061661,0.486447,0.869692,-0.573385,-0.013172,-0.017772,1.987397,-0.175582,-0.026997,0.260499,-0.002865,0.045710,0.429790,-0.409352,0.204702,0.211777,0.142490,0.186108,0.844572,0.687266,-0.372711,-0.712032,-0.003062,-0.126044,0.243107,-0.387406,-0.694839,0.661478,-0.079481,-0.268077,-0.103148,-0.338750
3.366343,-1.114240,0.739952,-0.055489,-0.055596,0.487454,0.869608,-0.597288,-0.009352,0.001371,1.912838,-0.206131,-0.017050,0.283459,-0.012967,0.044997,0.401689,-0.345317,0.201311,0.229680,0.133149,0.171089,0.867380,0.686254,-0.361571,-0.731329,0.008200,-0.128667,0.239192,-0.394491,-0.683746,0.664690,-0.107043,-0.275901,-0.101042,-0.333472
3.373518,-1.098646,0.746706,-0.054854,-0.049601,0.489018,0.869133,-0.617268,-0.007972,0.018908,1.832954,-0.231173,-0.005272,0.300013,-0.021144,0.043823,0.382925,-0.280383,0.194074,0.245337,0.123652,0.155944,0.889124,0.684121,-0.351440,-0.748788,0.018129,-0.130550,0.236102,-0.401191,-0.673461,0.670067,-0.133177,-0.281107,-0.098926,-0.327115
3.380732,-1.082841,0.753488,-0.055016,-0.043206,0.491185,0.868242,-0.635581,-0.009134,0.033863,1.747918,-0.249799,0.011447,0.307720,-0.027328,0.041532,0.375141,-0.212006,0.180245,0.258788,0.113755,0.139480,0.909929,0.680726,-0.342240,-0.764367,0.027146,-0.131382,0.233730,-0.407346,-0.664161,0.677961,-0.157858,-0.283033,-0.096940,-0.319356
3.387896,-1.066763,0.760099,-0.055893,-0.036384,0.493797,0.867016,-0.651566,-0.012452,0.046897,1.656824,-0.262990,0.030741,0.307647,-0.032637,0.037839,0.376912,-0.138597,0.162968,0.270353,0.103511,0.121637,0.929601,0.676013,-0.333878,-0.778022,0.035881,-0.131687,0.231619,-0.412440,-0.655926,0.688055,-0.181651,-0.283175,-0.094973,-0.310439
3.395113,-1.050597,0.766425,-0.057009,-0.030132,0.496718,0.865513,-0.661560,-0.016808,0.058803,1.559900,-0.272762,0.048697,0.304736,-0.037245,0.034034,0.384163,-0.064538,0.148902,0.279929,0.093845,0.104740,0.947789,0.670176,-0.326519,-0.789907,0.043024,-0.131711,0.230187,-0.416659,-0.648667,0.699657,-0.204967,-0.282057,-0.092699,-0.300919
3.402188,-1.034507,0.772394,-0.057860,-0.025483,0.499863,0.863794,-0.662026,-0.021136,0.070385,1.456927,-0.280652,0.061454,0.304259,-0.040412,0.032009,0.392449,0.005223,0.143382,0.287439,0.085720,0.091173,0.964288,0.663590,-0.320261,-0.800321,0.047229,-0.131691,0.229902,-0.420297,-0.642205,0.712074,-0.228066,-0.280213,-0.089796,-0.291346
3.409431,-1.018447,0.778018,-0.058088,-0.022524,0.503492,0.861751,-0.651660,-0.026217,0.080829,1.344887,-0.285228,0.066971,0.308426,-0.042000,0.032680,0.397883,0.071263,0.149379,0.292635,0.078674,0.081872,0.979060,0.656572,-0.315211,-0.809405,0.047261,-0.131549,0.231568,-0.423227,-0.636394,0.725005,-0.251381,-0.276799,-0.085772,-0.281123
3.416793,-1.002253,0.783218,-0.058049,-0.020766,0.507536,0.859422,-0.632744,-0.031837,0.089840,1.224197,-0.285656,0.068060,0.314733,-0.041479,0.036074,0.402497,0.136009,0.163374,0.295905,0.072508,0.075356,0.992472,0.649265,-0.311108,-0.817247,0.044050,-0.131198,0.234803,-0.425405,-0.631224,0.738766,-0.274522,-0.271966,-0.080904,-0.270192
3.424341,-0.985980,0.787836,-0.058300,-0.020403,0.511477,0.857074,-0.607299,-0.035668,0.099029,1.099415,-0.284061,0.067956,0.321215,-0.037264,0.042360,0.411157,0.196927,0.179860,0.298110,0.068607,0.070469,1.004967,0.641793,-0.307505,-0.824194,0.039521,-0.130859,0.238297,-0.427440,-0.626688,0.753568,-0.296411,-0.267538,-0.076128,-0.259911
3.431947,-0.969672,0.791722,-0.059382,-0.021609,0.514800,0.854978,-0.577502,-0.035637,0.110253,0.975010,-0.282659,0.069758,0.325891,-0.028218,0.050849,0.428634,0.251614,0.192976,0.300113,0.068269,0.066083,1.016985,0.634260,-0.303973,-0.830659,0.035587,-0.130735,0.240737,-0.429773,-0.622763,0.769571,-0.316000,-0.265379,-0.072426,-0.251625
3.439538,-0.953345,0.794762,-0.061575,-0.025094,0.517274,0.853233,-0.541411,-0.030069,0.124486,0.847537,-0.281638,0.075327,0.328626,-0.012557,0.062435,0.457437,0.299968,0.199221,0.302380,0.072837,0.062491,1.029137,0.626781,-0.300304,-0.837011,0.031853,-0.130863,0.241773,-0.432644,-0.619442,0.787453,-0.333218,-0.266679,-0.070275,-0.246374
3.447143,-0.937119,0.796793,-0.064574,-0.030602,0.519221,0.851647,-0.498909,-0.020662,0.140974,0.715341,-0.279635,0.082594,0.330359,0.008127,0.076236,0.495022,0.343277,0.201324,0.304409,0.081422,0.060107,1.041095,0.619381,-0.296737,-0.843051,0.027560,-0.131137,0.242139,-0.435755,-0.616671,0.806869,-0.348529,-0.270191,-0.069121,-0.243203
3.454889,-0.920945,0.797940,-0.068110,-0.036916,0.521001,0.850033,-0.455007,-0.010338,0.158708,0.586130,-0.276873,0.088678,0.330696,0.030172,0.088578,0.538860,0.380804,0.202801,0.305520,0.092151,0.057974,1.051844,0.611979,-0.293590,-0.848274,0.024126,-0.131530,0.242144,-0.438720,-0.614359,0.826428,-0.361736,-0.274104,-0.068420,-0.240452
3.462889,-0.904910,0.798188,-0.072035,-0.042918,0.522943,0.848233,-0.414562,-0.001530,0.176214,0.467681,-0.273388,0.090735,0.329142,0.050954,0.096296,0.586386,0.411625,0.207884,0.305106,0.103464,0.055124,1.060403,0.604453,-0.291187,-0.852145,0.023010,-0.132018,0.242087,-0.441186,-0.612427,0.844745,-0.372567,-0.276591,-0.067627,-0.236444
3.470761,-0.888923,0.797484,-0.077010,-0.048850,0.524768,0.846346,-0.377364,0.007476,0.194833,0.357483,-0.268733,0.087982,0.325505,0.074005,0.101617,0.638078,0.433835,0.219254,0.303438,0.116752,0.050595,1.067378,0.596650,-0.289538,-0.854793,0.024751,-0.132740,0.241936,-0.443003,-0.610848,0.862028,-0.380948,-0.277125,-0.066485,-0.230242
3.478079,-0.872889,0.796027,-0.083332,-0.055616,0.526307,0.844371,-0.340916,0.018384,0.214537,0.251688,-0.262400,0.081594,0.319805,0.101285,0.105134,0.696020,0.447789,0.234268,0.300826,0.133682,0.045105,1.073135,0.588540,-0.288523,-0.856483,0.028584,-0.133654,0.241544,-0.444476,-0.609652,0.878935,-0.386937,-0.276667,-0.065304,-0.222869
3.484892,-0.857173,0.793795,-0.090100,-0.062843,0.528122,0.842033,-0.306339,0.028640,0.231454,0.155494,-0.253760,0.072203,0.311663,0.127122,0.101227,0.759677,0.456198,0.249244,0.296636,0.152409,0.040270,1.076234,0.580292,-0.288172,-0.856820,0.033931,-0.134459,0.241016,-0.445697,-0.608878,0.894694,-0.390661,-0.275789,-0.064391,-0.215609
3.491519,-0.841886,0.790918,-0.095818,-0.069534,0.530980,0.839073,-0.300259,0.040808,0.240632,0.129775,-0.271679,0.060884,0.300487,0.143074,0.084146,0.828492,0.461855,0.260021,0.289944,0.169206,0.037874,1.074935,0.572260,-0.288514,-0.855199,0.040161,-0.134865,0.240503,-0.446573,-0.608558,0.908354,-0.392419,-0.275170,-0.064080,-0.209782
3.498138,-0.826991,0.787419,-0.100551,-0.075408,0.535144,0.835358,-0.301845,0.048909,0.239262,0.127975,-0.291870,0.043883,0.286130,0.144228,0.047432,0.902771,0.465114,0.261800,0.280169,0.183610,0.037603,1.069104,0.564726,-0.289566,-0.851628,0.047914,-0.134589,0.240185,-0.447407,-0.608774,0.919951,-0.392356,-0.274587,-0.064744,-0.205508
3.504750,-0.812174,0.783204,-0.104271,-0.080442,0.540361,0.831064,-0.301132,0.050817,0.230895,0.127350,-0.303957,0.022926,0.269745,0.133612,-0.001052,0.983519,0.463816,0.261800,0.267739,0.195609,0.039117,1.059417,0.557791,-0.291256,-0.846323,0.057170,-0.133859,0.240022,-0.447926,-0.609573,0.929654,-0.390428,-0.273861,-0.066122,-0.202188
3.511354,-0.797454,0.778356,-0.105521,-0.083914,0.546788,0.826345,-0.296610,0.044514,0.220125,0.127347,-0.306349,0.008085,0.252991,0.109420,-0.054200,1.069578,0.458068,0.258709,0.252998,0.202016,0.043664,1.045075,0.551570,-0.293473,-0.838567,0.066297,-0.133149,0.239881,-0.447305,-0.610897,0.936663,-0.386316,-0.273665,-0.067632,-0.200099
3.518026,-0.782599,0.773025,-0.102967,-0.085177,0.554544,0.821355,-0.287045,0.028233,0.211245,0.127710,-0.297615,0.009107,0.237682,0.068762,-0.107352,1.159191,0.448352,0.246699,0.236420,0.199792,0.052233,1.025370,0.546217,-0.296067,-0.827722,0.073653,-0.132932,0.239647,-0.444941,-0.612647,0.940189,-0.379534,-0.274511,-0.068700,-0.199490
3.524840,-0.768071,0.767234,-0.095397,-0.084027,0.563935,0.815976,-0.270344,-0.001107,0.205031,0.128370,-0.271976,0.029033,0.227209,0.008443,-0.159566,1.252422,0.434486,0.228609,0.217813,0.186587,0.066300,0.999787,0.541892,-0.298692,-0.813749,0.079164,-0.133408,0.238558,-0.440549,-0.614794,0.939660,-0.370899,-0.276771,-0.069097,-0.200723
3.530737,-0.753892,0.761627,-0.083860,-0.081153,0.574551,0.810107,-0.248310,-0.042262,0.199837,0.129722,-0.230594,0.060125,0.223705,-0.070609,-0.212795,1.348969,0.415967,0.203156,0.197820,0.164773,0.084647,0.969279,0.538703,-0.301396,-0.797449,0.083542,-0.134296,0.236983,-0.434202,-0.617373,0.935495,-0.360464,-0.280153,-0.069139,-0.203542
3.536409,-0.739951,0.755670,-0.070579,-0.077258,0.585491,0.803897,-0.249034,-0.084834,0.197642,0.182995,-0.209768,0.096668,0.225234,-0.159248,-0.261922,1.446009,0.393272,0.169594,0.178014,0.138816,0.104096,0.935301,0.536664,-0.304711,-0.779401,0.086336,-0.135348,0.236521,-0.426084,-0.620353,0.928399,-0.346405,-0.283995,-0.069056,-0.207280
3.542214,-0.726065,0.748905,-0.057429,-0.072507,0.596112,0.797556,-0.262189,-0.126247,0.198701,0.257766,-0.204193,0.136764,0.226379,-0.246645,-0.300113,1.541483,0.367041,0.130980,0.159414,0.112087,0.121531,0.898889,0.535684,-0.309273,-0.759776,0.087082,-0.136305,0.238781,-0.416306,-0.623617,0.919092,-0.326846,-0.287865,-0.069099,-0.211294
3.547522,-0.712169,0.741569,-0.044473,-0.065426,0.606393,0.791220,-0.287402,-0.166962,0.202896,0.348168,-0.209773,0.189135,0.221687,-0.335113,-0.325608,1.638508,0.337046,0.085128,0.141926,0.082661,0.134666,0.859726,0.535544,-0.315672,-0.737548,0.084782,-0.137930,0.245213,-0.406147,-0.627196,0.908515,-0.301014,-0.291245,-0.069040,-0.215218
3.552563,-0.698779,0.733468,-0.031245,-0.056630,0.616487,0.784704,-0.322289,-0.206345,0.210067,0.455302,-0.223909,0.254304,0.213368,-0.425590,-0.340562,1.736519,0.303396,0.033234,0.125268,0.050707,0.145239,0.817364,0.536057,-0.323557,-0.712906,0.079983,-0.140107,0.254607,-0.395222,-0.631099,0.896062,-0.269947,-0.294462,-0.068842,-0.219454
3.558171,-0.685791,0.725455,-0.020371,-0.050484,0.625058,0.778678,-0.357012,-0.228698,0.213573,0.571324,-0.250465,0.261800,0.204714,-0.504865,-0.348231,1.827721,0.267809,-0.023055,0.112551,0.025932,0.155808,0.771512,0.537225,-0.332318,-0.686700,0.074437,-0.141291,0.264615,-0.380997,-0.634930,0.879996,-0.234389,-0.298645,-0.069078,-0.224629
3.563558,-0.672334,0.718161,-0.010010,-0.047075,0.633490,0.772253,-0.374766,-0.250411,0.210413,0.663533,-0.278476,0.261800,0.198057,-0.569355,-0.348887,1.908115,0.231039,-0.072039,0.101115,0.006494,0.169709,0.722754,0.539195,-0.341363,-0.660758,0.069871,-0.139838,0.272975,-0.361143,-0.638084,0.858645,-0.194909,-0.304790,-0.070279,-0.231207
3.568436,-0.658271,0.711879,0.000935,-0.047068,0.642567,0.764782,-0.370656,-0.275380,0.202191,0.728456,-0.309618,0.261800,0.195773,-0.618199,-0.344099,1.976413,0.195575,-0.111935,0.090203,-0.007514,0.189849,0.667278,0.542285,-0.352934,-0.632048,0.066613,-0.133362,0.280125,-0.333316,-0.639609,0.829589,-0.147756,-0.314015,-0.072904,-0.240300
3.573513,-0.644565,0.706353,0.012154,-0.049239,0.651932,0.756580,-0.353207,-0.301097,0.190745,0.779634,-0.346849,0.261800,0.193886,-0.655906,-0.333827,2.036232,0.160609,-0.147242,0.080283,-0.017892,0.213835,0.606064,0.546417,-0.367015,-0.601035,0.063509,-0.123351,0.287246,-0.299387,-0.639022,0.794170,-0.093534,-0.325665,-0.076511,-0.251192
3.578938,-0.631425,0.701397,0.022234,-0.052165,0.660457,0.748720,-0.329958,-0.323833,0.178214,0.822260,-0.386752,0.261800,0.186067,-0.684625,-0.317875,2.089530,0.123244,-0.178904,0.071838,-0.026122,0.237183,0.546881,0.551052,-0.379274,-0.574382,0.060298,-0.113968,0.292849,-0.264045,-0.636674,0.756978,-0.039242,-0.337777,-0.080254,-0.261719
3.584644,-0.618565,0.696817,0.029766,-0.054432,0.667104,0.742377,-0.308434,-0.340251,0.166788,0.860617,-0.425470,0.261800,0.166100,-0.706425,-0.295957,2.138256,0.080102,-0.207999,0.064920,-0.033428,0.255462,0.497536,0.555636,-0.384900,-0.558375,0.057066,-0.109398,0.295047,-0.232106,-0.633568,0.723036,0.008175,-0.348345,-0.083363,-0.269863
3.590206,-0.605302,0.692778,0.034186,-0.056074,0.671029,0.738517,-0.289678,-0.347756,0.158663,0.895266,-0.463985,0.261800,0.129720,-0.717908,-0.265099,2.183486,0.029303,-0.232192,0.060821,-0.039013,0.268214,0.460181,0.559601,-0.382228,-0.555768,0.051083,-0.111997,0.292413,-0.205468,-0.630442,0.693565,0.049678,-0.355648,-0.086076,-0.275499
3.595327,-0.591760,0.689146,0.036277,-0.057807,0.672994,0.736493,-0.269853,-0.348568,0.152821,0.923920,-0.503874,0.261800,0.080503,-0.717367,-0.226985,2.224242,-0.026299,-0.250917,0.058475,-0.042007,0.277774,0.430629,0.562921,-0.373394,-0.562354,0.043534,-0.119121,0.285797,-0.181646,-0.627418,0.666782,0.087862,-0.360924,-0.088642,-0.279743
3.600107,-0.578094,0.686007,0.036623,-0.059236,0.674424,0.735053,-0.249334,-0.346588,0.146499,0.946362,-0.541810,0.261800,0.022698,-0.705747,-0.185345,2.258890,-0.082090,-0.261800,0.054813,-0.043565,0.283775,0.406698,0.566371,-0.359714,-0.573777,0.040411,-0.127488,0.276788,-0.158281,-0.624874,0.642522,0.118179,-0.366725,-0.090355,-0.282477
3.604515,-0.564406,0.683570,0.035855,-0.059932,0.676766,0.732878,-0.228501,-0.345552,0.136586,0.962571,-0.574570,0.261800,-0.039291,-0.684564,-0.143412,2.285612,-0.133439,-0.261800,0.046853,-0.045071,0.285986,0.386831,0.571285,-0.342333,-0.586571,0.047630,-0.133945,0.267097,-0.132789,-0.623303,0.620282,0.135520,-0.375552,-0.090490,-0.283615
3.608591,-0.550405,0.681958,0.033959,-0.059390,0.680271,0.729761,-0.208063,-0.346181,0.122361,0.972252,-0.601778,0.261800,-0.106365,-0.659125,-0.104029,2.304861,-0.180248,-0.261800,0.034180,-0.047374,0.283714,0.370540,0.579018,-0.320751,-0.601344,0.071311,-0.137952,0.256582,-0.103509,-0.623218,0.598955,0.135327,-0.390097,-0.088759,-0.283249
3.612596,-0.536247,0.681290,0.030752,-0.057870,0.684177,0.726365,-0.187698,-0.346353,0.105504,0.975580,-0.625071,0.261800,-0.180208,-0.627897,-0.064915,2.317121,-0.222945,-0.261800,0.019020,-0.049937,0.277752,0.359647,0.590098,-0.294523,-0.621239,0.106460,-0.141450,0.244899,-0.070489,-0.624894,0.577638,0.119542,-0.408300,-0.085618,-0.281283
3.616645,-0.522062,0.681520,0.026626,-0.056220,0.688477,0.722585,-0.165891,-0.345227,0.085956,0.973367,-0.644285,0.261800,-0.253395,-0.594882,-0.031459,2.320963,-0.261930,-0.261800,0.001991,-0.052113,0.270384,0.356123,0.604345,-0.264722,-0.646544,0.142349,-0.144887,0.233444,-0.033948,-0.628333,0.556211,0.092908,-0.425437,-0.081472,-0.277356
3.620519,-0.507769,0.682584,0.022549,-0.054808,0.693466,0.718048,-0.140601,-0.343958,0.063485,0.964984,-0.658107,0.261800,-0.319779,-0.565407,-0.005656,2.314853,-0.297418,-0.261800,-0.017731,-0.054208,0.262581,0.357996,0.617723,-0.234573,-0.672140,0.169466,-0.148349,0.222960,0.002698,-0.631877,0.537143,0.064819,-0.437034,-0.076558,-0.271371
3.624002,-0.493120,0.684377,0.018546,-0.053763,0.699754,0.712117,-0.111233,-0.342906,0.035554,0.950318,-0.667259,0.261800,-0.377224,-0.542018,0.010243,2.297688,-0.331427,-0.261800,-0.040952,-0.058145,0.258054,0.375508,0.637306,-0.196686,-0.710247,0.183314,-0.151722,0.214521,0.045786,-0.638651,0.515668,0.024819,-0.439159,-0.070841,-0.261948
3.627103,-0.477989,0.687010,0.013433,-0.053459,0.706705,0.705358,-0.079843,-0.338654,0.002976,0.931750,-0.673513,0.261800,-0.428776,-0.521454,0.016335,2.269991,-0.364161,-0.261800,-0.066895,-0.060030,0.253170,0.400883,0.657803,-0.155063,-0.751904,0.190867,-0.154653,0.207497,0.091865,-0.646529,0.495040,-0.022648,-0.435045,-0.063883,-0.250194
3.630034,-0.462337,0.690438,0.007533,-0.053599,0.713296,0.698770,-0.047375,-0.330841,-0.029679,0.909671,-0.674953,0.261800,-0.476022,-0.502103,0.016897,2.233148,-0.393678,-0.261800,-0.092264,-0.060273,0.247981,0.432707,0.678026,-0.111307,-0.796398,0.192393,-0.157016,0.202148,0.141428,-0.655152,0.473642,-0.074268,-0.430637,-0.056857,-0.237490
3.632694,-0.446294,0.694534,0.001273,-0.053812,0.718560,0.693379,-0.014622,-0.319559,-0.057703,0.884021,-0.669550,0.261800,-0.520646,-0.481880,0.016638,2.188594,-0.417669,-0.261800,-0.113581,-0.059146,0.241862,0.467071,0.696479,-0.069267,-0.840576,0.188503,-0.158637,0.198824,0.194447,-0.664050,0.450389,-0.125572,-0.431678,-0.050953,-0.225324
3.635118,-0.429904,0.699237,-0.005232,-0.054130,0.722077,0.689672,0.019640,-0.304830,-0.080530,0.852400,-0.656939,0.261800,-0.562632,-0.461192,0.015824,2.135735,-0.436078,-0.261800,-0.129596,-0.056322,0.234510,0.502787,0.712228,-0.029845,-0.882571,0.177832,-0.159177,0.197331,0.250858,-0.673054,0.425240,-0.175631,-0.442389,-0.046245,-0.213483
3.637163,-0.413054,0.704416,-0.012245,-0.054726,0.724377,0.687120,0.054858,-0.286670,-0.099887,0.815910,-0.638369,0.261800,-0.600170,-0.439841,0.011658,2.073895,-0.450506,-0.261800,-0.142084,-0.051239,0.225898,0.539976,0.725052,0.007564,-0.922477,0.161104,-0.158865,0.197150,0.310384,-0.682109,0.398720,-0.225763,-0.458899,-0.042339,-0.201288
3.639002,-0.395772,0.710025,-0.019748,-0.055333,0.726011,0.685169,0.088020,-0.266021,-0.114675,0.779227,-0.613698,0.261800,-0.632786,-0.415195,0.005472,2.004354,-0.460705,-0.261800,-0.152465,-0.044112,0.215656,0.576441,0.734856,0.040759,-0.959855,0.142230,-0.158409,0.197940,0.371968,-0.690750,0.371084,-0.274316,-0.474724,-0.039649,-0.189557
3.640562,-0.378120,0.715912,-0.027667,-0.055652,0.727585,0.683196,0.116419,-0.244049,-0.124124,0.746851,-0.582612,0.261800,-0.660280,-0.385745,-0.000674,1.928519,-0.466924,-0.261800,-0.162274,-0.035276,0.203360,0.609817,0.741810,0.067153,-0.994057,0.125223,-0.158450,0.199307,0.434181,-0.698242,0.342868,-0.319202,-0.483502,-0.038412,-0.179119
3.641851,-0.360156,0.722027,-0.035976,-0.055397,0.729052,0.681263,0.140302,-0.221173,-0.126803,0.718079,-0.543123,0.261800,-0.684408,-0.350267,-0.002659,1.846756,-0.469838,-0.261800,-0.171540,-0.024980,0.188365,0.640600,0.746358,0.086088,-1.025577,0.110476,-0.159082,0.201445,0.496444,-0.704084,0.314593,-0.359372,-0.482600,-0.038943,-0.170345
3.642896,-0.341934,0.728308,-0.044646,-0.054741,0.730199,0.679573,0.160883,-0.197392,-0.123734,0.691498,-0.496097,0.261800,-0.704609,-0.311158,-0.001308,1.758535,-0.469852,-0.261800,-0.179811,-0.013026,0.169950,0.663318,0.749126,0.095578,-1.047200,0.095631,-0.161098,0.203733,0.558068,-0.708219,0.287209,-0.394024,-0.475972,-0.040791,-0.162582
3.643731,-0.323556,0.734638,-0.053458,-0.053999,0.731503,0.677591,0.177535,-0.173401,-0.118338,0.669649,-0.444912,0.261800,-0.717939,-0.272510,-0.000964,1.663467,-0.466408,-0.261800,-0.186819,0.001461,0.147662,0.664822,0.751493,0.087651,-1.047200,0.081758,-0.164961,0.205204,0.619051,-0.710796,0.260538,-0.421988,-0.467131,-0.042816,-0.155480
3.644679,-0.304959,0.740963,-0.062112,-0.053420,0.733544,0.674686,0.189945,-0.149968,-0.114289,0.654394,-0.392444,0.261800,-0.722001,-0.237695,-0.005279,1.560730,-0.458623,-0.261800,-0.194363,0.015909,0.126099,0.665426,0.753387,0.075483,-1.047200,0.069422,-0.168625,0.206482,0.679008,-0.711390,0.233675,-0.447185,-0.459387,-0.044700,-0.148386
3.645646,-0.286088,0.747316,-0.070939,-0.052948,0.736620,0.670489,0.197408,-0.126545,-0.112280,0.645081,-0.336023,0.261800,-0.717278,-0.206996,-0.014293,1.447900,-0.444794,-0.261800,-0.204088,0.030439,0.104497,0.665797,0.754458,0.059007,-1.047200,0.057412,-0.172580,0.207392,0.736076,-0.709696,0.208322,-0.467743,-0.452376,-0.046250,-0.141044
3.646515,-0.267144,0.753308,-0.079787,-0.052359,0.740513,0.665232,0.201123,-0.103197,-0.111015,0.639907,-0.274596,0.261800,-0.705584,-0.178213,-0.023366,1.325653,-0.425728,-0.261800,-0.215453,0.044797,0.082551,0.666279,0.754585,0.038352,-1.047200,0.045820,-0.176805,0.208093,0.790120,-0.705738,0.184867,-0.483365,-0.444934,-0.047881,-0.133675
3.647180,-0.248090,0.758974,-0.087473,-0.051543,0.745114,0.659164,0.204061,-0.081883,-0.111034,0.637828,-0.212560,0.261800,-0.686869,-0.151051,-0.028689,1.197166,-0.403786,-0.261800,-0.227507,0.057023,0.062025,0.666806,0.753864,0.015722,-1.047200,0.037059,-0.180680,0.208263,0.840557,-0.699955,0.163465,-0.494972,-0.439291,-0.049691,-0.126585
3.647438,-0.229020,0.764056,-0.091673,-0.048959,0.750855,0.652239,0.209874,-0.069090,-0.113592,0.635311,-0.152432,0.261800,-0.662324,-0.130300,-0.022025,1.068182,-0.383018,-0.247120,-0.240705,0.061652,0.043700,0.667451,0.752451,-0.006572,-1.047200,0.033479,-0.183571,0.207682,0.887104,-0.692995,0.144146,-0.503772,-0.437624,-0.051775,-0.120184
3.647090,-0.210053,0.768519,-0.091870,-0.044437,0.757818,0.644435,0.219686,-0.066801,-0.120635,0.629961,-0.091195,0.261800,-0.629810,-0.119227,-0.001321,0.934399,-0.363517,-0.198321,-0.255214,0.057728,0.027453,0.668281,0.750317,-0.028751,-1.047200,0.037205,-0.185364,0.205845,0.930564,-0.685425,0.126395,-0.509856,-0.442120,-0.054441,-0.114865
3.646544,-0.191001,0.772239,-0.089781,-0.039259,0.765454,0.635987,0.231518,-0.069207,-0.129607,0.624453,-0.029327,0.261800,-0.589364,-0.115830,0.023781,0.792924,-0.343936,-0.146858,-0.270373,0.049316,0.012934,0.669304,0.747369,-0.051764,-1.047200,0.046466,-0.186390,0.203092,0.971244,-0.677522,0.110122,-0.513014,-0.450960,-0.057566,-0.110439
3.646060,-0.171847,0.775261,-0.087518,-0.035045,0.773061,0.627287,0.242278,-0.069359,-0.139710,0.627019,0.023106,0.243964,-0.544076,-0.116309,0.046767,0.649174,-0.323793,-0.096902,-0.284702,0.041650,0.001029,0.670319,0.743775,-0.074532,-1.047200,0.057774,-0.186693,0.200464,1.007778,-0.669578,0.095792,-0.513778,-0.460106,-0.060571,-0.106413
3.645381,-0.152834,0.777391,-0.085677,-0.031887,0.780166,0.618856,0.249955,-0.065057,-0.143682,0.642962,0.058516,0.221588,-0.497982,-0.119475,0.064989,0.510641,-0.302514,-0.049751,-0.297009,0.035809,-0.008002,0.671343,0.739837,-0.095763,-1.047200,0.067580,-0.186308,0.199054,1.039132,-0.661818,0.084051,-0.512991,-0.465778,-0.062810,-0.102326
3.644782,-0.133993,0.778345,-0.082825,-0.028308,0.787119,0.610559,0.254745,-0.057523,-0.133247,0.673868,0.071946,0.213288,-0.449051,-0.128454,0.081481,0.371633,-0.276942,-0.000456,-0.308362,0.027666,-0.015092,0.672830,0.735727,-0.114901,-1.047200,0.075285,-0.185145,0.199179,1.068344,-0.654041,0.074690,-0.513182,-0.467215,-0.063783,-0.097767
3.644497,-0.115590,0.778279,-0.077562,-0.023557,0.794406,0.601954,0.258184,-0.050143,-0.113583,0.717279,0.068626,0.216221,-0.392547,-0.146556,0.096613,0.224221,-0.244915,0.051986,-0.318820,0.013785,-0.019810,0.673714,0.731974,-0.133373,-1.047200,0.082657,-0.183223,0.200034,1.090785,-0.647262,0.066757,-0.509255,-0.463556,-0.064096,-0.092705
3.644632,-0.097865,0.777339,-0.070307,-0.018147,0.801548,0.593505,0.260031,-0.044074,-0.091555,0.770990,0.057819,0.223811,-0.354527,-0.169212,0.109168,0.126504,-0.234296,0.102096,-0.328445,-0.004694,-0.021775,0.675240,0.728456,-0.150138,-1.047200,0.089335,-0.180834,0.201896,1.108989,-0.641302,0.061527,-0.504743,-0.459487,-0.063994,-0.088535
3.644865,-0.080562,0.775827,-0.064124,-0.014434,0.807384,0.586354,0.257401,-0.035061,-0.072028,0.834383,0.048053,0.227499,-0.355921,-0.183386,0.117744,0.121451,-0.263772,0.143358,-0.333881,-0.019849,-0.020003,0.676949,0.724974,-0.165617,-1.047200,0.095251,-0.178080,0.204726,1.119029,-0.636367,0.059739,-0.496980,-0.457166,-0.064096,-0.086179
3.645120,-0.063669,0.773683,-0.060378,-0.013247,0.811623,0.580902,0.248771,-0.020155,-0.053807,0.910146,0.039836,0.223089,-0.354668,-0.189885,0.111675,0.119093,-0.284224,0.177842,-0.334433,-0.028525,-0.014557,0.678026,0.722285,-0.179995,-1.047200,0.098546,-0.175092,0.209652,1.117393,-0.633723,0.062635,-0.482540,-0.457094,-0.064623,-0.086546
3.645375,-0.047357,0.771167,-0.058462,-0.014266,0.814593,0.576902,0.235033,0.000993,-0.034273,0.998802,0.028560,0.215409,-0.350674,-0.190168,0.093937,0.118478,-0.296184,0.208395,-0.329987,-0.031552,-0.005158,0.677652,0.719503,-0.194411,-1.047200,0.100379,-0.171491,0.215853,1.107019,-0.631900,0.068188,-0.463428,-0.458415,-0.065481,-0.088556
3.645653,-0.031585,0.768194,-0.057887,-0.017274,0.816345,0.574397,0.217771,0.025431,-0.016438,1.095458,0.015907,0.208612,-0.343204,-0.185658,0.070298,0.118140,-0.299654,0.230614,-0.321438,-0.030171,0.007843,0.678906,0.716211,-0.206902,-1.047200,0.103652,-0.167305,0.222209,1.092365,-0.630517,0.076082,-0.444863,-0.460433,-0.065967,-0.091599
3.646073,-0.016199,0.764660,-0.058702,-0.022539,0.816863,0.573394,0.198215,0.051422,-0.003703,1.195436,0.003345,0.205941,-0.333465,-0.175816,0.046360,0.119857,-0.296931,0.239629,-0.307050,-0.023978,0.025409,0.682331,0.712512,-0.217311,-1.047200,0.111349,-0.162496,0.226794,1.064994,-0.630998,0.085332,-0.420076,-0.456100,-0.065975,-0.094131
3.646458,-0.001322,0.760406,-0.061559,-0.031248,0.815690,0.574355,0.176589,0.079599,0.002137,1.300100,-0.007348,0.207868,-0.319239,-0.157552,0.018663,0.121170,-0.287298,0.227409,-0.287493,-0.010282,0.047663,0.689352,0.708969,-0.223885,-1.047200,0.124608,-0.157793,0.229430,1.033818,-0.633005,0.096006,-0.396524,-0.448349,-0.064547,-0.096490
3.646774,0.013329,0.755521,-0.066024,-0.042732,0.812909,0.577057,0.153579,0.108557,0.002438,1.410020,-0.017039,0.211197,-0.303143,-0.130859,-0.012933,0.126057,-0.271930,0.199250,-0.266224,0.009447,0.072276,0.694413,0.700815,-0.228561,-1.039428,0.142233,-0.153693,0.229517,0.986946,-0.640433,0.115167,-0.363931,-0.436169,-0.061044,-0.100608
3.647248,0.027578,0.750598,-0.071085,-0.055890,0.809525,0.580079,0.131335,0.136543,-0.002767,1.520148,-0.028511,0.212840,-0.284897,-0.097643,-0.041824,0.131084,-0.248791,0.169806,-0.240897,0.033759,0.094240,0.670402,0.689161,-0.247292,-0.994740,0.158023,-0.152690,0.232174,0.941475,-0.650037,0.134332,-0.334562,-0.419322,-0.057337,-0.105383
3.648069,0.041618,0.745450,-0.075134,-0.068416,0.806642,0.582239,0.111107,0.159757,-0.011809,1.625930,-0.044756,0.211239,-0.292146,-0.065990,-0.058381,0.191313,-0.247137,0.153918,-0.217461,0.056827,0.115661,0.646900,0.674316,-0.266163,-0.942752,0.171720,-0.150523,0.237365,0.896110,-0.661355,0.153322,-0.313680,-0.399928,-0.054991,-0.110613
3.648700,0.055944,0.739362,-0.078309,-0.079859,0.804340,0.583547,0.093113,0.178659,-0.023754,1.728685,-0.068583,0.205173,-0.313073,-0.036592,-0.059782,0.279837,-0.244032,0.157495,-0.196158,0.077360,0.136146,0.626071,0.656694,-0.283010,-0.882800,0.185167,-0.147091,0.246036,0.849755,-0.674594,0.174214,-0.300877,-0.376319,-0.054388,-0.116683
3.649236,0.070526,0.732360,-0.080886,-0.090846,0.802207,0.584524,0.077327,0.193101,-0.038064,1.830560,-0.098328,0.196141,-0.332990,-0.006668,-0.052054,0.368450,-0.227697,0.173248,-0.175971,0.096549,0.156470,0.607588,0.636537,-0.297525,-0.815887,0.198955,-0.142756,0.256887,0.799932,-0.689831,0.198186,-0.293220,-0.348566,-0.054884,-0.123504
3.649948,0.084601,0.724827,-0.082267,-0.101382,0.800477,0.584970,0.063506,0.201241,-0.053599,1.928601,-0.130283,0.186641,-0.347804,0.021787,-0.043240,0.452721,-0.214033,0.194436,-0.158356,0.113780,0.177237,0.593273,0.614404,-0.309437,-0.746903,0.207797,-0.137682,0.268713,0.745668,-0.706706,0.224246,-0.290948,-0.320062,-0.056094,-0.130453
3.650237,0.098339,0.717015,-0.081970,-0.111602,0.799356,0.584684,0.050883,0.201518,-0.069729,2.019590,-0.160187,0.178821,-0.352869,0.045870,-0.041435,0.526536,-0.217674,0.212869,-0.144473,0.128809,0.199245,0.584507,0.591113,-0.318819,-0.680733,0.206449,-0.132158,0.280585,0.686175,-0.724560,0.251089,-0.294449,-0.294247,-0.057610,-0.136872
3.650123,0.112044,0.709626,-0.079774,-0.122570,0.799158,0.583061,0.040415,0.192868,-0.088665,2.104418,-0.186012,0.174236,-0.345727,0.064467,-0.050636,0.590337,-0.247082,0.226431,-0.135190,0.142573,0.224786,0.580334,0.566989,-0.326311,-0.613717,0.190021,-0.125383,0.294808,0.620727,-0.743127,0.278779,-0.306239,-0.271275,-0.059612,-0.142866
3.649243,0.125906,0.703242,-0.076135,-0.134007,0.799606,0.580410,0.032308,0.177086,-0.108888,2.184643,-0.210227,0.171419,-0.330010,0.078584,-0.065014,0.648690,-0.293774,0.238265,-0.129377,0.155150,0.252946,0.580209,0.542130,-0.331918,-0.544834,0.162362,-0.117890,0.311581,0.549605,-0.762042,0.308268,-0.325460,-0.249435,-0.062209,-0.148685
3.647714,0.139827,0.698180,-0.071621,-0.144047,0.800090,0.577907,0.023378,0.157229,-0.124835,2.257591,-0.234511,0.168562,-0.310189,0.088141,-0.078247,0.701006,-0.346302,0.247744,-0.124835,0.165076,0.279784,0.585705,0.517300,-0.335229,-0.483014,0.131406,-0.111755,0.326823,0.474193,-0.780118,0.338963,-0.347696,-0.229738,-0.064861,-0.153966
3.645753,0.153521,0.694026,-0.066897,-0.150871,0.800076,0.576750,0.009175,0.136472,-0.132043,2.320410,-0.260097,0.164002,-0.290779,0.093711,-0.084643,0.746010,-0.393003,0.254236,-0.118699,0.171107,0.301256,0.598019,0.493860,-0.336473,-0.437381,0.105071,-0.108533,0.336335,0.396369,-0.795759,0.369406,-0.368355,-0.213529,-0.067078,-0.158291
3.643394,0.167085,0.690558,-0.061985,-0.153766,0.799501,0.577332,-0.014078,0.114000,-0.129789,2.373062,-0.286131,0.157147,-0.273193,0.095255,-0.082844,0.784027,-0.432880,0.256049,-0.109830,0.171861,0.316385,0.618802,0.473125,-0.336502,-0.412239,0.081047,-0.108443,0.338824,0.313854,-0.807735,0.399187,-0.385434,-0.203369,-0.069027,-0.160718
3.640904,0.180701,0.687565,-0.056804,-0.153925,0.798673,0.578967,-0.045527,0.089463,-0.121377,2.416946,-0.310765,0.149272,-0.255089,0.093157,-0.076288,0.815183,-0.471288,0.254049,-0.098709,0.168580,0.327200,0.646590,0.455676,-0.336158,-0.402488,0.056146,-0.110267,0.336563,0.227215,-0.815464,0.427793,-0.400993,-0.198395,-0.070955,-0.161672
3.638109,0.194388,0.685271,-0.051927,-0.152459,0.797618,0.581262,-0.083209,0.066571,-0.109257,2.451207,-0.333359,0.141190,-0.235428,0.089107,-0.067032,0.837664,-0.506003,0.251216,-0.084635,0.164241,0.334091,0.677549,0.441729,-0.335861,-0.402976,0.037061,-0.113120,0.330686,0.142705,-0.818706,0.453180,-0.416009,-0.194934,-0.072606,-0.162599
3.634859,0.208092,0.683706,-0.047900,-0.150497,0.796344,0.583860,-0.124838,0.048863,-0.096000,2.474795,-0.353317,0.133583,-0.213109,0.084741,-0.057156,0.849766,-0.534813,0.250495,-0.066968,0.161799,0.337428,0.707992,0.431262,-0.335631,-0.408661,0.030618,-0.116326,0.322538,0.066599,-0.817716,0.473514,-0.431519,-0.189352,-0.073740,-0.164820
3.631190,0.222053,0.683147,-0.045040,-0.148148,0.794589,0.587070,-0.171698,0.038952,-0.081448,2.487337,-0.371022,0.126542,-0.188565,0.080722,-0.046737,0.851401,-0.558199,0.252589,-0.044720,0.162242,0.336366,0.738155,0.424612,-0.335389,-0.420920,0.043896,-0.120789,0.310507,-0.000469,-0.812855,0.487822,-0.447079,-0.179996,-0.074100,-0.169313
3.627054,0.236314,0.683598,-0.042996,-0.145040,0.792347,0.591017,-0.224646,0.034975,-0.065166,2.489168,-0.385711,0.119410,-0.162027,0.076465,-0.034975,0.843516,-0.577049,0.255707,-0.018132,0.163904,0.331076,0.769822,0.421916,-0.335079,-0.441774,0.071267,-0.126905,0.294748,-0.061422,-0.804463,0.496964,-0.461870,-0.169133,-0.073947,-0.175037
3.622404,0.250694,0.685066,-0.041238,-0.141519,0.790014,0.595105,-0.280171,0.033416,-0.049151,2.480321,-0.395642,0.111774,-0.131962,0.071423,-0.022470,0.825882,-0.589849,0.259163,0.011243,0.165567,0.323441,0.802055,0.422428,-0.334197,-0.467365,0.100743,-0.133142,0.279252,-0.116134,-0.793169,0.502640,-0.476122,-0.158817,-0.073750,-0.180269
3.617175,0.265180,0.687530,-0.039258,-0.137905,0.788015,0.598727,-0.334562,0.030356,-0.035280,2.460872,-0.399527,0.103185,-0.096856,0.064932,-0.009768,0.798124,-0.595059,0.261800,0.041465,0.166169,0.315403,0.833651,0.424822,-0.332191,-0.493440,0.120675,-0.137453,0.267740,-0.164509,-0.779909,0.506677,-0.490337,-0.151046,-0.073890,-0.183251
3.611406,0.279755,0.690863,-0.036617,-0.134221,0.786297,0.601980,-0.386291,0.023859,-0.023512,2.429408,-0.397263,0.092465,-0.054441,0.056610,0.004342,0.756519,-0.593066,0.261800,0.072653,0.165766,0.307890,0.863736,0.428016,-0.328806,-0.518915,0.128605,-0.138800,0.261177,-0.205731,-0.765405,0.508545,-0.505374,-0.145661,-0.074315,-0.183374
3.605212,0.294586,0.695088,-0.033718,-0.130377,0.784634,0.605157,-0.435438,0.016656,-0.013110,2.386285,-0.391549,0.080187,-0.005976,0.046427,0.019805,0.702108,-0.584289,0.261800,0.105149,0.165090,0.299852,0.892787,0.431653,-0.324167,-0.545335,0.130957,-0.138271,0.257273,-0.240649,-0.750130,0.508220,-0.521071,-0.141651,-0.074749,-0.181684
3.598552,0.309835,0.700079,-0.030995,-0.126019,0.783369,0.607859,-0.481315,0.010561,-0.003682,2.334068,-0.384675,0.069115,0.044136,0.033962,0.034304,0.642679,-0.567789,0.261800,0.136861,0.163010,0.290401,0.921666,0.435464,-0.318263,-0.572508,0.129510,-0.136706,0.254754,-0.271215,-0.734642,0.508191,-0.536941,-0.139716,-0.075198,-0.178961
3.591350,0.325553,0.705692,-0.028959,-0.120918,0.782829,0.609687,-0.523601,0.007090,0.005199,2.275270,-0.378385,0.061558,0.091443,0.019603,0.045387,0.585923,-0.542463,0.261800,0.165596,0.158525,0.278803,0.951296,0.439146,-0.311050,-0.600203,0.126035,-0.134978,0.252349,-0.299228,-0.719416,0.511003,-0.552535,-0.140543,-0.075662,-0.176046
3.583810,0.341609,0.711801,-0.027539,-0.114726,0.783140,0.610550,-0.562109,0.004288,0.013867,2.209031,-0.373142,0.056654,0.136558,0.002925,0.053160,0.530563,-0.507143,0.261800,0.190664,0.150600,0.264997,0.982665,0.442315,-0.301879,-0.628892,0.119285,-0.133057,0.250086,-0.324207,-0.704752,0.517269,-0.568786,-0.145299,-0.076390,-0.173123
3.576038,0.357886,0.718082,-0.026544,-0.107585,0.784163,0.610581,-0.596205,0.001211,0.022853,2.134320,-0.368669,0.053418,0.180672,-0.015644,0.058189,0.474068,-0.462886,0.261800,0.212735,0.139738,0.249630,1.014829,0.444718,-0.290972,-0.658233,0.109024,-0.130569,0.248444,-0.345232,-0.690768,0.525765,-0.586125,-0.153188,-0.077271,-0.169849
3.568141,0.374259,0.724419,-0.026247,-0.100056,0.785841,0.609716,-0.625543,0.000494,0.032946,2.053219,-0.364822,0.053509,0.220322,-0.033993,0.059020,0.422781,-0.412223,0.261800,0.231717,0.127490,0.233055,1.045812,0.446312,-0.279655,-0.686900,0.098497,-0.127877,0.246869,-0.363334,-0.677569,0.536079,-0.603334,-0.161881,-0.077781,-0.166235
3.559966,0.390619,0.730785,-0.026919,-0.092752,0.788132,0.607882,-0.650035,0.004527,0.044917,1.967658,-0.361179,0.058315,0.252294,-0.050354,0.054514,0.383341,-0.357785,0.261800,0.247542,0.115531,0.215552,1.073693,0.447196,-0.269226,-0.713654,0.090945,-0.125343,0.244797,-0.379622,-0.665214,0.547867,-0.619154,-0.169122,-0.077386,-0.162297
3.551476,0.407198,0.737192,-0.028943,-0.085386,0.791255,0.604803,-0.671184,0.013976,0.059516,1.877561,-0.357385,0.068919,0.275038,-0.065055,0.042787,0.358149,-0.297995,0.261800,0.259632,0.103678,0.196083,1.098550,0.447466,-0.259556,-0.738354,0.087374,-0.123036,0.242092,-0.394051,-0.653793,0.561508,-0.633668,-0.174404,-0.075756,-0.158409
3.542889,0.423740,0.743443,-0.032324,-0.078211,0.795117,0.600522,-0.688473,0.026337,0.076046,1.782276,-0.354079,0.082453,0.290884,-0.077183,0.025865,0.343443,-0.232084,0.259194,0.268088,0.092362,0.174621,1.121237,0.447137,-0.250108,-0.761700,0.086029,-0.120779,0.239057,-0.406106,-0.643399,0.577032,-0.647559,-0.178890,-0.073228,-0.154416
3.534164,0.440317,0.749597,-0.036127,-0.071802,0.799344,0.595474,-0.699056,0.038341,0.094739,1.681406,-0.351153,0.095478,0.301642,-0.086140,0.007726,0.338680,-0.165158,0.248713,0.273881,0.082230,0.153432,1.140996,0.446256,-0.241519,-0.783750,0.086006,-0.118572,0.235747,-0.416347,-0.634079,0.593498,-0.660339,-0.182756,-0.070267,-0.149538
3.525342,0.456608,0.755461,-0.039609,-0.066909,0.803521,0.590177,-0.700629,0.048004,0.114661,1.574626,-0.348350,0.105222,0.309668,-0.092019,-0.007958,0.341508,-0.101086,0.237054,0.278338,0.074452,0.134558,1.157130,0.444916,-0.234430,-0.804662,0.086389,-0.116410,0.232235,-0.425407,-0.625887,0.609892,-0.671474,-0.186125,-0.067347,-0.142980
3.516465,0.472782,0.761040,-0.042873,-0.063351,0.807597,0.584752,-0.693222,0.057346,0.136585,1.459726,-0.345569,0.113150,0.314801,-0.095300,-0.021815,0.349612,-0.037270,0.224403,0.282084,0.068805,0.117840,1.169022,0.443151,-0.229092,-0.824322,0.087187,-0.113864,0.228417,-0.433487,-0.618984,0.625913,-0.681035,-0.188494,-0.064245,-0.133542
3.507572,0.489048,0.766245,-0.046234,-0.060716,0.811715,0.579046,-0.678488,0.066247,0.160877,1.336999,-0.342353,0.119655,0.316358,-0.096641,-0.035377,0.363163,0.028690,0.211558,0.284779,0.064703,0.102242,1.177261,0.441055,-0.225033,-0.842864,0.088816,-0.111091,0.224272,-0.440330,-0.613478,0.642049,-0.689366,-0.189938,-0.060804,-0.122007
3.498765,0.505508,0.771015,-0.049322,-0.059460,0.815754,0.573216,-0.657209,0.071377,0.184267,1.209601,-0.337457,0.121539,0.316393,-0.094885,-0.045884,0.382415,0.092996,0.199725,0.286499,0.062745,0.088511,1.182996,0.438900,-0.221774,-0.860799,0.090921,-0.108955,0.220034,-0.445714,-0.609235,0.658358,-0.696442,-0.191469,-0.057620,-0.110556
3.489979,0.522146,0.775226,-0.051770,-0.060108,0.819608,0.567405,-0.630277,0.070746,0.202577,1.080418,-0.329589,0.116925,0.317194,-0.088434,-0.050769,0.407417,0.151625,0.189234,0.287314,0.063610,0.077422,1.187462,0.437075,-0.218808,-0.878756,0.093098,-0.108310,0.215979,-0.449456,-0.605971,0.674896,-0.702036,-0.194114,-0.055324,-0.101314
3.481276,0.538846,0.778639,-0.053432,-0.063510,0.823220,0.561623,-0.595811,0.065048,0.211607,0.944740,-0.317884,0.107838,0.320113,-0.075012,-0.048328,0.438194,0.203976,0.177692,0.287440,0.068636,0.069664,1.190982,0.435937,-0.216004,-0.897140,0.096154,-0.109682,0.212143,-0.451378,-0.603474,0.691896,-0.705985,-0.200161,-0.054318,-0.095050
3.472662,0.555619,0.781100,-0.054576,-0.069295,0.826634,0.555784,-0.554160,0.057880,0.212903,0.801968,-0.303361,0.097073,0.324313,-0.055429,-0.040507,0.473651,0.252718,0.165220,0.287103,0.077325,0.064635,1.193053,0.435671,-0.213565,-0.915776,0.099886,-0.112505,0.208523,-0.451526,-0.601850,0.708970,-0.708339,-0.208379,-0.054231,-0.090469
3.464263,0.572512,0.782456,-0.055463,-0.076274,0.829881,0.549913,-0.509374,0.051671,0.210815,0.660843,-0.286980,0.083855,0.328606,-0.032356,-0.029878,0.512911,0.298189,0.155543,0.285995,0.087942,0.061123,1.193903,0.436063,-0.211510,-0.934338,0.102331,-0.115997,0.205370,-0.450830,-0.600638,0.726193,-0.708361,-0.214677,-0.054460,-0.086727
3.456013,0.589671,0.782925,-0.056383,-0.083377,0.832991,0.544054,-0.465422,0.047550,0.210223,0.529710,-0.269109,0.066037,0.331690,-0.007785,-0.018576,0.555447,0.340288,0.152972,0.284238,0.098868,0.058088,1.193395,0.437002,-0.209875,-0.952398,0.101658,-0.119353,0.202778,-0.449050,-0.600087,0.742432,-0.706551,-0.214818,-0.054475,-0.082673
3.447763,0.606746,0.782376,-0.057759,-0.091623,0.835760,0.538306,-0.420646,0.046859,0.212369,0.403965,-0.246811,0.037078,0.333759,0.023675,-0.002230,0.602355,0.378110,0.158750,0.281787,0.112356,0.055010,1.192566,0.438318,-0.208574,-0.970860,0.096420,-0.122408,0.200906,-0.446385,-0.600056,0.758167,-0.702525,-0.205442,-0.054248,-0.078174
3.439383,0.623542,0.780826,-0.059645,-0.102291,0.837990,0.532684,-0.372629,0.051026,0.214115,0.278952,-0.220082,-0.000181,0.335660,0.064707,0.019566,0.654698,0.411251,0.171359,0.278778,0.131014,0.052411,1.191891,0.440239,-0.207716,-0.990133,0.087833,-0.125553,0.199817,-0.443365,-0.600375,0.774452,-0.695759,-0.189554,-0.053844,-0.074066
3.430959,0.639843,0.778421,-0.061635,-0.114089,0.839921,0.526990,-0.324529,0.058428,0.214763,0.162751,-0.192671,-0.035156,0.336259,0.107762,0.038210,0.712473,0.439686,0.190807,0.275338,0.152201,0.050911,1.189529,0.442794,-0.207513,-1.008532,0.078343,-0.128822,0.199039,-0.439561,-0.601200,0.790010,-0.687035,-0.172566,-0.053068,-0.069961
3.422898,0.655563,0.775511,-0.062807,-0.123895,0.842301,0.520802,-0.309551,0.069000,0.212378,0.126979,-0.201078,-0.057338,0.332594,0.140455,0.043910,0.777124,0.462439,0.216583,0.270327,0.169384,0.051322,1.182617,0.445327,-0.208159,-1.023248,0.070423,-0.132285,0.197915,-0.435090,-0.602533,0.803910,-0.676840,-0.159806,-0.051793,-0.065630
3.414956,0.670917,0.772297,-0.062960,-0.130362,0.845516,0.513950,-0.306985,0.073618,0.207454,0.124955,-0.222944,-0.065620,0.323181,0.157748,0.031923,0.850681,0.478590,0.252900,0.263013,0.179955,0.053274,1.170015,0.447837,-0.210037,-1.033501,0.063918,-0.136091,0.196430,-0.430269,-0.604461,0.816700,-0.664982,-0.151794,-0.049594,-0.061160
3.407078,0.686048,0.768673,-0.063085,-0.135034,0.849245,0.506527,-0.303221,0.073278,0.200716,0.124849,-0.240654,-0.066371,0.308234,0.150307,-0.015233,0.932276,0.489228,0.261800,0.253649,0.187019,0.055597,1.152149,0.450017,-0.212940,-1.039609,0.057839,-0.140184,0.194680,-0.425217,-0.606771,0.828573,-0.651123,-0.145950,-0.046775,-0.056614
3.399054,0.701070,0.764590,-0.061904,-0.136524,0.853687,0.498746,-0.296292,0.064474,0.195552,0.125520,-0.248543,-0.057213,0.289762,0.123005,-0.073042,1.022582,0.493274,0.261800,0.242261,0.187197,0.060091,1.129524,0.451549,-0.216497,-1.041325,0.053200,-0.144311,0.192759,-0.419869,-0.608923,0.839196,-0.634968,-0.143456,-0.044190,-0.052260
3.391061,0.715809,0.760098,-0.058488,-0.133997,0.859043,0.490579,-0.284790,0.045227,0.194130,0.126429,-0.240882,-0.035991,0.270084,0.082358,-0.123637,1.118611,0.490627,0.261800,0.229163,0.178415,0.068067,1.102125,0.452876,-0.220984,-1.038274,0.051063,-0.148198,0.191294,-0.413413,-0.611744,0.847926,-0.617330,-0.145371,-0.042641,-0.048865
3.382909,0.729507,0.755707,-0.051975,-0.126265,0.865428,0.482069,-0.267472,0.012176,0.199283,0.128002,-0.207720,-0.000177,0.250882,0.025894,-0.165511,1.220372,0.480131,0.261800,0.214308,0.157210,0.080483,1.070534,0.453506,-0.225785,-1.031136,0.052619,-0.151990,0.189810,-0.406191,-0.614996,0.854622,-0.598843,-0.153601,-0.042411,-0.045855
3.374762,0.743113,0.750913,-0.042931,-0.114790,0.872341,0.473288,-0.267990,-0.027290,0.210237,0.178644,-0.179072,0.046357,0.234359,-0.043918,-0.201648,1.326555,0.462972,0.261800,0.198402,0.126919,0.096479,1.035301,0.453223,-0.231005,-1.020560,0.057052,-0.155767,0.188273,-0.398448,-0.618598,0.859733,-0.579112,-0.166925,-0.043046,-0.043216
3.366759,0.757041,0.745123,-0.032807,-0.102794,0.879243,0.463993,-0.283732,-0.066190,0.223839,0.266733,-0.165717,0.097399,0.221023,-0.113317,-0.228301,1.431162,0.443114,0.261800,0.181964,0.095197,0.114727,0.996799,0.452410,-0.236586,-1.006414,0.062139,-0.159191,0.187132,-0.389017,-0.622423,0.862632,-0.557103,-0.181833,-0.044400,-0.041620
3.358833,0.770654,0.738543,-0.022863,-0.092250,0.885978,0.453883,-0.297752,-0.103368,0.233263,0.350811,-0.163883,0.150055,0.208429,-0.171412,-0.243036,1.530218,0.423570,0.261800,0.165125,0.067068,0.133747,0.954392,0.451803,-0.242714,-0.987680,0.065605,-0.161914,0.186977,-0.376575,-0.626228,0.862417,-0.531693,-0.194842,-0.046328,-0.041714
3.350873,0.783686,0.731456,-0.013152,-0.082055,0.892892,0.442535,-0.316572,-0.140173,0.234557,0.443259,-0.184186,0.212536,0.193472,-0.218149,-0.244454,1.625958,0.403813,0.261800,0.147071,0.040216,0.152973,0.907065,0.451974,-0.249725,-0.962813,0.063215,-0.164609,0.188277,-0.361039,-0.629947,0.858884,-0.502627,-0.205322,-0.049079,-0.043188
3.343582,0.796648,0.724006,-0.003496,-0.072415,0.899581,0.430694,-0.341184,-0.173121,0.228655,0.551322,-0.221785,0.261800,0.177977,-0.262106,-0.240573,1.719468,0.383206,0.248099,0.129679,0.014260,0.172650,0.854801,0.453022,-0.257729,-0.932333,0.057238,-0.167191,0.190932,-0.342473,-0.633584,0.851914,-0.470482,-0.215146,-0.052630,-0.045863
3.336853,0.809993,0.717108,0.005404,-0.065732,0.905382,0.419444,-0.362915,-0.195978,0.213897,0.660712,-0.268758,0.261800,0.162295,-0.300151,-0.234912,1.806712,0.363425,0.218905,0.115685,-0.005697,0.192486,0.797956,0.455001,-0.266716,-0.898056,0.055113,-0.168166,0.194682,-0.319877,-0.636875,0.840825,-0.435099,-0.224629,-0.056419,-0.050567
3.329530,0.823301,0.711179,0.014301,-0.060223,0.910996,0.407745,-0.369874,-0.221075,0.197802,0.744134,-0.309513,0.261800,0.144743,-0.326362,-0.223224,1.885571,0.344918,0.195531,0.102047,-0.022842,0.212797,0.739110,0.457549,-0.275415,-0.863592,0.064054,-0.166037,0.198995,-0.293540,-0.638863,0.826471,-0.395692,-0.234000,-0.059772,-0.058293
3.321914,0.836345,0.705901,0.023573,-0.057565,0.916438,0.395314,-0.358436,-0.244882,0.181907,0.802184,-0.346895,0.261800,0.129914,-0.350268,-0.214898,1.955360,0.329980,0.161281,0.091943,-0.032701,0.235559,0.668947,0.461651,-0.289712,-0.820956,0.088531,-0.157651,0.205556,-0.258455,-0.640053,0.804064,-0.349349,-0.240786,-0.063715,-0.072006
3.314398,0.849110,0.700976,0.033398,-0.056476,0.921798,0.382077,-0.333865,-0.267723,0.165084,0.844612,-0.385938,0.261800,0.114698,-0.367177,-0.203312,2.018316,0.317417,0.124308,0.082582,-0.038931,0.260740,0.592622,0.466676,-0.306199,-0.774079,0.122895,-0.144635,0.213447,-0.217722,-0.639547,0.776931,-0.297129,-0.245562,-0.068049,-0.090854
3.307066,0.861863,0.696353,0.042561,-0.055421,0.926671,0.369320,-0.303332,-0.288892,0.148321,0.875803,-0.423924,0.261800,0.095102,-0.381043,-0.187330,2.075627,0.301449,0.088274,0.074133,-0.044969,0.284257,0.518740,0.471970,-0.321809,-0.731713,0.162240,-0.132035,0.220414,-0.174477,-0.637522,0.746983,-0.246597,-0.253946,-0.070810,-0.107207
3.299500,0.874646,0.692225,0.049704,-0.053110,0.930713,0.358443,-0.274370,-0.307953,0.132753,0.899894,-0.458039,0.261800,0.067842,-0.399218,-0.167954,2.128552,0.275569,0.052257,0.066072,-0.053753,0.301972,0.457010,0.476991,-0.332100,-0.703159,0.201941,-0.125216,0.224188,-0.132873,-0.634542,0.717360,-0.205336,-0.271324,-0.069904,-0.113741
3.291575,0.887442,0.688772,0.054447,-0.049053,0.933598,0.350748,-0.248217,-0.324764,0.121005,0.915991,-0.488357,0.261800,0.028976,-0.421852,-0.142136,2.178644,0.237111,0.018376,0.059606,-0.066224,0.312715,0.410309,0.481315,-0.335079,-0.691322,0.247749,-0.127392,0.223907,-0.095085,-0.630845,0.688948,-0.173148,-0.306435,-0.063198,-0.106145
3.283116,0.900141,0.686109,0.057426,-0.044234,0.935657,0.345387,-0.221389,-0.339332,0.112115,0.922655,-0.516214,0.261800,-0.020234,-0.444170,-0.110318,2.224770,0.190687,-0.013375,0.054067,-0.079905,0.318669,0.373245,0.485078,-0.332779,-0.690607,0.300245,-0.135451,0.221027,-0.059468,-0.626282,0.661239,-0.146440,-0.353916,-0.052954,-0.088857
3.274289,0.912571,0.684211,0.058801,-0.039601,0.937569,0.340498,-0.194250,-0.351718,0.101999,0.923006,-0.540760,0.261800,-0.075243,-0.466356,-0.078823,2.264023,0.140619,-0.047206,0.046448,-0.092606,0.320626,0.342806,0.489136,-0.327047,-0.697452,0.347149,-0.145368,0.216878,-0.024221,-0.621057,0.634775,-0.127529,-0.397938,-0.043391,-0.067996
3.265157,0.924872,0.683217,0.058774,-0.036080,0.939996,0.334144,-0.166986,-0.361688,0.086339,0.920480,-0.561199,0.261800,-0.130952,-0.489883,-0.054623,2.293396,0.090964,-0.088032,0.033832,-0.102367,0.319546,0.316573,0.494814,-0.319714,-0.708981,0.375980,-0.152958,0.212275,0.013019,-0.615640,0.609588,-0.119551,-0.422473,-0.037613,-0.050271
3.255952,0.937080,0.683085,0.057089,-0.033870,0.943118,0.325763,-0.139861,-0.368845,0.063401,0.915843,-0.578367,0.261800,-0.187659,-0.515200,-0.040365,2.312588,0.041216,-0.139625,0.014963,-0.108602,0.315381,0.295427,0.503532,-0.310511,-0.728130,0.377689,-0.157215,0.206475,0.054317,-0.610458,0.584254,-0.127860,-0.420112,-0.036179,-0.035402
3.246542,0.949356,0.683882,0.053694,-0.032743,0.946516,0.316469,-0.112783,-0.372382,0.035695,0.908075,-0.592868,0.261800,-0.247550,-0.538686,-0.033102,2.322786,-0.009494,-0.196443,-0.007714,-0.111850,0.308384,0.281313,0.515843,-0.298569,-0.757127,0.360478,-0.160067,0.199511,0.099485,-0.605704,0.557987,-0.151269,-0.400324,-0.036859,-0.020695
3.236735,0.961698,0.685658,0.049166,-0.032863,0.949945,0.306768,-0.085131,-0.371642,0.005172,0.897499,-0.603486,0.261800,-0.307495,-0.557398,-0.031449,2.323393,-0.057956,-0.249986,-0.031746,-0.112108,0.300053,0.273405,0.531385,-0.284760,-0.791968,0.337889,-0.161769,0.193034,0.147449,-0.601489,0.531831,-0.183002,-0.372419,-0.038120,-0.009405
3.226414,0.973927,0.688290,0.044162,-0.034135,0.953223,0.297070,-0.056191,-0.366910,-0.026056,0.883961,-0.608704,0.261800,-0.365221,-0.551578,-0.023467,2.313665,-0.099158,-0.261800,-0.054884,-0.109596,0.291622,0.269999,0.549045,-0.270214,-0.827388,0.323695,-0.162859,0.188655,0.196585,-0.597844,0.507145,-0.215384,-0.345742,-0.038887,-0.004829
3.215558,0.985979,0.691753,0.038692,-0.036905,0.956497,0.286800,-0.025378,-0.357663,-0.060130,0.866997,-0.609040,0.261800,-0.415503,-0.544110,-0.023113,2.292888,-0.139384,-0.261800,-0.078189,-0.103613,0.283427,0.270223,0.568118,-0.254591,-0.861573,0.323425,-0.163421,0.186757,0.246986,-0.594897,0.484933,-0.247802,-0.317353,-0.039310,-0.011060
3.204173,0.997911,0.695954,0.032452,-0.041023,0.959718,0.276053,0.006136,-0.343772,-0.096722,0.846877,-0.605120,0.261800,-0.459502,-0.540042,-0.033116,2.261489,-0.180142,-0.261800,-0.102296,-0.094121,0.274998,0.274976,0.588335,-0.237107,-0.896845,0.329341,-0.163309,0.186362,0.299172,-0.592673,0.464417,-0.283497,-0.284038,-0.040391,-0.025255
3.192300,1.009710,0.700750,0.026450,-0.044248,0.962826,0.265159,0.038712,-0.330087,-0.132025,0.821542,-0.593044,0.261800,-0.499172,-0.537907,-0.045201,2.221590,-0.216843,-0.261800,-0.128091,-0.085452,0.264981,0.281000,0.604062,-0.220026,-0.927960,0.336663,-0.163238,0.185156,0.348234,-0.590572,0.447443,-0.315601,-0.255055,-0.041804,-0.040817
3.179865,1.021557,0.706091,0.020524,-0.047044,0.965334,0.255921,0.069951,-0.314425,-0.160456,0.794391,-0.573077,0.261800,-0.536901,-0.533812,-0.056187,2.174729,-0.244282,-0.261800,-0.148555,-0.078531,0.256703,0.295896,0.625612,-0.201421,-0.967186,0.336694,-0.162599,0.186609,0.401999,-0.589089,0.424991,-0.352025,-0.239029,-0.043821,-0.049133
3.166964,1.033396,0.711921,0.014716,-0.049650,0.967098,0.249078,0.100499,-0.295941,-0.180256,0.764630,-0.544405,0.261800,-0.572741,-0.527521,-0.065962,2.120402,-0.261227,-0.261800,-0.165208,-0.071780,0.246809,0.314085,0.644853,-0.183719,-1.004302,0.330455,-0.161774,0.187870,0.452247,-0.587124,0.403579,-0.382849,-0.242233,-0.044914,-0.048755
3.153619,1.045258,0.718077,0.008743,-0.052506,0.968302,0.244044,0.129971,-0.274404,-0.193577,0.732915,-0.508491,0.261800,-0.604792,-0.519539,-0.077986,2.057928,-0.270851,-0.261800,-0.178515,-0.063891,0.235579,0.334612,0.661731,-0.166917,-1.039089,0.320998,-0.160829,0.188782,0.500663,-0.584645,0.382363,-0.409981,-0.258925,-0.045622,-0.043291
3.139901,1.057110,0.724555,0.002304,-0.055732,0.969102,0.240269,0.155793,-0.250757,-0.201247,0.702880,-0.467520,0.261800,-0.632902,-0.507423,-0.092382,1.988540,-0.274244,-0.261800,-0.188227,-0.054192,0.218833,0.334729,0.673965,-0.162146,-1.047200,0.307268,-0.162214,0.190198,0.547276,-0.581510,0.363439,-0.429939,-0.278991,-0.046223,-0.037005
3.126068,1.069041,0.731221,-0.004903,-0.059320,0.969660,0.237100,0.175692,-0.225997,-0.204525,0.677770,-0.423362,0.261800,-0.657510,-0.489288,-0.108180,1.913486,-0.272355,-0.261800,-0.193205,-0.042232,0.199896,0.325667,0.684870,-0.167758,-1.047200,0.291688,-0.163360,0.192935,0.594807,-0.576610,0.342901,-0.446973,-0.294118,-0.047636,-0.032683
3.112032,1.080946,0.737888,-0.013245,-0.063333,0.969935,0.234605,0.189196,-0.199572,-0.202482,0.657209,-0.373845,0.261800,-0.679770,-0.463845,-0.123954,1.832025,-0.264735,-0.261800,-0.197127,-0.028528,0.178831,0.318077,0.693417,-0.176010,-1.047200,0.271647,-0.165112,0.196449,0.637708,-0.570641,0.325098,-0.457926,-0.302773,-0.049768,-0.031346
3.097804,1.092842,0.744530,-0.022375,-0.067559,0.969902,0.232864,0.198018,-0.171761,-0.195569,0.639883,-0.318631,0.261800,-0.699179,-0.432846,-0.138832,1.743709,-0.251279,-0.261800,-0.199651,-0.013901,0.156000,0.312584,0.700195,-0.186126,-1.047200,0.247477,-0.167374,0.200525,0.676666,-0.563986,0.309391,-0.463595,-0.309626,-0.052368,-0.031107
3.083470,1.104816,0.751002,-0.031457,-0.071497,0.969784,0.231123,0.204036,-0.144834,-0.187383,0.626065,-0.261571,0.261800,-0.714002,-0.399494,-0.152119,1.649923,-0.233542,-0.261800,-0.201549,-0.000026,0.133008,0.308722,0.705372,-0.197217,-1.047200,0.223849,-0.169820,0.203937,0.712207,-0.556856,0.295208,-0.465726,-0.315263,-0.055345,-0.031380
3.069123,1.116745,0.757183,-0.039656,-0.074646,0.969835,0.228639,0.209325,-0.120982,-0.181191,0.615241,-0.206028,0.261800,-0.722950,-0.366817,-0.162923,1.551891,-0.212701,-0.261800,-0.203830,0.011507,0.111447,0.306129,0.708873,-0.208328,-1.047200,0.205501,-0.172052,0.205362,0.744589,-0.549359,0.282185,-0.465794,-0.320306,-0.058607,-0.031567
3.054715,1.128642,0.762928,-0.047006,-0.076687,0.970132,0.225284,0.214805,-0.101213,-0.178212,0.602948,-0.147384,0.261800,-0.726525,-0.335427,-0.169617,1.447910,-0.188917,-0.261800,-0.207075,0.020079,0.090810,0.304794,0.710511,-0.219192,-1.047200,0.194311,-0.173912,0.203989,0.773828,-0.541496,0.270428,-0.463538,-0.324151,-0.062389,-0.031785
3.039985,1.140247,0.768124,-0.052957,-0.075682,0.971121,0.219983,0.222480,-0.089002,-0.178737,0.585639,-0.082398,0.261800,-0.726153,-0.308617,-0.166553,1.340433,-0.163602,-0.261800,-0.213845,0.021828,0.070599,0.304830,0.710346,-0.230328,-1.047200,0.187573,-0.175539,0.200622,0.800013,-0.533465,0.259905,-0.458470,-0.326788,-0.066649,-0.032221
3.025163,1.151900,0.772798,-0.058696,-0.076310,0.972179,0.213541,0.228248,-0.073103,-0.186352,0.577763,-0.026447,0.226196,-0.719162,-0.273359,-0.153511,1.228304,-0.134802,-0.226570,-0.221275,0.026632,0.052930,0.306070,0.708663,-0.241949,-1.047200,0.183099,-0.176962,0.196452,0.823353,-0.525711,0.250065,-0.451624,-0.329668,-0.070909,-0.032437
3.010212,1.163247,0.776853,-0.063024,-0.076711,0.973504,0.205995,0.234327,-0.058623,-0.193842,0.580654,0.015172,0.189975,-0.706203,-0.241349,-0.136566,1.117162,-0.104327,-0.188901,-0.229161,0.030296,0.038997,0.308426,0.705847,-0.254188,-1.047200,0.178663,-0.178231,0.192719,0.844456,-0.518780,0.240311,-0.444502,-0.334145,-0.074656,-0.032052
2.995311,1.174399,0.780093,-0.065386,-0.075916,0.975265,0.197029,0.240679,-0.046248,-0.196516,0.595493,0.040889,0.163321,-0.687107,-0.215304,-0.114576,1.005883,-0.071902,-0.154442,-0.238213,0.030454,0.028981,0.311769,0.701986,-0.267330,-1.047200,0.175432,-0.179490,0.189505,0.863961,-0.513127,0.230397,-0.438054,-0.341294,-0.077626,-0.030936
2.980511,1.185489,0.782374,-0.066178,-0.074137,0.977346,0.186864,0.246161,-0.035162,-0.195961,0.620699,0.055060,0.142713,-0.662429,-0.195031,-0.087247,0.893383,-0.038103,-0.121879,-0.248413,0.027711,0.021937,0.316352,0.697018,-0.281095,-1.047200,0.173962,-0.180690,0.186379,0.881739,-0.508861,0.220577,-0.431691,-0.349947,-0.080108,-0.029432
2.965725,1.196385,0.783819,-0.065863,-0.071894,0.979495,0.176303,0.250000,-0.025333,-0.194443,0.655725,0.060301,0.127799,-0.634484,-0.180365,-0.056644,0.785130,-0.004523,-0.089792,-0.258334,0.023636,0.017424,0.322573,0.691185,-0.294822,-1.047200,0.171093,-0.181594,0.183841,0.897194,-0.505902,0.210875,-0.424602,-0.358119,-0.082442,-0.027852
2.950986,1.207089,0.784363,-0.064895,-0.069694,0.981494,0.166138,0.252137,-0.017503,-0.194442,0.699130,0.059320,0.117458,-0.605450,-0.170121,-0.025138,0.686043,0.027906,-0.055957,-0.266528,0.019718,0.015100,0.330850,0.684932,-0.307876,-1.047200,0.163633,-0.181934,0.182468,0.909693,-0.504015,0.201296,-0.415973,-0.363839,-0.084967,-0.026484
2.936393,1.217689,0.784006,-0.062917,-0.067135,0.983438,0.156155,0.253042,-0.013293,-0.196052,0.753063,0.050161,0.114368,-0.573317,-0.163317,0.009569,0.592309,0.063080,-0.013106,-0.273289,0.014797,0.015361,0.341233,0.678551,-0.320648,-1.047200,0.149126,-0.181698,0.183097,0.919909,-0.502930,0.191763,-0.405996,-0.367289,-0.087818,-0.025254
2.921942,1.228363,0.782822,-0.059774,-0.064017,0.985386,0.146094,0.252471,-0.012042,-0.198231,0.818272,0.031505,0.118029,-0.537394,-0.160573,0.047787,0.501669,0.100248,0.036149,-0.278968,0.008151,0.018220,0.353457,0.672156,-0.333485,-1.047200,0.129771,-0.181037,0.185341,0.927913,-0.502557,0.182149,-0.394916,-0.369346,-0.090821,-0.024008
2.907598,1.238990,0.780946,-0.056268,-0.061184,0.987127,0.136642,0.250066,-0.011959,-0.201562,0.890278,0.007675,0.121835,-0.502349,-0.161513,0.083139,0.421855,0.132677,0.080031,-0.282343,0.002033,0.022868,0.367392,0.665970,-0.345714,-1.047200,0.109317,-0.179896,0.187968,0.932075,-0.502966,0.172468,-0.381871,-0.369017,-0.093838,-0.022913
2.893558,1.249408,0.778304,-0.053301,-0.059603,0.988473,0.128558,0.245440,-0.011093,-0.206142,0.964669,-0.016846,0.119074,-0.474237,-0.164100,0.108508,0.362734,0.154378,0.107055,-0.282151,-0.000984,0.028451,0.382843,0.660260,-0.356642,-1.047200,0.091478,-0.178172,0.189779,0.930727,-0.504370,0.162830,-0.366025,-0.365282,-0.096710,-0.022156
2.879660,1.259640,0.775099,-0.051538,-0.059774,0.989343,0.122357,0.238497,-0.009689,-0.212240,1.041248,-0.042643,0.104446,-0.459528,-0.166166,0.119285,0.333473,0.164471,0.104385,-0.277355,0.000766,0.034102,0.399505,0.655127,-0.366488,-1.047200,0.075639,-0.175598,0.191113,0.923792,-0.506755,0.153160,-0.346813,-0.357057,-0.099234,-0.020922
2.866039,1.269740,0.771348,-0.050454,-0.061247,0.989881,0.117639,0.229683,-0.008856,-0.218761,1.122565,-0.072147,0.082142,-0.454845,-0.166790,0.119435,0.328527,0.166041,0.082421,-0.268667,0.005915,0.040362,0.417357,0.650621,-0.375649,-1.047200,0.060311,-0.172268,0.192477,0.911934,-0.510114,0.143558,-0.324742,-0.345144,-0.101518,-0.019371
2.852728,1.279799,0.766889,-0.049156,-0.063547,0.990259,0.113719,0.219738,-0.007678,-0.223999,1.207835,-0.103131,0.059901,-0.450826,-0.166011,0.114917,0.334739,0.160131,0.064560,-0.257653,0.012434,0.048527,0.436672,0.646948,-0.383566,-1.047200,0.047848,-0.168594,0.192932,0.894517,-0.514868,0.134521,-0.300456,-0.331263,-0.103922,-0.019226
2.839665,1.289825,0.761776,-0.046796,-0.066249,0.990625,0.109923,0.209308,-0.004795,-0.226978,1.296005,-0.132727,0.045612,-0.438022,-0.163876,0.111825,0.338637,0.148684,0.074085,-0.246050,0.018451,0.059888,0.457970,0.644327,-0.389435,-1.047200,0.040569,-0.165046,0.191604,0.870870,-0.521698,0.126751,-0.274644,-0.317009,-0.106818,-0.022305
2.826780,1.299913,0.755963,-0.043074,-0.069352,0.990983,0.106246,0.199261,0.000347,-0.227756,1.387716,-0.160709,0.042333,-0.412935,-0.160782,0.109472,0.337267,0.133343,0.127601,-0.232179,0.023000,0.072560,0.468084,0.640909,-0.399407,-1.031663,0.040316,-0.163527,0.189152,0.841343,-0.530494,0.121464,-0.244958,-0.300446,-0.110439,-0.029813
2.814432,1.309764,0.749985,-0.038744,-0.073243,0.991201,0.103221,0.189051,0.007519,-0.226747,1.482905,-0.188218,0.045467,-0.384164,-0.156040,0.103597,0.342789,0.110110,0.208144,-0.215141,0.028516,0.085840,0.469123,0.635291,-0.413086,-1.003484,0.045760,-0.163142,0.185351,0.806370,-0.540894,0.117786,-0.211859,-0.281635,-0.114715,-0.040489
2.802341,1.319868,0.743486,-0.034422,-0.080586,0.990988,0.101313,0.179294,0.022736,-0.225513,1.579282,-0.215650,0.049271,-0.355641,-0.142340,0.086663,0.356319,0.076915,0.261800,-0.195735,0.040862,0.101092,0.469457,0.628090,-0.426222,-0.971184,0.052233,-0.163202,0.180608,0.765595,-0.553236,0.115388,-0.177665,-0.263505,-0.119238,-0.053066
2.789956,1.330169,0.736084,-0.030447,-0.090594,0.990363,0.100231,0.169047,0.044317,-0.225239,1.674284,-0.241410,0.050604,-0.331515,-0.119456,0.064885,0.378625,0.031601,0.261800,-0.175575,0.058750,0.116670,0.470853,0.619738,-0.437891,-0.935501,0.054392,-0.164010,0.176437,0.719355,-0.567746,0.114400,-0.143965,-0.248333,-0.123398,-0.066528
2.777792,1.340048,0.728050,-0.026674,-0.098799,0.989820,0.098913,0.155602,0.064361,-0.223623,1.769724,-0.261218,0.053672,-0.316768,-0.097612,0.059206,0.419679,-0.037898,0.261800,-0.156863,0.073862,0.130354,0.473779,0.610754,-0.448027,-0.896049,0.048228,-0.167108,0.171635,0.667295,-0.584974,0.115274,-0.110900,-0.238408,-0.126873,-0.081188
2.766153,1.349545,0.720027,-0.022800,-0.106211,0.989282,0.097578,0.140554,0.085136,-0.221210,1.866653,-0.277459,0.059886,-0.306980,-0.074325,0.062520,0.474257,-0.126248,0.261800,-0.139280,0.087715,0.143545,0.478864,0.601386,-0.456042,-0.853859,0.037345,-0.171839,0.166115,0.608632,-0.604999,0.118990,-0.077585,-0.231609,-0.129964,-0.097550
2.754822,1.358635,0.711994,-0.018784,-0.113037,0.988747,0.096177,0.123842,0.104191,-0.219849,1.961584,-0.294123,0.068729,-0.298799,-0.050167,0.067576,0.532665,-0.217490,0.261800,-0.123652,0.100749,0.156970,0.487178,0.591459,-0.460867,-0.811055,0.027868,-0.175243,0.163008,0.543228,-0.626862,0.126171,-0.044050,-0.223781,-0.133011,-0.114788
2.743676,1.367348,0.704098,-0.014634,-0.119629,0.988178,0.094753,0.105133,0.118570,-0.220782,2.050965,-0.314846,0.078950,-0.289195,-0.026654,0.068031,0.585730,-0.296137,0.261800,-0.110186,0.113806,0.171311,0.498788,0.580561,-0.462119,-0.769056,0.025964,-0.174433,0.165413,0.471227,-0.648978,0.136811,-0.010401,-0.211067,-0.136500,-0.131949
2.732846,1.375657,0.696670,-0.010302,-0.126536,0.987532,0.093074,0.084367,0.127724,-0.225098,2.136469,-0.341523,0.092121,-0.277594,-0.004370,0.061696,0.632905,-0.359418,0.261800,-0.098808,0.127824,0.187136,0.511969,0.568245,-0.460643,-0.724094,0.036709,-0.166605,0.176286,0.390580,-0.670315,0.151633,0.024854,-0.189107,-0.141324,-0.150262
2.721926,1.383534,0.690012,-0.005819,-0.133371,0.986846,0.091175,0.061969,0.132685,-0.230866,2.219418,-0.372042,0.107964,-0.264773,0.015916,0.052628,0.677738,-0.414963,0.261800,-0.089041,0.142069,0.204036,0.526014,0.554431,-0.457101,-0.675854,0.055501,-0.153717,0.192857,0.302030,-0.690433,0.170048,0.061082,-0.161461,-0.147285,-0.169599
2.711107,1.390966,0.684296,-0.001340,-0.139193,0.986210,0.089513,0.037508,0.132804,-0.234672,2.295397,-0.403109,0.122313,-0.250135,0.032609,0.044480,0.718013,-0.463906,0.261800,-0.079873,0.155183,0.221181,0.541818,0.539419,-0.451511,-0.630678,0.074139,-0.140222,0.209901,0.210675,-0.708511,0.189185,0.094762,-0.136386,-0.152990,-0.186915
2.700510,1.397617,0.679592,0.002950,-0.143144,0.985730,0.088533,0.009451,0.127700,-0.233802,2.359790,-0.430667,0.131069,-0.233552,0.045052,0.040219,0.751393,-0.506841,0.261800,-0.069902,0.165876,0.237602,0.560171,0.523918,-0.444177,-0.594916,0.084789,-0.130979,0.222736,0.121510,-0.723738,0.206049,0.122888,-0.122350,-0.156669,-0.199198
2.690046,1.403492,0.675858,0.007285,-0.145070,0.985435,0.088429,-0.024808,0.116576,-0.227520,2.412418,-0.451793,0.132302,-0.215368,0.053839,0.040075,0.778404,-0.542859,0.261800,-0.058469,0.173864,0.254348,0.582061,0.508259,-0.434646,-0.570986,0.085150,-0.127324,0.231953,0.033542,-0.735147,0.218692,0.146285,-0.125729,-0.157011,-0.204719
2.679388,1.408701,0.672856,0.011585,-0.145574,0.985279,0.088879,-0.065899,0.100248,-0.217357,2.455535,-0.467372,0.128686,-0.195688,0.059674,0.041973,0.799695,-0.571838,0.261800,-0.045707,0.180023,0.271292,0.606439,0.492748,-0.423601,-0.555215,0.079585,-0.126775,0.239715,-0.054578,-0.742587,0.228069,0.166397,-0.141298,-0.155067,-0.205300
2.668164,1.413464,0.670751,0.015209,-0.145055,0.985241,0.089598,-0.113289,0.080818,-0.204568,2.487844,-0.478123,0.122844,-0.174162,0.062893,0.045036,0.813007,-0.595213,0.261800,-0.031669,0.184943,0.285845,0.632012,0.478378,-0.412442,-0.545898,0.070358,-0.128651,0.244069,-0.141377,-0.747169,0.237364,0.183415,-0.159385,-0.152521,-0.203388
2.656610,1.417786,0.669538,0.017579,-0.143922,0.985298,0.090359,-0.166144,0.060232,-0.190590,2.507906,-0.484943,0.117089,-0.150354,0.063870,0.048441,0.816088,-0.614345,0.261800,-0.016731,0.189151,0.295699,0.658459,0.466387,-0.401960,-0.542364,0.059522,-0.132215,0.243181,-0.223282,-0.750592,0.249272,0.195078,-0.170187,-0.150914,-0.201612
2.644563,1.421698,0.669324,0.018660,-0.142230,0.985436,0.091320,-0.226013,0.037057,-0.175296,2.514654,-0.487339,0.110294,-0.123909,0.062789,0.052258,0.808046,-0.630548,0.261800,-0.000626,0.192784,0.300820,0.687586,0.457710,-0.391582,-0.548216,0.044124,-0.138730,0.234538,-0.299660,-0.754279,0.264216,0.199047,-0.170184,-0.150673,-0.200541
2.632211,1.425233,0.669886,0.018959,-0.139929,0.985629,0.092715,-0.292475,0.011529,-0.157962,2.508450,-0.484620,0.101145,-0.094648,0.059951,0.056847,0.790142,-0.642710,0.261800,0.017349,0.196026,0.303074,0.720067,0.452421,-0.380998,-0.564437,0.023584,-0.147822,0.219852,-0.372436,-0.758238,0.280723,0.196631,-0.164000,-0.150917,-0.198944
2.619550,1.428572,0.671239,0.018713,-0.137129,0.985862,0.094450,-0.361030,-0.012046,-0.139251,2.490068,-0.477909,0.091979,-0.062491,0.055525,0.062227,0.763665,-0.648983,0.261800,0.037017,0.198616,0.302748,0.754108,0.450147,-0.370829,-0.585875,0.003775,-0.156435,0.203795,-0.438069,-0.761983,0.297254,0.187708,-0.154604,-0.151099,-0.196782
2.606440,1.431634,0.673386,0.018049,-0.133842,0.986142,0.096358,-0.426986,-0.029728,-0.119878,2.460511,-0.468625,0.085421,-0.027591,0.049358,0.068338,0.729853,-0.647505,0.261800,0.058129,0.200071,0.299939,0.787344,0.450369,-0.361826,-0.606803,-0.009018,-0.161916,0.191240,-0.494939,-0.764892,0.312925,0.174155,-0.144959,-0.150681,-0.193947
2.592487,1.434410,0.676492,0.016906,-0.129522,0.986511,0.098667,-0.488970,-0.041874,-0.098897,2.418378,-0.458473,0.081359,0.011164,0.040309,0.076765,0.685680,-0.638945,0.261800,0.080952,0.199009,0.293992,0.819212,0.453071,-0.354351,-0.626103,-0.012312,-0.163372,0.183532,-0.542788,-0.766700,0.327847,0.156423,-0.134695,-0.149614,-0.190671
2.577700,1.436800,0.680536,0.015188,-0.124001,0.986977,0.101336,-0.546983,-0.050031,-0.075723,2.363599,-0.448687,0.078953,0.053070,0.027868,0.086863,0.631826,-0.624111,0.261800,0.105130,0.194865,0.285051,0.851030,0.458309,-0.347473,-0.646337,-0.009511,-0.162487,0.178135,-0.583028,-0.767678,0.342591,0.134225,-0.122895,-0.148128,-0.186890
2.562183,1.439041,0.685438,0.012901,-0.117902,0.987510,0.103712,-0.599221,-0.052856,-0.051540,2.299341,-0.439170,0.079818,0.095096,0.013178,0.095073,0.574982,-0.601303,0.261800,0.129128,0.188527,0.274153,0.883095,0.465452,-0.340082,-0.666829,-0.002965,-0.160674,0.174189,-0.616196,-0.768159,0.356983,0.108073,-0.111707,-0.146101,-0.182067
2.546162,1.441112,0.690984,0.010080,-0.111945,0.988086,0.105136,-0.644551,-0.049531,-0.027600,2.228772,-0.429081,0.085326,0.134325,-0.002223,0.098032,0.522194,-0.568931,0.261800,0.151357,0.181229,0.262265,0.915405,0.473412,-0.331205,-0.686520,0.005088,-0.159306,0.170748,-0.642884,-0.768530,0.370979,0.078466,-0.103262,-0.143410,-0.175623
2.529939,1.442929,0.696934,0.006741,-0.106255,0.988709,0.105442,-0.682885,-0.038167,-0.002868,2.152072,-0.417781,0.097931,0.171404,-0.018258,0.094755,0.473544,-0.525612,0.261800,0.171111,0.173363,0.249452,0.948031,0.481391,-0.320267,-0.704775,0.015620,-0.158796,0.167386,-0.662988,-0.769184,0.385071,0.044655,-0.097704,-0.139962,-0.166741
2.513382,1.444446,0.703284,0.002837,-0.100429,0.989399,0.104862,-0.713972,-0.021571,0.024087,2.067871,-0.406484,0.115400,0.207087,-0.035163,0.086871,0.426775,-0.472988,0.261800,0.188669,0.164262,0.235279,0.980456,0.489121,-0.307977,-0.721495,0.029550,-0.158413,0.164446,-0.676577,-0.770309,0.399547,0.006644,-0.093946,-0.135800,-0.155939
2.496479,1.445594,0.709831,-0.001661,-0.094558,0.990142,0.103322,-0.737500,-0.005844,0.051716,1.976621,-0.396096,0.132164,0.238768,-0.051688,0.075270,0.385749,-0.414072,0.261800,0.203968,0.154035,0.219920,1.011625,0.496281,-0.295410,-0.736302,0.044592,-0.157778,0.162155,-0.684460,-0.771892,0.414004,-0.033906,-0.092299,-0.131042,-0.144640
2.479349,1.446552,0.716484,-0.006780,-0.088833,0.990914,0.100758,-0.753957,0.003702,0.077277,1.878347,-0.386804,0.143183,0.264055,-0.066722,0.061036,0.353980,-0.351683,0.261800,0.216931,0.142995,0.203515,1.040486,0.502548,-0.283600,-0.748892,0.058474,-0.156490,0.160707,-0.687585,-0.773809,0.428118,-0.075229,-0.093100,-0.125823,-0.134240
2.461810,1.447353,0.723224,-0.013114,-0.083234,0.991721,0.096895,-0.765313,0.006253,0.099011,1.771459,-0.378494,0.148347,0.281013,-0.080503,0.042870,0.333152,-0.283555,0.261800,0.226930,0.131003,0.184836,1.067140,0.507539,-0.272508,-0.758915,0.071031,-0.154180,0.160265,-0.686177,-0.776150,0.442382,-0.117141,-0.097135,-0.119807,-0.124443
2.443940,1.448096,0.729979,-0.020425,-0.077900,0.992515,0.091803,-0.771341,0.004371,0.117845,1.655972,-0.370438,0.150172,0.291359,-0.093240,0.021444,0.321563,-0.209151,0.261800,0.233803,0.118584,0.164207,1.091819,0.511108,-0.261747,-0.766416,0.083448,-0.151120,0.160537,-0.680175,-0.779020,0.457132,-0.160265,-0.104043,-0.113101,-0.114677
2.425924,1.448824,0.736546,-0.027518,-0.073273,0.993216,0.085998,-0.769998,-0.001157,0.133776,1.533864,-0.361270,0.147987,0.298099,-0.103870,0.000833,0.317377,-0.133276,0.261800,0.238430,0.106997,0.144042,1.113848,0.513486,-0.251734,-0.771743,0.095463,-0.147870,0.161070,-0.670136,-0.782184,0.471748,-0.203975,-0.112449,-0.106539,-0.105934
2.407905,1.449494,0.742750,-0.033200,-0.069726,0.993797,0.080017,-0.759415,-0.009253,0.146625,1.406642,-0.349432,0.141255,0.304277,-0.111229,-0.015118,0.318429,-0.060465,0.261800,0.241867,0.097223,0.126781,1.132796,0.515175,-0.242751,-0.775552,0.106748,-0.145010,0.161515,-0.656633,-0.785229,0.485556,-0.247543,-0.121020,-0.100929,-0.099220
2.389693,1.450309,0.748688,-0.037511,-0.067591,0.994277,0.073746,-0.738954,-0.019893,0.153487,1.270007,-0.332723,0.129206,0.310691,-0.113657,-0.027539,0.321173,0.012542,0.251535,0.244320,0.089484,0.112318,1.148447,0.516556,-0.234782,-0.777712,0.117774,-0.142449,0.162002,-0.638981,-0.787835,0.498199,-0.290952,-0.130904,-0.096285,-0.095451
2.371157,1.451404,0.754307,-0.041023,-0.066838,0.994658,0.067116,-0.710161,-0.031758,0.154104,1.123787,-0.312039,0.113230,0.315875,-0.112269,-0.038378,0.326318,0.088189,0.236864,0.245492,0.083620,0.099127,1.161696,0.517621,-0.227407,-0.778434,0.128431,-0.139941,0.162801,-0.616119,-0.789954,0.509772,-0.335272,-0.142886,-0.092237,-0.093714
2.352282,1.452772,0.759522,-0.043407,-0.067450,0.994921,0.060821,-0.674830,-0.041590,0.152217,0.975618,-0.290516,0.095867,0.319693,-0.107510,-0.045975,0.337167,0.161057,0.222706,0.246844,0.080340,0.088028,1.172941,0.518788,-0.220688,-0.778885,0.137490,-0.137880,0.163648,-0.594051,-0.791660,0.522020,-0.376156,-0.153035,-0.089017,-0.092682
2.333288,1.454317,0.764026,-0.044401,-0.069676,0.995029,0.055601,-0.635455,-0.046144,0.151576,0.833869,-0.271490,0.079108,0.322881,-0.098595,-0.048805,0.355072,0.226251,0.210802,0.248720,0.080324,0.078843,1.183936,0.519898,-0.214192,-0.780231,0.143749,-0.136590,0.164580,-0.569696,-0.792925,0.534052,-0.416832,-0.160398,-0.086839,-0.090630
2.314164,1.456036,0.767543,-0.043308,-0.074507,0.994931,0.051820,-0.589225,-0.043444,0.153102,0.694576,-0.254547,0.061567,0.327787,-0.083237,-0.046365,0.378850,0.282914,0.198998,0.252198,0.085656,0.072602,1.195067,0.521219,-0.207790,-0.783159,0.146377,-0.136520,0.165348,-0.546013,-0.793735,0.546814,-0.455085,-0.161709,-0.086295,-0.087307
2.295222,1.457714,0.769928,-0.040395,-0.081706,0.994626,0.049101,-0.535636,-0.034749,0.155257,0.553261,-0.237519,0.043352,0.334318,-0.062670,-0.039815,0.407205,0.334051,0.185232,0.256729,0.095739,0.068714,1.206627,0.523169,-0.201379,-0.787651,0.145813,-0.137368,0.166277,-0.521490,-0.794214,0.560496,-0.491757,-0.159241,-0.086990,-0.083887
2.276569,1.459405,0.771258,-0.036832,-0.089832,0.994166,0.046993,-0.481333,-0.022533,0.158321,0.419646,-0.221689,0.027717,0.339808,-0.040506,-0.029770,0.441006,0.380501,0.171988,0.261718,0.107781,0.065904,1.216586,0.525254,-0.195807,-0.792137,0.143772,-0.138379,0.167562,-0.496281,-0.794368,0.573894,-0.526358,-0.156417,-0.087971,-0.079948
2.258091,1.461009,0.771773,-0.033849,-0.097378,0.993655,0.044962,-0.434072,-0.010000,0.162334,0.306160,-0.209270,0.017056,0.341293,-0.019058,-0.016414,0.480685,0.423501,0.163650,0.266040,0.118987,0.062923,1.223246,0.526695,-0.191740,-0.795282,0.141819,-0.138862,0.169222,-0.470707,-0.794482,0.586518,-0.558676,-0.156617,-0.088218,-0.075521
2.239594,1.462117,0.771765,-0.031986,-0.104347,0.993093,0.043077,-0.396993,0.002922,0.168348,0.216785,-0.203872,0.012498,0.336814,0.006016,0.005814,0.528167,0.462737,0.165058,0.269487,0.129389,0.058526,1.226802,0.527347,-0.189512,-0.796990,0.139385,-0.138693,0.171314,-0.445503,-0.794705,0.598900,-0.588631,-0.160825,-0.087160,-0.069996
2.221642,1.462728,0.771066,-0.030628,-0.111054,0.992489,0.041167,-0.365605,0.015513,0.176027,0.143420,-0.202593,0.011709,0.327479,0.036230,0.035539,0.585135,0.496272,0.176168,0.271468,0.139817,0.053679,1.227726,0.527275,-0.188927,-0.797517,0.135853,-0.138268,0.173782,-0.421086,-0.795079,0.612332,-0.616034,-0.167182,-0.085368,-0.064134
2.204284,1.463352,0.769763,-0.029537,-0.115495,0.992114,0.038718,-0.359079,0.026257,0.183541,0.129125,-0.223656,0.012265,0.313023,0.063296,0.062791,0.653408,0.521740,0.194487,0.271440,0.146062,0.050715,1.224093,0.526222,-0.189629,-0.795829,0.133022,-0.137620,0.176329,-0.396715,-0.795475,0.625419,-0.640874,-0.174315,-0.083714,-0.059109
2.187558,1.464506,0.767704,-0.028463,-0.115502,0.992263,0.035549,-0.355376,0.026238,0.190426,0.128599,-0.238565,0.012793,0.289268,0.076725,0.077458,0.744063,0.523600,0.214881,0.269569,0.143563,0.051957,1.215138,0.524529,-0.190595,-0.792004,0.132424,-0.136778,0.178669,-0.371227,-0.795656,0.636515,-0.663375,-0.180942,-0.083044,-0.056120
2.171187,1.465777,0.765123,-0.027113,-0.112549,0.992825,0.029925,-0.347200,0.015001,0.190488,0.128629,-0.236061,0.008888,0.266989,0.077649,0.075331,0.834475,0.523600,0.238068,0.262835,0.135646,0.057721,1.199045,0.522194,-0.192886,-0.784437,0.135254,-0.135379,0.181154,-0.344978,-0.795613,0.646225,-0.683265,-0.186753,-0.083969,-0.056057
2.155045,1.466471,0.762374,-0.025753,-0.107284,0.993644,0.022328,-0.335442,-0.005041,0.185144,0.129249,-0.219652,0.002873,0.245233,0.068293,0.059941,0.925257,0.523600,0.261800,0.251963,0.123496,0.066508,1.176427,0.518916,-0.196739,-0.773222,0.140438,-0.133520,0.183795,-0.318490,-0.795285,0.655191,-0.700337,-0.192444,-0.085919,-0.058047
2.139041,1.466960,0.759483,-0.024281,-0.100436,0.994559,0.013262,-0.320840,-0.030280,0.177162,0.130860,-0.195635,0.002109,0.223629,0.039834,0.022722,1.015819,0.523600,0.261800,0.238486,0.108260,0.077305,1.148570,0.515156,-0.201322,-0.759300,0.145804,-0.131919,0.186284,-0.290898,-0.794543,0.662528,-0.714026,-0.198476,-0.088007,-0.060893
2.123043,1.467334,0.756100,-0.022216,-0.091788,0.995525,0.003296,-0.321098,-0.056425,0.171653,0.172113,-0.190586,0.014689,0.204401,0.002413,-0.013760,1.105514,0.523600,0.261800,0.223794,0.089888,0.090238,1.116903,0.511070,-0.205974,-0.743664,0.149325,-0.131303,0.188301,-0.261758,-0.793316,0.667659,-0.723658,-0.205096,-0.089313,-0.063412
2.107066,1.467930,0.751890,0.019072,0.080480,-0.996542,0.007914,-0.331789,-0.085991,0.171365,0.246454,-0.196754,0.045589,0.189795,-0.048843,-0.050829,1.195523,0.523600,0.259160,0.207565,0.066573,0.106592,1.081893,0.506920,-0.209840,-0.726304,0.149736,-0.132547,0.188473,-0.230515,-0.791577,0.670212,-0.730289,-0.212056,-0.089615,-0.065262
2.091137,1.468742,0.747064,0.014728,0.067182,-0.997427,0.020238,-0.342278,-0.119918,0.174504,0.331129,-0.200287,0.089024,0.182110,-0.125947,-0.102660,1.286179,0.523600,0.225984,0.190316,0.039454,0.126371,1.043382,0.502822,-0.213345,-0.707497,0.148306,-0.135018,0.187457,-0.197417,-0.789297,0.670388,-0.734104,-0.219140,-0.089365,-0.067069
2.075457,1.469272,0.741787,0.009562,0.054571,-0.997930,0.032667,-0.351029,-0.152688,0.178245,0.417846,-0.206846,0.137428,0.180695,-0.213572,-0.157204,1.374527,0.522721,0.176339,0.174099,0.014208,0.147241,1.001266,0.498625,-0.217714,-0.688115,0.146783,-0.137196,0.187971,-0.162486,-0.786354,0.668329,-0.733313,-0.227159,-0.088684,-0.069121
2.060156,1.469587,0.735756,0.004542,0.042048,-0.998137,0.043982,-0.354674,-0.186070,0.181867,0.492054,-0.219299,0.184921,0.178145,-0.297960,-0.198146,1.468562,0.497205,0.124627,0.160676,-0.010218,0.167508,0.956140,0.494058,-0.223428,-0.669706,0.146928,-0.137568,0.192621,-0.125723,-0.782476,0.664180,-0.726514,-0.236931,-0.087637,-0.071761
2.045057,1.469975,0.729349,0.000081,0.029903,-0.998067,0.054476,-0.356149,-0.220123,0.182448,0.558302,-0.243742,0.234892,0.173723,-0.379408,-0.226876,1.561017,0.465380,0.066909,0.149464,-0.033196,0.186295,0.905974,0.488807,-0.231494,-0.649834,0.149217,-0.135279,0.203908,-0.085981,-0.777383,0.657846,-0.713634,-0.250445,-0.086224,-0.075060
2.029819,1.470707,0.723123,-0.004316,0.019116,-0.997740,0.064266,-0.358534,-0.249462,0.178127,0.628157,-0.280549,0.261800,0.169525,-0.460735,-0.249607,1.651822,0.426101,-0.001684,0.140211,-0.053035,0.204367,0.850992,0.482621,-0.240865,-0.628262,0.152622,-0.131247,0.219837,-0.043714,-0.770896,0.649422,-0.695161,-0.266728,-0.084389,-0.078853
2.014290,1.471543,0.717411,-0.008742,0.010397,-0.997237,0.073033,-0.358219,-0.272130,0.169499,0.695104,-0.322870,0.261800,0.163332,-0.533953,-0.264272,1.738068,0.381687,-0.071554,0.132774,-0.068702,0.221789,0.794837,0.475267,-0.249363,-0.609378,0.156715,-0.126641,0.236291,-0.001627,-0.762925,0.639726,-0.669959,-0.282260,-0.082160,-0.083017
1.998824,1.472149,0.712180,-0.013265,0.002906,-0.996618,0.081042,-0.350013,-0.292608,0.160242,0.748205,-0.361474,0.261800,0.151881,-0.591822,-0.266503,1.817014,0.337002,-0.128572,0.125788,-0.081926,0.239100,0.741023,0.466595,-0.255257,-0.597472,0.161234,-0.122659,0.249118,0.037285,-0.753501,0.629851,-0.636600,-0.293503,-0.079579,-0.087401
1.983664,1.472599,0.707317,-0.018343,-0.002778,-0.995982,0.087610,-0.331924,-0.308832,0.152126,0.786842,-0.397585,0.261800,0.130890,-0.626757,-0.251041,1.888158,0.297644,-0.165651,0.120836,-0.091014,0.257223,0.688777,0.456034,-0.259233,-0.593248,0.169150,-0.118505,0.257899,0.073216,-0.742274,0.619547,-0.590730,-0.294362,-0.076311,-0.093548
1.968648,1.472827,0.702996,-0.023752,-0.006813,-0.995365,0.092936,-0.306621,-0.320946,0.144302,0.815556,-0.434902,0.261800,0.101150,-0.644033,-0.222768,1.953485,0.261668,-0.190630,0.117188,-0.096232,0.275543,0.636450,0.443363,-0.261833,-0.594000,0.179784,-0.113885,0.264461,0.106664,-0.729102,0.609187,-0.533711,-0.288506,-0.072537,-0.100960
1.953749,1.472960,0.699292,-0.028642,-0.009601,-0.994741,0.097868,-0.277740,-0.330205,0.135003,0.836462,-0.470748,0.261800,0.065318,-0.651077,-0.190377,2.012881,0.225041,-0.210318,0.111819,-0.099427,0.291784,0.585294,0.429469,-0.261910,-0.598005,0.187441,-0.110907,0.268129,0.135642,-0.714632,0.600237,-0.472897,-0.287099,-0.068972,-0.106562
1.938842,1.472843,0.696363,-0.032171,-0.011556,-0.994065,0.103282,-0.248841,-0.337879,0.122401,0.851500,-0.502269,0.261800,0.025820,-0.655294,-0.161783,2.065958,0.183648,-0.231035,0.102206,-0.102561,0.303786,0.536521,0.415989,-0.258749,-0.603968,0.186243,-0.111744,0.268395,0.159147,-0.700007,0.593269,-0.416451,-0.301249,-0.066187,-0.107432
1.923815,1.472833,0.694234,-0.034026,-0.012975,-0.993388,0.108876,-0.220326,-0.344268,0.107148,0.860020,-0.529351,0.261800,-0.020190,-0.653923,-0.135202,2.113346,0.137434,-0.250965,0.089392,-0.106589,0.311326,0.490395,0.403756,-0.252808,-0.613785,0.170869,-0.119011,0.263407,0.177175,-0.685926,0.586701,-0.364148,-0.341893,-0.064502,-0.101516
1.908791,1.472713,0.692867,-0.034686,-0.013623,-0.992752,0.114255,-0.190476,-0.348539,0.090321,0.861300,-0.553405,0.261800,-0.073254,-0.639791,-0.107104,2.155139,0.089847,-0.261800,0.075169,-0.110276,0.315568,0.445680,0.392969,-0.245328,-0.627531,0.145246,-0.130706,0.254133,0.192079,-0.672658,0.579323,-0.314051,-0.400346,-0.063993,-0.091035
1.893664,1.472604,0.692354,-0.034509,-0.013108,-0.992063,0.120203,-0.159701,-0.350221,0.070641,0.857380,-0.573931,0.261800,-0.127919,-0.615620,-0.082097,2.189487,0.041498,-0.261800,0.058518,-0.112228,0.316536,0.401303,0.384736,-0.237208,-0.641371,0.117353,-0.142164,0.244433,0.206883,-0.660906,0.571606,-0.272004,-0.458125,-0.064564,-0.079575
1.878351,1.472305,0.692635,-0.033840,-0.010944,-0.991201,0.127494,-0.128408,-0.348445,0.046642,0.850315,-0.590361,0.261800,-0.179064,-0.592469,-0.067467,2.214345,-0.007552,-0.261800,0.038571,-0.111025,0.314532,0.356682,0.380733,-0.229448,-0.652152,0.095183,-0.149031,0.238618,0.225097,-0.651588,0.563570,-0.244564,-0.496674,-0.065347,-0.070670
1.862868,1.471721,0.693773,-0.032602,-0.006680,-0.990049,0.136734,-0.096853,-0.342643,0.016260,0.840487,-0.603829,0.261800,-0.226899,-0.570957,-0.064265,2.228822,-0.058907,-0.261800,0.014494,-0.105547,0.309685,0.310901,0.382795,-0.223234,-0.660030,0.080541,-0.149470,0.239408,0.249313,-0.645576,0.554110,-0.237840,-0.507515,-0.066191,-0.064409
1.847224,1.470788,0.695783,-0.030670,-0.000838,-0.988609,0.147346,-0.064918,-0.333286,-0.018904,0.826837,-0.614278,0.261800,-0.273812,-0.549810,-0.069971,2.233752,-0.112206,-0.261800,-0.011844,-0.097050,0.302833,0.264741,0.391327,-0.219336,-0.667750,0.068680,-0.146203,0.244808,0.279965,-0.643098,0.541458,-0.249936,-0.501410,-0.067180,-0.059171
1.831265,1.469532,0.698540,-0.028290,0.005750,-0.986962,0.158345,-0.032796,-0.320871,-0.054893,0.809732,-0.619516,0.261800,-0.319904,-0.530317,-0.080732,2.229378,-0.163129,-0.261800,-0.037728,-0.087349,0.295177,0.220335,0.405274,-0.217656,-0.675976,0.058074,-0.141897,0.252024,0.316633,-0.643785,0.525130,-0.274813,-0.488837,-0.067483,-0.055789
1.814953,1.467979,0.701943,-0.025722,0.012305,-0.985238,0.168799,-0.000650,-0.305960,-0.087881,0.789558,-0.617309,0.261800,-0.364901,-0.513572,-0.092895,2.216050,-0.207499,-0.261800,-0.061368,-0.078151,0.287524,0.180138,0.422695,-0.216982,-0.685060,0.047576,-0.139159,0.257852,0.357219,-0.646912,0.505830,-0.304834,-0.480407,-0.066387,-0.055143
1.798443,1.465956,0.705945,-0.023159,0.018817,-0.983384,0.179068,0.032720,-0.288576,-0.119150,0.764868,-0.607439,0.261800,-0.407338,-0.500946,-0.107876,2.193021,-0.245285,-0.261800,-0.084322,-0.069335,0.280034,0.144704,0.442647,-0.215913,-0.694289,0.037754,-0.138664,0.260743,0.400362,-0.652128,0.485056,-0.338834,-0.476366,-0.063166,-0.059684
1.781598,1.463709,0.710515,-0.020442,0.025606,-0.981340,0.189469,0.066463,-0.268550,-0.149842,0.736420,-0.591186,0.261800,-0.446847,-0.491388,-0.127027,2.160209,-0.279070,-0.261800,-0.107790,-0.059958,0.272259,0.112794,0.465023,-0.214733,-0.703427,0.029329,-0.139023,0.262113,0.446404,-0.659295,0.462783,-0.379387,-0.471978,-0.058436,-0.068186
1.764446,1.461098,0.715588,-0.017312,0.032460,-0.979295,0.199067,0.097643,-0.246532,-0.176076,0.707707,-0.568371,0.261800,-0.484854,-0.481972,-0.146700,2.119079,-0.308277,-0.261800,-0.130035,-0.050328,0.263797,0.085025,0.488847,-0.213670,-0.713948,0.021661,-0.139720,0.263064,0.494441,-0.667795,0.438259,-0.423208,-0.470453,-0.053467,-0.076026
1.747006,1.458185,0.721044,-0.013517,0.039170,-0.977468,0.206978,0.123696,-0.223368,-0.194213,0.682085,-0.538705,0.261800,-0.522749,-0.469977,-0.163325,2.071003,-0.332472,-0.261800,-0.149502,-0.040682,0.254004,0.062093,0.512661,-0.212663,-0.726911,0.014366,-0.140242,0.264505,0.542626,-0.676702,0.411294,-0.466160,-0.475171,-0.049385,-0.078503
1.729273,1.454933,0.726853,-0.008824,0.045901,-0.975959,0.212884,0.144351,-0.198427,-0.202718,0.659720,-0.500759,0.261800,-0.561090,-0.454779,-0.176582,2.015606,-0.352509,-0.261800,-0.165878,-0.030493,0.241860,0.044036,0.535779,-0.211102,-0.741366,0.008033,-0.140334,0.265979,0.589912,-0.685363,0.381309,-0.506580,-0.491633,-0.046254,-0.072422
1.711333,1.451337,0.732855,-0.003431,0.052730,-0.974663,0.217348,0.160790,-0.172021,-0.204032,0.639814,-0.455440,0.261800,-0.598198,-0.437207,-0.188416,1.952153,-0.368788,-0.261800,-0.180084,-0.019439,0.227703,0.030322,0.558190,-0.208733,-0.756307,0.003087,-0.140258,0.266819,0.636283,-0.693532,0.349066,-0.545289,-0.516789,-0.043733,-0.060809
1.693152,1.447528,0.738994,0.002274,0.059357,-0.973497,0.220850,0.173252,-0.146239,-0.200819,0.623576,-0.405456,0.261800,-0.632382,-0.417096,-0.198430,1.881745,-0.380153,-0.261800,-0.192629,-0.008164,0.212736,0.021028,0.579369,-0.205711,-0.772595,-0.001000,-0.140277,0.267558,0.680396,-0.700935,0.317075,-0.580832,-0.541294,-0.042100,-0.048327
1.674879,1.443573,0.744992,0.007921,0.065485,-0.972384,0.223871,0.182357,-0.122800,-0.195740,0.611348,-0.353007,0.261800,-0.662271,-0.394710,-0.206043,1.805428,-0.385495,-0.261800,-0.204044,0.002620,0.198006,0.015811,0.598509,-0.202392,-0.790593,-0.004643,-0.140650,0.268583,0.720526,-0.707365,0.288190,-0.611438,-0.555900,-0.041201,-0.039626
1.656491,1.439290,0.750837,0.013857,0.071458,-0.971382,0.226096,0.187348,-0.100959,-0.187548,0.601910,-0.294692,0.261800,-0.689669,-0.368322,-0.208630,1.722954,-0.383297,-0.256930,-0.213612,0.013643,0.182548,0.013731,0.615085,-0.199034,-0.809523,-0.007825,-0.141565,0.269779,0.755949,-0.712795,0.263024,-0.635887,-0.556422,-0.040821,-0.036083
1.637915,1.434711,0.756565,0.020183,0.077328,-0.970509,0.227434,0.188967,-0.079576,-0.175733,0.594506,-0.230092,0.261800,-0.714160,-0.339571,-0.208068,1.634050,-0.375112,-0.251038,-0.221051,0.024971,0.165868,0.014201,0.629088,-0.195791,-0.828358,-0.010136,-0.142788,0.270704,0.787137,-0.717369,0.240376,-0.654702,-0.548608,-0.040914,-0.035081
1.619372,1.429993,0.761954,0.026178,0.082231,-0.969647,0.228774,0.190519,-0.060177,-0.163686,0.589023,-0.165232,0.261800,-0.732491,-0.310887,-0.204846,1.539660,-0.364010,-0.242382,-0.227624,0.034763,0.149714,0.017348,0.640514,-0.193017,-0.847158,-0.011395,-0.143950,0.271294,0.814388,-0.721297,0.220344,-0.668989,-0.538125,-0.041417,-0.035234
1.600804,1.425161,0.766929,0.031088,0.085320,-0.968702,0.231022,0.195082,-0.044605,-0.154416,0.585336,-0.106106,0.261800,-0.741841,-0.284364,-0.198224,1.440345,-0.352756,-0.226297,-0.234769,0.041279,0.135899,0.023518,0.649379,-0.190951,-0.866201,-0.011442,-0.144681,0.271484,0.837801,-0.724831,0.203214,-0.679687,-0.530636,-0.042246,-0.035195
1.582162,1.420256,0.771498,0.034657,0.087208,-0.967656,0.234170,0.202996,-0.032462,-0.152324,0.581985,-0.051531,0.250583,-0.740975,-0.259398,-0.189028,1.333269,-0.340418,-0.201524,-0.242707,0.045564,0.124953,0.033678,0.655431,-0.189326,-0.886178,-0.009697,-0.144792,0.270998,0.856490,-0.728332,0.189478,-0.686526,-0.527621,-0.043438,-0.034436
1.563297,1.415291,0.775544,0.036992,0.089990,-0.966412,0.237870,0.211358,-0.019523,-0.160225,0.582665,-0.001652,0.210443,-0.729964,-0.233071,-0.181293,1.216343,-0.325275,-0.172780,-0.250775,0.051716,0.116506,0.047143,0.658618,-0.188315,-0.906704,-0.006401,-0.144500,0.269883,0.870885,-0.732098,0.178745,-0.689353,-0.526051,-0.045013,-0.033749
1.544395,1.410120,0.778960,0.038402,0.091495,-0.965093,0.242382,0.221052,-0.009222,-0.167867,0.588496,0.040478,0.171596,-0.711480,-0.210178,-0.170563,1.095113,-0.310177,-0.141902,-0.259075,0.055762,0.109951,0.061939,0.659444,-0.188771,-0.926443,-0.002684,-0.144133,0.268650,0.883264,-0.736134,0.169980,-0.689526,-0.524833,-0.046863,-0.033790
1.525436,1.404859,0.781712,0.038931,0.091421,-0.963653,0.247992,0.230428,0.000442,-0.167863,0.605286,0.069759,0.144756,-0.686538,-0.192260,-0.157526,0.972977,-0.297104,-0.111778,-0.267623,0.057206,0.105203,0.076136,0.658721,-0.191564,-0.944171,0.000253,-0.144022,0.267968,0.895883,-0.740175,0.162059,-0.688319,-0.522924,-0.048922,-0.035157
1.506621,1.399671,0.783557,0.038272,0.089275,-0.962004,0.255173,0.238681,0.011233,-0.155995,0.637656,0.080950,0.136631,-0.653058,-0.179631,-0.141682,0.845673,-0.286209,-0.082933,-0.277069,0.054916,0.102774,0.089607,0.656891,-0.197020,-0.960220,0.002510,-0.144315,0.268445,0.909787,-0.743869,0.154740,-0.686135,-0.519728,-0.051490,-0.038839
1.487768,1.394580,0.784441,0.036480,0.085227,-0.960162,0.263618,0.245725,0.023614,-0.136436,0.683595,0.077132,0.142291,-0.611017,-0.172686,-0.123197,0.711803,-0.276165,-0.054610,-0.286997,0.048972,0.102445,0.103266,0.654038,-0.204872,-0.975270,0.004478,-0.144818,0.269806,0.923760,-0.747095,0.148482,-0.682341,-0.516000,-0.054600,-0.044146
1.468880,1.389468,0.784327,0.034121,0.079970,-0.958234,0.272450,0.251027,0.037403,-0.114309,0.738945,0.065953,0.155011,-0.564587,-0.171933,-0.104423,0.578787,-0.266129,-0.026624,-0.295917,0.040693,0.103121,0.116927,0.650503,-0.214853,-0.988618,0.005320,-0.145345,0.271446,0.936301,-0.749900,0.143486,-0.676500,-0.512603,-0.057766,-0.049200
1.449961,1.384147,0.783220,0.031772,0.074154,-0.956358,0.280841,0.254336,0.050850,-0.094239,0.799069,0.056071,0.167327,-0.517958,-0.176782,-0.087993,0.453951,-0.254618,0.002453,-0.302440,0.031313,0.103827,0.130507,0.646766,-0.226629,-0.999698,0.004170,-0.145710,0.272829,0.945986,-0.752428,0.139886,-0.668342,-0.510303,-0.060468,-0.052145
1.430977,1.378847,0.781228,0.029451,0.066826,-0.954530,0.289032,0.256747,0.060872,-0.076624,0.864142,0.047323,0.178749,-0.468607,-0.188797,-0.074850,0.331685,-0.237934,0.037961,-0.307051,0.018854,0.104426,0.144407,0.643270,-0.240340,-1.009066,-0.000219,-0.145761,0.274537,0.953929,-0.754617,0.137444,-0.658628,-0.509312,-0.062371,-0.051867
1.412083,1.373870,0.778348,0.026844,0.056992,-0.952603,0.297623,0.258840,0.067156,-0.059886,0.936304,0.035740,0.193136,-0.412700,-0.208702,-0.065047,0.204938,-0.214447,0.079644,-0.310914,0.001156,0.105606,0.159283,0.640249,-0.255711,-1.017485,-0.007139,-0.145627,0.276736,0.960800,-0.756383,0.136173,-0.647746,-0.509205,-0.063800,-0.049567
1.393453,1.369246,0.774743,0.024148,0.046167,-0.950610,0.305983,0.259097,0.072865,-0.044206,1.013792,0.025106,0.208708,-0.375946,-0.233020,-0.054742,0.126607,-0.210779,0.120183,-0.313003,-0.018886,0.107647,0.175429,0.637878,-0.271683,-1.024803,-0.014557,-0.145548,0.278289,0.964240,-0.758003,0.136598,-0.634692,-0.509850,-0.065219,-0.046877
1.375119,1.364784,0.770653,0.021613,0.037797,-0.948795,0.312877,0.254791,0.085155,-0.028817,1.095391,0.018876,0.223015,-0.372580,-0.252553,-0.041034,0.122918,-0.239629,0.150621,-0.311089,-0.034296,0.110781,0.192631,0.636057,-0.287346,-1.030443,-0.020447,-0.145808,0.278147,0.960752,-0.759930,0.139572,-0.617417,-0.510978,-0.067098,-0.045499
1.357099,1.360287,0.766172,0.019558,0.033375,-0.947318,0.317951,0.244808,0.108454,-0.011778,1.181926,0.018733,0.235132,-0.368380,-0.262204,-0.031964,0.121854,-0.268077,0.163378,-0.304573,-0.041809,0.113836,0.209038,0.633804,-0.304036,-1.032212,-0.024734,-0.146462,0.275958,0.949057,-0.762813,0.146078,-0.594619,-0.512791,-0.069302,-0.046073
1.339343,1.355915,0.761273,0.017765,0.031835,-0.946178,0.321588,0.230952,0.140340,0.005936,1.273629,0.022454,0.246301,-0.362561,-0.265008,-0.027006,0.122317,-0.294594,0.164496,-0.294398,-0.043547,0.117242,0.226037,0.631402,-0.320928,-1.031666,-0.028497,-0.147419,0.272093,0.930262,-0.766312,0.155699,-0.567172,-0.515341,-0.071729,-0.047568
1.321841,1.351779,0.756025,0.015616,0.032937,-0.945435,0.323764,0.214998,0.177565,0.020693,1.367770,0.028174,0.257031,-0.354212,-0.261649,-0.026008,0.123033,-0.308127,0.165338,-0.280561,-0.040005,0.122235,0.242625,0.628801,-0.337887,-1.027665,-0.030666,-0.148533,0.267228,0.904225,-0.770938,0.168393,-0.535148,-0.517305,-0.074136,-0.050281
1.304537,1.347833,0.750091,0.012676,0.036332,-0.945147,0.324372,0.198192,0.214009,0.027214,1.461802,0.034047,0.261800,-0.343365,-0.252796,-0.028684,0.123822,-0.298049,0.177169,-0.263301,-0.031862,0.129762,0.258803,0.625950,-0.354014,-1.019826,-0.030213,-0.149704,0.261951,0.870287,-0.777488,0.184350,-0.498543,-0.517224,-0.076274,-0.054535
1.287705,1.343954,0.743758,0.009065,0.042777,-0.945360,0.323083,0.180015,0.252152,0.027084,1.557026,0.040488,0.261800,-0.330359,-0.236352,-0.037376,0.124579,-0.250924,0.209897,-0.242783,-0.017371,0.139526,0.275321,0.622787,-0.368391,-1.009500,-0.025624,-0.150812,0.256361,0.826595,-0.786207,0.204298,-0.457705,-0.514217,-0.077517,-0.060559
1.271950,1.340547,0.737987,0.004859,0.052981,-0.945972,0.319854,0.160477,0.295277,0.023262,1.653909,0.048365,0.261800,-0.315949,-0.209624,-0.050341,0.126250,-0.176762,0.255201,-0.219304,0.005231,0.150477,0.292629,0.619101,-0.381197,-0.996625,-0.017906,-0.152073,0.250297,0.772944,-0.796889,0.228940,-0.412437,-0.508809,-0.078116,-0.068401
1.256274,1.337272,0.731406,-0.001080,0.067384,-0.946868,0.314483,0.142240,0.339912,0.013272,1.749296,0.056108,0.261800,-0.308532,-0.166183,-0.059985,0.146351,-0.108763,0.261800,-0.192537,0.036796,0.163348,0.311214,0.614641,-0.392643,-0.979386,-0.009755,-0.153780,0.243817,0.711359,-0.809671,0.258672,-0.362483,-0.501713,-0.079085,-0.078158
1.240420,1.333659,0.723535,-0.008115,0.081336,-0.947734,0.308414,0.125755,0.369727,-0.003322,1.839762,0.063351,0.261168,-0.337487,-0.125945,-0.063173,0.248064,-0.102676,0.261800,-0.165371,0.068552,0.177066,0.331646,0.609080,-0.402809,-0.955900,-0.003859,-0.156262,0.236978,0.643305,-0.824941,0.294255,-0.307234,-0.493488,-0.081397,-0.089945
1.225474,1.330115,0.715287,-0.016175,0.092812,-0.948680,0.301880,0.112774,0.364767,-0.032713,1.926201,0.072215,0.239840,-0.368780,-0.091308,-0.060413,0.361502,-0.123921,0.261800,-0.138654,0.096638,0.192241,0.355119,0.602031,-0.411063,-0.925421,-0.003683,-0.161603,0.226800,0.566457,-0.843294,0.338028,-0.244984,-0.483933,-0.085715,-0.105653
1.211427,1.325748,0.706901,-0.025061,0.101613,-0.949764,0.294948,0.104816,0.334474,-0.064479,2.010169,0.081292,0.211194,-0.402594,-0.058961,-0.052369,0.487330,-0.160847,0.261800,-0.113242,0.121026,0.209199,0.382331,0.593356,-0.416558,-0.889992,-0.006972,-0.168939,0.214022,0.477633,-0.864291,0.391818,-0.176342,-0.471150,-0.091334,-0.124809
1.197422,1.320546,0.699411,-0.034229,0.107257,-0.950820,0.288559,0.100531,0.288596,-0.090676,2.089721,0.085674,0.180507,-0.429247,-0.029838,-0.043045,0.605351,-0.203779,0.261800,-0.091423,0.140688,0.227380,0.413116,0.582994,-0.419015,-0.851933,-0.007801,-0.174270,0.204387,0.385741,-0.885630,0.451711,-0.110046,-0.457519,-0.097234,-0.143860
1.183114,1.315190,0.692903,-0.043154,0.110187,-0.951646,0.283490,0.096047,0.239188,-0.107811,2.162619,0.081600,0.152552,-0.441070,-0.006661,-0.037042,0.699832,-0.246473,0.261800,-0.072569,0.156112,0.245978,0.443834,0.571308,-0.420952,-0.811329,0.000073,-0.173608,0.203767,0.295205,-0.905092,0.513248,-0.049307,-0.442824,-0.102583,-0.158679
1.169048,1.309566,0.687200,-0.052239,0.110448,-0.952209,0.279946,0.090288,0.184931,-0.118574,2.228879,0.068718,0.126834,-0.435180,0.006782,-0.034794,0.770121,-0.293490,0.261800,-0.055520,0.167289,0.266532,0.471786,0.558463,-0.425032,-0.762776,0.021557,-0.162113,0.218688,0.206632,-0.921458,0.576293,0.010000,-0.425853,-0.107854,-0.167443
1.155017,1.303670,0.682162,-0.061649,0.108583,-0.952596,0.277435,0.083447,0.124989,-0.124372,2.289925,0.049159,0.103261,-0.417088,0.012415,-0.033287,0.826732,-0.348037,0.261800,-0.038904,0.175376,0.289134,0.497237,0.544655,-0.431016,-0.706530,0.052007,-0.142521,0.243906,0.118188,-0.934238,0.641153,0.069156,-0.407209,-0.113347,-0.172124
1.141417,1.297558,0.677601,-0.070362,0.105919,-0.952790,0.275720,0.072121,0.070007,-0.124862,2.345383,0.024546,0.084362,-0.392465,0.014174,-0.032350,0.872124,-0.403093,0.261800,-0.022149,0.182163,0.310107,0.521714,0.530624,-0.436517,-0.651343,0.083833,-0.122686,0.268242,0.035135,-0.942947,0.701731,0.118857,-0.392201,-0.117849,-0.174412
1.127739,1.291234,0.673631,-0.077259,0.103712,-0.952834,0.274557,0.052656,0.029676,-0.120642,2.394577,-0.002923,0.072145,-0.367315,0.016281,-0.031776,0.908515,-0.451532,0.261800,-0.004205,0.189120,0.325454,0.546495,0.517649,-0.439531,-0.606301,0.110204,-0.111382,0.281666,-0.038330,-0.947800,0.752068,0.151355,-0.385640,-0.120378,-0.176031
1.113848,1.284745,0.670297,-0.081859,0.102295,-0.952723,0.274143,0.022118,0.006176,-0.113822,2.438483,-0.032939,0.066367,-0.343088,0.019135,-0.031714,0.936434,-0.492696,0.261800,0.015263,0.196059,0.333444,0.572762,0.507010,-0.439155,-0.574355,0.131671,-0.112953,0.281154,-0.100294,-0.949851,0.790171,0.163691,-0.394450,-0.120380,-0.176648
1.100031,1.278152,0.667672,-0.084730,0.101234,-0.952484,0.274495,-0.018011,-0.006251,-0.106301,2.477067,-0.065024,0.065045,-0.317179,0.020505,-0.032168,0.955129,-0.530083,0.261800,0.036087,0.202192,0.336174,0.600817,0.499313,-0.436243,-0.552213,0.150941,-0.122497,0.273144,-0.153823,-0.950132,0.819182,0.161681,-0.413996,-0.118567,-0.175731
1.086105,1.271236,0.666046,-0.086322,0.100531,-0.952247,0.275078,-0.064908,-0.010284,-0.098374,2.507971,-0.096501,0.067451,-0.289730,0.021109,-0.032625,0.965040,-0.562725,0.261800,0.057988,0.207627,0.335106,0.631196,0.494465,-0.430994,-0.539756,0.164744,-0.135214,0.262024,-0.200362,-0.949017,0.840246,0.149799,-0.433279,-0.115879,-0.174831
1.072409,1.264170,0.665190,-0.087142,0.100156,-0.952138,0.275333,-0.115913,-0.008394,-0.089701,2.528804,-0.124593,0.073064,-0.260661,0.021967,-0.032671,0.966451,-0.589638,0.261800,0.080969,0.212617,0.331782,0.663749,0.492008,-0.423932,-0.536142,0.170072,-0.146082,0.251845,-0.241582,-0.946442,0.854474,0.132935,-0.441048,-0.113187,-0.175470
1.058801,1.256773,0.665184,-0.087062,0.100383,-0.952256,0.274868,-0.172871,0.003796,-0.079081,2.539312,-0.148906,0.084616,-0.230527,0.024067,-0.032380,0.959005,-0.610929,0.261800,0.105659,0.217488,0.325501,0.699241,0.491711,-0.414675,-0.543651,0.163051,-0.154717,0.242020,-0.278823,-0.942348,0.862427,0.111453,-0.430246,-0.110723,-0.179165
1.045227,1.248988,0.666054,-0.086078,0.101030,-0.952557,0.273894,-0.235884,0.026606,-0.066356,2.540359,-0.170660,0.101725,-0.198967,0.026960,-0.031444,0.942942,-0.627140,0.261800,0.131917,0.221633,0.316004,0.737999,0.493398,-0.402856,-0.562054,0.146171,-0.163183,0.230542,-0.311768,-0.936927,0.864298,0.083987,-0.408177,-0.108060,-0.184865
1.031652,1.240669,0.667762,-0.084885,0.101313,-0.952948,0.272802,-0.299609,0.051277,-0.052134,2.530919,-0.189223,0.119229,-0.164292,0.029307,-0.028968,0.919360,-0.637799,0.261800,0.158711,0.224068,0.305616,0.778553,0.496451,-0.389239,-0.586095,0.126331,-0.170198,0.219396,-0.339650,-0.930282,0.860499,0.052971,-0.385005,-0.104963,-0.190200
1.018115,1.231872,0.670192,-0.084053,0.100502,-0.953306,0.272105,-0.359130,0.068306,-0.037485,2.510004,-0.203718,0.131556,-0.124992,0.029491,-0.024485,0.889201,-0.642393,0.261800,0.184674,0.223997,0.296498,0.818915,0.499967,-0.374688,-0.609869,0.110678,-0.174747,0.210738,-0.361423,-0.922444,0.851357,0.020611,-0.371091,-0.101031,-0.192717
1.004564,1.222661,0.673338,-0.083755,0.098180,-0.953650,0.271842,-0.412577,0.074439,-0.022434,2.476000,-0.215254,0.135635,-0.079116,0.026514,-0.017338,0.849838,-0.641855,0.261800,0.209566,0.221215,0.289720,0.858581,0.503198,-0.358828,-0.632157,0.101010,-0.176263,0.205040,-0.376769,-0.913101,0.835200,-0.013094,-0.370795,-0.095480,-0.191082
0.990864,1.212951,0.677240,-0.083579,0.094697,-0.954016,0.271845,-0.460846,0.074542,-0.006250,2.429653,-0.225681,0.134679,-0.028018,0.020758,-0.008233,0.801591,-0.636156,0.261800,0.233583,0.216022,0.284035,0.898194,0.505838,-0.341394,-0.655123,0.093823,-0.175522,0.201190,-0.385976,-0.902252,0.812657,-0.049465,-0.378678,-0.088714,-0.186733
0.976965,1.202485,0.681893,-0.083142,0.090665,-0.954291,0.272389,-0.504192,0.070492,0.009946,2.373645,-0.234897,0.131838,0.024629,0.012987,0.000765,0.749657,-0.623103,0.261800,0.256522,0.209017,0.278346,0.936314,0.507933,-0.323927,-0.677583,0.088508,-0.173690,0.198940,-0.393683,-0.890210,0.789513,-0.085147,-0.387825,-0.081970,-0.181363
0.962868,1.191624,0.687106,-0.082088,0.086678,-0.954365,0.273745,-0.543436,0.064072,0.025113,2.310608,-0.242214,0.130306,0.075236,0.004191,0.007738,0.699255,-0.600584,0.261800,0.277259,0.200403,0.271232,0.972573,0.509353,-0.307430,-0.698657,0.084341,-0.171912,0.198098,-0.400145,-0.877747,0.770022,-0.119900,-0.393495,-0.076427,-0.176783
0.948708,1.180414,0.692680,-0.080463,0.082636,-0.954168,0.276155,-0.578967,0.051620,0.037347,2.240003,-0.247279,0.129479,0.125013,-0.005675,0.012333,0.649242,-0.567283,0.261800,0.295067,0.189947,0.263094,1.007054,0.509913,-0.291659,-0.718245,0.081848,-0.170291,0.199198,-0.404904,-0.865383,0.754444,-0.154743,-0.393114,-0.072497,-0.173544
0.934429,1.168933,0.698571,-0.078383,0.078458,-0.953739,0.279431,-0.609813,0.033425,0.046274,2.160967,-0.251597,0.127965,0.175045,-0.016464,0.015162,0.597574,-0.524479,0.261800,0.310402,0.177896,0.254493,1.039636,0.509510,-0.276266,-0.736590,0.081268,-0.168313,0.202050,-0.408628,-0.853225,0.741130,-0.189640,-0.389077,-0.069454,-0.170716
0.920071,1.157190,0.704647,-0.075599,0.074641,-0.953149,0.283233,-0.635447,0.016848,0.054384,2.075255,-0.256168,0.127828,0.221344,-0.027127,0.016030,0.548966,-0.474393,0.261800,0.323771,0.164967,0.244369,1.069556,0.508139,-0.262229,-0.753307,0.081508,-0.166187,0.205327,-0.410713,-0.841545,0.730408,-0.224361,-0.385195,-0.066688,-0.167908
0.905857,1.145041,0.710792,-0.071844,0.071570,-0.952463,0.287282,-0.655706,0.008385,0.065360,1.984204,-0.261222,0.130557,0.259784,-0.036956,0.014856,0.508664,-0.419465,0.261800,0.335731,0.151733,0.231849,1.095800,0.505909,-0.250677,-0.767931,0.081510,-0.164129,0.207687,-0.412995,-0.830646,0.723518,-0.257040,-0.383926,-0.063613,-0.164716
0.891608,1.132695,0.717006,-0.066585,0.069289,-0.951667,0.291710,-0.671810,0.010163,0.081692,1.887460,-0.266763,0.137157,0.288394,-0.046457,0.010670,0.478709,-0.358357,0.261800,0.345979,0.137605,0.215903,1.118241,0.502868,-0.241838,-0.780326,0.080463,-0.162183,0.208646,-0.415118,-0.820883,0.721055,-0.287848,-0.386246,-0.060015,-0.160976
0.877390,1.120125,0.723223,-0.060142,0.067548,-0.950683,0.296685,-0.683367,0.016703,0.102210,1.784118,-0.272130,0.145257,0.309297,-0.055698,0.004223,0.457348,-0.291039,0.261800,0.354032,0.122502,0.197471,1.137248,0.499063,-0.235188,-0.790773,0.079167,-0.160248,0.208913,-0.416582,-0.812434,0.722241,-0.317658,-0.390322,-0.056256,-0.156897
0.863231,1.107271,0.729307,-0.053523,0.066299,-0.949503,0.301966,-0.688234,0.023206,0.125378,1.674170,-0.276114,0.151516,0.324633,-0.063489,-0.001875,0.443757,-0.221529,0.261800,0.360145,0.107691,0.178437,1.152837,0.494599,-0.230625,-0.799368,0.078941,-0.158329,0.208985,-0.416878,-0.805218,0.725690,-0.346977,-0.395775,-0.052559,-0.152604
0.849326,1.094210,0.735133,-0.047713,0.065548,-0.948162,0.307271,-0.684849,0.026047,0.148581,1.557333,-0.277303,0.153403,0.336657,-0.068587,-0.005129,0.436568,-0.153333,0.261800,0.364840,0.094472,0.160555,1.165070,0.489638,-0.228014,-0.806292,0.081090,-0.156425,0.209378,-0.415930,-0.798972,0.730130,-0.375930,-0.402065,-0.049165,-0.148224
0.835329,1.081179,0.740678,-0.042303,0.065324,-0.946721,0.312510,-0.673443,0.026452,0.171975,1.430241,-0.273840,0.151257,0.344465,-0.070848,-0.004846,0.434402,-0.084396,0.257791,0.368592,0.082304,0.143155,1.173351,0.484296,-0.227810,-0.811255,0.086788,-0.154331,0.210499,-0.413685,-0.793538,0.735529,-0.404600,-0.410517,-0.045942,-0.143372
0.821149,1.068085,0.745932,-0.037205,0.066531,-0.945145,0.317633,-0.655911,0.027353,0.194645,1.294445,-0.266869,0.145552,0.347857,-0.068619,-0.003459,0.435915,-0.011739,0.243866,0.371529,0.072426,0.124713,1.178048,0.478673,-0.229816,-0.814430,0.095041,-0.152100,0.212007,-0.410482,-0.788922,0.742505,-0.432549,-0.420841,-0.042891,-0.138048
0.806751,1.054775,0.750845,-0.033301,0.068428,-0.943434,0.322709,-0.632110,0.025574,0.215443,1.153993,-0.257852,0.136604,0.349486,-0.063789,-0.001181,0.442852,0.060076,0.232814,0.373307,0.064997,0.107429,1.180631,0.472928,-0.232850,-0.816629,0.103837,-0.150127,0.213313,-0.406141,-0.784986,0.750552,-0.459635,-0.430527,-0.040393,-0.133035
0.792296,1.041422,0.755153,-0.031718,0.071081,-0.941579,0.327675,-0.602491,0.020396,0.230976,1.013684,-0.248977,0.124999,0.352780,-0.055148,0.001792,0.454881,0.127354,0.228045,0.373949,0.061618,0.092875,1.182642,0.467298,-0.235702,-0.818787,0.111154,-0.148817,0.213860,-0.400754,-0.781546,0.759161,-0.485422,-0.436869,-0.038813,-0.129099
0.777731,1.027967,0.758618,-0.033509,0.074816,-0.939538,0.332489,-0.563992,0.011589,0.237324,0.867499,-0.239820,0.111558,0.360987,-0.040903,0.005676,0.469330,0.191419,0.231659,0.373662,0.063992,0.082048,1.184762,0.462133,-0.238059,-0.821391,0.117022,-0.148294,0.213488,-0.393905,-0.778434,0.768414,-0.510397,-0.438896,-0.038427,-0.126554
0.763076,1.014604,0.761080,-0.037887,0.079587,-0.937321,0.337136,-0.517105,0.002441,0.236165,0.713793,-0.229531,0.098364,0.371884,-0.021810,0.011309,0.486991,0.253713,0.240745,0.372783,0.071045,0.073839,1.186282,0.457557,-0.240491,-0.824088,0.122244,-0.148329,0.212622,-0.385874,-0.775589,0.778449,-0.534217,-0.438041,-0.038972,-0.124935
0.748219,1.001439,0.762481,-0.043299,0.084969,-0.935007,0.341566,-0.467586,-0.003409,0.233102,0.563916,-0.219205,0.086745,0.380927,-0.000184,0.019324,0.512277,0.310718,0.251224,0.371509,0.080451,0.066719,1.186592,0.453326,-0.243152,-0.826593,0.125999,-0.148807,0.211531,-0.376880,-0.772999,0.788728,-0.555872,-0.435804,-0.039968,-0.123879
0.733312,0.988447,0.762978,-0.048348,0.090926,-0.932679,0.345696,-0.422191,-0.003672,0.234211,0.430654,-0.209838,0.075466,0.383964,0.022852,0.029334,0.548222,0.359488,0.259156,0.369971,0.090703,0.058863,1.185053,0.448978,-0.246183,-0.828507,0.127511,-0.149614,0.210406,-0.367398,-0.770711,0.798803,-0.574261,-0.433522,-0.040940,-0.123008
0.718689,0.975394,0.762650,-0.052914,0.097840,-0.930383,0.349306,-0.381164,0.001518,0.244082,0.312303,-0.200099,0.061087,0.379150,0.050934,0.044688,0.598045,0.398552,0.261800,0.368192,0.102370,0.049319,1.182233,0.444066,-0.249740,-0.829978,0.125918,-0.150872,0.208893,-0.357755,-0.768809,0.809183,-0.589490,-0.430578,-0.041940,-0.122263
0.704664,0.962200,0.761483,-0.058146,0.106233,-0.927978,0.352406,-0.341278,0.010876,0.259068,0.202388,-0.188954,0.043202,0.369708,0.086103,0.063372,0.658872,0.430098,0.261800,0.366046,0.117707,0.039094,1.178339,0.438458,-0.253755,-0.831110,0.121984,-0.152597,0.206877,-0.347889,-0.767329,0.820193,-0.602054,-0.426506,-0.043138,-0.121818
0.691248,0.949457,0.759609,-0.063782,0.114805,-0.925343,0.355657,-0.314228,0.023363,0.274167,0.128448,-0.189214,0.024782,0.357662,0.120831,0.075830,0.727016,0.454560,0.261800,0.362730,0.134354,0.030256,1.171858,0.432229,-0.257926,-0.831315,0.117324,-0.154525,0.204918,-0.337598,-0.766204,0.830996,-0.611521,-0.422950,-0.044257,-0.121699
0.678248,0.937009,0.757240,-0.068976,0.121466,-0.922475,0.359900,-0.315103,0.038096,0.283656,0.126025,-0.218104,0.009845,0.343802,0.143359,0.071741,0.800072,0.471509,0.261800,0.357166,0.147828,0.025137,1.160932,0.425610,-0.261936,-0.829666,0.113498,-0.156394,0.203648,-0.326562,-0.765262,0.840567,-0.617358,-0.421578,-0.045047,-0.121965
0.665356,0.924780,0.754352,-0.073478,0.126007,-0.919464,0.365114,-0.311998,0.044785,0.286924,0.125256,-0.240338,-0.003613,0.327596,0.148956,0.046956,0.879799,0.479118,0.261800,0.349367,0.157326,0.023678,1.145358,0.418651,-0.265804,-0.826092,0.110892,-0.158331,0.203336,-0.315053,-0.764396,0.849162,-0.619289,-0.422922,-0.045548,-0.123124
0.652886,0.912576,0.750839,-0.077289,0.128867,-0.916378,0.371039,-0.305329,0.044986,0.286917,0.125577,-0.255958,-0.016171,0.308402,0.140465,0.008057,0.968650,0.477003,0.261800,0.339657,0.163538,0.024909,1.125778,0.411310,-0.269604,-0.820735,0.108622,-0.160414,0.203680,-0.303081,-0.763518,0.857101,-0.617478,-0.426127,-0.045876,-0.125015
0.640449,0.900673,0.746661,-0.079968,0.128971,-0.913249,0.378084,-0.294883,0.036903,0.284666,0.126561,-0.262029,-0.019969,0.287883,0.117179,-0.037214,1.063968,0.467661,0.261800,0.327656,0.164244,0.029645,1.101732,0.403824,-0.273045,-0.813117,0.106313,-0.162317,0.204496,-0.290099,-0.762467,0.863458,-0.611810,-0.430671,-0.045911,-0.126640
0.627933,0.889091,0.741829,-0.081143,0.125187,-0.910045,0.386732,-0.280485,0.018222,0.280940,0.127733,-0.255680,-0.007146,0.268196,0.079809,-0.080806,1.162144,0.453899,0.261800,0.313016,0.157157,0.038771,1.072851,0.396681,-0.275821,-0.802980,0.103549,-0.163700,0.205654,-0.275419,-0.761058,0.867101,-0.602269,-0.435975,-0.045544,-0.126980
0.615672,0.877569,0.736692,-0.080827,0.116349,-0.906706,0.397259,-0.260531,-0.014327,0.275116,0.129023,-0.229266,0.025203,0.252859,0.024195,-0.123452,1.262871,0.434832,0.261800,0.295753,0.140095,0.053775,1.038815,0.390395,-0.277687,-0.790380,0.100822,-0.164268,0.206963,-0.258038,-0.759128,0.867140,-0.589830,-0.442356,-0.044577,-0.124906
0.604263,0.865792,0.731605,-0.079723,0.103572,-0.903082,0.409096,-0.245798,-0.055887,0.268121,0.152537,-0.196132,0.070243,0.243731,-0.047030,-0.165262,1.366273,0.409787,0.261800,0.277062,0.115540,0.073630,1.000640,0.385199,-0.278822,-0.776300,0.098056,-0.164250,0.208705,-0.238152,-0.756654,0.864045,-0.574295,-0.449977,-0.043136,-0.121178
0.592740,0.854128,0.725827,-0.078424,0.089217,-0.898979,0.421576,-0.255849,-0.096134,0.264289,0.233542,-0.187015,0.122238,0.238466,-0.120881,-0.198791,1.468875,0.382108,0.261800,0.258044,0.088253,0.095377,0.959778,0.381091,-0.279565,-0.761603,0.093984,-0.164097,0.211454,-0.216993,-0.753759,0.858792,-0.553880,-0.457994,-0.041591,-0.117629
0.581070,0.842505,0.719145,-0.076794,0.075034,-0.894319,0.434357,-0.265891,-0.137646,0.263119,0.311244,-0.184181,0.180006,0.231712,-0.185750,-0.217968,1.567933,0.355175,0.261800,0.239010,0.061204,0.116068,0.916962,0.377854,-0.280244,-0.746411,0.087329,-0.164286,0.215751,-0.195785,-0.750587,0.852320,-0.526731,-0.465656,-0.040300,-0.116188
0.570097,0.830915,0.711972,-0.073377,0.060240,-0.889130,0.447699,-0.283996,-0.180066,0.264628,0.400101,-0.197547,0.256228,0.219371,-0.244033,-0.221966,1.665979,0.328622,0.256623,0.219174,0.031191,0.134291,0.871736,0.375246,-0.280889,-0.729331,0.076448,-0.165998,0.222033,-0.175627,-0.747388,0.845850,-0.492064,-0.472586,-0.039133,-0.118159
0.558751,0.820072,0.704851,-0.070953,0.047408,-0.884271,0.459111,-0.313011,-0.202614,0.264970,0.519451,-0.232464,0.261800,0.206771,-0.308581,-0.227112,1.762005,0.302099,0.212725,0.203516,0.004827,0.150968,0.822907,0.373139,-0.281236,-0.709749,0.062435,-0.168746,0.229802,-0.155519,-0.744065,0.838483,-0.451087,-0.479281,-0.037932,-0.122485
0.547443,0.809244,0.697831,-0.069249,0.036555,-0.879030,0.470292,-0.338830,-0.221484,0.257364,0.633346,-0.272860,0.261800,0.193531,-0.375191,-0.231753,1.853330,0.275565,0.153686,0.188870,-0.017044,0.166324,0.771147,0.371436,-0.281451,-0.689929,0.048194,-0.170429,0.238312,-0.133712,-0.740350,0.828134,-0.404753,-0.486269,-0.037034,-0.127243
0.536573,0.797932,0.691632,-0.069027,0.026946,-0.872987,0.482082,-0.349471,-0.243280,0.243283,0.720401,-0.308807,0.261800,0.182169,-0.438604,-0.236393,1.935989,0.249831,0.091269,0.173858,-0.034140,0.183139,0.716685,0.370143,-0.281616,-0.671890,0.036540,-0.168872,0.246869,-0.108398,-0.735779,0.812690,-0.354037,-0.494151,-0.036801,-0.130533
0.526364,0.786239,0.686193,-0.070858,0.017231,-0.865489,0.495592,-0.339404,-0.271750,0.225414,0.776420,-0.340212,0.261800,0.172277,-0.489605,-0.234723,2.008806,0.231301,0.037783,0.157088,-0.047100,0.204738,0.656427,0.369552,-0.283337,-0.653490,0.028674,-0.161162,0.257061,-0.077982,-0.729553,0.790156,-0.294854,-0.502952,-0.037381,-0.131355
0.516510,0.774991,0.681241,-0.073899,0.007373,-0.856787,0.510295,-0.316138,-0.303008,0.205074,0.815932,-0.373317,0.261800,0.161182,-0.531705,-0.226145,2.074309,0.218003,-0.011687,0.139237,-0.057731,0.229422,0.590995,0.369725,-0.286433,-0.634365,0.022693,-0.149176,0.268909,-0.043818,-0.721380,0.762037,-0.227822,-0.512477,-0.038664,-0.130701
0.506820,0.764138,0.676745,-0.076814,-0.001900,-0.847945,0.524485,-0.286738,-0.332700,0.184047,0.845351,-0.406615,0.261800,0.145211,-0.568565,-0.211419,2.133481,0.201200,-0.057508,0.122098,-0.068064,0.253147,0.526177,0.370191,-0.288141,-0.618930,0.016956,-0.137875,0.279137,-0.008971,-0.711744,0.731938,-0.160883,-0.522868,-0.040627,-0.129821
0.497012,0.753269,0.672789,-0.078382,-0.009676,-0.840194,0.536505,-0.258373,-0.357082,0.164224,0.869856,-0.438020,0.261800,0.120859,-0.604327,-0.192273,2.187282,0.172178,-0.101023,0.107236,-0.079380,0.271782,0.467570,0.370286,-0.285427,-0.611273,0.010215,-0.132240,0.284183,0.023342,-0.701755,0.703740,-0.101990,-0.534211,-0.043103,-0.130139
0.487222,0.742058,0.669548,-0.078664,-0.015602,-0.834447,0.545222,-0.231494,-0.374086,0.148117,0.889192,-0.468303,0.261800,0.084988,-0.638182,-0.167208,2.236858,0.127577,-0.140214,0.096590,-0.090953,0.285057,0.417049,0.369082,-0.276818,-0.613826,0.002958,-0.135139,0.280810,0.051923,-0.692257,0.677909,-0.050960,-0.549089,-0.046431,-0.132470
0.477760,0.730565,0.666968,-0.078513,-0.019815,-0.830141,0.551641,-0.202781,-0.385447,0.134627,0.901087,-0.498401,0.261800,0.038521,-0.666463,-0.136737,2.281444,0.073611,-0.174678,0.088556,-0.100881,0.294881,0.370484,0.366361,-0.264098,-0.622733,-0.004086,-0.143358,0.271241,0.078543,-0.683539,0.653150,-0.004624,-0.566385,-0.050374,-0.136133
0.468757,0.718690,0.665150,-0.077924,-0.022080,-0.826318,0.557350,-0.173826,-0.392964,0.120295,0.907460,-0.526391,0.261800,-0.015646,-0.689267,-0.106346,2.318901,0.015831,-0.208625,0.079822,-0.108443,0.300397,0.324365,0.363076,-0.249410,-0.632739,-0.011724,-0.152769,0.260141,0.105103,-0.676066,0.629958,0.033343,-0.580669,-0.053912,-0.140299
0.460056,0.706478,0.664146,-0.076853,-0.022221,-0.821924,0.563952,-0.146086,-0.398150,0.101252,0.910447,-0.550427,0.261800,-0.074110,-0.707701,-0.081778,2.347156,-0.040175,-0.246829,0.067276,-0.113281,0.300924,0.276099,0.360931,-0.234898,-0.639796,-0.020877,-0.159282,0.252327,0.133907,-0.670319,0.608342,0.058627,-0.586410,-0.056094,-0.144100
0.451773,0.694125,0.663947,-0.074801,-0.020096,-0.816714,0.571820,-0.120653,-0.401486,0.076407,0.910329,-0.570812,0.261800,-0.141385,-0.701583,-0.053506,2.365868,-0.091124,-0.261800,0.050520,-0.115448,0.295678,0.224981,0.361549,-0.221153,-0.644738,-0.033291,-0.162031,0.249449,0.166876,-0.666756,0.587128,0.066083,-0.579357,-0.056654,-0.147345
0.443582,0.681606,0.664582,-0.071917,-0.015748,-0.811348,0.579909,-0.097001,-0.401222,0.048257,0.906421,-0.588641,0.261800,-0.218032,-0.676963,-0.021167,2.375953,-0.137760,-0.261800,0.032468,-0.114864,0.285662,0.172975,0.365373,-0.207874,-0.650629,-0.048389,-0.163208,0.249353,0.204431,-0.665481,0.564969,0.057317,-0.563212,-0.056234,-0.150376
0.435574,0.668670,0.666192,-0.068900,-0.010207,-0.805700,0.588214,-0.072464,-0.398213,0.017564,0.897758,-0.602157,0.261800,-0.294018,-0.649886,0.004506,2.376823,-0.181053,-0.261800,0.013839,-0.112483,0.273625,0.121944,0.372067,-0.195634,-0.656930,-0.063455,-0.163338,0.251079,0.246187,-0.666155,0.541867,0.038459,-0.544409,-0.055252,-0.153103
0.427961,0.655311,0.668545,-0.065178,-0.006425,-0.799023,0.597722,-0.042465,-0.399000,-0.016210,0.879274,-0.606437,0.261800,-0.362197,-0.629138,0.024168,2.367727,-0.220325,-0.261800,-0.007105,-0.113984,0.262411,0.073693,0.380787,-0.184547,-0.662633,-0.075636,-0.162873,0.253472,0.290821,-0.668112,0.518566,0.016603,-0.529457,-0.054049,-0.155473
0.420690,0.641415,0.671718,-0.062982,-0.001004,-0.791851,0.607458,-0.009673,-0.393778,-0.053971,0.857966,-0.607952,0.261800,-0.420046,-0.615186,0.028602,2.347146,-0.258464,-0.261800,-0.028936,-0.110871,0.251444,0.027226,0.390959,-0.174190,-0.666096,-0.083238,-0.161499,0.256391,0.337356,-0.670904,0.495883,-0.007115,-0.519057,-0.052523,-0.157949
0.413545,0.627174,0.675690,-0.061734,0.006070,-0.784260,0.617323,0.024181,-0.382873,-0.094929,0.833896,-0.606794,0.261800,-0.470634,-0.604921,0.020246,2.315551,-0.296028,-0.261800,-0.051854,-0.103673,0.239855,-0.017824,0.402464,-0.164407,-0.668145,-0.087878,-0.159116,0.260184,0.385738,-0.674276,0.473865,-0.035056,-0.510168,-0.050552,-0.160435
0.406625,0.612440,0.680255,-0.061046,0.014034,-0.776936,0.626456,0.057618,-0.367308,-0.134006,0.807959,-0.600275,0.261800,-0.515642,-0.595158,0.004633,2.274759,-0.329173,-0.261800,-0.074071,-0.094233,0.227786,-0.058906,0.414743,-0.155421,-0.670967,-0.091670,-0.156535,0.264581,0.434738,-0.677769,0.452776,-0.064026,-0.503723,-0.048432,-0.162071
0.399822,0.597159,0.685414,-0.060490,0.022040,-0.770555,0.634113,0.089608,-0.348565,-0.166425,0.780888,-0.585562,0.261800,-0.556938,-0.582802,-0.012344,2.226675,-0.353925,-0.261800,-0.093997,-0.084546,0.215090,-0.093679,0.426993,-0.147364,-0.676440,-0.096617,-0.154546,0.269224,0.482591,-0.680890,0.433170,-0.090217,-0.500766,-0.046435,-0.161972
0.393199,0.581267,0.691015,-0.060080,0.029847,-0.765449,0.639990,0.121882,-0.326760,-0.191416,0.750376,-0.561332,0.261800,-0.594197,-0.568165,-0.030204,2.170773,-0.369465,-0.261800,-0.111061,-0.074939,0.201588,-0.121330,0.438691,-0.139734,-0.684316,-0.102523,-0.153234,0.274151,0.528170,-0.683560,0.415875,-0.111616,-0.503312,-0.044402,-0.159472
0.386633,0.564907,0.697104,-0.059953,0.037929,-0.761336,0.644464,0.153643,-0.301660,-0.210722,0.717522,-0.529620,0.261800,-0.625857,-0.551761,-0.052056,2.106389,-0.378489,-0.261800,-0.125888,-0.064293,0.187118,-0.143443,0.449794,-0.132429,-0.693428,-0.108344,-0.152167,0.279259,0.571821,-0.685917,0.400673,-0.129540,-0.510471,-0.042250,-0.155165
0.380165,0.548080,0.703582,-0.059846,0.046417,-0.757873,0.647991,0.181159,-0.274827,-0.224149,0.687546,-0.492179,0.261800,-0.652435,-0.531422,-0.076473,2.035065,-0.382126,-0.261800,-0.138995,-0.052708,0.171488,-0.161340,0.460281,-0.126168,-0.703958,-0.114825,-0.151371,0.284033,0.614038,-0.687767,0.386607,-0.145230,-0.518965,-0.040370,-0.150047
0.373680,0.531024,0.710227,-0.059462,0.055348,-0.754607,0.651129,0.201480,-0.247841,-0.232178,0.664851,-0.450212,0.261800,-0.675019,-0.505472,-0.100994,1.958199,-0.381106,-0.261800,-0.151154,-0.040446,0.154552,-0.176289,0.470143,-0.121761,-0.716113,-0.122684,-0.150880,0.287963,0.655216,-0.688607,0.372914,-0.159798,-0.525543,-0.039131,-0.145108
0.367084,0.513786,0.716968,-0.058635,0.064946,-0.751403,0.654017,0.214185,-0.220136,-0.233749,0.649794,-0.401481,0.261800,-0.694634,-0.473123,-0.124026,1.875428,-0.375822,-0.261800,-0.162556,-0.027324,0.135628,-0.188418,0.479421,-0.119654,-0.730019,-0.133535,-0.150562,0.291108,0.695251,-0.688074,0.359820,-0.172586,-0.529493,-0.038548,-0.140486
0.360662,0.496303,0.723722,-0.057481,0.074939,-0.748324,0.656575,0.221936,-0.191607,-0.230098,0.639509,-0.345685,0.261800,-0.710764,-0.436071,-0.145196,1.786100,-0.365954,-0.261800,-0.172939,-0.013674,0.115085,-0.197262,0.488132,-0.119502,-0.745447,-0.146474,-0.150437,0.293699,0.733827,-0.686103,0.347736,-0.182981,-0.532698,-0.038483,-0.135647
0.354287,0.478704,0.730358,-0.056105,0.084555,-0.745155,0.659125,0.227063,-0.164307,-0.225284,0.632453,-0.286318,0.261800,-0.722340,-0.397103,-0.163463,1.691053,-0.351747,-0.261800,-0.182666,-0.000688,0.094374,-0.203251,0.496250,-0.120953,-0.762060,-0.158468,-0.150724,0.295452,0.770902,-0.682655,0.336206,-0.192029,-0.535753,-0.039039,-0.130563
0.347901,0.460953,0.736826,-0.054564,0.092918,-0.741686,0.662035,0.232175,-0.140453,-0.222871,0.626220,-0.226576,0.261800,-0.728163,-0.358711,-0.178135,1.591081,-0.333622,-0.261800,-0.192243,0.010212,0.074944,-0.206882,0.503686,-0.123689,-0.779540,-0.166445,-0.151619,0.296080,0.806609,-0.677672,0.324694,-0.200924,-0.539259,-0.040333,-0.125211
0.341632,0.442982,0.742950,-0.052520,0.099834,-0.737867,0.665453,0.237919,-0.121145,-0.224187,0.616804,-0.162830,0.261800,-0.728741,-0.321469,-0.187574,1.485034,-0.311675,-0.261800,-0.202105,0.018325,0.056238,-0.208149,0.510498,-0.127854,-0.798457,-0.170027,-0.153283,0.295552,0.841233,-0.670986,0.313121,-0.209699,-0.543771,-0.042816,-0.119096
0.335729,0.424667,0.748631,-0.049970,0.105446,-0.733661,0.669422,0.244715,-0.104825,-0.226404,0.604176,-0.094504,0.261800,-0.724322,-0.284745,-0.190600,1.373047,-0.286388,-0.261800,-0.212360,0.023884,0.037942,-0.207103,0.516732,-0.133646,-0.818627,-0.170674,-0.155570,0.293990,0.874613,-0.662587,0.301816,-0.217719,-0.548890,-0.046322,-0.112377
0.330372,0.406108,0.753715,-0.045864,0.107346,-0.728125,0.675431,0.255955,-0.096001,-0.229554,0.588705,-0.025639,0.261800,-0.715157,-0.252872,-0.177448,1.260885,-0.260041,-0.242551,-0.226129,0.021880,0.021458,-0.204268,0.522191,-0.140709,-0.838632,-0.168113,-0.158113,0.291309,0.906447,-0.652752,0.290656,-0.225475,-0.553784,-0.050002,-0.106027
0.324825,0.387580,0.758267,-0.044340,0.110844,-0.721791,0.681737,0.264927,-0.081244,-0.241017,0.588535,0.027841,0.211366,-0.697359,-0.215152,-0.162234,1.143352,-0.229479,-0.199841,-0.239632,0.025383,0.008688,-0.199854,0.526490,-0.148538,-0.857249,-0.162007,-0.160601,0.287399,0.936238,-0.641947,0.279415,-0.233388,-0.557491,-0.052985,-0.101042
0.319514,0.369048,0.762104,-0.043745,0.112893,-0.714990,0.688572,0.274683,-0.067153,-0.248746,0.599250,0.070694,0.160515,-0.671356,-0.179413,-0.142619,1.020142,-0.195011,-0.156926,-0.253198,0.027631,-0.000312,-0.193430,0.529255,-0.156764,-0.875028,-0.150704,-0.163111,0.281300,0.965134,-0.630461,0.267468,-0.242777,-0.559518,-0.054764,-0.097875
0.314399,0.350486,0.765209,-0.043556,0.113338,-0.707800,0.695899,0.283733,-0.054557,-0.253688,0.619833,0.106595,0.110387,-0.637978,-0.147260,-0.116628,0.891082,-0.157555,-0.113349,-0.266940,0.027847,-0.006568,-0.184961,0.530414,-0.165553,-0.892315,-0.134837,-0.165834,0.273236,0.993255,-0.618389,0.254817,-0.253402,-0.560294,-0.055846,-0.095958
0.309531,0.331935,0.767486,-0.043606,0.112652,-0.700688,0.703167,0.289923,-0.044157,-0.256610,0.652375,0.132726,0.068406,-0.600814,-0.120412,-0.085969,0.763630,-0.119222,-0.071626,-0.279425,0.026641,-0.010612,-0.175122,0.530115,-0.175157,-0.907728,-0.117535,-0.168556,0.264838,1.019227,-0.605926,0.241930,-0.264081,-0.560366,-0.056839,-0.094744
0.304819,0.313518,0.768744,-0.043747,0.111333,-0.694135,0.709836,0.292416,-0.037049,-0.258297,0.696959,0.146149,0.040910,-0.563636,-0.099216,-0.053206,0.645228,-0.081211,-0.033093,-0.289218,0.024648,-0.012856,-0.164449,0.528641,-0.185770,-0.920003,-0.101960,-0.170983,0.257778,1.041691,-0.593365,0.229169,-0.273671,-0.560280,-0.058354,-0.093688
0.300107,0.295368,0.768943,-0.043776,0.109012,-0.688136,0.716009,0.291258,-0.034784,-0.258158,0.756328,0.140766,0.034312,-0.525195,-0.082530,-0.015896,0.531876,-0.038754,0.007206,-0.296729,0.020975,-0.013104,-0.152115,0.526155,-0.196686,-0.929982,-0.087776,-0.173364,0.252017,1.061842,-0.580653,0.215845,-0.282889,-0.560070,-0.060676,-0.092633
0.295359,0.277430,0.768270,-0.043694,0.105333,-0.682482,0.721952,0.287061,-0.036377,-0.255835,0.829571,0.119404,0.043869,-0.483537,-0.070609,0.026192,0.419766,0.008381,0.049608,-0.302639,0.014910,-0.011154,-0.137707,0.522713,-0.207865,-0.938296,-0.073732,-0.175727,0.246868,1.079848,-0.567779,0.201905,-0.292206,-0.559454,-0.063425,-0.091884
0.290658,0.259926,0.766897,-0.043699,0.100937,-0.677379,0.727365,0.280661,-0.039926,-0.252357,0.910212,0.092946,0.058050,-0.442855,-0.063957,0.065782,0.318635,0.052376,0.086675,-0.305876,0.007694,-0.007412,-0.122393,0.518503,-0.220496,-0.943485,-0.061656,-0.177344,0.243018,1.093101,-0.555319,0.188631,-0.300246,-0.558536,-0.066209,-0.091601
0.285872,0.242711,0.764925,-0.044217,0.096906,-0.673143,0.731800,0.272458,-0.042556,-0.247783,0.992349,0.072274,0.065278,-0.409383,-0.060620,0.094428,0.241435,0.084693,0.110834,-0.305138,0.001640,-0.002334,-0.107388,0.513768,-0.235724,-0.943968,-0.053370,-0.177481,0.241220,1.099087,-0.544256,0.177248,-0.305571,-0.557301,-0.068624,-0.091954
0.281276,0.225799,0.762337,-0.045821,0.094433,-0.670216,0.734707,0.262023,-0.043155,-0.241889,1.076465,0.060745,0.060375,-0.389837,-0.056072,0.106720,0.198541,0.102746,0.112278,-0.299380,-0.000470,0.003812,-0.092450,0.508616,-0.254298,-0.939706,-0.051142,-0.175650,0.243181,1.096633,-0.535372,0.168242,-0.307522,-0.554886,-0.070563,-0.093217
0.276794,0.209241,0.759137,-0.048559,0.093336,-0.668482,0.736249,0.249385,-0.042320,-0.234071,1.165407,0.051855,0.049301,-0.381463,-0.048509,0.106712,0.183597,0.110301,0.098135,-0.289396,0.001226,0.011216,-0.076890,0.503073,-0.275213,-0.931409,-0.053388,-0.172349,0.248081,1.087184,-0.528913,0.160907,-0.306848,-0.551281,-0.072173,-0.095296
0.272425,0.192994,0.755183,-0.052136,0.092786,-0.667439,0.737020,0.235478,-0.038818,-0.223452,1.256994,0.042008,0.037635,-0.376541,-0.039739,0.100263,0.184806,0.108770,0.085883,-0.276639,0.005017,0.020091,-0.061241,0.497260,-0.296899,-0.918539,-0.056174,-0.168305,0.252885,1.072224,-0.525115,0.154694,-0.304253,-0.547783,-0.073441,-0.097807
0.267855,0.176860,0.750514,-0.056165,0.091866,-0.666557,0.737637,0.221114,-0.030892,-0.209335,1.348962,0.027862,0.031743,-0.367030,-0.032136,0.093611,0.189507,0.100591,0.093028,-0.262702,0.008929,0.030706,-0.045760,0.491341,-0.317623,-0.900828,-0.055567,-0.164204,0.254567,1.053140,-0.524192,0.149185,-0.300463,-0.545668,-0.074343,-0.100377
0.263357,0.160887,0.745023,-0.060457,0.090222,-0.665904,0.738090,0.207174,-0.016716,-0.189822,1.441700,0.007587,0.034302,-0.350000,-0.027012,0.085970,0.194339,0.086361,0.132653,-0.247581,0.012204,0.043230,-0.030713,0.485456,-0.337391,-0.877541,-0.051433,-0.160330,0.252012,1.029525,-0.526515,0.144593,-0.295761,-0.545978,-0.074702,-0.102671
0.258944,0.145438,0.739218,-0.065490,0.088845,-0.665831,0.737894,0.193494,0.004136,-0.166274,1.536284,-0.017196,0.041871,-0.332446,-0.021092,0.073177,0.209635,0.062602,0.191991,-0.230502,0.017174,0.057193,-0.015488,0.479617,-0.356649,-0.849298,-0.045553,-0.156313,0.247024,1.000371,-0.532244,0.141479,-0.289442,-0.547606,-0.074544,-0.105039
0.254367,0.130776,0.733660,-0.071820,0.088697,-0.666125,0.737057,0.179406,0.031209,-0.143298,1.631180,-0.044217,0.051757,-0.320742,-0.010301,0.056868,0.242813,0.026349,0.250025,-0.212139,0.026190,0.072040,0.000976,0.473734,-0.374350,-0.817740,-0.036843,-0.151964,0.240940,0.966143,-0.541109,0.139943,-0.280788,-0.548697,-0.074175,-0.108108
0.250154,0.115151,0.726601,-0.081035,0.090898,-0.666463,0.735525,0.166076,0.065039,-0.126807,1.724518,-0.071802,0.059172,-0.313997,0.012194,0.036973,0.288998,-0.018470,0.261800,-0.193049,0.042729,0.088527,0.019765,0.467744,-0.389497,-0.784664,-0.024276,-0.147031,0.234995,0.927847,-0.552628,0.139997,-0.269530,-0.547514,-0.073921,-0.112457
0.246082,0.099951,0.719619,-0.090891,0.094275,-0.666555,0.733863,0.150954,0.101442,-0.115537,1.817882,-0.097640,0.066543,-0.322206,0.038574,0.022974,0.367138,-0.082394,0.261800,-0.174002,0.062704,0.104391,0.039079,0.461697,-0.402510,-0.747576,-0.006587,-0.141445,0.227268,0.885509,-0.566490,0.141730,-0.254980,-0.541631,-0.073966,-0.119198
0.242065,0.085571,0.712695,-0.100820,0.097746,-0.666393,0.732258,0.135530,0.139030,-0.107320,1.911412,-0.123229,0.075661,-0.339556,0.066038,0.012714,0.468528,-0.160955,0.261800,-0.155288,0.083517,0.119993,0.059089,0.455610,-0.413765,-0.706514,0.015340,-0.135471,0.217811,0.838601,-0.582558,0.145690,-0.237522,-0.532733,-0.074190,-0.127669
0.238206,0.071520,0.705749,-0.110411,0.100216,-0.665940,0.730951,0.120122,0.172393,-0.102032,2.000893,-0.148610,0.086622,-0.354028,0.092513,0.004784,0.567387,-0.238171,0.261800,-0.138288,0.102577,0.136079,0.083781,0.449286,-0.422300,-0.667119,0.039266,-0.129239,0.210862,0.786431,-0.600570,0.152748,-0.217708,-0.525207,-0.074432,-0.135802
0.234582,0.057395,0.700277,-0.119828,0.101308,-0.665271,0.729927,0.104314,0.197640,-0.099732,2.082085,-0.173597,0.098643,-0.355529,0.117060,-0.002418,0.641656,-0.300421,0.259415,-0.123872,0.119205,0.153516,0.117015,0.442417,-0.427264,-0.634951,0.062900,-0.122653,0.210617,0.728037,-0.620236,0.163803,-0.195994,-0.523414,-0.074427,-0.141543
0.231558,0.043325,0.696099,-0.130097,0.101220,-0.664288,0.729075,0.087540,0.214568,-0.101718,2.155333,-0.196680,0.113000,-0.340377,0.140647,-0.008708,0.686327,-0.344099,0.253283,-0.112523,0.134663,0.174291,0.161437,0.434271,-0.428038,-0.610503,0.090103,-0.113830,0.221580,0.659690,-0.641667,0.180888,-0.169805,-0.530407,-0.074163,-0.143775
0.229438,0.029643,0.692540,-0.140775,0.100211,-0.662994,0.728409,0.068923,0.225162,-0.106606,2.222775,-0.217823,0.129804,-0.314859,0.162621,-0.012411,0.714665,-0.377491,0.247109,-0.103993,0.149202,0.197365,0.214570,0.424594,-0.425109,-0.590996,0.120411,-0.102912,0.240030,0.582144,-0.664537,0.204199,-0.139986,-0.542862,-0.073591,-0.143920
0.228332,0.015879,0.689777,-0.150192,0.098287,-0.661666,0.727997,0.047151,0.229495,-0.111180,2.282703,-0.238554,0.145769,-0.284224,0.180525,-0.013445,0.733177,-0.405693,0.241387,-0.097217,0.161368,0.219320,0.272101,0.414059,-0.419818,-0.576969,0.145123,-0.093206,0.258246,0.501786,-0.687530,0.230978,-0.112184,-0.555882,-0.072506,-0.143546
0.227599,0.002305,0.687626,-0.156691,0.095472,-0.660611,0.727960,0.020615,0.227693,-0.112558,2.333277,-0.260189,0.157597,-0.253871,0.192154,-0.012259,0.748060,-0.433599,0.236619,-0.090358,0.169552,0.236700,0.329306,0.403978,-0.414015,-0.569017,0.155767,-0.088668,0.269033,0.425516,-0.709016,0.257408,-0.091586,-0.565188,-0.070912,-0.144003
0.226970,-0.011185,0.686091,-0.159561,0.091476,-0.659773,0.728610,-0.013399,0.218728,-0.110046,2.374742,-0.283088,0.165188,-0.224876,0.195709,-0.009668,0.760772,-0.463320,0.233234,-0.083001,0.171858,0.248989,0.387210,0.395408,-0.407822,-0.569679,0.144784,-0.091938,0.270232,0.353491,-0.727998,0.282033,-0.078692,-0.574886,-0.069278,-0.144768
0.226366,-0.024845,0.685266,-0.159833,0.086498,-0.659028,0.729831,-0.054907,0.203261,-0.105099,2.407896,-0.304997,0.170158,-0.194655,0.192774,-0.005890,0.768001,-0.491966,0.230955,-0.074868,0.169448,0.258043,0.447473,0.388654,-0.401007,-0.578600,0.118218,-0.100431,0.266002,0.283405,-0.744262,0.305629,-0.070945,-0.586243,-0.067710,-0.145210
0.226032,-0.038770,0.685168,-0.158550,0.081331,-0.658605,0.731086,-0.101505,0.183953,-0.098280,2.431480,-0.323220,0.171637,-0.163129,0.186491,-0.000617,0.768649,-0.516815,0.229166,-0.064238,0.165298,0.263845,0.506083,0.383965,-0.394850,-0.591571,0.088296,-0.110429,0.258822,0.217995,-0.757848,0.327605,-0.067971,-0.591018,-0.065704,-0.146491
0.226116,-0.052699,0.685751,-0.156748,0.076717,-0.658769,0.731825,-0.150525,0.163472,-0.090367,2.444175,-0.335397,0.168684,-0.130108,0.180039,0.006712,0.761729,-0.535183,0.227200,-0.049281,0.162558,0.266373,0.558659,0.381555,-0.390909,-0.604002,0.067440,-0.118487,0.251617,0.160818,-0.768983,0.346812,-0.069925,-0.581016,-0.062798,-0.149751
0.226691,-0.066867,0.687110,-0.154545,0.072785,-0.659894,0.731681,-0.202231,0.141661,-0.081014,2.445067,-0.340772,0.158966,-0.094785,0.174150,0.017082,0.745147,-0.547410,0.224835,-0.028392,0.162130,0.265009,0.603524,0.382064,-0.390319,-0.615576,0.059447,-0.124058,0.245291,0.113701,-0.778000,0.361983,-0.077821,-0.546852,-0.058288,-0.157194
0.227792,-0.081157,0.689319,-0.151608,0.069132,-0.661795,0.730933,-0.257289,0.117923,-0.070098,2.434625,-0.340826,0.143392,-0.057295,0.167245,0.029839,0.719966,-0.554560,0.222571,-0.002602,0.162266,0.260203,0.643446,0.385801,-0.391880,-0.628771,0.057473,-0.128890,0.238525,0.075090,-0.785282,0.373161,-0.091370,-0.495360,-0.053037,-0.167821
0.229444,-0.095713,0.692366,-0.148178,0.065580,-0.663928,0.730029,-0.313080,0.094022,-0.058998,2.413754,-0.337115,0.125912,-0.018801,0.158958,0.043339,0.690039,-0.555089,0.220679,0.025762,0.162013,0.253427,0.680627,0.392167,-0.393563,-0.642743,0.058238,-0.133274,0.231082,0.042951,-0.791300,0.381558,-0.108401,-0.442608,-0.048588,-0.177790
0.231609,-0.110417,0.696100,-0.144458,0.061989,-0.665731,0.729446,-0.366904,0.071339,-0.049005,2.383402,-0.331196,0.110535,0.019412,0.148899,0.055974,0.659360,-0.547549,0.219268,0.054130,0.160502,0.246141,0.717115,0.399901,-0.393250,-0.656417,0.058638,-0.137466,0.222523,0.015050,-0.796538,0.388736,-0.126737,-0.404681,-0.045822,-0.182950
0.234160,-0.125406,0.700427,-0.140262,0.057939,-0.667346,0.729122,-0.417695,0.046793,-0.040102,2.342411,-0.323594,0.096690,0.057724,0.135989,0.068534,0.628305,-0.531987,0.218721,0.082549,0.157202,0.238798,0.752729,0.408109,-0.390030,-0.668983,0.058380,-0.141981,0.211041,-0.009156,-0.801471,0.394940,-0.146234,-0.386242,-0.044830,-0.180977
0.237030,-0.140615,0.705426,-0.135486,0.053592,-0.668971,0.728868,-0.465235,0.020944,-0.032043,2.290653,-0.315299,0.082936,0.096305,0.120596,0.081351,0.595308,-0.509218,0.218746,0.111563,0.152552,0.230695,0.786563,0.416501,-0.384818,-0.680674,0.059189,-0.146585,0.197180,-0.029014,-0.806382,0.399917,-0.167759,-0.378472,-0.044814,-0.174384
0.240088,-0.155806,0.711006,-0.130361,0.049660,-0.670108,0.729037,-0.508540,-0.000058,-0.025084,2.230741,-0.307687,0.072123,0.133413,0.104537,0.092222,0.561847,-0.479164,0.218303,0.139277,0.147028,0.221508,0.819355,0.424588,-0.378273,-0.691599,0.061084,-0.150374,0.183987,-0.044821,-0.811311,0.404463,-0.190761,-0.377207,-0.045065,-0.166174
0.243306,-0.171351,0.717079,-0.125094,0.046829,-0.670245,0.730021,-0.547135,-0.010746,-0.018539,2.165239,-0.301278,0.066958,0.167398,0.089606,0.099024,0.529565,-0.441788,0.216398,0.163579,0.140887,0.210855,0.851764,0.431742,-0.370981,-0.701698,0.064159,-0.152440,0.174463,-0.057329,-0.816100,0.409788,-0.214287,-0.378363,-0.044867,-0.159374
0.246811,-0.187314,0.723532,-0.119593,0.045347,-0.669083,0.732099,-0.581385,-0.009625,-0.011489,2.093884,-0.295667,0.068053,0.198576,0.075937,0.100755,0.497640,-0.395162,0.213674,0.183178,0.134093,0.198172,0.884216,0.437389,-0.362576,-0.710452,0.068250,-0.152289,0.169268,-0.067433,-0.820766,0.417221,-0.237773,-0.384371,-0.043918,-0.154372
0.250498,-0.203567,0.730144,-0.113717,0.044769,-0.666869,0.735085,-0.610922,-0.001406,-0.002663,2.015506,-0.290812,0.073324,0.227360,0.062685,0.098658,0.466511,-0.340431,0.210394,0.198708,0.126272,0.183861,0.916071,0.441239,-0.352807,-0.717618,0.073561,-0.150491,0.166680,-0.075353,-0.825333,0.426516,-0.261279,-0.396265,-0.042694,-0.149689
0.254224,-0.220009,0.736793,-0.107555,0.044669,-0.663920,0.738679,-0.634701,0.009895,0.009130,1.930917,-0.287124,0.081114,0.252298,0.050193,0.094002,0.439869,-0.282141,0.205031,0.211056,0.117233,0.168998,0.946330,0.443258,-0.342468,-0.723552,0.080770,-0.147695,0.166131,-0.080843,-0.829545,0.436393,-0.284753,-0.407879,-0.041522,-0.145494
0.257964,-0.236474,0.743336,-0.101202,0.044642,-0.660582,0.742561,-0.651980,0.020919,0.024136,1.840900,-0.284836,0.090019,0.272026,0.038720,0.087951,0.421077,-0.224433,0.196122,0.221305,0.106857,0.154637,0.974074,0.443647,-0.332365,-0.728823,0.090544,-0.144555,0.167095,-0.083355,-0.832988,0.445320,-0.308278,-0.413130,-0.040709,-0.141955
0.261715,-0.253058,0.749749,-0.094052,0.044846,-0.656726,0.746896,-0.663990,0.033442,0.044003,1.744881,-0.284796,0.102933,0.284858,0.027698,0.079882,0.411093,-0.166132,0.180564,0.229352,0.093929,0.140087,0.999226,0.442502,-0.322405,-0.733568,0.105247,-0.140433,0.170606,-0.082199,-0.835322,0.452717,-0.331943,-0.408742,-0.040402,-0.139370
0.265536,-0.269815,0.755940,-0.086227,0.045378,-0.652212,0.751748,-0.670503,0.046874,0.068788,1.642447,-0.286651,0.118245,0.291849,0.016641,0.069025,0.408485,-0.105398,0.160608,0.234709,0.078910,0.125047,1.022323,0.439888,-0.312213,-0.737726,0.123765,-0.135135,0.176507,-0.077921,-0.836534,0.459385,-0.355498,-0.398672,-0.040429,-0.137479
0.269333,-0.286585,0.761756,-0.078956,0.045861,-0.647454,0.756615,-0.669619,0.056247,0.094280,1.534233,-0.288091,0.128902,0.296232,0.006299,0.056844,0.411529,-0.044881,0.142529,0.238156,0.064141,0.111054,1.043553,0.436146,-0.302090,-0.741702,0.141523,-0.130068,0.182590,-0.071997,-0.836781,0.465955,-0.378430,-0.387584,-0.040595,-0.135637
0.273164,-0.303332,0.767212,-0.073486,0.045943,-0.642919,0.761016,-0.660232,0.058495,0.115228,1.420624,-0.286283,0.129738,0.301614,-0.001770,0.045454,0.417461,0.012865,0.132079,0.240760,0.052034,0.099672,1.063152,0.431821,-0.292392,-0.746046,0.153973,-0.126780,0.186788,-0.065536,-0.836329,0.472766,-0.400482,-0.380110,-0.040696,-0.133216
0.277026,-0.320114,0.772180,-0.070040,0.045452,-0.638638,0.764964,-0.641779,0.053468,0.127765,1.298183,-0.279459,0.121697,0.309724,-0.006885,0.035712,0.423403,0.068454,0.131693,0.243066,0.042770,0.091687,1.081066,0.427320,-0.283104,-0.751162,0.159733,-0.125964,0.188749,-0.057565,-0.835241,0.478968,-0.422383,-0.377560,-0.040708,-0.129805
0.280871,-0.337089,0.776658,-0.068022,0.044680,-0.634482,0.768641,-0.615815,0.045234,0.133767,1.167400,-0.269200,0.109152,0.318778,-0.009254,0.027338,0.430275,0.123457,0.137779,0.244969,0.035346,0.086050,1.097383,0.422823,-0.274090,-0.757003,0.161204,-0.126760,0.189681,-0.047397,-0.833522,0.484239,-0.444380,-0.377392,-0.040744,-0.125834
0.284566,-0.354150,0.780467,-0.067488,0.043985,-0.630682,0.771849,-0.584666,0.037844,0.136376,1.034270,-0.257488,0.092858,0.327267,-0.008349,0.020794,0.440567,0.176752,0.146643,0.246569,0.030446,0.081634,1.112629,0.418523,-0.265498,-0.763440,0.159520,-0.128449,0.189891,-0.036534,-0.831454,0.489748,-0.465541,-0.378469,-0.040786,-0.121944
0.288115,-0.371213,0.783457,-0.068514,0.043741,-0.627465,0.774390,-0.550682,0.034374,0.139431,0.904450,-0.245941,0.072785,0.333503,-0.003973,0.016105,0.457219,0.227005,0.154457,0.247882,0.028751,0.077315,1.127381,0.414544,-0.257496,-0.770378,0.155792,-0.130309,0.189689,-0.026575,-0.829422,0.496766,-0.484973,-0.379575,-0.040773,-0.118839
0.291758,-0.388260,0.785484,-0.072116,0.044204,-0.625152,0.775906,-0.511251,0.036033,0.142690,0.771867,-0.233923,0.046496,0.338098,0.005831,0.013675,0.480637,0.274236,0.158947,0.249589,0.032361,0.073103,1.142921,0.410976,-0.249970,-0.778741,0.148076,-0.132595,0.188751,-0.017791,-0.827732,0.505982,-0.502967,-0.380953,-0.040547,-0.116931
0.295510,-0.405263,0.786525,-0.078120,0.045200,-0.623557,0.776551,-0.465603,0.042559,0.144442,0.633958,-0.220507,0.016180,0.341639,0.020185,0.013118,0.509566,0.319139,0.161803,0.251662,0.040773,0.069499,1.158659,0.407791,-0.242983,-0.788383,0.136470,-0.135529,0.187056,-0.009143,-0.826423,0.516470,-0.520098,-0.382943,-0.040142,-0.115861
0.299236,-0.422331,0.786629,-0.084821,0.046431,-0.622090,0.776951,-0.419121,0.052685,0.147044,0.502443,-0.206313,-0.013448,0.342605,0.035300,0.013041,0.544372,0.361127,0.165433,0.252853,0.050880,0.066190,1.172282,0.404881,-0.236963,-0.797426,0.125221,-0.138349,0.185362,-0.000209,-0.825483,0.527026,-0.535791,-0.384541,-0.039805,-0.115127
0.303109,-0.439432,0.786025,-0.090525,0.047625,-0.620164,0.777775,-0.378013,0.063455,0.153021,0.390599,-0.191817,-0.039606,0.339479,0.048041,0.012289,0.585237,0.399602,0.173002,0.251809,0.059599,0.062914,1.181428,0.402112,-0.232347,-0.803906,0.118615,-0.140326,0.184438,0.009300,-0.824854,0.536517,-0.549480,-0.384694,-0.039784,-0.114230
0.307271,-0.456204,0.784802,-0.095110,0.049296,-0.617865,0.778952,-0.344484,0.075196,0.166949,0.301297,-0.176156,-0.065557,0.331003,0.060430,0.012220,0.633255,0.434805,0.188006,0.248341,0.067306,0.058403,1.186357,0.399328,-0.229390,-0.807845,0.118455,-0.141099,0.184459,0.019075,-0.824650,0.545270,-0.561035,-0.382280,-0.040287,-0.112952
0.311523,-0.472384,0.782777,-0.099528,0.051472,-0.615354,0.780247,-0.315810,0.087426,0.186440,0.228310,-0.158985,-0.093368,0.318032,0.074500,0.012936,0.688845,0.466238,0.208995,0.242895,0.075724,0.053278,1.187934,0.396516,-0.227862,-0.809910,0.122307,-0.141128,0.184979,0.029027,-0.824966,0.553706,-0.570818,-0.378095,-0.041127,-0.111580
0.315531,-0.488143,0.780104,-0.103147,0.052944,-0.612098,0.782236,-0.291769,0.095130,0.203176,0.172793,-0.142653,-0.118318,0.301826,0.086101,0.011195,0.751401,0.492109,0.232003,0.234801,0.082527,0.050070,1.184466,0.393868,-0.227387,-0.809133,0.128049,-0.140930,0.185876,0.039813,-0.825602,0.560814,-0.578919,-0.374072,-0.041978,-0.110381
0.319385,-0.503543,0.776926,-0.105212,0.052531,-0.607597,0.785492,-0.273288,0.094694,0.208347,0.138528,-0.131462,-0.135145,0.283891,0.089264,0.002245,0.819437,0.511389,0.250680,0.223542,0.085101,0.051034,1.174153,0.391771,-0.227560,-0.804443,0.133524,-0.141018,0.187084,0.052135,-0.826182,0.565432,-0.585270,-0.372149,-0.042559,-0.109583
0.323095,-0.518692,0.773115,-0.104980,0.049590,-0.601751,0.790200,-0.262266,0.084177,0.197129,0.131051,-0.128031,-0.146666,0.264354,0.078846,-0.017570,0.894999,0.522783,0.261800,0.209106,0.081038,0.056789,1.156362,0.391014,-0.228211,-0.796028,0.139245,-0.141398,0.188874,0.066431,-0.826235,0.567038,-0.590174,-0.373164,-0.042740,-0.109245
0.326753,-0.533884,0.768782,-0.102481,0.044529,-0.594664,0.796172,-0.259102,0.065003,0.174870,0.150409,-0.131825,-0.153860,0.243043,0.054513,-0.047821,0.979599,0.523600,0.261800,0.191365,0.070937,0.065930,1.131607,0.390867,-0.229757,-0.783747,0.146081,-0.141838,0.191182,0.082027,-0.825888,0.566493,-0.593245,-0.375984,-0.042716,-0.109220
0.330455,-0.548575,0.764152,-0.098243,0.037912,-0.586501,0.803074,-0.262978,0.039428,0.148885,0.193004,-0.142921,-0.148904,0.222476,0.023005,-0.077728,1.064774,0.523600,0.261800,0.171877,0.056237,0.077237,1.100549,0.391656,-0.232482,-0.767346,0.151927,-0.142410,0.193952,0.099422,-0.824838,0.563113,-0.593670,-0.379867,-0.042826,-0.109158
0.334383,-0.562645,0.759595,-0.092303,0.030003,-0.577883,0.810328,-0.272158,0.008863,0.127967,0.252288,-0.159480,-0.123815,0.201596,-0.013020,-0.101560,1.149546,0.523057,0.261800,0.152034,0.037177,0.089541,1.066109,0.393455,-0.235538,-0.748306,0.154233,-0.143256,0.197030,0.117100,-0.823114,0.558640,-0.590104,-0.383704,-0.043021,-0.109508
0.337979,-0.576850,0.754094,-0.083644,0.020166,-0.568903,0.817891,-0.290063,-0.029223,0.114527,0.335637,-0.180939,-0.067016,0.178908,-0.056170,-0.117893,1.239983,0.512880,0.261800,0.132099,0.011111,0.103058,1.028857,0.396190,-0.238520,-0.726943,0.150881,-0.144941,0.199503,0.135025,-0.820706,0.552898,-0.583263,-0.387212,-0.043555,-0.110260
0.341530,-0.591307,0.747765,-0.073281,0.008687,-0.559462,0.825564,-0.313521,-0.074809,0.105960,0.435874,-0.201747,0.012796,0.156329,-0.103833,-0.127749,1.333549,0.497280,0.261800,0.112301,-0.019938,0.118027,0.988410,0.399874,-0.241786,-0.703578,0.143631,-0.147223,0.201703,0.153706,-0.817623,0.545529,-0.573627,-0.390904,-0.044268,-0.111282
0.345396,-0.605185,0.740942,-0.063318,-0.003139,-0.549876,0.832837,-0.334798,-0.122477,0.102202,0.532817,-0.218880,0.094743,0.134988,-0.154843,-0.136362,1.424832,0.480398,0.248648,0.093918,-0.050465,0.133678,0.944319,0.404295,-0.246292,-0.678013,0.136199,-0.149032,0.205271,0.173404,-0.813864,0.536600,-0.559995,-0.395003,-0.044724,-0.112366
0.349146,-0.618589,0.733517,-0.054724,-0.014459,-0.540547,0.839408,-0.347524,-0.167373,0.101542,0.611627,-0.235782,0.160340,0.112784,-0.197685,-0.136216,1.509916,0.465706,0.235925,0.077946,-0.077354,0.149262,0.896025,0.409050,-0.252734,-0.649938,0.132288,-0.149308,0.211833,0.194147,-0.809313,0.526357,-0.541062,-0.399719,-0.044478,-0.113361
0.352778,-0.631834,0.725963,-0.046930,-0.025638,-0.531170,0.845576,-0.351233,-0.209132,0.102217,0.674220,-0.259118,0.207605,0.088500,-0.232033,-0.125837,1.590035,0.454121,0.225598,0.063615,-0.101497,0.165153,0.841746,0.413859,-0.261775,-0.616294,0.133862,-0.147313,0.223055,0.216225,-0.803686,0.514565,-0.515056,-0.405376,-0.042868,-0.114599
0.356665,-0.645047,0.718902,-0.039429,-0.036875,-0.521669,0.851438,-0.350149,-0.247883,0.102658,0.732344,-0.290864,0.246975,0.062228,-0.263369,-0.109423,1.667159,0.443625,0.212673,0.050668,-0.124506,0.181364,0.781964,0.418484,-0.272878,-0.577886,0.138528,-0.143703,0.237649,0.239273,-0.796823,0.501268,-0.482949,-0.411801,-0.040342,-0.116001
0.360692,-0.658492,0.712792,-0.033799,-0.046653,-0.513102,0.856392,-0.345803,-0.276754,0.098969,0.788829,-0.329548,0.261800,0.032798,-0.289732,-0.091480,1.738708,0.433714,0.193704,0.040826,-0.143012,0.196700,0.719633,0.422459,-0.284638,-0.540197,0.143492,-0.139543,0.252715,0.261947,-0.788845,0.487519,-0.447307,-0.418444,-0.038115,-0.116851
0.364465,-0.671812,0.707316,-0.030215,-0.054527,-0.506049,0.860249,-0.338125,-0.296598,0.092340,0.839960,-0.368928,0.261800,-0.000920,-0.305115,-0.070071,1.802595,0.423512,0.175880,0.034440,-0.156815,0.210587,0.658001,0.425227,-0.295419,-0.508898,0.146162,-0.136009,0.265278,0.282791,-0.780148,0.474679,-0.410728,-0.424773,-0.037383,-0.116489
0.368071,-0.684878,0.702310,-0.028764,-0.060787,-0.500865,0.862909,-0.325713,-0.309978,0.086432,0.882360,-0.407120,0.261800,-0.039739,-0.306006,-0.042684,1.858850,0.415320,0.161388,0.031859,-0.165333,0.223953,0.596479,0.426201,-0.305431,-0.484108,0.147946,-0.132626,0.275693,0.301287,-0.770804,0.462609,-0.370901,-0.429706,-0.038626,-0.114217
0.371857,-0.698025,0.697824,-0.028934,-0.065938,-0.497130,0.864683,-0.308517,-0.318502,0.081887,0.916801,-0.445852,0.261800,-0.082514,-0.295754,-0.011073,1.908975,0.408843,0.147985,0.031957,-0.169665,0.237241,0.534222,0.425163,-0.314517,-0.463371,0.149787,-0.129078,0.284984,0.317865,-0.760916,0.451287,-0.327313,-0.433864,-0.041142,-0.110575
0.375435,-0.711020,0.693709,-0.029708,-0.070141,-0.494144,0.866037,-0.288394,-0.324380,0.077241,0.944543,-0.483234,0.261800,-0.126978,-0.282579,0.019740,1.953007,0.399103,0.133471,0.032747,-0.172512,0.249317,0.473646,0.422394,-0.320906,-0.448036,0.148530,-0.126911,0.291206,0.332751,-0.751262,0.442128,-0.285365,-0.439229,-0.044315,-0.106951
0.379048,-0.724144,0.690154,-0.030032,-0.073546,-0.491164,0.867437,-0.267190,-0.329634,0.070729,0.966749,-0.517413,0.261800,-0.171672,-0.274758,0.046003,1.990772,0.380985,0.116094,0.032279,-0.176696,0.258935,0.416874,0.418529,-0.323344,-0.439211,0.140912,-0.127702,0.292451,0.346454,-0.743012,0.436399,-0.250809,-0.447598,-0.047421,-0.104919
0.382722,-0.737489,0.687251,-0.029749,-0.076139,-0.488492,0.868731,-0.245106,-0.333990,0.062828,0.983755,-0.548726,0.261800,-0.217839,-0.271982,0.068762,2.022695,0.352805,0.097385,0.031306,-0.182633,0.266012,0.364788,0.413852,-0.321153,-0.439340,0.123613,-0.133180,0.285882,0.359126,-0.737326,0.434548,-0.225262,-0.462106,-0.050510,-0.105591
0.386519,-0.750880,0.684993,-0.029425,-0.077830,-0.486378,0.869778,-0.221345,-0.336684,0.054420,0.995079,-0.577992,0.261800,-0.266203,-0.270335,0.089601,2.048580,0.317641,0.077847,0.030294,-0.188600,0.271149,0.315799,0.408447,-0.315424,-0.446889,0.098968,-0.141870,0.273195,0.371301,-0.734554,0.435534,-0.206648,-0.480431,-0.053692,-0.108199
0.390455,-0.764271,0.683372,-0.029073,-0.078637,-0.483971,0.871059,-0.196303,-0.338653,0.043982,1.000901,-0.604078,0.261800,-0.315079,-0.272829,0.106168,2.067252,0.277082,0.054152,0.027269,-0.194214,0.274088,0.267860,0.402880,-0.308277,-0.456793,0.072186,-0.150621,0.259405,0.384390,-0.734359,0.437890,-0.195159,-0.496262,-0.056407,-0.111335
0.394355,-0.777562,0.682491,-0.028744,-0.078567,-0.480408,0.873046,-0.170347,-0.340413,0.029739,1.001604,-0.625955,0.261800,-0.362677,-0.282609,0.116002,2.077586,0.232392,0.022975,0.020515,-0.199121,0.274640,0.219254,0.398004,-0.301914,-0.464347,0.048534,-0.156617,0.249819,0.399917,-0.735879,0.439956,-0.190910,-0.503421,-0.058229,-0.113469
0.398311,-0.790996,0.682460,-0.028535,-0.077447,-0.475224,0.875985,-0.144059,-0.341679,0.010288,0.998129,-0.643990,0.261800,-0.408604,-0.301192,0.116875,2.079152,0.180025,-0.017133,0.009529,-0.203235,0.272742,0.168513,0.394582,-0.297419,-0.468735,0.028555,-0.159141,0.246760,0.418702,-0.738464,0.441281,-0.195993,-0.497859,-0.059189,-0.113882
0.402372,-0.804625,0.683282,-0.028733,-0.075160,-0.469025,0.879512,-0.117187,-0.341042,-0.013438,0.990849,-0.659141,0.261800,-0.452793,-0.323752,0.109698,2.072326,0.120236,-0.061678,-0.003984,-0.206180,0.268630,0.116681,0.392759,-0.294316,-0.472527,0.009509,-0.159863,0.247500,0.440159,-0.741834,0.442233,-0.209516,-0.483856,-0.059620,-0.113303
0.406596,-0.818513,0.684946,-0.029596,-0.071845,-0.462539,0.883187,-0.088959,-0.337203,-0.039727,0.979181,-0.671182,0.261800,-0.493852,-0.344922,0.096760,2.057300,0.059655,-0.105786,-0.018614,-0.207412,0.262562,0.066230,0.392335,-0.292159,-0.476345,-0.008064,-0.159737,0.249799,0.463297,-0.745569,0.442642,-0.226820,-0.467822,-0.059573,-0.112374
0.411144,-0.832559,0.687363,-0.031219,-0.067731,-0.456447,0.886619,-0.058675,-0.329395,-0.066703,0.962181,-0.679602,0.261800,-0.530793,-0.361713,0.080278,2.034262,0.004657,-0.146716,-0.033116,-0.206705,0.254811,0.019646,0.392984,-0.290307,-0.480743,-0.023514,-0.159608,0.251286,0.486936,-0.749210,0.442450,-0.243078,-0.456245,-0.059114,-0.111718
0.415955,-0.846931,0.690590,-0.033555,-0.062785,-0.450709,0.889828,-0.025799,-0.317750,-0.095238,0.937937,-0.685012,0.261800,-0.563074,-0.376403,0.058714,2.002782,-0.046313,-0.187057,-0.047673,-0.204119,0.245118,-0.023295,0.394647,-0.288742,-0.485210,-0.036591,-0.159413,0.251622,0.510709,-0.752444,0.442149,-0.257775,-0.450954,-0.057901,-0.111645
0.421163,-0.861614,0.694568,-0.036550,-0.056888,-0.445097,0.892926,0.008473,-0.302298,-0.125382,0.907621,-0.687484,0.261800,-0.590093,-0.388463,0.031137,1.962881,-0.096401,-0.225813,-0.062658,-0.199672,0.233444,-0.063543,0.397405,-0.287734,-0.489693,-0.047570,-0.158780,0.251901,0.534553,-0.755145,0.442090,-0.272549,-0.448611,-0.056032,-0.111754
0.426624,-0.876491,0.699134,-0.040111,-0.050275,-0.439893,0.895744,0.042512,-0.282880,-0.154045,0.874328,-0.685365,0.261800,-0.611703,-0.394194,0.000769,1.915461,-0.141459,-0.258081,-0.077394,-0.193531,0.220463,-0.099562,0.401127,-0.286880,-0.495574,-0.056505,-0.158006,0.251840,0.557765,-0.757239,0.441972,-0.285866,-0.447982,-0.054246,-0.111581
0.432466,-0.891620,0.704180,-0.044006,-0.043314,-0.435244,0.898193,0.075148,-0.260201,-0.178308,0.840838,-0.676748,0.261800,-0.628631,-0.384592,-0.022226,1.861348,-0.176380,-0.261800,-0.091417,-0.186061,0.206856,-0.129922,0.405578,-0.285709,-0.504048,-0.063436,-0.157386,0.251103,0.579719,-0.758699,0.441456,-0.296267,-0.447811,-0.053265,-0.110674
0.438547,-0.906894,0.709628,-0.048427,-0.035920,-0.431349,0.900168,0.107356,-0.233575,-0.198166,0.805643,-0.661348,0.261800,-0.641268,-0.372606,-0.046981,1.800227,-0.200399,-0.261800,-0.104703,-0.177007,0.192614,-0.153759,0.410600,-0.283687,-0.515403,-0.067210,-0.156829,0.249380,0.600140,-0.759607,0.440516,-0.303083,-0.448324,-0.053436,-0.108433
0.444895,-0.922385,0.715408,-0.053279,-0.028071,-0.428023,0.901759,0.139042,-0.203768,-0.214598,0.768074,-0.640054,0.261800,-0.649155,-0.359698,-0.075468,1.731791,-0.216068,-0.261800,-0.117520,-0.166492,0.177561,-0.172022,0.416227,-0.281049,-0.528956,-0.068140,-0.156218,0.246846,0.619406,-0.760024,0.439307,-0.307199,-0.450008,-0.054305,-0.105266
0.451340,-0.937918,0.721401,-0.058110,-0.020080,-0.424906,0.903147,0.167691,-0.172853,-0.226687,0.732421,-0.612837,0.261800,-0.652777,-0.343520,-0.104645,1.656915,-0.224452,-0.261800,-0.129974,-0.155631,0.162113,-0.185950,0.422506,-0.278509,-0.544504,-0.068416,-0.155805,0.243937,0.638018,-0.759892,0.437642,-0.309546,-0.452065,-0.055393,-0.102215
0.457883,-0.953646,0.727583,-0.062447,-0.012263,-0.421596,0.904548,0.191161,-0.142737,-0.233930,0.703001,-0.579694,0.261800,-0.653218,-0.322338,-0.130536,1.576392,-0.226645,-0.261800,-0.142242,-0.145576,0.146644,-0.196810,0.429482,-0.276882,-0.561846,-0.070229,-0.155823,0.241100,0.656472,-0.759061,0.435316,-0.311006,-0.453727,-0.056227,-0.100291
0.464498,-0.969560,0.733977,-0.066395,-0.004485,-0.418050,0.905983,0.209288,-0.112546,-0.235453,0.681086,-0.539055,0.261800,-0.651430,-0.295049,-0.150622,1.489334,-0.222508,-0.261800,-0.154523,-0.135968,0.131007,-0.204394,0.437341,-0.276226,-0.581220,-0.074211,-0.156346,0.238242,0.674643,-0.757394,0.432446,-0.311519,-0.454987,-0.056606,-0.100073
0.471287,-0.985455,0.740391,-0.070129,0.003326,-0.414381,0.907391,0.223557,-0.081907,-0.232444,0.664561,-0.491500,0.261800,-0.647101,-0.263589,-0.165695,1.395676,-0.212032,-0.261800,-0.166763,-0.126459,0.115137,-0.208041,0.446139,-0.276067,-0.602880,-0.079205,-0.157228,0.235232,0.692211,-0.754851,0.429159,-0.310562,-0.456233,-0.056824,-0.100885
0.478332,-1.001436,0.746744,-0.073154,0.010727,-0.410404,0.908902,0.234574,-0.053311,-0.227727,0.652480,-0.440124,0.261800,-0.639905,-0.231170,-0.176183,1.297440,-0.196571,-0.261800,-0.178926,-0.118319,0.099376,-0.208503,0.455612,-0.276441,-0.626296,-0.084684,-0.158379,0.232439,0.709587,-0.751405,0.425205,-0.308466,-0.457358,-0.057148,-0.101853
0.485548,-1.017571,0.752917,-0.075028,0.017305,-0.405935,0.910653,0.243245,-0.029013,-0.223949,0.643199,-0.387542,0.261800,-0.629543,-0.199685,-0.180960,1.196045,-0.177000,-0.255561,-0.190868,-0.112638,0.084007,-0.206895,0.465260,-0.277584,-0.650641,-0.090069,-0.159718,0.230175,0.727410,-0.747039,0.420083,-0.305655,-0.458252,-0.057857,-0.102088
0.493067,-1.033717,0.758708,-0.075598,0.023296,-0.400887,0.912706,0.249346,-0.009034,-0.220769,0.635119,-0.331677,0.261800,-0.616082,-0.167329,-0.174176,1.088741,-0.153124,-0.223261,-0.202715,-0.109212,0.068253,-0.203623,0.474777,-0.279760,-0.675564,-0.095335,-0.161308,0.228339,0.746326,-0.741568,0.413274,-0.302016,-0.458707,-0.058977,-0.101195
0.500899,-1.049840,0.764063,-0.075458,0.029056,-0.395326,0.914975,0.252911,0.009579,-0.217641,0.628950,-0.271918,0.256629,-0.598735,-0.135917,-0.161017,0.974409,-0.125097,-0.183923,-0.214528,-0.106795,0.052121,-0.198614,0.484073,-0.283003,-0.700995,-0.100614,-0.163156,0.226710,0.766081,-0.734900,0.404931,-0.297447,-0.458879,-0.060394,-0.099668
0.509005,-1.065920,0.768853,-0.075125,0.034171,-0.389258,0.917424,0.255861,0.027354,-0.217151,0.625687,-0.212878,0.240175,-0.576982,-0.107032,-0.143506,0.856923,-0.093399,-0.142361,-0.225937,-0.104992,0.037161,-0.192364,0.492902,-0.287226,-0.726365,-0.105538,-0.165106,0.225440,0.786010,-0.727307,0.395454,-0.292466,-0.459142,-0.062151,-0.097969
0.517435,-1.081896,0.773000,-0.074126,0.037636,-0.382827,0.920072,0.260904,0.040907,-0.220253,0.624756,-0.157915,0.220078,-0.551498,-0.083733,-0.121612,0.742335,-0.059004,-0.102134,-0.236473,-0.105498,0.024689,-0.185221,0.500929,-0.292210,-0.751213,-0.109704,-0.167003,0.224631,0.805692,-0.719277,0.385196,-0.287906,-0.459842,-0.064266,-0.096610
0.526061,-1.097743,0.776434,-0.072153,0.038568,-0.375894,0.923044,0.268399,0.047809,-0.228023,0.628134,-0.109261,0.195266,-0.521282,-0.067463,-0.094014,0.633165,-0.019733,-0.062300,-0.245849,-0.109571,0.016063,-0.176222,0.507657,-0.298035,-0.775584,-0.112682,-0.168824,0.224526,0.825270,-0.711317,0.373426,-0.284509,-0.461012,-0.066891,-0.095880
0.534968,-1.113528,0.779175,-0.069273,0.037634,-0.368497,0.926280,0.277221,0.049139,-0.239309,0.634730,-0.064240,0.166182,-0.486684,-0.057417,-0.060507,0.526048,0.023071,-0.021521,-0.254493,-0.116393,0.009892,-0.165806,0.512982,-0.304663,-0.799445,-0.114706,-0.170616,0.224785,0.845507,-0.703556,0.359899,-0.282310,-0.462322,-0.069895,-0.095499
