-0.001549,0.022427,0.779031,-0.011617,-0.004206,-0.674959,0.737752,0.096173,0.090305,0.276007,0.124921,-0.218407,-0.087942,0.086049,-0.089996,-0.281465,0.225789,-0.264434,0.086920,-0.016227,0.003679,0.142054,-0.017734,0.184690,-0.565815,1.069956,0.397795,-0.073949,0.030475,0.154067,-0.174882,0.347047,0.960261,-0.052657,-0.096243,0.118392
-0.001552,0.022425,0.779029,-0.011575,-0.004206,-0.674936,0.737773,0.096125,0.090204,0.276105,0.124905,-0.218366,-0.087843,0.086204,-0.090061,-0.281517,0.225419,-0.264326,0.087414,-0.016260,0.003656,0.141937,-0.017689,0.184724,-0.565793,1.070081,0.398404,-0.074078,0.030390,0.154126,-0.174948,0.347083,0.960178,-0.052960,-0.096207,0.118338
-0.001507,0.022429,0.779061,-0.011536,-0.004197,-0.674912,0.737796,0.096050,0.090108,0.276207,0.124910,-0.218323,-0.087736,0.086361,-0.090124,-0.281580,0.225020,-0.264217,0.087926,-0.016302,0.003620,0.141808,-0.017641,0.184766,-0.565755,1.070222,0.399060,-0.074211,0.030309,0.154212,-0.175034,0.347132,0.960057,-0.053302,-0.096162,0.118260
-0.001428,0.022405,0.779088,-0.011502,-0.004200,-0.674890,0.737817,0.096018,0.090013,0.276299,0.124896,-0.218298,-0.087646,0.086529,-0.090179,-0.281624,0.224650,-0.264096,0.088401,-0.016359,0.003603,0.141709,-0.017563,0.184800,-0.565697,1.070304,0.399653,-0.074334,0.030224,0.154306,-0.175109,0.347193,0.959920,-0.053572,-0.096114,0.118212
-0.001445,0.022372,0.779054,-0.011493,-0.004220,-0.674875,0.737831,0.096062,0.089919,0.276368,0.124896,-0.218338,-0.087597,0.086702,-0.090233,-0.281612,0.224387,-0.263961,0.088790,-0.016385,0.003610,0.141652,-0.017487,0.184823,-0.565635,1.070367,0.400105,-0.074421,0.030157,0.154368,-0.175167,0.347228,0.959861,-0.053704,-0.096070,0.118218
-0.001416,0.022321,0.779046,-0.011518,-0.004278,-0.674866,0.737838,0.096238,0.089843,0.276405,0.124899,-0.218486,-0.087613,0.086948,-0.090254,-0.281511,0.224161,-0.263715,0.089089,-0.016397,0.003653,0.141687,-0.017337,0.184841,-0.565512,1.070296,0.400452,-0.074452,0.030077,0.154483,-0.175225,0.347238,0.959760,-0.053643,-0.095983,0.118288
-0.001382,0.022288,0.779006,-0.011572,-0.004352,-0.674864,0.737838,0.096499,0.089773,0.276422,0.124907,-0.218713,-0.087673,0.087222,-0.090256,-0.281344,0.223993,-0.263406,0.089322,-0.016425,0.003733,0.141790,-0.017133,0.184862,-0.565279,1.070124,0.400738,-0.074457,0.029968,0.154579,-0.175308,0.347239,0.959671,-0.053440,-0.095884,0.118432
-0.001352,0.022276,0.778965,-0.011646,-0.004419,-0.674864,0.737837,0.096780,0.089705,0.276424,0.124914,-0.218932,-0.087744,0.087479,-0.090274,-0.281182,0.223912,-0.263163,0.089477,-0.016432,0.003822,0.141901,-0.016959,0.184870,-0.565122,1.069981,0.400861,-0.074450,0.029919,0.154661,-0.175358,0.347226,0.959634,-0.053186,-0.095805,0.118591
-0.001317,0.022272,0.778956,-0.011700,-0.004480,-0.674863,0.737836,0.097023,0.089639,0.276417,0.124907,-0.219064,-0.087795,0.087696,-0.090316,-0.281104,0.223894,-0.263090,0.089537,-0.016461,0.003914,0.141987,-0.016783,0.184873,-0.565010,1.069864,0.400849,-0.074458,0.029979,0.154722,-0.175399,0.347209,0.959627,-0.053004,-0.095779,0.118736
-0.001289,0.022277,0.778987,-0.011740,-0.004542,-0.674865,0.737834,0.097231,0.089570,0.276409,0.124910,-0.219075,-0.087815,0.087876,-0.090412,-0.281133,0.223994,-0.263289,0.089446,-0.016598,0.004033,0.142071,-0.016521,0.184877,-0.564871,1.069698,0.400610,-0.074501,0.030226,0.154716,-0.175499,0.347209,0.959690,-0.052925,-0.095858,0.118922
-0.001260,0.022255,0.779018,-0.011781,-0.004585,-0.674870,0.737829,0.097417,0.089511,0.276394,0.124900,-0.218998,-0.087823,0.088016,-0.090529,-0.281230,0.224175,-0.263661,0.089224,-0.016676,0.004128,0.142143,-0.016402,0.184875,-0.564872,1.069684,0.400136,-0.074556,0.030586,0.154735,-0.175519,0.347200,0.959759,-0.052849,-0.095986,0.119076
-0.001199,0.022228,0.779017,-0.011818,-0.004628,-0.674867,0.737830,0.097575,0.089446,0.276360,0.124907,-0.218918,-0.087825,0.088130,-0.090671,-0.281364,0.224420,-0.264096,0.088995,-0.016810,0.004235,0.142175,-0.016172,0.184871,-0.564922,1.069613,0.399603,-0.074611,0.031008,0.154714,-0.175550,0.347180,0.959911,-0.052830,-0.096139,0.119242
-0.001163,0.022189,0.779015,-0.011837,-0.004630,-0.674853,0.737843,0.097632,0.089419,0.276293,0.124898,-0.218880,-0.087832,0.088207,-0.090739,-0.281510,0.224503,-0.264350,0.088858,-0.016897,0.004376,0.142108,-0.015979,0.184864,-0.564986,1.069538,0.399379,-0.074636,0.031196,0.154747,-0.175588,0.347142,0.959958,-0.052834,-0.096166,0.119310
-0.001130,0.022184,0.778976,-0.011828,-0.004573,-0.674812,0.737880,0.097521,0.089461,0.276161,0.124904,-0.218940,-0.087865,0.088221,-0.090698,-0.281704,0.224390,-0.264375,0.088870,-0.016974,0.004553,0.141916,-0.015883,0.184853,-0.564975,1.069526,0.399626,-0.074664,0.031030,0.154880,-0.175639,0.347082,0.959815,-0.052921,-0.096010,0.119245
-0.001110,0.022188,0.778963,-0.011809,-0.004464,-0.674755,0.737933,0.097289,0.089553,0.275979,0.124912,-0.219048,-0.087912,0.088197,-0.090583,-0.281944,0.224119,-0.264253,0.088963,-0.017069,0.004734,0.141634,-0.015827,0.184847,-0.564885,1.069539,0.400188,-0.074688,0.030643,0.155041,-0.175659,0.347039,0.959583,-0.053078,-0.095734,0.119075
-0.001111,0.022176,0.778969,-0.011780,-0.004371,-0.674700,0.737985,0.097073,0.089621,0.275816,0.124910,-0.219143,-0.087935,0.088169,-0.090487,-0.282153,0.223868,-0.264108,0.089070,-0.017180,0.004896,0.141377,-0.015792,0.184843,-0.564781,1.069555,0.400787,-0.074697,0.030251,0.155170,-0.175668,0.347013,0.959362,-0.053220,-0.095464,0.118897
-0.001076,0.022147,0.778967,-0.011771,-0.004325,-0.674660,0.738022,0.096969,0.089620,0.275717,0.124920,-0.219167,-0.087897,0.088188,-0.090473,-0.282270,0.223726,-0.264013,0.089119,-0.017318,0.005008,0.141234,-0.015738,0.184836,-0.564654,1.069551,0.401227,-0.074684,0.030026,0.155302,-0.175675,0.347010,0.959134,-0.053317,-0.095274,0.118784
-0.001036,0.022135,0.778987,-0.011778,-0.004385,-0.674650,0.738030,0.097098,0.089481,0.275741,0.124915,-0.219073,-0.087741,0.088271,-0.090624,-0.282212,0.223835,-0.264036,0.089057,-0.017448,0.005031,0.141301,-0.015674,0.184828,-0.564641,1.069528,0.401308,-0.074611,0.030122,0.155332,-0.175682,0.347035,0.959023,-0.053254,-0.095251,0.118778
-0.000972,0.022115,0.779003,-0.011798,-0.004505,-0.674661,0.738020,0.097359,0.089248,0.275847,0.124915,-0.218910,-0.087503,0.088376,-0.090885,-0.282038,0.224125,-0.264131,0.088933,-0.017565,0.004996,0.141478,-0.015616,0.184811,-0.564745,1.069513,0.401147,-0.074487,0.030412,0.155294,-0.175698,0.347085,0.959004,-0.053074,-0.095328,0.118825
-0.000927,0.022080,0.779005,-0.011819,-0.004624,-0.674670,0.738011,0.097618,0.089012,0.275953,0.124917,-0.218739,-0.087278,0.088497,-0.091146,-0.281864,0.224379,-0.264206,0.088834,-0.017645,0.004964,0.141648,-0.015589,0.184784,-0.564939,1.069525,0.400915,-0.074359,0.030751,0.155269,-0.175724,0.347132,0.958999,-0.052875,-0.095429,0.118880
-0.000903,0.022093,0.779019,-0.011822,-0.004690,-0.674657,0.738022,0.097743,0.088855,0.275994,0.124914,-0.218629,-0.087165,0.088593,-0.091309,-0.281800,0.224464,-0.264210,0.088848,-0.017724,0.004974,0.141713,-0.015585,0.184762,-0.565077,1.069542,0.400832,-0.074283,0.030972,0.155276,-0.175744,0.347171,0.958975,-0.052785,-0.095483,0.118911
-0.000884,0.022130,0.779012,-0.011802,-0.004671,-0.674607,0.738068,0.097670,0.088798,0.275932,0.124910,-0.218599,-0.087221,0.088659,-0.091344,-0.281896,0.224279,-0.264095,0.089062,-0.017789,0.005031,0.141586,-0.015619,0.184740,-0.565263,1.069607,0.400862,-0.074238,0.031097,0.155332,-0.175765,0.347244,0.958955,-0.052811,-0.095449,0.118859
-0.000881,0.022171,0.778995,-0.011762,-0.004614,-0.674539,0.738131,0.097485,0.088802,0.275826,0.124900,-0.218607,-0.087388,0.088705,-0.091304,-0.282074,0.223950,-0.263916,0.089409,-0.017868,0.005098,0.141391,-0.015690,0.184735,-0.565346,1.069677,0.401009,-0.074235,0.031133,0.155374,-0.175771,0.347291,0.958945,-0.052961,-0.095373,0.118794
-0.000871,0.022129,0.778996,-0.011736,-0.004515,-0.674460,0.738204,0.097246,0.088849,0.275669,0.124889,-0.218645,-0.087572,0.088778,-0.091204,-0.282320,0.223483,-0.263679,0.089738,-0.017908,0.005188,0.141065,-0.015784,0.184717,-0.565628,1.069858,0.401074,-0.074250,0.031185,0.155583,-0.175794,0.347459,0.958857,-0.053012,-0.095292,0.118667
-0.000837,0.022064,0.779014,-0.011710,-0.004471,-0.674415,0.738246,0.097108,0.088863,0.275561,0.124889,-0.218721,-0.087679,0.088801,-0.091173,-0.282490,0.223276,-0.263584,0.089913,-0.017908,0.005257,0.140873,-0.015810,0.184696,-0.565764,1.069933,0.401200,-0.074274,0.031215,0.155682,-0.175821,0.347545,0.958847,-0.052993,-0.095317,0.118615
-0.000806,0.022042,0.778990,-0.011718,-0.004452,-0.674416,0.738246,0.097094,0.088858,0.275501,0.124889,-0.218866,-0.087680,0.088780,-0.091196,-0.282581,0.223330,-0.263636,0.089849,-0.017839,0.005304,0.140818,-0.015793,0.184687,-0.565770,1.069946,0.401335,-0.074321,0.031235,0.155721,-0.175831,0.347560,0.958870,-0.052870,-0.095474,0.118629
-0.000760,0.022019,0.778979,-0.011732,-0.004452,-0.674442,0.738221,0.097129,0.088843,0.275455,0.124898,-0.219075,-0.087623,0.088706,-0.091256,-0.282636,0.223557,-0.263790,0.089642,-0.017732,0.005351,0.140785,-0.015680,0.184651,-0.565642,1.069915,0.401588,-0.074410,0.031233,0.155764,-0.175867,0.347584,0.958944,-0.052633,-0.095783,0.118691
-0.000748,0.022016,0.778995,-0.011754,-0.004468,-0.674472,0.738193,0.097203,0.088817,0.275424,0.124912,-0.219266,-0.087543,0.088650,-0.091326,-0.282682,0.223824,-0.263968,0.089396,-0.017710,0.005408,0.140822,-0.015567,0.184574,-0.565373,1.069881,0.401852,-0.074504,0.031215,0.155718,-0.175940,0.347632,0.959051,-0.052358,-0.096063,0.118779
-0.000728,0.022064,0.778980,-0.011775,-0.004498,-0.674478,0.738187,0.097296,0.088771,0.275396,0.124916,-0.219358,-0.087472,0.088671,-0.091403,-0.282749,0.223999,-0.264094,0.089221,-0.017688,0.005424,0.140853,-0.015502,0.184537,-0.565259,1.069890,0.401992,-0.074579,0.031219,0.155724,-0.175973,0.347650,0.959115,-0.052020,-0.096217,0.118841
-0.000665,0.022085,0.779023,-0.011802,-0.004554,-0.674451,0.738211,0.097423,0.088679,0.275389,0.124919,-0.219292,-0.087407,0.088802,-0.091504,-0.282852,0.224096,-0.264184,0.089140,-0.017756,0.005419,0.140904,-0.015456,0.184507,-0.565224,1.069918,0.402005,-0.074638,0.031234,0.155759,-0.175994,0.347676,0.959159,-0.051551,-0.096206,0.118907
-0.000689,0.022103,0.779001,-0.011829,-0.004639,-0.674405,0.738252,0.097606,0.088553,0.275399,0.124909,-0.219122,-0.087335,0.089022,-0.091623,-0.282975,0.224137,-0.264244,0.089099,-0.017874,0.005374,0.140966,-0.015439,0.184484,-0.565259,1.070013,0.401914,-0.074687,0.031267,0.155826,-0.176007,0.347707,0.959185,-0.050960,-0.096082,0.118961
-0.000691,0.022091,0.778998,-0.011851,-0.004718,-0.674356,0.738297,0.097759,0.088432,0.275399,0.124906,-0.218943,-0.087270,0.089227,-0.091740,-0.283087,0.224157,-0.264284,0.089086,-0.017970,0.005335,0.141011,-0.015434,0.184458,-0.565350,1.070099,0.401791,-0.074718,0.031307,0.155923,-0.176015,0.347740,0.959173,-0.050399,-0.095924,0.118997
-0.000669,0.022076,0.778978,-0.011852,-0.004763,-0.674319,0.738330,0.097819,0.088342,0.275362,0.124899,-0.218831,-0.087226,0.089309,-0.091840,-0.283153,0.224209,-0.264315,0.089092,-0.018008,0.005309,0.140999,-0.015424,0.184437,-0.565441,1.070143,0.401725,-0.074716,0.031353,0.155990,-0.176019,0.347771,0.959173,-0.050035,-0.095808,0.118992
-0.000646,0.022056,0.778985,-0.011825,-0.004739,-0.674300,0.738348,0.097710,0.088294,0.275260,0.124899,-0.218825,-0.087211,0.089175,-0.091917,-0.283153,0.224299,-0.264322,0.089114,-0.017968,0.005304,0.140858,-0.015402,0.184390,-0.565548,1.070156,0.401751,-0.074661,0.031432,0.156030,-0.176029,0.347848,0.959180,-0.049923,-0.095738,0.118905
-0.000635,0.022061,0.778980,-0.011778,-0.004680,-0.674289,0.738359,0.097502,0.088275,0.275112,0.124895,-0.218870,-0.087218,0.088934,-0.091975,-0.283114,0.224380,-0.264294,0.089158,-0.017908,0.005298,0.140702,-0.015386,0.184374,-0.565565,1.070103,0.401887,-0.074587,0.031499,0.155995,-0.176036,0.347896,0.959198,-0.050040,-0.095687,0.118792
-0.000613,0.022063,0.778994,-0.011731,-0.004614,-0.674284,0.738365,0.097289,0.088260,0.274973,0.124893,-0.218942,-0.087228,0.088668,-0.092033,-0.283054,0.224486,-0.264277,0.089224,-0.017872,0.005315,0.140504,-0.015298,0.184339,-0.565554,1.069999,0.402020,-0.074496,0.031562,0.155938,-0.176054,0.348027,0.959253,-0.050172,-0.095653,0.118666
-0.000586,0.022089,0.778995,-0.011724,-0.004605,-0.674275,0.738373,0.097228,0.088246,0.274889,0.124905,-0.219018,-0.087234,0.088621,-0.092067,-0.283020,0.224491,-0.264242,0.089310,-0.017883,0.005323,0.140387,-0.015211,0.184304,-0.565486,1.069969,0.402089,-0.074454,0.031583,0.155885,-0.176075,0.348164,0.959330,-0.050213,-0.095641,0.118590
-0.000584,0.022104,0.778988,-0.011775,-0.004663,-0.674266,0.738380,0.097407,0.088222,0.274897,0.124895,-0.219099,-0.087231,0.088845,-0.092077,-0.283004,0.224419,-0.264223,0.089448,-0.017850,0.005345,0.140425,-0.015169,0.184292,-0.565449,1.069981,0.402041,-0.074484,0.031520,0.155914,-0.176081,0.348189,0.959332,-0.050126,-0.095657,0.118633
-0.000589,0.022103,0.778972,-0.011882,-0.004781,-0.674255,0.738387,0.097774,0.088207,0.274957,0.124903,-0.219210,-0.087229,0.089340,-0.092053,-0.283006,0.224199,-0.264166,0.089628,-0.017846,0.005379,0.140554,-0.015071,0.184271,-0.565352,1.070017,0.401970,-0.074559,0.031393,0.156000,-0.176088,0.348218,0.959330,-0.049962,-0.095697,0.118735
-0.000568,0.022115,0.778963,-0.011987,-0.004897,-0.674246,0.738394,0.098140,0.088195,0.275024,0.124904,-0.219309,-0.087223,0.089818,-0.092026,-0.283011,0.224002,-0.264118,0.089786,-0.017837,0.005412,0.140677,-0.014996,0.184248,-0.565250,1.070065,0.401867,-0.074631,0.031271,0.156081,-0.176094,0.348231,0.959321,-0.049842,-0.095755,0.118834
-0.000550,0.022116,0.778955,-0.012058,-0.004964,-0.674235,0.738402,0.098361,0.088183,0.275045,0.124912,-0.219370,-0.087208,0.090085,-0.092023,-0.283019,0.223944,-0.264102,0.089858,-0.017812,0.005425,0.140711,-0.014958,0.184237,-0.565200,1.070098,0.401741,-0.074652,0.031210,0.156124,-0.176098,0.348244,0.959324,-0.049868,-0.095822,0.118859
-0.000546,0.022114,0.778967,-0.012090,-0.004993,-0.674223,0.738412,0.098438,0.088189,0.274996,0.124924,-0.219378,-0.087188,0.090158,-0.092025,-0.283031,0.223981,-0.264073,0.089784,-0.017795,0.005444,0.140658,-0.014902,0.184222,-0.565167,1.070056,0.401584,-0.074593,0.031232,0.156183,-0.176105,0.348304,0.959285,-0.050170,-0.095950,0.118768
-0.000535,0.022149,0.778961,-0.012097,-0.004979,-0.674211,0.738423,0.098405,0.088203,0.274912,0.124921,-0.219336,-0.087163,0.090054,-0.092035,-0.283046,0.224134,-0.264060,0.089611,-0.017781,0.005445,0.140511,-0.014859,0.184211,-0.565169,1.069999,0.401373,-0.074472,0.031321,0.156215,-0.176116,0.348393,0.959262,-0.050636,-0.096111,0.118587
-0.000531,0.022147,0.778977,-0.012095,-0.004959,-0.674197,0.738436,0.098337,0.088211,0.274809,0.124928,-0.219288,-0.087129,0.089925,-0.092054,-0.283075,0.224287,-0.264057,0.089441,-0.017756,0.005445,0.140351,-0.014830,0.184204,-0.565185,1.069949,0.401197,-0.074367,0.031409,0.156244,-0.176128,0.348491,0.959225,-0.051046,-0.096231,0.118422
-0.000515,0.022135,0.778993,-0.012084,-0.004949,-0.674179,0.738453,0.098275,0.088193,0.274702,0.124928,-0.219247,-0.087083,0.089818,-0.092085,-0.283132,0.224419,-0.264105,0.089372,-0.017768,0.005446,0.140160,-0.014765,0.184191,-0.565202,1.069918,0.401081,-0.074311,0.031465,0.156312,-0.176150,0.348619,0.959192,-0.051245,-0.096259,0.118291
-0.000457,0.022132,0.779031,-0.012078,-0.004946,-0.674154,0.738476,0.098222,0.088145,0.274562,0.124932,-0.219229,-0.087004,0.089808,-0.092113,-0.283245,0.224416,-0.264187,0.089456,-0.017780,0.005442,0.139991,-0.014730,0.184185,-0.565186,1.069960,0.401140,-0.074367,0.031457,0.156368,-0.176161,0.348662,0.959158,-0.051128,-0.096107,0.118266
-0.000471,0.022139,0.779013,-0.012054,-0.004955,-0.674126,0.738501,0.098160,0.088077,0.274405,0.124932,-0.219215,-0.086901,0.089821,-0.092140,-0.283392,0.224361,-0.264307,0.089631,-0.017787,0.005438,0.139833,-0.014721,0.184182,-0.565160,1.070036,0.401309,-0.074483,0.031416,0.156416,-0.176165,0.348659,0.959128,-0.050848,-0.095854,0.118294
-0.000510,0.022180,0.778973,-0.012036,-0.004971,-0.674093,0.738532,0.098118,0.087999,0.274252,0.124927,-0.219196,-0.086815,0.089848,-0.092187,-0.283553,0.224332,-0.264446,0.089830,-0.017810,0.005423,0.139652,-0.014718,0.184152,-0.565040,1.070184,0.401597,-0.074665,0.031314,0.156557,-0.176192,0.348624,0.959005,-0.050478,-0.095524,0.118404
-0.000533,0.022216,0.778948,-0.012050,-0.005008,-0.674069,0.738553,0.098164,0.087949,0.274184,0.124931,-0.219174,-0.086798,0.089945,-0.092225,-0.283660,0.224312,-0.264523,0.089976,-0.017808,0.005424,0.139585,-0.014731,0.184138,-0.565029,1.070227,0.401684,-0.074753,0.031217,0.156595,-0.176203,0.348608,0.959020,-0.050149,-0.095358,0.118516
-0.000538,0.022242,0.778942,-0.012116,-0.005080,-0.674055,0.738564,0.098362,0.087922,0.274238,0.124918,-0.219135,-0.086890,0.090142,-0.092279,-0.283695,0.224349,-0.264540,0.090054,-0.017782,0.005424,0.139612,-0.014765,0.184114,-0.565107,1.070219,0.401538,-0.074760,0.031082,0.156634,-0.176226,0.348609,0.959110,-0.049835,-0.095356,0.118674
-0.000545,0.022254,0.778947,-0.012200,-0.005194,-0.674048,0.738569,0.098655,0.087916,0.274376,0.124918,-0.219096,-0.087059,0.090415,-0.092335,-0.283687,0.224417,-0.264519,0.090100,-0.017760,0.005421,0.139725,-0.014812,0.184106,-0.565215,1.070154,0.401236,-0.074718,0.030913,0.156661,-0.176237,0.348629,0.959258,-0.049501,-0.095458,0.118874
-0.000533,0.022254,0.778949,-0.012288,-0.005301,-0.674041,0.738573,0.098952,0.087915,0.274518,0.124898,-0.219041,-0.087228,0.090668,-0.092389,-0.283670,0.224503,-0.264488,0.090127,-0.017680,0.005418,0.139813,-0.014876,0.184096,-0.565469,1.070113,0.400886,-0.074649,0.030782,0.156703,-0.176261,0.348668,0.959416,-0.049152,-0.095586,0.119049
-0.000532,0.022257,0.778974,-0.012344,-0.005362,-0.674029,0.738582,0.099099,0.087922,0.274584,0.124897,-0.218981,-0.087322,0.090788,-0.092417,-0.283680,0.224600,-0.264472,0.090145,-0.017614,0.005393,0.139843,-0.014946,0.184091,-0.565593,1.070117,0.400818,-0.074620,0.030696,0.156731,-0.176276,0.348692,0.959493,-0.048953,-0.095649,0.119173
-0.000510,0.022279,0.778963,-0.012351,-0.005355,-0.674010,0.738600,0.099041,0.087952,0.274528,0.124891,-0.218906,-0.087307,0.090713,-0.092389,-0.283730,0.224690,-0.264462,0.090150,-0.017542,0.005383,0.139766,-0.015030,0.184087,-0.565681,1.070188,0.401099,-0.074631,0.030695,0.156749,-0.176289,0.348733,0.959461,-0.048917,-0.095636,0.119211
-0.000499,0.022326,0.778963,-0.012326,-0.005292,-0.673987,0.738622,0.098827,0.088002,0.274403,0.124899,-0.218827,-0.087226,0.090466,-0.092335,-0.283793,0.224830,-0.264466,0.090139,-0.017439,0.005333,0.139583,-0.015201,0.184078,-0.565757,1.070431,0.401620,-0.074685,0.030761,0.156840,-0.176314,0.348822,0.959287,-0.048946,-0.095577,0.119177
-0.000527,0.022370,0.778975,-0.012296,-0.005234,-0.673962,0.738645,0.098612,0.088032,0.274273,0.124904,-0.218742,-0.087124,0.090208,-0.092300,-0.283863,0.224999,-0.264506,0.090122,-0.017378,0.005271,0.139413,-0.015332,0.184058,-0.565731,1.070640,0.402160,-0.074740,0.030841,0.156909,-0.176349,0.348952,0.959106,-0.049004,-0.095490,0.119131
-0.000572,0.022403,0.778977,-0.012279,-0.005237,-0.673939,0.738666,0.098531,0.088003,0.274202,0.124900,-0.218659,-0.087046,0.090079,-0.092337,-0.283931,0.225172,-0.264589,0.090108,-0.017340,0.005181,0.139325,-0.015390,0.184044,-0.565656,1.070750,0.402465,-0.074782,0.030905,0.156907,-0.176369,0.349047,0.959036,-0.049018,-0.095395,0.119138
-0.000573,0.022422,0.778974,-0.012277,-0.005331,-0.673922,0.738681,0.098640,0.087851,0.274247,0.124899,-0.218568,-0.086988,0.090095,-0.092521,-0.283994,0.225443,-0.264806,0.090093,-0.017281,0.005012,0.139339,-0.015382,0.184029,-0.565558,1.070756,0.402366,-0.074812,0.030969,0.156913,-0.176383,0.349109,0.959025,-0.048908,-0.095271,0.119222
-0.000584,0.022419,0.778989,-0.012282,-0.005481,-0.673905,0.738696,0.098862,0.087618,0.274355,0.124886,-0.218460,-0.086933,0.090190,-0.092808,-0.284061,0.225787,-0.265121,0.090073,-0.017221,0.004780,0.139406,-0.015324,0.184018,-0.565443,1.070714,0.402027,-0.074835,0.031048,0.156901,-0.176390,0.349146,0.959077,-0.048740,-0.095117,0.119340
-0.000590,0.022461,0.778974,-0.012298,-0.005636,-0.673888,0.738709,0.099113,0.087391,0.274456,0.124868,-0.218375,-0.086896,0.090306,-0.093091,-0.284108,0.226139,-0.265426,0.090065,-0.017294,0.004559,0.139504,-0.015199,0.183983,-0.565110,1.070622,0.401737,-0.074857,0.031087,0.156784,-0.176407,0.349313,0.959208,-0.048580,-0.094964,0.119458
-0.000590,0.022495,0.778974,-0.012336,-0.005734,-0.673867,0.738727,0.099278,0.087299,0.274453,0.124869,-0.218348,-0.086904,0.090420,-0.093217,-0.284132,0.226324,-0.265564,0.090078,-0.017283,0.004421,0.139566,-0.015163,0.183964,-0.564938,1.070604,0.401588,-0.074859,0.031080,0.156723,-0.176416,0.349413,0.959285,-0.048509,-0.094845,0.119527
-0.000619,0.022549,0.778957,-0.012392,-0.005765,-0.673839,0.738752,0.099335,0.087393,0.274294,0.124877,-0.218411,-0.086981,0.090514,-0.093126,-0.284096,0.226303,-0.265462,0.090151,-0.017300,0.004419,0.139602,-0.015194,0.183944,-0.564788,1.070638,0.401738,-0.074840,0.030995,0.156661,-0.176420,0.349565,0.959316,-0.048568,-0.094771,0.119534
-0.000643,0.022624,0.778945,-0.012482,-0.005741,-0.673805,0.738782,0.099343,0.087606,0.274031,0.124876,-0.218526,-0.087111,0.090617,-0.092890,-0.284023,0.226139,-0.265205,0.090263,-0.017322,0.004495,0.139619,-0.015256,0.183936,-0.564676,1.070711,0.402053,-0.074808,0.030863,0.156570,-0.176420,0.349727,0.959369,-0.048705,-0.094727,0.119501
-0.000682,0.022655,0.778953,-0.012572,-0.005708,-0.673770,0.738812,0.099331,0.087842,0.273757,0.124888,-0.218659,-0.087241,0.090709,-0.092637,-0.283967,0.225971,-0.264937,0.090349,-0.017339,0.004574,0.139625,-0.015330,0.183934,-0.564575,1.070793,0.402375,-0.074772,0.030696,0.156493,-0.176417,0.349891,0.959406,-0.048862,-0.094689,0.119445
-0.000691,0.022652,0.778957,-0.012641,-0.005704,-0.673741,0.738837,0.099347,0.088006,0.273567,0.124894,-0.218749,-0.087323,0.090789,-0.092473,-0.283993,0.225905,-0.264791,0.090339,-0.017386,0.004580,0.139624,-0.015365,0.183934,-0.564383,1.070849,0.402588,-0.074753,0.030509,0.156419,-0.176408,0.350117,0.959430,-0.048960,-0.094630,0.119373
-0.000682,0.022638,0.778943,-0.012685,-0.005732,-0.673717,0.738858,0.099386,0.088071,0.273486,0.124910,-0.218800,-0.087329,0.090830,-0.092450,-0.284160,0.226033,-0.264847,0.090176,-0.017378,0.004506,0.139620,-0.015360,0.183939,-0.564167,1.070841,0.402640,-0.074745,0.030275,0.156418,-0.176387,0.350252,0.959385,-0.048974,-0.094549,0.119331
-0.000719,0.022628,0.778960,-0.012703,-0.005787,-0.673693,0.738880,0.099441,0.088081,0.273462,0.124916,-0.218828,-0.087289,0.090848,-0.092502,-0.284427,0.226270,-0.265014,0.089910,-0.017435,0.004362,0.139619,-0.015288,0.183955,-0.563777,1.070776,0.402690,-0.074757,0.029980,0.156374,-0.176348,0.350414,0.959356,-0.048957,-0.094450,0.119287
-0.000742,0.022689,0.778959,-0.012734,-0.005835,-0.673675,0.738895,0.099517,0.088068,0.273470,0.124907,-0.218817,-0.087245,0.090878,-0.092567,-0.284686,0.226490,-0.265194,0.089633,-0.017322,0.004234,0.139607,-0.015285,0.183961,-0.563681,1.070754,0.402551,-0.074763,0.029752,0.156395,-0.176334,0.350427,0.959315,-0.048980,-0.094368,0.119240
-0.000777,0.022781,0.778960,-0.012752,-0.005907,-0.673663,0.738905,0.099609,0.088021,0.273482,0.124910,-0.218781,-0.087229,0.090881,-0.092658,-0.284830,0.226774,-0.265397,0.089449,-0.017263,0.004085,0.139618,-0.015280,0.183976,-0.563516,1.070738,0.402465,-0.074796,0.029539,0.156429,-0.176310,0.350501,0.959253,-0.049217,-0.094265,0.119151
-0.000787,0.022861,0.778971,-0.012789,-0.005989,-0.673663,0.738903,0.099771,0.087956,0.273495,0.124892,-0.218689,-0.087284,0.090953,-0.092713,-0.284804,0.226947,-0.265548,0.089416,-0.017170,0.003966,0.139671,-0.015296,0.183988,-0.563511,1.070758,0.402284,-0.074870,0.029463,0.156382,-0.176296,0.350605,0.959316,-0.049721,-0.094191,0.118996
-0.000790,0.022921,0.778983,-0.012829,-0.006090,-0.673672,0.738894,0.099959,0.087856,0.273522,0.124897,-0.218561,-0.087377,0.091039,-0.092790,-0.284672,0.227129,-0.265720,0.089474,-0.017069,0.003829,0.139741,-0.015321,0.184008,-0.563603,1.070806,0.402023,-0.074975,0.029457,0.156298,-0.176289,0.350758,0.959445,-0.050425,-0.094121,0.118777
-0.000804,0.022929,0.778967,-0.012861,-0.006186,-0.673683,0.738882,0.100138,0.087736,0.273560,0.124882,-0.218410,-0.087449,0.091058,-0.092894,-0.284508,0.227394,-0.265903,0.089525,-0.016987,0.003695,0.139750,-0.015319,0.184031,-0.563820,1.070867,0.401624,-0.075057,0.029530,0.156179,-0.176286,0.351008,0.959667,-0.051038,-0.094054,0.118513
-0.000820,0.022907,0.778954,-0.012880,-0.006231,-0.673682,0.738883,0.100194,0.087694,0.273567,0.124878,-0.218275,-0.087450,0.091004,-0.092936,-0.284441,0.227609,-0.265991,0.089459,-0.016892,0.003604,0.139729,-0.015364,0.184038,-0.563887,1.070879,0.401519,-0.075066,0.029545,0.156139,-0.176288,0.351075,0.959726,-0.051466,-0.093962,0.118430
-0.000842,0.022914,0.778948,-0.012852,-0.006214,-0.673671,0.738894,0.100056,0.087692,0.273559,0.124867,-0.218127,-0.087304,0.090661,-0.093007,-0.284472,0.228078,-0.266084,0.089180,-0.016793,0.003497,0.139518,-0.015428,0.184060,-0.564054,1.070892,0.401463,-0.074931,0.029593,0.156199,-0.176289,0.351201,0.959687,-0.051489,-0.093792,0.118423
-0.000882,0.022943,0.778929,-0.012797,-0.006153,-0.673648,0.738916,0.099770,0.087749,0.273522,0.124887,-0.217985,-0.087064,0.090192,-0.093043,-0.284584,0.228574,-0.266108,0.088762,-0.016700,0.003430,0.139259,-0.015521,0.184081,-0.564102,1.070837,0.401645,-0.074713,0.029617,0.156304,-0.176286,0.351209,0.959532,-0.051305,-0.093585,0.118564
-0.000913,0.022988,0.778944,-0.012756,-0.006085,-0.673626,0.738937,0.099505,0.087822,0.273491,0.124898,-0.217861,-0.086849,0.089766,-0.093061,-0.284692,0.229007,-0.266104,0.088383,-0.016630,0.003368,0.139012,-0.015617,0.184102,-0.564134,1.070797,0.401834,-0.074509,0.029630,0.156382,-0.176282,0.351186,0.959409,-0.051119,-0.093409,0.118733
-0.000931,0.023042,0.778961,-0.012747,-0.006070,-0.673617,0.738946,0.099404,0.087882,0.273493,0.124898,-0.217786,-0.086775,0.089531,-0.093065,-0.284724,0.229328,-0.266132,0.088215,-0.016585,0.003317,0.138872,-0.015709,0.184125,-0.564225,1.070814,0.401863,-0.074415,0.029627,0.156423,-0.176278,0.351199,0.959351,-0.051106,-0.093327,0.118846
-0.000954,0.023072,0.779007,-0.012803,-0.006118,-0.673628,0.738934,0.099546,0.087938,0.273543,0.124884,-0.217796,-0.086940,0.089624,-0.093022,-0.284637,0.229373,-0.266152,0.088374,-0.016594,0.003278,0.138863,-0.015779,0.184159,-0.564444,1.070930,0.401574,-0.074477,0.029627,0.156378,-0.176276,0.351307,0.959444,-0.051362,-0.093392,0.118848
-0.000931,0.023109,0.779003,-0.012898,-0.006202,-0.673651,0.738911,0.099827,0.088000,0.273618,0.124881,-0.217876,-0.087258,0.089907,-0.092945,-0.284478,0.229279,-0.266182,0.088743,-0.016675,0.003262,0.138953,-0.015823,0.184176,-0.564631,1.071092,0.401161,-0.074645,0.029606,0.156251,-0.176279,0.351428,0.959641,-0.051822,-0.093556,0.118814
-0.000911,0.023142,0.778998,-0.013000,-0.006307,-0.673677,0.738885,0.100164,0.088048,0.273707,0.124869,-0.217962,-0.087578,0.090254,-0.092879,-0.284311,0.229159,-0.266229,0.089154,-0.016747,0.003234,0.139056,-0.015868,0.184203,-0.564911,1.071284,0.400725,-0.074827,0.029588,0.156109,-0.176287,0.351617,0.959883,-0.052219,-0.093739,0.118756
-0.000968,0.023156,0.778984,-0.013078,-0.006416,-0.673694,0.738867,0.100459,0.088057,0.273797,0.124862,-0.218009,-0.087744,0.090539,-0.092863,-0.284199,0.229116,-0.266293,0.089438,-0.016743,0.003171,0.139096,-0.015917,0.184232,-0.565280,1.071465,0.400363,-0.074945,0.029584,0.156003,-0.176296,0.351858,0.960141,-0.052301,-0.093874,0.118700
-0.001030,0.023188,0.778957,-0.013130,-0.006521,-0.673700,0.738859,0.100701,0.087992,0.273907,0.124869,-0.218005,-0.087666,0.090727,-0.092945,-0.284168,0.229228,-0.266425,0.089567,-0.016625,0.003045,0.139107,-0.015989,0.184267,-0.565619,1.071597,0.400377,-0.074986,0.029535,0.156046,-0.176310,0.352065,0.960234,-0.052042,-0.093903,0.118705
-0.001055,0.023211,0.778937,-0.013160,-0.006644,-0.673701,0.738857,0.100938,0.087880,0.274036,0.124867,-0.217955,-0.087446,0.090894,-0.093085,-0.284180,0.229399,-0.266590,0.089625,-0.016438,0.002879,0.139129,-0.016073,0.184300,-0.565885,1.071696,0.400630,-0.074997,0.029445,0.156164,-0.176326,0.352222,0.960246,-0.051564,-0.093883,0.118748
-0.001056,0.023192,0.778931,-0.013186,-0.006751,-0.673699,0.738857,0.101134,0.087776,0.274136,0.124877,-0.217908,-0.087206,0.091006,-0.093223,-0.284206,0.229620,-0.266757,0.089611,-0.016245,0.002723,0.139123,-0.016166,0.184328,-0.566165,1.071790,0.400896,-0.074990,0.029355,0.156312,-0.176345,0.352380,0.960224,-0.051095,-0.093847,0.118800
-0.001058,0.023191,0.778959,-0.013218,-0.006818,-0.673698,0.738857,0.101268,0.087742,0.274162,0.124878,-0.217872,-0.087074,0.091042,-0.093291,-0.284213,0.229849,-0.266870,0.089520,-0.016112,0.002624,0.139081,-0.016275,0.184367,-0.566490,1.071890,0.400989,-0.074981,0.029293,0.156408,-0.176376,0.352538,0.960223,-0.050896,-0.093826,0.118839
-0.001073,0.023177,0.778997,-0.013248,-0.006819,-0.673693,0.738861,0.101269,0.087814,0.274052,0.124882,-0.217847,-0.087091,0.090907,-0.093259,-0.284196,0.230152,-0.266917,0.089287,-0.016136,0.002618,0.139001,-0.016400,0.184403,-0.566728,1.071975,0.400967,-0.074978,0.029234,0.156334,-0.176405,0.352656,0.960315,-0.051209,-0.093822,0.118871
-0.001081,0.023232,0.778967,-0.013259,-0.006781,-0.673686,0.738867,0.101166,0.087948,0.273853,0.124879,-0.217818,-0.087186,0.090635,-0.093172,-0.284168,0.230518,-0.266918,0.088935,-0.016217,0.002661,0.138837,-0.016564,0.184438,-0.567054,1.072101,0.400740,-0.074961,0.029207,0.156200,-0.176430,0.352804,0.960459,-0.051735,-0.093824,0.118874
-0.001107,0.023271,0.778968,-0.013294,-0.006740,-0.673684,0.738869,0.101090,0.088103,0.273658,0.124893,-0.217823,-0.087321,0.090410,-0.093059,-0.284132,0.230847,-0.266914,0.088595,-0.016313,0.002727,0.138716,-0.016698,0.184463,-0.567265,1.072186,0.400550,-0.074954,0.029175,0.156060,-0.176445,0.352908,0.960583,-0.052338,-0.093838,0.118916
-0.001135,0.023299,0.778967,-0.013356,-0.006745,-0.673696,0.738857,0.101170,0.088230,0.273575,0.124902,-0.217876,-0.087452,0.090371,-0.092965,-0.284083,0.231069,-0.266946,0.088402,-0.016320,0.002762,0.138652,-0.016796,0.184483,-0.567465,1.072272,0.400288,-0.074967,0.029172,0.155955,-0.176458,0.353013,0.960733,-0.052664,-0.093883,0.119004
-0.001187,0.023321,0.778972,-0.013462,-0.006830,-0.673726,0.738827,0.101509,0.088310,0.273657,0.124901,-0.218032,-0.087589,0.090645,-0.092889,-0.284028,0.231106,-0.267032,0.088428,-0.016180,0.002757,0.138695,-0.016813,0.184504,-0.567630,1.072326,0.399942,-0.075009,0.029206,0.155948,-0.176474,0.353115,0.960872,-0.052566,-0.093981,0.119180
-0.001188,0.023324,0.778948,-0.013594,-0.006971,-0.673772,0.738782,0.102010,0.088378,0.273846,0.124899,-0.218258,-0.087746,0.091121,-0.092815,-0.283960,0.231025,-0.267148,0.088591,-0.015968,0.002738,0.138824,-0.016778,0.184517,-0.567697,1.072352,0.399523,-0.075076,0.029260,0.155998,-0.176486,0.353188,0.960993,-0.052231,-0.094120,0.119428
-0.001203,0.023324,0.778920,-0.013734,-0.007119,-0.673820,0.738734,0.102537,0.088438,0.274053,0.124905,-0.218472,-0.087897,0.091649,-0.092742,-0.283882,0.230886,-0.267249,0.088787,-0.015770,0.002715,0.138954,-0.016702,0.184534,-0.567737,1.072360,0.399175,-0.075148,0.029316,0.156059,-0.176511,0.353310,0.961104,-0.051876,-0.094254,0.119671
-0.001184,0.023296,0.778892,-0.013846,-0.007228,-0.673859,0.738694,0.102936,0.088476,0.274194,0.124911,-0.218585,-0.088005,0.092014,-0.092698,-0.283788,0.230833,-0.267323,0.088915,-0.015653,0.002696,0.139032,-0.016664,0.184543,-0.567763,1.072381,0.399044,-0.075209,0.029335,0.156052,-0.176531,0.353417,0.961195,-0.051780,-0.094334,0.119856
-0.001184,0.023285,0.778894,-0.013902,-0.007304,-0.673890,0.738664,0.103168,0.088480,0.274242,0.124899,-0.218526,-0.088050,0.092175,-0.092688,-0.283653,0.230850,-0.267329,0.088958,-0.015652,0.002678,0.139001,-0.016664,0.184563,-0.567883,1.072434,0.399136,-0.075247,0.029346,0.155917,-0.176577,0.353638,0.961347,-0.051963,-0.094372,0.119914
-0.001160,0.023249,0.778923,-0.013922,-0.007355,-0.673917,0.738639,0.103276,0.088461,0.274236,0.124899,-0.218367,-0.088053,0.092184,-0.092714,-0.283488,0.230949,-0.267314,0.088966,-0.015690,0.002655,0.138892,-0.016678,0.184581,-0.568066,1.072491,0.399390,-0.075263,0.029350,0.155747,-0.176620,0.353880,0.961486,-0.052316,-0.094373,0.119889
-0.001176,0.023287,0.778941,-0.013955,-0.007396,-0.673940,0.738618,0.103388,0.088448,0.274221,0.124900,-0.218202,-0.088051,0.092217,-0.092728,-0.283339,0.231018,-0.267279,0.088941,-0.015737,0.002640,0.138811,-0.016729,0.184596,-0.568238,1.072584,0.399731,-0.075292,0.029322,0.155586,-0.176655,0.354053,0.961584,-0.052790,-0.094339,0.119890
-0.001238,0.023296,0.778940,-0.014016,-0.007465,-0.673955,0.738602,0.103600,0.088474,0.274235,0.124904,-0.218118,-0.088082,0.092394,-0.092702,-0.283249,0.231036,-0.267260,0.088885,-0.015788,0.002641,0.138791,-0.016737,0.184609,-0.568401,1.072669,0.399967,-0.075327,0.029288,0.155477,-0.176686,0.354193,0.961654,-0.053159,-0.094271,0.119966
-0.001249,0.023295,0.778920,-0.014152,-0.007581,-0.673962,0.738591,0.104044,0.088576,0.274317,0.124902,-0.218171,-0.088174,0.092870,-0.092586,-0.283239,0.230923,-0.267250,0.088775,-0.015864,0.002688,0.138903,-0.016671,0.184622,-0.568564,1.072769,0.400027,-0.075392,0.029261,0.155407,-0.176722,0.354292,0.961726,-0.053454,-0.094140,0.120172
-0.001268,0.023281,0.778925,-0.014338,-0.007713,-0.673963,0.738585,0.104599,0.088724,0.274437,0.124915,-0.218300,-0.088301,0.093483,-0.092433,-0.283279,0.230807,-0.267275,0.088621,-0.015956,0.002759,0.139114,-0.016579,0.184633,-0.568674,1.072865,0.400061,-0.075480,0.029208,0.155401,-0.176760,0.354309,0.961720,-0.053775,-0.093951,0.120477
-0.001285,0.023243,0.778901,-0.014513,-0.007840,-0.673958,0.738585,0.105128,0.088872,0.274529,0.124931,-0.218449,-0.088420,0.094115,-0.092265,-0.283353,0.230606,-0.267265,0.088462,-0.016033,0.002838,0.139313,-0.016487,0.184639,-0.568787,1.072954,0.400095,-0.075559,0.029131,0.155433,-0.176789,0.354297,0.961680,-0.054020,-0.093765,0.120789
-0.001300,0.023255,0.778893,-0.014615,-0.007919,-0.673951,0.738589,0.105433,0.088954,0.274520,0.124936,-0.218526,-0.088488,0.094497,-0.092177,-0.283435,0.230494,-0.267272,0.088348,-0.016048,0.002874,0.139358,-0.016474,0.184648,-0.568988,1.073082,0.400164,-0.075606,0.029021,0.155485,-0.176836,0.354304,0.961645,-0.054085,-0.093651,0.121018
-0.001320,0.023282,0.778890,-0.014604,-0.007928,-0.673940,0.738599,0.105411,0.088943,0.274340,0.124947,-0.218540,-0.088476,0.094521,-0.092195,-0.283535,0.230467,-0.267281,0.088285,-0.016042,0.002833,0.139176,-0.016550,0.184654,-0.569169,1.073254,0.400380,-0.075616,0.028826,0.155486,-0.176869,0.354413,0.961689,-0.053852,-0.093638,0.121115
-0.001346,0.023288,0.778887,-0.014517,-0.007894,-0.673926,0.738614,0.105177,0.088874,0.274040,0.124945,-0.218504,-0.088415,0.094321,-0.092274,-0.283663,0.230487,-0.267289,0.088249,-0.016024,0.002749,0.138827,-0.016673,0.184664,-0.569404,1.073461,0.400635,-0.075597,0.028581,0.155480,-0.176919,0.354645,0.961770,-0.053359,-0.093689,0.121121
-0.001362,0.023296,0.778888,-0.014423,-0.007843,-0.673908,0.738633,0.104897,0.088789,0.273754,0.124942,-0.218444,-0.088342,0.094073,-0.092370,-0.283784,0.230519,-0.267298,0.088242,-0.016024,0.002645,0.138439,-0.016792,0.184673,-0.569629,1.073680,0.400840,-0.075561,0.028369,0.155490,-0.176960,0.354925,0.961846,-0.052810,-0.093752,0.121087
-0.001364,0.023276,0.778904,-0.014361,-0.007841,-0.673887,0.738653,0.104760,0.088732,0.273618,0.124938,-0.218384,-0.088298,0.093972,-0.092430,-0.283864,0.230522,-0.267307,0.088265,-0.016067,0.002583,0.138180,-0.016865,0.184684,-0.569809,1.073845,0.400963,-0.075536,0.028252,0.155487,-0.177014,0.355186,0.961889,-0.052473,-0.093788,0.121099
-0.001371,0.023221,0.778916,-0.014381,-0.007867,-0.673862,0.738676,0.104814,0.088721,0.273711,0.124930,-0.218317,-0.088301,0.094086,-0.092423,-0.283873,0.230433,-0.267275,0.088329,-0.016129,0.002577,0.138115,-0.016888,0.184687,-0.569866,1.073928,0.400989,-0.075518,0.028277,0.155460,-0.177033,0.355272,0.961871,-0.052529,-0.093758,0.121187
-0.001368,0.023259,0.778921,-0.014434,-0.007916,-0.673833,0.738700,0.104963,0.088735,0.273947,0.124933,-0.218245,-0.088328,0.094306,-0.092379,-0.283837,0.230308,-0.267226,0.088428,-0.016215,0.002601,0.138128,-0.016883,0.184690,-0.569927,1.073986,0.400884,-0.075499,0.028411,0.155428,-0.177069,0.355369,0.961832,-0.052756,-0.093696,0.121291
-0.001386,0.023266,0.778890,-0.014484,-0.007978,-0.673802,0.738727,0.105125,0.088740,0.274202,0.124933,-0.218165,-0.088352,0.094524,-0.092350,-0.283803,0.230220,-0.267204,0.088543,-0.016295,0.002629,0.138176,-0.016884,0.184690,-0.569951,1.074033,0.400812,-0.075484,0.028534,0.155404,-0.177086,0.355406,0.961785,-0.052988,-0.093665,0.121407
-0.001421,0.023295,0.778886,-0.014545,-0.008058,-0.673772,0.738752,0.105337,0.088728,0.274351,0.124930,-0.218105,-0.088355,0.094831,-0.092335,-0.283828,0.230060,-0.267171,0.088653,-0.016432,0.002635,0.138262,-0.016862,0.184690,-0.570053,1.074107,0.400752,-0.075474,0.028648,0.155405,-0.177138,0.355539,0.961755,-0.053028,-0.093706,0.121526
-0.001455,0.023342,0.778887,-0.014582,-0.008150,-0.673745,0.738776,0.105526,0.088657,0.274354,0.124923,-0.218047,-0.088319,0.095085,-0.092411,-0.283927,0.229994,-0.267219,0.088770,-0.016558,0.002560,0.138342,-0.016886,0.184690,-0.570188,1.074261,0.400833,-0.075471,0.028656,0.155417,-0.177180,0.355674,0.961812,-0.052745,-0.093918,0.121630
-0.001463,0.023334,0.778893,-0.014609,-0.008254,-0.673721,0.738796,0.105711,0.088552,0.274286,0.124926,-0.217995,-0.088260,0.095327,-0.092530,-0.284063,0.229961,-0.267301,0.088897,-0.016701,0.002465,0.138463,-0.016902,0.184691,-0.570277,1.074392,0.401034,-0.075476,0.028597,0.155426,-0.177197,0.355747,0.961887,-0.052392,-0.094207,0.121751
-0.001476,0.023315,0.778906,-0.014647,-0.008362,-0.673689,0.738822,0.105913,0.088456,0.274159,0.124925,-0.217957,-0.088194,0.095615,-0.092637,-0.284237,0.229895,-0.267372,0.089006,-0.016836,0.002331,0.138548,-0.016982,0.184691,-0.570500,1.074670,0.401184,-0.075491,0.028548,0.155433,-0.177219,0.355928,0.962061,-0.051839,-0.094543,0.121844
-0.001484,0.023326,0.778912,-0.014667,-0.008418,-0.673660,0.738848,0.106002,0.088428,0.274032,0.124923,-0.217936,-0.088141,0.095766,-0.092672,-0.284389,0.229863,-0.267417,0.089056,-0.016960,0.002282,0.138536,-0.017035,0.184692,-0.570698,1.074866,0.401371,-0.075508,0.028461,0.155451,-0.177238,0.356086,0.962146,-0.051513,-0.094654,0.121885
-0.001501,0.023348,0.778930,-0.014686,-0.008371,-0.673626,0.738879,0.105901,0.088529,0.273866,0.124925,-0.217952,-0.088100,0.095770,-0.092554,-0.284538,0.229764,-0.267365,0.089009,-0.017089,0.002348,0.138364,-0.017119,0.184695,-0.570880,1.075059,0.401617,-0.075546,0.028313,0.155465,-0.177252,0.356236,0.962157,-0.051397,-0.094476,0.121864
-0.001453,0.023307,0.778970,-0.014681,-0.008291,-0.673593,0.738911,0.105697,0.088701,0.273669,0.124935,-0.218009,-0.088062,0.095649,-0.092365,-0.284679,0.229716,-0.267299,0.088899,-0.017227,0.002474,0.138155,-0.017208,0.184697,-0.570951,1.075198,0.401974,-0.075595,0.028110,0.155444,-0.177254,0.356297,0.962142,-0.051474,-0.094154,0.121826
-0.001495,0.023332,0.778934,-0.014685,-0.008196,-0.673555,0.738946,0.105473,0.088881,0.273472,0.124956,-0.218046,-0.088037,0.095549,-0.092156,-0.284828,0.229605,-0.267197,0.088777,-0.017350,0.002612,0.137866,-0.017333,0.184702,-0.571093,1.075424,0.402275,-0.075675,0.027894,0.155442,-0.177253,0.356431,0.962102,-0.051558,-0.093722,0.121749
-0.001549,0.023401,0.778913,-0.014713,-0.008203,-0.673532,0.738967,0.105483,0.088923,0.273382,0.124961,-0.218020,-0.088026,0.095612,-0.092105,-0.284911,0.229592,-0.267176,0.088717,-0.017414,0.002641,0.137709,-0.017372,0.184711,-0.571326,1.075585,0.402323,-0.075694,0.027818,0.155476,-0.177247,0.356643,0.962097,-0.051582,-0.093476,0.121659
-0.001544,0.023394,0.778903,-0.014772,-0.008378,-0.673530,0.738965,0.105863,0.088738,0.273464,0.124955,-0.217889,-0.088025,0.095958,-0.092302,-0.284904,0.229690,-0.267267,0.088772,-0.017405,0.002534,0.137866,-0.017318,0.184710,-0.571416,1.075604,0.402225,-0.075689,0.027852,0.155439,-0.177247,0.356714,0.962156,-0.051713,-0.093461,0.121646
-0.001560,0.023418,0.778905,-0.014843,-0.008659,-0.673542,0.738949,0.106455,0.088415,0.273661,0.124944,-0.217681,-0.088031,0.096469,-0.092655,-0.284835,0.229851,-0.267417,0.088894,-0.017342,0.002346,0.138167,-0.017218,0.184703,-0.571501,1.075574,0.401951,-0.075667,0.027968,0.155402,-0.177251,0.356774,0.962230,-0.051874,-0.093559,0.121654
-0.001553,0.023409,0.778905,-0.014928,-0.008950,-0.673555,0.738932,0.107101,0.088078,0.273855,0.124913,-0.217482,-0.088060,0.097002,-0.093023,-0.284754,0.230051,-0.267588,0.088999,-0.017269,0.002169,0.138488,-0.017050,0.184687,-0.571639,1.075475,0.401614,-0.075601,0.028144,0.155330,-0.177266,0.356861,0.962371,-0.052008,-0.093721,0.121653
-0.001550,0.023407,0.778920,-0.014982,-0.009090,-0.673551,0.738933,0.107404,0.087929,0.273909,0.124908,-0.217371,-0.088128,0.097253,-0.093194,-0.284732,0.230177,-0.267671,0.088985,-0.017219,0.002111,0.138593,-0.017017,0.184682,-0.571670,1.075474,0.401519,-0.075577,0.028176,0.155299,-0.177272,0.356884,0.962393,-0.052137,-0.093810,0.121693
-0.001568,0.023469,0.778875,-0.015006,-0.009080,-0.673521,0.738960,0.107367,0.087998,0.273766,0.124899,-0.217382,-0.088261,0.097192,-0.093139,-0.284794,0.230299,-0.267678,0.088781,-0.017228,0.002232,0.138426,-0.016990,0.184660,-0.571746,1.075496,0.401628,-0.075523,0.028110,0.155287,-0.177308,0.356977,0.962418,-0.052230,-0.093875,0.121738
-0.001600,0.023508,0.778881,-0.014995,-0.008934,-0.673476,0.739003,0.107021,0.088229,0.273493,0.124906,-0.217471,-0.088442,0.096869,-0.092914,-0.284909,0.230353,-0.267594,0.088443,-0.017267,0.002471,0.138045,-0.017052,0.184643,-0.571752,1.075573,0.401914,-0.075479,0.027937,0.155338,-0.177350,0.357078,0.962314,-0.052298,-0.093896,0.121806
-0.001574,0.023509,0.778884,-0.014994,-0.008776,-0.673429,0.739047,0.106658,0.088496,0.273196,0.124913,-0.217587,-0.088625,0.096548,-0.092652,-0.285026,0.230388,-0.267511,0.088119,-0.017352,0.002748,0.137673,-0.017096,0.184620,-0.571683,1.075638,0.402239,-0.075455,0.027760,0.155384,-0.177431,0.357199,0.962194,-0.052294,-0.093913,0.121898
-0.001589,0.023514,0.778892,-0.015033,-0.008719,-0.673399,0.739075,0.106561,0.088665,0.272986,0.124927,-0.217721,-0.088759,0.096474,-0.092485,-0.285091,0.230425,-0.267512,0.087957,-0.017385,0.002933,0.137512,-0.017115,0.184617,-0.571663,1.075681,0.402405,-0.075454,0.027690,0.155388,-0.177449,0.357212,0.962151,-0.052206,-0.093941,0.121997
-0.001541,0.023493,0.778873,-0.015143,-0.008785,-0.673391,0.739079,0.106832,0.088736,0.272882,0.124932,-0.217880,-0.088847,0.096759,-0.092401,-0.285084,0.230417,-0.267619,0.088021,-0.017422,0.003042,0.137561,-0.017030,0.184610,-0.571626,1.075737,0.402387,-0.075532,0.027748,0.155413,-0.177472,0.357205,0.962177,-0.051872,-0.093993,0.122156
-0.001545,0.023486,0.778868,-0.015290,-0.008929,-0.673400,0.739066,0.107311,0.088750,0.272842,0.124953,-0.218083,-0.088909,0.097264,-0.092372,-0.285023,0.230367,-0.267785,0.088230,-0.017459,0.003113,0.137775,-0.016905,0.184599,-0.571587,1.075775,0.402226,-0.075647,0.027899,0.155438,-0.177503,0.357165,0.962220,-0.051391,-0.094051,0.122340
-0.001531,0.023508,0.778850,-0.015454,-0.009112,-0.673406,0.739055,0.107905,0.088720,0.272827,0.124929,-0.218242,-0.088928,0.097885,-0.092377,-0.284971,0.230282,-0.267948,0.088489,-0.017500,0.003193,0.138090,-0.016719,0.184573,-0.571531,1.075738,0.402079,-0.075762,0.028085,0.155448,-0.177565,0.357061,0.962272,-0.050914,-0.094115,0.122547
-0.001547,0.023552,0.778840,-0.015543,-0.009255,-0.673392,0.739064,0.108262,0.088642,0.272814,0.124955,-0.218332,-0.088878,0.098247,-0.092459,-0.284960,0.230338,-0.268106,0.088706,-0.017533,0.003225,0.138239,-0.016617,0.184550,-0.571507,1.075735,0.401983,-0.075796,0.028193,0.155483,-0.177611,0.356985,0.962301,-0.050605,-0.094150,0.122628
-0.001527,0.023594,0.778901,-0.015561,-0.009341,-0.673352,0.739100,0.108379,0.088495,0.272821,0.124958,-0.218266,-0.088726,0.098359,-0.092628,-0.285013,0.230480,-0.268216,0.088873,-0.017571,0.003219,0.138218,-0.016563,0.184529,-0.571492,1.075705,0.402006,-0.075724,0.028204,0.155538,-0.177644,0.356928,0.962291,-0.050587,-0.094140,0.122558
-0.001549,0.023654,0.778888,-0.015516,-0.009424,-0.673294,0.739152,0.108374,0.088275,0.272856,0.124955,-0.218108,-0.088492,0.098338,-0.092881,-0.285107,0.230683,-0.268309,0.089036,-0.017618,0.003175,0.138104,-0.016520,0.184502,-0.571482,1.075648,0.402095,-0.075574,0.028169,0.155620,-0.177682,0.356869,0.962255,-0.050757,-0.094102,0.122379
-0.001558,0.023671,0.778878,-0.015458,-0.009482,-0.673228,0.739213,0.108305,0.088042,0.272865,0.124930,-0.217907,-0.088240,0.098223,-0.093157,-0.285216,0.230946,-0.268398,0.089178,-0.017657,0.003118,0.137940,-0.016484,0.184475,-0.571473,1.075572,0.402213,-0.075401,0.028114,0.155731,-0.177715,0.356806,0.962197,-0.050928,-0.094065,0.122186
-0.001558,0.023667,0.778869,-0.015406,-0.009535,-0.673162,0.739273,0.108218,0.087855,0.272794,0.124933,-0.217751,-0.088034,0.098104,-0.093385,-0.285320,0.231212,-0.268474,0.089281,-0.017674,0.003103,0.137773,-0.016463,0.184432,-0.571467,1.075527,0.402314,-0.075275,0.028065,0.155865,-0.177763,0.356699,0.962153,-0.050920,-0.094071,0.122096
-0.001568,0.023658,0.778882,-0.015382,-0.009553,-0.673097,0.739332,0.108111,0.087732,0.272593,0.124929,-0.217629,-0.087873,0.097973,-0.093536,-0.285410,0.231448,-0.268500,0.089324,-0.017667,0.003132,0.137617,-0.016486,0.184388,-0.571468,1.075523,0.402418,-0.075214,0.028022,0.155986,-0.177811,0.356572,0.962155,-0.050623,-0.094148,0.122150
-0.001553,0.023682,0.778885,-0.015361,-0.009558,-0.673029,0.739395,0.107974,0.087652,0.272304,0.124924,-0.217512,-0.087732,0.097834,-0.093638,-0.285498,0.231648,-0.268473,0.089321,-0.017677,0.003183,0.137465,-0.016523,0.184360,-0.571463,1.075516,0.402506,-0.075183,0.027982,0.156057,-0.177841,0.356487,0.962213,-0.050150,-0.094257,0.122258
-0.001530,0.023753,0.778853,-0.015342,-0.009556,-0.672958,0.739460,0.107825,0.087578,0.272004,0.124933,-0.217423,-0.087630,0.097666,-0.093739,-0.285603,0.231907,-0.268488,0.089311,-0.017670,0.003219,0.137280,-0.016550,0.184342,-0.571449,1.075528,0.402573,-0.075161,0.027941,0.156154,-0.177862,0.356378,0.962292,-0.049602,-0.094390,0.122411
-0.001539,0.023786,0.778865,-0.015351,-0.009575,-0.672889,0.739522,0.107773,0.087514,0.271780,0.124932,-0.217356,-0.087598,0.097634,-0.093824,-0.285745,0.232078,-0.268519,0.089324,-0.017687,0.003269,0.137165,-0.016531,0.184319,-0.571417,1.075503,0.402492,-0.075135,0.027941,0.156257,-0.177885,0.356235,0.962336,-0.049135,-0.094479,0.122528
-0.001531,0.023840,0.778881,-0.015405,-0.009653,-0.672825,0.739578,0.107910,0.087468,0.271692,0.124942,-0.217361,-0.087703,0.097844,-0.093881,-0.285932,0.232139,-0.268599,0.089390,-0.017734,0.003338,0.137181,-0.016430,0.184293,-0.571347,1.075423,0.402178,-0.075106,0.028001,0.156392,-0.177902,0.356053,0.962321,-0.048742,-0.094504,0.122609
-0.001544,0.023870,0.778873,-0.015499,-0.009763,-0.672765,0.739630,0.108186,0.087442,0.271685,0.124949,-0.217413,-0.087912,0.098233,-0.093907,-0.286153,0.232114,-0.268705,0.089485,-0.017791,0.003442,0.137304,-0.016255,0.184248,-0.571205,1.075281,0.401761,-0.075084,0.028088,0.156565,-0.177916,0.355752,0.962251,-0.048446,-0.094488,0.122701
-0.001529,0.023877,0.778876,-0.015577,-0.009848,-0.672699,0.739687,0.108387,0.087409,0.271659,0.124962,-0.217452,-0.088096,0.098560,-0.093942,-0.286396,0.232080,-0.268804,0.089563,-0.017874,0.003508,0.137362,-0.016116,0.184224,-0.571102,1.075189,0.401292,-0.075046,0.028205,0.156686,-0.177913,0.355597,0.962229,-0.048103,-0.094473,0.122739
-0.001520,0.023882,0.778873,-0.015574,-0.009867,-0.672617,0.739761,0.108300,0.087351,0.271501,0.125001,-0.217427,-0.088130,0.098604,-0.094013,-0.286656,0.232115,-0.268864,0.089580,-0.017912,0.003582,0.137265,-0.016015,0.184185,-0.570927,1.075069,0.401170,-0.074977,0.028266,0.156811,-0.177903,0.355329,0.962178,-0.047957,-0.094492,0.122806
-0.001520,0.023886,0.778890,-0.015447,-0.009775,-0.672512,0.739860,0.107587,0.087302,0.271140,0.125476,-0.217507,-0.087928,0.098187,-0.094147,-0.286932,0.232271,-0.268862,0.089491,-0.017895,0.003615,0.136884,-0.016061,0.184135,-0.570833,1.075035,0.401331,-0.074857,0.028275,0.156907,-0.177888,0.355151,0.962126,-0.047863,-0.094550,0.122857
-0.001535,0.023962,0.778879,-0.015253,-0.009604,-0.672394,0.739974,0.106404,0.087277,0.270646,0.126394,-0.217742,-0.087576,0.097510,-0.094318,-0.287225,0.232456,-0.268803,0.089332,-0.017861,0.003615,0.136323,-0.016165,0.184119,-0.570805,1.075027,0.401644,-0.074700,0.028264,0.156975,-0.177883,0.355092,0.962076,-0.047792,-0.094628,0.122881
-0.001527,0.024010,0.778890,-0.015034,-0.009409,-0.672268,0.740096,0.105043,0.087271,0.270103,0.127509,-0.218073,-0.087201,0.096734,-0.094498,-0.287533,0.232684,-0.268756,0.089174,-0.017801,0.003625,0.135692,-0.016272,0.184096,-0.570742,1.075005,0.402082,-0.074528,0.028261,0.157103,-0.177876,0.354986,0.961981,-0.047792,-0.094730,0.122894
-0.001506,0.024042,0.778917,-0.014872,-0.009283,-0.672147,0.740210,0.104029,0.087209,0.269641,0.128339,-0.218326,-0.086926,0.096212,-0.094680,-0.287825,0.232826,-0.268735,0.089098,-0.017748,0.003641,0.135223,-0.016312,0.184080,-0.570643,1.074918,0.402468,-0.074353,0.028353,0.157210,-0.177871,0.354875,0.961940,-0.047775,-0.094866,0.122856
-0.001476,0.024087,0.778917,-0.014782,-0.009239,-0.672037,0.740312,0.103376,0.087118,0.269275,0.128980,-0.218597,-0.086813,0.095976,-0.094853,-0.288094,0.232917,-0.268789,0.089123,-0.017694,0.003680,0.134925,-0.016254,0.184057,-0.570422,1.074750,0.402849,-0.074156,0.028545,0.157349,-0.177863,0.354682,0.961946,-0.047805,-0.095064,0.122746
-0.001394,0.024151,0.778905,-0.014736,-0.009237,-0.671931,0.740410,0.102899,0.087011,0.268949,0.129563,-0.218911,-0.086786,0.095909,-0.095016,-0.288352,0.232956,-0.268874,0.089209,-0.017659,0.003771,0.134769,-0.016098,0.184009,-0.569954,1.074442,0.403408,-0.073948,0.028768,0.157500,-0.177845,0.354335,0.961942,-0.047986,-0.095315,0.122631
-0.001359,0.024187,0.778908,-0.014698,-0.009247,-0.671820,0.740511,0.102502,0.086874,0.268641,0.130043,-0.219171,-0.086763,0.095892,-0.095192,-0.288625,0.232975,-0.268958,0.089334,-0.017747,0.003878,0.134735,-0.016008,0.183842,-0.569081,1.074207,0.404226,-0.073818,0.028975,0.157426,-0.177791,0.353851,0.962098,-0.048349,-0.095566,0.122586
-0.001369,0.024232,0.778908,-0.014627,-0.009223,-0.671692,0.740629,0.101932,0.086740,0.268308,0.130629,-0.219388,-0.086665,0.095791,-0.095391,-0.288943,0.232953,-0.268978,0.089478,-0.017791,0.003931,0.134513,-0.015925,0.183745,-0.568732,1.074059,0.404653,-0.073726,0.029285,0.157477,-0.177758,0.353652,0.962191,-0.048408,-0.095743,0.122496
-0.001364,0.024288,0.778916,-0.014514,-0.009175,-0.671551,0.740759,0.101393,0.086548,0.268018,0.130905,-0.219387,-0.086441,0.095614,-0.095616,-0.289309,0.232880,-0.268912,0.089655,-0.017856,0.003934,0.134224,-0.015932,0.183722,-0.568648,1.074008,0.404865,-0.073752,0.029658,0.157511,-0.177750,0.353584,0.962244,-0.048367,-0.095828,0.122456
-0.001355,0.024307,0.778944,-0.014333,-0.009063,-0.671366,0.740932,0.100476,0.086385,0.267637,0.131449,-0.219426,-0.086136,0.095258,-0.095860,-0.289809,0.232792,-0.268803,0.089871,-0.018042,0.003945,0.133750,-0.015889,0.183616,-0.568458,1.074008,0.405259,-0.073898,0.030140,0.157559,-0.177709,0.353353,0.962323,-0.048472,-0.095910,0.122527
-0.001307,0.024344,0.778960,-0.014170,-0.008965,-0.671191,0.741095,0.099708,0.086199,0.267273,0.131800,-0.219373,-0.085837,0.094956,-0.096097,-0.290268,0.232676,-0.268669,0.090083,-0.018122,0.003965,0.133333,-0.016013,0.183462,-0.568432,1.074167,0.405515,-0.074049,0.030548,0.157566,-0.177648,0.353155,0.962427,-0.048475,-0.095920,0.122591
-0.001244,0.024395,0.778989,-0.014047,-0.008877,-0.671027,0.741247,0.099115,0.085998,0.266857,0.131951,-0.219259,-0.085614,0.094714,-0.096310,-0.290660,0.232572,-0.268548,0.090250,-0.018157,0.003997,0.133014,-0.016096,0.183406,-0.568426,1.074176,0.405647,-0.074157,0.030737,0.157578,-0.177626,0.353102,0.962463,-0.048260,-0.095866,0.122649
-0.001178,0.024457,0.779014,-0.013965,-0.008809,-0.670880,0.741382,0.098547,0.085876,0.266318,0.132271,-0.219320,-0.085517,0.094486,-0.096460,-0.290933,0.232589,-0.268502,0.090359,-0.018067,0.004102,0.132803,-0.016236,0.183334,-0.568372,1.074153,0.405780,-0.074186,0.030594,0.157555,-0.177602,0.353061,0.962490,-0.047931,-0.095681,0.122706
-0.001108,0.024509,0.779007,-0.013923,-0.008741,-0.670743,0.741508,0.098117,0.085767,0.265701,0.132425,-0.219335,-0.085495,0.094317,-0.096557,-0.291134,0.232577,-0.268441,0.090434,-0.017915,0.004258,0.132685,-0.016434,0.183268,-0.568278,1.074117,0.405901,-0.074191,0.030211,0.157488,-0.177584,0.353065,0.962498,-0.047500,-0.095396,0.122782
-0.001057,0.024586,0.778970,-0.013877,-0.008685,-0.670604,0.741635,0.097727,0.085621,0.265096,0.132514,-0.219310,-0.085479,0.094143,-0.096688,-0.291353,0.232609,-0.268407,0.090484,-0.017777,0.004399,0.132598,-0.016638,0.183202,-0.568151,1.074079,0.405974,-0.074203,0.029785,0.157389,-0.177570,0.353105,0.962535,-0.046947,-0.095135,0.122873
-0.001007,0.024611,0.778982,-0.013791,-0.008639,-0.670449,0.741777,0.097309,0.085377,0.264587,0.132559,-0.219206,-0.085401,0.093905,-0.096945,-0.291688,0.232751,-0.268435,0.090524,-0.017903,0.004486,0.132440,-0.016902,0.182893,-0.567729,1.074341,0.406102,-0.074277,0.029535,0.157053,-0.177535,0.353359,0.962896,-0.046235,-0.095031,0.122946
-0.000939,0.024644,0.778991,-0.013650,-0.008616,-0.670282,0.741931,0.096931,0.084956,0.264282,0.132417,-0.218911,-0.085249,0.093577,-0.097410,-0.292173,0.233064,-0.268556,0.090520,-0.017867,0.004443,0.132259,-0.016985,0.182783,-0.567692,1.074321,0.405873,-0.074404,0.029476,0.156985,-0.177532,0.353409,0.963087,-0.045247,-0.095159,0.123113
-0.000888,0.024724,0.778995,-0.013465,-0.008620,-0.670108,0.742091,0.096593,0.084410,0.264108,0.132136,-0.218488,-0.085058,0.093177,-0.098022,-0.292754,0.233536,-0.268763,0.090479,-0.017856,0.004352,0.132023,-0.017099,0.182586,-0.567717,1.074453,0.405482,-0.074564,0.029559,0.156900,-0.177539,0.353499,0.963407,-0.044004,-0.095434,0.123295
-0.000793,0.024773,0.779020,-0.013283,-0.008606,-0.669919,0.742266,0.096199,0.083864,0.263888,0.131897,-0.218083,-0.084827,0.092778,-0.098635,-0.293385,0.233976,-0.268956,0.090469,-0.017851,0.004289,0.131749,-0.017280,0.182276,-0.567793,1.074720,0.405157,-0.074732,0.029716,0.156850,-0.177568,0.353511,0.963722,-0.042857,-0.095751,0.123481
-0.000708,0.024818,0.779015,-0.013123,-0.008564,-0.669705,0.742461,0.095697,0.083433,0.263456,0.131826,-0.217827,-0.084558,0.092470,-0.099106,-0.294016,0.234185,-0.269038,0.090556,-0.017949,0.004251,0.131527,-0.017315,0.182215,-0.567796,1.074678,0.405102,-0.074859,0.029834,0.156819,-0.177574,0.353472,0.963872,-0.042158,-0.095991,0.123629
-0.000633,0.024893,0.779014,-0.012990,-0.008453,-0.669459,0.742687,0.094942,0.083187,0.262680,0.132076,-0.217832,-0.084210,0.092216,-0.099359,-0.294637,0.234105,-0.268983,0.090798,-0.018163,0.004409,0.131229,-0.017420,0.181990,-0.567721,1.074746,0.405566,-0.074924,0.029975,0.156680,-0.177593,0.353267,0.964089,-0.042168,-0.096164,0.123719
-0.000556,0.024983,0.779011,-0.012875,-0.008301,-0.669189,0.742934,0.094027,0.083065,0.261679,0.132542,-0.218008,-0.083801,0.092033,-0.099466,-0.295275,0.233785,-0.268817,0.091145,-0.018489,0.004629,0.130907,-0.017513,0.181852,-0.567581,1.074782,0.406349,-0.074967,0.030135,0.156556,-0.177598,0.353028,0.964221,-0.042645,-0.096299,0.123747
-0.000479,0.025023,0.779040,-0.012763,-0.008162,-0.668906,0.743193,0.093140,0.082925,0.260652,0.132988,-0.218167,-0.083399,0.091891,-0.099578,-0.295931,0.233443,-0.268633,0.091508,-0.018838,0.004865,0.130635,-0.017603,0.181655,-0.567386,1.074802,0.407192,-0.074989,0.030309,0.156400,-0.177595,0.352710,0.964338,-0.043189,-0.096396,0.123800
-0.000406,0.025035,0.779056,-0.012654,-0.008078,-0.668627,0.743447,0.092430,0.082653,0.259797,0.133259,-0.218153,-0.083078,0.091785,-0.099840,-0.296603,0.233253,-0.268511,0.091797,-0.019117,0.004986,0.130443,-0.017714,0.181500,-0.567249,1.074875,0.407756,-0.075001,0.030512,0.156269,-0.177588,0.352433,0.964422,-0.043342,-0.096439,0.123897
-0.000339,0.025054,0.779069,-0.012526,-0.008098,-0.668350,0.743697,0.092009,0.082145,0.259206,0.133239,-0.217850,-0.082872,0.091692,-0.100367,-0.297308,0.233402,-0.268535,0.091974,-0.019321,0.004949,0.130398,-0.017777,0.181333,-0.567201,1.074906,0.407880,-0.074976,0.030778,0.156179,-0.177585,0.352192,0.964432,-0.042827,-0.096396,0.124092
-0.000271,0.025105,0.779056,-0.012396,-0.008180,-0.668070,0.743950,0.091759,0.081499,0.258760,0.133057,-0.217375,-0.082737,0.091647,-0.101048,-0.298041,0.233701,-0.268621,0.092091,-0.019453,0.004844,0.130440,-0.017893,0.181108,-0.567246,1.075028,0.407762,-0.074914,0.031109,0.156146,-0.177587,0.351922,0.964373,-0.041947,-0.096281,0.124356
-0.000175,0.025177,0.779080,-0.012272,-0.008265,-0.667792,0.744201,0.091537,0.080849,0.258339,0.132852,-0.216893,-0.082628,0.091611,-0.101734,-0.298765,0.234009,-0.268708,0.092197,-0.019505,0.004744,0.130468,-0.018098,0.180796,-0.567357,1.075291,0.407553,-0.074853,0.031444,0.156169,-0.177605,0.351641,0.964272,-0.041056,-0.096148,0.124585
-0.000051,0.025260,0.779119,-0.012159,-0.008299,-0.667519,0.744447,0.091206,0.080333,0.257817,0.132749,-0.216565,-0.082496,0.091556,-0.102272,-0.299448,0.234176,-0.268729,0.092341,-0.019610,0.004682,0.130433,-0.018134,0.180624,-0.567362,1.075320,0.407409,-0.074806,0.031669,0.156162,-0.177625,0.351529,0.964158,-0.040485,-0.096043,0.124668
0.000014,0.025345,0.779103,-0.012072,-0.008251,-0.667250,0.744690,0.090709,0.080024,0.257157,0.132802,-0.216450,-0.082354,0.091505,-0.102579,-0.300094,0.234107,-0.268642,0.092511,-0.019655,0.004747,0.130291,-0.018237,0.180491,-0.567336,1.075404,0.407392,-0.074796,0.031809,0.156176,-0.177646,0.351468,0.964024,-0.040412,-0.095972,0.124575
0.000128,0.025420,0.779109,-0.012006,-0.008161,-0.666987,0.744928,0.090174,0.079817,0.256441,0.132870,-0.216430,-0.082217,0.091459,-0.102766,-0.300699,0.233920,-0.268496,0.092690,-0.019654,0.004875,0.130116,-0.018311,0.180390,-0.567293,1.075420,0.407397,-0.074796,0.031885,0.156189,-0.177664,0.351475,0.963865,-0.040606,-0.095915,0.124365
0.000230,0.025461,0.779101,-0.011938,-0.008042,-0.666724,0.745165,0.089493,0.079682,0.255654,0.133153,-0.216556,-0.082051,0.091380,-0.102902,-0.301293,0.233687,-0.268335,0.092916,-0.019700,0.005022,0.129869,-0.018409,0.180260,-0.567154,1.075521,0.407466,-0.074810,0.031894,0.156227,-0.177695,0.351526,0.963689,-0.040980,-0.095866,0.124090
0.000313,0.025495,0.779098,-0.011854,-0.007947,-0.666489,0.745378,0.088866,0.079469,0.254895,0.133380,-0.216659,-0.081824,0.091244,-0.103121,-0.301799,0.233555,-0.268230,0.093237,-0.019737,0.005151,0.129642,-0.018464,0.180082,-0.566962,1.075578,0.407555,-0.074794,0.031820,0.156219,-0.177746,0.351545,0.963572,-0.041381,-0.095862,0.123860
0.000406,0.025520,0.779083,-0.011764,-0.007843,-0.666278,0.745570,0.088162,0.079223,0.254090,0.133755,-0.216853,-0.081506,0.091035,-0.103403,-0.302225,0.233481,-0.268175,0.093722,-0.019759,0.005192,0.129388,-0.018510,0.179997,-0.566696,1.075667,0.407772,-0.074804,0.031616,0.156179,-0.177772,0.351456,0.963545,-0.041960,-0.095950,0.123680
0.000527,0.025523,0.779088,-0.011649,-0.007755,-0.666087,0.745743,0.087428,0.078955,0.253252,0.134191,-0.217115,-0.081120,0.090751,-0.103725,-0.302570,0.233479,-0.268169,0.094332,-0.019744,0.005217,0.129125,-0.018494,0.179938,-0.566384,1.075672,0.408077,-0.074789,0.031303,0.156127,-0.177791,0.351300,0.963551,-0.042721,-0.096107,0.123505
0.000659,0.025619,0.779089,-0.011534,-0.007673,-0.665910,0.745903,0.086707,0.078651,0.252464,0.134639,-0.217360,-0.080716,0.090432,-0.104099,-0.302884,0.233569,-0.268204,0.094930,-0.019806,0.005253,0.128953,-0.018522,0.179784,-0.565783,1.075700,0.408481,-0.074807,0.030900,0.155963,-0.177838,0.351027,0.963583,-0.043529,-0.096233,0.123424
0.000810,0.025722,0.779100,-0.011418,-0.007618,-0.665736,0.746061,0.086089,0.078275,0.251812,0.134968,-0.217473,-0.080343,0.090087,-0.104561,-0.303203,0.233826,-0.268299,0.095382,-0.019821,0.005194,0.128761,-0.018595,0.179682,-0.565480,1.075808,0.408474,-0.074813,0.030554,0.155838,-0.177874,0.350878,0.963592,-0.043892,-0.096225,0.123360
0.000988,0.025795,0.779143,-0.011310,-0.007619,-0.665565,0.746215,0.085673,0.077815,0.251365,0.135114,-0.217381,-0.080024,0.089794,-0.105116,-0.303551,0.234245,-0.268456,0.095568,-0.019784,0.005029,0.128605,-0.018685,0.179658,-0.565443,1.075937,0.407962,-0.074808,0.030159,0.155756,-0.177887,0.350843,0.963550,-0.043626,-0.095988,0.123392
0.001111,0.025872,0.779131,-0.011199,-0.007652,-0.665401,0.746362,0.085363,0.077271,0.251060,0.135141,-0.217144,-0.079724,0.089460,-0.105779,-0.303897,0.234884,-0.268710,0.095588,-0.019713,0.004800,0.128488,-0.018894,0.179617,-0.565519,1.076175,0.407132,-0.074810,0.029689,0.155649,-0.177923,0.350822,0.963487,-0.042962,-0.095600,0.123530
0.001250,0.025913,0.779129,-0.011067,-0.007693,-0.665245,0.746504,0.085027,0.076694,0.250796,0.135173,-0.216901,-0.079424,0.089032,-0.106493,-0.304218,0.235647,-0.269000,0.095639,-0.019651,0.004531,0.128376,-0.019068,0.179588,-0.565659,1.076377,0.406235,-0.074814,0.029360,0.155559,-0.177965,0.350784,0.963397,-0.042292,-0.095214,0.123623
0.001390,0.025989,0.779118,-0.010908,-0.007683,-0.665098,0.746637,0.084495,0.076115,0.250471,0.135314,-0.216758,-0.079100,0.088392,-0.107238,-0.304482,0.236516,-0.269299,0.095918,-0.019643,0.004246,0.128268,-0.019214,0.179567,-0.565753,1.076499,0.405499,-0.074851,0.029343,0.155468,-0.178008,0.350644,0.963261,-0.042020,-0.094979,0.123571
0.001513,0.026125,0.779090,-0.010712,-0.007611,-0.664943,0.746778,0.083702,0.075565,0.249996,0.135602,-0.216790,-0.078796,0.087561,-0.107965,-0.304713,0.237362,-0.269554,0.096552,-0.019786,0.003976,0.128150,-0.019231,0.179560,-0.565701,1.076471,0.405046,-0.074938,0.029861,0.155353,-0.178025,0.350413,0.963111,-0.042351,-0.094959,0.123274
0.001655,0.026238,0.779078,-0.010462,-0.007502,-0.664788,0.746921,0.082706,0.074998,0.249449,0.135960,-0.216904,-0.078504,0.086472,-0.108743,-0.304904,0.238392,-0.269869,0.097413,-0.019958,0.003709,0.128096,-0.019240,0.179549,-0.565486,1.076312,0.404866,-0.075093,0.030705,0.155152,-0.178038,0.349814,0.962953,-0.043242,-0.095075,0.122919
0.001872,0.026321,0.779105,-0.010209,-0.007377,-0.664661,0.747039,0.081645,0.074398,0.248966,0.136399,-0.217041,-0.078134,0.085246,-0.109585,-0.305023,0.239583,-0.270219,0.098309,-0.020181,0.003373,0.128039,-0.019237,0.179542,-0.565261,1.076146,0.404686,-0.075229,0.031567,0.154904,-0.178034,0.349307,0.962833,-0.044138,-0.095244,0.122488
0.002110,0.026473,0.779126,-0.009942,-0.007288,-0.664594,0.747103,0.080618,0.073718,0.248693,0.136906,-0.217123,-0.077589,0.083803,-0.110571,-0.305008,0.241219,-0.270729,0.099050,-0.020330,0.002944,0.128057,-0.019329,0.179540,-0.565042,1.075990,0.404492,-0.075321,0.032037,0.154554,-0.178019,0.348830,0.962763,-0.044853,-0.095407,0.122175
0.002403,0.026637,0.779130,-0.009665,-0.007254,-0.664591,0.747110,0.079646,0.072957,0.248642,0.137546,-0.217118,-0.076809,0.082156,-0.111732,-0.304891,0.243398,-0.271431,0.099524,-0.020420,0.002386,0.128152,-0.019519,0.179543,-0.564882,1.075869,0.404164,-0.075326,0.031966,0.154133,-0.178003,0.348475,0.962737,-0.045308,-0.095569,0.121978
0.002628,0.026790,0.779133,-0.009386,-0.007243,-0.664635,0.747074,0.078678,0.072132,0.248743,0.138293,-0.217067,-0.075855,0.080398,-0.113001,-0.304695,0.245827,-0.272240,0.099853,-0.020509,0.001724,0.128267,-0.019725,0.179550,-0.564777,1.075751,0.403736,-0.075266,0.031593,0.153702,-0.177996,0.348272,0.962719,-0.045606,-0.095749,0.121807
0.002888,0.026950,0.779143,-0.009075,-0.007231,-0.664733,0.746991,0.077675,0.071231,0.249020,0.139053,-0.217023,-0.074815,0.078372,-0.114390,-0.304320,0.248596,-0.273139,0.100198,-0.020526,0.001000,0.128436,-0.020042,0.179570,-0.564610,1.075633,0.403403,-0.075218,0.031085,0.153084,-0.177982,0.347978,0.962792,-0.045781,-0.095923,0.121718
0.003165,0.027129,0.779167,-0.008735,-0.007182,-0.664884,0.746861,0.076602,0.070295,0.249477,0.139745,-0.217046,-0.073787,0.076100,-0.115810,-0.303696,0.251489,-0.274003,0.100711,-0.020464,0.000267,0.128494,-0.020307,0.179583,-0.564505,1.075484,0.403185,-0.075174,0.030732,0.152564,-0.177986,0.347818,0.962742,-0.045643,-0.096008,0.121559
0.003444,0.027354,0.779131,-0.008301,-0.007076,-0.665095,0.746679,0.075398,0.069217,0.250162,0.140222,-0.217095,-0.072749,0.073320,-0.117383,-0.302744,0.254755,-0.274916,0.101499,-0.020231,-0.000523,0.128405,-0.020672,0.179596,-0.564337,1.075374,0.403286,-0.075214,0.030461,0.151858,-0.178014,0.347644,0.962798,-0.045111,-0.096003,0.121432
0.003767,0.027605,0.779085,-0.007821,-0.006931,-0.665358,0.746451,0.074068,0.068086,0.251028,0.140687,-0.217217,-0.071675,0.070246,-0.119019,-0.301553,0.258194,-0.275804,0.102449,-0.019876,-0.001341,0.128203,-0.021041,0.179598,-0.564199,1.075252,0.403580,-0.075273,0.030220,0.151216,-0.178057,0.347561,0.962746,-0.044240,-0.095902,0.121278
0.004128,0.027882,0.779086,-0.007334,-0.006802,-0.665678,0.746172,0.072790,0.066927,0.252058,0.141110,-0.217359,-0.070609,0.067006,-0.120699,-0.300158,0.261865,-0.276749,0.103428,-0.019573,-0.002148,0.128095,-0.021424,0.179587,-0.563986,1.075094,0.403842,-0.075331,0.030084,0.150453,-0.178160,0.347452,0.962710,-0.043297,-0.095805,0.121152
0.004590,0.028085,0.779107,-0.006923,-0.006709,-0.666057,0.745838,0.071715,0.065813,0.253207,0.141533,-0.217501,-0.069602,0.063816,-0.122358,-0.298617,0.265674,-0.277753,0.104294,-0.019423,-0.002905,0.128230,-0.021773,0.179564,-0.563832,1.074849,0.403749,-0.075317,0.030185,0.149693,-0.178306,0.347239,0.962567,-0.042550,-0.095768,0.121020
0.005019,0.028335,0.779128,-0.006611,-0.006676,-0.666490,0.745455,0.070876,0.064804,0.254437,0.142032,-0.217674,-0.068724,0.060747,-0.123949,-0.296963,0.269655,-0.278854,0.104992,-0.019478,-0.003599,0.128717,-0.022112,0.179543,-0.563799,1.074532,0.403164,-0.075182,0.030665,0.148884,-0.178428,0.346806,0.962380,-0.042123,-0.095805,0.120939
0.005450,0.028617,0.779142,-0.006355,-0.006684,-0.666976,0.745022,0.070198,0.063849,0.255776,0.142564,-0.217877,-0.067931,0.057683,-0.125515,-0.295158,0.273815,-0.280022,0.105603,-0.019604,-0.004248,0.129452,-0.022472,0.179525,-0.563894,1.074158,0.402261,-0.074970,0.031420,0.148050,-0.178534,0.346151,0.962140,-0.041885,-0.095888,0.120914
0.005902,0.028914,0.779105,-0.006111,-0.006718,-0.667531,0.744526,0.069651,0.062845,0.257296,0.142989,-0.218036,-0.067095,0.054549,-0.127125,-0.293156,0.278096,-0.281213,0.106190,-0.019669,-0.004911,0.130270,-0.022863,0.179505,-0.564072,1.073758,0.401199,-0.074759,0.032204,0.147212,-0.178643,0.345338,0.961841,-0.041730,-0.096025,0.120823
0.006372,0.029262,0.779074,-0.005831,-0.006766,-0.668174,0.743952,0.069194,0.061703,0.259083,0.143227,-0.218117,-0.066094,0.051222,-0.128850,-0.290892,0.282521,-0.282421,0.106819,-0.019524,-0.005630,0.131052,-0.023312,0.179481,-0.564245,1.073332,0.400179,-0.074630,0.032752,0.146506,-0.178763,0.344478,0.961294,-0.041550,-0.096210,0.120558
0.006906,0.029610,0.779054,-0.005530,-0.006859,-0.668898,0.743302,0.068903,0.060348,0.261130,0.143268,-0.218118,-0.064832,0.047821,-0.130749,-0.288403,0.287035,-0.283665,0.107518,-0.019348,-0.006506,0.131700,-0.023618,0.179467,-0.564170,1.072831,0.399170,-0.074638,0.032992,0.145750,-0.178845,0.343971,0.960825,-0.041177,-0.096489,0.119940
0.007505,0.029943,0.779031,-0.005208,-0.007010,-0.669701,0.742580,0.068779,0.058843,0.263411,0.143149,-0.218055,-0.063397,0.044345,-0.132779,-0.285696,0.291685,-0.284963,0.108250,-0.019058,-0.007443,0.132410,-0.023925,0.179448,-0.563936,1.072238,0.398169,-0.074752,0.033017,0.144986,-0.178974,0.343394,0.960266,-0.040820,-0.096853,0.119168
0.008081,0.030315,0.779004,-0.004856,-0.007109,-0.670587,0.741781,0.068620,0.057310,0.265923,0.142869,-0.217920,-0.061936,0.040582,-0.134799,-0.282710,0.296411,-0.286180,0.108978,-0.018819,-0.008383,0.132972,-0.024168,0.179436,-0.563709,1.071640,0.397196,-0.074833,0.033014,0.144237,-0.179079,0.343022,0.959590,-0.040380,-0.097208,0.118268
0.008724,0.030698,0.778988,-0.004444,-0.007079,-0.671569,0.740895,0.068278,0.055834,0.268691,0.142332,-0.217646,-0.060595,0.036297,-0.136717,-0.279359,0.301248,-0.287229,0.109669,-0.018662,-0.009149,0.133555,-0.024536,0.179415,-0.563417,1.070983,0.396516,-0.074835,0.033011,0.143347,-0.179318,0.342507,0.958599,-0.040047,-0.097495,0.117562
0.009398,0.031124,0.778977,-0.003945,-0.006849,-0.672630,0.739937,0.067589,0.054466,0.271675,0.141531,-0.217194,-0.059441,0.031354,-0.138462,-0.275647,0.306128,-0.288017,0.110300,-0.018705,-0.009783,0.133770,-0.024911,0.179406,-0.563424,1.070402,0.395960,-0.074594,0.033148,0.142408,-0.179508,0.342221,0.957431,-0.039655,-0.097643,0.116894
0.010130,0.031588,0.778977,-0.003378,-0.006486,-0.673771,0.738904,0.066685,0.053141,0.274885,0.140496,-0.216595,-0.058386,0.025967,-0.140084,-0.271612,0.310929,-0.288599,0.110894,-0.018763,-0.010255,0.133837,-0.025359,0.179400,-0.563674,1.069774,0.395510,-0.074217,0.033308,0.141536,-0.179827,0.341864,0.955882,-0.039272,-0.097709,0.116325
0.010879,0.032080,0.778956,-0.002795,-0.006079,-0.675021,0.737768,0.065791,0.051831,0.278376,0.139281,-0.215952,-0.057350,0.020234,-0.141651,-0.267241,0.315948,-0.289114,0.111476,-0.018819,-0.010715,0.133879,-0.025796,0.179397,-0.563852,1.069222,0.395163,-0.073859,0.033500,0.140597,-0.180099,0.341616,0.954244,-0.038845,-0.097787,0.115712
0.011633,0.032526,0.778938,-0.002260,-0.005711,-0.676409,0.736500,0.065183,0.050497,0.282205,0.137839,-0.215315,-0.056253,0.014388,-0.143181,-0.262536,0.321181,-0.289612,0.112071,-0.018703,-0.011222,0.134146,-0.026193,0.179391,-0.563766,1.068727,0.394903,-0.073667,0.033705,0.139782,-0.180300,0.341408,0.952328,-0.038379,-0.097934,0.114997
0.012446,0.033044,0.778941,-0.001858,-0.005447,-0.677914,0.735119,0.064983,0.049269,0.286256,0.136459,-0.214918,-0.055109,0.008841,-0.144566,-0.257647,0.326388,-0.290089,0.112668,-0.018352,-0.011723,0.134656,-0.026344,0.179384,-0.563525,1.068300,0.394745,-0.073713,0.033943,0.139208,-0.180355,0.341268,0.950271,-0.037743,-0.098224,0.114187
0.013382,0.033505,0.778919,-0.001447,-0.005254,-0.679566,0.733594,0.065242,0.047844,0.290685,0.134413,-0.214323,-0.053916,0.002950,-0.146082,-0.252338,0.332234,-0.290768,0.113285,-0.018045,-0.012291,0.135788,-0.026746,0.179328,-0.562145,1.067885,0.395217,-0.074075,0.033981,0.138413,-0.180632,0.340981,0.947753,-0.037190,-0.098582,0.113560
0.014282,0.034015,0.778866,-0.001025,-0.004995,-0.681345,0.731945,0.065409,0.046461,0.295469,0.132323,-0.213711,-0.052687,-0.003242,-0.147463,-0.246668,0.338035,-0.291221,0.113907,-0.017812,-0.012780,0.136734,-0.026941,0.179229,-0.560805,1.067504,0.395485,-0.074416,0.034155,0.137619,-0.180939,0.341105,0.945199,-0.036528,-0.098952,0.112707
0.015128,0.034797,0.778858,-0.000427,-0.004608,-0.683285,0.730137,0.065225,0.044956,0.300803,0.129907,-0.212804,-0.051388,-0.010321,-0.148830,-0.240407,0.344042,-0.291437,0.114561,-0.017578,-0.013252,0.137379,-0.027262,0.179093,-0.559681,1.067237,0.395319,-0.074624,0.034484,0.136658,-0.181273,0.341502,0.942562,-0.035960,-0.099265,0.111576
0.016100,0.035520,0.778857,0.000407,-0.003998,-0.685381,0.728173,0.064453,0.043280,0.306743,0.127087,-0.211457,-0.050006,-0.018539,-0.150186,-0.233501,0.350161,-0.291277,0.115322,-0.017280,-0.013714,0.137484,-0.027823,0.178948,-0.559014,1.067165,0.394465,-0.074657,0.035043,0.135479,-0.181617,0.342184,0.939868,-0.035733,-0.099457,0.109965
0.017094,0.036219,0.778848,0.001422,-0.003254,-0.687623,0.726059,0.062151,0.041873,0.313154,0.126520,-0.211168,-0.048568,-0.027617,-0.151490,-0.226035,0.356410,-0.290837,0.116156,-0.016842,-0.014182,0.137257,-0.028565,0.178823,-0.558682,1.067237,0.393133,-0.074597,0.035762,0.134173,-0.181913,0.342991,0.937082,-0.035766,-0.099587,0.108005
0.018115,0.036914,0.778841,0.002482,-0.002483,-0.690022,0.723780,0.059588,0.040532,0.320013,0.126323,-0.211099,-0.047090,-0.037146,-0.152674,-0.218087,0.362865,-0.290292,0.116910,-0.016524,-0.014598,0.137109,-0.029266,0.178633,-0.558174,1.067288,0.391749,-0.074480,0.036529,0.132786,-0.182354,0.344056,0.934113,-0.035553,-0.099739,0.106072
0.019200,0.037899,0.778821,0.003440,-0.001784,-0.692590,0.721321,0.057357,0.039264,0.327262,0.126113,-0.211194,-0.045592,-0.046723,-0.153684,-0.209725,0.369611,-0.289822,0.117434,-0.015998,-0.015069,0.137434,-0.029958,0.178497,-0.557663,1.067271,0.390561,-0.074310,0.037228,0.131441,-0.182659,0.344739,0.931053,-0.034900,-0.100054,0.104556
0.020364,0.038692,0.778779,0.004292,-0.001214,-0.695345,0.718663,0.055619,0.038034,0.334912,0.125851,-0.211532,-0.044046,-0.056362,-0.154565,-0.200926,0.376966,-0.289628,0.117615,-0.015579,-0.015552,0.138311,-0.030394,0.178323,-0.556629,1.067051,0.389922,-0.074034,0.037896,0.130054,-0.183025,0.345469,0.927887,-0.033206,-0.100577,0.103628
0.021437,0.039531,0.778707,0.005089,-0.000695,-0.698273,0.715813,0.054128,0.036829,0.342990,0.125554,-0.212016,-0.042457,-0.066248,-0.155308,-0.191663,0.384795,-0.289565,0.117557,-0.014925,-0.016091,0.139530,-0.030813,0.178203,-0.555648,1.066771,0.389456,-0.073647,0.038573,0.128718,-0.183253,0.345919,0.924603,-0.030928,-0.101262,0.103078
0.022521,0.040491,0.778635,0.005854,-0.000201,-0.701335,0.712808,0.052723,0.035726,0.351444,0.125277,-0.212551,-0.040893,-0.076171,-0.155777,-0.182043,0.392414,-0.289263,0.117443,-0.014365,-0.016635,0.141067,-0.031207,0.178111,-0.554496,1.066429,0.388942,-0.073306,0.039139,0.127238,-0.183414,0.346339,0.921321,-0.028755,-0.101983,0.102614
0.023682,0.041455,0.778570,0.006578,0.000326,-0.704493,0.709681,0.051273,0.034795,0.360227,0.125001,-0.212993,-0.039419,-0.085935,-0.155851,-0.172163,0.399161,-0.288363,0.117465,-0.014023,-0.017180,0.142888,-0.031713,0.178063,-0.553215,1.066130,0.388055,-0.073163,0.039472,0.125518,-0.183520,0.346745,0.918130,-0.027452,-0.102630,0.101948
0.024796,0.042433,0.778518,0.007267,0.000841,-0.707753,0.706422,0.049815,0.034006,0.369355,0.124734,-0.213279,-0.038073,-0.095467,-0.155549,-0.161956,0.404959,-0.286803,0.117687,-0.013668,-0.017773,0.145050,-0.032404,0.178084,-0.552131,1.065888,0.386337,-0.073263,0.039504,0.123725,-0.183517,0.346921,0.914872,-0.027291,-0.103177,0.101235
0.025973,0.043472,0.778504,0.007922,0.001333,-0.711128,0.703017,0.048413,0.033331,0.378845,0.124456,-0.213479,-0.036812,-0.104866,-0.154928,-0.151405,0.410132,-0.284771,0.118014,-0.013668,-0.018459,0.147607,-0.033055,0.178202,-0.550556,1.065535,0.384318,-0.073566,0.039241,0.121513,-0.183398,0.347214,0.911784,-0.027856,-0.103681,0.100541
0.027104,0.044672,0.778518,0.008555,0.001884,-0.714586,0.699493,0.046896,0.032864,0.388635,0.124229,-0.213709,-0.035577,-0.114197,-0.153913,-0.140695,0.414639,-0.282273,0.118410,-0.013946,-0.019154,0.150330,-0.033626,0.178521,-0.548820,1.065027,0.382396,-0.073947,0.038871,0.118925,-0.183061,0.347603,0.909045,-0.028874,-0.104172,0.099454
0.028326,0.045895,0.778507,0.009179,0.002577,-0.718099,0.695875,0.045128,0.032697,0.398671,0.124060,-0.214059,-0.034314,-0.123515,-0.152435,-0.129997,0.418423,-0.279312,0.118843,-0.014218,-0.019716,0.153076,-0.034365,0.179025,-0.547407,1.064546,0.380965,-0.074306,0.038571,0.116313,-0.182546,0.347766,0.906429,-0.030148,-0.104655,0.097635
0.029526,0.047040,0.778501,0.009777,0.003424,-0.721666,0.692164,0.043099,0.032881,0.409008,0.124037,-0.214690,-0.033010,-0.132775,-0.150486,-0.119311,0.421432,-0.275899,0.119448,-0.014551,-0.020071,0.155888,-0.035165,0.179678,-0.546068,1.063958,0.380534,-0.074639,0.038313,0.113631,-0.181869,0.347742,0.903875,-0.031578,-0.105110,0.094748
0.030785,0.048318,0.778471,0.010349,0.004381,-0.725296,0.688345,0.040884,0.033355,0.419644,0.124098,-0.215481,-0.031694,-0.141952,-0.148123,-0.108557,0.423712,-0.272032,0.120219,-0.014947,-0.020195,0.158828,-0.036121,0.180295,-0.544788,1.063418,0.380744,-0.074996,0.038054,0.110972,-0.181190,0.347550,0.901232,-0.033265,-0.105521,0.091101
0.031997,0.049604,0.778479,0.010943,0.005439,-0.728980,0.684426,0.038424,0.034034,0.430463,0.124212,-0.216248,-0.030356,-0.151132,-0.145411,-0.097796,0.425366,-0.267713,0.120905,-0.015520,-0.020319,0.161762,-0.037240,0.181102,-0.543772,1.062990,0.380868,-0.075365,0.037862,0.108047,-0.180354,0.347326,0.899029,-0.035342,-0.105944,0.087203
0.033261,0.050960,0.778531,0.011612,0.006583,-0.732707,0.680414,0.035658,0.034848,0.441338,0.124328,-0.216772,-0.028985,-0.160393,-0.142410,-0.087091,0.426453,-0.262915,0.121256,-0.016249,-0.020505,0.164576,-0.038684,0.182119,-0.543412,1.062876,0.380140,-0.075733,0.037832,0.104888,-0.179502,0.347047,0.897414,-0.037896,-0.106422,0.083638
0.034475,0.052376,0.778627,0.012391,0.007852,-0.736453,0.676330,0.032407,0.035785,0.452154,0.124436,-0.216901,-0.027555,-0.169851,-0.139124,-0.076452,0.426872,-0.257463,0.121165,-0.017238,-0.020757,0.167284,-0.040617,0.183403,-0.544002,1.063098,0.377766,-0.076124,0.038142,0.101361,-0.178672,0.346650,0.896458,-0.041210,-0.106936,0.080605
0.035715,0.053763,0.778720,0.013249,0.009235,-0.740229,0.672161,0.028750,0.036882,0.463006,0.124605,-0.216812,-0.026072,-0.179419,-0.135563,-0.065841,0.426610,-0.251412,0.120794,-0.018436,-0.021044,0.169953,-0.042883,0.184978,-0.545318,1.063472,0.374326,-0.076535,0.038676,0.097559,-0.177846,0.346134,0.895976,-0.045141,-0.107469,0.077800
0.036953,0.055098,0.778858,0.014120,0.010660,-0.744071,0.667866,0.025065,0.038128,0.474082,0.124741,-0.216690,-0.024585,-0.188890,-0.131755,-0.055274,0.425906,-0.245094,0.120277,-0.019669,-0.021357,0.172559,-0.045108,0.186795,-0.546844,1.063866,0.371161,-0.076928,0.039086,0.093804,-0.177058,0.345667,0.895766,-0.049119,-0.108064,0.075032
0.038154,0.056491,0.778984,0.014938,0.012051,-0.748013,0.663407,0.021706,0.039516,0.485576,0.124818,-0.216766,-0.023145,-0.198048,-0.127724,-0.044767,0.424983,-0.238837,0.119750,-0.020774,-0.021674,0.175078,-0.046932,0.188763,-0.548029,1.064178,0.369638,-0.077254,0.039033,0.090428,-0.176397,0.345434,0.895623,-0.052568,-0.108771,0.072116
0.039431,0.057832,0.779109,0.015652,0.013428,-0.752095,0.658732,0.018825,0.041132,0.497650,0.124775,-0.217102,-0.021760,-0.207104,-0.123111,-0.033408,0.424216,-0.232665,0.118515,-0.021692,-0.021854,0.177579,-0.048262,0.190783,-0.548498,1.064372,0.370442,-0.077410,0.038512,0.087499,-0.175924,0.345551,0.895533,-0.055770,-0.109632,0.068853
0.040677,0.059016,0.779198,0.016307,0.014819,-0.756284,0.653873,0.016213,0.042943,0.510173,0.124638,-0.217570,-0.020412,-0.216079,-0.118034,-0.021503,0.423401,-0.226420,0.116754,-0.022548,-0.021911,0.180042,-0.049331,0.192835,-0.548569,1.064591,0.372763,-0.077455,0.037691,0.084862,-0.175672,0.345931,0.895572,-0.058865,-0.110609,0.065391
0.041922,0.060177,0.779302,0.016978,0.016169,-0.760504,0.648909,0.013752,0.044743,0.522876,0.124447,-0.218097,-0.019115,-0.224471,-0.113224,-0.010883,0.421795,-0.220127,0.115891,-0.023440,-0.022007,0.182330,-0.050253,0.194946,-0.548783,1.064940,0.375700,-0.077591,0.036476,0.082588,-0.175625,0.346465,0.895542,-0.061050,-0.111620,0.062087
0.043053,0.061422,0.779342,0.017738,0.017419,-0.764688,0.643920,0.011341,0.046322,0.535493,0.124168,-0.218556,-0.017880,-0.231813,-0.109431,-0.003354,0.418692,-0.213874,0.117326,-0.024461,-0.022326,0.184304,-0.051142,0.197178,-0.549698,1.065515,0.378326,-0.078021,0.034776,0.080731,-0.175762,0.347022,0.895275,-0.061537,-0.112590,0.059294
0.044180,0.062573,0.779342,0.018680,0.018556,-0.768836,0.638904,0.008825,0.047520,0.548000,0.123770,-0.218903,-0.016665,-0.238087,-0.106759,0.001200,0.413464,-0.207355,0.121951,-0.025600,-0.023031,0.185834,-0.052045,0.199598,-0.551547,1.066406,0.380726,-0.078907,0.032192,0.079258,-0.176062,0.347758,0.894809,-0.060041,-0.113555,0.056952
0.045234,0.063736,0.779377,0.019740,0.019604,-0.772976,0.633825,0.006307,0.048468,0.560525,0.123273,-0.219206,-0.015481,-0.243523,-0.104867,0.003574,0.406633,-0.200672,0.128813,-0.026806,-0.024016,0.187036,-0.052871,0.202218,-0.554039,1.067488,0.383253,-0.080109,0.028891,0.078152,-0.176530,0.348650,0.894215,-0.057020,-0.114547,0.054928
0.046326,0.064865,0.779375,0.020752,0.020577,-0.777081,0.628722,0.004088,0.049405,0.573023,0.122683,-0.219492,-0.014422,-0.248022,-0.103805,0.002961,0.399128,-0.194464,0.136529,-0.028109,-0.025022,0.188158,-0.053467,0.205010,-0.556888,1.068461,0.385457,-0.081369,0.025623,0.077523,-0.177131,0.349320,0.893307,-0.052776,-0.115492,0.053477
0.047427,0.065927,0.779407,0.021555,0.021486,-0.781124,0.623633,0.002445,0.050579,0.585451,0.122076,-0.219828,-0.013581,-0.251512,-0.103630,-0.001452,0.391928,-0.189372,0.143724,-0.029516,-0.025799,0.189430,-0.053741,0.207920,-0.559853,1.069099,0.386865,-0.082417,0.023147,0.077465,-0.177814,0.349371,0.891933,-0.047621,-0.116311,0.052846
0.048515,0.066971,0.779445,0.022081,0.022307,-0.785113,0.618556,0.001555,0.052054,0.597840,0.121448,-0.220273,-0.013013,-0.253638,-0.104331,-0.010179,0.384605,-0.184989,0.150998,-0.031000,-0.026301,0.190921,-0.053718,0.210929,-0.563187,1.069510,0.387363,-0.083234,0.021803,0.078096,-0.178572,0.348668,0.890015,-0.041100,-0.116919,0.053396
0.049523,0.067934,0.779512,0.022428,0.023041,-0.789060,0.613474,0.001233,0.053692,0.610198,0.120774,-0.220779,-0.012656,-0.254570,-0.105836,-0.022703,0.376933,-0.181153,0.158760,-0.032542,-0.026660,0.192493,-0.053479,0.214033,-0.566945,1.069822,0.387191,-0.083941,0.021151,0.079338,-0.179407,0.347412,0.887662,-0.033231,-0.117369,0.054895
0.050456,0.068804,0.779592,0.022679,0.023745,-0.792945,0.608408,0.001207,0.055452,0.622462,0.120042,-0.221203,-0.012427,-0.254980,-0.108089,-0.038319,0.370096,-0.178806,0.165358,-0.034181,-0.026887,0.194055,-0.052982,0.217182,-0.570521,1.069829,0.386474,-0.084473,0.020770,0.080955,-0.180269,0.345699,0.885054,-0.025058,-0.117783,0.056691
0.051278,0.069598,0.779674,0.022916,0.024475,-0.796752,0.603375,0.001167,0.057327,0.634565,0.119363,-0.221488,-0.012241,-0.255555,-0.111066,-0.056315,0.365328,-0.178955,0.169145,-0.035967,-0.026987,0.195498,-0.052188,0.220302,-0.573260,1.069355,0.385363,-0.084771,0.020245,0.082684,-0.181072,0.343653,0.882422,-0.017614,-0.118298,0.058124
0.052156,0.070476,0.779850,0.023184,0.025287,-0.800488,0.598366,0.000966,0.059356,0.646514,0.118617,-0.221456,-0.012073,-0.256589,-0.114856,-0.077037,0.363140,-0.182602,0.169146,-0.037940,-0.026945,0.196758,-0.051080,0.223346,-0.574761,1.068250,0.383339,-0.084809,0.019438,0.084428,-0.181733,0.341242,0.879762,-0.010748,-0.118920,0.059132
0.053070,0.071197,0.779971,0.023438,0.026134,-0.804163,0.593371,0.000740,0.061557,0.658344,0.117961,-0.221251,-0.011965,-0.257646,-0.119470,-0.100661,0.362915,-0.189064,0.166470,-0.040079,-0.026799,0.197867,-0.049713,0.226313,-0.575402,1.066744,0.380539,-0.084623,0.018594,0.086255,-0.182245,0.338456,0.877105,-0.004062,-0.119595,0.060007
0.053934,0.072019,0.780111,0.023606,0.026948,-0.807761,0.588420,0.000769,0.063837,0.670020,0.117293,-0.221028,-0.011932,-0.258194,-0.124703,-0.126271,0.363944,-0.196705,0.162571,-0.042337,-0.026547,0.198876,-0.048172,0.229196,-0.575746,1.065232,0.378050,-0.084235,0.017869,0.088189,-0.182659,0.335423,0.874681,0.001763,-0.120374,0.060621
0.054709,0.072737,0.780270,0.023617,0.027655,-0.811269,0.583541,0.001338,0.066083,0.681516,0.116588,-0.220997,-0.011991,-0.257765,-0.130352,-0.152962,0.365586,-0.203893,0.158872,-0.044663,-0.026182,0.199848,-0.046537,0.231972,-0.576354,1.064094,0.376971,-0.083674,0.017420,0.090286,-0.183048,0.332280,0.872672,0.006058,-0.121315,0.060854
0.055498,0.073409,0.780446,0.023392,0.028233,-0.814667,0.578768,0.002606,0.068359,0.692762,0.115927,-0.221268,-0.012150,-0.255961,-0.136503,-0.181364,0.367747,-0.210473,0.155480,-0.047139,-0.025612,0.200852,-0.044783,0.234627,-0.577428,1.063443,0.378011,-0.082846,0.017427,0.092662,-0.183470,0.328984,0.871095,0.008351,-0.122474,0.060602
0.056270,0.073972,0.780580,0.022985,0.028722,-0.817972,0.574081,0.004432,0.070659,0.703795,0.115210,-0.221669,-0.012398,-0.253023,-0.143179,-0.211684,0.370729,-0.217229,0.151731,-0.049762,-0.024829,0.201806,-0.043014,0.236975,-0.578640,1.063311,0.380482,-0.081773,0.017793,0.095248,-0.183920,0.325490,0.869905,0.009098,-0.123811,0.059936
0.056999,0.074564,0.780693,0.022543,0.029139,-0.821220,0.569421,0.006467,0.072883,0.714751,0.114533,-0.222177,-0.012729,-0.249556,-0.150143,-0.242391,0.374558,-0.223943,0.147853,-0.052255,-0.024009,0.202712,-0.041112,0.239388,-0.579931,1.063110,0.383221,-0.080654,0.018136,0.098072,-0.184447,0.321796,0.868731,0.009050,-0.125217,0.059111
0.057655,0.075027,0.780712,0.022208,0.029504,-0.824448,0.564731,0.008419,0.074898,0.725760,0.113865,-0.222701,-0.013132,-0.246185,-0.157173,-0.271948,0.379217,-0.230365,0.144057,-0.054518,-0.023288,0.203388,-0.039305,0.241594,-0.580982,1.063102,0.385248,-0.079702,0.018195,0.100854,-0.184969,0.318130,0.867720,0.008948,-0.126590,0.058257
0.058285,0.075550,0.780672,0.022033,0.029857,-0.827661,0.560000,0.010102,0.076739,0.736855,0.113209,-0.223169,-0.013632,-0.243120,-0.164319,-0.300493,0.384837,-0.236283,0.140259,-0.056440,-0.022683,0.203776,-0.037701,0.243580,-0.581807,1.063392,0.386302,-0.078880,0.017922,0.103613,-0.185472,0.314341,0.866819,0.008665,-0.127990,0.057357
0.058859,0.076040,0.780722,0.021939,0.030171,-0.830842,0.555257,0.011682,0.078474,0.747959,0.112659,-0.223693,-0.014224,-0.239976,-0.171687,-0.328669,0.391335,-0.241849,0.136363,-0.058163,-0.022111,0.203910,-0.036305,0.245224,-0.582464,1.064155,0.386965,-0.078109,0.017493,0.106363,-0.185920,0.310465,0.866162,0.007908,-0.129444,0.056314
0.059550,0.076501,0.780785,0.021872,0.030373,-0.833988,0.550512,0.013444,0.079936,0.759057,0.112066,-0.224290,-0.014849,-0.236650,-0.179208,-0.355694,0.398557,-0.247424,0.132563,-0.059687,-0.021627,0.203933,-0.034849,0.246805,-0.583067,1.064872,0.387328,-0.077524,0.016868,0.109174,-0.186416,0.306605,0.865640,0.007137,-0.130799,0.055280
0.060138,0.076851,0.780752,0.021778,0.030387,-0.837099,0.545772,0.015681,0.080958,0.770124,0.111274,-0.224987,-0.015459,-0.233010,-0.186787,-0.380784,0.406252,-0.253315,0.129060,-0.061216,-0.021252,0.203862,-0.033247,0.248161,-0.583454,1.065562,0.387649,-0.077262,0.016080,0.111872,-0.186968,0.303139,0.865500,0.006831,-0.131911,0.054319
0.060684,0.077122,0.780679,0.021639,0.030151,-0.840195,0.541013,0.018525,0.081422,0.781208,0.110290,-0.225893,-0.016017,-0.229020,-0.194427,-0.403403,0.414431,-0.259750,0.125828,-0.062920,-0.021048,0.203588,-0.031600,0.248883,-0.583360,1.066762,0.387975,-0.077497,0.015040,0.114178,-0.187403,0.300330,0.866158,0.006954,-0.132608,0.053345
0.061251,0.077341,0.780510,0.021486,0.029722,-0.843267,0.536242,0.021831,0.081387,0.792301,0.109060,-0.226902,-0.016559,-0.224816,-0.202190,-0.424071,0.423257,-0.266486,0.122777,-0.064249,-0.020857,0.203458,-0.029575,0.249911,-0.583426,1.067154,0.387922,-0.078112,0.013598,0.116977,-0.188287,0.297323,0.866284,0.007343,-0.132984,0.052643
0.061693,0.077690,0.780359,0.021336,0.029190,-0.846278,0.531513,0.025307,0.081115,0.803288,0.107808,-0.227941,-0.017135,-0.220365,-0.210011,-0.443650,0.432378,-0.273108,0.120026,-0.065744,-0.020772,0.203102,-0.027599,0.250557,-0.583197,1.067852,0.387947,-0.078806,0.012263,0.119451,-0.189066,0.294914,0.867108,0.008193,-0.133379,0.051873
0.062084,0.077888,0.780197,0.021204,0.028652,-0.849192,0.526880,0.028705,0.080848,0.814065,0.106625,-0.228851,-0.017796,-0.215680,-0.217837,-0.462984,0.441559,-0.279239,0.117689,-0.067226,-0.020721,0.202524,-0.025901,0.250955,-0.583110,1.068793,0.388120,-0.079276,0.011367,0.121748,-0.189706,0.292883,0.868533,0.009643,-0.134105,0.051059
0.062375,0.078076,0.780062,0.021067,0.028145,-0.851990,0.522377,0.031999,0.080697,0.824605,0.105566,-0.229648,-0.018593,-0.210678,-0.225573,-0.482169,0.450756,-0.284684,0.115978,-0.068428,-0.020404,0.202020,-0.024314,0.251553,-0.583704,1.069147,0.388315,-0.079443,0.010915,0.124594,-0.190900,0.290950,0.869612,0.012269,-0.135461,0.050426
0.062636,0.078314,0.779974,0.020928,0.027609,-0.854697,0.517970,0.035292,0.080548,0.834965,0.104639,-0.230429,-0.019487,-0.205396,-0.233270,-0.500809,0.460093,-0.289670,0.114765,-0.069729,-0.020142,0.201330,-0.022842,0.251992,-0.584358,1.069617,0.388652,-0.079458,0.010820,0.127193,-0.191977,0.289624,0.871409,0.015744,-0.137237,0.049706
0.062895,0.078426,0.779842,0.020833,0.027012,-0.857341,0.513618,0.038560,0.080245,0.845156,0.103750,-0.231114,-0.020394,-0.199987,-0.241067,-0.519024,0.469520,-0.294422,0.113665,-0.070923,-0.019914,0.200508,-0.021397,0.252368,-0.584972,1.069878,0.388955,-0.079408,0.010893,0.129890,-0.193164,0.288341,0.873162,0.019258,-0.138842,0.049141
0.063025,0.078525,0.779681,0.020836,0.026312,-0.859948,0.509277,0.041737,0.079679,0.855191,0.102949,-0.231712,-0.021231,-0.194600,-0.249141,-0.536925,0.478996,-0.299169,0.112288,-0.072103,-0.020053,0.199334,-0.020024,0.252507,-0.585036,1.070341,0.389264,-0.079363,0.011052,0.132166,-0.193769,0.287014,0.875390,0.021824,-0.139747,0.048644
0.063081,0.078627,0.779463,0.020983,0.025484,-0.862531,0.504927,0.044756,0.078755,0.864978,0.102278,-0.232217,-0.021909,-0.189318,-0.257703,-0.554629,0.488688,-0.304167,0.110488,-0.072971,-0.020283,0.197976,-0.018585,0.252604,-0.584871,1.070348,0.389359,-0.079378,0.011270,0.134880,-0.194604,0.284940,0.876726,0.023117,-0.139452,0.048478
0.063127,0.078835,0.779270,0.021236,0.024552,-0.865072,0.500597,0.047656,0.077565,0.874536,0.101727,-0.232643,-0.022494,-0.184023,-0.266621,-0.572055,0.498540,-0.309218,0.108482,-0.073817,-0.020767,0.196316,-0.017099,0.252586,-0.584312,1.070264,0.389403,-0.079392,0.011643,0.137458,-0.195220,0.282749,0.878133,0.023614,-0.138394,0.048394
0.063174,0.078956,0.779160,0.021518,0.023565,-0.867561,0.496306,0.050559,0.076251,0.884052,0.101187,-0.232986,-0.023127,-0.178614,-0.275542,-0.589009,0.508237,-0.313922,0.106435,-0.074440,-0.021283,0.194599,-0.015743,0.252453,-0.583622,1.070029,0.389380,-0.079362,0.011976,0.140127,-0.195866,0.280524,0.879447,0.023993,-0.137241,0.048618
0.063147,0.079053,0.779050,0.021753,0.022572,-0.869987,0.492078,0.053524,0.075032,0.893700,0.100737,-0.233331,-0.023953,-0.172997,-0.284095,-0.605297,0.517441,-0.317855,0.104508,-0.074930,-0.021856,0.192906,-0.014528,0.252275,-0.582747,1.069705,0.389337,-0.079222,0.012111,0.142599,-0.196353,0.278848,0.881216,0.024939,-0.136698,0.049155
0.063110,0.079067,0.778864,0.021906,0.021563,-0.872359,0.487899,0.056709,0.073822,0.903644,0.100171,-0.233596,-0.025052,-0.167273,-0.292376,-0.620642,0.526572,-0.320972,0.102636,-0.075103,-0.022242,0.191435,-0.013559,0.251849,-0.581672,1.069167,0.389319,-0.078901,0.011901,0.145297,-0.197230,0.277644,0.882968,0.026936,-0.137153,0.050245
0.062908,0.079261,0.778730,0.022025,0.020520,-0.874681,0.483763,0.059987,0.072614,0.913740,0.099665,-0.233837,-0.026334,-0.161482,-0.300531,-0.635218,0.535657,-0.323487,0.100763,-0.075183,-0.022600,0.189993,-0.012688,0.251214,-0.580253,1.068489,0.389297,-0.078439,0.011494,0.147960,-0.198281,0.277035,0.884937,0.029602,-0.138173,0.051698
0.062665,0.079446,0.778590,0.022143,0.019483,-0.876932,0.479709,0.063219,0.071456,0.923753,0.099205,-0.234029,-0.027682,-0.155432,-0.308239,-0.649520,0.543710,-0.325330,0.099070,-0.075185,-0.023040,0.188503,-0.011933,0.250660,-0.578782,1.067711,0.389222,-0.078008,0.011050,0.150444,-0.199090,0.276573,0.887086,0.032129,-0.139149,0.053391
0.062451,0.079617,0.778498,0.022304,0.018484,-0.879090,0.475775,0.066202,0.070479,0.933443,0.098956,-0.234208,-0.028980,-0.148964,-0.315188,-0.664029,0.549796,-0.326463,0.097745,-0.075287,-0.023467,0.186901,-0.011351,0.250181,-0.577422,1.066990,0.389077,-0.077793,0.010757,0.152798,-0.199757,0.276015,0.889031,0.033909,-0.139435,0.055260
0.062089,0.079786,0.778358,0.022505,0.017549,-0.881151,0.471974,0.069019,0.069561,0.943037,0.098567,-0.234208,-0.030170,-0.141961,-0.321484,-0.679359,0.553894,-0.326901,0.096913,-0.075634,-0.023556,0.185184,-0.011036,0.249419,-0.576088,1.066512,0.388902,-0.077931,0.010691,0.155279,-0.200767,0.275235,0.890249,0.034928,-0.138636,0.057513
0.061618,0.079961,0.778229,0.022733,0.016648,-0.883128,0.468285,0.071708,0.068711,0.952574,0.098146,-0.234071,-0.031324,-0.134584,-0.327239,-0.695076,0.556488,-0.326684,0.096454,-0.075932,-0.023784,0.183337,-0.010796,0.248998,-0.574977,1.065905,0.388547,-0.078261,0.010712,0.157528,-0.201295,0.274274,0.891521,0.035284,-0.137218,0.059992
0.061138,0.080257,0.778080,0.022978,0.015787,-0.885031,0.464697,0.074180,0.068134,0.961511,0.098041,-0.234078,-0.032513,-0.127078,-0.332001,-0.710135,0.557283,-0.325749,0.096181,-0.076272,-0.023742,0.181488,-0.010912,0.248207,-0.573800,1.065535,0.388283,-0.078654,0.010819,0.159909,-0.202242,0.273432,0.892379,0.035268,-0.135627,0.062625
0.060734,0.080568,0.778072,0.023236,0.014969,-0.886868,0.461196,0.076409,0.067951,0.969312,0.098391,-0.234401,-0.033812,-0.119720,-0.335353,-0.723474,0.556011,-0.324060,0.095907,-0.076523,-0.023914,0.179610,-0.011135,0.247692,-0.572644,1.065054,0.388066,-0.078892,0.010934,0.161939,-0.202801,0.273045,0.893696,0.034797,-0.134431,0.064965
0.060146,0.080948,0.777941,0.023549,0.014172,-0.888634,0.457793,0.078281,0.068163,0.975379,0.099348,-0.235297,-0.035210,-0.112339,-0.337495,-0.735564,0.552579,-0.321221,0.095301,-0.076748,-0.024259,0.177664,-0.011527,0.247227,-0.571350,1.064583,0.388113,-0.078956,0.011055,0.163726,-0.203271,0.273255,0.895354,0.033840,-0.133870,0.066869
0.059417,0.081351,0.777838,0.023906,0.013400,-0.890330,0.454490,0.079866,0.068701,0.980148,0.100750,-0.236584,-0.036680,-0.104944,-0.338568,-0.746690,0.547159,-0.317397,0.094568,-0.076898,-0.024756,0.175651,-0.012073,0.246898,-0.570062,1.064061,0.388289,-0.078929,0.011200,0.165328,-0.203579,0.273818,0.897221,0.032362,-0.133636,0.068521
0.058581,0.081826,0.777641,0.024218,0.012704,-0.891970,0.451266,0.081367,0.069679,0.984663,0.102397,-0.237818,-0.038260,-0.098083,-0.338049,-0.755483,0.539816,-0.313344,0.094318,-0.077269,-0.025103,0.173711,-0.012759,0.246461,-0.568456,1.063583,0.388478,-0.078850,0.011388,0.166605,-0.203963,0.274937,0.899226,0.030714,-0.133367,0.070237
0.057797,0.082283,0.777507,0.024396,0.012129,-0.893567,0.448103,0.082983,0.071203,0.989962,0.104122,-0.238576,-0.039987,-0.092301,-0.335450,-0.760571,0.530589,-0.309811,0.095152,-0.077368,-0.025184,0.172021,-0.013769,0.246187,-0.567263,1.063045,0.388161,-0.078706,0.011615,0.167793,-0.204168,0.275922,0.901136,0.028960,-0.132733,0.072375
0.057038,0.082725,0.777457,0.024419,0.011652,-0.895111,0.445021,0.084827,0.073179,0.996469,0.105772,-0.238618,-0.041901,-0.087653,-0.330075,-0.760681,0.518101,-0.307042,0.098555,-0.077162,-0.024998,0.170624,-0.015201,0.246106,-0.566780,1.062434,0.387188,-0.078429,0.011910,0.168929,-0.204216,0.276656,0.902872,0.027212,-0.131567,0.075046
0.056050,0.083365,0.777566,0.024335,0.011253,-0.896601,0.442027,0.086794,0.075547,1.003587,0.107408,-0.238166,-0.043965,-0.083805,-0.322440,-0.756842,0.502692,-0.304605,0.103704,-0.077330,-0.024684,0.169327,-0.016784,0.245983,-0.566071,1.061920,0.385963,-0.078069,0.012292,0.169731,-0.204255,0.278211,0.904686,0.025617,-0.130047,0.077900
0.055044,0.084024,0.777880,0.024154,0.010988,-0.898062,0.439068,0.088718,0.078546,1.010805,0.109426,-0.237669,-0.046110,-0.080716,-0.313830,-0.751123,0.487017,-0.302204,0.107776,-0.077101,-0.024042,0.168290,-0.018604,0.245954,-0.565506,1.061276,0.384481,-0.077735,0.012654,0.170397,-0.204207,0.279367,0.906496,0.023604,-0.128447,0.081139
0.054019,0.084730,0.778139,0.023887,0.010917,-0.899520,0.436089,0.090440,0.082422,1.017637,0.112152,-0.237514,-0.048264,-0.078476,-0.305495,-0.745577,0.473837,-0.299535,0.108037,-0.076971,-0.023108,0.167450,-0.020234,0.245935,-0.563895,1.060467,0.383163,-0.077571,0.012927,0.170502,-0.203994,0.280874,0.908712,0.021092,-0.126988,0.084536
0.052925,0.085574,0.778436,0.023537,0.011189,-0.900991,0.433055,0.091741,0.087629,1.023943,0.115790,-0.237861,-0.050404,-0.077623,-0.297374,-0.740405,0.464227,-0.296508,0.102570,-0.076519,-0.021543,0.166868,-0.021941,0.245941,-0.561500,1.059479,0.381911,-0.077658,0.013011,0.170141,-0.203616,0.282117,0.911230,0.017651,-0.125761,0.088409
0.051798,0.086369,0.778761,0.023094,0.011734,-0.902456,0.430003,0.092796,0.093891,1.030006,0.120029,-0.238434,-0.052562,-0.077912,-0.288871,-0.734705,0.456622,-0.293366,0.093278,-0.076236,-0.019655,0.166446,-0.023564,0.246001,-0.557979,1.058413,0.380836,-0.077918,0.012975,0.168843,-0.202800,0.283743,0.914568,0.013521,-0.124656,0.092535
0.050688,0.087287,0.779121,0.022548,0.012299,-0.903896,0.426981,0.094031,0.100383,1.035939,0.124333,-0.238885,-0.054735,-0.078422,-0.280450,-0.728819,0.450084,-0.290263,0.083197,-0.075535,-0.017598,0.166308,-0.025249,0.246053,-0.554420,1.057274,0.379696,-0.078215,0.012974,0.167705,-0.201972,0.284935,0.917652,0.009138,-0.123576,0.096757
0.049646,0.088220,0.779473,0.021888,0.012622,-0.905290,0.424041,0.095836,0.106338,1.041856,0.128344,-0.238963,-0.056928,-0.078215,-0.272591,-0.723027,0.443574,-0.287283,0.075359,-0.074757,-0.015824,0.166476,-0.026675,0.246039,-0.550586,1.056050,0.378733,-0.078448,0.013136,0.166772,-0.201181,0.285998,0.920466,0.005008,-0.122439,0.100660
0.048557,0.089236,0.779811,0.021072,0.012644,-0.906654,0.421159,0.098416,0.111595,1.047923,0.131903,-0.238512,-0.059164,-0.077086,-0.265356,-0.717152,0.436840,-0.284152,0.070588,-0.074147,-0.014455,0.166995,-0.027706,0.245906,-0.545978,1.054925,0.378301,-0.078604,0.013561,0.165640,-0.200273,0.287209,0.923585,0.001119,-0.121226,0.104197
0.047315,0.090187,0.780165,0.020118,0.012501,-0.907992,0.418318,0.101519,0.116578,1.054037,0.135245,-0.237698,-0.061423,-0.075507,-0.258507,-0.711105,0.430408,-0.280912,0.067273,-0.073493,-0.013211,0.167838,-0.028570,0.245627,-0.540851,1.053903,0.378182,-0.078734,0.014165,0.164472,-0.199328,0.288378,0.926770,-0.002725,-0.119974,0.107570
0.046194,0.091056,0.780473,0.019098,0.012227,-0.909269,0.415591,0.104892,0.121302,1.059905,0.138488,-0.236728,-0.063650,-0.073530,-0.252064,-0.705261,0.424279,-0.277983,0.064773,-0.072885,-0.012154,0.168831,-0.029286,0.245209,-0.535474,1.052786,0.377992,-0.078854,0.014795,0.163384,-0.198370,0.289593,0.929665,-0.006347,-0.118705,0.110590
0.044997,0.091839,0.780720,0.018086,0.011864,-0.910455,0.413043,0.108281,0.125791,1.065235,0.141711,-0.235767,-0.065796,-0.071247,-0.246050,-0.700006,0.418482,-0.275804,0.062435,-0.072488,-0.011379,0.169782,-0.029845,0.244642,-0.529985,1.051406,0.377405,-0.078977,0.015297,0.162410,-0.197330,0.291048,0.931999,-0.009581,-0.117441,0.113021
0.043739,0.092724,0.780895,0.017034,0.011340,-0.911557,0.410665,0.110075,0.133335,1.069764,0.152883,-0.239060,-0.067948,-0.068565,-0.240685,-0.695335,0.413245,-0.274677,0.060298,-0.072146,-0.010944,0.170855,-0.030158,0.243946,-0.524426,1.049556,0.376106,-0.079064,0.015643,0.161750,-0.196285,0.292592,0.933491,-0.012471,-0.116040,0.114793
0.042452,0.093678,0.781011,0.015919,0.010679,-0.912589,0.408429,0.111412,0.142027,1.073754,0.167287,-0.244071,-0.070087,-0.065522,-0.235863,-0.691070,0.408488,-0.274297,0.058603,-0.071674,-0.010688,0.172153,-0.030231,0.243242,-0.518943,1.047154,0.374242,-0.079118,0.015880,0.161602,-0.195422,0.293987,0.933989,-0.015056,-0.114526,0.116118
0.041264,0.094632,0.781113,0.014853,0.010067,-0.913523,0.406391,0.112218,0.151420,1.077132,0.183047,-0.249558,-0.072153,-0.062323,-0.231014,-0.687371,0.403586,-0.274103,0.056998,-0.071443,-0.010421,0.173266,-0.030300,0.242458,-0.513572,1.044604,0.372279,-0.079218,0.016031,0.161578,-0.194557,0.295598,0.934003,-0.017179,-0.113176,0.117060
0.040016,0.095589,0.781219,0.013931,0.009726,-0.914333,0.404606,0.111675,0.162533,1.079696,0.201487,-0.255990,-0.074117,-0.059170,-0.225489,-0.684424,0.397940,-0.273562,0.055139,-0.071416,-0.009829,0.173824,-0.030740,0.241627,-0.508923,1.042239,0.370484,-0.079421,0.016115,0.161710,-0.193612,0.297294,0.933632,-0.018743,-0.112262,0.117771
0.038655,0.096643,0.781315,0.013178,0.009770,-0.914971,0.403187,0.109585,0.175599,1.081513,0.222619,-0.263254,-0.076361,-0.055922,-0.218926,-0.682595,0.391057,-0.272455,0.053066,-0.071315,-0.008607,0.173864,-0.031608,0.241096,-0.505726,1.039595,0.368503,-0.079722,0.015991,0.162722,-0.192864,0.298520,0.931843,-0.019476,-0.111888,0.118445
0.037211,0.097832,0.781358,0.012522,0.010120,-0.915465,0.402076,0.106357,0.190221,1.082606,0.245838,-0.271169,-0.078789,-0.052466,-0.211519,-0.681725,0.383169,-0.271005,0.050904,-0.071612,-0.007010,0.173433,-0.032665,0.240583,-0.502969,1.036939,0.366552,-0.080102,0.015729,0.163819,-0.191928,0.299968,0.929600,-0.019531,-0.111908,0.118784
0.035793,0.099067,0.781382,0.011921,0.010706,-0.915906,0.401073,0.102195,0.206179,1.082711,0.270950,-0.279678,-0.080653,-0.048979,-0.203418,-0.681223,0.374581,-0.269260,0.048455,-0.071481,-0.004941,0.172825,-0.033837,0.240345,-0.501328,1.033833,0.364529,-0.080542,0.015426,0.165630,-0.191330,0.300983,0.926372,-0.019381,-0.112146,0.119072
0.034348,0.100306,0.781382,0.011331,0.011447,-0.916381,0.399984,0.097376,0.223073,1.081567,0.297396,-0.288581,-0.081197,-0.045640,-0.194831,-0.680504,0.365666,-0.267301,0.045522,-0.071358,-0.002707,0.171935,-0.034859,0.240138,-0.499752,1.030762,0.363077,-0.081132,0.015255,0.166751,-0.190653,0.302372,0.924142,-0.019510,-0.112543,0.119153
0.032907,0.101552,0.781403,0.010740,0.012399,-0.916885,0.398815,0.092035,0.240815,1.079346,0.324586,-0.297345,-0.081053,-0.042435,-0.185553,-0.679605,0.356295,-0.265144,0.041793,-0.071564,-0.000428,0.170570,-0.035782,0.239931,-0.498196,1.028095,0.362343,-0.081840,0.015414,0.166726,-0.189498,0.304758,0.923557,-0.019981,-0.113240,0.118582
0.031399,0.102813,0.781445,0.010172,0.013570,-0.917382,0.397647,0.086037,0.259396,1.076074,0.352556,-0.305994,-0.080363,-0.039258,-0.175560,-0.678762,0.346280,-0.262709,0.037463,-0.071351,0.002241,0.168964,-0.036836,0.239913,-0.497723,1.025295,0.361765,-0.082645,0.015730,0.166885,-0.188451,0.306983,0.922855,-0.020585,-0.114217,0.117793
0.029879,0.104125,0.781409,0.009639,0.014820,-0.917913,0.396389,0.079308,0.278365,1.071336,0.381300,-0.315076,-0.077644,-0.036200,-0.165324,-0.677661,0.336009,-0.259993,0.033082,-0.070806,0.004985,0.167262,-0.037681,0.240003,-0.497272,1.022164,0.361588,-0.083532,0.015963,0.166937,-0.187473,0.309058,0.922342,-0.021376,-0.115102,0.117103
0.028362,0.105414,0.781341,0.009147,0.016017,-0.918517,0.394950,0.071728,0.297322,1.064683,0.410881,-0.325128,-0.071430,-0.033327,-0.155284,-0.676010,0.325818,-0.256964,0.029185,-0.069820,0.007581,0.165656,-0.038088,0.240102,-0.496023,1.018487,0.361984,-0.084476,0.015881,0.166855,-0.186542,0.310762,0.922015,-0.022437,-0.115507,0.116890
0.026855,0.106721,0.781355,0.008707,0.017161,-0.919201,0.393317,0.063185,0.316413,1.056410,0.441669,-0.336303,-0.061151,-0.030698,-0.145432,-0.673601,0.315730,-0.253465,0.025947,-0.068004,0.010155,0.164160,-0.038199,0.240117,-0.494167,1.014247,0.363112,-0.085561,0.015324,0.167115,-0.185927,0.311659,0.921393,-0.023941,-0.115186,0.117475
0.025503,0.107951,0.781357,0.008311,0.018300,-0.919942,0.391539,0.053716,0.335517,1.046525,0.473148,-0.348074,-0.047670,-0.028239,-0.135613,-0.670644,0.305593,-0.249549,0.023067,-0.066879,0.012291,0.162498,-0.037416,0.240085,-0.490068,1.009629,0.365641,-0.086838,0.014394,0.165618,-0.184611,0.313422,0.922847,-0.025890,-0.114473,0.118185
0.024177,0.109153,0.781355,0.007947,0.019397,-0.920747,0.389597,0.043264,0.354013,1.034161,0.504492,-0.360145,-0.031695,-0.025900,-0.126001,-0.667434,0.295541,-0.245577,0.020364,-0.064534,0.014619,0.160955,-0.036837,0.239994,-0.486959,1.004761,0.367718,-0.087998,0.013513,0.165170,-0.183887,0.314070,0.923192,-0.027748,-0.113599,0.119257
0.022902,0.110290,0.781286,0.007605,0.020387,-0.921620,0.387483,0.031803,0.371122,1.018460,0.534760,-0.372138,-0.013936,-0.023758,-0.116954,-0.664251,0.286093,-0.241994,0.017664,-0.062960,0.016488,0.159437,-0.035702,0.239711,-0.482262,0.999895,0.369858,-0.088958,0.012843,0.163127,-0.182605,0.315628,0.925222,-0.029294,-0.112991,0.119869
0.021724,0.111410,0.781135,0.007294,0.021266,-0.922560,0.385198,0.018754,0.387743,0.999194,0.566442,-0.384944,0.008811,-0.021747,-0.108449,-0.661381,0.277068,-0.238948,0.014859,-0.060690,0.018309,0.157998,-0.034547,0.239290,-0.478077,0.994839,0.370684,-0.089580,0.012504,0.161420,-0.181562,0.316571,0.926990,-0.030180,-0.112736,0.120286
0.020590,0.112499,0.780976,0.007015,0.022060,-0.923564,0.382745,0.004118,0.403606,0.976687,0.598955,-0.398069,0.035747,-0.019947,-0.100414,-0.658586,0.268527,-0.236238,0.012060,-0.058013,0.020075,0.156647,-0.033199,0.238710,-0.473766,0.989501,0.370878,-0.089995,0.012316,0.159726,-0.180772,0.317163,0.928755,-0.030663,-0.112638,0.120654
0.019457,0.113488,0.780790,0.006765,0.022735,-0.924636,0.380112,-0.011363,0.416575,0.950981,0.627755,-0.409560,0.060116,-0.018371,-0.092922,-0.655427,0.260527,-0.233707,0.009421,-0.055247,0.021726,0.155375,-0.031907,0.237889,-0.469461,0.984429,0.371222,-0.090227,0.012404,0.157677,-0.180135,0.317897,0.930788,-0.031016,-0.112548,0.120971
0.018352,0.114409,0.780686,0.006558,0.023242,-0.925779,0.377293,-0.026815,0.424804,0.922277,0.648821,-0.418008,0.075184,-0.017071,-0.086120,-0.651462,0.253211,-0.231218,0.007106,-0.051607,0.023240,0.154308,-0.030990,0.237455,-0.466974,0.979477,0.371725,-0.090226,0.012863,0.156181,-0.179961,0.318113,0.931951,-0.031492,-0.112307,0.121526
0.017359,0.115231,0.780538,0.006365,0.023596,-0.926991,0.374287,-0.041738,0.427926,0.890492,0.661458,-0.423912,0.077792,-0.016037,-0.079999,-0.646646,0.246709,-0.228811,0.005224,-0.048842,0.024616,0.153412,-0.030075,0.236500,-0.463691,0.975167,0.373910,-0.090011,0.013489,0.153301,-0.179896,0.319465,0.934143,-0.032281,-0.111855,0.122090
0.016440,0.115958,0.780496,0.006201,0.023806,-0.928267,0.371100,-0.056377,0.427075,0.855888,0.668344,-0.428491,0.072031,-0.015281,-0.074541,-0.641197,0.240964,-0.226550,0.003671,-0.045580,0.025889,0.152608,-0.029464,0.235518,-0.461550,0.971191,0.376433,-0.089490,0.014406,0.150520,-0.180160,0.320679,0.936075,-0.033132,-0.111274,0.122761
0.015611,0.116648,0.780479,0.006118,0.023814,-0.929606,0.367733,-0.070757,0.422825,0.819253,0.670574,-0.431572,0.062096,-0.014898,-0.069921,-0.635079,0.236067,-0.224484,0.002292,-0.042233,0.027075,0.151887,-0.029294,0.234099,-0.459774,0.968110,0.379303,-0.088966,0.015908,0.147660,-0.180962,0.322140,0.937817,-0.033832,-0.110641,0.123432
0.014837,0.117232,0.780516,0.006167,0.023564,-0.931005,0.364192,-0.084954,0.415711,0.781256,0.669083,-0.432655,0.052174,-0.014904,-0.066235,-0.628259,0.231888,-0.222538,0.000925,-0.038510,0.027884,0.151270,-0.029566,0.232726,-0.458647,0.965856,0.381999,-0.088672,0.018246,0.144906,-0.182100,0.323521,0.939194,-0.034326,-0.110070,0.124023
0.014124,0.117855,0.780669,0.006385,0.022982,-0.932458,0.360491,-0.098824,0.405361,0.741757,0.663503,-0.431736,0.043175,-0.015418,-0.063743,-0.620618,0.228730,-0.220863,-0.000513,-0.034555,0.028090,0.150746,-0.030378,0.231472,-0.458287,0.964668,0.385165,-0.088679,0.022197,0.142037,-0.183480,0.325092,0.940470,-0.034362,-0.109575,0.124477
0.013473,0.118238,0.780773,0.006729,0.022135,-0.933963,0.356621,-0.111905,0.391794,0.700682,0.653579,-0.429137,0.033064,-0.016345,-0.062210,-0.612222,0.226417,-0.219377,-0.001928,-0.030410,0.027875,0.150348,-0.031602,0.230277,-0.458584,0.964312,0.388766,-0.088843,0.027364,0.139025,-0.185144,0.326858,0.941639,-0.034079,-0.109106,0.124851
0.012724,0.118634,0.781016,0.007132,0.021162,-0.935527,0.352549,-0.123939,0.376073,0.658626,0.640295,-0.424586,0.021532,-0.017527,-0.061155,-0.603307,0.224494,-0.217873,-0.003202,-0.025951,0.027173,0.150038,-0.032763,0.229601,-0.459002,0.964148,0.391446,-0.089100,0.032222,0.135561,-0.186292,0.328497,0.943194,-0.034127,-0.108728,0.125020
0.012074,0.118962,0.781285,0.007528,0.020225,-0.937155,0.348246,-0.134815,0.359295,0.616090,0.624648,-0.417834,0.008222,-0.018830,-0.060084,-0.594115,0.222585,-0.216191,-0.004216,-0.021650,0.027088,0.149900,-0.033724,0.228280,-0.458322,0.964187,0.392175,-0.089485,0.035400,0.132519,-0.188570,0.330461,0.943685,-0.034354,-0.108332,0.125172
0.011421,0.119212,0.781587,0.007892,0.019330,-0.938855,0.343678,-0.144206,0.341030,0.572411,0.605466,-0.408268,-0.008159,-0.020125,-0.058911,-0.584657,0.220436,-0.214173,-0.004899,-0.017120,0.027171,0.149879,-0.034362,0.226915,-0.456647,0.964242,0.389644,-0.090071,0.036330,0.129394,-0.190819,0.332177,0.944030,-0.035611,-0.107995,0.125092
0.010851,0.119441,0.781886,0.008256,0.018421,-0.940617,0.338868,-0.151904,0.321053,0.527522,0.582511,-0.396234,-0.027001,-0.021490,-0.057831,-0.574828,0.218274,-0.211940,-0.005332,-0.012412,0.027240,0.149947,-0.034818,0.225585,-0.454340,0.964506,0.384811,-0.090834,0.035841,0.126042,-0.192943,0.333824,0.944431,-0.037570,-0.107716,0.124773
0.010397,0.119535,0.782102,0.008643,0.017536,-0.942417,0.333869,-0.158244,0.300691,0.482734,0.558225,-0.382836,-0.045881,-0.023010,-0.056767,-0.564693,0.216172,-0.209595,-0.005628,-0.007706,0.027507,0.150076,-0.035222,0.224070,-0.451625,0.965055,0.379659,-0.091568,0.034489,0.122601,-0.195352,0.335662,0.944565,-0.039384,-0.107492,0.124432
0.009939,0.119631,0.782292,0.009084,0.016695,-0.944230,0.328738,-0.163820,0.281175,0.439357,0.535130,-0.369104,-0.062420,-0.024847,-0.055733,-0.554314,0.214380,-0.207316,-0.005895,-0.002961,0.027878,0.150194,-0.035675,0.222535,-0.449010,0.965834,0.376052,-0.092045,0.032814,0.119008,-0.197861,0.337684,0.944518,-0.040409,-0.107359,0.124210
0.009528,0.119694,0.782515,0.009570,0.015877,-0.946051,0.323488,-0.169017,0.262590,0.397339,0.513692,-0.354162,-0.076354,-0.026994,-0.054794,-0.543721,0.212999,-0.205121,-0.006058,0.001845,0.028331,0.150349,-0.036179,0.220997,-0.446389,0.966737,0.374504,-0.092205,0.030622,0.115281,-0.200517,0.340007,0.944247,-0.040239,-0.107365,0.124109
0.009139,0.119703,0.782755,0.010093,0.015078,-0.947887,0.318090,-0.173599,0.244360,0.355988,0.492599,-0.337703,-0.088922,-0.029321,-0.053885,-0.532881,0.211736,-0.202875,-0.006091,0.006711,0.028875,0.150559,-0.036666,0.219452,-0.443614,0.967763,0.373988,-0.092164,0.027730,0.111430,-0.203336,0.342551,0.943748,-0.039322,-0.107483,0.124063
0.008668,0.119774,0.783004,0.010690,0.014333,-0.949738,0.312536,-0.177497,0.226728,0.315697,0.471897,-0.321600,-0.099984,-0.032065,-0.052996,-0.521748,0.210863,-0.200763,-0.006160,0.011517,0.029550,0.150722,-0.037113,0.217896,-0.440958,0.969050,0.374121,-0.091992,0.024701,0.107420,-0.206299,0.345212,0.943023,-0.038172,-0.107617,0.124140
0.008380,0.119739,0.783166,0.011395,0.013677,-0.951604,0.306812,-0.180675,0.209948,0.276898,0.451658,-0.307713,-0.109348,-0.035297,-0.052016,-0.510279,0.210262,-0.198849,-0.006435,0.016157,0.030394,0.150744,-0.037516,0.216318,-0.438716,0.970751,0.374525,-0.091753,0.022098,0.103212,-0.209340,0.347870,0.942083,-0.037309,-0.107670,0.124411
0.008155,0.119661,0.783273,0.012237,0.013111,-0.953500,0.300858,-0.183066,0.194041,0.239852,0.431495,-0.296517,-0.116918,-0.039173,-0.050970,-0.498343,0.210114,-0.197301,-0.007023,0.020681,0.031371,0.150548,-0.037896,0.214708,-0.436905,0.973011,0.375217,-0.091388,0.020068,0.098730,-0.212439,0.350480,0.940904,-0.036867,-0.107532,0.125020
0.007930,0.119598,0.783338,0.013188,0.012621,-0.955417,0.294696,-0.184904,0.178896,0.204271,0.411521,-0.286903,-0.122806,-0.043569,-0.049854,-0.486003,0.210322,-0.195993,-0.007812,0.025141,0.032473,0.150197,-0.038271,0.213060,-0.435404,0.975744,0.376363,-0.090891,0.018316,0.094008,-0.215586,0.353104,0.939509,-0.036571,-0.107281,0.125885
0.007687,0.119429,0.783480,0.014202,0.012215,-0.957315,0.288439,-0.186528,0.164560,0.169810,0.392384,-0.278436,-0.127111,-0.048227,-0.048577,-0.473511,0.210581,-0.194653,-0.008643,0.029443,0.033752,0.149795,-0.038671,0.211395,-0.434330,0.978799,0.377785,-0.090391,0.016748,0.089141,-0.218757,0.355737,0.938059,-0.036389,-0.107121,0.126720
0.007496,0.119247,0.783576,0.015232,0.011901,-0.959160,0.282204,-0.188293,0.151079,0.136124,0.374787,-0.270748,-0.129923,-0.052894,-0.047068,-0.461116,0.210591,-0.193013,-0.009355,0.033505,0.035249,0.149438,-0.039129,0.209747,-0.433822,0.982018,0.379284,-0.090020,0.015268,0.084238,-0.221905,0.358371,0.936697,-0.036283,-0.107248,0.127236
0.007333,0.119125,0.783715,0.016309,0.011646,-0.960964,0.275947,-0.190672,0.138409,0.102987,0.359464,-0.264503,-0.130184,-0.057754,-0.045466,-0.448709,0.210548,-0.191065,-0.009895,0.037419,0.036912,0.149156,-0.039710,0.208153,-0.434003,0.985463,0.380977,-0.089872,0.013729,0.079262,-0.225031,0.360892,0.935489,-0.036319,-0.107887,0.127305
0.007258,0.118885,0.783802,0.017450,0.011442,-0.962737,0.269632,-0.193553,0.126431,0.070641,0.346003,-0.259677,-0.128201,-0.062892,-0.043807,-0.436210,0.210586,-0.188959,-0.010342,0.041204,0.038699,0.148901,-0.040373,0.206620,-0.434786,0.989149,0.382904,-0.089857,0.012218,0.074187,-0.228116,0.363338,0.934330,-0.036487,-0.108875,0.127096
0.007142,0.118604,0.783856,0.018586,0.011332,-0.964444,0.263388,-0.196336,0.115125,0.039426,0.333258,-0.254830,-0.126100,-0.067879,-0.041885,-0.423916,0.210300,-0.186675,-0.010732,0.044642,0.040621,0.148626,-0.040968,0.205144,-0.435969,0.992895,0.384760,-0.089827,0.010994,0.069048,-0.231124,0.365884,0.933250,-0.036689,-0.109842,0.126760
0.006993,0.118335,0.783931,0.019648,0.011366,-0.966052,0.257348,-0.198397,0.104585,0.009650,0.320059,-0.248542,-0.126012,-0.072279,-0.039484,-0.412129,0.209273,-0.184169,-0.011106,0.047515,0.042724,0.148299,-0.041352,0.203717,-0.437357,0.996511,0.386239,-0.089630,0.010315,0.063894,-0.233979,0.368735,0.932257,-0.036801,-0.110416,0.126446
0.006825,0.118100,0.783919,0.020631,0.011595,-0.967553,0.251556,-0.199482,0.094923,-0.018894,0.305475,-0.240324,-0.129052,-0.076006,-0.036464,-0.400977,0.207360,-0.181415,-0.011491,0.049682,0.045082,0.147876,-0.041496,0.202350,-0.439034,1.000071,0.387313,-0.089211,0.010410,0.058614,-0.236619,0.372096,0.931406,-0.036658,-0.110406,0.126055
0.006682,0.117820,0.783915,0.021561,0.011989,-0.968971,0.245939,-0.199999,0.086179,-0.046342,0.290266,-0.230997,-0.133902,-0.079222,-0.032950,-0.390286,0.204705,-0.178404,-0.011865,0.051278,0.047649,0.147384,-0.041474,0.201061,-0.441054,1.003653,0.388130,-0.088655,0.011090,0.053164,-0.239037,0.375826,0.930758,-0.036376,-0.110044,0.125540
0.006564,0.117495,0.783900,0.022420,0.012474,-0.970323,0.240449,-0.200286,0.078344,-0.072281,0.275687,-0.221050,-0.139057,-0.082011,-0.029188,-0.379899,0.201593,-0.175228,-0.012209,0.052502,0.050291,0.146896,-0.041254,0.199820,-0.443142,1.007034,0.388660,-0.088014,0.011981,0.047737,-0.241233,0.379604,0.930279,-0.036275,-0.109594,0.125134
0.006349,0.117215,0.783863,0.023199,0.012966,-0.971622,0.235039,-0.200798,0.071309,-0.096257,0.263192,-0.211015,-0.143024,-0.084428,-0.025430,-0.369662,0.198245,-0.171960,-0.012500,0.053540,0.052850,0.146469,-0.040830,0.198572,-0.445020,1.010034,0.388891,-0.087348,0.012720,0.042501,-0.243229,0.383108,0.929965,-0.036679,-0.109322,0.125066
0.006161,0.116895,0.783816,0.023890,0.013451,-0.972863,0.229753,-0.201759,0.064782,-0.118973,0.252934,-0.200474,-0.145683,-0.086402,-0.021724,-0.359659,0.194576,-0.168536,-0.012795,0.054326,0.055290,0.146125,-0.040184,0.197271,-0.446612,1.012658,0.388698,-0.086628,0.013137,0.037453,-0.245038,0.386261,0.929892,-0.037904,-0.109342,0.125528
0.006026,0.116500,0.783790,0.024509,0.013953,-0.974043,0.224598,-0.202964,0.058828,-0.140375,0.244187,-0.189326,-0.147778,-0.087980,-0.018000,-0.349920,0.190593,-0.164978,-0.013082,0.054804,0.057668,0.145819,-0.039358,0.195909,-0.448067,1.015044,0.388144,-0.085839,0.013461,0.032519,-0.246674,0.389214,0.930053,-0.039705,-0.109499,0.126352
0.005829,0.116038,0.783792,0.025084,0.014431,-0.975188,0.219481,-0.204396,0.053732,-0.158829,0.237366,-0.178569,-0.149086,-0.089405,-0.014384,-0.340212,0.186685,-0.161516,-0.013222,0.055169,0.059885,0.145507,-0.038356,0.194641,-0.449492,1.017072,0.387442,-0.085055,0.013900,0.027739,-0.247985,0.391992,0.930341,-0.041582,-0.109660,0.127219
0.005706,0.115513,0.783745,0.025638,0.014857,-0.976316,0.214310,-0.205988,0.049785,-0.172689,0.232736,-0.169176,-0.149354,-0.090924,-0.010980,-0.330306,0.183236,-0.158370,-0.013075,0.055565,0.062101,0.145127,-0.037408,0.193138,-0.450881,1.018993,0.386917,-0.084361,0.014732,0.023361,-0.249339,0.394694,0.930361,-0.042924,-0.109658,0.127847
0.005619,0.114990,0.783647,0.026208,0.015222,-0.977425,0.209098,-0.207913,0.047038,-0.181283,0.230284,-0.160894,-0.148648,-0.092558,-0.007820,-0.320160,0.180100,-0.155513,-0.012516,0.056037,0.064171,0.144625,-0.036427,0.191678,-0.452442,1.020606,0.386494,-0.083903,0.016115,0.019356,-0.250474,0.397200,0.930127,-0.043617,-0.109428,0.128132
0.005433,0.114493,0.783581,0.026775,0.015537,-0.978505,0.203886,-0.210234,0.045277,-0.185535,0.229918,-0.153378,-0.147026,-0.094212,-0.004858,-0.309890,0.177180,-0.152868,-0.011646,0.056477,0.066147,0.144027,-0.035435,0.190138,-0.454070,1.022019,0.386086,-0.083596,0.017899,0.015684,-0.251493,0.399533,0.929729,-0.043933,-0.109056,0.128243
0.005185,0.113890,0.783532,0.027273,0.015803,-0.979571,0.198612,-0.212723,0.044407,-0.186195,0.231807,-0.147458,-0.144202,-0.095944,-0.002073,-0.299505,0.174937,-0.150603,-0.010668,0.056978,0.067977,0.143470,-0.034278,0.188683,-0.455562,1.023008,0.385775,-0.083169,0.019732,0.012248,-0.252297,0.401771,0.929335,-0.044083,-0.108660,0.128264
0.004947,0.113281,0.783459,0.027635,0.016025,-0.980635,0.193219,-0.215061,0.044365,-0.184021,0.235969,-0.143890,-0.139900,-0.097763,0.000583,-0.289022,0.173722,-0.148813,-0.009780,0.057598,0.069785,0.143033,-0.033064,0.187048,-0.456656,1.023784,0.385721,-0.082346,0.021333,0.009006,-0.253076,0.404045,0.929062,-0.044219,-0.108341,0.128282
0.004792,0.112615,0.783419,0.027839,0.016216,-0.981700,0.187689,-0.217650,0.045395,-0.178204,0.243920,-0.143344,-0.133028,-0.099792,0.003130,-0.278478,0.173905,-0.147654,-0.009014,0.058355,0.071581,0.142792,-0.031636,0.185354,-0.457347,1.024036,0.386421,-0.080946,0.022464,0.005949,-0.253784,0.406398,0.928854,-0.044286,-0.108082,0.128326
0.004600,0.111915,0.783281,0.027907,0.016392,-0.982757,0.182049,-0.220423,0.047587,-0.168704,0.255044,-0.145258,-0.124055,-0.101914,0.005628,-0.267861,0.175095,-0.146981,-0.008276,0.059209,0.073402,0.142688,-0.030038,0.183581,-0.457720,1.023847,0.387666,-0.079152,0.023339,0.003106,-0.254436,0.408794,0.928652,-0.044205,-0.107838,0.128350
0.004249,0.111292,0.783186,0.027849,0.016544,-0.983802,0.176307,-0.222430,0.050563,-0.157439,0.266346,-0.148622,-0.115074,-0.103920,0.008119,-0.257108,0.176755,-0.146559,-0.007575,0.060171,0.075200,0.142670,-0.028418,0.181753,-0.457765,1.023542,0.388417,-0.077236,0.024277,0.000508,-0.255018,0.411122,0.928548,-0.044191,-0.107686,0.128344
0.003865,0.110569,0.783113,0.027687,0.016645,-0.984832,0.170476,-0.222840,0.053785,-0.146303,0.274989,-0.152438,-0.108199,-0.105665,0.010562,-0.246147,0.178426,-0.146182,-0.006909,0.061247,0.076853,0.142680,-0.026903,0.179919,-0.457472,1.023422,0.387638,-0.075477,0.025598,-0.001842,-0.255498,0.413287,0.928662,-0.044455,-0.107710,0.128292
0.003496,0.109782,0.782996,0.027437,0.016691,-0.985866,0.164428,-0.221364,0.057249,-0.135284,0.280425,-0.157187,-0.104081,-0.107268,0.012969,-0.234758,0.180205,-0.145874,-0.006283,0.062641,0.078345,0.142703,-0.025482,0.178098,-0.456904,1.023445,0.384083,-0.073866,0.027691,-0.004038,-0.255887,0.415334,0.929053,-0.045165,-0.108071,0.128153
0.003136,0.109031,0.782907,0.027090,0.016685,-0.986894,0.158203,-0.218488,0.061094,-0.123537,0.284165,-0.163154,-0.101588,-0.108797,0.015323,-0.223041,0.182315,-0.145736,-0.005689,0.064280,0.079701,0.142779,-0.024096,0.176291,-0.456058,1.023461,0.378605,-0.072298,0.030286,-0.006040,-0.256181,0.417288,0.929628,-0.046177,-0.108682,0.127950
0.002795,0.108272,0.782862,0.026647,0.016588,-0.987874,0.152054,-0.214533,0.064907,-0.111658,0.286405,-0.168984,-0.100158,-0.110056,0.017475,-0.211398,0.184592,-0.145771,-0.005096,0.065745,0.080801,0.142908,-0.022753,0.174546,-0.454779,1.023592,0.373373,-0.070881,0.032705,-0.007702,-0.256310,0.419014,0.930365,-0.047222,-0.109241,0.127748
0.002347,0.107485,0.782893,0.026109,0.016365,-0.988770,0.146235,-0.209852,0.068298,-0.100250,0.287381,-0.173349,-0.099221,-0.110843,0.019285,-0.200233,0.186849,-0.145968,-0.004478,0.066610,0.081504,0.143087,-0.021480,0.172948,-0.452939,1.023967,0.370505,-0.069707,0.034268,-0.008920,-0.256174,0.420376,0.931298,-0.048054,-0.109447,0.127609
0.001828,0.106700,0.782944,0.025431,0.015939,-0.989585,0.140787,-0.204020,0.071138,-0.089285,0.286396,-0.175521,-0.099015,-0.111000,0.020593,-0.189549,0.189107,-0.146384,-0.003781,0.066785,0.081580,0.143410,-0.020109,0.171549,-0.450013,1.024453,0.370979,-0.068765,0.034634,-0.009658,-0.255638,0.421317,0.932524,-0.048381,-0.109189,0.127589
0.001198,0.106005,0.782986,0.024629,0.015349,-0.990341,0.135583,-0.197058,0.073590,-0.078488,0.283612,-0.176338,-0.099707,-0.110664,0.021507,-0.179161,0.191400,-0.146977,-0.003039,0.066453,0.081099,0.143830,-0.018634,0.170374,-0.446204,1.024999,0.373518,-0.068008,0.034207,-0.010095,-0.254675,0.421953,0.934161,-0.048437,-0.108646,0.127619
0.000533,0.105314,0.783002,0.023800,0.014730,-0.991035,0.130637,-0.189898,0.075736,-0.068102,0.280382,-0.176763,-0.100603,-0.110173,0.022242,-0.169193,0.193776,-0.147722,-0.002358,0.065638,0.080406,0.144166,-0.017280,0.169460,-0.442502,1.025772,0.376887,-0.067470,0.033411,-0.010320,-0.253343,0.422368,0.936097,-0.048734,-0.107953,0.127596
0.000038,0.104632,0.783014,0.023038,0.014219,-0.991666,0.125956,-0.183490,0.077699,-0.058379,0.278101,-0.177763,-0.101022,-0.109842,0.023021,-0.159765,0.196237,-0.148558,-0.001846,0.064399,0.079852,0.144234,-0.016297,0.168855,-0.439939,1.026954,0.379823,-0.067186,0.032674,-0.010385,-0.251786,0.422594,0.938179,-0.049797,-0.107246,0.127429
-0.000520,0.103878,0.783038,0.022322,0.013825,-0.992234,0.121584,-0.177847,0.079472,-0.049382,0.276856,-0.179464,-0.100855,-0.109732,0.023816,-0.150936,0.199001,-0.149611,-0.001625,0.062703,0.079506,0.144034,-0.015714,0.168579,-0.438757,1.028657,0.382252,-0.067210,0.032079,-0.010038,-0.250065,0.422382,0.940196,-0.052140,-0.106468,0.126993
-0.001134,0.103070,0.783078,0.021619,0.013484,-0.992746,0.117500,-0.172541,0.081034,-0.040986,0.275982,-0.181384,-0.100446,-0.109701,0.024531,-0.142628,0.202016,-0.150872,-0.001607,0.060589,0.079211,0.143669,-0.015418,0.168627,-0.438477,1.030721,0.384733,-0.067511,0.031402,-0.009242,-0.248179,0.421744,0.942147,-0.055350,-0.105573,0.126395
-0.001783,0.102304,0.783114,0.020995,0.013226,-0.993213,0.113632,-0.167901,0.082491,-0.033162,0.275852,-0.183649,-0.099790,-0.109707,0.025296,-0.134777,0.204796,-0.152048,-0.001586,0.058195,0.078981,0.143120,-0.015422,0.169001,-0.439033,1.032892,0.386977,-0.067988,0.030611,-0.008322,-0.246222,0.421121,0.944128,-0.058539,-0.104710,0.125898
-0.002327,0.101550,0.783131,0.020517,0.013083,-0.993644,0.109904,-0.164232,0.083968,-0.025885,0.276798,-0.186361,-0.098888,-0.109720,0.026241,-0.127319,0.206872,-0.152847,-0.001351,0.055658,0.078860,0.142390,-0.015714,0.169699,-0.440350,1.034862,0.388692,-0.068543,0.029660,-0.007548,-0.244322,0.420966,0.946142,-0.060805,-0.104026,0.125777
-0.002997,0.100822,0.783119,0.020224,0.013097,-0.994041,0.106313,-0.161826,0.085553,-0.019319,0.279217,-0.189768,-0.097649,-0.109747,0.027467,-0.120311,0.208062,-0.153162,-0.000820,0.052895,0.078946,0.141436,-0.016338,0.170758,-0.442549,1.036606,0.389562,-0.069221,0.028580,-0.006967,-0.242565,0.421446,0.948122,-0.061636,-0.103542,0.126192
-0.003540,0.100092,0.783076,0.020071,0.013242,-0.994401,0.102897,-0.160454,0.087207,-0.013434,0.282827,-0.193750,-0.096104,-0.109803,0.028881,-0.113768,0.208639,-0.153155,-0.000116,0.049853,0.079221,0.140302,-0.017257,0.172175,-0.445617,1.038200,0.389807,-0.070060,0.027363,-0.006365,-0.240963,0.422322,0.949953,-0.061579,-0.103179,0.126984
-0.003981,0.099392,0.782995,0.020006,0.013451,-0.994733,0.099629,-0.159671,0.088844,-0.007915,0.287000,-0.197879,-0.094421,-0.109847,0.030330,-0.107550,0.208809,-0.152961,0.000663,0.046749,0.079553,0.139102,-0.018358,0.173867,-0.449248,1.039541,0.390001,-0.070931,0.025932,-0.005665,-0.239545,0.423434,0.951613,-0.061288,-0.102941,0.127946
-0.004385,0.098588,0.782945,0.019975,0.013656,-0.995040,0.096484,-0.159038,0.090365,-0.002436,0.291139,-0.201742,-0.092770,-0.109867,0.031660,-0.101519,0.208831,-0.152728,0.001417,0.043778,0.079838,0.137951,-0.019571,0.175696,-0.453136,1.040577,0.390717,-0.071713,0.024218,-0.004786,-0.238341,0.424642,0.953074,-0.061411,-0.102828,0.128869
-0.004889,0.097781,0.782918,0.020030,0.013855,-0.995320,0.093513,-0.158804,0.091698,0.002964,0.295420,-0.205268,-0.091103,-0.109951,0.032807,-0.095756,0.208675,-0.152455,0.002140,0.040869,0.080103,0.136731,-0.020986,0.177579,-0.457378,1.041415,0.392206,-0.072346,0.022008,-0.003683,-0.237424,0.425960,0.954258,-0.062116,-0.102986,0.129781
-0.005341,0.096985,0.782883,0.020178,0.014080,-0.995573,0.090710,-0.159092,0.092918,0.008152,0.300081,-0.208688,-0.089352,-0.110094,0.033859,-0.090299,0.208264,-0.152089,0.002879,0.037976,0.080442,0.135427,-0.022669,0.179489,-0.462076,1.042133,0.394157,-0.072906,0.019420,-0.002357,-0.236812,0.427443,0.955148,-0.063045,-0.103361,0.130772
-0.005844,0.096136,0.782831,0.020296,0.014310,-0.995814,0.087969,-0.159268,0.094126,0.013310,0.304551,-0.211963,-0.087661,-0.110069,0.034888,-0.084938,0.207654,-0.151642,0.003611,0.035293,0.080808,0.134273,-0.024546,0.181384,-0.466946,1.042712,0.396273,-0.073472,0.016900,-0.000886,-0.236461,0.429007,0.955932,-0.064086,-0.103659,0.131706
-0.006285,0.095279,0.782789,0.020261,0.014524,-0.996053,0.085188,-0.158610,0.095412,0.018636,0.308095,-0.215023,-0.086187,-0.109651,0.035962,-0.079468,0.206909,-0.151130,0.004315,0.033013,0.081155,0.133506,-0.026523,0.183210,-0.471679,1.043125,0.398267,-0.074120,0.014892,0.000647,-0.236257,0.430583,0.956811,-0.065125,-0.103587,0.132441
-0.006783,0.094552,0.782774,0.020033,0.014760,-0.996288,0.082408,-0.157211,0.096854,0.024017,0.310996,-0.218002,-0.085044,-0.108706,0.037171,-0.073972,0.205911,-0.150494,0.004913,0.031100,0.081533,0.133216,-0.028755,0.184952,-0.476353,1.043554,0.400207,-0.074964,0.013464,0.002104,-0.236141,0.432315,0.957918,-0.066169,-0.102980,0.132862
-0.007295,0.093786,0.782740,0.019680,0.015013,-0.996515,0.079662,-0.155424,0.098370,0.029401,0.313628,-0.220899,-0.084129,-0.107392,0.038448,-0.068514,0.204706,-0.149769,0.005439,0.029465,0.081932,0.133249,-0.031247,0.186613,-0.481074,1.044003,0.402200,-0.075926,0.012405,0.003509,-0.236104,0.434204,0.959215,-0.067281,-0.102025,0.133057
-0.007701,0.092964,0.782723,0.019240,0.015202,-0.996743,0.076829,-0.152771,0.099810,0.035099,0.315055,-0.223395,-0.083280,-0.105891,0.039627,-0.062853,0.203515,-0.149050,0.006047,0.028227,0.082208,0.133442,-0.033723,0.188105,-0.485529,1.044274,0.404081,-0.076798,0.011761,0.004977,-0.236105,0.435959,0.960745,-0.068442,-0.100962,0.133167
-0.008152,0.092154,0.782739,0.018751,0.015243,-0.996981,0.073790,-0.148894,0.101000,0.041413,0.314600,-0.225206,-0.082333,-0.104378,0.040536,-0.056747,0.202577,-0.148451,0.006888,0.027528,0.082162,0.133654,-0.035849,0.189501,-0.489495,1.044041,0.405603,-0.077360,0.011552,0.006640,-0.236094,0.437243,0.962517,-0.069653,-0.100031,0.133353
-0.008706,0.091385,0.782782,0.018237,0.015101,-0.997231,0.070494,-0.143737,0.101868,0.048469,0.312158,-0.226322,-0.081134,-0.102858,0.041115,-0.050069,0.201792,-0.147909,0.008086,0.027426,0.081820,0.133751,-0.037799,0.190438,-0.492860,1.043689,0.406954,-0.077493,0.012002,0.008453,-0.236062,0.438078,0.964802,-0.070839,-0.099328,0.133652
-0.009278,0.090584,0.782821,0.017672,0.014819,-0.997486,0.067009,-0.137509,0.102468,0.056096,0.308121,-0.226870,-0.079804,-0.101258,0.041447,-0.042964,0.201105,-0.147406,0.009533,0.028057,0.081124,0.133897,-0.039512,0.191445,-0.496110,1.042822,0.407984,-0.077316,0.012967,0.010560,-0.235991,0.438317,0.967283,-0.072090,-0.098725,0.134023
-0.009787,0.089749,0.782859,0.017022,0.014446,-0.997739,0.063397,-0.130146,0.102850,0.064151,0.302366,-0.226777,-0.078595,-0.099639,0.041617,-0.035613,0.200808,-0.147117,0.011026,0.028750,0.080322,0.134119,-0.041043,0.191941,-0.498397,1.041903,0.408829,-0.077035,0.014197,0.012503,-0.235910,0.438593,0.970194,-0.073409,-0.098086,0.134306
-0.010374,0.088948,0.782918,0.016251,0.014022,-0.997984,0.059719,-0.121760,0.103064,0.072471,0.295131,-0.226019,-0.077756,-0.098062,0.041703,-0.028194,0.201173,-0.147200,0.012365,0.029591,0.079379,0.134527,-0.042235,0.192334,-0.500026,1.040531,0.409070,-0.076797,0.015343,0.014459,-0.235780,0.438604,0.973129,-0.074985,-0.097299,0.134452
-0.010973,0.088124,0.782981,0.015320,0.013520,-0.998225,0.055941,-0.112097,0.103077,0.081197,0.286113,-0.224524,-0.077426,-0.096535,0.041673,-0.020662,0.202426,-0.147779,0.013437,0.030765,0.078126,0.135199,-0.042904,0.192894,-0.501040,1.038348,0.408420,-0.076587,0.016422,0.016480,-0.235423,0.438257,0.976109,-0.076876,-0.096337,0.134384
-0.011633,0.087344,0.783093,0.014255,0.012927,-0.998459,0.052051,-0.101227,0.102840,0.090343,0.275368,-0.222332,-0.077426,-0.095009,0.041507,-0.012959,0.204349,-0.148734,0.014371,0.031927,0.076680,0.136092,-0.043141,0.193233,-0.500932,1.035716,0.407307,-0.076382,0.017576,0.018315,-0.235036,0.437980,0.979377,-0.078909,-0.095249,0.134164
-0.012257,0.086558,0.783192,0.013129,0.012305,-0.998679,0.048123,-0.089594,0.102370,0.099602,0.263338,-0.219523,-0.077541,-0.093515,0.041291,-0.005212,0.206644,-0.149903,0.015325,0.033046,0.075105,0.137093,-0.043003,0.193545,-0.500185,1.032645,0.405885,-0.076200,0.018588,0.020001,-0.234478,0.437541,0.982797,-0.081167,-0.094081,0.133868
-0.012826,0.085823,0.783270,0.012007,0.011713,-0.998880,0.044232,-0.077576,0.101694,0.108675,0.250339,-0.216140,-0.077570,-0.092083,0.041102,0.002449,0.209045,-0.151146,0.016458,0.033861,0.073460,0.138087,-0.042492,0.193936,-0.498927,1.029230,0.404444,-0.076079,0.019237,0.021314,-0.233529,0.436982,0.986495,-0.083706,-0.092883,0.133544
-0.013501,0.085089,0.783332,0.010855,0.011119,-0.999066,0.040325,-0.064781,0.100690,0.117644,0.235816,-0.211859,-0.077426,-0.090656,0.040885,0.010144,0.211599,-0.152491,0.017901,0.034492,0.071797,0.139162,-0.041555,0.194264,-0.496981,1.025326,0.403094,-0.075992,0.019336,0.022456,-0.232449,0.436222,0.990246,-0.086805,-0.091472,0.133171
-0.014064,0.084311,0.783325,0.009652,0.010505,-0.999236,0.036383,-0.051133,0.099362,0.126613,0.219736,-0.206746,-0.077239,-0.089222,0.040620,0.017892,0.214391,-0.153988,0.019542,0.035094,0.070185,0.140393,-0.040276,0.194433,-0.494437,1.020944,0.401642,-0.075935,0.019050,0.023739,-0.231574,0.435186,0.993663,-0.090296,-0.089872,0.132798
-0.014703,0.083528,0.783364,0.008493,0.009962,-0.999385,0.032542,-0.037678,0.097979,0.135300,0.203627,-0.201548,-0.077136,-0.087896,0.040465,0.025412,0.217191,-0.155507,0.021178,0.035472,0.068743,0.141579,-0.038917,0.194513,-0.491893,1.016518,0.399929,-0.075968,0.018725,0.025152,-0.230854,0.433958,0.996604,-0.093512,-0.088426,0.132559
-0.015297,0.082740,0.783360,0.007472,0.009589,-0.999507,0.028935,-0.025390,0.096844,0.143438,0.188874,-0.196931,-0.077248,-0.086768,0.040581,0.032430,0.219697,-0.156874,0.022600,0.035195,0.067343,0.142445,-0.037673,0.194676,-0.489516,1.012605,0.397999,-0.076173,0.018661,0.025902,-0.229379,0.432776,1.000005,-0.096006,-0.087526,0.132453
-0.015890,0.082014,0.783342,0.006589,0.009452,-0.999607,0.025543,-0.014028,0.096101,0.151107,0.175018,-0.192741,-0.077756,-0.085841,0.041124,0.038947,0.221904,-0.158113,0.023720,0.034639,0.066466,0.143020,-0.036609,0.194797,-0.487985,1.009004,0.395128,-0.076653,0.019088,0.027019,-0.228167,0.431250,1.002547,-0.097400,-0.087338,0.132813
-0.016491,0.081245,0.783291,0.005805,0.009496,-0.999689,0.022314,-0.003289,0.095620,0.158394,0.161707,-0.188786,-0.078548,-0.085067,0.041985,0.045081,0.223915,-0.159266,0.024659,0.033710,0.066056,0.143463,-0.035486,0.194845,-0.486790,1.005382,0.391597,-0.077343,0.019777,0.028565,-0.227427,0.429605,1.004054,-0.097935,-0.087598,0.133527
-0.017001,0.080469,0.783211,0.005157,0.009630,-0.999753,0.019339,0.006038,0.095298,0.165064,0.150251,-0.185554,-0.079307,-0.084487,0.042926,0.050717,0.225645,-0.160234,0.025518,0.032573,0.065484,0.143625,-0.034859,0.194967,-0.486119,1.002574,0.388375,-0.078032,0.020457,0.029508,-0.225785,0.427496,1.006120,-0.098248,-0.088146,0.134185
-0.017337,0.079824,0.783092,0.004693,0.009772,-0.999802,0.016714,0.013134,0.095051,0.170861,0.141972,-0.183573,-0.079712,-0.084120,0.043718,0.055730,0.226931,-0.160877,0.026403,0.030938,0.064947,0.143818,-0.034653,0.195038,-0.485891,1.000250,0.386274,-0.078484,0.020886,0.030980,-0.224799,0.425624,1.006608,-0.097835,-0.088491,0.134679
-0.017704,0.079166,0.783013,0.004495,0.009917,-0.999836,0.014439,0.017150,0.095016,0.175729,0.138241,-0.183418,-0.079718,-0.084128,0.044343,0.060143,0.227677,-0.161083,0.027372,0.029077,0.064193,0.143799,-0.035228,0.195122,-0.486481,0.998840,0.385561,-0.078637,0.021031,0.032557,-0.223731,0.423604,1.006182,-0.096902,-0.088668,0.134866
-0.018041,0.078492,0.782955,0.004517,0.010100,-0.999861,0.012474,0.018739,0.095213,0.179801,0.137985,-0.184666,-0.079485,-0.084466,0.044896,0.064004,0.227999,-0.160957,0.028359,0.027196,0.063179,0.143463,-0.036560,0.195278,-0.488079,0.998391,0.385679,-0.078577,0.021061,0.034033,-0.222088,0.421126,1.005472,-0.095599,-0.088864,0.134812
-0.018271,0.077872,0.782916,0.004609,0.010283,-0.999878,0.010849,0.019074,0.095424,0.183104,0.139468,-0.186514,-0.078987,-0.084851,0.045291,0.067237,0.228116,-0.160716,0.029286,0.024816,0.062047,0.143199,-0.038210,0.195464,-0.489916,0.998493,0.386494,-0.078376,0.020923,0.035537,-0.220420,0.418673,1.004264,-0.093949,-0.089007,0.134637
-0.018403,0.077269,0.782917,0.004620,0.010433,-0.999889,0.009595,0.019380,0.095416,0.185666,0.140856,-0.188120,-0.078203,-0.084997,0.045439,0.069767,0.228231,-0.160567,0.030074,0.021914,0.060835,0.143300,-0.040058,0.195640,-0.491766,0.999060,0.387770,-0.078065,0.020616,0.037192,-0.218788,0.416137,1.002661,-0.092234,-0.089064,0.134436
-0.018537,0.076636,0.782944,0.004544,0.010531,-0.999895,0.008804,0.019732,0.095091,0.187324,0.141880,-0.189283,-0.076982,-0.084905,0.045266,0.071419,0.228411,-0.160562,0.030652,0.018256,0.059508,0.143830,-0.042158,0.195783,-0.493503,1.000222,0.389719,-0.077569,0.020001,0.038936,-0.217226,0.413441,1.000643,-0.090453,-0.088923,0.134203
-0.018633,0.076097,0.782951,0.004452,0.010600,-0.999898,0.008433,0.019570,0.094591,0.188118,0.143419,-0.190429,-0.075384,-0.084720,0.044834,0.072284,0.228568,-0.160598,0.031080,0.013947,0.058090,0.144643,-0.044547,0.195889,-0.495276,1.001968,0.392395,-0.076903,0.019120,0.040794,-0.215736,0.410639,0.998096,-0.088476,-0.088638,0.133916
-0.018706,0.075635,0.782945,0.004302,0.010662,-0.999899,0.008305,0.019091,0.094044,0.188381,0.145539,-0.191758,-0.073702,-0.084311,0.044269,0.072684,0.228586,-0.160633,0.031466,0.009683,0.056474,0.145549,-0.047329,0.195991,-0.497598,1.004393,0.395187,-0.076195,0.018314,0.042646,-0.213777,0.407529,0.995715,-0.086599,-0.088452,0.133513
-0.018736,0.075097,0.782955,0.004061,0.010739,-0.999900,0.008245,0.018402,0.093604,0.188434,0.148469,-0.193512,-0.072231,-0.083584,0.043701,0.072937,0.228397,-0.160636,0.031929,0.005575,0.054869,0.146603,-0.050135,0.196057,-0.500209,1.006984,0.397678,-0.075640,0.017822,0.044717,-0.211831,0.404668,0.993243,-0.084701,-0.088542,0.133080
-0.018737,0.074556,0.782946,0.003712,0.010844,-0.999900,0.008302,0.017400,0.093305,0.188135,0.152445,-0.195861,-0.071060,-0.082364,0.043130,0.072941,0.227752,-0.160531,0.032468,0.001706,0.053267,0.147840,-0.053126,0.196068,-0.503350,1.010002,0.399813,-0.075278,0.017795,0.047200,-0.209883,0.401802,0.990528,-0.082876,-0.089031,0.132621
-0.018764,0.074050,0.782948,0.003276,0.010964,-0.999898,0.008538,0.015998,0.093092,0.187381,0.157443,-0.198698,-0.070027,-0.080773,0.042505,0.072589,0.226797,-0.160366,0.033035,-0.002092,0.051640,0.149266,-0.056341,0.196011,-0.506951,1.013502,0.401820,-0.075018,0.018063,0.050004,-0.207917,0.398890,0.987553,-0.081071,-0.089787,0.132127
-0.018811,0.073624,0.782967,0.002773,0.011084,-0.999896,0.008793,0.014782,0.092879,0.186589,0.162353,-0.201516,-0.069047,-0.079045,0.041867,0.072186,0.225891,-0.160252,0.033656,-0.005693,0.050072,0.150818,-0.059482,0.195892,-0.510751,1.016893,0.403597,-0.074829,0.018428,0.052947,-0.206102,0.396285,0.984466,-0.079158,-0.090634,0.131641
-0.018855,0.073152,0.782968,0.002224,0.011183,-0.999895,0.008907,0.014332,0.092577,0.186189,0.166073,-0.203812,-0.068039,-0.077437,0.041259,0.072046,0.225408,-0.160294,0.034359,-0.008767,0.048555,0.152349,-0.062443,0.195707,-0.514743,1.019850,0.404981,-0.074660,0.018742,0.055764,-0.204266,0.394094,0.981710,-0.077147,-0.091420,0.131150
-0.018898,0.072613,0.782953,0.001607,0.011259,-0.999896,0.008819,0.014919,0.092152,0.186334,0.168229,-0.205418,-0.066926,-0.075916,0.040695,0.072275,0.225392,-0.160484,0.035227,-0.011291,0.047129,0.153936,-0.065120,0.195464,-0.518822,1.022205,0.405920,-0.074473,0.018956,0.058429,-0.202542,0.392495,0.979219,-0.074688,-0.091964,0.130903
-0.018857,0.072179,0.782947,0.000918,0.011321,-0.999898,0.008619,0.016182,0.091647,0.186788,0.169462,-0.206630,-0.065771,-0.074390,0.040149,0.072702,0.225673,-0.160782,0.036220,-0.013621,0.045875,0.155728,-0.067392,0.195236,-0.522773,1.023845,0.406539,-0.074326,0.019108,0.061209,-0.201336,0.391630,0.976437,-0.071750,-0.092370,0.130882
-0.018909,0.071638,0.782901,0.000212,0.011370,-0.999900,0.008378,0.017841,0.091086,0.187387,0.170005,-0.207532,-0.064705,-0.072976,0.039619,0.073208,0.226271,-0.161243,0.037177,-0.015374,0.044613,0.157387,-0.069734,0.194874,-0.527187,1.025437,0.406826,-0.074246,0.019308,0.063920,-0.199864,0.390778,0.974123,-0.069229,-0.092978,0.130523
-0.019100,0.071065,0.782853,-0.000462,0.011412,-0.999901,0.008166,0.019569,0.090499,0.187965,0.170197,-0.208275,-0.063860,-0.071790,0.039091,0.073670,0.227188,-0.161900,0.037939,-0.017256,0.043432,0.158918,-0.071689,0.194492,-0.531263,1.026470,0.407062,-0.074365,0.019469,0.066440,-0.198524,0.390536,0.972138,-0.067454,-0.094050,0.129400
-0.019061,0.070650,0.782806,-0.001088,0.011459,-0.999902,0.007988,0.021303,0.089936,0.188530,0.170049,-0.208868,-0.063357,-0.070915,0.038607,0.074089,0.228468,-0.162781,0.038404,-0.019234,0.042360,0.160329,-0.073320,0.194126,-0.535088,1.026875,0.407115,-0.074790,0.019608,0.068727,-0.197282,0.390918,0.970461,-0.066483,-0.095745,0.127377
-0.019019,0.070208,0.782763,-0.001692,0.011504,-0.999902,0.007811,0.023185,0.089367,0.189152,0.169455,-0.209268,-0.063095,-0.070276,0.038151,0.074519,0.230102,-0.163861,0.038679,-0.021230,0.041389,0.161696,-0.074585,0.193820,-0.538690,1.026603,0.406970,-0.075452,0.019708,0.070870,-0.196236,0.391913,0.968958,-0.066047,-0.097876,0.124720
-0.019207,0.069638,0.782724,-0.002290,0.011526,-0.999902,0.007650,0.025301,0.088701,0.189762,0.168358,-0.209426,-0.062877,-0.069746,0.037656,0.074923,0.231994,-0.165103,0.038908,-0.022992,0.040377,0.162841,-0.075674,0.193460,-0.542377,1.026152,0.406779,-0.076118,0.019803,0.072913,-0.195010,0.393039,0.968016,-0.066393,-0.100251,0.121498
-0.019322,0.069216,0.782658,-0.002893,0.011508,-0.999901,0.007521,0.027690,0.087861,0.190289,0.166791,-0.209342,-0.062511,-0.069201,0.037063,0.075261,0.234057,-0.166472,0.039232,-0.024713,0.039391,0.163851,-0.076268,0.193166,-0.545841,1.025204,0.406828,-0.076614,0.019792,0.075189,-0.194052,0.394308,0.967162,-0.067491,-0.102622,0.117933
-0.019458,0.068753,0.782602,-0.003518,0.011423,-0.999901,0.007384,0.030580,0.086761,0.190807,0.164426,-0.208860,-0.061939,-0.068648,0.036327,0.075600,0.236429,-0.168041,0.039731,-0.025839,0.038188,0.164407,-0.076827,0.192703,-0.549805,1.024548,0.407040,-0.076804,0.019844,0.077546,-0.192652,0.395582,0.967298,-0.070836,-0.105193,0.113702
-0.019709,0.068223,0.782546,-0.004154,0.011289,-0.999901,0.007246,0.033874,0.085470,0.191323,0.161375,-0.208048,-0.061271,-0.068136,0.035492,0.075939,0.239077,-0.169783,0.040316,-0.026777,0.036933,0.164730,-0.077046,0.192217,-0.553732,1.023613,0.407416,-0.076848,0.019864,0.079971,-0.191303,0.397230,0.967921,-0.075793,-0.107962,0.108883
-0.019857,0.067793,0.782511,-0.004773,0.011148,-0.999901,0.007189,0.037159,0.084119,0.191662,0.158234,-0.207166,-0.060556,-0.067618,0.034604,0.076127,0.241755,-0.171577,0.040874,-0.027694,0.035725,0.164920,-0.076998,0.191680,-0.557448,1.022483,0.407924,-0.076835,0.019785,0.082396,-0.189897,0.398458,0.968759,-0.079931,-0.110523,0.103874
-0.020077,0.067342,0.782479,-0.005350,0.011043,-0.999898,0.007296,0.039979,0.082856,0.191646,0.155677,-0.206520,-0.059843,-0.067023,0.033710,0.076024,0.244134,-0.173257,0.041292,-0.028844,0.034677,0.165105,-0.076688,0.191107,-0.560667,1.021149,0.408543,-0.076865,0.019516,0.084733,-0.188435,0.398552,0.969486,-0.080785,-0.112498,0.099100
-0.020253,0.066883,0.782445,-0.005884,0.010986,-0.999894,0.007568,0.042284,0.081711,0.191250,0.153795,-0.206167,-0.059089,-0.066364,0.032843,0.075611,0.246238,-0.174827,0.041481,-0.030291,0.033841,0.165309,-0.076012,0.190498,-0.563213,1.019446,0.409444,-0.076941,0.018934,0.086900,-0.186915,0.397498,0.970168,-0.076895,-0.113647,0.094522
-0.020430,0.066415,0.782387,-0.006385,0.010954,-0.999888,0.007969,0.044383,0.080591,0.190571,0.152069,-0.205882,-0.058284,-0.065657,0.031968,0.074962,0.248171,-0.176339,0.041522,-0.031867,0.033131,0.165446,-0.075060,0.189822,-0.565329,1.017526,0.410561,-0.077014,0.018135,0.088934,-0.185252,0.395581,0.971007,-0.069859,-0.114260,0.089960
-0.020605,0.065998,0.782343,-0.006850,0.010934,-0.999880,0.008524,0.046062,0.079520,0.189586,0.150881,-0.205767,-0.057523,-0.064890,0.031045,0.074054,0.249887,-0.177796,0.041558,-0.033515,0.032463,0.165485,-0.074046,0.189073,-0.567257,1.015742,0.411584,-0.077107,0.017331,0.090937,-0.183394,0.392560,0.971835,-0.061795,-0.114749,0.085642
-0.020769,0.065571,0.782300,-0.007273,0.010912,-0.999871,0.009259,0.047372,0.078460,0.188293,0.150066,-0.205728,-0.056902,-0.064045,0.030031,0.072872,0.251310,-0.179168,0.041738,-0.035204,0.031767,0.165448,-0.073106,0.188311,-0.569219,1.014300,0.412189,-0.077249,0.016728,0.093111,-0.181447,0.388223,0.972289,-0.054777,-0.115498,0.081824
-0.020920,0.065150,0.782259,-0.007659,0.010894,-0.999859,0.010219,0.048286,0.077423,0.186654,0.149647,-0.205742,-0.056508,-0.063082,0.028924,0.071380,0.252400,-0.180472,0.042115,-0.036934,0.031033,0.165371,-0.072217,0.187526,-0.571085,1.013174,0.412124,-0.077417,0.016444,0.095616,-0.179375,0.382075,0.972128,-0.048831,-0.116660,0.078694
-0.021109,0.064733,0.782214,-0.008009,0.010883,-0.999844,0.011378,0.048819,0.076413,0.184684,0.149642,-0.205851,-0.056270,-0.062018,0.027744,0.069597,0.253202,-0.181711,0.042609,-0.038700,0.030299,0.165241,-0.071315,0.186706,-0.572809,1.012255,0.411623,-0.077606,0.016347,0.098335,-0.177153,0.374357,0.971553,-0.043024,-0.118004,0.076085
-0.021251,0.064300,0.782185,-0.008311,0.010871,-0.999826,0.012657,0.049019,0.075408,0.182461,0.149959,-0.206047,-0.056046,-0.060944,0.026498,0.067581,0.253796,-0.182862,0.043156,-0.040446,0.029588,0.164997,-0.070539,0.185894,-0.574827,1.011676,0.411017,-0.077860,0.016264,0.101043,-0.174825,0.365935,0.970887,-0.038019,-0.119316,0.073724
-0.021369,0.063910,0.782168,-0.008551,0.010851,-0.999807,0.013977,0.048928,0.074387,0.180066,0.150516,-0.206329,-0.055693,-0.059944,0.025189,0.065394,0.254275,-0.183914,0.043695,-0.042125,0.028916,0.164586,-0.069971,0.185168,-0.577532,1.011503,0.410667,-0.078222,0.016018,0.103534,-0.172490,0.357666,0.970420,-0.034476,-0.120382,0.071336
-0.021475,0.063533,0.782146,-0.008687,0.010823,-0.999786,0.015371,0.048384,0.073328,0.177386,0.151419,-0.206732,-0.055139,-0.059101,0.023792,0.062933,0.254622,-0.184850,0.044204,-0.043873,0.028338,0.163950,-0.069540,0.184588,-0.581026,1.011602,0.410379,-0.078787,0.015655,0.105869,-0.170173,0.349334,0.970025,-0.033057,-0.121090,0.068788
-0.021574,0.063200,0.782114,-0.008740,0.010788,-0.999761,0.016861,0.047417,0.072242,0.174426,0.152667,-0.207242,-0.054473,-0.058339,0.022307,0.060210,0.254798,-0.185679,0.044719,-0.045682,0.027822,0.163154,-0.069176,0.184172,-0.585088,1.011880,0.410051,-0.079504,0.015226,0.108139,-0.167870,0.340638,0.969553,-0.033239,-0.121560,0.066254
-0.021667,0.062841,0.782087,-0.008789,0.010751,-0.999735,0.018361,0.046380,0.071170,0.171435,0.154029,-0.207798,-0.053789,-0.057559,0.020821,0.057434,0.254913,-0.186456,0.045258,-0.047297,0.027300,0.162355,-0.068942,0.183917,-0.589609,1.012422,0.410163,-0.080205,0.014543,0.110208,-0.165638,0.332359,0.969198,-0.033865,-0.121924,0.063923
-0.021766,0.062484,0.782066,-0.008915,0.010713,-0.999707,0.019781,0.045498,0.070168,0.168651,0.155525,-0.208444,-0.053182,-0.056666,0.019405,0.054817,0.255104,-0.187257,0.045837,-0.048617,0.026743,0.161735,-0.068804,0.183825,-0.594298,1.013205,0.411245,-0.080732,0.013401,0.111964,-0.163725,0.325448,0.969042,-0.033706,-0.122307,0.062005
-0.021884,0.062133,0.782073,-0.009142,0.010685,-0.999678,0.021126,0.044920,0.069259,0.166108,0.156950,-0.209131,-0.052697,-0.055569,0.018086,0.052342,0.255296,-0.188018,0.046485,-0.049978,0.026232,0.161419,-0.068634,0.183866,-0.598834,1.014128,0.413901,-0.081013,0.011543,0.113325,-0.162485,0.320543,0.969016,-0.032291,-0.122812,0.060374
-0.021958,0.061773,0.782065,-0.009431,0.010658,-0.999647,0.022433,0.044454,0.068409,0.163690,0.158454,-0.209884,-0.052279,-0.054356,0.016817,0.049921,0.255492,-0.188755,0.047181,-0.049918,0.025514,0.161137,-0.069323,0.184058,-0.605210,1.015953,0.417247,-0.081042,0.009265,0.114701,-0.160704,0.315284,0.969341,-0.030950,-0.123431,0.058987
-0.022024,0.061469,0.782049,-0.009749,0.010617,-0.999616,0.023666,0.044191,0.067548,0.161429,0.159774,-0.210574,-0.051864,-0.053135,0.015580,0.047661,0.255790,-0.189550,0.047882,-0.050075,0.024768,0.160919,-0.069768,0.184399,-0.611012,1.017787,0.421012,-0.081093,0.006825,0.115592,-0.159319,0.311613,0.969935,-0.029191,-0.123876,0.058116
-0.022148,0.061188,0.782020,-0.010068,0.010537,-0.999587,0.024785,0.044230,0.066591,0.159366,0.160626,-0.211055,-0.051382,-0.052032,0.014342,0.045667,0.256336,-0.190518,0.048545,-0.050055,0.024035,0.160685,-0.070028,0.184866,-0.616419,1.019558,0.424236,-0.081292,0.004630,0.116327,-0.158332,0.308944,0.970492,-0.027309,-0.123940,0.058171
-0.022323,0.060872,0.781945,-0.010409,0.010396,-0.999560,0.025751,0.044778,0.065464,0.157558,0.160738,-0.211203,-0.050785,-0.051106,0.013071,0.044054,0.257355,-0.191810,0.049169,-0.049691,0.023271,0.160439,-0.070187,0.185477,-0.621662,1.021367,0.426655,-0.081784,0.002718,0.116891,-0.157680,0.307276,0.971066,-0.025083,-0.123503,0.059268
-0.022428,0.060560,0.781884,-0.010777,0.010211,-0.999536,0.026592,0.045724,0.064232,0.155974,0.160323,-0.211122,-0.050118,-0.050268,0.011788,0.042731,0.258679,-0.193309,0.049773,-0.049268,0.022539,0.160199,-0.070279,0.186037,-0.626482,1.023397,0.428853,-0.082471,0.000913,0.117144,-0.157453,0.306924,0.971779,-0.022437,-0.122685,0.061190
-0.022582,0.060301,0.781844,-0.011123,0.010022,-0.999513,0.027382,0.046702,0.063022,0.154493,0.159811,-0.211013,-0.049460,-0.049481,0.010541,0.041519,0.259986,-0.194800,0.050347,-0.048654,0.021828,0.159885,-0.070357,0.186573,-0.630898,1.025599,0.430915,-0.083082,-0.000697,0.117152,-0.157443,0.307251,0.972675,-0.020099,-0.121694,0.063827
-0.022754,0.060044,0.781828,-0.011394,0.009869,-0.999489,0.028186,0.047364,0.061950,0.153016,0.159582,-0.211058,-0.048885,-0.048736,0.009384,0.040237,0.260994,-0.196075,0.050878,-0.047430,0.021158,0.159490,-0.070279,0.187475,-0.635442,1.027359,0.432633,-0.083264,-0.002031,0.117589,-0.157603,0.307501,0.973049,-0.018694,-0.120691,0.067098
-0.022882,0.059786,0.781807,-0.011568,0.009765,-0.999465,0.029003,0.047604,0.061073,0.151574,0.159748,-0.211330,-0.048412,-0.048012,0.008346,0.038881,0.261527,-0.197023,0.051384,-0.046331,0.020526,0.158928,-0.069856,0.188557,-0.639032,1.028825,0.434695,-0.082975,-0.003129,0.117674,-0.157991,0.308508,0.973670,-0.018263,-0.119700,0.071159
-0.023024,0.059559,0.781792,-0.011674,0.009688,-0.999441,0.029801,0.047609,0.060315,0.150206,0.160109,-0.211728,-0.048001,-0.047334,0.007398,0.037531,0.261798,-0.197783,0.051862,-0.045233,0.019925,0.158130,-0.069499,0.189332,-0.641849,1.030763,0.436996,-0.082364,-0.003942,0.117356,-0.158425,0.310307,0.974748,-0.018565,-0.118640,0.075918
-0.023189,0.059364,0.781763,-0.011749,0.009628,-0.999416,0.030618,0.047466,0.059619,0.148794,0.160595,-0.212173,-0.047640,-0.046676,0.006499,0.036126,0.261967,-0.198477,0.052277,-0.043994,0.019354,0.157271,-0.069253,0.189843,-0.643929,1.033064,0.439083,-0.081632,-0.004502,0.116832,-0.158806,0.312202,0.976025,-0.019686,-0.117588,0.081000
-0.023342,0.059166,0.781719,-0.011819,0.009577,-0.999388,0.031494,0.047212,0.058939,0.147220,0.161218,-0.212625,-0.047322,-0.046033,0.005613,0.034600,0.262178,-0.199213,0.052587,-0.042968,0.018901,0.156673,-0.067896,0.191378,-0.645352,1.033631,0.439965,-0.080930,-0.004912,0.116936,-0.160009,0.314650,0.976081,-0.020903,-0.116533,0.086062
-0.023454,0.058991,0.781688,-0.011884,0.009540,-0.999357,0.032458,0.046833,0.058286,0.145410,0.161947,-0.213034,-0.047111,-0.045496,0.004756,0.032896,0.262651,-0.200094,0.052699,-0.042132,0.018455,0.156186,-0.066459,0.192714,-0.645479,1.034344,0.440307,-0.080308,-0.004988,0.116725,-0.161078,0.317115,0.976318,-0.022979,-0.115633,0.091013
-0.023566,0.058793,0.781670,-0.011932,0.009522,-0.999323,0.033482,0.046285,0.057682,0.143439,0.162861,-0.213478,-0.046990,-0.044950,0.003939,0.031057,0.263046,-0.200978,0.052662,-0.040814,0.017964,0.155492,-0.065709,0.193251,-0.645282,1.036392,0.440099,-0.079615,-0.004587,0.116305,-0.161563,0.319109,0.977123,-0.026096,-0.114871,0.095932
-0.023783,0.058598,0.781665,-0.011985,0.009501,-0.999287,0.034520,0.045749,0.057068,0.141422,0.163776,-0.213908,-0.046826,-0.044334,0.003111,0.029186,0.263347,-0.201813,0.052653,-0.040020,0.017501,0.154923,-0.064225,0.194144,-0.643724,1.037667,0.439224,-0.079031,-0.004178,0.115829,-0.162430,0.321826,0.977612,-0.029403,-0.114036,0.100749
-0.023889,0.058403,0.781657,-0.012067,0.009458,-0.999251,0.035527,0.045320,0.056397,0.139464,0.164691,-0.214365,-0.046484,-0.043527,0.002228,0.027373,0.263413,-0.202506,0.052846,-0.039577,0.017120,0.154687,-0.061964,0.195617,-0.640875,1.037753,0.437580,-0.078711,-0.004118,0.115519,-0.163841,0.324631,0.977366,-0.032873,-0.112993,0.105461
-0.023990,0.058233,0.781648,-0.012186,0.009376,-0.999216,0.036490,0.045046,0.055624,0.137577,0.165559,-0.214823,-0.045827,-0.042452,0.001242,0.025641,0.263120,-0.202974,0.053353,-0.038674,0.016676,0.154524,-0.059860,0.196948,-0.637477,1.038068,0.434468,-0.078766,-0.004301,0.115427,-0.165087,0.326560,0.976882,-0.037135,-0.111675,0.110097
-0.024151,0.058042,0.781627,-0.012327,0.009270,-0.999180,0.037432,0.044866,0.054779,0.135712,0.166417,-0.215288,-0.044958,-0.041150,0.000186,0.023939,0.262502,-0.203283,0.054059,-0.037627,0.016185,0.154415,-0.057713,0.198169,-0.633234,1.038482,0.430213,-0.079092,-0.004603,0.115376,-0.166232,0.328123,0.976287,-0.042072,-0.110176,0.114649
-0.024351,0.057854,0.781604,-0.012490,0.009165,-0.999144,0.038365,0.044764,0.053946,0.133878,0.167244,-0.215759,-0.044111,-0.039798,-0.000855,0.022255,0.261888,-0.203573,0.054798,-0.036586,0.015706,0.154355,-0.055520,0.199302,-0.628468,1.038970,0.425897,-0.079401,-0.004960,0.115300,-0.167326,0.329488,0.975662,-0.047052,-0.108691,0.118773
-0.024583,0.057658,0.781587,-0.012675,0.009091,-0.999106,0.039298,0.044661,0.053207,0.132079,0.168139,-0.216289,-0.043520,-0.038426,-0.001800,0.020579,0.261295,-0.203914,0.055406,-0.035665,0.015311,0.154336,-0.053276,0.200340,-0.623518,1.039514,0.422628,-0.079405,-0.005308,0.115157,-0.168378,0.330792,0.975068,-0.051455,-0.107405,0.122129
-0.024730,0.057468,0.781584,-0.012885,0.009062,-0.999066,0.040244,0.044567,0.052596,0.130316,0.169084,-0.216884,-0.043316,-0.037043,-0.002621,0.018887,0.260768,-0.204360,0.055842,-0.034500,0.015000,0.154243,-0.051431,0.200951,-0.618896,1.040780,0.420891,-0.078910,-0.005582,0.114974,-0.169078,0.331608,0.974734,-0.055508,-0.106396,0.124522
-0.024907,0.057302,0.781585,-0.013120,0.009059,-0.999024,0.041194,0.044490,0.052065,0.128585,0.170071,-0.217527,-0.043353,-0.035605,-0.003370,0.017189,0.260214,-0.204834,0.056194,-0.034214,0.014821,0.154382,-0.048779,0.201868,-0.612923,1.041175,0.420337,-0.078190,-0.006030,0.114511,-0.170222,0.333230,0.974200,-0.058985,-0.105495,0.126244
-0.025063,0.057080,0.781560,-0.013371,0.009066,-0.998982,0.042125,0.044447,0.051571,0.126894,0.171085,-0.218199,-0.043441,-0.034147,-0.004067,0.015535,0.259681,-0.205324,0.056486,-0.033648,0.014682,0.154529,-0.046310,0.202660,-0.607189,1.041779,0.419774,-0.077393,-0.006405,0.114233,-0.171285,0.334340,0.973541,-0.061960,-0.104673,0.127456
-0.025191,0.056906,0.781524,-0.013627,0.009065,-0.998940,0.043013,0.044476,0.051072,0.125251,0.172054,-0.218849,-0.043390,-0.032700,-0.004754,0.013964,0.259192,-0.205800,0.056743,-0.032929,0.014524,0.154658,-0.043999,0.203328,-0.601581,1.042564,0.418464,-0.076759,-0.006632,0.114042,-0.172226,0.335101,0.972875,-0.064079,-0.103857,0.128314
-0.025334,0.056748,0.781486,-0.013901,0.009059,-0.998900,0.043866,0.044575,0.050571,0.123618,0.173027,-0.219501,-0.043166,-0.031228,-0.005420,0.012480,0.258726,-0.206248,0.056941,-0.032081,0.014340,0.154802,-0.041720,0.203923,-0.595617,1.043322,0.415992,-0.076310,-0.007097,0.113965,-0.173083,0.335493,0.972133,-0.065079,-0.102929,0.128689
-0.025460,0.056566,0.781455,-0.014190,0.009056,-0.998859,0.044691,0.044735,0.050087,0.122005,0.173999,-0.220156,-0.042865,-0.029737,-0.006050,0.011058,0.258297,-0.206699,0.057075,-0.030783,0.014131,0.154883,-0.039789,0.204277,-0.589839,1.044485,0.412761,-0.075907,-0.007647,0.114071,-0.173616,0.335177,0.971430,-0.065304,-0.101971,0.128519
-0.025650,0.056383,0.781431,-0.014475,0.009045,-0.998820,0.045466,0.044923,0.049604,0.120484,0.174962,-0.220813,-0.042491,-0.028294,-0.006673,0.009721,0.257927,-0.207151,0.057203,-0.029449,0.013886,0.154900,-0.038033,0.204549,-0.584670,1.045971,0.409441,-0.075614,-0.007555,0.114143,-0.174037,0.334736,0.970859,-0.065003,-0.101170,0.128116
-0.025878,0.056186,0.781414,-0.014736,0.009019,-0.998784,0.046172,0.045114,0.049101,0.119128,0.175890,-0.221458,-0.042047,-0.026962,-0.007311,0.008487,0.257637,-0.207603,0.057378,-0.028805,0.013632,0.154997,-0.036043,0.204967,-0.579906,1.047368,0.406991,-0.075552,-0.006191,0.113760,-0.174648,0.334952,0.970496,-0.064438,-0.100707,0.127866
-0.026088,0.056011,0.781427,-0.014962,0.008970,-0.998753,0.046786,0.045256,0.048579,0.117983,0.176862,-0.222117,-0.041463,-0.025766,-0.007975,0.007378,0.257429,-0.208034,0.057628,-0.027861,0.013317,0.154944,-0.034680,0.205348,-0.577481,1.049756,0.404821,-0.075831,-0.002529,0.113499,-0.175152,0.334898,0.970239,-0.063663,-0.100785,0.127790
-0.026257,0.055833,0.781413,-0.015166,0.008906,-0.998725,0.047328,0.045388,0.048044,0.116996,0.177850,-0.222785,-0.040760,-0.024671,-0.008654,0.006375,0.257296,-0.208456,0.057921,-0.027205,0.013047,0.155033,-0.033072,0.206073,-0.575994,1.051806,0.402970,-0.076374,0.002650,0.113238,-0.175977,0.335041,0.969716,-0.062408,-0.101213,0.127828
-0.026451,0.055654,0.781386,-0.015359,0.008835,-0.998698,0.047827,0.045575,0.047498,0.116108,0.178703,-0.223391,-0.040080,-0.023660,-0.009330,0.005449,0.257261,-0.208917,0.058218,-0.026274,0.012762,0.155033,-0.031749,0.206766,-0.575644,1.054097,0.401530,-0.076840,0.008016,0.113083,-0.176657,0.334842,0.969198,-0.061174,-0.101759,0.127886
-0.026658,0.055457,0.781359,-0.015551,0.008770,-0.998672,0.048318,0.045867,0.046946,0.115251,0.179320,-0.223903,-0.039566,-0.022726,-0.009984,0.004562,0.257372,-0.209478,0.058485,-0.025341,0.012500,0.154953,-0.030370,0.207347,-0.575502,1.056094,0.400951,-0.076865,0.012108,0.112807,-0.177184,0.334571,0.968806,-0.060271,-0.102133,0.127922
-0.026861,0.055271,0.781328,-0.015738,0.008713,-0.998647,0.048795,0.046293,0.046395,0.114448,0.179605,-0.224279,-0.039316,-0.021916,-0.010604,0.003740,0.257694,-0.210184,0.058717,-0.024490,0.012323,0.154845,-0.028662,0.207966,-0.575423,1.057239,0.401627,-0.076157,0.014675,0.112486,-0.177729,0.334324,0.968260,-0.059807,-0.102210,0.127964
-0.027048,0.055091,0.781301,-0.015915,0.008659,-0.998622,0.049246,0.046816,0.045837,0.113725,0.179651,-0.224558,-0.039236,-0.021220,-0.011203,0.002989,0.258188,-0.210994,0.058933,-0.023751,0.012168,0.154593,-0.027008,0.208347,-0.575624,1.058363,0.403351,-0.074970,0.016499,0.111890,-0.178069,0.334143,0.968026,-0.059629,-0.102161,0.127935
-0.027230,0.054856,0.781283,-0.016098,0.008606,-0.998598,0.049691,0.047417,0.045276,0.113001,0.179568,-0.224786,-0.039169,-0.020531,-0.011797,0.002252,0.258723,-0.211832,0.059125,-0.023044,0.012053,0.154422,-0.025134,0.208891,-0.576103,1.058988,0.405331,-0.073776,0.017408,0.111403,-0.178550,0.333934,0.967569,-0.059420,-0.102121,0.128005
-0.027405,0.054615,0.781272,-0.016304,0.008554,-0.998572,0.050148,0.048082,0.044709,0.112200,0.179454,-0.224999,-0.038962,-0.019742,-0.012402,0.001466,0.259167,-0.212627,0.059285,-0.022345,0.011948,0.154426,-0.022983,0.209815,-0.576778,1.059135,0.406868,-0.073018,0.017312,0.111217,-0.179294,0.333699,0.966727,-0.058938,-0.102204,0.128212
-0.027634,0.054407,0.781246,-0.016547,0.008500,-0.998544,0.050629,0.048838,0.044123,0.111264,0.179337,-0.225209,-0.038510,-0.018792,-0.013037,0.000600,0.259482,-0.213359,0.059372,-0.021755,0.011781,0.154558,-0.020683,0.210986,-0.577526,1.059190,0.407990,-0.072871,0.015873,0.111032,-0.180089,0.333547,0.966018,-0.057946,-0.102515,0.128512
-0.027778,0.054229,0.781213,-0.016818,0.008448,-0.998515,0.051121,0.049686,0.043528,0.110245,0.179162,-0.225397,-0.037917,-0.017753,-0.013683,-0.000312,0.259759,-0.214079,0.059405,-0.021308,0.011531,0.154478,-0.018952,0.211481,-0.578255,1.060541,0.409234,-0.073123,0.013418,0.110301,-0.180388,0.333512,0.966392,-0.056785,-0.103009,0.128708
-0.028009,0.054077,0.781182,-0.017087,0.008399,-0.998486,0.051609,0.050575,0.042939,0.109238,0.178904,-0.225549,-0.037339,-0.016701,-0.014318,-0.001217,0.260003,-0.214778,0.059460,-0.020690,0.011301,0.154625,-0.016623,0.212663,-0.579478,1.060627,0.409989,-0.073457,0.010428,0.110171,-0.180999,0.333265,0.965838,-0.055733,-0.103472,0.129037
-0.028136,0.053851,0.781144,-0.017333,0.008357,-0.998457,0.052084,0.051448,0.042379,0.108318,0.178561,-0.225658,-0.036932,-0.015677,-0.014918,-0.002078,0.260168,-0.215412,0.059614,-0.020297,0.011009,0.154529,-0.014743,0.213251,-0.580467,1.061722,0.410519,-0.073964,0.007789,0.109550,-0.181267,0.333212,0.965953,-0.055322,-0.103918,0.129305
-0.028302,0.053623,0.781117,-0.017548,0.008321,-0.998430,0.052541,0.052354,0.041851,0.107541,0.178002,-0.225674,-0.036819,-0.014725,-0.015467,-0.002863,0.260308,-0.216013,0.059900,-0.019809,0.010691,0.154397,-0.012754,0.213890,-0.581754,1.062558,0.410974,-0.074534,0.005108,0.109163,-0.181534,0.333028,0.965597,-0.055823,-0.104238,0.129658
-0.028478,0.053400,0.781107,-0.017745,0.008289,-0.998403,0.052988,0.053306,0.041343,0.106848,0.177257,-0.225603,-0.036889,-0.013810,-0.015985,-0.003605,0.260423,-0.216587,0.060272,-0.019159,0.010322,0.154336,-0.010539,0.214976,-0.583474,1.062816,0.411176,-0.075276,0.002098,0.109095,-0.181898,0.332612,0.964687,-0.056917,-0.104516,0.130173
-0.028664,0.053193,0.781085,-0.017927,0.008265,-0.998377,0.053424,0.054185,0.040856,0.106178,0.176599,-0.225568,-0.036950,-0.012883,-0.016487,-0.004335,0.260432,-0.217084,0.060693,-0.018720,0.009933,0.154203,-0.008395,0.215825,-0.584954,1.063332,0.410542,-0.076048,-0.000281,0.108786,-0.182126,0.332390,0.964091,-0.058162,-0.104784,0.130582
-0.028906,0.052999,0.781082,-0.018096,0.008248,-0.998351,0.053849,0.054897,0.040390,0.105474,0.176259,-0.225672,-0.036806,-0.011902,-0.016986,-0.005085,0.260266,-0.217465,0.061123,-0.018462,0.009589,0.154037,-0.006415,0.216386,-0.586166,1.064151,0.408132,-0.076694,-0.001164,0.108270,-0.182263,0.332344,0.963871,-0.059099,-0.105062,0.130771
-0.029086,0.052754,0.781066,-0.018235,0.008242,-0.998326,0.054263,0.055315,0.039944,0.104705,0.176422,-0.225982,-0.036346,-0.010847,-0.017489,-0.005879,0.259821,-0.217656,0.061595,-0.018390,0.009290,0.153889,-0.004490,0.216817,-0.587328,1.065157,0.402926,-0.077220,0.000169,0.107630,-0.182373,0.332489,0.963927,-0.059701,-0.105407,0.130649
-0.029326,0.052574,0.781048,-0.018346,0.008243,-0.998302,0.054662,0.055526,0.039515,0.103913,0.176910,-0.226418,-0.035694,-0.009770,-0.017991,-0.006687,0.259204,-0.217724,0.062116,-0.018340,0.009010,0.153746,-0.002477,0.217298,-0.588741,1.066014,0.395416,-0.077683,0.003077,0.107063,-0.182503,0.332738,0.963997,-0.060082,-0.105795,0.130324
-0.029542,0.052373,0.781031,-0.018466,0.008251,-0.998279,0.055051,0.055741,0.039104,0.103134,0.177446,-0.226894,-0.035008,-0.008640,-0.018473,-0.007482,0.258501,-0.217742,0.062605,-0.018303,0.008774,0.153651,-0.000465,0.217744,-0.589764,1.066628,0.387575,-0.078002,0.006351,0.106578,-0.182624,0.332918,0.963951,-0.060296,-0.106066,0.129980
-0.029687,0.052136,0.781025,-0.018628,0.008268,-0.998254,0.055434,0.056141,0.038722,0.102404,0.177798,-0.227340,-0.034446,-0.007478,-0.018925,-0.008238,0.257906,-0.217842,0.062978,-0.018197,0.008589,0.153596,0.001385,0.217966,-0.589896,1.067029,0.381249,-0.078098,0.008798,0.106154,-0.182685,0.332843,0.963785,-0.060330,-0.106097,0.129794
-0.029919,0.051952,0.781020,-0.018852,0.008296,-0.998229,0.055804,0.056850,0.038379,0.101750,0.177832,-0.227727,-0.034051,-0.006221,-0.019332,-0.008928,0.257390,-0.218026,0.063161,-0.017935,0.008469,0.153674,0.003581,0.218369,-0.589033,1.066228,0.376599,-0.077710,0.010155,0.105953,-0.182770,0.332404,0.963157,-0.060017,-0.105752,0.129857
-0.030150,0.051789,0.781021,-0.019119,0.008333,-0.998204,0.056164,0.057732,0.038070,0.101144,0.177734,-0.228116,-0.033737,-0.004894,-0.019704,-0.009574,0.256916,-0.218253,0.063218,-0.017675,0.008408,0.153854,0.005878,0.218676,-0.587208,1.064819,0.372913,-0.076946,0.011060,0.105813,-0.182813,0.331754,0.962314,-0.059498,-0.105118,0.130026
-0.030276,0.051536,0.780991,-0.019392,0.008371,-0.998178,0.056521,0.058654,0.037766,0.100555,0.177563,-0.228471,-0.033476,-0.003578,-0.020069,-0.010211,0.256474,-0.218503,0.063265,-0.017479,0.008345,0.154068,0.008092,0.218930,-0.584855,1.063283,0.370065,-0.076205,0.011541,0.105652,-0.182827,0.331110,0.961495,-0.058865,-0.104439,0.130271
-0.030466,0.051265,0.780951,-0.019631,0.008400,-0.998153,0.056880,0.059496,0.037428,0.099954,0.177347,-0.228739,-0.033239,-0.002363,-0.020455,-0.010870,0.256059,-0.218744,0.063422,-0.017434,0.008225,0.154295,0.010083,0.219179,-0.582341,1.061978,0.367979,-0.075837,0.011621,0.105441,-0.182810,0.330697,0.960812,-0.058251,-0.103925,0.130540
-0.030613,0.051028,0.780928,-0.019831,0.008417,-0.998127,0.057260,0.060241,0.037052,0.099307,0.177067,-0.228878,-0.033084,-0.001212,-0.020867,-0.011589,0.255592,-0.218963,0.063767,-0.017024,0.008108,0.154344,0.011521,0.219272,-0.580548,1.061339,0.366341,-0.075939,0.011299,0.105662,-0.182776,0.330160,0.960087,-0.057483,-0.103571,0.130821
-0.030766,0.050792,0.780913,-0.020016,0.008427,-0.998101,0.057651,0.060973,0.036651,0.098641,0.176684,-0.228911,-0.033003,-0.000106,-0.021293,-0.012342,0.255128,-0.219189,0.064218,-0.017079,0.007897,0.154647,0.012956,0.219402,-0.577518,1.060519,0.366065,-0.076470,0.010290,0.105564,-0.182690,0.329750,0.959479,-0.056864,-0.103284,0.131304
-0.030952,0.050590,0.780892,-0.020177,0.008431,-0.998076,0.058025,0.061632,0.036238,0.097997,0.176337,-0.228947,-0.032875,0.000892,-0.021731,-0.013073,0.254751,-0.219420,0.064666,-0.017156,0.007708,0.154847,0.014257,0.219491,-0.574813,1.059802,0.366192,-0.076998,0.009182,0.105339,-0.182577,0.329597,0.959189,-0.056242,-0.103159,0.131681
-0.031122,0.050398,0.780893,-0.020310,0.008428,-0.998054,0.058343,0.062187,0.035822,0.097437,0.176131,-0.229082,-0.032576,0.001687,-0.022169,-0.013708,0.254610,-0.219690,0.064995,-0.017164,0.007529,0.154991,0.015227,0.219541,-0.572740,1.059342,0.366536,-0.077312,0.008243,0.105106,-0.182451,0.329631,0.958997,-0.055928,-0.103254,0.131872
-0.031263,0.050197,0.780882,-0.020399,0.008416,-0.998039,0.058584,0.062571,0.035395,0.096982,0.176169,-0.229389,-0.031972,0.002188,-0.022630,-0.014246,0.254814,-0.219997,0.065111,-0.016931,0.007400,0.155050,0.015773,0.219544,-0.571655,1.059194,0.367105,-0.077280,0.007441,0.104954,-0.182361,0.329721,0.958840,-0.056047,-0.103757,0.131810
-0.031389,0.049996,0.780859,-0.020453,0.008394,-0.998027,0.058773,0.062817,0.034952,0.096599,0.176382,-0.229805,-0.031163,0.002465,-0.023110,-0.014718,0.255275,-0.220339,0.065099,-0.016701,0.007288,0.155080,0.016058,0.219523,-0.570992,1.059209,0.368151,-0.077083,0.006604,0.104675,-0.182290,0.329953,0.958875,-0.056510,-0.104580,0.131596
-0.031555,0.049792,0.780846,-0.020495,0.008381,-0.998016,0.058935,0.063029,0.034547,0.096265,0.176620,-0.230231,-0.030380,0.002705,-0.023542,-0.015109,0.255706,-0.220654,0.065096,-0.016308,0.007246,0.155146,0.016043,0.219508,-0.570881,1.059332,0.369256,-0.076863,0.005988,0.104542,-0.182267,0.330118,0.958750,-0.057148,-0.105302,0.131409
-0.031709,0.049563,0.780802,-0.020565,0.008360,-0.998004,0.059113,0.063417,0.034125,0.095932,0.176582,-0.230490,-0.029839,0.003035,-0.023961,-0.015419,0.256071,-0.221029,0.065262,-0.016397,0.007129,0.155234,0.016050,0.219371,-0.570389,1.059494,0.370568,-0.076724,0.005735,0.103986,-0.182104,0.331032,0.959187,-0.057616,-0.105774,0.131120
-0.031864,0.049334,0.780777,-0.020669,0.008372,-0.997991,0.059300,0.063933,0.033804,0.095616,0.176378,-0.230629,-0.029697,0.003561,-0.024232,-0.015587,0.256129,-0.221372,0.065661,-0.016199,0.007151,0.155517,0.015750,0.219297,-0.570476,1.059599,0.371415,-0.076793,0.006123,0.103692,-0.182029,0.331614,0.959282,-0.058135,-0.105640,0.131058
-0.031984,0.049108,0.780776,-0.020791,0.008400,-0.997977,0.059485,0.064556,0.033535,0.095331,0.176022,-0.230674,-0.029801,0.004195,-0.024415,-0.015633,0.256012,-0.221701,0.066206,-0.016104,0.007207,0.155845,0.015282,0.219157,-0.570801,1.059786,0.372111,-0.076952,0.007000,0.103346,-0.181901,0.332555,0.959474,-0.058606,-0.105160,0.130972
-0.032108,0.048884,0.780765,-0.020906,0.008419,-0.997964,0.059670,0.065188,0.033249,0.095050,0.175604,-0.230670,-0.029937,0.004825,-0.024618,-0.015675,0.255862,-0.222029,0.066792,-0.016062,0.007245,0.156124,0.014665,0.218988,-0.571342,1.060084,0.373083,-0.077069,0.007985,0.102969,-0.181752,0.333634,0.959795,-0.059067,-0.104563,0.130907
-0.032265,0.048726,0.780765,-0.020990,0.008412,-0.997951,0.059852,0.065761,0.032876,0.094760,0.175181,-0.230658,-0.029894,0.005363,-0.024939,-0.015816,0.255798,-0.222362,0.067310,-0.016016,0.007230,0.156310,0.013978,0.218760,-0.572069,1.060397,0.374792,-0.077007,0.008676,0.102660,-0.181552,0.334711,0.960147,-0.059565,-0.104074,0.130930
-0.032395,0.048528,0.780727,-0.021025,0.008355,-0.997940,0.060032,0.066231,0.032362,0.094455,0.174767,-0.230631,-0.029573,0.005761,-0.025459,-0.016106,0.255860,-0.222709,0.067761,-0.015924,0.007112,0.156353,0.013157,0.218526,-0.573125,1.060770,0.377571,-0.076743,0.008945,0.102412,-0.181331,0.335772,0.960582,-0.060077,-0.103770,0.131166
-0.032566,0.048352,0.780714,-0.021027,0.008268,-0.997930,0.060209,0.066653,0.031754,0.094149,0.174326,-0.230574,-0.029101,0.006066,-0.026105,-0.016478,0.256009,-0.223078,0.068191,-0.015802,0.006931,0.156355,0.012251,0.218317,-0.574437,1.061065,0.381158,-0.076332,0.008986,0.102252,-0.181116,0.336817,0.960987,-0.060646,-0.103515,0.131570
-0.032707,0.048139,0.780679,-0.021023,0.008181,-0.997920,0.060385,0.067057,0.031152,0.093837,0.173886,-0.230519,-0.028605,0.006368,-0.026755,-0.016879,0.256130,-0.223420,0.068568,-0.015651,0.006759,0.156279,0.011229,0.218056,-0.575949,1.061480,0.384829,-0.075819,0.008961,0.102178,-0.180821,0.337821,0.961413,-0.061230,-0.103259,0.131891
-0.032850,0.047928,0.780671,-0.021041,0.008128,-0.997909,0.060566,0.067522,0.030648,0.093518,0.173406,-0.230469,-0.028210,0.006760,-0.027287,-0.017260,0.256136,-0.223693,0.068860,-0.015629,0.006726,0.156386,0.010337,0.217856,-0.577057,1.061570,0.388204,-0.075301,0.008854,0.102148,-0.180577,0.338586,0.961590,-0.061982,-0.102952,0.132086
-0.032974,0.047757,0.780685,-0.021082,0.008127,-0.997897,0.060752,0.068016,0.030291,0.093182,0.172935,-0.230465,-0.027961,0.007252,-0.027644,-0.017617,0.255996,-0.223888,0.069012,-0.015706,0.006830,0.156477,0.009360,0.217525,-0.578035,1.061826,0.391121,-0.074656,0.008800,0.102097,-0.180164,0.339166,0.961830,-0.062920,-0.102526,0.131925
-0.033085,0.047572,0.780682,-0.021135,0.008157,-0.997884,0.060943,0.068535,0.030023,0.092830,0.172460,-0.230486,-0.027787,0.007814,-0.027899,-0.017976,0.255749,-0.224015,0.069057,-0.015907,0.007028,0.156612,0.008310,0.217048,-0.578743,1.062162,0.394038,-0.073897,0.008703,0.101930,-0.179570,0.339528,0.962179,-0.064119,-0.102025,0.131566
-0.033214,0.047383,0.780648,-0.021203,0.008197,-0.997871,0.061133,0.069102,0.029787,0.092486,0.171944,-0.230489,-0.027640,0.008409,-0.028118,-0.018323,0.255483,-0.224129,0.069091,-0.016195,0.007290,0.156889,0.007449,0.216729,-0.579201,1.062098,0.396566,-0.073252,0.008500,0.101919,-0.179163,0.339884,0.962186,-0.065211,-0.101573,0.131201
-0.033351,0.047196,0.780609,-0.021287,0.008222,-0.997857,0.061316,0.069713,0.029523,0.092173,0.171413,-0.230458,-0.027476,0.009024,-0.028367,-0.018641,0.255260,-0.224270,0.069210,-0.016374,0.007424,0.157074,0.006403,0.216186,-0.579582,1.062466,0.398438,-0.072904,0.008319,0.101809,-0.178466,0.340288,0.962517,-0.066092,-0.101326,0.130771
-0.033471,0.047048,0.780607,-0.021400,0.008227,-0.997844,0.061488,0.070411,0.029222,0.091909,0.170822,-0.230358,-0.027285,0.009665,-0.028652,-0.018906,0.255095,-0.224453,0.069474,-0.016423,0.007579,0.157577,0.005703,0.216069,-0.579750,1.062010,0.399345,-0.073021,0.007927,0.102147,-0.178301,0.340638,0.962003,-0.066521,-0.101326,0.130620
-0.033596,0.046850,0.780588,-0.021533,0.008222,-0.997831,0.061653,0.071200,0.028904,0.091681,0.170130,-0.230183,-0.027093,0.010332,-0.028949,-0.019128,0.254960,-0.224652,0.069823,-0.016495,0.007535,0.157878,0.004752,0.215638,-0.579825,1.062262,0.399461,-0.073406,0.007602,0.102302,-0.177690,0.341365,0.961998,-0.066631,-0.101505,0.130238
-0.033733,0.046650,0.780585,-0.021673,0.008218,-0.997818,0.061815,0.071976,0.028595,0.091451,0.169513,-0.230050,-0.026897,0.011019,-0.029244,-0.019363,0.254825,-0.224851,0.070162,-0.016490,0.007568,0.158343,0.004034,0.215354,-0.579778,1.061957,0.399344,-0.073884,0.007208,0.102728,-0.177268,0.341860,0.961552,-0.066719,-0.101750,0.129933
-0.033885,0.046466,0.780590,-0.021796,0.008222,-0.997805,0.061986,0.072687,0.028302,0.091182,0.168986,-0.229981,-0.026697,0.011701,-0.029535,-0.019664,0.254656,-0.225013,0.070402,-0.016702,0.007525,0.158497,0.003175,0.214790,-0.579520,1.062275,0.399435,-0.074384,0.006944,0.102643,-0.176455,0.342566,0.962088,-0.066859,-0.102080,0.129423
-0.034057,0.046284,0.780595,-0.021905,0.008242,-0.997791,0.062165,0.073234,0.028048,0.090843,0.168773,-0.230102,-0.026449,0.012387,-0.029815,-0.020076,0.254461,-0.225126,0.070479,-0.016955,0.007603,0.158648,0.002604,0.214282,-0.579222,1.062113,0.399792,-0.074805,0.006684,0.102797,-0.175751,0.343144,0.962410,-0.067258,-0.102378,0.128729
-0.034200,0.046114,0.780591,-0.022006,0.008272,-0.997777,0.062350,0.073694,0.027815,0.090463,0.168742,-0.230335,-0.026167,0.013074,-0.030089,-0.020561,0.254256,-0.225206,0.070455,-0.017279,0.007741,0.158764,0.002213,0.213801,-0.578819,1.061712,0.400168,-0.075263,0.006420,0.103044,-0.175107,0.343733,0.962707,-0.067735,-0.102713,0.127893
-0.034314,0.045955,0.780574,-0.022098,0.008304,-0.997764,0.062534,0.074174,0.027590,0.090090,0.168644,-0.230541,-0.025938,0.013750,-0.030357,-0.021043,0.254045,-0.225301,0.070425,-0.017600,0.007920,0.158886,0.001951,0.213378,-0.578391,1.061071,0.400502,-0.075663,0.006231,0.103414,-0.174564,0.344256,0.962869,-0.068013,-0.103080,0.127219
-0.034495,0.045801,0.780547,-0.022184,0.008331,-0.997751,0.062708,0.074809,0.027356,0.089774,0.168177,-0.230550,-0.025848,0.014420,-0.030612,-0.021448,0.253800,-0.225431,0.070486,-0.017908,0.008047,0.158911,0.001530,0.212737,-0.577919,1.060747,0.400824,-0.075898,0.006270,0.103605,-0.173794,0.344759,0.963348,-0.067869,-0.103487,0.126884
-0.034667,0.045640,0.780522,-0.022263,0.008353,-0.997738,0.062877,0.075776,0.027098,0.089536,0.166948,-0.230187,-0.026007,0.015077,-0.030851,-0.021745,0.253526,-0.225643,0.070683,-0.017958,0.008328,0.159219,0.001419,0.212573,-0.577762,1.059430,0.400891,-0.075885,0.006480,0.104390,-0.173601,0.344893,0.962804,-0.066837,-0.103964,0.127359
-0.034823,0.045472,0.780503,-0.022336,0.008370,-0.997726,0.063044,0.076865,0.026834,0.089342,0.165433,-0.229651,-0.026341,0.015738,-0.031079,-0.021981,0.253216,-0.225901,0.070958,-0.018150,0.008462,0.159278,0.000982,0.211954,-0.577336,1.058959,0.401107,-0.075720,0.007012,0.104798,-0.172933,0.345182,0.963001,-0.065358,-0.104529,0.128032
-0.034970,0.045273,0.780492,-0.022399,0.008389,-0.997714,0.063197,0.077900,0.026583,0.089176,0.163995,-0.229155,-0.026656,0.016366,-0.031299,-0.022184,0.252915,-0.226158,0.071254,-0.018158,0.008726,0.159518,0.000893,0.211757,-0.577161,1.057595,0.401048,-0.075510,0.007466,0.105606,-0.172727,0.345245,0.962490,-0.063747,-0.105029,0.129050
-0.035133,0.045087,0.780466,-0.022453,0.008402,-0.997705,0.063321,0.078724,0.026334,0.089026,0.163000,-0.228892,-0.026754,0.016952,-0.031535,-0.022382,0.252651,-0.226358,0.071518,-0.018252,0.008816,0.159282,0.000161,0.210619,-0.576733,1.057786,0.401127,-0.075387,0.007955,0.105713,-0.171657,0.345489,0.963348,-0.062868,-0.105384,0.129687
-0.035303,0.044924,0.780445,-0.022493,0.008407,-0.997699,0.063408,0.079201,0.026085,0.088887,0.162732,-0.229012,-0.026507,0.017473,-0.031802,-0.022582,0.252442,-0.226471,0.071752,-0.018230,0.009004,0.159215,0.000012,0.210153,-0.576522,1.056735,0.400814,-0.075447,0.008026,0.106351,-0.171253,0.345697,0.963267,-0.062513,-0.105454,0.130531
-0.035483,0.044765,0.780422,-0.022524,0.008404,-0.997694,0.063467,0.079458,0.025837,0.088769,0.162918,-0.229368,-0.026045,0.017956,-0.032089,-0.022773,0.252259,-0.226533,0.071980,-0.018269,0.009136,0.158882,-0.000408,0.209204,-0.576207,1.056380,0.400469,-0.075589,0.008057,0.106647,-0.170494,0.346062,0.963838,-0.062626,-0.105358,0.131305
-0.035644,0.044599,0.780402,-0.022546,0.008406,-0.997691,0.063513,0.079645,0.025608,0.088668,0.163228,-0.229796,-0.025559,0.018384,-0.032360,-0.022944,0.252126,-0.226592,0.072180,-0.018225,0.009301,0.158527,-0.000801,0.208231,-0.575875,1.055969,0.400045,-0.075721,0.008055,0.107012,-0.169797,0.346345,0.964357,-0.062905,-0.105219,0.131969
-0.035799,0.044431,0.780390,-0.022561,0.008424,-0.997687,0.063563,0.079865,0.025424,0.088581,0.163410,-0.230167,-0.025239,0.018764,-0.032572,-0.023080,0.252048,-0.226706,0.072332,-0.018107,0.009516,0.158332,-0.000828,0.207653,-0.575415,1.054859,0.399578,-0.075750,0.008045,0.107622,-0.169409,0.346493,0.964423,-0.063051,-0.105165,0.132407
-0.035940,0.044250,0.780390,-0.022567,0.008466,-0.997683,0.063617,0.080141,0.025313,0.088523,0.163412,-0.230468,-0.025168,0.019051,-0.032699,-0.023164,0.252099,-0.226909,0.072396,-0.017804,0.009779,0.158254,-0.000588,0.207400,-0.574944,1.053179,0.398980,-0.075579,0.008114,0.108455,-0.169240,0.346488,0.964167,-0.063127,-0.105242,0.132462
-0.036098,0.044119,0.780400,-0.022564,0.008525,-0.997680,0.063668,0.080428,0.025250,0.088494,0.163334,-0.230735,-0.025233,0.019272,-0.032766,-0.023206,0.252231,-0.227159,0.072394,-0.017529,0.010046,0.158136,-0.000343,0.206939,-0.574087,1.051632,0.398501,-0.075300,0.008253,0.109168,-0.168945,0.346495,0.964129,-0.063347,-0.105380,0.132166
-0.036260,0.043965,0.780364,-0.022559,0.008585,-0.997676,0.063723,0.080712,0.025195,0.088452,0.163234,-0.230989,-0.025335,0.019490,-0.032820,-0.023252,0.252344,-0.227413,0.072401,-0.017462,0.010279,0.157847,-0.000421,0.205997,-0.572817,1.050951,0.398296,-0.075066,0.008490,0.109372,-0.168382,0.346567,0.964865,-0.063530,-0.105569,0.131598
-0.036430,0.043864,0.780339,-0.022549,0.008626,-0.997672,0.063783,0.080965,0.025100,0.088375,0.163160,-0.231225,-0.025372,0.019718,-0.032915,-0.023325,0.252414,-0.227663,0.072491,-0.017275,0.010530,0.157624,-0.000365,0.205229,-0.571824,1.050006,0.398025,-0.074920,0.008667,0.109870,-0.167945,0.346306,0.965182,-0.063341,-0.105727,0.131088
-0.036573,0.043733,0.780294,-0.022546,0.008647,-0.997667,0.063848,0.081211,0.024956,0.088248,0.163112,-0.231444,-0.025329,0.020016,-0.033053,-0.023438,0.252357,-0.227880,0.072721,-0.017129,0.010791,0.157306,-0.000616,0.204014,-0.570770,1.049753,0.397987,-0.074935,0.008857,0.110225,-0.167289,0.345719,0.965814,-0.062726,-0.105865,0.130518
-0.036716,0.043605,0.780256,-0.022543,0.008652,-0.997663,0.063915,0.081444,0.024786,0.088088,0.163068,-0.231640,-0.025256,0.020332,-0.033215,-0.023571,0.252254,-0.228099,0.073037,-0.016950,0.011054,0.157177,-0.000389,0.203408,-0.569836,1.048605,0.397846,-0.075044,0.008899,0.110956,-0.166958,0.344891,0.965790,-0.061624,-0.105981,0.129999
-0.036835,0.043489,0.780237,-0.022528,0.008651,-0.997659,0.063992,0.081626,0.024600,0.087908,0.163054,-0.231833,-0.025151,0.020640,-0.033398,-0.023727,0.252106,-0.228295,0.073354,-0.016791,0.011301,0.156900,-0.000564,0.202290,-0.568822,1.048333,0.397918,-0.075214,0.009025,0.111393,-0.166360,0.343874,0.966237,-0.060638,-0.106119,0.129404
-0.036982,0.043380,0.780265,-0.022482,0.008641,-0.997654,0.064088,0.081742,0.024392,0.087720,0.162998,-0.231986,-0.025012,0.020863,-0.033608,-0.023899,0.251987,-0.228483,0.073585,-0.016703,0.011475,0.156654,-0.000411,0.201609,-0.567973,1.047619,0.397841,-0.075384,0.009125,0.111944,-0.166012,0.343013,0.966326,-0.059819,-0.106259,0.128903
-0.037112,0.043276,0.780264,-0.022382,0.008618,-0.997648,0.064215,0.081687,0.024147,0.087513,0.163002,-0.232148,-0.024797,0.020958,-0.033879,-0.024107,0.251888,-0.228650,0.073681,-0.016717,0.011557,0.156218,-0.000475,0.200728,-0.567129,1.047527,0.397832,-0.075636,0.009311,0.112245,-0.165591,0.342191,0.966703,-0.059426,-0.106486,0.128393
-0.037235,0.043176,0.780244,-0.022242,0.008582,-0.997642,0.064365,0.081548,0.023863,0.087289,0.162959,-0.232270,-0.024521,0.020964,-0.034198,-0.024345,0.251787,-0.228795,0.073697,-0.016818,0.011570,0.155704,-0.000478,0.199902,-0.566329,1.047519,0.397827,-0.075933,0.009528,0.112498,-0.165243,0.341407,0.967048,-0.059206,-0.106749,0.127876
-0.037360,0.043096,0.780238,-0.022110,0.008549,-0.997635,0.064514,0.081404,0.023602,0.087066,0.162945,-0.232391,-0.024268,0.020992,-0.034497,-0.024581,0.251668,-0.228925,0.073701,-0.016942,0.011566,0.155253,-0.000333,0.199303,-0.565637,1.047339,0.397761,-0.076200,0.009719,0.112772,-0.165019,0.340718,0.967213,-0.059070,-0.106959,0.127476
-0.037475,0.043018,0.780226,-0.022032,0.008533,-0.997629,0.064641,0.081411,0.023408,0.086869,0.162891,-0.232493,-0.024123,0.021122,-0.034713,-0.024787,0.251552,-0.229056,0.073766,-0.017011,0.011599,0.154933,-0.000110,0.198814,-0.565115,1.047049,0.397636,-0.076304,0.009897,0.113043,-0.164866,0.340152,0.967257,-0.058979,-0.107009,0.127240
-0.037583,0.042941,0.780215,-0.022030,0.008545,-0.997622,0.064739,0.081586,0.023318,0.086702,0.162842,-0.232572,-0.024155,0.021439,-0.034804,-0.024953,0.251364,-0.229155,0.073939,-0.017008,0.011627,0.154771,0.000144,0.198602,-0.564857,1.046700,0.397332,-0.076282,0.010029,0.113253,-0.164815,0.339792,0.967234,-0.058878,-0.106858,0.127262
-0.037697,0.042867,0.780212,-0.022079,0.008578,-0.997616,0.064821,0.081876,0.023301,0.086552,0.162785,-0.232630,-0.024303,0.021879,-0.034810,-0.025096,0.251108,-0.229210,0.074175,-0.016842,0.011800,0.154684,-0.000000,0.197929,-0.564684,1.046988,0.397213,-0.076134,0.010202,0.113355,-0.164725,0.339168,0.967314,-0.059117,-0.106553,0.127492
-0.037812,0.042798,0.780222,-0.022150,0.008611,-0.997609,0.064889,0.082224,0.023306,0.086419,0.162726,-0.232710,-0.024459,0.022357,-0.034792,-0.025226,0.250876,-0.229282,0.074393,-0.016670,0.011967,0.154608,-0.000077,0.197353,-0.564708,1.047277,0.396974,-0.075908,0.010398,0.113477,-0.164721,0.338777,0.967322,-0.059281,-0.106207,0.127760
-0.037948,0.042749,0.780193,-0.022220,0.008633,-0.997604,0.064945,0.082550,0.023298,0.086304,0.162737,-0.232892,-0.024513,0.022781,-0.034802,-0.025355,0.250768,-0.229427,0.074514,-0.016530,0.012131,0.154532,-0.000086,0.196826,-0.564706,1.047566,0.396775,-0.075687,0.010587,0.113605,-0.164778,0.338537,0.967272,-0.059376,-0.105946,0.128019
-0.038058,0.042713,0.780175,-0.022299,0.008635,-0.997600,0.064980,0.082898,0.023254,0.086215,0.162809,-0.233224,-0.024389,0.023168,-0.034860,-0.025481,0.250820,-0.229673,0.074468,-0.016467,0.012216,0.154493,0.000089,0.196489,-0.564666,1.047696,0.396688,-0.075461,0.010766,0.113705,-0.164854,0.338508,0.967172,-0.059374,-0.105807,0.128267
-0.038190,0.042687,0.780150,-0.022393,0.008627,-0.997597,0.064996,0.083263,0.023211,0.086148,0.162959,-0.233671,-0.024162,0.023551,-0.034930,-0.025600,0.250975,-0.229981,0.074316,-0.016450,0.012316,0.154450,0.000235,0.196124,-0.564614,1.048032,0.396722,-0.075208,0.010984,0.113764,-0.164991,0.338655,0.967089,-0.059328,-0.105720,0.128536
-0.038303,0.042668,0.780137,-0.022478,0.008616,-0.997594,0.065011,0.083595,0.023164,0.086090,0.163116,-0.234120,-0.023947,0.023896,-0.035003,-0.025713,0.251147,-0.230299,0.074164,-0.016415,0.012369,0.154418,0.000453,0.195899,-0.564547,1.048275,0.396640,-0.074986,0.011130,0.113798,-0.165114,0.338865,0.966975,-0.059292,-0.105670,0.128797
-0.038403,0.042624,0.780108,-0.022526,0.008608,-0.997591,0.065043,0.083867,0.023120,0.086024,0.163153,-0.234418,-0.023859,0.024168,-0.035067,-0.025818,0.251253,-0.230568,0.074120,-0.016441,0.012457,0.154301,0.000608,0.195611,-0.564299,1.048681,0.396308,-0.074870,0.011192,0.113824,-0.165328,0.339257,0.966845,-0.059212,-0.105616,0.128976
-0.038507,0.042599,0.780106,-0.022519,0.008603,-0.997588,0.065098,0.084051,0.023069,0.085960,0.163010,-0.234496,-0.023981,0.024347,-0.035129,-0.025907,0.251234,-0.230763,0.074261,-0.016409,0.012528,0.154115,0.000703,0.195374,-0.563930,1.049148,0.395459,-0.074890,0.011128,0.113792,-0.165579,0.339697,0.966715,-0.059146,-0.105538,0.129089
-0.038646,0.042598,0.780134,-0.022476,0.008597,-0.997584,0.065167,0.084179,0.023012,0.085900,0.162751,-0.234444,-0.024235,0.024465,-0.035190,-0.025986,0.251126,-0.230906,0.074514,-0.016399,0.012606,0.153880,0.000760,0.195151,-0.563414,1.049704,0.394259,-0.075018,0.010978,0.113729,-0.165915,0.340304,0.966534,-0.059035,-0.105446,0.129157
-0.038707,0.042548,0.780131,-0.022423,0.008595,-0.997581,0.065240,0.084264,0.022973,0.085828,0.162515,-0.234373,-0.024493,0.024546,-0.035234,-0.026063,0.251033,-0.231042,0.074760,-0.016504,0.012733,0.153646,0.000885,0.194930,-0.562698,1.050206,0.393193,-0.075185,0.010730,0.113706,-0.166401,0.341016,0.966273,-0.058937,-0.105407,0.129187
-0.038784,0.042539,0.780102,-0.022386,0.008598,-0.997577,0.065308,0.084336,0.022971,0.085728,0.162411,-0.234375,-0.024632,0.024674,-0.035236,-0.026150,0.250916,-0.231138,0.074881,-0.016448,0.012818,0.153424,0.000989,0.194851,-0.562205,1.050642,0.392580,-0.075298,0.010385,0.113781,-0.166674,0.341333,0.966107,-0.059101,-0.105522,0.129163
-0.038886,0.042580,0.780076,-0.022374,0.008609,-0.997574,0.065363,0.084379,0.023023,0.085598,0.162532,-0.234501,-0.024584,0.024825,-0.035185,-0.026227,0.250874,-0.231232,0.074840,-0.016290,0.012877,0.153161,0.001063,0.194840,-0.561923,1.051128,0.392653,-0.075343,0.009924,0.113923,-0.166781,0.341349,0.966170,-0.059621,-0.105937,0.129013
-0.038980,0.042610,0.780071,-0.022372,0.008630,-0.997570,0.065417,0.084378,0.023124,0.085432,0.162820,-0.234704,-0.024426,0.025009,-0.035085,-0.026309,0.250798,-0.231276,0.074699,-0.016357,0.012996,0.152992,0.001290,0.194860,-0.561175,1.051422,0.393489,-0.075436,0.009239,0.114190,-0.167024,0.341341,0.966055,-0.060425,-0.106540,0.128862
-0.039085,0.042634,0.780070,-0.022374,0.008649,-0.997566,0.065473,0.084386,0.023228,0.085258,0.163098,-0.234904,-0.024252,0.025192,-0.034978,-0.026407,0.250746,-0.231329,0.074500,-0.016358,0.013109,0.152787,0.001483,0.194911,-0.560645,1.051740,0.394283,-0.075474,0.008603,0.114443,-0.167200,0.341235,0.966061,-0.061081,-0.107084,0.128667
-0.039170,0.042627,0.780060,-0.022370,0.008666,-0.997561,0.065541,0.084388,0.023328,0.085076,0.163345,-0.235112,-0.024159,0.025396,-0.034887,-0.026561,0.250655,-0.231396,0.074276,-0.016378,0.013203,0.152605,0.001697,0.194971,-0.560163,1.051961,0.394811,-0.075444,0.008107,0.114721,-0.167312,0.341061,0.965983,-0.061357,-0.107259,0.128493
-0.039242,0.042655,0.780058,-0.022356,0.008671,-0.997556,0.065624,0.084429,0.023394,0.084893,0.163437,-0.235283,-0.024164,0.025588,-0.034842,-0.026786,0.250595,-0.231523,0.073988,-0.016405,0.013272,0.152391,0.001877,0.195027,-0.559801,1.052194,0.394850,-0.075319,0.007807,0.114932,-0.167381,0.340871,0.965943,-0.060976,-0.106931,0.128343
-0.039339,0.042727,0.780078,-0.022338,0.008675,-0.997550,0.065718,0.084470,0.023456,0.084698,0.163495,-0.235463,-0.024220,0.025784,-0.034808,-0.027070,0.250538,-0.231673,0.073633,-0.016523,0.013346,0.152271,0.002137,0.195135,-0.559219,1.052202,0.394863,-0.075158,0.007532,0.115143,-0.167469,0.340532,0.965761,-0.060312,-0.106259,0.128283
-0.039452,0.042783,0.780056,-0.022321,0.008674,-0.997545,0.065813,0.084531,0.023515,0.084508,0.163500,-0.235611,-0.024318,0.025991,-0.034777,-0.027360,0.250456,-0.231821,0.073305,-0.016637,0.013390,0.152128,0.002338,0.195294,-0.558789,1.052286,0.394643,-0.075020,0.007358,0.115317,-0.167543,0.340225,0.965672,-0.059402,-0.105517,0.128233
-0.039545,0.042833,0.780030,-0.022319,0.008675,-0.997539,0.065906,0.084626,0.023588,0.084327,0.163489,-0.235721,-0.024450,0.026229,-0.034725,-0.027616,0.250345,-0.231962,0.073101,-0.016735,0.013465,0.152037,0.002564,0.195359,-0.558534,1.052304,0.394394,-0.074884,0.007294,0.115569,-0.167557,0.339992,0.965503,-0.058567,-0.104889,0.128165
-0.039674,0.042901,0.780034,-0.022336,0.008673,-0.997533,0.065989,0.084758,0.023670,0.084169,0.163469,-0.235778,-0.024623,0.026518,-0.034652,-0.027818,0.250161,-0.232084,0.073115,-0.016854,0.013528,0.152094,0.002741,0.195508,-0.558206,1.052257,0.394188,-0.074889,0.007279,0.115841,-0.167565,0.339621,0.965241,-0.057878,-0.104450,0.128239
-0.039747,0.042944,0.780031,-0.022368,0.008669,-0.997527,0.066070,0.084924,0.023759,0.084024,0.163423,-0.235797,-0.024837,0.026834,-0.034565,-0.027993,0.249954,-0.232214,0.073273,-0.017009,0.013599,0.152152,0.002875,0.195590,-0.558060,1.052295,0.393805,-0.074927,0.007427,0.116103,-0.167556,0.339397,0.965031,-0.057020,-0.104066,0.128306
-0.039780,0.043011,0.780042,-0.022399,0.008670,-0.997521,0.066149,0.085076,0.023870,0.083877,0.163389,-0.235808,-0.025080,0.027145,-0.034456,-0.028160,0.249727,-0.232311,0.073415,-0.017093,0.013652,0.152281,0.003003,0.195764,-0.557896,1.052240,0.393498,-0.075038,0.007509,0.116423,-0.167521,0.339024,0.964741,-0.056381,-0.103777,0.128438
-0.039853,0.043087,0.780041,-0.022412,0.008682,-0.997515,0.066228,0.085179,0.024004,0.083720,0.163354,-0.235819,-0.025336,0.027371,-0.034327,-0.028329,0.249583,-0.232385,0.073385,-0.017149,0.013731,0.152304,0.003113,0.195868,-0.557802,1.052329,0.393219,-0.075190,0.007497,0.116687,-0.167487,0.338829,0.964650,-0.055916,-0.103627,0.128505
-0.039928,0.043179,0.780022,-0.022404,0.008716,-0.997510,0.066303,0.085215,0.024192,0.083550,0.163332,-0.235839,-0.025634,0.027512,-0.034147,-0.028499,0.249492,-0.232381,0.073059,-0.017056,0.013809,0.152301,0.003217,0.195987,-0.557649,1.052433,0.393152,-0.075445,0.007212,0.117121,-0.167440,0.338557,0.964469,-0.056053,-0.103653,0.128532
-0.039973,0.043245,0.779994,-0.022379,0.008757,-0.997505,0.066373,0.085214,0.024402,0.083379,0.163291,-0.235845,-0.025966,0.027534,-0.033948,-0.028653,0.249550,-0.232379,0.072553,-0.016945,0.013912,0.152254,0.003283,0.196059,-0.557557,1.052646,0.393068,-0.075737,0.006872,0.117358,-0.167405,0.338441,0.964579,-0.056369,-0.103840,0.128509
-0.040038,0.043328,0.779979,-0.022352,0.008808,-0.997500,0.066451,0.085179,0.024641,0.083187,0.163294,-0.235873,-0.026284,0.027606,-0.033723,-0.028834,0.249485,-0.232311,0.072045,-0.016800,0.014017,0.152157,0.003353,0.196133,-0.557407,1.052896,0.393142,-0.076120,0.006408,0.117791,-0.167361,0.338270,0.964567,-0.056837,-0.104090,0.128529
-0.040100,0.043404,0.779984,-0.022339,0.008840,-0.997494,0.066541,0.085158,0.024845,0.082980,0.163334,-0.235920,-0.026525,0.027745,-0.033533,-0.029050,0.249356,-0.232282,0.071729,-0.016687,0.014060,0.152129,0.003402,0.196185,-0.557295,1.053098,0.393299,-0.076392,0.006145,0.118169,-0.167324,0.338147,0.964466,-0.056900,-0.104183,0.128639
-0.040147,0.043474,0.779993,-0.022340,0.008854,-0.997487,0.066655,0.085147,0.025017,0.082741,0.163432,-0.236004,-0.026659,0.028009,-0.033379,-0.029332,0.249064,-0.232275,0.071724,-0.016615,0.014041,0.152141,0.003446,0.196251,-0.557231,1.053263,0.393632,-0.076565,0.006075,0.118514,-0.167267,0.338085,0.964267,-0.056359,-0.104053,0.128896
-0.040201,0.043571,0.780013,-0.022352,0.008859,-0.997478,0.066787,0.085153,0.025180,0.082473,0.163535,-0.236095,-0.026723,0.028383,-0.033239,-0.029666,0.248603,-0.232247,0.071905,-0.016546,0.013935,0.152176,0.003452,0.196347,-0.557239,1.053450,0.394102,-0.076691,0.006121,0.118940,-0.167174,0.338117,0.963893,-0.055451,-0.103767,0.129223
-0.040272,0.043676,0.780032,-0.022371,0.008854,-0.997468,0.066916,0.085161,0.025318,0.082211,0.163666,-0.236196,-0.026760,0.028736,-0.033121,-0.029994,0.248212,-0.232263,0.072095,-0.016513,0.013828,0.152216,0.003507,0.196410,-0.557295,1.053551,0.394450,-0.076757,0.006281,0.119237,-0.167100,0.338209,0.963653,-0.054440,-0.103527,0.129541
-0.040316,0.043813,0.780031,-0.022401,0.008849,-0.997460,0.067031,0.085194,0.025465,0.081968,0.163797,-0.236295,-0.026826,0.029066,-0.032989,-0.030287,0.247912,-0.232284,0.072106,-0.016494,0.013707,0.152255,0.003548,0.196472,-0.557355,1.053665,0.394517,-0.076791,0.006555,0.119600,-0.167017,0.338310,0.963385,-0.053644,-0.103423,0.129726
-0.040367,0.043936,0.780025,-0.022450,0.008833,-0.997453,0.067118,0.085294,0.025586,0.081770,0.163890,-0.236378,-0.026930,0.029324,-0.032876,-0.030510,0.247849,-0.232381,0.071834,-0.016493,0.013593,0.152332,0.003637,0.196520,-0.557384,1.053675,0.394126,-0.076795,0.006960,0.119952,-0.166935,0.338361,0.963187,-0.053150,-0.103551,0.129753
-0.040410,0.044065,0.780020,-0.022514,0.008809,-0.997447,0.067190,0.085432,0.025691,0.081596,0.163996,-0.236470,-0.027045,0.029556,-0.032776,-0.030690,0.247920,-0.232526,0.071395,-0.016504,0.013476,0.152447,0.003746,0.196559,-0.557397,1.053618,0.393440,-0.076764,0.007488,0.120307,-0.166850,0.338369,0.963003,-0.052818,-0.103815,0.129687
-0.040501,0.044180,0.780037,-0.022573,0.008788,-0.997441,0.067259,0.085550,0.025805,0.081420,0.164089,-0.236537,-0.027164,0.029755,-0.032665,-0.030869,0.248006,-0.232645,0.070944,-0.016509,0.013341,0.152548,0.003833,0.196602,-0.557414,1.053558,0.392757,-0.076701,0.008052,0.120618,-0.166729,0.338338,0.962890,-0.052644,-0.104159,0.129590
-0.040533,0.044260,0.780039,-0.022599,0.008773,-0.997436,0.067330,0.085587,0.025938,0.081231,0.164150,-0.236552,-0.027273,0.029878,-0.032539,-0.031060,0.248042,-0.232690,0.070637,-0.016512,0.013272,0.152627,0.003856,0.196608,-0.557410,1.053482,0.392399,-0.076630,0.008508,0.120763,-0.166699,0.338322,0.962864,-0.052542,-0.104483,0.129572
-0.040557,0.044397,0.780065,-0.022590,0.008791,-0.997429,0.067435,0.085436,0.026149,0.080947,0.164385,-0.236600,-0.027333,0.030017,-0.032347,-0.031354,0.247842,-0.232515,0.070519,-0.016479,0.013120,0.152639,0.003776,0.196650,-0.557488,1.053510,0.392385,-0.076464,0.009058,0.120979,-0.166464,0.338235,0.962894,-0.052679,-0.105005,0.129560
-0.040554,0.044535,0.780055,-0.022549,0.008810,-0.997423,0.067534,0.085243,0.026359,0.080658,0.164511,-0.236548,-0.027355,0.030040,-0.032156,-0.031650,0.247677,-0.232277,0.070515,-0.016481,0.013050,0.152626,0.003695,0.196658,-0.557506,1.053462,0.392595,-0.076284,0.009541,0.121043,-0.166408,0.338217,0.962978,-0.052861,-0.105539,0.129612
-0.040583,0.044669,0.780057,-0.022500,0.008841,-0.997417,0.067645,0.084970,0.026605,0.080353,0.164729,-0.236534,-0.027437,0.030100,-0.031929,-0.031960,0.247371,-0.232001,0.070561,-0.016484,0.012963,0.152620,0.003561,0.196663,-0.557535,1.053434,0.393010,-0.076083,0.009980,0.121090,-0.166300,0.338177,0.963067,-0.053170,-0.106068,0.129673
-0.040603,0.044810,0.780035,-0.022469,0.008850,-0.997410,0.067744,0.084839,0.026807,0.080126,0.164731,-0.236444,-0.027662,0.030178,-0.031728,-0.032188,0.247091,-0.231883,0.070614,-0.016450,0.012834,0.152640,0.003402,0.196662,-0.557552,1.053434,0.393587,-0.075925,0.010197,0.121069,-0.166135,0.338117,0.963110,-0.053574,-0.106250,0.129705
-0.040609,0.044967,0.780025,-0.022466,0.008834,-0.997405,0.067827,0.084884,0.026969,0.080018,0.164468,-0.236272,-0.028177,0.030303,-0.031544,-0.032282,0.246803,-0.232013,0.070731,-0.016422,0.012707,0.152686,0.003300,0.196657,-0.557526,1.053378,0.394314,-0.075807,0.009996,0.121020,-0.166087,0.338093,0.963008,-0.054054,-0.106009,0.129761
-0.040600,0.045063,0.780002,-0.022488,0.008807,-0.997399,0.067908,0.085081,0.027116,0.079974,0.163987,-0.236024,-0.028896,0.030537,-0.031353,-0.032306,0.246366,-0.232235,0.070914,-0.016380,0.012549,0.152860,0.003145,0.196638,-0.557363,1.053263,0.395414,-0.075662,0.009460,0.120961,-0.166014,0.338003,0.962657,-0.054759,-0.105373,0.129813
-0.040589,0.045195,0.780014,-0.022509,0.008767,-0.997394,0.067985,0.085270,0.027235,0.079930,0.163508,-0.235763,-0.029552,0.030719,-0.031196,-0.032333,0.246037,-0.232503,0.071030,-0.016396,0.012348,0.153070,0.002930,0.196574,-0.557051,1.053246,0.396675,-0.075625,0.009015,0.120767,-0.165848,0.337921,0.962419,-0.055505,-0.104699,0.129866
-0.040595,0.045346,0.780037,-0.022502,0.008728,-0.997388,0.068072,0.085260,0.027345,0.079788,0.163341,-0.235609,-0.029884,0.030790,-0.031067,-0.032475,0.245878,-0.232677,0.070939,-0.016429,0.012177,0.153193,0.002684,0.196531,-0.557040,1.053338,0.397715,-0.075724,0.009137,0.120501,-0.165765,0.338015,0.962422,-0.055920,-0.104248,0.129874
-0.040632,0.045538,0.780054,-0.022466,0.008685,-0.997383,0.068171,0.084989,0.027433,0.079490,0.163611,-0.235594,-0.029688,0.030706,-0.031002,-0.032796,0.245996,-0.232713,0.070517,-0.016476,0.012021,0.153290,0.002389,0.196505,-0.557274,1.053510,0.398499,-0.075999,0.009973,0.120226,-0.165719,0.338230,0.962576,-0.055994,-0.104040,0.129833
-0.040625,0.045719,0.780063,-0.022412,0.008635,-0.997377,0.068279,0.084549,0.027496,0.079092,0.164170,-0.235668,-0.029149,0.030531,-0.030979,-0.033232,0.246282,-0.232669,0.069866,-0.016524,0.011847,0.153325,0.001984,0.196482,-0.557826,1.053878,0.399033,-0.076413,0.011328,0.119858,-0.165683,0.338636,0.962953,-0.055750,-0.103951,0.129714
-0.040599,0.045863,0.780046,-0.022341,0.008592,-0.997372,0.068389,0.084033,0.027576,0.078686,0.164797,-0.235767,-0.028587,0.030296,-0.030950,-0.033684,0.246611,-0.232607,0.069191,-0.016420,0.011685,0.153188,0.001475,0.196434,-0.558896,1.054494,0.399345,-0.076848,0.013039,0.119606,-0.165633,0.339196,0.963424,-0.055202,-0.103986,0.129489
-0.040575,0.046000,0.780049,-0.022277,0.008560,-0.997366,0.068497,0.083617,0.027695,0.078362,0.165205,-0.235794,-0.028317,0.030125,-0.030870,-0.034053,0.246750,-0.232544,0.068697,-0.016394,0.011567,0.153287,0.001097,0.196412,-0.559359,1.054769,0.400481,-0.077321,0.014617,0.119332,-0.165634,0.339448,0.963667,-0.055092,-0.104124,0.129451
-0.040561,0.046144,0.780079,-0.022222,0.008550,-0.997360,0.068603,0.083385,0.027871,0.078165,0.165216,-0.235687,-0.028483,0.030033,-0.030712,-0.034313,0.246650,-0.232504,0.068464,-0.016346,0.011504,0.153472,0.000833,0.196380,-0.559546,1.054860,0.402302,-0.077802,0.016103,0.119144,-0.165651,0.339558,0.963737,-0.055212,-0.104444,0.129491
-0.040532,0.046279,0.780097,-0.022171,0.008554,-0.997354,0.068709,0.083233,0.028090,0.078038,0.165040,-0.235520,-0.028897,0.029993,-0.030500,-0.034520,0.246380,-0.232447,0.068371,-0.016311,0.011487,0.153735,0.000609,0.196318,-0.559506,1.054873,0.404642,-0.078326,0.017628,0.118948,-0.165691,0.339571,0.963756,-0.055471,-0.104927,0.129591
-0.040517,0.046437,0.780122,-0.022108,0.008561,-0.997348,0.068812,0.083067,0.028313,0.077928,0.164816,-0.235321,-0.029378,0.029923,-0.030282,-0.034688,0.246093,-0.232394,0.068334,-0.016305,0.011473,0.154012,0.000398,0.196240,-0.559378,1.054860,0.407193,-0.078826,0.019268,0.118751,-0.165745,0.339584,0.963728,-0.055820,-0.105411,0.129729
-0.040497,0.046602,0.780116,-0.022031,0.008550,-0.997343,0.068905,0.082868,0.028489,0.077792,0.164606,-0.235095,-0.029747,0.029758,-0.030106,-0.034825,0.245937,-0.232365,0.068265,-0.016305,0.011449,0.154117,0.000210,0.196228,-0.559413,1.054829,0.409371,-0.079146,0.020877,0.118637,-0.165758,0.339636,0.963731,-0.056231,-0.105687,0.129866
-0.040468,0.046763,0.780119,-0.021892,0.008530,-0.997340,0.068995,0.082450,0.028626,0.077582,0.164537,-0.234855,-0.029960,0.029437,-0.029964,-0.034934,0.245819,-0.232282,0.068178,-0.016314,0.011290,0.154320,-0.000134,0.196186,-0.559637,1.055051,0.411871,-0.079540,0.023383,0.118367,-0.165804,0.339888,0.963661,-0.056649,-0.105848,0.130049
-0.040444,0.046923,0.780128,-0.021729,0.008495,-0.997339,0.069072,0.081985,0.028722,0.077360,0.164460,-0.234573,-0.030108,0.029006,-0.029859,-0.034984,0.245812,-0.232225,0.068112,-0.016324,0.011142,0.154268,-0.000551,0.196097,-0.560234,1.055466,0.413968,-0.079778,0.026040,0.118238,-0.165901,0.340407,0.963581,-0.056992,-0.105819,0.130197
-0.040390,0.047063,0.780124,-0.021569,0.008462,-0.997337,0.069152,0.081501,0.028819,0.077125,0.164434,-0.234316,-0.030230,0.028567,-0.029754,-0.035052,0.245844,-0.232173,0.067998,-0.016334,0.011007,0.154281,-0.000898,0.196051,-0.560673,1.055707,0.416059,-0.079909,0.028577,0.118120,-0.165963,0.340739,0.963469,-0.057402,-0.105739,0.130358
-0.040334,0.047217,0.780139,-0.021445,0.008440,-0.997333,0.069249,0.081081,0.028950,0.076887,0.164445,-0.234121,-0.030362,0.028196,-0.029628,-0.035204,0.245928,-0.232153,0.067770,-0.016286,0.010943,0.154302,-0.001207,0.195964,-0.561217,1.055872,0.417671,-0.079830,0.030758,0.118148,-0.166067,0.341107,0.963323,-0.057367,-0.105671,0.130328
-0.040292,0.047383,0.780173,-0.021378,0.008439,-0.997326,0.069372,0.080751,0.029142,0.076644,0.164532,-0.234028,-0.030496,0.027936,-0.029458,-0.035491,0.246089,-0.232163,0.067342,-0.016247,0.010963,0.154519,-0.001408,0.195909,-0.561386,1.055715,0.419088,-0.079493,0.032348,0.118221,-0.166124,0.341214,0.963146,-0.056880,-0.105756,0.130135
-0.040263,0.047528,0.780192,-0.021346,0.008451,-0.997317,0.069512,0.080495,0.029369,0.076390,0.164630,-0.233977,-0.030617,0.027743,-0.029268,-0.035866,0.246313,-0.232196,0.066773,-0.016219,0.011031,0.154820,-0.001526,0.195872,-0.561404,1.055362,0.420274,-0.078946,0.033575,0.118301,-0.166155,0.341224,0.963014,-0.056030,-0.105922,0.129803
-0.040271,0.047704,0.780210,-0.021319,0.008463,-0.997307,0.069655,0.080217,0.029597,0.076135,0.164797,-0.233967,-0.030757,0.027541,-0.029077,-0.036253,0.246583,-0.232270,0.066211,-0.016195,0.011114,0.155162,-0.001635,0.195809,-0.561321,1.054970,0.421230,-0.078366,0.034598,0.118402,-0.166199,0.341193,0.962848,-0.055282,-0.105915,0.129461
-0.040204,0.047852,0.780188,-0.021268,0.008457,-0.997300,0.069783,0.079963,0.029773,0.075895,0.164807,-0.233846,-0.030946,0.027317,-0.028922,-0.036563,0.246777,-0.232351,0.065808,-0.016179,0.011150,0.155411,-0.001737,0.195744,-0.561217,1.054706,0.421884,-0.077959,0.035515,0.118498,-0.166239,0.341172,0.962723,-0.055140,-0.105493,0.129247
-0.040173,0.047995,0.780190,-0.021200,0.008429,-0.997295,0.069879,0.079755,0.029888,0.075697,0.164642,-0.233594,-0.031242,0.027087,-0.028799,-0.036741,0.246869,-0.232464,0.065655,-0.016088,0.011092,0.155491,-0.001812,0.195721,-0.561191,1.054616,0.422107,-0.077797,0.036295,0.118560,-0.166252,0.341187,0.962833,-0.055927,-0.104471,0.129218
-0.040148,0.048146,0.780185,-0.021092,0.008384,-0.997291,0.069967,0.079519,0.029948,0.075505,0.164349,-0.233241,-0.031606,0.026756,-0.028711,-0.036857,0.246972,-0.232635,0.065656,-0.016032,0.010984,0.155528,-0.001877,0.195674,-0.561145,1.054582,0.422016,-0.077724,0.037119,0.118658,-0.166274,0.341227,0.962735,-0.057482,-0.102694,0.129279
-0.040096,0.048258,0.780183,-0.020982,0.008331,-0.997288,0.070056,0.079274,0.029984,0.075307,0.164065,-0.232893,-0.031943,0.026430,-0.028647,-0.036977,0.247063,-0.232797,0.065678,-0.015995,0.010862,0.155521,-0.001954,0.195586,-0.561092,1.054641,0.421689,-0.077715,0.037751,0.118845,-0.166308,0.341277,0.962591,-0.058982,-0.100980,0.129340
-0.040085,0.048399,0.780199,-0.020871,0.008290,-0.997282,0.070170,0.078884,0.030054,0.075052,0.164077,-0.232726,-0.032158,0.026125,-0.028579,-0.037196,0.247135,-0.232887,0.065581,-0.016008,0.010835,0.155521,-0.002126,0.195422,-0.561050,1.054811,0.421293,-0.077704,0.038183,0.119068,-0.166365,0.341327,0.962465,-0.059686,-0.099965,0.129314
-0.040038,0.048564,0.780221,-0.020754,0.008262,-0.997275,0.070316,0.078295,0.030148,0.074721,0.164483,-0.232811,-0.032146,0.025818,-0.028524,-0.037559,0.247224,-0.232872,0.065297,-0.016096,0.010871,0.155574,-0.002279,0.195345,-0.561077,1.054847,0.420815,-0.077698,0.038413,0.119180,-0.166394,0.341315,0.962490,-0.059212,-0.099973,0.129165
-0.040002,0.048742,0.780234,-0.020631,0.008235,-0.997266,0.070481,0.077601,0.030246,0.074342,0.165089,-0.233031,-0.031985,0.025514,-0.028493,-0.038009,0.247311,-0.232788,0.064910,-0.016241,0.010943,0.155647,-0.002401,0.195311,-0.561117,1.054815,0.420227,-0.077717,0.038466,0.119285,-0.166407,0.341279,0.962548,-0.058028,-0.100597,0.128939
-0.039981,0.048890,0.780226,-0.020502,0.008226,-0.997255,0.070666,0.076782,0.030388,0.073928,0.165912,-0.233356,-0.031853,0.025217,-0.028424,-0.038498,0.247365,-0.232688,0.064511,-0.016357,0.011069,0.155724,-0.002624,0.195250,-0.561236,1.054863,0.419418,-0.077712,0.038321,0.119419,-0.166438,0.341187,0.962563,-0.056705,-0.101368,0.128711
-0.039970,0.049028,0.780239,-0.020397,0.008208,-0.997245,0.070850,0.076127,0.030514,0.073548,0.166491,-0.233527,-0.031911,0.024963,-0.028357,-0.038930,0.247433,-0.232672,0.064206,-0.016463,0.011167,0.155800,-0.002734,0.195215,-0.561262,1.054838,0.418443,-0.077613,0.037954,0.119598,-0.166457,0.341108,0.962493,-0.055899,-0.101774,0.128544
-0.039938,0.049159,0.780251,-0.020308,0.008215,-0.997232,0.071055,0.075525,0.030703,0.073179,0.166983,-0.233607,-0.032309,0.024794,-0.028204,-0.039319,0.247380,-0.232717,0.064047,-0.016500,0.011290,0.155895,-0.002940,0.195156,-0.561212,1.054922,0.417273,-0.077371,0.037267,0.119946,-0.166489,0.340952,0.962141,-0.055900,-0.101642,0.128486
-0.039894,0.049275,0.780268,-0.020238,0.008223,-0.997218,0.071271,0.075043,0.030901,0.072827,0.167293,-0.233566,-0.032917,0.024673,-0.028032,-0.039676,0.247317,-0.232835,0.063978,-0.016573,0.011401,0.156011,-0.003078,0.195090,-0.560994,1.054976,0.415989,-0.077025,0.036313,0.120324,-0.166523,0.340822,0.961694,-0.056332,-0.101244,0.128477
-0.039884,0.049407,0.780272,-0.020171,0.008228,-0.997204,0.071481,0.074562,0.031089,0.072479,0.167625,-0.233528,-0.033515,0.024534,-0.027866,-0.040015,0.247305,-0.232977,0.063905,-0.016677,0.011500,0.156100,-0.003158,0.195047,-0.560732,1.054998,0.414487,-0.076694,0.035231,0.120640,-0.166544,0.340759,0.961317,-0.056797,-0.100791,0.128474
-0.039871,0.049568,0.780276,-0.020098,0.008222,-0.997192,0.071665,0.073956,0.031252,0.072127,0.168233,-0.233610,-0.033880,0.024338,-0.027744,-0.040354,0.247383,-0.233093,0.063730,-0.016784,0.011586,0.156162,-0.003224,0.195021,-0.560458,1.055016,0.412775,-0.076517,0.034140,0.120887,-0.166563,0.340729,0.961037,-0.056960,-0.100472,0.128458
-0.039841,0.049710,0.780261,-0.020006,0.008194,-0.997184,0.071810,0.073286,0.031345,0.071760,0.168945,-0.233769,-0.033879,0.023998,-0.027707,-0.040691,0.247668,-0.233199,0.063384,-0.016867,0.011636,0.156162,-0.003264,0.195018,-0.560251,1.055029,0.410723,-0.076572,0.032981,0.121052,-0.166575,0.340728,0.960903,-0.056688,-0.100337,0.128412
-0.039798,0.049861,0.780254,-0.019897,0.008152,-0.997178,0.071932,0.072510,0.031406,0.071381,0.169853,-0.234021,-0.033657,0.023563,-0.027716,-0.041027,0.248077,-0.233297,0.062930,-0.016979,0.011656,0.156117,-0.003317,0.195032,-0.559979,1.055075,0.408390,-0.076789,0.031684,0.121145,-0.166605,0.340780,0.960863,-0.056185,-0.100284,0.128363
-0.039804,0.049987,0.780275,-0.019808,0.008107,-0.997172,0.072039,0.071836,0.031455,0.071030,0.170657,-0.234239,-0.033402,0.023172,-0.027729,-0.041342,0.248484,-0.233387,0.062486,-0.017026,0.011688,0.156081,-0.003304,0.195054,-0.559782,1.055054,0.405977,-0.077007,0.030517,0.121252,-0.166630,0.340805,0.960838,-0.055582,-0.100280,0.128306
-0.039799,0.050115,0.780290,-0.019735,0.008088,-0.997165,0.072158,0.071216,0.031578,0.070704,0.171435,-0.234485,-0.033309,0.022902,-0.027656,-0.041652,0.248739,-0.233447,0.062161,-0.017100,0.011758,0.156061,-0.003314,0.195087,-0.559493,1.055041,0.403723,-0.077132,0.029559,0.121395,-0.166658,0.340812,0.960760,-0.055045,-0.100284,0.128260
-0.039814,0.050263,0.780324,-0.019717,0.008094,-0.997156,0.072282,0.070843,0.031783,0.070444,0.171962,-0.234666,-0.033446,0.022890,-0.027468,-0.041936,0.248731,-0.233444,0.061998,-0.017127,0.011875,0.156131,-0.003290,0.195128,-0.559150,1.054977,0.401570,-0.077097,0.029030,0.121628,-0.166684,0.340717,0.960575,-0.054558,-0.100286,0.128239
-0.039832,0.050373,0.780339,-0.019732,0.008117,-0.997147,0.072407,0.070622,0.032042,0.070229,0.172353,-0.234826,-0.033706,0.023013,-0.027208,-0.042201,0.248613,-0.233419,0.061935,-0.017115,0.012021,0.156261,-0.003257,0.195196,-0.558714,1.054887,0.399467,-0.076994,0.028750,0.121921,-0.166721,0.340491,0.960322,-0.054099,-0.100309,0.128262
-0.039831,0.050488,0.780303,-0.019750,0.008142,-0.997137,0.072530,0.070450,0.032305,0.070028,0.172666,-0.234962,-0.034011,0.023177,-0.026943,-0.042454,0.248433,-0.233387,0.061922,-0.017060,0.012170,0.156411,-0.003216,0.195276,-0.558286,1.054742,0.397657,-0.076864,0.028552,0.122232,-0.166759,0.340221,0.960031,-0.053758,-0.100362,0.128265
-0.039843,0.050646,0.780293,-0.019733,0.008150,-0.997129,0.072649,0.070215,0.032514,0.069823,0.172960,-0.235073,-0.034283,0.023243,-0.026741,-0.042702,0.248311,-0.233398,0.061912,-0.016963,0.012264,0.156490,-0.003160,0.195373,-0.557879,1.054585,0.396396,-0.076756,0.028263,0.122528,-0.166805,0.340002,0.959784,-0.053591,-0.100466,0.128178
-0.039853,0.050756,0.780273,-0.019675,0.008125,-0.997123,0.072753,0.070001,0.032616,0.069633,0.173029,-0.235040,-0.034522,0.023182,-0.026649,-0.042909,0.248256,-0.233485,0.061971,-0.016743,0.012255,0.156434,-0.003121,0.195405,-0.557711,1.054547,0.395854,-0.076659,0.027933,0.122670,-0.166825,0.339952,0.959775,-0.053565,-0.100634,0.127896
-0.039850,0.050887,0.780288,-0.019564,0.008099,-0.997117,0.072862,0.069607,0.032705,0.069419,0.173212,-0.235045,-0.034771,0.023031,-0.026583,-0.043129,0.248142,-0.233571,0.062092,-0.016730,0.012219,0.156365,-0.002953,0.195540,-0.556953,1.054241,0.396150,-0.076578,0.027274,0.122859,-0.166931,0.340011,0.959619,-0.053882,-0.100908,0.127512
-0.039873,0.051023,0.780311,-0.019463,0.008063,-0.997112,0.072967,0.069303,0.032764,0.069213,0.173281,-0.235004,-0.034988,0.022878,-0.026551,-0.043347,0.248111,-0.233690,0.062138,-0.016548,0.012173,0.156210,-0.002856,0.195584,-0.556697,1.054128,0.396399,-0.076481,0.026849,0.122972,-0.166974,0.340082,0.959687,-0.054128,-0.101166,0.127101
-0.039916,0.051124,0.780312,-0.019378,0.008046,-0.997105,0.073081,0.068979,0.032870,0.068980,0.173498,-0.235055,-0.035147,0.022752,-0.026483,-0.043612,0.248133,-0.233763,0.061961,-0.016589,0.012142,0.156090,-0.002679,0.195679,-0.556208,1.053962,0.396470,-0.076477,0.026512,0.123094,-0.167076,0.340259,0.959734,-0.054330,-0.101381,0.126853
-0.039964,0.051227,0.780312,-0.019338,0.008043,-0.997097,0.073202,0.068769,0.033011,0.068733,0.173735,-0.235151,-0.035195,0.022680,-0.026400,-0.043947,0.248316,-0.233787,0.061395,-0.016583,0.012158,0.156037,-0.002616,0.195714,-0.556074,1.053930,0.396020,-0.076549,0.026486,0.123205,-0.167113,0.340298,0.959850,-0.054385,-0.101486,0.126810
-0.040028,0.051345,0.780318,-0.019292,0.008076,-0.997087,0.073351,0.068356,0.033236,0.068408,0.174380,-0.235465,-0.035174,0.022599,-0.026262,-0.044387,0.248538,-0.233734,0.060550,-0.016827,0.012244,0.155940,-0.002425,0.195816,-0.555769,1.053797,0.395402,-0.076729,0.026530,0.123406,-0.167208,0.340425,0.959916,-0.054456,-0.101579,0.126917
-0.040072,0.051458,0.780301,-0.019266,0.008098,-0.997077,0.073492,0.068079,0.033437,0.068104,0.174862,-0.235711,-0.035154,0.022580,-0.026133,-0.044792,0.248741,-0.233706,0.059731,-0.016996,0.012302,0.155877,-0.002281,0.195926,-0.555623,1.053697,0.394709,-0.076892,0.026635,0.123574,-0.167303,0.340509,0.960040,-0.054510,-0.101667,0.127081
-0.040128,0.051566,0.780302,-0.019247,0.008093,-0.997068,0.073617,0.067982,0.033567,0.067846,0.175018,-0.235796,-0.035214,0.022619,-0.026035,-0.045089,0.248839,-0.233780,0.059236,-0.017005,0.012307,0.155846,-0.002207,0.195948,-0.555584,1.053635,0.394156,-0.076952,0.026662,0.123706,-0.167321,0.340527,0.960200,-0.054628,-0.101797,0.127207
-0.040184,0.051666,0.780298,-0.019230,0.008076,-0.997058,0.073756,0.067925,0.033669,0.067569,0.175097,-0.235848,-0.035411,0.022824,-0.025914,-0.045299,0.248587,-0.233927,0.059218,-0.017125,0.012272,0.155723,-0.001926,0.196058,-0.555397,1.053397,0.393674,-0.076916,0.026462,0.123886,-0.167414,0.340667,0.960447,-0.054898,-0.102131,0.127368
-0.040255,0.051764,0.780308,-0.019227,0.008029,-0.997049,0.073881,0.068038,0.033702,0.067332,0.174904,-0.235771,-0.035684,0.023108,-0.025822,-0.045398,0.248230,-0.234184,0.059501,-0.017157,0.012170,0.155650,-0.001686,0.196116,-0.555242,1.053170,0.393309,-0.076807,0.026195,0.123980,-0.167468,0.340789,0.960784,-0.055212,-0.102536,0.127532
-0.040313,0.051863,0.780314,-0.019220,0.007985,-0.997041,0.074001,0.068189,0.033732,0.067107,0.174627,-0.235655,-0.035970,0.023400,-0.025727,-0.045482,0.247834,-0.234435,0.059852,-0.017335,0.012065,0.155582,-0.001310,0.196250,-0.554889,1.052802,0.393038,-0.076667,0.025881,0.124011,-0.167599,0.341118,0.961110,-0.055514,-0.102898,0.127679
-0.040382,0.051968,0.780306,-0.019193,0.007956,-0.997033,0.074113,0.068244,0.033799,0.066886,0.174457,-0.235584,-0.036205,0.023596,-0.025623,-0.045617,0.247552,-0.234607,0.060037,-0.017292,0.011998,0.155515,-0.001201,0.196278,-0.554806,1.052685,0.392778,-0.076499,0.025681,0.124101,-0.167633,0.341203,0.961300,-0.055870,-0.103060,0.127751
-0.040455,0.052082,0.780282,-0.019140,0.007960,-0.997026,0.074229,0.068203,0.033930,0.066646,0.174350,-0.235518,-0.036376,0.023722,-0.025496,-0.045855,0.247319,-0.234617,0.059996,-0.017324,0.012033,0.155379,-0.001051,0.196306,-0.554727,1.052503,0.392534,-0.076187,0.025510,0.124216,-0.167671,0.341332,0.961405,-0.056389,-0.103002,0.127700
-0.040536,0.052180,0.780270,-0.019068,0.007974,-0.997019,0.074331,0.068105,0.034079,0.066428,0.174286,-0.235465,-0.036512,0.023751,-0.025369,-0.046116,0.247196,-0.234573,0.059855,-0.017266,0.012080,0.155264,-0.001004,0.196319,-0.554705,1.052425,0.392376,-0.075860,0.025427,0.124299,-0.167693,0.341413,0.961424,-0.056939,-0.102773,0.127577
-0.040612,0.052260,0.780272,-0.018989,0.008007,-0.997013,0.074439,0.067958,0.034269,0.066184,0.174289,-0.235448,-0.036630,0.023813,-0.025212,-0.046424,0.246986,-0.234445,0.059651,-0.017334,0.012188,0.155085,-0.000839,0.196369,-0.554660,1.052206,0.392182,-0.075454,0.025318,0.124534,-0.167793,0.341669,0.961258,-0.057433,-0.102435,0.127400
-0.040695,0.052340,0.780283,-0.018940,0.008028,-0.997006,0.074538,0.067909,0.034428,0.065956,0.174260,-0.235445,-0.036728,0.023885,-0.025077,-0.046708,0.246897,-0.234408,0.059439,-0.017419,0.012271,0.154996,-0.000603,0.196432,-0.554567,1.051931,0.392067,-0.075219,0.025226,0.124757,-0.167946,0.341893,0.961107,-0.057559,-0.102227,0.127377
-0.040760,0.052427,0.780320,-0.018934,0.008044,-0.996999,0.074631,0.067965,0.034571,0.065721,0.174244,-0.235485,-0.036777,0.024027,-0.024954,-0.046991,0.246885,-0.234434,0.059169,-0.017452,0.012327,0.154972,-0.000439,0.196453,-0.554506,1.051788,0.392020,-0.075163,0.025149,0.124889,-0.168014,0.341903,0.961180,-0.057351,-0.102185,0.127571
-0.040832,0.052483,0.780316,-0.018953,0.008059,-0.996992,0.074718,0.068093,0.034709,0.065480,0.174216,-0.235543,-0.036783,0.024198,-0.024832,-0.047290,0.246929,-0.234481,0.058836,-0.017516,0.012385,0.154984,-0.000212,0.196467,-0.554409,1.051619,0.392054,-0.075225,0.025078,0.125037,-0.168070,0.341854,0.961277,-0.056881,-0.102211,0.127906
-0.040901,0.052565,0.780305,-0.018979,0.008071,-0.996985,0.074803,0.068268,0.034838,0.065255,0.174139,-0.235586,-0.036818,0.024392,-0.024715,-0.047560,0.246964,-0.234561,0.058549,-0.017579,0.012450,0.155014,0.000063,0.196485,-0.554268,1.051390,0.392146,-0.075321,0.024978,0.125159,-0.168159,0.341763,0.961416,-0.056347,-0.102288,0.128258
-0.040990,0.052658,0.780291,-0.018989,0.008070,-0.996979,0.074885,0.068433,0.034944,0.065076,0.173996,-0.235586,-0.036952,0.024562,-0.024610,-0.047760,0.246951,-0.234688,0.058419,-0.017586,0.012506,0.155063,0.000232,0.196502,-0.554175,1.051201,0.392164,-0.075424,0.024821,0.125283,-0.168264,0.341716,0.961496,-0.055891,-0.102384,0.128473
-0.041082,0.052753,0.780291,-0.018977,0.008052,-0.996973,0.074962,0.068617,0.035022,0.064973,0.173689,-0.235490,-0.037278,0.024706,-0.024511,-0.047839,0.246844,-0.234912,0.058596,-0.017488,0.012521,0.155091,0.000243,0.196506,-0.554181,1.051134,0.392054,-0.075537,0.024569,0.125391,-0.168315,0.341755,0.961591,-0.055488,-0.102529,0.128488
-0.041155,0.052795,0.780261,-0.018951,0.008023,-0.996968,0.075036,0.068815,0.035082,0.064925,0.173280,-0.235339,-0.037736,0.024837,-0.024417,-0.047830,0.246665,-0.235197,0.058979,-0.017344,0.012504,0.155117,0.000196,0.196507,-0.554208,1.051104,0.391910,-0.075669,0.024281,0.125466,-0.168335,0.341801,0.961700,-0.055141,-0.102696,0.128400
-0.041243,0.052850,0.780265,-0.018930,0.007981,-0.996964,0.075106,0.069098,0.035104,0.064885,0.172736,-0.235118,-0.038154,0.024965,-0.024356,-0.047816,0.246541,-0.235498,0.059311,-0.017162,0.012473,0.155105,0.000036,0.196511,-0.554385,1.051205,0.391609,-0.075802,0.023956,0.125635,-0.168454,0.342043,0.961768,-0.054641,-0.102917,0.128177
-0.041320,0.052917,0.780285,-0.018897,0.007960,-0.996959,0.075184,0.069184,0.035169,0.064762,0.172555,-0.235061,-0.038375,0.025036,-0.024287,-0.047912,0.246530,-0.235714,0.059318,-0.017056,0.012492,0.155079,-0.000010,0.196510,-0.554454,1.051212,0.391441,-0.075865,0.023776,0.125758,-0.168514,0.342129,0.961828,-0.054454,-0.103057,0.127978
-0.041405,0.052997,0.780285,-0.018852,0.007956,-0.996954,0.075266,0.069086,0.035246,0.064524,0.172739,-0.235160,-0.038243,0.024983,-0.024247,-0.048163,0.246811,-0.235840,0.058751,-0.017027,0.012552,0.155011,-0.000012,0.196507,-0.554547,1.051213,0.391287,-0.075825,0.023817,0.125936,-0.168587,0.342154,0.961805,-0.054571,-0.103120,0.127691
-0.041487,0.053065,0.780266,-0.018800,0.007961,-0.996948,0.075349,0.068892,0.035327,0.064216,0.173120,-0.235338,-0.037883,0.024861,-0.024229,-0.048509,0.247262,-0.235901,0.057811,-0.017043,0.012639,0.154927,0.000009,0.196501,-0.554621,1.051215,0.391182,-0.075730,0.023991,0.126040,-0.168654,0.342090,0.961855,-0.054933,-0.103154,0.127349
-0.041592,0.053162,0.780245,-0.018745,0.007976,-0.996942,0.075442,0.068637,0.035435,0.063895,0.173602,-0.235576,-0.037546,0.024753,-0.024190,-0.048878,0.247676,-0.235952,0.056915,-0.017025,0.012753,0.154826,0.000047,0.196494,-0.554696,1.051187,0.391116,-0.075618,0.024137,0.126257,-0.168706,0.341963,0.961759,-0.055340,-0.103152,0.127050
-0.041679,0.053248,0.780238,-0.018719,0.007990,-0.996935,0.075544,0.068593,0.035549,0.063644,0.173753,-0.235696,-0.037479,0.024844,-0.024103,-0.049177,0.247763,-0.236007,0.056484,-0.016944,0.012834,0.154747,0.000055,0.196480,-0.554697,1.051232,0.391138,-0.075583,0.024080,0.126464,-0.168760,0.341849,0.961663,-0.055496,-0.103149,0.126945
-0.041757,0.053290,0.780221,-0.018736,0.008006,-0.996926,0.075657,0.068856,0.035691,0.063521,0.173415,-0.235651,-0.037857,0.025208,-0.023927,-0.049354,0.247381,-0.236096,0.056839,-0.016853,0.012896,0.154712,0.000070,0.196433,-0.554428,1.051321,0.391315,-0.075670,0.023651,0.126687,-0.168840,0.341882,0.961496,-0.055227,-0.103152,0.127132
-0.041830,0.053345,0.780234,-0.018780,0.008029,-0.996915,0.075783,0.069297,0.035861,0.063468,0.172795,-0.235517,-0.038511,0.025780,-0.023688,-0.049470,0.246637,-0.236166,0.057685,-0.016692,0.012916,0.154653,0.000110,0.196409,-0.554142,1.051455,0.391530,-0.075811,0.023020,0.126861,-0.168859,0.341963,0.961415,-0.054690,-0.103153,0.127484
-0.041914,0.053372,0.780234,-0.018827,0.008045,-0.996904,0.075915,0.069767,0.036011,0.063397,0.172134,-0.235361,-0.039176,0.026354,-0.023466,-0.049596,0.245914,-0.236269,0.058522,-0.016613,0.012912,0.154606,0.000162,0.196380,-0.553732,1.051599,0.391833,-0.075972,0.022397,0.127007,-0.168872,0.342125,0.961316,-0.054143,-0.103124,0.127859
-0.042042,0.053460,0.780233,-0.018848,0.008050,-0.996893,0.076051,0.070042,0.036118,0.063210,0.171780,-0.235298,-0.039589,0.026754,-0.023329,-0.049810,0.245516,-0.236411,0.058851,-0.016861,0.012878,0.154545,0.000297,0.196305,-0.553036,1.051727,0.392266,-0.076111,0.022035,0.126958,-0.168902,0.342563,0.961344,-0.053782,-0.103033,0.128058
-0.042149,0.053541,0.780214,-0.018831,0.008031,-0.996882,0.076202,0.070056,0.036144,0.062824,0.171852,-0.235356,-0.039617,0.026898,-0.023325,-0.050172,0.245610,-0.236627,0.058391,-0.017102,0.012827,0.154427,0.000363,0.196251,-0.552769,1.051909,0.392603,-0.076175,0.022155,0.126917,-0.168917,0.342898,0.961377,-0.053731,-0.102829,0.128018
-0.042259,0.053614,0.780191,-0.018795,0.007999,-0.996871,0.076360,0.069929,0.036119,0.062317,0.172160,-0.235474,-0.039424,0.026903,-0.023406,-0.050615,0.245984,-0.236889,0.057457,-0.017235,0.012766,0.154314,0.000350,0.196240,-0.552797,1.052100,0.392911,-0.076201,0.022548,0.126931,-0.168918,0.343006,0.961343,-0.053937,-0.102551,0.127886
-0.042336,0.053681,0.780193,-0.018746,0.007965,-0.996860,0.076520,0.069723,0.036085,0.061798,0.172566,-0.235636,-0.039178,0.026846,-0.023507,-0.051082,0.246437,-0.237154,0.056443,-0.017375,0.012702,0.154150,0.000325,0.196229,-0.552946,1.052307,0.393115,-0.076194,0.023004,0.126978,-0.168913,0.343151,0.961299,-0.054152,-0.102292,0.127707
-0.042449,0.053774,0.780195,-0.018699,0.007940,-0.996850,0.076670,0.069608,0.036076,0.061395,0.172784,-0.235757,-0.039047,0.026847,-0.023572,-0.051493,0.246730,-0.237355,0.055744,-0.017478,0.012685,0.154001,0.000312,0.196224,-0.553069,1.052417,0.393206,-0.076163,0.023241,0.126995,-0.168905,0.343224,0.961296,-0.054283,-0.102182,0.127626
-0.042560,0.053829,0.780202,-0.018643,0.007928,-0.996840,0.076809,0.069520,0.036109,0.061154,0.172867,-0.235892,-0.039071,0.026887,-0.023587,-0.051845,0.246807,-0.237461,0.055500,-0.017541,0.012718,0.153803,0.000330,0.196218,-0.553170,1.052433,0.393118,-0.076077,0.023171,0.126988,-0.168896,0.343278,0.961367,-0.054174,-0.102303,0.127625
-0.042667,0.053864,0.780198,-0.018581,0.007922,-0.996831,0.076938,0.069477,0.036158,0.061015,0.172814,-0.236009,-0.039161,0.026941,-0.023583,-0.052164,0.246787,-0.237506,0.055491,-0.017617,0.012787,0.153606,0.000379,0.196207,-0.553194,1.052347,0.392959,-0.075955,0.022907,0.126898,-0.168885,0.343303,0.961529,-0.053969,-0.102583,0.127678
-0.042769,0.053915,0.780210,-0.018527,0.007919,-0.996822,0.077067,0.069440,0.036213,0.060892,0.172775,-0.236134,-0.039295,0.027025,-0.023564,-0.052458,0.246722,-0.237552,0.055562,-0.017720,0.012880,0.153446,0.000425,0.196197,-0.553172,1.052235,0.392754,-0.075849,0.022617,0.126791,-0.168880,0.343308,0.961676,-0.053859,-0.102868,0.127802
-0.042831,0.053953,0.780189,-0.018493,0.007911,-0.996813,0.077195,0.069469,0.036256,0.060722,0.172703,-0.236197,-0.039449,0.027163,-0.023541,-0.052718,0.246659,-0.237654,0.055563,-0.017813,0.012958,0.153355,0.000448,0.196189,-0.553172,1.052172,0.392546,-0.075816,0.022484,0.126737,-0.168879,0.343309,0.961698,-0.054007,-0.102992,0.127991
-0.042906,0.053999,0.780175,-0.018487,0.007899,-0.996802,0.077337,0.069542,0.036283,0.060454,0.172677,-0.236204,-0.039652,0.027404,-0.023503,-0.052946,0.246547,-0.237817,0.055474,-0.017973,0.013062,0.153326,0.000474,0.196185,-0.553219,1.052136,0.392240,-0.075863,0.022559,0.126675,-0.168878,0.343312,0.961705,-0.054555,-0.102939,0.128363
-0.043004,0.054051,0.780171,-0.018516,0.007893,-0.996789,0.077501,0.069662,0.036318,0.060105,0.172692,-0.236183,-0.039909,0.027801,-0.023433,-0.053178,0.246297,-0.237981,0.055369,-0.018195,0.013213,0.153346,0.000529,0.196178,-0.553464,1.052122,0.391691,-0.075966,0.022851,0.126595,-0.168880,0.343250,0.961707,-0.055478,-0.102733,0.128912
-0.043115,0.054082,0.780181,-0.018537,0.007881,-0.996777,0.077651,0.069792,0.036338,0.059775,0.172679,-0.236151,-0.040147,0.028140,-0.023377,-0.053374,0.246128,-0.238190,0.055235,-0.018325,0.013331,0.153379,0.000532,0.196177,-0.553624,1.052126,0.391289,-0.076073,0.023082,0.126584,-0.168881,0.343214,0.961630,-0.056362,-0.102527,0.129368
-0.043225,0.054106,0.780179,-0.018557,0.007877,-0.996765,0.077808,0.069875,0.036375,0.059436,0.172744,-0.236208,-0.040304,0.028448,-0.023327,-0.053633,0.246013,-0.238399,0.055053,-0.018394,0.013446,0.153396,0.000525,0.196177,-0.553810,1.052111,0.390966,-0.076099,0.023184,0.126602,-0.168883,0.343154,0.961561,-0.057115,-0.102389,0.129590
-0.043327,0.054167,0.780187,-0.018556,0.007881,-0.996753,0.077961,0.069886,0.036428,0.059112,0.172886,-0.236395,-0.040339,0.028633,-0.023295,-0.053960,0.246062,-0.238642,0.054749,-0.018203,0.013568,0.153327,0.000459,0.196176,-0.554143,1.052070,0.390824,-0.075985,0.023021,0.126714,-0.168889,0.342958,0.961535,-0.057581,-0.102391,0.129439
-0.043397,0.054221,0.780145,-0.018545,0.007890,-0.996741,0.078107,0.069865,0.036491,0.058804,0.173071,-0.236661,-0.040296,0.028742,-0.023271,-0.054318,0.246226,-0.238917,0.054354,-0.017986,0.013655,0.153248,0.000376,0.196173,-0.554274,1.052017,0.390905,-0.075807,0.022667,0.126828,-0.168894,0.342825,0.961526,-0.057911,-0.102455,0.129035
-0.043497,0.054270,0.780121,-0.018532,0.007895,-0.996730,0.078259,0.069844,0.036536,0.058487,0.173237,-0.236912,-0.040228,0.028846,-0.023265,-0.054685,0.246384,-0.239185,0.054016,-0.017797,0.013729,0.153179,0.000319,0.196169,-0.554338,1.051934,0.391061,-0.075623,0.022290,0.126886,-0.168899,0.342744,0.961569,-0.058181,-0.102563,0.128570
-0.043589,0.054319,0.780118,-0.018518,0.007885,-0.996718,0.078410,0.069851,0.036541,0.058181,0.173325,-0.237064,-0.040193,0.028992,-0.023278,-0.054999,0.246426,-0.239398,0.053876,-0.017674,0.013745,0.153136,0.000281,0.196168,-0.554353,1.051894,0.391190,-0.075512,0.022073,0.126883,-0.168902,0.342744,0.961599,-0.058460,-0.102659,0.128249
-0.043659,0.054344,0.780116,-0.018513,0.007862,-0.996704,0.078596,0.069832,0.036497,0.057808,0.173449,-0.237129,-0.040207,0.029267,-0.023313,-0.055306,0.246237,-0.239534,0.054073,-0.017622,0.013777,0.153170,0.000247,0.196160,-0.554395,1.051795,0.391270,-0.075437,0.021987,0.126870,-0.168911,0.342816,0.961586,-0.058921,-0.102866,0.127969
-0.043744,0.054346,0.780118,-0.018500,0.007820,-0.996690,0.078774,0.069843,0.036404,0.057461,0.173472,-0.237083,-0.040240,0.029545,-0.023376,-0.055545,0.245978,-0.239637,0.054497,-0.017560,0.013741,0.153207,0.000217,0.196153,-0.554426,1.051749,0.391349,-0.075430,0.022035,0.126825,-0.168923,0.342926,0.961537,-0.059420,-0.103086,0.127797
-0.043835,0.054366,0.780121,-0.018497,0.007784,-0.996675,0.078970,0.069865,0.036315,0.057076,0.173504,-0.237043,-0.040278,0.029893,-0.023435,-0.055827,0.245634,-0.239697,0.054921,-0.017706,0.013719,0.153247,0.000267,0.196126,-0.554391,1.051691,0.391356,-0.075406,0.022155,0.126707,-0.168959,0.343336,0.961579,-0.059686,-0.103297,0.127576
-0.043914,0.054402,0.780111,-0.018485,0.007752,-0.996661,0.079150,0.069888,0.036238,0.056728,0.173511,-0.237040,-0.040305,0.030141,-0.023504,-0.056123,0.245475,-0.239806,0.055126,-0.017750,0.013707,0.153253,0.000297,0.196115,-0.554387,1.051645,0.391418,-0.075371,0.022173,0.126621,-0.168976,0.343536,0.961653,-0.059688,-0.103334,0.127511
-0.044001,0.054432,0.780094,-0.018466,0.007736,-0.996649,0.079303,0.069917,0.036207,0.056431,0.173506,-0.237123,-0.040331,0.030266,-0.023560,-0.056451,0.245561,-0.239963,0.054967,-0.017753,0.013717,0.153228,0.000309,0.196111,-0.554407,1.051635,0.391518,-0.075295,0.022116,0.126587,-0.168984,0.343620,0.961771,-0.059262,-0.103162,0.127564
-0.044083,0.054431,0.780081,-0.018445,0.007725,-0.996637,0.079463,0.069955,0.036182,0.056118,0.173481,-0.237241,-0.040355,0.030325,-0.023637,-0.056846,0.245825,-0.240172,0.054597,-0.017921,0.013722,0.153069,0.000465,0.196102,-0.554471,1.051615,0.391540,-0.075131,0.022062,0.126386,-0.169022,0.344056,0.962182,-0.058147,-0.102804,0.127656
-0.044170,0.054445,0.780067,-0.018424,0.007715,-0.996625,0.079618,0.069986,0.036159,0.055821,0.173477,-0.237376,-0.040362,0.030406,-0.023709,-0.057229,0.246036,-0.240358,0.054216,-0.017964,0.013747,0.152974,0.000526,0.196101,-0.554505,1.051615,0.391615,-0.075020,0.021920,0.126348,-0.169035,0.344178,0.962396,-0.057201,-0.102409,0.127842
-0.044295,0.054476,0.780068,-0.018402,0.007698,-0.996612,0.079788,0.070018,0.036111,0.055505,0.173476,-0.237479,-0.040331,0.030587,-0.023782,-0.057585,0.246045,-0.240519,0.054031,-0.017995,0.013783,0.152869,0.000585,0.196101,-0.554520,1.051623,0.391599,-0.074979,0.021730,0.126379,-0.169044,0.344244,0.962523,-0.056547,-0.102083,0.127998
-0.044403,0.054515,0.780094,-0.018379,0.007663,-0.996596,0.079995,0.070032,0.036004,0.055132,0.173493,-0.237531,-0.040211,0.030944,-0.023871,-0.057922,0.245697,-0.240620,0.054149,-0.018036,0.013793,0.152688,0.000672,0.196104,-0.554486,1.051671,0.391471,-0.075039,0.021413,0.126477,-0.169052,0.344236,0.962591,-0.056164,-0.101760,0.128161
-0.044508,0.054505,0.780094,-0.018357,0.007625,-0.996578,0.080226,0.070020,0.035877,0.054724,0.173572,-0.237583,-0.040032,0.031451,-0.023954,-0.058254,0.245050,-0.240648,0.054442,-0.018076,0.013821,0.152489,0.000760,0.196109,-0.554392,1.051735,0.391292,-0.075191,0.020990,0.126693,-0.169052,0.344102,0.962537,-0.056015,-0.101419,0.128357
-0.044610,0.054508,0.780087,-0.018341,0.007592,-0.996560,0.080456,0.070021,0.035761,0.054318,0.173655,-0.237633,-0.039879,0.031979,-0.024024,-0.058582,0.244387,-0.240677,0.054764,-0.018047,0.013869,0.152347,0.000818,0.196116,-0.554246,1.051766,0.391179,-0.075344,0.020538,0.127002,-0.169044,0.343823,0.962327,-0.056126,-0.101153,0.128560
-0.044702,0.054530,0.780069,-0.018341,0.007577,-0.996544,0.080666,0.070099,0.035690,0.053938,0.173642,-0.237651,-0.039841,0.032467,-0.024065,-0.058925,0.243862,-0.240726,0.054970,-0.017990,0.013953,0.152228,0.000889,0.196118,-0.554133,1.051762,0.391089,-0.075391,0.020181,0.127213,-0.169036,0.343642,0.962196,-0.056316,-0.101046,0.128693
-0.044785,0.054540,0.780051,-0.018367,0.007594,-0.996528,0.080849,0.070285,0.035705,0.053594,0.173533,-0.237650,-0.040013,0.032897,-0.024041,-0.059298,0.243567,-0.240838,0.055037,-0.017880,0.014098,0.152188,0.000978,0.196116,-0.553969,1.051677,0.391142,-0.075281,0.019905,0.127382,-0.169023,0.343462,0.962041,-0.056790,-0.101208,0.128764
-0.044894,0.054535,0.780043,-0.018417,0.007637,-0.996513,0.081016,0.070563,0.035782,0.053272,0.173332,-0.237618,-0.040325,0.033336,-0.023964,-0.059686,0.243342,-0.240962,0.055035,-0.017745,0.014293,0.152197,0.001091,0.196108,-0.553798,1.051532,0.391250,-0.075062,0.019691,0.127533,-0.169017,0.343354,0.961848,-0.057460,-0.101551,0.128764
-0.044999,0.054523,0.780051,-0.018465,0.007678,-0.996499,0.081181,0.070822,0.035851,0.052951,0.173162,-0.237602,-0.040614,0.033736,-0.023906,-0.060080,0.243195,-0.241090,0.054965,-0.017653,0.014493,0.152232,0.001274,0.196089,-0.553452,1.051295,0.391511,-0.074837,0.019483,0.127666,-0.169019,0.343242,0.961637,-0.058215,-0.101885,0.128762
-0.045085,0.054480,0.780042,-0.018480,0.007696,-0.996484,0.081351,0.070947,0.035851,0.052619,0.173127,-0.237650,-0.040715,0.034036,-0.023926,-0.060470,0.243110,-0.241197,0.054824,-0.017539,0.014650,0.152161,0.001405,0.196074,-0.553249,1.051178,0.391597,-0.074709,0.019336,0.127742,-0.169025,0.343210,0.961562,-0.058610,-0.102015,0.128762
-0.045177,0.054445,0.780059,-0.018445,0.007673,-0.996471,0.081523,0.070884,0.035738,0.052286,0.173272,-0.237781,-0.040493,0.034152,-0.024080,-0.060831,0.243179,-0.241271,0.054519,-0.017367,0.014733,0.152005,0.001469,0.196062,-0.553106,1.051166,0.391547,-0.074730,0.019240,0.127784,-0.169031,0.343187,0.961573,-0.058617,-0.101805,0.128776
-0.045261,0.054443,0.780041,-0.018372,0.007636,-0.996457,0.081721,0.070592,0.035569,0.051892,0.173697,-0.238038,-0.040065,0.034158,-0.024310,-0.061239,0.243323,-0.241309,0.054081,-0.017323,0.014813,0.151754,0.001657,0.196034,-0.552705,1.051089,0.391642,-0.074853,0.019091,0.127784,-0.169051,0.343178,0.961632,-0.058501,-0.101326,0.128835
-0.045357,0.054434,0.780033,-0.018308,0.007589,-0.996443,0.081905,0.070389,0.035378,0.051538,0.173994,-0.238244,-0.039649,0.034181,-0.024555,-0.061603,0.243453,-0.241362,0.053701,-0.017219,0.014862,0.151530,0.001760,0.196007,-0.552433,1.051086,0.391640,-0.074983,0.019020,0.127768,-0.169076,0.343203,0.961731,-0.058242,-0.100899,0.128884
-0.045445,0.054410,0.780001,-0.018271,0.007564,-0.996429,0.082088,0.070287,0.035241,0.051196,0.174186,-0.238402,-0.039464,0.034353,-0.024717,-0.061955,0.243395,-0.241453,0.053566,-0.017259,0.014965,0.151333,0.001963,0.195947,-0.552058,1.051009,0.391769,-0.075065,0.018967,0.127694,-0.169136,0.343321,0.961897,-0.058024,-0.100713,0.128985
-0.045561,0.054392,0.780007,-0.018291,0.007562,-0.996414,0.082260,0.070467,0.035171,0.050914,0.174049,-0.238420,-0.039649,0.034800,-0.024760,-0.062250,0.243011,-0.241609,0.053837,-0.017287,0.015104,0.151212,0.002164,0.195895,-0.551876,1.050911,0.391919,-0.075037,0.018984,0.127693,-0.169185,0.343461,0.962038,-0.057753,-0.100947,0.129147
-0.045656,0.054358,0.779996,-0.018341,0.007571,-0.996400,0.082421,0.070804,0.035136,0.050673,0.173715,-0.238348,-0.040063,0.035395,-0.024737,-0.062504,0.242444,-0.241820,0.054378,-0.017276,0.015259,0.151128,0.002329,0.195843,-0.551846,1.050824,0.392064,-0.074949,0.019048,0.127750,-0.169232,0.343568,0.962164,-0.057432,-0.101437,0.129361
-0.045722,0.054319,0.779997,-0.018396,0.007583,-0.996385,0.082584,0.071166,0.035100,0.050425,0.173358,-0.238276,-0.040492,0.036001,-0.024712,-0.062764,0.241880,-0.242030,0.054931,-0.017246,0.015403,0.151049,0.002470,0.195815,-0.551873,1.050757,0.392188,-0.074870,0.019137,0.127823,-0.169255,0.343645,0.962280,-0.057217,-0.101937,0.129547
-0.045796,0.054302,0.780006,-0.018448,0.007583,-0.996370,0.082760,0.071450,0.035030,0.050116,0.173132,-0.238258,-0.040724,0.036510,-0.024760,-0.063080,0.241508,-0.242184,0.055245,-0.017228,0.015546,0.150950,0.002657,0.195747,-0.551939,1.050685,0.392228,-0.074827,0.019265,0.127875,-0.169316,0.343775,0.962452,-0.057210,-0.102272,0.129610
-0.045860,0.054289,0.779992,-0.018472,0.007565,-0.996354,0.082952,0.071543,0.034900,0.049724,0.173168,-0.238366,-0.040667,0.036787,-0.024918,-0.063471,0.241507,-0.242294,0.055196,-0.017222,0.015685,0.150848,0.002771,0.195629,-0.551959,1.050705,0.392150,-0.074906,0.019424,0.127887,-0.169426,0.343900,0.962600,-0.057614,-0.102317,0.129529
-0.045939,0.054250,0.779970,-0.018488,0.007537,-0.996337,0.083149,0.071557,0.034735,0.049288,0.173329,-0.238534,-0.040448,0.036948,-0.025144,-0.063904,0.241717,-0.242371,0.054938,-0.017160,0.015753,0.150795,0.002806,0.195571,-0.551956,1.050754,0.392039,-0.075067,0.019579,0.127872,-0.169481,0.343939,0.962731,-0.058341,-0.102216,0.129366
-0.046029,0.054210,0.779956,-0.018501,0.007506,-0.996320,0.083356,0.071538,0.034558,0.048827,0.173526,-0.238712,-0.040174,0.037078,-0.025385,-0.064355,0.241974,-0.242442,0.054630,-0.017144,0.015830,0.150745,0.002859,0.195509,-0.551949,1.050789,0.391926,-0.075227,0.019729,0.127825,-0.169540,0.343984,0.962873,-0.059111,-0.102032,0.129157
-0.046094,0.054162,0.779944,-0.018515,0.007480,-0.996303,0.083558,0.071539,0.034395,0.048399,0.173692,-0.238871,-0.039957,0.037234,-0.025593,-0.064768,0.242157,-0.242548,0.054428,-0.017134,0.015940,0.150705,0.002923,0.195432,-0.551935,1.050775,0.391928,-0.075285,0.019820,0.127762,-0.169610,0.344041,0.962981,-0.059603,-0.101820,0.128969
-0.046156,0.054128,0.779960,-0.018535,0.007461,-0.996287,0.083747,0.071613,0.034248,0.048028,0.173742,-0.238963,-0.039823,0.037453,-0.025747,-0.065116,0.242207,-0.242682,0.054364,-0.017097,0.016062,0.150707,0.002953,0.195354,-0.551928,1.050733,0.392111,-0.075191,0.019837,0.127707,-0.169677,0.344094,0.962997,-0.059676,-0.101536,0.128813
-0.046226,0.054081,0.779949,-0.018558,0.007444,-0.996271,0.083932,0.071721,0.034104,0.047685,0.173735,-0.239022,-0.039714,0.037678,-0.025878,-0.065428,0.242234,-0.242846,0.054356,-0.017037,0.016184,0.150745,0.002954,0.195287,-0.551933,1.050660,0.392397,-0.075003,0.019799,0.127648,-0.169730,0.344129,0.962947,-0.059526,-0.101169,0.128656
-0.046289,0.054057,0.779956,-0.018576,0.007426,-0.996255,0.084114,0.071818,0.033961,0.047353,0.173721,-0.239070,-0.039614,0.037908,-0.026007,-0.065733,0.242219,-0.243015,0.054398,-0.016979,0.016312,0.150765,0.002948,0.195204,-0.551947,1.050609,0.392708,-0.074804,0.019724,0.127603,-0.169790,0.344164,0.962889,-0.059303,-0.100840,0.128510
-0.046335,0.054019,0.779926,-0.018588,0.007404,-0.996239,0.084302,0.071897,0.033801,0.047006,0.173689,-0.239098,-0.039505,0.038146,-0.026156,-0.066070,0.242165,-0.243177,0.054484,-0.016954,0.016424,0.150734,0.002943,0.195122,-0.551977,1.050616,0.392957,-0.074646,0.019629,0.127584,-0.169848,0.344237,0.962850,-0.059124,-0.100632,0.128357
-0.046398,0.053986,0.779907,-0.018580,0.007374,-0.996224,0.084488,0.071934,0.033624,0.046658,0.173633,-0.239097,-0.039387,0.038363,-0.026332,-0.066431,0.242074,-0.243346,0.054673,-0.016957,0.016508,0.150622,0.002959,0.195052,-0.552019,1.050664,0.393092,-0.074583,0.019468,0.127630,-0.169895,0.344351,0.962819,-0.059087,-0.100655,0.128199
-0.046474,0.053951,0.779907,-0.018557,0.007343,-0.996210,0.084661,0.071941,0.033443,0.046340,0.173561,-0.239080,-0.039271,0.038559,-0.026513,-0.066780,0.241940,-0.243517,0.054946,-0.016950,0.016561,0.150482,0.002970,0.195011,-0.552052,1.050739,0.393180,-0.074569,0.019268,0.127667,-0.169921,0.344435,0.962797,-0.059130,-0.100806,0.128056
-0.046519,0.053899,0.779911,-0.018541,0.007305,-0.996193,0.084866,0.071964,0.033237,0.045954,0.173456,-0.239036,-0.039144,0.038780,-0.026729,-0.067200,0.241823,-0.243696,0.055189,-0.017033,0.016615,0.150267,0.003022,0.194951,-0.552126,1.050860,0.393247,-0.074556,0.019050,0.127785,-0.169958,0.344651,0.962812,-0.059071,-0.101012,0.127885
-0.046584,0.053849,0.779919,-0.018538,0.007274,-0.996175,0.085075,0.071983,0.033050,0.045550,0.173432,-0.239042,-0.039010,0.038998,-0.026936,-0.067626,0.241788,-0.243864,0.055269,-0.017210,0.016698,0.150046,0.003085,0.194785,-0.552195,1.051075,0.393303,-0.074525,0.018977,0.127891,-0.170065,0.345057,0.962818,-0.058758,-0.101064,0.127757
-0.046656,0.053804,0.779930,-0.018562,0.007249,-0.996156,0.085299,0.072019,0.032886,0.045101,0.173516,-0.239125,-0.038813,0.039215,-0.027155,-0.068094,0.241906,-0.244012,0.055047,-0.017305,0.016780,0.150051,0.003091,0.194751,-0.552215,1.051146,0.393527,-0.074518,0.018946,0.127887,-0.170088,0.345112,0.962825,-0.058449,-0.100943,0.127837
-0.046699,0.053785,0.779917,-0.018611,0.007223,-0.996133,0.085563,0.072068,0.032711,0.044558,0.173677,-0.239252,-0.038569,0.039472,-0.027404,-0.068660,0.242118,-0.244159,0.054630,-0.017475,0.016852,0.150106,0.003107,0.194699,-0.552260,1.051231,0.393821,-0.074503,0.018999,0.127825,-0.170125,0.345190,0.962890,-0.057920,-0.100692,0.128017
-0.046750,0.053764,0.779896,-0.018658,0.007202,-0.996110,0.085816,0.072140,0.032555,0.044045,0.173782,-0.239351,-0.038390,0.039718,-0.027627,-0.069175,0.242308,-0.244298,0.054252,-0.017622,0.016945,0.150170,0.003121,0.194651,-0.552302,1.051296,0.394072,-0.074496,0.019052,0.127787,-0.170162,0.345230,0.962913,-0.057433,-0.100460,0.128213
-0.046792,0.053728,0.779883,-0.018696,0.007187,-0.996088,0.086065,0.072249,0.032411,0.043565,0.173736,-0.239353,-0.038385,0.040007,-0.027792,-0.069613,0.242325,-0.244442,0.054154,-0.017759,0.017031,0.150184,0.003137,0.194603,-0.552352,1.051373,0.394223,-0.074495,0.019062,0.127769,-0.170198,0.345257,0.962896,-0.057051,-0.100334,0.128379
-0.046863,0.053701,0.779876,-0.018726,0.007180,-0.996067,0.086302,0.072490,0.032288,0.043147,0.173351,-0.239159,-0.038690,0.040368,-0.027860,-0.069901,0.242061,-0.244600,0.054508,-0.017868,0.017127,0.150125,0.003124,0.194508,-0.552458,1.051517,0.394174,-0.074501,0.019015,0.127853,-0.170271,0.345274,0.962760,-0.056868,-0.100377,0.128501
-0.046935,0.053672,0.779867,-0.018741,0.007183,-0.996047,0.086527,0.072743,0.032197,0.042781,0.172836,-0.238879,-0.039215,0.040748,-0.027850,-0.070073,0.241628,-0.244767,0.055148,-0.017970,0.017200,0.150040,0.003126,0.194482,-0.552502,1.051605,0.394045,-0.074527,0.018908,0.127932,-0.170289,0.345263,0.962569,-0.056846,-0.100519,0.128603
-0.046989,0.053615,0.779858,-0.018761,0.007178,-0.996028,0.086750,0.073071,0.032084,0.042422,0.172204,-0.238544,-0.039713,0.041145,-0.027861,-0.070261,0.241187,-0.244925,0.055815,-0.018042,0.017252,0.149940,0.003125,0.194441,-0.552587,1.051723,0.393880,-0.074558,0.018774,0.128132,-0.170316,0.345221,0.962303,-0.056844,-0.100705,0.128680
-0.047025,0.053555,0.779845,-0.018758,0.007168,-0.996009,0.086961,0.073199,0.031959,0.042060,0.171904,-0.238391,-0.039947,0.041421,-0.027945,-0.070546,0.240922,-0.245035,0.056238,-0.018097,0.017316,0.149805,0.003154,0.194402,-0.552638,1.051800,0.393804,-0.074588,0.018630,0.128263,-0.170338,0.345147,0.962179,-0.056730,-0.100874,0.128723
-0.047073,0.053524,0.779844,-0.018729,0.007139,-0.995992,0.087166,0.073157,0.031773,0.041676,0.171915,-0.238425,-0.039766,0.041542,-0.028180,-0.071008,0.240955,-0.245080,0.056279,-0.018129,0.017362,0.149626,0.003190,0.194355,-0.552630,1.051885,0.393887,-0.074634,0.018434,0.128432,-0.170359,0.345002,0.962165,-0.056473,-0.101045,0.128718
-0.047123,0.053509,0.779843,-0.018683,0.007101,-0.995977,0.087351,0.072990,0.031569,0.041310,0.172157,-0.238596,-0.039332,0.041566,-0.028489,-0.071552,0.241158,-0.245067,0.056097,-0.018177,0.017389,0.149456,0.003244,0.194334,-0.552576,1.051938,0.393992,-0.074683,0.018239,0.128508,-0.170365,0.344909,0.962271,-0.056095,-0.101206,0.128643
-0.047173,0.053486,0.779829,-0.018625,0.007063,-0.995961,0.087549,0.072715,0.031359,0.040907,0.172549,-0.238841,-0.038851,0.041541,-0.028811,-0.072144,0.241408,-0.245087,0.055897,-0.018240,0.017436,0.149216,0.003361,0.194292,-0.552403,1.051954,0.394258,-0.074755,0.017965,0.128596,-0.170368,0.344685,0.962460,-0.055778,-0.101400,0.128632
-0.047230,0.053446,0.779817,-0.018606,0.007030,-0.995947,0.087715,0.072655,0.031188,0.040577,0.172667,-0.238959,-0.038543,0.041655,-0.029040,-0.072581,0.241479,-0.245158,0.055872,-0.018278,0.017437,0.149083,0.003416,0.194265,-0.552330,1.052008,0.394319,-0.074803,0.017822,0.128646,-0.170366,0.344591,0.962544,-0.055503,-0.101476,0.128608
-0.047263,0.053430,0.779813,-0.018624,0.007006,-0.995935,0.087848,0.072763,0.031068,0.040318,0.172585,-0.238998,-0.038476,0.041923,-0.029140,-0.072826,0.241294,-0.245326,0.056152,-0.018286,0.017415,0.149027,0.003445,0.194254,-0.552328,1.052073,0.394179,-0.074842,0.017792,0.128666,-0.170363,0.344573,0.962521,-0.055319,-0.101465,0.128632
-0.047312,0.053398,0.779814,-0.018673,0.006982,-0.995923,0.087972,0.073015,0.030966,0.040081,0.172335,-0.238966,-0.038530,0.042326,-0.029174,-0.072983,0.240930,-0.245547,0.056609,-0.018285,0.017365,0.149012,0.003469,0.194249,-0.552366,1.052154,0.393914,-0.074874,0.017829,0.128686,-0.170359,0.344583,0.962438,-0.055164,-0.101387,0.128687
-0.047367,0.053379,0.779815,-0.018748,0.006961,-0.995911,0.088098,0.073384,0.030881,0.039842,0.171945,-0.238859,-0.038636,0.042812,-0.029179,-0.073126,0.240500,-0.245752,0.057049,-0.018275,0.017293,0.149017,0.003476,0.194245,-0.552501,1.052289,0.393597,-0.074896,0.017909,0.128759,-0.170349,0.344640,0.962308,-0.055042,-0.101233,0.128746
-0.047410,0.053373,0.779806,-0.018773,0.006960,-0.995901,0.088211,0.073543,0.030836,0.039621,0.171755,-0.238820,-0.038731,0.043052,-0.029179,-0.073280,0.240338,-0.245951,0.057268,-0.018222,0.017259,0.148950,0.003479,0.194244,-0.552581,1.052380,0.393534,-0.074907,0.017920,0.128805,-0.170340,0.344673,0.962269,-0.055047,-0.101092,0.128786
-0.047463,0.053363,0.779781,-0.018763,0.006976,-0.995888,0.088351,0.073600,0.030814,0.039344,0.171611,-0.238762,-0.038815,0.043114,-0.029196,-0.073527,0.240434,-0.246118,0.057184,-0.018159,0.017243,0.148767,0.003486,0.194244,-0.552647,1.052527,0.393825,-0.074924,0.017850,0.128946,-0.170323,0.344689,0.962273,-0.055206,-0.100863,0.128808
-0.047515,0.053365,0.779772,-0.018717,0.007012,-0.995877,0.088489,0.073503,0.030833,0.039064,0.171610,-0.238741,-0.038919,0.042993,-0.029197,-0.073787,0.240734,-0.246288,0.056907,-0.018090,0.017269,0.148545,0.003496,0.194245,-0.552613,1.052634,0.394415,-0.074947,0.017711,0.129080,-0.170308,0.344665,0.962322,-0.055539,-0.100601,0.128840
-0.047548,0.053347,0.779776,-0.018664,0.007049,-0.995866,0.088620,0.073382,0.030863,0.038802,0.171629,-0.238724,-0.039012,0.042832,-0.029197,-0.074051,0.241091,-0.246429,0.056557,-0.018037,0.017279,0.148325,0.003529,0.194247,-0.552456,1.052708,0.395072,-0.074968,0.017532,0.129207,-0.170276,0.344601,0.962383,-0.055956,-0.100358,0.128907
-0.047577,0.053311,0.779800,-0.018640,0.007080,-0.995856,0.088727,0.073330,0.030900,0.038593,0.171665,-0.238741,-0.039067,0.042783,-0.029191,-0.074287,0.241325,-0.246496,0.056251,-0.017980,0.017275,0.148195,0.003545,0.194249,-0.552357,1.052745,0.395368,-0.074956,0.017396,0.129250,-0.170243,0.344583,0.962473,-0.056217,-0.100218,0.129014
-0.047629,0.053298,0.779803,-0.018649,0.007097,-0.995849,0.088812,0.073371,0.030933,0.038457,0.171694,-0.238793,-0.039069,0.042864,-0.029193,-0.074511,0.241436,-0.246469,0.055989,-0.017948,0.017217,0.148112,0.003596,0.194253,-0.552290,1.052743,0.395224,-0.074895,0.017306,0.129256,-0.170212,0.344606,0.962577,-0.056377,-0.100246,0.129201
-0.047670,0.053296,0.779805,-0.018681,0.007110,-0.995842,0.088877,0.073477,0.030981,0.038374,0.171727,-0.238872,-0.039038,0.043040,-0.029186,-0.074725,0.241455,-0.246357,0.055717,-0.017915,0.017145,0.148066,0.003673,0.194259,-0.552303,1.052701,0.394729,-0.074786,0.017268,0.129213,-0.170177,0.344687,0.962731,-0.056428,-0.100396,0.129426
-0.047727,0.053337,0.779791,-0.018710,0.007114,-0.995837,0.088928,0.073576,0.031012,0.038312,0.171766,-0.238949,-0.038983,0.043195,-0.029193,-0.074908,0.241483,-0.246247,0.055479,-0.017820,0.017063,0.148063,0.003704,0.194261,-0.552329,1.052650,0.394209,-0.074697,0.017213,0.129221,-0.170166,0.344728,0.962772,-0.056414,-0.100512,0.129649
-0.047765,0.053343,0.779793,-0.018727,0.007113,-0.995832,0.088975,0.073632,0.031021,0.038220,0.171823,-0.239007,-0.038918,0.043329,-0.029210,-0.075051,0.241478,-0.246172,0.055312,-0.017712,0.016981,0.148039,0.003722,0.194264,-0.552364,1.052599,0.393803,-0.074621,0.017091,0.129218,-0.170155,0.344780,0.962852,-0.056302,-0.100504,0.129825
-0.047783,0.053345,0.779775,-0.018710,0.007096,-0.995830,0.089010,0.073588,0.030980,0.038099,0.171899,-0.239018,-0.038834,0.043335,-0.029258,-0.075116,0.241539,-0.246198,0.055261,-0.017540,0.016875,0.148001,0.003696,0.194270,-0.552357,1.052556,0.393718,-0.074620,0.016877,0.129227,-0.170133,0.344832,0.962886,-0.056059,-0.100248,0.129880
-0.047808,0.053326,0.779762,-0.018675,0.007069,-0.995828,0.089034,0.073503,0.030903,0.037965,0.171969,-0.239000,-0.038728,0.043282,-0.029330,-0.075128,0.241608,-0.246273,0.055288,-0.017335,0.016759,0.147977,0.003632,0.194272,-0.552290,1.052510,0.393798,-0.074666,0.016586,0.129232,-0.170116,0.344854,0.962890,-0.055729,-0.099853,0.129888
