-0.001522,0.019816,0.793643,-0.018965,-0.012811,-0.673121,0.739179,0.136669,0.065022,0.110541,0.132049,-0.263086,-0.070230,0.147259,-0.059839,-0.384376,0.121714,-0.190214,0.042241,-0.005699,0.006444,0.176172,0.082325,0.171982,-0.414438,1.027910,0.060726,0.076992,0.329497,-0.004143,-0.132648,0.371176,1.127742,-0.256812,-0.011175,-0.161104
-0.001536,0.019869,0.793636,-0.018955,-0.012558,-0.672953,0.739336,0.136580,0.065442,0.109770,0.131017,-0.262935,-0.071836,0.146806,-0.059328,-0.384467,0.121702,-0.190399,0.042020,-0.006405,0.006829,0.176489,0.081718,0.172230,-0.414597,1.027833,0.061104,0.076836,0.329606,-0.005031,-0.132413,0.370832,1.126659,-0.256766,-0.008763,-0.160875
-0.001575,0.019953,0.793638,-0.018960,-0.012314,-0.672786,0.739492,0.136491,0.065886,0.108998,0.130045,-0.262783,-0.073442,0.146386,-0.058846,-0.384554,0.121697,-0.190543,0.041784,-0.006983,0.007167,0.176835,0.081070,0.172581,-0.414878,1.027736,0.061401,0.076647,0.329764,-0.005935,-0.132082,0.370333,1.125543,-0.256831,-0.006227,-0.160623
-0.001609,0.020008,0.793607,-0.018934,-0.012055,-0.672616,0.739651,0.136389,0.066311,0.108242,0.128987,-0.262641,-0.075040,0.145912,-0.058343,-0.384636,0.121686,-0.190776,0.041552,-0.007664,0.007563,0.177125,0.080408,0.172812,-0.415096,1.027746,0.061802,0.076523,0.329825,-0.006749,-0.131869,0.369948,1.124470,-0.256739,-0.003941,-0.160416
-0.001666,0.020089,0.793554,-0.018876,-0.011713,-0.672441,0.739817,0.136247,0.066712,0.107526,0.127766,-0.262569,-0.076618,0.145302,-0.057750,-0.384698,0.121674,-0.191250,0.041335,-0.008224,0.007935,0.177305,0.079717,0.173158,-0.415563,1.027793,0.062306,0.076625,0.329604,-0.007513,-0.131569,0.369258,1.123834,-0.256557,-0.002340,-0.160358
-0.001707,0.020192,0.793495,-0.018744,-0.011294,-0.672239,0.740010,0.135936,0.067095,0.106796,0.126454,-0.262561,-0.078129,0.144490,-0.057073,-0.384729,0.121682,-0.192023,0.041170,-0.008826,0.008328,0.177337,0.078959,0.173542,-0.416135,1.027943,0.063076,0.077066,0.328913,-0.008157,-0.131261,0.368356,1.123661,-0.256063,-0.001627,-0.160563
-0.001772,0.020153,0.793427,-0.018605,-0.010778,-0.672015,0.740225,0.135154,0.067598,0.106018,0.125837,-0.263008,-0.079581,0.143563,-0.056285,-0.384739,0.121695,-0.193021,0.041023,-0.009406,0.008792,0.177277,0.078154,0.173980,-0.416831,1.028135,0.064026,0.077757,0.327884,-0.008710,-0.130942,0.367214,1.123825,-0.255397,-0.001560,-0.160952
-0.001789,0.020154,0.793358,-0.018509,-0.010130,-0.671786,0.740445,0.131223,0.068726,0.105015,0.131752,-0.267063,-0.081070,0.142550,-0.055231,-0.384826,0.121695,-0.194173,0.040785,-0.010023,0.009507,0.177088,0.077425,0.174433,-0.417712,1.028378,0.064919,0.078457,0.326864,-0.009171,-0.130662,0.366124,1.124110,-0.254685,-0.001810,-0.161303
-0.001758,0.020139,0.793268,-0.018457,-0.009433,-0.671610,0.740615,0.126573,0.070108,0.104082,0.139512,-0.272375,-0.082655,0.141588,-0.054031,-0.384958,0.121679,-0.195432,0.040396,-0.010596,0.010394,0.176850,0.076890,0.174850,-0.418838,1.028663,0.065531,0.078933,0.326195,-0.009508,-0.130460,0.365321,1.124264,-0.254096,-0.002050,-0.161398
-0.001779,0.019984,0.793163,-0.018396,-0.008691,-0.671501,0.740724,0.122790,0.071437,0.103361,0.145639,-0.277095,-0.084351,0.140574,-0.052764,-0.385167,0.121693,-0.196782,0.039771,-0.011175,0.011411,0.176437,0.076663,0.175129,-0.419979,1.028957,0.065868,0.079223,0.325924,-0.009747,-0.130370,0.364975,1.124317,-0.253737,-0.002276,-0.161076
-0.001777,0.019843,0.793023,-0.018333,-0.007891,-0.671437,0.740793,0.119587,0.072755,0.102791,0.150635,-0.281496,-0.086126,0.139521,-0.051406,-0.385428,0.121686,-0.198239,0.038978,-0.011649,0.012523,0.175884,0.076615,0.175413,-0.421339,1.029274,0.065984,0.079422,0.325882,-0.009844,-0.130324,0.364782,1.124335,-0.253535,-0.002641,-0.160482
-0.001800,0.019687,0.792941,-0.018291,-0.007131,-0.671429,0.740809,0.117127,0.074032,0.102449,0.154545,-0.285569,-0.087980,0.138613,-0.050063,-0.385602,0.121697,-0.199870,0.038199,-0.011759,0.013594,0.175461,0.076578,0.175838,-0.423478,1.029648,0.065711,0.079391,0.326117,-0.009661,-0.130316,0.364494,1.124118,-0.253292,-0.003041,-0.159876
-0.001837,0.019485,0.792783,-0.018262,-0.006533,-0.671494,0.740756,0.115552,0.075165,0.102426,0.157422,-0.289332,-0.089919,0.137823,-0.048998,-0.385538,0.122271,-0.202029,0.037623,-0.011838,0.014407,0.175488,0.076462,0.176374,-0.426052,1.030223,0.065375,0.078926,0.326579,-0.009549,-0.130357,0.364362,1.123827,-0.252786,-0.003360,-0.159498
-0.001891,0.019171,0.792542,-0.018261,-0.006208,-0.671683,0.740587,0.115062,0.076048,0.102892,0.159340,-0.292901,-0.091914,0.137273,-0.048357,-0.385122,0.123522,-0.204755,0.037175,-0.011647,0.014806,0.176183,0.076399,0.177214,-0.429432,1.030857,0.064622,0.077676,0.327609,-0.009462,-0.130456,0.364418,1.123356,-0.251691,-0.003498,-0.159550
-0.001968,0.018802,0.792367,-0.018312,-0.006042,-0.671958,0.740338,0.115691,0.076828,0.103722,0.159909,-0.296048,-0.093980,0.137196,-0.047756,-0.384524,0.124592,-0.207579,0.036802,-0.011799,0.015094,0.177255,0.076313,0.177754,-0.432732,1.032016,0.063848,0.075784,0.329129,-0.009819,-0.130526,0.365187,1.123286,-0.250133,-0.003520,-0.159925
-0.002154,0.018420,0.792175,-0.018340,-0.005892,-0.672232,0.740089,0.116788,0.077530,0.104642,0.159615,-0.298880,-0.096187,0.137246,-0.047187,-0.383878,0.125549,-0.210529,0.036743,-0.011530,0.015206,0.178473,0.076077,0.178714,-0.437035,1.033064,0.062945,0.074023,0.330434,-0.009653,-0.130663,0.365430,1.122630,-0.248802,-0.003605,-0.160195
-0.002371,0.018023,0.791961,-0.018237,-0.005652,-0.672419,0.739924,0.117698,0.078166,0.105368,0.158987,-0.301524,-0.098597,0.136521,-0.046904,-0.383302,0.127763,-0.214411,0.037247,-0.011418,0.015138,0.179562,0.075625,0.179928,-0.441393,1.033958,0.062704,0.073032,0.330715,-0.009234,-0.130784,0.365152,1.121719,-0.248267,-0.004013,-0.159993
-0.002597,0.017499,0.791782,-0.018001,-0.005333,-0.672511,0.739849,0.118550,0.078706,0.105859,0.157750,-0.303867,-0.101413,0.135392,-0.046762,-0.382767,0.130446,-0.218841,0.038622,-0.011641,0.014939,0.180374,0.074602,0.180933,-0.445610,1.035303,0.063663,0.073235,0.329471,-0.008705,-0.130827,0.364530,1.120949,-0.248881,-0.004832,-0.159187
-0.002790,0.016922,0.791610,-0.017688,-0.004971,-0.672547,0.739827,0.119598,0.079157,0.106256,0.155767,-0.305895,-0.104541,0.134677,-0.046462,-0.382277,0.132019,-0.222954,0.040649,-0.011651,0.014547,0.181153,0.073204,0.182258,-0.450437,1.036655,0.065194,0.074221,0.327172,-0.007787,-0.130830,0.363159,1.119902,-0.250381,-0.005959,-0.157927
-0.002955,0.016265,0.791437,-0.017269,-0.004515,-0.672515,0.739868,0.120356,0.079625,0.106543,0.153747,-0.307874,-0.107595,0.133974,-0.046061,-0.381963,0.133081,-0.226942,0.042778,-0.011904,0.014072,0.181781,0.071675,0.183596,-0.455251,1.038063,0.066799,0.075295,0.324805,-0.006760,-0.130765,0.361566,1.118620,-0.252026,-0.007147,-0.156593
-0.003235,0.015752,0.791268,-0.016719,-0.003904,-0.672406,0.739984,0.120395,0.080198,0.106709,0.152312,-0.310025,-0.110190,0.133160,-0.045516,-0.381964,0.133626,-0.230692,0.044462,-0.012393,0.013582,0.182185,0.070174,0.184951,-0.460021,1.039420,0.067757,0.075800,0.323360,-0.005604,-0.130646,0.359723,1.116845,-0.253222,-0.008166,-0.155502
-0.003514,0.015071,0.791132,-0.016037,-0.003120,-0.672196,0.740193,0.119592,0.080953,0.106799,0.151626,-0.312428,-0.112287,0.132317,-0.044750,-0.382428,0.133426,-0.234108,0.045531,-0.013220,0.013118,0.182315,0.068772,0.186330,-0.464925,1.040867,0.067566,0.075303,0.323502,-0.004262,-0.130451,0.357586,1.114564,-0.253754,-0.009080,-0.154743
-0.003990,0.014358,0.790997,-0.015240,-0.002188,-0.671899,0.740483,0.118173,0.081819,0.106803,0.151380,-0.314974,-0.114064,0.131552,-0.043779,-0.383238,0.132374,-0.237174,0.046288,-0.014303,0.012625,0.182217,0.067346,0.187746,-0.469983,1.042424,0.066693,0.074245,0.324576,-0.002735,-0.130176,0.355115,1.111875,-0.253990,-0.009971,-0.154140
-0.004250,0.013374,0.790906,-0.014292,-0.001162,-0.671554,0.740817,0.116245,0.082642,0.106622,0.151430,-0.317567,-0.115464,0.130497,-0.042818,-0.384132,0.131298,-0.240241,0.046887,-0.015461,0.012037,0.181974,0.065860,0.189187,-0.474791,1.043727,0.065906,0.073274,0.325572,-0.001140,-0.129867,0.352425,1.108715,-0.254124,-0.010625,-0.153619
-0.004600,0.012548,0.790823,-0.013201,-0.000052,-0.671205,0.741155,0.113921,0.083266,0.106161,0.151616,-0.320095,-0.116430,0.128800,-0.042081,-0.384844,0.130982,-0.243630,0.047483,-0.016533,0.011311,0.181680,0.064281,0.190620,-0.478917,1.044406,0.065986,0.073046,0.325485,0.000444,-0.129581,0.349642,1.104963,-0.254361,-0.010828,-0.153094
-0.005066,0.011573,0.790697,-0.011875,0.001166,-0.670843,0.741504,0.110931,0.083570,0.105284,0.152097,-0.322666,-0.116726,0.126081,-0.041730,-0.385310,0.131908,-0.247648,0.048254,-0.017500,0.010394,0.181211,0.062585,0.192014,-0.482130,1.044284,0.067383,0.073995,0.323721,0.002103,-0.129343,0.346686,1.100301,-0.254615,-0.010246,-0.152581
-0.005431,0.010614,0.790572,-0.010356,0.002501,-0.670451,0.741877,0.107335,0.083655,0.104075,0.152859,-0.325283,-0.116458,0.122633,-0.041613,-0.385670,0.133559,-0.252048,0.049073,-0.018459,0.009347,0.180568,0.060792,0.193357,-0.484670,1.043598,0.069624,0.075679,0.320922,0.003884,-0.129150,0.343559,1.094814,-0.254808,-0.009061,-0.152100
-0.005866,0.009657,0.790481,-0.008798,0.003867,-0.670053,0.742251,0.103634,0.083749,0.102758,0.153668,-0.327749,-0.116089,0.119072,-0.041455,-0.385975,0.135316,-0.256370,0.049630,-0.019429,0.008310,0.180038,0.058908,0.194662,-0.486842,1.042617,0.072062,0.077436,0.317945,0.005575,-0.129049,0.340481,1.089149,-0.255180,-0.007920,-0.151591
-0.006339,0.008498,0.790330,-0.007366,0.005192,-0.669671,0.742603,0.100315,0.084090,0.101557,0.154323,-0.329882,-0.116083,0.115979,-0.041002,-0.386271,0.136636,-0.260196,0.049617,-0.020431,0.007438,0.179921,0.056972,0.195946,-0.488936,1.041550,0.074060,0.078608,0.315641,0.007043,-0.129077,0.337656,1.083836,-0.255982,-0.007458,-0.150977
-0.006790,0.007189,0.790191,-0.006086,0.006478,-0.669313,0.742927,0.097302,0.084722,0.100467,0.154993,-0.331638,-0.116436,0.113353,-0.040223,-0.386584,0.137507,-0.263422,0.048716,-0.021475,0.006758,0.180281,0.054939,0.197225,-0.491059,1.040465,0.075530,0.078975,0.314208,0.008256,-0.129284,0.335056,1.078889,-0.257457,-0.007943,-0.149971
-0.007363,0.005992,0.790050,-0.004873,0.007756,-0.668966,0.743236,0.094400,0.085523,0.099393,0.155700,-0.333100,-0.116942,0.110922,-0.039248,-0.386881,0.138201,-0.266288,0.047169,-0.022537,0.006194,0.180969,0.052822,0.198500,-0.493052,1.039208,0.076785,0.078903,0.313198,0.009322,-0.129694,0.332585,1.074008,-0.259419,-0.009008,-0.148695
-0.007917,0.004753,0.789895,-0.003730,0.009006,-0.668630,0.743531,0.091941,0.086478,0.098417,0.156030,-0.334308,-0.117750,0.108949,-0.038034,-0.387109,0.138356,-0.268751,0.045502,-0.023596,0.005746,0.181964,0.050724,0.199756,-0.494821,1.037695,0.077753,0.078630,0.312504,0.010283,-0.130254,0.330394,1.069298,-0.261410,-0.010328,-0.147679
-0.008510,0.003452,0.789712,-0.002657,0.010206,-0.668304,0.743813,0.090249,0.087562,0.097627,0.155575,-0.335289,-0.119008,0.107705,-0.036541,-0.387247,0.137636,-0.270788,0.044266,-0.024823,0.005384,0.183099,0.048547,0.200592,-0.496001,1.036397,0.078503,0.078364,0.312092,0.010825,-0.130704,0.328868,1.065409,-0.262967,-0.011552,-0.147578
-0.009157,0.001784,0.789545,-0.001702,0.011315,-0.667968,0.744102,0.089632,0.088801,0.097026,0.154038,-0.336013,-0.120898,0.107476,-0.034684,-0.387241,0.135753,-0.272299,0.043609,-0.025696,0.005130,0.184784,0.046615,0.201880,-0.497400,1.034225,0.078594,0.078158,0.311884,0.011564,-0.131472,0.327601,1.061693,-0.263784,-0.012833,-0.148713
-0.009864,0.000048,0.789346,-0.000846,0.012354,-0.667630,0.744390,0.089892,0.090186,0.096585,0.151607,-0.336427,-0.123292,0.108073,-0.032505,-0.387123,0.132896,-0.273293,0.043241,-0.026723,0.004931,0.186811,0.044828,0.203148,-0.498366,1.031761,0.078357,0.077874,0.311978,0.011971,-0.132279,0.327061,1.058698,-0.264098,-0.014240,-0.150832
-0.010437,-0.001435,0.789114,0.000007,0.013406,-0.667332,0.744640,0.090474,0.091674,0.096325,0.148779,-0.336627,-0.125877,0.107707,-0.030716,-0.386927,0.132459,-0.275491,0.043060,-0.027768,0.004771,0.188910,0.043185,0.204337,-0.498815,1.029029,0.077941,0.077605,0.312204,0.012252,-0.133072,0.326681,1.055675,-0.264553,-0.015474,-0.152980
-0.011119,-0.003001,0.788863,0.000954,0.014548,-0.667118,0.744809,0.090867,0.093215,0.096264,0.146001,-0.336689,-0.128338,0.106983,-0.029009,-0.386779,0.132349,-0.277717,0.042918,-0.028783,0.004609,0.190807,0.041754,0.205407,-0.498532,1.026016,0.077537,0.077447,0.312393,0.012545,-0.133808,0.326000,1.051940,-0.265779,-0.016223,-0.154219
-0.011837,-0.004941,0.788644,0.001963,0.015760,-0.667008,0.744881,0.091358,0.094824,0.096492,0.142874,-0.336390,-0.130696,0.106143,-0.027315,-0.386752,0.132200,-0.279745,0.042696,-0.029771,0.004455,0.192587,0.040634,0.206364,-0.497350,1.022620,0.077014,0.077378,0.312563,0.012767,-0.134492,0.324949,1.047501,-0.268097,-0.016124,-0.154122
-0.012596,-0.006652,0.788366,0.003003,0.017013,-0.666976,0.744879,0.092035,0.096519,0.096966,0.139423,-0.335821,-0.133083,0.105296,-0.025601,-0.386784,0.132001,-0.281608,0.042490,-0.030698,0.004325,0.194236,0.039507,0.206974,-0.495494,1.019332,0.076344,0.077350,0.312854,0.012788,-0.134955,0.323694,1.042917,-0.271168,-0.015425,-0.153315
-0.013406,-0.008489,0.788036,0.004169,0.018376,-0.666995,0.744824,0.092361,0.098230,0.097533,0.136165,-0.335218,-0.135355,0.104147,-0.023909,-0.386774,0.131825,-0.283404,0.042481,-0.031647,0.004184,0.195800,0.038877,0.207935,-0.493057,1.015088,0.075808,0.077474,0.312968,0.013130,-0.135678,0.322330,1.037176,-0.274436,-0.014792,-0.152137
-0.014212,-0.010819,0.787788,0.005560,0.019914,-0.667036,0.744739,0.091628,0.099909,0.098021,0.133992,-0.335033,-0.137366,0.102434,-0.022271,-0.386625,0.131649,-0.285161,0.042851,-0.032448,0.003971,0.196812,0.038088,0.208811,-0.490553,1.010916,0.075685,0.077809,0.312956,0.013804,-0.136298,0.320729,1.030562,-0.277525,-0.014830,-0.151282
-0.015069,-0.012785,0.787468,0.007261,0.021664,-0.667079,0.744637,0.089111,0.101494,0.098278,0.133965,-0.335797,-0.139124,0.099945,-0.020780,-0.386361,0.131508,-0.286862,0.043806,-0.033059,0.003587,0.197047,0.036815,0.209364,-0.487962,1.007261,0.076092,0.078504,0.312819,0.014849,-0.136657,0.318699,1.023162,-0.280614,-0.015769,-0.150818
-0.015956,-0.015164,0.787109,0.009197,0.023581,-0.667142,0.744501,0.086002,0.102974,0.098491,0.134018,-0.336447,-0.140694,0.096884,-0.019391,-0.386021,0.131366,-0.288482,0.045193,-0.033577,0.003085,0.196857,0.035571,0.210007,-0.485030,1.003283,0.076871,0.079487,0.312486,0.016290,-0.137033,0.316327,1.014688,-0.283832,-0.017272,-0.150372
-0.016869,-0.017249,0.786756,0.011231,0.025611,-0.667252,0.744307,0.082645,0.104520,0.098816,0.134194,-0.337057,-0.142004,0.093566,-0.017956,-0.385519,0.131235,-0.290125,0.046666,-0.033982,0.002653,0.196408,0.034446,0.210706,-0.482012,0.999058,0.077926,0.080465,0.312072,0.017937,-0.137400,0.313923,1.005402,-0.286719,-0.019060,-0.150145
-0.017775,-0.019871,0.786348,0.013218,0.027703,-0.667440,0.744031,0.079208,0.106325,0.099392,0.134881,-0.337872,-0.142982,0.090330,-0.016293,-0.384772,0.131086,-0.291881,0.047876,-0.034313,0.002485,0.195948,0.033710,0.211596,-0.479058,0.994342,0.079183,0.081145,0.311630,0.019630,-0.137822,0.311800,0.995407,-0.288845,-0.020863,-0.150280
-0.018552,-0.022291,0.785920,0.015249,0.029948,-0.667716,0.743657,0.073858,0.108520,0.100117,0.139344,-0.340597,-0.143588,0.086834,-0.014421,-0.383709,0.130984,-0.293701,0.048768,-0.034455,0.002655,0.195001,0.032750,0.212082,-0.476443,0.990152,0.080876,0.081439,0.311264,0.021255,-0.138028,0.309902,0.985054,-0.290125,-0.022633,-0.151068
-0.019469,-0.025024,0.785438,0.017355,0.032337,-0.668063,0.743199,0.067571,0.110939,0.101003,0.145380,-0.344052,-0.143868,0.083057,-0.012399,-0.382394,0.130883,-0.295538,0.049517,-0.034518,0.003040,0.193749,0.031936,0.212557,-0.473818,0.985750,0.083026,0.081525,0.310818,0.022943,-0.138223,0.308115,0.973968,-0.290804,-0.024523,-0.152263
-0.020347,-0.027712,0.784907,0.019319,0.034676,-0.668465,0.742683,0.060792,0.113669,0.101938,0.153541,-0.348602,-0.143850,0.079755,-0.010155,-0.380951,0.130759,-0.297574,0.050126,-0.034462,0.003650,0.192674,0.031262,0.212944,-0.471244,0.981354,0.085063,0.081396,0.310511,0.024651,-0.138380,0.306541,0.962470,-0.290948,-0.026464,-0.153646
-0.021379,-0.030362,0.784324,0.020924,0.036770,-0.668910,0.742139,0.053988,0.116807,0.102810,0.164307,-0.354567,-0.143564,0.077669,-0.007631,-0.379493,0.130569,-0.299966,0.050601,-0.034433,0.004491,0.192446,0.031093,0.213407,-0.468363,0.976540,0.086620,0.081078,0.310417,0.026244,-0.138584,0.305285,0.950718,-0.290717,-0.028418,-0.154883
-0.022292,-0.033387,0.783685,0.022039,0.038473,-0.669401,0.741577,0.047637,0.120365,0.103592,0.177689,-0.362124,-0.142768,0.077318,-0.004836,-0.378096,0.130285,-0.302780,0.050988,-0.034228,0.005574,0.193185,0.031066,0.213676,-0.465726,0.972114,0.087090,0.080406,0.310860,0.027864,-0.138714,0.304282,0.938946,-0.289744,-0.030267,-0.155904
-0.023309,-0.036286,0.783012,0.022796,0.039931,-0.669941,0.740989,0.041551,0.124319,0.104328,0.193058,-0.370919,-0.141528,0.078204,-0.001762,-0.376702,0.129916,-0.305918,0.051264,-0.034423,0.006908,0.194896,0.031898,0.214095,-0.462253,0.966854,0.087336,0.079456,0.311401,0.029213,-0.138987,0.303770,0.926825,-0.288190,-0.032103,-0.156676
-0.024013,-0.039536,0.782257,0.023377,0.041406,-0.670529,0.740358,0.034791,0.128786,0.105014,0.210743,-0.380706,-0.140328,0.079490,0.001704,-0.375187,0.129498,-0.309290,0.051314,-0.034247,0.008571,0.196673,0.032665,0.214381,-0.459112,0.961743,0.087314,0.078494,0.312141,0.030640,-0.139205,0.303446,0.914418,-0.286541,-0.034043,-0.157730
-0.025040,-0.042870,0.781434,0.023966,0.043146,-0.671154,0.739673,0.026509,0.133849,0.105630,0.230915,-0.391206,-0.139641,0.080315,0.005632,-0.373453,0.129189,-0.312884,0.051031,-0.034033,0.010593,0.198158,0.033737,0.214699,-0.455546,0.955963,0.087840,0.077825,0.312696,0.031859,-0.139474,0.303655,0.901658,-0.285409,-0.036249,-0.159315
-0.026086,-0.045854,0.780505,0.024607,0.045340,-0.671843,0.738895,0.016468,0.139827,0.106284,0.253172,-0.402843,-0.139487,0.080268,0.010322,-0.371414,0.128882,-0.316568,0.049935,-0.033358,0.013160,0.198906,0.034709,0.214952,-0.452077,0.950045,0.088791,0.077484,0.313247,0.033020,-0.139670,0.304281,0.888636,-0.284992,-0.038355,-0.161687
-0.027087,-0.049168,0.779523,0.025201,0.047818,-0.672585,0.738043,0.005019,0.146638,0.106880,0.277735,-0.415626,-0.139617,0.079843,0.015647,-0.369155,0.128606,-0.320421,0.048233,-0.032540,0.016179,0.199305,0.035883,0.215187,-0.448364,0.943792,0.090040,0.077331,0.313814,0.033976,-0.139825,0.305474,0.875434,-0.284946,-0.040413,-0.164627
-0.028016,-0.052611,0.778452,0.025704,0.050308,-0.673324,0.737186,-0.007547,0.153790,0.107156,0.305165,-0.428599,-0.140090,0.079708,0.021160,-0.366821,0.128313,-0.324552,0.046829,-0.031199,0.019419,0.199769,0.036825,0.215318,-0.445090,0.937398,0.091423,0.077397,0.314267,0.035086,-0.139892,0.306297,0.861692,-0.285313,-0.043207,-0.167793
-0.029051,-0.056172,0.777258,0.026079,0.052528,-0.673997,0.736403,-0.021055,0.160801,0.106818,0.336258,-0.440809,-0.140937,0.080527,0.026396,-0.364580,0.127965,-0.329077,0.046627,-0.030770,0.022453,0.200989,0.038755,0.215551,-0.440484,0.929463,0.093588,0.077686,0.314096,0.035534,-0.140072,0.307691,0.847646,-0.285774,-0.047464,-0.170902
-0.029884,-0.059931,0.776057,0.026320,0.054478,-0.674642,0.735661,-0.034958,0.167803,0.106018,0.370240,-0.452961,-0.142203,0.082275,0.031367,-0.362174,0.127612,-0.334288,0.048515,-0.029704,0.025377,0.202774,0.040455,0.215716,-0.436356,0.921049,0.096091,0.078458,0.313363,0.036472,-0.140274,0.307948,0.832706,-0.286628,-0.054238,-0.173715
-0.030851,-0.063436,0.774763,0.026447,0.056286,-0.675278,0.734937,-0.049560,0.175052,0.104794,0.407035,-0.465248,-0.143773,0.084668,0.036287,-0.359625,0.127237,-0.340047,0.051777,-0.028631,0.028300,0.205016,0.042461,0.215886,-0.431838,0.911758,0.099143,0.079601,0.312091,0.037425,-0.140586,0.307973,0.817140,-0.287786,-0.062835,-0.176437
-0.031822,-0.066964,0.773429,0.026435,0.057895,-0.675826,0.734308,-0.065830,0.182320,0.102750,0.448263,-0.475924,-0.145387,0.087849,0.041045,-0.357446,0.126766,-0.345817,0.054882,-0.028007,0.031314,0.207904,0.045031,0.216125,-0.426965,0.901347,0.102412,0.080663,0.310622,0.037945,-0.141086,0.308330,0.800940,-0.289105,-0.071502,-0.179315
-0.032813,-0.070614,0.772163,0.026266,0.059252,-0.676205,0.733857,-0.084787,0.189378,0.099460,0.495701,-0.483212,-0.146725,0.091976,0.045539,-0.356137,0.126077,-0.351050,0.056297,-0.027812,0.034507,0.211495,0.047955,0.216426,-0.422470,0.890089,0.105344,0.081204,0.309437,0.037807,-0.141641,0.309096,0.784105,-0.290555,-0.078490,-0.182621
-0.033581,-0.074530,0.770970,0.025829,0.060361,-0.676362,0.733637,-0.106615,0.196425,0.094369,0.550270,-0.486773,-0.149201,0.097243,0.049896,-0.356064,0.125099,-0.355440,0.055121,-0.028765,0.038135,0.216076,0.051542,0.216869,-0.418120,0.877635,0.107757,0.081035,0.308438,0.036576,-0.142270,0.310881,0.766662,-0.292310,-0.083098,-0.186805
-0.034383,-0.078485,0.769736,0.025166,0.061245,-0.676350,0.733598,-0.130828,0.203597,0.087720,0.610893,-0.487539,-0.152170,0.103563,0.054156,-0.356860,0.123769,-0.359263,0.052298,-0.030081,0.042079,0.221384,0.055181,0.217262,-0.414426,0.864675,0.109786,0.080426,0.307591,0.034674,-0.142701,0.312784,0.748730,-0.294544,-0.086355,-0.191599
-0.035234,-0.082383,0.768322,0.024434,0.061877,-0.676232,0.733679,-0.157230,0.210624,0.080325,0.676192,-0.485675,-0.152412,0.110433,0.058088,-0.358002,0.122804,-0.363194,0.049038,-0.031438,0.045806,0.227161,0.059297,0.217730,-0.410689,0.850873,0.111972,0.079602,0.307021,0.032319,-0.143086,0.314798,0.730429,-0.296617,-0.089029,-0.196234
-0.036094,-0.086381,0.766907,0.023655,0.062395,-0.676049,0.733829,-0.185087,0.217512,0.073141,0.743590,-0.480665,-0.146953,0.117357,0.061898,-0.359023,0.122695,-0.367787,0.046572,-0.031949,0.049264,0.232975,0.063745,0.218314,-0.406936,0.836454,0.114664,0.078795,0.306951,0.030006,-0.143428,0.316237,0.711813,-0.298083,-0.091931,-0.199905
-0.036957,-0.090591,0.765535,0.022847,0.062690,-0.675807,0.734052,-0.214652,0.223875,0.066261,0.814441,-0.470659,-0.134555,0.124870,0.065625,-0.359796,0.122575,-0.372695,0.044909,-0.031461,0.052131,0.239098,0.068739,0.219504,-0.403351,0.821067,0.118004,0.077871,0.307561,0.028018,-0.143832,0.317025,0.692611,-0.298813,-0.095133,-0.202023
-0.037741,-0.094810,0.764131,0.021953,0.062786,-0.675486,0.734367,-0.245734,0.230034,0.059728,0.888678,-0.456039,-0.117162,0.133028,0.069290,-0.360563,0.122434,-0.377737,0.043497,-0.029405,0.054926,0.245272,0.072834,0.220422,-0.401147,0.806446,0.121608,0.076777,0.309014,0.026408,-0.143923,0.316294,0.673064,-0.299418,-0.098294,-0.203108
-0.038586,-0.099137,0.762701,0.021225,0.062805,-0.675182,0.734666,-0.277211,0.236250,0.054891,0.962213,-0.439907,-0.096557,0.141288,0.072514,-0.361117,0.122275,-0.382764,0.042811,-0.026608,0.057327,0.251093,0.077517,0.221366,-0.398527,0.790781,0.125427,0.075910,0.310586,0.024433,-0.143908,0.315247,0.653315,-0.299574,-0.101507,-0.204057
-0.039361,-0.103847,0.761259,0.020948,0.062843,-0.674993,0.734844,-0.308078,0.242691,0.052865,1.031280,-0.425679,-0.074406,0.149117,0.074846,-0.361243,0.122089,-0.387636,0.043332,-0.023733,0.058731,0.256266,0.084605,0.223205,-0.393838,0.771640,0.129220,0.075686,0.311448,0.021433,-0.143803,0.314893,0.633343,-0.299012,-0.104898,-0.205724
-0.040066,-0.108605,0.759941,0.021200,0.062828,-0.674869,0.734952,-0.338830,0.249511,0.053987,1.097489,-0.412658,-0.048716,0.156566,0.076097,-0.361150,0.121936,-0.392594,0.045381,-0.020485,0.059220,0.260344,0.093214,0.224849,-0.387362,0.750249,0.133213,0.076615,0.311832,0.017714,-0.143586,0.315019,0.613484,-0.297159,-0.108673,-0.208757
-0.040908,-0.113416,0.758470,0.021857,0.062712,-0.674795,0.735011,-0.369748,0.256854,0.057807,1.162335,-0.399711,-0.019323,0.163898,0.076491,-0.360846,0.121751,-0.397612,0.048653,-0.016620,0.059038,0.263606,0.102698,0.226057,-0.379724,0.727458,0.137494,0.078336,0.312039,0.013508,-0.143348,0.315205,0.593596,-0.294327,-0.112721,-0.212528
-0.041602,-0.118718,0.756998,0.022884,0.062622,-0.674918,0.734875,-0.399730,0.264516,0.063775,1.222356,-0.389779,0.009275,0.170749,0.076131,-0.359864,0.121593,-0.402241,0.052712,-0.012557,0.058240,0.266318,0.113644,0.227316,-0.370495,0.702800,0.141726,0.079895,0.311819,0.008058,-0.143121,0.315868,0.573629,-0.291754,-0.116614,-0.216190
-0.042107,-0.124076,0.755709,0.024251,0.062687,-0.675375,0.734405,-0.427771,0.271860,0.071066,1.274178,-0.385841,0.032374,0.176736,0.075085,-0.357749,0.121507,-0.405997,0.057130,-0.008017,0.057204,0.268561,0.125607,0.228553,-0.360238,0.676959,0.145459,0.080340,0.311165,0.001112,-0.143019,0.316556,0.553278,-0.290810,-0.119948,-0.218801
-0.042530,-0.129515,0.754497,0.026123,0.063009,-0.676192,0.733561,-0.453642,0.278662,0.080114,1.316986,-0.391279,0.048270,0.181418,0.073171,-0.354206,0.121517,-0.409004,0.062117,-0.003111,0.055901,0.270078,0.138988,0.229785,-0.348593,0.649365,0.148610,0.078890,0.309837,-0.007410,-0.143128,0.317348,0.532265,-0.291865,-0.122929,-0.219946
-0.042918,-0.134965,0.753414,0.028466,0.063493,-0.677281,0.732427,-0.477993,0.284785,0.090810,1.352953,-0.403756,0.059308,0.185083,0.070368,-0.349612,0.121643,-0.411458,0.067839,0.002439,0.054302,0.270849,0.153439,0.230782,-0.336041,0.620374,0.151305,0.076226,0.308039,-0.017050,-0.143457,0.317936,0.510602,-0.294247,-0.125690,-0.220112
-0.043326,-0.140380,0.752456,0.030949,0.063979,-0.678595,0.731066,-0.501234,0.289593,0.101527,1.383079,-0.417568,0.066778,0.188555,0.067043,-0.344497,0.121817,-0.412983,0.073792,0.007890,0.052291,0.271651,0.169432,0.231803,-0.322264,0.589914,0.153689,0.073549,0.305901,-0.028066,-0.144038,0.319253,0.488630,-0.297280,-0.127598,-0.219949
-0.043330,-0.146135,0.751643,0.033239,0.064305,-0.680098,0.729539,-0.523781,0.292547,0.110767,1.408236,-0.426944,0.072034,0.192657,0.063560,-0.339350,0.121924,-0.413134,0.079456,0.014145,0.050242,0.272889,0.185310,0.232574,-0.309028,0.560058,0.155668,0.072131,0.304087,-0.039996,-0.144732,0.320219,0.466677,-0.300803,-0.128164,-0.219858
-0.043403,-0.151858,0.750998,0.035231,0.064433,-0.681905,0.727745,-0.545830,0.293737,0.118459,1.428603,-0.430533,0.075350,0.197561,0.060061,-0.333914,0.121960,-0.411935,0.084736,0.021476,0.048166,0.274823,0.201044,0.233120,-0.296052,0.530605,0.157050,0.072476,0.302636,-0.053145,-0.145449,0.321009,0.444497,-0.304931,-0.126292,-0.220238
-0.043482,-0.157715,0.750521,0.037111,0.064446,-0.683991,0.725690,-0.567281,0.293318,0.125376,1.443744,-0.431250,0.075974,0.202851,0.056332,-0.328045,0.122035,-0.409626,0.089910,0.029278,0.045871,0.277205,0.217522,0.233558,-0.282468,0.500544,0.157952,0.073855,0.301206,-0.067717,-0.146259,0.322212,0.422121,-0.309673,-0.122569,-0.220790
-0.043216,-0.164044,0.750269,0.038977,0.064354,-0.686116,0.723592,-0.588052,0.290863,0.131283,1.453380,-0.429774,0.073753,0.208535,0.052257,-0.322375,0.122036,-0.405996,0.095022,0.036830,0.043342,0.279712,0.234766,0.233906,-0.268736,0.470396,0.158869,0.075681,0.299821,-0.083276,-0.147209,0.323697,0.400300,-0.314695,-0.118919,-0.220874
-0.043295,-0.170263,0.750075,0.040937,0.064160,-0.688048,0.721663,-0.608071,0.285943,0.135957,1.457313,-0.426764,0.068551,0.214562,0.047670,-0.317539,0.121978,-0.400897,0.100118,0.043363,0.040522,0.282070,0.252872,0.234186,-0.255232,0.440593,0.160301,0.077361,0.298470,-0.099376,-0.148413,0.325438,0.379728,-0.319599,-0.117279,-0.219881
-0.042935,-0.176991,0.750037,0.042902,0.063788,-0.689749,0.719956,-0.627319,0.278335,0.139097,1.455344,-0.422250,0.059960,0.221306,0.042572,-0.313910,0.121796,-0.394379,0.105081,0.049276,0.037541,0.284474,0.271439,0.234357,-0.242575,0.411645,0.162449,0.078891,0.297122,-0.115814,-0.149742,0.326567,0.360581,-0.324753,-0.118739,-0.216911
-0.042611,-0.183880,0.750231,0.044855,0.063251,-0.691338,0.718359,-0.645827,0.268279,0.140870,1.447563,-0.416001,0.048209,0.228673,0.037028,-0.311077,0.121558,-0.386510,0.109968,0.054575,0.034314,0.287071,0.290809,0.234448,-0.230067,0.382859,0.165032,0.080524,0.295709,-0.132944,-0.151242,0.327727,0.342466,-0.330073,-0.122082,-0.212598
-0.042213,-0.191035,0.750563,0.047011,0.062697,-0.692821,0.716839,-0.663524,0.256071,0.141758,1.434139,-0.408339,0.034157,0.236040,0.030999,-0.308466,0.121294,-0.377129,0.115071,0.059046,0.030718,0.289266,0.310816,0.234477,-0.217638,0.354243,0.167696,0.082100,0.294552,-0.150665,-0.153084,0.329644,0.325231,-0.334949,-0.125870,-0.208404
-0.041730,-0.198426,0.751022,0.049572,0.062277,-0.694202,0.715365,-0.680333,0.242035,0.142205,1.415223,-0.399552,0.018659,0.242773,0.024437,-0.305484,0.120987,-0.366040,0.120657,0.063248,0.026760,0.290231,0.330401,0.234549,-0.206261,0.326762,0.170018,0.083535,0.294284,-0.168796,-0.154978,0.331940,0.309118,-0.339181,-0.128746,-0.205588
-0.041230,-0.206023,0.751680,0.052672,0.062010,-0.695444,0.713959,-0.696449,0.225761,0.141992,1.390096,-0.389617,0.001292,0.248605,0.017159,-0.301820,0.120721,-0.353416,0.126936,0.066593,0.022175,0.289779,0.350147,0.234746,-0.195544,0.300051,0.171255,0.084519,0.295192,-0.187733,-0.157102,0.335449,0.293974,-0.342402,-0.130443,-0.204836
-0.040589,-0.213944,0.752446,0.056164,0.061818,-0.696561,0.712619,-0.711689,0.207400,0.140832,1.358802,-0.378539,-0.018045,0.253879,0.009232,-0.297768,0.120449,-0.339243,0.133679,0.069695,0.017113,0.288133,0.369541,0.235098,-0.186075,0.274680,0.171810,0.085262,0.297198,-0.207521,-0.158926,0.339083,0.280344,-0.345255,-0.131746,-0.205165
-0.039790,-0.222241,0.753387,0.059830,0.061726,-0.697624,0.711288,-0.725403,0.188146,0.139021,1.322555,-0.366727,-0.038021,0.258841,0.001017,-0.293640,0.120082,-0.323163,0.140488,0.072084,0.011728,0.285999,0.389420,0.235596,-0.176535,0.249190,0.173027,0.086188,0.299112,-0.227235,-0.161098,0.343691,0.267240,-0.347428,-0.132448,-0.206127
-0.038977,-0.230718,0.754470,0.063455,0.061759,-0.698702,0.709911,-0.737027,0.169156,0.136871,1.282661,-0.354484,-0.057330,0.263760,-0.007106,-0.289786,0.119633,-0.304922,0.146988,0.074861,0.006583,0.283603,0.408548,0.236176,-0.167741,0.224315,0.176293,0.087879,0.300461,-0.245922,-0.163502,0.347829,0.254714,-0.349433,-0.132567,-0.206809
-0.038050,-0.239475,0.755602,0.067099,0.061964,-0.699795,0.708480,-0.746761,0.149674,0.133465,1.238138,-0.341963,-0.075672,0.268467,-0.015220,-0.286353,0.119079,-0.284455,0.153287,0.078127,0.001621,0.280791,0.426842,0.236850,-0.159763,0.200092,0.182343,0.090887,0.300956,-0.264033,-0.165927,0.351283,0.243248,-0.351736,-0.131981,-0.206820
-0.037252,-0.248386,0.756788,0.070834,0.062307,-0.700882,0.707011,-0.754583,0.129692,0.128802,1.188546,-0.329002,-0.093510,0.272910,-0.023462,-0.283069,0.118425,-0.261894,0.159513,0.081535,-0.003359,0.277481,0.444653,0.237670,-0.152427,0.176424,0.190332,0.094784,0.300957,-0.281851,-0.168430,0.354534,0.232776,-0.354055,-0.130745,-0.206650
-0.036183,-0.257696,0.758049,0.074430,0.062740,-0.701969,0.705523,-0.759852,0.111275,0.124553,1.136143,-0.315328,-0.110841,0.277489,-0.031435,-0.279792,0.117695,-0.237206,0.165332,0.085066,-0.008085,0.273978,0.461842,0.238636,-0.145693,0.153498,0.199344,0.098665,0.300874,-0.298636,-0.171013,0.357563,0.223007,-0.355817,-0.129148,-0.206742
-0.035088,-0.267266,0.759325,0.077661,0.063208,-0.703054,0.704051,-0.762064,0.096166,0.122532,1.083192,-0.300514,-0.127889,0.282623,-0.038759,-0.276450,0.116865,-0.210325,0.170400,0.088694,-0.012280,0.270581,0.478254,0.239736,-0.139526,0.131515,0.208458,0.101634,0.301148,-0.313629,-0.173643,0.360315,0.213630,-0.356464,-0.127470,-0.207541
-0.034060,-0.277056,0.760598,0.080572,0.063656,-0.704195,0.702542,-0.760557,0.083944,0.123065,1.027285,-0.283021,-0.146551,0.288277,-0.045753,-0.272825,0.115969,-0.181144,0.175048,0.092558,-0.016078,0.267340,0.494105,0.240955,-0.133781,0.110409,0.218382,0.103462,0.301718,-0.326952,-0.176330,0.362721,0.204828,-0.356056,-0.125765,-0.209521
-0.032903,-0.287247,0.761826,0.083218,0.064143,-0.705368,0.701011,-0.755709,0.073647,0.125231,0.967913,-0.263238,-0.166300,0.294286,-0.052447,-0.269085,0.114966,-0.149673,0.179258,0.096593,-0.019495,0.264122,0.509388,0.242306,-0.128484,0.090111,0.229298,0.104627,0.302421,-0.338940,-0.179093,0.364816,0.196693,-0.354807,-0.123887,-0.212328
-0.031714,-0.297705,0.763083,0.085394,0.064780,-0.706438,0.699612,-0.748789,0.065924,0.129221,0.910482,-0.243592,-0.183929,0.300803,-0.058062,-0.265849,0.113898,-0.116137,0.182120,0.100455,-0.022089,0.260943,0.523602,0.243825,-0.123860,0.070821,0.239503,0.105296,0.303561,-0.349124,-0.181875,0.366668,0.188788,-0.352441,-0.121832,-0.215179
-0.030559,-0.308529,0.764218,0.086918,0.065678,-0.707257,0.698512,-0.741277,0.061406,0.135405,0.860806,-0.226651,-0.196264,0.307959,-0.061876,-0.263798,0.112780,-0.080707,0.182713,0.103729,-0.023473,0.257776,0.536259,0.245581,-0.120107,0.052741,0.247295,0.105640,0.305450,-0.357183,-0.184622,0.368354,0.180802,-0.348643,-0.119598,-0.217287
-0.029313,-0.319600,0.765324,0.087816,0.066940,-0.707779,0.697751,-0.733691,0.060763,0.144969,0.819823,-0.212689,-0.201754,0.315635,-0.063815,-0.263285,0.111654,-0.043611,0.180517,0.106389,-0.023562,0.254379,0.547443,0.247664,-0.117284,0.036030,0.252559,0.105627,0.308483,-0.363169,-0.187334,0.369933,0.172556,-0.343463,-0.116538,-0.218407
-0.028047,-0.331024,0.766293,0.088172,0.068494,-0.708055,0.697275,-0.725442,0.063125,0.157677,0.785095,-0.200530,-0.202562,0.323752,-0.064310,-0.264110,0.110551,-0.004710,0.175936,0.108564,-0.022570,0.250800,0.557341,0.250111,-0.115286,0.020533,0.256074,0.105199,0.312404,-0.367216,-0.190025,0.371262,0.164235,-0.337045,-0.112870,-0.218986
-0.026909,-0.342637,0.767135,0.087953,0.070184,-0.708117,0.697072,-0.716584,0.067041,0.171854,0.757730,-0.190907,-0.200994,0.323714,-0.065959,-0.265477,0.128613,0.026254,0.169450,0.110141,-0.020698,0.247354,0.565636,0.252914,-0.114044,0.006015,0.257485,0.104477,0.316546,-0.369201,-0.192676,0.372187,0.156187,-0.329258,-0.109880,-0.219266
-0.025835,-0.354326,0.767630,0.087798,0.071501,-0.708293,0.696779,-0.707470,0.070678,0.187445,0.738533,-0.184298,-0.199076,0.312650,-0.071588,-0.266369,0.171154,0.047034,0.161684,0.111754,-0.019736,0.244080,0.572089,0.256068,-0.113436,-0.007855,0.256452,0.103577,0.320209,-0.368925,-0.195188,0.372540,0.148683,-0.319988,-0.108844,-0.219478
-0.024622,-0.366168,0.767784,0.088025,0.072333,-0.708698,0.696251,-0.697584,0.074110,0.206489,0.727228,-0.178677,-0.201333,0.295879,-0.080733,-0.267282,0.226059,0.063618,0.152060,0.113679,-0.020476,0.240697,0.576834,0.259591,-0.113343,-0.021086,0.251778,0.102459,0.323524,-0.366572,-0.197463,0.372304,0.142123,-0.308194,-0.110324,-0.219432
-0.023474,-0.378137,0.767673,0.088430,0.072804,-0.709194,0.695646,-0.686806,0.077831,0.228712,0.723447,-0.174487,-0.205179,0.277203,-0.092037,-0.268730,0.285606,0.079897,0.140068,0.115595,-0.022371,0.237252,0.580028,0.263516,-0.113804,-0.033597,0.244013,0.101065,0.326742,-0.362250,-0.199458,0.371555,0.136361,-0.294302,-0.113557,-0.219039
-0.022200,-0.390454,0.767230,0.088827,0.072723,-0.709596,0.695194,-0.675277,0.080333,0.250352,0.726325,-0.175329,-0.201930,0.258402,-0.104902,-0.270416,0.346819,0.098223,0.126475,0.116819,-0.025189,0.234371,0.581547,0.267892,-0.114878,-0.045686,0.235442,0.099509,0.329315,-0.355776,-0.201139,0.370312,0.130946,-0.280339,-0.117827,-0.218684
-0.020942,-0.402969,0.766479,0.089150,0.071875,-0.709782,0.695050,-0.663280,0.080078,0.267908,0.734806,-0.184826,-0.182953,0.239943,-0.119186,-0.271801,0.409147,0.119754,0.112285,0.116851,-0.028938,0.232563,0.581275,0.272784,-0.116635,-0.057678,0.228338,0.097927,0.330696,-0.346914,-0.202459,0.368572,0.125363,-0.268329,-0.122428,-0.218788
-0.019729,-0.415514,0.765486,0.089337,0.070218,-0.709649,0.695333,-0.652578,0.076146,0.279164,0.752816,-0.205648,-0.136739,0.221814,-0.134817,-0.272730,0.473661,0.144847,0.097324,0.115427,-0.033594,0.231792,0.579227,0.278252,-0.119203,-0.069269,0.223444,0.096336,0.330484,-0.335237,-0.203347,0.366238,0.119714,-0.258370,-0.127795,-0.219308
-0.018503,-0.428183,0.764066,0.089237,0.067935,-0.709228,0.696001,-0.642845,0.069035,0.285289,0.779834,-0.234886,-0.070768,0.204017,-0.151665,-0.273719,0.540329,0.172787,0.080881,0.112783,-0.038709,0.231944,0.575357,0.284293,-0.122613,-0.080341,0.219455,0.094687,0.329074,-0.320924,-0.203771,0.363322,0.114185,-0.249555,-0.134121,-0.220056
-0.016964,-0.441297,0.762307,0.088803,0.065100,-0.708648,0.696918,-0.631068,0.059393,0.288252,0.807708,-0.268106,-0.005130,0.185995,-0.169949,-0.274915,0.608954,0.202426,0.063420,0.109216,-0.044024,0.233291,0.569522,0.290853,-0.126701,-0.091547,0.215597,0.093035,0.327117,-0.304864,-0.203836,0.360080,0.108591,-0.242371,-0.140335,-0.221265
-0.015533,-0.454349,0.760116,0.088022,0.061794,-0.708007,0.697968,-0.613811,0.048783,0.290315,0.828172,-0.302059,0.039837,0.167130,-0.189880,-0.276445,0.679554,0.232492,0.045486,0.104962,-0.049293,0.236071,0.561528,0.297842,-0.131326,-0.103521,0.211111,0.091423,0.325252,-0.287852,-0.203715,0.356743,0.102622,-0.237283,-0.145360,-0.223202
-0.014237,-0.467533,0.757556,0.086624,0.057940,-0.707267,0.699222,-0.588130,0.038592,0.291513,0.838170,-0.338810,0.055116,0.146763,-0.212288,-0.279220,0.755100,0.268146,0.026161,0.099903,-0.054136,0.240624,0.551432,0.305188,-0.136701,-0.116279,0.206617,0.089800,0.323416,-0.269657,-0.203542,0.353539,0.096093,-0.234995,-0.148209,-0.226737
-0.012835,-0.480373,0.754660,0.084746,0.053480,-0.706319,0.700765,-0.556298,0.028447,0.290989,0.842295,-0.379357,0.052470,0.125194,-0.237588,-0.282957,0.835558,0.307699,0.005058,0.093841,-0.058858,0.246744,0.539166,0.312850,-0.142915,-0.129462,0.202261,0.088158,0.321333,-0.249862,-0.203334,0.350326,0.089031,-0.235011,-0.149678,-0.231504
-0.011242,-0.492800,0.751478,0.082944,0.048618,-0.705192,0.702468,-0.522540,0.018030,0.289762,0.843963,-0.419698,0.042727,0.102970,-0.264371,-0.285307,0.916773,0.339569,-0.015538,0.086986,-0.064073,0.253742,0.524363,0.320769,-0.149642,-0.143144,0.196590,0.086610,0.319330,-0.229047,-0.203086,0.346749,0.081528,-0.235989,-0.151375,-0.235905
-0.009319,-0.504757,0.747987,0.081717,0.043656,-0.703946,0.704185,-0.491402,0.006517,0.288305,0.846867,-0.456163,0.036982,0.079955,-0.289972,-0.283355,0.995468,0.351897,-0.032224,0.079613,-0.070196,0.260837,0.506662,0.328877,-0.156563,-0.157375,0.188154,0.085274,0.317736,-0.207823,-0.202775,0.342455,0.073714,-0.236612,-0.154918,-0.238334
-0.007907,-0.516390,0.744265,0.081178,0.038600,-0.702637,0.705848,-0.464074,-0.006923,0.286154,0.852298,-0.488905,0.037290,0.055860,-0.312044,-0.274766,1.073247,0.336586,-0.041512,0.071731,-0.077347,0.267813,0.486092,0.337138,-0.163653,-0.172616,0.174578,0.083794,0.316310,-0.186446,-0.202384,0.337253,0.066094,-0.236320,-0.161888,-0.237438
-0.006706,-0.528065,0.740510,0.080978,0.033467,-0.701262,0.707499,-0.438346,-0.021150,0.283090,0.858629,-0.519726,0.038008,0.029987,-0.330570,-0.260997,1.152471,0.301065,-0.044626,0.063405,-0.085015,0.274901,0.462708,0.345498,-0.171181,-0.188613,0.157274,0.082250,0.315001,-0.164530,-0.201889,0.331328,0.058450,-0.235855,-0.171040,-0.234368
-0.005522,-0.539850,0.736893,0.080916,0.028594,-0.699825,0.709140,-0.413717,-0.034675,0.279713,0.865079,-0.547787,0.038996,0.001574,-0.346282,-0.244927,1.230745,0.257007,-0.045284,0.055024,-0.092605,0.281992,0.436193,0.353819,-0.179282,-0.204331,0.140493,0.081366,0.314423,-0.141727,-0.201244,0.324940,0.049857,-0.235877,-0.179767,-0.231290
-0.004205,-0.551755,0.733513,0.080827,0.024270,-0.698330,0.710783,-0.389695,-0.046224,0.276785,0.870763,-0.572075,0.040172,-0.029951,-0.360608,-0.229233,1.305027,0.216505,-0.047485,0.046898,-0.099613,0.289020,0.406242,0.361906,-0.188068,-0.218716,0.128511,0.081838,0.315202,-0.117708,-0.200370,0.318410,0.039416,-0.237087,-0.185465,-0.230390
-0.003200,-0.562901,0.730506,0.080991,0.020285,-0.696778,0.712411,-0.366462,-0.056371,0.275715,0.875605,-0.592023,0.042238,-0.065478,-0.374642,-0.213302,1.375787,0.181998,-0.051893,0.039155,-0.106872,0.296213,0.371756,0.369676,-0.197741,-0.231007,0.122597,0.084316,0.318294,-0.092520,-0.199138,0.311808,0.026837,-0.240457,-0.186886,-0.232817
-0.002385,-0.574171,0.727977,0.081405,0.016567,-0.695181,0.714018,-0.344192,-0.065730,0.275952,0.879939,-0.608211,0.045125,-0.104383,-0.387354,-0.196176,1.444137,0.147498,-0.056575,0.031641,-0.114382,0.303457,0.333138,0.377018,-0.208323,-0.241762,0.120411,0.088250,0.323114,-0.066335,-0.197462,0.305064,0.012761,-0.245351,-0.185598,-0.237213
-0.001721,-0.585395,0.725811,0.081504,0.013585,-0.693563,0.715642,-0.322385,-0.073281,0.275461,0.883438,-0.621416,0.047592,-0.144898,-0.397583,-0.179956,1.507537,0.112726,-0.061878,0.024068,-0.120447,0.310234,0.292419,0.383639,-0.219508,-0.251944,0.120880,0.092539,0.327945,-0.039170,-0.195378,0.298426,-0.002168,-0.250106,-0.183234,-0.242014
-0.001197,-0.596513,0.724131,0.080724,0.011808,-0.691950,0.717321,-0.300549,-0.077819,0.272245,0.885871,-0.632373,0.048383,-0.185224,-0.404297,-0.166888,1.563257,0.077489,-0.068126,0.015988,-0.123344,0.316063,0.251755,0.389181,-0.230786,-0.262566,0.123058,0.096071,0.331035,-0.011156,-0.193064,0.292219,-0.017240,-0.253096,-0.181442,-0.245684
-0.000248,-0.608097,0.722948,0.078867,0.011527,-0.690238,0.719179,-0.279325,-0.078638,0.265378,0.888281,-0.641382,0.047286,-0.225493,-0.406871,-0.157719,1.611094,0.041285,-0.075846,0.006795,-0.122164,0.320870,0.211017,0.393385,-0.241937,-0.273830,0.128942,0.099031,0.331219,0.018215,-0.190686,0.286462,-0.033075,-0.253725,-0.180389,-0.247807
0.000316,-0.619684,0.722231,0.076253,0.012432,-0.688460,0.721148,-0.258743,-0.076394,0.256308,0.890479,-0.648040,0.044928,-0.266343,-0.406077,-0.151552,1.652201,0.004675,-0.084674,-0.003296,-0.117908,0.324971,0.169349,0.396180,-0.253045,-0.285114,0.138457,0.101823,0.329564,0.048752,-0.188308,0.281177,-0.049711,-0.252885,-0.179283,-0.249226
0.000726,-0.631492,0.721982,0.073091,0.014091,-0.686847,0.722981,-0.237325,-0.071883,0.246568,0.890288,-0.652091,0.041259,-0.306801,-0.403122,-0.148200,1.685817,-0.030911,-0.093594,-0.013517,-0.111699,0.328509,0.127809,0.397583,-0.264035,-0.296217,0.147576,0.103670,0.327697,0.079296,-0.185986,0.276638,-0.065642,-0.251230,-0.178343,-0.250310
0.001374,-0.643630,0.722212,0.069592,0.016071,-0.685628,0.724440,-0.213582,-0.065858,0.237640,0.885535,-0.653254,0.036229,-0.345910,-0.399258,-0.147445,1.711058,-0.064044,-0.101615,-0.023108,-0.104677,0.331589,0.087416,0.397664,-0.274880,-0.306873,0.152216,0.103806,0.327290,0.108699,-0.183740,0.273094,-0.079397,-0.249404,-0.177785,-0.251445
0.001811,-0.655845,0.722977,0.065559,0.018245,-0.684869,0.725482,-0.186689,-0.058105,0.229723,0.875867,-0.652344,0.029267,-0.383422,-0.395380,-0.150126,1.727597,-0.095101,-0.109268,-0.031709,-0.096718,0.334705,0.047646,0.396408,-0.285974,-0.316873,0.150563,0.101695,0.329281,0.137105,-0.181607,0.270463,-0.090643,-0.246830,-0.177700,-0.252908
0.002568,-0.668533,0.724361,0.060954,0.020842,-0.684437,0.726220,-0.157608,-0.048283,0.222211,0.862368,-0.649237,0.020558,-0.419702,-0.390620,-0.156309,1.735694,-0.124421,-0.116644,-0.039745,-0.087353,0.337709,0.008117,0.393787,-0.297321,-0.326216,0.145024,0.097847,0.332650,0.165037,-0.179645,0.268537,-0.100210,-0.243428,-0.177960,-0.254433
0.003143,-0.681490,0.726064,0.056243,0.023954,-0.684267,0.726664,-0.127588,-0.037085,0.215321,0.845177,-0.642210,0.011206,-0.454698,-0.383749,-0.164658,1.735359,-0.150548,-0.122269,-0.047646,-0.077211,0.339686,-0.029859,0.389930,-0.308266,-0.335029,0.137852,0.093127,0.336108,0.191895,-0.177864,0.267387,-0.108363,-0.240590,-0.178443,-0.255606
0.003507,-0.694715,0.728314,0.051902,0.027657,-0.684294,0.726830,-0.097783,-0.025334,0.209184,0.824313,-0.629610,0.002347,-0.488401,-0.373702,-0.173814,1.726638,-0.172023,-0.124792,-0.055862,-0.066971,0.339729,-0.064825,0.385131,-0.318006,-0.343682,0.131279,0.088427,0.338365,0.216992,-0.176230,0.267171,-0.115290,-0.239724,-0.179020,-0.256020
0.003874,-0.708204,0.731074,0.048039,0.032019,-0.684501,0.726723,-0.068076,-0.013321,0.203464,0.798980,-0.611624,-0.005765,-0.521343,-0.360952,-0.183965,1.709312,-0.188838,-0.124435,-0.064625,-0.056838,0.337624,-0.096522,0.379621,-0.325930,-0.352716,0.125126,0.083764,0.339133,0.239891,-0.174695,0.268205,-0.120443,-0.241448,-0.179847,-0.255891
0.003937,-0.721966,0.734375,0.044422,0.036950,-0.684909,0.726334,-0.037989,-0.000736,0.198160,0.769528,-0.589015,-0.013672,-0.553108,-0.345909,-0.195789,1.683199,-0.201631,-0.121666,-0.073678,-0.046518,0.333915,-0.125487,0.373534,-0.332456,-0.362031,0.118407,0.078750,0.339077,0.260951,-0.173272,0.270365,-0.123875,-0.244946,-0.180925,-0.255345
0.004052,-0.736198,0.738146,0.041021,0.042292,-0.685507,0.725678,-0.008149,0.012386,0.193792,0.737790,-0.560983,-0.021402,-0.582368,-0.327666,-0.208459,1.648484,-0.209960,-0.115690,-0.082682,-0.035932,0.328842,-0.151495,0.367104,-0.338304,-0.371113,0.112093,0.073700,0.338365,0.280775,-0.171984,0.273126,-0.126766,-0.249457,-0.181894,-0.253850
0.004355,-0.751170,0.742269,0.037815,0.047866,-0.686289,0.724766,0.020814,0.025913,0.190827,0.705559,-0.526608,-0.028984,-0.607905,-0.305478,-0.220950,1.605359,-0.213407,-0.105842,-0.091286,-0.025042,0.322664,-0.174246,0.360626,-0.344185,-0.379536,0.107139,0.068934,0.337179,0.299986,-0.170861,0.275943,-0.130340,-0.254219,-0.182404,-0.250858
0.004463,-0.766524,0.746733,0.034714,0.053734,-0.687333,0.723520,0.049466,0.039965,0.189177,0.672091,-0.485431,-0.036983,-0.629712,-0.278708,-0.232749,1.553038,-0.211825,-0.092286,-0.099468,-0.013768,0.315376,-0.193417,0.354337,-0.350002,-0.387288,0.103807,0.064355,0.335975,0.318421,-0.169963,0.278912,-0.134919,-0.259566,-0.182310,-0.245396
0.004408,-0.781966,0.751434,0.031790,0.059893,-0.688601,0.721963,0.077812,0.054242,0.188416,0.637105,-0.438150,-0.045159,-0.648225,-0.248304,-0.243889,1.491451,-0.205687,-0.075506,-0.107390,-0.002265,0.306954,-0.209047,0.348377,-0.355396,-0.394917,0.101510,0.059871,0.334556,0.335847,-0.169292,0.282268,-0.139916,-0.265714,-0.181841,-0.238027
0.004442,-0.797914,0.756339,0.029272,0.066072,-0.689922,0.720267,0.104358,0.067983,0.188467,0.603132,-0.385495,-0.052370,-0.663021,-0.216053,-0.254010,1.421819,-0.195563,-0.055484,-0.114952,0.009118,0.297638,-0.221324,0.342875,-0.360699,-0.402996,0.099961,0.055812,0.332131,0.352790,-0.168752,0.285643,-0.145218,-0.271736,-0.181203,-0.230486
0.004462,-0.814213,0.761350,0.027382,0.072010,-0.691131,0.718612,0.127593,0.080517,0.189287,0.572705,-0.328051,-0.057520,-0.673718,-0.183700,-0.262785,1.345252,-0.181960,-0.032222,-0.121974,0.020033,0.287632,-0.230571,0.337938,-0.366328,-0.411941,0.098848,0.052512,0.327919,0.369808,-0.168190,0.288561,-0.150706,-0.276730,-0.180583,-0.224482
0.004608,-0.830914,0.766407,0.026244,0.078082,-0.692207,0.716983,0.146860,0.092602,0.192199,0.545328,-0.262915,-0.060536,-0.680183,-0.151160,-0.270502,1.259024,-0.164371,-0.005213,-0.128411,0.031038,0.276179,-0.236603,0.333696,-0.372622,-0.421765,0.097238,0.050261,0.321403,0.387306,-0.167448,0.290762,-0.156411,-0.280193,-0.179987,-0.220429
0.004734,-0.847866,0.771368,0.025767,0.084194,-0.693233,0.715315,0.162785,0.104190,0.196535,0.520685,-0.190948,-0.062034,-0.682326,-0.118143,-0.276335,1.162839,-0.142806,0.024951,-0.134274,0.041889,0.263443,-0.239346,0.330238,-0.379342,-0.432361,0.095564,0.048833,0.313122,0.404866,-0.166474,0.292480,-0.162307,-0.282759,-0.179326,-0.217398
0.004789,-0.865030,0.776237,0.025825,0.089438,-0.694208,0.713729,0.175945,0.113593,0.199475,0.501052,-0.117945,-0.062060,-0.679896,-0.085985,-0.278608,1.061436,-0.118430,0.056577,-0.139556,0.051132,0.250965,-0.239344,0.327546,-0.386007,-0.443909,0.095557,0.047765,0.303860,0.421845,-0.165326,0.293948,-0.168267,-0.285214,-0.178620,-0.215089
0.004835,-0.882278,0.780836,0.026287,0.092945,-0.695131,0.712364,0.187226,0.119096,0.198418,0.487924,-0.049293,-0.060577,-0.672805,-0.055991,-0.275921,0.959857,-0.092465,0.088094,-0.144354,0.057389,0.240237,-0.237192,0.325527,-0.392110,-0.456534,0.098932,0.046550,0.294388,0.437682,-0.164129,0.295385,-0.174256,-0.288313,-0.177890,-0.213212
0.004987,-0.899619,0.785040,0.027277,0.094525,-0.695947,0.711322,0.197345,0.120178,0.193411,0.479539,0.016680,-0.056299,-0.659953,-0.027033,-0.265783,0.854364,-0.064627,0.121278,-0.149179,0.060421,0.231273,-0.232413,0.324167,-0.397390,-0.470985,0.108194,0.045408,0.284075,0.453080,-0.162933,0.296610,-0.180495,-0.292024,-0.177051,-0.212114
0.005195,-0.917322,0.788895,0.028835,0.094555,-0.696628,0.710590,0.206050,0.117679,0.185922,0.474931,0.082597,-0.049491,-0.640680,-0.000087,-0.249186,0.742700,-0.034317,0.155537,-0.154005,0.060783,0.223373,-0.225211,0.323368,-0.402267,-0.486671,0.121780,0.044371,0.272757,0.468207,-0.161654,0.297460,-0.187052,-0.296034,-0.176113,-0.211799
0.005505,-0.935168,0.792256,0.030671,0.093114,-0.697216,0.710126,0.213220,0.111900,0.175497,0.475776,0.145026,-0.042579,-0.616509,0.021510,-0.230849,0.633175,-0.002150,0.186674,-0.158748,0.058533,0.217083,-0.216197,0.323225,-0.406448,-0.502748,0.135231,0.042706,0.261820,0.481523,-0.160951,0.298658,-0.193876,-0.300497,-0.175185,-0.211594
0.006071,-0.953089,0.794886,0.032470,0.090397,-0.697776,0.709847,0.218883,0.103153,0.161449,0.483189,0.200706,-0.038380,-0.590289,0.036012,-0.216236,0.535405,0.031392,0.211567,-0.162252,0.053834,0.212613,-0.207323,0.323413,-0.410971,-0.517119,0.144178,0.039861,0.252926,0.491804,-0.160563,0.300166,-0.200752,-0.305760,-0.174466,-0.210635
0.006588,-0.970736,0.796912,0.034327,0.086057,-0.698440,0.709646,0.223553,0.089448,0.141646,0.496768,0.251267,-0.039076,-0.562847,0.043998,-0.206177,0.450421,0.069913,0.231147,-0.164292,0.045881,0.210286,-0.198748,0.323952,-0.415916,-0.530167,0.147646,0.035700,0.246342,0.498969,-0.160642,0.301979,-0.208105,-0.312038,-0.173815,-0.208360
0.006722,-0.988017,0.798310,0.036370,0.080199,-0.699167,0.709514,0.227377,0.070897,0.116981,0.515572,0.298001,-0.043501,-0.534322,0.047414,-0.198629,0.375551,0.112095,0.247653,-0.165214,0.034958,0.209743,-0.189752,0.324854,-0.420973,-0.542524,0.147924,0.030606,0.241253,0.503634,-0.161281,0.303999,-0.215908,-0.319076,-0.173215,-0.205324
0.006991,-1.005097,0.799081,0.038090,0.074112,-0.699903,0.709360,0.228950,0.052044,0.091597,0.541404,0.336141,-0.049591,-0.507445,0.048466,-0.195687,0.315621,0.150004,0.260044,-0.165032,0.023876,0.210548,-0.179109,0.326994,-0.425576,-0.554649,0.145243,0.024870,0.237925,0.505967,-0.163353,0.306818,-0.224375,-0.326068,-0.172948,-0.202580
0.006994,-1.021749,0.799063,0.038907,0.069193,-0.700639,0.709086,0.226633,0.037944,0.070028,0.576132,0.360791,-0.054689,-0.484618,0.049647,-0.200724,0.274943,0.175929,0.261800,-0.163597,0.015603,0.211653,-0.167389,0.329270,-0.428927,-0.564046,0.140305,0.018656,0.235668,0.504779,-0.166299,0.310890,-0.231452,-0.332963,-0.173327,-0.201020
0.006994,-1.038244,0.798294,0.038948,0.065891,-0.701406,0.708641,0.218767,0.028029,0.051199,0.622204,0.367917,-0.057556,-0.468340,0.051258,-0.214731,0.258335,0.189545,0.261800,-0.160563,0.010697,0.212491,-0.155025,0.331586,-0.431354,-0.570078,0.131548,0.010551,0.235062,0.499770,-0.170161,0.316449,-0.236595,-0.340385,-0.174684,-0.201451
0.006980,-1.054538,0.796883,0.038311,0.063694,-0.702323,0.707967,0.205752,0.020459,0.033953,0.679640,0.360065,-0.059684,-0.457615,0.052753,-0.235702,0.263803,0.193707,0.261800,-0.155763,0.008269,0.213482,-0.142003,0.333899,-0.433020,-0.573328,0.119352,0.000898,0.235941,0.491208,-0.174955,0.323236,-0.240324,-0.348256,-0.176760,-0.203210
0.006917,-1.070585,0.794703,0.036946,0.061914,-0.703171,0.707355,0.189870,0.017126,0.022356,0.744144,0.343807,-0.060762,-0.450837,0.052382,-0.257583,0.289035,0.183301,0.261800,-0.149869,0.007704,0.215198,-0.127907,0.336084,-0.433943,-0.574414,0.107139,-0.007405,0.237451,0.480032,-0.180730,0.330536,-0.243852,-0.354985,-0.178992,-0.205007
0.007027,-1.086897,0.791974,0.034476,0.060093,-0.703814,0.706998,0.173585,0.021801,0.020175,0.811664,0.325550,-0.060522,-0.444274,0.050341,-0.279250,0.327127,0.155320,0.243055,-0.143278,0.008981,0.218425,-0.112345,0.337985,-0.434150,-0.573899,0.098299,-0.011418,0.238832,0.467353,-0.187514,0.337684,-0.248516,-0.358964,-0.180850,-0.205568
0.006964,-1.103017,0.788701,0.029417,0.059200,-0.704923,0.706197,0.158266,0.042814,0.032870,0.884509,0.304969,-0.059245,-0.435605,0.051088,-0.307084,0.376822,0.107060,0.170274,-0.133898,0.015208,0.223878,-0.095100,0.339407,-0.433861,-0.571318,0.092258,-0.009347,0.240489,0.453514,-0.195431,0.345117,-0.254352,-0.359349,-0.182161,-0.204415
0.007038,-1.119274,0.784657,0.022814,0.058282,-0.706000,0.705440,0.144134,0.075963,0.055561,0.962179,0.280153,-0.054845,-0.427270,0.052321,-0.335073,0.442889,0.040126,0.066868,-0.123347,0.023761,0.231201,-0.076523,0.340265,-0.432984,-0.566387,0.087705,-0.003089,0.242664,0.438114,-0.204476,0.353183,-0.260900,-0.357070,-0.183199,-0.202293
0.006947,-1.135557,0.779880,0.015771,0.057064,-0.706598,0.705134,0.129579,0.114141,0.078079,1.041436,0.251258,-0.047494,-0.415698,0.056098,-0.357418,0.508018,-0.031914,-0.034865,-0.112857,0.032930,0.239453,-0.057007,0.340748,-0.431181,-0.560037,0.086933,0.004827,0.244276,0.421388,-0.214357,0.361054,-0.269025,-0.353253,-0.184057,-0.199727
0.006609,-1.151665,0.774848,0.009168,0.055919,-0.706431,0.705510,0.111297,0.149900,0.090880,1.119770,0.218199,-0.038901,-0.398146,0.063441,-0.371707,0.556225,-0.097494,-0.103046,-0.103046,0.042211,0.247350,-0.036925,0.341171,-0.428169,-0.553209,0.092199,0.011862,0.244282,0.403296,-0.224622,0.367733,-0.279381,-0.349077,-0.184876,-0.197196
0.006245,-1.167554,0.769426,0.002946,0.055466,-0.705328,0.706702,0.087293,0.182410,0.091736,1.198860,0.179031,-0.030044,-0.372945,0.073585,-0.378498,0.583201,-0.158443,-0.124348,-0.093552,0.052696,0.254193,-0.017035,0.341706,-0.424174,-0.544746,0.105301,0.017714,0.241625,0.384418,-0.234915,0.372731,-0.292895,-0.344085,-0.186350,-0.194011
0.005722,-1.183348,0.763751,-0.003345,0.055698,-0.703568,0.708434,0.058917,0.214451,0.085576,1.279555,0.134375,-0.021023,-0.342562,0.084898,-0.381006,0.598943,-0.220387,-0.117557,-0.083766,0.064770,0.260398,0.003096,0.342327,-0.419389,-0.534702,0.124589,0.023542,0.237153,0.364255,-0.245135,0.376519,-0.308637,-0.338013,-0.188217,-0.190116
0.005149,-1.198901,0.757905,-0.009435,0.056190,-0.701556,0.710332,0.027019,0.243360,0.074163,1.358230,0.088336,-0.012781,-0.310722,0.095653,-0.382210,0.610557,-0.279534,-0.099447,-0.073940,0.077062,0.266304,0.024983,0.343084,-0.413421,-0.525873,0.147116,0.029016,0.232687,0.341062,-0.255262,0.379600,-0.324286,-0.332348,-0.189220,-0.186968
0.004598,-1.214324,0.752169,-0.015088,0.056469,-0.699671,0.712071,-0.007491,0.266977,0.059404,1.431243,0.045023,-0.005897,-0.280993,0.105501,-0.383580,0.624323,-0.331962,-0.086954,-0.064550,0.088176,0.272438,0.050392,0.344095,-0.405747,-0.521377,0.169893,0.033905,0.230088,0.313044,-0.265315,0.382685,-0.337596,-0.328550,-0.188118,-0.186060
0.004097,-1.229555,0.746541,-0.020601,0.056584,-0.697791,0.713765,-0.045467,0.284542,0.038977,1.499827,0.005268,-0.001138,-0.254257,0.115760,-0.385229,0.642031,-0.377178,-0.083618,-0.055953,0.098368,0.279242,0.080107,0.345533,-0.396322,-0.522347,0.195853,0.038520,0.230481,0.279164,-0.275411,0.386413,-0.348530,-0.326942,-0.183217,-0.188852
0.003705,-1.244740,0.741334,-0.025977,0.056727,-0.695781,0.715539,-0.087004,0.296692,0.013474,1.565345,-0.032989,0.002027,-0.228535,0.125857,-0.386373,0.660437,-0.417257,-0.080706,-0.048081,0.108103,0.286438,0.113647,0.347408,-0.385133,-0.527620,0.225200,0.042951,0.232697,0.240398,-0.285496,0.390673,-0.358096,-0.326658,-0.175639,-0.194251
0.003451,-1.259738,0.736752,-0.030555,0.056605,-0.693971,0.717124,-0.130344,0.304029,-0.011295,1.624437,-0.069582,0.004909,-0.203039,0.133954,-0.386225,0.677349,-0.452097,-0.077186,-0.040688,0.116265,0.293555,0.150703,0.349475,-0.371924,-0.536506,0.250858,0.046655,0.235249,0.197946,-0.295268,0.394955,-0.365476,-0.327452,-0.168371,-0.199857
0.003360,-1.274515,0.733025,-0.033693,0.055937,-0.692704,0.718260,-0.173939,0.308028,-0.029620,1.673522,-0.104397,0.009336,-0.177088,0.138546,-0.384370,0.690431,-0.481444,-0.072073,-0.033308,0.121767,0.300067,0.190601,0.351303,-0.356707,-0.547910,0.265776,0.048987,0.236694,0.153074,-0.304267,0.398529,-0.369710,-0.329214,-0.164412,-0.203265
0.003719,-1.289096,0.730085,-0.035200,0.054639,-0.692201,0.718772,-0.218834,0.309648,-0.040120,1.712625,-0.137298,0.017341,-0.151131,0.139406,-0.381244,0.699949,-0.505327,-0.065374,-0.025582,0.124182,0.305983,0.233942,0.352439,-0.338956,-0.562200,0.264860,0.048935,0.235736,0.103544,-0.312324,0.401302,-0.368801,-0.332293,-0.165442,-0.203546
0.004328,-1.303988,0.727969,-0.035448,0.052860,-0.692246,0.718849,-0.265456,0.308509,-0.045563,1.743260,-0.168129,0.027690,-0.125320,0.137717,-0.377392,0.706643,-0.523818,-0.057715,-0.017483,0.124180,0.311407,0.280166,0.352562,-0.319504,-0.578836,0.252942,0.047125,0.233444,0.049539,-0.319352,0.403475,-0.363478,-0.336721,-0.169606,-0.202055
0.004963,-1.319140,0.726672,-0.034655,0.050670,-0.692529,0.718773,-0.311516,0.304504,-0.046561,1.763987,-0.196678,0.037356,-0.098546,0.134168,-0.372649,0.708768,-0.536587,-0.049016,-0.008805,0.122365,0.315858,0.326287,0.351479,-0.300677,-0.594626,0.238023,0.045317,0.231943,-0.004157,-0.325005,0.404362,-0.356524,-0.342042,-0.174621,-0.199702
0.005745,-1.334611,0.726187,-0.033038,0.048148,-0.692739,0.718820,-0.354706,0.297625,-0.043736,1.773298,-0.222702,0.043313,-0.069701,0.129290,-0.366740,0.704595,-0.543276,-0.039149,0.000621,0.119362,0.318828,0.369288,0.349234,-0.284643,-0.606444,0.228240,0.045198,0.233419,-0.052949,-0.328844,0.403150,-0.350481,-0.347894,-0.178206,-0.197295
0.006604,-1.350328,0.726576,-0.030644,0.045181,-0.692908,0.718957,-0.394781,0.288809,-0.035737,1.770398,-0.247560,0.045261,-0.038275,0.122982,-0.358893,0.693835,-0.544565,-0.027976,0.010739,0.115221,0.320649,0.409031,0.345960,-0.271392,-0.613305,0.225750,0.047283,0.239217,-0.097274,-0.330454,0.398856,-0.344663,-0.355557,-0.180017,-0.193872
0.007446,-1.366223,0.727761,-0.027373,0.041755,-0.693165,0.719048,-0.432533,0.278133,-0.022378,1.755904,-0.270847,0.044517,-0.004927,0.114962,-0.349508,0.677411,-0.540490,-0.015634,0.021482,0.109605,0.321424,0.446826,0.341799,-0.259973,-0.616737,0.226304,0.050663,0.247926,-0.139741,-0.329799,0.392078,-0.337134,-0.364942,-0.181261,-0.189243
0.008351,-1.382446,0.729636,-0.023243,0.038128,-0.693350,0.719216,-0.467318,0.264407,-0.006189,1.730475,-0.289721,0.040626,0.029664,0.105475,-0.339969,0.655453,-0.529685,-0.002387,0.032690,0.102513,0.320452,0.482328,0.337042,-0.250570,-0.618064,0.228452,0.054850,0.257602,-0.179131,-0.327231,0.384576,-0.328795,-0.373602,-0.181897,-0.185381
0.009106,-1.399032,0.732384,-0.018279,0.034571,-0.693306,0.719582,-0.498604,0.246483,0.010134,1.694812,-0.301421,0.033295,0.064834,0.094911,-0.331577,0.628044,-0.510741,0.011516,0.044214,0.093982,0.317126,0.515197,0.332067,-0.243339,-0.618708,0.230748,0.059332,0.266321,-0.213713,-0.323387,0.377970,-0.321252,-0.378995,-0.181807,-0.184312
0.009957,-1.416202,0.735876,-0.012323,0.030948,-0.692959,0.720207,-0.526279,0.222476,0.025753,1.647700,-0.304840,0.021492,0.101728,0.083307,-0.323545,0.592925,-0.483584,0.026843,0.056158,0.083589,0.311583,0.545293,0.327215,-0.238424,-0.618776,0.234026,0.064579,0.274081,-0.242094,-0.318668,0.371995,-0.315982,-0.379384,-0.180634,-0.187530
0.010882,-1.433877,0.739969,-0.005450,0.027212,-0.692393,0.720986,-0.550432,0.193853,0.041742,1.588865,-0.301858,0.005794,0.140203,0.070630,-0.315293,0.550870,-0.448959,0.043366,0.068485,0.071447,0.304377,0.573166,0.322665,-0.235420,-0.618203,0.238565,0.070685,0.281780,-0.265020,-0.313208,0.365833,-0.312664,-0.376333,-0.178482,-0.193739
0.011852,-1.452003,0.744566,0.001967,0.023776,-0.691677,0.721813,-0.570912,0.164295,0.058136,1.520473,-0.294151,-0.011663,0.177625,0.057338,-0.308316,0.506657,-0.406690,0.059422,0.080788,0.058416,0.295520,0.599456,0.318477,-0.233650,-0.618246,0.242123,0.076511,0.288859,-0.283576,-0.307299,0.360234,-0.310696,-0.372231,-0.175866,-0.200798
0.012964,-1.470398,0.749478,0.009548,0.021048,-0.690872,0.722608,-0.587572,0.137162,0.075144,1.444656,-0.283207,-0.028901,0.211360,0.043999,-0.304067,0.465184,-0.356543,0.073446,0.092606,0.045398,0.284977,0.624754,0.314569,-0.232469,-0.620081,0.242490,0.080880,0.294740,-0.298775,-0.301332,0.356013,-0.309505,-0.369452,-0.173266,-0.206572
0.014058,-1.489262,0.754693,0.017718,0.019019,-0.689965,0.723376,-0.600347,0.111269,0.092891,1.359307,-0.269330,-0.045745,0.241261,0.029828,-0.303051,0.425836,-0.296415,0.086792,0.104082,0.031782,0.272063,0.648937,0.310854,-0.231888,-0.624173,0.238564,0.083415,0.298755,-0.309834,-0.295648,0.353081,-0.309860,-0.368133,-0.170407,-0.210610
0.015167,-1.508444,0.760010,0.026381,0.017571,-0.688882,0.724180,-0.608925,0.085187,0.110722,1.263579,-0.251566,-0.063336,0.268506,0.015199,-0.303895,0.387270,-0.227457,0.099949,0.115196,0.017653,0.257165,0.671658,0.307332,-0.232220,-0.629804,0.231762,0.084726,0.301351,-0.316050,-0.290373,0.351006,-0.312409,-0.367072,-0.167124,-0.214070
0.016282,-1.527846,0.765281,0.034385,0.016937,-0.687597,0.725080,-0.612911,0.061572,0.128009,1.161665,-0.229453,-0.081703,0.292249,0.002275,-0.305676,0.353691,-0.154269,0.110245,0.125220,0.004984,0.241717,0.693194,0.304006,-0.233273,-0.636480,0.223660,0.085103,0.303615,-0.318659,-0.285526,0.350150,-0.316342,-0.366652,-0.164047,-0.217188
0.017410,-1.547327,0.770457,0.040646,0.017307,-0.686142,0.726125,-0.612072,0.042911,0.144440,1.057575,-0.202275,-0.100888,0.311504,-0.006963,-0.307923,0.328939,-0.080654,0.114872,0.133569,-0.004353,0.227065,0.713863,0.300847,-0.234784,-0.643677,0.215842,0.084827,0.306631,-0.319023,-0.280990,0.350932,-0.320669,-0.367270,-0.161803,-0.220198
0.018518,-1.567020,0.775482,0.045089,0.019053,-0.684555,0.727316,-0.605624,0.030565,0.161123,0.947933,-0.168391,-0.121837,0.324646,-0.012149,-0.312047,0.314269,-0.004384,0.109645,0.140369,-0.009820,0.212517,0.734228,0.297776,-0.236537,-0.651862,0.207657,0.083687,0.310702,-0.317144,-0.276679,0.353929,-0.325496,-0.370187,-0.159875,-0.223777
0.019503,-1.587027,0.780194,0.048152,0.021994,-0.682865,0.728624,-0.593573,0.022081,0.177883,0.830841,-0.127775,-0.144642,0.332365,-0.014668,-0.318827,0.307978,0.075941,0.097022,0.145919,-0.012231,0.197561,0.754068,0.294763,-0.238579,-0.661116,0.198672,0.081609,0.315189,-0.312642,-0.272586,0.358893,-0.330977,-0.374799,-0.158145,-0.227561
0.020326,-1.607177,0.784512,0.049692,0.025418,-0.681146,0.730017,-0.577391,0.014785,0.192618,0.713153,-0.082492,-0.167582,0.337383,-0.015014,-0.326593,0.308279,0.155857,0.083859,0.150126,-0.012034,0.183764,0.772576,0.291911,-0.241011,-0.670626,0.190764,0.079095,0.319764,-0.306207,-0.268617,0.364995,-0.336384,-0.378836,-0.157854,-0.230264
0.021010,-1.627373,0.788267,0.049618,0.028594,-0.679486,0.731450,-0.558948,0.007064,0.203086,0.602673,-0.035400,-0.188386,0.342713,-0.013124,-0.332549,0.312536,0.231193,0.077123,0.152954,-0.009830,0.172710,0.789013,0.289419,-0.243893,-0.679613,0.185779,0.076676,0.324157,-0.298615,-0.264636,0.371358,-0.340860,-0.380006,-0.160273,-0.230582
0.021659,-1.647446,0.791418,0.047514,0.031633,-0.677869,0.732963,-0.538423,-0.000562,0.206934,0.499235,0.016203,-0.206302,0.350636,-0.008153,-0.338540,0.317421,0.305077,0.080192,0.154442,-0.004990,0.164663,0.803901,0.287445,-0.247267,-0.688277,0.184169,0.074160,0.328888,-0.289880,-0.260576,0.378123,-0.344796,-0.376789,-0.166676,-0.227038
0.022346,-1.667539,0.793940,0.043466,0.034857,-0.676355,0.734465,-0.515225,-0.005758,0.205648,0.400103,0.071935,-0.222120,0.359512,-0.000101,-0.344516,0.324413,0.379162,0.087896,0.154982,0.002748,0.158876,0.817640,0.286038,-0.251019,-0.697188,0.184905,0.071417,0.333983,-0.279803,-0.256420,0.385621,-0.348299,-0.370674,-0.176056,-0.220613
0.022980,-1.687508,0.795787,0.038251,0.037841,-0.675077,0.735783,-0.490962,-0.007663,0.203243,0.310975,0.123567,-0.235845,0.366598,0.010108,-0.344396,0.337341,0.447076,0.095585,0.154869,0.012027,0.155348,0.829213,0.285249,-0.254991,-0.705974,0.187602,0.069084,0.338437,-0.268704,-0.252073,0.393226,-0.350245,-0.363933,-0.186280,-0.213730
0.023634,-1.707232,0.796969,0.032901,0.040117,-0.674076,0.736838,-0.467757,-0.006997,0.204308,0.237796,0.163147,-0.247614,0.369283,0.021694,-0.332508,0.358793,0.502692,0.100022,0.154123,0.020972,0.153903,0.837472,0.285148,-0.259020,-0.714269,0.191851,0.067778,0.341251,-0.256785,-0.247378,0.400255,-0.349600,-0.358938,-0.195297,-0.208903
0.024258,-1.726365,0.796872,0.031404,0.040124,-0.675284,0.735796,-0.443285,-0.010110,0.221383,0.170579,0.192544,-0.256645,0.345113,0.022237,-0.297917,0.429585,0.523600,0.101578,0.157094,0.020545,0.153192,0.843928,0.286017,-0.262194,-0.724252,0.198760,0.068214,0.341526,-0.244415,-0.241888,0.407011,-0.346173,-0.356755,-0.202740,-0.206547
0.024891,-1.745277,0.796107,0.029511,0.039287,-0.675826,0.735421,-0.417876,-0.014431,0.241477,0.114286,0.213422,-0.261800,0.315356,0.029639,-0.251756,0.513982,0.523600,0.103503,0.156652,0.020175,0.155102,0.847375,0.287731,-0.265415,-0.733998,0.208026,0.069815,0.340280,-0.231114,-0.235629,0.413474,-0.340106,-0.356311,-0.209859,-0.205341
0.025526,-1.764224,0.795095,0.026901,0.037994,-0.675271,0.736099,-0.411991,-0.014708,0.258706,0.111901,0.207414,-0.261800,0.294400,0.045089,-0.206301,0.582191,0.523600,0.110446,0.152420,0.020655,0.158869,0.846693,0.290237,-0.268988,-0.741562,0.217328,0.071428,0.338517,-0.216714,-0.228810,0.419227,-0.331759,-0.356130,-0.216499,-0.205582
0.026149,-1.782886,0.793778,0.023771,0.036355,-0.673547,0.737867,-0.402642,-0.016744,0.267339,0.111264,0.206273,-0.261800,0.284228,0.061272,-0.173478,0.631856,0.523600,0.124851,0.144823,0.021631,0.163703,0.841134,0.293607,-0.273171,-0.745460,0.224303,0.071946,0.337256,-0.201086,-0.221675,0.423826,-0.321655,-0.354656,-0.222458,-0.207547
0.026921,-1.801356,0.792188,0.019604,0.034459,-0.670187,0.741133,-0.388597,-0.020660,0.266328,0.110627,0.217316,-0.261800,0.286932,0.076902,-0.156149,0.660234,0.523600,0.148136,0.133136,0.024114,0.170069,0.829888,0.297962,-0.278569,-0.744834,0.229183,0.070949,0.336531,-0.183827,-0.214401,0.426889,-0.309393,-0.350234,-0.227392,-0.211483
0.027634,-1.819784,0.790339,0.014363,0.032290,-0.665366,0.745681,-0.374724,-0.023991,0.258139,0.121897,0.230224,-0.261800,0.298148,0.092641,-0.149270,0.674604,0.523600,0.176228,0.117652,0.028053,0.178283,0.813212,0.303301,-0.285252,-0.740317,0.232888,0.069088,0.335958,-0.164854,-0.207082,0.428555,-0.295147,-0.344057,-0.231541,-0.217232
0.028161,-1.838435,0.788112,0.008997,0.029732,-0.660268,0.750387,-0.378841,-0.021791,0.244005,0.181769,0.214015,-0.261800,0.308578,0.102770,-0.152309,0.691275,0.517832,0.202387,0.101036,0.031604,0.187391,0.792327,0.309502,-0.292633,-0.733085,0.234094,0.066889,0.335889,-0.144617,-0.199799,0.429268,-0.280338,-0.338797,-0.235536,-0.224446
0.028462,-1.857102,0.784628,0.008444,0.024871,-0.658337,0.752265,-0.382922,-0.025843,0.234008,0.243072,0.181188,-0.259973,0.295237,0.090539,-0.158753,0.754585,0.476130,0.222940,0.091051,0.023931,0.194706,0.770767,0.316750,-0.298943,-0.726774,0.231600,0.064923,0.336289,-0.123798,-0.192318,0.430123,-0.266687,-0.336994,-0.239737,-0.232824
0.029389,-1.875008,0.781101,0.010486,0.018218,-0.656339,0.754173,-0.391359,-0.037386,0.227031,0.318830,0.121948,-0.192018,0.278108,0.060758,-0.176666,0.826303,0.434883,0.238218,0.079824,0.010252,0.201479,0.746656,0.324834,-0.305191,-0.719475,0.221938,0.062925,0.337402,-0.102151,-0.184725,0.430844,-0.253299,-0.340063,-0.244754,-0.243139
0.030251,-1.893115,0.776802,0.013266,0.010637,-0.654747,0.755657,-0.404906,-0.053549,0.213799,0.411823,0.043263,-0.094802,0.261226,0.018499,-0.203110,0.901627,0.392288,0.248720,0.068842,-0.005607,0.208447,0.719777,0.333669,-0.311701,-0.710973,0.206866,0.060726,0.339023,-0.079545,-0.177097,0.431319,-0.239736,-0.346342,-0.250072,-0.255284
0.031130,-1.911620,0.771690,0.015295,0.003406,-0.654099,0.756247,-0.415309,-0.071853,0.198285,0.502424,-0.039184,0.001808,0.244196,-0.027922,-0.229741,0.977181,0.349018,0.252097,0.059510,-0.019751,0.215493,0.691005,0.342964,-0.318356,-0.701856,0.192711,0.058911,0.341549,-0.056502,-0.169749,0.431541,-0.226939,-0.354329,-0.254968,-0.267285
0.032146,-1.930293,0.765964,0.016382,-0.002964,-0.654543,0.755841,-0.413864,-0.088566,0.188015,0.571577,-0.114548,0.069048,0.224340,-0.071789,-0.248087,1.051645,0.304105,0.248324,0.052120,-0.031291,0.222335,0.660828,0.352290,-0.324976,-0.692311,0.185813,0.058059,0.345353,-0.033446,-0.163131,0.431455,-0.216060,-0.362447,-0.258779,-0.277215
0.033350,-1.948652,0.759972,0.016880,-0.008484,-0.656282,0.754279,-0.397092,-0.099239,0.187483,0.615746,-0.189475,0.095620,0.199370,-0.113042,-0.256072,1.127411,0.255673,0.235782,0.046921,-0.040571,0.228445,0.628861,0.361285,-0.331716,-0.681231,0.189106,0.057856,0.351035,-0.010198,-0.157632,0.431239,-0.207678,-0.370653,-0.261354,-0.284831
0.034750,-1.966484,0.754022,0.017305,-0.013489,-0.659037,0.751790,-0.370970,-0.104591,0.193455,0.647104,-0.270007,0.097897,0.169736,-0.154786,-0.257498,1.204835,0.204148,0.215946,0.043252,-0.048751,0.233837,0.594521,0.369787,-0.338601,-0.668461,0.198876,0.058197,0.358122,0.013628,-0.153355,0.430883,-0.201542,-0.379508,-0.263023,-0.291153
0.036238,-1.983936,0.748215,0.017942,-0.018171,-0.662153,0.748934,-0.341277,-0.106882,0.203049,0.671889,-0.347592,0.089578,0.135868,-0.194854,-0.252904,1.280139,0.151837,0.194197,0.039773,-0.056811,0.239052,0.557981,0.377706,-0.345225,-0.655674,0.211465,0.059980,0.365385,0.037864,-0.150209,0.430061,-0.197399,-0.388364,-0.263927,-0.296134
0.037777,-2.001030,0.742678,0.018923,-0.022611,-0.665038,0.746228,-0.313925,-0.109789,0.212008,0.696201,-0.413837,0.085441,0.098358,-0.231341,-0.243705,1.349549,0.101247,0.175138,0.035299,-0.065389,0.244580,0.519447,0.385019,-0.351210,-0.644519,0.223200,0.064023,0.371586,0.062353,-0.147933,0.428452,-0.194983,-0.396607,-0.264179,-0.299706
0.039165,-2.017978,0.737577,0.020652,-0.027134,-0.667790,0.743569,-0.290335,-0.115579,0.221050,0.721185,-0.466200,0.089626,0.055747,-0.265122,-0.228821,1.414099,0.051999,0.159543,0.029764,-0.075723,0.250600,0.478362,0.391682,-0.356316,-0.634664,0.236149,0.072076,0.376589,0.086604,-0.146367,0.425973,-0.193650,-0.405236,-0.263662,-0.301482
0.040379,-2.034790,0.732893,0.022921,-0.031572,-0.670647,0.740750,-0.267410,-0.122191,0.232091,0.743734,-0.509348,0.094526,0.007547,-0.295961,-0.208006,1.475229,0.003293,0.145101,0.023702,-0.087098,0.256715,0.434823,0.397644,-0.360719,-0.625397,0.251251,0.083193,0.380857,0.110724,-0.145449,0.422766,-0.193501,-0.414223,-0.262393,-0.301578
0.041476,-2.051276,0.728653,0.024895,-0.035286,-0.673273,0.738132,-0.244191,-0.127798,0.241749,0.763180,-0.546047,0.098197,-0.043762,-0.321026,-0.184825,1.530081,-0.043058,0.131301,0.016887,-0.097221,0.262580,0.389954,0.402944,-0.364736,-0.617736,0.263158,0.094052,0.384199,0.135292,-0.145023,0.418836,-0.195137,-0.421466,-0.260750,-0.300669
0.042362,-2.067523,0.724896,0.025741,-0.037641,-0.675346,0.736090,-0.219749,-0.130372,0.246805,0.778906,-0.578951,0.098590,-0.095292,-0.337923,-0.163360,1.575789,-0.085264,0.117608,0.009094,-0.103833,0.267887,0.344820,0.407708,-0.368798,-0.612675,0.266498,0.101295,0.386629,0.160898,-0.144876,0.414191,-0.199122,-0.424877,-0.259099,-0.299432
0.043009,-2.083797,0.721815,0.025209,-0.038412,-0.676648,0.734872,-0.194469,-0.129363,0.245982,0.791639,-0.608852,0.094736,-0.147049,-0.345903,-0.145082,1.612356,-0.123306,0.102681,-0.000149,-0.106313,0.272677,0.298114,0.412270,-0.373676,-0.610219,0.255580,0.103563,0.388684,0.188193,-0.144816,0.408414,-0.206233,-0.422715,-0.257498,-0.297415
0.043427,-2.100189,0.719472,0.023764,-0.037981,-0.677411,0.734239,-0.168665,-0.125658,0.241660,0.801445,-0.634302,0.087893,-0.199853,-0.346391,-0.128859,1.641247,-0.157857,0.087155,-0.010421,-0.106003,0.277143,0.249627,0.416697,-0.379330,-0.609784,0.234575,0.102753,0.390393,0.216860,-0.144739,0.401506,-0.215971,-0.416511,-0.255775,-0.294448
0.043682,-2.116921,0.717979,0.021606,-0.036605,-0.677990,0.733841,-0.141280,-0.119329,0.236139,0.806660,-0.654529,0.079305,-0.251751,-0.340771,-0.115178,1.661564,-0.188055,0.073372,-0.020860,-0.103537,0.281219,0.202148,0.420564,-0.384750,-0.611489,0.212993,0.100417,0.390965,0.245747,-0.144589,0.394307,-0.226754,-0.409087,-0.253919,-0.291625
0.043810,-2.133751,0.717287,0.018929,-0.034534,-0.678735,0.733326,-0.111195,-0.110605,0.231638,0.805594,-0.668741,0.070223,-0.300919,-0.330709,-0.104319,1.672534,-0.213070,0.063610,-0.030865,-0.099508,0.284777,0.158497,0.423184,-0.388550,-0.615277,0.200501,0.098132,0.389511,0.273364,-0.144408,0.387816,-0.236620,-0.403327,-0.251961,-0.290064
0.043882,-2.150864,0.717410,0.015518,-0.031805,-0.679748,0.732591,-0.077244,-0.098998,0.228941,0.797214,-0.677525,0.060900,-0.347072,-0.315900,-0.096601,1.673443,-0.232505,0.058444,-0.040228,-0.093484,0.288240,0.118683,0.423947,-0.389885,-0.621267,0.202119,0.096236,0.384650,0.299481,-0.144292,0.382342,-0.244880,-0.399937,-0.249805,-0.291046
0.044041,-2.168133,0.718306,0.011340,-0.028312,-0.680817,0.731819,-0.040216,-0.084718,0.227055,0.782560,-0.681045,0.050756,-0.390652,-0.296332,-0.092375,1.664712,-0.246825,0.056602,-0.049567,-0.085257,0.291491,0.080915,0.422713,-0.389566,-0.628508,0.212100,0.093841,0.377039,0.324638,-0.144331,0.377465,-0.252317,-0.397452,-0.247461,-0.293683
0.044291,-2.185573,0.719967,0.006941,-0.024163,-0.681810,0.731098,-0.001949,-0.069143,0.225339,0.763066,-0.677912,0.039752,-0.431071,-0.274204,-0.091628,1.647151,-0.256550,0.057513,-0.059465,-0.075677,0.293618,0.045508,0.419636,-0.388549,-0.635616,0.224004,0.090737,0.368902,0.348574,-0.144560,0.373027,-0.259338,-0.395470,-0.245078,-0.295808
0.044527,-2.203334,0.722277,0.002838,-0.019422,-0.682611,0.730518,0.035596,-0.053547,0.222951,0.740255,-0.666749,0.027797,-0.467893,-0.251687,-0.094116,1.621654,-0.262273,0.060597,-0.070451,-0.065637,0.293750,0.013129,0.415104,-0.387606,-0.641607,0.231333,0.086840,0.362472,0.370996,-0.144966,0.368901,-0.266420,-0.393609,-0.242806,-0.295246
0.044781,-2.221525,0.725251,-0.000969,-0.014058,-0.683109,0.730180,0.072795,-0.038146,0.218821,0.713040,-0.647413,0.014425,-0.501087,-0.228708,-0.099757,1.587787,-0.263858,0.066544,-0.082858,-0.055203,0.291989,-0.015550,0.409300,-0.386285,-0.647327,0.232211,0.081623,0.358288,0.391865,-0.145542,0.364990,-0.273950,-0.391573,-0.240576,-0.290577
0.044965,-2.239928,0.728747,-0.004713,-0.008046,-0.683381,0.730003,0.110163,-0.022335,0.213433,0.681295,-0.620609,-0.000109,-0.530824,-0.204703,-0.108348,1.545104,-0.261271,0.075355,-0.096237,-0.043958,0.288872,-0.040847,0.402288,-0.384229,-0.653235,0.230110,0.075357,0.355231,0.411386,-0.146304,0.361328,-0.281708,-0.389650,-0.238336,-0.283235
0.045164,-2.258840,0.732735,-0.008168,-0.001524,-0.683596,0.729813,0.145987,-0.006186,0.208049,0.647935,-0.586120,-0.014801,-0.556930,-0.180875,-0.119438,1.494353,-0.255150,0.085460,-0.109865,-0.031982,0.284197,-0.063284,0.394448,-0.382276,-0.658308,0.226553,0.069246,0.353000,0.429633,-0.147254,0.357928,-0.289320,-0.388363,-0.236269,-0.275310
0.045232,-2.278155,0.737212,-0.011125,0.005388,-0.683934,0.729440,0.178625,0.010157,0.203870,0.615932,-0.543747,-0.028641,-0.579187,-0.158206,-0.132664,1.436238,-0.246079,0.095363,-0.122961,-0.019373,0.277761,-0.083137,0.386370,-0.381264,-0.661814,0.223021,0.064495,0.351354,0.446693,-0.148352,0.354773,-0.296471,-0.388224,-0.234589,-0.268878
0.045306,-2.297811,0.741991,-0.013673,0.013193,-0.684347,0.728909,0.207430,0.027575,0.200520,0.585527,-0.492474,-0.041659,-0.597802,-0.135955,-0.148771,1.369580,-0.234941,0.104536,-0.135923,-0.005363,0.269018,-0.099548,0.378588,-0.381037,-0.664550,0.218959,0.061743,0.350965,0.462376,-0.149515,0.352217,-0.303120,-0.390118,-0.233432,-0.264498
0.045433,-2.317748,0.746999,-0.015852,0.021736,-0.684768,0.728265,0.233148,0.045595,0.197088,0.555913,-0.433082,-0.054258,-0.612547,-0.113686,-0.167459,1.293983,-0.221151,0.113935,-0.148851,0.009752,0.258445,-0.111982,0.371358,-0.381041,-0.667519,0.213770,0.060262,0.351819,0.476590,-0.150736,0.350173,-0.309459,-0.393556,-0.232692,-0.261030
0.045543,-2.338032,0.752151,-0.017404,0.029953,-0.685368,0.727372,0.256349,0.061945,0.194003,0.528265,-0.367698,-0.065955,-0.622722,-0.092556,-0.186696,1.211311,-0.202751,0.124474,-0.160580,0.024246,0.247259,-0.121136,0.364802,-0.381497,-0.670461,0.208890,0.059213,0.352660,0.489582,-0.152046,0.348002,-0.315522,-0.396917,-0.232220,-0.258029
0.045704,-2.358460,0.757334,-0.018082,0.036794,-0.686341,0.726123,0.277639,0.074417,0.191853,0.503599,-0.298090,-0.076316,-0.627686,-0.073700,-0.204467,1.123419,-0.177843,0.136951,-0.169953,0.036348,0.236542,-0.127934,0.358900,-0.382744,-0.672823,0.205786,0.057769,0.352215,0.501652,-0.153504,0.344952,-0.321321,-0.398587,-0.231857,-0.255028
0.045913,-2.379131,0.762465,-0.017589,0.042444,-0.687823,0.724423,0.296681,0.083140,0.192402,0.480962,-0.221383,-0.084558,-0.627066,-0.057632,-0.221359,1.026981,-0.145811,0.152820,-0.176803,0.046085,0.225445,-0.132367,0.353639,-0.384917,-0.674431,0.204832,0.055600,0.350220,0.513128,-0.155095,0.340562,-0.327047,-0.398132,-0.231855,-0.251532
0.046302,-2.400056,0.767435,-0.016058,0.047178,-0.689700,0.722378,0.313278,0.088706,0.194575,0.460386,-0.137578,-0.091152,-0.620956,-0.043037,-0.237546,0.921391,-0.107106,0.171529,-0.181715,0.053863,0.213643,-0.134074,0.349049,-0.387859,-0.675566,0.205261,0.053191,0.347324,0.523787,-0.156795,0.335258,-0.332639,-0.396421,-0.232189,-0.247904
0.046815,-2.421173,0.772158,-0.013972,0.050205,-0.691788,0.720218,0.328061,0.090017,0.194888,0.444550,-0.052573,-0.097579,-0.609632,-0.028947,-0.250581,0.812729,-0.061779,0.190201,-0.184822,0.058718,0.202925,-0.133552,0.345108,-0.391445,-0.676382,0.206789,0.050931,0.343626,0.533157,-0.158687,0.329628,-0.337978,-0.393774,-0.232283,-0.244984
0.047458,-2.442514,0.776483,-0.011837,0.050838,-0.693898,0.718178,0.342019,0.086085,0.189919,0.435246,0.028186,-0.105416,-0.593926,-0.015327,-0.258046,0.708112,-0.010560,0.205532,-0.186304,0.059904,0.195043,-0.131316,0.341741,-0.395570,-0.676978,0.209154,0.049215,0.339213,0.540805,-0.160950,0.324210,-0.342990,-0.390502,-0.231563,-0.243608
0.048029,-2.463855,0.780343,-0.009682,0.048262,-0.696075,0.716280,0.357690,0.076200,0.181248,0.430244,0.108639,-0.115866,-0.572962,-0.002813,-0.256748,0.606500,0.052106,0.214700,-0.186041,0.056328,0.190880,-0.127230,0.338913,-0.400423,-0.677660,0.212982,0.048208,0.333396,0.547337,-0.163738,0.318917,-0.347985,-0.386101,-0.229524,-0.244730
0.048638,-2.485230,0.783622,-0.007263,0.043105,-0.698343,0.714427,0.374098,0.061192,0.169678,0.428809,0.190768,-0.127786,-0.547159,0.006964,-0.248527,0.506219,0.123878,0.219641,-0.184199,0.048734,0.189302,-0.121179,0.336606,-0.405991,-0.678194,0.218196,0.047658,0.326357,0.552855,-0.167098,0.313539,-0.353087,-0.380552,-0.226591,-0.247697
0.049418,-2.506650,0.786310,-0.004632,0.036899,-0.700448,0.712734,0.387389,0.042312,0.150777,0.433885,0.266436,-0.140030,-0.519843,0.012865,-0.239214,0.414041,0.191898,0.224271,-0.181524,0.039259,0.188947,-0.113681,0.334766,-0.411823,-0.677963,0.223459,0.047334,0.319479,0.556191,-0.171048,0.308463,-0.357873,-0.374887,-0.223575,-0.250939
0.050275,-2.528161,0.788380,-0.001801,0.031126,-0.702149,0.711347,0.394068,0.020175,0.120382,0.447885,0.327365,-0.152355,-0.494436,0.015121,-0.234870,0.336269,0.243740,0.232734,-0.178793,0.029887,0.188417,-0.105247,0.333328,-0.417430,-0.676342,0.227421,0.047037,0.314125,0.556119,-0.175612,0.304098,-0.361925,-0.370165,-0.221269,-0.252868
0.051078,-2.549495,0.789667,0.001644,0.025739,-0.703379,0.710347,0.392263,-0.010651,0.069651,0.472826,0.371639,-0.165442,-0.471169,0.014197,-0.236897,0.272161,0.274887,0.250226,-0.176184,0.019963,0.187223,-0.095970,0.332305,-0.422788,-0.672992,0.229823,0.046432,0.310339,0.552151,-0.180823,0.300672,-0.365224,-0.367215,-0.219740,-0.253014
0.051412,-2.569991,0.789954,0.005032,0.020552,-0.704762,0.709128,0.385230,-0.049509,0.004703,0.508620,0.401903,-0.182740,-0.446433,0.013480,-0.246977,0.213990,0.295357,0.261800,-0.171935,0.010032,0.186479,-0.085535,0.331753,-0.428063,-0.668341,0.231350,0.045741,0.307457,0.545031,-0.186679,0.298063,-0.368026,-0.365292,-0.218589,-0.252257
0.051543,-2.589947,0.789517,0.007984,0.015774,-0.706313,0.707679,0.376672,-0.089391,-0.057324,0.551619,0.418710,-0.204947,-0.423793,0.013071,-0.262598,0.169655,0.308493,0.261800,-0.166261,0.001027,0.186448,-0.073735,0.331550,-0.433088,-0.662878,0.232162,0.045565,0.305877,0.534962,-0.193183,0.296018,-0.369778,-0.363064,-0.217941,-0.251005
0.051612,-2.609651,0.788599,0.009779,0.012135,-0.708085,0.705955,0.367748,-0.119340,-0.098535,0.599266,0.422586,-0.230035,-0.407514,0.013086,-0.277671,0.148874,0.316260,0.261800,-0.159148,-0.004720,0.187270,-0.060543,0.331436,-0.437709,-0.656896,0.232414,0.046494,0.305973,0.522139,-0.200363,0.294290,-0.369945,-0.359199,-0.217920,-0.249666
0.051800,-2.629022,0.787012,0.010139,0.010262,-0.710327,0.703724,0.357294,-0.134395,-0.112748,0.651855,0.410020,-0.258609,-0.400428,0.013715,-0.294738,0.157702,0.324248,0.261800,-0.149998,-0.005878,0.188578,-0.046128,0.331104,-0.442036,-0.649366,0.232100,0.049122,0.308502,0.505729,-0.208311,0.293272,-0.367166,-0.352221,-0.219118,-0.248482
0.052368,-2.648497,0.784888,0.009908,0.009307,-0.712923,0.701110,0.342932,-0.133780,-0.095194,0.710416,0.383042,-0.261800,-0.401682,0.012256,-0.313407,0.194314,0.327415,0.261800,-0.139045,-0.004593,0.189975,-0.030660,0.330417,-0.446114,-0.640144,0.231211,0.052964,0.313008,0.485799,-0.217071,0.293099,-0.361880,-0.343170,-0.221282,-0.247188
0.053212,-2.668190,0.782261,0.009086,0.008454,-0.715068,0.698945,0.325145,-0.123297,-0.066351,0.775141,0.349626,-0.261800,-0.405912,0.007818,-0.328740,0.249533,0.314602,0.261800,-0.128426,-0.002207,0.192230,-0.014049,0.329463,-0.449729,-0.630790,0.229929,0.057010,0.317988,0.464160,-0.226481,0.293231,-0.356461,-0.334516,-0.223242,-0.245472
0.053741,-2.688026,0.779063,0.006817,0.007825,-0.716410,0.697603,0.304195,-0.104229,-0.037928,0.847045,0.316008,-0.261800,-0.404723,0.003753,-0.346971,0.307154,0.278233,0.230920,-0.119065,0.002285,0.196447,0.003852,0.328541,-0.452695,-0.623057,0.228402,0.060279,0.321936,0.442726,-0.236229,0.293035,-0.353492,-0.328781,-0.223826,-0.243028
0.053671,-2.707681,0.775461,0.001672,0.008695,-0.717641,0.696357,0.280904,-0.070253,-0.007139,0.928376,0.282560,-0.261800,-0.396684,0.005284,-0.368603,0.367084,0.208564,0.150730,-0.108953,0.012542,0.203096,0.023535,0.327844,-0.455075,-0.617382,0.225972,0.062680,0.324763,0.421818,-0.246211,0.292623,-0.352998,-0.327526,-0.222343,-0.239964
0.053594,-2.727694,0.770930,-0.005603,0.010227,-0.718361,0.695572,0.257869,-0.023273,0.025634,1.015790,0.247189,-0.261800,-0.386506,0.011947,-0.384779,0.436637,0.112654,0.042578,-0.099290,0.026404,0.212013,0.044853,0.327405,-0.456982,-0.612994,0.222730,0.064699,0.327224,0.400445,-0.256427,0.292275,-0.353853,-0.329162,-0.219562,-0.236327
0.053083,-2.747264,0.766185,-0.013800,0.012020,-0.718333,0.695459,0.234562,0.028879,0.052421,1.104227,0.209788,-0.261800,-0.372999,0.025525,-0.393216,0.501783,0.012762,-0.062395,-0.090701,0.041764,0.222113,0.067079,0.327406,-0.458283,-0.610120,0.219932,0.066236,0.329074,0.378543,-0.266561,0.291506,-0.356795,-0.331511,-0.216509,-0.231757
0.052226,-2.766591,0.761206,-0.021559,0.013884,-0.717401,0.696188,0.208428,0.080627,0.070556,1.189715,0.170032,-0.253116,-0.354182,0.043130,-0.397385,0.549630,-0.072300,-0.133842,-0.083463,0.056717,0.231921,0.089459,0.328100,-0.458913,-0.608949,0.218826,0.067196,0.330111,0.355865,-0.276120,0.289704,-0.362383,-0.332469,-0.214223,-0.225866
0.051400,-2.785714,0.756051,-0.027756,0.015512,-0.715195,0.698202,0.176351,0.132377,0.081915,1.273829,0.126285,-0.229806,-0.329945,0.057676,-0.399922,0.580759,-0.145538,-0.158690,-0.078065,0.069175,0.240128,0.111264,0.329826,-0.459324,-0.609473,0.219270,0.067341,0.330426,0.332515,-0.284709,0.286360,-0.370945,-0.331161,-0.213337,-0.217709
0.050542,-2.804424,0.750726,-0.033646,0.017642,-0.712035,0.701116,0.138825,0.184476,0.083843,1.358586,0.078601,-0.204304,-0.300543,0.070634,-0.402131,0.601237,-0.215880,-0.155109,-0.073656,0.081650,0.247634,0.133111,0.332678,-0.459501,-0.611728,0.220672,0.066812,0.330183,0.308328,-0.292244,0.281670,-0.381799,-0.328983,-0.213218,-0.207676
0.049689,-2.822866,0.745414,-0.039169,0.019835,-0.708560,0.704283,0.097339,0.232668,0.077938,1.439521,0.031019,-0.178773,-0.268973,0.081084,-0.405180,0.617131,-0.280711,-0.139030,-0.069351,0.093599,0.255101,0.156275,0.336420,-0.458592,-0.615921,0.223634,0.066041,0.329248,0.282489,-0.298687,0.276235,-0.393646,-0.327174,-0.213018,-0.197492
0.048849,-2.841171,0.740278,-0.044143,0.021456,-0.705358,0.707150,0.053612,0.273053,0.066956,1.512155,-0.012225,-0.154401,-0.238653,0.089422,-0.408644,0.634296,-0.337721,-0.126994,-0.064483,0.104018,0.263153,0.181938,0.340584,-0.455737,-0.622053,0.228781,0.065450,0.327431,0.254099,-0.304034,0.270781,-0.405056,-0.326979,-0.211895,-0.188902
0.048186,-2.859327,0.735493,-0.048875,0.022313,-0.702222,0.709928,0.006839,0.304301,0.049276,1.577164,-0.049640,-0.131590,-0.209995,0.096703,-0.413820,0.654366,-0.386484,-0.122595,-0.059555,0.113124,0.272614,0.210303,0.344878,-0.450689,-0.630170,0.238022,0.065052,0.323715,0.222690,-0.308282,0.265094,-0.416344,-0.328863,-0.209171,-0.182258
0.047711,-2.877359,0.731307,-0.053316,0.022714,-0.698942,0.712827,-0.044126,0.327681,0.025091,1.636646,-0.083240,-0.109606,-0.181293,0.102619,-0.420869,0.674085,-0.428197,-0.117587,-0.054780,0.121250,0.282805,0.240635,0.349174,-0.443917,-0.639862,0.250481,0.064597,0.318463,0.188558,-0.311449,0.259034,-0.427650,-0.332151,-0.205457,-0.176669
0.047519,-2.895018,0.727830,-0.056775,0.022741,-0.696066,0.715368,-0.097396,0.343961,0.000469,1.688103,-0.113997,-0.087586,-0.152630,0.106824,-0.426736,0.691147,-0.463374,-0.111314,-0.049122,0.127582,0.292147,0.272592,0.353101,-0.435794,-0.650280,0.262632,0.064150,0.313540,0.152071,-0.313514,0.253396,-0.437475,-0.336320,-0.201857,-0.172061
0.047593,-2.912432,0.725157,-0.058565,0.022472,-0.694161,0.717081,-0.150856,0.354482,-0.018487,1.728920,-0.142944,-0.064682,-0.124156,0.108861,-0.428483,0.703262,-0.492427,-0.103072,-0.041460,0.131363,0.299042,0.305582,0.356123,-0.426825,-0.660321,0.270993,0.063850,0.310750,0.113718,-0.314453,0.248883,-0.444421,-0.340867,-0.199457,-0.168366
0.047792,-2.929939,0.723244,-0.058304,0.021857,-0.693549,0.717713,-0.205435,0.358519,-0.030419,1.759042,-0.170247,-0.038585,-0.096529,0.108404,-0.425170,0.710484,-0.515598,-0.092515,-0.030909,0.132223,0.302992,0.339376,0.357693,-0.417086,-0.669140,0.275252,0.063467,0.309979,0.072631,-0.314240,0.245287,-0.448318,-0.345879,-0.198561,-0.166046
0.048161,-2.947665,0.722055,-0.056451,0.020864,-0.693878,0.717573,-0.261209,0.356023,-0.037208,1.779672,-0.195184,-0.010397,-0.069468,0.105826,-0.418846,0.713756,-0.532648,-0.080184,-0.018109,0.130775,0.304808,0.373608,0.357523,-0.406886,-0.676525,0.277187,0.063049,0.310346,0.029059,-0.312889,0.242094,-0.449775,-0.351594,-0.198574,-0.164971
0.048715,-2.965842,0.721748,-0.053559,0.019570,-0.694713,0.717023,-0.314779,0.349988,-0.038109,1.789973,-0.217590,0.015354,-0.041699,0.101650,-0.410990,0.712116,-0.543214,-0.066654,-0.004196,0.127770,0.304950,0.407444,0.355567,-0.397071,-0.682461,0.276432,0.063191,0.312504,-0.014677,-0.310392,0.239493,-0.448872,-0.357704,-0.199242,-0.164207
0.049364,-2.984232,0.722247,-0.050170,0.018048,-0.695625,0.716423,-0.362866,0.343673,-0.032622,1.789149,-0.237434,0.034339,-0.011961,0.096378,-0.402959,0.704599,-0.546887,-0.052474,0.009630,0.123900,0.303920,0.440311,0.351986,-0.388252,-0.687257,0.272612,0.064466,0.317133,-0.056398,-0.306725,0.237823,-0.445615,-0.363874,-0.200326,-0.162814
0.050069,-3.002795,0.723469,-0.046381,0.016201,-0.696690,0.715688,-0.404687,0.339042,-0.019209,1.776409,-0.256058,0.045611,0.020676,0.090268,-0.394401,0.690094,-0.544218,-0.037587,0.023257,0.119169,0.302221,0.472816,0.346811,-0.380211,-0.691014,0.263549,0.067234,0.325478,-0.096959,-0.301703,0.237088,-0.439129,-0.370310,-0.202140,-0.160166
0.050835,-3.021617,0.725367,-0.041901,0.014002,-0.698069,0.714666,-0.441487,0.334581,0.001727,1.752166,-0.273170,0.051266,0.055311,0.082982,-0.384762,0.669424,-0.535279,-0.021805,0.037235,0.113163,0.299641,0.505065,0.340043,-0.372766,-0.693689,0.250109,0.070992,0.336843,-0.137099,-0.295242,0.237144,-0.429634,-0.377107,-0.204711,-0.156868
0.051605,-3.040689,0.727918,-0.036730,0.011678,-0.699470,0.713622,-0.473335,0.328373,0.027439,1.717524,-0.286299,0.051722,0.090451,0.074242,-0.374977,0.644531,-0.518915,-0.005490,0.051240,0.105920,0.295654,0.536050,0.331996,-0.366272,-0.695874,0.236460,0.075082,0.349013,-0.174479,-0.287572,0.238253,-0.418923,-0.383680,-0.207353,-0.153848
0.052501,-3.060029,0.731219,-0.030862,0.009451,-0.700599,0.712825,-0.500508,0.318549,0.054949,1.673553,-0.292956,0.047555,0.124635,0.063957,-0.365889,0.617326,-0.493952,0.010993,0.064920,0.097512,0.289789,0.564961,0.323205,-0.360968,-0.698395,0.226765,0.078997,0.359780,-0.206535,-0.279141,0.240645,-0.409153,-0.389389,-0.209321,-0.152079
0.053418,-3.079879,0.735088,-0.024048,0.007202,-0.701441,0.712285,-0.522927,0.304743,0.084763,1.619168,-0.292230,0.038055,0.158619,0.051881,-0.356391,0.586142,-0.459968,0.029365,0.078522,0.087373,0.281984,0.591927,0.314120,-0.356956,-0.702070,0.222145,0.083588,0.369539,-0.232061,-0.270174,0.244302,-0.401221,-0.394557,-0.209980,-0.152664
0.054324,-3.100034,0.739462,-0.016411,0.004915,-0.702111,0.711861,-0.540557,0.287924,0.117591,1.553915,-0.285553,0.023158,0.192734,0.038403,-0.346024,0.550817,-0.417862,0.049136,0.092117,0.075594,0.272729,0.617644,0.304935,-0.353946,-0.706899,0.220250,0.088881,0.379237,-0.252123,-0.260707,0.248995,-0.394532,-0.399214,-0.209801,-0.154860
0.055277,-3.120706,0.744222,-0.008506,0.002937,-0.702520,0.711607,-0.554066,0.268392,0.150502,1.479885,-0.274139,0.004788,0.224906,0.024546,-0.336593,0.515635,-0.368358,0.066789,0.105037,0.063346,0.262324,0.642208,0.295778,-0.351518,-0.712546,0.220093,0.093238,0.387472,-0.267481,-0.250983,0.254685,-0.389105,-0.402333,-0.209693,-0.156894
0.056312,-3.141671,0.749206,-0.000953,0.001663,-0.702577,0.711605,-0.564206,0.246652,0.180441,1.399128,-0.259237,-0.014964,0.252961,0.011410,-0.330101,0.485130,-0.311991,0.078957,0.116623,0.051947,0.251007,0.665649,0.286705,-0.349290,-0.718635,0.220721,0.094998,0.392838,-0.278917,-0.241422,0.261310,-0.385068,-0.402836,-0.210580,-0.157020
0.057352,-3.162982,0.754344,0.006564,0.001198,-0.702268,0.711881,-0.571263,0.221670,0.206530,1.309536,-0.241410,-0.035419,0.276136,-0.001662,-0.327842,0.459538,-0.246033,0.084967,0.127117,0.041128,0.238062,0.687933,0.277710,-0.347096,-0.725061,0.222236,0.092585,0.394317,-0.285791,-0.232402,0.269226,-0.383172,-0.399447,-0.212792,-0.154850
0.058331,-3.184588,0.759465,0.014061,0.001415,-0.701611,0.712420,-0.574831,0.194105,0.229353,1.210426,-0.220104,-0.057256,0.295455,-0.014792,-0.328436,0.437717,-0.171360,0.086981,0.136670,0.030755,0.223662,0.709007,0.268807,-0.345151,-0.732106,0.225038,0.087269,0.392884,-0.287741,-0.224068,0.278324,-0.383495,-0.392928,-0.215756,-0.151328
0.059245,-3.206251,0.764509,0.020576,0.002277,-0.700619,0.713235,-0.574536,0.166841,0.248511,1.105746,-0.194696,-0.080425,0.311545,-0.026180,-0.330167,0.421489,-0.093252,0.085821,0.144717,0.022273,0.209266,0.728827,0.260080,-0.343700,-0.739791,0.228643,0.081633,0.390117,-0.285907,-0.216418,0.287786,-0.385220,-0.385307,-0.219044,-0.146720
0.060139,-3.227959,0.769347,0.025228,0.003714,-0.699344,0.714330,-0.569993,0.142237,0.264059,0.999272,-0.164311,-0.105109,0.325047,-0.034069,-0.331475,0.412130,-0.016384,0.081988,0.150830,0.016927,0.196260,0.747411,0.251679,-0.342949,-0.748319,0.232577,0.078279,0.387589,-0.281541,-0.209353,0.296769,-0.387408,-0.378620,-0.222255,-0.141287
0.060997,-3.249982,0.773877,0.027855,0.005920,-0.697794,0.715732,-0.560068,0.119864,0.275434,0.887193,-0.127056,-0.132804,0.335729,-0.038573,-0.334603,0.409464,0.060249,0.072174,0.155203,0.015186,0.184434,0.765403,0.243678,-0.342808,-0.758165,0.237561,0.078596,0.385303,-0.274443,-0.202829,0.305536,-0.390400,-0.372774,-0.225218,-0.134089
0.061694,-3.272241,0.777944,0.028906,0.008856,-0.696030,0.717376,-0.544548,0.098782,0.282504,0.767511,-0.083327,-0.162773,0.343429,-0.040851,-0.340418,0.412577,0.139162,0.056592,0.158287,0.016372,0.173137,0.782728,0.236123,-0.343123,-0.769267,0.243552,0.080965,0.382567,-0.264310,-0.196869,0.314416,-0.394334,-0.366907,-0.228149,-0.125292
0.062362,-3.294686,0.781393,0.028488,0.012082,-0.694199,0.719118,-0.524798,0.080179,0.286538,0.647197,-0.035643,-0.192239,0.349226,-0.040202,-0.344733,0.420381,0.218560,0.041070,0.160126,0.019908,0.163089,0.798374,0.229188,-0.343982,-0.781071,0.248929,0.083501,0.379909,-0.252202,-0.191404,0.322622,-0.398214,-0.361882,-0.231280,-0.116831
0.062888,-3.317142,0.784163,0.026684,0.015200,-0.692442,0.720819,-0.502819,0.065206,0.289185,0.534468,0.013118,-0.218701,0.354490,-0.035090,-0.342269,0.430861,0.297105,0.032238,0.160774,0.025257,0.155024,0.811343,0.223161,-0.345483,-0.793001,0.252032,0.084344,0.377914,-0.239094,-0.186310,0.329292,-0.401010,-0.358621,-0.234890,-0.110628
0.063306,-3.339740,0.786229,0.022904,0.018427,-0.690738,0.722507,-0.479162,0.054365,0.289638,0.430290,0.065937,-0.242243,0.360245,-0.022704,-0.330053,0.441859,0.380954,0.033898,0.160219,0.033533,0.149085,0.822086,0.218310,-0.347814,-0.805859,0.251642,0.082981,0.377117,-0.224678,-0.181502,0.334289,-0.402954,-0.358179,-0.239425,-0.107067
0.063855,-3.362187,0.787648,0.017317,0.021860,-0.688896,0.724323,-0.452736,0.046729,0.288254,0.330212,0.123491,-0.261800,0.365764,-0.003910,-0.310242,0.454520,0.469283,0.043275,0.158257,0.044623,0.144934,0.831146,0.214743,-0.350900,-0.819941,0.248821,0.080449,0.377167,-0.208577,-0.176982,0.337963,-0.404473,-0.359816,-0.244651,-0.105132
0.064568,-3.383927,0.787528,0.015322,0.023208,-0.689132,0.724102,-0.421179,0.034023,0.301915,0.224396,0.184260,-0.261800,0.348620,0.002062,-0.279036,0.511767,0.523600,0.059505,0.160470,0.046810,0.140919,0.839226,0.212827,-0.353610,-0.835857,0.245389,0.077269,0.376986,-0.191997,-0.172393,0.340549,-0.404998,-0.361584,-0.249628,-0.104803
0.065143,-3.405347,0.786094,0.014786,0.023283,-0.690678,0.722637,-0.384715,0.019309,0.322774,0.118217,0.240343,-0.261800,0.315750,0.003190,-0.242177,0.606641,0.523600,0.076730,0.164740,0.045065,0.138418,0.844755,0.212621,-0.355854,-0.851534,0.243025,0.073863,0.376052,-0.175414,-0.167605,0.341674,-0.403853,-0.361924,-0.253758,-0.105780
0.065666,-3.426844,0.784532,0.011587,0.024113,-0.690715,0.722632,-0.382708,0.021412,0.344146,0.105310,0.241318,-0.261800,0.298586,0.022470,-0.201393,0.672132,0.523600,0.093808,0.164109,0.048790,0.138526,0.845256,0.213728,-0.358624,-0.864324,0.241698,0.069517,0.374562,-0.158054,-0.162990,0.340437,-0.400770,-0.360540,-0.257024,-0.108102
0.066296,-3.447959,0.782589,0.006769,0.025354,-0.689348,0.723955,-0.378974,0.025735,0.366447,0.101395,0.235311,-0.261800,0.289909,0.054656,-0.157291,0.722476,0.523600,0.113801,0.158441,0.056107,0.140845,0.840516,0.214857,-0.361830,-0.874160,0.240724,0.064133,0.372438,-0.138423,-0.160499,0.337924,-0.398070,-0.357886,-0.259607,-0.112532
0.066833,-3.468823,0.780365,0.002020,0.026320,-0.686735,0.726428,-0.372457,0.028046,0.382013,0.099456,0.228378,-0.261800,0.285842,0.085539,-0.123524,0.764793,0.523600,0.133654,0.148973,0.062710,0.144119,0.830336,0.217015,-0.365326,-0.880175,0.240691,0.059241,0.370238,-0.118350,-0.157506,0.333537,-0.393529,-0.355128,-0.262270,-0.117818
0.067110,-3.489699,0.778103,-0.001165,0.026139,-0.683271,0.729696,-0.364993,0.026085,0.383792,0.101030,0.220990,-0.261800,0.283298,0.099957,-0.113455,0.804045,0.523600,0.148567,0.136655,0.064904,0.148169,0.814714,0.220022,-0.368310,-0.881954,0.241991,0.056170,0.367969,-0.097749,-0.154435,0.328448,-0.388267,-0.352561,-0.265253,-0.123988
0.066831,-3.510775,0.775939,-0.001481,0.024073,-0.678832,0.733898,-0.358306,0.016916,0.365582,0.106580,0.217801,-0.261800,0.281866,0.087474,-0.136693,0.841556,0.523600,0.155608,0.122289,0.058719,0.152630,0.793315,0.226302,-0.371022,-0.879762,0.245349,0.055578,0.365746,-0.076965,-0.149290,0.321242,-0.380619,-0.349799,-0.268952,-0.131061
0.066570,-3.531661,0.773639,0.000390,0.020729,-0.672549,0.739762,-0.351864,-0.001724,0.339624,0.112773,0.220827,-0.221547,0.282185,0.055002,-0.185178,0.877879,0.523600,0.156314,0.102156,0.047351,0.157210,0.767024,0.233243,-0.373434,-0.874001,0.250415,0.056505,0.362923,-0.055710,-0.144204,0.313765,-0.371520,-0.346398,-0.272771,-0.139709
0.067298,-3.551417,0.771436,0.003222,0.016165,-0.664850,0.746795,-0.379847,-0.015669,0.320144,0.202634,0.177669,-0.131414,0.284622,0.012023,-0.242847,0.914989,0.523600,0.152931,0.077744,0.033621,0.162411,0.738152,0.240815,-0.376386,-0.866478,0.255446,0.058397,0.360755,-0.034175,-0.139462,0.305874,-0.362301,-0.344030,-0.276560,-0.148363
0.067876,-3.571909,0.768034,0.003509,0.011714,-0.658374,0.752592,-0.397845,-0.025869,0.305229,0.290566,0.121150,-0.054305,0.289310,-0.026555,-0.291743,0.951683,0.523600,0.144233,0.055911,0.024381,0.169815,0.708288,0.249030,-0.379928,-0.858493,0.258436,0.060658,0.360454,-0.012326,-0.135445,0.297916,-0.354794,-0.344392,-0.280117,-0.156002
0.068362,-3.592776,0.762906,0.004876,0.005046,-0.654634,0.755913,-0.401009,-0.038194,0.301620,0.370166,0.043124,0.010392,0.283711,-0.074537,-0.326814,1.020977,0.477278,0.129878,0.040102,0.010944,0.178615,0.678932,0.258337,-0.383480,-0.851376,0.259503,0.063339,0.361465,0.010305,-0.132207,0.290213,-0.350282,-0.349124,-0.283070,-0.162471
0.069058,-3.613293,0.757298,0.005920,-0.002769,-0.651979,0.758209,-0.396381,-0.050064,0.297814,0.453295,-0.055590,0.070907,0.279777,-0.127129,-0.357323,1.093513,0.422637,0.110588,0.026695,-0.003439,0.189058,0.648115,0.268820,-0.387595,-0.843535,0.259332,0.066690,0.363643,0.034021,-0.129723,0.282178,-0.347895,-0.356906,-0.285651,-0.168384
0.069896,-3.633288,0.751534,0.006472,-0.010459,-0.650255,0.759617,-0.386666,-0.060726,0.292286,0.532168,-0.157392,0.122002,0.273886,-0.178609,-0.380831,1.165142,0.366158,0.089502,0.015486,-0.016695,0.200156,0.615083,0.280155,-0.392462,-0.834964,0.257031,0.070519,0.368045,0.058336,-0.127958,0.273960,-0.346985,-0.364735,-0.288155,-0.174075
0.071043,-3.652688,0.746022,0.007393,-0.017245,-0.649640,0.760011,-0.374399,-0.070696,0.288530,0.597709,-0.243437,0.159371,0.259964,-0.226794,-0.394052,1.235224,0.311989,0.069465,0.006733,-0.029055,0.210447,0.579482,0.291838,-0.397892,-0.826099,0.251774,0.074608,0.375573,0.082462,-0.126803,0.265986,-0.346711,-0.369644,-0.290865,-0.179881
0.072295,-3.671705,0.740864,0.009526,-0.023101,-0.650266,0.759295,-0.360806,-0.079470,0.291480,0.649091,-0.310055,0.179497,0.233550,-0.272556,-0.393771,1.306276,0.260498,0.050358,0.000649,-0.041489,0.219088,0.539307,0.303499,-0.404563,-0.814964,0.241379,0.078199,0.387697,0.105942,-0.126268,0.257987,-0.346392,-0.370726,-0.294337,-0.185366
0.073327,-3.690393,0.736080,0.012525,-0.028462,-0.651918,0.757652,-0.345012,-0.085612,0.300144,0.692742,-0.367968,0.185781,0.196750,-0.316182,-0.381759,1.377976,0.209906,0.031545,-0.003359,-0.054109,0.226805,0.495030,0.314900,-0.412375,-0.801719,0.226957,0.081450,0.403499,0.129109,-0.126378,0.249860,-0.346408,-0.369620,-0.298302,-0.190501
0.074284,-3.709053,0.731762,0.015380,-0.033239,-0.654286,0.755360,-0.326444,-0.088641,0.310522,0.730335,-0.419387,0.184587,0.153605,-0.355320,-0.362901,1.445478,0.161002,0.014136,-0.006441,-0.065655,0.234534,0.450158,0.325698,-0.419693,-0.789742,0.212677,0.085590,0.420214,0.152113,-0.126994,0.242468,-0.347218,-0.367269,-0.301812,-0.196218
0.075109,-3.727350,0.727888,0.017003,-0.037318,-0.657100,0.752687,-0.304478,-0.088957,0.318340,0.762625,-0.466128,0.182294,0.108714,-0.388287,-0.342773,1.504077,0.114442,-0.001036,-0.009859,-0.074807,0.243165,0.408218,0.335584,-0.424676,-0.782214,0.202765,0.092060,0.434964,0.174801,-0.127926,0.236820,-0.348909,-0.364712,-0.303909,-0.203442
0.075958,-3.745433,0.724637,0.017087,-0.040912,-0.660578,0.749447,-0.278413,-0.087121,0.323740,0.789161,-0.508088,0.179457,0.061944,-0.415439,-0.321433,1.554116,0.070645,-0.013594,-0.013717,-0.081435,0.253554,0.369367,0.344504,-0.427011,-0.779685,0.198578,0.103568,0.448288,0.196733,-0.129104,0.233621,-0.350844,-0.362754,-0.303698,-0.213565
0.076692,-3.763360,0.721910,0.016188,-0.043984,-0.664776,0.745571,-0.248719,-0.083315,0.329529,0.809464,-0.544175,0.173148,0.011047,-0.437282,-0.297081,1.597729,0.029234,-0.024442,-0.017584,-0.086162,0.264947,0.331748,0.352484,-0.427498,-0.780040,0.197784,0.118713,0.461119,0.217894,-0.130627,0.232209,-0.352899,-0.360785,-0.301909,-0.225691
0.077182,-3.781100,0.719669,0.014549,-0.046111,-0.669212,0.741497,-0.216637,-0.077637,0.335126,0.823924,-0.574732,0.164527,-0.041986,-0.452990,-0.273200,1.633146,-0.010490,-0.034726,-0.021943,-0.088677,0.275806,0.295815,0.359381,-0.425900,-0.782351,0.199270,0.132887,0.471092,0.238767,-0.132528,0.231617,-0.355912,-0.357680,-0.300031,-0.237351
0.077656,-3.799024,0.718148,0.012386,-0.046843,-0.673417,0.737673,-0.183412,-0.069960,0.339732,0.832930,-0.600068,0.154682,-0.094853,-0.461849,-0.253392,1.658511,-0.049125,-0.045344,-0.027407,-0.088699,0.284584,0.262197,0.364965,-0.421715,-0.785813,0.202100,0.141423,0.475824,0.259648,-0.134743,0.231092,-0.360574,-0.352335,-0.299546,-0.246094
0.078154,-3.817217,0.717439,0.009465,-0.046065,-0.677382,0.734127,-0.148529,-0.059605,0.343567,0.836220,-0.620817,0.143753,-0.147179,-0.463462,-0.239040,1.673602,-0.088630,-0.057650,-0.034303,-0.085829,0.291293,0.231260,0.369035,-0.413811,-0.790858,0.206606,0.142142,0.473351,0.280200,-0.137311,0.230899,-0.367212,-0.343064,-0.301197,-0.250513
0.078594,-3.835494,0.717414,0.005776,-0.044040,-0.681325,0.730632,-0.111628,-0.046813,0.347308,0.833683,-0.636558,0.131101,-0.199337,-0.458098,-0.229072,1.679185,-0.127859,-0.070407,-0.042357,-0.080324,0.296611,0.202257,0.371586,-0.402588,-0.797176,0.213255,0.137787,0.465333,0.300244,-0.140247,0.231439,-0.375149,-0.330908,-0.304048,-0.252164
0.079007,-3.853852,0.718125,0.001876,-0.040892,-0.685119,0.727280,-0.074203,-0.032693,0.350612,0.825922,-0.645928,0.116690,-0.249983,-0.446713,-0.223410,1.674910,-0.162755,-0.080795,-0.051205,-0.072982,0.300011,0.174234,0.372761,-0.389803,-0.802964,0.221375,0.131050,0.454884,0.320203,-0.143394,0.232118,-0.383372,-0.318915,-0.307080,-0.252981
0.079307,-3.872330,0.719585,-0.001650,-0.036785,-0.688626,0.724181,-0.037772,-0.018429,0.352925,0.813642,-0.647696,0.100580,-0.297835,-0.430836,-0.221910,1.660492,-0.189336,-0.086375,-0.060384,-0.064597,0.300992,0.146383,0.372794,-0.377322,-0.806648,0.230362,0.124683,0.445089,0.340567,-0.146467,0.232217,-0.390903,-0.310178,-0.309333,-0.254901
0.079512,-3.891046,0.721684,-0.004691,-0.031530,-0.691718,0.721463,-0.002623,-0.004435,0.353391,0.796131,-0.642064,0.082471,-0.343084,-0.411605,-0.225898,1.635242,-0.207249,-0.087677,-0.069875,-0.054974,0.299184,0.117948,0.371854,-0.365182,-0.807676,0.240764,0.118364,0.436045,0.361587,-0.149211,0.231561,-0.397501,-0.305824,-0.310587,-0.258404
0.079609,-3.910072,0.724501,-0.007514,-0.025177,-0.694466,0.719046,0.031930,0.009681,0.352373,0.773330,-0.629524,0.062594,-0.385831,-0.388924,-0.235138,1.599255,-0.218536,-0.085776,-0.079728,-0.043909,0.295047,0.089504,0.370032,-0.352558,-0.806960,0.252647,0.110944,0.426423,0.382898,-0.151527,0.230470,-0.403507,-0.304174,-0.311356,-0.262405
0.079646,-3.929468,0.727945,-0.010139,-0.018202,-0.697030,0.716740,0.065894,0.023836,0.350878,0.746924,-0.609243,0.041943,-0.424713,-0.362717,-0.247018,1.553369,-0.223010,-0.079422,-0.089584,-0.032152,0.289326,0.062463,0.367474,-0.340014,-0.805388,0.264752,0.104011,0.417103,0.404146,-0.153384,0.228968,-0.409019,-0.304142,-0.311817,-0.266524
0.079458,-3.949120,0.731852,-0.012554,-0.011113,-0.699578,0.714359,0.099324,0.037883,0.349831,0.718566,-0.580421,0.021514,-0.458384,-0.332767,-0.258834,1.498391,-0.220470,-0.067444,-0.099033,-0.020441,0.282752,0.038236,0.364324,-0.328210,-0.803884,0.275826,0.099207,0.408959,0.425080,-0.154765,0.226976,-0.414243,-0.304611,-0.312161,-0.270373
0.079263,-3.969087,0.736215,-0.014799,-0.003718,-0.702168,0.711847,0.132484,0.051864,0.348631,0.687488,-0.542493,0.000497,-0.486942,-0.297817,-0.269821,1.433120,-0.210784,-0.048669,-0.107994,-0.008532,0.275267,0.017620,0.360547,-0.316848,-0.803243,0.286994,0.097918,0.401868,0.445688,-0.155617,0.224419,-0.419175,-0.305588,-0.312352,-0.273978
0.078884,-3.989406,0.740908,-0.016850,0.004106,-0.704682,0.709311,0.165197,0.065411,0.346401,0.653346,-0.496215,-0.021077,-0.510868,-0.258836,-0.280624,1.357130,-0.194396,-0.024295,-0.116653,0.003774,0.266641,-0.000110,0.356145,-0.305679,-0.802997,0.298488,0.098983,0.395433,0.466097,-0.155912,0.221397,-0.423722,-0.307577,-0.312314,-0.277499
0.078311,-4.010034,0.745880,-0.018597,0.011747,-0.707057,0.706814,0.196813,0.077854,0.343714,0.618629,-0.442751,-0.041043,-0.529471,-0.218571,-0.290618,1.272309,-0.171805,0.003336,-0.124950,0.015649,0.257312,-0.015704,0.351362,-0.295456,-0.802536,0.307670,0.100301,0.390154,0.486336,-0.155707,0.217990,-0.428183,-0.310186,-0.312180,-0.280724
0.077673,-4.030908,0.751009,-0.019948,0.018613,-0.709261,0.704417,0.226648,0.088670,0.341339,0.585949,-0.383137,-0.057363,-0.542087,-0.179429,-0.299301,1.180499,-0.143322,0.032053,-0.132813,0.026250,0.247733,-0.029704,0.346604,-0.286928,-0.801423,0.311856,0.099806,0.386635,0.506488,-0.155073,0.214241,-0.432987,-0.313001,-0.312095,-0.283446
0.076918,-4.052151,0.756180,-0.020955,0.025114,-0.711370,0.702056,0.254994,0.099279,0.342131,0.554242,-0.314578,-0.070529,-0.548126,-0.139835,-0.306334,1.078029,-0.108788,0.062138,-0.140363,0.036065,0.237448,-0.041227,0.342121,-0.279984,-0.800375,0.309633,0.096908,0.385787,0.526327,-0.154062,0.210211,-0.438148,-0.315830,-0.312091,-0.285643
0.076224,-4.073701,0.761280,-0.021574,0.031233,-0.713394,0.699735,0.281852,0.109160,0.344361,0.523355,-0.237773,-0.081498,-0.547478,-0.099080,-0.310876,0.963941,-0.067658,0.094430,-0.147613,0.044949,0.226529,-0.049784,0.337978,-0.274177,-0.800010,0.302569,0.092779,0.387136,0.545912,-0.152671,0.205899,-0.443642,-0.318893,-0.312101,-0.287422
0.075547,-4.095496,0.766237,-0.021612,0.035827,-0.715225,0.697641,0.306320,0.115237,0.342444,0.496832,-0.158588,-0.088984,-0.540414,-0.060696,-0.311983,0.844404,-0.019637,0.127741,-0.154370,0.051148,0.216147,-0.056494,0.334332,-0.269775,-0.799811,0.292420,0.087999,0.389223,0.565785,-0.150856,0.201182,-0.449949,-0.322413,-0.312122,-0.288756
0.074879,-4.117388,0.770828,-0.020879,0.037819,-0.716759,0.695982,0.327707,0.114751,0.331299,0.477608,-0.082444,-0.091674,-0.527837,-0.028285,-0.309049,0.726403,0.035315,0.161022,-0.160509,0.053016,0.207376,-0.062440,0.331371,-0.267089,-0.799315,0.280929,0.083181,0.390630,0.586494,-0.148494,0.195923,-0.457550,-0.326604,-0.312157,-0.289615
0.074231,-4.139529,0.774998,-0.019145,0.036383,-0.717973,0.694855,0.347386,0.106811,0.312238,0.464479,-0.006158,-0.086188,-0.508440,-0.003205,-0.300645,0.607977,0.102590,0.195382,-0.166340,0.049034,0.200613,-0.067509,0.329245,-0.266357,-0.798933,0.265942,0.077942,0.391750,0.608853,-0.145379,0.189692,-0.466873,-0.332284,-0.312215,-0.289662
0.073750,-4.161843,0.778661,-0.016425,0.032053,-0.718864,0.694217,0.365619,0.092904,0.288044,0.456064,0.072440,-0.073810,-0.481984,0.015667,-0.286224,0.486212,0.180406,0.231460,-0.172053,0.039767,0.195192,-0.071074,0.328005,-0.267393,-0.799011,0.247365,0.072159,0.393074,0.632410,-0.141402,0.182655,-0.477720,-0.339129,-0.312308,-0.288987
0.073306,-4.184354,0.781695,-0.013370,0.026466,-0.719612,0.693743,0.380188,0.075406,0.256306,0.455201,0.146323,-0.061433,-0.450402,0.030198,-0.270952,0.364666,0.259353,0.261800,-0.176517,0.028283,0.190619,-0.073498,0.327711,-0.269823,-0.798908,0.229968,0.066888,0.393351,0.655926,-0.136646,0.175593,-0.489821,-0.345635,-0.312427,-0.288217
0.072881,-4.206914,0.783982,-0.009991,0.020525,-0.719972,0.693628,0.390096,0.053471,0.212271,0.461568,0.210168,-0.056609,-0.417220,0.039761,-0.265490,0.250565,0.328632,0.261800,-0.180026,0.015641,0.186296,-0.075141,0.328404,-0.273259,-0.798034,0.218507,0.063216,0.391442,0.678184,-0.131382,0.169296,-0.502917,-0.350272,-0.312549,-0.287971
0.072468,-4.229392,0.785508,-0.005587,0.013808,-0.719523,0.694309,0.394879,0.020472,0.145308,0.473858,0.265127,-0.063224,-0.385584,0.044094,-0.259846,0.148007,0.384407,0.261800,-0.183492,0.000908,0.181685,-0.076692,0.330206,-0.277798,-0.796507,0.213808,0.061217,0.387159,0.699988,-0.125666,0.163581,-0.517907,-0.351969,-0.312589,-0.288562
0.071806,-4.251479,0.786324,-0.000597,0.006547,-0.718593,0.695399,0.396545,-0.022073,0.060447,0.493110,0.312648,-0.080103,-0.371863,0.040290,-0.254934,0.092013,0.412271,0.261800,-0.186278,-0.014987,0.177147,-0.077731,0.333097,-0.283501,-0.794660,0.213426,0.060371,0.381222,0.721381,-0.119521,0.158154,-0.534416,-0.351719,-0.312589,-0.289622
0.070956,-4.272892,0.786330,0.004116,-0.000202,-0.717676,0.696365,0.397676,-0.065823,-0.024411,0.519544,0.349072,-0.104760,-0.378333,0.030430,-0.253502,0.088102,0.411578,0.261800,-0.187366,-0.029818,0.172989,-0.076939,0.336685,-0.289915,-0.792130,0.217298,0.060826,0.373901,0.739753,-0.113420,0.153517,-0.550075,-0.350995,-0.312722,-0.290752
0.070087,-4.293895,0.785743,0.007023,-0.004789,-0.717242,0.696773,0.398316,-0.098783,-0.090361,0.554095,0.370726,-0.132071,-0.380419,0.025325,-0.258875,0.083948,0.412244,0.261800,-0.187306,-0.038836,0.169894,-0.072246,0.338916,-0.294936,-0.788524,0.225742,0.062511,0.364657,0.752616,-0.110395,0.150748,-0.563087,-0.350974,-0.312865,-0.292237
0.069249,-4.314748,0.784697,0.009267,-0.007968,-0.717310,0.696647,0.397425,-0.122792,-0.134452,0.595232,0.375811,-0.161169,-0.379515,0.021778,-0.276165,0.081613,0.416257,0.261800,-0.184313,-0.045511,0.166811,-0.064391,0.341103,-0.300384,-0.783136,0.241846,0.065890,0.352840,0.759812,-0.108045,0.149382,-0.573011,-0.351694,-0.313267,-0.293957
0.068486,-4.335572,0.783040,0.010709,-0.009711,-0.717836,0.696062,0.392926,-0.140546,-0.164045,0.645212,0.365135,-0.192541,-0.375097,0.021016,-0.302802,0.079555,0.422746,0.261800,-0.178577,-0.049288,0.163996,-0.054027,0.343333,-0.306320,-0.776202,0.264601,0.070563,0.338710,0.762571,-0.106391,0.149180,-0.580895,-0.352588,-0.313847,-0.295981
0.067980,-4.356522,0.780972,0.010956,-0.010121,-0.718694,0.695166,0.383713,-0.148676,-0.177126,0.703319,0.345421,-0.219148,-0.366970,0.023592,-0.328207,0.078451,0.426859,0.261800,-0.170915,-0.049648,0.162175,-0.041282,0.345788,-0.312810,-0.768332,0.287367,0.075858,0.324974,0.760558,-0.105591,0.149437,-0.586038,-0.354442,-0.314721,-0.297062
0.067862,-4.377550,0.778589,0.009556,-0.009497,-0.719654,0.694202,0.369954,-0.143617,-0.173158,0.767594,0.324459,-0.234374,-0.355559,0.029428,-0.341712,0.080990,0.422189,0.261800,-0.162396,-0.046010,0.162349,-0.026342,0.348470,-0.320024,-0.760101,0.303409,0.081399,0.314521,0.753840,-0.106232,0.149294,-0.588146,-0.357867,-0.315976,-0.296057
0.068220,-4.398649,0.776123,0.005446,-0.007038,-0.720672,0.693220,0.351691,-0.118128,-0.148269,0.839122,0.304451,-0.233852,-0.341266,0.041236,-0.337552,0.088350,0.411318,0.261800,-0.153844,-0.035358,0.165109,-0.008742,0.350644,-0.327762,-0.750727,0.310244,0.087978,0.308462,0.741296,-0.109301,0.148556,-0.586218,-0.364221,-0.317770,-0.291867
0.068875,-4.419664,0.773306,-0.000942,-0.002980,-0.721772,0.692123,0.330665,-0.073070,-0.106411,0.917167,0.281938,-0.220490,-0.324872,0.059473,-0.326973,0.099625,0.399730,0.247629,-0.145040,-0.018693,0.169735,0.010993,0.351617,-0.335946,-0.739421,0.311873,0.095624,0.304891,0.724008,-0.115082,0.147878,-0.581382,-0.372601,-0.319928,-0.285631
0.067748,-4.439649,0.770404,-0.009562,0.003289,-0.724431,0.689274,0.309301,-0.011726,-0.056884,0.999585,0.253061,-0.202825,-0.331230,0.079412,-0.347991,0.166945,0.353207,0.140447,-0.131393,0.003671,0.175310,0.031749,0.351859,-0.344145,-0.727312,0.311185,0.102928,0.301827,0.705559,-0.122772,0.148313,-0.576841,-0.380504,-0.321993,-0.279451
0.067070,-4.460382,0.766109,-0.017178,0.007608,-0.726088,0.687346,0.289879,0.049248,-0.013649,1.078769,0.221625,-0.182825,-0.334835,0.094432,-0.366347,0.239241,0.287465,0.053430,-0.119487,0.021888,0.181512,0.052493,0.351911,-0.351960,-0.715549,0.310896,0.108348,0.298052,0.686399,-0.131783,0.149906,-0.572929,-0.385211,-0.323622,-0.275326
0.066967,-4.481729,0.760361,-0.023695,0.009852,-0.726706,0.686470,0.272228,0.111407,0.025581,1.156135,0.185176,-0.160514,-0.326455,0.106038,-0.379559,0.302601,0.196743,-0.009597,-0.108944,0.035684,0.188189,0.072501,0.352290,-0.360017,-0.703575,0.310062,0.111350,0.293301,0.667312,-0.141671,0.152678,-0.569999,-0.385450,-0.325194,-0.273416
0.066459,-4.502303,0.754572,-0.030045,0.011118,-0.726731,0.686175,0.256129,0.179717,0.064532,1.233900,0.143316,-0.133909,-0.310662,0.116733,-0.386077,0.364408,0.083844,-0.060549,-0.098745,0.047822,0.195672,0.092591,0.353142,-0.368471,-0.691371,0.307604,0.112838,0.288566,0.646947,-0.152286,0.156433,-0.566920,-0.382907,-0.326808,-0.272605
0.065180,-4.521740,0.749379,-0.036114,0.011938,-0.726430,0.686187,0.239189,0.247224,0.096713,1.310006,0.099156,-0.105995,-0.290923,0.127533,-0.386864,0.420850,-0.030804,-0.099326,-0.089000,0.058679,0.203915,0.114167,0.354347,-0.375942,-0.680966,0.306117,0.113390,0.284127,0.623279,-0.163493,0.161278,-0.562472,-0.379365,-0.327606,-0.273048
0.063767,-4.540649,0.744331,-0.041723,0.012786,-0.726020,0.686287,0.217679,0.306065,0.116133,1.382258,0.056660,-0.079704,-0.270965,0.138694,-0.385243,0.468891,-0.126301,-0.126781,-0.080010,0.068328,0.212814,0.138662,0.355641,-0.380990,-0.674348,0.308219,0.113545,0.280200,0.594267,-0.175203,0.167481,-0.555512,-0.376602,-0.326723,-0.274951
0.062620,-4.559206,0.739443,-0.046910,0.013987,-0.725508,0.686471,0.188187,0.354342,0.120246,1.452026,0.016919,-0.055493,-0.251572,0.149821,-0.384608,0.507868,-0.197672,-0.140590,-0.072002,0.077089,0.222578,0.166754,0.356831,-0.382958,-0.672188,0.317256,0.113056,0.276352,0.558154,-0.187373,0.175923,-0.544518,-0.374563,-0.323346,-0.279752
0.061710,-4.577683,0.734908,-0.051787,0.015455,-0.724849,0.686785,0.151444,0.394914,0.112874,1.520055,-0.021569,-0.032613,-0.231064,0.159292,-0.385072,0.540789,-0.256577,-0.141702,-0.064776,0.085211,0.232970,0.197712,0.357866,-0.382569,-0.673351,0.330931,0.111694,0.272597,0.516113,-0.199918,0.186599,-0.530292,-0.372396,-0.318120,-0.286963
0.061156,-4.595936,0.730709,-0.056089,0.016773,-0.724148,0.687155,0.109541,0.426741,0.098187,1.583300,-0.058253,-0.011883,-0.209472,0.166164,-0.385557,0.569709,-0.306761,-0.136438,-0.057992,0.092335,0.243269,0.230779,0.358616,-0.380646,-0.676959,0.343452,0.110048,0.269808,0.470651,-0.212588,0.198436,-0.515096,-0.370710,-0.312365,-0.293899
0.060813,-4.614031,0.727093,-0.059534,0.017456,-0.723453,0.687581,0.065197,0.449165,0.080737,1.638390,-0.092597,0.006215,-0.186596,0.170393,-0.384545,0.595641,-0.351621,-0.131161,-0.051248,0.097871,0.252766,0.264811,0.358923,-0.378258,-0.681822,0.349070,0.108771,0.268799,0.424384,-0.225135,0.210100,-0.501217,-0.370234,-0.307412,-0.297758
0.060506,-4.631950,0.724089,-0.062084,0.017260,-0.722682,0.688170,0.017648,0.460306,0.059868,1.685736,-0.124619,0.022824,-0.162540,0.172318,-0.382396,0.619161,-0.391417,-0.126780,-0.044651,0.101462,0.261734,0.299905,0.358602,-0.375756,-0.687846,0.344305,0.108081,0.270207,0.376793,-0.237495,0.221329,-0.488653,-0.372107,-0.303482,-0.297278
0.060261,-4.649757,0.721725,-0.063856,0.016447,-0.721813,0.688940,-0.033843,0.460546,0.035174,1.726878,-0.154076,0.037940,-0.137275,0.172384,-0.380421,0.639198,-0.424390,-0.120426,-0.038184,0.103444,0.270342,0.336066,0.357533,-0.372956,-0.695081,0.332912,0.107620,0.273419,0.326918,-0.249563,0.232833,-0.476255,-0.375657,-0.299937,-0.294054
0.060100,-4.667636,0.720094,-0.064817,0.015283,-0.720989,0.689739,-0.086366,0.453612,0.011585,1.760160,-0.180321,0.049635,-0.110416,0.171258,-0.378089,0.653879,-0.450758,-0.112806,-0.031131,0.104283,0.277757,0.371827,0.355673,-0.370248,-0.702397,0.320036,0.107205,0.277342,0.276798,-0.261010,0.244502,-0.464584,-0.379014,-0.296850,-0.289511
0.059889,-4.685609,0.719210,-0.064927,0.014036,-0.720370,0.690402,-0.137338,0.443924,-0.006417,1.783823,-0.202898,0.056137,-0.081645,0.169348,-0.374675,0.661496,-0.470736,-0.104558,-0.022590,0.104491,0.283131,0.405550,0.353056,-0.368151,-0.708597,0.310846,0.106724,0.280904,0.228638,-0.271434,0.255871,-0.454339,-0.380397,-0.294309,-0.285004
0.059825,-4.703561,0.719044,-0.064269,0.012759,-0.720082,0.690789,-0.186986,0.432653,-0.018053,1.797480,-0.222034,0.056301,-0.050339,0.166972,-0.369788,0.660929,-0.484570,-0.095886,-0.011929,0.104321,0.286382,0.436840,0.349714,-0.366947,-0.713261,0.306734,0.106339,0.283973,0.182082,-0.280716,0.266476,-0.445516,-0.379146,-0.292714,-0.280409
0.059768,-4.721770,0.719572,-0.062866,0.011325,-0.720025,0.691002,-0.236179,0.418351,-0.025139,1.801875,-0.237861,0.051547,-0.016822,0.163922,-0.363963,0.653243,-0.492050,-0.086449,0.000400,0.103505,0.287955,0.466381,0.345670,-0.366507,-0.716910,0.304973,0.106082,0.287081,0.136217,-0.288935,0.276410,-0.437623,-0.376417,-0.291943,-0.275055
0.059713,-4.740048,0.720807,-0.060639,0.009761,-0.720024,0.691226,-0.283581,0.401767,-0.027528,1.796832,-0.249859,0.043952,0.017741,0.159645,-0.357709,0.640175,-0.492738,-0.076032,0.013688,0.101712,0.287843,0.494220,0.341024,-0.366657,-0.719787,0.304581,0.105686,0.290127,0.092449,-0.295994,0.285851,-0.430669,-0.373141,-0.291278,-0.269459
0.059662,-4.758528,0.722749,-0.057480,0.008069,-0.719900,0.691646,-0.327879,0.383508,-0.025239,1.782192,-0.257527,0.035469,0.052173,0.153593,-0.351505,0.623477,-0.486200,-0.064421,0.027262,0.098513,0.286063,0.520425,0.335961,-0.367173,-0.722197,0.304583,0.104876,0.293008,0.052205,-0.301704,0.294919,-0.424658,-0.370296,-0.290026,-0.264108
0.059567,-4.777299,0.725336,-0.053254,0.006114,-0.719658,0.692257,-0.368930,0.363381,-0.017599,1.757081,-0.260444,0.025560,0.086951,0.145656,-0.344731,0.602226,-0.472656,-0.051299,0.041170,0.093337,0.282793,0.545361,0.330598,-0.367838,-0.724371,0.305089,0.103407,0.295918,0.015648,-0.305804,0.302953,-0.419803,-0.368772,-0.287903,-0.258897
0.059384,-4.796378,0.728591,-0.048048,0.003918,-0.719370,0.692952,-0.407087,0.341509,-0.004905,1.721538,-0.259165,0.013373,0.122338,0.136162,-0.337267,0.576061,-0.452297,-0.036905,0.055667,0.086324,0.278127,0.569116,0.325034,-0.368660,-0.726329,0.306490,0.101501,0.298860,-0.018102,-0.308306,0.309994,-0.415749,-0.367953,-0.285339,-0.253568
0.059296,-4.815633,0.732380,-0.042132,0.001772,-0.718951,0.693780,-0.441860,0.318742,0.011178,1.676875,-0.254669,0.000287,0.156734,0.125352,-0.330272,0.547699,-0.424673,-0.021896,0.070324,0.078084,0.271988,0.591467,0.319463,-0.369619,-0.728147,0.308217,0.099574,0.301470,-0.049003,-0.309537,0.317253,-0.411890,-0.366537,-0.282694,-0.248423
0.059233,-4.835055,0.736602,-0.035752,-0.000055,-0.718314,0.694800,-0.472765,0.295775,0.029017,1.624393,-0.247883,-0.012274,0.188593,0.113578,-0.324812,0.519895,-0.389355,-0.006915,0.084665,0.069272,0.264296,0.612259,0.314109,-0.370647,-0.730070,0.309669,0.098036,0.303386,-0.076835,-0.310004,0.325962,-0.407915,-0.363133,-0.280285,-0.243823
0.059175,-4.854910,0.741181,-0.028624,-0.001620,-0.717446,0.696024,-0.499696,0.272025,0.049039,1.563178,-0.239436,-0.024507,0.218141,0.100468,-0.320328,0.491974,-0.345598,0.009694,0.098871,0.059501,0.254702,0.631417,0.309183,-0.371792,-0.732342,0.310417,0.097210,0.304375,-0.101069,-0.310140,0.336476,-0.404391,-0.356116,-0.277798,-0.241082
0.059102,-4.875051,0.745997,-0.020764,-0.002995,-0.716362,0.697413,-0.522685,0.247152,0.071544,1.492626,-0.228788,-0.037219,0.245855,0.086296,-0.316004,0.463262,-0.294097,0.027660,0.113010,0.048601,0.243565,0.649245,0.304732,-0.372965,-0.735152,0.310795,0.096802,0.304726,-0.121471,-0.310058,0.347966,-0.401996,-0.346511,-0.275138,-0.239735
0.059057,-4.895500,0.750968,-0.012839,-0.003977,-0.715018,0.698977,-0.541524,0.222114,0.094679,1.414508,-0.215075,-0.049812,0.270789,0.072410,-0.312609,0.436373,-0.236409,0.043606,0.126438,0.037616,0.231737,0.666124,0.300664,-0.373874,-0.738644,0.311365,0.096298,0.304840,-0.138328,-0.309747,0.359889,-0.400414,-0.336929,-0.272928,-0.237432
0.059010,-4.915976,0.756011,-0.005503,-0.004374,-0.713377,0.700745,-0.556108,0.197878,0.116549,1.330568,-0.197428,-0.061576,0.291910,0.060004,-0.311239,0.414214,-0.173933,0.054283,0.138491,0.027669,0.219978,0.682386,0.296780,-0.374207,-0.742809,0.312718,0.095181,0.305090,-0.152056,-0.309095,0.371728,-0.399233,-0.329997,-0.271775,-0.231792
0.058944,-4.936718,0.761125,0.001587,-0.004016,-0.711360,0.702814,-0.566848,0.173870,0.137057,1.238652,-0.176625,-0.070514,0.308101,0.048380,-0.313724,0.397157,-0.104068,0.057671,0.149066,0.018326,0.207601,0.697892,0.292907,-0.373650,-0.747372,0.315481,0.093073,0.305292,-0.162805,-0.308119,0.383420,-0.398252,-0.326659,-0.271797,-0.220662
0.058744,-4.957731,0.766118,0.008524,-0.002996,-0.708976,0.705175,-0.573510,0.149646,0.156696,1.138359,-0.152773,-0.077624,0.320035,0.037005,-0.319195,0.384707,-0.027157,0.056418,0.158272,0.009433,0.194381,0.712527,0.289002,-0.372320,-0.752328,0.319242,0.090323,0.305296,-0.170553,-0.306908,0.395239,-0.397519,-0.325448,-0.272692,-0.205763
0.058493,-4.978822,0.770861,0.014347,-0.001554,-0.706393,0.707672,-0.575177,0.126370,0.174603,1.033792,-0.123700,-0.086512,0.329719,0.027402,-0.324792,0.377032,0.051819,0.054069,0.166010,0.002372,0.181696,0.726663,0.285082,-0.370567,-0.758093,0.323044,0.087495,0.305542,-0.175538,-0.305406,0.407177,-0.396979,-0.325429,-0.274444,-0.190500
0.058222,-5.000047,0.775209,0.018130,0.000070,-0.703799,0.710168,-0.571270,0.105167,0.189753,0.929215,-0.087240,-0.100691,0.339267,0.021506,-0.327505,0.373568,0.128188,0.053779,0.172256,-0.001575,0.170879,0.740708,0.281217,-0.368736,-0.765137,0.325929,0.085159,0.306455,-0.178059,-0.303454,0.419226,-0.396525,-0.325689,-0.277018,-0.178258
0.057890,-5.021414,0.779079,0.019456,0.001952,-0.701170,0.712726,-0.560535,0.086591,0.201509,0.821579,-0.039072,-0.122324,0.350123,0.020091,-0.328850,0.371941,0.202635,0.054905,0.177065,-0.001710,0.162171,0.755198,0.277469,-0.366786,-0.773808,0.327623,0.083665,0.308417,-0.178266,-0.300920,0.431910,-0.396021,-0.326359,-0.280749,-0.169671
0.057467,-5.043048,0.782393,0.018897,0.004158,-0.698497,0.715351,-0.543452,0.069570,0.209767,0.708769,0.019100,-0.149174,0.360998,0.022108,-0.329782,0.372409,0.277799,0.055710,0.180625,0.001148,0.154787,0.769928,0.273842,-0.364483,-0.783883,0.328629,0.082654,0.311116,-0.176282,-0.297782,0.445105,-0.395282,-0.327834,-0.285557,-0.162993
0.056947,-5.064854,0.785114,0.017041,0.006433,-0.696037,0.717775,-0.522273,0.053420,0.214481,0.596761,0.080089,-0.177931,0.370140,0.027234,-0.325968,0.377440,0.352330,0.057929,0.183249,0.005988,0.148519,0.784207,0.270339,-0.361890,-0.795156,0.329138,0.081645,0.313954,-0.172413,-0.294039,0.457808,-0.394068,-0.329572,-0.290765,-0.158033
0.056331,-5.086853,0.787196,0.014434,0.008595,-0.694068,0.719714,-0.499610,0.038326,0.216226,0.492473,0.136267,-0.205037,0.375950,0.035700,-0.312555,0.388978,0.425018,0.064135,0.185334,0.011943,0.143125,0.797306,0.266993,-0.359105,-0.807322,0.329353,0.080151,0.316343,-0.166834,-0.289728,0.468980,-0.392275,-0.331047,-0.295686,-0.154588
0.055776,-5.108734,0.788485,0.010650,0.010982,-0.692763,0.721003,-0.476201,0.025123,0.213167,0.396968,0.187750,-0.230653,0.377582,0.050953,-0.283727,0.407224,0.502436,0.076981,0.187212,0.020117,0.138468,0.809610,0.263813,-0.356038,-0.820958,0.328668,0.078077,0.317921,-0.159336,-0.284827,0.478525,-0.390223,-0.332344,-0.300374,-0.152518
0.055443,-5.130063,0.787853,0.013335,0.009925,-0.695589,0.718248,-0.446760,0.003116,0.225262,0.288608,0.245786,-0.253468,0.333112,0.044149,-0.234389,0.516345,0.523600,0.100654,0.197831,0.012864,0.132991,0.824141,0.261418,-0.351148,-0.839490,0.327323,0.075753,0.318489,-0.150630,-0.278817,0.487582,-0.388447,-0.333366,-0.304750,-0.152102
0.055408,-5.151030,0.786035,0.013954,0.008579,-0.698072,0.715840,-0.411561,-0.016430,0.238724,0.182464,0.301145,-0.261800,0.294467,0.048568,-0.181429,0.623537,0.523600,0.130500,0.205916,0.009273,0.130129,0.838070,0.259666,-0.346395,-0.859212,0.326324,0.073172,0.319354,-0.140534,-0.272037,0.495318,-0.385443,-0.334099,-0.308831,-0.153191
0.055330,-5.172318,0.784056,0.011550,0.008139,-0.699357,0.714633,-0.382298,-0.028043,0.251483,0.105182,0.338101,-0.261800,0.276007,0.064553,-0.137154,0.697304,0.523600,0.161052,0.209844,0.012157,0.128848,0.848782,0.258338,-0.342511,-0.877189,0.326917,0.070303,0.321218,-0.128800,-0.265054,0.501226,-0.380873,-0.334252,-0.312421,-0.156095
0.055268,-5.193665,0.781865,0.006634,0.008581,-0.698923,0.715115,-0.379333,-0.027359,0.268425,0.101650,0.332105,-0.261800,0.274559,0.088583,-0.102811,0.742433,0.523600,0.190394,0.208346,0.020797,0.128645,0.855342,0.257272,-0.339813,-0.892144,0.329668,0.066848,0.324113,-0.114461,-0.258212,0.504810,-0.374968,-0.333322,-0.315361,-0.161657
0.055474,-5.214583,0.779426,0.000084,0.009553,-0.696950,0.717056,-0.370325,-0.025432,0.286915,0.098165,0.324068,-0.261800,0.282356,0.117084,-0.075716,0.772262,0.523600,0.218948,0.202124,0.033283,0.129619,0.857798,0.256583,-0.338257,-0.904801,0.333854,0.062893,0.327743,-0.096130,-0.253072,0.506004,-0.370266,-0.331332,-0.317790,-0.169849
0.055585,-5.235338,0.776802,-0.006479,0.010397,-0.693778,0.720085,-0.358624,-0.024732,0.298437,0.096646,0.314864,-0.261800,0.293018,0.139212,-0.062853,0.795621,0.523600,0.243068,0.191686,0.045416,0.131279,0.856200,0.256105,-0.336973,-0.915619,0.338829,0.059000,0.332138,-0.076297,-0.248436,0.505914,-0.365312,-0.329328,-0.320038,-0.179269
0.055391,-5.256149,0.774070,-0.011221,0.010095,-0.690042,0.723612,-0.346525,-0.028184,0.295708,0.097748,0.304919,-0.261800,0.301348,0.144085,-0.069814,0.819811,0.523600,0.260031,0.178359,0.052093,0.133164,0.850716,0.255813,-0.335114,-0.924921,0.344002,0.055758,0.337356,-0.058346,-0.241924,0.505459,-0.357175,-0.328515,-0.322504,-0.188235
0.054539,-5.277130,0.771300,-0.013334,0.008496,-0.685768,0.727649,-0.337403,-0.037015,0.270512,0.103609,0.299178,-0.261800,0.307746,0.122811,-0.107875,0.844993,0.523600,0.261800,0.162776,0.051827,0.135052,0.839984,0.256030,-0.333096,-0.932457,0.350729,0.053800,0.343686,-0.040119,-0.235912,0.504432,-0.348903,-0.328670,-0.324969,-0.197533
0.053962,-5.297960,0.768322,-0.012935,0.005413,-0.679686,0.733369,-0.343068,-0.052498,0.246767,0.140116,0.285047,-0.196655,0.315036,0.081838,-0.168107,0.870394,0.523600,0.261800,0.141726,0.045741,0.136939,0.825420,0.256762,-0.331469,-0.939002,0.358877,0.052716,0.351016,-0.021026,-0.230456,0.502467,-0.340402,-0.329263,-0.327280,-0.207388
0.054245,-5.317907,0.765289,-0.012412,0.001181,-0.673215,0.739342,-0.371421,-0.066026,0.231819,0.236100,0.236779,-0.099383,0.323742,0.034499,-0.231178,0.900622,0.519089,0.261800,0.118695,0.038362,0.140537,0.809564,0.257985,-0.330038,-0.946349,0.365339,0.051459,0.358838,-0.001532,-0.225837,0.499754,-0.331996,-0.330068,-0.329601,-0.216621
0.054552,-5.337743,0.760446,-0.008926,-0.005640,-0.670448,0.741882,-0.383108,-0.085648,0.234565,0.309059,0.182532,-0.016836,0.315503,-0.025218,-0.276567,0.973393,0.466368,0.257080,0.103681,0.022791,0.145074,0.796229,0.260110,-0.327182,-0.958009,0.367018,0.048901,0.366219,0.017853,-0.221918,0.497115,-0.324973,-0.330775,-0.331902,-0.224356
0.054619,-5.358310,0.754450,-0.007792,-0.013060,-0.668912,0.743186,-0.380451,-0.100034,0.241982,0.383107,0.095880,0.046467,0.311117,-0.082398,-0.311047,1.045175,0.412642,0.239218,0.090314,0.009618,0.152695,0.784659,0.262976,-0.323998,-0.973137,0.361503,0.044135,0.373467,0.037255,-0.218934,0.493950,-0.318930,-0.330860,-0.335130,-0.229579
0.054553,-5.379082,0.747626,-0.008210,-0.020626,-0.668341,0.743524,-0.370979,-0.109508,0.247699,0.465807,-0.019016,0.100778,0.309630,-0.141272,-0.342108,1.116435,0.356183,0.210692,0.078270,-0.001868,0.162083,0.773288,0.266508,-0.320683,-0.990483,0.350976,0.037866,0.380791,0.057101,-0.216972,0.490103,-0.313892,-0.330591,-0.338958,-0.233125
0.054935,-5.398813,0.741026,-0.009296,-0.027642,-0.668537,0.743106,-0.357676,-0.115756,0.249969,0.546266,-0.138358,0.144095,0.306191,-0.198901,-0.367428,1.185839,0.300106,0.178098,0.067917,-0.011503,0.172097,0.758901,0.270572,-0.317222,-1.006007,0.338917,0.031384,0.388457,0.077447,-0.215977,0.485274,-0.309275,-0.331386,-0.342168,-0.236654
0.055810,-5.417520,0.735110,-0.009672,-0.034143,-0.669061,0.742360,-0.342384,-0.123176,0.250906,0.611849,-0.236307,0.176141,0.295477,-0.252929,-0.382850,1.252516,0.247482,0.150417,0.058927,-0.020846,0.182098,0.738287,0.275000,-0.313586,-1.015661,0.328809,0.026015,0.396754,0.098238,-0.215784,0.479200,-0.304231,-0.334693,-0.343532,-0.241826
0.056606,-5.435801,0.729739,-0.008471,-0.040395,-0.669768,0.741423,-0.326096,-0.132949,0.254862,0.660328,-0.306532,0.195098,0.273891,-0.304852,-0.386208,1.318631,0.199648,0.129163,0.051207,-0.031067,0.191947,0.708818,0.279779,-0.310104,-1.017146,0.319833,0.021127,0.407261,0.119423,-0.216269,0.471360,-0.297619,-0.342138,-0.341876,-0.249915
0.057093,-5.453719,0.724879,-0.006241,-0.046549,-0.670767,0.740179,-0.307744,-0.142402,0.262319,0.698911,-0.362926,0.202478,0.243038,-0.355115,-0.378970,1.384207,0.154964,0.110814,0.044628,-0.041979,0.201932,0.672468,0.284875,-0.306881,-1.012687,0.310742,0.016313,0.419319,0.140982,-0.217416,0.461902,-0.289963,-0.352535,-0.338077,-0.259687
0.057240,-5.471370,0.720613,-0.004020,-0.052084,-0.672175,0.738548,-0.287462,-0.149566,0.270611,0.731197,-0.410604,0.203427,0.205695,-0.400616,-0.364830,1.444937,0.112293,0.093792,0.039017,-0.051845,0.211771,0.632979,0.289977,-0.303458,-1.005025,0.304338,0.013352,0.429908,0.162852,-0.219164,0.451705,-0.283069,-0.363124,-0.334031,-0.269100
0.057385,-5.489056,0.716985,-0.002906,-0.056453,-0.674136,0.736441,-0.265356,-0.152952,0.276712,0.760099,-0.454252,0.203042,0.165006,-0.438414,-0.347964,1.496680,0.070302,0.076498,0.034007,-0.058808,0.221221,0.594111,0.294610,-0.299182,-0.996874,0.303411,0.014100,0.435925,0.184699,-0.221417,0.441861,-0.278514,-0.371231,-0.331699,-0.276174
0.057562,-5.506429,0.713866,-0.003302,-0.059603,-0.677022,0.733538,-0.241210,-0.152093,0.281080,0.786217,-0.494333,0.201555,0.119914,-0.467370,-0.327376,1.539696,0.028453,0.058725,0.030099,-0.061981,0.230777,0.555359,0.298374,-0.293797,-0.987022,0.311024,0.021078,0.435851,0.206368,-0.224143,0.432493,-0.275752,-0.376494,-0.331874,-0.280354
0.057650,-5.523637,0.711406,-0.004615,-0.061774,-0.680657,0.729979,-0.215041,-0.148050,0.285762,0.807901,-0.528433,0.196720,0.068909,-0.488399,-0.302078,1.575939,-0.012435,0.041143,0.026960,-0.062296,0.240307,0.514745,0.301145,-0.287651,-0.973996,0.324996,0.032603,0.431209,0.227750,-0.227340,0.423229,-0.273885,-0.380297,-0.333446,-0.282736
0.057643,-5.540709,0.709760,-0.006495,-0.062846,-0.684410,0.726354,-0.187327,-0.141876,0.289789,0.824370,-0.556813,0.189879,0.015181,-0.502206,-0.276858,1.603875,-0.051676,0.023620,0.022994,-0.060556,0.248663,0.473937,0.302929,-0.280866,-0.960097,0.340289,0.044211,0.423578,0.248519,-0.230895,0.414534,-0.273748,-0.382594,-0.335574,-0.283874
0.057456,-5.557826,0.708896,-0.008579,-0.062710,-0.687657,0.723272,-0.158564,-0.134460,0.291976,0.834878,-0.579742,0.182336,-0.037766,-0.509916,-0.256629,1.621957,-0.088589,0.006080,0.016592,-0.057745,0.254742,0.434964,0.303824,-0.273349,-0.947958,0.351770,0.051499,0.414836,0.268226,-0.234626,0.407029,-0.275996,-0.383338,-0.337424,-0.284301
0.057206,-5.574952,0.708870,-0.010824,-0.061124,-0.690370,0.720788,-0.128735,-0.125575,0.292277,0.838583,-0.597625,0.174433,-0.090137,-0.512043,-0.243125,1.630205,-0.124929,-0.014226,0.007240,-0.054097,0.258069,0.398723,0.303721,-0.263848,-0.938677,0.358829,0.052895,0.403393,0.285935,-0.238462,0.401558,-0.280987,-0.382304,-0.338990,-0.283496
0.056956,-5.592156,0.709595,-0.013411,-0.058223,-0.692849,0.718603,-0.097684,-0.114844,0.291512,0.836085,-0.610181,0.165418,-0.142510,-0.507714,-0.234636,1.629205,-0.160325,-0.035963,-0.004269,-0.049181,0.259310,0.364043,0.302599,-0.252510,-0.930691,0.363917,0.050808,0.389012,0.301851,-0.242387,0.397840,-0.287845,-0.379628,-0.340639,-0.281389
0.056514,-5.609498,0.711063,-0.016281,-0.054510,-0.694939,0.716815,-0.065827,-0.102763,0.289578,0.828941,-0.616633,0.154971,-0.191762,-0.497317,-0.230909,1.618317,-0.190958,-0.053466,-0.017448,-0.043068,0.259203,0.330295,0.300865,-0.241465,-0.923139,0.366440,0.047070,0.375806,0.317451,-0.246176,0.394682,-0.295734,-0.375760,-0.342087,-0.279184
0.055982,-5.626965,0.713241,-0.019388,-0.050481,-0.696474,0.715541,-0.033520,-0.089985,0.286244,0.818605,-0.616153,0.142834,-0.234900,-0.482088,-0.231573,1.596957,-0.212988,-0.061565,-0.031626,-0.035931,0.258546,0.297067,0.299219,-0.233082,-0.915546,0.365803,0.043610,0.368006,0.334407,-0.249462,0.390652,-0.303951,-0.371169,-0.343092,-0.278051
0.055389,-5.644449,0.716132,-0.022846,-0.046164,-0.697222,0.715002,-0.000337,-0.076704,0.280417,0.804451,-0.608701,0.128436,-0.270912,-0.463032,-0.237889,1.564157,-0.225546,-0.058864,-0.047163,-0.027694,0.257716,0.264606,0.298227,-0.228010,-0.908815,0.361183,0.040817,0.368546,0.353180,-0.251920,0.385479,-0.312830,-0.365457,-0.343629,-0.278279
0.054707,-5.662325,0.719669,-0.026634,-0.041355,-0.697306,0.715084,0.033618,-0.062686,0.272451,0.786021,-0.594599,0.112176,-0.301215,-0.440517,-0.249596,1.520294,-0.230761,-0.048508,-0.063918,-0.018580,0.256440,0.233384,0.298013,-0.225256,-0.903405,0.353002,0.037803,0.374868,0.372998,-0.253396,0.379668,-0.322632,-0.358586,-0.343882,-0.279166
0.053920,-5.680402,0.723693,-0.030391,-0.036312,-0.697092,0.715416,0.067195,-0.048023,0.264138,0.765164,-0.573622,0.095343,-0.326843,-0.415006,-0.263728,1.466995,-0.229387,-0.032436,-0.080917,-0.009329,0.254476,0.203949,0.298474,-0.224239,-0.898627,0.342527,0.034539,0.382808,0.393204,-0.253665,0.373460,-0.332104,-0.351646,-0.343896,-0.280500
0.052956,-5.698665,0.728175,-0.033809,-0.031242,-0.696966,0.715625,0.099385,-0.032905,0.257219,0.743731,-0.545625,0.079233,-0.348777,-0.386757,-0.277305,1.405836,-0.222192,-0.012579,-0.095734,-0.000126,0.251571,0.175090,0.299620,-0.226256,-0.892587,0.331198,0.031240,0.388601,0.415007,-0.252828,0.365351,-0.341644,-0.345373,-0.343845,-0.281779
0.051970,-5.717116,0.733047,-0.036973,-0.026027,-0.696961,0.715682,0.130557,-0.017121,0.251391,0.721304,-0.510178,0.063573,-0.366977,-0.354528,-0.289436,1.335460,-0.209502,0.011841,-0.109038,0.009073,0.247664,0.147623,0.301327,-0.230455,-0.885943,0.318207,0.027893,0.391842,0.437489,-0.250471,0.356127,-0.350034,-0.340025,-0.343458,-0.283315
0.050823,-5.735814,0.738242,-0.039978,-0.020645,-0.696887,0.715768,0.161030,-0.001036,0.245605,0.697368,-0.467661,0.047995,-0.381029,-0.318964,-0.300866,1.255150,-0.191143,0.041123,-0.121423,0.018379,0.242894,0.121626,0.303535,-0.236929,-0.879152,0.303247,0.024441,0.394372,0.460587,-0.246556,0.345978,-0.357592,-0.335166,-0.342790,-0.285135
0.049606,-5.754753,0.743677,-0.042521,-0.015462,-0.696800,0.715837,0.189872,0.014300,0.240459,0.673546,-0.419058,0.033574,-0.391169,-0.282786,-0.311292,1.167252,-0.166960,0.072768,-0.132717,0.026952,0.237152,0.097608,0.306181,-0.245215,-0.872019,0.288165,0.020853,0.395132,0.483688,-0.241209,0.335367,-0.364355,-0.331072,-0.342251,-0.286788
0.048316,-5.773826,0.749226,-0.044320,-0.010800,-0.696771,0.715842,0.216107,0.027940,0.236623,0.651524,-0.365243,0.021302,-0.397698,-0.248325,-0.320581,1.074014,-0.136532,0.104570,-0.142843,0.033994,0.230319,0.076185,0.309171,-0.254663,-0.864511,0.274819,0.017123,0.393032,0.506147,-0.234727,0.324792,-0.370413,-0.328017,-0.342228,-0.287851
0.046913,-5.793096,0.754825,-0.045292,-0.006361,-0.696874,0.715734,0.239510,0.040975,0.235955,0.630752,-0.303974,0.010609,-0.399990,-0.214477,-0.328904,0.971846,-0.099073,0.137582,-0.151867,0.039941,0.221750,0.057813,0.312492,-0.264806,-0.856843,0.262954,0.012906,0.386570,0.528077,-0.227274,0.314279,-0.375704,-0.326746,-0.343041,-0.288541
0.045621,-5.812770,0.760337,-0.045571,-0.002142,-0.697053,0.715567,0.260642,0.053169,0.237144,0.610831,-0.235635,0.000964,-0.397605,-0.180278,-0.335361,0.859514,-0.054543,0.172541,-0.159909,0.044895,0.211732,0.042299,0.316175,-0.275878,-0.849272,0.251814,0.008408,0.376684,0.549787,-0.218936,0.303656,-0.380435,-0.326865,-0.344389,-0.289009
0.044546,-5.832586,0.765567,-0.045072,0.000985,-0.697196,0.715462,0.279631,0.061817,0.236418,0.593522,-0.164730,-0.006547,-0.391370,-0.148202,-0.338543,0.743219,-0.003488,0.206928,-0.166991,0.047608,0.201495,0.029174,0.320178,-0.288223,-0.841737,0.242487,0.004394,0.365946,0.571023,-0.209981,0.293035,-0.385228,-0.326921,-0.345724,-0.288758
0.043640,-5.852586,0.770449,-0.043754,0.002217,-0.697198,0.715538,0.296610,0.064434,0.230369,0.580407,-0.095528,-0.010643,-0.382476,-0.120983,-0.337414,0.629938,0.053198,0.238288,-0.173186,0.046917,0.192256,0.017945,0.324400,-0.302168,-0.834175,0.236131,0.001552,0.356938,0.591595,-0.200809,0.282491,-0.390859,-0.325422,-0.346490,-0.287302
0.042704,-5.872758,0.774885,-0.041880,0.001883,-0.697520,0.715338,0.310654,0.061954,0.218971,0.573239,-0.027170,-0.008732,-0.369673,-0.096909,-0.333265,0.515219,0.121674,0.261800,-0.177391,0.044016,0.183924,0.008718,0.328816,-0.318179,-0.826712,0.233688,0.000087,0.350821,0.612446,-0.191634,0.271767,-0.398429,-0.321696,-0.346316,-0.284092
0.041810,-5.893052,0.778724,-0.039082,-0.000233,-0.697865,0.715162,0.322535,0.054314,0.203932,0.569875,0.042936,-0.001925,-0.351680,-0.077402,-0.330640,0.396140,0.200825,0.261800,-0.180670,0.037800,0.176073,0.001666,0.333459,-0.335795,-0.819404,0.234387,-0.000438,0.346028,0.633642,-0.182466,0.260914,-0.407716,-0.316558,-0.345524,-0.279604
0.040982,-5.913475,0.781907,-0.035285,-0.004263,-0.697827,0.715384,0.333764,0.041396,0.186397,0.568260,0.111338,0.004730,-0.331173,-0.064435,-0.324609,0.281661,0.279731,0.261800,-0.183832,0.027507,0.169021,-0.003569,0.338299,-0.353907,-0.812259,0.236787,-0.000335,0.341038,0.653689,-0.173450,0.250431,-0.417513,-0.310760,-0.344579,-0.274881
0.040410,-5.933935,0.784364,-0.030967,-0.009422,-0.697428,0.715924,0.344529,0.025579,0.167595,0.568468,0.173277,0.004970,-0.311032,-0.057475,-0.317735,0.179937,0.348033,0.261800,-0.186667,0.014438,0.162959,-0.007264,0.343253,-0.371369,-0.805271,0.239433,0.000086,0.334333,0.671048,-0.164878,0.240792,-0.426543,-0.305033,-0.343973,-0.270965
0.039928,-5.954283,0.786227,-0.026465,-0.015229,-0.696887,0.716531,0.354066,0.007663,0.146695,0.571696,0.230318,-0.004985,-0.293450,-0.054646,-0.308490,0.094227,0.402439,0.261800,-0.188628,-0.000064,0.158030,-0.009377,0.348273,-0.387907,-0.798824,0.242445,0.000617,0.324760,0.685822,-0.157031,0.231839,-0.435028,-0.298315,-0.343893,-0.267845
0.039347,-5.974453,0.787624,-0.022102,-0.021165,-0.696378,0.717022,0.361378,-0.011226,0.123366,0.579437,0.283022,-0.022260,-0.308881,-0.063600,-0.295841,0.089689,0.412127,0.261800,-0.189468,-0.014460,0.154069,-0.009901,0.353286,-0.403999,-0.792684,0.246453,0.001402,0.313425,0.698403,-0.150077,0.223228,-0.443286,-0.290535,-0.344051,-0.265099
0.038692,-5.994244,0.788467,-0.018385,-0.026264,-0.695930,0.717393,0.366013,-0.028179,0.099682,0.592578,0.324519,-0.043162,-0.321175,-0.071051,-0.288364,0.086251,0.421125,0.261800,-0.189195,-0.026776,0.150732,-0.009119,0.358091,-0.419680,-0.785933,0.250753,0.002663,0.302205,0.707650,-0.144214,0.215065,-0.450071,-0.283913,-0.344284,-0.263119
0.037861,-6.013703,0.788531,-0.015580,-0.029871,-0.695528,0.717708,0.367810,-0.040859,0.078279,0.611239,0.348375,-0.063266,-0.329899,-0.076621,-0.292265,0.083619,0.431553,0.261800,-0.187988,-0.035847,0.147648,-0.007238,0.362446,-0.434956,-0.777642,0.254679,0.004652,0.292909,0.712531,-0.139672,0.207522,-0.454317,-0.280690,-0.344418,-0.262320
0.037055,-6.032758,0.787828,-0.013296,-0.031795,-0.695218,0.717972,0.366033,-0.051347,0.057183,0.635489,0.348483,-0.081931,-0.335149,-0.081024,-0.314702,0.081130,0.445552,0.261800,-0.186479,-0.041817,0.143931,-0.004064,0.365438,-0.449138,-0.767011,0.258925,0.007538,0.285346,0.712234,-0.137480,0.201271,-0.455607,-0.282092,-0.344322,-0.263621
0.036281,-6.051727,0.786552,-0.011677,-0.032395,-0.695013,0.718172,0.360926,-0.059789,0.036993,0.666000,0.329082,-0.100631,-0.335794,-0.083414,-0.351139,0.076898,0.462940,0.261800,-0.184296,-0.045155,0.140229,0.000318,0.367475,-0.462481,-0.754485,0.263575,0.011136,0.278689,0.707266,-0.136829,0.196001,-0.454189,-0.286895,-0.344146,-0.266448
0.035476,-6.070676,0.784832,-0.010866,-0.032311,-0.694938,0.718261,0.353598,-0.062812,0.024549,0.701978,0.300586,-0.117293,-0.333452,-0.084161,-0.388511,0.075257,0.478889,0.261800,-0.180387,-0.046411,0.137313,0.005324,0.369162,-0.475950,-0.740577,0.267266,0.015188,0.273528,0.699259,-0.137060,0.190655,-0.450976,-0.293115,-0.343994,-0.269484
0.034957,-6.089742,0.782702,-0.011606,-0.032005,-0.694838,0.718360,0.345744,-0.055481,0.025317,0.742440,0.273788,-0.130524,-0.326626,-0.081891,-0.414600,0.075232,0.490646,0.261800,-0.174709,-0.045045,0.136752,0.010622,0.370740,-0.489790,-0.725946,0.268610,0.019405,0.270231,0.690266,-0.138160,0.184594,-0.447587,-0.298723,-0.343853,-0.271531
0.034557,-6.108721,0.780168,-0.014835,-0.031198,-0.694752,0.718420,0.338882,-0.032742,0.043151,0.788098,0.251078,-0.141114,-0.315237,-0.074668,-0.426032,0.077493,0.503745,0.261800,-0.167923,-0.039280,0.139565,0.017144,0.372086,-0.502972,-0.710525,0.266667,0.024014,0.268818,0.679073,-0.140758,0.178201,-0.442540,-0.304368,-0.343658,-0.272489
0.034374,-6.127834,0.777109,-0.019966,-0.029959,-0.694598,0.718496,0.333058,0.002456,0.073259,0.838482,0.227451,-0.148865,-0.299911,-0.063339,-0.428813,0.082006,0.518226,0.261800,-0.161113,-0.030261,0.144764,0.025065,0.372478,-0.514329,-0.693706,0.262377,0.028935,0.268436,0.664685,-0.145007,0.172715,-0.435165,-0.311108,-0.343307,-0.273095
0.034268,-6.147038,0.773539,-0.026229,-0.028655,-0.694017,0.718910,0.327544,0.045266,0.107415,0.892216,0.201535,-0.151826,-0.280809,-0.049247,-0.426042,0.089164,0.521436,0.261800,-0.154597,-0.019487,0.151544,0.033431,0.372058,-0.524810,-0.676320,0.257049,0.033437,0.268799,0.648677,-0.150593,0.167654,-0.427502,-0.316992,-0.342985,-0.273396
0.033010,-6.165268,0.770541,-0.032893,-0.026995,-0.693354,0.719340,0.320017,0.091417,0.138636,0.948823,0.171111,-0.149383,-0.271684,-0.039664,-0.435132,0.130065,0.483856,0.226535,-0.147485,-0.007717,0.158524,0.042107,0.371348,-0.534582,-0.659967,0.251925,0.036759,0.269409,0.632506,-0.157341,0.163043,-0.421666,-0.320143,-0.342816,-0.273554
0.031632,-6.183840,0.766347,-0.040267,-0.024243,-0.693131,0.719278,0.310324,0.143789,0.168543,1.009843,0.133975,-0.140952,-0.270926,-0.033095,-0.455606,0.205398,0.390421,0.143735,-0.137984,0.006790,0.165027,0.050735,0.370955,-0.544341,-0.645203,0.245697,0.038560,0.270820,0.617458,-0.165074,0.158657,-0.419103,-0.318745,-0.343342,-0.272913
0.030738,-6.202816,0.760912,-0.047906,-0.021925,-0.692408,0.719580,0.301124,0.200498,0.198051,1.073116,0.092635,-0.126236,-0.270664,-0.026921,-0.466342,0.295542,0.260837,0.047370,-0.128517,0.021042,0.172247,0.059861,0.371106,-0.553831,-0.631782,0.238141,0.039311,0.273236,0.602448,-0.173707,0.154535,-0.418450,-0.314227,-0.344355,-0.271559
0.029650,-6.221260,0.755075,-0.055126,-0.020387,-0.691223,0.720248,0.290726,0.255465,0.222478,1.135782,0.049836,-0.108067,-0.268744,-0.018089,-0.465961,0.382907,0.126314,-0.040112,-0.119878,0.033179,0.180187,0.070965,0.371759,-0.561418,-0.620295,0.232145,0.039461,0.275450,0.585272,-0.183161,0.151427,-0.417598,-0.309676,-0.344813,-0.270848
0.028184,-6.239006,0.749535,-0.061859,-0.019100,-0.689812,0.721088,0.276110,0.304652,0.237480,1.195817,0.008140,-0.089819,-0.261501,-0.005179,-0.462463,0.450068,0.017079,-0.099642,-0.112432,0.043534,0.188738,0.085453,0.372628,-0.565503,-0.611174,0.230618,0.039460,0.276274,0.563450,-0.193485,0.150027,-0.414094,-0.308175,-0.343711,-0.272140
0.026727,-6.256259,0.744309,-0.068586,-0.017357,-0.688289,0.721979,0.254719,0.349043,0.241153,1.255080,-0.032969,-0.071858,-0.246543,0.010156,-0.463661,0.493733,-0.062800,-0.123191,-0.106203,0.053460,0.198012,0.103784,0.373426,-0.565430,-0.604327,0.234904,0.038904,0.274592,0.535088,-0.204945,0.151106,-0.406739,-0.310428,-0.340310,-0.276744
0.025712,-6.273134,0.739393,-0.075491,-0.015027,-0.686690,0.722864,0.226993,0.390627,0.235844,1.314370,-0.074534,-0.053238,-0.225902,0.025273,-0.468433,0.525121,-0.129980,-0.123389,-0.100854,0.063803,0.207786,0.125334,0.374044,-0.561945,-0.599563,0.243265,0.037681,0.271282,0.501570,-0.217623,0.154380,-0.396816,-0.314710,-0.335265,-0.283710
0.024681,-6.289741,0.735103,-0.081992,-0.012566,-0.685085,0.723725,0.194229,0.426694,0.223923,1.370224,-0.114626,-0.035137,-0.202791,0.037831,-0.474689,0.550831,-0.187968,-0.113294,-0.096188,0.073860,0.217505,0.149694,0.374360,-0.555730,-0.596905,0.254005,0.036686,0.268164,0.465393,-0.231083,0.158949,-0.385686,-0.320488,-0.329667,-0.290973
0.023700,-6.305754,0.731409,-0.087494,-0.010525,-0.683502,0.724609,0.158104,0.454695,0.208148,1.419291,-0.151393,-0.018514,-0.180627,0.047507,-0.479386,0.575830,-0.239873,-0.106295,-0.091798,0.082655,0.226671,0.176073,0.374260,-0.547803,-0.596055,0.265429,0.036880,0.267041,0.429187,-0.244666,0.163653,-0.374591,-0.327399,-0.324674,-0.296340
0.023025,-6.321550,0.728298,-0.092035,-0.009071,-0.681830,0.725642,0.117799,0.473170,0.187339,1.461898,-0.184373,-0.002336,-0.160245,0.055417,-0.483180,0.600715,-0.285013,-0.105532,-0.087783,0.089807,0.235745,0.204702,0.373549,-0.538271,-0.596795,0.279488,0.039246,0.268606,0.392089,-0.258012,0.168307,-0.362355,-0.337880,-0.320389,-0.298894
0.022741,-6.337094,0.725759,-0.095838,-0.007975,-0.680071,0.726811,0.072828,0.483076,0.161384,1.499628,-0.214292,0.013661,-0.139827,0.062228,-0.488072,0.622386,-0.321896,-0.104522,-0.083965,0.095612,0.244766,0.235331,0.372068,-0.527151,-0.598764,0.296270,0.043110,0.271785,0.353209,-0.271000,0.173425,-0.348592,-0.351408,-0.316321,-0.299733
0.022616,-6.352306,0.723860,-0.098604,-0.007225,-0.678404,0.728006,0.025843,0.486099,0.135065,1.530980,-0.241225,0.027540,-0.118957,0.067931,-0.492338,0.639485,-0.352546,-0.102341,-0.079399,0.100048,0.252632,0.266308,0.369809,-0.515493,-0.601340,0.311332,0.046957,0.275756,0.315278,-0.283301,0.178607,-0.335644,-0.363299,-0.312794,-0.299666
0.022367,-6.367607,0.722667,-0.100055,-0.006787,-0.677020,0.729100,-0.020585,0.484508,0.113034,1.554521,-0.265334,0.037376,-0.097232,0.072113,-0.494124,0.650835,-0.378984,-0.097929,-0.072963,0.103163,0.258242,0.295796,0.366886,-0.504481,-0.603830,0.320252,0.049222,0.279784,0.281158,-0.294459,0.183098,-0.326024,-0.368949,-0.310149,-0.299476
0.022249,-6.382735,0.722067,-0.099960,-0.006687,-0.676040,0.730022,-0.066443,0.478647,0.096663,1.569941,-0.287451,0.042895,-0.074325,0.074578,-0.492745,0.655140,-0.401671,-0.090636,-0.063728,0.104806,0.261020,0.323445,0.363370,-0.494619,-0.606167,0.320972,0.049424,0.284105,0.252108,-0.304108,0.185966,-0.320859,-0.365882,-0.308891,-0.299026
0.022423,-6.397682,0.722124,-0.098518,-0.006956,-0.675338,0.730866,-0.112338,0.467915,0.084224,1.577878,-0.307181,0.045184,-0.050431,0.075520,-0.489586,0.653202,-0.419452,-0.081087,-0.052227,0.104918,0.261631,0.349871,0.359283,-0.485555,-0.608428,0.316180,0.048398,0.289012,0.226512,-0.312223,0.187405,-0.318517,-0.357181,-0.308771,-0.297920
0.022864,-6.412646,0.722908,-0.096172,-0.007473,-0.674748,0.731717,-0.156958,0.453591,0.075392,1.578300,-0.322951,0.044387,-0.026091,0.074918,-0.485763,0.647212,-0.431879,-0.070141,-0.039624,0.103740,0.260888,0.374904,0.354762,-0.476970,-0.610264,0.308606,0.046517,0.293865,0.202887,-0.318990,0.188356,-0.317418,-0.346571,-0.308966,-0.296617
0.023468,-6.427555,0.724361,-0.093351,-0.008141,-0.674104,0.732669,-0.199075,0.436967,0.069607,1.571182,-0.333258,0.040649,-0.001817,0.072851,-0.482290,0.639367,-0.438576,-0.058708,-0.027153,0.101562,0.259647,0.398558,0.350013,-0.468415,-0.611555,0.300948,0.044183,0.298049,0.179814,-0.324717,0.189873,-0.316059,-0.337723,-0.308653,-0.295605
0.024104,-6.442349,0.726410,-0.089938,-0.009017,-0.673304,0.733820,-0.239060,0.417627,0.066679,1.555948,-0.337322,0.032918,0.022532,0.069152,-0.479553,0.629361,-0.439560,-0.046973,-0.015125,0.098188,0.258016,0.420796,0.345264,-0.459753,-0.612872,0.292598,0.041122,0.301362,0.157485,-0.329546,0.191904,-0.314804,-0.330810,-0.307423,-0.295092
0.024807,-6.457056,0.729074,-0.085801,-0.010127,-0.672451,0.735082,-0.277188,0.395563,0.066877,1.532594,-0.336194,0.021481,0.047113,0.064019,-0.476970,0.616278,-0.434986,-0.034542,-0.003003,0.093533,0.255753,0.442040,0.340613,-0.451034,-0.614516,0.282522,0.037238,0.304144,0.136490,-0.333537,0.194040,-0.314316,-0.324105,-0.305759,-0.294837
0.025539,-6.471705,0.732255,-0.081316,-0.011344,-0.671694,0.736265,-0.312208,0.372639,0.070005,1.501975,-0.331153,0.008478,0.071477,0.058107,-0.473975,0.601458,-0.424794,-0.021515,0.009190,0.088137,0.253162,0.463057,0.336004,-0.442002,-0.616151,0.272754,0.033226,0.306609,0.116083,-0.336854,0.196870,-0.313712,-0.318346,-0.304159,-0.294704
0.026294,-6.486285,0.735861,-0.076850,-0.012536,-0.671187,0.737187,-0.342998,0.350627,0.075765,1.465041,-0.323458,-0.003956,0.095143,0.052031,-0.469939,0.586329,-0.408986,-0.008010,0.021353,0.082551,0.250531,0.484560,0.331247,-0.432317,-0.617387,0.265334,0.029772,0.308980,0.095474,-0.339691,0.201080,-0.312082,-0.314238,-0.303109,-0.294583
0.027187,-6.500990,0.739836,-0.072332,-0.013744,-0.670972,0.737819,-0.369289,0.329616,0.084364,1.421043,-0.313844,-0.015873,0.118126,0.045950,-0.463929,0.570706,-0.387201,0.006706,0.033520,0.076674,0.248074,0.506670,0.326161,-0.421679,-0.617868,0.261637,0.026872,0.311589,0.074571,-0.342162,0.206714,-0.309592,-0.312231,-0.302784,-0.294465
0.028054,-6.515787,0.744144,-0.067647,-0.014982,-0.670966,0.738244,-0.391796,0.308941,0.095405,1.369698,-0.301641,-0.028200,0.140612,0.039664,-0.456249,0.554064,-0.359723,0.022416,0.045635,0.070363,0.245649,0.528975,0.320666,-0.410232,-0.617830,0.260322,0.024224,0.314216,0.053832,-0.344254,0.213498,-0.306710,-0.311786,-0.302886,-0.294458
0.029004,-6.530760,0.748758,-0.063005,-0.016158,-0.671134,0.738477,-0.410819,0.289069,0.107728,1.312678,-0.285992,-0.040139,0.162443,0.033261,-0.448129,0.537239,-0.327480,0.037647,0.057467,0.064108,0.242936,0.551333,0.314696,-0.398330,-0.617752,0.259344,0.022053,0.316247,0.033340,-0.345901,0.221606,-0.303093,-0.312117,-0.303190,-0.294613
0.030044,-6.545873,0.753637,-0.058638,-0.017163,-0.671432,0.738543,-0.426632,0.270327,0.120271,1.251607,-0.265998,-0.050930,0.183404,0.026788,-0.440899,0.521140,-0.291305,0.050949,0.068744,0.058343,0.239582,0.573612,0.308208,-0.386319,-0.618021,0.256678,0.020573,0.317052,0.013130,-0.347045,0.231248,-0.298331,-0.312474,-0.303468,-0.294960
0.031241,-6.561178,0.758672,-0.054569,-0.018104,-0.671891,0.738415,-0.438656,0.252512,0.133090,1.185609,-0.241717,-0.059950,0.204047,0.020091,-0.434760,0.505173,-0.250207,0.063077,0.079506,0.052883,0.235701,0.596096,0.301123,-0.373655,-0.618935,0.251753,0.020070,0.315320,-0.007107,-0.347759,0.242857,-0.291968,-0.312463,-0.303773,-0.295933
0.032459,-6.576582,0.763757,-0.050704,-0.018977,-0.672508,0.738107,-0.446997,0.235391,0.146398,1.114225,-0.213578,-0.067778,0.224188,0.013272,-0.428874,0.489339,-0.204238,0.074582,0.089775,0.047611,0.231416,0.618662,0.293380,-0.360313,-0.620164,0.245672,0.020365,0.311748,-0.027224,-0.348029,0.256204,-0.284444,-0.312535,-0.304175,-0.297393
0.033721,-6.592111,0.768816,-0.047085,-0.019519,-0.673188,0.737712,-0.452997,0.219154,0.159407,1.039695,-0.181166,-0.075496,0.242542,0.006682,-0.423262,0.475473,-0.155665,0.083717,0.099283,0.043039,0.226336,0.640561,0.285052,-0.347484,-0.621188,0.238954,0.020967,0.308706,-0.046454,-0.347624,0.270423,-0.276585,-0.313251,-0.304496,-0.298454
0.035016,-6.607831,0.773803,-0.043759,-0.019465,-0.673851,0.737314,-0.457961,0.203966,0.171371,0.964117,-0.144018,-0.084232,0.257853,0.000558,-0.418110,0.465386,-0.106618,0.088729,0.107859,0.039599,0.220066,0.661067,0.276363,-0.336362,-0.621578,0.232105,0.021355,0.308575,-0.064064,-0.346203,0.284539,-0.269120,-0.315199,-0.304573,-0.298194
0.036357,-6.623665,0.778560,-0.040484,-0.018581,-0.674502,0.736928,-0.462546,0.189764,0.182116,0.886307,-0.099978,-0.093074,0.269184,-0.005557,-0.414754,0.459487,-0.055950,0.088392,0.115471,0.037115,0.211838,0.680270,0.267469,-0.327349,-0.621083,0.225373,0.021336,0.313463,-0.079996,-0.343458,0.298163,-0.262022,-0.319379,-0.304132,-0.295905
0.037700,-6.639734,0.783121,-0.037312,-0.017063,-0.675181,0.736510,-0.465957,0.176313,0.191865,0.805536,-0.049838,-0.101918,0.277400,-0.011829,-0.412959,0.456891,-0.002890,0.084055,0.122281,0.035271,0.202020,0.698569,0.258495,-0.319710,-0.620119,0.218441,0.021170,0.321644,-0.094681,-0.339371,0.311726,-0.254738,-0.325304,-0.303388,-0.292132
0.039124,-6.655877,0.787371,-0.034689,-0.015325,-0.675865,0.736049,-0.467210,0.163584,0.200444,0.724136,0.002525,-0.113032,0.283917,-0.017602,-0.410652,0.457540,0.050024,0.077717,0.128412,0.034289,0.191938,0.715873,0.249717,-0.312886,-0.619306,0.210946,0.021012,0.329781,-0.108079,-0.334129,0.325510,-0.247515,-0.331329,-0.302900,-0.287872
0.040679,-6.672107,0.791220,-0.033096,-0.013759,-0.676544,0.735529,-0.465306,0.151690,0.207576,0.644329,0.053313,-0.128652,0.290226,-0.022008,-0.405652,0.461062,0.100304,0.071261,0.134081,0.034458,0.182959,0.732110,0.241498,-0.306371,-0.619340,0.202487,0.021071,0.334563,-0.120040,-0.328054,0.339713,-0.240699,-0.335734,-0.303194,-0.284150
0.042091,-6.688559,0.794630,-0.032716,-0.012373,-0.677246,0.734925,-0.459185,0.140705,0.213312,0.564336,0.102265,-0.150739,0.296611,-0.024463,-0.397011,0.466707,0.149398,0.063714,0.139599,0.036095,0.175216,0.747650,0.234185,-0.299966,-0.620998,0.191453,0.021667,0.334203,-0.130152,-0.321379,0.354551,-0.234956,-0.337729,-0.304436,-0.281301
0.043504,-6.705223,0.797482,-0.033363,-0.010957,-0.678023,0.734201,-0.449233,0.130932,0.217315,0.482679,0.151493,-0.177669,0.302579,-0.025254,-0.386149,0.474281,0.198425,0.054359,0.145064,0.039203,0.168151,0.762605,0.227878,-0.293996,-0.624043,0.178440,0.022697,0.330865,-0.138316,-0.314149,0.369656,-0.230293,-0.338229,-0.306304,-0.278801
0.044835,-6.722013,0.799788,-0.034992,-0.009577,-0.678904,0.733330,-0.436761,0.122958,0.218896,0.402613,0.200532,-0.206326,0.308613,-0.024538,-0.374230,0.483902,0.244400,0.045375,0.150350,0.043691,0.162082,0.776577,0.222519,-0.288756,-0.627763,0.166407,0.023705,0.327144,-0.144796,-0.306409,0.384396,-0.226152,-0.338119,-0.308571,-0.276381
0.046105,-6.738928,0.801486,-0.037518,-0.008301,-0.679892,0.732305,-0.423467,0.117255,0.217636,0.328346,0.248581,-0.233669,0.315102,-0.022563,-0.362279,0.495887,0.284054,0.038980,0.155230,0.049394,0.157301,0.789034,0.217943,-0.284524,-0.631218,0.158328,0.024137,0.325597,-0.149997,-0.298216,0.398189,-0.221879,-0.338294,-0.311020,-0.273768
0.047320,-6.755869,0.802554,-0.041005,-0.007319,-0.680800,0.731284,-0.408821,0.112842,0.212524,0.259258,0.296965,-0.261074,0.321843,-0.019691,-0.350237,0.511882,0.316845,0.034973,0.159149,0.056308,0.154144,0.800016,0.214064,-0.281375,-0.634457,0.155671,0.024250,0.326814,-0.153970,-0.289572,0.411198,-0.217798,-0.338493,-0.313641,-0.270500
0.048930,-6.772640,0.802972,-0.044944,-0.006937,-0.681336,0.730557,-0.390166,0.108026,0.214078,0.189210,0.347890,-0.261800,0.327786,-0.017833,-0.338034,0.533640,0.343071,0.032997,0.161494,0.063498,0.152446,0.809859,0.210880,-0.279173,-0.637895,0.156673,0.024184,0.329440,-0.156706,-0.280546,0.423698,-0.213997,-0.338381,-0.316525,-0.266806
0.050510,-6.789338,0.802792,-0.049413,-0.006547,-0.682001,0.729651,-0.371180,0.105458,0.215474,0.125153,0.396773,-0.261800,0.333860,-0.015305,-0.325826,0.557042,0.362971,0.033424,0.163520,0.071473,0.151436,0.818023,0.208317,-0.277801,-0.640798,0.159444,0.023157,0.333085,-0.158351,-0.271269,0.435255,-0.209433,-0.338786,-0.319618,-0.263581
0.052132,-6.805694,0.801840,-0.053333,-0.006296,-0.682771,0.728656,-0.364757,0.106607,0.217825,0.092868,0.429201,-0.261800,0.339183,-0.013950,-0.314597,0.581623,0.374813,0.037985,0.165162,0.078257,0.150365,0.823886,0.206270,-0.277160,-0.642371,0.162117,0.020386,0.337364,-0.159065,-0.261939,0.445420,-0.203120,-0.340527,-0.322878,-0.261719
0.053594,-6.821840,0.800394,-0.056004,-0.006210,-0.683563,0.727714,-0.370923,0.110118,0.221783,0.089920,0.447734,-0.261800,0.342387,-0.013884,-0.303069,0.608363,0.376450,0.048941,0.166325,0.082625,0.148810,0.826572,0.204662,-0.277335,-0.641762,0.164906,0.015349,0.342301,-0.158912,-0.252648,0.453954,-0.194898,-0.344247,-0.326588,-0.261074
0.054866,-6.837955,0.798461,-0.057762,-0.006371,-0.684276,0.726903,-0.376085,0.112726,0.227804,0.087913,0.467554,-0.261800,0.343499,-0.015196,-0.291750,0.638641,0.368447,0.064920,0.166697,0.085071,0.147140,0.826354,0.203490,-0.278296,-0.639341,0.168614,0.008571,0.348054,-0.157777,-0.243431,0.461170,-0.185340,-0.349368,-0.330682,-0.261368
0.056138,-6.854092,0.795990,-0.059231,-0.006913,-0.684913,0.726180,-0.378555,0.114596,0.236106,0.086443,0.486565,-0.261800,0.343761,-0.019441,-0.284154,0.672428,0.353390,0.082131,0.166061,0.086483,0.145861,0.824351,0.202757,-0.279820,-0.636130,0.172247,0.000810,0.354435,-0.155373,-0.234369,0.467386,-0.174699,-0.354859,-0.334575,-0.263330
0.057454,-6.870222,0.792905,-0.061046,-0.007978,-0.685502,0.725463,-0.376661,0.116081,0.246967,0.085271,0.502541,-0.261800,0.344789,-0.028090,-0.283431,0.708912,0.334442,0.096835,0.164270,0.087817,0.145479,0.821719,0.202471,-0.281689,-0.633172,0.174801,-0.007183,0.361229,-0.151394,-0.225590,0.472943,-0.163282,-0.359667,-0.337644,-0.267651
0.059014,-6.886287,0.788971,-0.063928,-0.009540,-0.685937,0.724785,-0.368174,0.118648,0.268847,0.083016,0.518891,-0.261800,0.348476,-0.041267,-0.291619,0.747957,0.311937,0.108969,0.161018,0.090491,0.146595,0.819173,0.202625,-0.284081,-0.630639,0.176312,-0.016250,0.369005,-0.145399,-0.217165,0.477964,-0.150963,-0.363585,-0.339570,-0.274768
0.060753,-6.902393,0.784304,-0.067594,-0.011464,-0.686323,0.724058,-0.362393,0.124779,0.297887,0.098298,0.523600,-0.261800,0.354258,-0.058037,-0.306237,0.789380,0.284796,0.119987,0.156694,0.094045,0.148917,0.816048,0.203210,-0.287089,-0.628057,0.177264,-0.026449,0.377657,-0.137611,-0.209150,0.482296,-0.137751,-0.367129,-0.340703,-0.284211
0.062307,-6.918595,0.779125,-0.070520,-0.013866,-0.686762,0.723321,-0.354022,0.128368,0.318714,0.112425,0.523600,-0.261800,0.358935,-0.079806,-0.324504,0.833449,0.253126,0.128281,0.151615,0.095493,0.151184,0.811149,0.204244,-0.290328,-0.625357,0.177239,-0.035884,0.385930,-0.128627,-0.201628,0.485828,-0.124226,-0.370332,-0.341475,-0.295393
0.063439,-6.935056,0.773675,-0.071197,-0.017078,-0.687433,0.722548,-0.338393,0.122133,0.315836,0.108349,0.523600,-0.261800,0.359593,-0.108185,-0.343222,0.880301,0.217024,0.132555,0.146343,0.091693,0.152401,0.803306,0.205762,-0.293396,-0.622503,0.175755,-0.042671,0.392563,-0.119084,-0.194670,0.488467,-0.110933,-0.373210,-0.342335,-0.307740
0.063939,-6.951703,0.768090,-0.069935,-0.021184,-0.688958,0.721108,-0.326094,0.108606,0.269382,0.107978,0.511726,-0.261800,0.357516,-0.143673,-0.362186,0.929091,0.176036,0.132137,0.142532,0.082814,0.152717,0.792624,0.207783,-0.296315,-0.620304,0.172007,-0.045638,0.396928,-0.108565,-0.188319,0.490523,-0.098870,-0.375148,-0.343282,-0.321001
0.064954,-6.967075,0.762815,-0.067075,-0.025775,-0.690124,0.720115,-0.365143,0.099434,0.210339,0.214742,0.436057,-0.206394,0.353324,-0.185743,-0.383673,0.981551,0.129147,0.129447,0.136948,0.070687,0.151878,0.780916,0.210266,-0.299602,-0.619790,0.166500,-0.045968,0.399823,-0.096906,-0.182796,0.492050,-0.087537,-0.376201,-0.344056,-0.335273
0.066893,-6.981723,0.756983,-0.062828,-0.031368,-0.690339,0.720070,-0.396983,0.079753,0.178852,0.306822,0.365221,-0.087356,0.346996,-0.232750,-0.403897,1.037893,0.077644,0.126091,0.128143,0.055801,0.151297,0.768457,0.213171,-0.303361,-0.620229,0.160639,-0.045349,0.402083,-0.084887,-0.178382,0.492487,-0.075522,-0.377422,-0.344747,-0.350737
0.068297,-6.997952,0.749564,-0.060252,-0.036240,-0.691072,0.719358,-0.418842,0.062290,0.162479,0.389112,0.289212,0.004219,0.338367,-0.274126,-0.417286,1.093526,0.025422,0.118629,0.120049,0.044935,0.152160,0.753958,0.216519,-0.307318,-0.619512,0.155729,-0.045542,0.404509,-0.073265,-0.175107,0.491154,-0.061415,-0.379985,-0.345507,-0.367892
0.069577,-7.013987,0.741625,-0.058627,-0.040576,-0.692430,0.717954,-0.427709,0.051934,0.168697,0.464094,0.188772,0.062742,0.325284,-0.311837,-0.422936,1.151609,-0.030001,0.106621,0.112345,0.036669,0.153565,0.738163,0.220210,-0.311813,-0.619350,0.150168,-0.046961,0.407446,-0.062547,-0.173213,0.488610,-0.046019,-0.383678,-0.346538,-0.387081
0.071007,-7.029065,0.733602,-0.056922,-0.044853,-0.694055,0.716265,-0.429861,0.046233,0.185614,0.540340,0.063216,0.103644,0.307442,-0.348680,-0.422555,1.212452,-0.089234,0.091342,0.104367,0.028544,0.155109,0.720627,0.224197,-0.316743,-0.619480,0.143873,-0.048726,0.410392,-0.051918,-0.172730,0.484913,-0.030103,-0.388041,-0.347686,-0.408145
0.072662,-7.042820,0.726099,-0.054786,-0.049532,-0.695187,0.715025,-0.428730,0.041453,0.203148,0.612884,-0.061388,0.130177,0.285227,-0.382928,-0.416744,1.271822,-0.148019,0.075131,0.095612,0.019386,0.158210,0.698750,0.228667,-0.321323,-0.615223,0.140423,-0.050612,0.412938,-0.040371,-0.173071,0.478547,-0.011847,-0.393930,-0.348486,-0.430678
0.074804,-7.054734,0.719694,-0.052147,-0.054927,-0.695159,0.714855,-0.427923,0.032609,0.213518,0.675746,-0.156488,0.148026,0.259296,-0.412516,-0.406556,1.325408,-0.201917,0.059858,0.085858,0.008496,0.164224,0.670113,0.233981,-0.324901,-0.601906,0.143351,-0.052358,0.414749,-0.027108,-0.173219,0.467948,0.011027,-0.402258,-0.348446,-0.454196
0.076619,-7.065782,0.714258,-0.048372,-0.061803,-0.693324,0.716340,-0.428895,0.015973,0.218410,0.726954,-0.210097,0.157404,0.228746,-0.438084,-0.391222,1.373871,-0.250472,0.045002,0.074353,-0.006431,0.174182,0.630994,0.240904,-0.328071,-0.575493,0.154771,-0.054503,0.416711,-0.012197,-0.172097,0.452029,0.040706,-0.416604,-0.347454,-0.482070
0.077288,-7.076553,0.710222,-0.043730,-0.069732,-0.690167,0.718954,-0.429643,-0.003690,0.223555,0.771027,-0.238958,0.157778,0.193213,-0.459823,-0.370737,1.418960,-0.295548,0.029674,0.061957,-0.024740,0.186610,0.583721,0.249590,-0.331651,-0.539493,0.172139,-0.056904,0.419003,0.003615,-0.169281,0.431487,0.076418,-0.435512,-0.345467,-0.513186
0.076865,-7.087423,0.707540,-0.039643,-0.077208,-0.686829,0.721618,-0.428774,-0.020632,0.227858,0.810192,-0.256697,0.154432,0.154701,-0.475060,-0.347939,1.457906,-0.336130,0.014949,0.050497,-0.042101,0.199493,0.535131,0.259088,-0.334904,-0.500473,0.192111,-0.058336,0.419960,0.019910,-0.164896,0.407857,0.116049,-0.452264,-0.342483,-0.540312
0.076337,-7.098113,0.705757,-0.037559,-0.082737,-0.684525,0.723305,-0.424962,-0.029996,0.229953,0.845628,-0.276589,0.151649,0.115557,-0.481496,-0.326023,1.487969,-0.371327,0.001900,0.041043,-0.053803,0.211256,0.492184,0.267843,-0.336191,-0.464746,0.211665,-0.057699,0.417485,0.036025,-0.159468,0.383185,0.157517,-0.460209,-0.339021,-0.556377
0.075839,-7.108256,0.704644,-0.038545,-0.085803,-0.683560,0.723808,-0.417123,-0.030082,0.229231,0.876864,-0.300655,0.148811,0.076702,-0.476551,-0.306418,1.508599,-0.401069,-0.010413,0.032854,-0.056857,0.222501,0.456360,0.274564,-0.333850,-0.431822,0.234247,-0.054201,0.408698,0.052775,-0.153123,0.356610,0.201098,-0.455993,-0.334862,-0.556446
0.075769,-7.117756,0.704151,-0.041657,-0.087247,-0.683349,0.723662,-0.406009,-0.024587,0.227296,0.902588,-0.321793,0.143877,0.037642,-0.462148,-0.288499,1.521234,-0.425699,-0.022291,0.024792,-0.053813,0.233845,0.423439,0.278981,-0.328670,-0.397691,0.260593,-0.048966,0.394794,0.069558,-0.145814,0.328145,0.247974,-0.443815,-0.329969,-0.545456
0.075888,-7.126895,0.704358,-0.045305,-0.087613,-0.683780,0.722991,-0.393241,-0.016892,0.225768,0.922470,-0.339520,0.138609,-0.001349,-0.443077,-0.272328,1.526036,-0.444988,-0.031696,0.017320,-0.048270,0.244016,0.392046,0.281341,-0.322195,-0.363677,0.283688,-0.043606,0.379901,0.083995,-0.138302,0.301086,0.297067,-0.428447,-0.325278,-0.531308
0.076068,-7.135415,0.705191,-0.047865,-0.087480,-0.684736,0.721937,-0.380717,-0.009976,0.225851,0.936532,-0.353413,0.134836,-0.040413,-0.424298,-0.257468,1.523248,-0.458756,-0.036629,0.011094,-0.043867,0.251872,0.361173,0.282212,-0.315824,-0.331801,0.296322,-0.039324,0.368428,0.094501,-0.132073,0.278702,0.346584,-0.414392,-0.321906,-0.521868
0.076298,-7.143632,0.706775,-0.048889,-0.086811,-0.686536,0.720237,-0.369268,-0.003747,0.228483,0.944739,-0.362812,0.133474,-0.081128,-0.406714,-0.243041,1.512614,-0.465563,-0.035805,0.007123,-0.040933,0.257155,0.331058,0.281881,-0.309323,-0.304204,0.294192,-0.035781,0.360962,0.101316,-0.128728,0.261682,0.394937,-0.400839,-0.320857,-0.519382
0.076584,-7.151593,0.709085,-0.049259,-0.085366,-0.689111,0.717922,-0.357849,0.003163,0.232721,0.947230,-0.368140,0.133390,-0.122547,-0.387922,-0.229710,1.493907,-0.465968,-0.030566,0.004796,-0.037414,0.260852,0.302521,0.280375,-0.301830,-0.280221,0.281727,-0.032307,0.355592,0.106435,-0.128719,0.248443,0.441766,-0.385400,-0.321281,-0.519609
0.076626,-7.159126,0.712052,-0.049336,-0.083420,-0.691783,0.715572,-0.345485,0.009902,0.236724,0.944118,-0.370694,0.133309,-0.161312,-0.368038,-0.218814,1.467270,-0.462798,-0.022896,0.002645,-0.033320,0.263580,0.275265,0.277743,-0.293995,-0.257321,0.264857,-0.029525,0.353097,0.110834,-0.131471,0.238552,0.487581,-0.370308,-0.321748,-0.520602
0.076382,-7.166161,0.715378,-0.049469,-0.081244,-0.693891,0.713770,-0.331195,0.015595,0.238695,0.935446,-0.371745,0.131960,-0.194199,-0.347410,-0.211528,1.432848,-0.458981,-0.014785,-0.000869,-0.029027,0.265912,0.249463,0.274430,-0.286368,-0.233442,0.249405,-0.028136,0.354196,0.115039,-0.135842,0.231710,0.533374,-0.358023,-0.320764,-0.520497
0.076204,-7.173494,0.719398,-0.049708,-0.078648,-0.695248,0.712723,-0.314507,0.019919,0.237708,0.919682,-0.371811,0.128819,-0.220952,-0.326291,-0.208279,1.389344,-0.456101,-0.006953,-0.006008,-0.024808,0.267610,0.225003,0.270772,-0.279232,-0.208439,0.235172,-0.029170,0.360703,0.118263,-0.141189,0.228572,0.580686,-0.350698,-0.317815,-0.519935
0.075733,-7.180682,0.723820,-0.049852,-0.075598,-0.696208,0.712106,-0.296017,0.023323,0.234942,0.897284,-0.370150,0.124604,-0.243071,-0.304822,-0.207976,1.336939,-0.452519,0.001706,-0.011910,-0.020781,0.268461,0.202198,0.266927,-0.272136,-0.183643,0.219602,-0.032102,0.371705,0.120004,-0.147508,0.228915,0.629315,-0.346843,-0.313741,-0.519587
0.075154,-7.187874,0.728630,-0.049934,-0.072542,-0.696919,0.711722,-0.276433,0.026129,0.231716,0.871426,-0.366038,0.119941,-0.260311,-0.283336,-0.209339,1.278278,-0.446268,0.011885,-0.018251,-0.017039,0.269036,0.181521,0.262961,-0.264867,-0.158886,0.204967,-0.035201,0.383853,0.121256,-0.154366,0.230864,0.677661,-0.343542,-0.309069,-0.517535
0.074375,-7.194870,0.733684,-0.049985,-0.069933,-0.697542,0.711370,-0.256508,0.028655,0.229314,0.845371,-0.358803,0.115447,-0.272536,-0.262158,-0.211040,1.215996,-0.435375,0.024213,-0.024606,-0.013706,0.269834,0.163197,0.258922,-0.257326,-0.133711,0.193533,-0.036585,0.393861,0.122986,-0.161096,0.232435,0.724316,-0.338051,-0.304335,-0.511886
0.073489,-7.201902,0.738988,-0.050121,-0.067899,-0.698189,0.710922,-0.235506,0.030886,0.227907,0.818439,-0.348038,0.111550,-0.279455,-0.241073,-0.211901,1.149491,-0.420229,0.038746,-0.030897,-0.011087,0.271331,0.147989,0.254760,-0.248755,-0.108255,0.186466,-0.035739,0.401185,0.124543,-0.167178,0.233884,0.770200,-0.329932,-0.299186,-0.500412
0.072668,-7.208786,0.744260,-0.050273,-0.066206,-0.698759,0.710510,-0.213381,0.032626,0.226841,0.789504,-0.334243,0.107829,-0.281391,-0.220302,-0.212348,1.077720,-0.401761,0.054948,-0.037237,-0.009227,0.273040,0.135358,0.250538,-0.239524,-0.082462,0.182407,-0.033565,0.407506,0.125428,-0.172579,0.235906,0.816159,-0.320871,-0.293413,-0.484813
0.071923,-7.215923,0.749705,-0.050212,-0.064730,-0.699099,0.710317,-0.191878,0.033901,0.226120,0.760935,-0.317947,0.103660,-0.279329,-0.200740,-0.213416,1.002605,-0.378811,0.072525,-0.043403,-0.007774,0.274013,0.123625,0.246549,-0.231342,-0.055673,0.179734,-0.030221,0.412958,0.127032,-0.177397,0.237106,0.860491,-0.311237,-0.287814,-0.469036
0.070856,-7.223101,0.755078,-0.049733,-0.063323,-0.699056,0.710519,-0.172728,0.034784,0.225703,0.735117,-0.299725,0.098466,-0.274376,-0.183155,-0.216144,0.926004,-0.350197,0.091285,-0.049040,-0.006322,0.273345,0.111220,0.243211,-0.226086,-0.027373,0.176752,-0.025879,0.417745,0.130870,-0.181752,0.235935,0.901336,-0.301331,-0.283291,-0.456934
0.069932,-7.230300,0.760336,-0.048775,-0.061947,-0.698533,0.711221,-0.156142,0.035328,0.225656,0.712065,-0.278580,0.092339,-0.266068,-0.167850,-0.220868,0.846840,-0.315663,0.112609,-0.054038,-0.004575,0.270640,0.098100,0.240801,-0.224513,0.002640,0.172599,-0.019824,0.422113,0.137696,-0.185591,0.231779,0.938533,-0.291709,-0.280702,-0.449739
0.068876,-7.237601,0.765349,-0.047451,-0.060666,-0.697632,0.712305,-0.141258,0.035446,0.225837,0.690656,-0.254612,0.085529,-0.254324,-0.154466,-0.226373,0.764326,-0.275929,0.136026,-0.058402,-0.002868,0.266485,0.085173,0.239334,-0.225756,0.033777,0.168114,-0.012190,0.426019,0.146700,-0.188775,0.225373,0.972902,-0.282004,-0.279459,-0.445228
0.067699,-7.244708,0.770203,-0.045751,-0.059557,-0.696504,0.713612,-0.128205,0.035081,0.225909,0.671561,-0.230055,0.077684,-0.240926,-0.142694,-0.231540,0.680950,-0.231165,0.158753,-0.062076,-0.001731,0.261450,0.072399,0.238825,-0.229101,0.065304,0.164164,-0.004432,0.429207,0.156932,-0.191230,0.217359,1.004142,-0.271063,-0.278326,-0.442107
0.066443,-7.251845,0.774585,-0.043709,-0.058646,-0.695306,0.714982,-0.117040,0.034159,0.225536,0.655244,-0.206958,0.068456,-0.227682,-0.132141,-0.235384,0.599332,-0.181321,0.178172,-0.064807,-0.001472,0.256142,0.059526,0.239171,-0.234110,0.096610,0.161619,0.001997,0.431450,0.167791,-0.193224,0.208068,1.031527,-0.257726,-0.276061,-0.439014
0.065263,-7.258817,0.778705,-0.041136,-0.057984,-0.694043,0.716414,-0.108322,0.032512,0.224938,0.642054,-0.184898,0.056879,-0.214294,-0.123115,-0.238377,0.517786,-0.123932,0.195728,-0.066549,-0.002329,0.250507,0.046105,0.240462,-0.241120,0.128185,0.160729,0.006698,0.432820,0.179243,-0.194606,0.196754,1.054358,-0.241399,-0.271855,-0.436287
0.063977,-7.265748,0.782348,-0.038070,-0.057547,-0.692644,0.717972,-0.101721,0.030109,0.224134,0.631376,-0.163006,0.043336,-0.200210,-0.115940,-0.240439,0.435832,-0.059872,0.212442,-0.067363,-0.004093,0.244299,0.032364,0.242693,-0.250328,0.160148,0.160994,0.010471,0.433410,0.191580,-0.195309,0.183447,1.073216,-0.222821,-0.266555,-0.434469
0.062423,-7.272706,0.785479,-0.034900,-0.057227,-0.691151,0.719595,-0.096222,0.027362,0.222623,0.622849,-0.143001,0.029568,-0.187061,-0.110290,-0.240533,0.358912,0.005660,0.225129,-0.067626,-0.006537,0.237819,0.019492,0.245668,-0.260452,0.191015,0.162298,0.013636,0.432832,0.204000,-0.195521,0.170264,1.089880,-0.202814,-0.261331,-0.432705
0.061077,-7.279608,0.788150,-0.032069,-0.056851,-0.689629,0.721215,-0.090985,0.025059,0.219952,0.616502,-0.126758,0.017367,-0.176772,-0.105525,-0.238325,0.293151,0.067449,0.230492,-0.067861,-0.009126,0.231363,0.008758,0.249066,-0.270014,0.219269,0.164568,0.016490,0.430648,0.215731,-0.195637,0.159490,1.105991,-0.182098,-0.257302,-0.430060
0.059586,-7.286436,0.790329,-0.029665,-0.056215,-0.688116,0.722811,-0.086382,0.023604,0.215894,0.612863,-0.114771,0.007304,-0.171008,-0.100737,-0.232949,0.240629,0.126152,0.227004,-0.068243,-0.011444,0.224795,0.000644,0.252669,-0.278389,0.244294,0.168822,0.019089,0.425804,0.226577,-0.196104,0.152379,1.121978,-0.158615,-0.255347,-0.426268
0.058084,-7.293436,0.792085,-0.027710,-0.055144,-0.686641,0.724373,-0.083173,0.023613,0.210695,0.612648,-0.106463,-0.001702,-0.169229,-0.095695,-0.226173,0.199459,0.183720,0.216689,-0.068638,-0.012849,0.218011,-0.005482,0.256388,-0.286164,0.266923,0.174843,0.021213,0.418784,0.236869,-0.197087,0.147708,1.136892,-0.132537,-0.254617,-0.421697
0.056623,-7.300459,0.793461,-0.026583,-0.053476,-0.685257,0.725849,-0.080760,0.026135,0.204548,0.615448,-0.101574,-0.010344,-0.170154,-0.090356,-0.221865,0.170012,0.236988,0.201456,-0.068984,-0.012390,0.211344,-0.010138,0.260062,-0.293788,0.287925,0.180738,0.022777,0.411463,0.246687,-0.198512,0.143910,1.150331,-0.107988,-0.253689,-0.416408
0.055034,-7.307483,0.794430,-0.026540,-0.051213,-0.683980,0.727217,-0.078351,0.031757,0.197727,0.620640,-0.099816,-0.019240,-0.171591,-0.084757,-0.223651,0.150863,0.283595,0.183182,-0.069257,-0.009533,0.205139,-0.013922,0.263522,-0.301722,0.308178,0.184628,0.023750,0.405721,0.256141,-0.200140,0.139434,1.161835,-0.089157,-0.251092,-0.410541
0.053520,-7.314550,0.794938,-0.027762,-0.048132,-0.682792,0.728497,-0.076395,0.041171,0.190442,0.629027,-0.101365,-0.028123,-0.174683,-0.078819,-0.235192,0.144503,0.327906,0.159725,-0.069321,-0.003657,0.199287,-0.017177,0.266653,-0.310440,0.328055,0.185744,0.023914,0.402146,0.265480,-0.201762,0.133350,1.171181,-0.077532,-0.246500,-0.403718
0.051931,-7.321652,0.795087,-0.029491,-0.044909,-0.681623,0.729729,-0.074405,0.051909,0.183134,0.639314,-0.105665,-0.036470,-0.188847,-0.076552,-0.253124,0.169762,0.359851,0.131168,-0.069062,0.003095,0.193520,-0.019852,0.269499,-0.319738,0.347428,0.185255,0.023403,0.399706,0.274762,-0.203337,0.126485,1.178631,-0.070891,-0.240701,-0.396083
0.050130,-7.328725,0.794979,-0.031569,-0.042049,-0.680433,0.730921,-0.070848,0.062617,0.175437,0.649250,-0.112000,-0.044947,-0.198427,-0.074521,-0.272732,0.194032,0.384139,0.102079,-0.068759,0.009584,0.188305,-0.021797,0.272128,-0.328956,0.366240,0.184158,0.022722,0.397886,0.283568,-0.204877,0.120041,1.184675,-0.067824,-0.233995,-0.388567
0.048170,-7.335850,0.794584,-0.033791,-0.040057,-0.679188,0.732091,-0.064492,0.072025,0.166991,0.657347,-0.120160,-0.054277,-0.199938,-0.071230,-0.287192,0.210707,0.391531,0.077390,-0.068862,0.014615,0.184003,-0.023015,0.274320,-0.337191,0.384826,0.183652,0.022312,0.396153,0.291234,-0.206351,0.115437,1.190074,-0.066901,-0.226662,-0.382244
0.045878,-7.343090,0.794083,-0.036304,-0.038987,-0.677899,0.733223,-0.054696,0.080217,0.157585,0.663322,-0.130832,-0.064581,-0.190855,-0.064349,-0.292234,0.216893,0.375260,0.058600,-0.069051,0.018414,0.180948,-0.023130,0.276857,-0.345170,0.402175,0.183097,0.022444,0.394441,0.298302,-0.208236,0.112539,1.193833,-0.068983,-0.218172,-0.377221
0.044030,-7.350213,0.792588,-0.039308,-0.038451,-0.676578,0.734315,-0.042354,0.088343,0.147416,0.668340,-0.144146,-0.075502,-0.173235,-0.053684,-0.291264,0.215363,0.342093,0.043007,-0.069780,0.021793,0.178834,-0.022174,0.279304,-0.352314,0.418736,0.182517,0.022785,0.392895,0.304293,-0.210309,0.111456,1.196551,-0.074307,-0.208610,-0.373155
0.042243,-7.357360,0.790560,-0.042723,-0.038179,-0.675219,0.735388,-0.028684,0.096824,0.136770,0.673174,-0.159086,-0.087070,-0.151480,-0.041073,-0.288752,0.210042,0.301973,0.029434,-0.070896,0.025033,0.177581,-0.020175,0.281531,-0.358433,0.434622,0.182292,0.023078,0.391747,0.309253,-0.212463,0.111458,1.198701,-0.080626,-0.199195,-0.369202
0.040389,-7.364648,0.788164,-0.045891,-0.038398,-0.673811,0.736477,-0.014696,0.104349,0.126431,0.678067,-0.174364,-0.099074,-0.135845,-0.031844,-0.288755,0.217677,0.258122,0.017163,-0.072332,0.026842,0.176909,-0.016967,0.283478,-0.363114,0.449782,0.182855,0.023090,0.391152,0.313192,-0.214538,0.112068,1.200795,-0.085656,-0.191130,-0.364606
0.038445,-7.371779,0.785679,-0.049909,-0.038415,-0.672496,0.737416,-0.000112,0.114164,0.115707,0.684071,-0.191419,-0.112879,-0.115676,-0.020335,-0.294519,0.215910,0.222787,0.005808,-0.073941,0.029740,0.177452,-0.012280,0.285131,-0.366260,0.463765,0.184369,0.022475,0.391348,0.315865,-0.216698,0.113563,1.203061,-0.089530,-0.184891,-0.359193
0.036395,-7.378855,0.783262,-0.054518,-0.038513,-0.671228,0.738239,0.015605,0.125205,0.104886,0.690405,-0.210253,-0.127957,-0.091229,-0.007062,-0.302697,0.207595,0.188801,-0.003788,-0.075783,0.032982,0.179039,-0.006301,0.286447,-0.368074,0.476811,0.186618,0.021455,0.392173,0.317382,-0.218969,0.116096,1.205156,-0.093195,-0.179781,-0.353365
0.034273,-7.385763,0.780917,-0.059190,-0.038501,-0.669776,0.739199,0.030372,0.136508,0.093822,0.697850,-0.229074,-0.142615,-0.065075,0.007009,-0.311542,0.194882,0.157545,-0.011830,-0.078273,0.036301,0.180950,0.000575,0.287359,-0.368705,0.489628,0.189315,0.020619,0.393307,0.317897,-0.221309,0.118811,1.206990,-0.095638,-0.175262,-0.347222
0.032132,-7.392282,0.778556,-0.063418,-0.038180,-0.667914,0.740548,0.041999,0.147205,0.082090,0.707244,-0.246016,-0.155278,-0.039842,0.020960,-0.319568,0.180003,0.130436,-0.018786,-0.081418,0.039410,0.182375,0.007271,0.287551,-0.368692,0.503694,0.192308,0.020569,0.394503,0.317636,-0.223076,0.120500,1.208659,-0.096066,-0.170772,-0.341114
0.030048,-7.398733,0.776279,-0.067265,-0.037534,-0.665380,0.742520,0.049902,0.157321,0.068522,0.719201,-0.260980,-0.165850,-0.015372,0.034834,-0.327162,0.162782,0.107700,-0.024904,-0.085777,0.042356,0.183373,0.013812,0.287010,-0.368104,0.518891,0.196194,0.021856,0.395755,0.316722,-0.224223,0.120848,1.210024,-0.094253,-0.166110,-0.335010
0.028169,-7.405049,0.774118,-0.070830,-0.036728,-0.662369,0.744917,0.055122,0.166931,0.053548,0.733053,-0.274677,-0.175110,0.009218,0.048680,-0.334905,0.142743,0.088404,-0.029883,-0.090880,0.044942,0.184179,0.020325,0.285762,-0.366937,0.535006,0.200891,0.024043,0.397203,0.315110,-0.224763,0.120270,1.211148,-0.090740,-0.161562,-0.328894
0.026350,-7.411039,0.772128,-0.073633,-0.035802,-0.659378,0.747340,0.057761,0.175291,0.039014,0.747903,-0.286515,-0.182861,0.028896,0.060304,-0.341979,0.129319,0.068265,-0.033626,-0.095500,0.046793,0.184214,0.026298,0.283414,-0.365233,0.552991,0.205235,0.026207,0.398776,0.312773,-0.224803,0.118954,1.212274,-0.085674,-0.157309,-0.322934
0.024562,-7.416554,0.770256,-0.075529,-0.034619,-0.656849,0.749431,0.057936,0.182386,0.026419,0.763209,-0.296094,-0.189032,0.044448,0.070213,-0.347715,0.119306,0.049615,-0.036383,-0.098563,0.048013,0.183256,0.031647,0.280196,-0.363111,0.573053,0.207809,0.027456,0.400389,0.309609,-0.224355,0.117061,1.213577,-0.079205,-0.153537,-0.317233
0.023223,-7.421702,0.768641,-0.076447,-0.032879,-0.654798,0.751209,0.054786,0.188428,0.015587,0.779144,-0.302750,-0.193399,0.055903,0.078930,-0.352396,0.110911,0.033882,-0.038116,-0.100194,0.049016,0.180938,0.036252,0.275941,-0.360562,0.595689,0.209053,0.027767,0.402269,0.305419,-0.223424,0.114309,1.215147,-0.070252,-0.150436,-0.311615
0.021815,-7.426668,0.767303,-0.076645,-0.030636,-0.653002,0.752845,0.048495,0.193709,0.005596,0.796007,-0.306905,-0.196108,0.060762,0.085453,-0.356836,0.111085,0.016950,-0.038973,-0.100890,0.049986,0.177591,0.040185,0.270587,-0.357577,0.620595,0.209445,0.027552,0.404384,0.300289,-0.222035,0.110665,1.216873,-0.059108,-0.147826,-0.306095
0.020198,-7.431453,0.766208,-0.076479,-0.028308,-0.651542,0.754216,0.041077,0.198416,-0.003092,0.812888,-0.309483,-0.197608,0.064236,0.091333,-0.360515,0.111247,0.002553,-0.039506,-0.100354,0.050913,0.174008,0.043709,0.264282,-0.354085,0.646881,0.207717,0.026525,0.406249,0.294559,-0.220385,0.106844,1.218658,-0.047920,-0.145393,-0.301021
0.018951,-7.436023,0.765410,-0.076289,-0.026317,-0.650505,0.755202,0.034551,0.202738,-0.009963,0.828882,-0.311393,-0.198379,0.067790,0.096682,-0.363071,0.111373,-0.010067,-0.040068,-0.098359,0.051727,0.170991,0.047273,0.257306,-0.349933,0.673443,0.202546,0.024403,0.407347,0.288533,-0.218759,0.103650,1.220362,-0.038799,-0.142850,-0.296685
0.017815,-7.440266,0.764773,-0.076130,-0.024708,-0.649975,0.755729,0.029061,0.206683,-0.014970,0.844556,-0.312155,-0.198026,0.071602,0.101604,-0.364330,0.111514,-0.020667,-0.040589,-0.094691,0.052472,0.168698,0.051321,0.249753,-0.344622,0.699941,0.193170,0.020638,0.406849,0.282233,-0.217275,0.101147,1.221946,-0.031573,-0.140151,-0.292861
0.016895,-7.444479,0.764311,-0.075869,-0.023257,-0.649882,0.755882,0.023737,0.210227,-0.018366,0.860075,-0.311506,-0.196457,0.075071,0.106065,-0.364525,0.111589,-0.028963,-0.040849,-0.089679,0.053176,0.166760,0.055782,0.241604,-0.338285,0.726642,0.180366,0.015556,0.405168,0.275458,-0.215929,0.099091,1.223454,-0.025296,-0.137467,-0.289417
0.015992,-7.448574,0.764002,-0.075500,-0.022037,-0.650082,0.755783,0.019057,0.213507,-0.020071,0.874075,-0.310781,-0.194657,0.078351,0.109924,-0.363864,0.111724,-0.035832,-0.040910,-0.083915,0.053750,0.165197,0.060438,0.233030,-0.331689,0.753260,0.165103,0.010162,0.403663,0.268210,-0.214763,0.097875,1.224851,-0.020891,-0.134820,-0.286756
0.015195,-7.452448,0.763820,-0.075023,-0.021114,-0.650439,0.755549,0.015518,0.216614,-0.019990,0.885176,-0.311321,-0.193616,0.081669,0.113036,-0.362531,0.111859,-0.042047,-0.040860,-0.077991,0.054027,0.164040,0.065167,0.224335,-0.325580,0.779392,0.148326,0.005413,0.403719,0.260492,-0.213865,0.097892,1.226104,-0.019279,-0.132263,-0.285268
0.014444,-7.456266,0.763794,-0.074440,-0.020564,-0.651059,0.755088,0.013702,0.219543,-0.017662,0.892923,-0.313455,-0.194461,0.085109,0.115326,-0.360057,0.112023,-0.047506,-0.040604,-0.071708,0.053943,0.163481,0.070361,0.215565,-0.319868,0.804651,0.128911,0.001441,0.406844,0.252350,-0.213193,0.098941,1.226882,-0.022181,-0.129450,-0.285669
0.013929,-7.459763,0.763857,-0.073761,-0.020324,-0.651966,0.754379,0.013211,0.222230,-0.013270,0.898144,-0.316494,-0.196400,0.088579,0.116847,-0.356502,0.112203,-0.051883,-0.040122,-0.064872,0.053541,0.163463,0.076056,0.206705,-0.314288,0.829203,0.106774,-0.002322,0.411890,0.243772,-0.212695,0.100937,1.227300,-0.028591,-0.126474,-0.287503
0.013370,-7.463040,0.764010,-0.072930,-0.020320,-0.652898,0.753653,0.013043,0.224656,-0.007697,0.901409,-0.320282,-0.197568,0.091952,0.117600,-0.352842,0.112395,-0.055683,-0.039611,-0.058152,0.052792,0.163703,0.081713,0.198081,-0.309217,0.853320,0.084373,-0.005924,0.416276,0.234618,-0.212426,0.104519,1.227989,-0.035328,-0.124052,-0.289384
0.012775,-7.466069,0.764269,-0.071919,-0.020443,-0.653594,0.753144,0.012273,0.226797,-0.001824,0.903174,-0.324656,-0.196101,0.095109,0.117614,-0.350057,0.112590,-0.059417,-0.039274,-0.052260,0.051618,0.163950,0.086998,0.190215,-0.304978,0.876996,0.064068,-0.009275,0.417403,0.224759,-0.212462,0.110390,1.229530,-0.039191,-0.122927,-0.289904
0.012168,-7.469065,0.764605,-0.070677,-0.020754,-0.653885,0.753000,0.010450,0.228673,0.004374,0.903762,-0.330150,-0.190865,0.098045,0.116708,-0.348674,0.112780,-0.063091,-0.039174,-0.047612,0.049761,0.164411,0.091684,0.183629,-0.301742,0.900258,0.045660,-0.012492,0.413549,0.213610,-0.212910,0.119972,1.232841,-0.038511,-0.123820,-0.288447
0.011690,-7.471840,0.764960,-0.069235,-0.021283,-0.653941,0.753070,0.008249,0.230217,0.011293,0.902763,-0.336718,-0.183145,0.100821,0.114938,-0.348093,0.112941,-0.066452,-0.039208,-0.043874,0.047209,0.165222,0.096428,0.178379,-0.299185,0.922522,0.027972,-0.015408,0.406344,0.201398,-0.213658,0.132712,1.237311,-0.035162,-0.126154,-0.285748
0.011154,-7.474391,0.765345,-0.067656,-0.021895,-0.654010,0.753137,0.006131,0.231240,0.018584,0.899835,-0.343348,-0.174671,0.103384,0.112701,-0.347603,0.113163,-0.069738,-0.039336,-0.040514,0.044223,0.166020,0.101949,0.174158,-0.297001,0.943171,0.011963,-0.017495,0.398319,0.189255,-0.214399,0.146121,1.241240,-0.031409,-0.128767,-0.282511
0.010654,-7.477025,0.765725,-0.065987,-0.022465,-0.654337,0.752984,0.004633,0.231591,0.025930,0.894535,-0.348960,-0.167146,0.105743,0.110406,-0.346479,0.113359,-0.073078,-0.039511,-0.036868,0.041108,0.166398,0.108714,0.170464,-0.295007,0.961895,-0.001305,-0.018340,0.392085,0.178354,-0.214765,0.157536,1.242922,-0.029583,-0.130505,-0.279526
0.010087,-7.479955,0.766089,-0.064220,-0.023024,-0.655144,0.752417,0.004157,0.231546,0.034327,0.886675,-0.353270,-0.159932,0.107908,0.108043,-0.344173,0.113626,-0.076529,-0.039780,-0.032298,0.037786,0.166204,0.116993,0.166887,-0.292721,0.978526,-0.010956,-0.017366,0.388666,0.169039,-0.214561,0.166142,1.241626,-0.030769,-0.130868,-0.277010
0.009721,-7.482560,0.766470,-0.062322,-0.023632,-0.656247,0.751597,0.004378,0.231032,0.043631,0.876481,-0.356846,-0.152519,0.109923,0.105444,-0.341180,0.113879,-0.079969,-0.040150,-0.027164,0.034199,0.165590,0.126012,0.163430,-0.290506,0.993909,-0.017614,-0.015038,0.386724,0.160672,-0.213859,0.173162,1.238481,-0.033696,-0.130542,-0.274671
0.009464,-7.485054,0.766857,-0.060351,-0.024162,-0.657283,0.750835,0.004570,0.229452,0.051778,0.864232,-0.359781,-0.146723,0.111638,0.102731,-0.338379,0.114165,-0.083470,-0.040523,-0.022281,0.030662,0.164568,0.134785,0.160336,-0.289507,1.009116,-0.022519,-0.012553,0.385324,0.152967,-0.212802,0.179026,1.234538,-0.037108,-0.130189,-0.272558
0.009339,-7.487847,0.767264,-0.058350,-0.024506,-0.657898,0.750443,0.003975,0.226270,0.056676,0.850195,-0.362103,-0.144302,0.112981,0.100047,-0.336630,0.114445,-0.087086,-0.040792,-0.018397,0.027489,0.163222,0.142412,0.158037,-0.290954,1.024995,-0.027017,-0.011071,0.383460,0.145725,-0.211537,0.184047,1.230686,-0.039779,-0.130452,-0.270652
0.009044,-7.490373,0.767500,-0.056281,-0.024619,-0.657957,0.750546,0.002167,0.220932,0.057054,0.834047,-0.363704,-0.146153,0.113823,0.097320,-0.336302,0.114693,-0.090847,-0.040871,-0.015828,0.024738,0.161398,0.148359,0.156749,-0.295828,1.042399,-0.031631,-0.011578,0.380751,0.138736,-0.210088,0.188488,1.227376,-0.041013,-0.131852,-0.269059
0.008740,-7.492770,0.767716,-0.054138,-0.024564,-0.657664,0.750962,-0.000385,0.213988,0.054228,0.815738,-0.364549,-0.151081,0.114258,0.094530,-0.336878,0.114919,-0.094724,-0.040833,-0.014325,0.022347,0.159334,0.153680,0.156602,-0.303016,1.059820,-0.035696,-0.013191,0.377475,0.132395,-0.209000,0.192243,1.223417,-0.041418,-0.133902,-0.267402
0.008561,-7.495137,0.768035,-0.052022,-0.024387,-0.657178,0.751543,-0.003005,0.206565,0.049998,0.795841,-0.364762,-0.157709,0.114492,0.091874,-0.337913,0.115136,-0.098627,-0.040808,-0.012732,0.019863,0.156919,0.158172,0.157299,-0.311851,1.077208,-0.038800,-0.014338,0.374534,0.126664,-0.206812,0.194307,1.219390,-0.042338,-0.135825,-0.266159
0.008204,-7.497404,0.768189,-0.050032,-0.024143,-0.656656,0.752141,-0.005091,0.199779,0.046154,0.774985,-0.364478,-0.164697,0.114736,0.089573,-0.338960,0.115329,-0.102445,-0.040920,-0.011444,0.017405,0.154709,0.163071,0.158484,-0.319585,1.092530,-0.039951,-0.013438,0.372046,0.121575,-0.204324,0.194951,1.214498,-0.044512,-0.136766,-0.264801
0.007781,-7.499707,0.768277,-0.048180,-0.023758,-0.656109,0.752752,-0.006637,0.193476,0.042226,0.752654,-0.363394,-0.172869,0.114856,0.087763,-0.339970,0.115557,-0.106177,-0.041228,-0.010536,0.015092,0.152489,0.168284,0.159854,-0.326418,1.105978,-0.037813,-0.009456,0.370783,0.117285,-0.201371,0.193353,1.208322,-0.048824,-0.136273,-0.263180
0.007574,-7.501877,0.768395,-0.046415,-0.023237,-0.655464,0.753441,-0.007899,0.187323,0.037518,0.728722,-0.361622,-0.182461,0.114830,0.086323,-0.341153,0.115736,-0.109836,-0.041645,-0.010075,0.012970,0.150138,0.173306,0.161405,-0.333112,1.118410,-0.033093,-0.003467,0.370372,0.113626,-0.197979,0.189852,1.201307,-0.054610,-0.134870,-0.261484
0.007329,-7.504001,0.768493,-0.044759,-0.022721,-0.654756,0.754172,-0.008763,0.182035,0.033521,0.704432,-0.359790,-0.191339,0.114885,0.085009,-0.342467,0.115944,-0.113501,-0.042078,-0.009578,0.010918,0.147959,0.178069,0.163108,-0.339111,1.129844,-0.028236,0.002918,0.369716,0.110355,-0.194303,0.185855,1.194442,-0.060447,-0.133210,-0.260168
0.007123,-7.506144,0.768495,-0.043230,-0.022356,-0.654019,0.754911,-0.009139,0.178204,0.031785,0.681068,-0.358484,-0.197469,0.115306,0.083587,-0.343873,0.116133,-0.117192,-0.042434,-0.008664,0.008833,0.146265,0.182608,0.164884,-0.343758,1.140211,-0.025655,0.008080,0.367735,0.107222,-0.190538,0.182864,1.188692,-0.064889,-0.131926,-0.259666
0.006980,-7.508199,0.768510,-0.041801,-0.022231,-0.653235,0.755673,-0.008946,0.175992,0.033140,0.658792,-0.357793,-0.200113,0.116187,0.081889,-0.345417,0.116336,-0.121003,-0.042714,-0.007264,0.006673,0.145231,0.186952,0.166643,-0.346679,1.149411,-0.026121,0.011563,0.363994,0.104203,-0.186809,0.181261,1.184194,-0.067219,-0.131103,-0.260509
0.006772,-7.510015,0.768508,-0.040475,-0.022248,-0.652395,0.756471,-0.008281,0.174942,0.036683,0.637017,-0.357392,-0.200535,0.117391,0.080068,-0.347100,0.116540,-0.124898,-0.042948,-0.005685,0.004565,0.144671,0.191145,0.168331,-0.348179,1.157476,-0.028260,0.014235,0.359131,0.101423,-0.183116,0.180382,1.180424,-0.068251,-0.130419,-0.262288
0.006604,-7.511816,0.768499,-0.039279,-0.022310,-0.651545,0.757264,-0.007334,0.174662,0.041380,0.615957,-0.357248,-0.199730,0.118752,0.078330,-0.348837,0.116758,-0.128709,-0.043099,-0.004067,0.002621,0.144354,0.195171,0.169949,-0.348640,1.164642,-0.031266,0.016449,0.353703,0.098815,-0.179506,0.180117,1.177381,-0.068869,-0.129889,-0.264059
0.006660,-7.513679,0.768471,-0.038245,-0.022310,-0.650734,0.758014,-0.006312,0.174815,0.046177,0.595834,-0.357323,-0.198665,0.120187,0.076923,-0.350533,0.116908,-0.132251,-0.043136,-0.002568,0.000962,0.144055,0.199106,0.171525,-0.348405,1.170951,-0.034302,0.018636,0.348267,0.096284,-0.176053,0.180378,1.175085,-0.069938,-0.129534,-0.264861
0.006478,-7.515399,0.768392,-0.037389,-0.022269,-0.649988,0.758697,-0.005147,0.175699,0.051598,0.576658,-0.357725,-0.197172,0.121720,0.075871,-0.352159,0.117045,-0.135502,-0.043028,-0.001132,-0.000384,0.143754,0.203016,0.173061,-0.347170,1.176449,-0.037445,0.020893,0.342453,0.093733,-0.172850,0.181421,1.173867,-0.071383,-0.129615,-0.264280
0.006644,-7.517051,0.768376,-0.036701,-0.022217,-0.649280,0.759339,-0.003772,0.177312,0.057969,0.558364,-0.358469,-0.194943,0.123400,0.075072,-0.353770,0.117169,-0.138550,-0.042807,0.000276,-0.001450,0.143570,0.206885,0.174526,-0.344876,1.181030,-0.041046,0.023027,0.336126,0.091251,-0.169896,0.183219,1.173566,-0.072829,-0.130034,-0.262851
0.006654,-7.518534,0.768244,-0.036131,-0.022107,-0.648567,0.759978,-0.002407,0.178911,0.063890,0.541005,-0.359308,-0.192631,0.125086,0.074511,-0.355388,0.117267,-0.141415,-0.042545,0.001509,-0.002240,0.143482,0.210587,0.175929,-0.342291,1.184689,-0.044705,0.024907,0.330194,0.089073,-0.167092,0.185225,1.173439,-0.074698,-0.130285,-0.261066
0.006664,-7.520083,0.768166,-0.035613,-0.021908,-0.647812,0.760652,-0.001309,0.179829,0.067921,0.524678,-0.360013,-0.190824,0.126625,0.074176,-0.357045,0.117304,-0.144095,-0.042312,0.002477,-0.002767,0.143465,0.213969,0.177311,-0.340240,1.187418,-0.048045,0.026413,0.325554,0.087443,-0.164269,0.186833,1.172736,-0.077422,-0.129847,-0.259410
0.006635,-7.521519,0.768062,-0.035184,-0.021529,-0.646965,0.761403,-0.000582,0.180003,0.069352,0.509110,-0.360639,-0.189735,0.127914,0.074243,-0.358826,0.117332,-0.146625,-0.042158,0.003135,-0.002908,0.143554,0.216959,0.178746,-0.338954,1.189160,-0.051291,0.027311,0.322520,0.086621,-0.161243,0.187301,1.170909,-0.081751,-0.128265,-0.258008
0.006689,-7.522957,0.767877,-0.034863,-0.021012,-0.646058,0.762202,-0.000125,0.179850,0.069003,0.494427,-0.361301,-0.188944,0.129040,0.074661,-0.360688,0.117341,-0.148970,-0.042045,0.003629,-0.002764,0.143738,0.219608,0.180287,-0.338070,1.189962,-0.054565,0.027729,0.320590,0.086407,-0.158003,0.187044,1.168512,-0.087292,-0.125904,-0.256633
0.006655,-7.524355,0.767727,-0.034572,-0.020512,-0.645182,0.762970,0.000156,0.179430,0.067734,0.481263,-0.361856,-0.188074,0.130162,0.075091,-0.362467,0.117332,-0.151192,-0.041913,0.004103,-0.002666,0.143951,0.221980,0.181930,-0.337503,1.189938,-0.057360,0.028067,0.319449,0.086323,-0.154695,0.187177,1.166538,-0.092820,-0.123580,-0.255245
0.006674,-7.525856,0.767656,-0.034259,-0.020158,-0.644428,0.763631,0.000382,0.178798,0.066410,0.470246,-0.362168,-0.186794,0.131413,0.075197,-0.363999,0.117329,-0.153344,-0.041703,0.004672,-0.002886,0.144133,0.224139,0.183624,-0.337166,1.189207,-0.059168,0.028731,0.318779,0.085950,-0.151555,0.188868,1.165804,-0.097072,-0.122006,-0.253777
0.006787,-7.527217,0.767558,-0.033926,-0.020026,-0.643864,0.764125,0.000517,0.177861,0.065149,0.461766,-0.362097,-0.185000,0.132883,0.074890,-0.365136,0.117355,-0.155421,-0.041399,0.005369,-0.003479,0.144334,0.226241,0.185263,-0.336831,1.187488,-0.059771,0.029997,0.318836,0.085026,-0.148764,0.192983,1.166763,-0.099281,-0.121579,-0.252019
0.006813,-7.528506,0.767503,-0.033614,-0.020012,-0.643428,0.764506,0.000497,0.176630,0.063519,0.455479,-0.361762,-0.182880,0.134504,0.074353,-0.365995,0.117374,-0.157404,-0.041029,0.006033,-0.004225,0.144570,0.228239,0.186788,-0.336516,1.184809,-0.059424,0.031589,0.319667,0.083835,-0.146342,0.198844,1.168821,-0.100191,-0.121823,-0.250031
0.007017,-7.529636,0.767453,-0.033262,-0.020058,-0.643011,0.764872,0.000388,0.175229,0.061611,0.450843,-0.361431,-0.180564,0.136094,0.073620,-0.366836,0.117439,-0.159361,-0.040605,0.006542,-0.004980,0.144736,0.229839,0.188240,-0.336592,1.181793,-0.058394,0.033066,0.320647,0.082828,-0.144186,0.205220,1.171218,-0.100823,-0.122189,-0.248137
0.007345,-7.530776,0.767471,-0.032827,-0.020083,-0.642502,0.765317,0.000221,0.173788,0.059503,0.447401,-0.361342,-0.178181,0.137534,0.072745,-0.367911,0.117455,-0.161280,-0.040129,0.006818,-0.005647,0.144734,0.230743,0.189728,-0.337450,1.179030,-0.056931,0.033996,0.321142,0.082461,-0.142129,0.210831,1.173193,-0.102226,-0.122132,-0.246663
0.007464,-7.532003,0.767464,-0.032265,-0.020080,-0.641807,0.765924,-0.000298,0.172254,0.056832,0.445947,-0.361666,-0.175664,0.138767,0.071654,-0.369459,0.117503,-0.163265,-0.039585,0.006777,-0.006261,0.144494,0.230629,0.191420,-0.339748,1.176933,-0.055133,0.034188,0.320665,0.083054,-0.139954,0.214782,1.174393,-0.105366,-0.121392,-0.246045
0.007655,-7.533090,0.767429,-0.031623,-0.020077,-0.641007,0.766621,-0.001075,0.170568,0.053695,0.446414,-0.362232,-0.172992,0.139890,0.070350,-0.371288,0.117553,-0.165263,-0.038975,0.006615,-0.006955,0.144084,0.229719,0.193386,-0.343227,1.175062,-0.052897,0.033906,0.319652,0.084269,-0.137630,0.217770,1.175369,-0.109540,-0.120330,-0.246026
0.007959,-7.534152,0.767466,-0.030955,-0.020071,-0.640252,0.767278,-0.001546,0.168859,0.050842,0.447122,-0.362804,-0.170350,0.140917,0.068980,-0.373005,0.117595,-0.167191,-0.038327,0.006589,-0.007732,0.143617,0.228606,0.195511,-0.346812,1.172682,-0.050175,0.033405,0.318847,0.085655,-0.135317,0.221060,1.176517,-0.113217,-0.119241,-0.245884
0.008223,-7.535190,0.767449,-0.030335,-0.020044,-0.639696,0.767768,-0.001130,0.167257,0.049026,0.446367,-0.363147,-0.167911,0.141844,0.067681,-0.374223,0.117656,-0.168982,-0.037679,0.006877,-0.008532,0.143206,0.227853,0.197561,-0.349372,1.169120,-0.046893,0.032938,0.319023,0.086697,-0.133309,0.225984,1.178356,-0.114838,-0.118493,-0.244898
0.008612,-7.536243,0.767418,-0.029795,-0.019988,-0.639398,0.768039,0.000457,0.165815,0.048478,0.443727,-0.363181,-0.165902,0.142710,0.066498,-0.374780,0.117728,-0.170633,-0.037045,0.007554,-0.009320,0.142844,0.227638,0.199331,-0.350596,1.164170,-0.042642,0.032513,0.320860,0.087127,-0.131949,0.234243,1.181371,-0.112629,-0.118436,-0.242679
0.009043,-7.537246,0.767420,-0.029296,-0.019909,-0.639271,0.768165,0.002837,0.164456,0.048780,0.440127,-0.363050,-0.164162,0.143472,0.065347,-0.374905,0.117836,-0.172179,-0.036408,0.008324,-0.009976,0.142490,0.227667,0.200734,-0.350912,1.158240,-0.037525,0.032027,0.323804,0.087264,-0.131285,0.244910,1.185110,-0.107749,-0.118782,-0.239618
0.009575,-7.538109,0.767440,-0.028800,-0.019814,-0.639247,0.768206,0.005634,0.163150,0.049712,0.435865,-0.362857,-0.162300,0.144136,0.064213,-0.374775,0.117914,-0.173604,-0.035732,0.008967,-0.010321,0.142159,0.227617,0.201707,-0.350445,1.151847,-0.032249,0.031483,0.326795,0.087565,-0.131085,0.255120,1.188646,-0.103187,-0.118932,-0.236185
0.009955,-7.538961,0.767472,-0.028301,-0.019677,-0.639258,0.768219,0.008476,0.161851,0.051059,0.431218,-0.362686,-0.159923,0.144624,0.063042,-0.374576,0.118007,-0.174909,-0.034983,0.009211,-0.010303,0.141879,0.227340,0.202350,-0.349230,1.145252,-0.027512,0.030949,0.328757,0.088402,-0.130939,0.262094,1.191141,-0.101943,-0.118311,-0.232907
0.010507,-7.539824,0.767499,-0.027772,-0.019523,-0.639318,0.768192,0.011351,0.160524,0.052965,0.426209,-0.362556,-0.156678,0.144962,0.061809,-0.374263,0.118078,-0.176075,-0.034131,0.009233,-0.009743,0.141653,0.226503,0.202585,-0.347475,1.138692,-0.023457,0.030442,0.328968,0.090326,-0.130588,0.263098,1.191814,-0.106538,-0.116480,-0.229804
0.011061,-7.540583,0.767556,-0.027227,-0.019353,-0.639454,0.768103,0.014408,0.159193,0.055476,0.420725,-0.362423,-0.152857,0.145130,0.060521,-0.373772,0.118193,-0.177135,-0.033200,0.008806,-0.008979,0.141459,0.225704,0.202677,-0.344726,1.131561,-0.019691,0.029950,0.328108,0.092729,-0.129982,0.260729,1.191561,-0.114699,-0.113859,-0.226722
0.011652,-7.541290,0.767597,-0.026691,-0.019137,-0.639609,0.767998,0.017565,0.157914,0.058231,0.414837,-0.362309,-0.149024,0.145179,0.059264,-0.373245,0.118279,-0.178096,-0.032246,0.008582,-0.008328,0.141214,0.224399,0.202716,-0.341703,1.124625,-0.016299,0.029404,0.327413,0.094688,-0.128896,0.257876,1.192035,-0.123105,-0.111242,-0.223910
0.012209,-7.541988,0.767623,-0.026176,-0.018852,-0.639734,0.767919,0.020704,0.156748,0.060863,0.408639,-0.362243,-0.145747,0.145103,0.058116,-0.372824,0.118348,-0.179010,-0.031326,0.008929,-0.007720,0.140899,0.222552,0.202705,-0.339330,1.117999,-0.013725,0.028765,0.328093,0.096324,-0.128345,0.258360,1.193401,-0.127651,-0.109290,-0.221383
0.012892,-7.542628,0.767631,-0.025666,-0.018452,-0.639799,0.767892,0.023761,0.155727,0.063317,0.402015,-0.362231,-0.143170,0.144815,0.057108,-0.372596,0.118408,-0.179881,-0.030471,0.009309,-0.007463,0.140421,0.220632,0.202619,-0.336516,1.111265,-0.011827,0.028000,0.330801,0.096442,-0.128270,0.265273,1.197123,-0.126134,-0.108338,-0.219177
0.013372,-7.543308,0.767624,-0.025160,-0.017963,-0.639839,0.767887,0.026798,0.154828,0.065774,0.394969,-0.362267,-0.140991,0.144330,0.056198,-0.372463,0.118458,-0.180683,-0.029649,0.009181,-0.007193,0.139918,0.219024,0.202288,-0.332784,1.103923,-0.010473,0.027142,0.334675,0.095902,-0.129279,0.276851,1.201673,-0.120525,-0.107888,-0.217034
0.013975,-7.543877,0.767610,-0.024692,-0.017464,-0.639886,0.767874,0.029909,0.154002,0.068209,0.387769,-0.362333,-0.139105,0.143840,0.055360,-0.372316,0.118491,-0.181436,-0.028817,0.009022,-0.006557,0.139564,0.217122,0.201674,-0.329269,1.096748,-0.009408,0.026229,0.338707,0.095637,-0.131052,0.288440,1.205820,-0.114195,-0.107572,-0.215046
0.014660,-7.544403,0.767602,-0.024309,-0.017017,-0.639975,0.767823,0.033209,0.153194,0.070609,0.380658,-0.362412,-0.137411,0.143522,0.054556,-0.372047,0.118521,-0.182175,-0.027935,0.008560,-0.005536,0.139484,0.214912,0.200844,-0.326141,1.090120,-0.008160,0.025305,0.341865,0.096078,-0.132941,0.296447,1.208806,-0.110256,-0.106994,-0.213500
0.015314,-7.544918,0.767586,-0.024019,-0.016640,-0.640133,0.767708,0.036827,0.152456,0.073091,0.373558,-0.362563,-0.136023,0.143399,0.053816,-0.371591,0.118561,-0.182932,-0.026983,0.007833,-0.004196,0.139636,0.212392,0.199885,-0.323398,1.084101,-0.006600,0.024453,0.343953,0.097416,-0.134495,0.299306,1.210484,-0.109945,-0.106052,-0.212579
0.015991,-7.545378,0.767582,-0.023803,-0.016295,-0.640335,0.767554,0.040695,0.151789,0.075623,0.366351,-0.362763,-0.134952,0.143400,0.053147,-0.371020,0.118606,-0.183696,-0.025984,0.007224,-0.002938,0.139893,0.209604,0.199267,-0.321214,1.078442,-0.005106,0.023664,0.345513,0.099056,-0.135239,0.298841,1.211891,-0.111668,-0.104991,-0.212322
0.016658,-7.545878,0.767535,-0.023636,-0.015997,-0.640536,0.767398,0.044551,0.151054,0.077967,0.359298,-0.362865,-0.133931,0.143475,0.052445,-0.370429,0.118641,-0.184363,-0.024970,0.006307,-0.001705,0.140353,0.206633,0.198736,-0.319319,1.073179,-0.003656,0.022767,0.346620,0.100555,-0.135783,0.297267,1.213305,-0.113991,-0.103878,-0.212541
0.017310,-7.546334,0.767502,-0.023487,-0.015770,-0.640691,0.767278,0.048154,0.150120,0.079885,0.352649,-0.362724,-0.132700,0.143614,0.051617,-0.369916,0.118673,-0.184884,-0.023964,0.005236,-0.000204,0.141137,0.202871,0.197747,-0.318045,1.069020,-0.002239,0.021542,0.347437,0.101729,-0.136851,0.295884,1.214829,-0.115817,-0.102806,-0.212976
0.018005,-7.546639,0.767514,-0.023396,-0.015616,-0.640775,0.767213,0.051387,0.148951,0.081181,0.346574,-0.362339,-0.131215,0.143831,0.050646,-0.369521,0.118702,-0.185188,-0.022961,0.003868,0.001202,0.142408,0.198713,0.197071,-0.317670,1.065353,-0.001108,0.019926,0.347804,0.102108,-0.137880,0.295169,1.216926,-0.116933,-0.101835,-0.214114
0.018670,-7.546956,0.767528,-0.023353,-0.015535,-0.640816,0.767182,0.054378,0.147623,0.082026,0.340949,-0.361798,-0.129613,0.144136,0.049590,-0.369186,0.118739,-0.185351,-0.021951,0.002203,0.002708,0.144140,0.194168,0.196479,-0.317959,1.062160,-0.000123,0.018005,0.347678,0.102166,-0.139150,0.294280,1.219015,-0.117896,-0.100900,-0.215768
0.019351,-7.547192,0.767574,-0.023294,-0.015500,-0.640849,0.767157,0.057340,0.146141,0.082747,0.335384,-0.360988,-0.127917,0.144470,0.048413,-0.368866,0.118774,-0.185442,-0.020960,0.000533,0.003988,0.145858,0.189560,0.196088,-0.318615,1.059318,0.000661,0.016059,0.347283,0.102141,-0.140347,0.293350,1.221218,-0.118519,-0.099916,-0.217347
0.020326,-7.547268,0.767680,-0.023137,-0.015499,-0.640906,0.767114,0.060456,0.144520,0.083664,0.329591,-0.359864,-0.126146,0.144795,0.047099,-0.368520,0.118824,-0.185598,-0.020010,-0.000753,0.005110,0.147177,0.185022,0.195673,-0.319539,1.056816,0.001165,0.014352,0.346840,0.102796,-0.141908,0.292386,1.222915,-0.118517,-0.098779,-0.218032
0.021036,-7.547633,0.767788,-0.022853,-0.015553,-0.640977,0.767063,0.063779,0.142686,0.084810,0.323510,-0.358323,-0.124193,0.145161,0.045586,-0.368180,0.118880,-0.185857,-0.019131,-0.001793,0.005514,0.147783,0.180749,0.195528,-0.320368,1.054845,0.001355,0.012979,0.346095,0.103505,-0.142853,0.291697,1.225171,-0.117691,-0.097305,-0.217643
0.021682,-7.548097,0.767897,-0.022479,-0.015664,-0.641049,0.767011,0.067224,0.140666,0.086034,0.317285,-0.356444,-0.122089,0.145555,0.043906,-0.367854,0.118971,-0.186178,-0.018300,-0.002375,0.005841,0.148110,0.176354,0.195403,-0.321788,1.053356,0.001130,0.011784,0.344995,0.105032,-0.144330,0.290751,1.226686,-0.116175,-0.095586,-0.216258
0.022273,-7.548546,0.768016,-0.022063,-0.015788,-0.641156,0.766931,0.070720,0.138578,0.087377,0.310918,-0.354342,-0.120050,0.145891,0.042162,-0.367461,0.119051,-0.186452,-0.017472,-0.003064,0.005761,0.148181,0.172226,0.195391,-0.322962,1.051996,0.000976,0.010686,0.344244,0.106160,-0.145265,0.290148,1.228864,-0.114505,-0.094005,-0.215035
0.022880,-7.548818,0.768165,-0.021650,-0.015879,-0.641329,0.766796,0.074218,0.136559,0.088886,0.304375,-0.352141,-0.118295,0.146077,0.040465,-0.366922,0.119126,-0.186622,-0.016602,-0.003612,0.005758,0.148341,0.168300,0.195372,-0.324248,1.050268,0.000984,0.009609,0.344460,0.107455,-0.146363,0.289494,1.230733,-0.113154,-0.092925,-0.214484
0.023506,-7.549048,0.768333,-0.021255,-0.015948,-0.641582,0.766594,0.077855,0.134616,0.090644,0.297433,-0.349740,-0.116991,0.146129,0.038810,-0.366196,0.119193,-0.186640,-0.015655,-0.004245,0.005725,0.148645,0.164730,0.195230,-0.325333,1.047971,0.001169,0.008393,0.346493,0.108611,-0.147399,0.289097,1.232702,-0.112208,-0.092580,-0.215101
0.024163,-7.549286,0.768489,-0.020856,-0.016008,-0.641898,0.766339,0.081617,0.132687,0.092603,0.290150,-0.347104,-0.115983,0.146079,0.037150,-0.365332,0.119270,-0.186568,-0.014664,-0.004992,0.005446,0.148900,0.161441,0.195043,-0.326142,1.045477,0.001515,0.007129,0.349807,0.109370,-0.148012,0.289007,1.235225,-0.111463,-0.092731,-0.216543
0.024763,-7.549597,0.768620,-0.020427,-0.016032,-0.642256,0.766050,0.085193,0.130805,0.094595,0.282994,-0.344482,-0.115000,0.145862,0.035535,-0.364379,0.119344,-0.186446,-0.013685,-0.005697,0.005206,0.149002,0.158215,0.194801,-0.326938,1.043163,0.002188,0.006086,0.352959,0.110075,-0.148614,0.288929,1.237733,-0.110851,-0.093036,-0.218113
0.025327,-7.549885,0.768750,-0.019969,-0.015965,-0.642637,0.765745,0.088287,0.129008,0.096458,0.276442,-0.342141,-0.113779,0.145416,0.034008,-0.363386,0.119395,-0.186322,-0.012768,-0.006419,0.005045,0.148805,0.155003,0.194645,-0.327632,1.041313,0.003467,0.005546,0.354480,0.110651,-0.149197,0.288814,1.240148,-0.110327,-0.093153,-0.219251
0.025911,-7.550111,0.768890,-0.019429,-0.015766,-0.643041,0.765423,0.090690,0.127308,0.098135,0.270633,-0.340168,-0.112155,0.144584,0.032588,-0.362351,0.119452,-0.186215,-0.011963,-0.007191,0.004972,0.148159,0.151783,0.194711,-0.328138,1.040047,0.005741,0.005789,0.353338,0.111066,-0.149710,0.288570,1.242484,-0.109947,-0.093006,-0.219838
0.026469,-7.550367,0.769014,-0.018836,-0.015463,-0.643476,0.765078,0.092565,0.125694,0.099712,0.265382,-0.338451,-0.110297,0.143437,0.031248,-0.361252,0.119514,-0.186085,-0.011232,-0.007950,0.004946,0.147208,0.148655,0.195019,-0.328565,1.039054,0.008710,0.006598,0.350486,0.111423,-0.150231,0.288217,1.244664,-0.109711,-0.092775,-0.220118
0.027024,-7.550524,0.769123,-0.018258,-0.015149,-0.643935,0.764712,0.094267,0.124147,0.101264,0.260486,-0.336851,-0.108446,0.142267,0.029959,-0.360105,0.119577,-0.185976,-0.010494,-0.008599,0.004905,0.146293,0.145893,0.195626,-0.329088,1.037771,0.011635,0.007525,0.347414,0.111917,-0.150853,0.287915,1.246372,-0.109450,-0.092485,-0.220100
0.027543,-7.550687,0.769193,-0.017762,-0.014920,-0.644410,0.764328,0.096150,0.122640,0.102858,0.255741,-0.335263,-0.106844,0.141361,0.028684,-0.358924,0.119623,-0.185906,-0.009670,-0.009201,0.004773,0.145627,0.143600,0.196350,-0.329721,1.036052,0.013833,0.008104,0.345696,0.112339,-0.151455,0.287956,1.247897,-0.109015,-0.092194,-0.219883
0.028102,-7.550912,0.769261,-0.017350,-0.014782,-0.644912,0.763917,0.098218,0.121162,0.104540,0.251187,-0.333611,-0.105650,0.140733,0.027402,-0.357686,0.119678,-0.185910,-0.008707,-0.009755,0.004539,0.145085,0.141625,0.196896,-0.330549,1.034169,0.015083,0.008155,0.346083,0.112448,-0.151925,0.288600,1.249643,-0.108302,-0.091900,-0.219508
0.028636,-7.551057,0.769335,-0.016982,-0.014696,-0.645442,0.763479,0.100327,0.119725,0.106264,0.246856,-0.331958,-0.104707,0.140246,0.026140,-0.356397,0.119728,-0.185955,-0.007661,-0.010252,0.004292,0.144749,0.140291,0.197697,-0.331611,1.031523,0.015618,0.007983,0.347535,0.112769,-0.152704,0.289718,1.250740,-0.107288,-0.091553,-0.218768
0.029171,-7.551211,0.769398,-0.016700,-0.014665,-0.645970,0.763039,0.102454,0.118354,0.107950,0.242910,-0.330480,-0.103782,0.139961,0.024938,-0.355105,0.119774,-0.186017,-0.006611,-0.010743,0.004070,0.144500,0.138805,0.198127,-0.332480,1.029529,0.016134,0.007690,0.349453,0.112729,-0.153180,0.290735,1.252205,-0.106442,-0.091223,-0.218063
0.029721,-7.551320,0.769453,-0.016526,-0.014703,-0.646471,0.762618,0.104547,0.117083,0.109510,0.239500,-0.329317,-0.102639,0.139916,0.023835,-0.353870,0.119818,-0.186057,-0.005641,-0.011245,0.003950,0.144670,0.137587,0.198699,-0.333049,1.027458,0.016805,0.007509,0.350873,0.112989,-0.153851,0.291336,1.252965,-0.105803,-0.090890,-0.217304
0.030252,-7.551464,0.769477,-0.016495,-0.014870,-0.646931,0.762225,0.106645,0.115911,0.110867,0.236826,-0.328603,-0.101138,0.140263,0.022837,-0.352719,0.119863,-0.186071,-0.004773,-0.011803,0.003901,0.145269,0.136154,0.199029,-0.333118,1.026160,0.018087,0.007322,0.351791,0.113060,-0.154217,0.291113,1.253783,-0.105851,-0.090528,-0.216689
0.030752,-7.551522,0.769529,-0.016589,-0.015133,-0.647368,0.761847,0.108767,0.114819,0.112088,0.234732,-0.328221,-0.099431,0.140919,0.021919,-0.351619,0.119911,-0.186072,-0.003964,-0.012293,0.003928,0.146338,0.134885,0.199481,-0.332993,1.024880,0.019545,0.007108,0.352475,0.113333,-0.154679,0.290279,1.254036,-0.106312,-0.090141,-0.215965
0.031233,-7.551563,0.769559,-0.016726,-0.015403,-0.647796,0.761474,0.110806,0.113829,0.113298,0.232930,-0.327989,-0.097718,0.141647,0.021099,-0.350532,0.119930,-0.186059,-0.003195,-0.012807,0.003967,0.147317,0.133569,0.199645,-0.332655,1.024243,0.020881,0.007044,0.353148,0.113392,-0.154825,0.289601,1.254594,-0.106591,-0.089842,-0.215450
0.031669,-7.551565,0.769578,-0.016827,-0.015591,-0.648233,0.761096,0.112665,0.112951,0.114627,0.231095,-0.327700,-0.096195,0.142137,0.020368,-0.349419,0.119980,-0.186053,-0.002446,-0.012962,0.004058,0.148191,0.132260,0.199865,-0.332309,1.023724,0.021727,0.007347,0.353581,0.113636,-0.155004,0.288890,1.254860,-0.106401,-0.089782,-0.214930
0.032018,-7.551580,0.769586,-0.016860,-0.015648,-0.648674,0.760719,0.114214,0.112243,0.116104,0.229234,-0.327340,-0.094954,0.142296,0.019778,-0.348299,0.120008,-0.186046,-0.001715,-0.012762,0.004198,0.148683,0.130989,0.200047,-0.332049,1.023504,0.021718,0.008206,0.353942,0.114086,-0.155142,0.288705,1.254955,-0.105015,-0.090072,-0.214523
0.032452,-7.551546,0.769603,-0.016886,-0.015618,-0.649112,0.760345,0.115536,0.111679,0.117662,0.227496,-0.327009,-0.093874,0.142281,0.019318,-0.347186,0.120020,-0.186037,-0.001014,-0.012348,0.004378,0.149004,0.129809,0.200211,-0.331709,1.023509,0.021153,0.009467,0.354180,0.114704,-0.155258,0.288829,1.254817,-0.102854,-0.090613,-0.214185
0.032826,-7.551682,0.769628,-0.016910,-0.015588,-0.649564,0.759959,0.116808,0.111170,0.119274,0.225832,-0.326691,-0.092842,0.142223,0.018897,-0.346021,0.120053,-0.186010,-0.000337,-0.011918,0.004595,0.149278,0.128823,0.200353,-0.331279,1.023600,0.020425,0.010825,0.354217,0.115281,-0.155343,0.289019,1.254690,-0.100787,-0.091183,-0.213912
0.033229,-7.551763,0.769651,-0.016972,-0.015617,-0.650046,0.759545,0.118219,0.110629,0.120914,0.224186,-0.326369,-0.091741,0.142287,0.018454,-0.344748,0.120083,-0.185915,0.000316,-0.011673,0.004836,0.149676,0.128148,0.200500,-0.330733,1.023570,0.019923,0.011979,0.353950,0.115678,-0.155392,0.289022,1.254700,-0.099684,-0.091558,-0.213691
0.033626,-7.551823,0.769637,-0.017100,-0.015725,-0.650580,0.759083,0.119860,0.110009,0.122618,0.222572,-0.326056,-0.090489,0.142549,0.017953,-0.343285,0.120103,-0.185722,0.000930,-0.011682,0.005132,0.150247,0.127851,0.200607,-0.330074,1.023353,0.019676,0.012941,0.353173,0.115830,-0.155386,0.288589,1.254931,-0.099996,-0.091686,-0.213583
0.034039,-7.551829,0.769656,-0.017265,-0.015897,-0.651163,0.758575,0.121658,0.109370,0.124422,0.220974,-0.325728,-0.089166,0.142919,0.017438,-0.341646,0.120143,-0.185460,0.001504,-0.011743,0.005428,0.151089,0.127819,0.200846,-0.329046,1.022909,0.019700,0.013838,0.351839,0.115717,-0.155266,0.287542,1.255271,-0.101468,-0.091711,-0.213485
0.034437,-7.551793,0.769704,-0.017437,-0.016076,-0.651738,0.758073,0.123426,0.108757,0.126179,0.219429,-0.325426,-0.087898,0.143299,0.016945,-0.340049,0.120172,-0.185184,0.002082,-0.011714,0.005729,0.151853,0.127921,0.201064,-0.328335,1.022581,0.019715,0.014568,0.350613,0.115604,-0.155060,0.286571,1.255682,-0.103180,-0.091622,-0.213438
0.034836,-7.551693,0.769740,-0.017595,-0.016218,-0.652266,0.757612,0.125061,0.108222,0.127803,0.217890,-0.325144,-0.086817,0.143607,0.016511,-0.338645,0.120186,-0.184950,0.002699,-0.011481,0.005950,0.152517,0.128069,0.201294,-0.327941,1.022407,0.019884,0.015010,0.349882,0.115518,-0.154753,0.285966,1.256075,-0.104626,-0.091449,-0.213329
0.035182,-7.551592,0.769762,-0.017723,-0.016310,-0.652728,0.757209,0.126500,0.107781,0.129226,0.216351,-0.324878,-0.085981,0.143791,0.016144,-0.337535,0.120195,-0.184787,0.003404,-0.010938,0.006128,0.153007,0.128251,0.201443,-0.327967,1.022443,0.020274,0.014996,0.349992,0.115499,-0.154487,0.286218,1.256467,-0.105455,-0.091156,-0.213077
0.035516,-7.551537,0.769764,-0.017836,-0.016375,-0.653150,0.756841,0.127789,0.107417,0.130512,0.214877,-0.324648,-0.085312,0.143905,0.015832,-0.336612,0.120195,-0.184656,0.004162,-0.010181,0.006313,0.153452,0.128479,0.201522,-0.328223,1.022612,0.020898,0.014624,0.350589,0.115555,-0.154289,0.286915,1.256742,-0.106105,-0.090738,-0.212694
0.035766,-7.551545,0.769763,-0.017955,-0.016435,-0.653556,0.756486,0.129077,0.107091,0.131768,0.213366,-0.324416,-0.084732,0.144009,0.015548,-0.335734,0.120189,-0.184516,0.004890,-0.009746,0.006291,0.153724,0.129119,0.201715,-0.328470,1.022742,0.021480,0.014221,0.351262,0.115331,-0.153693,0.288060,1.257380,-0.106664,-0.090267,-0.212511
0.036038,-7.551512,0.769763,-0.018103,-0.016514,-0.653971,0.756123,0.130456,0.106777,0.133090,0.211819,-0.324181,-0.084160,0.144179,0.015291,-0.334773,0.120197,-0.184349,0.005500,-0.009516,0.006299,0.154127,0.129841,0.201953,-0.328715,1.022806,0.022032,0.014093,0.351364,0.115038,-0.152892,0.288054,1.257878,-0.107950,-0.089848,-0.212426
0.036335,-7.551474,0.769778,-0.018302,-0.016622,-0.654391,0.755752,0.131979,0.106486,0.134505,0.210257,-0.323985,-0.083591,0.144462,0.015068,-0.333708,0.120184,-0.184095,0.005947,-0.010030,0.006610,0.154766,0.130918,0.202056,-0.328772,1.022532,0.022463,0.014442,0.350626,0.115023,-0.152484,0.286968,1.257533,-0.110032,-0.089378,-0.212359
0.036688,-7.551349,0.769778,-0.018554,-0.016771,-0.654842,0.755352,0.133747,0.106213,0.136065,0.208510,-0.323732,-0.083068,0.144855,0.014874,-0.332510,0.120208,-0.183816,0.006278,-0.009824,0.006745,0.155541,0.131470,0.202459,-0.329755,1.022696,0.022780,0.015108,0.349453,0.114721,-0.151036,0.283463,1.257674,-0.113588,-0.088967,-0.212591
0.036959,-7.551234,0.769779,-0.018788,-0.016894,-0.655272,0.754971,0.135406,0.105951,0.137558,0.206850,-0.323529,-0.082566,0.145201,0.014693,-0.331352,0.120216,-0.183537,0.006572,-0.010311,0.006982,0.156240,0.132657,0.202721,-0.330210,1.022468,0.023080,0.015700,0.348140,0.114604,-0.150106,0.280825,1.257329,-0.116547,-0.088596,-0.212724
0.037229,-7.551206,0.769788,-0.018954,-0.016983,-0.655683,0.754607,0.136835,0.105664,0.138933,0.205259,-0.323304,-0.082058,0.145397,0.014499,-0.330256,0.120216,-0.183306,0.006893,-0.010308,0.007051,0.156601,0.133677,0.203025,-0.330980,1.022668,0.023227,0.015882,0.347121,0.114553,-0.148973,0.278657,1.257293,-0.118659,-0.088493,-0.212827
0.037464,-7.551176,0.769781,-0.019035,-0.017005,-0.656084,0.754256,0.138015,0.105335,0.140183,0.203685,-0.323059,-0.081540,0.145354,0.014272,-0.329221,0.120242,-0.183152,0.007266,-0.009927,0.006688,0.156446,0.134856,0.203502,-0.331841,1.023127,0.023193,0.015366,0.346556,0.114328,-0.147211,0.277154,1.257960,-0.119972,-0.088705,-0.213137
0.037705,-7.551161,0.769790,-0.019062,-0.016978,-0.656476,0.753915,0.139018,0.104989,0.141351,0.202125,-0.322803,-0.081024,0.145171,0.014041,-0.328220,0.120241,-0.183025,0.007651,-0.009789,0.006308,0.156041,0.136524,0.203857,-0.332289,1.023405,0.023128,0.014384,0.346124,0.114269,-0.145791,0.276539,1.258453,-0.120526,-0.089122,-0.213372
0.037986,-7.551055,0.769799,-0.019071,-0.016930,-0.656839,0.753599,0.139851,0.104646,0.142417,0.200737,-0.322581,-0.080519,0.144912,0.013803,-0.327285,0.120266,-0.182917,0.008024,-0.009639,0.006039,0.155576,0.138166,0.204058,-0.332739,1.023825,0.023066,0.013437,0.345760,0.114374,-0.144831,0.276890,1.258735,-0.119943,-0.089650,-0.213343
0.038177,-7.551000,0.769800,-0.019083,-0.016905,-0.657150,0.753328,0.140544,0.104313,0.143358,0.199599,-0.322390,-0.080040,0.144709,0.013562,-0.326453,0.120272,-0.182788,0.008355,-0.009432,0.005468,0.155062,0.139462,0.204427,-0.333301,1.024746,0.023095,0.013051,0.345470,0.113826,-0.143386,0.278650,1.259936,-0.117879,-0.090202,-0.213245
0.038391,-7.550930,0.769810,-0.019105,-0.016886,-0.657396,0.753114,0.141024,0.104012,0.144158,0.198832,-0.322271,-0.079596,0.144528,0.013334,-0.325743,0.120290,-0.182642,0.008622,-0.008954,0.005082,0.154675,0.140154,0.204699,-0.334254,1.026123,0.023277,0.013512,0.345162,0.113229,-0.142700,0.282940,1.261104,-0.112744,-0.090874,-0.212429
0.038587,-7.550854,0.769820,-0.019130,-0.016851,-0.657591,0.752944,0.141308,0.103726,0.144833,0.198336,-0.322190,-0.079179,0.144336,0.013103,-0.325133,0.120304,-0.182478,0.008846,-0.008459,0.004653,0.154259,0.140639,0.204981,-0.335257,1.027774,0.023579,0.014503,0.344891,0.112340,-0.142313,0.289458,1.262611,-0.105192,-0.091665,-0.211195
0.038804,-7.550755,0.769831,-0.019152,-0.016847,-0.657755,0.752800,0.141524,0.103438,0.145408,0.197990,-0.322144,-0.078768,0.144186,0.012865,-0.324595,0.120303,-0.182306,0.009060,-0.008742,0.004112,0.153932,0.141751,0.205376,-0.335487,1.028969,0.023916,0.015586,0.344531,0.111235,-0.141992,0.296490,1.264114,-0.097787,-0.092311,-0.209996
0.039036,-7.550619,0.769822,-0.019210,-0.016876,-0.657909,0.752663,0.141820,0.103141,0.145913,0.197654,-0.322108,-0.078339,0.144133,0.012620,-0.324102,0.120306,-0.182148,0.009303,-0.008630,0.003998,0.153951,0.142428,0.205507,-0.336281,1.030432,0.023931,0.016306,0.344114,0.111072,-0.141778,0.299318,1.264369,-0.094144,-0.092617,-0.209065
0.039253,-7.550499,0.769836,-0.019324,-0.016963,-0.658059,0.752527,0.142307,0.102813,0.146336,0.197258,-0.322074,-0.077881,0.144247,0.012352,-0.323650,0.120323,-0.182035,0.009605,-0.009380,0.004025,0.154274,0.143838,0.205544,-0.336495,1.031358,0.023679,0.016544,0.343629,0.111519,-0.141232,0.297669,1.263604,-0.095837,-0.092286,-0.208921
0.039447,-7.550366,0.769840,-0.019463,-0.017117,-0.658193,0.752403,0.142906,0.102460,0.146675,0.196867,-0.322041,-0.077406,0.144501,0.012063,-0.323247,0.120329,-0.181935,0.009939,-0.009302,0.004165,0.154768,0.144265,0.205432,-0.337763,1.033292,0.023101,0.016523,0.343245,0.112403,-0.139688,0.291030,1.262632,-0.101823,-0.091618,-0.209372
0.039644,-7.550216,0.769841,-0.019607,-0.017259,-0.658309,0.752294,0.143413,0.102111,0.146950,0.196572,-0.322024,-0.076933,0.144720,0.011769,-0.322902,0.120361,-0.181833,0.010255,-0.009558,0.004315,0.155286,0.144962,0.205270,-0.338704,1.035079,0.022361,0.016385,0.342833,0.113267,-0.138311,0.284766,1.261545,-0.107732,-0.090933,-0.209845
0.039836,-7.550059,0.769858,-0.019709,-0.017357,-0.658402,0.752208,0.143753,0.101775,0.147198,0.196278,-0.321959,-0.076488,0.144811,0.011483,-0.322610,0.120358,-0.181676,0.010508,-0.009040,0.004167,0.155423,0.144887,0.205106,-0.340376,1.037854,0.021273,0.016263,0.342638,0.113491,-0.136472,0.281051,1.261678,-0.110525,-0.090694,-0.210219
0.040038,-7.549889,0.769887,-0.019746,-0.017379,-0.658469,0.752148,0.143807,0.101459,0.147427,0.196024,-0.321836,-0.076072,0.144657,0.011203,-0.322387,0.120376,-0.181475,0.010662,-0.008801,0.003755,0.155269,0.145190,0.205103,-0.341482,1.040501,0.019898,0.016320,0.342167,0.113010,-0.135493,0.283718,1.262541,-0.107120,-0.091037,-0.209882
0.040218,-7.549739,0.769921,-0.019738,-0.017363,-0.658513,0.752110,0.143673,0.101153,0.147623,0.195797,-0.321669,-0.075675,0.144373,0.010927,-0.322225,0.120373,-0.181227,0.010753,-0.008576,0.003221,0.154956,0.145569,0.205172,-0.342434,1.043219,0.018218,0.016443,0.341516,0.112172,-0.135047,0.289938,1.263787,-0.100117,-0.091729,-0.209112
0.040368,-7.549577,0.769938,-0.019728,-0.017330,-0.658541,0.752087,0.143435,0.100860,0.147770,0.195681,-0.321535,-0.075290,0.144044,0.010655,-0.322102,0.120385,-0.180969,0.010829,-0.008912,0.002660,0.154666,0.146477,0.205268,-0.342795,1.045360,0.016552,0.016338,0.341100,0.111219,-0.134822,0.296910,1.264953,-0.092952,-0.092523,-0.208355
0.040550,-7.549348,0.769955,-0.019750,-0.017316,-0.658558,0.752072,0.143161,0.100590,0.147855,0.195768,-0.321500,-0.074909,0.143790,0.010404,-0.321991,0.120388,-0.180712,0.010935,-0.009107,0.002450,0.154692,0.147320,0.205263,-0.343465,1.046972,0.015026,0.015714,0.341373,0.111107,-0.134670,0.299969,1.264948,-0.089721,-0.093222,-0.207903
0.040675,-7.549169,0.769979,-0.019811,-0.017343,-0.658573,0.752056,0.142931,0.100344,0.147896,0.196037,-0.321592,-0.074543,0.143655,0.010175,-0.321860,0.120398,-0.180468,0.011097,-0.010117,0.002509,0.155038,0.148941,0.205175,-0.343648,1.047339,0.013629,0.014293,0.342634,0.111735,-0.134451,0.298813,1.263709,-0.091841,-0.093642,-0.208107
0.040885,-7.548976,0.769972,-0.019902,-0.017390,-0.658582,0.752045,0.142700,0.100114,0.147893,0.196440,-0.321753,-0.074191,0.143587,0.009967,-0.321730,0.120395,-0.180210,0.011280,-0.009732,0.002873,0.155470,0.149127,0.204713,-0.345494,1.048722,0.012116,0.012281,0.344868,0.112954,-0.133267,0.292266,1.262265,-0.098401,-0.094046,-0.208892
0.041056,-7.548777,0.769980,-0.019992,-0.017436,-0.658567,0.752054,0.142370,0.099890,0.147810,0.196988,-0.321961,-0.073833,0.143517,0.009752,-0.321662,0.120403,-0.179967,0.011468,-0.009702,0.003197,0.155893,0.149577,0.204259,-0.347032,1.049733,0.010819,0.010155,0.347407,0.114146,-0.132052,0.285531,1.260759,-0.105464,-0.094545,-0.209848
0.041217,-7.548535,0.770003,-0.020046,-0.017471,-0.658515,0.752098,0.141877,0.099657,0.147609,0.197634,-0.322155,-0.073448,0.143394,0.009522,-0.321710,0.120381,-0.179717,0.011631,-0.009521,0.003350,0.156117,0.149767,0.203816,-0.348634,1.051034,0.009876,0.008386,0.349890,0.114998,-0.130764,0.280377,1.259782,-0.110501,-0.095362,-0.210730
0.041371,-7.548315,0.770032,-0.020057,-0.017459,-0.658411,0.752189,0.141077,0.099412,0.147240,0.198500,-0.322374,-0.073006,0.143132,0.009252,-0.321921,0.120383,-0.179491,0.011765,-0.009637,0.003235,0.156103,0.150092,0.203491,-0.349875,1.052348,0.009425,0.007130,0.352355,0.115357,-0.129682,0.278158,1.259333,-0.112519,-0.096631,-0.211440
0.041519,-7.548079,0.770044,-0.020033,-0.017425,-0.658269,0.752314,0.140061,0.099162,0.146738,0.199544,-0.322623,-0.072527,0.142792,0.008965,-0.322252,0.120389,-0.179282,0.011880,-0.010221,0.003039,0.156066,0.150869,0.203338,-0.350609,1.053092,0.009363,0.006138,0.354847,0.115637,-0.129136,0.277704,1.258697,-0.112920,-0.098202,-0.211952
0.041648,-7.547846,0.770059,-0.020018,-0.017399,-0.658107,0.752457,0.139029,0.098911,0.146189,0.200622,-0.322860,-0.072059,0.142484,0.008675,-0.322635,0.120374,-0.179071,0.011990,-0.010689,0.002800,0.156017,0.151546,0.203177,-0.351252,1.053745,0.009547,0.005248,0.357133,0.115830,-0.128558,0.277645,1.258217,-0.112562,-0.099875,-0.212424
0.041758,-7.547626,0.770076,-0.020043,-0.017422,-0.657944,0.752598,0.138172,0.098680,0.145680,0.201652,-0.323103,-0.071658,0.142311,0.008409,-0.322999,0.120383,-0.178900,0.012105,-0.011140,0.002668,0.156217,0.152455,0.203084,-0.351424,1.053635,0.009917,0.004321,0.358703,0.116202,-0.128299,0.277458,1.257377,-0.111942,-0.101413,-0.212678
0.041872,-7.547399,0.770097,-0.020120,-0.017501,-0.657820,0.752703,0.137613,0.098450,0.145330,0.202469,-0.323273,-0.071355,0.142277,0.008160,-0.323241,0.120388,-0.178732,0.012240,-0.011340,0.002622,0.156581,0.153298,0.203031,-0.351328,1.053060,0.010332,0.003249,0.359300,0.116695,-0.128197,0.277122,1.256379,-0.110795,-0.102825,-0.212702
0.042007,-7.547160,0.770112,-0.020276,-0.017670,-0.657603,0.752885,0.137216,0.098228,0.144760,0.203415,-0.323517,-0.071110,0.142573,0.007918,-0.323710,0.120369,-0.178642,0.012416,-0.011317,0.002631,0.157230,0.154228,0.202790,-0.350884,1.051923,0.011445,0.002196,0.359322,0.117328,-0.127787,0.275871,1.255310,-0.109780,-0.104185,-0.212676
0.042123,-7.546889,0.770113,-0.020423,-0.017817,-0.657427,0.753031,0.136830,0.098023,0.144318,0.204277,-0.323720,-0.070883,0.142770,0.007690,-0.324062,0.120390,-0.178530,0.012551,-0.011158,0.002640,0.157790,0.154888,0.202576,-0.350425,1.050945,0.012378,0.001171,0.359155,0.117797,-0.127498,0.274899,1.254519,-0.108382,-0.105490,-0.212643
0.042223,-7.546648,0.770123,-0.020533,-0.017911,-0.657262,0.753170,0.136310,0.097837,0.143898,0.205114,-0.323884,-0.070622,0.142827,0.007489,-0.324383,0.120372,-0.178339,0.012606,-0.010898,0.002637,0.158206,0.155201,0.202096,-0.349970,1.050443,0.013278,0.000316,0.359433,0.117928,-0.126965,0.273689,1.254315,-0.107439,-0.106644,-0.212913
0.042327,-7.546418,0.770134,-0.020576,-0.017942,-0.657101,0.753308,0.135507,0.097703,0.143482,0.206072,-0.324059,-0.070311,0.142639,0.007324,-0.324678,0.120394,-0.178075,0.012533,-0.010727,0.002626,0.158401,0.155587,0.201510,-0.349501,1.049991,0.013811,-0.000254,0.360316,0.118039,-0.126445,0.272703,1.254318,-0.106638,-0.107673,-0.213570
0.042436,-7.546169,0.770168,-0.020608,-0.017909,-0.656948,0.753441,0.134572,0.097600,0.143091,0.207063,-0.324232,-0.069980,0.142338,0.007193,-0.324942,0.120384,-0.177743,0.012374,-0.010593,0.002580,0.158609,0.156469,0.201280,-0.349031,1.048743,0.013923,-0.000580,0.361358,0.118497,-0.126285,0.272039,1.253852,-0.105639,-0.108575,-0.214312
0.042519,-7.545914,0.770199,-0.020612,-0.017869,-0.656801,0.753570,0.133589,0.097501,0.142708,0.208015,-0.324368,-0.069639,0.141952,0.007064,-0.325199,0.120391,-0.177389,0.012199,-0.010443,0.002559,0.158780,0.157185,0.201085,-0.348624,1.047634,0.014083,-0.000893,0.362409,0.118697,-0.126165,0.271430,1.253740,-0.104842,-0.109298,-0.215006
0.042592,-7.545642,0.770228,-0.020626,-0.017833,-0.656681,0.753675,0.132689,0.097374,0.142379,0.208849,-0.324458,-0.069300,0.141561,0.006911,-0.325414,0.120392,-0.177045,0.012085,-0.010235,0.002616,0.158898,0.157343,0.200504,-0.348428,1.047238,0.014469,-0.001368,0.363376,0.118366,-0.125863,0.270845,1.254312,-0.104323,-0.109709,-0.215505
0.042690,-7.545404,0.770257,-0.020623,-0.017817,-0.656590,0.753755,0.131843,0.097199,0.142095,0.209566,-0.324481,-0.068948,0.141156,0.006711,-0.325597,0.120384,-0.176727,0.012081,-0.010055,0.002681,0.158937,0.157323,0.200124,-0.348923,1.047032,0.014655,-0.002135,0.364120,0.117826,-0.125740,0.271141,1.255159,-0.103430,-0.109652,-0.215588
0.042766,-7.545104,0.770296,-0.020599,-0.017798,-0.656514,0.753822,0.130984,0.096991,0.141831,0.210210,-0.324450,-0.068578,0.140678,0.006478,-0.325768,0.120393,-0.176418,0.012139,-0.009881,0.002757,0.158895,0.157057,0.199853,-0.349830,1.047099,0.014735,-0.003102,0.364707,0.116980,-0.125718,0.271907,1.256416,-0.102405,-0.109262,-0.215370
0.042852,-7.544811,0.770316,-0.020592,-0.017784,-0.656466,0.753865,0.130265,0.096787,0.141645,0.210684,-0.324372,-0.068237,0.140235,0.006261,-0.325873,0.120380,-0.176100,0.012185,-0.009685,0.002893,0.158805,0.156718,0.199451,-0.350961,1.047294,0.014711,-0.003975,0.365328,0.116210,-0.125799,0.272912,1.257622,-0.101467,-0.108716,-0.215132
0.042977,-7.544489,0.770344,-0.020615,-0.017803,-0.656448,0.753879,0.129745,0.096616,0.141566,0.211017,-0.324293,-0.067961,0.139890,0.006095,-0.325877,0.120373,-0.175788,0.012144,-0.009467,0.002950,0.158999,0.156628,0.199185,-0.351597,1.046961,0.014868,-0.004490,0.365804,0.115535,-0.125913,0.273470,1.258415,-0.101191,-0.108286,-0.214926
0.043057,-7.544231,0.770352,-0.020686,-0.017852,-0.656463,0.753863,0.129495,0.096495,0.141612,0.211133,-0.324198,-0.067780,0.139660,0.006000,-0.325762,0.120400,-0.175493,0.011969,-0.009234,0.002976,0.159311,0.156663,0.198857,-0.351898,1.046503,0.015012,-0.004630,0.366423,0.115163,-0.126045,0.273558,1.258753,-0.101687,-0.107989,-0.214890
0.043122,-7.543960,0.770367,-0.020788,-0.017927,-0.656508,0.753819,0.129477,0.096389,0.141763,0.211022,-0.324059,-0.067663,0.139530,0.005948,-0.325550,0.120415,-0.175194,0.011710,-0.008984,0.002886,0.159809,0.156834,0.198627,-0.351886,1.045758,0.015253,-0.004494,0.367027,0.114866,-0.126124,0.273290,1.258821,-0.102880,-0.107716,-0.214914
0.043186,-7.543665,0.770383,-0.020911,-0.018010,-0.656581,0.753751,0.129566,0.096309,0.141996,0.210829,-0.323911,-0.067572,0.139441,0.005928,-0.325269,0.120418,-0.174893,0.011435,-0.008592,0.002928,0.160335,0.156712,0.198095,-0.351826,1.045330,0.015598,-0.004161,0.367481,0.114534,-0.126294,0.272901,1.258898,-0.104184,-0.107488,-0.214942
0.043235,-7.543410,0.770405,-0.021022,-0.018093,-0.656677,0.753662,0.129646,0.096244,0.142280,0.210629,-0.323749,-0.067465,0.139303,0.005913,-0.324946,0.120422,-0.174581,0.011207,-0.008060,0.002839,0.160835,0.156668,0.197873,-0.351841,1.044676,0.015837,-0.003640,0.367427,0.114092,-0.126386,0.273047,1.259062,-0.104849,-0.107317,-0.214956
0.043306,-7.543162,0.770436,-0.021137,-0.018173,-0.656805,0.753545,0.129754,0.096199,0.142642,0.210382,-0.323559,-0.067338,0.139128,0.005911,-0.324579,0.120432,-0.174266,0.011052,-0.007454,0.002872,0.161211,0.156309,0.197450,-0.351873,1.044386,0.016117,-0.002819,0.366734,0.113397,-0.126664,0.274274,1.259567,-0.104348,-0.107256,-0.214898
0.043358,-7.542888,0.770456,-0.021259,-0.018254,-0.656961,0.753404,0.129945,0.096177,0.143079,0.210029,-0.323335,-0.067212,0.138956,0.005936,-0.324156,0.120426,-0.173946,0.010930,-0.006832,0.002911,0.161569,0.155925,0.197039,-0.351788,1.044054,0.016428,-0.001709,0.365513,0.112596,-0.127110,0.276299,1.260128,-0.103102,-0.107272,-0.214778
0.043376,-7.542563,0.770469,-0.021370,-0.018332,-0.657136,0.753246,0.130082,0.096160,0.143552,0.209750,-0.323127,-0.067077,0.138728,0.005953,-0.323690,0.120448,-0.173620,0.010819,-0.005930,0.002874,0.161979,0.155477,0.196850,-0.351862,1.043649,0.016651,-0.000626,0.364129,0.111801,-0.127386,0.277782,1.260612,-0.102143,-0.107288,-0.214675
0.043379,-7.542263,0.770491,-0.021460,-0.018389,-0.657318,0.753083,0.130060,0.096140,0.144024,0.209635,-0.322937,-0.066917,0.138441,0.005967,-0.323191,0.120421,-0.173235,0.010692,-0.005955,0.002963,0.162325,0.155687,0.196286,-0.351093,1.042988,0.016841,0.000043,0.363082,0.111090,-0.128168,0.279680,1.260646,-0.101405,-0.107099,-0.214642
0.043414,-7.541937,0.770519,-0.021526,-0.018428,-0.657510,0.752913,0.129892,0.096101,0.144500,0.209676,-0.322750,-0.066728,0.138046,0.005944,-0.322639,0.120439,-0.172835,0.010555,-0.005740,0.003042,0.162732,0.155789,0.195726,-0.350484,1.042534,0.016849,0.000124,0.362429,0.110486,-0.128728,0.280051,1.260516,-0.101811,-0.106856,-0.214662
0.043438,-7.541620,0.770541,-0.021564,-0.018462,-0.657716,0.752731,0.129617,0.096047,0.144995,0.209819,-0.322557,-0.066515,0.137592,0.005907,-0.322037,0.120446,-0.172406,0.010416,-0.005433,0.002915,0.163108,0.156084,0.195431,-0.349973,1.041974,0.016596,-0.000137,0.361976,0.109853,-0.128940,0.279741,1.260423,-0.102768,-0.106567,-0.214821
0.043474,-7.541331,0.770572,-0.021599,-0.018474,-0.657927,0.752545,0.129239,0.096002,0.145487,0.210063,-0.322383,-0.066294,0.137071,0.005871,-0.321424,0.120456,-0.171944,0.010255,-0.005376,0.003004,0.163461,0.156203,0.194630,-0.349118,1.041786,0.016548,-0.000526,0.361678,0.109253,-0.129337,0.278849,1.260025,-0.104411,-0.106072,-0.215096
0.043502,-7.541008,0.770614,-0.021610,-0.018482,-0.658133,0.752365,0.128804,0.095977,0.145950,0.210301,-0.322199,-0.066080,0.136500,0.005855,-0.320846,0.120472,-0.171466,0.010057,-0.005336,0.003128,0.163681,0.156276,0.193691,-0.348442,1.041654,0.016453,-0.000696,0.361511,0.108934,-0.129633,0.277289,1.259077,-0.106764,-0.105213,-0.215735
0.043530,-7.540669,0.770661,-0.021616,-0.018446,-0.658328,0.752194,0.128235,0.095971,0.146352,0.210572,-0.322011,-0.065862,0.135846,0.005863,-0.320325,0.120459,-0.170939,0.009789,-0.005471,0.003136,0.163797,0.156738,0.192973,-0.347725,1.040991,0.016216,-0.000673,0.361484,0.108977,-0.129692,0.274652,1.257206,-0.110441,-0.103744,-0.216991
0.043534,-7.540323,0.770710,-0.021599,-0.018392,-0.658520,0.752028,0.127543,0.095984,0.146716,0.210907,-0.321829,-0.065638,0.135097,0.005881,-0.319833,0.120476,-0.170397,0.009470,-0.005483,0.003275,0.163747,0.156835,0.191851,-0.347256,1.040816,0.015921,-0.000616,0.361761,0.109307,-0.129556,0.270658,1.254792,-0.115373,-0.101815,-0.218755
0.043552,-7.539990,0.770741,-0.021576,-0.018347,-0.658716,0.751859,0.126895,0.095999,0.147099,0.211168,-0.321613,-0.065435,0.134362,0.005907,-0.319340,0.120476,-0.169844,0.009154,-0.005628,0.003283,0.163694,0.157163,0.190958,-0.346720,1.040342,0.015761,-0.000301,0.361889,0.109567,-0.129345,0.266938,1.252357,-0.120116,-0.099872,-0.220434
0.043549,-7.539624,0.770768,-0.021589,-0.018320,-0.658923,0.751678,0.126420,0.096018,0.147557,0.211306,-0.321366,-0.065283,0.133720,0.005940,-0.318817,0.120465,-0.169305,0.008885,-0.005755,0.003179,0.163736,0.157533,0.190351,-0.346278,1.039707,0.015955,0.000461,0.361585,0.109524,-0.129199,0.264486,1.250450,-0.123459,-0.098372,-0.221469
0.043527,-7.539310,0.770792,-0.021620,-0.018346,-0.659145,0.751481,0.126241,0.096019,0.148136,0.211123,-0.320976,-0.065219,0.133203,0.005961,-0.318249,0.120465,-0.168810,0.008702,-0.005722,0.002965,0.163850,0.157659,0.190031,-0.346145,1.039238,0.016780,0.001954,0.360473,0.109058,-0.129170,0.263633,1.249413,-0.124855,-0.097504,-0.221583
0.043483,-7.539007,0.770815,-0.021662,-0.018398,-0.659365,0.751285,0.126183,0.096021,0.148753,0.210835,-0.320537,-0.065216,0.132744,0.005976,-0.317689,0.120484,-0.168343,0.008572,-0.005560,0.002727,0.164026,0.157497,0.189800,-0.346208,1.038977,0.018155,0.003983,0.358808,0.108358,-0.129206,0.263529,1.248836,-0.125198,-0.097012,-0.221096
0.043501,-7.538654,0.770848,-0.021735,-0.018462,-0.659617,0.751060,0.126268,0.096039,0.149463,0.210465,-0.320110,-0.065214,0.132359,0.006023,-0.317047,0.120480,-0.167877,0.008433,-0.005359,0.002554,0.164236,0.157247,0.189417,-0.346275,1.038842,0.019505,0.006012,0.357357,0.107511,-0.129349,0.263890,1.248447,-0.125082,-0.096693,-0.220423
0.043502,-7.538315,0.770886,-0.021825,-0.018517,-0.659857,0.750846,0.126217,0.096105,0.150078,0.210357,-0.319865,-0.065143,0.131965,0.006108,-0.316450,0.120487,-0.167425,0.008238,-0.005404,0.002450,0.164489,0.157365,0.188773,-0.346069,1.038315,0.020317,0.007557,0.356829,0.106829,-0.129656,0.264381,1.247615,-0.125183,-0.096308,-0.219985
0.043500,-7.537961,0.770923,-0.021920,-0.018580,-0.660088,0.750639,0.126046,0.096215,0.150591,0.210524,-0.319859,-0.064947,0.131609,0.006250,-0.315888,0.120476,-0.167014,0.007948,-0.005457,0.002328,0.164836,0.157880,0.187992,-0.345729,1.037243,0.020113,0.008427,0.357891,0.106372,-0.129970,0.264729,1.246251,-0.125697,-0.095905,-0.219924
0.043488,-7.537627,0.770936,-0.022049,-0.018629,-0.660316,0.750433,0.125808,0.096363,0.151042,0.210893,-0.320033,-0.064676,0.131269,0.006431,-0.315345,0.120486,-0.166640,0.007594,-0.005443,0.002158,0.165261,0.158632,0.187188,-0.345407,1.035796,0.019244,0.008919,0.360002,0.106005,-0.130219,0.265112,1.244642,-0.126285,-0.095566,-0.220028
0.043445,-7.537350,0.770945,-0.022188,-0.018687,-0.660555,0.750217,0.125579,0.096540,0.151519,0.211316,-0.320238,-0.064419,0.130948,0.006638,-0.314770,0.120488,-0.166254,0.007241,-0.005580,0.002143,0.165659,0.159278,0.185990,-0.344895,1.034630,0.018539,0.009206,0.362087,0.105559,-0.130532,0.265489,1.243077,-0.127016,-0.095173,-0.220163
0.043424,-7.536968,0.770940,-0.022335,-0.018755,-0.660818,0.749979,0.125373,0.096750,0.152095,0.211746,-0.320364,-0.064269,0.130614,0.006852,-0.314115,0.120506,-0.165826,0.006946,-0.005696,0.002174,0.166078,0.159938,0.185010,-0.344429,1.033464,0.018533,0.009545,0.362880,0.105097,-0.130768,0.265398,1.241504,-0.128068,-0.094622,-0.220110
0.043376,-7.536622,0.770952,-0.022506,-0.018818,-0.661119,0.749707,0.125228,0.097006,0.152840,0.212120,-0.320351,-0.064293,0.130282,0.007097,-0.313334,0.120495,-0.165320,0.006723,-0.005874,0.002288,0.166535,0.160735,0.184323,-0.343844,1.032151,0.019617,0.010020,0.361780,0.104602,-0.130919,0.264605,1.239805,-0.129696,-0.093760,-0.219712
0.043323,-7.536339,0.770956,-0.022689,-0.018893,-0.661448,0.749410,0.125120,0.097311,0.153698,0.212504,-0.320285,-0.064430,0.129963,0.007371,-0.312459,0.120474,-0.164776,0.006544,-0.006061,0.002497,0.167001,0.161415,0.183686,-0.343155,1.031033,0.021415,0.010454,0.359509,0.104072,-0.131036,0.263264,1.238042,-0.131767,-0.092697,-0.219086
0.043303,-7.535953,0.770975,-0.022870,-0.018981,-0.661780,0.749109,0.125013,0.097609,0.154556,0.212926,-0.320200,-0.064568,0.129636,0.007628,-0.311577,0.120477,-0.164222,0.006396,-0.006234,0.002725,0.167485,0.162132,0.183111,-0.342641,1.029893,0.023329,0.010823,0.356904,0.103512,-0.131117,0.261923,1.236435,-0.133792,-0.091693,-0.218527
0.043325,-7.535482,0.771002,-0.023042,-0.019074,-0.662087,0.748830,0.124848,0.097860,0.155302,0.213436,-0.320134,-0.064601,0.129344,0.007838,-0.310770,0.120460,-0.163666,0.006272,-0.006396,0.002838,0.167965,0.162931,0.182699,-0.342528,1.028706,0.024749,0.011049,0.354738,0.102893,-0.131157,0.261231,1.235269,-0.135201,-0.091022,-0.218308
0.043302,-7.535108,0.771038,-0.023210,-0.019194,-0.662363,0.748577,0.124659,0.098040,0.155889,0.214048,-0.320093,-0.064461,0.129102,0.007967,-0.310077,0.120456,-0.163124,0.006235,-0.006560,0.002903,0.168441,0.163685,0.182301,-0.342931,1.027644,0.025610,0.010955,0.352944,0.102167,-0.131175,0.261288,1.234739,-0.135963,-0.090813,-0.218650
0.043328,-7.534753,0.771096,-0.023375,-0.019332,-0.662624,0.748338,0.124460,0.098170,0.156384,0.214739,-0.320063,-0.064218,0.128906,0.008040,-0.309445,0.120448,-0.162583,0.006269,-0.006816,0.003032,0.168800,0.164277,0.181609,-0.343701,1.027023,0.026224,0.010615,0.351314,0.101325,-0.131210,0.261995,1.234802,-0.136226,-0.090880,-0.219438
0.043297,-7.534427,0.771123,-0.023527,-0.019460,-0.662873,0.748109,0.124193,0.098295,0.156842,0.215465,-0.320036,-0.063971,0.128668,0.008110,-0.308832,0.120444,-0.162028,0.006242,-0.007031,0.003015,0.169275,0.165093,0.181277,-0.344558,1.026015,0.026597,0.010387,0.350042,0.100492,-0.131214,0.262905,1.234893,-0.136167,-0.091092,-0.220154
0.043236,-7.534054,0.771140,-0.023651,-0.019548,-0.663117,0.747887,0.123783,0.098450,0.157315,0.216223,-0.320025,-0.063814,0.128323,0.008222,-0.308189,0.120436,-0.161457,0.006028,-0.007134,0.002947,0.169736,0.165801,0.180937,-0.345393,1.025152,0.026789,0.010556,0.349694,0.099751,-0.131200,0.263847,1.234869,-0.135777,-0.091270,-0.220497
0.043206,-7.533647,0.771169,-0.023745,-0.019580,-0.663359,0.747668,0.123195,0.098659,0.157823,0.217001,-0.320024,-0.063803,0.127812,0.008413,-0.307472,0.120448,-0.160861,0.005466,-0.007094,0.002849,0.170134,0.166228,0.180360,-0.346281,1.024727,0.026555,0.011322,0.351082,0.099002,-0.131173,0.264995,1.234898,-0.134706,-0.091489,-0.220363
0.043182,-7.533267,0.771192,-0.023818,-0.019574,-0.663593,0.747458,0.122469,0.098886,0.158332,0.217825,-0.320047,-0.063876,0.127214,0.008642,-0.306721,0.120454,-0.160250,0.004672,-0.006910,0.002706,0.170598,0.166481,0.179699,-0.347213,1.024447,0.026035,0.012496,0.353661,0.098275,-0.131151,0.266222,1.234899,-0.133178,-0.091800,-0.219887
0.043162,-7.532892,0.771197,-0.023870,-0.019552,-0.663822,0.747254,0.121688,0.099123,0.158837,0.218632,-0.320061,-0.063955,0.126554,0.008876,-0.305998,0.120457,-0.159626,0.003912,-0.006817,0.002778,0.170849,0.166231,0.178335,-0.347968,1.025118,0.025818,0.013705,0.356341,0.097499,-0.131166,0.267435,1.235166,-0.131752,-0.091982,-0.219400
0.043115,-7.532526,0.771225,-0.023908,-0.019530,-0.664044,0.747056,0.120943,0.099343,0.159333,0.219339,-0.320022,-0.063964,0.125879,0.009063,-0.305369,0.120472,-0.159030,0.003462,-0.006731,0.002856,0.171078,0.166237,0.177349,-0.348478,1.025458,0.026224,0.014697,0.357507,0.096962,-0.131171,0.268052,1.235110,-0.131168,-0.091859,-0.218906
0.043074,-7.532175,0.771249,-0.023933,-0.019497,-0.664258,0.746866,0.120226,0.099550,0.159804,0.219952,-0.319939,-0.063860,0.125199,0.009201,-0.304885,0.120446,-0.158433,0.003493,-0.006785,0.003008,0.171147,0.166459,0.176598,-0.348556,1.025681,0.027783,0.015412,0.356469,0.096675,-0.131106,0.267795,1.234749,-0.131910,-0.091203,-0.218503
0.043030,-7.531856,0.771269,-0.023942,-0.019449,-0.664464,0.746683,0.119509,0.099755,0.160257,0.220488,-0.319817,-0.063693,0.124476,0.009307,-0.304497,0.120416,-0.157839,0.003824,-0.006894,0.003208,0.171086,0.166754,0.175965,-0.348354,1.025937,0.030114,0.016001,0.354089,0.096550,-0.130955,0.266910,1.234227,-0.133528,-0.090175,-0.218115
0.042976,-7.531506,0.771314,-0.023952,-0.019399,-0.664667,0.746504,0.118840,0.099941,0.160724,0.220927,-0.319658,-0.063525,0.123776,0.009398,-0.304133,0.120370,-0.157264,0.004205,-0.006956,0.003367,0.171041,0.167171,0.175514,-0.348145,1.026038,0.032329,0.016467,0.351419,0.096534,-0.130775,0.266124,1.233637,-0.135136,-0.089152,-0.217699
0.042912,-7.531140,0.771359,-0.023965,-0.019376,-0.664871,0.746322,0.118260,0.100103,0.161231,0.221276,-0.319471,-0.063415,0.123115,0.009490,-0.303721,0.120349,-0.156715,0.004370,-0.006756,0.003451,0.171036,0.167211,0.175017,-0.348211,1.026609,0.033677,0.016749,0.349585,0.096336,-0.130557,0.265927,1.233530,-0.136024,-0.088546,-0.217281
0.042960,-7.530728,0.771393,-0.023987,-0.019380,-0.665086,0.746130,0.117887,0.100216,0.161841,0.221363,-0.319189,-0.063418,0.122517,0.009576,-0.303238,0.120353,-0.156218,0.004260,-0.006260,0.003411,0.171232,0.167197,0.174606,-0.348656,1.027108,0.033710,0.016858,0.348963,0.096096,-0.130414,0.266823,1.233665,-0.135603,-0.088583,-0.216770
0.042908,-7.530358,0.771414,-0.024019,-0.019394,-0.665304,0.745934,0.117632,0.100305,0.162516,0.221297,-0.318852,-0.063487,0.121981,0.009664,-0.302721,0.120332,-0.155745,0.004009,-0.005750,0.003313,0.171348,0.166991,0.174060,-0.349206,1.028074,0.032950,0.016770,0.349078,0.095681,-0.130307,0.268767,1.234309,-0.134221,-0.088992,-0.216321
0.042869,-7.530079,0.771433,-0.024054,-0.019420,-0.665514,0.745745,0.117393,0.100374,0.163158,0.221221,-0.318528,-0.063541,0.121450,0.009744,-0.302197,0.120341,-0.155280,0.003662,-0.005240,0.003230,0.171571,0.166813,0.173549,-0.349728,1.028904,0.031905,0.016604,0.349241,0.095324,-0.130274,0.270823,1.234869,-0.132845,-0.089428,-0.215810
0.042804,-7.529742,0.771445,-0.024095,-0.019447,-0.665703,0.745574,0.117067,0.100443,0.163668,0.221277,-0.318286,-0.063503,0.120923,0.009827,-0.301686,0.120351,-0.154787,0.003268,-0.005100,0.003230,0.171665,0.166648,0.172845,-0.349960,1.029914,0.031058,0.016420,0.349067,0.094924,-0.130306,0.272794,1.235486,-0.132040,-0.089496,-0.215406
0.042793,-7.529341,0.771454,-0.024145,-0.019472,-0.665865,0.745427,0.116606,0.100500,0.163983,0.221544,-0.318199,-0.063304,0.120392,0.009909,-0.301166,0.120360,-0.154241,0.002771,-0.005018,0.003338,0.171766,0.166449,0.172232,-0.350140,1.030825,0.030400,0.016189,0.348078,0.094706,-0.130364,0.273953,1.235803,-0.132363,-0.089111,-0.215062
0.042729,-7.528950,0.771485,-0.024196,-0.019507,-0.666007,0.745298,0.116095,0.100537,0.164172,0.221888,-0.318183,-0.063001,0.119881,0.009993,-0.300639,0.120367,-0.153672,0.002171,-0.004978,0.003504,0.171839,0.166187,0.171657,-0.350320,1.031781,0.029696,0.015881,0.346667,0.094594,-0.130431,0.274749,1.236022,-0.133306,-0.088471,-0.214774
0.042733,-7.528589,0.771524,-0.024261,-0.019537,-0.666137,0.745179,0.115557,0.100583,0.164317,0.222290,-0.318184,-0.062708,0.119389,0.010079,-0.300147,0.120357,-0.153086,0.001588,-0.004906,0.003630,0.172024,0.166065,0.171276,-0.350557,1.032414,0.028994,0.015673,0.345320,0.094541,-0.130471,0.275224,1.236079,-0.134532,-0.087686,-0.214394
0.042728,-7.528239,0.771544,-0.024336,-0.019566,-0.666263,0.745063,0.115028,0.100679,0.164504,0.222711,-0.318135,-0.062539,0.118898,0.010178,-0.299738,0.120368,-0.152525,0.001143,-0.004890,0.003812,0.172171,0.165721,0.170616,-0.350850,1.033480,0.028398,0.015634,0.344763,0.094403,-0.130539,0.275711,1.236304,-0.135553,-0.086855,-0.213901
0.042652,-7.527855,0.771570,-0.024421,-0.019608,-0.666383,0.744951,0.114592,0.100835,0.164772,0.223078,-0.317978,-0.062587,0.118487,0.010301,-0.299446,0.120367,-0.152017,0.000891,-0.004880,0.003784,0.172645,0.165829,0.170403,-0.351129,1.033772,0.027942,0.015922,0.345101,0.094240,-0.130549,0.275851,1.236210,-0.136533,-0.085880,-0.212909
0.042606,-7.527487,0.771583,-0.024515,-0.019661,-0.666500,0.744843,0.114219,0.101035,0.165081,0.223425,-0.317763,-0.062771,0.118134,0.010443,-0.299228,0.120348,-0.151526,0.000759,-0.004760,0.003971,0.173006,0.165443,0.169551,-0.351814,1.034919,0.027539,0.016372,0.346415,0.094066,-0.130584,0.275666,1.236307,-0.137529,-0.084725,-0.211782
0.042582,-7.527166,0.771610,-0.024610,-0.019701,-0.666607,0.744742,0.113771,0.101238,0.165364,0.223851,-0.317568,-0.062943,0.117700,0.010565,-0.299051,0.120437,-0.151087,0.000687,-0.004683,0.004084,0.173471,0.165199,0.168889,-0.352335,1.035697,0.027198,0.016943,0.347698,0.093850,-0.130619,0.275549,1.236383,-0.138447,-0.083678,-0.210721
0.042535,-7.526823,0.771623,-0.024682,-0.019721,-0.666707,0.744650,0.113145,0.101413,0.165567,0.224419,-0.317457,-0.062962,0.117198,0.010675,-0.298872,0.120484,-0.150601,0.000615,-0.004545,0.004188,0.173903,0.165037,0.168369,-0.352782,1.036121,0.026787,0.017564,0.348403,0.093626,-0.130664,0.275830,1.236630,-0.139085,-0.082998,-0.210183
0.042547,-7.526396,0.771668,-0.024709,-0.019702,-0.666802,0.744564,0.112212,0.101536,0.165654,0.225244,-0.317504,-0.062706,0.116524,0.010747,-0.298672,0.120515,-0.150052,0.000570,-0.004331,0.004389,0.174129,0.164519,0.167616,-0.353016,1.036840,0.026203,0.018199,0.348378,0.093308,-0.130794,0.276994,1.237407,-0.139139,-0.082942,-0.210474
0.042481,-7.525973,0.771676,-0.024710,-0.019656,-0.666892,0.744485,0.111090,0.101619,0.165664,0.226196,-0.317618,-0.062280,0.115750,0.010793,-0.298476,0.120529,-0.149472,0.000571,-0.004030,0.004538,0.174365,0.164166,0.167098,-0.353112,1.037049,0.025501,0.018966,0.347868,0.092950,-0.130949,0.278649,1.238376,-0.138834,-0.083302,-0.211280
0.042479,-7.525563,0.771720,-0.024718,-0.019612,-0.666970,0.744417,0.109962,0.101719,0.165651,0.227184,-0.317756,-0.061878,0.114984,0.010848,-0.298305,0.120573,-0.148910,0.000543,-0.003697,0.004659,0.174684,0.163837,0.166796,-0.353278,1.037004,0.024920,0.019715,0.347085,0.092644,-0.131057,0.279975,1.239199,-0.138692,-0.083678,-0.212127
0.042448,-7.525190,0.771734,-0.024774,-0.019587,-0.667026,0.744364,0.109026,0.101882,0.165670,0.228062,-0.317833,-0.061693,0.114361,0.010952,-0.298171,0.120641,-0.148399,0.000407,-0.003963,0.004816,0.174949,0.163664,0.166301,-0.353376,1.037060,0.024685,0.020308,0.346418,0.092350,-0.131247,0.281206,1.239752,-0.138758,-0.083596,-0.212701
0.042338,-7.524854,0.771732,-0.024885,-0.019607,-0.667054,0.744336,0.108384,0.102158,0.165751,0.228763,-0.317810,-0.061866,0.113924,0.011138,-0.298083,0.120782,-0.147961,0.000072,-0.004493,0.005031,0.175396,0.163515,0.165894,-0.353754,1.037027,0.024954,0.020745,0.345671,0.092248,-0.131388,0.280877,1.239577,-0.139944,-0.082822,-0.212727
0.042298,-7.524535,0.771732,-0.025041,-0.019649,-0.667058,0.744326,0.107906,0.102512,0.165862,0.229393,-0.317741,-0.062263,0.113617,0.011385,-0.298029,0.120958,-0.147564,-0.000399,-0.004844,0.005323,0.175901,0.162913,0.165529,-0.354748,1.037421,0.025437,0.021034,0.344811,0.092482,-0.131464,0.279154,1.238844,-0.141923,-0.081639,-0.212460
0.042260,-7.524182,0.771729,-0.025207,-0.019703,-0.667056,0.744320,0.107486,0.102859,0.165958,0.229977,-0.317654,-0.062666,0.113341,0.011621,-0.298008,0.121147,-0.147191,-0.000846,-0.004883,0.005642,0.176434,0.162143,0.165255,-0.356225,1.037851,0.026011,0.021253,0.344078,0.092855,-0.131461,0.276963,1.238011,-0.143919,-0.080473,-0.212080
0.042211,-7.523788,0.771733,-0.025344,-0.019769,-0.667062,0.744308,0.107005,0.103112,0.165990,0.230604,-0.317616,-0.062856,0.113082,0.011790,-0.298025,0.121235,-0.146808,-0.001105,-0.004985,0.005804,0.176944,0.161671,0.165144,-0.357416,1.037906,0.026672,0.021413,0.343618,0.092916,-0.131443,0.275952,1.237717,-0.144895,-0.079744,-0.211767
0.042175,-7.523393,0.771742,-0.025448,-0.019840,-0.667080,0.744287,0.106343,0.103226,0.165918,0.231391,-0.317665,-0.062692,0.112795,0.011843,-0.298122,0.121176,-0.146381,-0.001034,-0.004784,0.005877,0.177405,0.161038,0.165086,-0.358768,1.037989,0.027347,0.021488,0.343615,0.092821,-0.131472,0.276126,1.237953,-0.144527,-0.079632,-0.211464
0.042109,-7.523016,0.771771,-0.025533,-0.019925,-0.667101,0.744263,0.105629,0.103246,0.165777,0.232213,-0.317741,-0.062319,0.112546,0.011829,-0.298285,0.120988,-0.145932,-0.000749,-0.004589,0.005875,0.177896,0.160456,0.165064,-0.359993,1.037903,0.028249,0.021479,0.343877,0.092447,-0.131547,0.277114,1.238622,-0.143313,-0.079896,-0.211094
0.042072,-7.522617,0.771803,-0.025615,-0.020014,-0.667127,0.744234,0.104943,0.103258,0.165636,0.233005,-0.317828,-0.061938,0.112282,0.011807,-0.298417,0.120843,-0.145502,-0.000490,-0.004388,0.005903,0.178260,0.160086,0.165037,-0.361231,1.037725,0.029018,0.021405,0.344316,0.092239,-0.131732,0.278670,1.239288,-0.141606,-0.080285,-0.210844
0.042056,-7.522283,0.771821,-0.025719,-0.020095,-0.667163,0.744196,0.104392,0.103331,0.165563,0.233644,-0.317859,-0.061740,0.111981,0.011840,-0.298415,0.120860,-0.145106,-0.000499,-0.004212,0.005941,0.178675,0.159924,0.165007,-0.361842,1.037432,0.029992,0.021274,0.344566,0.092110,-0.131892,0.279837,1.239804,-0.140467,-0.080596,-0.210773
0.042055,-7.521911,0.771818,-0.025850,-0.020153,-0.667206,0.744151,0.104003,0.103495,0.165574,0.234063,-0.317807,-0.061812,0.111553,0.011946,-0.298220,0.121224,-0.144807,-0.000940,-0.003951,0.006035,0.179034,0.160028,0.164949,-0.361890,1.037100,0.031181,0.021058,0.344661,0.092244,-0.132018,0.280550,1.240103,-0.139978,-0.080828,-0.211046
0.041979,-7.521556,0.771845,-0.026002,-0.020230,-0.667266,0.744091,0.103816,0.103713,0.165664,0.234286,-0.317699,-0.062042,0.111154,0.012116,-0.297866,0.121719,-0.144541,-0.001655,-0.003735,0.006154,0.179380,0.160452,0.164823,-0.361410,1.036654,0.032541,0.020763,0.344754,0.092511,-0.132154,0.281357,1.240327,-0.139632,-0.081053,-0.211593
0.041945,-7.521244,0.771851,-0.026168,-0.020291,-0.667328,0.744027,0.103651,0.103935,0.165770,0.234486,-0.317583,-0.062317,0.110737,0.012278,-0.297499,0.122261,-0.144300,-0.002381,-0.003661,0.006280,0.179710,0.160981,0.164650,-0.360599,1.036166,0.033848,0.020431,0.344742,0.092678,-0.132261,0.282138,1.240621,-0.139429,-0.081242,-0.212148
0.041939,-7.520962,0.771844,-0.026320,-0.020369,-0.667394,0.743961,0.103465,0.104123,0.165874,0.234738,-0.317479,-0.062533,0.110412,0.012408,-0.297219,0.122604,-0.144015,-0.002863,-0.003609,0.006416,0.180048,0.161263,0.164441,-0.359964,1.035838,0.034657,0.020137,0.344617,0.092780,-0.132365,0.282777,1.240887,-0.139257,-0.081342,-0.212488
0.041958,-7.520686,0.771831,-0.026470,-0.020473,-0.667464,0.743889,0.103292,0.104252,0.165971,0.235071,-0.317424,-0.062671,0.110228,0.012470,-0.297079,0.122712,-0.143706,-0.002961,-0.003542,0.006564,0.180432,0.161295,0.164302,-0.359773,1.035607,0.034604,0.019870,0.344213,0.092762,-0.132442,0.283158,1.241157,-0.139066,-0.081326,-0.212501
0.041940,-7.520385,0.771840,-0.026612,-0.020583,-0.667536,0.743817,0.103114,0.104350,0.166061,0.235417,-0.317373,-0.062784,0.110118,0.012499,-0.297023,0.122685,-0.143403,-0.002835,-0.003443,0.006715,0.180824,0.161207,0.164242,-0.359797,1.035384,0.033964,0.019619,0.343585,0.092765,-0.132483,0.283296,1.241317,-0.138955,-0.081222,-0.212321
0.041908,-7.520031,0.771869,-0.026719,-0.020672,-0.667595,0.743757,0.102805,0.104436,0.166118,0.235829,-0.317321,-0.062869,0.109908,0.012503,-0.297015,0.122670,-0.143092,-0.002679,-0.003375,0.006865,0.181112,0.161113,0.164188,-0.359859,1.035147,0.033247,0.019403,0.343080,0.092789,-0.132528,0.283375,1.241442,-0.138877,-0.081079,-0.212081
0.041876,-7.519689,0.771898,-0.026842,-0.020761,-0.667671,0.743682,0.102560,0.104546,0.166247,0.236192,-0.317230,-0.062944,0.109695,0.012546,-0.296894,0.122702,-0.142749,-0.002686,-0.003161,0.007044,0.181427,0.161018,0.164100,-0.359862,1.034883,0.032940,0.019238,0.343014,0.092914,-0.132594,0.283386,1.241476,-0.138854,-0.080948,-0.211877
0.041859,-7.519330,0.771926,-0.026940,-0.020808,-0.667754,0.743603,0.102179,0.104701,0.166425,0.236602,-0.317084,-0.062994,0.109298,0.012632,-0.296654,0.122883,-0.142371,-0.002964,-0.002772,0.007193,0.181658,0.160997,0.163974,-0.359550,1.034451,0.033462,0.019196,0.343630,0.093210,-0.132663,0.283236,1.241352,-0.139041,-0.080824,-0.211746
0.041853,-7.519026,0.771954,-0.026994,-0.020793,-0.667823,0.743540,0.101559,0.104879,0.166578,0.237122,-0.316924,-0.063016,0.108677,0.012730,-0.296401,0.123183,-0.141987,-0.003389,-0.002477,0.007364,0.181778,0.161008,0.163696,-0.358722,1.033937,0.034683,0.019237,0.344655,0.093540,-0.132749,0.282967,1.241133,-0.139488,-0.080688,-0.211589
0.041860,-7.518691,0.771973,-0.027043,-0.020771,-0.667883,0.743485,0.100936,0.105036,0.166710,0.237604,-0.316752,-0.063024,0.108042,0.012809,-0.296165,0.123493,-0.141610,-0.003809,-0.002252,0.007523,0.181828,0.160966,0.163394,-0.358051,1.033621,0.035783,0.019229,0.345767,0.093791,-0.132806,0.282802,1.241052,-0.139837,-0.080560,-0.211471
0.041860,-7.518379,0.771965,-0.027109,-0.020794,-0.667953,0.743418,0.100512,0.105127,0.166859,0.237923,-0.316578,-0.063039,0.107546,0.012847,-0.295943,0.123747,-0.141271,-0.004078,-0.002077,0.007652,0.181942,0.160818,0.163256,-0.357927,1.033629,0.036189,0.019040,0.346515,0.093953,-0.132823,0.282787,1.241090,-0.139936,-0.080458,-0.211356
0.041837,-7.518111,0.771976,-0.027187,-0.020891,-0.668029,0.743345,0.100346,0.105113,0.167008,0.238051,-0.316424,-0.063030,0.107289,0.012821,-0.295769,0.123854,-0.140969,-0.004108,-0.002106,0.007784,0.182142,0.160385,0.163127,-0.358418,1.034359,0.035675,0.018512,0.346802,0.093923,-0.132841,0.282990,1.241356,-0.139696,-0.080383,-0.211279
0.041834,-7.517852,0.771965,-0.027282,-0.021018,-0.668110,0.743265,0.100333,0.105033,0.167159,0.238060,-0.316285,-0.063002,0.107145,0.012753,-0.295621,0.123907,-0.140702,-0.003996,-0.002035,0.007991,0.182285,0.159677,0.162996,-0.359862,1.035703,0.034310,0.017771,0.346956,0.094013,-0.132866,0.283271,1.241642,-0.139110,-0.080317,-0.211261
0.041805,-7.517559,0.771980,-0.027377,-0.021172,-0.668188,0.743187,0.100400,0.104940,0.167304,0.237996,-0.316138,-0.063010,0.107071,0.012679,-0.295480,0.123929,-0.140438,-0.003859,-0.001961,0.008190,0.182511,0.158946,0.162967,-0.361409,1.037019,0.032862,0.017065,0.346922,0.094044,-0.132889,0.283513,1.241947,-0.138565,-0.080268,-0.211197
0.041797,-7.517245,0.772008,-0.027497,-0.021309,-0.668257,0.743117,0.100481,0.104904,0.167432,0.237946,-0.316014,-0.063118,0.107000,0.012640,-0.295342,0.124003,-0.140181,-0.003814,-0.001605,0.008487,0.182738,0.158246,0.163008,-0.363124,1.038005,0.031620,0.016669,0.346909,0.094252,-0.132925,0.283517,1.242108,-0.138229,-0.080219,-0.211079
0.041783,-7.516943,0.772026,-0.027638,-0.021445,-0.668312,0.743058,0.100593,0.104945,0.167531,0.237869,-0.315894,-0.063393,0.106925,0.012650,-0.295201,0.124146,-0.139909,-0.003907,-0.001272,0.008828,0.183099,0.157731,0.163077,-0.364264,1.038350,0.031198,0.016768,0.346788,0.094348,-0.132962,0.283468,1.242279,-0.138257,-0.080171,-0.210821
0.041729,-7.516686,0.772044,-0.027796,-0.021572,-0.668355,0.743009,0.100741,0.105026,0.167604,0.237747,-0.315775,-0.063785,0.106858,0.012686,-0.295072,0.124331,-0.139639,-0.004069,-0.001100,0.009201,0.183535,0.157383,0.163121,-0.364919,1.038301,0.031306,0.017178,0.346521,0.094287,-0.132982,0.283519,1.242532,-0.138497,-0.080123,-0.210471
0.041707,-7.516454,0.772039,-0.027968,-0.021712,-0.668402,0.742957,0.100941,0.105116,0.167693,0.237633,-0.315662,-0.064175,0.106842,0.012726,-0.294930,0.124517,-0.139385,-0.004252,-0.000800,0.009604,0.183969,0.156974,0.163187,-0.365802,1.038278,0.031192,0.017591,0.346283,0.094262,-0.133017,0.283562,1.242769,-0.138729,-0.080077,-0.210161
0.041771,-7.516158,0.772047,-0.028115,-0.021834,-0.668454,0.742901,0.100994,0.105186,0.167790,0.237680,-0.315564,-0.064429,0.106753,0.012738,-0.294791,0.124701,-0.139138,-0.004410,-0.000507,0.009980,0.184302,0.156549,0.163276,-0.366825,1.038417,0.030519,0.017688,0.346079,0.094282,-0.133067,0.283647,1.242926,-0.138899,-0.080043,-0.209958
0.041831,-7.515807,0.772053,-0.028242,-0.021947,-0.668524,0.742830,0.100980,0.105215,0.167936,0.237826,-0.315455,-0.064526,0.106615,0.012708,-0.294620,0.124913,-0.138950,-0.004548,-0.000308,0.010281,0.184547,0.156082,0.163369,-0.367921,1.038800,0.028945,0.017200,0.345986,0.094312,-0.133128,0.283793,1.242972,-0.139142,-0.079969,-0.209982
0.041863,-7.515502,0.772064,-0.028355,-0.022050,-0.668603,0.742752,0.100899,0.105229,0.168102,0.238060,-0.315342,-0.064528,0.106435,0.012657,-0.294439,0.125131,-0.138782,-0.004687,-0.000029,0.010594,0.184708,0.155588,0.163508,-0.369353,1.039277,0.026646,0.016365,0.345991,0.094485,-0.133237,0.283888,1.242843,-0.139427,-0.079880,-0.210146
0.041891,-7.515236,0.772067,-0.028457,-0.022149,-0.668679,0.742677,0.100726,0.105242,0.168262,0.238423,-0.315258,-0.064449,0.106228,0.012594,-0.294274,0.125355,-0.138617,-0.004796,0.000037,0.010829,0.184884,0.155108,0.163580,-0.370249,1.039854,0.024648,0.015591,0.345829,0.094395,-0.133301,0.284221,1.242920,-0.139577,-0.079844,-0.210263
0.041884,-7.515089,0.772077,-0.028559,-0.022232,-0.668737,0.742618,0.100420,0.105268,0.168378,0.238974,-0.315237,-0.064300,0.106041,0.012553,-0.294161,0.125484,-0.138374,-0.004851,0.000250,0.011096,0.184962,0.154672,0.163737,-0.371410,1.040494,0.023041,0.015327,0.345503,0.094389,-0.133449,0.284977,1.243090,-0.138966,-0.079948,-0.210171
0.041899,-7.514858,0.772101,-0.028652,-0.022300,-0.668768,0.742584,0.099906,0.105314,0.168425,0.239813,-0.315306,-0.064036,0.105840,0.012525,-0.294141,0.125536,-0.138047,-0.004803,0.000406,0.011304,0.185065,0.154196,0.163904,-0.372020,1.041300,0.022555,0.015876,0.344660,0.094018,-0.133596,0.286341,1.243773,-0.137416,-0.080318,-0.209620
0.041949,-7.514526,0.772121,-0.028733,-0.022357,-0.668782,0.742567,0.099222,0.105366,0.168428,0.240873,-0.315433,-0.063665,0.105648,0.012508,-0.294183,0.125486,-0.137645,-0.004680,0.000222,0.011408,0.185092,0.154098,0.164186,-0.372191,1.041913,0.022574,0.016950,0.343488,0.093434,-0.133833,0.288819,1.244747,-0.134796,-0.080855,-0.208805
0.041935,-7.514281,0.772137,-0.028813,-0.022410,-0.668792,0.742553,0.098506,0.105435,0.168422,0.241981,-0.315576,-0.063286,0.105437,0.012500,-0.294229,0.125461,-0.137241,-0.004572,-0.000322,0.011457,0.185200,0.154461,0.164589,-0.371828,1.041991,0.022977,0.018074,0.342263,0.092762,-0.134144,0.291543,1.245598,-0.132228,-0.081342,-0.208006
0.041940,-7.514022,0.772146,-0.028912,-0.022469,-0.668817,0.742525,0.097920,0.105519,0.168450,0.242954,-0.315695,-0.063003,0.105233,0.012510,-0.294213,0.125523,-0.136894,-0.004568,-0.000531,0.011616,0.185350,0.154471,0.164818,-0.371783,1.042292,0.023358,0.018729,0.341474,0.092361,-0.134296,0.292896,1.246042,-0.130987,-0.081588,-0.207620
0.041962,-7.513765,0.772152,-0.029040,-0.022520,-0.668854,0.742485,0.097445,0.105648,0.168516,0.243768,-0.315758,-0.062876,0.105028,0.012558,-0.294123,0.125656,-0.136585,-0.004732,-0.000932,0.011827,0.185571,0.154849,0.164996,-0.371650,1.042037,0.023620,0.018706,0.341274,0.092312,-0.134379,0.293244,1.245745,-0.131247,-0.081445,-0.207900
0.041997,-7.513507,0.772141,-0.029172,-0.022572,-0.668898,0.742439,0.097010,0.105810,0.168597,0.244535,-0.315816,-0.062840,0.104786,0.012631,-0.293999,0.125900,-0.136334,-0.005002,-0.001335,0.012106,0.185831,0.155309,0.165116,-0.371541,1.041575,0.023918,0.018299,0.341464,0.092487,-0.134383,0.292744,1.244991,-0.132543,-0.081054,-0.208611
0.042025,-7.513242,0.772144,-0.029319,-0.022639,-0.668954,0.742381,0.096682,0.105956,0.168704,0.245201,-0.315848,-0.062801,0.104595,0.012698,-0.293827,0.126145,-0.136088,-0.005282,-0.001545,0.012403,0.186163,0.155664,0.165206,-0.371553,1.041108,0.024330,0.017809,0.341741,0.092750,-0.134329,0.291771,1.244084,-0.134252,-0.080598,-0.209336
0.042046,-7.512958,0.772154,-0.029444,-0.022714,-0.669012,0.742320,0.096356,0.106042,0.168791,0.245838,-0.315889,-0.062661,0.104386,0.012712,-0.293650,0.126401,-0.135840,-0.005478,-0.001696,0.012642,0.186357,0.155804,0.165259,-0.371649,1.041006,0.024825,0.017510,0.341878,0.092807,-0.134272,0.291244,1.243583,-0.135421,-0.080241,-0.209737
0.042089,-7.512676,0.772170,-0.029572,-0.022830,-0.669093,0.742239,0.096182,0.106036,0.168906,0.246343,-0.315905,-0.062357,0.104238,0.012658,-0.293404,0.126651,-0.135563,-0.005562,-0.001594,0.012835,0.186574,0.155657,0.165302,-0.371817,1.041255,0.025525,0.017483,0.341643,0.092690,-0.134230,0.291051,1.243407,-0.136138,-0.079991,-0.209620
0.042129,-7.512468,0.772199,-0.029715,-0.022979,-0.669199,0.742134,0.096144,0.105980,0.169063,0.246771,-0.315926,-0.061956,0.104153,0.012567,-0.293074,0.126913,-0.135274,-0.005588,-0.001382,0.012982,0.186799,0.155354,0.165363,-0.372029,1.041728,0.026305,0.017559,0.341234,0.092461,-0.134186,0.291140,1.243420,-0.136566,-0.079765,-0.209227
0.042151,-7.512218,0.772211,-0.029839,-0.023123,-0.669296,0.742036,0.096080,0.105898,0.169193,0.247161,-0.315928,-0.061549,0.104036,0.012451,-0.292780,0.127192,-0.135009,-0.005576,-0.001243,0.013085,0.186962,0.155095,0.165404,-0.372197,1.042138,0.027224,0.017737,0.340921,0.092138,-0.134175,0.291448,1.243567,-0.136756,-0.079613,-0.208724
0.042197,-7.511977,0.772229,-0.030003,-0.023300,-0.669408,0.741923,0.096256,0.105831,0.169410,0.247379,-0.315889,-0.061252,0.104062,0.012354,-0.292469,0.127438,-0.134782,-0.005553,-0.001307,0.013111,0.187177,0.155139,0.165502,-0.372397,1.042174,0.028058,0.018003,0.341025,0.091746,-0.134174,0.292358,1.243807,-0.136378,-0.079577,-0.208324
0.042199,-7.511735,0.772231,-0.030184,-0.023504,-0.669513,0.741814,0.096594,0.105792,0.169663,0.247463,-0.315824,-0.061106,0.104219,0.012290,-0.292214,0.127615,-0.134607,-0.005491,-0.001400,0.013108,0.187483,0.155333,0.165584,-0.372626,1.041813,0.029159,0.018416,0.341729,0.091319,-0.134197,0.293325,1.244077,-0.135701,-0.079728,-0.207933
0.042185,-7.511498,0.772235,-0.030406,-0.023743,-0.669630,0.741693,0.097148,0.105758,0.169981,0.247410,-0.315736,-0.061054,0.104533,0.012237,-0.291956,0.127744,-0.134471,-0.005390,-0.001590,0.013055,0.187868,0.155775,0.165680,-0.372888,1.041070,0.030373,0.018971,0.342867,0.090808,-0.134241,0.294682,1.244452,-0.134541,-0.080016,-0.207519
0.042281,-7.511332,0.772236,-0.030612,-0.023961,-0.669739,0.741579,0.097665,0.105722,0.170292,0.247309,-0.315611,-0.061025,0.104759,0.012174,-0.291722,0.127948,-0.134370,-0.005309,-0.001789,0.013017,0.188217,0.156207,0.165768,-0.373200,1.040303,0.031527,0.019546,0.344028,0.090300,-0.134290,0.295956,1.244841,-0.133365,-0.080359,-0.207164
0.042317,-7.511110,0.772244,-0.030740,-0.024087,-0.669812,0.741503,0.097769,0.105686,0.170488,0.247385,-0.315474,-0.060941,0.104706,0.012095,-0.291565,0.128139,-0.134183,-0.005311,-0.001919,0.013031,0.188397,0.156230,0.165819,-0.373493,1.040026,0.032551,0.019979,0.344720,0.089971,-0.134322,0.296597,1.245041,-0.132737,-0.080678,-0.206916
0.042326,-7.510847,0.772262,-0.030863,-0.024232,-0.669918,0.741398,0.097916,0.105645,0.170781,0.247413,-0.315251,-0.060783,0.104594,0.012006,-0.291289,0.128436,-0.133962,-0.005442,-0.002081,0.013096,0.188488,0.156263,0.165907,-0.374148,1.040024,0.032769,0.020312,0.345076,0.089590,-0.134387,0.297589,1.245468,-0.131794,-0.081005,-0.207008
0.042382,-7.510589,0.772279,-0.030901,-0.024285,-0.669987,0.741332,0.097661,0.105609,0.170965,0.247581,-0.315000,-0.060574,0.104174,0.011906,-0.291101,0.128764,-0.133683,-0.005663,-0.002128,0.013230,0.188380,0.155956,0.165993,-0.374949,1.040407,0.032814,0.020564,0.345082,0.089441,-0.134465,0.298053,1.245697,-0.131170,-0.081369,-0.207215
0.042365,-7.510358,0.772292,-0.030929,-0.024316,-0.670049,0.741274,0.097337,0.105561,0.171125,0.247753,-0.314733,-0.060378,0.103689,0.011790,-0.290928,0.129111,-0.133396,-0.005895,-0.002092,0.013394,0.188253,0.155495,0.166060,-0.375807,1.040950,0.032721,0.020726,0.344927,0.089388,-0.134534,0.298061,1.245795,-0.130931,-0.081662,-0.207467
0.042419,-7.510104,0.772328,-0.030960,-0.024365,-0.670109,0.741217,0.097123,0.105495,0.171278,0.247793,-0.314445,-0.060254,0.103283,0.011684,-0.290761,0.129419,-0.133143,-0.006070,-0.001850,0.013595,0.188123,0.155003,0.166140,-0.376939,1.041482,0.032414,0.020799,0.344814,0.089670,-0.134608,0.297506,1.245498,-0.131168,-0.081750,-0.207672
0.042448,-7.509869,0.772353,-0.031006,-0.024435,-0.670167,0.741159,0.097041,0.105404,0.171426,0.247691,-0.314138,-0.060239,0.102997,0.011589,-0.290592,0.129619,-0.132888,-0.006168,-0.001796,0.013751,0.188021,0.154708,0.166208,-0.377748,1.041874,0.032065,0.020717,0.344615,0.090012,-0.134623,0.296531,1.244960,-0.132114,-0.081536,-0.207857
0.042470,-7.509677,0.772382,-0.031055,-0.024507,-0.670222,0.741105,0.097009,0.105298,0.171559,0.247498,-0.313808,-0.060294,0.102733,0.011493,-0.290429,0.129807,-0.132655,-0.006228,-0.002156,0.013833,0.187869,0.154708,0.166239,-0.378087,1.042129,0.031643,0.020502,0.344303,0.090261,-0.134595,0.295647,1.244394,-0.133426,-0.081091,-0.208102
0.042453,-7.509457,0.772398,-0.031104,-0.024586,-0.670272,0.741056,0.097034,0.105174,0.171677,0.247229,-0.313472,-0.060365,0.102503,0.011392,-0.290287,0.129984,-0.132437,-0.006263,-0.002008,0.013955,0.187791,0.154390,0.166310,-0.378885,1.042503,0.031163,0.020268,0.344058,0.090710,-0.134466,0.293917,1.243664,-0.135160,-0.080624,-0.208263
0.042458,-7.509213,0.772409,-0.031150,-0.024660,-0.670308,0.741019,0.096993,0.105059,0.171748,0.247015,-0.313154,-0.060392,0.102251,0.011288,-0.290201,0.130162,-0.132207,-0.006291,-0.002246,0.013953,0.187725,0.154348,0.166350,-0.379255,1.042549,0.030908,0.020108,0.344042,0.090841,-0.134377,0.293123,1.243268,-0.136333,-0.080249,-0.208377
0.042489,-7.508999,0.772441,-0.031209,-0.024755,-0.670337,0.740986,0.097006,0.104934,0.171797,0.246780,-0.312853,-0.060356,0.102060,0.011170,-0.290165,0.130317,-0.131961,-0.006300,-0.002261,0.013883,0.187836,0.154165,0.166397,-0.379742,1.042402,0.030899,0.020112,0.344431,0.090896,-0.134277,0.292486,1.242997,-0.137254,-0.080039,-0.208310
0.042500,-7.508762,0.772461,-0.031258,-0.024854,-0.670351,0.740969,0.096988,0.104802,0.171789,0.246552,-0.312571,-0.060289,0.101880,0.011044,-0.290196,0.130434,-0.131694,-0.006285,-0.002221,0.013756,0.187989,0.153994,0.166456,-0.380296,1.042040,0.030989,0.020215,0.345123,0.090838,-0.134171,0.292012,1.242880,-0.138013,-0.079902,-0.208137
0.042469,-7.508524,0.772470,-0.031315,-0.024950,-0.670364,0.740952,0.096955,0.104681,0.171781,0.246360,-0.312295,-0.060212,0.101675,0.010918,-0.290226,0.130607,-0.131448,-0.006280,-0.002172,0.013613,0.188185,0.153829,0.166522,-0.380764,1.041647,0.031144,0.020265,0.345758,0.090743,-0.134065,0.291729,1.242826,-0.138570,-0.079809,-0.207962
0.042472,-7.508246,0.772485,-0.031363,-0.025010,-0.670377,0.740935,0.096790,0.104604,0.171784,0.246298,-0.312037,-0.060151,0.101384,0.010822,-0.290216,0.130771,-0.131173,-0.006313,-0.002190,0.013504,0.188323,0.153661,0.166565,-0.380948,1.041422,0.031366,0.020112,0.345983,0.090618,-0.134004,0.291638,1.242820,-0.138941,-0.079730,-0.207897
0.042474,-7.507986,0.772502,-0.031416,-0.025061,-0.670397,0.740914,0.096523,0.104591,0.171823,0.246414,-0.311799,-0.060119,0.101043,0.010767,-0.290123,0.130979,-0.130902,-0.006410,-0.002076,0.013478,0.188453,0.153448,0.166615,-0.380994,1.041435,0.031498,0.019605,0.345600,0.090537,-0.133934,0.291577,1.242856,-0.139096,-0.079698,-0.208032
0.042488,-7.507728,0.772514,-0.031507,-0.025142,-0.670442,0.740866,0.096407,0.104618,0.171961,0.246508,-0.311544,-0.060111,0.100790,0.010754,-0.289914,0.131166,-0.130607,-0.006552,-0.001793,0.013474,0.188720,0.153019,0.166655,-0.380859,1.041790,0.031628,0.018801,0.344772,0.090416,-0.133875,0.291561,1.242978,-0.139081,-0.079726,-0.208285
0.042514,-7.507452,0.772534,-0.031591,-0.025205,-0.670484,0.740822,0.096186,0.104652,0.172082,0.246692,-0.311299,-0.060093,0.100489,0.010743,-0.289716,0.131356,-0.130299,-0.006697,-0.001640,0.013417,0.188995,0.152579,0.166709,-0.380479,1.042151,0.031947,0.018063,0.343871,0.090146,-0.133773,0.291718,1.243219,-0.138978,-0.079745,-0.208520
0.042506,-7.507170,0.772548,-0.031635,-0.025235,-0.670502,0.740803,0.095817,0.104650,0.172105,0.246904,-0.311059,-0.060041,0.100089,0.010692,-0.289626,0.131554,-0.129994,-0.006799,-0.001576,0.013390,0.189141,0.152288,0.166741,-0.380399,1.042238,0.032405,0.017750,0.343394,0.089984,-0.133727,0.291846,1.243360,-0.138954,-0.079687,-0.208609
0.042490,-7.506870,0.772551,-0.031725,-0.025354,-0.670564,0.740739,0.095741,0.104605,0.172230,0.246994,-0.310797,-0.059935,0.099878,0.010616,-0.289476,0.131778,-0.129699,-0.006855,-0.001468,0.013307,0.189536,0.151622,0.166746,-0.380393,1.042600,0.033260,0.017920,0.343239,0.089518,-0.133709,0.292012,1.243746,-0.138834,-0.079558,-0.208430
0.042489,-7.506592,0.772571,-0.031800,-0.025455,-0.670616,0.740685,0.095592,0.104527,0.172305,0.247102,-0.310529,-0.059781,0.099647,0.010515,-0.289390,0.131967,-0.129381,-0.006879,-0.001409,0.013221,0.189886,0.150956,0.166728,-0.380527,1.042873,0.034381,0.018501,0.343361,0.089052,-0.133700,0.292178,1.244130,-0.138722,-0.079352,-0.208098
0.042483,-7.506346,0.772605,-0.031840,-0.025519,-0.670643,0.740657,0.095270,0.104442,0.172289,0.247259,-0.310266,-0.059645,0.099309,0.010404,-0.289388,0.132141,-0.129058,-0.006884,-0.001459,0.013139,0.190145,0.150421,0.166716,-0.380749,1.042930,0.035463,0.019144,0.343671,0.088673,-0.133708,0.292315,1.244405,-0.138752,-0.079138,-0.207767
0.042498,-7.506093,0.772632,-0.031935,-0.025646,-0.670693,0.740604,0.095260,0.104376,0.172356,0.247202,-0.309965,-0.059615,0.099163,0.010329,-0.289302,0.132257,-0.128727,-0.006883,-0.001430,0.013065,0.190579,0.149677,0.166685,-0.381284,1.043127,0.035901,0.019526,0.344150,0.088088,-0.133729,0.292591,1.244904,-0.138709,-0.079036,-0.207562
0.042503,-7.505784,0.772641,-0.032019,-0.025740,-0.670707,0.740584,0.095162,0.104324,0.172307,0.247089,-0.309670,-0.059732,0.098947,0.010264,-0.289289,0.132341,-0.128414,-0.006851,-0.001545,0.013002,0.190904,0.149144,0.166662,-0.382189,1.043035,0.035532,0.019493,0.345023,0.087610,-0.133766,0.293034,1.245342,-0.138817,-0.079032,-0.207628
0.042485,-7.505450,0.772644,-0.032110,-0.025829,-0.670708,0.740576,0.095091,0.104280,0.172208,0.246886,-0.309364,-0.059950,0.098749,0.010218,-0.289305,0.132382,-0.128109,-0.006795,-0.001792,0.012911,0.191272,0.148702,0.166678,-0.383201,1.042720,0.034743,0.019226,0.346146,0.087096,-0.133803,0.293584,1.245775,-0.139087,-0.079102,-0.207809
0.042460,-7.505138,0.772641,-0.032185,-0.025903,-0.670703,0.740575,0.094963,0.104247,0.172110,0.246688,-0.309042,-0.060178,0.098512,0.010184,-0.289336,0.132385,-0.127770,-0.006756,-0.001968,0.012843,0.191532,0.148314,0.166743,-0.384532,1.042359,0.033602,0.018979,0.347275,0.086708,-0.133851,0.294227,1.246129,-0.139168,-0.079180,-0.208058
0.042488,-7.504866,0.772664,-0.032232,-0.025945,-0.670700,0.740574,0.094650,0.104234,0.172058,0.246658,-0.308714,-0.060319,0.098152,0.010147,-0.289369,0.132441,-0.127408,-0.006778,-0.002184,0.012779,0.191822,0.147852,0.166804,-0.385404,1.042053,0.032919,0.018960,0.347846,0.086219,-0.133886,0.294685,1.246415,-0.139273,-0.079236,-0.208156
0.042508,-7.504507,0.772670,-0.032242,-0.025941,-0.670697,0.740576,0.094061,0.104252,0.172079,0.246915,-0.308391,-0.060340,0.097620,0.010107,-0.289414,0.132559,-0.127001,-0.006903,-0.002339,0.012747,0.192011,0.147269,0.166851,-0.386065,1.041928,0.032502,0.019334,0.347727,0.085742,-0.133919,0.295047,1.246607,-0.139128,-0.079229,-0.208138
0.042515,-7.504185,0.772718,-0.032215,-0.025910,-0.670692,0.740583,0.093291,0.104285,0.172146,0.247315,-0.308042,-0.060293,0.096956,0.010059,-0.289473,0.132745,-0.126587,-0.007093,-0.002429,0.012755,0.192101,0.146609,0.166922,-0.386804,1.041912,0.032084,0.019943,0.347180,0.085302,-0.133983,0.295427,1.246722,-0.138742,-0.079196,-0.208059
0.042506,-7.503873,0.772751,-0.032193,-0.025848,-0.670691,0.740587,0.092460,0.104330,0.172218,0.247756,-0.307706,-0.060214,0.096273,0.010032,-0.289522,0.132859,-0.126102,-0.007291,-0.002504,0.012775,0.192183,0.145972,0.166980,-0.387402,1.041895,0.031834,0.020570,0.346549,0.084908,-0.134050,0.295719,1.246732,-0.138371,-0.079165,-0.207944
0.042465,-7.503598,0.772780,-0.032159,-0.025795,-0.670700,0.740582,0.091682,0.104374,0.172258,0.248100,-0.307399,-0.060134,0.095594,0.010019,-0.289539,0.132961,-0.125616,-0.007431,-0.002551,0.012783,0.192249,0.145415,0.167022,-0.387947,1.041880,0.031737,0.020994,0.346242,0.084583,-0.134112,0.295981,1.246674,-0.138071,-0.079157,-0.207843
0.042440,-7.503309,0.772812,-0.032136,-0.025734,-0.670720,0.740567,0.090987,0.104414,0.172228,0.248308,-0.307128,-0.060046,0.094937,0.010031,-0.289527,0.133017,-0.125095,-0.007494,-0.002604,0.012769,0.192282,0.144961,0.167058,-0.388440,1.041941,0.031931,0.021042,0.346287,0.084318,-0.134178,0.296181,1.246575,-0.137924,-0.079189,-0.207788
0.042440,-7.503004,0.772827,-0.032098,-0.025653,-0.670749,0.740546,0.090257,0.104461,0.172159,0.248495,-0.306902,-0.059935,0.094237,0.010062,-0.289490,0.133042,-0.124539,-0.007516,-0.002565,0.012777,0.192220,0.144537,0.167087,-0.389035,1.042102,0.032229,0.020872,0.346532,0.084203,-0.134255,0.296314,1.246353,-0.137770,-0.079246,-0.207745
0.042429,-7.502692,0.772858,-0.032112,-0.025611,-0.670768,0.740529,0.089734,0.104483,0.172069,0.248550,-0.306651,-0.059833,0.093710,0.010087,-0.289468,0.133001,-0.123964,-0.007505,-0.002662,0.012733,0.192309,0.144314,0.167092,-0.389229,1.042036,0.032782,0.020774,0.346909,0.084029,-0.134284,0.296395,1.246168,-0.137848,-0.079302,-0.207686
0.042413,-7.502379,0.772889,-0.032060,-0.025517,-0.670843,0.740467,0.088977,0.104548,0.172147,0.248729,-0.306429,-0.059773,0.092900,0.010121,-0.289313,0.133089,-0.123419,-0.007511,-0.002454,0.012698,0.192303,0.143895,0.167069,-0.389746,1.041960,0.032852,0.020963,0.347770,0.083776,-0.134335,0.296649,1.246042,-0.137620,-0.079355,-0.207615
0.042401,-7.502062,0.772894,-0.032073,-0.025506,-0.670878,0.740434,0.088456,0.104554,0.172198,0.248816,-0.306144,-0.059756,0.092378,0.010113,-0.289252,0.133066,-0.122860,-0.007493,-0.002322,0.012603,0.192488,0.143693,0.167054,-0.389859,1.041514,0.032903,0.021596,0.348927,0.083584,-0.134347,0.296774,1.245920,-0.137652,-0.079394,-0.207485
0.042419,-7.501732,0.772920,-0.032072,-0.025479,-0.671039,0.740290,0.087974,0.104620,0.172614,0.248864,-0.305868,-0.059795,0.091642,0.010131,-0.288871,0.133245,-0.122352,-0.007491,-0.002018,0.012510,0.192755,0.143582,0.166844,-0.390236,1.040650,0.032391,0.022825,0.351061,0.083014,-0.134425,0.297665,1.246052,-0.137106,-0.079433,-0.207415
0.042422,-7.501389,0.772953,-0.032087,-0.025471,-0.671143,0.740195,0.087520,0.104650,0.172889,0.248890,-0.305562,-0.059836,0.091050,0.010135,-0.288622,0.133304,-0.121819,-0.007473,-0.001851,0.012415,0.193040,0.143499,0.166649,-0.390285,1.039823,0.032073,0.023929,0.352874,0.082551,-0.134473,0.298287,1.246140,-0.136866,-0.079449,-0.207277
0.042434,-7.501010,0.772987,-0.032095,-0.025458,-0.671207,0.740137,0.087001,0.104663,0.173028,0.248979,-0.305271,-0.059858,0.090468,0.010128,-0.288460,0.133338,-0.121287,-0.007454,-0.001869,0.012378,0.193269,0.143373,0.166351,-0.390280,1.039164,0.031867,0.024703,0.354122,0.082123,-0.134541,0.298911,1.246241,-0.136751,-0.079406,-0.207145
0.042379,-7.500679,0.773007,-0.032090,-0.025432,-0.671236,0.740112,0.086397,0.104661,0.173031,0.249113,-0.304978,-0.059846,0.089872,0.010113,-0.288364,0.133357,-0.120749,-0.007427,-0.001873,0.012344,0.193466,0.143181,0.166243,-0.390329,1.038538,0.031719,0.025163,0.354607,0.081779,-0.134562,0.299153,1.246302,-0.136965,-0.079291,-0.206894
0.042333,-7.500394,0.773032,-0.032050,-0.025392,-0.671247,0.740105,0.085680,0.104654,0.172959,0.249296,-0.304685,-0.059816,0.089188,0.010094,-0.288299,0.133398,-0.120207,-0.007396,-0.002038,0.012393,0.193559,0.143005,0.166015,-0.390404,1.037933,0.031471,0.025496,0.354770,0.081282,-0.134595,0.299511,1.246576,-0.137191,-0.079105,-0.206633
0.042344,-7.500090,0.773061,-0.032029,-0.025361,-0.671234,0.740119,0.085019,0.104637,0.172827,0.249450,-0.304378,-0.059799,0.088593,0.010069,-0.288282,0.133419,-0.119703,-0.007384,-0.002181,0.012444,0.193680,0.142763,0.165852,-0.390513,1.037505,0.031373,0.025453,0.354469,0.080956,-0.134616,0.299712,1.246720,-0.137508,-0.078939,-0.206391
0.042358,-7.499711,0.773088,-0.032021,-0.025363,-0.671219,0.740133,0.084494,0.104626,0.172728,0.249510,-0.304035,-0.059827,0.088090,0.010054,-0.288256,0.133434,-0.119244,-0.007433,-0.002238,0.012457,0.193808,0.142587,0.165809,-0.390618,1.037262,0.031573,0.024881,0.353726,0.080819,-0.134620,0.299819,1.246770,-0.137756,-0.078917,-0.206215
0.042264,-7.499460,0.773102,-0.032006,-0.025343,-0.671167,0.740181,0.083901,0.104649,0.172566,0.249606,-0.303691,-0.059936,0.087567,0.010053,-0.288309,0.133511,-0.118897,-0.007590,-0.002335,0.012551,0.193826,0.142230,0.165778,-0.390889,1.037730,0.032019,0.023119,0.352127,0.080602,-0.134624,0.300082,1.247050,-0.137627,-0.079099,-0.206275
0.042214,-7.499173,0.773113,-0.031993,-0.025344,-0.671078,0.740263,0.083364,0.104677,0.172328,0.249657,-0.303321,-0.060100,0.087106,0.010053,-0.288447,0.133625,-0.118641,-0.007819,-0.002454,0.012640,0.193659,0.141701,0.165757,-0.391517,1.038887,0.032457,0.020551,0.349984,0.080628,-0.134627,0.300657,1.247351,-0.137072,-0.079427,-0.206512
0.042202,-7.498892,0.773127,-0.031998,-0.025355,-0.671004,0.740329,0.082897,0.104692,0.172147,0.249678,-0.302942,-0.060248,0.086694,0.010045,-0.288540,0.133743,-0.118406,-0.008038,-0.002533,0.012705,0.193605,0.141310,0.165791,-0.391943,1.039825,0.033119,0.018084,0.347809,0.080655,-0.134630,0.301030,1.247579,-0.136696,-0.079755,-0.206715
0.042138,-7.498588,0.773134,-0.031980,-0.025376,-0.670934,0.740392,0.082390,0.104654,0.171968,0.249708,-0.302552,-0.060291,0.086269,0.009992,-0.288642,0.133791,-0.118095,-0.008153,-0.002604,0.012688,0.193533,0.140904,0.165878,-0.392596,1.040487,0.033374,0.016569,0.346381,0.080699,-0.134635,0.301588,1.247747,-0.136260,-0.079946,-0.206841
0.042116,-7.498293,0.773160,-0.031950,-0.025390,-0.670868,0.740453,0.081785,0.104536,0.171793,0.249802,-0.302159,-0.060164,0.085769,0.009866,-0.288754,0.133861,-0.117739,-0.008127,-0.002728,0.012595,0.193508,0.140556,0.165985,-0.393288,1.040569,0.033353,0.016430,0.345958,0.080607,-0.134644,0.302204,1.247910,-0.135974,-0.079961,-0.206786
0.042130,-7.497945,0.773192,-0.031908,-0.025410,-0.670806,0.740510,0.081153,0.104367,0.171630,0.249903,-0.301748,-0.059927,0.085243,0.009692,-0.288868,0.133908,-0.117332,-0.008014,-0.002883,0.012432,0.193464,0.140284,0.166180,-0.394161,1.040307,0.033055,0.017136,0.346167,0.080453,-0.134673,0.303031,1.248105,-0.135637,-0.079871,-0.206658
0.042136,-7.497565,0.773220,-0.031860,-0.025442,-0.670763,0.740550,0.080556,0.104184,0.171513,0.249970,-0.301330,-0.059686,0.084747,0.009509,-0.288944,0.133903,-0.116903,-0.007860,-0.003009,0.012254,0.193525,0.140033,0.166331,-0.394822,1.039926,0.032802,0.018134,0.346548,0.080263,-0.134705,0.303661,1.248245,-0.135485,-0.079738,-0.206464
0.042047,-7.497281,0.773235,-0.031809,-0.025454,-0.670731,0.740581,0.079968,0.104016,0.171410,0.249992,-0.300913,-0.059543,0.084207,0.009336,-0.288999,0.133918,-0.116509,-0.007710,-0.003067,0.012085,0.193557,0.139906,0.166494,-0.395439,1.039641,0.032498,0.018899,0.346802,0.080175,-0.134755,0.304175,1.248323,-0.135335,-0.079600,-0.206311
0.042006,-7.496963,0.773255,-0.031779,-0.025489,-0.670736,0.740576,0.079547,0.103877,0.171374,0.249933,-0.300509,-0.059528,0.083771,0.009192,-0.288966,0.133882,-0.116147,-0.007559,-0.003037,0.011951,0.193741,0.139819,0.166512,-0.395521,1.039671,0.032493,0.019277,0.346702,0.080124,-0.134764,0.304218,1.248369,-0.135527,-0.079489,-0.206153
0.041940,-7.496653,0.773268,-0.031725,-0.025518,-0.670766,0.740551,0.079172,0.103722,0.171382,0.249760,-0.300069,-0.059577,0.083295,0.009034,-0.288881,0.133851,-0.115818,-0.007386,-0.002899,0.011789,0.193937,0.139669,0.166540,-0.395648,1.039841,0.032271,0.019707,0.346561,0.080061,-0.134784,0.304188,1.248395,-0.135692,-0.079334,-0.205972
0.041954,-7.496356,0.773272,-0.031668,-0.025528,-0.670819,0.740505,0.078783,0.103598,0.171463,0.249557,-0.299626,-0.059688,0.082715,0.008887,-0.288746,0.133902,-0.115500,-0.007229,-0.002587,0.011670,0.194114,0.139505,0.166580,-0.395811,1.040079,0.032094,0.019987,0.346435,0.080087,-0.134832,0.303936,1.248358,-0.135932,-0.079193,-0.205808
0.041973,-7.496075,0.773293,-0.031635,-0.025543,-0.670834,0.740492,0.078379,0.103520,0.171485,0.249390,-0.299186,-0.059844,0.082268,0.008798,-0.288717,0.133795,-0.115082,-0.007098,-0.002448,0.011583,0.194303,0.139463,0.166599,-0.395897,1.040199,0.032125,0.020092,0.346446,0.080099,-0.134865,0.303811,1.248375,-0.136146,-0.079072,-0.205743
0.041911,-7.495724,0.773314,-0.031550,-0.025475,-0.670862,0.740473,0.077740,0.103517,0.171616,0.249201,-0.298698,-0.060096,0.081512,0.008748,-0.288695,0.133782,-0.114589,-0.007008,-0.002035,0.011592,0.194358,0.139246,0.166661,-0.396329,1.040252,0.032297,0.019938,0.346653,0.080195,-0.134957,0.303464,1.248261,-0.136394,-0.078950,-0.205710
0.041886,-7.495353,0.773333,-0.031494,-0.025396,-0.670855,0.740484,0.077055,0.103579,0.171698,0.249056,-0.298209,-0.060432,0.080827,0.008754,-0.288789,0.133664,-0.114007,-0.006928,-0.001732,0.011639,0.194414,0.139148,0.166736,-0.396800,1.040163,0.032583,0.019568,0.347013,0.080346,-0.135032,0.303253,1.248132,-0.136550,-0.078840,-0.205779
0.041820,-7.495059,0.773355,-0.031473,-0.025370,-0.670853,0.740487,0.076576,0.103629,0.171802,0.248815,-0.297709,-0.060755,0.080297,0.008772,-0.288846,0.133519,-0.113420,-0.006891,-0.001637,0.011625,0.194531,0.139129,0.166758,-0.396908,1.040134,0.032999,0.019238,0.347346,0.080334,-0.135050,0.303253,1.248210,-0.136729,-0.078725,-0.205913
0.041814,-7.494764,0.773388,-0.031359,-0.025277,-0.670867,0.740483,0.075882,0.103581,0.171884,0.248554,-0.297197,-0.060945,0.079432,0.008694,-0.288810,0.133622,-0.112975,-0.006930,-0.001361,0.011606,0.194352,0.139197,0.166856,-0.397344,1.040174,0.033116,0.019036,0.347733,0.080409,-0.135125,0.303191,1.248268,-0.136861,-0.078604,-0.206054
0.041776,-7.494498,0.773397,-0.031274,-0.025277,-0.670916,0.740442,0.075560,0.103413,0.171992,0.248089,-0.296668,-0.060956,0.078749,0.008555,-0.288581,0.133853,-0.112684,-0.007108,-0.001115,0.011501,0.194219,0.139326,0.166889,-0.397478,1.040408,0.033088,0.019288,0.347987,0.080507,-0.135159,0.303183,1.248396,-0.137088,-0.078455,-0.206189
0.041776,-7.494207,0.773431,-0.031180,-0.025294,-0.670995,0.740374,0.075354,0.103158,0.172136,0.247524,-0.296131,-0.060848,0.078019,0.008353,-0.288208,0.134273,-0.112521,-0.007396,-0.000821,0.011355,0.193984,0.139548,0.166921,-0.397580,1.040749,0.032912,0.019786,0.348222,0.080628,-0.135213,0.303206,1.248600,-0.137340,-0.078292,-0.206335
0.041783,-7.493945,0.773447,-0.031122,-0.025339,-0.671025,0.740348,0.075159,0.102916,0.172129,0.247093,-0.295668,-0.060716,0.077527,0.008189,-0.287952,0.134453,-0.112275,-0.007648,-0.000678,0.011231,0.193901,0.139690,0.166931,-0.397594,1.041194,0.032771,0.020185,0.348399,0.080668,-0.135244,0.303230,1.248817,-0.137623,-0.078149,-0.206514
0.041749,-7.493671,0.773479,-0.031006,-0.025357,-0.671134,0.740253,0.075030,0.102641,0.172390,0.246347,-0.295058,-0.060650,0.076693,0.007942,-0.287525,0.134963,-0.112128,-0.007750,-0.000391,0.011089,0.193616,0.139932,0.166948,-0.397674,1.041629,0.032640,0.020261,0.348519,0.080755,-0.135363,0.303403,1.249030,-0.137922,-0.078044,-0.206695
0.041700,-7.493430,0.773507,-0.030958,-0.025371,-0.671149,0.740241,0.074812,0.102444,0.172432,0.245840,-0.294538,-0.060656,0.076194,0.007778,-0.287409,0.134963,-0.111713,-0.007606,-0.000293,0.011004,0.193615,0.139969,0.166951,-0.397722,1.042147,0.032834,0.019691,0.348654,0.080715,-0.135405,0.303492,1.249208,-0.138303,-0.078033,-0.206934
0.041702,-7.493152,0.773537,-0.030884,-0.025374,-0.671158,0.740236,0.074543,0.102241,0.172484,0.245293,-0.293984,-0.060687,0.075633,0.007591,-0.287338,0.134951,-0.111268,-0.007311,-0.000234,0.010954,0.193585,0.139948,0.166943,-0.397843,1.042773,0.033086,0.018691,0.348803,0.080682,-0.135558,0.303760,1.249345,-0.138589,-0.078094,-0.207191
0.041736,-7.492783,0.773561,-0.030848,-0.025390,-0.671150,0.740244,0.074318,0.102081,0.172494,0.244818,-0.293480,-0.060773,0.075191,0.007439,-0.287320,0.134864,-0.110809,-0.006965,-0.000229,0.010917,0.193651,0.139899,0.166938,-0.397951,1.043413,0.033271,0.017684,0.348753,0.080599,-0.135632,0.303918,1.249471,-0.139024,-0.078121,-0.207476
0.041712,-7.492510,0.773574,-0.030850,-0.025429,-0.671142,0.740250,0.074166,0.101964,0.172482,0.244406,-0.293027,-0.060929,0.074859,0.007332,-0.287298,0.134767,-0.110391,-0.006671,-0.000308,0.010910,0.193739,0.139824,0.166940,-0.398139,1.044128,0.033032,0.017027,0.348322,0.080458,-0.135715,0.304108,1.249637,-0.139495,-0.078049,-0.207769
0.041672,-7.492283,0.773556,-0.030918,-0.025511,-0.671130,0.740255,0.074154,0.101942,0.172417,0.244096,-0.292669,-0.061222,0.074753,0.007317,-0.287280,0.134643,-0.110058,-0.006458,-0.000521,0.011002,0.193881,0.139761,0.166978,-0.398626,1.044934,0.031937,0.016860,0.347295,0.080277,-0.135906,0.304394,1.249809,-0.140015,-0.077811,-0.208086
0.041646,-7.491998,0.773559,-0.031034,-0.025627,-0.671112,0.740262,0.074240,0.101990,0.172312,0.243864,-0.292379,-0.061621,0.074794,0.007365,-0.287280,0.134501,-0.109772,-0.006276,-0.000806,0.011119,0.194111,0.139700,0.167046,-0.399206,1.045776,0.030344,0.016981,0.345812,0.080102,-0.136031,0.304614,1.249905,-0.140679,-0.077441,-0.208442
0.041613,-7.491697,0.773551,-0.031156,-0.025760,-0.671095,0.740268,0.074360,0.102029,0.172217,0.243653,-0.292104,-0.062008,0.074892,0.007409,-0.287275,0.134328,-0.109489,-0.006085,-0.000906,0.011282,0.194368,0.139670,0.167261,-0.400127,1.046418,0.028624,0.017259,0.344292,0.080157,-0.136274,0.304704,1.249738,-0.141247,-0.077067,-0.208724
0.041594,-7.491426,0.773555,-0.031235,-0.025874,-0.671090,0.740266,0.074365,0.101984,0.172180,0.243469,-0.291803,-0.062265,0.074875,0.007369,-0.287238,0.134208,-0.109217,-0.005848,-0.000966,0.011358,0.194598,0.139673,0.167471,-0.400631,1.046813,0.027699,0.017527,0.343052,0.080110,-0.136463,0.304670,1.249647,-0.141769,-0.076810,-0.208894
0.041596,-7.491160,0.773575,-0.031227,-0.025947,-0.671093,0.740261,0.074135,0.101809,0.172210,0.243339,-0.291462,-0.062312,0.074614,0.007195,-0.287191,0.134169,-0.108939,-0.005528,-0.001011,0.011332,0.194650,0.139676,0.167542,-0.400684,1.046976,0.027901,0.017815,0.342304,0.080016,-0.136527,0.304607,1.249628,-0.142126,-0.076654,-0.208969
0.041588,-7.490905,0.773594,-0.031196,-0.026039,-0.671105,0.740248,0.073896,0.101542,0.172300,0.243202,-0.291082,-0.062226,0.074354,0.006941,-0.287118,0.134099,-0.108627,-0.005150,-0.000955,0.011274,0.194714,0.139679,0.167595,-0.400623,1.046890,0.028680,0.018190,0.341785,0.079957,-0.136582,0.304469,1.249557,-0.142328,-0.076560,-0.208940
0.041618,-7.490666,0.773626,-0.031167,-0.026143,-0.671134,0.740219,0.073723,0.101267,0.172447,0.243029,-0.290705,-0.062136,0.074115,0.006683,-0.286988,0.134053,-0.108343,-0.004785,-0.000797,0.011219,0.194871,0.139714,0.167671,-0.400366,1.046672,0.029691,0.018547,0.341349,0.079911,-0.136681,0.304172,1.249416,-0.142558,-0.076546,-0.208831
0.041598,-7.490385,0.773635,-0.031173,-0.026235,-0.671156,0.740196,0.073612,0.101052,0.172546,0.242819,-0.290354,-0.062156,0.073894,0.006479,-0.286861,0.134070,-0.108140,-0.004491,-0.000653,0.011196,0.194965,0.139774,0.167707,-0.400185,1.046738,0.030229,0.018753,0.341006,0.079894,-0.136743,0.304050,1.249379,-0.142658,-0.076605,-0.208803
0.041580,-7.490150,0.773641,-0.031251,-0.026398,-0.671207,0.740140,0.073875,0.100906,0.172707,0.242411,-0.290006,-0.062345,0.073901,0.006363,-0.286610,0.134084,-0.108006,-0.004296,-0.000606,0.011219,0.195341,0.140063,0.167773,-0.399563,1.046838,0.030361,0.018771,0.340557,0.079941,-0.136906,0.303781,1.249100,-0.143191,-0.076638,-0.208907
0.041572,-7.489896,0.773637,-0.031362,-0.026548,-0.671263,0.740080,0.074223,0.100798,0.172858,0.241937,-0.289673,-0.062628,0.073929,0.006288,-0.286326,0.134157,-0.107950,-0.004161,-0.000503,0.011262,0.195569,0.140398,0.167776,-0.399104,1.047281,0.030007,0.018668,0.340301,0.080110,-0.136964,0.303544,1.248870,-0.143764,-0.076654,-0.209249
0.041617,-7.489692,0.773642,-0.031487,-0.026698,-0.671308,0.740028,0.074573,0.100720,0.172980,0.241499,-0.289368,-0.062938,0.074003,0.006242,-0.286068,0.134198,-0.107894,-0.004061,-0.000293,0.011322,0.195818,0.140565,0.167763,-0.398772,1.047876,0.029578,0.018497,0.340126,0.080154,-0.137015,0.303573,1.248944,-0.143800,-0.076910,-0.209378
0.041610,-7.489432,0.773632,-0.031623,-0.026875,-0.671335,0.739991,0.074975,0.100650,0.173074,0.241066,-0.289055,-0.063214,0.074151,0.006201,-0.285886,0.134237,-0.107830,-0.003967,0.000085,0.011370,0.196185,0.140376,0.167754,-0.398776,1.048535,0.029331,0.018313,0.340036,0.079863,-0.137091,0.304362,1.249646,-0.142547,-0.077631,-0.208946
0.041599,-7.489213,0.773634,-0.031789,-0.027062,-0.671327,0.739985,0.075387,0.100610,0.173103,0.240726,-0.288784,-0.063461,0.074416,0.006181,-0.285841,0.134236,-0.107754,-0.003875,0.000007,0.011336,0.196468,0.140357,0.167804,-0.399086,1.048932,0.028921,0.018094,0.340178,0.078991,-0.137391,0.307756,1.251516,-0.138491,-0.079063,-0.207776
0.041557,-7.488989,0.773624,-0.031965,-0.027257,-0.671292,0.740002,0.075794,0.100602,0.173083,0.240433,-0.288529,-0.063704,0.074749,0.006191,-0.285890,0.134178,-0.107641,-0.003803,0.000042,0.011324,0.196839,0.140202,0.167979,-0.399782,1.049172,0.028505,0.017830,0.340382,0.077920,-0.137874,0.312145,1.253915,-0.132921,-0.081040,-0.205944
0.041539,-7.488796,0.773618,-0.032130,-0.027443,-0.671251,0.740025,0.076132,0.100591,0.173035,0.240206,-0.288293,-0.063910,0.075004,0.006178,-0.285964,0.134239,-0.107588,-0.003744,0.000208,0.011311,0.197194,0.139945,0.168221,-0.400729,1.049357,0.028092,0.017594,0.340694,0.076893,-0.138414,0.316733,1.256264,-0.126896,-0.083049,-0.203980
0.041547,-7.488539,0.773634,-0.032264,-0.027586,-0.671219,0.740043,0.076346,0.100547,0.172973,0.240007,-0.288051,-0.064054,0.075121,0.006137,-0.286010,0.134322,-0.107527,-0.003698,0.000492,0.011299,0.197441,0.139592,0.168419,-0.401661,1.049600,0.027798,0.017456,0.341121,0.076155,-0.138856,0.320653,1.257946,-0.121585,-0.084586,-0.202395
0.041540,-7.488364,0.773649,-0.032321,-0.027689,-0.671201,0.740053,0.076354,0.100454,0.172883,0.239832,-0.287780,-0.064101,0.075067,0.006061,-0.286008,0.134353,-0.107410,-0.003658,0.000561,0.011240,0.197518,0.139484,0.168614,-0.402290,1.049580,0.027664,0.017423,0.341812,0.075764,-0.139391,0.324489,1.258613,-0.116734,-0.085473,-0.201317
0.041543,-7.488152,0.773665,-0.032346,-0.027750,-0.671188,0.740061,0.076222,0.100329,0.172766,0.239693,-0.287498,-0.064074,0.074848,0.005952,-0.285988,0.134449,-0.107301,-0.003631,0.000909,0.011185,0.197478,0.139004,0.168720,-0.403105,1.049873,0.027667,0.017438,0.342717,0.075539,-0.139817,0.327780,1.258861,-0.112230,-0.086044,-0.200488
0.041532,-7.487949,0.773657,-0.032351,-0.027810,-0.671177,0.740069,0.076043,0.100201,0.172647,0.239602,-0.287237,-0.064030,0.074617,0.005838,-0.285971,0.134529,-0.107183,-0.003620,0.000827,0.011152,0.197402,0.139049,0.168810,-0.403514,1.049655,0.027713,0.017568,0.343561,0.075507,-0.140426,0.331362,1.258627,-0.107895,-0.086344,-0.199834
0.041526,-7.487715,0.773661,-0.032393,-0.027889,-0.671165,0.740075,0.075964,0.100090,0.172566,0.239542,-0.287013,-0.064021,0.074475,0.005733,-0.285962,0.134650,-0.107102,-0.003634,0.001091,0.011173,0.197415,0.138683,0.168831,-0.403989,1.049863,0.027809,0.017786,0.343980,0.075489,-0.140743,0.333544,1.258586,-0.104833,-0.086618,-0.199270
0.041547,-7.487542,0.773663,-0.032470,-0.028006,-0.671153,0.740078,0.076006,0.099988,0.172542,0.239526,-0.286824,-0.064039,0.074466,0.005630,-0.285965,0.134799,-0.107064,-0.003675,0.001073,0.011231,0.197475,0.138603,0.168834,-0.404062,1.049939,0.027850,0.018181,0.343756,0.075533,-0.141101,0.335570,1.258575,-0.102470,-0.086813,-0.198817
0.041565,-7.487358,0.773661,-0.032563,-0.028144,-0.671142,0.740079,0.076101,0.099888,0.172550,0.239559,-0.286662,-0.064061,0.074518,0.005524,-0.285975,0.134977,-0.107049,-0.003743,0.001049,0.011315,0.197592,0.138526,0.168818,-0.403925,1.050040,0.027941,0.018720,0.343092,0.075609,-0.141388,0.337014,1.258544,-0.100900,-0.086888,-0.198495
0.041541,-7.487175,0.773662,-0.032649,-0.028273,-0.671129,0.740082,0.076170,0.099819,0.172566,0.239634,-0.286548,-0.064126,0.074540,0.005435,-0.285988,0.135191,-0.107053,-0.003829,0.001049,0.011438,0.197687,0.138474,0.168786,-0.403701,1.050100,0.028077,0.019272,0.342368,0.075802,-0.141554,0.337559,1.258422,-0.100265,-0.086881,-0.198260
0.041545,-7.487045,0.773667,-0.032781,-0.028408,-0.671104,0.740093,0.076367,0.099802,0.172558,0.239646,-0.286481,-0.064271,0.074704,0.005404,-0.286008,0.135308,-0.107027,-0.003917,0.000797,0.011567,0.197869,0.138669,0.168734,-0.403235,1.049872,0.028284,0.019709,0.341989,0.076156,-0.141645,0.337351,1.258060,-0.100476,-0.086780,-0.198092
0.041495,-7.486935,0.773661,-0.032924,-0.028517,-0.671073,0.740110,0.076543,0.099881,0.172531,0.239684,-0.286515,-0.064506,0.074864,0.005456,-0.286013,0.135381,-0.106962,-0.004040,0.000395,0.011794,0.198160,0.138973,0.168606,-0.402420,1.049369,0.028776,0.019945,0.342037,0.076716,-0.141640,0.335392,1.257340,-0.102315,-0.086638,-0.197907
0.041464,-7.486774,0.773655,-0.033095,-0.028609,-0.671037,0.740132,0.076773,0.100024,0.172498,0.239716,-0.286630,-0.064815,0.075048,0.005559,-0.286008,0.135484,-0.106924,-0.004191,0.000194,0.012118,0.198479,0.139128,0.168382,-0.401763,1.048941,0.029306,0.020074,0.342406,0.077506,-0.141410,0.331670,1.256463,-0.105596,-0.086441,-0.197809
0.041459,-7.486625,0.773636,-0.033245,-0.028697,-0.670991,0.740163,0.076959,0.100181,0.172440,0.239750,-0.286749,-0.065180,0.075211,0.005671,-0.286033,0.135553,-0.106870,-0.004315,0.000211,0.012439,0.198696,0.139072,0.168087,-0.401291,1.048746,0.029851,0.020196,0.342869,0.078326,-0.140942,0.327389,1.255697,-0.109330,-0.086172,-0.197794
0.041505,-7.486506,0.773623,-0.033365,-0.028760,-0.670933,0.740209,0.077064,0.100294,0.172343,0.239740,-0.286801,-0.065595,0.075359,0.005756,-0.286129,0.135505,-0.106797,-0.004353,0.000220,0.012649,0.198746,0.139023,0.167821,-0.400757,1.048600,0.030414,0.020423,0.343155,0.078926,-0.140454,0.324074,1.255204,-0.112391,-0.085801,-0.197815
0.041430,-7.486392,0.773610,-0.033428,-0.028797,-0.670846,0.740283,0.077030,0.100367,0.172173,0.239690,-0.286757,-0.066136,0.075468,0.005813,-0.286349,0.135317,-0.106707,-0.004278,0.000371,0.012764,0.198586,0.138854,0.167550,-0.400164,1.048600,0.031125,0.020815,0.343116,0.079416,-0.139940,0.321659,1.254856,-0.114807,-0.085213,-0.197866
0.041412,-7.486270,0.773593,-0.033458,-0.028806,-0.670740,0.740378,0.076895,0.100419,0.171949,0.239623,-0.286669,-0.066783,0.075537,0.005850,-0.286657,0.135068,-0.106640,-0.004121,0.000330,0.012818,0.198278,0.139023,0.167409,-0.399395,1.048238,0.031827,0.021316,0.342888,0.080014,-0.139684,0.320221,1.254289,-0.116685,-0.084430,-0.197913
0.041397,-7.486168,0.773582,-0.033470,-0.028814,-0.670638,0.740469,0.076741,0.100437,0.171728,0.239523,-0.286551,-0.067373,0.075577,0.005861,-0.286957,0.134800,-0.106547,-0.003924,0.000516,0.012826,0.197993,0.138740,0.167114,-0.398585,1.048329,0.032705,0.021799,0.342630,0.080188,-0.139177,0.318626,1.254255,-0.118581,-0.083736,-0.197951
0.041403,-7.486052,0.773589,-0.033478,-0.028834,-0.670570,0.740529,0.076601,0.100406,0.171566,0.239459,-0.286466,-0.067740,0.075598,0.005832,-0.287148,0.134578,-0.106438,-0.003721,0.000534,0.012792,0.197651,0.138582,0.166843,-0.398057,1.048423,0.033151,0.022192,0.342650,0.080063,-0.138745,0.317992,1.254669,-0.119646,-0.083314,-0.198001
0.041416,-7.485937,0.773590,-0.033471,-0.028859,-0.670561,0.740537,0.076436,0.100306,0.171513,0.239454,-0.286437,-0.067776,0.075486,0.005737,-0.287152,0.134507,-0.106313,-0.003495,0.000647,0.012797,0.197453,0.138500,0.166816,-0.398037,1.048252,0.033054,0.022435,0.342905,0.079953,-0.138706,0.318061,1.254955,-0.119819,-0.083288,-0.197822
0.041438,-7.485816,0.773604,-0.033461,-0.028886,-0.670563,0.740534,0.076232,0.100147,0.171451,0.239511,-0.286440,-0.067587,0.075379,0.005597,-0.287111,0.134405,-0.106132,-0.003228,0.000158,0.012647,0.197021,0.138585,0.166566,-0.397851,1.048312,0.032643,0.022690,0.343553,0.078746,-0.138405,0.319605,1.256750,-0.119061,-0.083591,-0.197720
0.041481,-7.485645,0.773615,-0.033448,-0.028936,-0.670585,0.740514,0.076107,0.099965,0.171444,0.239506,-0.286413,-0.067341,0.075250,0.005430,-0.287020,0.134403,-0.105992,-0.002983,0.000089,0.012582,0.196807,0.138463,0.166468,-0.397986,1.048316,0.032215,0.022850,0.344073,0.077878,-0.138317,0.320718,1.258047,-0.118318,-0.083952,-0.197526
0.041504,-7.485523,0.773611,-0.033470,-0.029013,-0.670593,0.740502,0.076189,0.099795,0.171441,0.239319,-0.286292,-0.067209,0.075255,0.005283,-0.286979,0.134426,-0.105931,-0.002808,-0.000214,0.012498,0.196596,0.138535,0.166305,-0.397904,1.048286,0.031903,0.022977,0.344494,0.077037,-0.138217,0.322167,1.259370,-0.117500,-0.084148,-0.197592
0.041512,-7.485450,0.773607,-0.033492,-0.029071,-0.670585,0.740506,0.076324,0.099690,0.171433,0.239021,-0.286089,-0.067231,0.075209,0.005180,-0.287024,0.134562,-0.105966,-0.002769,-0.000023,0.012540,0.196544,0.138397,0.166236,-0.397909,1.048195,0.031995,0.023042,0.344549,0.076864,-0.138194,0.322409,1.259780,-0.117432,-0.084090,-0.197776
0.041424,-7.485425,0.773607,-0.033630,-0.029295,-0.670561,0.740512,0.077125,0.099535,0.171451,0.238319,-0.285713,-0.067318,0.075648,0.005055,-0.287110,0.134709,-0.106096,-0.002791,0.000096,0.012632,0.196836,0.138118,0.166028,-0.397917,1.048366,0.032076,0.023037,0.344513,0.076346,-0.138141,0.322741,1.260648,-0.117181,-0.084003,-0.198172
0.041399,-7.485361,0.773609,-0.033736,-0.029469,-0.670540,0.740520,0.077821,0.099387,0.171474,0.237603,-0.285328,-0.067443,0.075947,0.004932,-0.287189,0.134895,-0.106243,-0.002822,0.000425,0.012746,0.197054,0.137721,0.165799,-0.398013,1.048603,0.032302,0.023036,0.344428,0.076061,-0.138106,0.322736,1.261347,-0.117166,-0.083881,-0.198592
0.041463,-7.485244,0.773625,-0.033809,-0.029636,-0.670521,0.740527,0.078487,0.099196,0.171504,0.236802,-0.284919,-0.067573,0.076197,0.004778,-0.287224,0.135048,-0.106371,-0.002772,0.000765,0.012766,0.197242,0.137456,0.165687,-0.398142,1.048642,0.032500,0.023113,0.344347,0.075754,-0.138098,0.322852,1.262252,-0.117109,-0.083854,-0.198901
0.041483,-7.485141,0.773630,-0.033867,-0.029807,-0.670515,0.740523,0.079209,0.098941,0.171563,0.235869,-0.284497,-0.067708,0.076422,0.004570,-0.287165,0.135208,-0.106496,-0.002607,0.001137,0.012683,0.197388,0.137277,0.165629,-0.398261,1.048586,0.032694,0.023328,0.344333,0.075379,-0.138097,0.323110,1.263559,-0.116971,-0.084001,-0.199091
0.041359,-7.485175,0.773622,-0.033987,-0.030090,-0.670526,0.740496,0.080422,0.098587,0.171703,0.234529,-0.283941,-0.067860,0.076938,0.004306,-0.287007,0.135316,-0.106617,-0.002363,0.001099,0.012537,0.197614,0.137372,0.165344,-0.398265,1.048523,0.032702,0.023622,0.344502,0.074342,-0.138068,0.324377,1.265917,-0.116257,-0.084295,-0.199344
0.041410,-7.485128,0.773637,-0.034046,-0.030302,-0.670519,0.740491,0.081368,0.098251,0.171782,0.233290,-0.283407,-0.068029,0.077281,0.004054,-0.286898,0.135391,-0.106721,-0.002099,0.000936,0.012332,0.197723,0.137450,0.165054,-0.398023,1.048480,0.032901,0.023897,0.344619,0.073354,-0.138040,0.325693,1.268243,-0.115677,-0.084524,-0.199569
0.041455,-7.484971,0.773651,-0.034069,-0.030457,-0.670478,0.740521,0.082035,0.097965,0.171751,0.232234,-0.282898,-0.068214,0.077494,0.003838,-0.286918,0.135412,-0.106793,-0.001856,0.000827,0.012155,0.197820,0.137335,0.164872,-0.397991,1.048528,0.033041,0.024063,0.344695,0.072443,-0.138015,0.326783,1.270376,-0.115284,-0.084581,-0.199762
0.041454,-7.484823,0.773645,-0.034031,-0.030520,-0.670381,0.740607,0.082276,0.097757,0.171549,0.231439,-0.282417,-0.068439,0.077559,0.003686,-0.287136,0.135285,-0.106802,-0.001641,0.000586,0.011994,0.197808,0.136980,0.164727,-0.398122,1.048809,0.033183,0.024058,0.344748,0.071520,-0.137968,0.327898,1.272421,-0.114975,-0.084380,-0.199968
0.041418,-7.484771,0.773646,-0.033951,-0.030520,-0.670245,0.740734,0.082262,0.097591,0.171227,0.230762,-0.281938,-0.068701,0.077500,0.003566,-0.287489,0.135095,-0.106791,-0.001434,0.000311,0.011831,0.197732,0.136451,0.164648,-0.398421,1.049224,0.033315,0.023946,0.344774,0.070542,-0.137914,0.328937,1.274501,-0.114772,-0.084027,-0.200158
0.041313,-7.484747,0.773662,-0.033859,-0.030511,-0.670106,0.740865,0.082162,0.097440,0.170893,0.230174,-0.281484,-0.068942,0.077403,0.003451,-0.287862,0.134900,-0.106769,-0.001229,0.000140,0.011689,0.197726,0.135853,0.164611,-0.398736,1.049628,0.033425,0.023808,0.344772,0.069668,-0.137866,0.329727,1.276395,-0.114798,-0.083609,-0.200308
0.041265,-7.484693,0.773681,-0.033798,-0.030529,-0.669996,0.740967,0.082144,0.097269,0.170636,0.229649,-0.281085,-0.069106,0.077362,0.003316,-0.288160,0.134743,-0.106752,-0.001020,-0.000070,0.011549,0.197731,0.135463,0.164558,-0.398985,1.049943,0.033237,0.023715,0.344878,0.068753,-0.137785,0.330714,1.278361,-0.114801,-0.083223,-0.200516
0.041239,-7.484645,0.773691,-0.033788,-0.030599,-0.669932,0.741022,0.082322,0.097058,0.170512,0.229144,-0.280750,-0.069151,0.077400,0.003140,-0.288337,0.134697,-0.106769,-0.000795,-0.000316,0.011391,0.197863,0.135329,0.164432,-0.398837,1.050120,0.032908,0.023639,0.345130,0.067750,-0.137652,0.331600,1.280400,-0.115155,-0.082869,-0.200756
0.041273,-7.484498,0.773704,-0.033791,-0.030678,-0.669902,0.741046,0.082477,0.096845,0.170472,0.228773,-0.280489,-0.069114,0.077420,0.002947,-0.288438,0.134697,-0.106780,-0.000565,-0.000169,0.011292,0.198130,0.135155,0.164361,-0.398776,1.050206,0.032471,0.023564,0.345415,0.067241,-0.137615,0.331787,1.281811,-0.116054,-0.082485,-0.200928
0.041264,-7.484377,0.773705,-0.033821,-0.030789,-0.669863,0.741075,0.082741,0.096616,0.170416,0.228379,-0.280216,-0.069064,0.077564,0.002753,-0.288549,0.134656,-0.106783,-0.000344,-0.000212,0.011249,0.198500,0.134995,0.164210,-0.398536,1.050315,0.031949,0.023544,0.345607,0.066168,-0.137559,0.332228,1.283801,-0.116748,-0.082193,-0.201074
0.041324,-7.484330,0.773722,-0.033825,-0.030842,-0.669818,0.741113,0.082820,0.096424,0.170330,0.228070,-0.279945,-0.069070,0.077537,0.002575,-0.288656,0.134682,-0.106794,-0.000174,-0.000086,0.011234,0.198745,0.134684,0.164065,-0.398378,1.050508,0.031563,0.023676,0.345463,0.065273,-0.137533,0.332870,1.285596,-0.117037,-0.081963,-0.201198
0.041243,-7.484216,0.773692,-0.033790,-0.030851,-0.669751,0.741175,0.082729,0.096270,0.170185,0.227797,-0.279620,-0.069185,0.077415,0.002432,-0.288783,0.134649,-0.106761,-0.000059,0.000023,0.011265,0.198856,0.134257,0.163885,-0.398189,1.050811,0.031257,0.024057,0.344821,0.064193,-0.137539,0.334249,1.287616,-0.116470,-0.081851,-0.201309
0.041390,-7.484161,0.773723,-0.033738,-0.030825,-0.669677,0.741245,0.082507,0.096146,0.170013,0.227598,-0.279286,-0.069363,0.077223,0.002313,-0.288909,0.134582,-0.106699,0.000016,-0.000210,0.011304,0.198838,0.133953,0.163570,-0.397588,1.051117,0.031047,0.024613,0.343839,0.062918,-0.137641,0.336661,1.289819,-0.115163,-0.081802,-0.201439
0.041329,-7.484040,0.773717,-0.033686,-0.030787,-0.669597,0.741321,0.082246,0.096026,0.169818,0.227449,-0.278981,-0.069515,0.077002,0.002193,-0.289038,0.134561,-0.106650,0.000060,-0.000190,0.011391,0.198878,0.133531,0.163353,-0.397247,1.051334,0.030887,0.025185,0.342789,0.061824,-0.137780,0.338610,1.291723,-0.113966,-0.081787,-0.201504
0.041411,-7.483976,0.773733,-0.033635,-0.030771,-0.669517,0.741397,0.081953,0.095905,0.169599,0.227433,-0.278770,-0.069544,0.076803,0.002068,-0.289175,0.134580,-0.106604,0.000076,-0.000098,0.011471,0.198988,0.133142,0.163225,-0.397089,1.051344,0.030831,0.025603,0.341996,0.060976,-0.137884,0.339805,1.293207,-0.113318,-0.081729,-0.201554
0.041483,-7.483907,0.773748,-0.033598,-0.030766,-0.669433,0.741474,0.081626,0.095762,0.169346,0.227566,-0.278683,-0.069374,0.076626,0.001920,-0.289317,0.134657,-0.106556,0.000055,-0.000316,0.011508,0.199107,0.133014,0.163097,-0.396855,1.051001,0.030960,0.025800,0.341563,0.060210,-0.137981,0.340618,1.294437,-0.113222,-0.081579,-0.201654
0.041430,-7.483802,0.773758,-0.033563,-0.030776,-0.669364,0.741538,0.081287,0.095614,0.169115,0.227786,-0.278666,-0.069073,0.076425,0.001757,-0.289412,0.134823,-0.106514,-0.000006,-0.000452,0.011517,0.199271,0.132893,0.163015,-0.396748,1.050493,0.031240,0.025878,0.341302,0.059725,-0.138036,0.340851,1.295243,-0.113628,-0.081368,-0.201778
0.041432,-7.483737,0.773774,-0.033526,-0.030795,-0.669281,0.741613,0.080920,0.095479,0.168837,0.228082,-0.278697,-0.068767,0.076266,0.001607,-0.289556,0.134959,-0.106472,-0.000078,-0.000661,0.011521,0.199420,0.132840,0.162969,-0.396685,1.049941,0.031512,0.025886,0.341220,0.059242,-0.138061,0.340899,1.295954,-0.114016,-0.081189,-0.201868
0.041412,-7.483638,0.773770,-0.033506,-0.030816,-0.669184,0.741701,0.080599,0.095375,0.168523,0.228332,-0.278698,-0.068583,0.076163,0.001494,-0.289774,0.135049,-0.106453,-0.000140,-0.000902,0.011560,0.199627,0.132835,0.162901,-0.396591,1.049437,0.031695,0.025887,0.341320,0.058649,-0.138087,0.340901,1.296604,-0.114124,-0.081088,-0.201878
0.041393,-7.483596,0.773752,-0.033538,-0.030839,-0.669076,0.741796,0.080425,0.095322,0.168189,0.228464,-0.278650,-0.068599,0.076174,0.001436,-0.290064,0.135087,-0.106480,-0.000225,-0.001127,0.011595,0.199878,0.132829,0.162810,-0.396509,1.049166,0.031735,0.025897,0.341732,0.058082,-0.138109,0.340928,1.297089,-0.113711,-0.081102,-0.201759
0.041418,-7.483493,0.773748,-0.033587,-0.030881,-0.668980,0.741879,0.080381,0.095306,0.167891,0.228489,-0.278569,-0.068736,0.076269,0.001424,-0.290353,0.135093,-0.106546,-0.000334,-0.001325,0.011623,0.200165,0.132814,0.162683,-0.396446,1.049054,0.031678,0.025881,0.342427,0.057669,-0.138121,0.340954,1.297250,-0.112964,-0.081165,-0.201573
0.041441,-7.483389,0.773752,-0.033628,-0.030919,-0.668908,0.741940,0.080340,0.095305,0.167664,0.228501,-0.278477,-0.068887,0.076327,0.001423,-0.290596,0.135105,-0.106596,-0.000400,-0.001417,0.011628,0.200394,0.132843,0.162595,-0.396390,1.048963,0.031595,0.025819,0.343134,0.057402,-0.138121,0.340915,1.297201,-0.112207,-0.081229,-0.201421
0.041371,-7.483334,0.773738,-0.033647,-0.030938,-0.668878,0.741966,0.080234,0.095290,0.167566,0.228561,-0.278390,-0.068943,0.076281,0.001396,-0.290727,0.135104,-0.106547,-0.000350,-0.001378,0.011649,0.200490,0.132910,0.162523,-0.396277,1.048851,0.031540,0.025689,0.343587,0.057243,-0.138115,0.340806,1.297074,-0.111740,-0.081244,-0.201404
0.041390,-7.483252,0.773760,-0.033667,-0.030981,-0.668820,0.742015,0.080081,0.095225,0.167417,0.228786,-0.278353,-0.068823,0.076399,0.001333,-0.290924,0.134881,-0.106336,-0.000080,-0.001431,0.011701,0.200672,0.133140,0.162456,-0.395960,1.048427,0.031687,0.025414,0.343718,0.056974,-0.138103,0.340523,1.296990,-0.111834,-0.081204,-0.201598
0.041429,-7.483174,0.773764,-0.033658,-0.030995,-0.668822,0.742013,0.079843,0.095160,0.167445,0.229059,-0.278317,-0.068607,0.076354,0.001250,-0.290966,0.134699,-0.106040,0.000322,-0.001336,0.011772,0.200745,0.133440,0.162357,-0.395393,1.047926,0.031992,0.025038,0.343578,0.056758,-0.138080,0.340049,1.296821,-0.112339,-0.081128,-0.201935
0.041418,-7.483113,0.773793,-0.033645,-0.031011,-0.668833,0.742003,0.079611,0.095100,0.167505,0.229330,-0.278280,-0.068407,0.076301,0.001165,-0.290990,0.134531,-0.105762,0.000730,-0.001224,0.011833,0.200801,0.133733,0.162250,-0.394764,1.047469,0.032333,0.024684,0.343386,0.056596,-0.138052,0.339539,1.296532,-0.112860,-0.081029,-0.202235
0.041415,-7.483042,0.773791,-0.033656,-0.031033,-0.668820,0.742014,0.079434,0.095071,0.167506,0.229577,-0.278242,-0.068333,0.076313,0.001115,-0.291071,0.134381,-0.105576,0.001005,-0.001255,0.011901,0.200955,0.133878,0.161968,-0.393842,1.047276,0.032896,0.024474,0.343283,0.056283,-0.137973,0.338894,1.296287,-0.113293,-0.080941,-0.202299
0.041409,-7.482957,0.773773,-0.033698,-0.031065,-0.668782,0.742045,0.079318,0.095108,0.167444,0.229816,-0.278220,-0.068485,0.076400,0.001111,-0.291226,0.134294,-0.105568,0.001112,-0.001261,0.011949,0.201054,0.134121,0.161880,-0.393486,1.047151,0.033093,0.024536,0.343526,0.056245,-0.137946,0.338612,1.295727,-0.113023,-0.080777,-0.202017
0.041408,-7.482899,0.773750,-0.033776,-0.031107,-0.668722,0.742094,0.079265,0.095177,0.167333,0.230043,-0.278189,-0.068772,0.076595,0.001144,-0.291443,0.134155,-0.105616,0.001126,-0.001414,0.012007,0.201324,0.134231,0.161629,-0.392686,1.047227,0.033690,0.024758,0.343826,0.056004,-0.137873,0.338076,1.295180,-0.112863,-0.080570,-0.201463
0.041400,-7.482832,0.773732,-0.033832,-0.031144,-0.668663,0.742143,0.079184,0.095254,0.167219,0.230272,-0.278180,-0.069052,0.076720,0.001178,-0.291642,0.134113,-0.105715,0.001065,-0.001504,0.012047,0.201452,0.134471,0.161497,-0.392254,1.047225,0.033880,0.024994,0.344135,0.056027,-0.137832,0.337749,1.294438,-0.112276,-0.080441,-0.200932
0.041410,-7.482772,0.773717,-0.033890,-0.031181,-0.668576,0.742216,0.079059,0.095298,0.167008,0.230547,-0.278199,-0.069166,0.076850,0.001192,-0.291876,0.134083,-0.105755,0.000962,-0.001722,0.012078,0.201598,0.134651,0.161335,-0.391673,1.047230,0.033948,0.025047,0.344135,0.056116,-0.137769,0.337261,1.293688,-0.111732,-0.080537,-0.200602
0.041390,-7.482767,0.773722,-0.033933,-0.031211,-0.668481,0.742299,0.078850,0.095302,0.166740,0.230948,-0.278330,-0.069008,0.076881,0.001167,-0.292081,0.134221,-0.105780,0.000784,-0.001937,0.012089,0.201661,0.134779,0.161163,-0.391195,1.047210,0.033573,0.024837,0.343714,0.056375,-0.137671,0.336777,1.292934,-0.110877,-0.081007,-0.200623
0.041380,-7.482710,0.773736,-0.033949,-0.031249,-0.668409,0.742362,0.078617,0.095288,0.166514,0.231370,-0.278504,-0.068685,0.076823,0.001131,-0.292184,0.134485,-0.105804,0.000520,-0.002115,0.012080,0.201622,0.134999,0.161123,-0.390982,1.047054,0.032680,0.024484,0.343059,0.056703,-0.137635,0.336521,1.292222,-0.109571,-0.081740,-0.200842
0.041336,-7.482641,0.773735,-0.033961,-0.031264,-0.668262,0.742493,0.078277,0.095249,0.166081,0.231833,-0.278669,-0.068357,0.076793,0.001081,-0.292476,0.134657,-0.105773,0.000259,-0.002437,0.012043,0.201582,0.135176,0.161016,-0.390502,1.046953,0.031992,0.024087,0.342295,0.057355,-0.137498,0.335806,1.291176,-0.108656,-0.082474,-0.201109
0.041345,-7.482614,0.773754,-0.033909,-0.031196,-0.668182,0.742570,0.077815,0.095234,0.165842,0.232070,-0.278661,-0.068211,0.076482,0.001054,-0.292626,0.134794,-0.105659,0.000032,-0.002652,0.012030,0.201209,0.135523,0.160929,-0.390137,1.046910,0.031243,0.023777,0.341825,0.057962,-0.137363,0.335097,1.290278,-0.107968,-0.082994,-0.201251
0.041348,-7.482592,0.773764,-0.033829,-0.031075,-0.668140,0.742616,0.077401,0.095244,0.165742,0.231970,-0.278444,-0.068351,0.076044,0.001059,-0.292705,0.134851,-0.105476,-0.000143,-0.002845,0.012061,0.200664,0.136109,0.160835,-0.389769,1.046864,0.030486,0.023554,0.341726,0.058688,-0.137215,0.334160,1.289220,-0.107771,-0.083147,-0.201248
0.041339,-7.482537,0.773776,-0.033731,-0.030925,-0.668123,0.742642,0.077030,0.095270,0.165730,0.231649,-0.278100,-0.068665,0.075547,0.001094,-0.292728,0.134810,-0.105208,-0.000292,-0.003126,0.012117,0.199985,0.136905,0.160775,-0.389453,1.046800,0.029531,0.023351,0.341855,0.059465,-0.137131,0.333373,1.288102,-0.107662,-0.083100,-0.201183
0.041335,-7.482430,0.773793,-0.033522,-0.030653,-0.668115,0.742670,0.076243,0.095284,0.165724,0.231339,-0.277666,-0.068992,0.074653,0.001110,-0.292764,0.134746,-0.104857,-0.000419,-0.003126,0.012192,0.198924,0.137617,0.160641,-0.389079,1.046859,0.029005,0.023231,0.341991,0.060499,-0.136942,0.331829,1.286889,-0.108170,-0.083025,-0.200999
0.041378,-7.482280,0.773835,-0.033167,-0.030245,-0.668100,0.742716,0.074878,0.095263,0.165670,0.231180,-0.277197,-0.069183,0.073320,0.001098,-0.292855,0.134561,-0.104369,-0.000523,-0.003150,0.012196,0.197238,0.138313,0.160509,-0.388881,1.047039,0.028567,0.023236,0.342143,0.061475,-0.136740,0.330753,1.286100,-0.108325,-0.083102,-0.200767
0.041382,-7.482115,0.773860,-0.032580,-0.029634,-0.668075,0.742789,0.072611,0.095185,0.165539,0.231223,-0.276626,-0.069197,0.071352,0.001052,-0.293038,0.134106,-0.103620,-0.000607,-0.003348,0.012082,0.194662,0.139244,0.160444,-0.388643,1.047090,0.028409,0.023448,0.342253,0.062511,-0.136605,0.330398,1.285674,-0.108028,-0.083427,-0.200425
0.041422,-7.481974,0.773938,-0.031751,-0.028761,-0.668044,0.742887,0.069387,0.095065,0.165351,0.231436,-0.275969,-0.069111,0.068536,0.000950,-0.293293,0.133645,-0.102747,-0.000676,-0.003671,0.011863,0.191111,0.140424,0.160415,-0.388284,1.047063,0.028603,0.023824,0.342362,0.063717,-0.136451,0.330420,1.285448,-0.107652,-0.083876,-0.200014
0.041380,-7.481804,0.774013,-0.030923,-0.027910,-0.668017,0.742979,0.066179,0.094935,0.165168,0.231689,-0.275332,-0.068958,0.065781,0.000852,-0.293540,0.133091,-0.101826,-0.000712,-0.004124,0.011599,0.187587,0.141688,0.160436,-0.387821,1.046924,0.028858,0.024211,0.342433,0.064812,-0.136273,0.330774,1.285372,-0.107109,-0.084317,-0.199546
0.041345,-7.481634,0.774067,-0.030241,-0.027214,-0.668000,0.743048,0.063488,0.094828,0.165018,0.232000,-0.274854,-0.068762,0.063511,0.000768,-0.293721,0.132630,-0.101063,-0.000700,-0.004595,0.011371,0.184654,0.142902,0.160489,-0.387367,1.046683,0.028994,0.024471,0.342435,0.065710,-0.136124,0.331063,1.285313,-0.106604,-0.084613,-0.199054
0.041346,-7.481466,0.774107,-0.029718,-0.026677,-0.667997,0.743091,0.061313,0.094735,0.164896,0.232427,-0.274565,-0.068460,0.061773,0.000703,-0.293820,0.132203,-0.100433,-0.000591,-0.004935,0.011228,0.182354,0.143905,0.160536,-0.387103,1.046492,0.028935,0.024556,0.342367,0.066512,-0.136025,0.331148,1.285171,-0.106176,-0.084714,-0.198443
0.041377,-7.481356,0.774150,-0.029266,-0.026209,-0.668005,0.743119,0.059353,0.094643,0.164790,0.232980,-0.274424,-0.068064,0.060275,0.000646,-0.293876,0.131783,-0.099866,-0.000408,-0.005294,0.011028,0.180299,0.144971,0.160668,-0.386830,1.046187,0.028841,0.024559,0.342246,0.067185,-0.135839,0.331301,1.285139,-0.105765,-0.084689,-0.197791
0.041357,-7.481266,0.774156,-0.028941,-0.025874,-0.668017,0.743133,0.057864,0.094589,0.164716,0.233523,-0.274384,-0.067702,0.059175,0.000610,-0.293889,0.131483,-0.099447,-0.000251,-0.005506,0.010942,0.178771,0.145780,0.160742,-0.386692,1.045959,0.028677,0.024488,0.342086,0.067872,-0.135735,0.331154,1.284937,-0.105426,-0.084609,-0.197164
0.041381,-7.481219,0.774170,-0.028797,-0.025696,-0.668028,0.743135,0.057021,0.094610,0.164688,0.233987,-0.274439,-0.067504,0.058611,0.000628,-0.293872,0.131342,-0.099213,-0.000219,-0.005647,0.010908,0.177943,0.146403,0.160818,-0.386476,1.045677,0.028536,0.024375,0.341887,0.068503,-0.135610,0.330697,1.284554,-0.105167,-0.084523,-0.196744
0.041341,-7.481224,0.774159,-0.028810,-0.025666,-0.668034,0.743130,0.056823,0.094705,0.164724,0.234237,-0.274492,-0.067518,0.058485,0.000697,-0.293812,0.131414,-0.099144,-0.000403,-0.005909,0.010986,0.177715,0.146739,0.160825,-0.386331,1.045544,0.028083,0.024145,0.341667,0.068866,-0.135573,0.330459,1.284249,-0.104416,-0.084526,-0.196566
0.041321,-7.481233,0.774135,-0.028929,-0.025691,-0.668044,0.743115,0.056868,0.094930,0.164795,0.234638,-0.274711,-0.067678,0.058591,0.000862,-0.293712,0.131623,-0.099182,-0.000747,-0.005887,0.011127,0.177876,0.147269,0.160855,-0.385698,1.045043,0.028264,0.023799,0.341152,0.069830,-0.135406,0.329027,1.283159,-0.104394,-0.084442,-0.196464
0.041371,-7.481273,0.774127,-0.029274,-0.025975,-0.668053,0.743084,0.057879,0.095151,0.164910,0.234839,-0.275034,-0.067920,0.059501,0.001019,-0.293590,0.131962,-0.099480,-0.001066,-0.005656,0.011268,0.179011,0.147131,0.160863,-0.385338,1.044859,0.028239,0.023508,0.340780,0.070263,-0.135103,0.327310,1.282393,-0.104529,-0.084354,-0.196578
0.041381,-7.481296,0.774087,-0.029912,-0.026597,-0.668058,0.743032,0.060098,0.095352,0.165051,0.234898,-0.275581,-0.068185,0.061470,0.001142,-0.293475,0.132455,-0.100161,-0.001202,-0.005462,0.011399,0.181325,0.146787,0.160815,-0.384942,1.044500,0.028202,0.023433,0.340701,0.070466,-0.134867,0.325739,1.281470,-0.105001,-0.084094,-0.196928
0.041398,-7.482795,0.773867,-0.031103,-0.027844,-0.668054,0.742941,0.064513,0.095525,0.165247,0.234780,-0.276566,-0.068498,0.065457,0.001229,-0.293367,0.133130,-0.101496,-0.001052,-0.004941,0.011550,0.185945,0.145559,0.160677,-0.384602,1.044188,0.028276,0.023684,0.340982,0.070198,-0.134601,0.323563,1.280342,-0.106489,-0.083591,-0.197650
0.041400,-7.482581,0.773784,-0.032717,-0.029579,-0.668041,0.742816,0.070695,0.095687,0.165497,0.234412,-0.277841,-0.068878,0.071004,0.001303,-0.293251,0.133969,-0.103336,-0.000724,-0.003885,0.011804,0.192347,0.143315,0.160280,-0.384615,1.044263,0.028416,0.024153,0.341597,0.069575,-0.134122,0.320414,1.279137,-0.108905,-0.082913,-0.198723
0.041396,-7.482383,0.773695,-0.034279,-0.031269,-0.668029,0.742688,0.076727,0.095827,0.165745,0.234020,-0.279077,-0.069252,0.076416,0.001369,-0.293133,0.134739,-0.105112,-0.000364,-0.003010,0.012076,0.198553,0.141195,0.159799,-0.384512,1.044307,0.028608,0.024637,0.342264,0.068916,-0.133659,0.317671,1.277984,-0.111211,-0.082233,-0.199760
0.041403,-7.482217,0.773622,-0.035319,-0.032372,-0.668031,0.742589,0.080718,0.095947,0.165933,0.233735,-0.279896,-0.069551,0.079988,0.001442,-0.293017,0.135219,-0.106263,-0.000120,-0.002449,0.012300,0.202591,0.139792,0.159354,-0.384235,1.044398,0.028882,0.024922,0.342719,0.068540,-0.133264,0.315628,1.277168,-0.112841,-0.081772,-0.200376
0.041336,-7.482211,0.773614,-0.035576,-0.032615,-0.668063,0.742538,0.081699,0.096045,0.166034,0.233623,-0.280121,-0.069767,0.080832,0.001529,-0.292881,0.135276,-0.106488,-0.000039,-0.002280,0.012416,0.203419,0.139550,0.159051,-0.383656,1.044429,0.029293,0.024927,0.342829,0.068696,-0.132990,0.314460,1.276744,-0.113527,-0.081625,-0.200334
0.041382,-7.482170,0.773630,-0.035357,-0.032320,-0.668114,0.742515,0.080856,0.096115,0.166082,0.233567,-0.279966,-0.069933,0.079993,0.001620,-0.292733,0.135081,-0.106154,-0.000040,-0.002318,0.012448,0.202252,0.139862,0.158733,-0.382764,1.044643,0.029956,0.024773,0.342760,0.069027,-0.132681,0.313672,1.276773,-0.113823,-0.081669,-0.199920
0.041406,-7.482083,0.773646,-0.034997,-0.031871,-0.668168,0.742504,0.079433,0.096186,0.166107,0.233605,-0.279722,-0.070047,0.078679,0.001712,-0.292617,0.134792,-0.105660,-0.000079,-0.002485,0.012452,0.200493,0.140510,0.158569,-0.382033,1.044693,0.030420,0.024567,0.342652,0.069535,-0.132501,0.313319,1.276743,-0.113742,-0.081774,-0.199403
0.041441,-7.482131,0.773662,-0.034829,-0.031653,-0.668204,0.742488,0.078728,0.096259,0.166146,0.233701,-0.279660,-0.070101,0.078039,0.001782,-0.292580,0.134661,-0.105437,-0.000115,-0.002810,0.012415,0.199531,0.140779,0.158347,-0.381295,1.044986,0.030862,0.024372,0.342624,0.069546,-0.132231,0.313040,1.277000,-0.113866,-0.081836,-0.199175
0.041427,-7.482166,0.773641,-0.034938,-0.031741,-0.668215,0.742469,0.078994,0.096344,0.166194,0.233947,-0.279905,-0.070061,0.078367,0.001830,-0.292690,0.134737,-0.105634,-0.000142,-0.003059,0.012443,0.199726,0.140760,0.158295,-0.381293,1.045096,0.030746,0.024227,0.342790,0.069570,-0.132159,0.312875,1.276793,-0.113950,-0.081787,-0.199263
0.041412,-7.482238,0.773627,-0.035211,-0.032022,-0.668216,0.742444,0.079861,0.096437,0.166265,0.234237,-0.280286,-0.069951,0.079319,0.001882,-0.292884,0.134790,-0.105968,-0.000174,-0.003200,0.012493,0.200563,0.140310,0.158232,-0.381669,1.045497,0.030438,0.024061,0.343054,0.069412,-0.132062,0.312590,1.276627,-0.114155,-0.081717,-0.199544
0.041412,-7.482289,0.773608,-0.035499,-0.032303,-0.668212,0.742421,0.080737,0.096526,0.166328,0.234552,-0.280674,-0.069825,0.080264,0.001919,-0.293073,0.134930,-0.106352,-0.000219,-0.003279,0.012551,0.201400,0.139772,0.158183,-0.382290,1.045999,0.029999,0.023932,0.343344,0.069263,-0.131975,0.312269,1.276473,-0.114354,-0.081654,-0.199892
0.041422,-7.482283,0.773574,-0.035714,-0.032515,-0.668216,0.742398,0.081400,0.096609,0.166385,0.234785,-0.280954,-0.069757,0.080977,0.001975,-0.293150,0.135023,-0.106607,-0.000279,-0.003272,0.012627,0.201935,0.139339,0.158141,-0.382975,1.046482,0.029566,0.023899,0.343573,0.069229,-0.131877,0.311820,1.276320,-0.114549,-0.081627,-0.200185
0.041460,-7.482285,0.773577,-0.035915,-0.032693,-0.668227,0.742370,0.082035,0.096695,0.166436,0.234848,-0.281097,-0.069789,0.081547,0.002050,-0.293065,0.135167,-0.106757,-0.000362,-0.003278,0.012692,0.202332,0.139014,0.158111,-0.383527,1.046949,0.029251,0.024022,0.343694,0.069288,-0.131768,0.311209,1.276112,-0.114803,-0.081627,-0.200405
0.041436,-7.482266,0.773569,-0.036102,-0.032873,-0.668238,0.742343,0.082684,0.096787,0.166478,0.234828,-0.281180,-0.069878,0.082080,0.002144,-0.292883,0.135329,-0.106855,-0.000464,-0.003543,0.012730,0.202705,0.138955,0.158104,-0.383777,1.047197,0.029050,0.024264,0.343732,0.069290,-0.131692,0.310789,1.275889,-0.115010,-0.081631,-0.200604
0.041415,-7.482296,0.773571,-0.036197,-0.032938,-0.668261,0.742316,0.082980,0.096849,0.166527,0.234782,-0.281167,-0.069958,0.082246,0.002212,-0.292661,0.135488,-0.106866,-0.000571,-0.003753,0.012740,0.202680,0.138985,0.158113,-0.383986,1.047458,0.028859,0.024488,0.343695,0.069300,-0.131622,0.310419,1.275819,-0.115176,-0.081686,-0.200761
0.041416,-7.482298,0.773582,-0.036076,-0.032803,-0.668307,0.742286,0.082545,0.096854,0.166597,0.234739,-0.281004,-0.069964,0.081769,0.002242,-0.292454,0.135436,-0.106641,-0.000669,-0.003839,0.012712,0.201889,0.139172,0.158136,-0.384152,1.047711,0.028650,0.024567,0.343570,0.069383,-0.131558,0.310257,1.275980,-0.115225,-0.081820,-0.200840
0.041429,-7.482271,0.773619,-0.035614,-0.032331,-0.668397,0.742248,0.080944,0.096754,0.166725,0.234719,-0.280646,-0.069867,0.080141,0.002171,-0.292228,0.135336,-0.106227,-0.000762,-0.003769,0.012585,0.199823,0.139755,0.158206,-0.384268,1.047843,0.028332,0.024437,0.343339,0.069570,-0.131490,0.310526,1.276527,-0.115020,-0.082068,-0.200867
0.041478,-7.482170,0.773659,-0.034921,-0.031654,-0.668512,0.742206,0.078595,0.096580,0.166878,0.234676,-0.280124,-0.069706,0.077832,0.002051,-0.291986,0.135058,-0.105597,-0.000848,-0.003775,0.012399,0.196968,0.140680,0.158288,-0.384117,1.047803,0.028007,0.024170,0.342973,0.069764,-0.131475,0.311292,1.277313,-0.114556,-0.082398,-0.200810
0.041482,-7.482013,0.773719,-0.034132,-0.030864,-0.668628,0.742172,0.075852,0.096396,0.167017,0.234662,-0.279525,-0.069512,0.075167,0.001915,-0.291782,0.134741,-0.104866,-0.000929,-0.004069,0.012146,0.193704,0.141956,0.158412,-0.383704,1.047545,0.027736,0.023875,0.342591,0.069896,-0.131507,0.312614,1.278277,-0.113882,-0.082741,-0.200726
0.041489,-7.481852,0.773780,-0.033373,-0.030088,-0.668716,0.742159,0.073115,0.096271,0.167090,0.234763,-0.278984,-0.069317,0.072611,0.001835,-0.291685,0.134351,-0.104080,-0.000998,-0.004369,0.011945,0.190521,0.143058,0.158542,-0.383428,1.047458,0.027596,0.023635,0.342302,0.070044,-0.131566,0.313836,1.279230,-0.113334,-0.083064,-0.200607
0.041503,-7.481738,0.773854,-0.032463,-0.029098,-0.668775,0.742186,0.069576,0.096213,0.167050,0.235095,-0.278362,-0.069082,0.069457,0.001809,-0.291774,0.133817,-0.103007,-0.001078,-0.004992,0.011743,0.186546,0.144483,0.158744,-0.383294,1.047393,0.027568,0.023461,0.342153,0.070326,-0.131663,0.315482,1.280304,-0.112716,-0.083397,-0.200435
0.041523,-7.481631,0.773933,-0.031400,-0.027920,-0.668815,0.742240,0.065335,0.096189,0.166934,0.235585,-0.277656,-0.068804,0.065798,0.001829,-0.291996,0.133041,-0.101635,-0.001164,-0.005844,0.011506,0.181893,0.146244,0.159132,-0.383214,1.047205,0.027593,0.023307,0.342042,0.070737,-0.131844,0.317571,1.281442,-0.111987,-0.083761,-0.200185
0.041534,-7.481553,0.774008,-0.030612,-0.027029,-0.668837,0.742287,0.062105,0.096196,0.166823,0.236041,-0.277162,-0.068573,0.063029,0.001855,-0.292210,0.132507,-0.100611,-0.001215,-0.006379,0.011357,0.178378,0.147455,0.159473,-0.383343,1.047116,0.027640,0.023216,0.341994,0.071062,-0.131986,0.319051,1.282370,-0.111472,-0.084042,-0.199955
0.041521,-7.481338,0.774028,-0.030519,-0.026896,-0.668838,0.742295,0.061598,0.096251,0.166794,0.236276,-0.277185,-0.068479,0.062695,0.001902,-0.292284,0.132364,-0.100418,-0.001189,-0.006512,0.011302,0.177761,0.147693,0.159662,-0.383384,1.046975,0.027698,0.023249,0.342030,0.070947,-0.132066,0.319594,1.282909,-0.111242,-0.084107,-0.199889
0.041516,-7.481060,0.773984,-0.031538,-0.027965,-0.668805,0.742242,0.065426,0.096379,0.166887,0.236157,-0.278018,-0.068599,0.066156,0.001961,-0.292130,0.132990,-0.101598,-0.001045,-0.006302,0.011335,0.181766,0.146803,0.159748,-0.383138,1.046291,0.027637,0.023506,0.342153,0.070165,-0.132117,0.319125,1.282639,-0.111116,-0.083826,-0.200051
0.041515,-7.480695,0.773886,-0.033347,-0.029878,-0.668739,0.742147,0.072291,0.096567,0.167057,0.235832,-0.279448,-0.068866,0.072323,0.002040,-0.291837,0.134120,-0.103728,-0.000814,-0.005624,0.011515,0.189123,0.144728,0.159688,-0.382820,1.045505,0.027631,0.023916,0.342303,0.068848,-0.132120,0.317474,1.281847,-0.111355,-0.083333,-0.200300
0.041546,-7.482649,0.773607,-0.035256,-0.031912,-0.668669,0.742038,0.079596,0.096743,0.167251,0.235399,-0.280916,-0.069156,0.078891,0.002127,-0.291533,0.135222,-0.105945,-0.000569,-0.004712,0.011795,0.196951,0.142235,0.159444,-0.382668,1.044983,0.027677,0.024310,0.342540,0.067495,-0.132036,0.315544,1.281042,-0.111764,-0.082777,-0.200620
0.041555,-7.482521,0.773522,-0.036558,-0.033315,-0.668627,0.741951,0.084647,0.096849,0.167416,0.235064,-0.281944,-0.069352,0.083418,0.002183,-0.291346,0.135951,-0.107489,-0.000380,-0.003938,0.011999,0.202212,0.140316,0.159165,-0.382614,1.044959,0.027864,0.024517,0.342836,0.066456,-0.131929,0.314405,1.280957,-0.112149,-0.082342,-0.200965
0.041535,-7.482495,0.773485,-0.036993,-0.033798,-0.668636,0.741899,0.086399,0.096856,0.167536,0.234937,-0.282371,-0.069398,0.084969,0.002184,-0.291331,0.136182,-0.108083,-0.000278,-0.003451,0.012060,0.203822,0.139595,0.158867,-0.382518,1.045192,0.028348,0.024491,0.343297,0.065893,-0.131821,0.314387,1.281794,-0.112660,-0.081982,-0.201435
0.041562,-7.482548,0.773474,-0.036988,-0.033801,-0.668676,0.741863,0.086474,0.096809,0.167642,0.234875,-0.282471,-0.069373,0.085023,0.002166,-0.291410,0.136060,-0.108135,-0.000219,-0.003334,0.011967,0.203436,0.139516,0.158586,-0.382111,1.045765,0.029034,0.024245,0.343814,0.065353,-0.131733,0.315393,1.283485,-0.113122,-0.081677,-0.201993
0.041565,-7.482562,0.773479,-0.036782,-0.033606,-0.668721,0.741842,0.085805,0.096746,0.167724,0.234868,-0.282425,-0.069332,0.084412,0.002133,-0.291532,0.135859,-0.107994,-0.000172,-0.003198,0.011845,0.202336,0.139788,0.158457,-0.381781,1.046128,0.029746,0.024041,0.344267,0.065082,-0.131707,0.316492,1.285120,-0.113435,-0.081446,-0.202446
0.041592,-7.482591,0.773505,-0.036670,-0.033503,-0.668744,0.741832,0.085468,0.096707,0.167778,0.234840,-0.282394,-0.069337,0.084103,0.002106,-0.291645,0.135722,-0.107928,-0.000107,-0.003217,0.011745,0.201653,0.140055,0.158332,-0.381355,1.046298,0.030367,0.024016,0.344556,0.064770,-0.131696,0.317591,1.286588,-0.113190,-0.081364,-0.202678
0.041603,-7.482618,0.773494,-0.036698,-0.033541,-0.668740,0.741832,0.085627,0.096706,0.167802,0.234801,-0.282404,-0.069409,0.084272,0.002092,-0.291749,0.135658,-0.107978,0.000025,-0.003080,0.011741,0.201650,0.140003,0.158235,-0.381090,1.046390,0.030969,0.024333,0.344606,0.064593,-0.131699,0.318100,1.287645,-0.112304,-0.081516,-0.202558
0.041577,-7.482635,0.773476,-0.036708,-0.033564,-0.668730,0.741840,0.085733,0.096720,0.167820,0.234756,-0.282357,-0.069514,0.084387,0.002077,-0.291849,0.135592,-0.107992,0.000193,-0.002782,0.011798,0.201696,0.139881,0.158172,-0.381019,1.046409,0.031538,0.024838,0.344527,0.064607,-0.131710,0.318203,1.288451,-0.111068,-0.081811,-0.202211
0.041568,-7.482645,0.773486,-0.036731,-0.033606,-0.668705,0.741859,0.085887,0.096737,0.167802,0.234695,-0.282291,-0.069631,0.084572,0.002069,-0.291952,0.135521,-0.108002,0.000314,-0.002490,0.011870,0.201763,0.139693,0.158125,-0.381009,1.046485,0.031972,0.025323,0.344340,0.064554,-0.131720,0.318256,1.289365,-0.109628,-0.082222,-0.201733
0.041573,-7.482672,0.773480,-0.036775,-0.033637,-0.668669,0.741888,0.086033,0.096751,0.167749,0.234644,-0.282242,-0.069738,0.084721,0.002061,-0.292031,0.135527,-0.108037,0.000298,-0.002303,0.011910,0.201814,0.139549,0.158076,-0.381054,1.046545,0.032000,0.025473,0.344160,0.064443,-0.131731,0.318375,1.290232,-0.108535,-0.082518,-0.201313
0.041620,-7.482642,0.773476,-0.036843,-0.033676,-0.668610,0.741936,0.086204,0.096787,0.167625,0.234616,-0.282227,-0.069882,0.084879,0.002070,-0.292089,0.135681,-0.108156,0.000024,-0.002605,0.011947,0.201736,0.139656,0.157822,-0.381056,1.046602,0.031270,0.025024,0.344113,0.064042,-0.131797,0.319535,1.291379,-0.107284,-0.082695,-0.201061
0.041621,-7.482652,0.773480,-0.036909,-0.033700,-0.668551,0.741985,0.086337,0.096839,0.167494,0.234578,-0.282205,-0.070056,0.084932,0.002086,-0.292086,0.135983,-0.108328,-0.000437,-0.002944,0.011902,0.201648,0.139940,0.157721,-0.381051,1.046392,0.030121,0.024212,0.343980,0.063682,-0.131844,0.320825,1.292359,-0.106196,-0.082820,-0.200810
0.041610,-7.482681,0.773469,-0.036953,-0.033707,-0.668496,0.742032,0.086407,0.096864,0.167371,0.234555,-0.282198,-0.070164,0.084904,0.002080,-0.292066,0.136310,-0.108494,-0.000859,-0.003288,0.011825,0.201536,0.140271,0.157695,-0.381052,1.046132,0.029009,0.023454,0.343821,0.063436,-0.131863,0.321750,1.293093,-0.105568,-0.082837,-0.200556
0.041630,-7.482681,0.773462,-0.036937,-0.033695,-0.668453,0.742072,0.086291,0.096816,0.167269,0.234639,-0.282225,-0.070102,0.084855,0.002031,-0.292066,0.136399,-0.108549,-0.001012,-0.004077,0.011671,0.201231,0.141034,0.157686,-0.380756,1.045695,0.028296,0.023181,0.343772,0.063195,-0.131867,0.322698,1.293744,-0.105273,-0.082669,-0.200389
0.041650,-7.482667,0.773483,-0.036829,-0.033652,-0.668443,0.742089,0.085977,0.096628,0.167252,0.234785,-0.282295,-0.069725,0.084711,0.001888,-0.292066,0.136197,-0.108445,-0.000670,-0.004903,0.011474,0.200771,0.141770,0.157684,-0.380386,1.045524,0.028437,0.023780,0.343814,0.063367,-0.131840,0.322361,1.293757,-0.106289,-0.082160,-0.200264
