0.000427,0.017251,0.788017,-0.016040,-0.016096,-0.731961,0.680968,0.100812,0.054057,0.253151,0.144254,-0.186736,-0.040011,0.031482,-0.029202,-0.047951,0.180060,-0.180569,0.029264,-0.033649,-0.010626,0.191037,-0.078383,0.155510,-0.650440,1.205024,-0.151425,0.002073,0.183141,-0.152832,-0.125803,0.650190,1.214776,0.136582,0.065067,0.001789
0.000356,0.017183,0.788033,-0.015699,-0.015740,-0.731909,0.681040,0.099822,0.054095,0.252420,0.144093,-0.187131,-0.039897,0.030620,-0.029004,-0.048133,0.179744,-0.180337,0.029128,-0.034011,-0.010717,0.190383,-0.079097,0.155613,-0.650896,1.205665,-0.151476,0.002071,0.183359,-0.153235,-0.125516,0.650075,1.215235,0.137219,0.064788,0.001141
0.000279,0.017120,0.788063,-0.015371,-0.015389,-0.731852,0.681116,0.098863,0.054137,0.251667,0.143939,-0.187539,-0.039829,0.029803,-0.028825,-0.048333,0.179411,-0.180103,0.028965,-0.034271,-0.010850,0.189742,-0.079827,0.155740,-0.651396,1.206325,-0.151519,0.002044,0.183482,-0.153485,-0.125288,0.649863,1.215506,0.137879,0.064518,0.000451
0.000173,0.017088,0.788094,-0.015010,-0.015039,-0.731807,0.681181,0.097833,0.054159,0.250959,0.143822,-0.187961,-0.039637,0.028900,-0.028672,-0.048474,0.179117,-0.179879,0.028850,-0.034513,-0.010988,0.189109,-0.080610,0.155885,-0.652063,1.206942,-0.151648,0.002078,0.183806,-0.153753,-0.125096,0.649639,1.215734,0.138451,0.064278,-0.000158
0.000058,0.017092,0.788145,-0.014581,-0.014679,-0.731785,0.681222,0.096650,0.054133,0.250343,0.143769,-0.188409,-0.039154,0.027910,-0.028545,-0.048502,0.178696,-0.179581,0.028855,-0.034886,-0.011133,0.188481,-0.081384,0.156003,-0.652869,1.207395,-0.151791,0.002270,0.184659,-0.154155,-0.124975,0.649575,1.215936,0.138820,0.064180,-0.000604
-0.000037,0.017081,0.788199,-0.014079,-0.014248,-0.731786,0.681240,0.095131,0.054110,0.249882,0.143903,-0.188752,-0.038430,0.026686,-0.028431,-0.048412,0.178188,-0.179193,0.029017,-0.034654,-0.011404,0.187700,-0.082361,0.156340,-0.654849,1.207859,-0.152663,0.002594,0.186237,-0.154472,-0.124652,0.648938,1.216152,0.138829,0.064238,-0.000861
-0.000119,0.017052,0.788287,-0.013500,-0.013805,-0.731798,0.681248,0.093420,0.054044,0.249520,0.144094,-0.188982,-0.037523,0.025362,-0.028361,-0.048244,0.177555,-0.178720,0.029288,-0.035060,-0.011607,0.186987,-0.083192,0.156482,-0.655860,1.208196,-0.153106,0.002979,0.188232,-0.155062,-0.124538,0.648882,1.216239,0.138605,0.064515,-0.000886
-0.000240,0.017051,0.788342,-0.012882,-0.013392,-0.731846,0.681216,0.091725,0.053842,0.249197,0.144304,-0.189475,-0.036296,0.023945,-0.028380,-0.047919,0.177059,-0.178330,0.029594,-0.035088,-0.011925,0.186202,-0.084234,0.156720,-0.658242,1.208482,-0.154090,0.003571,0.190613,-0.155563,-0.124361,0.648718,1.216407,0.138509,0.064720,-0.000942
-0.000339,0.017013,0.788432,-0.012276,-0.013053,-0.731938,0.681136,0.090222,0.053468,0.248798,0.144592,-0.190652,-0.034618,0.022630,-0.028502,-0.047408,0.176668,-0.178053,0.029863,-0.035183,-0.012294,0.185531,-0.085537,0.156984,-0.661827,1.208641,-0.155238,0.004449,0.193164,-0.156151,-0.124198,0.648973,1.216678,0.138861,0.064709,-0.001124
-0.000446,0.017007,0.788510,-0.011673,-0.012776,-0.732052,0.681029,0.088778,0.052945,0.248242,0.145168,-0.192759,-0.032154,0.021345,-0.028734,-0.046758,0.176455,-0.177933,0.030156,-0.035243,-0.012687,0.184956,-0.087169,0.157268,-0.666836,1.208686,-0.156778,0.005818,0.195885,-0.156776,-0.124069,0.649641,1.217059,0.139771,0.064426,-0.001470
-0.000496,0.017002,0.788585,-0.011090,-0.012510,-0.732186,0.680899,0.087325,0.052381,0.247566,0.145997,-0.195542,-0.029087,0.020107,-0.028980,-0.045998,0.176268,-0.177873,0.030468,-0.035522,-0.012986,0.184473,-0.089014,0.157479,-0.672612,1.208647,-0.158497,0.007552,0.198831,-0.157546,-0.124017,0.650878,1.217546,0.141092,0.063984,-0.001892
-0.000530,0.016922,0.788581,-0.010629,-0.012138,-0.732352,0.680735,0.082777,0.052936,0.246566,0.153832,-0.202378,-0.026112,0.019019,-0.028868,-0.045194,0.175878,-0.177735,0.030598,-0.035945,-0.012901,0.183937,-0.091013,0.157654,-0.679636,1.208522,-0.160341,0.009287,0.202014,-0.158309,-0.124016,0.652470,1.218076,0.142787,0.063400,-0.002407
-0.000541,0.016787,0.788482,-0.010075,-0.011973,-0.732667,0.680408,0.079056,0.052852,0.245854,0.160506,-0.208867,-0.023709,0.015058,-0.029273,-0.043804,0.181916,-0.181002,0.030515,-0.035983,-0.013216,0.183282,-0.093180,0.157862,-0.688580,1.208363,-0.162349,0.010661,0.205451,-0.158843,-0.124061,0.654110,1.218545,0.144807,0.062697,-0.003058
-0.000588,0.016679,0.788301,-0.009356,-0.012078,-0.733191,0.679851,0.076885,0.051687,0.245497,0.164412,-0.214128,-0.022122,0.007633,-0.030404,-0.041621,0.195493,-0.188153,0.030238,-0.035478,-0.014133,0.182445,-0.095533,0.158142,-0.700136,1.208082,-0.164712,0.011596,0.209332,-0.159162,-0.124161,0.656025,1.219013,0.147353,0.061834,-0.003765
-0.000634,0.016434,0.788095,-0.008671,-0.012292,-0.733851,0.679144,0.075753,0.050156,0.245262,0.166776,-0.218850,-0.021064,0.000123,-0.031571,-0.039021,0.209676,-0.195581,0.029758,-0.035609,-0.015102,0.181679,-0.097748,0.158368,-0.712432,1.207484,-0.166853,0.012261,0.213511,-0.159865,-0.124233,0.659226,1.219833,0.150541,0.060825,-0.004544
-0.000702,0.016157,0.787890,-0.008084,-0.012624,-0.734556,0.678383,0.075603,0.048493,0.245224,0.168023,-0.223368,-0.020200,-0.006792,-0.032670,-0.036252,0.223448,-0.203000,0.029041,-0.034584,-0.016183,0.181062,-0.100364,0.158747,-0.727226,1.206918,-0.169446,0.012738,0.217735,-0.159788,-0.124408,0.660957,1.220055,0.153519,0.059724,-0.005514
-0.000768,0.015814,0.787675,-0.007686,-0.013069,-0.735215,0.677664,0.076105,0.047000,0.245439,0.169208,-0.228265,-0.019199,-0.012469,-0.033600,-0.033560,0.235907,-0.210123,0.028058,-0.034354,-0.017248,0.181056,-0.102791,0.159212,-0.740400,1.206052,-0.170860,0.013036,0.221387,-0.159756,-0.124594,0.662333,1.219802,0.156031,0.058676,-0.006744
-0.000826,0.015402,0.787465,-0.007499,-0.013691,-0.735817,0.677000,0.077427,0.045589,0.246000,0.170293,-0.233712,-0.017809,-0.016781,-0.034460,-0.030999,0.247079,-0.217000,0.026663,-0.034720,-0.018438,0.181774,-0.105159,0.159809,-0.752388,1.204930,-0.171085,0.013029,0.224671,-0.159719,-0.124729,0.663194,1.219000,0.157939,0.057647,-0.008493
-0.000911,0.015025,0.787252,-0.007457,-0.014482,-0.736407,0.676343,0.079547,0.044167,0.246847,0.171031,-0.239491,-0.016267,-0.020149,-0.035287,-0.028430,0.257519,-0.223814,0.024931,-0.035422,-0.019781,0.183010,-0.107505,0.160573,-0.764019,1.203526,-0.170511,0.012777,0.227737,-0.159668,-0.124811,0.663668,1.217842,0.159504,0.056589,-0.010641
-0.001037,0.014531,0.787060,-0.007541,-0.015293,-0.736984,0.675695,0.082314,0.042886,0.247840,0.171183,-0.245119,-0.014964,-0.022542,-0.035885,-0.025823,0.266674,-0.230273,0.023155,-0.036321,-0.021071,0.184447,-0.109735,0.161487,-0.775015,1.202024,-0.169450,0.012514,0.230117,-0.159342,-0.124825,0.663322,1.216308,0.160774,0.055586,-0.012755
-0.001160,0.014013,0.786848,-0.007711,-0.016000,-0.737546,0.675063,0.085479,0.041946,0.248840,0.170729,-0.250230,-0.014293,-0.023959,-0.036036,-0.023159,0.274079,-0.236139,0.021628,-0.037039,-0.022146,0.185775,-0.111758,0.162697,-0.785452,1.200409,-0.168331,0.012566,0.231366,-0.158440,-0.124777,0.661447,1.214401,0.161742,0.054709,-0.014398
-0.001367,0.013202,0.786686,-0.008077,-0.016623,-0.738075,0.674466,0.089383,0.041423,0.249820,0.169415,-0.254656,-0.014573,-0.024005,-0.035616,-0.020446,0.279444,-0.241331,0.020361,-0.037954,-0.022867,0.187076,-0.113467,0.164148,-0.794831,1.198780,-0.167000,0.012777,0.231149,-0.156910,-0.124614,0.658086,1.212110,0.162579,0.053894,-0.015619
-0.001560,0.012398,0.786533,-0.008612,-0.017218,-0.738577,0.673895,0.094028,0.041206,0.250863,0.167327,-0.258617,-0.015524,-0.022810,-0.034751,-0.017698,0.283075,-0.245982,0.019222,-0.039177,-0.023347,0.188422,-0.114973,0.165682,-0.803181,1.197246,-0.165267,0.013046,0.229791,-0.154952,-0.124335,0.653644,1.209515,0.163265,0.053156,-0.016609
-0.001745,0.011625,0.786349,-0.009106,-0.017673,-0.739091,0.673312,0.098592,0.041207,0.251998,0.165035,-0.262334,-0.016627,-0.021231,-0.033617,-0.014908,0.285528,-0.250221,0.018276,-0.040324,-0.023719,0.189531,-0.116338,0.167384,-0.810841,1.195562,-0.163374,0.013771,0.227782,-0.152789,-0.123951,0.648369,1.206827,0.163595,0.052605,-0.017137
-0.002002,0.010699,0.786217,-0.009361,-0.017866,-0.739659,0.672680,0.102276,0.041334,0.253248,0.163095,-0.266036,-0.017362,-0.020097,-0.032400,-0.012062,0.287314,-0.254159,0.017598,-0.041383,-0.024053,0.190084,-0.117577,0.169100,-0.817625,1.193670,-0.161377,0.015318,0.225614,-0.150684,-0.123506,0.642947,1.204178,0.163436,0.052453,-0.017004
-0.002262,0.009589,0.786118,-0.009335,-0.017747,-0.740296,0.671982,0.104871,0.041606,0.254653,0.161696,-0.269890,-0.017505,-0.019497,-0.031097,-0.009106,0.288318,-0.257757,0.017189,-0.042518,-0.024253,0.189852,-0.118753,0.170470,-0.823143,1.191864,-0.159266,0.018061,0.223221,-0.148589,-0.123100,0.637519,1.201573,0.162960,0.052888,-0.016064
-0.002503,0.008639,0.786014,-0.009124,-0.017396,-0.740980,0.671240,0.106835,0.042039,0.256191,0.160469,-0.273705,-0.017356,-0.019045,-0.029642,-0.006060,0.288378,-0.260996,0.017015,-0.043041,-0.024434,0.189133,-0.119888,0.172143,-0.828443,1.189721,-0.157273,0.021764,0.220401,-0.146186,-0.122568,0.630835,1.198780,0.161865,0.053740,-0.014417
-0.002763,0.007588,0.785923,-0.008755,-0.016863,-0.741692,0.670472,0.108215,0.042600,0.257780,0.159434,-0.277345,-0.017185,-0.018828,-0.028106,-0.003030,0.287879,-0.263983,0.017101,-0.043745,-0.024547,0.188099,-0.120916,0.173713,-0.832722,1.187585,-0.154932,0.025674,0.217464,-0.144000,-0.122053,0.624504,1.196121,0.160348,0.054746,-0.012354
-0.003095,0.006503,0.785830,-0.008257,-0.016196,-0.742416,0.669692,0.109149,0.043219,0.259346,0.158408,-0.280554,-0.017258,-0.018930,-0.026576,-0.000119,0.287197,-0.266828,0.017482,-0.044472,-0.024665,0.187014,-0.121986,0.175185,-0.836456,1.185568,-0.152204,0.029094,0.214732,-0.142200,-0.121591,0.618802,1.193647,0.158167,0.055613,-0.010111
-0.003459,0.005395,0.785741,-0.007602,-0.015356,-0.743150,0.668906,0.109450,0.043947,0.260855,0.157511,-0.283238,-0.017741,-0.019425,-0.025032,0.002663,0.286252,-0.269523,0.018338,-0.045266,-0.024769,0.185783,-0.123149,0.176518,-0.839631,1.183880,-0.149187,0.031868,0.212276,-0.140869,-0.121234,0.613809,1.191503,0.154882,0.056421,-0.007467
-0.003760,0.004338,0.785672,-0.006787,-0.014337,-0.743900,0.668103,0.109086,0.044802,0.262352,0.156853,-0.285575,-0.018459,-0.020274,-0.023451,0.005364,0.284956,-0.272049,0.019599,-0.046005,-0.024850,0.184351,-0.124360,0.177821,-0.842284,1.182330,-0.145957,0.034366,0.209930,-0.139815,-0.120964,0.609143,1.189513,0.150681,0.057265,-0.004373
-0.004096,0.003156,0.785591,-0.005876,-0.013231,-0.744665,0.667281,0.108444,0.045684,0.263877,0.156217,-0.287717,-0.019180,-0.021321,-0.021888,0.007960,0.283508,-0.274415,0.020918,-0.046866,-0.024895,0.182921,-0.125566,0.178804,-0.844105,1.180870,-0.142094,0.036629,0.207666,-0.139027,-0.120848,0.605208,1.187535,0.146525,0.057888,-0.001378
-0.004488,0.001986,0.785511,-0.004935,-0.012130,-0.745447,0.666436,0.107748,0.046540,0.265458,0.155715,-0.289977,-0.019673,-0.022488,-0.020403,0.010431,0.282249,-0.276703,0.021944,-0.047432,-0.025029,0.181833,-0.126664,0.179855,-0.845577,1.178805,-0.137446,0.038768,0.205435,-0.138323,-0.120871,0.601624,1.185204,0.143171,0.058025,0.001024
-0.004818,0.000799,0.785432,-0.003975,-0.011041,-0.746250,0.665562,0.107049,0.047351,0.267109,0.155341,-0.292508,-0.019873,-0.023799,-0.018997,0.012757,0.281289,-0.278970,0.022451,-0.048084,-0.025208,0.181065,-0.127584,0.180591,-0.846069,1.176466,-0.130269,0.041004,0.203367,-0.137922,-0.121056,0.599054,1.182786,0.141346,0.057503,0.002474
-0.005201,-0.000361,0.785343,-0.002954,-0.009933,-0.747072,0.664662,0.106178,0.048165,0.268806,0.155155,-0.295172,-0.019905,-0.025287,-0.017643,0.014956,0.280447,-0.281163,0.022670,-0.048569,-0.025438,0.180552,-0.128409,0.181253,-0.845979,1.173783,-0.121336,0.043240,0.201424,-0.137687,-0.121433,0.597017,1.180153,0.140346,0.056506,0.003350
-0.005577,-0.001669,0.785264,-0.001899,-0.008785,-0.747902,0.663749,0.105201,0.048973,0.270539,0.155020,-0.297685,-0.019816,-0.026853,-0.016339,0.017062,0.279574,-0.283179,0.022938,-0.049046,-0.025680,0.180185,-0.129218,0.181737,-0.845374,1.170806,-0.113682,0.044950,0.199360,-0.137600,-0.121912,0.595529,1.177294,0.139420,0.055306,0.004069
-0.006004,-0.002894,0.785171,-0.000812,-0.007608,-0.748727,0.662834,0.104126,0.049791,0.272295,0.154916,-0.299823,-0.019657,-0.028405,-0.015082,0.019109,0.278538,-0.284884,0.023591,-0.049499,-0.025895,0.179957,-0.130074,0.182193,-0.844528,1.167286,-0.110395,0.045647,0.196923,-0.137473,-0.122604,0.594314,1.173895,0.137694,0.054186,0.005095
-0.006442,-0.004177,0.785074,0.000321,-0.006413,-0.749549,0.661918,0.102988,0.050573,0.274063,0.154705,-0.301363,-0.019404,-0.029883,-0.013912,0.021087,0.277169,-0.286191,0.024767,-0.049934,-0.026050,0.179942,-0.130914,0.182693,-0.843259,1.163108,-0.113396,0.044616,0.194154,-0.137232,-0.123726,0.593450,1.169662,0.135043,0.053199,0.006681
-0.006783,-0.005464,0.784974,0.001496,-0.005190,-0.750370,0.660996,0.101646,0.051366,0.275846,0.154705,-0.302620,-0.019046,-0.031414,-0.012819,0.022985,0.275726,-0.287241,0.026269,-0.050358,-0.026151,0.180126,-0.131735,0.183132,-0.841496,1.158416,-0.120677,0.042339,0.191149,-0.136926,-0.125227,0.593040,1.164728,0.131897,0.052205,0.008541
-0.007194,-0.006859,0.784887,0.002694,-0.003931,-0.751190,0.660069,0.100322,0.052181,0.277674,0.154582,-0.303643,-0.018640,-0.032841,-0.011725,0.024828,0.273962,-0.288016,0.027934,-0.050752,-0.026221,0.180377,-0.132683,0.183411,-0.839726,1.153319,-0.129470,0.040130,0.187745,-0.136584,-0.126832,0.592916,1.159471,0.128306,0.051202,0.010333
-0.007598,-0.008190,0.784793,0.003902,-0.002631,-0.752006,0.659140,0.098929,0.053122,0.279558,0.154631,-0.304807,-0.018250,-0.034108,-0.010553,0.026642,0.271858,-0.288622,0.029599,-0.051091,-0.026245,0.180624,-0.133818,0.183543,-0.838378,1.147710,-0.136931,0.039294,0.183801,-0.136088,-0.128431,0.592927,1.153962,0.124340,0.050206,0.011746
-0.008029,-0.009560,0.784692,0.005085,-0.001305,-0.752815,0.658211,0.097714,0.054185,0.281530,0.154529,-0.306089,-0.017932,-0.035067,-0.009278,0.028411,0.269250,-0.289000,0.031282,-0.051354,-0.026273,0.180852,-0.135231,0.183538,-0.837776,1.141505,-0.142832,0.040628,0.179002,-0.135628,-0.129692,0.593039,1.148622,0.119821,0.049133,0.012537
-0.008524,-0.011095,0.784603,0.006265,0.000048,-0.753621,0.657280,0.096466,0.055370,0.283567,0.154603,-0.307518,-0.017637,-0.035814,-0.007941,0.030129,0.266249,-0.289148,0.033049,-0.051499,-0.026124,0.181246,-0.136859,0.183403,-0.837598,1.134521,-0.148432,0.043307,0.173515,-0.134735,-0.131490,0.593332,1.142419,0.114841,0.048077,0.013016
-0.009002,-0.012601,0.784499,0.007505,0.001456,-0.754426,0.656341,0.095155,0.056578,0.285634,0.154580,-0.308723,-0.017275,-0.036561,-0.006588,0.031847,0.263022,-0.289144,0.034808,-0.051680,-0.026213,0.181413,-0.138477,0.183268,-0.837466,1.127402,-0.153425,0.046142,0.167999,-0.134299,-0.132409,0.593715,1.136985,0.109548,0.047009,0.013314
-0.009540,-0.014162,0.784387,0.008865,0.002953,-0.755233,0.655389,0.093551,0.057778,0.287682,0.154603,-0.309568,-0.016750,-0.037501,-0.005240,0.033606,0.259705,-0.289043,0.036464,-0.051911,-0.026162,0.181543,-0.140063,0.182985,-0.836883,1.120148,-0.157358,0.047955,0.163044,-0.133174,-0.134169,0.594322,1.130164,0.104454,0.046250,0.013909
-0.010171,-0.015776,0.784265,0.010391,0.004558,-0.756055,0.654410,0.091641,0.058900,0.289688,0.154458,-0.309803,-0.015939,-0.038753,-0.003919,0.035463,0.256331,-0.288874,0.037970,-0.052239,-0.026332,0.181351,-0.141373,0.182743,-0.835648,1.112871,-0.159436,0.048527,0.158802,-0.132148,-0.135547,0.594959,1.123309,0.099027,0.045751,0.014833
-0.010776,-0.017538,0.784161,0.012039,0.006251,-0.756884,0.653409,0.089386,0.060037,0.291669,0.154457,-0.309731,-0.014926,-0.040197,-0.002607,0.037379,0.252848,-0.288616,0.039383,-0.052763,-0.026431,0.181083,-0.142500,0.182424,-0.833751,1.105246,-0.159986,0.048429,0.154913,-0.130699,-0.137481,0.595967,1.115373,0.093453,0.045552,0.015996
-0.011254,-0.019258,0.784061,0.013747,0.007997,-0.757698,0.652412,0.087085,0.061192,0.293682,0.154347,-0.309418,-0.013927,-0.041627,-0.001296,0.039265,0.249138,-0.288211,0.040761,-0.053212,-0.026744,0.180610,-0.143695,0.182230,-0.832126,1.097678,-0.160877,0.047717,0.151352,-0.129546,-0.138685,0.596898,1.108162,0.088242,0.045289,0.017070
-0.011817,-0.021096,0.783914,0.015453,0.009763,-0.758477,0.651444,0.084753,0.062462,0.295765,0.154457,-0.309234,-0.013157,-0.042996,0.000037,0.041028,0.245420,-0.287687,0.042170,-0.053790,-0.026836,0.180236,-0.145137,0.182006,-0.830787,1.090084,-0.163587,0.046416,0.147997,-0.128079,-0.140379,0.598236,1.100672,0.084443,0.044862,0.017983
-0.012477,-0.023285,0.783777,0.017175,0.011547,-0.759201,0.650527,0.082414,0.063797,0.297910,0.154636,-0.309129,-0.012554,-0.044223,0.001343,0.042570,0.241440,-0.286985,0.043824,-0.054218,-0.026999,0.179807,-0.147103,0.181853,-0.830762,1.082764,-0.169056,0.044479,0.145562,-0.126672,-0.141721,0.599584,1.093794,0.082360,0.044051,0.018589
-0.013083,-0.025311,0.783617,0.018937,0.013364,-0.759886,0.649643,0.080046,0.065173,0.300102,0.154801,-0.308958,-0.012045,-0.045375,0.002625,0.043965,0.237229,-0.286122,0.045624,-0.054635,-0.027258,0.179277,-0.149377,0.181767,-0.831483,1.075595,-0.176233,0.041911,0.143831,-0.125403,-0.142642,0.601040,1.087460,0.081495,0.043001,0.018989
-0.013696,-0.026934,0.783413,0.020679,0.015202,-0.760563,0.648756,0.077695,0.066672,0.302377,0.155176,-0.308853,-0.011817,-0.046513,0.003983,0.045382,0.233187,-0.285204,0.047160,-0.054954,-0.027277,0.178850,-0.151680,0.181669,-0.832017,1.068284,-0.184141,0.038867,0.141399,-0.123732,-0.144046,0.602542,1.080783,0.081170,0.041998,0.019349
-0.014357,-0.028919,0.783199,0.022346,0.017049,-0.761266,0.647830,0.075627,0.068315,0.304787,0.155546,-0.308708,-0.012060,-0.047695,0.005515,0.046988,0.229719,-0.284338,0.048022,-0.055028,-0.027234,0.178383,-0.153771,0.181609,-0.831610,1.061039,-0.191889,0.035539,0.136899,-0.122480,-0.144705,0.603630,1.075382,0.080355,0.041114,0.019647
-0.015022,-0.030964,0.782923,0.023932,0.018870,-0.762027,0.646828,0.073936,0.070036,0.307417,0.155844,-0.308327,-0.012628,-0.048946,0.007194,0.048905,0.226940,-0.283450,0.048125,-0.055138,-0.026875,0.178101,-0.155471,0.181538,-0.829324,1.053663,-0.199542,0.031397,0.129037,-0.120876,-0.145828,0.604901,1.069708,0.079305,0.040530,0.020025
-0.015669,-0.033249,0.782671,0.025466,0.020681,-0.762823,0.645774,0.072502,0.071843,0.310223,0.156134,-0.307792,-0.013485,-0.050243,0.008991,0.051019,0.224665,-0.282527,0.047681,-0.054923,-0.026420,0.177864,-0.157106,0.181487,-0.826268,1.046408,-0.207651,0.026583,0.118859,-0.119342,-0.146680,0.605810,1.064647,0.078155,0.040020,0.020423
-0.016318,-0.035597,0.782381,0.026930,0.022559,-0.763593,0.644742,0.071104,0.073925,0.313031,0.156713,-0.307584,-0.014992,-0.051526,0.011008,0.053134,0.222702,-0.281705,0.046721,-0.054842,-0.025657,0.177637,-0.158478,0.181428,-0.822539,1.038807,-0.215325,0.022258,0.108415,-0.117875,-0.147504,0.606816,1.060086,0.076857,0.039686,0.020654
-0.016958,-0.038069,0.782050,0.028308,0.024574,-0.764276,0.643798,0.069450,0.076493,0.315672,0.158003,-0.308233,-0.017507,-0.052764,0.013344,0.055058,0.220939,-0.281170,0.045271,-0.055233,-0.024371,0.177401,-0.159446,0.181303,-0.818362,1.030424,-0.221660,0.019529,0.099778,-0.116483,-0.148576,0.608260,1.055927,0.075367,0.039612,0.020561
-0.017597,-0.040568,0.781659,0.029556,0.026742,-0.764867,0.642954,0.067945,0.079546,0.318204,0.159312,-0.309606,-0.021510,-0.053799,0.016099,0.056828,0.219229,-0.280841,0.043152,-0.055563,-0.022693,0.177076,-0.160162,0.181101,-0.814580,1.021226,-0.226958,0.019198,0.093456,-0.115247,-0.149250,0.609459,1.052764,0.072688,0.039851,0.020007
-0.018278,-0.043207,0.781205,0.030698,0.029023,-0.765394,0.642174,0.066549,0.082993,0.320699,0.160756,-0.311548,-0.026679,-0.054722,0.019190,0.058518,0.217734,-0.280698,0.040413,-0.056403,-0.020520,0.176745,-0.160465,0.180707,-0.810029,1.011341,-0.231226,0.020454,0.088319,-0.114156,-0.150018,0.611234,1.050154,0.069434,0.040401,0.019107
-0.018971,-0.045919,0.780716,0.031819,0.031403,-0.765851,0.641462,0.064460,0.086855,0.323005,0.163685,-0.314422,-0.032180,-0.055790,0.022439,0.060005,0.216591,-0.280878,0.037429,-0.057176,-0.018077,0.176305,-0.160752,0.180212,-0.805577,1.001469,-0.234301,0.021992,0.084311,-0.113166,-0.150657,0.612696,1.048217,0.066735,0.040998,0.018045
-0.019526,-0.048646,0.780207,0.033008,0.033866,-0.766234,0.640819,0.060829,0.091171,0.324956,0.169562,-0.318658,-0.037176,-0.057272,0.025671,0.061162,0.215954,-0.281532,0.034574,-0.057824,-0.015482,0.175694,-0.161185,0.179704,-0.801374,0.992116,-0.235800,0.022507,0.081295,-0.112384,-0.151154,0.613654,1.046996,0.065960,0.041406,0.016983
-0.020106,-0.051330,0.779640,0.034361,0.036464,-0.766543,0.640236,0.055427,0.095900,0.326608,0.178356,-0.324387,-0.041543,-0.059443,0.028819,0.061979,0.215807,-0.282580,0.031976,-0.058492,-0.012731,0.174694,-0.161802,0.179155,-0.797382,0.983372,-0.235464,0.021596,0.079494,-0.111890,-0.151588,0.614269,1.046669,0.068001,0.041578,0.015929
-0.020745,-0.054230,0.779033,0.035808,0.039180,-0.766779,0.639713,0.048688,0.101047,0.328004,0.189482,-0.331406,-0.045683,-0.062120,0.031978,0.062517,0.216137,-0.284008,0.029428,-0.059169,-0.009766,0.173417,-0.162518,0.178510,-0.793523,0.974984,-0.233540,0.019957,0.078892,-0.111587,-0.151979,0.614592,1.047122,0.071952,0.041633,0.014806
-0.021423,-0.057063,0.778364,0.037178,0.041919,-0.766939,0.639270,0.040777,0.106756,0.328922,0.203472,-0.339564,-0.049558,-0.064790,0.035233,0.062753,0.216945,-0.285993,0.026798,-0.059431,-0.006669,0.172301,-0.163232,0.178121,-0.790101,0.966673,-0.230513,0.017970,0.079017,-0.111286,-0.152141,0.614093,1.047900,0.076465,0.041580,0.013668
-0.022009,-0.059844,0.777615,0.038286,0.044594,-0.767015,0.638932,0.031840,0.113202,0.329124,0.220903,-0.348718,-0.053119,-0.066947,0.038700,0.062658,0.218234,-0.288717,0.023951,-0.059901,-0.003231,0.171772,-0.163775,0.177601,-0.785829,0.958660,-0.226248,0.015964,0.079230,-0.111124,-0.152306,0.613514,1.048605,0.080538,0.041491,0.012537
-0.022599,-0.062747,0.776829,0.039061,0.047304,-0.767004,0.638703,0.022074,0.120697,0.328775,0.241339,-0.359002,-0.056799,-0.068532,0.042663,0.062152,0.219903,-0.292178,0.020754,-0.060201,0.000730,0.171808,-0.164259,0.177090,-0.781361,0.950817,-0.220357,0.014287,0.079439,-0.110791,-0.152396,0.612235,1.049032,0.083992,0.041487,0.011522
-0.023226,-0.065705,0.775971,0.039597,0.050071,-0.766909,0.638573,0.011281,0.129143,0.327857,0.264759,-0.370441,-0.060451,-0.069818,0.047027,0.061267,0.222013,-0.296285,0.017300,-0.060214,0.005092,0.172215,-0.164667,0.176770,-0.777063,0.943003,-0.213046,0.012686,0.079979,-0.110291,-0.152404,0.610199,1.049364,0.087371,0.041503,0.010563
-0.023833,-0.068767,0.775030,0.039959,0.052711,-0.766729,0.638554,-0.000614,0.137969,0.325876,0.291493,-0.382456,-0.063162,-0.070610,0.051355,0.060135,0.224427,-0.300981,0.013792,-0.060237,0.009580,0.173190,-0.164959,0.176433,-0.772154,0.935496,-0.205399,0.010588,0.080912,-0.110037,-0.152393,0.608001,1.049727,0.090450,0.041292,0.009518
-0.024482,-0.071914,0.774057,0.040203,0.055054,-0.766467,0.638656,-0.013612,0.146578,0.322342,0.321667,-0.394413,-0.064040,-0.070832,0.055258,0.058873,0.227248,-0.306242,0.010425,-0.060170,0.013876,0.174837,-0.165129,0.175978,-0.766627,0.928546,-0.198842,0.007425,0.082467,-0.110103,-0.152427,0.606016,1.050048,0.093095,0.040605,0.008164
-0.025068,-0.075075,0.773023,0.040220,0.057094,-0.766202,0.638793,-0.027308,0.155031,0.317029,0.354885,-0.406345,-0.063649,-0.070339,0.058956,0.057689,0.230497,-0.312103,0.007024,-0.059336,0.018029,0.177371,-0.165341,0.175700,-0.761288,0.922000,-0.193576,0.002898,0.085029,-0.110127,-0.152545,0.603622,1.049999,0.094628,0.039128,0.006221
-0.025698,-0.078121,0.772013,0.039998,0.058937,-0.765908,0.638992,-0.041682,0.163520,0.310192,0.390785,-0.418326,-0.062210,-0.069190,0.062627,0.056451,0.234081,-0.318528,0.003547,-0.058424,0.022326,0.180735,-0.165455,0.175390,-0.755178,0.915808,-0.188593,-0.002631,0.088270,-0.110346,-0.152864,0.601291,1.049694,0.095424,0.037106,0.003904
-0.026182,-0.081262,0.771009,0.039754,0.060575,-0.765418,0.639441,-0.057503,0.171640,0.302023,0.429985,-0.429870,-0.058314,-0.067527,0.065808,0.054762,0.237689,-0.325294,0.000388,-0.057234,0.026402,0.184411,-0.165360,0.175204,-0.749314,0.909930,-0.185078,-0.008732,0.091892,-0.110649,-0.153213,0.598798,1.049256,0.096524,0.035017,0.001686
-0.026637,-0.084494,0.770019,0.039691,0.062019,-0.764566,0.640326,-0.075442,0.178988,0.292726,0.472923,-0.440418,-0.050549,-0.065452,0.068067,0.052208,0.240954,-0.332144,-0.002060,-0.056793,0.030191,0.188137,-0.164621,0.174963,-0.742558,0.904191,-0.183326,-0.014975,0.095208,-0.111410,-0.153899,0.597107,1.048720,0.099125,0.033416,0.000143
-0.027082,-0.087770,0.769029,0.039927,0.063331,-0.763211,0.641798,-0.096513,0.185615,0.282076,0.521274,-0.450056,-0.036895,-0.063100,0.069225,0.048419,0.243601,-0.339001,-0.003579,-0.056859,0.033538,0.191563,-0.163495,0.174742,-0.736060,0.898772,-0.184707,-0.021764,0.098523,-0.112488,-0.154715,0.595989,1.048313,0.103996,0.032391,-0.000635
-0.027492,-0.091075,0.768057,0.040313,0.064509,-0.761470,0.643721,-0.119852,0.191529,0.270114,0.573695,-0.458691,-0.018660,-0.060340,0.069596,0.043689,0.245806,-0.345963,-0.004422,-0.057415,0.036658,0.195000,-0.161982,0.174505,-0.729326,0.893637,-0.188388,-0.029173,0.101899,-0.113885,-0.155764,0.595464,1.047893,0.110407,0.031691,-0.000905
-0.027781,-0.094650,0.767148,0.040683,0.065433,-0.759564,0.645853,-0.143572,0.196334,0.257477,0.626773,-0.465696,0.000551,-0.056860,0.069398,0.038594,0.247839,-0.353016,-0.004875,-0.057986,0.039604,0.198766,-0.159783,0.174226,-0.721923,0.888641,-0.192639,-0.036293,0.104871,-0.115443,-0.157123,0.595163,1.047072,0.117145,0.031250,-0.000757
-0.027983,-0.098320,0.766229,0.040882,0.065965,-0.757716,0.647954,-0.165887,0.199661,0.244825,0.677449,-0.470598,0.017085,-0.052411,0.068782,0.033746,0.250096,-0.360217,-0.005227,-0.057948,0.042303,0.203127,-0.156678,0.173915,-0.713628,0.883726,-0.195795,-0.042198,0.107034,-0.117082,-0.158595,0.594470,1.045704,0.122877,0.030973,-0.000300
-0.028246,-0.102086,0.765311,0.040761,0.065917,-0.755906,0.650077,-0.186298,0.201440,0.232204,0.726312,-0.472998,0.030652,-0.046514,0.067643,0.029068,0.252780,-0.367765,-0.005515,-0.057401,0.044647,0.208495,-0.152479,0.173536,-0.704169,0.878839,-0.197805,-0.046762,0.108278,-0.118762,-0.160128,0.593218,1.044132,0.127909,0.030744,0.001014
-0.028509,-0.106044,0.764406,0.040454,0.065391,-0.754041,0.652311,-0.205831,0.201817,0.219470,0.774837,-0.473335,0.042856,-0.039447,0.065860,0.024320,0.255679,-0.375588,-0.005575,-0.056505,0.046606,0.214568,-0.147412,0.173092,-0.693862,0.874100,-0.199488,-0.050431,0.108851,-0.120628,-0.161594,0.591589,1.042540,0.132653,0.030628,0.003032
-0.028677,-0.109919,0.763527,0.040244,0.064673,-0.752238,0.654473,-0.225130,0.200813,0.206946,0.821708,-0.472609,0.052834,-0.032173,0.063572,0.019856,0.258700,-0.383395,-0.005406,-0.055140,0.048298,0.220618,-0.141689,0.172600,-0.682742,0.869598,-0.200270,-0.053141,0.108827,-0.122883,-0.163087,0.590135,1.040262,0.136208,0.030843,0.004595
-0.028784,-0.113899,0.762655,0.040414,0.064053,-0.750618,0.656381,-0.244868,0.198421,0.194929,0.865650,-0.471859,0.059715,-0.025664,0.060917,0.016031,0.261752,-0.390895,-0.005010,-0.052959,0.049760,0.225867,-0.135563,0.172186,-0.671181,0.865402,-0.199684,-0.054818,0.108329,-0.125765,-0.164454,0.589096,1.036832,0.137544,0.031566,0.004541
-0.028876,-0.118043,0.761825,0.041093,0.063605,-0.749172,0.658033,-0.265545,0.193886,0.182671,0.906759,-0.471524,0.062522,-0.020459,0.057844,0.012792,0.265245,-0.398320,-0.004479,-0.050113,0.050987,0.230046,-0.128793,0.171878,-0.659049,0.861345,-0.197256,-0.055175,0.107481,-0.129419,-0.165792,0.588979,1.032520,0.135896,0.032986,0.002281
-0.028912,-0.122136,0.760962,0.042123,0.063166,-0.747850,0.659512,-0.286773,0.187362,0.170400,0.945896,-0.471194,0.061794,-0.016015,0.054265,0.009992,0.269215,-0.405760,-0.003780,-0.046619,0.051899,0.233585,-0.121302,0.171707,-0.646352,0.857335,-0.193398,-0.054337,0.106198,-0.133691,-0.167012,0.589389,1.027492,0.131932,0.034960,-0.001468
-0.028898,-0.126501,0.760208,0.043345,0.062678,-0.746713,0.660767,-0.307895,0.180321,0.159766,0.982883,-0.470583,0.059046,-0.011538,0.050321,0.007844,0.272704,-0.412677,-0.002743,-0.042455,0.052536,0.236819,-0.113326,0.171744,-0.632962,0.853407,-0.188785,-0.052848,0.104189,-0.138493,-0.168097,0.589931,1.020996,0.127027,0.037196,-0.005909
-0.028919,-0.130810,0.759525,0.044596,0.062089,-0.745821,0.661746,-0.328264,0.174370,0.152291,1.017416,-0.469410,0.055922,-0.006425,0.046171,0.006541,0.275169,-0.418617,-0.001202,-0.037214,0.052931,0.240006,-0.105327,0.172017,-0.619263,0.849852,-0.184218,-0.051267,0.101246,-0.143654,-0.168901,0.589731,1.012395,0.122412,0.039370,-0.010243
-0.029000,-0.135289,0.758863,0.045853,0.061358,-0.745327,0.662285,-0.347539,0.170052,0.148651,1.049379,-0.467299,0.052044,-0.000666,0.041839,0.006570,0.276640,-0.423604,0.001086,-0.031592,0.053052,0.243386,-0.096607,0.172813,-0.604343,0.846581,-0.177007,-0.049249,0.096711,-0.149674,-0.169794,0.590359,1.001823,0.118639,0.041439,-0.014408
-0.028958,-0.139958,0.758273,0.047196,0.060526,-0.745154,0.662461,-0.366181,0.166647,0.147811,1.078990,-0.464562,0.046907,0.005376,0.037248,0.007666,0.277514,-0.427901,0.003963,-0.024737,0.052872,0.246667,-0.087506,0.174044,-0.589415,0.843758,-0.167979,-0.046701,0.091031,-0.156137,-0.170552,0.590688,0.989459,0.114705,0.043538,-0.018732
-0.028796,-0.144794,0.757781,0.048598,0.059668,-0.745021,0.662588,-0.384761,0.164024,0.148689,1.106446,-0.461807,0.042055,0.012092,0.032469,0.008917,0.277102,-0.431083,0.006980,-0.017608,0.052594,0.249896,-0.077653,0.175719,-0.573207,0.839699,-0.161972,-0.044413,0.084938,-0.162737,-0.171160,0.590379,0.974431,0.110799,0.045751,-0.023179
-0.028593,-0.149860,0.757360,0.050031,0.058863,-0.744643,0.662978,-0.403829,0.162033,0.150210,1.131921,-0.459596,0.039044,0.019882,0.027576,0.009415,0.274722,-0.432772,0.009694,-0.010936,0.052395,0.253089,-0.066808,0.177840,-0.554752,0.832819,-0.163928,-0.043112,0.079235,-0.169110,-0.171602,0.588823,0.955886,0.107059,0.048155,-0.027696
-0.028373,-0.154862,0.756994,0.051415,0.058096,-0.743934,0.663734,-0.423420,0.161245,0.152662,1.155818,-0.458318,0.038988,0.029073,0.022667,0.009071,0.270161,-0.432931,0.011844,-0.004936,0.052427,0.256518,-0.054998,0.180386,-0.533314,0.824106,-0.179347,-0.045930,0.072780,-0.175054,-0.171827,0.585416,0.933508,0.103422,0.051084,-0.032678
-0.028148,-0.159959,0.756670,0.052778,0.057342,-0.743049,0.664684,-0.443269,0.161670,0.156328,1.177934,-0.457555,0.040939,0.039399,0.017719,0.008304,0.263784,-0.431755,0.013714,0.000736,0.052541,0.260068,-0.042129,0.183316,-0.509525,0.813847,-0.204253,-0.051336,0.065463,-0.180867,-0.171835,0.580690,0.907853,0.099888,0.054406,-0.038020
-0.027904,-0.165298,0.756403,0.054258,0.056670,-0.742060,0.665727,-0.463454,0.162271,0.160172,1.197422,-0.456602,0.043327,0.050254,0.012650,0.006979,0.256007,-0.429209,0.015656,0.006218,0.052514,0.263220,-0.027882,0.186606,-0.484483,0.799386,-0.229319,-0.053169,0.059872,-0.186765,-0.171671,0.575641,0.879110,0.096593,0.057498,-0.042916
-0.027622,-0.170938,0.756200,0.055988,0.056151,-0.741042,0.666761,-0.484094,0.161966,0.163197,1.213473,-0.454785,0.044538,0.061043,0.007377,0.004948,0.247229,-0.425253,0.018036,0.011647,0.052126,0.265465,-0.011975,0.190286,-0.459240,0.778020,-0.245121,-0.045495,0.058919,-0.192950,-0.171429,0.571296,0.847411,0.093690,0.059736,-0.046565
-0.027350,-0.176457,0.756159,0.057978,0.055882,-0.739975,0.667797,-0.505677,0.160768,0.165019,1.226173,-0.451954,0.044283,0.071830,0.002034,0.001906,0.236871,-0.419688,0.020962,0.017027,0.051561,0.266797,0.005908,0.194326,-0.432799,0.748178,-0.251574,-0.026350,0.064723,-0.199169,-0.171198,0.567588,0.811696,0.091548,0.060824,-0.048902
-0.027095,-0.182185,0.756142,0.060158,0.055802,-0.738834,0.668874,-0.527993,0.159158,0.166204,1.235857,-0.448473,0.043373,0.082941,-0.003356,-0.001975,0.224815,-0.412567,0.024231,0.022236,0.050876,0.267466,0.025731,0.198700,-0.404899,0.711325,-0.253101,0.000914,0.075328,-0.205337,-0.171024,0.564164,0.772072,0.090008,0.061163,-0.050312
-0.026862,-0.188013,0.756183,0.062556,0.055738,-0.737678,0.669933,-0.550078,0.156721,0.167218,1.241998,-0.444360,0.041820,0.093946,-0.009031,-0.006107,0.212648,-0.404367,0.027729,0.027238,0.049699,0.267365,0.047202,0.203520,-0.377716,0.669199,-0.247074,0.034335,0.087409,-0.211856,-0.170932,0.561555,0.730353,0.088353,0.061170,-0.050658
-0.026685,-0.194029,0.756279,0.065199,0.055509,-0.736570,0.670919,-0.570975,0.153058,0.168525,1.244082,-0.439658,0.039634,0.104530,-0.015255,-0.009907,0.201709,-0.395496,0.031342,0.032013,0.047667,0.266434,0.070033,0.209000,-0.353465,0.623391,-0.230626,0.072073,0.097383,-0.219165,-0.170937,0.560274,0.688356,0.085860,0.061251,-0.049795
-0.026575,-0.200244,0.756442,0.068069,0.054990,-0.735543,0.671802,-0.590484,0.148013,0.170230,1.242076,-0.434677,0.036934,0.115201,-0.022200,-0.013148,0.191565,-0.385957,0.035263,0.036491,0.044601,0.264792,0.094788,0.215324,-0.332709,0.571588,-0.197995,0.119522,0.106028,-0.227410,-0.171000,0.560495,0.645470,0.081926,0.061765,-0.047060
-0.026340,-0.206824,0.756708,0.071149,0.054301,-0.734555,0.672621,-0.609077,0.141857,0.172063,1.236194,-0.429311,0.033687,0.125938,-0.029672,-0.016155,0.181813,-0.375607,0.039465,0.040629,0.040763,0.262536,0.121895,0.222496,-0.314219,0.513115,-0.152241,0.176086,0.112820,-0.236396,-0.171147,0.561997,0.601043,0.077049,0.062400,-0.042734
-0.026105,-0.213687,0.757045,0.074456,0.053645,-0.733543,0.673419,-0.626776,0.134834,0.173924,1.226246,-0.422946,0.029689,0.135647,-0.037406,-0.019165,0.173810,-0.364619,0.043512,0.044499,0.036460,0.259597,0.150681,0.230447,-0.297499,0.452190,-0.103110,0.230385,0.113153,-0.245913,-0.171457,0.564625,0.556617,0.072149,0.062563,-0.038080
-0.025746,-0.220654,0.757461,0.078011,0.053226,-0.732451,0.674238,-0.643592,0.127174,0.175716,1.212048,-0.414977,0.024732,0.143233,-0.045137,-0.022399,0.168906,-0.353155,0.046977,0.048268,0.031959,0.255879,0.180122,0.239101,-0.282044,0.393427,-0.060296,0.270581,0.104398,-0.255708,-0.172055,0.568140,0.513688,0.068174,0.061681,-0.034344
-0.025368,-0.227845,0.757996,0.081916,0.053071,-0.731288,0.675049,-0.659754,0.118997,0.177816,1.193593,-0.405223,0.019059,0.148590,-0.053011,-0.025844,0.166936,-0.341166,0.050080,0.052061,0.027188,0.251121,0.210429,0.248530,-0.267601,0.336944,-0.022295,0.293335,0.084013,-0.266011,-0.172985,0.572633,0.472127,0.064918,0.060181,-0.031628
-0.025095,-0.235120,0.758613,0.086138,0.053070,-0.730077,0.675834,-0.675086,0.110133,0.180161,1.170837,-0.393989,0.012703,0.152314,-0.061146,-0.029352,0.167221,-0.328526,0.052955,0.055796,0.021968,0.245509,0.241998,0.258791,-0.254222,0.280559,0.014803,0.304222,0.055148,-0.276758,-0.174231,0.578189,0.431058,0.062078,0.058193,-0.029330
-0.024805,-0.242631,0.759323,0.090488,0.053227,-0.728787,0.676645,-0.689017,0.100382,0.181980,1.143589,-0.381436,0.005154,0.154360,-0.069236,-0.032948,0.170303,-0.315288,0.055051,0.059456,0.016408,0.239573,0.273609,0.269745,-0.241960,0.225878,0.044231,0.305513,0.025265,-0.287181,-0.175838,0.584400,0.390965,0.060409,0.054618,-0.027637
-0.024459,-0.250388,0.760120,0.094799,0.053543,-0.727397,0.677525,-0.700979,0.089528,0.182531,1.111637,-0.367731,-0.004073,0.154329,-0.077045,-0.036627,0.177401,-0.301752,0.055839,0.063096,0.010666,0.233782,0.303695,0.281144,-0.231080,0.174941,0.059270,0.300261,0.001665,-0.296504,-0.177895,0.590802,0.352368,0.060686,0.048368,-0.026735
-0.024093,-0.258332,0.761005,0.099193,0.054081,-0.725943,0.678412,-0.711106,0.077553,0.181956,1.074308,-0.353387,-0.014124,0.151588,-0.084728,-0.040241,0.189077,-0.287971,0.054910,0.066920,0.004736,0.227900,0.331946,0.293036,-0.221718,0.128238,0.056092,0.287647,-0.014151,-0.305045,-0.180554,0.597634,0.315245,0.064242,0.038711,-0.027306
-0.023741,-0.266385,0.761945,0.103797,0.054767,-0.724456,0.679257,-0.719446,0.064510,0.180701,1.031599,-0.338065,-0.024956,0.146182,-0.092647,-0.043737,0.205119,-0.273983,0.052729,0.071027,-0.001622,0.221732,0.358658,0.305512,-0.213840,0.085192,0.038660,0.267323,-0.025908,-0.312919,-0.183852,0.604926,0.279192,0.070308,0.026369,-0.028984
-0.023366,-0.274598,0.762920,0.108401,0.055418,-0.722900,0.680142,-0.725232,0.050314,0.178305,0.984251,-0.320667,-0.038297,0.139527,-0.100718,-0.047299,0.224010,-0.259443,0.049996,0.075268,-0.008427,0.215734,0.382967,0.318273,-0.207625,0.046575,0.012396,0.243217,-0.034451,-0.319280,-0.187723,0.611934,0.244600,0.076449,0.012440,-0.030405
-0.022940,-0.282974,0.763928,0.112757,0.055875,-0.721237,0.681162,-0.727672,0.034856,0.174169,0.932976,-0.300109,-0.055923,0.132913,-0.108746,-0.051125,0.244551,-0.244089,0.047364,0.079438,-0.015519,0.210327,0.403898,0.330812,-0.203309,0.013379,-0.017165,0.219054,-0.040344,-0.323404,-0.192059,0.617934,0.212112,0.080232,-0.001959,-0.030275
-0.022571,-0.291400,0.764819,0.116912,0.056177,-0.719398,0.682379,-0.725998,0.017775,0.168051,0.875082,-0.274982,-0.079841,0.126672,-0.116790,-0.055458,0.265779,-0.227291,0.045477,0.083328,-0.022817,0.205324,0.420905,0.342881,-0.201282,-0.013297,-0.052735,0.193635,-0.042553,-0.325564,-0.196848,0.622639,0.182238,0.079767,-0.017529,-0.027492
-0.022112,-0.300245,0.765662,0.120865,0.056419,-0.717449,0.683722,-0.720279,-0.000679,0.159752,0.810354,-0.246010,-0.108586,0.120506,-0.124680,-0.060112,0.287897,-0.209016,0.043764,0.087085,-0.030069,0.200575,0.434236,0.354519,-0.201545,-0.033775,-0.095375,0.165449,-0.041830,-0.326239,-0.202115,0.626521,0.154894,0.076814,-0.034546,-0.023079
-0.021645,-0.309355,0.766403,0.124269,0.056546,-0.715531,0.685109,-0.711230,-0.019520,0.148673,0.743735,-0.215422,-0.138773,0.114837,-0.131822,-0.064751,0.311295,-0.189839,0.040950,0.090968,-0.036768,0.196590,0.444163,0.365614,-0.203695,-0.049288,-0.137264,0.137781,-0.040626,-0.324977,-0.207741,0.630010,0.129832,0.074365,-0.051244,-0.018943
-0.021178,-0.318595,0.766989,0.126831,0.056480,-0.713776,0.686474,-0.699832,-0.037826,0.134526,0.680587,-0.185664,-0.167028,0.109931,-0.137805,-0.069119,0.336551,-0.170436,0.035697,0.095115,-0.042515,0.193830,0.451039,0.375956,-0.207205,-0.061091,-0.170772,0.114104,-0.040709,-0.321413,-0.213508,0.633615,0.106934,0.075312,-0.065823,-0.016915
-0.020810,-0.327953,0.767371,0.128476,0.056240,-0.712189,0.687835,-0.685592,-0.056026,0.115690,0.619390,-0.156047,-0.194159,0.105740,-0.142663,-0.073367,0.363986,-0.150857,0.026454,0.099540,-0.047142,0.192362,0.454613,0.385384,-0.212277,-0.068568,-0.194757,0.094353,-0.041893,-0.315578,-0.219217,0.637694,0.086547,0.080679,-0.077600,-0.017966
-0.020398,-0.337544,0.767531,0.129269,0.055902,-0.710729,0.689223,-0.668066,-0.073834,0.092529,0.558426,-0.125928,-0.221381,0.102260,-0.146530,-0.077748,0.393056,-0.130758,0.013973,0.104045,-0.050642,0.191944,0.454901,0.393841,-0.219065,-0.071378,-0.212995,0.076981,-0.042989,-0.307886,-0.224780,0.642044,0.068973,0.088722,-0.087626,-0.020909
-0.019960,-0.347275,0.767437,0.129280,0.055431,-0.709394,0.690633,-0.649078,-0.089613,0.068370,0.503741,-0.098048,-0.246051,0.099665,-0.149495,-0.082287,0.423173,-0.110283,0.000411,0.108235,-0.053179,0.192436,0.452673,0.401291,-0.226847,-0.071183,-0.225370,0.063331,-0.043815,-0.298648,-0.230168,0.646397,0.054145,0.098161,-0.096687,-0.024287
-0.019460,-0.357098,0.767064,0.128806,0.054618,-0.708104,0.692109,-0.630892,-0.103026,0.047693,0.461537,-0.074959,-0.261800,0.097712,-0.152345,-0.086915,0.454609,-0.090040,-0.011819,0.111482,-0.055441,0.193684,0.448701,0.407709,-0.234859,-0.069646,-0.231742,0.054765,-0.044216,-0.288145,-0.235360,0.650485,0.041933,0.107781,-0.105548,-0.026663
-0.018712,-0.366993,0.766382,0.128321,0.052718,-0.706747,0.693731,-0.611897,-0.116145,0.035272,0.429656,-0.053150,-0.261800,0.096240,-0.157566,-0.091455,0.489333,-0.071564,-0.022076,0.113183,-0.058983,0.196164,0.443148,0.412956,-0.242889,-0.066956,-0.231595,0.053586,-0.044287,-0.276308,-0.240360,0.654451,0.032690,0.118944,-0.113919,-0.026539
-0.017994,-0.376934,0.765376,0.127358,0.050534,-0.705396,0.695444,-0.593797,-0.127365,0.026064,0.409349,-0.034011,-0.261800,0.095263,-0.162924,-0.096037,0.525815,-0.053630,-0.032397,0.113864,-0.062242,0.199330,0.435601,0.416984,-0.251288,-0.062241,-0.225130,0.058408,-0.043988,-0.263121,-0.245119,0.658444,0.026442,0.131761,-0.121542,-0.025054
-0.017360,-0.386933,0.764021,0.126117,0.048429,-0.703959,0.697274,-0.580128,-0.137101,0.016151,0.404821,-0.023786,-0.261800,0.093570,-0.167948,-0.100771,0.564191,-0.035557,-0.042497,0.113465,-0.065137,0.202405,0.425986,0.419975,-0.260175,-0.055609,-0.213346,0.065089,-0.042993,-0.248923,-0.249541,0.662146,0.022587,0.143113,-0.129248,-0.024716
-0.016916,-0.397048,0.762308,0.124697,0.046818,-0.702371,0.699238,-0.574148,-0.145755,0.001350,0.419925,-0.028590,-0.261800,0.090111,-0.171756,-0.105834,0.604423,-0.016505,-0.051978,0.112036,-0.067422,0.204664,0.414315,0.422267,-0.269669,-0.047295,-0.197302,0.069503,-0.040880,-0.234070,-0.253511,0.665216,0.020569,0.149842,-0.137913,-0.028056
-0.016680,-0.406945,0.760375,0.122978,0.045973,-0.700482,0.701490,-0.579040,-0.154413,-0.022574,0.461837,-0.052821,-0.257251,0.084720,-0.173383,-0.111819,0.646966,0.003822,-0.060524,0.109382,-0.068679,0.205727,0.400542,0.424053,-0.279610,-0.037219,-0.177027,0.072437,-0.038849,-0.218499,-0.256904,0.667931,0.020569,0.150711,-0.148104,-0.036330
-0.016065,-0.416838,0.758022,0.122207,0.043206,-0.698287,0.703985,-0.585657,-0.171254,-0.041316,0.515612,-0.085757,-0.194795,0.078433,-0.180614,-0.116780,0.695931,0.022227,-0.065908,0.104911,-0.073626,0.208037,0.385136,0.425270,-0.289998,-0.025785,-0.152181,0.075526,-0.036651,-0.202130,-0.259728,0.670369,0.022914,0.147439,-0.159188,-0.048027
-0.015567,-0.426807,0.755125,0.120966,0.040383,-0.696265,0.706365,-0.592521,-0.188422,-0.058182,0.574647,-0.123077,-0.129710,0.071239,-0.187569,-0.120772,0.747389,0.040552,-0.070623,0.100085,-0.078139,0.210874,0.368295,0.425997,-0.301159,-0.013472,-0.123258,0.076002,-0.031535,-0.185039,-0.261963,0.671766,0.026902,0.141263,-0.170294,-0.061640
-0.015132,-0.436667,0.751796,0.119284,0.037516,-0.694625,0.708421,-0.594813,-0.202601,-0.068364,0.626031,-0.158631,-0.081148,0.062572,-0.194432,-0.123252,0.801035,0.058393,-0.075144,0.095383,-0.082283,0.214476,0.350210,0.426402,-0.313505,-0.000819,-0.090742,0.071290,-0.020532,-0.167225,-0.263612,0.671253,0.031759,0.133478,-0.180577,-0.075594
-0.014650,-0.446479,0.748159,0.117243,0.034652,-0.693390,0.710116,-0.592016,-0.211038,-0.068512,0.668283,-0.194311,-0.055099,0.051787,-0.201486,-0.124776,0.858110,0.078630,-0.079105,0.090908,-0.086220,0.218557,0.330876,0.426649,-0.327503,0.012359,-0.051511,0.059557,-0.001414,-0.148380,-0.264651,0.668639,0.037310,0.122937,-0.190193,-0.089867
-0.014066,-0.456034,0.744249,0.114939,0.031715,-0.692402,0.711592,-0.586700,-0.215371,-0.061918,0.707895,-0.233194,-0.040966,0.039126,-0.208529,-0.125448,0.918695,0.100346,-0.081922,0.086352,-0.090216,0.223073,0.310156,0.426775,-0.342799,0.026120,-0.006194,0.043351,0.024384,-0.128496,-0.265060,0.664308,0.043773,0.109441,-0.199344,-0.105224
-0.013440,-0.465432,0.740090,0.112586,0.028482,-0.691567,0.712916,-0.579300,-0.218344,-0.053230,0.744870,-0.272140,-0.032744,0.025294,-0.215154,-0.124043,0.980695,0.117461,-0.083425,0.081508,-0.094804,0.228522,0.288062,0.426719,-0.358580,0.039702,0.039114,0.026497,0.054150,-0.107892,-0.264812,0.658214,0.050795,0.095756,-0.207371,-0.121205
-0.012790,-0.474788,0.735807,0.110368,0.024751,-0.690805,0.714139,-0.570194,-0.223069,-0.047174,0.779042,-0.307800,-0.024465,0.010988,-0.220743,-0.119348,1.042079,0.123861,-0.083419,0.076218,-0.100450,0.235352,0.264606,0.426367,-0.374078,0.052414,0.078128,0.012212,0.084701,-0.086915,-0.263896,0.650333,0.058117,0.084693,-0.213716,-0.137274
-0.012272,-0.484024,0.731569,0.108335,0.020006,-0.690132,0.715249,-0.558888,-0.231115,-0.044324,0.810531,-0.339415,-0.015475,-0.002868,-0.224628,-0.109768,1.103396,0.115681,-0.080860,0.070624,-0.107864,0.244419,0.239473,0.425719,-0.389550,0.064211,0.109734,0.000082,0.116880,-0.065167,-0.262208,0.640234,0.065673,0.077064,-0.218757,-0.153256
-0.011834,-0.493147,0.727453,0.106393,0.014527,-0.689570,0.716214,-0.545529,-0.240554,-0.042252,0.839643,-0.368816,-0.008613,-0.016847,-0.226460,-0.096670,1.165666,0.096682,-0.075642,0.064791,-0.116642,0.255168,0.212843,0.424738,-0.405196,0.075293,0.137178,-0.011329,0.151674,-0.042654,-0.259673,0.628131,0.073623,0.071426,-0.222698,-0.169367
-0.011360,-0.502144,0.723562,0.104507,0.009304,-0.689069,0.717061,-0.531408,-0.249558,-0.041212,0.866297,-0.396397,-0.003146,-0.032565,-0.226503,-0.083161,1.227608,0.072324,-0.069278,0.058368,-0.125547,0.265913,0.185461,0.423171,-0.420158,0.085501,0.160490,-0.021051,0.185717,-0.020321,-0.256376,0.615003,0.082070,0.067238,-0.224779,-0.185627
-0.010921,-0.511021,0.719902,0.102655,0.005319,-0.688589,0.717829,-0.517755,-0.256453,-0.041418,0.890180,-0.422509,0.001666,-0.051731,-0.225578,-0.072094,1.287801,0.048176,-0.063604,0.050862,-0.133283,0.274948,0.158117,0.420660,-0.433534,0.094733,0.179639,-0.028209,0.215521,0.000880,-0.252527,0.601915,0.091111,0.064012,-0.224217,-0.202089
-0.010671,-0.519666,0.716477,0.100922,0.002933,-0.687929,0.718721,-0.505580,-0.261146,-0.043446,0.911684,-0.447144,0.005567,-0.074998,-0.224257,-0.064425,1.346565,0.024002,-0.058430,0.041688,-0.139581,0.281864,0.130535,0.416785,-0.444880,0.104384,0.193247,-0.033022,0.241100,0.020669,-0.248218,0.589245,0.101025,0.062651,-0.220046,-0.219994
-0.010403,-0.528363,0.713406,0.099308,0.001576,-0.687184,0.719662,-0.494063,-0.264509,-0.046788,0.930831,-0.470155,0.008338,-0.101411,-0.222408,-0.058501,1.404543,-0.002576,-0.053260,0.031073,-0.145019,0.287439,0.102351,0.411396,-0.454706,0.114468,0.201798,-0.036316,0.263802,0.039560,-0.243470,0.576554,0.111728,0.063243,-0.213004,-0.238909
-0.010165,-0.537145,0.710758,0.097685,0.000836,-0.686766,0.720284,-0.481715,-0.266309,-0.050047,0.946809,-0.491604,0.010774,-0.130381,-0.220051,-0.052996,1.460576,-0.028988,-0.049614,0.019857,-0.149601,0.291792,0.073961,0.404698,-0.463696,0.123041,0.207898,-0.038142,0.282151,0.057943,-0.238515,0.563513,0.122622,0.063982,-0.204815,-0.256382
-0.010000,-0.545956,0.708527,0.095915,0.000304,-0.687086,0.720217,-0.467095,-0.266211,-0.051880,0.958883,-0.511597,0.013647,-0.161333,-0.216957,-0.046482,1.513279,-0.052458,-0.048775,0.009000,-0.153365,0.295160,0.045833,0.397160,-0.472538,0.127870,0.214092,-0.038443,0.294695,0.076410,-0.233713,0.549690,0.132733,0.062999,-0.197135,-0.269977
-0.009629,-0.554924,0.706697,0.094049,-0.000050,-0.688353,0.719253,-0.450140,-0.263833,-0.051476,0.967025,-0.530495,0.017205,-0.195230,-0.212811,-0.037843,1.563266,-0.071450,-0.051474,-0.001049,-0.156514,0.297754,0.018602,0.388969,-0.480586,0.128060,0.220829,-0.036318,0.300196,0.095407,-0.229247,0.534290,0.141491,0.059126,-0.189990,-0.278478
-0.009241,-0.563955,0.705316,0.092139,-0.000045,-0.690315,0.717618,-0.431554,-0.259459,-0.049630,0.971591,-0.548137,0.020993,-0.232016,-0.207694,-0.027982,1.610778,-0.087374,-0.056812,-0.010707,-0.158972,0.299543,-0.008159,0.380189,-0.487827,0.124691,0.226703,-0.032232,0.299703,0.114922,-0.225169,0.517592,0.148891,0.053594,-0.182606,-0.283374
-0.008755,-0.573109,0.704381,0.090055,0.000217,-0.692684,0.715597,-0.410963,-0.253901,-0.047481,0.972293,-0.563810,0.024735,-0.269626,-0.202142,-0.018624,1.653829,-0.101994,-0.063887,-0.020171,-0.160422,0.300498,-0.035539,0.371278,-0.495968,0.118268,0.231429,-0.028088,0.295222,0.135044,-0.221686,0.500614,0.154548,0.048108,-0.175405,-0.286295
-0.008297,-0.582442,0.703913,0.087672,0.000629,-0.695173,0.713476,-0.387979,-0.247931,-0.046175,0.968812,-0.576721,0.028148,-0.306061,-0.196878,-0.011430,1.690404,-0.117104,-0.071851,-0.029546,-0.160622,0.300701,-0.064446,0.362897,-0.506791,0.108926,0.234584,-0.025732,0.288795,0.156045,-0.219109,0.484251,0.157784,0.044410,-0.168816,-0.288874
-0.007862,-0.591942,0.703950,0.084880,0.001078,-0.697807,0.711238,-0.362076,-0.241491,-0.045792,0.960887,-0.587347,0.030968,-0.341185,-0.192372,-0.006575,1.720324,-0.133147,-0.080977,-0.038703,-0.159594,0.300452,-0.095104,0.355647,-0.521280,0.094866,0.236034,-0.025372,0.279821,0.178803,-0.217682,0.468070,0.157182,0.041621,-0.162765,-0.291345
-0.007277,-0.601852,0.704535,0.081778,0.001632,-0.700694,0.708758,-0.333629,-0.234285,-0.045700,0.948756,-0.595865,0.033370,-0.376017,-0.188291,-0.003192,1.744475,-0.149074,-0.091616,-0.047473,-0.157587,0.299924,-0.126573,0.349655,-0.538437,0.075604,0.235750,-0.026070,0.267625,0.203406,-0.217423,0.451574,0.152669,0.039350,-0.157088,-0.292891
-0.006795,-0.611765,0.705609,0.078558,0.002454,-0.703673,0.706163,-0.303607,-0.226575,-0.046026,0.932918,-0.601183,0.035720,-0.410263,-0.184205,-0.001343,1.762410,-0.164487,-0.102966,-0.055999,-0.154686,0.298974,-0.158055,0.344729,-0.557021,0.053404,0.233424,-0.027931,0.254117,0.228756,-0.218278,0.435640,0.145837,0.040072,-0.152093,-0.293633
-0.006112,-0.622405,0.707216,0.075407,0.003707,-0.706585,0.703589,-0.272967,-0.218656,-0.046922,0.913870,-0.602244,0.038379,-0.443600,-0.179745,-0.001143,1.773683,-0.179038,-0.114255,-0.064522,-0.150945,0.297368,-0.188833,0.340478,-0.575738,0.030839,0.228841,-0.031071,0.241204,0.253550,-0.220213,0.421207,0.138590,0.046195,-0.148090,-0.293726
-0.005433,-0.633259,0.709289,0.072367,0.005475,-0.709283,0.701179,-0.241945,-0.210569,-0.048814,0.891642,-0.599707,0.041362,-0.476304,-0.175826,-0.003520,1.778222,-0.193636,-0.126508,-0.073482,-0.146291,0.294908,-0.219499,0.336641,-0.594769,0.008263,0.222213,-0.036332,0.228956,0.277769,-0.223361,0.408528,0.131053,0.060562,-0.145576,-0.293183
-0.004793,-0.644199,0.711838,0.069328,0.007659,-0.711881,0.698828,-0.210069,-0.202096,-0.051441,0.866022,-0.593895,0.044398,-0.508286,-0.172268,-0.008241,1.776143,-0.208190,-0.139637,-0.082688,-0.140625,0.291789,-0.250250,0.333127,-0.614703,-0.015354,0.213564,-0.043335,0.216453,0.302024,-0.227802,0.397013,0.122340,0.081144,-0.144215,-0.291977
-0.004116,-0.655241,0.714788,0.066265,0.010141,-0.714619,0.696295,-0.177352,-0.193155,-0.053858,0.837367,-0.583294,0.047444,-0.538670,-0.167080,-0.013687,1.767267,-0.220758,-0.151152,-0.091474,-0.133977,0.288292,-0.279810,0.329786,-0.634834,-0.039327,0.202520,-0.050375,0.204131,0.325702,-0.233380,0.386393,0.113248,0.103008,-0.143103,-0.290226
-0.003414,-0.666596,0.718227,0.063161,0.012790,-0.717730,0.693333,-0.143712,-0.183749,-0.055106,0.805895,-0.566379,0.050519,-0.566626,-0.158392,-0.018166,1.751432,-0.229345,-0.158628,-0.099212,-0.126448,0.284599,-0.306940,0.326493,-0.654375,-0.062828,0.188821,-0.055749,0.192427,0.348004,-0.239811,0.376513,0.104803,0.121154,-0.141307,-0.288076
-0.002668,-0.678486,0.722137,0.059971,0.015468,-0.721272,0.689878,-0.108105,-0.174266,-0.055516,0.770306,-0.543055,0.053504,-0.591905,-0.146335,-0.021512,1.728424,-0.233646,-0.161418,-0.105766,-0.118146,0.280738,-0.332064,0.323208,-0.673639,-0.085375,0.172557,-0.058383,0.181832,0.368630,-0.247044,0.367201,0.097796,0.134854,-0.138677,-0.284831
-0.001951,-0.690875,0.726453,0.056732,0.018256,-0.725114,0.686045,-0.070973,-0.164737,-0.055232,0.731106,-0.514154,0.056442,-0.614781,-0.131835,-0.024513,1.698302,-0.234723,-0.160874,-0.111406,-0.109052,0.276566,-0.355656,0.319915,-0.692987,-0.107283,0.153950,-0.059347,0.172033,0.387913,-0.255115,0.358534,0.091760,0.146492,-0.135657,-0.280659
-0.001351,-0.703614,0.731120,0.053552,0.021340,-0.729203,0.681864,-0.034479,-0.154733,-0.052977,0.691316,-0.479593,0.059742,-0.635247,-0.114343,-0.026845,1.661332,-0.232597,-0.157707,-0.116090,-0.099115,0.271926,-0.376875,0.316634,-0.711629,-0.128626,0.132817,-0.060138,0.162223,0.405803,-0.263798,0.350796,0.086174,0.155709,-0.132308,-0.276995
-0.000818,-0.716611,0.736101,0.050543,0.024903,-0.733491,0.677360,-0.000791,-0.143851,-0.047453,0.654006,-0.439242,0.063929,-0.653280,-0.093356,-0.028110,1.617736,-0.227313,-0.152648,-0.119798,-0.088357,0.266625,-0.394854,0.313444,-0.728714,-0.149467,0.109014,-0.062208,0.151520,0.422052,-0.272719,0.344373,0.080763,0.162095,-0.128725,-0.275274
-0.000436,-0.729895,0.741323,0.047667,0.029046,-0.738142,0.672332,0.030239,-0.131737,-0.037658,0.619078,-0.392166,0.070111,-0.669021,-0.067721,-0.027544,1.567081,-0.218453,-0.146105,-0.121958,-0.076671,0.260403,-0.409939,0.310541,-0.744273,-0.169538,0.081744,-0.066101,0.139310,0.436402,-0.281684,0.339516,0.075964,0.164302,-0.124818,-0.276525
-0.000162,-0.743621,0.746650,0.044911,0.033588,-0.743120,0.666804,0.059332,-0.119014,-0.024198,0.585860,-0.339102,0.078006,-0.682113,-0.038361,-0.025105,1.509276,-0.206333,-0.137789,-0.122670,-0.064340,0.253379,-0.422502,0.308064,-0.758681,-0.188863,0.051291,-0.070823,0.126085,0.448691,-0.290691,0.336111,0.072210,0.162871,-0.120610,-0.279722
0.000029,-0.757423,0.752031,0.042422,0.038297,-0.748066,0.661159,0.085225,-0.106566,-0.008385,0.556409,-0.282147,0.086134,-0.691894,-0.007897,-0.021451,1.444951,-0.192023,-0.127406,-0.122911,-0.051933,0.245909,-0.431805,0.305993,-0.771627,-0.207808,0.019118,-0.075533,0.112592,0.458781,-0.299645,0.333977,0.069288,0.160210,-0.116378,-0.283217
0.000126,-0.771258,0.757421,0.040332,0.042981,-0.752631,0.655799,0.106784,-0.095044,0.008167,0.532406,-0.222967,0.092938,-0.697823,0.021140,-0.017373,1.374564,-0.176518,-0.114660,-0.123686,-0.039902,0.238326,-0.437252,0.304214,-0.782796,-0.226504,-0.013339,-0.079517,0.099627,0.466563,-0.308392,0.332939,0.067001,0.158711,-0.112416,-0.285384
0.000069,-0.785210,0.762739,0.038751,0.048072,-0.756848,0.650668,0.122606,-0.083564,0.026031,0.514438,-0.158099,0.099858,-0.700330,0.049235,-0.012911,1.296079,-0.159298,-0.099824,-0.125019,-0.027703,0.230017,-0.438554,0.302660,-0.792114,-0.244750,-0.047207,-0.082659,0.087329,0.471787,-0.316831,0.333116,0.065661,0.158634,-0.108628,-0.286181
0.000018,-0.799317,0.767926,0.037585,0.053514,-0.760849,0.645626,0.133724,-0.071761,0.045509,0.501502,-0.087616,0.107161,-0.699248,0.077052,-0.007307,1.209406,-0.139977,-0.083171,-0.126398,-0.015321,0.220975,-0.436311,0.301347,-0.799799,-0.262242,-0.082763,-0.085299,0.075295,0.474499,-0.324958,0.334599,0.065400,0.158783,-0.104917,-0.286342
-0.000136,-0.813539,0.772917,0.036645,0.058453,-0.764447,0.640985,0.142854,-0.061155,0.064016,0.492211,-0.018002,0.111307,-0.693499,0.102503,-0.000413,1.117932,-0.119539,-0.064407,-0.128140,-0.003850,0.212470,-0.431074,0.300223,-0.806025,-0.279178,-0.117080,-0.087495,0.063573,0.475061,-0.332782,0.337117,0.065735,0.159313,-0.101593,-0.285414
-0.000332,-0.827863,0.777606,0.035786,0.062009,-0.767460,0.637087,0.152810,-0.053822,0.078597,0.484882,0.044240,0.108694,-0.682430,0.123524,0.007848,1.025525,-0.099149,-0.043131,-0.130644,0.005538,0.205751,-0.423526,0.299186,-0.810968,-0.295590,-0.147321,-0.089381,0.052207,0.473898,-0.340308,0.340380,0.066127,0.160394,-0.098962,-0.282951
-0.000501,-0.842084,0.781938,0.034891,0.063951,-0.769822,0.634088,0.165875,-0.050514,0.088235,0.475808,0.100498,0.095805,-0.664175,0.140376,0.018855,0.928287,-0.078601,-0.017642,-0.134414,0.012639,0.201317,-0.413210,0.298070,-0.814466,-0.311712,-0.173948,-0.091109,0.040579,0.470939,-0.347616,0.344655,0.066395,0.162500,-0.096894,-0.278844
-0.000585,-0.856305,0.785806,0.034106,0.064706,-0.771627,0.631856,0.180632,-0.050733,0.093529,0.465549,0.154043,0.074933,-0.639429,0.153261,0.032376,0.824745,-0.057038,0.011002,-0.139301,0.017962,0.198434,-0.400145,0.296798,-0.816520,-0.327245,-0.198106,-0.092658,0.028857,0.466099,-0.354710,0.350017,0.066724,0.165432,-0.095277,-0.273343
-0.000521,-0.870594,0.789147,0.033522,0.064563,-0.772965,0.630264,0.194545,-0.054075,0.094361,0.458275,0.201477,0.051259,-0.611356,0.161136,0.045318,0.721955,-0.034026,0.039569,-0.144592,0.021833,0.196592,-0.385565,0.295383,-0.817658,-0.341590,-0.217778,-0.094033,0.018303,0.459782,-0.361444,0.355795,0.067154,0.168280,-0.094446,-0.266499
-0.000411,-0.884816,0.791944,0.033236,0.063811,-0.773931,0.629169,0.205025,-0.059802,0.091287,0.458235,0.239216,0.030265,-0.583434,0.163796,0.054265,0.627597,-0.009245,0.065440,-0.149481,0.024532,0.195256,-0.370721,0.293887,-0.818451,-0.354133,-0.230946,-0.095323,0.010204,0.452367,-0.367565,0.361259,0.067828,0.170103,-0.094753,-0.258343
-0.000251,-0.898922,0.794240,0.033448,0.062145,-0.774448,0.628688,0.211829,-0.068481,0.084805,0.466651,0.265854,0.011960,-0.555526,0.160606,0.057555,0.541047,0.019430,0.090222,-0.154136,0.025282,0.194428,-0.355935,0.292336,-0.819467,-0.364825,-0.236104,-0.096785,0.005823,0.443885,-0.372874,0.366305,0.068820,0.171124,-0.096081,-0.248184
-0.000155,-0.912786,0.795995,0.034138,0.059377,-0.774506,0.628848,0.216006,-0.080384,0.075110,0.481932,0.283032,-0.005947,-0.526493,0.152664,0.056958,0.459518,0.051195,0.115346,-0.158795,0.023753,0.194315,-0.340622,0.290699,-0.820411,-0.373871,-0.234662,-0.098465,0.004197,0.434154,-0.377270,0.371225,0.070147,0.171625,-0.098332,-0.236211
-0.000021,-0.926152,0.797106,0.035001,0.056162,-0.774345,0.629294,0.216464,-0.093845,0.062888,0.504842,0.291462,-0.021376,-0.499129,0.143020,0.053853,0.389169,0.081183,0.137966,-0.162552,0.021285,0.194659,-0.324679,0.288954,-0.820546,-0.381054,-0.228953,-0.100131,0.003285,0.423162,-0.380697,0.375849,0.071989,0.170758,-0.101915,-0.223780
-0.000037,-0.939000,0.797493,0.035626,0.053418,-0.774255,0.629608,0.211983,-0.106854,0.048898,0.535996,0.291932,-0.032504,-0.476661,0.134888,0.049404,0.336864,0.104127,0.154904,-0.164332,0.019832,0.195168,-0.308017,0.287074,-0.819084,-0.386141,-0.221368,-0.101552,0.001050,0.410865,-0.383141,0.380007,0.074536,0.167678,-0.107268,-0.212239
-0.000029,-0.951702,0.797443,0.035958,0.052010,-0.774358,0.629581,0.200051,-0.119397,0.031541,0.578223,0.282058,-0.037066,-0.461781,0.129465,0.041017,0.306685,0.117633,0.163923,-0.163317,0.020880,0.195352,-0.290809,0.284981,-0.816114,-0.388937,-0.211386,-0.103561,-0.002572,0.397036,-0.384540,0.383515,0.078136,0.161970,-0.114737,-0.201267
0.000027,-0.964263,0.797002,0.036015,0.051657,-0.774602,0.629306,0.181593,-0.132259,0.011621,0.631020,0.261989,-0.037210,-0.453095,0.125952,0.028628,0.295678,0.124048,0.166981,-0.159759,0.023970,0.195442,-0.273090,0.282678,-0.812021,-0.389577,-0.198136,-0.106040,-0.006599,0.381694,-0.384879,0.386377,0.082715,0.154156,-0.124087,-0.190390
0.000183,-0.976749,0.796121,0.035445,0.051660,-0.774997,0.628852,0.160819,-0.144184,-0.006730,0.689250,0.236504,-0.037664,-0.447646,0.124320,0.017133,0.299891,0.125439,0.166988,-0.154417,0.028385,0.196149,-0.254517,0.279963,-0.806276,-0.388259,-0.183388,-0.107334,-0.011615,0.364973,-0.384386,0.388909,0.087973,0.144834,-0.134862,-0.180811
0.000289,-0.989309,0.794694,0.033959,0.051221,-0.775511,0.628336,0.141826,-0.153364,-0.019469,0.747930,0.210167,-0.042705,-0.442311,0.124351,0.011453,0.315034,0.124051,0.166956,-0.148151,0.033233,0.198287,-0.234523,0.276974,-0.798430,-0.385630,-0.168898,-0.105813,-0.018184,0.347213,-0.383371,0.391306,0.093300,0.134599,-0.146560,-0.173665
0.000491,-1.001671,0.792602,0.031323,0.049901,-0.776213,0.627712,0.126376,-0.159798,-0.025915,0.806080,0.183039,-0.054123,-0.436704,0.126400,0.013726,0.343848,0.124683,0.170562,-0.141353,0.038184,0.202555,-0.212236,0.273677,-0.787815,-0.381558,-0.156348,-0.101891,-0.027231,0.328027,-0.382147,0.393969,0.099310,0.122614,-0.160679,-0.169148
0.000590,-1.014212,0.789972,0.027816,0.047948,-0.777003,0.627052,0.112400,-0.164425,-0.028140,0.865970,0.153059,-0.068946,-0.431615,0.130277,0.021067,0.386445,0.125089,0.175710,-0.133973,0.043384,0.208528,-0.187975,0.270060,-0.774713,-0.376169,-0.144359,-0.096206,-0.038255,0.307553,-0.380809,0.396766,0.105725,0.108964,-0.176889,-0.166828
0.000536,-1.026717,0.786727,0.023911,0.045683,-0.777602,0.626639,0.098013,-0.166053,-0.026342,0.927714,0.121554,-0.084101,-0.425701,0.135130,0.030729,0.434260,0.117214,0.176506,-0.126273,0.048831,0.215257,-0.162901,0.266270,-0.759924,-0.370612,-0.130099,-0.087466,-0.049810,0.286752,-0.379278,0.399263,0.110766,0.095567,-0.191910,-0.166827
0.000396,-1.039149,0.782943,0.020003,0.043665,-0.777791,0.626686,0.081215,-0.162957,-0.020946,0.991481,0.089950,-0.096725,-0.418357,0.140100,0.039918,0.479597,0.092880,0.166299,-0.118285,0.054924,0.221649,-0.138157,0.262559,-0.744305,-0.365959,-0.110726,-0.074410,-0.060528,0.266477,-0.377402,0.400960,0.112811,0.084310,-0.202466,-0.169094
0.000228,-1.051612,0.778619,0.016021,0.042160,-0.777629,0.627103,0.062280,-0.153678,-0.011599,1.057769,0.058404,-0.107741,-0.410126,0.146096,0.051248,0.523039,0.043832,0.137582,-0.109756,0.062279,0.227409,-0.113493,0.259088,-0.727986,-0.362956,-0.085727,-0.055039,-0.070466,0.247079,-0.375034,0.401603,0.111308,0.075383,-0.207316,-0.174177
-0.000089,-1.064053,0.773994,0.011792,0.040901,-0.777194,0.627820,0.042340,-0.138835,0.001247,1.126182,0.026459,-0.117951,-0.401289,0.154359,0.066320,0.568194,-0.023141,0.095361,-0.100767,0.070585,0.233063,-0.088226,0.255873,-0.710622,-0.361198,-0.056476,-0.030691,-0.080595,0.227948,-0.372158,0.401488,0.107287,0.067815,-0.208287,-0.181761
-0.000554,-1.076358,0.769153,0.007506,0.039820,-0.776335,0.629016,0.020609,-0.119450,0.015626,1.195567,-0.005411,-0.124500,-0.391533,0.163754,0.080314,0.612702,-0.094347,0.051560,-0.091710,0.079212,0.238677,-0.062781,0.252956,-0.692285,-0.360158,-0.022967,-0.005098,-0.090945,0.208445,-0.368835,0.400935,0.101524,0.061837,-0.206744,-0.190449
-0.001200,-1.088490,0.764029,0.003337,0.038867,-0.774913,0.630863,-0.003809,-0.096549,0.029455,1.264768,-0.036750,-0.124562,-0.380408,0.171584,0.087007,0.653520,-0.156750,0.018461,-0.082933,0.087588,0.244343,-0.037604,0.250415,-0.673010,-0.359286,0.014783,0.018039,-0.101359,0.188022,-0.365165,0.400214,0.094703,0.057666,-0.204081,-0.198872
-0.001866,-1.100421,0.758613,-0.000719,0.038244,-0.772655,0.633672,-0.031835,-0.068613,0.041922,1.335902,-0.068171,-0.116073,-0.368823,0.175296,0.081368,0.691530,-0.209289,0.000346,-0.074745,0.096122,0.249743,-0.013180,0.248410,-0.652760,-0.358949,0.060504,0.039833,-0.113763,0.167409,-0.361071,0.398660,0.085983,0.056239,-0.200194,-0.206852
-0.002602,-1.112404,0.753181,-0.004794,0.038018,-0.769724,0.637226,-0.062605,-0.035171,0.053136,1.408795,-0.099846,-0.100832,-0.356856,0.175818,0.067364,0.727998,-0.258918,-0.009437,-0.066838,0.105135,0.254939,0.011078,0.246973,-0.631504,-0.359478,0.113085,0.061277,-0.127892,0.146629,-0.356547,0.396296,0.075290,0.057163,-0.194551,-0.215045
-0.003559,-1.124231,0.747971,-0.008880,0.037906,-0.766623,0.640916,-0.094690,0.000830,0.062623,1.478931,-0.130671,-0.082068,-0.342848,0.174991,0.051418,0.760143,-0.304955,-0.014907,-0.058686,0.113908,0.260595,0.036275,0.245953,-0.609161,-0.360255,0.164940,0.078945,-0.139635,0.124105,-0.351912,0.394471,0.064384,0.058694,-0.187890,-0.223361
-0.004744,-1.136060,0.743206,-0.012950,0.037589,-0.763871,0.644143,-0.126882,0.036253,0.070514,1.541857,-0.159361,-0.063091,-0.325207,0.175270,0.039967,0.785024,-0.346516,-0.020143,-0.049855,0.121758,0.267391,0.063516,0.245071,-0.585537,-0.360703,0.208204,0.090010,-0.144327,0.098378,-0.347636,0.394616,0.054799,0.059177,-0.180907,-0.231736
-0.005951,-1.147894,0.738959,-0.017301,0.037121,-0.761565,0.646793,-0.159506,0.072162,0.076831,1.597888,-0.185672,-0.043861,-0.303021,0.178252,0.034160,0.801041,-0.382966,-0.025556,-0.040086,0.129181,0.276111,0.092833,0.244106,-0.560471,-0.359528,0.242587,0.092804,-0.139251,0.068889,-0.343957,0.397051,0.046343,0.058277,-0.173054,-0.241219
-0.007041,-1.159526,0.735262,-0.021860,0.036648,-0.759449,0.649165,-0.193396,0.109486,0.081453,1.649037,-0.210245,-0.022974,-0.277403,0.182427,0.030548,0.810121,-0.414880,-0.029232,-0.029698,0.136543,0.286155,0.123717,0.242954,-0.533973,-0.357358,0.271540,0.089838,-0.126740,0.036797,-0.340856,0.400997,0.037910,0.057049,-0.164172,-0.251530
-0.007862,-1.171152,0.732074,-0.026022,0.035961,-0.757518,0.651304,-0.228196,0.144760,0.085029,1.693461,-0.232887,-0.001751,-0.249823,0.185924,0.028636,0.814387,-0.443052,-0.031855,-0.019097,0.142941,0.296197,0.156494,0.241455,-0.506190,-0.356554,0.292727,0.084649,-0.109644,0.003275,-0.338322,0.406354,0.029552,0.055930,-0.155529,-0.260621
-0.008388,-1.182881,0.729316,-0.029174,0.034832,-0.755770,0.653259,-0.263454,0.174501,0.088561,1.729305,-0.253324,0.018445,-0.221764,0.186879,0.027874,0.816001,-0.468311,-0.034132,-0.008701,0.147344,0.304961,0.191524,0.239377,-0.477282,-0.359383,0.303719,0.080455,-0.091035,-0.030681,-0.336404,0.413156,0.021529,0.055295,-0.148408,-0.266455
-0.008692,-1.194881,0.726969,-0.031236,0.032978,-0.754266,0.654995,-0.299590,0.198082,0.093051,1.756634,-0.271723,0.038742,-0.193265,0.184539,0.028034,0.815797,-0.491673,-0.036299,0.001439,0.149223,0.312879,0.229756,0.236379,-0.446801,-0.366583,0.302760,0.076811,-0.069852,-0.066001,-0.335286,0.422012,0.014387,0.055248,-0.142906,-0.268610
-0.008964,-1.207030,0.725121,-0.032505,0.030571,-0.752998,0.656508,-0.336733,0.217172,0.098418,1.776321,-0.287997,0.059311,-0.163685,0.180020,0.029166,0.812621,-0.512481,-0.038089,0.011662,0.149235,0.320416,0.270535,0.232190,-0.415055,-0.376602,0.291581,0.071968,-0.045185,-0.102603,-0.334895,0.432840,0.007616,0.055657,-0.138423,-0.268184
-0.009313,-1.219425,0.723887,-0.032936,0.028062,-0.751863,0.657897,-0.373887,0.231799,0.104291,1.787660,-0.301311,0.077301,-0.133473,0.174162,0.031161,0.805590,-0.529021,-0.039367,0.022191,0.148044,0.326352,0.311686,0.226717,-0.383464,-0.388178,0.272834,0.067074,-0.020397,-0.138133,-0.334826,0.444559,0.000172,0.056391,-0.135209,-0.265369
-0.009729,-1.232115,0.723294,-0.032485,0.025905,-0.750766,0.659261,-0.410049,0.242077,0.110277,1.789917,-0.310769,0.089906,-0.103114,0.167699,0.034014,0.793862,-0.539603,-0.039865,0.033224,0.146243,0.329447,0.351060,0.220087,-0.353406,-0.399989,0.249116,0.063496,0.001226,-0.170427,-0.334575,0.455954,-0.008701,0.057185,-0.133522,-0.260300
-0.010174,-1.245118,0.723427,-0.031046,0.024195,-0.749787,0.660508,-0.445496,0.248201,0.116938,1.782601,-0.315938,0.096020,-0.072564,0.160584,0.038262,0.776621,-0.544606,-0.038933,0.044761,0.143529,0.329323,0.389033,0.212459,-0.324671,-0.412800,0.217567,0.062480,0.019547,-0.200193,-0.333897,0.466905,-0.018464,0.059222,-0.134116,-0.251508
-0.010486,-1.258566,0.724194,-0.028661,0.022669,-0.748949,0.661620,-0.480367,0.250241,0.124653,1.766100,-0.317290,0.097220,-0.041711,0.152354,0.043676,0.754607,-0.544709,-0.036766,0.056707,0.139526,0.326702,0.426506,0.203865,-0.296843,-0.426844,0.177887,0.062743,0.036164,-0.228480,-0.332811,0.477971,-0.028451,0.062081,-0.136625,-0.239349
-0.010804,-1.272289,0.725545,-0.025582,0.021339,-0.748059,0.662795,-0.513475,0.248129,0.132654,1.740995,-0.315306,0.094785,-0.011006,0.143163,0.049145,0.729390,-0.538705,-0.034323,0.068926,0.134738,0.322008,0.462254,0.194429,-0.270732,-0.440339,0.136605,0.062284,0.050345,-0.253848,-0.331331,0.489055,-0.039036,0.063036,-0.139664,-0.226694
-0.011046,-1.286427,0.727493,-0.022031,0.020177,-0.746923,0.664239,-0.543662,0.241724,0.140113,1.707867,-0.310505,0.090038,0.019154,0.133254,0.053570,0.702504,-0.525377,-0.032631,0.081267,0.129737,0.315657,0.495032,0.184428,-0.247010,-0.451617,0.100358,0.059381,0.061227,-0.274792,-0.329490,0.500089,-0.050650,0.059316,-0.141916,-0.216418
-0.011305,-1.300873,0.730006,-0.018006,0.019234,-0.745585,0.665890,-0.570682,0.231017,0.147302,1.666256,-0.303303,0.082718,0.049103,0.122995,0.057899,0.673309,-0.504591,-0.031935,0.093971,0.124689,0.307580,0.525056,0.174145,-0.225337,-0.460886,0.069468,0.053353,0.068080,-0.290753,-0.327279,0.510967,-0.063716,0.047071,-0.142685,-0.209869
-0.011597,-1.315602,0.732969,-0.013430,0.018515,-0.744103,0.667674,-0.594885,0.216216,0.154331,1.615894,-0.293544,0.072392,0.078719,0.112356,0.062189,0.641634,-0.477110,-0.031755,0.106882,0.119214,0.297747,0.553086,0.163789,-0.205238,-0.469259,0.040865,0.045542,0.071431,-0.302630,-0.324744,0.521883,-0.077870,0.028790,-0.142859,-0.205304
-0.011809,-1.330762,0.736405,-0.008434,0.017961,-0.742288,0.669787,-0.616020,0.197429,0.159923,1.557597,-0.280889,0.059962,0.106977,0.101081,0.064007,0.609797,-0.443106,-0.032160,0.119222,0.113149,0.286664,0.578668,0.153619,-0.187045,-0.476424,0.016124,0.037350,0.072297,-0.311038,-0.321996,0.533187,-0.092563,0.011254,-0.143473,-0.201034
-0.012057,-1.346216,0.740179,-0.003151,0.017509,-0.739951,0.672426,-0.633799,0.174677,0.162816,1.492063,-0.264932,0.046328,0.132922,0.088940,0.060940,0.580151,-0.402698,-0.033303,0.130233,0.106370,0.274824,0.601308,0.143950,-0.171109,-0.482097,-0.003166,0.030116,0.071796,-0.316634,-0.319222,0.545186,-0.107282,0.001279,-0.145548,-0.195387
-0.012302,-1.362060,0.744247,0.002697,0.017155,-0.736955,0.675719,-0.648599,0.146038,0.162105,1.418178,-0.245327,0.032733,0.156426,0.075137,0.051789,0.552649,-0.354803,-0.035366,0.139833,0.098431,0.261776,0.620853,0.135084,-0.157440,-0.486230,-0.015202,0.024104,0.070001,-0.319173,-0.316661,0.558032,-0.122673,0.000604,-0.148846,-0.188844
-0.012529,-1.378175,0.748474,0.009008,0.016957,-0.733397,0.679529,-0.659865,0.112484,0.158126,1.335605,-0.222530,0.018646,0.177830,0.060421,0.037930,0.526944,-0.300053,-0.038534,0.148370,0.089645,0.247568,0.637654,0.127205,-0.145731,-0.489196,-0.021380,0.018698,0.066559,-0.318276,-0.314432,0.571378,-0.139103,0.005687,-0.152897,-0.181968
-0.012659,-1.394464,0.752771,0.015097,0.016930,-0.729446,0.683662,-0.666034,0.078044,0.151606,1.245995,-0.197066,0.002137,0.197006,0.046617,0.020887,0.504802,-0.240869,-0.042917,0.155762,0.081039,0.233363,0.651894,0.120425,-0.135860,-0.491148,-0.024880,0.013845,0.061969,-0.314509,-0.312491,0.584814,-0.155529,0.015440,-0.158338,-0.173201
-0.012710,-1.410914,0.757028,0.020322,0.017075,-0.725287,0.687935,-0.665762,0.046289,0.143438,1.150673,-0.169196,-0.019000,0.213986,0.035252,0.002227,0.487497,-0.179294,-0.048465,0.161964,0.073586,0.220250,0.663775,0.114792,-0.127699,-0.492201,-0.028858,0.009513,0.056691,-0.308555,-0.310674,0.597980,-0.170749,0.028812,-0.165770,-0.160946
-0.012762,-1.427628,0.761119,0.024847,0.017473,-0.720788,0.692490,-0.658045,0.016163,0.133082,1.045253,-0.137109,-0.047918,0.227898,0.025800,-0.019887,0.475569,-0.111661,-0.057073,0.166863,0.067203,0.207802,0.673114,0.110414,-0.121455,-0.492147,-0.034119,0.005753,0.050809,-0.300274,-0.308850,0.610960,-0.184429,0.048654,-0.176394,-0.143496
-0.012852,-1.444502,0.764996,0.028842,0.018106,-0.715963,0.697307,-0.642932,-0.013747,0.119730,0.928696,-0.100312,-0.082796,0.239229,0.017316,-0.045558,0.467951,-0.037703,-0.067943,0.170681,0.061618,0.195591,0.679931,0.107382,-0.117000,-0.490991,-0.039016,0.002579,0.044141,-0.289558,-0.307006,0.623903,-0.196996,0.074677,-0.189147,-0.121825
-0.012987,-1.461544,0.768522,0.031650,0.018887,-0.711199,0.702024,-0.621438,-0.040614,0.104132,0.808294,-0.061392,-0.118623,0.250375,0.011211,-0.070404,0.462890,0.035519,-0.077029,0.173789,0.057652,0.184641,0.684760,0.105638,-0.113723,-0.489328,-0.042994,-0.000082,0.036691,-0.277196,-0.305121,0.636598,-0.208327,0.100994,-0.201497,-0.098534
-0.013170,-1.478619,0.771616,0.032635,0.019738,-0.706875,0.706309,-0.595477,-0.061561,0.087610,0.692595,-0.023341,-0.150426,0.263794,0.009494,-0.089644,0.458198,0.100999,-0.080497,0.176527,0.056133,0.175990,0.688124,0.105027,-0.111032,-0.487726,-0.045483,-0.002321,0.028436,-0.264015,-0.303144,0.648864,-0.218201,0.121515,-0.211312,-0.076525
-0.013364,-1.495854,0.774252,0.031026,0.020716,-0.702981,0.710230,-0.563504,-0.075328,0.069539,0.579278,0.014623,-0.178279,0.282778,0.013417,-0.103946,0.449715,0.160441,-0.075695,0.178871,0.058452,0.170192,0.690358,0.105533,-0.108843,-0.486329,-0.045686,-0.004158,0.018646,-0.249662,-0.300998,0.660797,-0.226689,0.135201,-0.218358,-0.055286
-0.013605,-1.512998,0.776388,0.027046,0.022021,-0.699457,0.713823,-0.525117,-0.082689,0.049676,0.464501,0.054179,-0.204821,0.306106,0.022953,-0.114153,0.437834,0.217665,-0.065426,0.180981,0.064588,0.166615,0.691264,0.107149,-0.107461,-0.484950,-0.044107,-0.005574,0.007578,-0.234032,-0.298672,0.672539,-0.233660,0.144999,-0.223868,-0.033839
-0.013914,-1.530048,0.777895,0.021739,0.023766,-0.696595,0.716741,-0.485495,-0.084282,0.030878,0.357181,0.092341,-0.228881,0.329058,0.037722,-0.115914,0.427622,0.268401,-0.053903,0.183379,0.072894,0.164384,0.690500,0.109626,-0.106854,-0.483516,-0.042066,-0.006597,-0.003341,-0.218344,-0.296217,0.684036,-0.238740,0.150623,-0.228264,-0.014557
-0.014386,-1.546963,0.778928,0.016604,0.025873,-0.694572,0.718766,-0.451003,-0.082181,0.016490,0.268245,0.125213,-0.249012,0.345880,0.055980,-0.105809,0.425858,0.307102,-0.044905,0.186172,0.080761,0.162493,0.687517,0.112584,-0.106895,-0.481756,-0.040837,-0.007237,-0.012748,-0.203895,-0.293690,0.695293,-0.241507,0.151802,-0.231999,0.000165
-0.014969,-1.563575,0.779445,0.012619,0.028215,-0.693402,0.719888,-0.423867,-0.077994,0.010083,0.199859,0.152176,-0.261800,0.352327,0.077263,-0.080426,0.438837,0.328585,-0.040054,0.189144,0.086342,0.160429,0.681939,0.115655,-0.107354,-0.479806,-0.040860,-0.007309,-0.020814,-0.191516,-0.291119,0.707144,-0.241849,0.146597,-0.235181,0.008465
-0.015354,-1.579573,0.779376,0.009648,0.030217,-0.692638,0.720588,-0.400265,-0.074022,0.011356,0.144734,0.176248,-0.261800,0.350800,0.100339,-0.043885,0.465886,0.334460,-0.035728,0.191053,0.089424,0.159037,0.673817,0.118719,-0.108216,-0.477333,-0.041274,-0.006890,-0.028212,-0.180597,-0.288459,0.719536,-0.239785,0.135702,-0.237743,0.011924
-0.015669,-1.595181,0.778883,0.007523,0.031727,-0.691813,0.721340,-0.383333,-0.071388,0.013814,0.110407,0.193148,-0.261800,0.344910,0.123605,-0.004538,0.501666,0.330248,-0.028489,0.190785,0.090242,0.158424,0.662848,0.121921,-0.109614,-0.473159,-0.041440,-0.006388,-0.034325,-0.170123,-0.285551,0.731015,-0.235188,0.122785,-0.239857,0.013294
-0.015992,-1.610475,0.777963,0.006296,0.032132,-0.690494,0.722596,-0.378199,-0.072155,0.014405,0.109707,0.195630,-0.261800,0.338088,0.143664,0.029555,0.541652,0.320648,-0.014803,0.187336,0.088242,0.159128,0.648950,0.125605,-0.111827,-0.466280,-0.040790,-0.006197,-0.038460,-0.158944,-0.282227,0.740011,-0.228024,0.111520,-0.241698,0.015400
-0.016318,-1.625623,0.776590,0.006131,0.031038,-0.688684,0.724371,-0.372108,-0.077909,0.012870,0.117958,0.201163,-0.261800,0.331313,0.161014,0.059987,0.585301,0.303564,0.009070,0.180785,0.082727,0.161550,0.632079,0.129962,-0.115310,-0.456670,-0.039012,-0.006455,-0.040128,-0.146587,-0.278348,0.746038,-0.218101,0.103272,-0.243145,0.019749
-0.016782,-1.640806,0.774801,0.006943,0.028792,-0.686575,0.726455,-0.378733,-0.087198,0.011741,0.162704,0.193845,-0.261800,0.322676,0.177297,0.088957,0.635536,0.276407,0.040020,0.171745,0.074030,0.165277,0.612273,0.135050,-0.120016,-0.444730,-0.036577,-0.006939,-0.039698,-0.133581,-0.273854,0.749753,-0.205477,0.095925,-0.244163,0.024626
-0.017606,-1.655758,0.772434,0.008144,0.026070,-0.684191,0.728791,-0.389224,-0.097541,0.008047,0.221886,0.176349,-0.261800,0.311461,0.190693,0.110233,0.691357,0.244547,0.070873,0.160525,0.063696,0.169550,0.589695,0.141081,-0.125574,-0.430266,-0.034125,-0.007488,-0.037736,-0.120142,-0.268728,0.751274,-0.190658,0.087952,-0.245050,0.028016
-0.018603,-1.670082,0.769553,0.009398,0.023081,-0.681483,0.731410,-0.401447,-0.108106,0.002592,0.288442,0.143728,-0.247744,0.297144,0.197945,0.118557,0.751944,0.213739,0.095272,0.147248,0.052519,0.174086,0.564637,0.148356,-0.131740,-0.413221,-0.032330,-0.007936,-0.034750,-0.106428,-0.263029,0.750644,-0.174220,0.077853,-0.246080,0.027921
-0.019454,-1.684030,0.766337,0.011370,0.018941,-0.678075,0.734660,-0.415910,-0.122672,-0.001382,0.364661,0.090402,-0.183208,0.280030,0.195750,0.112680,0.818425,0.185093,0.113845,0.131140,0.038256,0.179456,0.537070,0.157028,-0.138231,-0.393402,-0.033087,-0.008399,-0.031676,-0.091977,-0.256729,0.747534,-0.156217,0.063718,-0.247504,0.023241
-0.020413,-1.698462,0.762585,0.013066,0.014530,-0.674403,0.738105,-0.434121,-0.140338,-0.009690,0.454628,0.021636,-0.093821,0.261387,0.188352,0.096888,0.888251,0.158021,0.128437,0.113478,0.023425,0.185276,0.506997,0.167068,-0.145681,-0.371008,-0.035592,-0.008906,-0.027872,-0.076702,-0.249816,0.741911,-0.136584,0.046864,-0.248983,0.015233
-0.021223,-1.713096,0.758503,0.013922,0.010213,-0.671026,0.741232,-0.449643,-0.159550,-0.018714,0.543121,-0.047312,-0.003937,0.241756,0.176013,0.074268,0.959580,0.132001,0.136993,0.095655,0.009907,0.191433,0.474645,0.178437,-0.155235,-0.346636,-0.036459,-0.009154,-0.021468,-0.061185,-0.242524,0.734205,-0.115964,0.030616,-0.249872,0.005455
-0.021636,-1.727610,0.754198,0.013999,0.006014,-0.668342,0.743698,-0.457160,-0.176548,-0.022601,0.617018,-0.105814,0.062405,0.221131,0.157392,0.047611,1.031494,0.105743,0.137626,0.078659,-0.001891,0.197809,0.440017,0.191092,-0.167946,-0.320805,-0.032322,-0.008809,-0.010608,-0.045857,-0.235229,0.724763,-0.095272,0.018346,-0.249655,-0.004549
-0.021802,-1.741833,0.749622,0.013674,0.001324,-0.666209,0.745638,-0.456103,-0.188081,-0.016546,0.676645,-0.156261,0.097701,0.200486,0.128267,0.015612,1.105658,0.078024,0.129096,0.062093,-0.013348,0.204899,0.402471,0.204980,-0.184080,-0.292581,-0.023959,-0.007903,0.006663,-0.030345,-0.228177,0.713557,-0.074691,0.012271,-0.248801,-0.015387
-0.021905,-1.755692,0.744805,0.013342,-0.003966,-0.664352,0.747290,-0.449887,-0.195370,-0.003972,0.729697,-0.205749,0.115730,0.180267,0.088159,-0.021349,1.182429,0.049148,0.112307,0.045511,-0.025624,0.212569,0.361816,0.219959,-0.203308,-0.262085,-0.012755,-0.006411,0.028886,-0.014179,-0.221426,0.700283,-0.054506,0.010260,-0.247483,-0.027558
-0.021979,-1.769553,0.740011,0.013168,-0.009110,-0.662951,0.748491,-0.440038,-0.199923,0.009450,0.775837,-0.253307,0.124800,0.159209,0.041497,-0.058226,1.258958,0.019833,0.088747,0.029646,-0.038062,0.219811,0.318702,0.235767,-0.225732,-0.231393,0.003757,-0.003771,0.052787,0.002284,-0.215136,0.684885,-0.035595,0.009148,-0.244792,-0.039336
-0.021770,-1.783426,0.735588,0.013220,-0.013291,-0.662230,0.749066,-0.428018,-0.204459,0.018083,0.813857,-0.297188,0.132954,0.135197,-0.006551,-0.090478,1.332364,-0.009031,0.060113,0.015196,-0.049601,0.225694,0.273837,0.252059,-0.251508,-0.202620,0.028089,0.000679,0.075039,0.018715,-0.209568,0.667314,-0.018837,0.005765,-0.239740,-0.048984
-0.021207,-1.797292,0.731737,0.013508,-0.016340,-0.662268,0.748967,-0.413827,-0.210563,0.020026,0.842545,-0.336959,0.140226,0.107204,-0.057716,-0.118805,1.403649,-0.037757,0.024291,0.002240,-0.059634,0.230270,0.225610,0.268741,-0.282394,-0.174270,0.063789,0.008930,0.097484,0.035268,-0.205017,0.646968,-0.004070,-0.000768,-0.231401,-0.055974
-0.020405,-1.810880,0.728461,0.014055,-0.018720,-0.662931,0.748315,-0.397039,-0.216686,0.018960,0.863087,-0.373443,0.143005,0.076400,-0.113909,-0.144327,1.473795,-0.067592,-0.018904,-0.009567,-0.068934,0.234216,0.174145,0.285457,-0.318125,-0.146392,0.108267,0.020650,0.120711,0.052521,-0.201630,0.623966,0.008385,-0.008659,-0.220505,-0.061179
-0.019683,-1.824221,0.725676,0.014851,-0.020466,-0.664161,0.747161,-0.378451,-0.221534,0.017503,0.877262,-0.406522,0.143817,0.042592,-0.169199,-0.164037,1.539915,-0.098172,-0.064508,-0.020528,-0.077990,0.237423,0.123045,0.301360,-0.355362,-0.123083,0.155352,0.032417,0.139482,0.070321,-0.199425,0.599709,0.017517,-0.017137,-0.208508,-0.065016
-0.019192,-1.837253,0.723332,0.015836,-0.021550,-0.665926,0.745538,-0.358909,-0.223893,0.018206,0.886891,-0.436161,0.145231,0.004974,-0.217058,-0.175593,1.599015,-0.128226,-0.107297,-0.031244,-0.086910,0.239537,0.076020,0.315615,-0.390291,-0.107813,0.199524,0.040031,0.148797,0.088063,-0.198261,0.575904,0.022870,-0.025463,-0.196850,-0.068005
-0.018798,-1.850322,0.721450,0.017261,-0.021742,-0.668466,0.743224,-0.339175,-0.223123,0.022914,0.892004,-0.462883,0.147989,-0.039888,-0.256104,-0.178012,1.652242,-0.157267,-0.148406,-0.041806,-0.095712,0.239769,0.034107,0.327908,-0.421227,-0.101339,0.245193,0.041153,0.144579,0.105028,-0.198060,0.552652,0.024603,-0.034783,-0.184494,-0.069517
-0.018283,-1.863489,0.720210,0.019028,-0.021071,-0.671733,0.740249,-0.318732,-0.220196,0.030162,0.891839,-0.486538,0.150873,-0.091898,-0.288362,-0.173271,1.700442,-0.185259,-0.189484,-0.052243,-0.103836,0.238263,-0.004707,0.338363,-0.450097,-0.100921,0.293910,0.037182,0.130640,0.121366,-0.198812,0.529420,0.023438,-0.045133,-0.171144,-0.069586
-0.017498,-1.876947,0.719570,0.020544,-0.019893,-0.675269,0.737017,-0.296422,-0.216211,0.037378,0.886947,-0.506092,0.153418,-0.146434,-0.312435,-0.164323,1.740333,-0.210775,-0.225895,-0.062923,-0.110484,0.235963,-0.041477,0.347084,-0.478435,-0.104467,0.335974,0.029715,0.114130,0.137594,-0.200471,0.506816,0.020119,-0.054126,-0.159329,-0.069800
-0.016616,-1.890591,0.719584,0.021208,-0.018560,-0.678622,0.733947,-0.271018,-0.212114,0.041914,0.877793,-0.520501,0.154972,-0.198363,-0.327507,-0.154469,1.768735,-0.232253,-0.252976,-0.074333,-0.114900,0.233872,-0.077064,0.354152,-0.507437,-0.110281,0.361775,0.021310,0.101896,0.154215,-0.202922,0.485625,0.015434,-0.059347,-0.151560,-0.071860
-0.015613,-1.904351,0.720238,0.020833,-0.017198,-0.681711,0.731123,-0.241768,-0.207938,0.042873,0.863973,-0.530391,0.154916,-0.247380,-0.330641,-0.141842,1.784759,-0.248965,-0.261800,-0.086725,-0.116765,0.232221,-0.112236,0.359696,-0.537446,-0.118873,0.365891,0.012511,0.095617,0.171051,-0.206165,0.466170,0.009471,-0.060035,-0.150045,-0.077182
-0.014502,-1.918412,0.721567,0.019740,-0.015613,-0.684771,0.728324,-0.209474,-0.202956,0.041769,0.845438,-0.536047,0.153511,-0.295149,-0.324843,-0.128350,1.790239,-0.261291,-0.261800,-0.099679,-0.116560,0.230571,-0.146434,0.363846,-0.567655,-0.130781,0.354450,0.002434,0.091552,0.188092,-0.210177,0.447887,0.001871,-0.057558,-0.152956,-0.084594
-0.013517,-1.932790,0.723603,0.018125,-0.013751,-0.687801,0.725542,-0.175139,-0.197026,0.039575,0.823132,-0.535940,0.151456,-0.339970,-0.314338,-0.117758,1.786004,-0.269323,-0.261800,-0.112763,-0.114720,0.228911,-0.178432,0.366676,-0.597321,-0.144492,0.335384,-0.008118,0.088179,0.205907,-0.214717,0.430328,-0.006978,-0.052681,-0.156740,-0.091947
-0.012586,-1.947543,0.726296,0.016237,-0.011615,-0.690785,0.722785,-0.139679,-0.190365,0.037290,0.797889,-0.528503,0.149626,-0.380563,-0.300629,-0.110526,1.772785,-0.273103,-0.261800,-0.125535,-0.111671,0.227171,-0.207064,0.368224,-0.625736,-0.158329,0.316615,-0.018381,0.084111,0.224837,-0.219431,0.413007,-0.016428,-0.046160,-0.157820,-0.097093
-0.011596,-1.962671,0.729575,0.013909,-0.009164,-0.693543,0.720222,-0.102519,-0.183024,0.033768,0.769308,-0.514009,0.148040,-0.416192,-0.283601,-0.107473,1.749799,-0.272616,-0.261800,-0.138224,-0.107198,0.225570,-0.232903,0.368610,-0.653428,-0.171864,0.297514,-0.028505,0.079830,0.245059,-0.224078,0.395606,-0.026384,-0.036041,-0.154683,-0.099299
-0.010463,-1.978085,0.733373,0.011131,-0.006491,-0.696119,0.717811,-0.063496,-0.175112,0.029085,0.737222,-0.493134,0.146357,-0.447540,-0.261052,-0.105422,1.716870,-0.268134,-0.254650,-0.150862,-0.101352,0.224117,-0.256414,0.367937,-0.680553,-0.185754,0.274782,-0.038735,0.075702,0.266156,-0.228587,0.378328,-0.036806,-0.022724,-0.149421,-0.099792
-0.009162,-1.993770,0.737646,0.008356,-0.003742,-0.698852,0.715208,-0.024283,-0.166832,0.026036,0.703132,-0.465052,0.144924,-0.475285,-0.234076,-0.102097,1.675695,-0.260230,-0.239351,-0.162753,-0.094874,0.222324,-0.276269,0.366210,-0.705811,-0.199827,0.252340,-0.048466,0.070342,0.287466,-0.232860,0.361539,-0.047047,-0.010494,-0.143834,-0.099372
-0.007880,-2.009709,0.742272,0.005999,-0.001012,-0.702101,0.712051,0.013466,-0.158336,0.027391,0.668643,-0.428948,0.144097,-0.499912,-0.205778,-0.098138,1.627984,-0.249429,-0.223303,-0.173208,-0.088474,0.219603,-0.291197,0.363420,-0.727895,-0.213712,0.234120,-0.057086,0.062429,0.308257,-0.236821,0.345644,-0.056379,-0.003645,-0.139737,-0.098768
-0.006575,-2.025985,0.747241,0.004127,0.001597,-0.706046,0.708152,0.050266,-0.150050,0.033910,0.633209,-0.383569,0.144975,-0.521497,-0.176103,-0.092892,1.573698,-0.236348,-0.207621,-0.181895,-0.082452,0.215760,-0.300635,0.359589,-0.746605,-0.227050,0.221412,-0.064850,0.051719,0.328401,-0.240452,0.330737,-0.064282,-0.004139,-0.137638,-0.097975
-0.005334,-2.042502,0.752456,0.002547,0.004116,-0.710478,0.703703,0.086545,-0.142195,0.044293,0.596899,-0.330033,0.147349,-0.539435,-0.144529,-0.086582,1.512021,-0.220838,-0.191084,-0.189115,-0.076524,0.211072,-0.305521,0.354823,-0.762665,-0.239789,0.212050,-0.071935,0.038929,0.348146,-0.243781,0.316571,-0.071143,-0.009446,-0.136566,-0.096637
-0.004126,-2.059278,0.757740,0.001271,0.006671,-0.715166,0.698922,0.120664,-0.134738,0.058107,0.562069,-0.270783,0.149751,-0.553406,-0.111859,-0.079457,1.443288,-0.202038,-0.172307,-0.195119,-0.070481,0.205619,-0.306945,0.349281,-0.776157,-0.251928,0.204712,-0.077664,0.024247,0.367318,-0.246823,0.303045,-0.077575,-0.017105,-0.136139,-0.094920
-0.002989,-2.076286,0.763035,0.000292,0.009424,-0.719874,0.694041,0.151062,-0.127456,0.074698,0.530789,-0.207842,0.150598,-0.563216,-0.078854,-0.071739,1.367635,-0.179031,-0.149880,-0.200233,-0.064062,0.199479,-0.305912,0.343163,-0.787080,-0.263659,0.198096,-0.081299,0.007838,0.385729,-0.249585,0.290118,-0.084201,-0.024642,-0.135961,-0.093006
-0.001893,-2.093358,0.768276,-0.000337,0.012868,-0.724721,0.688922,0.176701,-0.119048,0.095987,0.502904,-0.137195,0.150168,-0.569284,-0.044539,-0.062947,1.282877,-0.150762,-0.123486,-0.204364,-0.056524,0.192038,-0.301964,0.336611,-0.794880,-0.275097,0.192875,-0.082653,-0.011022,0.403271,-0.252052,0.277771,-0.091106,-0.033687,-0.136065,-0.090857
-0.000840,-2.110564,0.773355,-0.000614,0.016713,-0.729770,0.683488,0.198609,-0.110147,0.121328,0.477832,-0.059075,0.149111,-0.571221,-0.009214,-0.052256,1.189103,-0.118043,-0.093998,-0.207358,-0.048404,0.183491,-0.294824,0.329727,-0.799735,-0.286315,0.189431,-0.082145,-0.032127,0.420005,-0.254257,0.266052,-0.097997,-0.044811,-0.136631,-0.088410
0.000232,-2.127873,0.778193,-0.000642,0.020021,-0.734695,0.678102,0.218794,-0.103196,0.145811,0.455672,0.018643,0.146083,-0.567958,0.024506,-0.039549,1.089654,-0.082620,-0.061827,-0.209573,-0.041199,0.175097,-0.285689,0.322644,-0.802719,-0.297470,0.186079,-0.079894,-0.053916,0.436033,-0.256265,0.255071,-0.104935,-0.053926,-0.137468,-0.085798
0.001159,-2.145071,0.782660,-0.000506,0.021881,-0.739169,0.673164,0.239483,-0.100771,0.164419,0.435693,0.088389,0.139634,-0.558795,0.054023,-0.024928,0.987997,-0.046255,-0.027334,-0.211441,-0.036358,0.168081,-0.275746,0.315501,-0.804938,-0.308787,0.181130,-0.075954,-0.074820,0.451500,-0.258169,0.244878,-0.112017,-0.056947,-0.138358,-0.083132
0.002115,-2.162316,0.786673,-0.000362,0.021931,-0.743188,0.668723,0.263687,-0.103177,0.177778,0.413533,0.152178,0.126572,-0.541927,0.079746,-0.006375,0.880492,-0.006935,0.010577,-0.213110,-0.034247,0.162938,-0.264822,0.308385,-0.806460,-0.320723,0.174041,-0.069224,-0.095232,0.466881,-0.260070,0.235463,-0.119380,-0.052170,-0.139028,-0.080582
0.003139,-2.179660,0.790201,-0.000114,0.020710,-0.746861,0.664658,0.290236,-0.109549,0.186895,0.388834,0.213880,0.107998,-0.517927,0.101761,0.016154,0.765466,0.035779,0.051299,-0.214572,-0.034084,0.158975,-0.252370,0.301343,-0.806772,-0.333249,0.165847,-0.059971,-0.115654,0.482012,-0.262003,0.226795,-0.127076,-0.041956,-0.139623,-0.078037
0.004212,-2.197113,0.793120,0.000506,0.018773,-0.749994,0.661178,0.314792,-0.120015,0.187893,0.367234,0.268471,0.089140,-0.490048,0.117745,0.038378,0.649093,0.078260,0.092286,-0.216186,-0.035394,0.155564,-0.239070,0.294449,-0.806107,-0.345923,0.157074,-0.050279,-0.134708,0.496106,-0.263947,0.218877,-0.135040,-0.028337,-0.140527,-0.075154
0.005485,-2.214717,0.795463,0.001780,0.016681,-0.752371,0.658526,0.332562,-0.134101,0.177753,0.355718,0.310145,0.075639,-0.461899,0.126437,0.055050,0.537821,0.117277,0.131556,-0.218365,-0.037723,0.152036,-0.225580,0.287785,-0.804717,-0.358209,0.148162,-0.042278,-0.151053,0.508381,-0.265834,0.211712,-0.143176,-0.013368,-0.142126,-0.071568
0.006871,-2.232203,0.797152,0.004149,0.013807,-0.753725,0.657032,0.342206,-0.153922,0.153325,0.357494,0.335617,0.072108,-0.432427,0.126965,0.064990,0.428737,0.153505,0.173114,-0.221869,-0.042643,0.148256,-0.211576,0.281412,-0.802667,-0.370671,0.139211,-0.035924,-0.164967,0.519227,-0.267616,0.205281,-0.151927,0.004816,-0.144803,-0.066701
0.008132,-2.249196,0.797980,0.007712,0.009379,-0.754098,0.656649,0.347621,-0.180471,0.117191,0.367666,0.349348,0.074852,-0.399922,0.119498,0.070431,0.318889,0.188965,0.217333,-0.226711,-0.051557,0.144553,-0.196775,0.275413,-0.799875,-0.383471,0.129918,-0.030287,-0.177003,0.529083,-0.269283,0.199653,-0.161355,0.026486,-0.148172,-0.060861
0.009273,-2.265566,0.798061,0.012087,0.004038,-0.753839,0.656935,0.350642,-0.210755,0.075680,0.383177,0.355866,0.077023,-0.368205,0.106408,0.070390,0.217054,0.221871,0.257367,-0.231877,-0.063068,0.140949,-0.181923,0.269912,-0.796280,-0.395395,0.119997,-0.026227,-0.186235,0.536954,-0.270773,0.195065,-0.170529,0.047216,-0.151532,-0.055049
0.010092,-2.281310,0.797449,0.015607,-0.000129,-0.753682,0.657054,0.350139,-0.237225,0.036556,0.407006,0.355525,0.070574,-0.336928,0.095263,0.056997,0.123715,0.255386,0.261800,-0.235201,-0.072229,0.138406,-0.167769,0.265022,-0.791799,-0.405254,0.109162,-0.024653,-0.191733,0.541580,-0.272006,0.191731,-0.178253,0.062524,-0.154299,-0.050298
0.011029,-2.296774,0.796507,0.019033,-0.001744,-0.753771,0.656860,0.342200,-0.260446,-0.000114,0.439815,0.346472,0.051668,-0.339630,0.088483,0.031621,0.103451,0.256610,0.261800,-0.236124,-0.077123,0.134900,-0.155181,0.260775,-0.786619,-0.412689,0.097467,-0.026930,-0.192264,0.541945,-0.272836,0.189496,-0.183843,0.070634,-0.156747,-0.046735
0.012006,-2.312010,0.795279,0.022504,-0.001396,-0.754104,0.656367,0.326032,-0.282451,-0.035263,0.484232,0.326173,0.024922,-0.350051,0.083207,-0.001233,0.101475,0.252902,0.261800,-0.234701,-0.078836,0.130699,-0.143445,0.257372,-0.780711,-0.418570,0.084974,-0.032374,-0.188630,0.538322,-0.273202,0.188261,-0.187439,0.074045,-0.159169,-0.043822
0.012992,-2.327185,0.793776,0.025121,-0.000287,-0.754946,0.655306,0.305523,-0.301696,-0.063338,0.537969,0.299228,-0.003141,-0.356776,0.080302,-0.031779,0.100519,0.252631,0.261800,-0.230684,-0.078378,0.127715,-0.131440,0.254204,-0.773533,-0.422658,0.071502,-0.038848,-0.182981,0.531004,-0.273513,0.188219,-0.188681,0.074781,-0.161059,-0.041643
0.014107,-2.341954,0.791785,0.026105,0.000360,-0.756450,0.653530,0.285186,-0.316463,-0.080300,0.596690,0.271886,-0.026218,-0.356892,0.080754,-0.050839,0.100339,0.255406,0.261800,-0.223765,-0.076900,0.127986,-0.117370,0.252118,-0.765128,-0.426483,0.056678,-0.044159,-0.177050,0.520842,-0.273933,0.189054,-0.187936,0.074906,-0.161892,-0.040071
0.015239,-2.356725,0.789323,0.024993,0.000292,-0.758739,0.650915,0.266519,-0.326615,-0.086102,0.659183,0.246842,-0.042814,-0.348806,0.086042,-0.056963,0.100362,0.267617,0.261800,-0.215431,-0.074297,0.131796,-0.100820,0.248982,-0.753070,-0.428004,0.039004,-0.048662,-0.171883,0.506039,-0.275632,0.192810,-0.183331,0.074093,-0.161093,-0.039697
0.016363,-2.371719,0.786486,0.022225,0.000305,-0.761578,0.647692,0.247621,-0.332426,-0.083650,0.725881,0.221633,-0.056400,-0.334535,0.095580,-0.055206,0.100867,0.287210,0.261800,-0.204996,-0.069329,0.138345,-0.082526,0.245690,-0.739126,-0.428330,0.019113,-0.053281,-0.165898,0.488024,-0.278395,0.198086,-0.176617,0.071898,-0.159079,-0.040182
0.017570,-2.386850,0.783202,0.018349,0.000702,-0.764538,0.644317,0.228350,-0.332471,-0.074283,0.794429,0.195406,-0.068170,-0.316624,0.107226,-0.045765,0.103029,0.301367,0.261800,-0.193436,-0.061796,0.146350,-0.063335,0.242290,-0.723699,-0.427687,0.000245,-0.056612,-0.159300,0.467678,-0.282070,0.204713,-0.168742,0.069811,-0.156757,-0.041546
0.019020,-2.402218,0.779506,0.014094,0.001506,-0.767199,0.641252,0.208648,-0.325746,-0.059134,0.862678,0.167354,-0.078806,-0.328137,0.117355,-0.031530,0.172249,0.263869,0.261800,-0.181506,-0.052224,0.154487,-0.044273,0.238737,-0.707567,-0.426128,-0.014369,-0.057186,-0.152136,0.446306,-0.286550,0.212165,-0.161074,0.069379,-0.155023,-0.043778
0.020237,-2.417331,0.775465,0.007746,0.003576,-0.769987,0.638003,0.190700,-0.306740,-0.037114,0.933319,0.133885,-0.090509,-0.340653,0.132776,-0.017717,0.252986,0.197362,0.209562,-0.167748,-0.037614,0.164539,-0.025266,0.235009,-0.690888,-0.423931,-0.024877,-0.053754,-0.144403,0.424468,-0.291798,0.220300,-0.153936,0.071344,-0.154152,-0.046698
0.021396,-2.432334,0.770837,0.000123,0.005480,-0.772637,0.634824,0.176195,-0.279608,-0.009725,1.004036,0.098426,-0.101390,-0.354418,0.152850,0.001393,0.347159,0.109961,0.120300,-0.153299,-0.021251,0.176394,-0.005847,0.231104,-0.673313,-0.421041,-0.032749,-0.047313,-0.136033,0.401632,-0.297720,0.229554,-0.146864,0.074774,-0.153635,-0.050395
0.022603,-2.447391,0.765589,-0.007003,0.006246,-0.774647,0.632325,0.162718,-0.249481,0.019619,1.073474,0.063940,-0.108397,-0.366482,0.173969,0.023021,0.442276,0.019479,0.031115,-0.139612,-0.006935,0.188266,0.013514,0.227155,-0.655027,-0.416829,-0.036725,-0.039625,-0.127074,0.378090,-0.304000,0.240071,-0.140675,0.078635,-0.153155,-0.055276
0.023542,-2.462262,0.760170,-0.012687,0.006284,-0.775832,0.630780,0.146372,-0.217982,0.047807,1.142534,0.031439,-0.109356,-0.373082,0.191550,0.037397,0.523114,-0.058123,-0.032607,-0.127083,0.004641,0.198547,0.032345,0.223353,-0.636284,-0.410761,-0.035521,-0.032461,-0.117568,0.353915,-0.310156,0.251833,-0.135981,0.081856,-0.152420,-0.061694
0.024272,-2.476930,0.754584,-0.016926,0.006374,-0.776285,0.630122,0.125613,-0.182069,0.075470,1.214050,-0.000434,-0.103523,-0.375693,0.201331,0.037723,0.590257,-0.124851,-0.061962,-0.115006,0.014768,0.206445,0.049944,0.219916,-0.617476,-0.402143,-0.029511,-0.025773,-0.107479,0.329307,-0.315856,0.264574,-0.133197,0.083842,-0.151435,-0.070383
0.024908,-2.491497,0.748831,-0.020499,0.006838,-0.776240,0.630067,0.102368,-0.139752,0.103060,1.287891,-0.032727,-0.092239,-0.376679,0.204869,0.028793,0.652183,-0.190042,-0.071777,-0.102734,0.024880,0.212882,0.066776,0.216887,-0.598494,-0.391572,-0.019214,-0.018700,-0.096797,0.303930,-0.321012,0.278108,-0.131697,0.085130,-0.150356,-0.080847
0.025470,-2.505882,0.743112,-0.023743,0.007641,-0.775769,0.630523,0.077184,-0.093971,0.127439,1.360630,-0.064140,-0.076687,-0.374807,0.204775,0.016700,0.707222,-0.251635,-0.072715,-0.090529,0.034959,0.218776,0.084061,0.214077,-0.578888,-0.380289,-0.003509,-0.011750,-0.085635,0.277104,-0.325584,0.292406,-0.130600,0.086327,-0.149126,-0.091599
0.025733,-2.519797,0.737749,-0.026907,0.008596,-0.774910,0.631440,0.050122,-0.048304,0.145934,1.428697,-0.093196,-0.058120,-0.368333,0.205275,0.008090,0.752322,-0.306809,-0.075178,-0.078761,0.044739,0.225055,0.102922,0.211128,-0.558233,-0.369337,0.018764,-0.005383,-0.074127,0.248233,-0.329527,0.307479,-0.129103,0.088064,-0.147690,-0.101179
0.025897,-2.533669,0.733117,-0.030042,0.009838,-0.773545,0.632952,0.019666,-0.002087,0.157783,1.493080,-0.119268,-0.035378,-0.356594,0.208442,0.004124,0.785326,-0.354412,-0.080377,-0.067446,0.054302,0.231929,0.122948,0.207670,-0.536398,-0.356898,0.051038,0.000083,-0.061604,0.216946,-0.332648,0.323378,-0.127289,0.090543,-0.145341,-0.109747
0.026013,-2.547554,0.729198,-0.033034,0.011453,-0.771693,0.635034,-0.014558,0.045805,0.164092,1.555048,-0.143285,-0.008281,-0.340735,0.212107,0.000986,0.808393,-0.396004,-0.083276,-0.056261,0.063852,0.238810,0.143377,0.203556,-0.513773,-0.342428,0.091730,0.005296,-0.048347,0.183860,-0.334786,0.339766,-0.125722,0.093412,-0.142343,-0.117937
0.026008,-2.561521,0.725951,-0.035826,0.013061,-0.769564,0.637431,-0.051230,0.091902,0.165630,1.611410,-0.165806,0.020211,-0.321481,0.215158,-0.001674,0.824139,-0.432646,-0.084858,-0.045181,0.073055,0.245454,0.164928,0.198779,-0.490765,-0.329025,0.134486,0.011071,-0.035869,0.149814,-0.336027,0.356191,-0.124219,0.096488,-0.140090,-0.124981
0.025947,-2.575464,0.723263,-0.038375,0.014285,-0.767374,0.639892,-0.088955,0.132649,0.163674,1.659097,-0.187247,0.047026,-0.299530,0.216432,-0.004133,0.835153,-0.465398,-0.086130,-0.034304,0.081532,0.251680,0.188567,0.193406,-0.467738,-0.320059,0.172910,0.017918,-0.025645,0.115518,-0.336654,0.372504,-0.122496,0.099633,-0.139972,-0.130103
0.026071,-2.589465,0.721099,-0.040803,0.015126,-0.765085,0.642457,-0.128956,0.167372,0.157830,1.698555,-0.207703,0.073004,-0.274641,0.215820,-0.007147,0.841378,-0.494745,-0.087412,-0.023964,0.089450,0.257918,0.215550,0.187286,-0.444383,-0.317142,0.209896,0.026955,-0.017625,0.080247,-0.336902,0.389089,-0.120178,0.103987,-0.142952,-0.132803
0.026464,-2.603527,0.719466,-0.043077,0.015728,-0.762611,0.645229,-0.172113,0.197277,0.148180,1.731095,-0.226680,0.099110,-0.246613,0.214081,-0.010574,0.841659,-0.520048,-0.088264,-0.014019,0.096929,0.264152,0.245091,0.180243,-0.420854,-0.318276,0.247306,0.037417,-0.011254,0.044089,-0.336760,0.405991,-0.117726,0.109345,-0.148077,-0.133612
0.027147,-2.617697,0.718450,-0.044908,0.015901,-0.760105,0.648052,-0.216056,0.221810,0.137296,1.755031,-0.243611,0.122374,-0.216160,0.211149,-0.013227,0.836927,-0.540639,-0.088462,-0.003934,0.103457,0.269587,0.275270,0.172424,-0.398105,-0.321677,0.277231,0.046680,-0.006968,0.008747,-0.336190,0.422781,-0.115788,0.113520,-0.153860,-0.133286
0.027790,-2.632020,0.718173,-0.046000,0.015437,-0.757726,0.650767,-0.258091,0.240803,0.127970,1.768739,-0.257984,0.139895,-0.184016,0.206729,-0.013857,0.828196,-0.555897,-0.087643,0.006788,0.108497,0.273497,0.304398,0.164289,-0.376913,-0.325981,0.291756,0.052052,-0.004928,-0.024156,-0.335198,0.439062,-0.114937,0.114274,-0.158827,-0.132573
0.028359,-2.646642,0.718661,-0.046338,0.014030,-0.755566,0.653281,-0.297350,0.253978,0.121529,1.771473,-0.270160,0.150381,-0.149471,0.200178,-0.011648,0.815044,-0.566366,-0.085217,0.018350,0.111638,0.276242,0.332904,0.156254,-0.357087,-0.332277,0.285148,0.051916,-0.005828,-0.054783,-0.333820,0.454811,-0.115058,0.110324,-0.162622,-0.131330
0.028962,-2.661477,0.719818,-0.046058,0.011845,-0.753529,0.655692,-0.334809,0.261643,0.117185,1.764223,-0.280159,0.155450,-0.112558,0.191533,-0.007554,0.797313,-0.572219,-0.081378,0.030475,0.113110,0.278199,0.361846,0.148421,-0.338357,-0.341365,0.262739,0.047975,-0.009212,-0.083848,-0.332143,0.470341,-0.115841,0.103083,-0.166043,-0.129250
0.029598,-2.676617,0.721570,-0.045111,0.009415,-0.751499,0.658123,-0.370443,0.264754,0.114504,1.747988,-0.286956,0.156573,-0.075021,0.181457,-0.002875,0.776259,-0.572196,-0.076871,0.042835,0.113348,0.278711,0.390508,0.140870,-0.321119,-0.351670,0.233235,0.042510,-0.013478,-0.110603,-0.330304,0.485809,-0.117559,0.094350,-0.169357,-0.126865
0.030253,-2.691924,0.723885,-0.043450,0.007282,-0.749356,0.660701,-0.404283,0.264222,0.112731,1.723769,-0.289598,0.155088,-0.038572,0.170776,0.001169,0.753204,-0.565079,-0.072520,0.055106,0.112801,0.277112,0.418044,0.133718,-0.305701,-0.361441,0.205403,0.037674,-0.016860,-0.134287,-0.328470,0.501283,-0.120578,0.085961,-0.172802,-0.124707
0.030910,-2.707542,0.726756,-0.041001,0.005531,-0.747186,0.663326,-0.436317,0.260248,0.112296,1.691318,-0.287888,0.150311,-0.003137,0.159863,0.005338,0.727645,-0.550756,-0.068241,0.067495,0.111473,0.273174,0.444822,0.127151,-0.292000,-0.371191,0.178473,0.033660,-0.019069,-0.154888,-0.326832,0.517027,-0.125348,0.076330,-0.176358,-0.123645
0.031404,-2.723396,0.730136,-0.037815,0.003891,-0.745008,0.665972,-0.466098,0.252517,0.113511,1.650154,-0.282457,0.141811,0.031858,0.148327,0.009892,0.699371,-0.529902,-0.063743,0.080043,0.109106,0.267418,0.471162,0.121281,-0.279751,-0.381677,0.148778,0.029447,-0.021024,-0.172638,-0.325477,0.532936,-0.131783,0.065230,-0.179914,-0.123184
0.031863,-2.739512,0.733981,-0.034064,0.002403,-0.742593,0.668872,-0.493145,0.241178,0.115254,1.600915,-0.273655,0.131456,0.065506,0.136055,0.012902,0.670181,-0.502487,-0.059687,0.092126,0.105730,0.260243,0.496089,0.116129,-0.268920,-0.391580,0.120835,0.025207,-0.022580,-0.187276,-0.324412,0.548518,-0.139286,0.056465,-0.183577,-0.121762
0.032283,-2.755853,0.738142,-0.029880,0.001067,-0.739711,0.672260,-0.517012,0.226284,0.116352,1.544219,-0.261800,0.121075,0.097010,0.123015,0.012427,0.641893,-0.468496,-0.056818,0.103119,0.101436,0.252014,0.518530,0.111665,-0.259476,-0.399494,0.099191,0.021089,-0.023543,-0.198576,-0.323600,0.563247,-0.147204,0.053831,-0.187462,-0.117795
0.032745,-2.772460,0.742629,-0.025187,-0.000130,-0.736150,0.676350,-0.537958,0.206625,0.116099,1.479576,-0.247261,0.112087,0.126781,0.108993,0.007830,0.613951,-0.426935,-0.055063,0.112644,0.096046,0.242606,0.538152,0.107919,-0.251466,-0.404812,0.085409,0.016873,-0.023404,-0.206410,-0.323105,0.577017,-0.155580,0.060511,-0.191933,-0.110146
0.033236,-2.789302,0.747327,-0.019980,-0.001185,-0.732049,0.680958,-0.555696,0.182742,0.114946,1.406695,-0.229958,0.103265,0.154943,0.094474,0.000129,0.586244,-0.378412,-0.054427,0.121004,0.089645,0.231950,0.555499,0.104983,-0.244721,-0.408332,0.076985,0.012515,-0.022358,-0.211005,-0.323022,0.590084,-0.164667,0.073788,-0.196683,-0.099823
0.033828,-2.806376,0.752135,-0.014566,-0.001980,-0.727702,0.685736,-0.569072,0.157197,0.113478,1.326131,-0.209451,0.092476,0.180310,0.080322,-0.010172,0.561294,-0.325258,-0.055757,0.128568,0.082705,0.220450,0.570858,0.102899,-0.238874,-0.410819,0.072398,0.008439,-0.021224,-0.212777,-0.323328,0.602499,-0.173932,0.088547,-0.200906,-0.088453
0.034451,-2.823618,0.756983,-0.009183,-0.002455,-0.723419,0.690343,-0.577149,0.132351,0.112263,1.238234,-0.185046,0.077468,0.201799,0.067138,-0.022592,0.541390,-0.269562,-0.059806,0.135700,0.075635,0.208469,0.584510,0.101669,-0.233553,-0.412956,0.070126,0.005080,-0.020844,-0.212205,-0.323919,0.614338,-0.182760,0.099627,-0.203917,-0.077733
0.035054,-2.841101,0.761751,-0.003283,-0.002481,-0.719102,0.694892,-0.580051,0.107334,0.111371,1.139467,-0.155570,0.057918,0.217795,0.053563,-0.039137,0.527649,-0.209241,-0.068108,0.142776,0.067638,0.194981,0.596015,0.101525,-0.229071,-0.414223,0.071350,0.002603,-0.021612,-0.209003,-0.324573,0.624926,-0.190624,0.105728,-0.205586,-0.067603
0.035688,-2.858727,0.766341,0.003063,-0.002146,-0.714645,0.699477,-0.577746,0.081168,0.110030,1.029720,-0.121217,0.034824,0.229448,0.039369,-0.059566,0.518783,-0.143953,-0.079847,0.148279,0.058692,0.180299,0.606230,0.101999,-0.224266,-0.415197,0.076092,0.000701,-0.023294,-0.203765,-0.325619,0.636118,-0.197858,0.109662,-0.206398,-0.058003
0.036304,-2.876657,0.770686,0.008572,-0.001582,-0.710384,0.703760,-0.569587,0.056216,0.107441,0.914667,-0.083534,0.008048,0.239530,0.026956,-0.079956,0.513876,-0.078576,-0.092193,0.153535,0.050877,0.166177,0.614646,0.103253,-0.220321,-0.415791,0.082075,-0.000709,-0.024857,-0.196449,-0.326752,0.646350,-0.204812,0.111887,-0.206431,-0.048480
0.036956,-2.894791,0.774627,0.012043,-0.000993,-0.706680,0.707430,-0.555130,0.034941,0.102971,0.799910,-0.043981,-0.022400,0.251065,0.018900,-0.096111,0.511133,-0.017633,-0.102365,0.158589,0.045684,0.154663,0.622179,0.105620,-0.216909,-0.417388,0.086306,-0.001745,-0.025532,-0.187555,-0.328050,0.656192,-0.212251,0.113059,-0.205888,-0.039536
0.037632,-2.912954,0.778055,0.012795,-0.000490,-0.703636,0.710446,-0.531837,0.018187,0.095538,0.680934,-0.000064,-0.057611,0.266604,0.015681,-0.109093,0.507802,0.041054,-0.109893,0.163981,0.044161,0.146246,0.629067,0.108998,-0.214172,-0.419769,0.088761,-0.002340,-0.025328,-0.176784,-0.329177,0.665607,-0.219877,0.111998,-0.204405,-0.031265
0.038221,-2.931300,0.781020,0.011386,0.000152,-0.701161,0.712912,-0.499995,0.005631,0.084920,0.554494,0.048926,-0.097023,0.284628,0.016567,-0.120055,0.504226,0.099708,-0.116433,0.169584,0.045679,0.139888,0.635211,0.113421,-0.211963,-0.422771,0.090621,-0.002454,-0.024598,-0.164212,-0.330116,0.674695,-0.227297,0.108773,-0.202074,-0.023533
0.038587,-2.949825,0.783414,0.008430,0.001268,-0.699377,0.714702,-0.463961,-0.001725,0.072438,0.429182,0.098503,-0.138267,0.302157,0.022737,-0.124548,0.502713,0.154060,-0.122179,0.175307,0.049819,0.135066,0.639947,0.118701,-0.210466,-0.426592,0.091436,-0.002215,-0.023036,-0.150969,-0.330842,0.683063,-0.234339,0.105800,-0.199633,-0.015811
0.038728,-2.968250,0.785100,0.004557,0.003227,-0.698415,0.715671,-0.429204,-0.003208,0.060211,0.316015,0.143266,-0.179241,0.316149,0.035373,-0.118034,0.505601,0.199730,-0.126955,0.181053,0.056204,0.131190,0.642581,0.124517,-0.209855,-0.431414,0.090810,-0.001752,-0.020363,-0.138244,-0.331332,0.690384,-0.240690,0.105496,-0.197778,-0.007582
0.038762,-2.986429,0.786148,-0.000565,0.006630,-0.698534,0.715546,-0.396874,0.002636,0.049082,0.216057,0.182166,-0.224029,0.325334,0.056920,-0.097182,0.514268,0.235189,-0.131916,0.187179,0.066098,0.127836,0.643250,0.130616,-0.210250,-0.437706,0.087998,-0.000727,-0.015920,-0.126532,-0.331546,0.696967,-0.246549,0.109310,-0.196549,0.002048
0.039085,-3.003964,0.786446,-0.006787,0.010723,-0.699405,0.714613,-0.361125,0.013119,0.041852,0.117130,0.221592,-0.261800,0.331202,0.084830,-0.065141,0.529500,0.261786,-0.135480,0.193066,0.078483,0.125615,0.642265,0.136936,-0.211480,-0.445241,0.083530,0.000782,-0.010110,-0.115310,-0.331485,0.703049,-0.251771,0.115678,-0.195542,0.012556
0.040005,-3.020814,0.786055,-0.011935,0.013337,-0.700022,0.713897,-0.361165,0.020497,0.044150,0.103429,0.218864,-0.261800,0.333798,0.111181,-0.027746,0.554203,0.278073,-0.132491,0.196411,0.087787,0.125580,0.638884,0.143474,-0.213292,-0.452638,0.078897,0.002025,-0.004242,-0.104148,-0.331155,0.708137,-0.255772,0.122589,-0.194827,0.022287
0.040802,-3.037204,0.785449,-0.015513,0.014871,-0.700140,0.713682,-0.363041,0.024703,0.045545,0.101451,0.214618,-0.261800,0.334032,0.135694,0.010014,0.583635,0.287540,-0.120802,0.197092,0.093113,0.126520,0.631629,0.150344,-0.215246,-0.457912,0.075547,0.002228,0.000330,-0.092676,-0.330405,0.711655,-0.257913,0.128038,-0.194617,0.029523
0.041458,-3.053338,0.784663,-0.016270,0.014597,-0.699645,0.714156,-0.361244,0.022639,0.049814,0.099725,0.216688,-0.261800,0.330748,0.157775,0.050469,0.619848,0.286757,-0.095302,0.194309,0.091806,0.128590,0.619641,0.156786,-0.217282,-0.460511,0.074148,0.000864,0.002966,-0.081314,-0.329192,0.713687,-0.257674,0.132092,-0.195579,0.034120
0.041880,-3.069313,0.783508,-0.015398,0.013497,-0.698716,0.715106,-0.356897,0.017587,0.056144,0.099917,0.223062,-0.261800,0.323949,0.181357,0.094087,0.663786,0.274664,-0.059051,0.188652,0.086717,0.131363,0.603655,0.163416,-0.219660,-0.461443,0.073617,-0.001532,0.004576,-0.070047,-0.327356,0.714316,-0.255438,0.135620,-0.197458,0.036897
0.042065,-3.085029,0.781780,-0.013619,0.011534,-0.697158,0.716695,-0.349839,0.010212,0.059765,0.101677,0.230869,-0.261800,0.314769,0.203501,0.132681,0.714385,0.254779,-0.020010,0.180673,0.078367,0.135025,0.584563,0.171826,-0.222606,-0.460693,0.073134,-0.004176,0.006062,-0.058125,-0.324304,0.713113,-0.251526,0.137760,-0.199151,0.037597
0.041906,-3.100543,0.779548,-0.011495,0.008525,-0.694843,0.719019,-0.339729,0.000495,0.056165,0.104164,0.237599,-0.261800,0.304132,0.220374,0.159112,0.769517,0.232316,0.013952,0.169974,0.067624,0.139885,0.562692,0.180847,-0.225784,-0.457125,0.072866,-0.006377,0.007566,-0.045390,-0.320404,0.710848,-0.246122,0.137792,-0.199505,0.035771
0.041309,-3.116097,0.776921,-0.009464,0.004516,-0.691531,0.722270,-0.342986,-0.011055,0.040604,0.143242,0.229045,-0.261800,0.292633,0.233212,0.173026,0.827915,0.210100,0.041883,0.156391,0.054975,0.146396,0.537475,0.190938,-0.229372,-0.450241,0.072489,-0.008283,0.009108,-0.031235,-0.315444,0.707093,-0.239242,0.135304,-0.198089,0.030663
0.040448,-3.131648,0.773803,-0.008035,0.000034,-0.687615,0.726031,-0.368360,-0.024564,0.016326,0.237909,0.196323,-0.261800,0.280507,0.245173,0.178433,0.889152,0.186465,0.067026,0.140914,0.041957,0.154272,0.509260,0.202182,-0.233890,-0.440879,0.072097,-0.010123,0.010593,-0.015963,-0.309389,0.701745,-0.230789,0.130789,-0.195475,0.022768
0.040244,-3.146997,0.770233,-0.006540,-0.005903,-0.683413,0.729979,-0.384078,-0.044206,0.001984,0.320933,0.166027,-0.224485,0.268270,0.250147,0.175354,0.953969,0.158624,0.089246,0.124149,0.027033,0.163637,0.480001,0.214231,-0.239846,-0.430467,0.071951,-0.011268,0.012379,-0.000175,-0.302708,0.695351,-0.221253,0.124829,-0.192027,0.013581
0.040516,-3.161923,0.766413,-0.005686,-0.011595,-0.679986,0.733112,-0.393851,-0.062262,-0.004954,0.396391,0.125308,-0.181467,0.254730,0.248078,0.164251,1.019199,0.128663,0.105555,0.108600,0.013365,0.172197,0.450672,0.226570,-0.247210,-0.419586,0.072385,-0.011185,0.014651,0.015490,-0.296037,0.688574,-0.211350,0.118065,-0.188246,0.004421
0.040782,-3.177385,0.761754,-0.005112,-0.017339,-0.677234,0.735545,-0.398967,-0.077912,-0.006853,0.468914,0.063191,-0.137775,0.240399,0.235484,0.143642,1.085404,0.095886,0.115838,0.093958,-0.000021,0.179797,0.421329,0.238839,-0.255743,-0.407976,0.074271,-0.009518,0.017046,0.031429,-0.289890,0.681620,-0.201904,0.110068,-0.183508,-0.005136
0.041179,-3.192843,0.756730,-0.004609,-0.023427,-0.674816,0.737599,-0.401161,-0.093268,-0.007474,0.542419,-0.015787,-0.091185,0.225706,0.212988,0.114862,1.153040,0.060975,0.120537,0.079459,-0.013828,0.187035,0.390976,0.250911,-0.265496,-0.395016,0.077261,-0.006660,0.019459,0.048133,-0.284458,0.674173,-0.193052,0.100860,-0.177803,-0.015615
0.041905,-3.208199,0.751587,-0.003947,-0.029321,-0.672976,0.739073,-0.400322,-0.108424,-0.006835,0.610891,-0.097163,-0.047714,0.209033,0.182752,0.082265,1.221029,0.025774,0.118639,0.065474,-0.027634,0.193437,0.359285,0.262630,-0.276656,-0.381117,0.079898,-0.003204,0.022472,0.065083,-0.279802,0.666143,-0.184358,0.091673,-0.172563,-0.025874
0.042889,-3.223489,0.746386,-0.002874,-0.034496,-0.671959,0.739779,-0.396528,-0.122500,-0.003504,0.668613,-0.166585,-0.013162,0.188455,0.147050,0.050052,1.288257,-0.007963,0.109030,0.052280,-0.040969,0.198538,0.326026,0.273822,-0.289283,-0.366794,0.080751,0.000253,0.026679,0.081586,-0.275895,0.657483,-0.175128,0.083672,-0.169291,-0.034792
0.044004,-3.238517,0.741329,-0.000946,-0.038965,-0.671855,0.739656,-0.390205,-0.134354,0.005731,0.714971,-0.221843,0.010457,0.163110,0.101881,0.017462,1.356465,-0.041129,0.089010,0.039568,-0.054523,0.201817,0.290644,0.284366,-0.303643,-0.351420,0.077846,0.003958,0.033622,0.097055,-0.272772,0.648586,-0.164564,0.078505,-0.169135,-0.041967
0.045201,-3.253298,0.736764,0.001797,-0.043096,-0.672466,0.738870,-0.381382,-0.143605,0.019637,0.753783,-0.271218,0.026518,0.134945,0.046323,-0.015398,1.425670,-0.075047,0.059821,0.027016,-0.068724,0.203658,0.253489,0.294181,-0.319314,-0.335185,0.072495,0.008040,0.042525,0.111939,-0.270455,0.639416,-0.153229,0.075070,-0.171096,-0.048077
0.046573,-3.267955,0.733008,0.004751,-0.046787,-0.673648,0.737554,-0.369702,-0.150475,0.034003,0.785703,-0.315595,0.037495,0.105056,-0.011752,-0.043935,1.492138,-0.108363,0.026580,0.014901,-0.082430,0.204979,0.215776,0.303173,-0.335340,-0.319861,0.068244,0.011771,0.050486,0.127065,-0.268791,0.629329,-0.142355,0.070370,-0.173441,-0.053637
0.048041,-3.282452,0.730004,0.007242,-0.049873,-0.675293,0.735826,-0.355090,-0.155853,0.044837,0.811094,-0.355477,0.045906,0.073503,-0.063741,-0.064755,1.552132,-0.139011,-0.005509,0.003589,-0.094293,0.206678,0.178662,0.311258,-0.350921,-0.306991,0.068661,0.014511,0.054567,0.143208,-0.267486,0.617678,-0.133039,0.061406,-0.174388,-0.059149
0.049424,-3.296739,0.727543,0.009164,-0.052247,-0.677388,0.733711,-0.337675,-0.160463,0.051586,0.829246,-0.390293,0.051521,0.038495,-0.108763,-0.078141,1.606028,-0.166091,-0.037197,-0.006773,-0.103814,0.209141,0.141362,0.318502,-0.366478,-0.295876,0.076180,0.016240,0.053731,0.160660,-0.266245,0.603762,-0.124813,0.045049,-0.173337,-0.064769
0.050626,-3.310850,0.725581,0.010836,-0.053990,-0.680000,0.731142,-0.317701,-0.164047,0.056980,0.840225,-0.419737,0.053458,-0.000628,-0.150323,-0.086080,1.655396,-0.190684,-0.070605,-0.016377,-0.111716,0.211833,0.103649,0.324873,-0.382325,-0.285972,0.088392,0.017238,0.049638,0.178838,-0.264943,0.588092,-0.116997,0.023642,-0.171209,-0.070152
0.051582,-3.324946,0.724149,0.012181,-0.055164,-0.683156,0.728084,-0.295393,-0.166243,0.061930,0.845366,-0.444574,0.053315,-0.042599,-0.185861,-0.088749,1.698207,-0.212750,-0.102380,-0.025411,-0.118259,0.214235,0.067548,0.330101,-0.397429,-0.278897,0.101731,0.017332,0.043324,0.197119,-0.263547,0.571983,-0.110279,0.002406,-0.168536,-0.075085
0.052387,-3.339046,0.723277,0.013121,-0.055836,-0.686888,0.724496,-0.270920,-0.166587,0.067172,0.846038,-0.465632,0.052611,-0.085968,-0.212758,-0.086653,1.732418,-0.231943,-0.129058,-0.034146,-0.123602,0.215768,0.035000,0.333907,-0.410536,-0.275979,0.112751,0.016385,0.035750,0.214770,-0.262133,0.556835,-0.105203,-0.013467,-0.165903,-0.079427
0.053134,-3.353125,0.722905,0.013569,-0.055943,-0.691474,0.720105,-0.244070,-0.164410,0.073315,0.842256,-0.483812,0.051167,-0.132051,-0.229183,-0.079155,1.758194,-0.247873,-0.150351,-0.042309,-0.127478,0.216325,0.006611,0.336130,-0.420441,-0.278096,0.122518,0.013955,0.025539,0.231551,-0.260771,0.543027,-0.101949,-0.023540,-0.163050,-0.083539
0.053922,-3.367276,0.723161,0.013557,-0.055458,-0.696798,0.714992,-0.214820,-0.160222,0.080085,0.833410,-0.498465,0.048426,-0.181223,-0.236241,-0.067373,1.776326,-0.260102,-0.167772,-0.049934,-0.129722,0.216159,-0.018917,0.336887,-0.427908,-0.283771,0.132340,0.010160,0.012653,0.247796,-0.259495,0.529881,-0.100081,-0.030292,-0.159839,-0.087428
0.054801,-3.381623,0.724104,0.013193,-0.054526,-0.702297,0.709670,-0.183598,-0.155235,0.086681,0.819985,-0.508084,0.045217,-0.230283,-0.236079,-0.054516,1.785809,-0.268216,-0.180499,-0.057646,-0.130632,0.215277,-0.042457,0.336435,-0.434739,-0.291103,0.139161,0.005870,0.000077,0.263840,-0.258350,0.517109,-0.099462,-0.032904,-0.157090,-0.090465
0.055541,-3.396226,0.725765,0.012576,-0.053275,-0.707423,0.704668,-0.150841,-0.150532,0.092164,0.802520,-0.511197,0.042279,-0.275978,-0.231257,-0.043629,1.785686,-0.272031,-0.187812,-0.066082,-0.130545,0.213724,-0.064711,0.335082,-0.442715,-0.298408,0.139903,0.002083,-0.009211,0.280035,-0.257374,0.504435,-0.100004,-0.030558,-0.155629,-0.092015
0.056160,-3.411144,0.728064,0.011686,-0.051673,-0.712194,0.699981,-0.115966,-0.146146,0.096233,0.780033,-0.507828,0.039580,-0.318138,-0.221540,-0.034930,1.775192,-0.270827,-0.188457,-0.075326,-0.129453,0.211509,-0.085565,0.333008,-0.452074,-0.306173,0.131736,-0.000858,-0.014079,0.296466,-0.256612,0.491691,-0.102199,-0.020541,-0.156030,-0.090928
0.056740,-3.426251,0.730903,0.010482,-0.049693,-0.716840,0.695386,-0.078965,-0.141539,0.099389,0.752667,-0.498655,0.036709,-0.357734,-0.206210,-0.027200,1.754951,-0.265040,-0.183044,-0.084981,-0.127265,0.208760,-0.104622,0.330272,-0.461995,-0.315213,0.116926,-0.003410,-0.016199,0.313117,-0.256058,0.478959,-0.106124,-0.004096,-0.157710,-0.087826
0.057356,-3.441537,0.734239,0.009060,-0.047493,-0.721146,0.691094,-0.041142,-0.136882,0.101801,0.722636,-0.483189,0.033845,-0.393374,-0.187428,-0.021058,1.726070,-0.256362,-0.173843,-0.094991,-0.124219,0.205659,-0.121988,0.326977,-0.472611,-0.324641,0.100058,-0.005749,-0.016814,0.330102,-0.255666,0.466362,-0.110970,0.013625,-0.159788,-0.084742
0.057942,-3.457003,0.737960,0.007519,-0.045222,-0.724907,0.687319,-0.003824,-0.132349,0.103630,0.692166,-0.460939,0.031246,-0.423864,-0.167404,-0.016892,1.689694,-0.246468,-0.163123,-0.105258,-0.120569,0.202376,-0.137780,0.323222,-0.484105,-0.333489,0.085703,-0.008043,-0.017145,0.347489,-0.255345,0.453959,-0.115890,0.027445,-0.161481,-0.083742
0.058476,-3.472679,0.742050,0.005758,-0.042981,-0.727982,0.684224,0.033456,-0.128243,0.104085,0.660967,-0.431481,0.029117,-0.448563,-0.146540,-0.014788,1.645481,-0.236519,-0.151129,-0.116086,-0.116346,0.199215,-0.151969,0.319066,-0.496801,-0.341884,0.074705,-0.010168,-0.016662,0.365492,-0.255004,0.441773,-0.120876,0.036245,-0.162706,-0.086071
0.058942,-3.488688,0.746469,0.003790,-0.040698,-0.730524,0.681662,0.070991,-0.124400,0.103364,0.628389,-0.395310,0.027400,-0.468188,-0.124291,-0.013928,1.593022,-0.225734,-0.136988,-0.127374,-0.111533,0.196049,-0.164408,0.314540,-0.510510,-0.350304,0.064736,-0.012120,-0.014980,0.383929,-0.254613,0.429721,-0.126210,0.042654,-0.163889,-0.090390
0.059243,-3.504827,0.751115,0.001893,-0.038266,-0.732781,0.679385,0.107167,-0.120353,0.103136,0.596233,-0.353350,0.026038,-0.483695,-0.101321,-0.013341,1.533327,-0.212824,-0.121263,-0.138443,-0.106238,0.192378,-0.174994,0.309689,-0.524611,-0.358399,0.055601,-0.014203,-0.013536,0.402244,-0.254156,0.417786,-0.131509,0.047146,-0.165057,-0.094949
0.059504,-3.521182,0.755909,0.000350,-0.035586,-0.734994,0.677139,0.140427,-0.115693,0.105082,0.566225,-0.306396,0.024957,-0.496001,-0.078112,-0.012154,1.467291,-0.196399,-0.104420,-0.148613,-0.100547,0.187679,-0.183662,0.304579,-0.538464,-0.365802,0.047093,-0.016693,-0.013777,0.419883,-0.253635,0.405968,-0.136369,0.050183,-0.166211,-0.097999
0.059744,-3.537718,0.760728,-0.000819,-0.032427,-0.737217,0.674877,0.170201,-0.109762,0.110584,0.538817,-0.252880,0.024943,-0.505322,-0.054085,-0.010029,1.394069,-0.176533,-0.086946,-0.157840,-0.094168,0.181590,-0.190263,0.299278,-0.552186,-0.372313,0.038723,-0.020018,-0.015738,0.436961,-0.253013,0.394142,-0.140808,0.051381,-0.167216,-0.099079
0.059958,-3.554498,0.765569,-0.001728,-0.028950,-0.739337,0.672710,0.197247,-0.103134,0.118526,0.513489,-0.193101,0.025836,-0.511058,-0.029575,-0.006892,1.313398,-0.153947,-0.068693,-0.166355,-0.087239,0.174487,-0.194838,0.293837,-0.566029,-0.378202,0.030729,-0.023886,-0.018774,0.453631,-0.252289,0.382348,-0.144943,0.050648,-0.168101,-0.099123
0.059963,-3.571287,0.770287,-0.002317,-0.025617,-0.741348,0.670628,0.222097,-0.097203,0.126662,0.490276,-0.130417,0.026046,-0.512871,-0.006158,-0.002426,1.226651,-0.128149,-0.049004,-0.173925,-0.080436,0.166922,-0.197668,0.288305,-0.579542,-0.383770,0.023987,-0.027474,-0.023305,0.469414,-0.251578,0.370840,-0.148558,0.048889,-0.169114,-0.098473
0.059891,-3.588046,0.774765,-0.002576,-0.022814,-0.743237,0.668634,0.245463,-0.093336,0.132515,0.468725,-0.067938,0.023911,-0.510505,0.014769,0.003563,1.134975,-0.098524,-0.027152,-0.180404,-0.074381,0.159423,-0.199002,0.282736,-0.592220,-0.389401,0.019393,-0.029968,-0.029750,0.483846,-0.251091,0.359904,-0.151517,0.047051,-0.170504,-0.097481
0.059833,-3.604938,0.778972,-0.002458,-0.020241,-0.745022,0.666729,0.267101,-0.091039,0.136015,0.447857,-0.003290,0.018276,-0.503619,0.034378,0.012296,1.034924,-0.061973,-0.002705,-0.185966,-0.068527,0.151535,-0.198768,0.277198,-0.603962,-0.395175,0.017262,-0.031127,-0.038782,0.497051,-0.251004,0.349534,-0.153775,0.045020,-0.172625,-0.096175
0.059847,-3.622062,0.782797,-0.001978,-0.017830,-0.746694,0.664926,0.286988,-0.090018,0.137683,0.427704,0.064487,0.009886,-0.492186,0.052514,0.023919,0.926352,-0.019657,0.023752,-0.190701,-0.062808,0.143156,-0.196838,0.271750,-0.614957,-0.401049,0.017093,-0.031413,-0.049986,0.509281,-0.251394,0.339614,-0.155590,0.042472,-0.175246,-0.094417
0.059956,-3.639356,0.786221,-0.001197,-0.016312,-0.748200,0.663271,0.306168,-0.091811,0.135983,0.409181,0.130359,0.000054,-0.476647,0.066292,0.036408,0.815235,0.023006,0.051709,-0.194429,-0.058503,0.135311,-0.193444,0.266427,-0.625122,-0.407130,0.018533,-0.031080,-0.062139,0.520309,-0.252332,0.330236,-0.157320,0.040013,-0.177731,-0.092309
0.060137,-3.656813,0.789156,-0.000190,-0.016395,-0.749482,0.661822,0.325684,-0.097772,0.129739,0.393206,0.189280,-0.009567,-0.457697,0.073376,0.047025,0.707525,0.060835,0.080861,-0.197047,-0.056865,0.129005,-0.188785,0.261246,-0.634378,-0.413557,0.021256,-0.030379,-0.074026,0.529898,-0.253902,0.321501,-0.159291,0.038240,-0.179441,-0.089940
0.060283,-3.674218,0.791475,0.000979,-0.018933,-0.750483,0.660617,0.349209,-0.108775,0.119586,0.375968,0.242417,-0.020262,-0.432695,0.072796,0.055267,0.599405,0.093478,0.114520,-0.198618,-0.059286,0.124932,-0.182558,0.256210,-0.642858,-0.420758,0.026978,-0.029073,-0.086186,0.538556,-0.256300,0.313388,-0.161837,0.037431,-0.180214,-0.087252
0.060464,-3.691578,0.793148,0.002448,-0.023465,-0.751151,0.659708,0.375728,-0.123972,0.105377,0.357357,0.292352,-0.032139,-0.401606,0.065880,0.061804,0.487220,0.124660,0.151970,-0.199507,-0.065044,0.122410,-0.174777,0.251352,-0.650520,-0.428569,0.035286,-0.027199,-0.099012,0.546392,-0.259608,0.305868,-0.164910,0.037269,-0.180369,-0.084239
0.060725,-3.708888,0.794230,0.004439,-0.028683,-0.751415,0.659191,0.399052,-0.142022,0.085423,0.344440,0.335780,-0.041478,-0.369770,0.054450,0.065056,0.378869,0.154827,0.187351,-0.200121,-0.072349,0.120301,-0.166140,0.246753,-0.657030,-0.436318,0.042619,-0.025318,-0.111052,0.552459,-0.263647,0.299066,-0.168150,0.037428,-0.179992,-0.081062
0.061214,-3.726187,0.794823,0.007136,-0.033188,-0.751260,0.659132,0.412460,-0.161522,0.058793,0.345138,0.368855,-0.044646,-0.343513,0.041090,0.063477,0.284754,0.183328,0.215093,-0.200722,-0.079250,0.117440,-0.157382,0.242517,-0.662079,-0.443270,0.045375,-0.023889,-0.120814,0.555616,-0.268074,0.293125,-0.170929,0.037510,-0.179185,-0.077863
0.061765,-3.743167,0.794934,0.010826,-0.036484,-0.750716,0.659528,0.411358,-0.183323,0.023687,0.365573,0.388793,-0.037193,-0.326165,0.026149,0.053345,0.209166,0.209071,0.233009,-0.201135,-0.085267,0.113135,-0.149137,0.238762,-0.665909,-0.449466,0.041959,-0.022797,-0.127666,0.555310,-0.272551,0.287971,-0.173038,0.037402,-0.177936,-0.074386
0.062116,-3.759453,0.794489,0.015106,-0.039091,-0.749950,0.660166,0.400217,-0.207864,-0.017530,0.400998,0.398003,-0.022572,-0.314194,0.010624,0.036155,0.146923,0.232560,0.244867,-0.200771,-0.090851,0.108292,-0.140933,0.235508,-0.668681,-0.455177,0.034462,-0.021806,-0.132423,0.551822,-0.277011,0.283569,-0.174307,0.037185,-0.176232,-0.070598
0.062341,-3.775014,0.793455,0.018977,-0.040815,-0.749316,0.660682,0.384852,-0.232539,-0.059116,0.444400,0.399410,-0.009354,-0.308589,-0.001515,0.018491,0.104470,0.250191,0.253493,-0.198966,-0.094637,0.104106,-0.131778,0.232636,-0.669897,-0.460131,0.024832,-0.021201,-0.135751,0.545115,-0.281590,0.280172,-0.174058,0.036814,-0.174180,-0.066986
0.062441,-3.790137,0.791913,0.021591,-0.041580,-0.749107,0.660790,0.370456,-0.254433,-0.095797,0.489424,0.395325,-0.005955,-0.317379,-0.007568,0.007293,0.102887,0.250595,0.261422,-0.195294,-0.095557,0.101590,-0.120626,0.229938,-0.668993,-0.464042,0.015048,-0.021277,-0.138352,0.535245,-0.286555,0.278121,-0.171768,0.036308,-0.171873,-0.064076
0.062434,-3.805101,0.789795,0.022685,-0.040811,-0.749377,0.660495,0.356540,-0.273489,-0.129124,0.537555,0.382634,-0.017161,-0.321670,-0.005615,0.000531,0.101792,0.259821,0.261800,-0.189622,-0.092518,0.100584,-0.107169,0.227265,-0.665571,-0.466849,0.004355,-0.022599,-0.140853,0.522120,-0.292025,0.277664,-0.167353,0.035673,-0.169112,-0.061801
0.062539,-3.820242,0.787143,0.022797,-0.038631,-0.750058,0.659849,0.340235,-0.291518,-0.160179,0.592219,0.360091,-0.037661,-0.322615,0.002011,-0.002796,0.101246,0.276222,0.261800,-0.182058,-0.086099,0.100371,-0.091952,0.224534,-0.659936,-0.468623,-0.007845,-0.024880,-0.142773,0.505633,-0.298040,0.278676,-0.161018,0.034976,-0.165928,-0.059984
0.062905,-3.835349,0.784032,0.021879,-0.035777,-0.751295,0.658633,0.322750,-0.306438,-0.183258,0.650968,0.332014,-0.060794,-0.319800,0.012690,0.000221,0.102018,0.289647,0.261800,-0.172469,-0.077108,0.101488,-0.075209,0.221609,-0.652563,-0.469316,-0.019358,-0.027138,-0.143163,0.486115,-0.304790,0.281036,-0.152946,0.034379,-0.162749,-0.059003
0.063678,-3.850399,0.780533,0.019916,-0.033138,-0.753160,0.656701,0.305533,-0.315848,-0.193652,0.710446,0.303866,-0.079967,-0.326111,0.023975,0.012764,0.133306,0.275265,0.261800,-0.160934,-0.066663,0.104565,-0.057174,0.218338,-0.643929,-0.468932,-0.027980,-0.028392,-0.141065,0.464094,-0.312574,0.284644,-0.143534,0.034059,-0.159987,-0.059242
0.064566,-3.865334,0.776569,0.015385,-0.030322,-0.756136,0.653531,0.290419,-0.316312,-0.189904,0.771722,0.275457,-0.095415,-0.348507,0.041381,0.030952,0.215411,0.219518,0.223072,-0.146298,-0.052419,0.111544,-0.037200,0.214522,-0.634026,-0.467663,-0.033685,-0.028539,-0.135638,0.439668,-0.321723,0.289824,-0.132639,0.034124,-0.157830,-0.060910
0.065132,-3.879907,0.772457,0.008736,-0.027878,-0.759721,0.649593,0.278259,-0.310339,-0.176254,0.834370,0.245308,-0.109801,-0.370713,0.066277,0.050430,0.313467,0.148368,0.135994,-0.129855,-0.036015,0.122117,-0.015311,0.210159,-0.622551,-0.465562,-0.037450,-0.028004,-0.127671,0.413172,-0.332204,0.296951,-0.120840,0.034622,-0.155967,-0.063861
0.065636,-3.894572,0.767646,0.002091,-0.027059,-0.762970,0.645864,0.267444,-0.301550,-0.155570,0.895866,0.215249,-0.120725,-0.389357,0.092510,0.070765,0.413321,0.074331,0.047482,-0.114092,-0.022004,0.134168,0.007302,0.205491,-0.609561,-0.462380,-0.038638,-0.026592,-0.118616,0.385379,-0.343576,0.305979,-0.109562,0.035607,-0.154072,-0.067934
0.066075,-3.909503,0.762321,-0.003812,-0.027002,-0.765584,0.642757,0.254378,-0.287997,-0.129508,0.957567,0.183952,-0.127012,-0.399629,0.115377,0.083262,0.496498,0.008011,-0.016805,-0.099713,-0.010176,0.145812,0.029440,0.200850,-0.595273,-0.457911,-0.036659,-0.024133,-0.109836,0.356689,-0.355192,0.316498,-0.099839,0.037003,-0.151870,-0.072877
0.066229,-3.924035,0.756932,-0.009389,-0.026934,-0.767955,0.639868,0.238967,-0.265707,-0.095983,1.021334,0.148836,-0.129287,-0.402360,0.131456,0.083059,0.564747,-0.056688,-0.049188,-0.085553,0.001184,0.157035,0.050837,0.196475,-0.579906,-0.452118,-0.032186,-0.020388,-0.101254,0.326637,-0.366738,0.328353,-0.091731,0.038930,-0.149067,-0.078938
0.066384,-3.938074,0.751406,-0.015223,-0.026663,-0.770311,0.636929,0.222897,-0.234143,-0.055460,1.087175,0.110550,-0.127979,-0.400949,0.142467,0.075001,0.628560,-0.126215,-0.064383,-0.071028,0.013163,0.168541,0.072326,0.192362,-0.563485,-0.445433,-0.025402,-0.015498,-0.092191,0.294801,-0.378102,0.341612,-0.084441,0.041257,-0.145938,-0.086059
0.066459,-3.952024,0.745762,-0.020897,-0.025905,-0.772220,0.634483,0.204817,-0.195711,-0.013458,1.153852,0.072166,-0.121804,-0.396544,0.150209,0.064050,0.686081,-0.194226,-0.071281,-0.057238,0.025643,0.179392,0.094147,0.188368,-0.546091,-0.438130,-0.014931,-0.009846,-0.083124,0.261758,-0.388909,0.355824,-0.077820,0.043457,-0.143054,-0.093500
0.066285,-3.965837,0.740441,-0.025957,-0.024481,-0.773222,0.633131,0.182920,-0.153323,0.024604,1.219803,0.036874,-0.109428,-0.389774,0.157999,0.055442,0.733985,-0.253429,-0.078658,-0.045184,0.038053,0.188696,0.116246,0.184275,-0.527930,-0.429998,0.000660,-0.003776,-0.074562,0.228213,-0.398624,0.370345,-0.071684,0.044889,-0.140968,-0.100499
0.065779,-3.979346,0.735799,-0.030309,-0.022072,-0.773183,0.633074,0.156046,-0.104350,0.058671,1.286342,0.004903,-0.088770,-0.380560,0.167960,0.050021,0.770035,-0.301360,-0.087565,-0.034769,0.050444,0.195944,0.137732,0.179995,-0.509178,-0.419056,0.021436,0.002858,-0.066497,0.193882,-0.406812,0.385189,-0.065640,0.045458,-0.139875,-0.107643
0.064922,-3.992827,0.732110,-0.034227,-0.018804,-0.772365,0.633977,0.125749,-0.047864,0.089950,1.353580,-0.025686,-0.060946,-0.368695,0.178126,0.044798,0.796531,-0.342007,-0.093742,-0.025201,0.062964,0.201646,0.158517,0.175501,-0.489945,-0.405389,0.046787,0.010272,-0.058804,0.158678,-0.413325,0.400039,-0.059818,0.045241,-0.139451,-0.115053
0.063852,-4.006416,0.729232,-0.037742,-0.015240,-0.770886,0.635671,0.093092,0.009974,0.115789,1.418114,-0.054773,-0.029443,-0.354422,0.186966,0.039386,0.816128,-0.377528,-0.098094,-0.016451,0.074971,0.206469,0.179615,0.170644,-0.470370,-0.391717,0.077195,0.018249,-0.051831,0.123689,-0.418142,0.413768,-0.054783,0.043868,-0.139457,-0.121240
0.062900,-4.019879,0.726871,-0.040810,-0.012037,-0.768850,0.638012,0.058398,0.062436,0.134348,1.476565,-0.081774,0.002126,-0.338086,0.192934,0.033387,0.831340,-0.409953,-0.101588,-0.008579,0.085673,0.211071,0.201981,0.165161,-0.450598,-0.380853,0.113189,0.026559,-0.045927,0.089914,-0.421361,0.425471,-0.050921,0.041033,-0.139668,-0.124689
0.062178,-4.033077,0.724896,-0.043342,-0.009140,-0.766041,0.641264,0.019029,0.109000,0.145205,1.530267,-0.105756,0.035424,-0.320069,0.195698,0.025564,0.842167,-0.439588,-0.104439,-0.002238,0.094923,0.215591,0.226213,0.158599,-0.430205,-0.372969,0.160876,0.035698,-0.040564,0.056797,-0.423094,0.434784,-0.047762,0.036094,-0.140179,-0.123913
0.061605,-4.046249,0.723453,-0.045361,-0.006309,-0.762465,0.645406,-0.025647,0.152146,0.149676,1.580250,-0.127210,0.071606,-0.300191,0.196482,0.016063,0.847327,-0.465268,-0.106294,0.002834,0.103077,0.219617,0.251238,0.150784,-0.409279,-0.366237,0.218187,0.045696,-0.036081,0.024079,-0.423433,0.442194,-0.045016,0.029403,-0.141077,-0.120069
0.061140,-4.059403,0.722550,-0.046974,-0.003926,-0.758566,0.649889,-0.072279,0.189267,0.149500,1.622752,-0.147211,0.105989,-0.277906,0.195921,0.006677,0.847436,-0.486879,-0.107254,0.007761,0.110053,0.223030,0.275822,0.142065,-0.388601,-0.360855,0.273337,0.055363,-0.033885,-0.007046,-0.422543,0.448420,-0.043140,0.022172,-0.142124,-0.115576
0.060660,-4.072473,0.722177,-0.048280,-0.002388,-0.754798,0.654173,-0.117184,0.217627,0.146768,1.654127,-0.166407,0.133424,-0.252650,0.194337,-0.000670,0.843214,-0.504379,-0.107299,0.013586,0.115668,0.225820,0.299174,0.133202,-0.368872,-0.357639,0.314430,0.063295,-0.034971,-0.035382,-0.420654,0.454270,-0.042747,0.015624,-0.143046,-0.112841
0.060244,-4.085708,0.722483,-0.049377,-0.001994,-0.751150,0.658279,-0.160067,0.235526,0.141830,1.673675,-0.185345,0.153051,-0.223367,0.191286,-0.005577,0.834086,-0.518447,-0.106149,0.020374,0.119700,0.228537,0.322046,0.124822,-0.349989,-0.358486,0.339113,0.069382,-0.040677,-0.060565,-0.417861,0.459580,-0.044375,0.008860,-0.143659,-0.112533
0.059686,-4.099162,0.723438,-0.050175,-0.002493,-0.747421,0.662448,-0.202682,0.244280,0.134757,1.683380,-0.202932,0.167154,-0.190692,0.186610,-0.009183,0.820009,-0.528923,-0.103864,0.027559,0.122105,0.231241,0.345251,0.117094,-0.331582,-0.363482,0.353295,0.074115,-0.049706,-0.083231,-0.414226,0.464187,-0.047787,0.001682,-0.144143,-0.113353
0.059157,-4.112846,0.725033,-0.050475,-0.003478,-0.743793,0.666492,-0.243827,0.246165,0.127423,1.683501,-0.217510,0.175391,-0.156535,0.180895,-0.011746,0.802522,-0.534539,-0.100821,0.035176,0.123057,0.233242,0.368231,0.110118,-0.313916,-0.370808,0.357491,0.077096,-0.058909,-0.103684,-0.409913,0.468932,-0.052565,-0.003535,-0.144748,-0.114783
0.058658,-4.126772,0.727257,-0.050112,-0.004510,-0.740454,0.670221,-0.282337,0.243694,0.121510,1.674332,-0.227531,0.177491,-0.122833,0.174721,-0.013436,0.783229,-0.534052,-0.097376,0.043253,0.122740,0.233828,0.390353,0.103957,-0.297250,-0.378458,0.352202,0.077974,-0.065196,-0.122196,-0.405171,0.474621,-0.058319,-0.004413,-0.145729,-0.116309
0.058224,-4.140795,0.730008,-0.048980,-0.005583,-0.737547,0.673494,-0.317951,0.236705,0.117425,1.655064,-0.232785,0.171472,-0.089546,0.168149,-0.013722,0.761734,-0.527207,-0.093276,0.052117,0.121079,0.232871,0.411699,0.098725,-0.281658,-0.386694,0.333542,0.075980,-0.067403,-0.138588,-0.400174,0.481588,-0.065724,0.000462,-0.147156,-0.118682
0.057669,-4.154955,0.733207,-0.047222,-0.006881,-0.734955,0.676435,-0.350839,0.224657,0.114513,1.625754,-0.234180,0.158264,-0.055878,0.160870,-0.012716,0.737534,-0.514666,-0.088416,0.061678,0.118065,0.230865,0.432660,0.094459,-0.266988,-0.396410,0.302514,0.071588,-0.067386,-0.152608,-0.394973,0.489327,-0.075009,0.009640,-0.148911,-0.121894
0.057054,-4.169361,0.736823,-0.044993,-0.008280,-0.732476,0.679253,-0.380614,0.209432,0.112638,1.587907,-0.231831,0.141926,-0.022704,0.152965,-0.011496,0.712162,-0.496568,-0.083428,0.071345,0.114016,0.227970,0.452942,0.091041,-0.253169,-0.406540,0.267005,0.066243,-0.066594,-0.164254,-0.389600,0.497318,-0.085240,0.021161,-0.150959,-0.124303
0.056475,-4.183940,0.740816,-0.042444,-0.009658,-0.729901,0.682166,-0.406974,0.192692,0.111615,1.543078,-0.225827,0.126404,0.009105,0.144545,-0.011147,0.687169,-0.473058,-0.079009,0.080471,0.109255,0.224302,0.472141,0.088261,-0.240086,-0.415879,0.234929,0.061451,-0.066332,-0.173689,-0.384088,0.505093,-0.095336,0.033103,-0.153213,-0.124269
0.055964,-4.198626,0.745070,-0.039522,-0.011088,-0.727165,0.685234,-0.429725,0.174431,0.111851,1.490973,-0.216460,0.112201,0.039780,0.135608,-0.011210,0.662306,-0.443676,-0.075026,0.088831,0.103597,0.219912,0.490132,0.086016,-0.227629,-0.424175,0.205836,0.057466,-0.066728,-0.180880,-0.378468,0.512588,-0.105402,0.046645,-0.155667,-0.120960
0.055431,-4.213513,0.749584,-0.036186,-0.012601,-0.724371,0.688345,-0.448866,0.153998,0.113016,1.430864,-0.203765,0.097384,0.069460,0.126238,-0.011367,0.637259,-0.408648,-0.071405,0.096692,0.097020,0.214754,0.507050,0.084331,-0.215794,-0.431926,0.176429,0.053522,-0.067202,-0.185845,-0.372781,0.520104,-0.115818,0.062290,-0.158277,-0.115361
0.055017,-4.228590,0.754276,-0.032606,-0.013990,-0.721550,0.691453,-0.464378,0.131908,0.113831,1.363504,-0.187363,0.082180,0.097262,0.116663,-0.012921,0.613478,-0.369204,-0.068943,0.104113,0.090049,0.208746,0.522828,0.083174,-0.204581,-0.438910,0.150339,0.049648,-0.067818,-0.188739,-0.367093,0.527763,-0.125934,0.076982,-0.160891,-0.108565
0.054629,-4.243884,0.759044,-0.028953,-0.015053,-0.718737,0.694516,-0.476300,0.108696,0.112974,1.289578,-0.166855,0.066848,0.122328,0.107091,-0.017231,0.592442,-0.326543,-0.068387,0.111156,0.083239,0.201787,0.537371,0.082475,-0.194003,-0.444973,0.131219,0.045878,-0.068618,-0.189751,-0.361474,0.535679,-0.135084,0.087695,-0.163433,-0.101689
0.054255,-4.259300,0.763812,-0.024885,-0.015737,-0.715821,0.697663,-0.485029,0.083115,0.109509,1.207526,-0.142163,0.052989,0.144068,0.096582,-0.026033,0.574248,-0.279268,-0.070225,0.117689,0.076322,0.193301,0.550248,0.082230,-0.184087,-0.449513,0.121172,0.042095,-0.069739,-0.188633,-0.356002,0.543905,-0.142954,0.093560,-0.166102,-0.094761
0.053897,-4.274877,0.768463,-0.020468,-0.016138,-0.712814,0.700868,-0.490081,0.055677,0.103852,1.117225,-0.113547,0.040165,0.163038,0.085406,-0.038267,0.558510,-0.227418,-0.074009,0.123649,0.069213,0.183541,0.561604,0.082474,-0.174766,-0.452818,0.117900,0.038308,-0.071064,-0.185352,-0.350713,0.552400,-0.150004,0.096226,-0.168910,-0.087304
0.053687,-4.290607,0.772936,-0.016459,-0.016277,-0.709952,0.703870,-0.490310,0.029374,0.096718,1.021270,-0.081014,0.025501,0.180353,0.075468,-0.051043,0.545511,-0.174096,-0.078998,0.129220,0.062691,0.173571,0.572197,0.083164,-0.165876,-0.455892,0.118468,0.034724,-0.072254,-0.180469,-0.345621,0.561170,-0.156626,0.096412,-0.171535,-0.079683
0.053568,-4.306491,0.777151,-0.013566,-0.016213,-0.707471,0.706426,-0.484819,0.006916,0.088789,0.922089,-0.044506,0.005940,0.197104,0.068656,-0.061441,0.535385,-0.122316,-0.084464,0.134581,0.057538,0.164441,0.582768,0.084193,-0.157240,-0.459736,0.119946,0.031559,-0.073001,-0.174611,-0.340711,0.570252,-0.163167,0.094840,-0.173654,-0.072256
0.053297,-4.322499,0.780979,-0.011910,-0.015977,-0.705425,0.708504,-0.472180,-0.012352,0.078658,0.815248,-0.000279,-0.020617,0.213961,0.065177,-0.069114,0.526974,-0.070576,-0.091285,0.139999,0.053749,0.156113,0.593703,0.085507,-0.148845,-0.464427,0.123547,0.028911,-0.073452,-0.167611,-0.335968,0.579894,-0.169588,0.090288,-0.175056,-0.065418
0.052924,-4.338737,0.784369,-0.011171,-0.015525,-0.703732,0.710208,-0.452830,-0.029156,0.065612,0.699680,0.050900,-0.052149,0.230398,0.064081,-0.075494,0.520149,-0.017628,-0.099487,0.145344,0.051111,0.148110,0.604562,0.087094,-0.140705,-0.469502,0.130196,0.026647,-0.073695,-0.159358,-0.331410,0.590076,-0.175644,0.082821,-0.176000,-0.058877
0.052521,-4.355242,0.787261,-0.011496,-0.014677,-0.702471,0.711468,-0.429194,-0.041186,0.051991,0.583157,0.102637,-0.085865,0.246030,0.065803,-0.080005,0.515743,0.033472,-0.107113,0.150385,0.050279,0.140776,0.614882,0.088880,-0.132738,-0.475172,0.136542,0.024644,-0.073371,-0.150493,-0.327047,0.600402,-0.181450,0.075096,-0.176830,-0.051971
0.052007,-4.371821,0.789568,-0.013057,-0.013220,-0.701733,0.712198,-0.404148,-0.046543,0.041105,0.474138,0.148543,-0.119142,0.260610,0.070940,-0.081834,0.514321,0.079716,-0.112220,0.154934,0.051985,0.134419,0.624200,0.090759,-0.124884,-0.481604,0.139253,0.022789,-0.072136,-0.141691,-0.322896,0.610492,-0.187101,0.069792,-0.177854,-0.044031
0.051483,-4.388283,0.791276,-0.016708,-0.010820,-0.701673,0.712221,-0.376223,-0.043298,0.034955,0.370575,0.187948,-0.154968,0.275970,0.080939,-0.081563,0.514091,0.121531,-0.114782,0.159361,0.058021,0.129268,0.633100,0.092660,-0.117175,-0.489315,0.137512,0.021261,-0.070000,-0.132832,-0.318977,0.620554,-0.192977,0.067721,-0.178912,-0.034498
0.051032,-4.404550,0.792312,-0.022543,-0.007363,-0.702301,0.711485,-0.344691,-0.032454,0.032105,0.268814,0.224511,-0.194160,0.292435,0.096146,-0.078730,0.514188,0.160892,-0.115994,0.163947,0.068639,0.125062,0.641793,0.094548,-0.109686,-0.498194,0.133108,0.020050,-0.067132,-0.123717,-0.315345,0.630738,-0.198876,0.067448,-0.179880,-0.023823
0.050638,-4.420593,0.792760,-0.029146,-0.003240,-0.703377,0.710212,-0.314758,-0.017739,0.031571,0.177175,0.257529,-0.230711,0.306766,0.114611,-0.071153,0.517667,0.196411,-0.115305,0.168101,0.081349,0.121306,0.649120,0.096403,-0.102390,-0.507422,0.126626,0.018748,-0.063451,-0.114823,-0.312061,0.640569,-0.204147,0.068244,-0.181060,-0.012879
0.050252,-4.436010,0.792712,-0.034375,0.000693,-0.704514,0.708857,-0.291119,-0.004791,0.032519,0.102728,0.286877,-0.258084,0.314505,0.132661,-0.057359,0.529387,0.225575,-0.111377,0.170787,0.091755,0.117581,0.653501,0.098276,-0.095171,-0.515750,0.118649,0.016917,-0.058896,-0.106640,-0.309111,0.649536,-0.208153,0.069392,-0.182819,-0.002589
0.050115,-4.450958,0.792227,-0.036502,0.003883,-0.705500,0.707759,-0.301049,0.003174,0.039797,0.100001,0.284870,-0.261800,0.311306,0.148486,-0.035088,0.554624,0.245949,-0.101594,0.171151,0.096651,0.113218,0.654346,0.100097,-0.087805,-0.523198,0.108311,0.014505,-0.053739,-0.099863,-0.306495,0.657621,-0.210727,0.071070,-0.185684,0.007807
0.050032,-4.465582,0.791295,-0.036733,0.006931,-0.706510,0.706715,-0.310732,0.008685,0.048748,0.098671,0.286707,-0.261800,0.299894,0.164971,-0.006326,0.590183,0.258883,-0.086562,0.169738,0.098378,0.108320,0.652026,0.101841,-0.080331,-0.529778,0.095703,0.011643,-0.047985,-0.094079,-0.304227,0.665041,-0.212216,0.073574,-0.189343,0.018422
0.049797,-4.479991,0.789983,-0.036090,0.009096,-0.707273,0.705960,-0.317283,0.011528,0.056246,0.098344,0.291507,-0.261800,0.285167,0.180709,0.023028,0.632984,0.264277,-0.068139,0.166179,0.097542,0.104737,0.646847,0.103912,-0.073002,-0.534658,0.082686,0.008193,-0.041076,-0.088273,-0.301932,0.671711,-0.212331,0.076249,-0.192920,0.027394
0.049425,-4.494172,0.788112,-0.035531,0.009563,-0.707529,0.705726,-0.317823,0.011082,0.060175,0.098678,0.298419,-0.261800,0.271856,0.193322,0.047167,0.679938,0.262140,-0.048695,0.160304,0.094585,0.104385,0.639079,0.106733,-0.066317,-0.537030,0.071190,0.004029,-0.032420,-0.081136,-0.299527,0.677283,-0.211155,0.078435,-0.195544,0.032907
0.049024,-4.508210,0.785666,-0.035303,0.007879,-0.707162,0.706126,-0.310844,0.006105,0.060742,0.099504,0.313280,-0.261800,0.261252,0.203552,0.066934,0.731306,0.251877,-0.027730,0.151919,0.089217,0.108257,0.628625,0.110741,-0.060492,-0.536894,0.060744,-0.001470,-0.021070,-0.072095,-0.296786,0.681529,-0.208695,0.079986,-0.197116,0.034179
0.048562,-4.522088,0.782683,-0.034967,0.004567,-0.706348,0.706985,-0.304949,-0.002692,0.058965,0.115613,0.326757,-0.261800,0.251119,0.212607,0.084321,0.788190,0.233430,-0.004508,0.141486,0.081254,0.115051,0.615410,0.116077,-0.055465,-0.534648,0.050554,-0.008071,-0.007492,-0.061796,-0.293621,0.684432,-0.204847,0.081161,-0.198079,0.032313
0.047963,-4.536051,0.779246,-0.034570,0.000341,-0.705354,0.708011,-0.317889,-0.012510,0.053811,0.180737,0.309457,-0.261800,0.240803,0.218138,0.095599,0.848295,0.208493,0.018089,0.130005,0.071613,0.123283,0.599844,0.122729,-0.051261,-0.530197,0.041980,-0.014547,0.006842,-0.050778,-0.290103,0.686079,-0.199578,0.081961,-0.198377,0.028270
0.047472,-4.549690,0.775608,-0.034001,-0.004361,-0.704345,0.709030,-0.330679,-0.023209,0.046928,0.251020,0.273365,-0.252357,0.229605,0.216453,0.097265,0.909956,0.178551,0.037177,0.118113,0.060773,0.131766,0.582478,0.130555,-0.047929,-0.523689,0.036365,-0.019586,0.020477,-0.039534,-0.286464,0.686590,-0.193000,0.082414,-0.197933,0.023023
0.047318,-4.562827,0.771766,-0.032567,-0.010531,-0.702973,0.710393,-0.344225,-0.037528,0.043415,0.330664,0.209157,-0.197177,0.218448,0.202695,0.087636,0.974431,0.140768,0.054085,0.105005,0.046520,0.141128,0.563303,0.139502,-0.045635,-0.515010,0.034457,-0.023505,0.034087,-0.027780,-0.282904,0.685995,-0.185444,0.082747,-0.196351,0.016176
0.046914,-4.576455,0.766963,-0.031292,-0.017502,-0.701498,0.711769,-0.359353,-0.055364,0.035054,0.422339,0.123820,-0.120259,0.208389,0.180994,0.069550,1.040640,0.096921,0.068420,0.091427,0.031177,0.151649,0.542090,0.149531,-0.044588,-0.504146,0.035390,-0.026671,0.048146,-0.015230,-0.279513,0.684181,-0.177053,0.082936,-0.193790,0.007430
0.046550,-4.590245,0.761605,-0.030494,-0.024421,-0.700237,0.712841,-0.372083,-0.075492,0.025446,0.512174,0.036416,-0.043153,0.197857,0.154136,0.046537,1.107479,0.051909,0.077243,0.078208,0.016602,0.162338,0.519081,0.160418,-0.044782,-0.491502,0.038047,-0.027832,0.060865,-0.002316,-0.276441,0.681116,-0.167718,0.082648,-0.190954,-0.002100
0.046522,-4.603715,0.756078,-0.030078,-0.030646,-0.699410,0.713429,-0.379334,-0.093904,0.021445,0.588467,-0.037418,0.013349,0.184733,0.124164,0.022262,1.174359,0.010105,0.078048,0.065758,0.003736,0.172145,0.494479,0.171843,-0.046031,-0.477439,0.041326,-0.025794,0.070384,0.010446,-0.273840,0.676830,-0.157257,0.081529,-0.188587,-0.011328
0.046624,-4.617017,0.750331,-0.029800,-0.036435,-0.698947,0.713622,-0.381091,-0.106692,0.028712,0.651985,-0.098008,0.042795,0.169008,0.088263,-0.003810,1.242948,-0.028868,0.069273,0.053625,-0.008103,0.181089,0.468267,0.183576,-0.047770,-0.461948,0.044297,-0.019403,0.075307,0.022825,-0.271871,0.671656,-0.145380,0.080749,-0.187105,-0.020221
0.046791,-4.630054,0.744515,-0.029344,-0.042245,-0.698664,0.713599,-0.379498,-0.114771,0.043510,0.710086,-0.155033,0.057380,0.152015,0.044957,-0.031844,1.313354,-0.067482,0.052759,0.041376,-0.020073,0.189544,0.440199,0.195544,-0.050159,-0.444755,0.047816,-0.009607,0.076804,0.035153,-0.270572,0.665567,-0.132437,0.080113,-0.186054,-0.029328
0.047093,-4.642949,0.738868,-0.028577,-0.047655,-0.698620,0.713332,-0.375147,-0.119873,0.060024,0.761759,-0.208497,0.064744,0.133025,-0.001243,-0.057961,1.382516,-0.104510,0.031212,0.029395,-0.031811,0.197014,0.410171,0.207678,-0.054077,-0.425876,0.053436,0.001631,0.076850,0.047798,-0.269812,0.658062,-0.119185,0.077189,-0.184823,-0.038406
0.047593,-4.655685,0.733755,-0.027448,-0.052181,-0.698912,0.712774,-0.368647,-0.125172,0.072395,0.804932,-0.257630,0.072143,0.110554,-0.045356,-0.078910,1.447427,-0.138424,0.007275,0.018112,-0.042710,0.203049,0.378101,0.219893,-0.060463,-0.405396,0.062666,0.012370,0.077431,0.061049,-0.269362,0.648621,-0.106238,0.069558,-0.182749,-0.047178
0.048202,-4.668219,0.729362,-0.025783,-0.055608,-0.699554,0.711946,-0.360044,-0.132448,0.079378,0.837436,-0.301656,0.080088,0.082793,-0.087960,-0.094924,1.508724,-0.168524,-0.020877,0.007424,-0.052590,0.207391,0.342818,0.232181,-0.070025,-0.381622,0.075797,0.023088,0.079975,0.074729,-0.268998,0.637027,-0.092878,0.055516,-0.179387,-0.055967
0.048755,-4.680560,0.725634,-0.023648,-0.058224,-0.700512,0.710868,-0.349214,-0.140105,0.084579,0.860895,-0.340970,0.085192,0.050348,-0.130973,-0.107191,1.567587,-0.195944,-0.053970,-0.002835,-0.061819,0.210348,0.304758,0.244425,-0.082212,-0.355238,0.091963,0.034536,0.083116,0.088746,-0.268641,0.623550,-0.078876,0.036713,-0.175068,-0.064692
0.049035,-4.692816,0.722376,-0.021398,-0.060252,-0.701825,0.709474,-0.336604,-0.147080,0.089288,0.878381,-0.376341,0.088718,0.014729,-0.170896,-0.114664,1.621693,-0.221322,-0.087554,-0.012425,-0.070388,0.212366,0.266340,0.256286,-0.095967,-0.329922,0.110993,0.045153,0.084599,0.103499,-0.268245,0.608561,-0.065624,0.015752,-0.170324,-0.072495
0.049313,-4.704863,0.719560,-0.019388,-0.061920,-0.703539,0.707689,-0.322632,-0.152215,0.094661,0.892961,-0.408562,0.091899,-0.022626,-0.203968,-0.116735,1.668697,-0.244876,-0.116970,-0.021180,-0.078157,0.213881,0.229994,0.267370,-0.110139,-0.309170,0.132913,0.053267,0.082104,0.119265,-0.267770,0.592537,-0.054454,-0.004791,-0.165760,-0.078579
0.049632,-4.716874,0.717237,-0.017635,-0.063185,-0.705811,0.705357,-0.307552,-0.154963,0.101662,0.905240,-0.437990,0.095040,-0.063151,-0.228829,-0.112724,1.709074,-0.266203,-0.141998,-0.028892,-0.084962,0.214840,0.196001,0.277443,-0.124326,-0.293306,0.161289,0.057742,0.074046,0.136067,-0.267133,0.575234,-0.045185,-0.027047,-0.161219,-0.082585
0.049884,-4.728950,0.715465,-0.015981,-0.063952,-0.708577,0.702548,-0.291055,-0.156106,0.109633,0.913523,-0.464147,0.097523,-0.107586,-0.246982,-0.103886,1.743691,-0.284740,-0.164710,-0.035896,-0.090740,0.215090,0.163320,0.286458,-0.138963,-0.280630,0.195130,0.059338,0.061916,0.153572,-0.266246,0.556745,-0.037095,-0.051479,-0.156537,-0.084993
0.050025,-4.741067,0.714241,-0.014587,-0.064319,-0.711548,0.699535,-0.272824,-0.156318,0.117200,0.917721,-0.486515,0.099154,-0.153314,-0.259055,-0.092841,1.770968,-0.300277,-0.183749,-0.042825,-0.095476,0.214873,0.132346,0.294432,-0.154136,-0.271419,0.227688,0.059310,0.048054,0.171408,-0.265125,0.538029,-0.030595,-0.073034,-0.152370,-0.086346
0.050336,-4.752880,0.713546,-0.013618,-0.064382,-0.714436,0.696599,-0.252491,-0.156228,0.122935,0.917637,-0.504537,0.099721,-0.197499,-0.265955,-0.082131,1.789256,-0.312636,-0.197655,-0.050352,-0.099167,0.214437,0.103540,0.301431,-0.169850,-0.266068,0.252224,0.059234,0.034719,0.189235,-0.263893,0.520064,-0.026141,-0.086672,-0.149360,-0.087265
0.050447,-4.764928,0.713607,-0.013183,-0.064154,-0.717297,0.693682,-0.229469,-0.155717,0.126558,0.912633,-0.518540,0.098860,-0.240081,-0.267007,-0.071991,1.798064,-0.321630,-0.205455,-0.058650,-0.101744,0.213929,0.077458,0.307513,-0.185708,-0.265818,0.267459,0.059659,0.021572,0.206913,-0.262689,0.503066,-0.024226,-0.089724,-0.148046,-0.087572
0.050481,-4.777072,0.714372,-0.013170,-0.063617,-0.720231,0.690685,-0.204076,-0.154484,0.128866,0.903004,-0.528657,0.096773,-0.281951,-0.262142,-0.061910,1.798266,-0.327247,-0.208125,-0.067391,-0.103201,0.213259,0.053812,0.312769,-0.201726,-0.270110,0.276841,0.059859,0.007738,0.224747,-0.261550,0.486526,-0.024655,-0.085320,-0.147987,-0.087134
0.050526,-4.789336,0.715727,-0.013457,-0.062766,-0.723028,0.687830,-0.177297,-0.152837,0.129973,0.889997,-0.534114,0.094068,-0.321651,-0.253451,-0.053288,1.790330,-0.329802,-0.207320,-0.076429,-0.103614,0.212330,0.031808,0.317333,-0.218597,-0.276751,0.280720,0.059762,-0.005357,0.243088,-0.260441,0.470259,-0.026882,-0.077097,-0.148332,-0.086650
0.050506,-4.801686,0.717779,-0.013886,-0.061623,-0.725479,0.685339,-0.150194,-0.151117,0.129967,0.874976,-0.534104,0.091350,-0.357852,-0.243124,-0.047293,1.774787,-0.329701,-0.204686,-0.085603,-0.103109,0.211045,0.010629,0.321316,-0.237044,-0.283576,0.279398,0.059314,-0.016264,0.262232,-0.259283,0.454070,-0.030280,-0.068724,-0.148254,-0.086806
0.050499,-4.814128,0.720261,-0.014436,-0.060101,-0.727485,0.683334,-0.122819,-0.149434,0.128250,0.857715,-0.528531,0.088621,-0.390508,-0.231462,-0.044213,1.751177,-0.327319,-0.199676,-0.095070,-0.101580,0.209360,-0.010086,0.324824,-0.257577,-0.290559,0.270595,0.058658,-0.023850,0.282516,-0.258035,0.437742,-0.035340,-0.059955,-0.147401,-0.087874
0.050410,-4.826871,0.723436,-0.015184,-0.058226,-0.729170,0.681682,-0.094750,-0.147539,0.124968,0.837774,-0.517808,0.085607,-0.420000,-0.217734,-0.043342,1.719376,-0.322604,-0.191791,-0.104755,-0.099059,0.207407,-0.029812,0.327864,-0.279785,-0.298756,0.254872,0.057927,-0.029071,0.303729,-0.256689,0.421310,-0.042189,-0.049272,-0.146281,-0.089439
0.050384,-4.839570,0.726971,-0.016091,-0.056194,-0.730668,0.680226,-0.066249,-0.145213,0.121299,0.816085,-0.501970,0.082517,-0.445776,-0.202533,-0.043926,1.680339,-0.315247,-0.182452,-0.114221,-0.095866,0.205311,-0.047983,0.330319,-0.302877,-0.307660,0.236808,0.056983,-0.033655,0.325211,-0.255194,0.405060,-0.049542,-0.038421,-0.145354,-0.091174
0.050450,-4.852625,0.730975,-0.017151,-0.054171,-0.732115,0.678807,-0.037587,-0.142277,0.118444,0.793629,-0.481074,0.079588,-0.467309,-0.186371,-0.045177,1.635031,-0.304933,-0.173052,-0.123048,-0.092295,0.203151,-0.064055,0.332027,-0.326027,-0.316629,0.221059,0.055673,-0.039369,0.346212,-0.253495,0.389268,-0.055995,-0.029190,-0.145066,-0.092746
0.050406,-4.865730,0.735354,-0.018429,-0.052254,-0.733500,0.677427,-0.008446,-0.138861,0.116332,0.770308,-0.454661,0.077031,-0.484141,-0.169533,-0.047229,1.583191,-0.292392,-0.164167,-0.131208,-0.088298,0.201125,-0.078098,0.332939,-0.349344,-0.325439,0.207493,0.053787,-0.046618,0.366731,-0.251556,0.373808,-0.061172,-0.021393,-0.145761,-0.094225
0.050381,-4.879005,0.740017,-0.019899,-0.050341,-0.734775,0.676148,0.021089,-0.135062,0.114502,0.745895,-0.422963,0.074761,-0.496614,-0.151839,-0.050038,1.524506,-0.277758,-0.155052,-0.138843,-0.083744,0.199110,-0.090392,0.333095,-0.373125,-0.334287,0.194149,0.051468,-0.054540,0.386999,-0.249407,0.358522,-0.065707,-0.014353,-0.147121,-0.095723
0.050348,-4.892511,0.744903,-0.021394,-0.048307,-0.736021,0.674894,0.050123,-0.130694,0.113575,0.721116,-0.386945,0.072573,-0.505454,-0.133016,-0.052583,1.459711,-0.259695,-0.145139,-0.145851,-0.078743,0.196688,-0.100651,0.332476,-0.396788,-0.343228,0.182976,0.049069,-0.063001,0.406629,-0.247089,0.343742,-0.069742,-0.009075,-0.148585,-0.097005
0.050096,-4.906158,0.749971,-0.022730,-0.046051,-0.737319,0.673590,0.077820,-0.125621,0.114166,0.696651,-0.347526,0.070240,-0.511350,-0.112788,-0.053784,1.389371,-0.236858,-0.133832,-0.152150,-0.073405,0.193417,-0.108643,0.331062,-0.419698,-0.352230,0.175938,0.046894,-0.071887,0.425213,-0.244702,0.329824,-0.073357,-0.006583,-0.149590,-0.097845
0.049910,-4.920043,0.755159,-0.023958,-0.043435,-0.738779,0.672120,0.104094,-0.119243,0.117233,0.672429,-0.303662,0.067934,-0.514349,-0.090065,-0.052612,1.312531,-0.209348,-0.121887,-0.157481,-0.067407,0.189193,-0.114215,0.328849,-0.441797,-0.361138,0.174988,0.045018,-0.081407,0.442643,-0.242361,0.316890,-0.076384,-0.007995,-0.149826,-0.098284
0.049746,-4.934020,0.760318,-0.025140,-0.040564,-0.740331,0.670546,0.129342,-0.111996,0.122193,0.648281,-0.255319,0.065722,-0.513989,-0.065650,-0.049300,1.229100,-0.177880,-0.109490,-0.161932,-0.060798,0.184243,-0.117592,0.325890,-0.463351,-0.369913,0.178631,0.043173,-0.091560,0.459211,-0.240126,0.304732,-0.078920,-0.012456,-0.149639,-0.098433
0.049478,-4.948051,0.765307,-0.026074,-0.037720,-0.741785,0.669068,0.153334,-0.105184,0.127303,0.624896,-0.204930,0.063147,-0.510377,-0.042010,-0.044831,1.140770,-0.141977,-0.095275,-0.165933,-0.054252,0.178605,-0.119118,0.322288,-0.484249,-0.378643,0.183668,0.041180,-0.101902,0.475110,-0.238011,0.293206,-0.081450,-0.018048,-0.149441,-0.098160
0.049145,-4.962281,0.770101,-0.026584,-0.035159,-0.742951,0.667893,0.175990,-0.100042,0.130723,0.602636,-0.154768,0.059728,-0.503711,-0.021242,-0.040256,1.048941,-0.100980,-0.077589,-0.169970,-0.048406,0.172314,-0.119084,0.318182,-0.504329,-0.387452,0.186870,0.038924,-0.111993,0.490515,-0.235987,0.282250,-0.084443,-0.022841,-0.149645,-0.097351
0.048756,-4.976678,0.774604,-0.026647,-0.032687,-0.743813,0.667056,0.197102,-0.096137,0.132501,0.581130,-0.103750,0.055075,-0.493535,-0.002658,-0.035001,0.950471,-0.051307,-0.055823,-0.174287,-0.042931,0.164990,-0.117155,0.313682,-0.523482,-0.396463,0.188077,0.036494,-0.122083,0.505575,-0.234001,0.271765,-0.087909,-0.026958,-0.150366,-0.095806
0.048344,-4.991257,0.778732,-0.026346,-0.030266,-0.744463,0.666456,0.216897,-0.093115,0.133204,0.560122,-0.051055,0.049404,-0.479802,0.014513,-0.028024,0.845069,0.005753,-0.030688,-0.178574,-0.037705,0.156741,-0.113293,0.308866,-0.541823,-0.405588,0.188748,0.033931,-0.132277,0.520166,-0.232048,0.261835,-0.091629,-0.031222,-0.151390,-0.093645
0.048016,-5.005809,0.782367,-0.025644,-0.028393,-0.744865,0.666117,0.235710,-0.092178,0.131821,0.540519,0.000463,0.043184,-0.463453,0.028557,-0.020189,0.738132,0.063785,-0.002449,-0.182544,-0.033692,0.148329,-0.108261,0.303823,-0.559537,-0.414847,0.188071,0.031129,-0.141922,0.534023,-0.230205,0.252614,-0.095696,-0.034765,-0.152635,-0.091213
0.047770,-5.020524,0.785539,-0.024475,-0.027600,-0.744973,0.666074,0.253966,-0.094547,0.127405,0.523088,0.048018,0.036972,-0.445519,0.037859,-0.012927,0.635024,0.116605,0.028612,-0.185983,-0.031915,0.140508,-0.102792,0.298644,-0.576786,-0.424295,0.185225,0.027995,-0.150372,0.546893,-0.228610,0.244268,-0.100231,-0.036702,-0.154005,-0.088856
0.047543,-5.035215,0.788144,-0.022622,-0.028435,-0.744658,0.666456,0.272974,-0.101662,0.119139,0.505976,0.092340,0.031602,-0.424611,0.041699,-0.005611,0.532625,0.164699,0.065665,-0.189181,-0.033512,0.133412,-0.096686,0.293368,-0.593790,-0.434462,0.179929,0.024881,-0.157641,0.559367,-0.227397,0.236747,-0.105752,-0.036319,-0.155699,-0.086460
0.047248,-5.049885,0.790181,-0.020088,-0.030698,-0.743891,0.667293,0.292727,-0.112921,0.107406,0.488660,0.134972,0.026657,-0.399983,0.040464,0.002128,0.427543,0.211599,0.107915,-0.192442,-0.038184,0.126680,-0.089625,0.288048,-0.610374,-0.445266,0.172629,0.021755,-0.164038,0.571507,-0.226604,0.230020,-0.112193,-0.034206,-0.157671,-0.083913
0.046984,-5.064489,0.791620,-0.017087,-0.033835,-0.742761,0.668483,0.311843,-0.126573,0.093052,0.473449,0.174440,0.020870,-0.374097,0.034656,0.007496,0.325801,0.255595,0.149300,-0.195685,-0.044891,0.120337,-0.082181,0.282802,-0.626035,-0.455840,0.163557,0.017954,-0.169376,0.582211,-0.226188,0.224406,-0.118760,-0.031443,-0.159463,-0.081571
0.046855,-5.079047,0.792423,-0.013936,-0.037075,-0.741417,0.669875,0.328464,-0.140511,0.077137,0.463224,0.208886,0.012844,-0.350699,0.025858,0.007131,0.236090,0.294170,0.183932,-0.198685,-0.052194,0.114367,-0.074932,0.277772,-0.640256,-0.465358,0.152936,0.012796,-0.173460,0.590245,-0.226066,0.220264,-0.124512,-0.029129,-0.160630,-0.079795
0.046690,-5.093415,0.792722,-0.010694,-0.040064,-0.739913,0.671423,0.341990,-0.153552,0.060744,0.458756,0.238005,0.000371,-0.330851,0.014980,-0.003655,0.159692,0.326101,0.210643,-0.201296,-0.059499,0.108628,-0.068106,0.273087,-0.653146,-0.474124,0.140291,0.006047,-0.176012,0.595357,-0.226180,0.217710,-0.129480,-0.027787,-0.160941,-0.078847
0.046387,-5.107465,0.792578,-0.007394,-0.042873,-0.738264,0.673108,0.352645,-0.166138,0.043411,0.459827,0.261951,-0.015442,-0.315582,0.003297,-0.023008,0.098029,0.350551,0.232784,-0.203476,-0.066845,0.103146,-0.061401,0.268771,-0.664882,-0.482532,0.125632,-0.001945,-0.177241,0.597934,-0.226547,0.216589,-0.133828,-0.026784,-0.160688,-0.078467
0.045952,-5.121111,0.792066,-0.004471,-0.045007,-0.736719,0.674685,0.358896,-0.177745,0.024590,0.469012,0.278830,-0.031298,-0.325521,-0.007149,-0.044242,0.095655,0.346724,0.250859,-0.204754,-0.072802,0.098149,-0.054600,0.264718,-0.675100,-0.489796,0.109953,-0.011018,-0.177634,0.597563,-0.227291,0.216692,-0.136672,-0.025501,-0.160234,-0.078210
0.045532,-5.134431,0.791042,-0.002318,-0.046105,-0.735517,0.675932,0.359693,-0.188355,0.003744,0.488285,0.286981,-0.043907,-0.332580,-0.013891,-0.061491,0.094122,0.347931,0.261800,-0.204682,-0.076180,0.093882,-0.047443,0.260743,-0.683385,-0.495124,0.094254,-0.021000,-0.177694,0.593947,-0.228598,0.217845,-0.137250,-0.023289,-0.159928,-0.077651
0.045049,-5.147524,0.789396,-0.000999,-0.045667,-0.734815,0.676728,0.352963,-0.198731,-0.020833,0.520771,0.284018,-0.051512,-0.336808,-0.015488,-0.078089,0.092841,0.358449,0.261800,-0.202897,-0.076313,0.089957,-0.039833,0.256703,-0.689696,-0.498271,0.076846,-0.032896,-0.177468,0.586804,-0.230603,0.220285,-0.135395,-0.019600,-0.160040,-0.076568
0.044616,-5.160539,0.787150,-0.000070,-0.044097,-0.734429,0.677252,0.340249,-0.210023,-0.047997,0.563348,0.272218,-0.056164,-0.338708,-0.013936,-0.092863,0.092015,0.375668,0.261800,-0.199862,-0.074093,0.086041,-0.031938,0.252484,-0.694169,-0.499558,0.057887,-0.046504,-0.176820,0.576223,-0.233353,0.223986,-0.131435,-0.014828,-0.160324,-0.075248
0.044412,-5.173525,0.784478,0.000017,-0.041904,-0.734366,0.677459,0.325765,-0.220668,-0.073630,0.610629,0.255252,-0.061061,-0.337633,-0.009629,-0.100242,0.092276,0.391717,0.261800,-0.195600,-0.069519,0.083262,-0.023812,0.247978,-0.696639,-0.499092,0.041163,-0.059783,-0.175890,0.562855,-0.236840,0.228526,-0.125667,-0.009735,-0.160350,-0.074060
0.044492,-5.186232,0.781388,-0.001110,-0.039749,-0.734582,0.677353,0.313580,-0.228723,-0.093770,0.657415,0.236634,-0.069090,-0.333008,-0.003033,-0.094101,0.094531,0.398689,0.261800,-0.190234,-0.062857,0.082777,-0.015532,0.243091,-0.696979,-0.496913,0.030467,-0.070666,-0.174658,0.547435,-0.241035,0.233498,-0.118444,-0.005117,-0.159686,-0.073368
0.044779,-5.198743,0.777778,-0.004364,-0.037292,-0.735462,0.676525,0.304718,-0.232508,-0.107846,0.704393,0.214834,-0.081699,-0.342199,0.007871,-0.073142,0.138109,0.376594,0.238264,-0.182843,-0.052554,0.085678,-0.006640,0.237692,-0.694930,-0.493389,0.027017,-0.079231,-0.173048,0.529919,-0.245955,0.239055,-0.109305,-0.000724,-0.158194,-0.073012
0.044807,-5.211301,0.773554,-0.009575,-0.034709,-0.736907,0.675034,0.298273,-0.233286,-0.117964,0.753753,0.188055,-0.097314,-0.368540,0.024591,-0.049853,0.229522,0.327119,0.172064,-0.173613,-0.039642,0.091741,0.002736,0.231842,-0.690617,-0.488306,0.028761,-0.086280,-0.171031,0.510558,-0.251538,0.245633,-0.098734,0.003705,-0.156062,-0.072943
0.044658,-5.223493,0.769074,-0.014780,-0.033793,-0.737963,0.673832,0.294291,-0.234742,-0.124133,0.802105,0.160502,-0.113322,-0.392076,0.042111,-0.025346,0.323533,0.271997,0.105442,-0.164799,-0.029257,0.099528,0.011609,0.225819,-0.684489,-0.480932,0.034536,-0.090864,-0.168528,0.490204,-0.257613,0.253121,-0.088171,0.007373,-0.153380,-0.073636
0.044586,-5.235934,0.764008,-0.019408,-0.034217,-0.738439,0.673172,0.290309,-0.235002,-0.124902,0.850234,0.133409,-0.128579,-0.408216,0.056436,-0.009815,0.406579,0.213174,0.057208,-0.156766,-0.021622,0.107857,0.019071,0.219980,-0.677038,-0.470679,0.043140,-0.092087,-0.165424,0.469326,-0.263938,0.261214,-0.078747,0.009472,-0.150276,-0.075509
0.044619,-5.248536,0.758289,-0.023758,-0.035373,-0.738584,0.672814,0.285914,-0.231576,-0.118408,0.899350,0.106073,-0.145254,-0.417193,0.064761,-0.007495,0.480739,0.140506,0.032356,-0.148765,-0.015156,0.116625,0.024618,0.214661,-0.668311,-0.457795,0.055068,-0.089640,-0.161349,0.448025,-0.270350,0.269557,-0.070853,0.009013,-0.146532,-0.078736
0.044450,-5.260358,0.752432,-0.028346,-0.036844,-0.738621,0.672517,0.281184,-0.223974,-0.105305,0.950105,0.077407,-0.163227,-0.422699,0.068850,-0.012740,0.554772,0.053060,0.019950,-0.140345,-0.008569,0.126298,0.029041,0.209969,-0.658108,-0.442906,0.070591,-0.084010,-0.156449,0.425698,-0.276792,0.278340,-0.063532,0.006646,-0.142187,-0.082988
0.044350,-5.271518,0.746337,-0.033154,-0.038019,-0.738510,0.672353,0.273914,-0.211898,-0.088037,1.002840,0.047820,-0.178330,-0.426077,0.071020,-0.021504,0.625683,-0.035014,0.013636,-0.131806,-0.001210,0.136346,0.033296,0.205777,-0.646580,-0.425907,0.088159,-0.075544,-0.151404,0.401657,-0.283244,0.287891,-0.055860,0.004036,-0.137784,-0.087915
0.044031,-5.282681,0.740311,-0.038056,-0.038475,-0.738165,0.672446,0.262216,-0.195392,-0.069539,1.057589,0.017992,-0.186417,-0.428120,0.074802,-0.029435,0.689219,-0.108703,0.007015,-0.123550,0.007252,0.146263,0.038220,0.201779,-0.633898,-0.406544,0.106263,-0.064608,-0.146906,0.375309,-0.289649,0.298524,-0.047051,0.002851,-0.133873,-0.093212
0.043760,-5.293641,0.734526,-0.043258,-0.037972,-0.737622,0.672756,0.245777,-0.172733,-0.050067,1.115673,-0.012100,-0.185828,-0.429207,0.082104,-0.036438,0.744601,-0.163081,-0.001142,-0.115269,0.017420,0.156245,0.043098,0.197748,-0.620073,-0.382963,0.121141,-0.051421,-0.143784,0.346237,-0.295934,0.310354,-0.037147,0.004055,-0.130513,-0.099619
0.043351,-5.304437,0.729379,-0.048757,-0.036747,-0.736901,0.673238,0.226099,-0.143946,-0.029367,1.176394,-0.042601,-0.178957,-0.428871,0.090561,-0.044749,0.794232,-0.206619,-0.007903,-0.106877,0.029114,0.166388,0.047540,0.193598,-0.605043,-0.355552,0.134727,-0.035782,-0.141566,0.314919,-0.302013,0.323031,-0.026696,0.006590,-0.127456,-0.107062
0.042794,-5.315048,0.724975,-0.054116,-0.035115,-0.735880,0.674032,0.203746,-0.112045,-0.009619,1.236747,-0.073018,-0.167755,-0.426427,0.098586,-0.053425,0.837658,-0.243975,-0.013420,-0.099067,0.041196,0.176094,0.052811,0.189173,-0.588929,-0.327164,0.154056,-0.017366,-0.139138,0.282175,-0.307771,0.336177,-0.015724,0.009106,-0.124792,-0.114022
0.042144,-5.325469,0.721276,-0.058887,-0.033419,-0.734443,0.675285,0.178946,-0.080220,0.007383,1.293813,-0.102849,-0.154162,-0.421248,0.104939,-0.061598,0.874171,-0.279581,-0.017616,-0.092448,0.052402,0.184798,0.060145,0.184242,-0.571932,-0.300680,0.186159,0.004285,-0.135678,0.248788,-0.313100,0.349477,-0.004126,0.010228,-0.122582,-0.118957
0.041487,-5.335727,0.718115,-0.063061,-0.031580,-0.732506,0.677098,0.150885,-0.047638,0.021684,1.348318,-0.132323,-0.137510,-0.412698,0.110091,-0.069476,0.901990,-0.313610,-0.019853,-0.087388,0.062495,0.192621,0.070038,0.178324,-0.553803,-0.275104,0.236336,0.030718,-0.130465,0.213864,-0.317995,0.363297,0.009200,0.009780,-0.121084,-0.121108
0.041030,-5.345793,0.715237,-0.066850,-0.029462,-0.730148,0.679372,0.119487,-0.013177,0.033604,1.401391,-0.161849,-0.117093,-0.401413,0.114968,-0.077823,0.921926,-0.343877,-0.020382,-0.083310,0.072113,0.199771,0.081340,0.171147,-0.534706,-0.248849,0.299755,0.061503,-0.125363,0.177497,-0.322366,0.377554,0.023729,0.008442,-0.120164,-0.121430
0.040660,-5.355585,0.712610,-0.070117,-0.027346,-0.727509,0.681958,0.085634,0.020034,0.042378,1.450905,-0.191062,-0.094901,-0.388657,0.119002,-0.086497,0.936962,-0.371198,-0.020324,-0.079353,0.081130,0.205766,0.092957,0.163022,-0.515523,-0.224171,0.368478,0.093977,-0.123190,0.141833,-0.326042,0.391282,0.037474,0.005999,-0.119295,-0.120875
0.040404,-5.365557,0.710580,-0.072741,-0.025501,-0.724728,0.684710,0.050147,0.048712,0.047652,1.494709,-0.219379,-0.073029,-0.375664,0.121408,-0.095184,0.950226,-0.396389,-0.020731,-0.074718,0.089312,0.210164,0.104157,0.154750,-0.497080,-0.203812,0.434773,0.125118,-0.125850,0.108817,-0.328904,0.403563,0.048709,0.002176,-0.117961,-0.120336
0.040083,-5.375057,0.708845,-0.074509,-0.023908,-0.721554,0.687922,0.011367,0.071648,0.048878,1.533568,-0.247178,-0.050343,-0.362782,0.121170,-0.104557,0.962142,-0.420072,-0.021813,-0.069753,0.096335,0.212480,0.115444,0.146952,-0.479877,-0.189546,0.503380,0.157656,-0.134213,0.078501,-0.330936,0.414146,0.057690,-0.004652,-0.115825,-0.119741
0.039850,-5.384351,0.707556,-0.075541,-0.022466,-0.717999,0.691568,-0.030886,0.090051,0.046817,1.568138,-0.274427,-0.026444,-0.349303,0.118911,-0.114531,0.971224,-0.441703,-0.022995,-0.064708,0.102137,0.213172,0.127532,0.139826,-0.463439,-0.180359,0.576770,0.191394,-0.147568,0.049818,-0.332230,0.423550,0.065346,-0.013905,-0.113261,-0.118624
0.039628,-5.393910,0.706964,-0.076175,-0.021354,-0.714627,0.695017,-0.073571,0.104506,0.043492,1.596373,-0.299758,-0.004546,-0.334858,0.116191,-0.123521,0.977717,-0.460298,-0.024094,-0.058811,0.106952,0.213217,0.140398,0.133703,-0.446904,-0.175311,0.643319,0.219117,-0.163450,0.022920,-0.332921,0.432215,0.071046,-0.022530,-0.110828,-0.117329
0.039369,-5.403431,0.706942,-0.076788,-0.020722,-0.712017,0.697644,-0.113490,0.115989,0.041025,1.616231,-0.321743,0.012205,-0.319080,0.114521,-0.129888,0.981845,-0.474871,-0.024932,-0.051316,0.111066,0.213665,0.154199,0.129019,-0.429368,-0.173822,0.690470,0.234313,-0.177810,-0.001984,-0.333144,0.440566,0.073976,-0.027452,-0.109066,-0.116234
0.039150,-5.412813,0.707391,-0.077497,-0.020657,-0.710394,0.699219,-0.150115,0.124327,0.039872,1.627045,-0.340055,0.022152,-0.301708,0.114317,-0.133061,0.983518,-0.485123,-0.025596,-0.041731,0.114599,0.214876,0.169674,0.126257,-0.410179,-0.177518,0.714809,0.233284,-0.189816,-0.024732,-0.332996,0.448546,0.073282,-0.028408,-0.108080,-0.115656
0.038926,-5.422177,0.708328,-0.078108,-0.021064,-0.709444,0.700103,-0.184938,0.129423,0.039496,1.629977,-0.355212,0.027292,-0.282983,0.114623,-0.133876,0.982689,-0.491613,-0.026115,-0.030679,0.117318,0.216478,0.187340,0.125527,-0.389845,-0.187250,0.722201,0.220839,-0.200136,-0.045461,-0.332499,0.456115,0.069357,-0.026776,-0.107597,-0.115361
0.038757,-5.431501,0.709806,-0.078507,-0.021845,-0.708938,0.700547,-0.217731,0.132618,0.040421,1.625732,-0.367191,0.029977,-0.263393,0.114876,-0.132818,0.979750,-0.494668,-0.026247,-0.019013,0.119045,0.218338,0.206850,0.126505,-0.369291,-0.200937,0.713951,0.203711,-0.206862,-0.064315,-0.331623,0.463632,0.063253,-0.021964,-0.107570,-0.114916
0.038618,-5.440847,0.711718,-0.078591,-0.022885,-0.708639,0.700807,-0.248273,0.135164,0.043093,1.615090,-0.375980,0.032524,-0.243405,0.114559,-0.130411,0.975087,-0.494631,-0.025763,-0.007551,0.119652,0.220213,0.227456,0.128626,-0.349434,-0.215927,0.691701,0.188429,-0.208281,-0.081504,-0.330339,0.471435,0.056227,-0.013392,-0.107944,-0.113881
0.038515,-5.450208,0.714089,-0.078257,-0.024260,-0.708708,0.700728,-0.276669,0.136427,0.047618,1.597684,-0.381157,0.034497,-0.223169,0.113657,-0.126009,0.968708,-0.491414,-0.024265,0.003999,0.119030,0.222084,0.249089,0.131558,-0.329969,-0.232051,0.650203,0.174790,-0.203270,-0.097191,-0.328655,0.479652,0.048360,0.001093,-0.109051,-0.112008
0.038495,-5.459551,0.716927,-0.077595,-0.025987,-0.709197,0.700245,-0.302810,0.136197,0.053906,1.573259,-0.382938,0.034994,-0.202483,0.112330,-0.119609,0.960510,-0.484931,-0.022002,0.015930,0.117345,0.223991,0.271863,0.135226,-0.310533,-0.249939,0.590904,0.159460,-0.193784,-0.111197,-0.326582,0.488091,0.039197,0.020514,-0.110763,-0.109566
0.038526,-5.468956,0.720205,-0.076746,-0.027915,-0.709705,0.699749,-0.326121,0.136114,0.062096,1.542699,-0.382351,0.035493,-0.181267,0.110376,-0.112746,0.950620,-0.475437,-0.019730,0.027463,0.114896,0.225728,0.294961,0.139441,-0.291969,-0.267865,0.525510,0.144255,-0.182159,-0.123194,-0.324103,0.496548,0.029244,0.040700,-0.112338,-0.106897
0.038599,-5.478434,0.723812,-0.075858,-0.029874,-0.709832,0.699637,-0.345992,0.137603,0.072413,1.506862,-0.380442,0.037368,-0.159405,0.107631,-0.106970,0.939166,-0.463218,-0.018197,0.037824,0.112008,0.227034,0.317372,0.143943,-0.275140,-0.283911,0.465512,0.131370,-0.170067,-0.132885,-0.321205,0.504803,0.019077,0.057428,-0.113071,-0.104364
0.038643,-5.488030,0.727762,-0.074958,-0.031947,-0.709440,0.700040,-0.361675,0.141694,0.086299,1.465111,-0.378684,0.040429,-0.136442,0.104083,-0.102329,0.925710,-0.448093,-0.017297,0.046680,0.108767,0.228028,0.338618,0.148684,-0.260308,-0.297367,0.410271,0.121500,-0.157153,-0.140203,-0.317873,0.512789,0.008802,0.070259,-0.112561,-0.102329
0.038693,-5.497707,0.731962,-0.073958,-0.034190,-0.708743,0.700746,-0.373369,0.146804,0.103585,1.417154,-0.376219,0.043677,-0.112589,0.099784,-0.098164,0.910365,-0.430060,-0.016734,0.054434,0.104989,0.228760,0.359086,0.153725,-0.246890,-0.309062,0.354854,0.113146,-0.142497,-0.145377,-0.314144,0.520658,-0.001732,0.081163,-0.111268,-0.100524
0.038781,-5.507529,0.736415,-0.072809,-0.036428,-0.707872,0.701633,-0.382139,0.150567,0.121951,1.364427,-0.370553,0.047421,-0.088820,0.094737,-0.095024,0.894276,-0.409633,-0.016982,0.061404,0.100656,0.228834,0.379016,0.158916,-0.234504,-0.319489,0.304114,0.105691,-0.126445,-0.148647,-0.310134,0.528538,-0.012266,0.089587,-0.109785,-0.098381
0.038856,-5.517485,0.741031,-0.071479,-0.038467,-0.706958,0.702582,-0.389222,0.151067,0.138783,1.308372,-0.359253,0.052369,-0.066045,0.088998,-0.093470,0.878441,-0.387322,-0.018536,0.067922,0.095859,0.227836,0.398519,0.163940,-0.222830,-0.328958,0.263024,0.098748,-0.109363,-0.150204,-0.305997,0.536543,-0.022587,0.094984,-0.108702,-0.095324
0.039019,-5.527516,0.745741,-0.069851,-0.040336,-0.705933,0.703671,-0.395026,0.148022,0.153669,1.248958,-0.343456,0.061387,-0.044285,0.082192,-0.093842,0.862758,-0.363113,-0.021400,0.073818,0.090466,0.225561,0.417306,0.168607,-0.212102,-0.336990,0.233320,0.092569,-0.090425,-0.149917,-0.301878,0.544818,-0.032619,0.096144,-0.108040,-0.091475
0.039128,-5.537719,0.750538,-0.067990,-0.042095,-0.704752,0.704932,-0.398957,0.142566,0.167814,1.185689,-0.324136,0.073418,-0.023141,0.074479,-0.095909,0.846879,-0.336833,-0.025391,0.078889,0.084607,0.222263,0.435280,0.172914,-0.202351,-0.343445,0.212240,0.087457,-0.069525,-0.147763,-0.297846,0.553350,-0.042523,0.093738,-0.107545,-0.087055
0.039335,-5.548007,0.755330,-0.066130,-0.043604,-0.703598,0.706170,-0.401023,0.135360,0.180691,1.119264,-0.298432,0.083661,-0.002884,0.066750,-0.099383,0.831403,-0.308712,-0.030750,0.083422,0.078800,0.218184,0.452779,0.176769,-0.192986,-0.349143,0.198061,0.083314,-0.048144,-0.144204,-0.293951,0.562033,-0.052299,0.090043,-0.107380,-0.081630
0.039600,-5.558427,0.760081,-0.064519,-0.044708,-0.702655,0.707188,-0.401312,0.127084,0.191564,1.050210,-0.263224,0.087370,0.016223,0.059873,-0.103961,0.816903,-0.278934,-0.037742,0.087713,0.073587,0.213546,0.470145,0.180006,-0.183418,-0.354871,0.189088,0.080045,-0.027830,-0.139710,-0.290206,0.570768,-0.061929,0.087356,-0.107687,-0.074774
0.039850,-5.568969,0.764721,-0.063132,-0.045421,-0.701914,0.708003,-0.399819,0.117598,0.199877,0.977426,-0.215051,0.084682,0.034184,0.053638,-0.110118,0.803261,-0.246809,-0.046940,0.091730,0.068897,0.208302,0.487300,0.182460,-0.173653,-0.360504,0.187726,0.078237,-0.008303,-0.134218,-0.286608,0.579623,-0.071341,0.085727,-0.108637,-0.066142
0.040088,-5.579582,0.769211,-0.061870,-0.045796,-0.701289,0.708709,-0.396696,0.106744,0.205358,0.900978,-0.156441,0.077817,0.051104,0.047639,-0.118009,0.790395,-0.212585,-0.058154,0.095236,0.064552,0.202343,0.504086,0.184087,-0.163925,-0.365680,0.193909,0.078118,0.011070,-0.127674,-0.283183,0.588719,-0.080432,0.084129,-0.110108,-0.056041
0.040343,-5.590237,0.773421,-0.060860,-0.045770,-0.700861,0.709221,-0.392303,0.095104,0.207366,0.822934,-0.092931,0.065076,0.066892,0.042474,-0.126753,0.778773,-0.177750,-0.070504,0.098313,0.060968,0.195815,0.520658,0.184911,-0.154041,-0.370766,0.202248,0.078866,0.029209,-0.120441,-0.279944,0.597988,-0.089282,0.083234,-0.111786,-0.045043
0.040508,-5.600881,0.777245,-0.060271,-0.045243,-0.700720,0.709445,-0.386781,0.083315,0.205191,0.744939,-0.029912,0.044701,0.081490,0.038818,-0.135368,0.768802,-0.143724,-0.083082,0.101065,0.058576,0.188867,0.537190,0.184993,-0.143799,-0.376158,0.207372,0.079430,0.045050,-0.112873,-0.276895,0.607353,-0.097965,0.083704,-0.113339,-0.033712
0.040735,-5.611674,0.780753,-0.060116,-0.044095,-0.700933,0.709319,-0.379541,0.070943,0.196857,0.664328,0.036293,0.013331,0.094894,0.036873,-0.144063,0.760056,-0.110031,-0.097020,0.103682,0.057506,0.181204,0.553971,0.184306,-0.133041,-0.381930,0.209106,0.079782,0.058304,-0.104826,-0.274017,0.616824,-0.106596,0.086018,-0.114592,-0.021576
0.040982,-5.622647,0.783895,-0.060376,-0.042381,-0.701454,0.708887,-0.370092,0.058137,0.181575,0.580023,0.106835,-0.027554,0.107206,0.036294,-0.153273,0.752468,-0.076194,-0.112492,0.106100,0.057625,0.172868,0.570841,0.182819,-0.121934,-0.387937,0.209888,0.080339,0.069546,-0.096222,-0.271319,0.626438,-0.115059,0.089721,-0.115701,-0.008527
0.041254,-5.633607,0.786550,-0.061181,-0.040279,-0.702216,0.708186,-0.358573,0.046820,0.161527,0.495913,0.172895,-0.072123,0.118803,0.037198,-0.162050,0.746394,-0.043236,-0.127039,0.108166,0.059086,0.164565,0.587288,0.180651,-0.110802,-0.394109,0.208263,0.080551,0.079043,-0.087420,-0.268839,0.636119,-0.123243,0.094077,-0.116838,0.004313
0.041552,-5.644626,0.788700,-0.062697,-0.037927,-0.703162,0.707244,-0.345586,0.039179,0.140596,0.416697,0.225850,-0.113872,0.130007,0.039857,-0.169248,0.742205,-0.012135,-0.138126,0.109782,0.062084,0.156997,0.602851,0.178028,-0.099986,-0.400487,0.202760,0.079847,0.087075,-0.078717,-0.266640,0.645739,-0.131110,0.098359,-0.118209,0.015822
0.041901,-5.655658,0.790302,-0.065394,-0.035054,-0.704355,0.705959,-0.330381,0.036121,0.118341,0.341088,0.261437,-0.152838,0.141921,0.045532,-0.174933,0.738337,0.017803,-0.144989,0.111250,0.067634,0.150214,0.618176,0.174989,-0.089006,-0.407892,0.190847,0.078284,0.091904,-0.069805,-0.264795,0.655125,-0.139023,0.102229,-0.119892,0.026142
0.042208,-5.666666,0.791276,-0.069352,-0.031485,-0.705866,0.704239,-0.312687,0.038098,0.094710,0.267178,0.285070,-0.191040,0.154452,0.054615,-0.179190,0.734470,0.047286,-0.149087,0.112786,0.076053,0.143965,0.633373,0.171521,-0.077950,-0.416203,0.173983,0.076088,0.093989,-0.060555,-0.263363,0.664320,-0.147043,0.106151,-0.121765,0.035738
0.042579,-5.677493,0.791706,-0.073878,-0.027658,-0.707599,0.702197,-0.295066,0.044909,0.075059,0.200277,0.302864,-0.225282,0.165847,0.065490,-0.180871,0.733203,0.075130,-0.150979,0.114041,0.085947,0.138440,0.647173,0.167910,-0.068015,-0.424009,0.156687,0.072902,0.096905,-0.051466,-0.262360,0.673487,-0.154750,0.110566,-0.123749,0.043968
0.042959,-5.688033,0.791748,-0.077895,-0.024250,-0.709383,0.700086,-0.280223,0.054095,0.064294,0.145297,0.321554,-0.253145,0.173754,0.075403,-0.179049,0.737960,0.099671,-0.150954,0.114507,0.094878,0.133744,0.658166,0.164684,-0.060377,-0.429800,0.143439,0.068287,0.104251,-0.043048,-0.261751,0.682728,-0.161702,0.115919,-0.125791,0.050186
0.043418,-5.698340,0.791399,-0.080325,-0.021780,-0.710999,0.698250,-0.268158,0.062329,0.070097,0.100340,0.345889,-0.261800,0.176358,0.081633,-0.173635,0.750998,0.119744,-0.146738,0.113731,0.100562,0.129511,0.665829,0.162244,-0.055154,-0.433304,0.133879,0.061945,0.116977,-0.035377,-0.261500,0.691998,-0.168083,0.123078,-0.128041,0.054056
0.044004,-5.708412,0.790675,-0.081603,-0.019968,-0.712505,0.696620,-0.273320,0.070442,0.085801,0.095886,0.355159,-0.261800,0.174694,0.085496,-0.165189,0.770741,0.136057,-0.138477,0.112081,0.103767,0.125620,0.670711,0.160804,-0.051877,-0.435088,0.126052,0.054127,0.133249,-0.028041,-0.261568,0.701017,-0.174160,0.131549,-0.130505,0.055995
0.044585,-5.718371,0.789587,-0.082378,-0.018830,-0.713979,0.695049,-0.276998,0.077440,0.104478,0.094239,0.366019,-0.261800,0.170130,0.088436,-0.153899,0.796378,0.148783,-0.129392,0.109761,0.105381,0.122701,0.673049,0.160478,-0.050749,-0.434807,0.122093,0.045236,0.152518,-0.020891,-0.261818,0.709619,-0.179458,0.139721,-0.132969,0.056471
0.045169,-5.728185,0.788029,-0.083094,-0.018691,-0.715364,0.693542,-0.277150,0.082269,0.121189,0.093255,0.376247,-0.261800,0.163961,0.090840,-0.140035,0.827950,0.157571,-0.122312,0.106650,0.105722,0.121612,0.673104,0.161149,-0.052060,-0.432149,0.124277,0.035787,0.174246,-0.013834,-0.262056,0.717463,-0.183372,0.145942,-0.135139,0.056084
0.045751,-5.737887,0.785932,-0.084048,-0.019670,-0.716660,0.692060,-0.272445,0.085359,0.140221,0.092715,0.387204,-0.261800,0.155828,0.094772,-0.121174,0.866719,0.163165,-0.118622,0.102458,0.104852,0.122940,0.671528,0.163585,-0.056020,-0.427517,0.134829,0.025771,0.200697,-0.006592,-0.262495,0.725252,-0.186224,0.149203,-0.137346,0.054071
0.046367,-5.747425,0.783332,-0.084901,-0.021603,-0.717865,0.690648,-0.263700,0.086750,0.162581,0.092465,0.400025,-0.261800,0.145566,0.100126,-0.098135,0.911931,0.165629,-0.115938,0.097859,0.102636,0.125982,0.667319,0.167642,-0.062996,-0.420360,0.152360,0.015438,0.231567,0.000893,-0.262920,0.731911,-0.188032,0.150473,-0.139547,0.050826
0.046882,-5.756807,0.780246,-0.085267,-0.024402,-0.718989,0.689339,-0.253275,0.085127,0.178021,0.093384,0.410214,-0.261800,0.134890,0.103713,-0.075851,0.960740,0.163481,-0.111920,0.092833,0.098308,0.129936,0.660642,0.173217,-0.071730,-0.411081,0.171942,0.005583,0.262823,0.008452,-0.263265,0.737672,-0.188866,0.151382,-0.141236,0.046914
0.047152,-5.766173,0.776695,-0.084937,-0.027912,-0.720114,0.688072,-0.261176,0.082779,0.174329,0.134262,0.393381,-0.261800,0.125312,0.101913,-0.059110,1.010686,0.155027,-0.105002,0.087798,0.091617,0.134109,0.651515,0.180212,-0.081217,-0.399967,0.188626,-0.003418,0.290328,0.016074,-0.263471,0.742408,-0.188970,0.153562,-0.141876,0.043065
0.046996,-5.775499,0.772637,-0.084201,-0.031963,-0.721351,0.686689,-0.283630,0.076731,0.139037,0.205180,0.356740,-0.261800,0.117837,0.094604,-0.048790,1.061099,0.139402,-0.093575,0.083003,0.083140,0.138582,0.639840,0.188582,-0.091564,-0.386751,0.202978,-0.011759,0.314528,0.023907,-0.263462,0.746197,-0.188288,0.157327,-0.141212,0.039153
0.047522,-5.784410,0.768386,-0.081362,-0.038150,-0.721452,0.686608,-0.305322,0.057676,0.105916,0.273138,0.321963,-0.199998,0.110416,0.077083,-0.042859,1.117305,0.114055,-0.076694,0.075183,0.068708,0.143626,0.626416,0.198192,-0.103514,-0.372192,0.216937,-0.019591,0.337146,0.031950,-0.263364,0.749044,-0.186814,0.161840,-0.139479,0.034967
0.048422,-5.792937,0.763854,-0.078619,-0.044396,-0.721409,0.686598,-0.326842,0.035423,0.076571,0.342227,0.283340,-0.125184,0.103176,0.055557,-0.041407,1.175465,0.083780,-0.061736,0.067000,0.054407,0.148825,0.611295,0.208823,-0.116639,-0.356816,0.227593,-0.027029,0.355753,0.039807,-0.263337,0.750833,-0.184630,0.167021,-0.137029,0.030992
0.048883,-5.802173,0.758241,-0.076667,-0.049671,-0.721567,0.686291,-0.344361,0.016822,0.060190,0.406073,0.237645,-0.066392,0.094736,0.031994,-0.044413,1.234412,0.051508,-0.054328,0.059241,0.042698,0.153559,0.594626,0.220212,-0.130420,-0.341246,0.232025,-0.034328,0.367843,0.047072,-0.263542,0.751512,-0.181838,0.172791,-0.134207,0.027708
0.049288,-5.811343,0.752064,-0.075250,-0.054073,-0.722023,0.685636,-0.356988,0.005361,0.061705,0.466455,0.172953,-0.027739,0.084982,0.003463,-0.052842,1.295812,0.014796,-0.056031,0.051717,0.033090,0.157353,0.577219,0.232241,-0.144531,-0.326513,0.226976,-0.041922,0.371253,0.053564,-0.264191,0.751755,-0.178764,0.181030,-0.130814,0.025385
0.049846,-5.820135,0.745551,-0.073792,-0.058214,-0.722545,0.684905,-0.367887,-0.002210,0.072647,0.528533,0.090977,0.000749,0.074531,-0.031327,-0.065358,1.359961,-0.027188,-0.063793,0.043908,0.023804,0.160526,0.558489,0.244860,-0.159223,-0.311828,0.214758,-0.049708,0.367613,0.059600,-0.265333,0.751458,-0.175487,0.191186,-0.126790,0.023640
0.050786,-5.828034,0.738911,-0.072064,-0.062166,-0.722804,0.684468,-0.379204,-0.008595,0.086215,0.590546,0.007963,0.022336,0.062548,-0.068890,-0.078533,1.424366,-0.069653,-0.075818,0.035651,0.014334,0.163586,0.536428,0.257902,-0.174844,-0.295016,0.200806,-0.057109,0.360156,0.065397,-0.266778,0.749379,-0.171576,0.199544,-0.122666,0.022035
0.051735,-5.835421,0.732168,-0.069991,-0.065881,-0.722520,0.684636,-0.392713,-0.016849,0.096261,0.649666,-0.058738,0.040802,0.048018,-0.105125,-0.089466,1.486313,-0.107501,-0.090428,0.026900,0.004466,0.167051,0.509068,0.271099,-0.191819,-0.273954,0.190609,-0.063656,0.352239,0.071124,-0.268142,0.744298,-0.166485,0.202379,-0.118958,0.020194
0.052584,-5.842593,0.725577,-0.067216,-0.069083,-0.721460,0.685715,-0.411384,-0.027796,0.102747,0.707348,-0.102983,0.056920,0.028986,-0.140658,-0.098849,1.547179,-0.139186,-0.109749,0.016867,-0.006017,0.170433,0.474972,0.284324,-0.210439,-0.248309,0.182590,-0.068718,0.343993,0.075672,-0.269140,0.735999,-0.159812,0.198805,-0.115819,0.018554
0.053276,-5.849286,0.719734,-0.063881,-0.071886,-0.719826,0.687461,-0.433367,-0.038844,0.109349,0.764963,-0.134907,0.069782,0.006533,-0.177001,-0.107480,1.607698,-0.167629,-0.133867,0.005845,-0.017102,0.173612,0.435506,0.297432,-0.230426,-0.219366,0.174803,-0.072677,0.333962,0.079192,-0.269642,0.725114,-0.151618,0.190729,-0.112927,0.017199
0.053883,-5.855263,0.714744,-0.060750,-0.074763,-0.718015,0.689329,-0.453010,-0.048890,0.115656,0.818231,-0.160614,0.080443,-0.016394,-0.210889,-0.113412,1.664353,-0.193874,-0.158077,-0.004656,-0.028373,0.177759,0.393137,0.310002,-0.251303,-0.187661,0.172240,-0.076783,0.323156,0.083519,-0.269434,0.711842,-0.141816,0.178632,-0.110128,0.015257
0.054245,-5.861080,0.710598,-0.058597,-0.078187,-0.716446,0.690767,-0.464788,-0.057562,0.121011,0.862273,-0.185683,0.089001,-0.037086,-0.238801,-0.115146,1.713636,-0.218666,-0.177541,-0.013240,-0.039208,0.184068,0.350384,0.321479,-0.272654,-0.153448,0.179962,-0.082449,0.312550,0.090287,-0.268246,0.696495,-0.130130,0.163022,-0.107224,0.011869
0.054370,-5.867000,0.707191,-0.057913,-0.082503,-0.714900,0.691923,-0.466090,-0.066056,0.124878,0.894293,-0.210004,0.094199,-0.054008,-0.259869,-0.113333,1.754500,-0.241536,-0.191273,-0.019985,-0.049356,0.193662,0.305996,0.331637,-0.295537,-0.112970,0.200781,-0.092870,0.303982,0.100443,-0.265696,0.678630,-0.115852,0.141017,-0.105100,0.006544
0.054532,-5.872849,0.704410,-0.058210,-0.087374,-0.713278,0.692974,-0.460324,-0.074696,0.128077,0.916974,-0.230661,0.096079,-0.069262,-0.275713,-0.109039,1.788968,-0.261901,-0.201680,-0.025637,-0.059073,0.205713,0.259558,0.340237,-0.319862,-0.067475,0.231486,-0.106516,0.296669,0.112390,-0.261591,0.658446,-0.098754,0.113338,-0.103389,-0.000113
0.054820,-5.878423,0.702200,-0.058856,-0.092182,-0.712188,0.693416,-0.450926,-0.082174,0.131812,0.933421,-0.248922,0.096228,-0.085625,-0.286456,-0.101624,1.817996,-0.280173,-0.209010,-0.030071,-0.068246,0.218414,0.214856,0.346706,-0.343137,-0.024281,0.268387,-0.117932,0.287298,0.123736,-0.256098,0.637512,-0.079054,0.085887,-0.100072,-0.007269
0.055215,-5.883720,0.700570,-0.059214,-0.096323,-0.712246,0.692764,-0.441258,-0.087026,0.137181,0.946743,-0.266187,0.096258,-0.105782,-0.292208,-0.090506,1.842499,-0.296865,-0.213663,-0.033356,-0.076571,0.229811,0.175405,0.350534,-0.362465,0.009906,0.308126,-0.121988,0.271963,0.132154,-0.249662,0.617587,-0.057001,0.064596,-0.093264,-0.014099
0.055563,-5.888801,0.699470,-0.059178,-0.099821,-0.713890,0.690576,-0.431115,-0.088387,0.145225,0.956814,-0.282868,0.096152,-0.131165,-0.291495,-0.073882,1.862821,-0.312128,-0.215205,-0.034937,-0.083901,0.239739,0.142123,0.351397,-0.376298,0.034235,0.354856,-0.117166,0.249026,0.137396,-0.242607,0.599074,-0.032316,0.051041,-0.081357,-0.021035
0.055882,-5.893535,0.698766,-0.059086,-0.102930,-0.716697,0.687212,-0.419033,-0.087317,0.155245,0.962215,-0.298179,0.095271,-0.159973,-0.284524,-0.053097,1.878505,-0.325525,-0.213745,-0.035210,-0.090056,0.248968,0.112709,0.349431,-0.386085,0.053041,0.409344,-0.107350,0.219928,0.140531,-0.235020,0.581336,-0.005053,0.042167,-0.065774,-0.028342
0.056393,-5.897963,0.698497,-0.058924,-0.105429,-0.719991,0.683393,-0.406477,-0.085053,0.165573,0.964343,-0.311766,0.094216,-0.189947,-0.274045,-0.032035,1.889025,-0.336708,-0.210374,-0.035432,-0.094801,0.256903,0.085567,0.345190,-0.393565,0.067631,0.463233,-0.095387,0.185368,0.141559,-0.227152,0.564226,0.023889,0.036857,-0.049289,-0.035016
0.056816,-5.902241,0.698759,-0.058715,-0.107052,-0.723116,0.679850,-0.394907,-0.082693,0.174424,0.964569,-0.323236,0.093503,-0.219091,-0.263030,-0.014339,1.893874,-0.345351,-0.206169,-0.036860,-0.098013,0.263060,0.059447,0.339452,-0.400366,0.078700,0.508009,-0.083424,0.146481,0.140669,-0.219407,0.547528,0.053343,0.033947,-0.034696,-0.040102
0.057313,-5.906417,0.699484,-0.058348,-0.107640,-0.726202,0.676491,-0.384835,-0.079883,0.181757,0.963107,-0.332424,0.093124,-0.248228,-0.251544,-0.000074,1.892731,-0.350767,-0.201002,-0.039393,-0.099619,0.267247,0.035074,0.332720,-0.405706,0.083732,0.542247,-0.070048,0.099555,0.138104,-0.212170,0.530908,0.081930,0.034560,-0.021295,-0.042931
0.057861,-5.910524,0.700730,-0.057860,-0.107371,-0.729491,0.673028,-0.375378,-0.076166,0.188311,0.959304,-0.339577,0.092763,-0.277818,-0.238341,0.012320,1.885839,-0.353352,-0.194427,-0.042377,-0.099805,0.269929,0.012952,0.325219,-0.409113,0.082690,0.570577,-0.054673,0.045333,0.134291,-0.205637,0.514359,0.109854,0.038864,-0.008134,-0.044324
0.058285,-5.914319,0.702286,-0.057430,-0.106533,-0.732506,0.669916,-0.365989,-0.072405,0.193426,0.953288,-0.344923,0.092443,-0.305675,-0.224694,0.021866,1.873540,-0.354388,-0.187075,-0.046179,-0.098854,0.271664,-0.008339,0.317262,-0.412709,0.079623,0.593100,-0.039490,-0.007940,0.129780,-0.199924,0.498050,0.138267,0.044249,0.002372,-0.045483
0.058667,-5.918062,0.704299,-0.057234,-0.105414,-0.734782,0.667614,-0.356122,-0.069484,0.196447,0.945154,-0.348688,0.092227,-0.329705,-0.212010,0.027746,1.856201,-0.355199,-0.179593,-0.051050,-0.097079,0.273005,-0.030269,0.309118,-0.418789,0.078604,0.609352,-0.026271,-0.051810,0.125197,-0.195074,0.482054,0.168254,0.048105,0.007817,-0.047479
0.059054,-5.921437,0.706453,-0.057300,-0.103913,-0.736127,0.666360,-0.346061,-0.067628,0.196861,0.934911,-0.350776,0.092206,-0.349821,-0.200446,0.029587,1.833341,-0.356279,-0.172358,-0.057333,-0.094311,0.273944,-0.053184,0.300819,-0.428009,0.079734,0.616927,-0.014095,-0.085320,0.120828,-0.191153,0.466203,0.199614,0.049375,0.006535,-0.050832
0.059463,-5.925127,0.709185,-0.057534,-0.101934,-0.736821,0.665878,-0.336000,-0.066352,0.195133,0.922474,-0.351092,0.092294,-0.367041,-0.189574,0.028104,1.804931,-0.356988,-0.164949,-0.064688,-0.090489,0.274305,-0.076239,0.292292,-0.439249,0.080959,0.616512,-0.001424,-0.112305,0.116657,-0.188238,0.450416,0.231606,0.049542,0.000164,-0.054846
0.059784,-5.928717,0.712135,-0.057928,-0.099769,-0.737105,0.665858,-0.325272,-0.065462,0.192087,0.907934,-0.350016,0.092327,-0.380942,-0.180008,0.024175,1.772097,-0.357101,-0.156875,-0.072372,-0.086127,0.274409,-0.099013,0.283588,-0.452141,0.083083,0.611874,0.010780,-0.131469,0.112769,-0.186280,0.434963,0.264528,0.049840,-0.008769,-0.058729
0.059986,-5.932371,0.715420,-0.058470,-0.097716,-0.737219,0.665989,-0.313286,-0.064734,0.188542,0.891509,-0.347874,0.092151,-0.391167,-0.172263,0.018798,1.735994,-0.356311,-0.147468,-0.079619,-0.081768,0.274553,-0.121070,0.274834,-0.466397,0.086913,0.606688,0.021270,-0.141568,0.109152,-0.185123,0.420083,0.298795,0.051517,-0.017742,-0.061651
0.060215,-5.936186,0.719054,-0.059322,-0.095909,-0.737075,0.666336,-0.299353,-0.064274,0.184301,0.872891,-0.344664,0.091854,-0.396683,-0.167003,0.011311,1.695934,-0.354690,-0.135926,-0.086551,-0.077586,0.275063,-0.142227,0.266115,-0.482476,0.092871,0.601660,0.029661,-0.140210,0.105793,-0.184662,0.405897,0.334978,0.054776,-0.027794,-0.063343
0.060223,-5.939662,0.722617,-0.060426,-0.094167,-0.736597,0.667012,-0.284007,-0.064089,0.179064,0.852125,-0.340252,0.091463,-0.398052,-0.163704,0.001570,1.651682,-0.352354,-0.122739,-0.093479,-0.073341,0.275703,-0.162500,0.257409,-0.500404,0.100275,0.594597,0.036561,-0.128716,0.102707,-0.184864,0.392284,0.372729,0.058980,-0.039690,-0.064219
0.060193,-5.943223,0.726375,-0.061465,-0.092286,-0.736064,0.667769,-0.268409,-0.063830,0.173495,0.829858,-0.334793,0.090764,-0.397227,-0.161151,-0.009160,1.604890,-0.349136,-0.109706,-0.099929,-0.068941,0.275898,-0.181782,0.248703,-0.519233,0.108304,0.584958,0.042060,-0.111463,0.099806,-0.185619,0.379161,0.411229,0.064174,-0.050504,-0.064470
0.060235,-5.946578,0.730110,-0.062100,-0.090091,-0.735745,0.668361,-0.253687,-0.063184,0.168267,0.806715,-0.328455,0.089583,-0.396229,-0.158128,-0.019496,1.557325,-0.344783,-0.098556,-0.105455,-0.064280,0.275056,-0.200063,0.240033,-0.537941,0.116195,0.572267,0.046257,-0.092842,0.096876,-0.186740,0.366478,0.449837,0.070386,-0.057348,-0.064323
0.060318,-5.949885,0.733924,-0.062224,-0.087429,-0.735701,0.668751,-0.240215,-0.062085,0.163326,0.782551,-0.320998,0.087864,-0.395582,-0.154917,-0.029545,1.508976,-0.339344,-0.090437,-0.109991,-0.059328,0.272792,-0.217520,0.231495,-0.556849,0.124216,0.555801,0.049178,-0.071395,0.093640,-0.188098,0.354213,0.488885,0.078189,-0.059011,-0.063381
0.060168,-5.953253,0.737786,-0.061997,-0.084454,-0.735791,0.669056,-0.227346,-0.060679,0.158379,0.757126,-0.312431,0.085764,-0.394247,-0.151956,-0.039789,1.459104,-0.332922,-0.084175,-0.113741,-0.054168,0.269473,-0.234091,0.223157,-0.576313,0.132608,0.536037,0.050453,-0.045679,0.090133,-0.189644,0.342404,0.528779,0.087349,-0.057184,-0.061716
0.059960,-5.956711,0.741702,-0.061583,-0.081344,-0.735982,0.669269,-0.214749,-0.059005,0.153757,0.731058,-0.303358,0.083428,-0.391873,-0.148522,-0.049496,1.408267,-0.325628,-0.078304,-0.116688,-0.048918,0.265623,-0.249553,0.215024,-0.595327,0.140695,0.514401,0.049774,-0.020127,0.086557,-0.191341,0.331122,0.569027,0.096661,-0.053281,-0.060297
0.059803,-5.960104,0.745540,-0.061146,-0.078279,-0.736240,0.669391,-0.202050,-0.057120,0.149791,0.704862,-0.294315,0.080989,-0.388156,-0.143908,-0.057893,1.356986,-0.317474,-0.071385,-0.118884,-0.043677,0.261742,-0.263703,0.207077,-0.612826,0.147824,0.492337,0.047076,0.000804,0.083119,-0.193159,0.320503,0.609129,0.104940,-0.048729,-0.060079
0.059561,-5.963486,0.749262,-0.060737,-0.075252,-0.736602,0.669377,-0.188940,-0.054873,0.146652,0.678171,-0.285286,0.078428,-0.382788,-0.137988,-0.064922,1.304669,-0.307849,-0.062930,-0.120287,-0.038377,0.257868,-0.276546,0.199297,-0.628582,0.154017,0.470010,0.042019,0.016560,0.079671,-0.195099,0.310528,0.649373,0.112169,-0.043281,-0.061256
0.059353,-5.966813,0.752798,-0.060252,-0.072199,-0.737071,0.669241,-0.175675,-0.052287,0.144129,0.650882,-0.276050,0.075731,-0.376048,-0.131222,-0.070812,1.251214,-0.296959,-0.053843,-0.120919,-0.033006,0.253740,-0.288272,0.191717,-0.643129,0.159639,0.446814,0.034870,0.029184,0.076131,-0.197149,0.301189,0.689955,0.118903,-0.036400,-0.063365
0.059100,-5.970138,0.756172,-0.059657,-0.069194,-0.737559,0.669074,-0.162781,-0.049699,0.141997,0.623962,-0.266864,0.073016,-0.368555,-0.123858,-0.075233,1.197943,-0.286101,-0.044873,-0.120917,-0.027816,0.249391,-0.298983,0.184422,-0.656546,0.164607,0.422976,0.026695,0.038156,0.072739,-0.199317,0.292611,0.730339,0.124800,-0.029084,-0.066345
0.058868,-5.973386,0.759287,-0.058901,-0.066327,-0.737981,0.668966,-0.150760,-0.047463,0.140027,0.598344,-0.257985,0.070378,-0.360884,-0.116138,-0.077896,1.146107,-0.276512,-0.036725,-0.120463,-0.023043,0.244870,-0.308696,0.177533,-0.668883,0.168733,0.398685,0.018596,0.043001,0.069743,-0.201610,0.284964,0.769956,0.129526,-0.022332,-0.070117
0.058557,-5.976543,0.762169,-0.057958,-0.063588,-0.738378,0.668876,-0.139675,-0.045611,0.138354,0.573927,-0.249158,0.067702,-0.353142,-0.107617,-0.078172,1.095359,-0.269031,-0.029937,-0.119448,-0.018721,0.240124,-0.317319,0.171156,-0.679975,0.171713,0.373354,0.010631,0.042761,0.066977,-0.204037,0.278211,0.809132,0.132793,-0.016353,-0.074934
0.058233,-5.979660,0.764777,-0.056848,-0.060952,-0.738775,0.668779,-0.129234,-0.044006,0.137022,0.550261,-0.240338,0.064983,-0.345021,-0.098543,-0.076359,1.045260,-0.262858,-0.024191,-0.117868,-0.014768,0.235158,-0.324847,0.165357,-0.689858,0.173609,0.346969,0.002580,0.037930,0.064342,-0.206608,0.272317,0.848058,0.134860,-0.010626,-0.080718
0.057831,-5.982755,0.767138,-0.055644,-0.058442,-0.739057,0.668793,-0.119468,-0.042744,0.135677,0.527746,-0.232014,0.062458,-0.336583,-0.090053,-0.073654,0.996956,-0.256663,-0.018809,-0.116068,-0.011226,0.230126,-0.331366,0.160181,-0.698868,0.174740,0.320610,-0.004921,0.030289,0.062178,-0.209297,0.267450,0.885966,0.136219,-0.005050,-0.086887
0.057415,-5.985759,0.769293,-0.054379,-0.056118,-0.739111,0.669035,-0.110403,-0.041905,0.133968,0.506742,-0.224634,0.060350,-0.327909,-0.083088,-0.071328,0.951564,-0.249095,-0.012938,-0.114384,-0.008129,0.225171,-0.336960,0.155650,-0.707340,0.175450,0.295400,-0.011342,0.021666,0.060793,-0.212069,0.263764,0.922121,0.137335,0.000474,-0.092865
0.056919,-5.988828,0.771226,-0.053077,-0.053919,-0.738886,0.669569,-0.102148,-0.041473,0.131769,0.487358,-0.218265,0.058796,-0.319024,-0.077330,-0.069386,0.909110,-0.239445,-0.005602,-0.112881,-0.005424,0.220230,-0.341645,0.151799,-0.715318,0.175515,0.271184,-0.016372,0.011468,0.060210,-0.214915,0.261555,0.956652,0.137941,0.005909,-0.099037
0.056393,-5.991791,0.772873,-0.051710,-0.051845,-0.738448,0.670322,-0.094588,-0.041419,0.129280,0.469245,-0.212655,0.057635,-0.309887,-0.072290,-0.067329,0.868989,-0.228489,0.002656,-0.111410,-0.003118,0.215258,-0.345388,0.148661,-0.722635,0.174829,0.247498,-0.020229,-0.000853,0.060196,-0.217843,0.260660,0.989956,0.137907,0.011230,-0.105527
0.055880,-5.994630,0.774270,-0.050291,-0.049979,-0.737879,0.671199,-0.087590,-0.041773,0.126647,0.452498,-0.207850,0.056634,-0.300565,-0.068483,-0.065745,0.831578,-0.217046,0.010546,-0.109966,-0.001271,0.210447,-0.348218,0.146238,-0.729317,0.173908,0.225023,-0.023360,-0.013390,0.060697,-0.220790,0.260537,1.021681,0.137921,0.016527,-0.111366
0.055250,-5.997428,0.775441,-0.048836,-0.048401,-0.737256,0.672106,-0.081016,-0.042552,0.124015,0.437188,-0.203910,0.055551,-0.291159,-0.066397,-0.065273,0.797327,-0.205902,0.016774,-0.108518,0.000039,0.205989,-0.350232,0.144500,-0.735427,0.173354,0.204447,-0.026316,-0.024243,0.061623,-0.223669,0.260611,1.051514,0.138644,0.021881,-0.115602
0.054698,-6.000250,0.776395,-0.047340,-0.047123,-0.736585,0.673039,-0.074797,-0.043832,0.121394,0.423208,-0.200820,0.054256,-0.281872,-0.066373,-0.066485,0.766860,-0.194163,0.020149,-0.107047,0.000752,0.201869,-0.351447,0.143420,-0.740975,0.173198,0.186039,-0.029358,-0.033352,0.062961,-0.226432,0.260815,1.079462,0.140147,0.027388,-0.118061
0.054120,-6.002931,0.777133,-0.045815,-0.046089,-0.735830,0.674041,-0.069006,-0.045563,0.118712,0.410525,-0.198532,0.052867,-0.272666,-0.067876,-0.069051,0.739861,-0.181750,0.021781,-0.105561,0.000944,0.198003,-0.351886,0.142987,-0.745963,0.173242,0.169417,-0.032250,-0.041552,0.064682,-0.229071,0.261396,1.105778,0.142067,0.032968,-0.119241
0.053403,-6.005513,0.777662,-0.044294,-0.045271,-0.735014,0.675088,-0.063673,-0.047578,0.115990,0.399291,-0.197047,0.051525,-0.263228,-0.070144,-0.072243,0.715357,-0.170693,0.023786,-0.104053,0.000736,0.194465,-0.351645,0.143181,-0.750439,0.173772,0.154289,-0.034892,-0.048299,0.066731,-0.231544,0.262240,1.130486,0.144411,0.038413,-0.119205
0.052758,-6.008066,0.778022,-0.042809,-0.044647,-0.734158,0.676155,-0.058842,-0.049732,0.113249,0.389667,-0.196363,0.050391,-0.253208,-0.072477,-0.075276,0.692262,-0.162962,0.028242,-0.102496,0.000198,0.191335,-0.350842,0.143966,-0.754466,0.175109,0.140394,-0.037182,-0.053042,0.069027,-0.233813,0.263217,1.153624,0.147171,0.043516,-0.118022
0.052051,-6.010556,0.778173,-0.041385,-0.044185,-0.733244,0.677266,-0.054651,-0.051955,0.110391,0.381904,-0.196628,0.049605,-0.242199,-0.074867,-0.078294,0.670199,-0.158194,0.037153,-0.100872,-0.000609,0.188636,-0.349600,0.145334,-0.758082,0.177121,0.127644,-0.039102,-0.055595,0.071655,-0.235874,0.264251,1.175126,0.150957,0.048095,-0.115250
0.051362,-6.012940,0.778223,-0.039995,-0.043914,-0.732266,0.678424,-0.051012,-0.054349,0.107434,0.375814,-0.197776,0.049061,-0.230447,-0.077609,-0.081642,0.649623,-0.155550,0.048925,-0.099194,-0.001756,0.186333,-0.347864,0.147274,-0.761252,0.179752,0.116207,-0.040788,-0.056244,0.074575,-0.237708,0.265412,1.195077,0.155546,0.052291,-0.111012
0.050571,-6.015280,0.778199,-0.038600,-0.043891,-0.731268,0.679581,-0.047686,-0.057019,0.104589,0.371013,-0.199566,0.048581,-0.218515,-0.080533,-0.084835,0.630704,-0.156336,0.060194,-0.097485,-0.003392,0.184361,-0.345461,0.149734,-0.763950,0.183498,0.106180,-0.042373,-0.055146,0.077597,-0.239266,0.266794,1.213653,0.159689,0.056436,-0.106231
0.049816,-6.017642,0.777955,-0.037186,-0.044149,-0.730293,0.680690,-0.044411,-0.060059,0.102059,0.367113,-0.201778,0.047981,-0.207036,-0.083502,-0.087370,0.613737,-0.161904,0.067579,-0.095751,-0.005660,0.182654,-0.342278,0.152626,-0.766163,0.188919,0.097650,-0.043984,-0.052460,0.080525,-0.240474,0.268467,1.231082,0.162115,0.060804,-0.101818
0.049074,-6.019933,0.777526,-0.035653,-0.044911,-0.729316,0.681770,-0.040900,-0.063943,0.100014,0.363928,-0.204491,0.047272,-0.195938,-0.086789,-0.088728,0.599329,-0.174846,0.069822,-0.093962,-0.009008,0.181208,-0.338352,0.155905,-0.768150,0.196068,0.090686,-0.045716,-0.047816,0.083472,-0.241280,0.270533,1.247470,0.162100,0.065426,-0.097704
0.048312,-6.022227,0.777002,-0.034061,-0.046068,-0.728323,0.682835,-0.037360,-0.068473,0.098296,0.361682,-0.207779,0.046542,-0.185018,-0.090386,-0.089296,0.587279,-0.193735,0.068757,-0.092097,-0.013250,0.180036,-0.333792,0.159549,-0.769863,0.204815,0.085236,-0.047510,-0.041255,0.086453,-0.241683,0.272919,1.262765,0.160442,0.070138,-0.093503
0.047461,-6.024420,0.776480,-0.032548,-0.047240,-0.727380,0.683833,-0.034364,-0.072723,0.096636,0.360720,-0.211434,0.045734,-0.174670,-0.093688,-0.089889,0.576598,-0.213856,0.065721,-0.090196,-0.017517,0.179104,-0.328519,0.163476,-0.770800,0.215382,0.081238,-0.049237,-0.033550,0.089195,-0.241650,0.275411,1.276877,0.158125,0.074937,-0.089637
0.046556,-6.026508,0.775999,-0.031277,-0.048026,-0.726555,0.684714,-0.032438,-0.075769,0.094777,0.361323,-0.215218,0.044782,-0.165242,-0.096102,-0.091340,0.566165,-0.230461,0.062171,-0.088287,-0.020971,0.178370,-0.322462,0.167556,-0.770456,0.228047,0.078656,-0.050754,-0.025478,0.091375,-0.241149,0.277825,1.289767,0.156173,0.079824,-0.086544
0.045692,-6.028517,0.775562,-0.030244,-0.048380,-0.725828,0.685506,-0.032008,-0.077534,0.092514,0.364121,-0.219185,0.043652,-0.156889,-0.097664,-0.094071,0.555862,-0.242791,0.058232,-0.086303,-0.023535,0.177811,-0.315722,0.171689,-0.768821,0.243089,0.076770,-0.052335,-0.017198,0.093080,-0.240113,0.280105,1.301381,0.155235,0.084855,-0.084466
0.044823,-6.030436,0.775192,-0.029375,-0.048504,-0.725178,0.686222,-0.032674,-0.078473,0.090046,0.368759,-0.223427,0.042373,-0.149388,-0.098585,-0.097527,0.546173,-0.253200,0.053331,-0.084208,-0.025626,0.177424,-0.308328,0.175816,-0.766144,0.260435,0.075870,-0.053931,-0.008306,0.094416,-0.238532,0.282321,1.311811,0.154641,0.090008,-0.083142
0.043953,-6.032247,0.774951,-0.028741,-0.048335,-0.724677,0.686791,-0.033850,-0.078425,0.087739,0.374199,-0.227809,0.040991,-0.142547,-0.098537,-0.101130,0.536897,-0.261652,0.047936,-0.082070,-0.027097,0.177174,-0.300181,0.179872,-0.762314,0.279885,0.077329,-0.054890,0.001267,0.095186,-0.236478,0.284454,1.321142,0.153418,0.095190,-0.082248
0.043095,-6.034019,0.774802,-0.028375,-0.047853,-0.724394,0.687138,-0.034916,-0.077229,0.085945,0.379340,-0.232167,0.039555,-0.136164,-0.097216,-0.104304,0.527804,-0.268082,0.042508,-0.079966,-0.027779,0.177038,-0.291170,0.183789,-0.757195,0.301211,0.082513,-0.054527,0.011582,0.095168,-0.234080,0.286492,1.329532,0.150602,0.100241,-0.081429
0.042316,-6.035703,0.774725,-0.028356,-0.046919,-0.724348,0.687252,-0.036130,-0.074481,0.084672,0.384535,-0.236737,0.038024,-0.130433,-0.094223,-0.107131,0.519046,-0.272139,0.036845,-0.077931,-0.027350,0.177023,-0.281220,0.187514,-0.750798,0.324685,0.092458,-0.052939,0.023160,0.094326,-0.231369,0.288414,1.336836,0.145258,0.105642,-0.080678
0.041445,-6.037313,0.774780,-0.028645,-0.045581,-0.724501,0.687168,-0.037661,-0.070372,0.083747,0.390131,-0.241504,0.036388,-0.125327,-0.089812,-0.109868,0.510621,-0.273985,0.030851,-0.075891,-0.025948,0.177118,-0.270391,0.191004,-0.743184,0.350313,0.106165,-0.050260,0.035768,0.092819,-0.228331,0.290235,1.343030,0.138160,0.111273,-0.080105
0.040601,-6.038869,0.774934,-0.029111,-0.044105,-0.724841,0.686887,-0.038782,-0.065628,0.083258,0.395056,-0.245936,0.034754,-0.120356,-0.084652,-0.112185,0.502077,-0.274284,0.025102,-0.073798,-0.024103,0.177306,-0.258733,0.194200,-0.734262,0.377438,0.121969,-0.045885,0.048309,0.090859,-0.225081,0.291914,1.348005,0.130782,0.116346,-0.079575
0.039850,-6.040389,0.775178,-0.029636,-0.042734,-0.725354,0.686409,-0.038787,-0.060972,0.083303,0.398284,-0.249536,0.033232,-0.115077,-0.079448,-0.113737,0.493057,-0.273702,0.020164,-0.071615,-0.022296,0.177579,-0.246310,0.197037,-0.723927,0.405383,0.138182,-0.039277,0.059663,0.088703,-0.221781,0.293526,1.351568,0.124727,0.120093,-0.078964
0.039164,-6.041883,0.775513,-0.030263,-0.041458,-0.726112,0.685658,-0.037565,-0.056292,0.084077,0.399716,-0.252220,0.031824,-0.109491,-0.074091,-0.114321,0.483475,-0.271983,0.015982,-0.069343,-0.020418,0.178030,-0.232845,0.199404,-0.711803,0.434583,0.156574,-0.030466,0.069983,0.086364,-0.218507,0.294724,1.353410,0.119929,0.122543,-0.078560
0.038491,-6.043331,0.775892,-0.031009,-0.040192,-0.727094,0.684658,-0.035474,-0.051297,0.085478,0.399863,-0.254247,0.030479,-0.103816,-0.068330,-0.114160,0.473581,-0.268906,0.012300,-0.066988,-0.018228,0.178635,-0.218398,0.201217,-0.698055,0.465164,0.177267,-0.019634,0.079563,0.083806,-0.215245,0.295591,1.353609,0.115729,0.124048,-0.078306
0.037877,-6.044786,0.776388,-0.031784,-0.039010,-0.728156,0.683561,-0.032508,-0.046465,0.087167,0.398559,-0.255591,0.029221,-0.097833,-0.062644,-0.113546,0.463229,-0.265160,0.009365,-0.064535,-0.016067,0.179199,-0.203573,0.202491,-0.683411,0.496148,0.196114,-0.006708,0.087567,0.081178,-0.212098,0.296790,1.352608,0.112752,0.124315,-0.077602
0.037338,-6.046283,0.776925,-0.032475,-0.038011,-0.729153,0.682522,-0.028678,-0.042273,0.088806,0.395647,-0.256218,0.028075,-0.091322,-0.057517,-0.112760,0.452221,-0.261394,0.007415,-0.062013,-0.014243,0.179577,-0.188908,0.203330,-0.668523,0.526433,0.209030,0.008293,0.093270,0.078649,-0.209206,0.298963,1.350763,0.111578,0.123059,-0.075816
0.036790,-6.047731,0.777453,-0.033060,-0.037244,-0.730084,0.681541,-0.023794,-0.038846,0.090405,0.390858,-0.255975,0.027038,-0.084173,-0.053088,-0.111704,0.440396,-0.257604,0.006682,-0.059452,-0.012771,0.179807,-0.174127,0.203755,-0.652742,0.555674,0.214492,0.026501,0.095817,0.076247,-0.206688,0.302386,1.347830,0.112294,0.120289,-0.072543
0.036269,-6.049223,0.777995,-0.033614,-0.036631,-0.731015,0.680548,-0.017942,-0.035942,0.092120,0.384385,-0.254937,0.026089,-0.076568,-0.049146,-0.110261,0.427954,-0.253519,0.006930,-0.056903,-0.011479,0.179996,-0.159020,0.203753,-0.635914,0.584352,0.214904,0.047423,0.095950,0.073922,-0.204564,0.306728,1.343615,0.114621,0.116154,-0.068156
0.035720,-6.050729,0.778584,-0.034087,-0.036168,-0.731899,0.679598,-0.011428,-0.033500,0.093826,0.376627,-0.253384,0.025233,-0.068708,-0.045631,-0.108690,0.415189,-0.249375,0.007692,-0.054380,-0.010390,0.180072,-0.144285,0.203475,-0.619511,0.612656,0.212019,0.068592,0.095463,0.071711,-0.202785,0.311741,1.338591,0.118671,0.110578,-0.063202
0.035358,-6.052095,0.779118,-0.034486,-0.035788,-0.732690,0.678745,-0.004600,-0.031450,0.095396,0.368023,-0.251598,0.024485,-0.060807,-0.042484,-0.107257,0.402408,-0.245402,0.008511,-0.051856,-0.009539,0.179964,-0.130579,0.203208,-0.605062,0.640704,0.207495,0.087568,0.096106,0.069668,-0.201253,0.317079,1.333223,0.124476,0.103497,-0.058233
0.034771,-6.053501,0.779667,-0.034756,-0.035496,-0.733354,0.678030,0.002509,-0.029869,0.096733,0.358420,-0.249570,0.023912,-0.052941,-0.039791,-0.106028,0.389608,-0.241628,0.009505,-0.049326,-0.009044,0.179599,-0.117925,0.203240,-0.592827,0.668214,0.200020,0.104231,0.098459,0.067865,-0.199881,0.322654,1.327297,0.132410,0.094551,-0.053131
0.034289,-6.054930,0.780188,-0.034920,-0.035315,-0.733924,0.677414,0.010049,-0.028768,0.097924,0.347719,-0.247182,0.023486,-0.044973,-0.037579,-0.104847,0.376653,-0.237963,0.010794,-0.046791,-0.008923,0.179067,-0.105884,0.203702,-0.582067,0.694978,0.189199,0.119700,0.101687,0.066213,-0.198653,0.328619,1.320654,0.142327,0.083956,-0.047647
0.033741,-6.056296,0.780647,-0.035059,-0.035243,-0.734451,0.676838,0.018054,-0.027971,0.099111,0.336221,-0.244530,0.023090,-0.036957,-0.035676,-0.103682,0.363903,-0.234522,0.011962,-0.044245,-0.009037,0.178563,-0.094383,0.204637,-0.572790,0.721208,0.178088,0.133396,0.105270,0.064428,-0.197550,0.335003,1.314085,0.153495,0.072314,-0.042113
0.033252,-6.057524,0.781069,-0.035255,-0.035280,-0.734989,0.676242,0.026471,-0.027289,0.100440,0.324382,-0.241717,0.022613,-0.028854,-0.033862,-0.102511,0.351477,-0.231343,0.012613,-0.041642,-0.009228,0.178244,-0.083414,0.206009,-0.565057,0.747202,0.169766,0.144772,0.108598,0.062349,-0.196539,0.341813,1.308140,0.165178,0.060365,-0.036913
0.032722,-6.058839,0.781490,-0.035505,-0.035443,-0.735556,0.675604,0.035405,-0.026735,0.101995,0.312123,-0.238727,0.022079,-0.020695,-0.032135,-0.101327,0.339547,-0.228519,0.012673,-0.038886,-0.009500,0.178050,-0.073146,0.207822,-0.559111,0.773332,0.165749,0.153830,0.111550,0.059936,-0.195658,0.349453,1.303128,0.178149,0.047316,-0.032043
0.032249,-6.060224,0.781872,-0.035783,-0.035722,-0.736121,0.674959,0.044839,-0.026386,0.103680,0.299282,-0.235519,0.021546,-0.012447,-0.030572,-0.100151,0.327934,-0.225972,0.012358,-0.036035,-0.009908,0.177923,-0.063532,0.210115,-0.554821,0.799377,0.164201,0.160838,0.114348,0.057278,-0.194916,0.357779,1.298667,0.192478,0.033134,-0.027268
0.031723,-6.061412,0.782178,-0.036112,-0.036096,-0.736668,0.674324,0.054554,-0.026131,0.105365,0.286235,-0.232187,0.020949,-0.004190,-0.029095,-0.099006,0.316747,-0.223626,0.011744,-0.033224,-0.010389,0.178048,-0.054299,0.212844,-0.551735,0.824808,0.163214,0.165670,0.116872,0.054325,-0.194211,0.365955,1.294434,0.206384,0.019596,-0.022712
0.031114,-6.062732,0.782491,-0.036534,-0.036526,-0.737180,0.673719,0.064423,-0.025879,0.106925,0.273206,-0.228808,0.020224,0.004052,-0.027627,-0.097909,0.306020,-0.221383,0.010920,-0.030561,-0.010902,0.178579,-0.045219,0.215898,-0.549420,0.849199,0.160899,0.168189,0.119034,0.051033,-0.193386,0.373095,1.290173,0.218038,0.008440,-0.018620
0.030524,-6.063970,0.782771,-0.037078,-0.037058,-0.737678,0.673114,0.074489,-0.025565,0.108431,0.260312,-0.225400,0.019360,0.012440,-0.026078,-0.096839,0.295592,-0.219172,0.009780,-0.027982,-0.011473,0.179627,-0.036484,0.219292,-0.548256,0.872634,0.157540,0.167957,0.120721,0.047229,-0.192376,0.379047,1.285936,0.227443,-0.000267,-0.014826
0.029952,-6.065142,0.783022,-0.037724,-0.037689,-0.738163,0.672511,0.084819,-0.025250,0.109917,0.247398,-0.221945,0.018403,0.020883,-0.024508,-0.095795,0.285624,-0.217094,0.008356,-0.025410,-0.012133,0.181073,-0.028217,0.223047,-0.548349,0.895401,0.153903,0.165189,0.122005,0.042990,-0.191168,0.384182,1.281877,0.235354,-0.007357,-0.011390
0.029422,-6.066291,0.783243,-0.038399,-0.038355,-0.738586,0.671971,0.095133,-0.025000,0.111193,0.234601,-0.218444,0.017367,0.029230,-0.023014,-0.094851,0.276080,-0.215156,0.006931,-0.022949,-0.012865,0.182704,-0.020189,0.226997,-0.548866,0.917534,0.148828,0.160696,0.123096,0.038505,-0.189751,0.388468,1.278073,0.241106,-0.012485,-0.008973
0.028831,-6.067345,0.783444,-0.039033,-0.038985,-0.738897,0.671556,0.105067,-0.024864,0.112071,0.222172,-0.214939,0.016259,0.037255,-0.021705,-0.094083,0.267027,-0.213378,0.005776,-0.020703,-0.013615,0.184272,-0.012215,0.230843,-0.548975,0.939183,0.141169,0.155281,0.124199,0.034004,-0.188101,0.391894,1.274580,0.244042,-0.015294,-0.008241
0.028307,-6.068490,0.783620,-0.039623,-0.039597,-0.739068,0.671298,0.114714,-0.024861,0.112465,0.210018,-0.211387,0.015026,0.045077,-0.020598,-0.093532,0.258358,-0.211742,0.004955,-0.018760,-0.014329,0.185705,-0.004424,0.234383,-0.548912,0.960907,0.130196,0.148116,0.125289,0.029432,-0.186203,0.394390,1.271524,0.242847,-0.014726,-0.009832
0.027793,-6.069653,0.783781,-0.040208,-0.040210,-0.739130,0.671159,0.124170,-0.024942,0.112485,0.198117,-0.207814,0.013684,0.052752,-0.019628,-0.093156,0.250084,-0.210244,0.004328,-0.017028,-0.014987,0.187077,0.002975,0.237558,-0.549003,0.982781,0.116716,0.139100,0.126241,0.024715,-0.184070,0.395984,1.268915,0.238264,-0.011297,-0.013272
0.027315,-6.070756,0.783908,-0.040755,-0.040770,-0.739123,0.671099,0.133200,-0.025079,0.112228,0.186640,-0.204275,0.012331,0.060072,-0.018774,-0.092899,0.242244,-0.208852,0.003851,-0.015367,-0.015595,0.188358,0.010060,0.240266,-0.548492,1.004219,0.101920,0.130136,0.127141,0.020007,-0.181758,0.396794,1.266679,0.232665,-0.007016,-0.017557
0.026889,-6.071826,0.784020,-0.041203,-0.041251,-0.739089,0.671080,0.141691,-0.025272,0.111801,0.175491,-0.200747,0.011055,0.066766,-0.018026,-0.092700,0.234978,-0.207566,0.003483,-0.013676,-0.016161,0.189501,0.016963,0.242369,-0.546573,1.024618,0.087022,0.123114,0.128137,0.015476,-0.179352,0.396989,1.264725,0.228410,-0.003913,-0.021708
0.026493,-6.072837,0.784125,-0.041529,-0.041616,-0.739025,0.671108,0.149276,-0.025495,0.111154,0.165206,-0.197380,0.009785,0.072688,-0.017384,-0.092558,0.228371,-0.206391,0.003286,-0.012019,-0.016623,0.190485,0.023616,0.243684,-0.543383,1.044054,0.071574,0.118386,0.129327,0.011273,-0.176955,0.396378,1.262873,0.225718,-0.002455,-0.025913
0.026151,-6.073908,0.784100,-0.041902,-0.041627,-0.738859,0.671267,0.152970,-0.024786,0.110106,0.161988,-0.197472,0.008412,0.077837,-0.016223,-0.092785,0.222336,-0.205318,0.003187,-0.010684,-0.016450,0.191137,0.030005,0.244256,-0.539204,1.062855,0.055209,0.114982,0.130664,0.007123,-0.174406,0.395024,1.261444,0.223474,-0.001605,-0.030577
0.025873,-6.074758,0.784052,-0.042249,-0.041475,-0.738635,0.671500,0.154634,-0.023725,0.108878,0.162318,-0.199285,0.007126,0.082635,-0.014902,-0.093216,0.216367,-0.204153,0.003111,-0.009235,-0.015716,0.191698,0.036080,0.244046,-0.533810,1.080713,0.039118,0.112796,0.132110,0.003671,-0.172517,0.393172,1.259478,0.222072,-0.000989,-0.034816
0.025667,-6.075750,0.784026,-0.042577,-0.041281,-0.738391,0.671760,0.156128,-0.022707,0.107656,0.162761,-0.201148,0.006097,0.087494,-0.013611,-0.093744,0.210063,-0.202804,0.002967,-0.008036,-0.015075,0.191940,0.041988,0.242954,-0.525891,1.098053,0.024891,0.111717,0.133720,-0.000525,-0.169960,0.391946,1.259025,0.221872,-0.000526,-0.038257
0.025477,-6.076724,0.783985,-0.042860,-0.041047,-0.738143,0.672029,0.157394,-0.021750,0.106460,0.163397,-0.203121,0.005416,0.092232,-0.012362,-0.094342,0.203724,-0.201367,0.002732,-0.006630,-0.014181,0.192119,0.047821,0.241094,-0.515435,1.114232,0.012860,0.112269,0.134981,-0.004375,-0.167830,0.390618,1.258446,0.223384,0.000052,-0.040303
0.025335,-6.077607,0.783957,-0.043094,-0.040760,-0.737879,0.672321,0.158420,-0.020877,0.105230,0.164118,-0.205086,0.004972,0.096891,-0.011161,-0.095021,0.197169,-0.199736,0.002475,-0.005320,-0.013089,0.192169,0.053520,0.238243,-0.502571,1.129549,0.002379,0.114317,0.136106,-0.008159,-0.165922,0.389366,1.258104,0.226349,0.000557,-0.041440
0.025222,-6.078495,0.783940,-0.043341,-0.040436,-0.737564,0.672670,0.159262,-0.019960,0.103953,0.165039,-0.207103,0.004615,0.102081,-0.009851,-0.095870,0.189389,-0.197426,0.002195,-0.003992,-0.011726,0.192199,0.058827,0.234578,-0.488607,1.144079,-0.007398,0.116802,0.138032,-0.011748,-0.164340,0.388662,1.257918,0.229852,0.000835,-0.042054
0.025099,-6.079454,0.783886,-0.043382,-0.040240,-0.737225,0.673051,0.160213,-0.019619,0.102824,0.165240,-0.208668,0.004320,0.104569,-0.009344,-0.096684,0.186989,-0.197919,0.002007,-0.002463,-0.010678,0.192045,0.063587,0.230316,-0.474631,1.157878,-0.017219,0.118645,0.141677,-0.015155,-0.163068,0.389171,1.257991,0.233045,0.000728,-0.042562
0.025001,-6.080324,0.783804,-0.043376,-0.040054,-0.736845,0.673479,0.161132,-0.019352,0.101849,0.165223,-0.210093,0.004023,0.106136,-0.009023,-0.097582,0.186367,-0.199330,0.001830,-0.000719,-0.009563,0.191851,0.067847,0.225586,-0.460230,1.170763,-0.027643,0.119817,0.147511,-0.018386,-0.162108,0.391183,1.258368,0.236005,-0.000085,-0.043030
0.024854,-6.081166,0.783736,-0.043361,-0.039852,-0.736418,0.673958,0.161938,-0.019072,0.100943,0.165227,-0.211502,0.003772,0.107650,-0.008720,-0.098609,0.185709,-0.200690,0.001645,0.001130,-0.008322,0.191673,0.071784,0.220407,-0.445014,1.182516,-0.038157,0.120814,0.154942,-0.021464,-0.161448,0.394344,1.258979,0.239095,-0.001422,-0.043239
0.024701,-6.081954,0.783666,-0.043327,-0.039685,-0.735914,0.674521,0.162654,-0.018847,0.099864,0.165286,-0.212814,0.003561,0.109141,-0.008506,-0.099869,0.185167,-0.202107,0.001498,0.002872,-0.007043,0.191513,0.075329,0.214861,-0.430182,1.193347,-0.047963,0.121186,0.163276,-0.024412,-0.161032,0.398304,1.259694,0.241908,-0.002703,-0.043184
0.024557,-6.082697,0.783600,-0.043288,-0.039592,-0.735298,0.675200,0.163317,-0.018794,0.098383,0.165419,-0.213938,0.003380,0.110769,-0.008488,-0.101452,0.184544,-0.203469,0.001424,0.004352,-0.005861,0.191414,0.078393,0.209087,-0.417000,1.203438,-0.056273,0.120527,0.171820,-0.027252,-0.160786,0.402626,1.260396,0.244004,-0.003364,-0.042863
0.024402,-6.083494,0.783531,-0.043264,-0.039622,-0.734552,0.676012,0.164027,-0.018952,0.096414,0.165631,-0.214854,0.003261,0.112580,-0.008727,-0.103402,0.184052,-0.204933,0.001470,0.005608,-0.004849,0.191464,0.081007,0.203193,-0.405487,1.212835,-0.063439,0.118283,0.181056,-0.030009,-0.160678,0.407378,1.261038,0.245300,-0.003195,-0.042160
0.024221,-6.084160,0.783463,-0.043257,-0.039728,-0.733693,0.676938,0.164714,-0.019218,0.094087,0.165969,-0.215630,0.003213,0.114547,-0.009125,-0.105672,0.183545,-0.206388,0.001590,0.006727,-0.003932,0.191646,0.083221,0.197229,-0.395111,1.221358,-0.069701,0.114835,0.191102,-0.032676,-0.160701,0.412676,1.261686,0.245994,-0.002522,-0.041118
0.024077,-6.084783,0.783402,-0.043204,-0.039847,-0.732751,0.677954,0.165229,-0.019564,0.091489,0.166354,-0.216277,0.003148,0.116481,-0.009616,-0.108197,0.182987,-0.207791,0.001704,0.007658,-0.003057,0.191799,0.085012,0.191249,-0.386274,1.228857,-0.074082,0.111220,0.200726,-0.035207,-0.160797,0.418143,1.262404,0.246081,-0.001573,-0.039980
0.023900,-6.085359,0.783349,-0.043053,-0.039897,-0.731755,0.679036,0.165418,-0.019966,0.088721,0.166654,-0.216740,0.003018,0.118072,-0.010168,-0.110904,0.182519,-0.209156,0.001733,0.008410,-0.002192,0.191741,0.086326,0.185324,-0.379450,1.235204,-0.075655,0.108511,0.208723,-0.037535,-0.160893,0.423334,1.263245,0.245529,-0.000572,-0.038996
0.023714,-6.085872,0.783322,-0.042758,-0.039864,-0.730664,0.680230,0.165156,-0.020423,0.085660,0.166904,-0.217027,0.002776,0.119284,-0.010780,-0.113918,0.182054,-0.210456,0.001628,0.008919,-0.001393,0.191410,0.087071,0.179532,-0.374882,1.240364,-0.072906,0.107241,0.215088,-0.039642,-0.160918,0.428116,1.264249,0.243933,0.000522,-0.038237
0.023373,-6.086486,0.783300,-0.042359,-0.039785,-0.729479,0.681530,0.164541,-0.020949,0.082302,0.167129,-0.217123,0.002461,0.120278,-0.011470,-0.117231,0.181514,-0.211657,0.001437,0.009239,-0.000702,0.190903,0.087322,0.173912,-0.372288,1.244385,-0.066783,0.106819,0.220369,-0.041580,-0.160855,0.432675,1.265412,0.241412,0.001788,-0.037573
0.023171,-6.086988,0.783279,-0.041919,-0.039685,-0.728286,0.682838,0.163813,-0.021512,0.078925,0.167304,-0.217131,0.002139,0.121097,-0.012196,-0.120576,0.181056,-0.212829,0.001238,0.009534,-0.000029,0.190312,0.087260,0.168457,-0.371409,1.247275,-0.060137,0.106606,0.224188,-0.043390,-0.160725,0.437103,1.266735,0.238776,0.003051,-0.036948
0.023061,-6.087490,0.783265,-0.041511,-0.039580,-0.727177,0.684050,0.163150,-0.022067,0.075804,0.167466,-0.217148,0.001884,0.121895,-0.012900,-0.123693,0.180606,-0.213915,0.001103,0.009965,0.000742,0.189724,0.087053,0.163126,-0.371964,1.249066,-0.055782,0.105926,0.226175,-0.045094,-0.160580,0.441477,1.268198,0.236812,0.004134,-0.036302
0.022973,-6.088002,0.783255,-0.041109,-0.039473,-0.726144,0.685177,0.162531,-0.022621,0.072914,0.167599,-0.217163,0.001670,0.122664,-0.013589,-0.126615,0.180128,-0.214886,0.001051,0.010483,0.001665,0.189081,0.086607,0.157922,-0.374595,1.249782,-0.054916,0.104652,0.226048,-0.046661,-0.160451,0.445763,1.269795,0.235677,0.005019,-0.035628
0.022834,-6.088545,0.783235,-0.040693,-0.039352,-0.725150,0.686260,0.161878,-0.023204,0.070155,0.167681,-0.217122,0.001509,0.123288,-0.014306,-0.129442,0.179746,-0.215814,0.001044,0.011061,0.002674,0.188363,0.085883,0.152847,-0.379220,1.249405,-0.055885,0.103119,0.224062,-0.048038,-0.160341,0.449905,1.271474,0.234955,0.005801,-0.034947
0.022710,-6.088993,0.783223,-0.040312,-0.039243,-0.724240,0.687249,0.161321,-0.023764,0.067640,0.167758,-0.217110,0.001397,0.123912,-0.014984,-0.132025,0.179387,-0.216678,0.001061,0.011823,0.003747,0.187713,0.085101,0.147835,-0.384495,1.247944,-0.057267,0.101305,0.220652,-0.049275,-0.160261,0.454076,1.273215,0.234665,0.006464,-0.034249
0.022583,-6.089387,0.783208,-0.040002,-0.039180,-0.723459,0.688092,0.160999,-0.024255,0.065489,0.167845,-0.217183,0.001356,0.124605,-0.015569,-0.134214,0.179072,-0.217495,0.001086,0.012842,0.004865,0.187262,0.084498,0.142774,-0.388984,1.245409,-0.057597,0.099187,0.216267,-0.050435,-0.160214,0.458474,1.275009,0.234794,0.006999,-0.033529
0.022552,-6.089877,0.783185,-0.039825,-0.039188,-0.722858,0.688734,0.161037,-0.024642,0.063848,0.168009,-0.217427,0.001428,0.125453,-0.016031,-0.135851,0.178842,-0.218265,0.001147,0.014190,0.006082,0.187131,0.084119,0.137560,-0.392501,1.241507,-0.056285,0.096560,0.209516,-0.051653,-0.160215,0.463506,1.277088,0.235830,0.007263,-0.032779
0.022485,-6.090386,0.783145,-0.039731,-0.039257,-0.722402,0.689214,0.161357,-0.024962,0.062614,0.168153,-0.217741,0.001590,0.126382,-0.016402,-0.137058,0.178673,-0.218972,0.001243,0.015741,0.007425,0.187202,0.083831,0.132164,-0.395634,1.236394,-0.054126,0.093479,0.200692,-0.052878,-0.160261,0.469022,1.279414,0.237629,0.007315,-0.032012
0.022444,-6.090802,0.783124,-0.039646,-0.039308,-0.722004,0.689633,0.161691,-0.025263,0.061540,0.168308,-0.218091,0.001768,0.127238,-0.016739,-0.138091,0.178563,-0.219676,0.001313,0.017281,0.008819,0.187245,0.083527,0.126639,-0.398243,1.230823,-0.051868,0.090305,0.192771,-0.053971,-0.160334,0.474448,1.281659,0.239291,0.007424,-0.031261
0.022376,-6.091061,0.783120,-0.039470,-0.039288,-0.721577,0.690091,0.161781,-0.025597,0.060376,0.168379,-0.218323,0.001885,0.127851,-0.017097,-0.139210,0.178460,-0.220372,0.001290,0.018595,0.010158,0.187035,0.083148,0.121079,-0.400149,1.225499,-0.050198,0.087424,0.188713,-0.054796,-0.160404,0.479199,1.283498,0.239898,0.007860,-0.030559
0.022335,-6.091387,0.783111,-0.039151,-0.039156,-0.721090,0.690625,0.161479,-0.025995,0.059038,0.168392,-0.218433,0.001903,0.128120,-0.017510,-0.140510,0.178336,-0.221073,0.001158,0.019603,0.011411,0.186413,0.082726,0.115461,-0.402019,1.219914,-0.048944,0.085327,0.188595,-0.055312,-0.160428,0.483217,1.284897,0.239187,0.008759,-0.029954
0.022314,-6.091822,0.783109,-0.038754,-0.038944,-0.720592,0.691179,0.160957,-0.026432,0.057668,0.168331,-0.218446,0.001870,0.128140,-0.017949,-0.141842,0.178241,-0.221784,0.000952,0.020468,0.012616,0.185529,0.082279,0.109777,-0.403739,1.213922,-0.047839,0.083690,0.191073,-0.055585,-0.160400,0.486700,1.286029,0.237596,0.009947,-0.029417
0.022278,-6.092275,0.783095,-0.038351,-0.038722,-0.720117,0.691709,0.160416,-0.026844,0.056344,0.168243,-0.218447,0.001831,0.128070,-0.018352,-0.143107,0.178208,-0.222485,0.000685,0.021288,0.013764,0.184641,0.081746,0.104199,-0.403961,1.208679,-0.047474,0.081703,0.196945,-0.055691,-0.160345,0.489627,1.286853,0.235437,0.011245,-0.028867
0.022228,-6.092767,0.783078,-0.038028,-0.038546,-0.719698,0.692172,0.159981,-0.027164,0.055149,0.168302,-0.218567,0.001835,0.128123,-0.018642,-0.144211,0.178163,-0.223116,0.000372,0.022138,0.014836,0.184047,0.081152,0.098994,-0.401322,1.205191,-0.048426,0.078556,0.206991,-0.055654,-0.160250,0.491942,1.287223,0.232970,0.012478,-0.028208
0.022130,-6.093233,0.783068,-0.037796,-0.038435,-0.719365,0.692537,0.159713,-0.027339,0.054154,0.168478,-0.218812,0.001898,0.128270,-0.018767,-0.145066,0.178194,-0.223681,-0.000048,0.023058,0.015721,0.183897,0.080446,0.094358,-0.395060,1.203885,-0.050337,0.074745,0.224365,-0.055510,-0.160085,0.493630,1.286990,0.229863,0.013729,-0.027336
0.021991,-6.093501,0.783060,-0.037627,-0.038344,-0.719093,0.692834,0.159518,-0.027421,0.053297,0.168743,-0.219146,0.001993,0.128433,-0.018780,-0.145744,0.178293,-0.224209,-0.000561,0.023955,0.016383,0.184056,0.079799,0.090313,-0.386007,1.203900,-0.053016,0.070432,0.247611,-0.055267,-0.159802,0.494777,1.286233,0.226128,0.015048,-0.026319
0.021897,-6.093740,0.783054,-0.037498,-0.038283,-0.718836,0.693111,0.159412,-0.027496,0.052465,0.169022,-0.219501,0.002101,0.128656,-0.018785,-0.146383,0.178417,-0.224731,-0.001049,0.024726,0.016888,0.184348,0.079567,0.086858,-0.375170,1.204336,-0.057234,0.064272,0.270577,-0.054913,-0.159414,0.495480,1.285223,0.222532,0.016194,-0.025328
0.021832,-6.093987,0.783032,-0.037382,-0.038263,-0.718545,0.693420,0.159389,-0.027652,0.051546,0.169254,-0.219804,0.002220,0.129016,-0.018887,-0.147123,0.178488,-0.225282,-0.001388,0.025283,0.017318,0.184610,0.080075,0.083968,-0.363591,1.204334,-0.063792,0.054916,0.287097,-0.054441,-0.158969,0.495879,1.284217,0.219903,0.016926,-0.024531
0.021791,-6.094250,0.783010,-0.037297,-0.038284,-0.718189,0.693792,0.159473,-0.027918,0.050434,0.169434,-0.220051,0.002318,0.129613,-0.019096,-0.148063,0.178350,-0.225802,-0.001522,0.025898,0.017616,0.184920,0.081759,0.081955,-0.350673,1.203703,-0.074249,0.039936,0.295469,-0.053460,-0.158582,0.495383,1.282706,0.218403,0.017112,-0.023965
0.021737,-6.094543,0.782993,-0.037239,-0.038347,-0.717800,0.694194,0.159652,-0.028251,0.049221,0.169598,-0.220282,0.002422,0.130321,-0.019383,-0.149103,0.178235,-0.226377,-0.001518,0.025938,0.017875,0.185217,0.084184,0.080090,-0.335371,1.203367,-0.087485,0.020694,0.298915,-0.052554,-0.158105,0.494861,1.281293,0.217813,0.016889,-0.023610
0.021734,-6.094789,0.782973,-0.037206,-0.038424,-0.717425,0.694580,0.159900,-0.028607,0.048053,0.169725,-0.220478,0.002517,0.131069,-0.019701,-0.150107,0.178118,-0.226942,-0.001469,0.026155,0.018080,0.185542,0.086821,0.078863,-0.321017,1.202478,-0.101443,0.001838,0.298454,-0.051365,-0.157686,0.493850,1.279671,0.217609,0.016508,-0.023286
0.021730,-6.095059,0.782945,-0.037175,-0.038509,-0.717110,0.694902,0.160192,-0.028935,0.047078,0.169830,-0.220666,0.002588,0.131764,-0.020001,-0.150935,0.178052,-0.227491,-0.001464,0.026498,0.018325,0.185809,0.089072,0.078182,-0.309863,1.200647,-0.113658,-0.012067,0.295383,-0.050133,-0.157361,0.492919,1.278218,0.217578,0.016199,-0.022891
0.021726,-6.095335,0.782918,-0.037171,-0.038619,-0.716880,0.695133,0.160627,-0.029243,0.046369,0.169873,-0.220824,0.002629,0.132444,-0.020296,-0.151503,0.178100,-0.228062,-0.001535,0.026111,0.018608,0.186068,0.091025,0.077688,-0.300580,1.197592,-0.124228,-0.019878,0.288612,-0.049487,-0.156955,0.493091,1.277544,0.217983,0.015953,-0.022408
0.021723,-6.095595,0.782885,-0.037182,-0.038761,-0.716707,0.695303,0.161175,-0.029546,0.045833,0.169872,-0.220958,0.002648,0.133132,-0.020596,-0.151902,0.178201,-0.228627,-0.001634,0.026217,0.019048,0.186239,0.092653,0.077649,-0.293966,1.193809,-0.134743,-0.023889,0.278185,-0.048567,-0.156699,0.492780,1.276959,0.218678,0.015658,-0.021887
0.021743,-6.095824,0.782872,-0.037185,-0.038875,-0.716555,0.695453,0.161665,-0.029828,0.045382,0.169864,-0.221084,0.002660,0.133743,-0.020884,-0.152251,0.178294,-0.229162,-0.001719,0.025717,0.019465,0.186366,0.093920,0.077986,-0.289247,1.189826,-0.142649,-0.024944,0.266807,-0.047988,-0.156423,0.493134,1.276708,0.219521,0.015431,-0.021402
0.021738,-6.096045,0.782850,-0.037133,-0.038923,-0.716388,0.695625,0.161956,-0.030052,0.044921,0.169836,-0.221203,0.002677,0.134213,-0.021115,-0.152672,0.178257,-0.229597,-0.001752,0.025077,0.019998,0.186259,0.094340,0.078633,-0.288079,1.186646,-0.146247,-0.023976,0.257449,-0.047486,-0.156188,0.493627,1.276648,0.220119,0.015353,-0.021064
0.021715,-6.096301,0.782844,-0.036995,-0.038877,-0.716190,0.695839,0.161925,-0.030219,0.044419,0.169798,-0.221291,0.002699,0.134443,-0.021294,-0.153219,0.178097,-0.229917,-0.001697,0.024236,0.020393,0.185912,0.094000,0.080179,-0.291142,1.183862,-0.143808,-0.019928,0.250518,-0.047064,-0.155823,0.494262,1.276669,0.220476,0.015428,-0.020905
0.021732,-6.096567,0.782825,-0.036808,-0.038760,-0.715981,0.696070,0.161664,-0.030332,0.043934,0.169810,-0.221399,0.002749,0.134548,-0.021426,-0.153821,0.177776,-0.230121,-0.001583,0.023448,0.020872,0.185342,0.092777,0.082222,-0.298117,1.181531,-0.136786,-0.012852,0.244665,-0.046581,-0.155461,0.494706,1.276780,0.220613,0.015612,-0.020881
0.021673,-6.096725,0.782817,-0.036602,-0.038619,-0.715784,0.696292,0.161340,-0.030418,0.043487,0.169786,-0.221492,0.002784,0.134567,-0.021533,-0.154410,0.177439,-0.230291,-0.001471,0.022765,0.021264,0.184713,0.091073,0.084794,-0.307752,1.179601,-0.128025,-0.005182,0.239641,-0.046073,-0.155094,0.495174,1.276920,0.220529,0.015927,-0.020864
0.021624,-6.096856,0.782815,-0.036412,-0.038497,-0.715617,0.696480,0.161076,-0.030484,0.043102,0.169735,-0.221581,0.002779,0.134577,-0.021625,-0.154915,0.177172,-0.230482,-0.001422,0.022117,0.021547,0.184135,0.089138,0.087584,-0.318630,1.178337,-0.120297,0.000631,0.235359,-0.045648,-0.154739,0.495974,1.277187,0.220213,0.016395,-0.020754
0.021582,-6.097040,0.782789,-0.036253,-0.038393,-0.715490,0.696625,0.160899,-0.030536,0.042795,0.169654,-0.221683,0.002720,0.134595,-0.021707,-0.155324,0.176987,-0.230715,-0.001473,0.021465,0.021746,0.183597,0.086832,0.090585,-0.331228,1.178068,-0.113477,0.004077,0.231906,-0.045359,-0.154379,0.497216,1.277670,0.219461,0.017076,-0.020629
0.021566,-6.097204,0.782786,-0.036102,-0.038289,-0.715390,0.696741,0.160752,-0.030563,0.042549,0.169532,-0.221787,0.002624,0.134575,-0.021771,-0.155669,0.176850,-0.230961,-0.001583,0.020717,0.021923,0.183011,0.084004,0.093695,-0.345834,1.178749,-0.106317,0.006409,0.229347,-0.045251,-0.154028,0.498902,1.278448,0.218396,0.017939,-0.020527
0.021532,-6.097376,0.782778,-0.035956,-0.038194,-0.715310,0.696836,0.160614,-0.030575,0.042345,0.169420,-0.221895,0.002509,0.134525,-0.021818,-0.155958,0.176757,-0.231204,-0.001701,0.020140,0.021936,0.182488,0.081066,0.097067,-0.361333,1.179610,-0.100158,0.007904,0.227513,-0.045122,-0.153666,0.500627,1.279216,0.217334,0.018863,-0.020242
0.021480,-6.097513,0.782773,-0.035832,-0.038101,-0.715243,0.696916,0.160542,-0.030575,0.042163,0.169268,-0.221985,0.002389,0.134542,-0.021840,-0.156201,0.176596,-0.231411,-0.001770,0.019615,0.021801,0.182061,0.078309,0.100398,-0.376118,1.180260,-0.096146,0.008782,0.226320,-0.045025,-0.153310,0.502445,1.279989,0.216698,0.019722,-0.019617
0.021440,-6.097653,0.782750,-0.035732,-0.038035,-0.715182,0.696987,0.160545,-0.030575,0.041995,0.169136,-0.222080,0.002262,0.134638,-0.021856,-0.156411,0.176441,-0.231635,-0.001758,0.019111,0.021492,0.181724,0.075711,0.103635,-0.390316,1.180786,-0.095072,0.008739,0.226110,-0.045017,-0.152985,0.504444,1.280870,0.216698,0.020528,-0.018379
0.021402,-6.097786,0.782742,-0.035650,-0.037988,-0.715132,0.697045,0.160594,-0.030557,0.041850,0.169034,-0.222188,0.002119,0.134818,-0.021842,-0.156586,0.176195,-0.231805,-0.001703,0.018593,0.021083,0.181442,0.073101,0.106784,-0.404490,1.181457,-0.096119,0.007770,0.226844,-0.045095,-0.152690,0.506682,1.281873,0.217103,0.021335,-0.016702
0.021376,-6.097898,0.782735,-0.035573,-0.037927,-0.715107,0.697078,0.160654,-0.030527,0.041746,0.168877,-0.222273,0.001978,0.134946,-0.021807,-0.156684,0.175982,-0.231964,-0.001645,0.018141,0.020636,0.181216,0.070572,0.109797,-0.417876,1.182062,-0.098076,0.006566,0.227853,-0.045219,-0.152431,0.508960,1.282893,0.217638,0.022079,-0.015092
0.021327,-6.098087,0.782729,-0.035477,-0.037822,-0.715120,0.697075,0.160573,-0.030481,0.041704,0.168759,-0.222357,0.001855,0.134864,-0.021747,-0.156664,0.175853,-0.232067,-0.001632,0.017753,0.020265,0.181020,0.068179,0.112504,-0.429608,1.182486,-0.099688,0.005813,0.228490,-0.045376,-0.152193,0.511211,1.283851,0.218093,0.022701,-0.014068
0.021313,-6.098196,0.782730,-0.035334,-0.037665,-0.715165,0.697046,0.160304,-0.030423,0.041680,0.168608,-0.222387,0.001758,0.134547,-0.021658,-0.156542,0.175723,-0.232059,-0.001682,0.017442,0.020004,0.180828,0.065855,0.114903,-0.439674,1.182723,-0.100905,0.005697,0.228805,-0.045570,-0.151967,0.513299,1.284784,0.218452,0.023151,-0.013928
0.021305,-6.098260,0.782743,-0.035164,-0.037468,-0.715237,0.696991,0.159877,-0.030351,0.041681,0.168520,-0.222431,0.001677,0.134037,-0.021544,-0.156328,0.175654,-0.231995,-0.001767,0.017053,0.019895,0.180605,0.063477,0.116767,-0.448255,1.183114,-0.102206,0.005822,0.229119,-0.045898,-0.151771,0.515496,1.285852,0.218877,0.023470,-0.014366
0.021302,-6.098293,0.782748,-0.035011,-0.037256,-0.715354,0.696889,0.159485,-0.030252,0.041794,0.168373,-0.222454,0.001598,0.133475,-0.021396,-0.155987,0.175619,-0.231905,-0.001868,0.017032,0.019704,0.180491,0.061424,0.118781,-0.455729,1.183074,-0.103550,0.006108,0.229046,-0.046118,-0.151557,0.517448,1.286718,0.219149,0.023722,-0.014925
0.021316,-6.098360,0.782753,-0.034904,-0.037067,-0.715535,0.696719,0.159242,-0.030096,0.042108,0.168227,-0.222523,0.001508,0.133019,-0.021184,-0.155487,0.175551,-0.231793,-0.001964,0.016801,0.019641,0.180403,0.059382,0.119961,-0.460956,1.183586,-0.104204,0.006301,0.228382,-0.046585,-0.151434,0.519885,1.287774,0.219223,0.024000,-0.015198
0.021326,-6.098467,0.782746,-0.034833,-0.036902,-0.715807,0.696452,0.159184,-0.029865,0.042710,0.168038,-0.222624,0.001397,0.132627,-0.020893,-0.154760,0.175497,-0.231671,-0.002056,0.017096,0.019448,0.180402,0.058004,0.121318,-0.464555,1.183582,-0.104378,0.006535,0.226726,-0.046891,-0.151328,0.522298,1.288605,0.219071,0.024301,-0.015029
0.021348,-6.098531,0.782756,-0.034795,-0.036739,-0.716153,0.696107,0.159218,-0.029579,0.043534,0.167838,-0.222752,0.001277,0.132230,-0.020541,-0.153842,0.175505,-0.231556,-0.002151,0.017447,0.019191,0.180515,0.057083,0.122560,-0.466037,1.183317,-0.103982,0.006824,0.224284,-0.047274,-0.151257,0.524959,1.289357,0.218728,0.024606,-0.014630
0.021341,-6.098595,0.782745,-0.034803,-0.036596,-0.716522,0.695734,0.159357,-0.029266,0.044431,0.167667,-0.222919,0.001153,0.131930,-0.020160,-0.152857,0.175497,-0.231424,-0.002248,0.017905,0.019044,0.180699,0.055936,0.123267,-0.466514,1.183547,-0.103569,0.007042,0.221729,-0.047684,-0.151235,0.527517,1.290085,0.218131,0.024892,-0.014197
0.021333,-6.098643,0.782746,-0.034847,-0.036511,-0.716866,0.695382,0.159597,-0.028972,0.045259,0.167510,-0.223089,0.001032,0.131729,-0.019809,-0.151925,0.175535,-0.231314,-0.002348,0.017961,0.018839,0.181045,0.055003,0.124018,-0.466626,1.183529,-0.103757,0.007158,0.219551,-0.048182,-0.151227,0.530508,1.290635,0.217555,0.025147,-0.013910
0.021330,-6.098619,0.782741,-0.034977,-0.036508,-0.717152,0.695080,0.159999,-0.028703,0.045931,0.167427,-0.223291,0.000933,0.131738,-0.019500,-0.151113,0.175653,-0.231255,-0.002461,0.017910,0.018629,0.181681,0.053765,0.124630,-0.466641,1.183748,-0.104885,0.007129,0.217813,-0.048660,-0.151229,0.533285,1.290937,0.216636,0.025362,-0.013830
0.021353,-6.098597,0.782729,-0.035170,-0.036574,-0.717414,0.694797,0.160558,-0.028435,0.046534,0.167399,-0.223536,0.000845,0.131965,-0.019195,-0.150350,0.175724,-0.231187,-0.002581,0.017844,0.018437,0.182556,0.052455,0.125117,-0.466246,1.184006,-0.106650,0.007019,0.216265,-0.049104,-0.151237,0.535937,1.291005,0.215456,0.025552,-0.013865
0.021377,-6.098638,0.782715,-0.035357,-0.036637,-0.717698,0.694491,0.161108,-0.028173,0.047207,0.167324,-0.223741,0.000736,0.132083,-0.018908,-0.149528,0.175909,-0.231140,-0.002692,0.017874,0.018241,0.183396,0.051066,0.125460,-0.465779,1.184437,-0.108502,0.006826,0.215007,-0.049524,-0.151255,0.538486,1.290967,0.214196,0.025701,-0.013901
0.021394,-6.098619,0.782706,-0.035479,-0.036614,-0.718047,0.694124,0.161508,-0.027898,0.048076,0.167151,-0.223883,0.000573,0.131982,-0.018601,-0.148554,0.176024,-0.231015,-0.002774,0.017721,0.018007,0.183967,0.049989,0.125791,-0.465234,1.184723,-0.109874,0.006575,0.214115,-0.049981,-0.151290,0.541518,1.290867,0.213250,0.025822,-0.013853
0.021407,-6.098679,0.782698,-0.035473,-0.036507,-0.718481,0.693682,0.161700,-0.027623,0.049199,0.166801,-0.223892,0.000318,0.131548,-0.018281,-0.147388,0.176080,-0.230799,-0.002797,0.017511,0.017769,0.184166,0.049276,0.126079,-0.464719,1.184856,-0.110628,0.006254,0.213672,-0.050489,-0.151354,0.544937,1.290738,0.212577,0.025923,-0.013711
0.021448,-6.098688,0.782708,-0.035414,-0.036326,-0.718973,0.693184,0.161788,-0.027342,0.050499,0.166322,-0.223820,-0.000002,0.130936,-0.017945,-0.146084,0.176048,-0.230495,-0.002780,0.017843,0.017577,0.184145,0.048273,0.126178,-0.464712,1.185415,-0.111136,0.005836,0.213630,-0.050793,-0.151417,0.547735,1.290426,0.211710,0.025988,-0.013496
0.021489,-6.098679,0.782709,-0.035329,-0.036119,-0.719501,0.692651,0.161802,-0.027047,0.051901,0.165837,-0.223743,-0.000323,0.130204,-0.017604,-0.144696,0.176051,-0.230185,-0.002773,0.017713,0.017379,0.183976,0.047691,0.126202,-0.464443,1.185685,-0.111429,0.005389,0.213901,-0.051232,-0.151548,0.551347,1.290137,0.211341,0.026009,-0.013235
0.021515,-6.098688,0.782726,-0.035258,-0.035930,-0.720040,0.692104,0.161834,-0.026730,0.053332,0.165379,-0.223700,-0.000586,0.129435,-0.017249,-0.143274,0.176155,-0.229906,-0.002830,0.017824,0.017226,0.183881,0.046919,0.126130,-0.464692,1.185984,-0.111646,0.004972,0.214397,-0.051630,-0.151681,0.554457,1.289799,0.211034,0.025939,-0.012829
0.021537,-6.098690,0.782732,-0.035218,-0.035763,-0.720606,0.691526,0.161876,-0.026369,0.054827,0.165050,-0.223768,-0.000749,0.128681,-0.016864,-0.141782,0.176307,-0.229637,-0.002990,0.018126,0.017098,0.183911,0.046037,0.126022,-0.465442,1.186118,-0.111806,0.004636,0.215205,-0.052097,-0.151791,0.557218,1.289458,0.210926,0.025745,-0.012166
0.021592,-6.098610,0.782745,-0.035194,-0.035586,-0.721205,0.690911,0.161896,-0.025970,0.056410,0.164770,-0.223885,-0.000853,0.127875,-0.016450,-0.140209,0.176489,-0.229357,-0.003218,0.018263,0.017000,0.183901,0.045362,0.125831,-0.466416,1.186007,-0.111935,0.004331,0.216384,-0.052624,-0.151938,0.560373,1.289108,0.211303,0.025461,-0.011362
0.021613,-6.098571,0.782748,-0.035169,-0.035408,-0.721796,0.690304,0.161901,-0.025563,0.057970,0.164503,-0.224012,-0.000963,0.127065,-0.016027,-0.138652,0.176674,-0.229077,-0.003453,0.018197,0.016959,0.183815,0.044797,0.125508,-0.467465,1.185880,-0.111929,0.003991,0.217667,-0.053110,-0.152149,0.563671,1.288741,0.211902,0.025147,-0.010597
0.021634,-6.098565,0.782749,-0.035133,-0.035234,-0.722338,0.689748,0.161907,-0.025172,0.059394,0.164198,-0.224102,-0.001139,0.126294,-0.015622,-0.137213,0.176838,-0.228815,-0.003629,0.018047,0.016939,0.183682,0.044229,0.125123,-0.468578,1.185891,-0.111698,0.003560,0.218798,-0.053455,-0.152373,0.566576,1.288362,0.212350,0.024853,-0.010057
0.021650,-6.098563,0.782759,-0.035086,-0.035045,-0.722812,0.689263,0.161872,-0.024793,0.060630,0.163862,-0.224137,-0.001425,0.125624,-0.015210,-0.135936,0.176812,-0.228485,-0.003723,0.017806,0.016895,0.183509,0.043756,0.124808,-0.469790,1.185899,-0.111222,0.002929,0.219717,-0.053603,-0.152523,0.568983,1.287917,0.212511,0.024537,-0.009901
0.021680,-6.098552,0.782761,-0.035041,-0.034838,-0.723245,0.688822,0.161834,-0.024427,0.061747,0.163479,-0.224140,-0.001776,0.124962,-0.014811,-0.134757,0.176802,-0.228192,-0.003767,0.017365,0.016842,0.183247,0.043465,0.124475,-0.471082,1.185858,-0.110573,0.002163,0.220582,-0.053633,-0.152643,0.571322,1.287456,0.212684,0.024195,-0.010014
0.021725,-6.098514,0.782780,-0.035000,-0.034651,-0.723652,0.688406,0.161806,-0.024056,0.062799,0.163136,-0.224157,-0.002138,0.124417,-0.014399,-0.133642,0.176650,-0.227839,-0.003806,0.016980,0.016721,0.183214,0.043023,0.124336,-0.472184,1.185757,-0.109502,0.001504,0.221225,-0.053730,-0.152677,0.572819,1.286959,0.212470,0.023911,-0.010023
0.021697,-6.098511,0.782780,-0.034965,-0.034481,-0.724066,0.687981,0.161796,-0.023715,0.063884,0.162795,-0.224165,-0.002448,0.123777,-0.014030,-0.132506,0.176729,-0.227585,-0.003877,0.016353,0.016752,0.182628,0.042853,0.123936,-0.474089,1.186023,-0.109152,0.001121,0.222062,-0.053648,-0.152759,0.575458,1.286875,0.213393,0.023731,-0.010001
0.021732,-6.098453,0.782792,-0.034978,-0.034362,-0.724471,0.687560,0.161892,-0.023384,0.064972,0.162547,-0.224235,-0.002673,0.123306,-0.013667,-0.131397,0.176751,-0.227301,-0.004012,0.015836,0.016758,0.182381,0.042238,0.123729,-0.475784,1.186504,-0.108327,0.001349,0.222525,-0.053756,-0.152796,0.576965,1.286921,0.214092,0.023815,-0.009367
