-0.016711,0.004480,0.737113,-0.000312,-0.006774,-0.153274,0.988160,-0.187853,0.153632,0.108747,0.717704,-0.534920,-0.128511,-0.246382,-0.129671,0.093677,0.708099,-0.439933,0.183291,-0.070737,-0.003830,0.135460,-0.020362,0.305171,-0.556425,1.025990,0.925411,-0.094086,0.401551,0.007056,-0.289501,0.454287,1.036017,-0.384060,-0.172697,-0.375897
-0.016529,0.004383,0.737104,-0.000247,-0.006854,-0.153205,0.988171,-0.187188,0.153408,0.108581,0.717146,-0.534768,-0.128767,-0.245832,-0.129869,0.093523,0.708005,-0.440253,0.183156,-0.071024,-0.004346,0.134899,-0.020710,0.305317,-0.557112,1.025372,0.921480,-0.093691,0.398137,0.007423,-0.289493,0.454836,1.034480,-0.381889,-0.178001,-0.369720
-0.016383,0.004269,0.737112,-0.000181,-0.006941,-0.153143,0.988180,-0.186498,0.153178,0.108420,0.716573,-0.534617,-0.129039,-0.245275,-0.130072,0.093379,0.707924,-0.440585,0.183029,-0.071301,-0.004869,0.134335,-0.021161,0.305427,-0.557938,1.025006,0.917648,-0.093102,0.396019,0.007755,-0.289437,0.455396,1.033036,-0.379770,-0.183344,-0.363603
-0.016221,0.004140,0.737123,-0.000117,-0.007013,-0.153067,0.988191,-0.185863,0.152961,0.108248,0.716029,-0.534460,-0.129279,-0.244743,-0.130266,0.093216,0.707836,-0.440903,0.182886,-0.071476,-0.005419,0.133650,-0.021642,0.305542,-0.558810,1.024510,0.913459,-0.092844,0.391372,0.008132,-0.289319,0.455928,1.031640,-0.377405,-0.188575,-0.357369
-0.016073,0.004017,0.737148,-0.000066,-0.007054,-0.152956,0.988208,-0.185368,0.152784,0.108043,0.715560,-0.534280,-0.129437,-0.244271,-0.130428,0.092998,0.707759,-0.441195,0.182705,-0.071579,-0.005957,0.132840,-0.022107,0.305632,-0.559305,1.023525,0.908656,-0.093487,0.380355,0.008568,-0.289173,0.456341,1.030182,-0.374621,-0.193572,-0.350784
-0.015913,0.003903,0.737166,-0.000031,-0.007042,-0.152805,0.988231,-0.185074,0.152653,0.107807,0.715193,-0.534076,-0.129465,-0.243910,-0.130548,0.092723,0.707712,-0.441472,0.182468,-0.071552,-0.006407,0.131885,-0.022430,0.305654,-0.559313,1.021730,0.903131,-0.095422,0.360945,0.009042,-0.289092,0.456499,1.028658,-0.371124,-0.198473,-0.343884
-0.015768,0.003811,0.737191,0.000002,-0.006986,-0.152628,0.988259,-0.184939,0.152546,0.107553,0.714894,-0.533850,-0.129399,-0.243661,-0.130649,0.092417,0.707710,-0.441747,0.182195,-0.071480,-0.006985,0.130529,-0.022788,0.305774,-0.559064,1.019532,0.896760,-0.098151,0.335068,0.009718,-0.288882,0.456848,1.027155,-0.366856,-0.203274,-0.336784
-0.015664,0.003730,0.737189,0.000027,-0.006935,-0.152423,0.988291,-0.184830,0.152460,0.107267,0.714613,-0.533604,-0.129320,-0.243379,-0.130737,0.092059,0.707675,-0.441980,0.181906,-0.071526,-0.007585,0.129250,-0.022869,0.306024,-0.558495,1.016865,0.889928,-0.100917,0.306235,0.010096,-0.288532,0.457267,1.025846,-0.362688,-0.207628,-0.329337
-0.015557,0.003643,0.737198,0.000039,-0.006921,-0.152196,0.988326,-0.184645,0.152393,0.106941,0.714314,-0.533340,-0.129310,-0.242955,-0.130820,0.091635,0.707530,-0.442125,0.181627,-0.071627,-0.008242,0.128087,-0.022962,0.306365,-0.558078,1.014310,0.882576,-0.102919,0.277384,0.010358,-0.288092,0.457864,1.024577,-0.359109,-0.211190,-0.321405
-0.015421,0.003541,0.737211,0.000031,-0.006979,-0.151950,0.988364,-0.184279,0.152372,0.106594,0.713968,-0.533063,-0.129393,-0.242297,-0.130876,0.091149,0.707252,-0.442166,0.181368,-0.071644,-0.008982,0.127082,-0.023211,0.306787,-0.557914,1.011922,0.873960,-0.104257,0.247615,0.010672,-0.287545,0.458544,1.023261,-0.356342,-0.214140,-0.313161
-0.015331,0.003388,0.737220,0.000003,-0.007077,-0.151680,0.988404,-0.183834,0.152397,0.106212,0.713629,-0.532783,-0.129518,-0.241464,-0.130907,0.090594,0.706835,-0.442101,0.181117,-0.071491,-0.009628,0.126180,-0.023782,0.306992,-0.557979,1.009795,0.864317,-0.105120,0.215897,0.011309,-0.287224,0.459119,1.021558,-0.354057,-0.216580,-0.304548
-0.015279,0.003233,0.737233,-0.000022,-0.007169,-0.151385,0.988449,-0.183445,0.152410,0.105780,0.713279,-0.532468,-0.129683,-0.240656,-0.130951,0.089987,0.706420,-0.442019,0.180854,-0.071400,-0.010284,0.125288,-0.024419,0.307167,-0.558292,1.007933,0.855189,-0.105037,0.185051,0.011826,-0.286900,0.459809,1.019847,-0.352039,-0.218039,-0.295253
-0.015200,0.003078,0.737265,-0.000021,-0.007208,-0.151059,0.988499,-0.183280,0.152336,0.105245,0.712952,-0.532108,-0.129855,-0.240061,-0.131078,0.089316,0.706112,-0.441990,0.180577,-0.071438,-0.011022,0.124312,-0.025112,0.307378,-0.559092,1.006592,0.848080,-0.103674,0.157935,0.012011,-0.286470,0.460607,1.018301,-0.350148,-0.218050,-0.284954
-0.015135,0.002972,0.737281,0.000019,-0.007154,-0.150719,0.988551,-0.183405,0.152163,0.104623,0.712615,-0.531692,-0.130070,-0.239779,-0.131297,0.088586,0.705921,-0.442031,0.180283,-0.071565,-0.011822,0.123169,-0.025967,0.307598,-0.560678,1.005962,0.844033,-0.100688,0.134910,0.011876,-0.285950,0.461526,1.016853,-0.348420,-0.216320,-0.273752
-0.015131,0.002828,0.737295,0.000081,-0.007042,-0.150363,0.988606,-0.183729,0.151941,0.103939,0.712278,-0.531236,-0.130337,-0.239703,-0.131565,0.087808,0.705824,-0.442119,0.179972,-0.071834,-0.012584,0.121989,-0.026938,0.307724,-0.562658,1.005841,0.842200,-0.096537,0.114583,0.011580,-0.285585,0.462572,1.015247,-0.346945,-0.213166,-0.261724
-0.015157,0.002691,0.737318,0.000146,-0.006931,-0.149953,0.988669,-0.184163,0.151656,0.103133,0.711988,-0.530745,-0.130568,-0.239662,-0.131883,0.086950,0.705772,-0.442210,0.179644,-0.072084,-0.013424,0.120861,-0.028046,0.307844,-0.564984,1.006137,0.840895,-0.092030,0.097228,0.011206,-0.285136,0.463513,1.013624,-0.345662,-0.208989,-0.248589
-0.015223,0.002583,0.737343,0.000199,-0.006885,-0.149457,0.988744,-0.184594,0.151313,0.102181,0.711774,-0.530220,-0.130687,-0.239502,-0.132241,0.086010,0.705758,-0.442277,0.179292,-0.072168,-0.014443,0.119944,-0.029358,0.307984,-0.567358,1.006797,0.838560,-0.087975,0.083108,0.010722,-0.284340,0.463995,1.012191,-0.344617,-0.204231,-0.234029
-0.015286,0.002446,0.737390,0.000213,-0.006944,-0.148820,0.988840,-0.185006,0.150910,0.100972,0.711716,-0.529688,-0.130637,-0.239104,-0.132630,0.084920,0.705800,-0.442334,0.178868,-0.072718,-0.015376,0.119594,-0.030509,0.308026,-0.568850,1.007475,0.835579,-0.084649,0.072687,0.010179,-0.283928,0.464323,1.010160,-0.343585,-0.198874,-0.217346
-0.015457,0.002393,0.737418,0.000208,-0.007067,-0.148077,0.988951,-0.185453,0.150438,0.099565,0.711775,-0.529136,-0.130469,-0.238584,-0.133063,0.083713,0.705910,-0.442393,0.178391,-0.073224,-0.016404,0.119497,-0.031896,0.308031,-0.570499,1.008634,0.832244,-0.081555,0.065722,0.009616,-0.283401,0.464222,1.007991,-0.342778,-0.192735,-0.199001
-0.015644,0.002396,0.737467,0.000207,-0.007191,-0.147317,0.989063,-0.185964,0.149942,0.098126,0.711852,-0.528540,-0.130282,-0.238112,-0.133518,0.082484,0.706039,-0.442420,0.177952,-0.073898,-0.017397,0.119619,-0.033012,0.308004,-0.571508,1.009520,0.828244,-0.078655,0.061245,0.009017,-0.283127,0.464297,1.005618,-0.342235,-0.185956,-0.179870
-0.015814,0.002344,0.737516,0.000244,-0.007251,-0.146632,0.989164,-0.186548,0.149451,0.096845,0.711798,-0.527837,-0.130170,-0.237858,-0.133983,0.081343,0.706131,-0.442372,0.177648,-0.074008,-0.018528,0.119552,-0.034260,0.307860,-0.572685,1.010441,0.822654,-0.075737,0.058416,0.008546,-0.282565,0.464345,1.003694,-0.342213,-0.178700,-0.161035
-0.015960,0.002278,0.737543,0.000327,-0.007229,-0.146064,0.989249,-0.187192,0.148981,0.095801,0.711580,-0.527025,-0.130183,-0.237881,-0.134458,0.080318,0.706186,-0.442254,0.177569,-0.074048,-0.019713,0.119349,-0.035140,0.307605,-0.573142,1.010939,0.814651,-0.072670,0.058042,0.007922,-0.281971,0.465024,1.002199,-0.342673,-0.170754,-0.142497
-0.016168,0.002213,0.737556,0.000441,-0.007161,-0.145557,0.989324,-0.187892,0.148514,0.094887,0.711264,-0.526126,-0.130264,-0.238073,-0.134953,0.079354,0.706202,-0.442067,0.177646,-0.074023,-0.020941,0.119118,-0.035775,0.307276,-0.573095,1.011175,0.804780,-0.069600,0.060260,0.007259,-0.281414,0.466089,1.000880,-0.343550,-0.162136,-0.123795
-0.016367,0.002085,0.737590,0.000567,-0.007060,-0.145060,0.989398,-0.188706,0.148034,0.093982,0.710930,-0.525161,-0.130342,-0.238408,-0.135444,0.078414,0.706239,-0.441838,0.177719,-0.073939,-0.022169,0.118939,-0.036206,0.306883,-0.572590,1.011085,0.795143,-0.066921,0.063063,0.006567,-0.280859,0.467301,0.999736,-0.344807,-0.153317,-0.105121
-0.016699,0.002047,0.737615,0.000685,-0.006945,-0.144519,0.989477,-0.189690,0.147526,0.092956,0.710656,-0.524149,-0.130346,-0.238840,-0.135920,0.077460,0.706325,-0.441578,0.177632,-0.073811,-0.023331,0.118935,-0.036405,0.306490,-0.571621,1.010474,0.787881,-0.064986,0.064408,0.005940,-0.280345,0.468403,0.998598,-0.346380,-0.144763,-0.086632
-0.017035,0.001992,0.737684,0.000801,-0.006822,-0.143921,0.989565,-0.190852,0.146959,0.091779,0.710468,-0.523083,-0.130240,-0.239362,-0.136384,0.076517,0.706490,-0.441315,0.177267,-0.073689,-0.024469,0.119100,-0.036267,0.306093,-0.569981,1.009243,0.784400,-0.063970,0.063540,0.005268,-0.279839,0.469352,0.997503,-0.348371,-0.136214,-0.067727
-0.017413,0.001942,0.737748,0.000921,-0.006682,-0.143293,0.989657,-0.192161,0.146347,0.090519,0.710316,-0.521950,-0.130066,-0.239992,-0.136844,0.075593,0.706702,-0.441031,0.176733,-0.073552,-0.025589,0.119403,-0.035803,0.305707,-0.567727,1.007437,0.783283,-0.063650,0.061592,0.004579,-0.279326,0.470272,0.996445,-0.350779,-0.127566,-0.048511
-0.017698,0.001795,0.737815,0.001031,-0.006514,-0.142647,0.989752,-0.193628,0.145753,0.089196,0.710195,-0.520793,-0.129880,-0.240736,-0.137278,0.074628,0.706917,-0.440681,0.176213,-0.073121,-0.026634,0.119912,-0.035276,0.305473,-0.565545,1.005135,0.782326,-0.063738,0.059356,0.004282,-0.279011,0.470936,0.995177,-0.353380,-0.119519,-0.030208
-0.018197,0.001894,0.737888,0.001117,-0.006306,-0.141994,0.989847,-0.195255,0.145249,0.087834,0.710099,-0.519659,-0.129741,-0.241584,-0.137668,0.073555,0.707065,-0.440206,0.175889,-0.073017,-0.027533,0.120540,-0.034537,0.305186,-0.562923,1.002617,0.779769,-0.063987,0.057656,0.003719,-0.278572,0.472225,0.994558,-0.355771,-0.112718,-0.014195
-0.018658,0.001884,0.737944,0.001173,-0.006099,-0.141329,0.989943,-0.196969,0.144843,0.086427,0.710038,-0.518572,-0.129641,-0.242436,-0.138031,0.072328,0.707128,-0.439575,0.175916,-0.072574,-0.028301,0.121491,-0.033980,0.304991,-0.560618,0.999793,0.775021,-0.064255,0.056359,0.003621,-0.278239,0.473393,0.993953,-0.357995,-0.107495,-0.000830
-0.019176,0.001856,0.738000,0.001206,-0.005884,-0.140647,0.990042,-0.198780,0.144502,0.084967,0.709991,-0.517493,-0.129557,-0.243324,-0.138367,0.070989,0.707133,-0.438819,0.176161,-0.071965,-0.028949,0.122711,-0.033427,0.304859,-0.558304,0.996590,0.769164,-0.064711,0.055142,0.003809,-0.277981,0.474551,0.993413,-0.360120,-0.103427,0.010597
-0.019775,0.001825,0.738078,0.001225,-0.005577,-0.139966,0.990140,-0.200861,0.144217,0.083472,0.709965,-0.516401,-0.129521,-0.244457,-0.138642,0.069620,0.707109,-0.437988,0.176377,-0.071528,-0.029460,0.123902,-0.032696,0.304751,-0.555906,0.993249,0.762234,-0.065474,0.054535,0.003870,-0.277702,0.476071,0.993274,-0.361989,-0.100079,0.020490
-0.020361,0.001842,0.738132,0.001238,-0.005095,-0.139298,0.990237,-0.203384,0.143979,0.081955,0.709962,-0.515266,-0.129564,-0.246052,-0.138829,0.068298,0.707091,-0.437138,0.176315,-0.070770,-0.029799,0.124858,-0.032200,0.304689,-0.554467,0.990225,0.753912,-0.066617,0.055082,0.004221,-0.277537,0.477288,0.993125,-0.363642,-0.097061,0.029362
-0.020976,0.001852,0.738193,0.001246,-0.004386,-0.138665,0.990329,-0.206446,0.143797,0.080445,0.709952,-0.514084,-0.129753,-0.248279,-0.138897,0.067075,0.707147,-0.436323,0.175844,-0.070071,-0.029949,0.125457,-0.031673,0.304631,-0.553543,0.987414,0.742670,-0.068580,0.057940,0.004458,-0.277407,0.478732,0.993320,-0.364909,-0.094352,0.036988
-0.021617,0.001894,0.738275,0.001245,-0.003505,-0.138052,0.990418,-0.209929,0.143663,0.078918,0.709923,-0.512861,-0.130047,-0.250979,-0.138877,0.065891,0.707222,-0.435496,0.175122,-0.069366,-0.029935,0.125827,-0.031141,0.304569,-0.553040,0.984737,0.729106,-0.071221,0.062470,0.004645,-0.277306,0.480352,0.993862,-0.365821,-0.092128,0.043223
-0.022223,0.001850,0.738381,0.001234,-0.002526,-0.137427,0.990508,-0.213707,0.143573,0.077345,0.709963,-0.511608,-0.130335,-0.253887,-0.138799,0.064691,0.707220,-0.434570,0.174318,-0.068732,-0.029759,0.126047,-0.030570,0.304500,-0.552882,0.982281,0.716551,-0.073777,0.066503,0.004845,-0.277211,0.482090,0.994635,-0.366512,-0.090231,0.048568
-0.022848,0.001869,0.738491,0.001211,-0.001530,-0.136752,0.990603,-0.217612,0.143499,0.075672,0.710081,-0.510305,-0.130486,-0.256708,-0.138713,0.063394,0.706993,-0.433423,0.173611,-0.067946,-0.029437,0.126314,-0.030158,0.304462,-0.553202,0.980180,0.708355,-0.075442,0.067875,0.005350,-0.277154,0.483383,0.995274,-0.367292,-0.088546,0.053597
-0.023498,0.001882,0.738602,0.001177,-0.000478,-0.136004,0.990707,-0.221767,0.143445,0.073863,0.710324,-0.508926,-0.130425,-0.259473,-0.138619,0.061967,0.706474,-0.431959,0.173049,-0.067330,-0.028906,0.126402,-0.029692,0.304444,-0.554067,0.978454,0.706707,-0.075528,0.065297,0.005951,-0.277082,0.484856,0.996090,-0.367901,-0.087119,0.058214
-0.024138,0.001925,0.738687,0.001135,0.000650,-0.135208,0.990816,-0.226197,0.143414,0.071947,0.710660,-0.507485,-0.130231,-0.262301,-0.138502,0.060451,0.705755,-0.430265,0.172538,-0.066698,-0.028206,0.126369,-0.029300,0.304467,-0.555518,0.977071,0.709408,-0.074620,0.060158,0.006721,-0.276993,0.486229,0.997010,-0.368430,-0.086001,0.062235
-0.024814,0.001920,0.738783,0.001079,0.001760,-0.134395,0.990926,-0.230629,0.143410,0.069992,0.711037,-0.506034,-0.130029,-0.265030,-0.138350,0.058891,0.704912,-0.428502,0.172032,-0.066028,-0.027433,0.126510,-0.028919,0.304502,-0.556881,0.975880,0.713178,-0.073731,0.054409,0.007585,-0.276931,0.487209,0.997876,-0.369030,-0.084995,0.065895
-0.025513,0.001929,0.738876,0.001004,0.002761,-0.133598,0.991031,-0.234776,0.143412,0.068047,0.711344,-0.504604,-0.129920,-0.267484,-0.138182,0.057309,0.703982,-0.426808,0.171496,-0.065220,-0.026750,0.126840,-0.028509,0.304562,-0.558119,0.974952,0.714282,-0.073703,0.050126,0.008526,-0.276823,0.487892,0.998757,-0.369518,-0.083832,0.069280
-0.026287,0.001909,0.738970,0.000892,0.003612,-0.132830,0.991132,-0.238549,0.143460,0.066132,0.711630,-0.503260,-0.129944,-0.269567,-0.137956,0.055692,0.702938,-0.425221,0.170881,-0.064434,-0.026124,0.127656,-0.028006,0.304586,-0.558429,0.974147,0.711542,-0.075220,0.048163,0.009403,-0.276753,0.488029,0.999577,-0.370159,-0.082524,0.072440
-0.026999,0.001927,0.739047,0.000753,0.004372,-0.132071,0.991230,-0.242097,0.143539,0.064217,0.711886,-0.501945,-0.130037,-0.271385,-0.137683,0.054027,0.701764,-0.423664,0.170218,-0.063421,-0.025594,0.128599,-0.027497,0.304697,-0.558827,0.973622,0.706592,-0.077542,0.047400,0.010327,-0.276466,0.487725,1.000625,-0.370782,-0.081146,0.075194
-0.027724,0.001880,0.739153,0.000620,0.005082,-0.131306,0.991329,-0.245547,0.143577,0.062285,0.712123,-0.500610,-0.130163,-0.273092,-0.137438,0.052369,0.700573,-0.422132,0.169597,-0.062504,-0.025105,0.129738,-0.026885,0.304817,-0.558808,0.973245,0.701720,-0.079897,0.046538,0.011141,-0.276129,0.487257,1.001707,-0.371383,-0.079706,0.077773
-0.028468,0.001857,0.739237,0.000528,0.005787,-0.130518,0.991429,-0.249014,0.143499,0.060322,0.712322,-0.499185,-0.130285,-0.274854,-0.137299,0.050778,0.699490,-0.420628,0.169107,-0.061680,-0.024662,0.130876,-0.026142,0.304956,-0.558759,0.973015,0.698714,-0.081355,0.044408,0.011868,-0.275713,0.486912,1.002805,-0.371746,-0.078184,0.080292
-0.029214,0.001819,0.739348,0.000494,0.006494,-0.129702,0.991532,-0.252531,0.143267,0.058308,0.712491,-0.497659,-0.130408,-0.276664,-0.137301,0.049309,0.698484,-0.419151,0.168812,-0.060962,-0.024283,0.131934,-0.025229,0.305096,-0.558752,0.972986,0.699390,-0.081373,0.039877,0.012550,-0.275260,0.486789,1.003900,-0.371752,-0.076370,0.082832
-0.029895,0.001786,0.739465,0.000497,0.007182,-0.128866,0.991636,-0.256023,0.142918,0.056261,0.712617,-0.496062,-0.130546,-0.278459,-0.137397,0.047922,0.697521,-0.417703,0.168652,-0.060340,-0.024040,0.132959,-0.024125,0.305326,-0.558669,0.973139,0.702288,-0.080544,0.033851,0.012988,-0.274482,0.486766,1.005333,-0.371554,-0.074345,0.085252
-0.030678,0.001742,0.739522,0.000512,0.007854,-0.128017,0.991741,-0.259506,0.142527,0.054200,0.712736,-0.494411,-0.130682,-0.280294,-0.137546,0.046516,0.696686,-0.416285,0.168523,-0.059770,-0.023724,0.134113,-0.023044,0.305462,-0.558493,0.973472,0.704411,-0.079651,0.028250,0.013578,-0.273978,0.486736,1.006382,-0.371197,-0.072476,0.087534
-0.031458,0.001731,0.739600,0.000516,0.008511,-0.127158,0.991846,-0.262995,0.142144,0.052151,0.712871,-0.492721,-0.130792,-0.282235,-0.137709,0.045003,0.696088,-0.414906,0.168320,-0.059211,-0.023315,0.135454,-0.022131,0.305506,-0.558267,0.973985,0.702691,-0.079417,0.024994,0.014344,-0.273775,0.486632,1.006958,-0.370798,-0.071127,0.089548
-0.032304,0.001719,0.739696,0.000499,0.009132,-0.126278,0.991953,-0.266438,0.141784,0.050084,0.713002,-0.490958,-0.130877,-0.284249,-0.137900,0.043304,0.695764,-0.413546,0.168013,-0.058829,-0.023048,0.137030,-0.021245,0.305683,-0.557617,0.974574,0.694598,-0.080297,0.025610,0.014591,-0.273094,0.486347,1.008028,-0.370665,-0.070505,0.091182
-0.033096,0.001712,0.739761,0.000474,0.009724,-0.125377,0.992061,-0.269873,0.141419,0.047993,0.713163,-0.489149,-0.130944,-0.286337,-0.138129,0.041492,0.695684,-0.412220,0.167658,-0.058506,-0.022808,0.138774,-0.020441,0.305897,-0.556876,0.975327,0.682199,-0.081816,0.028756,0.014781,-0.272346,0.485979,1.009021,-0.370505,-0.070356,0.092541
-0.033889,0.001701,0.739838,0.000461,0.010326,-0.124484,0.992168,-0.273323,0.141027,0.045961,0.713286,-0.487303,-0.130994,-0.288549,-0.138400,0.039690,0.695746,-0.410946,0.167290,-0.058172,-0.022539,0.140583,-0.019686,0.306081,-0.556122,0.976214,0.669899,-0.083375,0.031880,0.015038,-0.271803,0.485691,1.009729,-0.370271,-0.070458,0.093630
-0.034800,0.001684,0.739927,0.000482,0.010980,-0.123622,0.992269,-0.276827,0.140596,0.044078,0.713331,-0.485450,-0.131030,-0.290960,-0.138708,0.038035,0.695905,-0.409774,0.166938,-0.057670,-0.022177,0.142296,-0.019055,0.306138,-0.555678,0.977329,0.661965,-0.084266,0.032494,0.015597,-0.271657,0.485624,1.009886,-0.369868,-0.070578,0.094436
-0.035695,0.001686,0.739982,0.000555,0.011672,-0.122829,0.992359,-0.280322,0.140119,0.042464,0.713259,-0.483608,-0.131043,-0.293628,-0.139081,0.036609,0.696255,-0.408792,0.166626,-0.057191,-0.021949,0.143967,-0.018233,0.306319,-0.555017,0.978382,0.660872,-0.084128,0.028864,0.015827,-0.271390,0.486116,1.010233,-0.369271,-0.070815,0.094627
-0.036528,0.001749,0.740061,0.000666,0.012389,-0.122079,0.992443,-0.283813,0.139606,0.041033,0.713102,-0.481762,-0.131031,-0.296494,-0.139517,0.035320,0.696776,-0.407942,0.166334,-0.056729,-0.021769,0.145605,-0.017253,0.306594,-0.554313,0.979397,0.663791,-0.083365,0.022711,0.015962,-0.271174,0.487068,1.010515,-0.368439,-0.071229,0.094316
-0.037313,0.001803,0.740126,0.000789,0.013164,-0.121313,0.992527,-0.287430,0.139055,0.039587,0.712907,-0.479867,-0.131019,-0.299479,-0.139971,0.034066,0.697275,-0.407067,0.166030,-0.056200,-0.021547,0.147110,-0.016430,0.306810,-0.553908,0.980691,0.667561,-0.082518,0.016544,0.016234,-0.271106,0.488006,1.010477,-0.367714,-0.071573,0.094029
-0.038134,0.001759,0.740222,0.000905,0.014031,-0.120471,0.992617,-0.291265,0.138457,0.037930,0.712660,-0.477853,-0.131035,-0.302504,-0.140408,0.032739,0.697570,-0.406024,0.165677,-0.055968,-0.021250,0.148353,-0.015531,0.307039,-0.553624,0.982107,0.669101,-0.082082,0.012843,0.016428,-0.271092,0.489020,1.010258,-0.367315,-0.071578,0.094229
-0.038957,0.001698,0.740322,0.001007,0.015032,-0.119519,0.992718,-0.295456,0.137806,0.035973,0.712393,-0.475696,-0.131094,-0.305606,-0.140799,0.031313,0.697585,-0.404707,0.165249,-0.056278,-0.020943,0.149205,-0.014277,0.307515,-0.553390,0.983400,0.667223,-0.082227,0.012739,0.016420,-0.271127,0.490492,1.009872,-0.367285,-0.071035,0.095112
-0.039744,0.001666,0.740449,0.001105,0.016139,-0.118496,0.992823,-0.299906,0.137110,0.033830,0.712086,-0.473425,-0.131182,-0.308793,-0.141165,0.029836,0.697408,-0.403212,0.164768,-0.056581,-0.020577,0.149763,-0.013274,0.307906,-0.553669,0.985134,0.663671,-0.082654,0.014791,0.016526,-0.271196,0.491810,1.009199,-0.367667,-0.070152,0.096430
-0.040527,0.001666,0.740542,0.001210,0.017273,-0.117448,0.992928,-0.304395,0.136365,0.031624,0.711711,-0.471093,-0.131268,-0.311972,-0.141548,0.028332,0.697138,-0.401687,0.164270,-0.056978,-0.020177,0.150233,-0.012284,0.308295,-0.554025,0.986987,0.659741,-0.083199,0.017486,0.016604,-0.271294,0.492979,1.008413,-0.368202,-0.069227,0.097885
-0.041270,0.001683,0.740628,0.001331,0.018356,-0.116420,0.993030,-0.308720,0.135568,0.029460,0.711273,-0.468765,-0.131317,-0.315026,-0.142003,0.026818,0.696838,-0.400259,0.163796,-0.057391,-0.019749,0.150854,-0.011238,0.308734,-0.554210,0.988731,0.656705,-0.083677,0.019318,0.016665,-0.271425,0.493731,1.007555,-0.368715,-0.068564,0.099200
-0.042004,0.001720,0.740694,0.001485,0.019355,-0.115413,0.993128,-0.312769,0.134659,0.027378,0.710705,-0.466424,-0.131273,-0.317881,-0.142615,0.025244,0.696515,-0.398983,0.163391,-0.057814,-0.019342,0.151692,-0.010118,0.309270,-0.554232,0.990378,0.654644,-0.084115,0.020152,0.016734,-0.271606,0.493884,1.006582,-0.369155,-0.068280,0.100440
-0.042803,0.001690,0.740770,0.001663,0.020315,-0.114407,0.993225,-0.316681,0.133654,0.025317,0.710044,-0.464052,-0.131167,-0.320628,-0.143332,0.023621,0.696164,-0.397795,0.163022,-0.058240,-0.018933,0.152622,-0.008999,0.309844,-0.554242,0.992056,0.652964,-0.084579,0.020707,0.016827,-0.271826,0.493544,1.005473,-0.369651,-0.068198,0.101707
-0.043643,0.001723,0.740850,0.001830,0.021275,-0.113417,0.993318,-0.320574,0.132672,0.023251,0.709366,-0.461685,-0.131098,-0.323330,-0.143991,0.022046,0.695717,-0.396595,0.162610,-0.058623,-0.018432,0.153586,-0.008027,0.310308,-0.554172,0.993839,0.651940,-0.084955,0.020755,0.016865,-0.272022,0.492938,1.004396,-0.370266,-0.068211,0.102791
-0.044407,0.001692,0.740930,0.001957,0.022277,-0.112455,0.993405,-0.324603,0.131828,0.021154,0.708804,-0.459387,-0.131165,-0.326087,-0.144436,0.020622,0.695170,-0.395317,0.162075,-0.058856,-0.017802,0.154671,-0.007037,0.310970,-0.553968,0.995149,0.651764,-0.085155,0.019974,0.016990,-0.272306,0.492141,1.003105,-0.371092,-0.068223,0.103545
-0.045184,0.001631,0.741042,0.002020,0.023347,-0.111509,0.993487,-0.328863,0.131161,0.018958,0.708383,-0.457154,-0.131435,-0.328903,-0.144589,0.019337,0.694366,-0.393788,0.161434,-0.059035,-0.016956,0.155727,-0.006350,0.311331,-0.553434,0.996631,0.653120,-0.085139,0.017890,0.016917,-0.272454,0.491258,1.002092,-0.372303,-0.068202,0.103785
-0.046019,0.001566,0.741129,0.002043,0.024460,-0.110576,0.993564,-0.333279,0.130610,0.016690,0.708081,-0.454988,-0.131844,-0.331742,-0.144538,0.018144,0.693374,-0.392104,0.160715,-0.059158,-0.015951,0.156784,-0.005810,0.311570,-0.552716,0.998106,0.655624,-0.084956,0.014786,0.016783,-0.272543,0.490221,1.001144,-0.373775,-0.068191,0.103645
-0.046829,0.001530,0.741208,0.002056,0.025568,-0.109691,0.993635,-0.337636,0.130136,0.014482,0.707763,-0.452838,-0.132295,-0.334596,-0.144367,0.017089,0.692465,-0.390574,0.159853,-0.059124,-0.014924,0.158083,-0.005108,0.312230,-0.551889,0.998869,0.658280,-0.084687,0.011571,0.016728,-0.272785,0.488899,0.999882,-0.375313,-0.068242,0.103398
-0.047596,0.001468,0.741294,0.002086,0.026629,-0.108885,0.993695,-0.341771,0.129703,0.012445,0.707374,-0.450694,-0.132686,-0.337488,-0.144160,0.016208,0.691946,-0.389514,0.158783,-0.059107,-0.013867,0.159190,-0.004577,0.312609,-0.551371,1.000024,0.659915,-0.084227,0.009515,0.016392,-0.272925,0.488169,0.999150,-0.376263,-0.068275,0.102996
-0.048338,0.001368,0.741349,0.002155,0.027628,-0.108167,0.993746,-0.345618,0.129264,0.010640,0.706880,-0.448532,-0.132938,-0.340274,-0.144050,0.015455,0.691603,-0.388713,0.157757,-0.059026,-0.012876,0.160289,-0.003900,0.313143,-0.551126,1.000937,0.660169,-0.083505,0.009043,0.015982,-0.273162,0.487808,0.998536,-0.376626,-0.068361,0.102477
-0.048979,0.001322,0.741436,0.002240,0.028590,-0.107518,0.993789,-0.349282,0.128851,0.008993,0.706334,-0.446373,-0.133121,-0.343001,-0.143950,0.014823,0.691387,-0.388108,0.156720,-0.058906,-0.011864,0.161324,-0.003272,0.313584,-0.551064,1.001921,0.659657,-0.082548,0.009556,0.015447,-0.273395,0.487751,0.998155,-0.376588,-0.068481,0.101769
-0.049841,0.001238,0.741482,0.002313,0.029527,-0.106936,0.993825,-0.352815,0.128546,0.007435,0.705744,-0.444240,-0.133357,-0.345948,-0.143628,0.014435,0.691799,-0.388234,0.155149,-0.058721,-0.010776,0.162348,-0.002803,0.313975,-0.551156,1.002932,0.658817,-0.081565,0.010326,0.014715,-0.273632,0.487947,0.998010,-0.376260,-0.068559,0.101036
-0.050573,0.001140,0.741522,0.002345,0.030452,-0.106416,0.993853,-0.356286,0.128432,0.005895,0.705150,-0.442166,-0.133770,-0.349413,-0.142868,0.014426,0.693370,-0.389637,0.152526,-0.058471,-0.009552,0.163423,-0.002542,0.314416,-0.551376,1.003838,0.658043,-0.080768,0.010613,0.013757,-0.273892,0.488371,0.998026,-0.375733,-0.068520,0.100450
-0.051361,0.001032,0.741511,0.002333,0.031393,-0.105988,0.993869,-0.359761,0.128522,0.004380,0.704547,-0.440168,-0.134424,-0.353697,-0.141716,0.014688,0.696643,-0.392891,0.148307,-0.058112,-0.008150,0.164539,-0.002550,0.314916,-0.551731,1.004602,0.657275,-0.080252,0.010189,0.012462,-0.274157,0.489019,0.998253,-0.374823,-0.068324,0.100037
-0.052155,0.000849,0.741539,0.002290,0.032337,-0.105642,0.993876,-0.363181,0.128775,0.002915,0.703902,-0.438217,-0.135243,-0.358585,-0.140256,0.015217,0.701226,-0.397571,0.142905,-0.057658,-0.006619,0.165673,-0.002776,0.315451,-0.552238,1.005279,0.656343,-0.079890,0.009448,0.010877,-0.274414,0.489885,0.998718,-0.373567,-0.068019,0.099713
-0.052967,0.000614,0.741616,0.002214,0.033228,-0.105322,0.993880,-0.366442,0.129194,0.001465,0.703256,-0.436305,-0.136142,-0.363550,-0.138311,0.016284,0.706181,-0.402687,0.137233,-0.057286,-0.005099,0.167004,-0.002579,0.316613,-0.552694,1.005018,0.655461,-0.079592,0.008509,0.009318,-0.274858,0.491098,0.998924,-0.372268,-0.067663,0.099522
-0.053729,0.000324,0.741695,0.002097,0.034009,-0.104969,0.993892,-0.369435,0.129775,-0.000014,0.702635,-0.434419,-0.137027,-0.368079,-0.135704,0.018145,0.710592,-0.407267,0.132208,-0.056952,-0.003610,0.168413,-0.002415,0.317803,-0.553220,1.004780,0.655030,-0.079200,0.007700,0.007793,-0.275160,0.492467,0.999292,-0.371503,-0.067304,0.099398
-0.054438,0.000015,0.741741,0.001928,0.034684,-0.104625,0.993905,-0.372153,0.130620,-0.001405,0.702038,-0.432543,-0.137867,-0.372231,-0.132208,0.021128,0.714499,-0.411527,0.127968,-0.056619,-0.002124,0.169937,-0.002180,0.319010,-0.553709,1.004524,0.655536,-0.078561,0.006984,0.006238,-0.275287,0.494111,0.999978,-0.371225,-0.066870,0.099285
-0.055188,-0.000405,0.741812,0.001712,0.035276,-0.104298,0.993919,-0.374641,0.131689,-0.002731,0.701434,-0.430674,-0.138709,-0.376210,-0.127969,0.025002,0.718299,-0.415815,0.124060,-0.056288,-0.000630,0.171541,-0.001929,0.320246,-0.554192,1.004233,0.656686,-0.077781,0.006274,0.004566,-0.275237,0.496026,1.001001,-0.371255,-0.066360,0.099196
-0.055981,-0.000887,0.741880,0.001476,0.035760,-0.103893,0.993944,-0.376884,0.132778,-0.004228,0.700863,-0.428856,-0.139588,-0.379724,-0.123392,0.029173,0.721627,-0.419374,0.120516,-0.056122,0.000777,0.173134,-0.001763,0.321561,-0.554825,1.003970,0.657596,-0.077125,0.005728,0.002901,-0.275027,0.498113,1.002110,-0.371763,-0.065927,0.099223
-0.056688,-0.001435,0.741928,0.001240,0.036111,-0.103313,0.993992,-0.378863,0.133695,-0.006121,0.700345,-0.427120,-0.140544,-0.382481,-0.118890,0.033059,0.724131,-0.421468,0.117370,-0.056270,0.001989,0.174632,-0.001756,0.323024,-0.555738,1.003758,0.657403,-0.076857,0.005495,0.001375,-0.274695,0.500245,1.003042,-0.372935,-0.065728,0.099458
-0.057395,-0.002054,0.741973,0.001012,0.036278,-0.102563,0.994064,-0.380422,0.134411,-0.008457,0.699850,-0.425490,-0.141566,-0.384365,-0.114126,0.037203,0.725605,-0.421567,0.114545,-0.056755,0.002940,0.176121,-0.001876,0.324721,-0.556976,1.003504,0.655382,-0.077212,0.005875,-0.000021,-0.274262,0.502533,1.003761,-0.375380,-0.065910,0.099830
-0.057973,-0.002765,0.741935,0.000780,0.036290,-0.101686,0.994154,-0.381628,0.135023,-0.011117,0.699381,-0.423939,-0.142641,-0.385532,-0.109042,0.041681,0.726262,-0.420172,0.112056,-0.057499,0.003682,0.177632,-0.002033,0.326681,-0.558464,1.003107,0.652136,-0.077999,0.006682,-0.001325,-0.273732,0.504986,1.004348,-0.378812,-0.066358,0.100330
-0.058578,-0.003486,0.741944,0.000540,0.036240,-0.100634,0.994263,-0.382756,0.135520,-0.014096,0.698990,-0.422434,-0.143803,-0.386130,-0.104480,0.045202,0.726375,-0.418091,0.110080,-0.058491,0.004308,0.179002,-0.002260,0.328855,-0.560155,1.002610,0.648820,-0.078848,0.007350,-0.002407,-0.273114,0.507320,1.004651,-0.382054,-0.066832,0.101145
-0.059100,-0.004296,0.741908,0.000290,0.036222,-0.099363,0.994392,-0.384071,0.135888,-0.017393,0.698698,-0.420920,-0.145084,-0.386304,-0.101283,0.046483,0.726185,-0.416116,0.108785,-0.059695,0.004926,0.180063,-0.002641,0.331140,-0.562044,1.002128,0.646579,-0.079379,0.007331,-0.003107,-0.272422,0.509223,1.004504,-0.383942,-0.067092,0.102470
-0.059577,-0.005150,0.741895,0.000054,0.036253,-0.097787,0.994547,-0.385658,0.135993,-0.021105,0.698515,-0.419362,-0.146555,-0.386027,-0.100024,0.044728,0.725744,-0.414291,0.108372,-0.061226,0.005521,0.180722,-0.003321,0.333479,-0.564402,1.001807,0.645727,-0.079380,0.006307,-0.003313,-0.271669,0.510761,1.003754,-0.383937,-0.067065,0.104528
-0.060017,-0.006018,0.741867,-0.000175,0.036286,-0.095955,0.994724,-0.387351,0.135890,-0.025199,0.698393,-0.417778,-0.148178,-0.385234,-0.100135,0.040779,0.724896,-0.412236,0.108695,-0.063034,0.006071,0.181072,-0.004302,0.335852,-0.567197,1.001666,0.645644,-0.079084,0.004645,-0.003102,-0.270873,0.512019,1.002517,-0.382751,-0.066876,0.107159
-0.060464,-0.006915,0.741836,-0.000449,0.036317,-0.094022,0.994907,-0.389117,0.135830,-0.029487,0.698441,-0.416287,-0.149827,-0.384075,-0.100738,0.035806,0.723707,-0.410184,0.109397,-0.064855,0.006682,0.181226,-0.005441,0.338188,-0.569894,1.001630,0.646125,-0.078778,0.002827,-0.002647,-0.270050,0.512764,1.001061,-0.381038,-0.066585,0.109988
-0.060840,-0.007865,0.741819,-0.000819,0.036343,-0.092139,0.995082,-0.390887,0.136072,-0.033782,0.698685,-0.414965,-0.151376,-0.382663,-0.100952,0.030975,0.722147,-0.408315,0.110130,-0.066431,0.007463,0.181285,-0.006626,0.340389,-0.571991,1.001687,0.646941,-0.078750,0.001342,-0.002144,-0.269245,0.512783,0.999704,-0.379446,-0.066257,0.112627
-0.061184,-0.008848,0.741830,-0.001320,0.036351,-0.090289,0.995251,-0.392708,0.136692,-0.038136,0.699252,-0.413883,-0.152726,-0.381000,-0.100682,0.026306,0.720272,-0.406735,0.110959,-0.067746,0.008511,0.181283,-0.007981,0.342396,-0.573494,1.002003,0.648442,-0.079246,0.000054,-0.001531,-0.268457,0.511857,0.998401,-0.377953,-0.065767,0.115145
-0.061555,-0.009807,0.741783,-0.001917,0.036346,-0.088408,0.995419,-0.394586,0.137548,-0.042619,0.700073,-0.412976,-0.153967,-0.379038,-0.100341,0.021274,0.718058,-0.405321,0.112019,-0.068915,0.009767,0.181149,-0.009588,0.344192,-0.574657,1.002645,0.650604,-0.080055,-0.001193,-0.000731,-0.267696,0.510148,0.997039,-0.376283,-0.065126,0.117690
-0.061752,-0.010748,0.741813,-0.002562,0.036354,-0.086585,0.995578,-0.396432,0.138580,-0.047062,0.700959,-0.412158,-0.155256,-0.376856,-0.099829,0.016231,0.715439,-0.403958,0.113064,-0.069888,0.011123,0.180851,-0.011200,0.345719,-0.575233,1.003374,0.652741,-0.080776,-0.001943,0.000128,-0.267006,0.508024,0.995714,-0.374688,-0.064602,0.120011
-0.062045,-0.011786,0.741803,-0.003205,0.036397,-0.084905,0.995719,-0.398183,0.139730,-0.051307,0.701768,-0.411369,-0.156751,-0.374536,-0.099047,0.011530,0.712359,-0.402532,0.113848,-0.070659,0.012491,0.180340,-0.012614,0.346865,-0.574973,1.004030,0.654145,-0.081006,-0.001730,0.000918,-0.266486,0.505883,0.994541,-0.373425,-0.064466,0.121859
-0.062345,-0.012844,0.741785,-0.003849,0.036533,-0.083406,0.995838,-0.399944,0.141021,-0.055339,0.702480,-0.410578,-0.158566,-0.372216,-0.097914,0.007253,0.708789,-0.401008,0.114324,-0.071214,0.013886,0.179514,-0.013786,0.347627,-0.573741,1.004652,0.654497,-0.080542,-0.000084,0.001654,-0.266179,0.503630,0.993414,-0.372452,-0.065032,0.123092
-0.062473,-0.013893,0.741797,-0.004517,0.036733,-0.082036,0.995942,-0.401705,0.142476,-0.059236,0.703159,-0.409822,-0.160593,-0.369810,-0.096499,0.003215,0.704757,-0.399441,0.114618,-0.071646,0.015422,0.178301,-0.014941,0.347768,-0.571774,1.005656,0.654151,-0.079598,0.002712,0.002417,-0.266134,0.501416,0.992358,-0.371477,-0.066045,0.123823
-0.062577,-0.014925,0.741793,-0.005185,0.036886,-0.080750,0.996038,-0.403230,0.144025,-0.062971,0.703818,-0.409156,-0.162656,-0.367075,-0.094938,-0.000626,0.700322,-0.397879,0.114739,-0.071757,0.016933,0.177224,-0.015927,0.347748,-0.568994,1.006207,0.653769,-0.078533,0.005686,0.003189,-0.266237,0.498779,0.991308,-0.371134,-0.067050,0.124418
-0.062664,-0.015921,0.741787,-0.005832,0.036885,-0.079502,0.996135,-0.404311,0.145595,-0.066520,0.704481,-0.408633,-0.164576,-0.363768,-0.093357,-0.004326,0.695543,-0.396368,0.114703,-0.071735,0.018367,0.176212,-0.016666,0.347432,-0.565853,1.006388,0.653447,-0.077529,0.008147,0.003888,-0.266491,0.496722,0.990650,-0.371132,-0.067429,0.124952
-0.062691,-0.016958,0.741797,-0.006479,0.036655,-0.078277,0.996237,-0.404750,0.147252,-0.069875,0.705136,-0.408283,-0.166322,-0.359412,-0.091691,-0.007901,0.689895,-0.394764,0.114493,-0.071640,0.019799,0.175441,-0.017152,0.346619,-0.561913,1.006239,0.653565,-0.076546,0.010010,0.004516,-0.267015,0.495239,0.990388,-0.372040,-0.066826,0.125564
-0.062666,-0.018050,0.741791,-0.007127,0.036268,-0.077099,0.996338,-0.404728,0.149002,-0.073052,0.705802,-0.408081,-0.167980,-0.354245,-0.089895,-0.011327,0.683515,-0.393090,0.114134,-0.071380,0.021230,0.174758,-0.017487,0.345346,-0.557336,1.005916,0.653796,-0.075476,0.011665,0.005113,-0.267728,0.494102,0.990456,-0.373641,-0.065603,0.126111
-0.062602,-0.019069,0.741765,-0.007735,0.035840,-0.075984,0.996435,-0.404512,0.150712,-0.076041,0.706438,-0.407952,-0.169556,-0.349117,-0.088117,-0.014593,0.677456,-0.391650,0.113688,-0.070973,0.022589,0.174026,-0.017756,0.343725,-0.552511,1.005374,0.653928,-0.074556,0.012985,0.005531,-0.268576,0.493259,0.990862,-0.375052,-0.064336,0.126482
-0.062560,-0.020089,0.741754,-0.008261,0.035485,-0.074948,0.996522,-0.404386,0.152255,-0.078840,0.707011,-0.407824,-0.171057,-0.344878,-0.086519,-0.017685,0.672762,-0.390743,0.113187,-0.070473,0.023839,0.173102,-0.018081,0.341814,-0.547848,1.004632,0.653711,-0.074019,0.013856,0.005642,-0.269567,0.492726,0.991571,-0.375345,-0.063588,0.126561
-0.062491,-0.021075,0.741713,-0.008680,0.035219,-0.073918,0.996604,-0.404407,0.153501,-0.081563,0.707496,-0.407659,-0.172474,-0.341647,-0.085238,-0.020721,0.669658,-0.390512,0.112635,-0.069926,0.024878,0.171926,-0.018446,0.339643,-0.543216,1.003664,0.653229,-0.074045,0.013994,0.005532,-0.270705,0.492479,0.992502,-0.373739,-0.063636,0.126314
-0.062336,-0.022056,0.741662,-0.009019,0.034986,-0.072913,0.996684,-0.404445,0.154551,-0.084177,0.707941,-0.407512,-0.173806,-0.339025,-0.084164,-0.023666,0.667624,-0.390779,0.111997,-0.069296,0.025750,0.170586,-0.018779,0.337218,-0.538479,1.002412,0.652544,-0.074471,0.013536,0.005223,-0.271991,0.492530,0.993683,-0.370896,-0.064135,0.125806
-0.062251,-0.023001,0.741617,-0.009315,0.034794,-0.072079,0.996748,-0.404475,0.155621,-0.086451,0.708355,-0.407411,-0.175073,-0.337112,-0.083112,-0.026279,0.666592,-0.391388,0.111235,-0.068491,0.026629,0.169181,-0.019113,0.334572,-0.534046,1.000857,0.651414,-0.075021,0.013003,0.004532,-0.273430,0.492889,0.995239,-0.368095,-0.064735,0.125070
-0.062278,-0.023835,0.741561,-0.009603,0.034653,-0.071563,0.996788,-0.404483,0.156931,-0.088159,0.708763,-0.407394,-0.176296,-0.336010,-0.081888,-0.028318,0.666510,-0.392187,0.110315,-0.067388,0.027675,0.167792,-0.019479,0.331752,-0.530351,0.998975,0.649593,-0.075414,0.012915,0.003276,-0.275040,0.493542,0.997316,-0.366607,-0.065081,0.124134
-0.062311,-0.024584,0.741508,-0.009882,0.034634,-0.071490,0.996791,-0.404604,0.158594,-0.089101,0.709165,-0.407455,-0.177498,-0.336203,-0.080422,-0.029608,0.667801,-0.393234,0.109174,-0.065766,0.028955,0.166342,-0.019934,0.328770,-0.527546,0.996686,0.646584,-0.075458,0.013667,0.001240,-0.276882,0.494769,1.000154,-0.367022,-0.065150,0.122847
-0.062302,-0.025293,0.741483,-0.010137,0.034711,-0.071751,0.996767,-0.404801,0.160478,-0.089447,0.709545,-0.407574,-0.178660,-0.337511,-0.078816,-0.030322,0.670378,-0.394585,0.107855,-0.063744,0.030380,0.164829,-0.020416,0.325624,-0.525382,0.993973,0.642667,-0.075348,0.014893,-0.001387,-0.278961,0.496463,1.003549,-0.368580,-0.065105,0.121259
-0.062274,-0.025993,0.741468,-0.010384,0.034742,-0.072152,0.996734,-0.404801,0.162420,-0.089517,0.709932,-0.407785,-0.179745,-0.338974,-0.077158,-0.030740,0.673299,-0.396016,0.106474,-0.061701,0.031874,0.163456,-0.020844,0.322360,-0.523789,0.990969,0.638670,-0.075378,0.015970,-0.004206,-0.281193,0.498058,1.006993,-0.370510,-0.064872,0.119684
-0.062263,-0.026623,0.741412,-0.010637,0.034582,-0.072495,0.996712,-0.404332,0.164256,-0.089634,0.710356,-0.408115,-0.180715,-0.339638,-0.075532,-0.031136,0.675657,-0.397332,0.105136,-0.059998,0.033341,0.162420,-0.021130,0.319059,-0.522730,0.987787,0.635408,-0.075839,0.016265,-0.006843,-0.283435,0.498967,1.010040,-0.372052,-0.064381,0.118431
-0.062328,-0.027199,0.741353,-0.010907,0.034165,-0.072781,0.996703,-0.403211,0.166001,-0.089780,0.710824,-0.408587,-0.181548,-0.339258,-0.073901,-0.031457,0.677316,-0.398500,0.103799,-0.058663,0.034745,0.161859,-0.021164,0.315785,-0.522189,0.984285,0.633236,-0.076943,0.015351,-0.009321,-0.285576,0.499013,1.012741,-0.373235,-0.063607,0.117552
-0.062181,-0.027751,0.741313,-0.011180,0.033573,-0.073099,0.996697,-0.401606,0.167725,-0.089814,0.711289,-0.409161,-0.182269,-0.338318,-0.072244,-0.031595,0.678691,-0.399606,0.102426,-0.057518,0.036091,0.161628,-0.020970,0.312564,-0.522190,0.980401,0.631669,-0.078487,0.013636,-0.011873,-0.287593,0.498511,1.015405,-0.374408,-0.062593,0.116873
-0.061978,-0.028350,0.741292,-0.011445,0.032902,-0.073378,0.996696,-0.399794,0.169345,-0.089873,0.711777,-0.409831,-0.182910,-0.337028,-0.070677,-0.031736,0.679866,-0.400710,0.101120,-0.056618,0.037356,0.161512,-0.020694,0.309426,-0.522806,0.976392,0.630197,-0.080129,0.011755,-0.014413,-0.289466,0.497578,1.017936,-0.375325,-0.061370,0.116370
-0.061846,-0.028925,0.741244,-0.011692,0.032244,-0.073550,0.996702,-0.398045,0.170779,-0.090094,0.712280,-0.410566,-0.183500,-0.335592,-0.069310,-0.032066,0.680904,-0.401879,0.099983,-0.055998,0.038519,0.161297,-0.020485,0.306400,-0.524117,0.972511,0.628314,-0.081526,0.010337,-0.016840,-0.291182,0.496323,1.020214,-0.375731,-0.059968,0.116020
-0.061641,-0.029462,0.741179,-0.011915,0.031579,-0.073590,0.996717,-0.396298,0.171988,-0.090507,0.712783,-0.411378,-0.183998,-0.333891,-0.068205,-0.032653,0.681722,-0.403114,0.099023,-0.055711,0.039562,0.161019,-0.020331,0.303520,-0.526228,0.968664,0.625396,-0.082541,0.009736,-0.019164,-0.292714,0.494696,1.022331,-0.375383,-0.058176,0.115944
-0.061296,-0.029996,0.741122,-0.012119,0.030872,-0.073538,0.996741,-0.394457,0.173018,-0.091039,0.713290,-0.412274,-0.184404,-0.331888,-0.067293,-0.033389,0.682359,-0.404409,0.098191,-0.055720,0.040481,0.160762,-0.020139,0.300801,-0.529067,0.964736,0.621877,-0.083374,0.009546,-0.021450,-0.294057,0.492667,1.024343,-0.374481,-0.056050,0.116104
-0.061013,-0.030460,0.741031,-0.012314,0.030196,-0.073419,0.996768,-0.392703,0.173925,-0.091675,0.713816,-0.413222,-0.184812,-0.329840,-0.066499,-0.034202,0.682888,-0.405715,0.097508,-0.055944,0.041303,0.160390,-0.019954,0.298222,-0.532436,0.960952,0.618827,-0.084189,0.009268,-0.023635,-0.295219,0.490354,1.026014,-0.373441,-0.054028,0.116251
-0.060867,-0.030933,0.740964,-0.012511,0.029622,-0.073258,0.996795,-0.391218,0.174759,-0.092395,0.714361,-0.414189,-0.185318,-0.327988,-0.065744,-0.035027,0.683374,-0.406968,0.096993,-0.056321,0.042057,0.159761,-0.019839,0.295743,-0.536133,0.957568,0.617309,-0.085146,0.008404,-0.025668,-0.296241,0.487895,1.027138,-0.372673,-0.052541,0.116133
-0.060638,-0.031407,0.740877,-0.012705,0.029195,-0.073007,0.996823,-0.390162,0.175464,-0.093303,0.714963,-0.415172,-0.185972,-0.326424,-0.065065,-0.035922,0.683816,-0.408156,0.096812,-0.056956,0.042753,0.158755,-0.019796,0.293334,-0.540301,0.954717,0.618119,-0.086360,0.006808,-0.027452,-0.297139,0.485157,1.027532,-0.372408,-0.051789,0.115625
-0.060337,-0.031856,0.740798,-0.012894,0.028869,-0.072671,0.996855,-0.389399,0.176035,-0.094372,0.715601,-0.416181,-0.186714,-0.324993,-0.064485,-0.036901,0.684156,-0.409296,0.096901,-0.057837,0.043388,0.157474,-0.019822,0.290985,-0.544987,0.952283,0.620524,-0.087724,0.004757,-0.029025,-0.297916,0.482122,1.027329,-0.372373,-0.051512,0.114883
-0.060014,-0.032244,0.740737,-0.013088,0.028578,-0.072356,0.996883,-0.388675,0.176607,-0.095394,0.716221,-0.417221,-0.187478,-0.323651,-0.063897,-0.037820,0.684509,-0.410444,0.096934,-0.058738,0.043986,0.156110,-0.019965,0.288688,-0.549830,0.950143,0.623292,-0.089067,0.002401,-0.030530,-0.298607,0.479104,1.026780,-0.372242,-0.051455,0.114087
-0.059710,-0.032582,0.740668,-0.013295,0.028257,-0.072168,0.996903,-0.387715,0.177322,-0.096155,0.716732,-0.418264,-0.188198,-0.322315,-0.063203,-0.038538,0.684926,-0.411620,0.096585,-0.059457,0.044573,0.154864,-0.020220,0.286435,-0.554414,0.948114,0.625224,-0.090214,-0.000121,-0.032111,-0.299245,0.476445,1.026101,-0.371678,-0.051361,0.113419
-0.059387,-0.032898,0.740606,-0.013538,0.027884,-0.072137,0.996913,-0.386437,0.178257,-0.096619,0.717114,-0.419328,-0.188897,-0.321012,-0.062347,-0.039048,0.685545,-0.412916,0.095614,-0.060013,0.045193,0.153803,-0.020520,0.284223,-0.558730,0.945990,0.625399,-0.091489,-0.003334,-0.033917,-0.299879,0.474375,1.025342,-0.370503,-0.051129,0.112897
-0.059048,-0.033212,0.740534,-0.013805,0.027494,-0.072205,0.996915,-0.384996,0.179322,-0.096895,0.717427,-0.420419,-0.189595,-0.319762,-0.061394,-0.039416,0.686292,-0.414288,0.094248,-0.060521,0.045831,0.152822,-0.020868,0.282050,-0.562930,0.943896,0.624658,-0.092860,-0.007129,-0.035833,-0.300515,0.472708,1.024352,-0.368893,-0.050905,0.112440
-0.058695,-0.033516,0.740491,-0.014055,0.027112,-0.072351,0.996912,-0.383453,0.180413,-0.096979,0.717650,-0.421494,-0.190229,-0.318516,-0.060416,-0.039600,0.686944,-0.415577,0.092854,-0.060909,0.046418,0.151869,-0.021377,0.279923,-0.566840,0.942163,0.624468,-0.093616,-0.010419,-0.037626,-0.301131,0.471155,1.023104,-0.367089,-0.050807,0.112079
-0.058299,-0.033782,0.740456,-0.014252,0.026764,-0.072556,0.996903,-0.381911,0.181423,-0.096880,0.717846,-0.422543,-0.190738,-0.317239,-0.059489,-0.039561,0.687320,-0.416641,0.091803,-0.061122,0.046883,0.150882,-0.022169,0.277854,-0.570297,0.941132,0.626267,-0.093061,-0.012107,-0.039084,-0.301674,0.469444,1.021584,-0.365314,-0.050950,0.111843
-0.057817,-0.034005,0.740434,-0.014375,0.026448,-0.072825,0.996890,-0.380322,0.182322,-0.096570,0.717961,-0.423543,-0.191090,-0.315848,-0.058618,-0.039224,0.687267,-0.417403,0.091236,-0.061137,0.047164,0.149798,-0.023280,0.275834,-0.573526,0.940916,0.631113,-0.090253,-0.011229,-0.040130,-0.302105,0.467474,1.019776,-0.363476,-0.051396,0.111815
-0.057454,-0.034263,0.740412,-0.014449,0.026155,-0.073167,0.996872,-0.378657,0.183172,-0.096057,0.717985,-0.424504,-0.191325,-0.314379,-0.057774,-0.038636,0.686912,-0.417950,0.090944,-0.060971,0.047300,0.148653,-0.024658,0.273855,-0.576539,0.941349,0.638007,-0.085798,-0.008612,-0.040894,-0.302419,0.465374,1.017728,-0.361524,-0.052072,0.111948
-0.057062,-0.034537,0.740366,-0.014494,0.025892,-0.073559,0.996849,-0.377029,0.183981,-0.095389,0.718012,-0.425453,-0.191480,-0.312996,-0.056978,-0.037916,0.686509,-0.418400,0.090771,-0.060658,0.047364,0.147549,-0.026266,0.271949,-0.578843,0.942330,0.645290,-0.081332,-0.005846,-0.041539,-0.302627,0.463292,1.015584,-0.359707,-0.052896,0.112073
-0.056588,-0.034696,0.740333,-0.014529,0.025668,-0.073984,0.996823,-0.375495,0.184775,-0.094605,0.718019,-0.426360,-0.191598,-0.311812,-0.056245,-0.037191,0.686224,-0.418838,0.090558,-0.060256,0.047418,0.146584,-0.028036,0.270186,-0.579910,0.943718,0.651346,-0.078514,-0.004494,-0.042253,-0.302766,0.461408,1.013512,-0.358263,-0.053788,0.112017
-0.056200,-0.034861,0.740324,-0.014562,0.025486,-0.074463,0.996792,-0.374080,0.185604,-0.093633,0.718050,-0.427233,-0.191681,-0.310886,-0.055547,-0.036444,0.686106,-0.419265,0.090218,-0.059734,0.047472,0.145833,-0.029919,0.268628,-0.579177,0.945565,0.656527,-0.078121,-0.005219,-0.043056,-0.302854,0.459702,1.011435,-0.357339,-0.054889,0.111591
-0.055833,-0.034975,0.740286,-0.014579,0.025342,-0.074998,0.996755,-0.372755,0.186440,-0.092480,0.718109,-0.428089,-0.191711,-0.310148,-0.054884,-0.035628,0.686069,-0.419651,0.089851,-0.059126,0.047478,0.145241,-0.031872,0.267306,-0.576999,0.947794,0.661452,-0.079175,-0.007100,-0.043900,-0.302900,0.458162,1.009315,-0.356764,-0.056188,0.110936
-0.055459,-0.035045,0.740253,-0.014576,0.025232,-0.075536,0.996717,-0.371497,0.187189,-0.091311,0.718117,-0.428899,-0.191698,-0.309538,-0.054320,-0.034814,0.686086,-0.420012,0.089572,-0.058547,0.047440,0.144756,-0.033841,0.266275,-0.574284,0.950014,0.664870,-0.080731,-0.009305,-0.044749,-0.302881,0.456900,1.007199,-0.356306,-0.057376,0.110387
-0.055078,-0.035133,0.740241,-0.014545,0.025157,-0.076024,0.996682,-0.370293,0.187751,-0.090288,0.718024,-0.429656,-0.191651,-0.308990,-0.053926,-0.034078,0.686123,-0.420360,0.089499,-0.058092,0.047339,0.144306,-0.035791,0.265570,-0.571938,0.951878,0.665551,-0.081826,-0.011014,-0.045608,-0.302798,0.456030,1.005209,-0.355726,-0.058149,0.110272
-0.054770,-0.035233,0.740210,-0.014471,0.025125,-0.076422,0.996654,-0.369210,0.188015,-0.089551,0.717856,-0.430340,-0.191543,-0.308520,-0.053793,-0.033504,0.686196,-0.420674,0.089800,-0.057723,0.047150,0.143883,-0.037765,0.265265,-0.570184,0.953317,0.661936,-0.082249,-0.011763,-0.046300,-0.302688,0.455407,1.003130,-0.354871,-0.058369,0.110824
-0.054380,-0.035287,0.740203,-0.014364,0.025134,-0.076768,0.996629,-0.368219,0.188068,-0.088981,0.717604,-0.430955,-0.191381,-0.308140,-0.053855,-0.033036,0.686295,-0.420941,0.090365,-0.057638,0.046932,0.143452,-0.039954,0.264857,-0.568130,0.955050,0.655367,-0.082518,-0.012042,-0.047250,-0.302375,0.455246,1.001451,-0.353958,-0.058213,0.111777
-0.053972,-0.035244,0.740185,-0.014252,0.025163,-0.077122,0.996602,-0.367236,0.188095,-0.088362,0.717298,-0.431573,-0.191218,-0.307841,-0.053951,-0.032522,0.686450,-0.421257,0.090900,-0.057250,0.046726,0.143075,-0.042283,0.264790,-0.566802,0.956535,0.647944,-0.082634,-0.012503,-0.047811,-0.302184,0.455179,0.999539,-0.353134,-0.057851,0.112870
-0.053528,-0.035263,0.740182,-0.014161,0.025184,-0.077541,0.996570,-0.366160,0.188273,-0.087487,0.716957,-0.432255,-0.191109,-0.307609,-0.053922,-0.031825,0.686721,-0.421726,0.091111,-0.057012,0.046592,0.142772,-0.044499,0.264858,-0.565560,0.957802,0.642606,-0.082748,-0.013830,-0.048725,-0.301867,0.455801,0.998204,-0.352685,-0.057468,0.113744
-0.053098,-0.035220,0.740173,-0.014107,0.025176,-0.078073,0.996530,-0.364899,0.188714,-0.086185,0.716576,-0.433059,-0.191085,-0.307458,-0.053682,-0.030824,0.687208,-0.422461,0.090790,-0.056801,0.046466,0.142511,-0.046461,0.265304,-0.564720,0.958551,0.639898,-0.082701,-0.016779,-0.050070,-0.301281,0.457415,0.997607,-0.352605,-0.056923,0.114184
-0.052752,-0.035171,0.740187,-0.014075,0.025155,-0.078676,0.996483,-0.363524,0.189301,-0.084610,0.716152,-0.433936,-0.191112,-0.307402,-0.053328,-0.029626,0.687875,-0.423387,0.090138,-0.056350,0.046419,0.142353,-0.048488,0.266021,-0.564518,0.958981,0.638399,-0.082499,-0.020793,-0.051275,-0.300742,0.459412,0.997052,-0.352846,-0.056201,0.114486
-0.052324,-0.035117,0.740195,-0.014040,0.025165,-0.079281,0.996436,-0.362202,0.189873,-0.083007,0.715698,-0.434801,-0.191142,-0.307376,-0.052979,-0.028401,0.688457,-0.424273,0.089467,-0.055979,0.046317,0.142242,-0.050316,0.267143,-0.564522,0.959035,0.637493,-0.082384,-0.024605,-0.052543,-0.300093,0.461700,0.996767,-0.353276,-0.055584,0.114803
-0.051907,-0.035038,0.740179,-0.013982,0.025247,-0.079819,0.996391,-0.361124,0.190277,-0.081634,0.715279,-0.435581,-0.191131,-0.307339,-0.052756,-0.027319,0.688723,-0.424915,0.089086,-0.055712,0.046136,0.142114,-0.052099,0.268513,-0.564689,0.959089,0.636486,-0.082573,-0.026888,-0.053669,-0.299378,0.463788,0.996608,-0.353841,-0.055363,0.115337
-0.051562,-0.034982,0.740156,-0.013893,0.025404,-0.080276,0.996352,-0.360298,0.190457,-0.080585,0.714877,-0.436245,-0.191094,-0.307221,-0.052703,-0.026434,0.688524,-0.425220,0.089126,-0.055595,0.045864,0.141961,-0.053883,0.270115,-0.565074,0.959209,0.634769,-0.083363,-0.026813,-0.054664,-0.298551,0.465631,0.996696,-0.354607,-0.055847,0.116128
-0.051188,-0.034906,0.740131,-0.013783,0.025616,-0.080686,0.996315,-0.359645,0.190501,-0.079713,0.714484,-0.436839,-0.191047,-0.307073,-0.052748,-0.025650,0.688023,-0.425318,0.089403,-0.055568,0.045522,0.141796,-0.055673,0.271949,-0.565737,0.959336,0.632836,-0.084560,-0.025229,-0.055595,-0.297609,0.467410,0.997079,-0.355602,-0.056806,0.117067
-0.050721,-0.034790,0.740134,-0.013666,0.025891,-0.081059,0.996279,-0.359182,0.190471,-0.078915,0.714110,-0.437393,-0.190940,-0.307003,-0.052851,-0.024921,0.687401,-0.425301,0.089771,-0.055587,0.045125,0.141596,-0.057387,0.273961,-0.566449,0.959456,0.631769,-0.085647,-0.023359,-0.056476,-0.296550,0.469157,0.997569,-0.356623,-0.057712,0.118129
-0.050314,-0.034686,0.740150,-0.013556,0.026241,-0.081405,0.996243,-0.358923,0.190435,-0.078083,0.713764,-0.437934,-0.190726,-0.307125,-0.052960,-0.024199,0.686849,-0.425264,0.090075,-0.055613,0.044679,0.141327,-0.058971,0.276067,-0.566988,0.959611,0.632626,-0.086102,-0.022416,-0.057340,-0.295400,0.470927,0.998022,-0.357449,-0.058036,0.119286
-0.049909,-0.034555,0.740159,-0.013455,0.026700,-0.081720,0.996207,-0.358980,0.190416,-0.077180,0.713473,-0.438459,-0.190339,-0.307555,-0.053056,-0.023472,0.686420,-0.425189,0.090285,-0.055628,0.044213,0.140912,-0.060457,0.278207,-0.567432,0.959881,0.637096,-0.085517,-0.023160,-0.058184,-0.294160,0.472771,0.998353,-0.357948,-0.057345,0.120715
-0.049491,-0.034412,0.740177,-0.013358,0.027254,-0.082000,0.996170,-0.359313,0.190375,-0.076266,0.713239,-0.438963,-0.189821,-0.308204,-0.053163,-0.022764,0.686007,-0.425039,0.090477,-0.055659,0.043724,0.140374,-0.061911,0.280363,-0.567857,0.960322,0.644164,-0.084266,-0.024792,-0.059009,-0.292838,0.474669,0.998695,-0.358243,-0.056017,0.122369
-0.049063,-0.034254,0.740204,-0.013260,0.027829,-0.082258,0.996134,-0.359709,0.190291,-0.075383,0.713003,-0.439462,-0.189289,-0.308879,-0.053312,-0.022088,0.685576,-0.424885,0.090664,-0.055719,0.043217,0.139848,-0.063310,0.282503,-0.568017,0.960888,0.650824,-0.082986,-0.026181,-0.059771,-0.291444,0.476487,0.999085,-0.358577,-0.054735,0.123890
-0.048656,-0.034091,0.740236,-0.013160,0.028354,-0.082502,0.996101,-0.359992,0.190132,-0.074578,0.712768,-0.440006,-0.188862,-0.309423,-0.053527,-0.021458,0.685150,-0.424836,0.090859,-0.055832,0.042697,0.139468,-0.064618,0.284592,-0.567654,0.961533,0.654094,-0.082289,-0.026178,-0.060455,-0.290003,0.478138,0.999601,-0.359134,-0.054184,0.124919
-0.048259,-0.033900,0.740245,-0.013059,0.028825,-0.082735,0.996069,-0.360136,0.189899,-0.073902,0.712511,-0.440596,-0.188629,-0.309801,-0.053824,-0.020917,0.684698,-0.424918,0.091048,-0.056044,0.042188,0.139260,-0.065825,0.286595,-0.566568,0.962281,0.652144,-0.082516,-0.023807,-0.061085,-0.288548,0.479607,1.000375,-0.360154,-0.054911,0.125069
-0.047846,-0.033691,0.740251,-0.012959,0.029273,-0.082950,0.996039,-0.360240,0.189602,-0.073320,0.712252,-0.441218,-0.188508,-0.310117,-0.054181,-0.020445,0.684266,-0.425097,0.091232,-0.056333,0.041701,0.139155,-0.066975,0.288504,-0.564945,0.963188,0.646907,-0.083294,-0.019893,-0.061639,-0.287083,0.480946,1.001298,-0.361465,-0.056426,0.124630
-0.047408,-0.033449,0.740254,-0.012852,0.029686,-0.083151,0.996012,-0.360264,0.189239,-0.072737,0.712005,-0.441870,-0.188357,-0.310330,-0.054593,-0.019958,0.683800,-0.425298,0.091437,-0.056608,0.041187,0.139137,-0.068097,0.290323,-0.563079,0.964233,0.641079,-0.084141,-0.016001,-0.062059,-0.285605,0.482144,1.002131,-0.362664,-0.057862,0.124262
-0.046991,-0.033230,0.740265,-0.012730,0.030052,-0.083340,0.995987,-0.360155,0.188810,-0.072060,0.711760,-0.442539,-0.188032,-0.310437,-0.055050,-0.019372,0.683326,-0.425479,0.091692,-0.056772,0.040605,0.139188,-0.069244,0.292066,-0.561301,0.965408,0.637310,-0.084541,-0.013684,-0.062271,-0.284092,0.483166,1.002609,-0.363371,-0.058354,0.124634
-0.046550,-0.032997,0.740274,-0.012591,0.030327,-0.083510,0.995966,-0.359805,0.188291,-0.071237,0.711520,-0.443254,-0.187466,-0.310290,-0.055555,-0.018627,0.682732,-0.425596,0.091995,-0.056786,0.039928,0.139369,-0.070438,0.293739,-0.559670,0.966725,0.636500,-0.084280,-0.013766,-0.062244,-0.282537,0.483970,1.002672,-0.363641,-0.057354,0.126058
-0.046137,-0.032739,0.740286,-0.012438,0.030532,-0.083663,0.995949,-0.359266,0.187691,-0.070330,0.711278,-0.444006,-0.186744,-0.309957,-0.056113,-0.017784,0.682065,-0.425686,0.092337,-0.056692,0.039190,0.139671,-0.071650,0.295335,-0.558040,0.968175,0.637161,-0.083649,-0.015281,-0.062009,-0.280934,0.484576,1.002438,-0.363618,-0.055431,0.128137
-0.045670,-0.032504,0.740302,-0.012274,0.030747,-0.083813,0.995931,-0.358749,0.187051,-0.069400,0.711039,-0.444750,-0.185959,-0.309687,-0.056713,-0.016923,0.681490,-0.425811,0.092725,-0.056533,0.038386,0.139952,-0.072878,0.296868,-0.556411,0.969771,0.638377,-0.082872,-0.017089,-0.061647,-0.279295,0.485038,1.002035,-0.363111,-0.053388,0.130451
-0.045122,-0.032163,0.740265,-0.012102,0.031054,-0.083976,0.995910,-0.358483,0.186410,-0.068520,0.710839,-0.445455,-0.185201,-0.309730,-0.057348,-0.016131,0.681171,-0.426030,0.093171,-0.056337,0.037524,0.140084,-0.074082,0.298351,-0.554763,0.971480,0.639259,-0.082170,-0.018051,-0.061217,-0.277636,0.485410,1.001535,-0.361895,-0.052030,0.132586
-0.044699,-0.031923,0.740296,-0.011924,0.031504,-0.084166,0.995882,-0.358601,0.185802,-0.067691,0.710702,-0.446101,-0.184488,-0.310217,-0.057991,-0.015412,0.681134,-0.426338,0.093707,-0.056086,0.036600,0.139995,-0.075276,0.299792,-0.553037,0.973376,0.639565,-0.081554,-0.017790,-0.060664,-0.275948,0.485617,1.000943,-0.359690,-0.051666,0.134390
-0.044251,-0.031664,0.740303,-0.011737,0.032045,-0.084371,0.995850,-0.358958,0.185200,-0.066881,0.710589,-0.446700,-0.183775,-0.310996,-0.058657,-0.014726,0.681306,-0.426716,0.094317,-0.055775,0.035614,0.139770,-0.076465,0.301193,-0.551260,0.975430,0.639767,-0.080923,-0.016940,-0.059970,-0.274221,0.485657,1.000210,-0.356685,-0.051833,0.136100
-0.043848,-0.031416,0.740312,-0.011539,0.032598,-0.084568,0.995817,-0.359354,0.184549,-0.066106,0.710490,-0.447301,-0.183050,-0.311872,-0.059388,-0.014088,0.681655,-0.427178,0.094935,-0.055462,0.034567,0.139514,-0.077587,0.302570,-0.549533,0.977457,0.640046,-0.080324,-0.015881,-0.059275,-0.272498,0.485708,0.999350,-0.353364,-0.052172,0.137885
-0.043294,-0.031118,0.740330,-0.011326,0.033088,-0.084737,0.995789,-0.359579,0.183790,-0.065374,0.710356,-0.447932,-0.182305,-0.312681,-0.060225,-0.013516,0.682191,-0.427765,0.095493,-0.055200,0.033486,0.139357,-0.078591,0.303943,-0.547975,0.979239,0.640555,-0.079806,-0.014997,-0.058655,-0.270817,0.485932,0.998273,-0.350206,-0.052325,0.139922
-0.042785,-0.030779,0.740322,-0.011095,0.033493,-0.084884,0.995766,-0.359581,0.182915,-0.064695,0.710172,-0.448592,-0.181539,-0.313436,-0.061179,-0.013043,0.682993,-0.428514,0.095926,-0.054984,0.032362,0.139317,-0.079489,0.305347,-0.546631,0.980735,0.641542,-0.079448,-0.014415,-0.058116,-0.269223,0.486294,0.996868,-0.347388,-0.052242,0.142388
-0.042295,-0.030463,0.740325,-0.010851,0.033857,-0.085018,0.995745,-0.359478,0.181953,-0.064063,0.709972,-0.449274,-0.180759,-0.314228,-0.062225,-0.012649,0.684070,-0.429414,0.096285,-0.054784,0.031202,0.139357,-0.080271,0.306788,-0.545425,0.981983,0.642856,-0.079206,-0.013930,-0.057567,-0.267713,0.486722,0.995109,-0.344628,-0.052098,0.145160
-0.041926,-0.030150,0.740314,-0.010592,0.034188,-0.085113,0.995728,-0.359278,0.180902,-0.063461,0.709743,-0.449976,-0.179958,-0.314912,-0.063361,-0.012276,0.685155,-0.430348,0.096682,-0.054646,0.030011,0.139474,-0.080868,0.308241,-0.544294,0.982967,0.644050,-0.078935,-0.013419,-0.057042,-0.266296,0.487352,0.993213,-0.341737,-0.051871,0.147937
-0.041360,-0.029786,0.740316,-0.010323,0.034493,-0.085146,0.995718,-0.359043,0.179758,-0.062882,0.709568,-0.450745,-0.179127,-0.315385,-0.064578,-0.011862,0.686058,-0.431238,0.097227,-0.054612,0.028817,0.139670,-0.081211,0.309649,-0.543148,0.983667,0.644704,-0.078495,-0.012759,-0.056547,-0.264959,0.488312,0.991362,-0.338530,-0.051543,0.150424
-0.040745,-0.029463,0.740318,-0.010035,0.034741,-0.085091,0.995717,-0.358678,0.178488,-0.062317,0.709389,-0.451557,-0.178257,-0.315498,-0.065912,-0.011375,0.686654,-0.432011,0.098038,-0.054754,0.027612,0.140004,-0.081275,0.310960,-0.541942,0.984097,0.644618,-0.077648,-0.011735,-0.056091,-0.263687,0.489732,0.989589,-0.334575,-0.050996,0.152498
-0.040278,-0.029164,0.740290,-0.009729,0.034940,-0.084968,0.995723,-0.358199,0.177103,-0.061775,0.709207,-0.452410,-0.177353,-0.315345,-0.067354,-0.010852,0.687063,-0.432730,0.099027,-0.055036,0.026400,0.140445,-0.081126,0.312159,-0.540720,0.984321,0.644059,-0.076536,-0.010466,-0.055679,-0.262473,0.491529,0.987825,-0.330088,-0.050277,0.154325
-0.039760,-0.028818,0.740287,-0.009422,0.035152,-0.084817,0.995732,-0.357770,0.175672,-0.061266,0.709085,-0.453324,-0.176436,-0.315184,-0.068830,-0.010344,0.687459,-0.433484,0.099995,-0.055336,0.025209,0.140851,-0.080856,0.313260,-0.539544,0.984429,0.643299,-0.075581,-0.009318,-0.055333,-0.261335,0.493502,0.986146,-0.325876,-0.049609,0.156039
-0.039044,-0.028412,0.740291,-0.009129,0.035443,-0.084679,0.995736,-0.357548,0.174261,-0.060801,0.709070,-0.454313,-0.175526,-0.315246,-0.070268,-0.009899,0.687975,-0.434361,0.100746,-0.055515,0.024074,0.141105,-0.080526,0.314287,-0.538469,0.984464,0.642620,-0.075209,-0.008670,-0.055060,-0.260287,0.495478,0.984565,-0.322684,-0.049221,0.157790
-0.038503,-0.028038,0.740260,-0.008853,0.035856,-0.084576,0.995732,-0.357635,0.172902,-0.060378,0.709152,-0.455379,-0.174657,-0.315740,-0.071621,-0.009501,0.688745,-0.435440,0.101093,-0.055504,0.023011,0.141129,-0.080163,0.315271,-0.537477,0.984376,0.641972,-0.075768,-0.008779,-0.054842,-0.259353,0.497383,0.983072,-0.320905,-0.049183,0.159646
-0.037814,-0.027615,0.740231,-0.008586,0.036350,-0.084484,0.995725,-0.357925,0.171555,-0.059995,0.709311,-0.456512,-0.173808,-0.316480,-0.072936,-0.009134,0.689647,-0.436648,0.101187,-0.055376,0.021996,0.141011,-0.079716,0.316220,-0.536560,0.984123,0.641238,-0.076956,-0.009397,-0.054665,-0.258543,0.499306,0.981624,-0.320077,-0.049374,0.161525
-0.037142,-0.027190,0.740220,-0.008324,0.036854,-0.084369,0.995718,-0.358286,0.170174,-0.059654,0.709620,-0.457736,-0.172918,-0.317160,-0.074289,-0.008838,0.690491,-0.437863,0.101333,-0.055222,0.021008,0.140876,-0.079140,0.317115,-0.535784,0.983775,0.640593,-0.078210,-0.010142,-0.054531,-0.257847,0.501315,0.980217,-0.319667,-0.049739,0.163348
-0.036527,-0.026831,0.740179,-0.008062,0.037297,-0.084201,0.995718,-0.358567,0.168716,-0.059348,0.710114,-0.459055,-0.171926,-0.317482,-0.075747,-0.008650,0.691100,-0.438961,0.101838,-0.055138,0.020008,0.140827,-0.078390,0.317918,-0.535203,0.983427,0.640239,-0.078964,-0.010626,-0.054481,-0.257266,0.503468,0.978916,-0.319170,-0.050213,0.165024
-0.035777,-0.026483,0.740176,-0.007801,0.037649,-0.083944,0.995728,-0.358735,0.167153,-0.059122,0.710872,-0.460489,-0.170810,-0.317262,-0.077364,-0.008666,0.691323,-0.439849,0.102897,-0.055071,0.019041,0.140885,-0.077663,0.318447,-0.535052,0.983370,0.640466,-0.078955,-0.010719,-0.054373,-0.256909,0.505774,0.977597,-0.318560,-0.051023,0.166505
-0.034962,-0.026071,0.740151,-0.007540,0.037948,-0.083625,0.995746,-0.358869,0.165513,-0.058957,0.711848,-0.462029,-0.169605,-0.316702,-0.079092,-0.008833,0.691314,-0.440624,0.104307,-0.055231,0.018031,0.140998,-0.076587,0.318994,-0.534940,0.983152,0.641125,-0.078537,-0.010673,-0.054510,-0.256571,0.508480,0.976535,-0.318039,-0.052114,0.167799
-0.034269,-0.025610,0.740105,-0.007281,0.038240,-0.083302,0.995764,-0.358991,0.163837,-0.058790,0.712932,-0.463651,-0.168332,-0.316044,-0.080854,-0.008991,0.691235,-0.441389,0.105788,-0.055103,0.017090,0.141136,-0.075716,0.319252,-0.535199,0.983193,0.641638,-0.078012,-0.010506,-0.054485,-0.256426,0.510815,0.975372,-0.317600,-0.053039,0.169097
-0.033470,-0.025125,0.740084,-0.007020,0.038570,-0.083033,0.995775,-0.359144,0.162159,-0.058550,0.714051,-0.465353,-0.167011,-0.315509,-0.082573,-0.008979,0.691192,-0.442220,0.107058,-0.054996,0.016177,0.141249,-0.074591,0.319456,-0.535230,0.983024,0.641503,-0.077715,-0.010323,-0.054697,-0.256314,0.513104,0.974462,-0.316980,-0.053315,0.170448
-0.032628,-0.024610,0.740064,-0.006747,0.038951,-0.082834,0.995779,-0.359299,0.160465,-0.058212,0.715062,-0.467053,-0.165640,-0.315181,-0.084241,-0.008736,0.691240,-0.443136,0.108016,-0.054761,0.015278,0.141335,-0.073341,0.319571,-0.535135,0.982702,0.640179,-0.077721,-0.009888,-0.055056,-0.256235,0.515102,0.973660,-0.316103,-0.052555,0.172115
-0.031766,-0.024145,0.740059,-0.006467,0.039359,-0.082672,0.995778,-0.359449,0.158747,-0.057811,0.716059,-0.468787,-0.164214,-0.314936,-0.085895,-0.008349,0.691310,-0.444098,0.108819,-0.054281,0.014379,0.141434,-0.072115,0.319578,-0.535177,0.982362,0.638053,-0.077861,-0.009247,-0.055431,-0.256206,0.516684,0.972890,-0.315150,-0.051110,0.173990
-0.030770,-0.023617,0.740020,-0.006199,0.039779,-0.082541,0.995774,-0.359646,0.157042,-0.057382,0.717254,-0.470697,-0.162739,-0.314689,-0.087529,-0.007888,0.691380,-0.445117,0.109577,-0.053933,0.013551,0.141504,-0.070599,0.319472,-0.534958,0.981884,0.636084,-0.078094,-0.008881,-0.056055,-0.256203,0.518430,0.972466,-0.314182,-0.049580,0.175558
-0.029950,-0.023136,0.739976,-0.005962,0.040190,-0.082434,0.995768,-0.359930,0.155384,-0.056955,0.718863,-0.472928,-0.161226,-0.314378,-0.089131,-0.007420,0.691467,-0.446225,0.110395,-0.053317,0.012814,0.141659,-0.069089,0.319293,-0.534844,0.981350,0.635138,-0.078380,-0.009305,-0.056593,-0.256241,0.519691,0.972181,-0.313699,-0.048635,0.176454
-0.029071,-0.022601,0.739915,-0.005758,0.040600,-0.082351,0.995759,-0.360351,0.153779,-0.056539,0.720941,-0.475508,-0.159691,-0.314043,-0.090710,-0.006952,0.691621,-0.447473,0.111199,-0.052699,0.012210,0.141836,-0.067377,0.319003,-0.534596,0.980707,0.635768,-0.078772,-0.010906,-0.057277,-0.256320,0.520932,0.972340,-0.313634,-0.048567,0.176355
-0.028098,-0.022040,0.739797,-0.005578,0.041015,-0.082297,0.995748,-0.360877,0.152212,-0.056113,0.723391,-0.478375,-0.158124,-0.313708,-0.092264,-0.006449,0.691836,-0.448836,0.111968,-0.052096,0.011735,0.142024,-0.065524,0.318500,-0.534155,0.980050,0.637451,-0.079271,-0.013327,-0.058090,-0.256468,0.522160,0.972838,-0.313862,-0.048979,0.175545
-0.026961,-0.021381,0.739689,-0.005431,0.041416,-0.082263,0.995735,-0.361433,0.150688,-0.055688,0.726142,-0.481493,-0.156495,-0.313233,-0.093776,-0.005932,0.691952,-0.450199,0.112883,-0.051468,0.011477,0.142220,-0.063768,0.317537,-0.533581,0.979709,0.639449,-0.079768,-0.015864,-0.058927,-0.256771,0.523227,0.973462,-0.314228,-0.049474,0.174464
-0.025957,-0.020788,0.739554,-0.005321,0.041783,-0.082240,0.995722,-0.361930,0.149208,-0.055263,0.729118,-0.484837,-0.154776,-0.312489,-0.095242,-0.005419,0.691833,-0.451457,0.114131,-0.050650,0.011320,0.142490,-0.062037,0.316462,-0.533081,0.979393,0.640885,-0.080147,-0.017910,-0.059645,-0.257159,0.523774,0.973958,-0.314689,-0.049668,0.173544
-0.024918,-0.020161,0.739415,-0.005273,0.042116,-0.082212,0.995711,-0.362491,0.147816,-0.054898,0.732519,-0.488451,-0.152963,-0.311441,-0.096611,-0.004943,0.691431,-0.452547,0.115867,-0.049775,0.011327,0.142866,-0.060251,0.315257,-0.532408,0.979059,0.641502,-0.080408,-0.019233,-0.060313,-0.257647,0.523875,0.974248,-0.315290,-0.049359,0.172843
-0.023738,-0.019480,0.739245,-0.005274,0.042424,-0.082187,0.995700,-0.363101,0.146493,-0.054576,0.736288,-0.492319,-0.151066,-0.310142,-0.097907,-0.004489,0.690782,-0.453509,0.117959,-0.048845,0.011504,0.143321,-0.058417,0.313863,-0.531586,0.978740,0.641753,-0.080598,-0.020198,-0.060942,-0.258261,0.523614,0.974434,-0.316059,-0.048786,0.172151
-0.022495,-0.018834,0.739124,-0.005283,0.042702,-0.082198,0.995687,-0.363540,0.145164,-0.054178,0.740098,-0.496390,-0.149094,-0.308672,-0.099221,-0.003990,0.690055,-0.454502,0.120156,-0.047840,0.011753,0.143816,-0.056512,0.312345,-0.530791,0.978394,0.641965,-0.080695,-0.021056,-0.061536,-0.258979,0.523152,0.974659,-0.316727,-0.048206,0.171489
-0.021215,-0.018064,0.738945,-0.005261,0.042946,-0.082277,0.995670,-0.363590,0.143759,-0.053585,0.743611,-0.500603,-0.147056,-0.307090,-0.100649,-0.003378,0.689381,-0.455664,0.122207,-0.046747,0.011994,0.144309,-0.054541,0.310721,-0.530202,0.978026,0.642460,-0.080673,-0.022054,-0.062083,-0.259795,0.522656,0.975042,-0.317020,-0.047874,0.170880
-0.019940,-0.017302,0.738738,-0.005214,0.043131,-0.082443,0.995648,-0.363163,0.142305,-0.052772,0.746811,-0.505016,-0.144970,-0.305343,-0.102182,-0.002663,0.688740,-0.457010,0.124097,-0.045532,0.012233,0.144868,-0.052456,0.308992,-0.529777,0.977550,0.643428,-0.080404,-0.023361,-0.062608,-0.260677,0.522114,0.975708,-0.316655,-0.047967,0.170377
-0.018478,-0.016570,0.738556,-0.005157,0.043268,-0.082678,0.995623,-0.362384,0.140825,-0.051803,0.749844,-0.509633,-0.142828,-0.303402,-0.103785,-0.001875,0.688045,-0.458455,0.125943,-0.044219,0.012492,0.145486,-0.050262,0.307158,-0.529441,0.976993,0.644663,-0.079944,-0.024811,-0.063137,-0.261623,0.521469,0.976604,-0.315845,-0.048315,0.169948
-0.017032,-0.015737,0.738347,-0.005064,0.043404,-0.082947,0.995595,-0.361342,0.139238,-0.050699,0.752637,-0.514329,-0.140598,-0.301446,-0.105501,-0.000969,0.687472,-0.460074,0.127689,-0.042867,0.012742,0.146011,-0.048041,0.305242,-0.529341,0.976487,0.645901,-0.079539,-0.026154,-0.063586,-0.262650,0.520784,0.977481,-0.315082,-0.048645,0.169492
-0.015510,-0.014969,0.738180,-0.004906,0.043583,-0.083221,0.995566,-0.360129,0.137462,-0.049473,0.755100,-0.518961,-0.138257,-0.299634,-0.107372,0.000098,0.687164,-0.461913,0.129280,-0.041530,0.012955,0.146305,-0.045875,0.303284,-0.529637,0.976148,0.646846,-0.079433,-0.027148,-0.063871,-0.263797,0.520134,0.978084,-0.314837,-0.048689,0.168906
-0.013917,-0.014066,0.737947,-0.004703,0.043802,-0.083467,0.995536,-0.358740,0.135487,-0.048204,0.757252,-0.523536,-0.135734,-0.297908,-0.109355,0.001303,0.687083,-0.463987,0.130580,-0.040219,0.013176,0.146374,-0.043755,0.301308,-0.530424,0.975999,0.647542,-0.079813,-0.027556,-0.063968,-0.265104,0.519639,0.978273,-0.315250,-0.048202,0.168125
-0.012165,-0.013181,0.737763,-0.004461,0.044041,-0.083711,0.995506,-0.357144,0.133352,-0.046866,0.759136,-0.528123,-0.133065,-0.296206,-0.111444,0.002638,0.687164,-0.466255,0.131658,-0.038903,0.013410,0.146297,-0.041626,0.299314,-0.531600,0.975928,0.648091,-0.080509,-0.027574,-0.063883,-0.266574,0.519227,0.978134,-0.316048,-0.047383,0.167223
-0.010413,-0.012294,0.737563,-0.004132,0.044327,-0.084003,0.995470,-0.355343,0.131040,-0.045302,0.760637,-0.532637,-0.130380,-0.294718,-0.113749,0.004154,0.687547,-0.468737,0.132770,-0.037565,0.013547,0.146023,-0.039494,0.297315,-0.533015,0.975860,0.648336,-0.081233,-0.027592,-0.063588,-0.268194,0.518632,0.977785,-0.317142,-0.046633,0.166319
-0.008557,-0.011334,0.737324,-0.003673,0.044689,-0.084394,0.995423,-0.353377,0.128534,-0.043360,0.761691,-0.537022,-0.127812,-0.293629,-0.116379,0.005906,0.688374,-0.471439,0.134166,-0.036183,0.013482,0.145509,-0.037360,0.295327,-0.534527,0.975699,0.648113,-0.081698,-0.028001,-0.063040,-0.269926,0.517586,0.977314,-0.318432,-0.046351,0.165529
-0.006702,-0.010349,0.737100,-0.003067,0.045132,-0.084922,0.995360,-0.351182,0.125859,-0.040910,0.762208,-0.541266,-0.125394,-0.292912,-0.119356,0.007953,0.689529,-0.474326,0.136043,-0.034702,0.013174,0.144692,-0.035186,0.293359,-0.536238,0.975511,0.647498,-0.081879,-0.028660,-0.062297,-0.271737,0.516176,0.976936,-0.320081,-0.046816,0.164973
-0.004797,-0.009391,0.736858,-0.002339,0.045641,-0.085551,0.995285,-0.348774,0.123007,-0.038064,0.762259,-0.545401,-0.123056,-0.292490,-0.122624,0.010249,0.690993,-0.477413,0.138222,-0.033149,0.012665,0.143612,-0.032973,0.291418,-0.538177,0.975316,0.646539,-0.081912,-0.029439,-0.061403,-0.273629,0.514512,0.976599,-0.322064,-0.047761,0.164551
-0.002754,-0.008384,0.736611,-0.001504,0.046216,-0.086223,0.995202,-0.346258,0.119919,-0.035029,0.761945,-0.549410,-0.120772,-0.292484,-0.126166,0.012695,0.693053,-0.480787,0.140391,-0.031631,0.012001,0.142378,-0.030779,0.289512,-0.540081,0.974906,0.645024,-0.081750,-0.030770,-0.060178,-0.275576,0.512259,0.975868,-0.324103,-0.048754,0.164060
-0.000665,-0.007331,0.736396,-0.000577,0.046853,-0.086880,0.995116,-0.343748,0.116545,-0.032002,0.761379,-0.553279,-0.118527,-0.293031,-0.129963,0.015198,0.696024,-0.484556,0.142241,-0.030246,0.011206,0.141094,-0.028658,0.287658,-0.541682,0.974094,0.642745,-0.081342,-0.033080,-0.058489,-0.277562,0.509102,0.974364,-0.325900,-0.049364,0.163293
0.001460,-0.006320,0.736151,0.000417,0.047584,-0.087534,0.995024,-0.341327,0.112910,-0.029058,0.760570,-0.556984,-0.116331,-0.294186,-0.133955,0.017726,0.699873,-0.488681,0.143666,-0.028981,0.010384,0.139785,-0.026609,0.285867,-0.543128,0.972668,0.639844,-0.080597,-0.036980,-0.056331,-0.279557,0.504842,0.971944,-0.327669,-0.049107,0.162018
0.003640,-0.005244,0.735900,0.001493,0.048399,-0.088206,0.994925,-0.338910,0.109033,-0.026073,0.759458,-0.560516,-0.114198,-0.295871,-0.138154,0.020335,0.704485,-0.493139,0.144840,-0.027788,0.009472,0.138394,-0.024600,0.284142,-0.544497,0.970774,0.636370,-0.079554,-0.042077,-0.053777,-0.281556,0.499660,0.968855,-0.329487,-0.048334,0.160401
0.005778,-0.004071,0.735592,0.002699,0.049238,-0.088852,0.994823,-0.336376,0.104821,-0.022998,0.758068,-0.563952,-0.112072,-0.297961,-0.142682,0.023056,0.709972,-0.498007,0.145879,-0.026729,0.008274,0.136916,-0.022651,0.282503,-0.545416,0.968746,0.631953,-0.078362,-0.047285,-0.050796,-0.283579,0.493858,0.965239,-0.330802,-0.047871,0.158841
0.008104,-0.002992,0.735263,0.004083,0.050042,-0.089426,0.994727,-0.333585,0.100183,-0.019768,0.756408,-0.567394,-0.109918,-0.300327,-0.147652,0.025916,0.716433,-0.503354,0.146900,-0.025888,0.006604,0.135358,-0.020722,0.280971,-0.545449,0.966840,0.626265,-0.077176,-0.051527,-0.047338,-0.285654,0.487752,0.961200,-0.331065,-0.048546,0.157739
0.010493,-0.001927,0.734905,0.005676,0.050850,-0.089888,0.994637,-0.330545,0.095042,-0.016338,0.754329,-0.570762,-0.107752,-0.302957,-0.153192,0.028919,0.723707,-0.509233,0.148156,-0.025334,0.004372,0.133547,-0.018620,0.279524,-0.544092,0.965035,0.618271,-0.075906,-0.054403,-0.043431,-0.287844,0.481724,0.956650,-0.330347,-0.050914,0.157238
0.012960,-0.000983,0.734499,0.007445,0.051676,-0.090270,0.994548,-0.327316,0.089461,-0.012759,0.751900,-0.574054,-0.105596,-0.305902,-0.159201,0.032052,0.731793,-0.515593,0.149520,-0.025067,0.001710,0.131547,-0.016382,0.278159,-0.541625,0.963166,0.608485,-0.074517,-0.056528,-0.039073,-0.290159,0.475558,0.951519,-0.328850,-0.054421,0.157125
0.015336,0.000026,0.734076,0.009346,0.052420,-0.090640,0.994459,-0.323791,0.083564,-0.009114,0.749330,-0.577368,-0.103402,-0.309157,-0.165460,0.035330,0.741017,-0.522333,0.150523,-0.024995,-0.001258,0.129728,-0.014353,0.276965,-0.538888,0.961317,0.598839,-0.073251,-0.058342,-0.034194,-0.292507,0.468664,0.945987,-0.326196,-0.058233,0.157255
0.017930,0.001083,0.733597,0.011332,0.052986,-0.091064,0.994370,-0.319889,0.077477,-0.005488,0.746884,-0.580789,-0.101116,-0.312719,-0.171754,0.038783,0.751702,-0.529349,0.150701,-0.025007,-0.004429,0.128458,-0.012873,0.276093,-0.536776,0.959526,0.591217,-0.072348,-0.060304,-0.028732,-0.294720,0.460387,0.940254,-0.322043,-0.061515,0.157487
0.020368,0.001996,0.733078,0.013441,0.053414,-0.091527,0.994278,-0.315761,0.071065,-0.001969,0.744576,-0.584324,-0.098628,-0.316623,-0.178214,0.042490,0.763605,-0.536821,0.150328,-0.025114,-0.007923,0.127643,-0.011871,0.275658,-0.535281,0.957779,0.586212,-0.072090,-0.062204,-0.022649,-0.296646,0.450188,0.934337,-0.316017,-0.064061,0.157878
0.022908,0.002923,0.732475,0.015684,0.053736,-0.092004,0.994184,-0.311395,0.064312,0.001504,0.742288,-0.587919,-0.095995,-0.320899,-0.184908,0.046453,0.776667,-0.544737,0.149509,-0.025315,-0.011804,0.127156,-0.011161,0.275692,-0.534067,0.955943,0.582738,-0.072282,-0.063935,-0.016040,-0.298216,0.438461,0.928219,-0.308435,-0.066310,0.158470
0.025545,0.003770,0.731806,0.017972,0.053830,-0.092550,0.994089,-0.306464,0.057504,0.005057,0.740037,-0.591633,-0.093407,-0.325494,-0.191551,0.050589,0.791383,-0.552656,0.147515,-0.025519,-0.015932,0.127279,-0.010889,0.276230,-0.533495,0.953941,0.580208,-0.072447,-0.066105,-0.009177,-0.299455,0.426031,0.922243,-0.299977,-0.068402,0.159064
0.028134,0.004594,0.731055,0.020214,0.053576,-0.093218,0.993998,-0.300656,0.050935,0.008839,0.737854,-0.595543,-0.091079,-0.330329,-0.197835,0.054819,0.808246,-0.560145,0.143610,-0.025608,-0.020151,0.128312,-0.011221,0.277296,-0.533962,0.951697,0.578015,-0.072105,-0.069319,-0.002243,-0.300438,0.413697,0.916652,-0.291320,-0.070481,0.159462
0.030770,0.005399,0.730268,0.022468,0.052884,-0.093992,0.993913,-0.293831,0.044406,0.012878,0.735773,-0.599626,-0.089018,-0.335215,-0.203814,0.059448,0.827265,-0.567642,0.137423,-0.025644,-0.024543,0.130467,-0.012224,0.278921,-0.535681,0.949148,0.576606,-0.071161,-0.073942,0.004734,-0.301215,0.401232,0.911361,-0.282327,-0.072528,0.160102
0.033378,0.006150,0.729421,0.024756,0.051838,-0.094853,0.993832,-0.286179,0.037834,0.017100,0.733750,-0.603878,-0.087128,-0.340233,-0.209617,0.064454,0.848163,-0.575194,0.129372,-0.025632,-0.029148,0.133562,-0.013785,0.281110,-0.538433,0.946293,0.576085,-0.069867,-0.079592,0.011884,-0.301778,0.388341,0.906210,-0.272733,-0.074483,0.160940
0.036101,0.006817,0.728587,0.026947,0.050576,-0.095852,0.993745,-0.277893,0.031645,0.021454,0.731724,-0.608256,-0.085398,-0.345701,-0.215109,0.069226,0.871002,-0.581779,0.119915,-0.025423,-0.033743,0.137301,-0.015771,0.283826,-0.541873,0.943149,0.575401,-0.068255,-0.085752,0.019250,-0.302132,0.375769,0.901332,-0.263007,-0.076441,0.161064
0.038770,0.007347,0.727762,0.028908,0.049239,-0.097040,0.993641,-0.269150,0.026269,0.025903,0.729638,-0.612766,-0.083821,-0.351942,-0.220155,0.073136,0.895886,-0.586386,0.109496,-0.024921,-0.038095,0.141372,-0.018049,0.287004,-0.545635,0.939752,0.573484,-0.066346,-0.091900,0.026850,-0.302280,0.364342,0.896898,-0.253600,-0.078517,0.159555
0.041664,0.007809,0.726927,0.030670,0.047716,-0.098449,0.993524,-0.259681,0.021687,0.030597,0.727495,-0.617441,-0.082388,-0.358614,-0.225138,0.075932,0.922834,-0.588877,0.098927,-0.024009,-0.042308,0.145959,-0.020794,0.290664,-0.549991,0.936072,0.569888,-0.064070,-0.098298,0.034634,-0.302255,0.354274,0.893060,-0.244348,-0.080908,0.155825
0.044522,0.008130,0.726124,0.032285,0.045979,-0.100046,0.993395,-0.249489,0.017684,0.035523,0.725313,-0.622269,-0.081099,-0.365684,-0.230040,0.077977,0.951812,-0.589758,0.087657,-0.022793,-0.046448,0.151132,-0.023996,0.294811,-0.554990,0.932092,0.565246,-0.061424,-0.105082,0.042612,-0.302070,0.345182,0.889698,-0.235107,-0.083537,0.150477
0.047434,0.008355,0.725350,0.033655,0.044301,-0.101784,0.993250,-0.239147,0.014419,0.040400,0.723030,-0.627127,-0.079959,-0.373878,-0.234271,0.079528,0.982727,-0.589033,0.074106,-0.021550,-0.050236,0.156401,-0.027265,0.299308,-0.559871,0.927939,0.560169,-0.058533,-0.111541,0.050854,-0.301691,0.337035,0.886649,-0.226362,-0.086097,0.144375
0.050314,0.008360,0.724621,0.034685,0.042951,-0.103615,0.993084,-0.229219,0.012063,0.044960,0.720599,-0.631933,-0.078982,-0.383962,-0.237195,0.080781,1.015573,-0.586632,0.056708,-0.020604,-0.053396,0.161235,-0.030227,0.303944,-0.563811,0.923862,0.555300,-0.055534,-0.116945,0.059338,-0.301073,0.329858,0.883865,-0.218586,-0.088252,0.138350
0.053364,0.008295,0.723957,0.035322,0.041988,-0.105638,0.992890,-0.219861,0.010794,0.049266,0.718163,-0.636735,-0.078154,-0.396594,-0.238580,0.081778,1.051687,-0.581881,0.033248,-0.019870,-0.055791,0.165573,-0.033014,0.308599,-0.566739,0.920215,0.549652,-0.052564,-0.120862,0.067907,-0.300190,0.323740,0.881525,-0.211688,-0.090073,0.132109
0.056499,0.008134,0.723329,0.035630,0.041270,-0.107839,0.992672,-0.210736,0.010479,0.053446,0.715661,-0.641538,-0.077477,-0.411200,-0.238940,0.082182,1.090560,-0.575011,0.005062,-0.019259,-0.057593,0.169618,-0.035858,0.313253,-0.569026,0.917013,0.543302,-0.049517,-0.123723,0.076557,-0.299074,0.318677,0.879720,-0.205499,-0.091675,0.125342
0.059714,0.007911,0.722736,0.035678,0.040776,-0.110012,0.992452,-0.201760,0.010865,0.057324,0.712916,-0.646281,-0.076989,-0.426716,-0.238671,0.081675,1.129534,-0.567371,-0.024018,-0.019116,-0.058933,0.173247,-0.038514,0.317814,-0.570516,0.913967,0.538478,-0.046193,-0.126105,0.085561,-0.297734,0.314565,0.878160,-0.200355,-0.092780,0.118887
0.063150,0.007535,0.722185,0.035528,0.040483,-0.111954,0.992253,-0.192879,0.011718,0.060709,0.709791,-0.650856,-0.076731,-0.442076,-0.238000,0.080092,1.166050,-0.560317,-0.050075,-0.019783,-0.059959,0.176321,-0.040763,0.322160,-0.571029,0.910859,0.537435,-0.042390,-0.128595,0.095153,-0.296209,0.311303,0.876625,-0.196602,-0.093086,0.113562
0.066599,0.006976,0.721656,0.035109,0.040375,-0.113655,0.992079,-0.184037,0.013223,0.063594,0.706322,-0.655343,-0.076683,-0.457278,-0.236935,0.077042,1.200823,-0.553698,-0.073754,-0.021243,-0.060523,0.178870,-0.042543,0.326205,-0.570342,0.907931,0.541882,-0.038446,-0.131312,0.105525,-0.294494,0.308894,0.874888,-0.194507,-0.092271,0.109385
0.070294,0.006359,0.721161,0.034413,0.040467,-0.115208,0.991920,-0.175290,0.015455,0.066078,0.702589,-0.659772,-0.076849,-0.472791,-0.235373,0.072726,1.234827,-0.546964,-0.096571,-0.023350,-0.060597,0.180923,-0.044052,0.329928,-0.568618,0.905370,0.550267,-0.034362,-0.133973,0.116501,-0.292612,0.307386,0.873166,-0.193825,-0.090548,0.105974
0.074067,0.005612,0.720634,0.033600,0.040786,-0.116569,0.991776,-0.166732,0.018013,0.068136,0.698498,-0.663990,-0.077305,-0.488297,-0.233154,0.068023,1.266000,-0.540835,-0.115723,-0.026237,-0.060443,0.182357,-0.045432,0.333283,-0.566256,0.902780,0.559948,-0.029437,-0.136575,0.127830,-0.290612,0.306764,0.871767,-0.194082,-0.088433,0.103581
0.077973,0.004806,0.720090,0.032826,0.041360,-0.117690,0.991646,-0.158483,0.020515,0.069735,0.693997,-0.667866,-0.078128,-0.503494,-0.229946,0.063840,1.292298,-0.535986,-0.128288,-0.030031,-0.060303,0.183050,-0.046844,0.336199,-0.563680,0.899786,0.568280,-0.022953,-0.139100,0.139295,-0.288542,0.306994,0.870965,-0.194815,-0.086447,0.102462
0.081954,0.003847,0.719536,0.032094,0.042298,-0.118518,0.991531,-0.150785,0.022957,0.070786,0.689037,-0.671277,-0.079391,-0.518201,-0.224896,0.060737,1.312836,-0.532888,-0.131706,-0.034824,-0.060141,0.182679,-0.048232,0.338561,-0.560817,0.896475,0.574696,-0.014166,-0.141168,0.150997,-0.286419,0.308285,0.870833,-0.195967,-0.084431,0.102637
0.086025,0.002763,0.718925,0.031325,0.043554,-0.119092,0.991433,-0.143521,0.025545,0.071330,0.683688,-0.674337,-0.081041,-0.532657,-0.218247,0.058159,1.328907,-0.531092,-0.127908,-0.040522,-0.059801,0.181390,-0.049629,0.340317,-0.557523,0.893128,0.580584,-0.003632,-0.142912,0.163026,-0.284243,0.310578,0.871213,-0.197766,-0.082202,0.103996
0.090221,0.001595,0.718341,0.030533,0.044918,-0.119502,0.991347,-0.136217,0.028216,0.071521,0.677968,-0.677224,-0.082950,-0.547126,-0.211200,0.055329,1.341568,-0.529788,-0.120652,-0.046919,-0.059346,0.179779,-0.051388,0.341555,-0.554186,0.889667,0.586192,0.007419,-0.145071,0.175130,-0.282103,0.313402,0.872074,-0.200179,-0.080262,0.106584
0.094592,0.000287,0.717686,0.029736,0.046181,-0.119838,0.991273,-0.128392,0.030891,0.071513,0.671873,-0.680049,-0.084993,-0.561862,-0.205046,0.051510,1.351843,-0.528097,-0.113742,-0.053783,-0.058867,0.178462,-0.053819,0.342445,-0.551241,0.885890,0.591744,0.017754,-0.148379,0.187108,-0.280144,0.316225,0.873309,-0.203168,-0.079112,0.110458
0.098916,-0.001121,0.717017,0.028921,0.047319,-0.120059,0.991217,-0.119829,0.033538,0.071164,0.664994,-0.682708,-0.087224,-0.576796,-0.200063,0.046429,1.359483,-0.525774,-0.107458,-0.061246,-0.058353,0.177527,-0.056758,0.343069,-0.548585,0.881505,0.597724,0.027552,-0.153315,0.199104,-0.278447,0.319210,0.874758,-0.206303,-0.079630,0.115545
0.103365,-0.002529,0.716197,0.028086,0.048431,-0.120137,0.991177,-0.110819,0.036209,0.070459,0.657463,-0.685176,-0.089702,-0.591848,-0.195647,0.040557,1.364102,-0.523313,-0.100041,-0.069382,-0.057773,0.176710,-0.060015,0.343434,-0.546035,0.876499,0.603881,0.037280,-0.159417,0.211213,-0.277010,0.322541,0.876395,-0.209696,-0.081313,0.121864
0.107767,-0.003991,0.715318,0.027263,0.049499,-0.120184,0.991142,-0.101629,0.038963,0.069745,0.650063,-0.687683,-0.092311,-0.607235,-0.191796,0.034293,1.366472,-0.520834,-0.092267,-0.077852,-0.057161,0.176110,-0.063865,0.343628,-0.543945,0.871044,0.609295,0.046136,-0.165983,0.223280,-0.275846,0.325649,0.878206,-0.214159,-0.082605,0.129648
0.112316,-0.005528,0.714369,0.026481,0.050503,-0.120311,0.991097,-0.092515,0.041852,0.069362,0.643576,-0.690485,-0.094927,-0.623148,-0.188447,0.028003,1.367362,-0.518447,-0.084918,-0.086268,-0.056468,0.175878,-0.068577,0.343742,-0.542751,0.865218,0.612962,0.053343,-0.172293,0.235354,-0.275043,0.327869,0.879890,-0.220504,-0.081973,0.139193
0.116800,-0.007198,0.713310,0.025775,0.051478,-0.120580,0.991033,-0.083550,0.044840,0.069488,0.638065,-0.693729,-0.097526,-0.639768,-0.185739,0.021799,1.366699,-0.516284,-0.077872,-0.094764,-0.055932,0.175857,-0.073903,0.343876,-0.542204,0.858834,0.614552,0.058978,-0.178637,0.247015,-0.274298,0.329271,0.881977,-0.229397,-0.078621,0.151479
0.121367,-0.008957,0.712170,0.025122,0.052420,-0.120920,0.990959,-0.074571,0.047915,0.069906,0.633113,-0.697221,-0.100176,-0.656911,-0.183666,0.015486,1.364139,-0.514235,-0.070849,-0.103393,-0.055540,0.176047,-0.079796,0.344052,-0.542293,0.851835,0.614561,0.063395,-0.185219,0.258446,-0.273565,0.330026,0.884373,-0.240356,-0.073600,0.166090
0.126140,-0.010858,0.710982,0.024473,0.053248,-0.121242,0.990892,-0.065546,0.051148,0.070377,0.628938,-0.700815,-0.102871,-0.674230,-0.182015,0.009004,1.360068,-0.512016,-0.064377,-0.111814,-0.055332,0.176635,-0.086702,0.344490,-0.543577,0.844644,0.613296,0.066243,-0.191198,0.269628,-0.272388,0.330039,0.887234,-0.252617,-0.068126,0.180933
0.130843,-0.012743,0.709756,0.023766,0.053886,-0.121461,0.990847,-0.056422,0.054624,0.070652,0.625710,-0.704294,-0.105587,-0.691386,-0.180558,0.002277,1.354862,-0.509347,-0.058973,-0.120259,-0.055003,0.177896,-0.094593,0.345142,-0.545829,0.837309,0.611291,0.067110,-0.195758,0.280762,-0.271387,0.329729,0.889982,-0.265008,-0.063301,0.194046
0.135532,-0.014734,0.708553,0.023048,0.054304,-0.121549,0.990831,-0.047240,0.058184,0.070659,0.623545,-0.707815,-0.108176,-0.708627,-0.179475,-0.004671,1.348704,-0.506200,-0.055220,-0.128819,-0.054680,0.179969,-0.103618,0.346068,-0.549227,0.829820,0.608266,0.065162,-0.198899,0.291845,-0.270578,0.329192,0.892589,-0.277881,-0.059175,0.205326
0.140448,-0.016934,0.707329,0.022329,0.054547,-0.121555,0.990833,-0.038003,0.061842,0.070527,0.622337,-0.711403,-0.110672,-0.726006,-0.178818,-0.011801,1.341352,-0.502699,-0.052694,-0.137387,-0.054465,0.182740,-0.113560,0.347396,-0.553784,0.821853,0.604021,0.060858,-0.201032,0.302884,-0.269843,0.328205,0.895126,-0.291587,-0.055233,0.215731
0.145358,-0.019232,0.706067,0.021501,0.054649,-0.121503,0.990852,-0.028593,0.065937,0.070327,0.621905,-0.714793,-0.113343,-0.742886,-0.178173,-0.019160,1.332534,-0.498796,-0.050404,-0.145926,-0.054061,0.186006,-0.124069,0.348986,-0.559061,0.813425,0.599234,0.055713,-0.201914,0.313816,-0.269221,0.326813,0.897623,-0.304973,-0.051651,0.224756
0.150395,-0.021725,0.704792,0.020455,0.054647,-0.121418,0.990885,-0.018890,0.070818,0.070135,0.622065,-0.717676,-0.116455,-0.758645,-0.177109,-0.026800,1.321983,-0.494446,-0.047362,-0.154228,-0.053197,0.189577,-0.134912,0.350751,-0.564821,0.804600,0.594541,0.051255,-0.201281,0.324659,-0.268686,0.324868,0.900105,-0.316936,-0.048584,0.231884
0.155682,-0.024370,0.703585,0.019087,0.054432,-0.121274,0.990942,-0.008497,0.076756,0.070048,0.622632,-0.720192,-0.120192,-0.773006,-0.175561,-0.034919,1.309532,-0.489643,-0.043353,-0.162312,-0.051716,0.193757,-0.146415,0.352678,-0.571540,0.795413,0.589276,0.047685,-0.198926,0.335506,-0.268235,0.322597,0.902523,-0.327043,-0.046117,0.236185
0.160954,-0.027019,0.702374,0.017476,0.054022,-0.121069,0.991019,0.002418,0.083514,0.070016,0.623724,-0.722401,-0.124369,-0.786330,-0.173727,-0.043434,1.295322,-0.484397,-0.038893,-0.170249,-0.049797,0.198533,-0.158606,0.354749,-0.579213,0.785852,0.583386,0.044240,-0.195037,0.346327,-0.267866,0.319944,0.904902,-0.335928,-0.044074,0.238174
0.166434,-0.029945,0.701199,0.015798,0.053649,-0.120861,0.991093,0.013119,0.090662,0.069895,0.625650,-0.723954,-0.128708,-0.798950,-0.171586,-0.051975,1.279574,-0.478716,-0.034086,-0.177945,-0.047615,0.203250,-0.170784,0.356827,-0.586798,0.775951,0.578463,0.041004,-0.189891,0.356934,-0.267532,0.316436,0.907369,-0.344047,-0.042216,0.239502
0.172026,-0.033044,0.700061,0.014223,0.053542,-0.120704,0.991141,0.022865,0.097750,0.069524,0.628739,-0.724476,-0.132921,-0.811200,-0.169105,-0.060176,1.262495,-0.472597,-0.029044,-0.185309,-0.045312,0.207231,-0.182309,0.358721,-0.593221,0.765862,0.576127,0.038084,-0.183746,0.367138,-0.267180,0.311610,0.910064,-0.351861,-0.040336,0.241819
0.177862,-0.036217,0.698968,0.012768,0.053767,-0.120582,0.991164,0.031378,0.104685,0.068764,0.633314,-0.724198,-0.136675,-0.823390,-0.166360,-0.068183,1.243699,-0.465506,-0.023485,-0.192367,-0.042845,0.210307,-0.193502,0.360350,-0.598588,0.755939,0.577835,0.035582,-0.176244,0.376974,-0.266827,0.305324,0.912924,-0.360500,-0.038626,0.245846
0.183785,-0.039481,0.697942,0.011345,0.054201,-0.120469,0.991171,0.039135,0.111661,0.067725,0.639052,-0.723206,-0.140222,-0.835228,-0.163336,-0.076117,1.223142,-0.457597,-0.017462,-0.199145,-0.040091,0.212822,-0.204669,0.361694,-0.603346,0.746203,0.582402,0.033466,-0.167347,0.386565,-0.266479,0.297821,0.915901,-0.369385,-0.037129,0.250606
0.189996,-0.042972,0.696950,0.009979,0.054783,-0.120430,0.991159,0.046480,0.118670,0.066625,0.645481,-0.720950,-0.144142,-0.846221,-0.159857,-0.083548,1.201717,-0.449980,-0.011582,-0.205533,-0.037093,0.214840,-0.215156,0.362617,-0.606855,0.736419,0.587571,0.031629,-0.157784,0.395766,-0.266101,0.289231,0.919221,-0.376413,-0.035397,0.255176
0.196264,-0.046568,0.696006,0.008694,0.055458,-0.120530,0.991121,0.053754,0.125713,0.065671,0.652114,-0.716916,-0.149010,-0.855860,-0.155725,-0.090071,1.180302,-0.443761,-0.006434,-0.211262,-0.033889,0.216458,-0.224454,0.363045,-0.608708,0.726383,0.590957,0.029932,-0.148281,0.404528,-0.265569,0.279481,0.923028,-0.379541,-0.032966,0.258657
0.202793,-0.050378,0.695177,0.007488,0.056320,-0.120723,0.991059,0.060759,0.132958,0.064870,0.658791,-0.711136,-0.155685,-0.864392,-0.150809,-0.095509,1.158115,-0.439134,-0.002050,-0.216605,-0.030403,0.217563,-0.232688,0.362867,-0.608413,0.716474,0.592580,0.028210,-0.138882,0.412755,-0.264773,0.267930,0.927550,-0.377127,-0.029781,0.260319
0.209504,-0.054290,0.694346,0.006352,0.057364,-0.120996,0.990974,0.067437,0.140308,0.064094,0.665735,-0.703834,-0.163619,-0.871929,-0.145207,-0.100128,1.134980,-0.435514,0.001851,-0.221466,-0.026627,0.218139,-0.240258,0.362071,-0.606457,0.706895,0.593468,0.026569,-0.129232,0.420483,-0.263690,0.254691,0.932675,-0.370664,-0.026045,0.260769
0.216454,-0.058285,0.693592,0.005304,0.058375,-0.121459,0.990864,0.074214,0.147404,0.063316,0.673259,-0.694794,-0.171257,-0.877868,-0.139042,-0.104224,1.112836,-0.432869,0.005068,-0.225446,-0.022714,0.218355,-0.246768,0.360611,-0.603317,0.697174,0.593025,0.025205,-0.119487,0.427565,-0.262447,0.241351,0.938272,-0.362662,-0.021639,0.261045
0.223657,-0.062421,0.692887,0.004359,0.059140,-0.122229,0.990729,0.081547,0.153904,0.062532,0.681565,-0.683709,-0.177041,-0.881621,-0.132418,-0.108080,1.093623,-0.431156,0.007412,-0.228166,-0.018818,0.218376,-0.251796,0.358445,-0.599424,0.686810,0.590655,0.024299,-0.109800,0.433896,-0.261338,0.229500,0.944153,-0.355621,-0.016435,0.262203
0.231042,-0.066667,0.692202,0.003488,0.059528,-0.123367,0.990568,0.090149,0.159786,0.061778,0.690158,-0.670544,-0.180747,-0.882620,-0.125731,-0.112524,1.076683,-0.431683,0.009567,-0.229607,-0.014918,0.218407,-0.255144,0.355477,-0.594391,0.675686,0.585513,0.024090,-0.099486,0.439720,-0.260566,0.219228,0.950301,-0.349852,-0.010162,0.264197
0.238732,-0.071126,0.691517,0.002697,0.059680,-0.124805,0.990381,0.099545,0.165239,0.061041,0.699133,-0.655448,-0.183118,-0.881362,-0.118737,-0.117147,1.061438,-0.434040,0.011426,-0.230033,-0.010891,0.218292,-0.257049,0.351683,-0.588030,0.664066,0.578156,0.024353,-0.088692,0.445054,-0.260159,0.209847,0.956670,-0.344090,-0.002967,0.266598
0.246755,-0.075690,0.690934,0.002039,0.059792,-0.126471,0.990165,0.108411,0.170285,0.060286,0.709550,-0.638350,-0.184084,-0.878895,-0.110580,-0.120373,1.050002,-0.435641,0.011560,-0.229452,-0.006718,0.217673,-0.257712,0.347189,-0.581129,0.651911,0.570065,0.024605,-0.078830,0.449502,-0.260193,0.201755,0.963029,-0.338456,0.004673,0.269907
0.255003,-0.080481,0.690441,0.001570,0.060061,-0.128298,0.989914,0.115444,0.174899,0.059517,0.722464,-0.619154,-0.183650,-0.876309,-0.100473,-0.120614,1.044555,-0.433930,0.008490,-0.227926,-0.002386,0.216193,-0.257193,0.342243,-0.574411,0.639009,0.562702,0.024408,-0.071333,0.452665,-0.260732,0.195433,0.969143,-0.333080,0.012283,0.274634
0.263283,-0.085333,0.690134,0.001341,0.060595,-0.130354,0.989613,0.120918,0.178989,0.059225,0.737128,-0.598228,-0.182184,-0.874287,-0.086942,-0.116106,1.047262,-0.425799,0.000249,-0.225296,0.002056,0.213606,-0.255169,0.336969,-0.567739,0.624690,0.556697,0.024135,-0.067038,0.454398,-0.261908,0.191474,0.975144,-0.326965,0.020101,0.280640
0.271650,-0.090276,0.689915,0.001304,0.061269,-0.132646,0.989267,0.125347,0.182599,0.059333,0.753270,-0.575425,-0.179696,-0.872124,-0.070788,-0.108363,1.056416,-0.413210,-0.011668,-0.221693,0.006624,0.210177,-0.251506,0.331435,-0.560760,0.608942,0.551101,0.023891,-0.065054,0.454906,-0.263758,0.189578,0.981079,-0.320379,0.028273,0.287757
0.280409,-0.095424,0.689471,0.001373,0.061943,-0.135004,0.988906,0.127838,0.185873,0.059050,0.772507,-0.549817,-0.175741,-0.868785,-0.054675,-0.100565,1.068331,-0.401350,-0.023698,-0.217559,0.011330,0.206332,-0.246354,0.325810,-0.553755,0.592381,0.545264,0.022854,-0.064258,0.454269,-0.266127,0.188835,0.986639,-0.315384,0.036188,0.296466
0.289480,-0.100720,0.688997,0.001478,0.062482,-0.137262,0.988561,0.127494,0.188943,0.057627,0.796429,-0.520409,-0.169906,-0.863330,-0.041378,-0.095519,1.079523,-0.395801,-0.032625,-0.213262,0.016151,0.202473,-0.240010,0.320357,-0.547192,0.575692,0.538370,0.020193,-0.063536,0.452569,-0.268714,0.188293,0.991549,-0.314071,0.043200,0.307268
0.298635,-0.106191,0.688590,0.001835,0.062993,-0.139285,0.988245,0.124020,0.191218,0.054738,0.824836,-0.486008,-0.161749,-0.855418,-0.032652,-0.093793,1.089775,-0.398849,-0.036715,-0.208841,0.020706,0.198014,-0.232261,0.315272,-0.541381,0.558631,0.530317,0.015659,-0.063210,0.450056,-0.271251,0.188124,0.996003,-0.318210,0.049163,0.321846
0.307725,-0.111777,0.688192,0.002418,0.063507,-0.141191,0.987940,0.117959,0.192838,0.051094,0.856846,-0.447173,-0.151912,-0.845580,-0.026835,-0.093683,1.100809,-0.407449,-0.038107,-0.204035,0.024972,0.192968,-0.222982,0.310624,-0.536158,0.540773,0.521413,0.009727,-0.063733,0.446536,-0.273703,0.188662,1.000172,-0.326386,0.054278,0.339425
0.316900,-0.117467,0.687762,0.002796,0.063777,-0.143188,0.987634,0.109711,0.195029,0.047446,0.892923,-0.405467,-0.141497,-0.834153,-0.021541,-0.094428,1.112022,-0.419304,-0.039545,-0.198795,0.029497,0.188639,-0.212498,0.306446,-0.531168,0.522505,0.511561,0.002628,-0.064195,0.441427,-0.276119,0.189253,1.003714,-0.335885,0.058465,0.356822
0.326032,-0.123252,0.687218,0.002525,0.063553,-0.145489,0.987313,0.099693,0.199021,0.044381,0.933601,-0.362514,-0.131400,-0.821505,-0.014209,-0.095347,1.122810,-0.432113,-0.043787,-0.193061,0.034877,0.186325,-0.201172,0.302729,-0.526063,0.504255,0.500670,-0.005429,-0.063679,0.434144,-0.278598,0.189215,1.006288,-0.343955,0.061785,0.370831
0.335154,-0.128881,0.686742,0.001457,0.062768,-0.148203,0.986962,0.088275,0.205191,0.041940,0.979434,-0.316998,-0.121212,-0.807853,-0.003923,-0.096396,1.133379,-0.445630,-0.052593,-0.186719,0.041457,0.186325,-0.188770,0.299436,-0.520667,0.485924,0.487778,-0.015186,-0.061535,0.424542,-0.281173,0.188176,1.007964,-0.350713,0.064162,0.381337
0.344407,-0.134501,0.686230,-0.000164,0.061554,-0.151201,0.986585,0.075230,0.212953,0.039827,1.029798,-0.268436,-0.110533,-0.792986,0.008067,-0.097837,1.143875,-0.460911,-0.064165,-0.179853,0.048900,0.187927,-0.175208,0.296553,-0.515193,0.467384,0.473276,-0.026528,-0.058460,0.412904,-0.283863,0.186586,1.008889,-0.357292,0.065643,0.389794
0.353772,-0.140136,0.685648,-0.002237,0.059962,-0.154322,0.986197,0.060022,0.222163,0.037850,1.083682,-0.219936,-0.100026,-0.776610,0.021181,-0.099568,1.153536,-0.477580,-0.075940,-0.172818,0.056921,0.190934,-0.161051,0.294116,-0.509833,0.449002,0.459052,-0.037957,-0.055505,0.399268,-0.286697,0.185133,1.008840,-0.362430,0.066599,0.395375
0.363078,-0.145798,0.684984,-0.004615,0.058043,-0.157430,0.985812,0.042134,0.232573,0.035780,1.140204,-0.174662,-0.090255,-0.758364,0.034729,-0.101381,1.161601,-0.495332,-0.085342,-0.165911,0.065121,0.195155,-0.146875,0.292209,-0.504781,0.431136,0.446948,-0.047938,-0.053641,0.383661,-0.289737,0.184490,1.007601,-0.364863,0.067415,0.397250
0.372300,-0.151472,0.684188,-0.007455,0.055593,-0.160593,0.985426,0.021091,0.245657,0.034322,1.201645,-0.128196,-0.080776,-0.737363,0.049038,-0.103244,1.167520,-0.514663,-0.091392,-0.159309,0.073695,0.201213,-0.132541,0.290911,-0.499963,0.413535,0.437450,-0.055931,-0.053364,0.365878,-0.292982,0.184705,1.004781,-0.364384,0.068333,0.395173
0.381287,-0.157188,0.683289,-0.010801,0.052657,-0.163875,0.985015,-0.002710,0.261490,0.033062,1.267791,-0.080726,-0.070828,-0.714008,0.064391,-0.105166,1.171744,-0.535517,-0.095582,-0.152860,0.082814,0.209010,-0.117762,0.290251,-0.495256,0.396053,0.429531,-0.062791,-0.054012,0.345891,-0.296430,0.185564,1.000663,-0.361599,0.069115,0.389599
0.390221,-0.162766,0.682209,-0.014283,0.049653,-0.167110,0.984584,-0.028508,0.277073,0.030065,1.334212,-0.042562,-0.061038,-0.689890,0.079806,-0.106970,1.175083,-0.556787,-0.098999,-0.146481,0.091972,0.217259,-0.102749,0.290206,-0.490664,0.379011,0.422777,-0.069011,-0.054822,0.324027,-0.300056,0.187436,0.995950,-0.356447,0.069394,0.380782
0.399045,-0.168382,0.680866,-0.017475,0.046995,-0.170125,0.984146,-0.055552,0.288534,0.023527,1.396746,-0.024187,-0.052869,-0.666702,0.094195,-0.108510,1.178521,-0.577462,-0.102721,-0.140043,0.100535,0.224650,-0.087789,0.290736,-0.486226,0.362838,0.416778,-0.075111,-0.055023,0.300624,-0.303852,0.190634,0.991357,-0.348877,0.068788,0.368969
0.407821,-0.173852,0.679317,-0.020398,0.044706,-0.172740,0.983741,-0.083423,0.293447,0.011867,1.456012,-0.033753,-0.047836,-0.644864,0.107223,-0.110362,1.182714,-0.597593,-0.107008,-0.133816,0.108443,0.230988,-0.072978,0.291839,-0.482185,0.348259,0.411746,-0.081955,-0.054801,0.275410,-0.307787,0.195766,0.987458,-0.337643,0.066753,0.353268
0.416497,-0.179249,0.677703,-0.023160,0.042588,-0.175052,0.983365,-0.112466,0.293224,-0.003326,1.514181,-0.064240,-0.045403,-0.623488,0.119320,-0.112426,1.187110,-0.617717,-0.111285,-0.127870,0.115849,0.236901,-0.058159,0.293520,-0.478373,0.334895,0.407802,-0.089049,-0.054407,0.248333,-0.311793,0.202532,0.983720,-0.323213,0.063443,0.333917
0.425144,-0.184588,0.676060,-0.025494,0.040724,-0.177363,0.982972,-0.143390,0.289808,-0.018937,1.569778,-0.103404,-0.044067,-0.602538,0.130646,-0.113571,1.190969,-0.637420,-0.115296,-0.121538,0.122479,0.242302,-0.043265,0.295713,-0.474299,0.321495,0.404437,-0.094837,-0.053195,0.220082,-0.315850,0.209767,0.979172,-0.308126,0.059578,0.312821
0.433746,-0.189859,0.674557,-0.027150,0.039205,-0.179984,0.982513,-0.177117,0.285458,-0.032230,1.621086,-0.138733,-0.042347,-0.582028,0.141323,-0.112689,1.193605,-0.656305,-0.118793,-0.114105,0.128102,0.247096,-0.028278,0.298289,-0.469531,0.306922,0.401148,-0.097801,-0.050500,0.191386,-0.319989,0.216252,0.972807,-0.294895,0.056033,0.291847
0.442418,-0.195066,0.673203,-0.027913,0.038139,-0.182967,0.981982,-0.214776,0.280055,-0.042929,1.668338,-0.168122,-0.040107,-0.562401,0.151150,-0.109295,1.195285,-0.674528,-0.121446,-0.105386,0.132390,0.251053,-0.013411,0.301117,-0.464104,0.291807,0.398633,-0.097867,-0.046448,0.161671,-0.324282,0.222815,0.964874,-0.283492,0.053695,0.270195
0.450984,-0.200367,0.671994,-0.027989,0.037455,-0.186157,0.981407,-0.255671,0.272873,-0.052284,1.712215,-0.197673,-0.037890,-0.543476,0.160103,-0.104185,1.196222,-0.692204,-0.123515,-0.095722,0.135619,0.254295,0.001344,0.304148,-0.458249,0.276605,0.396898,-0.095754,-0.041273,0.130893,-0.328726,0.229670,0.955623,-0.272772,0.051883,0.247293
0.459622,-0.205520,0.671059,-0.027750,0.036967,-0.189551,0.980782,-0.298165,0.265431,-0.060207,1.751449,-0.227037,-0.035271,-0.524325,0.168561,-0.098113,1.195699,-0.708884,-0.125637,-0.085113,0.138476,0.257218,0.016306,0.307350,-0.451935,0.259927,0.394393,-0.091128,-0.034457,0.100577,-0.333212,0.234657,0.944114,-0.263564,0.049314,0.225300
0.468339,-0.210641,0.670361,-0.027568,0.036494,-0.193146,0.980103,-0.340691,0.259241,-0.066621,1.784708,-0.255846,-0.031755,-0.504011,0.176928,-0.091770,1.192980,-0.724067,-0.128441,-0.073450,0.141647,0.260169,0.031690,0.310709,-0.445245,0.240441,0.389524,-0.083666,-0.025448,0.072265,-0.337632,0.235499,0.929478,-0.256820,0.044781,0.206378
0.477071,-0.215883,0.669912,-0.027596,0.036025,-0.196999,0.979353,-0.383701,0.254721,-0.072073,1.812137,-0.284997,-0.027058,-0.482417,0.185502,-0.085486,1.187964,-0.737636,-0.132411,-0.060379,0.145455,0.263295,0.047389,0.314255,-0.438474,0.217598,0.381225,-0.071899,-0.012480,0.045817,-0.342066,0.231312,0.911342,-0.254090,0.038103,0.190984
0.486033,-0.221165,0.669684,-0.027627,0.035636,-0.201102,0.978532,-0.427851,0.251112,-0.076556,1.834164,-0.314180,-0.021486,-0.459955,0.194031,-0.078800,1.181011,-0.749855,-0.137131,-0.045916,0.149500,0.266344,0.063297,0.317995,-0.431646,0.192221,0.370367,-0.056570,0.003743,0.020663,-0.346646,0.223242,0.890249,-0.254540,0.030040,0.177960
0.495044,-0.226544,0.669659,-0.027499,0.035276,-0.205364,0.977663,-0.471891,0.248237,-0.079504,1.849808,-0.341229,-0.015625,-0.436509,0.202068,-0.071175,1.172105,-0.760761,-0.141871,-0.030546,0.153361,0.269035,0.079644,0.321868,-0.424348,0.165028,0.358341,-0.040636,0.020038,-0.002519,-0.351378,0.212195,0.866936,-0.255528,0.020779,0.167036
0.504240,-0.231796,0.669855,-0.027040,0.034888,-0.209694,0.976770,-0.514527,0.245968,-0.080297,1.858060,-0.363975,-0.010091,-0.411946,0.209105,-0.062116,1.161217,-0.770406,-0.145929,-0.014744,0.156584,0.271090,0.096603,0.325760,-0.416181,0.136811,0.346733,-0.026926,0.033139,-0.023130,-0.356206,0.199071,0.842223,-0.254397,0.010448,0.157985
0.513547,-0.237065,0.670287,-0.026350,0.034342,-0.214242,0.975821,-0.555653,0.245064,-0.078456,1.858656,-0.381762,-0.005436,-0.385815,0.215398,-0.051208,1.148276,-0.779052,-0.149211,0.001570,0.159398,0.272854,0.114666,0.329532,-0.406726,0.106759,0.336092,-0.015198,0.042293,-0.041383,-0.360956,0.182124,0.815634,-0.252009,-0.000901,0.153411
0.522986,-0.242300,0.671035,-0.025457,0.033695,-0.219009,0.974809,-0.595701,0.245421,-0.074240,1.851993,-0.395819,-0.001265,-0.358283,0.220951,-0.038774,1.133398,-0.786658,-0.152110,0.018606,0.161880,0.274291,0.133578,0.333140,-0.396290,0.074881,0.325645,-0.004190,0.049197,-0.057795,-0.365676,0.161554,0.787272,-0.249210,-0.013315,0.152517
0.532737,-0.247578,0.672085,-0.024086,0.033179,-0.223677,0.973801,-0.634092,0.245641,-0.068061,1.838103,-0.406906,0.003211,-0.330174,0.224877,-0.025471,1.116800,-0.792756,-0.154579,0.035969,0.163379,0.274663,0.152473,0.336612,-0.385435,0.043063,0.315130,0.004873,0.054151,-0.072079,-0.370650,0.141278,0.758569,-0.243323,-0.026871,0.150084
0.542579,-0.253042,0.673408,-0.021967,0.033030,-0.227927,0.972870,-0.670225,0.244294,-0.060337,1.817020,-0.415804,0.008765,-0.302366,0.226304,-0.012028,1.098716,-0.796905,-0.156515,0.053103,0.163245,0.273341,0.170654,0.339991,-0.374544,0.013036,0.304309,0.010736,0.057390,-0.083778,-0.376204,0.125384,0.730768,-0.231691,-0.041751,0.141000
0.552581,-0.258511,0.675086,-0.019016,0.033394,-0.231755,0.972015,-0.704370,0.242026,-0.050195,1.788305,-0.422749,0.016781,-0.274860,0.224978,0.001671,1.078064,-0.799625,-0.157685,0.070079,0.161386,0.270114,0.188210,0.343266,-0.363301,-0.015345,0.293251,0.012348,0.057896,-0.092767,-0.382545,0.114614,0.703782,-0.210329,-0.058562,0.123373
0.562879,-0.264035,0.677063,-0.015362,0.034122,-0.235298,0.971203,-0.736281,0.239107,-0.037450,1.751958,-0.427579,0.026188,-0.247372,0.221235,0.015794,1.055185,-0.801006,-0.158181,0.086921,0.158101,0.265491,0.205588,0.346343,-0.351477,-0.042977,0.282073,0.010664,0.055779,-0.099117,-0.389591,0.107006,0.676816,-0.181820,-0.077510,0.100464
0.573456,-0.269644,0.679296,-0.011069,0.035010,-0.238442,0.970462,-0.764756,0.233653,-0.023768,1.708710,-0.430423,0.034185,-0.220387,0.215187,0.029607,1.032291,-0.799928,-0.158252,0.103083,0.153318,0.259946,0.222463,0.349184,-0.339656,-0.069114,0.270650,0.007402,0.052987,-0.102529,-0.397216,0.102502,0.650015,-0.153474,-0.098096,0.074768
0.584199,-0.275316,0.681704,-0.006228,0.035859,-0.241078,0.969823,-0.788811,0.223975,-0.011055,1.659244,-0.431234,0.038192,-0.194395,0.207042,0.042336,1.011505,-0.795268,-0.158054,0.117953,0.147010,0.253961,0.238570,0.351790,-0.328333,-0.093045,0.258879,0.004235,0.051491,-0.102839,-0.405266,0.101120,0.623631,-0.132527,-0.119365,0.048433
0.595171,-0.281093,0.684235,-0.000595,0.036772,-0.243000,0.969329,-0.808649,0.208923,0.000313,1.602060,-0.429023,0.038733,-0.169551,0.196159,0.053752,0.992366,-0.786913,-0.157405,0.131539,0.138574,0.247224,0.253481,0.354287,-0.317493,-0.114509,0.246567,0.000753,0.051408,-0.099734,-0.413915,0.103580,0.597388,-0.120073,-0.141686,0.019249
0.606290,-0.287045,0.686801,0.005759,0.037813,-0.244325,0.968939,-0.824591,0.189910,0.010939,1.537119,-0.424166,0.037003,-0.145787,0.182769,0.064086,0.973965,-0.775352,-0.156152,0.144095,0.128279,0.239741,0.267421,0.356709,-0.306912,-0.133951,0.233825,-0.003668,0.051798,-0.093272,-0.423213,0.109466,0.571105,-0.112767,-0.165157,-0.013299
0.617666,-0.293239,0.689367,0.012277,0.038709,-0.245411,0.968568,-0.836179,0.169140,0.020203,1.467471,-0.418592,0.031601,-0.123234,0.168425,0.073303,0.958013,-0.760490,-0.154580,0.155418,0.117361,0.232394,0.281001,0.358909,-0.296788,-0.151604,0.221103,-0.007704,0.053107,-0.084014,-0.432747,0.117106,0.545365,-0.110966,-0.187940,-0.044840
0.629262,-0.299453,0.691919,0.018395,0.039190,-0.246655,0.968136,-0.842895,0.148801,0.027632,1.395784,-0.413869,0.021095,-0.101764,0.154657,0.081573,0.945810,-0.741892,-0.153053,0.165451,0.107035,0.225982,0.294666,0.360693,-0.287355,-0.167490,0.208900,-0.010036,0.055824,-0.072473,-0.441866,0.124767,0.520805,-0.114891,-0.208140,-0.071006
0.641017,-0.305793,0.694356,0.024263,0.039244,-0.248129,0.967628,-0.843953,0.128822,0.033526,1.318932,-0.409326,0.003172,-0.081188,0.141305,0.089467,0.937519,-0.719575,-0.152231,0.174371,0.096931,0.220501,0.308656,0.362016,-0.278177,-0.181569,0.196733,-0.010342,0.060283,-0.058525,-0.450330,0.132278,0.497699,-0.128221,-0.225810,-0.092108
0.653008,-0.312355,0.696628,0.030012,0.038999,-0.249668,0.967080,-0.839819,0.108538,0.037693,1.236301,-0.404194,-0.020493,-0.061618,0.127894,0.096869,0.932508,-0.693641,-0.151979,0.182227,0.086688,0.215556,0.322566,0.362979,-0.269234,-0.193713,0.184637,-0.009352,0.066194,-0.041987,-0.458222,0.140324,0.475747,-0.149655,-0.241426,-0.110352
0.665244,-0.318994,0.698779,0.035158,0.038365,-0.251271,0.966517,-0.831924,0.088961,0.039256,1.154403,-0.399815,-0.045468,-0.043135,0.115218,0.102975,0.930802,-0.663953,-0.151457,0.188715,0.077286,0.211313,0.335851,0.363655,-0.261394,-0.203767,0.173901,-0.007302,0.073122,-0.023321,-0.465392,0.148526,0.454798,-0.171685,-0.254039,-0.123896
0.677681,-0.325645,0.700779,0.039245,0.037258,-0.252927,0.965971,-0.821919,0.071019,0.037471,1.080267,-0.397703,-0.067407,-0.025744,0.104091,0.106977,0.932478,-0.630284,-0.149748,0.193571,0.069642,0.207876,0.347845,0.364142,-0.255622,-0.211421,0.165822,-0.004390,0.080633,-0.002933,-0.471580,0.156486,0.434679,-0.186761,-0.262977,-0.130628
0.690223,-0.332444,0.702538,0.042020,0.035358,-0.254716,0.965455,-0.809275,0.054290,0.030927,1.013756,-0.400437,-0.085486,-0.007927,0.094921,0.108650,0.936735,-0.591363,-0.146792,0.196900,0.064188,0.205670,0.359369,0.364488,-0.252145,-0.216833,0.160341,0.000582,0.089791,0.019648,-0.476553,0.164295,0.414975,-0.193214,-0.267568,-0.128794
0.703009,-0.339399,0.704130,0.043779,0.032811,-0.256608,0.964966,-0.793601,0.038720,0.020479,0.952081,-0.406555,-0.101801,0.010056,0.087342,0.108548,0.943653,-0.547540,-0.142998,0.198789,0.060289,0.204434,0.370438,0.364780,-0.250422,-0.220084,0.156855,0.007337,0.100454,0.044396,-0.480352,0.172136,0.396020,-0.194917,-0.268594,-0.119709
0.715831,-0.346510,0.705421,0.044899,0.030258,-0.258406,0.964518,-0.777249,0.025441,0.008831,0.899112,-0.411841,-0.116641,0.025516,0.081096,0.107037,0.954678,-0.501135,-0.138012,0.198918,0.057304,0.203162,0.379242,0.365183,-0.250367,-0.220782,0.155874,0.013501,0.110350,0.070128,-0.483097,0.179848,0.378736,-0.192579,-0.267529,-0.105774
0.728558,-0.353758,0.706436,0.045784,0.028342,-0.259901,0.964133,-0.762773,0.015201,-0.001275,0.858969,-0.412146,-0.130482,0.035681,0.075859,0.104493,0.971335,-0.454485,-0.131455,0.197005,0.054559,0.200803,0.383868,0.365901,-0.252017,-0.218438,0.157936,0.016717,0.117211,0.095594,-0.484934,0.187280,0.364167,-0.186870,-0.265837,-0.089392
0.741131,-0.360910,0.707244,0.046505,0.027537,-0.260903,0.963851,-0.752293,0.007965,-0.009764,0.834384,-0.404306,-0.143721,0.039164,0.072076,0.100695,0.994135,-0.406257,-0.122818,0.192701,0.051982,0.196520,0.384086,0.366903,-0.255807,-0.212805,0.164914,0.016914,0.119941,0.120328,-0.485787,0.194766,0.352563,-0.175581,-0.263184,-0.069476
0.753506,-0.367953,0.707978,0.046905,0.027422,-0.261538,0.963663,-0.744498,0.002925,-0.017853,0.823364,-0.391525,-0.156208,0.037710,0.069983,0.095703,1.022110,-0.355785,-0.111981,0.186178,0.049834,0.190907,0.380787,0.368080,-0.261607,-0.204085,0.175969,0.015176,0.119921,0.144680,-0.485602,0.202584,0.343700,-0.159228,-0.258724,-0.045356
0.765560,-0.374836,0.708377,0.047055,0.027295,-0.262042,0.963522,-0.736862,-0.000421,-0.024723,0.822913,-0.379176,-0.167623,0.033179,0.068813,0.090267,1.054766,-0.306603,-0.099325,0.178046,0.047902,0.185095,0.373867,0.369854,-0.268759,-0.192747,0.187375,0.010895,0.118743,0.168914,-0.484525,0.210326,0.337655,-0.142370,-0.253338,-0.020006
0.777627,-0.381753,0.708412,0.047013,0.026447,-0.262674,0.963376,-0.726682,-0.002439,-0.029423,0.829795,-0.372591,-0.177668,0.027394,0.067631,0.085083,1.091814,-0.262240,-0.085559,0.168940,0.046002,0.180305,0.363141,0.372507,-0.276557,-0.179228,0.195465,0.003472,0.117910,0.193494,-0.482856,0.217401,0.334296,-0.129476,-0.248202,0.003719
0.789927,-0.388892,0.707641,0.046201,0.024650,-0.263519,0.963232,-0.712465,-0.002000,-0.031717,0.846264,-0.372472,-0.187897,0.021187,0.068702,0.081265,1.133825,-0.219597,-0.068881,0.158895,0.045076,0.176815,0.349176,0.376229,-0.285073,-0.163357,0.196493,-0.009925,0.116753,0.219145,-0.480717,0.223966,0.332974,-0.121348,-0.243936,0.026199
0.802192,-0.396042,0.706212,0.044741,0.022286,-0.264456,0.963102,-0.695595,0.000544,-0.031873,0.872596,-0.376132,-0.198064,0.013489,0.072022,0.078238,1.181000,-0.178327,-0.049417,0.147725,0.044926,0.174101,0.331994,0.380976,-0.294639,-0.145315,0.193160,-0.028079,0.114789,0.245595,-0.478034,0.230222,0.333734,-0.115579,-0.239956,0.048657
0.814121,-0.403070,0.704468,0.043776,0.019559,-0.265430,0.962937,-0.677813,0.002589,-0.029640,0.902700,-0.383817,-0.205096,0.003276,0.072416,0.073824,1.232574,-0.146000,-0.031598,0.135835,0.043559,0.172142,0.310478,0.386796,-0.305128,-0.126066,0.191445,-0.045485,0.113973,0.272065,-0.474801,0.235417,0.337314,-0.111723,-0.235847,0.069558
0.825961,-0.409966,0.702375,0.044513,0.016681,-0.266364,0.962700,-0.661210,0.001591,-0.024911,0.930820,-0.395762,-0.205762,-0.010457,0.063839,0.065715,1.287800,-0.130100,-0.020507,0.123657,0.038899,0.170835,0.283454,0.393786,-0.316470,-0.106603,0.197358,-0.056648,0.116507,0.297902,-0.471016,0.238669,0.344328,-0.109310,-0.231188,0.087366
0.837247,-0.416661,0.699944,0.047677,0.013574,-0.267233,0.962356,-0.647360,-0.003792,-0.017104,0.957471,-0.412930,-0.196366,-0.027622,0.040756,0.051631,1.348700,-0.137506,-0.018899,0.111286,0.029664,0.170119,0.249667,0.402084,-0.329204,-0.086279,0.214892,-0.059721,0.123130,0.323359,-0.466519,0.239400,0.354530,-0.107941,-0.226081,0.102160
0.848533,-0.423334,0.697457,0.052544,0.010154,-0.268068,0.961912,-0.635019,-0.012409,-0.006540,0.984980,-0.434564,-0.179461,-0.047249,0.006384,0.034070,1.415058,-0.162858,-0.024331,0.098652,0.017011,0.169954,0.209980,0.411592,-0.343295,-0.065142,0.239900,-0.057559,0.132701,0.348769,-0.461152,0.238074,0.367597,-0.107933,-0.220768,0.114664
0.859822,-0.430143,0.694787,0.058166,0.006646,-0.268860,0.961398,-0.622271,-0.022748,0.005303,1.010644,-0.458590,-0.161062,-0.069220,-0.032077,0.017709,1.482553,-0.195097,-0.034012,0.085778,0.002543,0.170198,0.166487,0.421932,-0.357721,-0.045207,0.266281,-0.051747,0.144549,0.373488,-0.454975,0.235462,0.384123,-0.109873,-0.215005,0.124270
0.871053,-0.436723,0.691907,0.063585,0.003287,-0.269616,0.960861,-0.607053,-0.032896,0.016942,1.031881,-0.483301,-0.147197,-0.094133,-0.066861,0.006460,1.547012,-0.222811,-0.045056,0.072524,-0.011992,0.170704,0.121191,0.432620,-0.371418,-0.028200,0.288004,-0.044050,0.158007,0.396803,-0.448237,0.232428,0.404774,-0.114292,-0.208542,0.130346
0.882176,-0.443372,0.689108,0.069032,-0.000198,-0.270256,0.960310,-0.588136,-0.042960,0.028872,1.048114,-0.509750,-0.139401,-0.122574,-0.097801,0.001179,1.609423,-0.243716,-0.058084,0.058563,-0.026985,0.171752,0.073111,0.443557,-0.385398,-0.013372,0.303868,-0.032606,0.175090,0.418575,-0.441160,0.229150,0.431219,-0.119638,-0.202663,0.132960
0.893251,-0.450201,0.686450,0.074862,-0.003806,-0.270805,0.959711,-0.566820,-0.053435,0.041267,1.060885,-0.538596,-0.134544,-0.154432,-0.127832,-0.000088,1.671269,-0.263514,-0.073848,0.043906,-0.042977,0.173137,0.021605,0.454619,-0.399775,-0.000125,0.316761,-0.017246,0.195276,0.439173,-0.433758,0.225214,0.462549,-0.126038,-0.197034,0.132395
0.903814,-0.457028,0.683877,0.080285,-0.006870,-0.271442,0.959076,-0.544697,-0.062715,0.052387,1.070787,-0.567694,-0.131690,-0.189744,-0.153750,0.001401,1.729156,-0.282399,-0.089851,0.028781,-0.058314,0.174036,-0.030648,0.465259,-0.412040,0.009865,0.327362,-0.002539,0.214198,0.458600,-0.426098,0.220700,0.495528,-0.136563,-0.188814,0.128339
0.914048,-0.463860,0.681670,0.084505,-0.008728,-0.272351,0.958440,-0.523407,-0.069250,0.060719,1.078403,-0.594862,-0.129802,-0.228592,-0.172475,0.004239,1.779747,-0.300514,-0.103506,0.013260,-0.071153,0.173690,-0.081191,0.474910,-0.419555,0.015490,0.336720,0.006844,0.227485,0.476703,-0.418421,0.215870,0.527169,-0.154194,-0.175119,0.120532
0.924176,-0.470771,0.679758,0.087220,-0.008848,-0.273599,0.957840,-0.504237,-0.072218,0.065803,1.084320,-0.620281,-0.128890,-0.273019,-0.182037,0.008572,1.823331,-0.317818,-0.114636,-0.002897,-0.080354,0.171499,-0.130182,0.483395,-0.421288,0.016817,0.345441,0.008621,0.233467,0.492873,-0.410882,0.210441,0.558885,-0.182236,-0.152647,0.107575
0.934273,-0.477978,0.678310,0.088879,-0.007712,-0.275087,0.957271,-0.486016,-0.072394,0.068708,1.088147,-0.644897,-0.129464,-0.322545,-0.184247,0.014252,1.861347,-0.333889,-0.124387,-0.019767,-0.086775,0.168005,-0.178964,0.490842,-0.418820,0.015117,0.353253,0.005424,0.234702,0.507499,-0.403607,0.204431,0.591559,-0.217676,-0.123286,0.090767
0.944295,-0.485352,0.677274,0.089807,-0.006189,-0.276746,0.956717,-0.466758,-0.070755,0.070302,1.089027,-0.667634,-0.131124,-0.373410,-0.182053,0.019461,1.892182,-0.348346,-0.132188,-0.037017,-0.091578,0.164235,-0.226864,0.497192,-0.413447,0.011184,0.360027,-0.000043,0.233173,0.521972,-0.396868,0.198595,0.621357,-0.254165,-0.092129,0.073621
0.954163,-0.492681,0.676516,0.090330,-0.005149,-0.278504,0.956164,-0.444444,-0.068356,0.071401,1.086058,-0.687468,-0.133434,-0.421875,-0.178606,0.022583,1.914202,-0.360920,-0.137594,-0.054379,-0.095966,0.161162,-0.273589,0.502302,-0.406402,0.006129,0.365405,-0.005053,0.230807,0.537710,-0.391083,0.193758,0.644394,-0.285785,-0.064668,0.058906
0.963907,-0.500406,0.676281,0.090490,-0.004809,-0.280425,0.955589,-0.418295,-0.065225,0.072377,1.078589,-0.704800,-0.136549,-0.468042,-0.174156,0.023662,1.927176,-0.371796,-0.139738,-0.071790,-0.100313,0.159239,-0.319390,0.505886,-0.396790,-0.000583,0.369184,-0.009833,0.226806,0.555264,-0.386551,0.190088,0.659028,-0.316304,-0.040670,0.044854
0.973449,-0.508336,0.676524,0.090129,-0.004737,-0.282500,0.955012,-0.389413,-0.060934,0.072868,1.067214,-0.719933,-0.140565,-0.513469,-0.167586,0.023124,1.931800,-0.381001,-0.139239,-0.089451,-0.103966,0.157845,-0.364814,0.507865,-0.384414,-0.008565,0.371643,-0.015574,0.220611,0.574014,-0.383330,0.187241,0.667457,-0.347094,-0.017782,0.030703
0.982976,-0.516569,0.677282,0.089260,-0.004812,-0.284549,0.954485,-0.358632,-0.055814,0.072483,1.052914,-0.731741,-0.144994,-0.556632,-0.160163,0.020195,1.927924,-0.388166,-0.137897,-0.107388,-0.106615,0.156336,-0.409402,0.508512,-0.371507,-0.016068,0.373263,-0.020934,0.214463,0.593682,-0.381388,0.185160,0.671471,-0.369188,0.001069,0.019801
0.992344,-0.525048,0.678432,0.087900,-0.004902,-0.286401,0.954057,-0.326814,-0.050136,0.070776,1.036698,-0.739101,-0.149395,-0.595971,-0.153123,0.014209,1.915530,-0.393015,-0.137455,-0.125784,-0.108217,0.154187,-0.450784,0.508067,-0.360035,-0.023117,0.375486,-0.024446,0.210785,0.613770,-0.380668,0.183987,0.672851,-0.373715,0.012632,0.015157
1.001847,-0.533808,0.680052,0.085901,-0.005088,-0.287932,0.953777,-0.293145,-0.043599,0.067443,1.017428,-0.742553,-0.153489,-0.631139,-0.146743,0.004502,1.894021,-0.395302,-0.138295,-0.144969,-0.108583,0.151777,-0.489151,0.506008,-0.349331,-0.029345,0.379143,-0.025632,0.209908,0.634280,-0.381022,0.183456,0.671151,-0.353168,0.013988,0.018158
1.011432,-0.542807,0.682085,0.083293,-0.005389,-0.289264,0.953603,-0.257592,-0.035999,0.062816,0.995082,-0.742439,-0.157641,-0.662666,-0.140487,-0.008427,1.863557,-0.395511,-0.139408,-0.164924,-0.108174,0.149277,-0.525570,0.502120,-0.339219,-0.034733,0.383902,-0.025088,0.211035,0.655291,-0.382657,0.183943,0.665698,-0.313913,0.007581,0.027007
1.021082,-0.552171,0.684550,0.080321,-0.005562,-0.290598,0.953452,-0.222192,-0.027658,0.057281,0.972303,-0.737315,-0.162381,-0.690353,-0.134199,-0.023505,1.825124,-0.394392,-0.140461,-0.184028,-0.106191,0.146003,-0.559925,0.497448,-0.331114,-0.039977,0.386945,-0.023758,0.213196,0.677419,-0.385097,0.184158,0.657768,-0.269064,-0.001692,0.039433
1.030923,-0.561756,0.687336,0.077274,-0.005381,-0.292134,0.953235,-0.188922,-0.019074,0.051169,0.951672,-0.725727,-0.168133,-0.714064,-0.127733,-0.039551,1.779668,-0.392627,-0.141159,-0.202317,-0.103138,0.142009,-0.590056,0.491956,-0.325394,-0.046918,0.388947,-0.022225,0.215908,0.698976,-0.387730,0.184590,0.649484,-0.231989,-0.009347,0.052602
1.040873,-0.571639,0.690443,0.073992,-0.004707,-0.293797,0.952988,-0.157844,-0.009930,0.044021,0.933221,-0.707333,-0.175809,-0.733621,-0.120241,-0.056631,1.726214,-0.390185,-0.141288,-0.219120,-0.098224,0.137063,-0.616527,0.486327,-0.323229,-0.056003,0.388854,-0.019074,0.220307,0.720981,-0.390124,0.184449,0.640522,-0.204137,-0.015529,0.067149
1.050840,-0.581633,0.693681,0.070400,-0.003677,-0.295534,0.952728,-0.128213,-0.000124,0.035679,0.915878,-0.682885,-0.184722,-0.748945,-0.111971,-0.074694,1.664546,-0.386952,-0.140534,-0.234854,-0.091908,0.131610,-0.639222,0.480611,-0.323768,-0.067231,0.387166,-0.014393,0.226338,0.743111,-0.392161,0.184119,0.630430,-0.179250,-0.022108,0.084009
1.060908,-0.591874,0.697154,0.066879,-0.002465,-0.297584,0.952347,-0.100719,0.009499,0.026860,0.900705,-0.652680,-0.192843,-0.760182,-0.104146,-0.093740,1.596681,-0.383335,-0.139655,-0.249290,-0.085223,0.125906,-0.656889,0.474661,-0.325591,-0.080521,0.383720,-0.011372,0.231357,0.764147,-0.393653,0.184032,0.620227,-0.159084,-0.027762,0.100346
1.071039,-0.602424,0.700728,0.063814,-0.001256,-0.300185,0.951743,-0.075919,0.018059,0.018380,0.888787,-0.617026,-0.198265,-0.767495,-0.097838,-0.113338,1.524521,-0.379633,-0.138735,-0.262077,-0.079167,0.120116,-0.668499,0.468314,-0.327383,-0.095608,0.378345,-0.013205,0.232683,0.782987,-0.394379,0.184531,0.610927,-0.145502,-0.031344,0.113245
1.081207,-0.613146,0.704384,0.061200,0.000152,-0.303489,0.950867,-0.054065,0.025651,0.010426,0.880104,-0.574146,-0.200367,-0.770346,-0.092902,-0.134491,1.444917,-0.374289,-0.137919,-0.272847,-0.073558,0.113938,-0.673798,0.461539,-0.329057,-0.112790,0.370621,-0.021773,0.228909,0.799486,-0.394203,0.186158,0.602791,-0.141592,-0.032304,0.120929
1.091549,-0.624069,0.708096,0.058873,0.001767,-0.307344,0.949774,-0.034752,0.032529,0.002656,0.874307,-0.524471,-0.200453,-0.768640,-0.088188,-0.157295,1.357629,-0.367520,-0.136684,-0.281687,-0.067991,0.107374,-0.673445,0.454439,-0.331328,-0.132041,0.360662,-0.034982,0.221568,0.814268,-0.393154,0.188464,0.595289,-0.145625,-0.031606,0.125178
1.101968,-0.635257,0.711742,0.056989,0.003107,-0.311526,0.948522,-0.017271,0.038000,-0.004821,0.871580,-0.471670,-0.199709,-0.763415,-0.083441,-0.179928,1.268935,-0.362113,-0.134223,-0.289113,-0.063213,0.101040,-0.667841,0.446937,-0.334087,-0.152498,0.349371,-0.050044,0.212412,0.827216,-0.391318,0.190406,0.588301,-0.152239,-0.030360,0.128391
1.112410,-0.646609,0.715166,0.055712,0.003682,-0.315805,0.947180,-0.000892,0.041276,-0.011962,0.872063,-0.419286,-0.199279,-0.755974,-0.078847,-0.200376,1.185266,-0.360757,-0.130006,-0.295733,-0.059970,0.095538,-0.657343,0.438793,-0.337186,-0.173245,0.337875,-0.064223,0.203273,0.838247,-0.388816,0.190953,0.581641,-0.156044,-0.029636,0.132973
1.122788,-0.658086,0.718197,0.055098,0.003391,-0.320161,0.945753,0.014789,0.041683,-0.019162,0.874868,-0.365563,-0.198994,-0.745781,-0.074802,-0.219106,1.104612,-0.364839,-0.122790,-0.301661,-0.058441,0.090811,-0.641025,0.429793,-0.340636,-0.194712,0.325478,-0.077734,0.194521,0.847507,-0.385670,0.189948,0.575566,-0.155540,-0.029610,0.139619
1.133344,-0.669564,0.720733,0.055102,0.002451,-0.324684,0.944213,0.029546,0.039366,-0.026296,0.879823,-0.309125,-0.199149,-0.732576,-0.071231,-0.236798,1.024332,-0.372236,-0.113210,-0.306610,-0.058309,0.086530,-0.619141,0.419890,-0.344685,-0.216969,0.312085,-0.091692,0.185140,0.855120,-0.381833,0.187821,0.569951,-0.153591,-0.029725,0.147042
1.144039,-0.681141,0.722792,0.055722,0.000872,-0.329312,0.942575,0.043095,0.034776,-0.032689,0.888171,-0.254203,-0.201136,-0.718371,-0.068094,-0.251660,0.950594,-0.380724,-0.103957,-0.310360,-0.059439,0.082822,-0.594053,0.409297,-0.349591,-0.238453,0.299333,-0.104860,0.174947,0.861128,-0.377293,0.184253,0.564020,-0.151277,-0.029933,0.154661
1.154857,-0.692655,0.724436,0.056915,-0.001300,-0.334001,0.940852,0.055019,0.028590,-0.037701,0.901377,-0.205262,-0.205747,-0.705433,-0.065472,-0.261806,0.890342,-0.388534,-0.097889,-0.312850,-0.061660,0.079885,-0.567822,0.398211,-0.355542,-0.257827,0.289162,-0.115963,0.163875,0.865335,-0.372100,0.179090,0.557102,-0.149717,-0.030207,0.161887
1.165604,-0.704165,0.725673,0.058859,-0.004362,-0.338720,0.939034,0.065866,0.019585,-0.042185,0.920020,-0.162079,-0.213815,-0.694410,-0.064812,-0.266684,0.847002,-0.397617,-0.096786,-0.314586,-0.065534,0.078018,-0.539006,0.386521,-0.362888,-0.276230,0.281306,-0.124285,0.152824,0.867694,-0.366238,0.171623,0.549285,-0.149085,-0.030882,0.169296
1.176235,-0.715551,0.726369,0.061475,-0.008182,-0.343517,0.937097,0.075498,0.007886,-0.046288,0.943419,-0.122854,-0.224436,-0.684655,-0.065931,-0.267221,0.817307,-0.408614,-0.098978,-0.314853,-0.070627,0.076777,-0.508630,0.374850,-0.371627,-0.292816,0.273401,-0.130762,0.141350,0.868768,-0.359533,0.161754,0.540729,-0.148768,-0.031857,0.176966
1.186793,-0.726875,0.726565,0.064322,-0.012064,-0.348490,0.935025,0.082387,-0.003490,-0.048111,0.971383,-0.089792,-0.235181,-0.676395,-0.066584,-0.263566,0.798350,-0.418113,-0.102447,-0.313568,-0.076104,0.076036,-0.477875,0.362936,-0.381563,-0.306780,0.269359,-0.136323,0.128226,0.867144,-0.352262,0.151758,0.531621,-0.148913,-0.032495,0.183543
1.197341,-0.737927,0.726235,0.066947,-0.015310,-0.353732,0.932822,0.085056,-0.011324,-0.045579,1.003571,-0.065097,-0.243455,-0.669699,-0.064495,-0.255914,0.787106,-0.422539,-0.105300,-0.309806,-0.080578,0.075201,-0.450296,0.351082,-0.392018,-0.315375,0.270327,-0.142123,0.111755,0.862798,-0.344756,0.143115,0.521565,-0.149469,-0.032131,0.187712
1.207780,-0.748907,0.725294,0.069569,-0.017776,-0.359194,0.930497,0.082712,-0.015695,-0.037936,1.041029,-0.049382,-0.247947,-0.664337,-0.058641,-0.241527,0.782385,-0.419223,-0.102338,-0.303840,-0.084291,0.073898,-0.425467,0.339354,-0.402849,-0.319033,0.276555,-0.148434,0.090893,0.855521,-0.337259,0.136142,0.510684,-0.150580,-0.031000,0.188980
1.218145,-0.759602,0.723616,0.072294,-0.019801,-0.364855,0.928042,0.076273,-0.017361,-0.026182,1.083762,-0.041545,-0.249603,-0.660236,-0.050326,-0.221243,0.786029,-0.410754,-0.096192,-0.296073,-0.087659,0.072405,-0.402212,0.327825,-0.414111,-0.318580,0.286861,-0.154893,0.066764,0.845608,-0.329865,0.130049,0.498991,-0.152101,-0.029306,0.188136
1.228168,-0.770127,0.721503,0.074517,-0.021434,-0.370848,0.925451,0.066895,-0.014151,-0.010920,1.129881,-0.041171,-0.249263,-0.657718,-0.040654,-0.200787,0.799443,-0.401172,-0.096653,-0.286349,-0.089898,0.071401,-0.381029,0.316599,-0.425307,-0.313576,0.301754,-0.161659,0.041228,0.833173,-0.322790,0.125069,0.486096,-0.153634,-0.026337,0.185797
1.237573,-0.780451,0.719134,0.075647,-0.022743,-0.377287,0.922721,0.055862,-0.004130,0.007117,1.177453,-0.047827,-0.247963,-0.657228,-0.030821,-0.186097,0.823820,-0.393994,-0.113559,-0.274567,-0.090197,0.071558,-0.362433,0.305900,-0.435693,-0.303567,0.321569,-0.168900,0.016112,0.818387,-0.316347,0.121438,0.471519,-0.154745,-0.021378,0.182600
1.247257,-0.790789,0.716010,0.075913,-0.023561,-0.384357,0.919756,0.043574,0.014021,0.030274,1.226786,-0.063687,-0.246752,-0.661975,-0.022188,-0.179367,0.865157,-0.386024,-0.158334,-0.260345,-0.088583,0.072200,-0.346702,0.295925,-0.444569,-0.288394,0.349244,-0.177396,-0.010487,0.801697,-0.310702,0.119164,0.454715,-0.155695,-0.014223,0.178861
1.257000,-0.801250,0.712172,0.075542,-0.023996,-0.391891,0.916591,0.030072,0.039135,0.057622,1.278693,-0.088336,-0.244721,-0.670342,-0.013716,-0.178777,0.919290,-0.374094,-0.222264,-0.244225,-0.085570,0.073257,-0.333008,0.286754,-0.452027,-0.268850,0.383558,-0.187292,-0.038534,0.782878,-0.305938,0.118256,0.435952,-0.156475,-0.005253,0.174239
1.266561,-0.811529,0.708079,0.075312,-0.025358,-0.398657,0.913651,0.016177,0.065272,0.083995,1.330539,-0.116106,-0.238471,-0.676815,-0.008336,-0.177852,0.976597,-0.365717,-0.261800,-0.229209,-0.083938,0.075908,-0.320024,0.278438,-0.458436,-0.246010,0.418812,-0.197360,-0.063361,0.760979,-0.302283,0.118970,0.416019,-0.156229,0.005354,0.168374
1.275986,-0.821792,0.703786,0.074323,-0.027837,-0.404469,0.911102,0.001590,0.091021,0.104213,1.381312,-0.142957,-0.226568,-0.675511,-0.001489,-0.172519,1.025277,-0.369448,-0.261800,-0.216232,-0.082637,0.081726,-0.306383,0.271043,-0.464122,-0.220928,0.449447,-0.205805,-0.080514,0.735064,-0.300007,0.121631,0.395684,-0.154032,0.017380,0.160881
1.284979,-0.832524,0.699367,0.068734,-0.029829,-0.410957,0.908571,-0.013829,0.126177,0.115448,1.434553,-0.171665,-0.212497,-0.662073,0.017661,-0.173161,1.058006,-0.389715,-0.261800,-0.202142,-0.074188,0.092912,-0.292033,0.264632,-0.469116,-0.191824,0.472661,-0.212395,-0.087051,0.704646,-0.299395,0.127453,0.374751,-0.148711,0.031932,0.150805
1.293542,-0.843402,0.695198,0.059815,-0.031481,-0.417868,0.905990,-0.030329,0.168815,0.120200,1.489563,-0.203287,-0.196611,-0.640359,0.043799,-0.177814,1.083100,-0.422735,-0.261800,-0.187636,-0.060312,0.107824,-0.277202,0.259330,-0.472777,-0.159183,0.492044,-0.217448,-0.086087,0.670153,-0.300399,0.136047,0.352881,-0.140748,0.048629,0.138561
1.301832,-0.854511,0.691461,0.050004,-0.032747,-0.424854,0.903286,-0.050039,0.212166,0.119854,1.543099,-0.235015,-0.178099,-0.614815,0.071473,-0.182273,1.103409,-0.460228,-0.261800,-0.173792,-0.044328,0.123284,-0.261117,0.255365,-0.474657,-0.127310,0.511629,-0.219889,-0.082423,0.632398,-0.302613,0.145371,0.330191,-0.131864,0.065187,0.125824
1.310099,-0.865483,0.688098,0.041740,-0.033562,-0.431588,0.900479,-0.075426,0.249657,0.116098,1.592443,-0.264376,-0.155814,-0.590263,0.096021,-0.183713,1.121318,-0.493947,-0.261800,-0.161241,-0.029776,0.136327,-0.243125,0.252963,-0.474629,-0.100476,0.535370,-0.218769,-0.080868,0.592316,-0.305525,0.153274,0.306852,-0.124072,0.079386,0.114367
1.318320,-0.876106,0.684974,0.035507,-0.033640,-0.438240,0.897526,-0.108671,0.279981,0.108552,1.638250,-0.291105,-0.127563,-0.568053,0.117723,-0.182376,1.136397,-0.522439,-0.261800,-0.149544,-0.017355,0.146318,-0.223073,0.252155,-0.472616,-0.078529,0.564913,-0.210834,-0.081326,0.548695,-0.308961,0.159713,0.283518,-0.116586,0.090978,0.104267
1.326648,-0.886675,0.682152,0.030082,-0.033118,-0.444903,0.894460,-0.148684,0.305930,0.096391,1.681591,-0.316453,-0.094459,-0.545787,0.138964,-0.179979,1.147532,-0.549655,-0.261800,-0.138317,-0.005568,0.154887,-0.201386,0.252950,-0.468851,-0.059610,0.597855,-0.197575,-0.082056,0.501514,-0.312914,0.165663,0.259926,-0.108987,0.101058,0.094742
1.334922,-0.897109,0.679601,0.025437,-0.032597,-0.451229,0.891450,-0.192675,0.327150,0.081541,1.720272,-0.340127,-0.060066,-0.522676,0.158471,-0.176617,1.155825,-0.575778,-0.261800,-0.127839,0.005048,0.162548,-0.178337,0.255560,-0.463836,-0.045440,0.632106,-0.185377,-0.085159,0.453449,-0.317137,0.170554,0.235069,-0.104038,0.109543,0.086369
1.343276,-0.907664,0.677267,0.021542,-0.032687,-0.456873,0.888670,-0.237556,0.343582,0.066300,1.752116,-0.361771,-0.027889,-0.497802,0.174824,-0.172226,1.162414,-0.601075,-0.261800,-0.118340,0.013957,0.169854,-0.154161,0.260296,-0.458138,-0.037857,0.665632,-0.180732,-0.092264,0.407031,-0.321219,0.173827,0.208146,-0.104605,0.116382,0.079772
1.351328,-0.918216,0.675140,0.018461,-0.033792,-0.461533,0.886287,-0.283427,0.354452,0.050737,1.777565,-0.381317,0.002798,-0.470497,0.186918,-0.167044,1.168063,-0.626504,-0.261800,-0.110573,0.020505,0.177575,-0.128269,0.267535,-0.450900,-0.038774,0.702987,-0.187974,-0.104862,0.361702,-0.324724,0.175136,0.179059,-0.113935,0.121730,0.075429
1.359270,-0.928743,0.673416,0.016198,-0.035537,-0.465462,0.884206,-0.331274,0.359733,0.034752,1.797360,-0.398805,0.033438,-0.441244,0.195691,-0.161170,1.171944,-0.651666,-0.261800,-0.104175,0.024873,0.185342,-0.100466,0.277402,-0.441927,-0.047168,0.743340,-0.203202,-0.121144,0.315893,-0.327643,0.175116,0.148900,-0.129949,0.125596,0.073012
1.367127,-0.939334,0.672301,0.014629,-0.037364,-0.469193,0.882184,-0.379293,0.361019,0.020022,1.810096,-0.414075,0.061109,-0.411029,0.202710,-0.154148,1.173174,-0.674938,-0.261800,-0.097643,0.027911,0.191960,-0.071497,0.289627,-0.432772,-0.060439,0.776681,-0.220220,-0.137921,0.270657,-0.330302,0.174705,0.118605,-0.147425,0.127671,0.071865
1.374910,-0.949818,0.671684,0.013622,-0.038706,-0.473258,0.879967,-0.425720,0.360200,0.008001,1.814357,-0.426926,0.082833,-0.380842,0.209489,-0.145428,1.170922,-0.694658,-0.261800,-0.089355,0.030618,0.196159,-0.042348,0.303628,-0.425271,-0.075576,0.793240,-0.232299,-0.152657,0.227457,-0.333163,0.174651,0.088768,-0.161051,0.127657,0.071280
1.382500,-0.960383,0.671517,0.013152,-0.039412,-0.477803,0.877484,-0.470600,0.358092,-0.000636,1.809626,-0.437124,0.096971,-0.350677,0.216360,-0.134608,1.164620,-0.710697,-0.261800,-0.078675,0.033578,0.197310,-0.013717,0.319000,-0.420618,-0.091942,0.787117,-0.237415,-0.165935,0.186035,-0.336583,0.175026,0.059331,-0.168388,0.125792,0.070962
1.390349,-0.971543,0.672034,0.013281,-0.039793,-0.482551,0.874863,-0.514227,0.353955,-0.006310,1.796604,-0.444771,0.105267,-0.320045,0.222420,-0.122027,1.154927,-0.723902,-0.261800,-0.066465,0.036389,0.196104,0.014833,0.335533,-0.417625,-0.110576,0.764809,-0.238666,-0.179009,0.145926,-0.340568,0.175524,0.029993,-0.172433,0.122107,0.071244
1.398004,-0.982687,0.672829,0.014001,-0.039967,-0.487406,0.872148,-0.555304,0.347533,-0.009454,1.775679,-0.450181,0.109850,-0.289184,0.227292,-0.108166,1.142805,-0.734098,-0.261800,-0.053255,0.038604,0.193259,0.043856,0.352809,-0.414769,-0.130769,0.735393,-0.236950,-0.190517,0.108577,-0.344949,0.176151,0.000695,-0.176026,0.116004,0.072307
1.405411,-0.993895,0.673959,0.015300,-0.040043,-0.492273,0.869385,-0.592613,0.338566,-0.010667,1.747297,-0.453740,0.112860,-0.258377,0.230588,-0.093550,1.129190,-0.741105,-0.261800,-0.039450,0.039776,0.189514,0.073689,0.370285,-0.410664,-0.151593,0.707961,-0.233486,-0.199087,0.075568,-0.349494,0.176692,-0.028721,-0.182050,0.106883,0.074314
1.412791,-1.005509,0.675595,0.017262,-0.039839,-0.497270,0.866509,-0.626451,0.327880,-0.009255,1.711108,-0.455839,0.116374,-0.227634,0.232344,-0.077868,1.113118,-0.745192,-0.261800,-0.024436,0.040051,0.184478,0.103972,0.387663,-0.405750,-0.172771,0.683290,-0.227930,-0.204083,0.047382,-0.354053,0.176498,-0.058656,-0.192761,0.094108,0.077318
1.420246,-1.017418,0.677622,0.019850,-0.039350,-0.502396,0.863514,-0.657063,0.315628,-0.005410,1.666975,-0.456320,0.118602,-0.196923,0.232574,-0.061060,1.094533,-0.746425,-0.261800,-0.008005,0.039583,0.177928,0.134063,0.404846,-0.400848,-0.194082,0.657254,-0.220018,-0.206163,0.023229,-0.358664,0.175550,-0.088907,-0.206184,0.078112,0.081081
1.427843,-1.029559,0.679971,0.022855,-0.038946,-0.507384,0.860536,-0.683156,0.300691,-0.000903,1.615670,-0.454984,0.116352,-0.166555,0.231086,-0.043947,1.075760,-0.744075,-0.261800,0.008832,0.037979,0.170917,0.163980,0.421551,-0.395152,-0.214784,0.631567,-0.211282,-0.206063,0.003019,-0.363445,0.174509,-0.118954,-0.218844,0.059926,0.085346
1.435449,-1.042060,0.682579,0.026060,-0.038992,-0.511977,0.857718,-0.703437,0.281969,0.002464,1.557682,-0.451367,0.106497,-0.136689,0.227755,-0.027370,1.058794,-0.737255,-0.261800,0.024961,0.034956,0.164496,0.193821,0.437398,-0.387708,-0.234129,0.607939,-0.203252,-0.204652,-0.013364,-0.368569,0.174209,-0.148238,-0.227258,0.040629,0.089963
1.443142,-1.054697,0.685340,0.029777,-0.039639,-0.516047,0.855125,-0.717060,0.258725,0.005083,1.490331,-0.444327,0.087443,-0.107120,0.221912,-0.010974,1.043476,-0.726158,-0.261800,0.040300,0.029869,0.158667,0.223612,0.452182,-0.378057,-0.252079,0.587309,-0.196749,-0.201890,-0.025453,-0.374247,0.174440,-0.176613,-0.231032,0.018998,0.095571
1.450882,-1.067541,0.688279,0.033960,-0.040657,-0.519757,0.852670,-0.724719,0.232006,0.007153,1.413802,-0.434347,0.061332,-0.077936,0.213883,0.005317,1.028817,-0.711033,-0.261800,0.055342,0.023249,0.153041,0.253133,0.465846,-0.366895,-0.268743,0.568642,-0.190930,-0.197522,-0.033187,-0.380577,0.174831,-0.204552,-0.231714,-0.004980,0.102096
1.458671,-1.080720,0.691303,0.037848,-0.041844,-0.523306,0.850275,-0.727590,0.203658,0.006633,1.333001,-0.423579,0.030989,-0.049676,0.205211,0.020400,1.015704,-0.691042,-0.261800,0.069912,0.016620,0.148034,0.282104,0.478195,-0.354996,-0.283581,0.550769,-0.184808,-0.192096,-0.037110,-0.387507,0.175925,-0.232569,-0.228842,-0.028364,0.108490
1.466416,-1.094053,0.694342,0.040660,-0.042986,-0.526901,0.847865,-0.727056,0.175775,0.001503,1.253178,-0.414378,-0.000603,-0.022714,0.197571,0.033228,1.005067,-0.665359,-0.261800,0.083790,0.011558,0.143958,0.310187,0.488972,-0.343039,-0.295927,0.532569,-0.177370,-0.186141,-0.037928,-0.394947,0.178379,-0.260952,-0.222129,-0.048251,0.113725
1.474231,-1.107723,0.697387,0.042294,-0.044396,-0.530487,0.845473,-0.721935,0.146932,-0.010258,1.171732,-0.406197,-0.034244,0.004073,0.190432,0.043007,0.996632,-0.633038,-0.261800,0.097100,0.007940,0.141298,0.337724,0.498096,-0.330953,-0.305344,0.513208,-0.168215,-0.179490,-0.034850,-0.402994,0.182302,-0.289872,-0.210723,-0.064241,0.117398
1.481995,-1.121510,0.700241,0.043100,-0.046056,-0.534023,0.843113,-0.711754,0.117726,-0.027630,1.086844,-0.398485,-0.070168,0.030689,0.183439,0.050446,0.989907,-0.594603,-0.261800,0.109980,0.005247,0.139750,0.364550,0.505586,-0.318497,-0.312119,0.493546,-0.157988,-0.171948,-0.027621,-0.411767,0.187211,-0.319340,-0.195172,-0.077730,0.120248
1.489633,-1.135522,0.702897,0.043029,-0.047289,-0.537716,0.840698,-0.699415,0.092775,-0.047398,1.005394,-0.393349,-0.104957,0.055240,0.178377,0.056732,0.985370,-0.551573,-0.261800,0.122185,0.004347,0.138346,0.389372,0.511286,-0.306200,-0.316683,0.474974,-0.147228,-0.164006,-0.017705,-0.421071,0.192924,-0.349474,-0.177355,-0.088500,0.122870
1.497218,-1.149781,0.705312,0.042072,-0.047421,-0.541738,0.838154,-0.688404,0.075805,-0.065711,0.934828,-0.392621,-0.135870,0.075802,0.176827,0.062905,0.983559,-0.505500,-0.261800,0.133349,0.005963,0.135976,0.410788,0.514931,-0.294706,-0.319207,0.458985,-0.136428,-0.156231,-0.006894,-0.430570,0.199415,-0.379964,-0.159247,-0.096336,0.125847
1.504643,-1.164012,0.707368,0.039982,-0.046037,-0.546196,0.835435,-0.680347,0.067086,-0.082789,0.876678,-0.397607,-0.165093,0.091962,0.179714,0.068504,0.983972,-0.454725,-0.261800,0.143607,0.010703,0.131982,0.429455,0.516121,-0.283696,-0.319528,0.445953,-0.124495,-0.148884,0.004070,-0.440305,0.207322,-0.410887,-0.141809,-0.099930,0.128979
1.512079,-1.178225,0.709112,0.038024,-0.044257,-0.550772,0.832614,-0.672728,0.061737,-0.097101,0.825507,-0.405886,-0.192644,0.104195,0.181649,0.074902,0.988232,-0.400757,-0.243755,0.152602,0.015528,0.127148,0.445453,0.514746,-0.273127,-0.317189,0.435221,-0.111560,-0.141754,0.015705,-0.450376,0.216734,-0.441898,-0.124000,-0.099816,0.131980
1.519532,-1.192227,0.710573,0.036435,-0.042501,-0.555283,0.829775,-0.665175,0.059456,-0.106487,0.782734,-0.415420,-0.214775,0.113153,0.183449,0.083565,0.996917,-0.347386,-0.212578,0.159624,0.019988,0.122106,0.456620,0.511197,-0.264104,-0.311882,0.426740,-0.099899,-0.134723,0.028029,-0.460389,0.226786,-0.471924,-0.104831,-0.098528,0.135397
1.526860,-1.206098,0.711784,0.035086,-0.040947,-0.559578,0.827021,-0.657738,0.060565,-0.109787,0.750752,-0.424675,-0.228128,0.119508,0.186237,0.094092,1.010250,-0.297803,-0.178779,0.164097,0.024335,0.117394,0.460992,0.506278,-0.257695,-0.303533,0.420424,-0.091720,-0.127636,0.041210,-0.469640,0.236438,-0.499948,-0.083391,-0.098592,0.139945
1.534048,-1.219869,0.712582,0.033879,-0.039469,-0.563626,0.824390,-0.651190,0.066984,-0.103444,0.732792,-0.437104,-0.227480,0.123140,0.192283,0.108996,1.028610,-0.250080,-0.140187,0.166076,0.028726,0.112756,0.458355,0.500463,-0.254278,-0.291807,0.415367,-0.087931,-0.120117,0.055649,-0.477539,0.245435,-0.526121,-0.059124,-0.100413,0.145995
1.541145,-1.233470,0.712946,0.032686,-0.037879,-0.567495,0.821855,-0.645778,0.077804,-0.089921,0.727890,-0.452820,-0.216730,0.124086,0.201902,0.127454,1.051733,-0.203680,-0.096127,0.165896,0.033228,0.107935,0.450006,0.493949,-0.253147,-0.277204,0.411800,-0.087143,-0.112322,0.070856,-0.483966,0.254299,-0.550456,-0.032798,-0.102678,0.153358
1.548168,-1.247072,0.712761,0.031929,-0.036608,-0.571118,0.819430,-0.640171,0.087994,-0.075800,0.730868,-0.464499,-0.205377,0.122446,0.210011,0.144144,1.080000,-0.164150,-0.051592,0.163287,0.036602,0.103672,0.436441,0.487303,-0.253617,-0.261062,0.411275,-0.088134,-0.104829,0.085875,-0.488950,0.263107,-0.571898,-0.005448,-0.105316,0.161933
1.555120,-1.260802,0.711984,0.032060,-0.036093,-0.574449,0.817116,-0.633220,0.092584,-0.067321,0.736397,-0.464386,-0.202708,0.117824,0.210570,0.153179,1.113759,-0.136304,-0.012658,0.158185,0.037553,0.100740,0.418137,0.481309,-0.255136,-0.244886,0.415243,-0.089644,-0.098139,0.100199,-0.492569,0.271652,-0.589785,0.021964,-0.108279,0.171582
1.561774,-1.274147,0.710892,0.033507,-0.036330,-0.577467,0.814917,-0.624169,0.089043,-0.067756,0.742342,-0.444404,-0.213936,0.109707,0.200408,0.152129,1.153248,-0.120720,0.021135,0.150654,0.035248,0.098920,0.394843,0.476456,-0.258115,-0.229185,0.424116,-0.091496,-0.091967,0.114175,-0.494621,0.280044,-0.604831,0.052097,-0.111626,0.182180
1.568227,-1.286971,0.709585,0.035995,-0.037161,-0.580208,0.812823,-0.613658,0.079808,-0.073340,0.751409,-0.410845,-0.233747,0.098038,0.181718,0.143995,1.198499,-0.114287,0.050935,0.140952,0.030211,0.097946,0.366819,0.472823,-0.262548,-0.213757,0.436857,-0.094186,-0.086013,0.128198,-0.494950,0.288166,-0.617375,0.084556,-0.115244,0.193935
1.574649,-1.299745,0.707613,0.038938,-0.038784,-0.582722,0.810811,-0.602821,0.067504,-0.079348,0.765504,-0.377137,-0.255265,0.083007,0.155805,0.130938,1.249250,-0.115864,0.071202,0.129398,0.023187,0.098501,0.335111,0.470536,-0.267418,-0.198956,0.452716,-0.097475,-0.080747,0.142130,-0.493809,0.295298,-0.626259,0.113838,-0.118925,0.207078
1.581359,-1.312628,0.704939,0.042253,-0.041825,-0.584884,0.808935,-0.592322,0.053330,-0.079085,0.785705,-0.355466,-0.261800,0.065209,0.122685,0.115684,1.305437,-0.125232,0.077290,0.115998,0.013739,0.101543,0.300666,0.469749,-0.271832,-0.185092,0.470896,-0.101166,-0.076672,0.156121,-0.491667,0.300582,-0.630702,0.134519,-0.122599,0.221653
1.587971,-1.325140,0.701784,0.045023,-0.046127,-0.586985,0.807028,-0.584216,0.041321,-0.072447,0.817724,-0.348675,-0.261800,0.045011,0.080148,0.095423,1.368658,-0.145173,0.062393,0.101219,0.003471,0.107433,0.263310,0.470545,-0.275990,-0.172434,0.491793,-0.105974,-0.074043,0.170117,-0.488876,0.303679,-0.630405,0.147721,-0.127428,0.239586
1.594378,-1.337499,0.698190,0.047447,-0.051361,-0.589032,0.805079,-0.577549,0.030857,-0.063011,0.859400,-0.350230,-0.261800,0.022919,0.028380,0.071501,1.437891,-0.175649,0.030420,0.085246,-0.007728,0.115610,0.222601,0.472857,-0.280363,-0.160963,0.515502,-0.111776,-0.072449,0.184630,-0.485434,0.304798,-0.626496,0.155716,-0.133227,0.260018
1.600597,-1.349730,0.694342,0.049802,-0.056805,-0.590936,0.803174,-0.570386,0.022193,-0.052233,0.902796,-0.359388,-0.261800,-0.001327,-0.023924,0.051497,1.507944,-0.210301,-0.007788,0.068555,-0.019656,0.125003,0.179022,0.476579,-0.284617,-0.150446,0.540827,-0.117142,-0.071471,0.200578,-0.481237,0.303945,-0.620143,0.154703,-0.138213,0.278735
1.606634,-1.361525,0.690879,0.052385,-0.061718,-0.592618,0.801406,-0.561111,0.014936,-0.041033,0.940164,-0.375347,-0.261800,-0.029127,-0.067557,0.041399,1.573801,-0.241445,-0.041400,0.051486,-0.032004,0.134447,0.133092,0.481604,-0.288414,-0.140632,0.566588,-0.120633,-0.070787,0.218676,-0.476136,0.301249,-0.612290,0.140731,-0.140709,0.291510
1.612139,-1.373329,0.687656,0.055385,-0.066133,-0.593811,0.799967,-0.549733,0.008407,-0.028732,0.970699,-0.401074,-0.261800,-0.062182,-0.100507,0.041716,1.636274,-0.266839,-0.070455,0.033364,-0.045030,0.144227,0.083250,0.488188,-0.292442,-0.130775,0.594230,-0.121275,-0.070727,0.239048,-0.469761,0.296239,-0.601923,0.109783,-0.141450,0.298422
1.617259,-1.385093,0.684639,0.059141,-0.070797,-0.594447,0.798826,-0.536724,0.000422,-0.013225,0.997181,-0.435270,-0.253165,-0.099810,-0.127897,0.049507,1.697659,-0.290455,-0.098602,0.013922,-0.060168,0.154598,0.029578,0.496295,-0.297028,-0.121203,0.623678,-0.120038,-0.071411,0.261080,-0.461930,0.289027,-0.588602,0.064874,-0.141047,0.301375
1.622003,-1.396722,0.681897,0.062895,-0.074932,-0.595244,0.797567,-0.522449,-0.006973,0.002640,1.019798,-0.472259,-0.243123,-0.140954,-0.147632,0.062682,1.754689,-0.311949,-0.122437,-0.005362,-0.075466,0.164146,-0.024960,0.505205,-0.301033,-0.112977,0.651601,-0.118429,-0.072315,0.284171,-0.453003,0.280964,-0.574043,0.012563,-0.137332,0.299019
1.626394,-1.408313,0.679480,0.066117,-0.077965,-0.596838,0.795823,-0.506768,-0.012035,0.016841,1.038312,-0.506278,-0.235570,-0.184327,-0.158588,0.079732,1.804293,-0.331313,-0.137835,-0.023408,-0.089264,0.171707,-0.077505,0.513929,-0.302957,-0.106739,0.674855,-0.118021,-0.072931,0.307743,-0.443814,0.273674,-0.560052,-0.040603,-0.127906,0.290126
1.630709,-1.419921,0.677317,0.068804,-0.079595,-0.599489,0.793438,-0.489743,-0.013649,0.029147,1.052828,-0.537203,-0.231674,-0.230880,-0.158044,0.101695,1.846591,-0.347925,-0.142327,-0.040180,-0.100803,0.176852,-0.128135,0.521893,-0.301722,-0.102125,0.693766,-0.119912,-0.073773,0.331896,-0.435141,0.267856,-0.546927,-0.100511,-0.109436,0.273249
1.634855,-1.431740,0.675614,0.071137,-0.080158,-0.602832,0.790638,-0.471266,-0.012466,0.040378,1.063638,-0.567816,-0.229994,-0.280403,-0.146903,0.127672,1.883049,-0.361783,-0.138386,-0.056563,-0.110437,0.180354,-0.178584,0.529081,-0.298225,-0.098112,0.709878,-0.123186,-0.074965,0.357052,-0.427260,0.262893,-0.534083,-0.167487,-0.082834,0.250312
1.638853,-1.443741,0.674315,0.072979,-0.080163,-0.606534,0.787632,-0.450683,-0.009478,0.050453,1.070482,-0.596636,-0.229471,-0.330136,-0.130371,0.152819,1.912664,-0.373962,-0.130379,-0.072689,-0.118454,0.182952,-0.227476,0.535344,-0.293774,-0.095231,0.722343,-0.126324,-0.075367,0.383304,-0.420246,0.258279,-0.521907,-0.226766,-0.052724,0.224491
1.642547,-1.456132,0.673470,0.074196,-0.080092,-0.610272,0.784633,-0.427433,-0.005851,0.059333,1.073082,-0.622180,-0.228924,-0.377948,-0.114141,0.172885,1.934351,-0.385366,-0.122879,-0.088679,-0.125174,0.185358,-0.275402,0.540577,-0.290020,-0.092255,0.729582,-0.127775,-0.073868,0.410663,-0.414081,0.253490,-0.510800,-0.264055,-0.024785,0.197596
1.645863,-1.468546,0.673239,0.074667,-0.080167,-0.614184,0.781522,-0.400746,-0.001751,0.067235,1.071171,-0.644540,-0.227968,-0.424085,-0.098675,0.188055,1.947807,-0.396532,-0.115422,-0.103799,-0.130679,0.188128,-0.321970,0.544614,-0.287217,-0.090017,0.730852,-0.127318,-0.070268,0.440131,-0.408849,0.248451,-0.501750,-0.273861,-0.000280,0.166711
1.648828,-1.480849,0.673446,0.074497,-0.080129,-0.618350,0.778250,-0.371101,0.003311,0.074246,1.064902,-0.664300,-0.227309,-0.469561,-0.081909,0.200098,1.953490,-0.406801,-0.106384,-0.118096,-0.134796,0.190863,-0.369501,0.547489,-0.285230,-0.086572,0.726420,-0.125726,-0.065098,0.471603,-0.404637,0.243243,-0.494349,-0.264220,0.022571,0.130729
1.651482,-1.493242,0.674219,0.073929,-0.079750,-0.622372,0.775131,-0.339851,0.009095,0.080133,1.054608,-0.680745,-0.227285,-0.513914,-0.066024,0.207619,1.951436,-0.415171,-0.098610,-0.132792,-0.137757,0.192690,-0.413211,0.548835,-0.283104,-0.085033,0.719559,-0.122886,-0.058376,0.503430,-0.401160,0.237525,-0.486857,-0.241757,0.042099,0.093620
1.653629,-1.505719,0.675392,0.073173,-0.078758,-0.625869,0.772484,-0.308391,0.015418,0.084636,1.040672,-0.693140,-0.228199,-0.556655,-0.053095,0.209261,1.941699,-0.420663,-0.094857,-0.149054,-0.139574,0.192699,-0.452638,0.548475,-0.280904,-0.084548,0.712027,-0.118706,-0.050132,0.534055,-0.398030,0.230804,-0.477550,-0.213484,0.057204,0.059816
1.655297,-1.518543,0.677034,0.072175,-0.076883,-0.628701,0.770464,-0.276644,0.022872,0.087767,1.021796,-0.702362,-0.230033,-0.598453,-0.044099,0.203186,1.923646,-0.422818,-0.096049,-0.167367,-0.139847,0.190294,-0.487138,0.546132,-0.277954,-0.085176,0.704126,-0.113090,-0.040741,0.563967,-0.394853,0.222830,-0.466185,-0.176191,0.066594,0.028418
1.656787,-1.531463,0.679137,0.070811,-0.074295,-0.631088,0.768891,-0.244076,0.031469,0.089736,0.998296,-0.708490,-0.232704,-0.638964,-0.038127,0.190460,1.897325,-0.422510,-0.100451,-0.186985,-0.138591,0.186090,-0.517194,0.541593,-0.274584,-0.087049,0.695281,-0.106129,-0.030029,0.593715,-0.391549,0.213835,-0.453451,-0.128375,0.070406,-0.002101
1.658051,-1.544781,0.681747,0.069244,-0.071436,-0.633197,0.767570,-0.211453,0.040273,0.090466,0.973026,-0.709507,-0.236344,-0.676221,-0.034184,0.174140,1.863843,-0.420789,-0.106778,-0.206831,-0.136301,0.180944,-0.543875,0.535185,-0.272527,-0.089795,0.685417,-0.098001,-0.017227,0.622415,-0.388196,0.203546,-0.439479,-0.079724,0.070959,-0.027899
1.659092,-1.558307,0.684750,0.067629,-0.068717,-0.635204,0.766303,-0.179553,0.048343,0.089789,0.948850,-0.703451,-0.241019,-0.708438,-0.031042,0.157416,1.824320,-0.418601,-0.113791,-0.225921,-0.133649,0.175777,-0.567351,0.527463,-0.273166,-0.093958,0.674569,-0.088870,-0.001548,0.649069,-0.384868,0.191797,-0.424502,-0.039740,0.071452,-0.045327
1.659961,-1.572128,0.688142,0.065942,-0.066114,-0.637010,0.765179,-0.148148,0.055758,0.087362,0.925333,-0.689908,-0.247380,-0.735354,-0.028585,0.139952,1.778072,-0.416059,-0.122107,-0.244630,-0.130586,0.170751,-0.587339,0.518876,-0.276715,-0.100413,0.664862,-0.077243,0.018218,0.673634,-0.381565,0.177908,-0.408889,-0.009195,0.073384,-0.051771
1.660679,-1.585991,0.691755,0.064100,-0.063404,-0.638590,0.764247,-0.117137,0.063077,0.083221,0.901489,-0.669895,-0.255039,-0.757518,-0.026976,0.120357,1.724810,-0.413001,-0.131695,-0.263309,-0.126846,0.165554,-0.603170,0.509497,-0.282127,-0.109350,0.655220,-0.063552,0.041356,0.696554,-0.378180,0.162196,-0.392628,0.016373,0.075764,-0.049693
1.661274,-1.600178,0.695646,0.062216,-0.060758,-0.640230,0.763245,-0.087418,0.069854,0.077596,0.879309,-0.643687,-0.261800,-0.774724,-0.025412,0.100564,1.666190,-0.409648,-0.140430,-0.280906,-0.122868,0.160378,-0.614420,0.499358,-0.288839,-0.120378,0.641003,-0.051025,0.065829,0.717486,-0.374654,0.145916,-0.375213,0.035406,0.078273,-0.043251
1.661741,-1.614546,0.699746,0.060464,-0.058395,-0.642201,0.761913,-0.059788,0.074814,0.070599,0.860666,-0.611592,-0.261800,-0.787055,-0.023238,0.082151,1.603866,-0.406062,-0.146914,-0.296391,-0.119206,0.155358,-0.620821,0.488499,-0.296328,-0.132986,0.617761,-0.043080,0.089660,0.736013,-0.370942,0.130377,-0.356117,0.046338,0.080300,-0.036582
1.662105,-1.629179,0.703931,0.058931,-0.056495,-0.644519,0.760218,-0.033977,0.078728,0.062372,0.845840,-0.571723,-0.261800,-0.793933,-0.019844,0.066456,1.535949,-0.401456,-0.149938,-0.309635,-0.116382,0.150562,-0.622339,0.477180,-0.305465,-0.147759,0.580945,-0.040577,0.115110,0.751999,-0.367053,0.115461,-0.334648,0.045888,0.080646,-0.029343
1.662196,-1.643920,0.708112,0.057308,-0.054747,-0.647134,0.758246,-0.009732,0.082537,0.052828,0.834352,-0.524892,-0.261800,-0.795463,-0.015012,0.051772,1.461890,-0.395723,-0.150840,-0.320951,-0.113576,0.146166,-0.619092,0.465589,-0.316229,-0.164855,0.534166,-0.042464,0.142192,0.765574,-0.363012,0.100571,-0.311262,0.035809,0.079847,-0.019763
1.662136,-1.658974,0.712230,0.055858,-0.053173,-0.650004,0.756008,0.012473,0.085828,0.042978,0.826062,-0.474640,-0.261800,-0.793379,-0.010185,0.037143,1.386168,-0.390334,-0.151298,-0.330518,-0.110993,0.141771,-0.611186,0.453589,-0.326850,-0.183028,0.485464,-0.048777,0.165390,0.776764,-0.358891,0.086275,-0.287188,0.022082,0.079867,-0.009848
1.661947,-1.674246,0.716214,0.054825,-0.051774,-0.653087,0.753519,0.032246,0.088135,0.033817,0.820692,-0.424320,-0.261800,-0.789484,-0.006830,0.021566,1.313304,-0.386809,-0.152973,-0.338525,-0.108733,0.136936,-0.598765,0.440848,-0.335559,-0.200997,0.442832,-0.058650,0.179233,0.785632,-0.354853,0.073129,-0.263602,0.010696,0.082788,-0.001583
1.661776,-1.689591,0.719914,0.054365,-0.050354,-0.656463,0.750710,0.049255,0.089208,0.025576,0.817307,-0.372002,-0.261800,-0.784175,-0.005008,0.004931,1.242030,-0.385172,-0.157280,-0.345030,-0.106543,0.131159,-0.581136,0.426986,-0.341834,-0.218915,0.405525,-0.072924,0.182179,0.791645,-0.351077,0.061269,-0.239796,0.000435,0.089302,0.004917
1.661667,-1.705088,0.723232,0.054362,-0.049010,-0.660100,0.747604,0.063902,0.088812,0.017665,0.816095,-0.316503,-0.261800,-0.776618,-0.003916,-0.012166,1.170624,-0.384680,-0.162765,-0.350011,-0.104489,0.124719,-0.558599,0.411857,-0.346975,-0.237153,0.370397,-0.090864,0.176819,0.795022,-0.347718,0.050318,-0.215524,-0.010925,0.098267,0.010608
1.661539,-1.720587,0.726116,0.054670,-0.048213,-0.663800,0.744349,0.076896,0.086647,0.009876,0.818328,-0.262213,-0.261800,-0.766997,-0.003934,-0.029678,1.103251,-0.385618,-0.167067,-0.353348,-0.102976,0.118264,-0.533395,0.395708,-0.351889,-0.254286,0.340957,-0.108917,0.164296,0.797139,-0.344832,0.039953,-0.192693,-0.018873,0.109198,0.015059
1.661494,-1.736314,0.728756,0.055121,-0.048411,-0.667372,0.741102,0.088920,0.082570,0.002254,0.825342,-0.213627,-0.260582,-0.755660,-0.005671,-0.047498,1.044272,-0.388192,-0.168089,-0.354995,-0.102396,0.112518,-0.507495,0.379029,-0.357241,-0.269133,0.320793,-0.123757,0.146099,0.799274,-0.342447,0.029913,-0.173190,-0.018905,0.121651,0.017739
1.661531,-1.752191,0.730877,0.055931,-0.050188,-0.670727,0.737888,0.101063,0.075108,-0.005380,0.836635,-0.171331,-0.257321,-0.742694,-0.010229,-0.064447,0.995265,-0.393056,-0.164252,-0.355386,-0.103988,0.107500,-0.479490,0.361892,-0.362689,-0.282823,0.312188,-0.134666,0.120292,0.801371,-0.340626,0.020172,-0.157251,-0.008088,0.137177,0.017921
1.661518,-1.768073,0.732385,0.056979,-0.053035,-0.674007,0.734612,0.112658,0.065180,-0.013033,0.851785,-0.133055,-0.253690,-0.728143,-0.017012,-0.081241,0.953792,-0.399737,-0.157488,-0.354416,-0.106893,0.103006,-0.448956,0.344303,-0.368142,-0.295598,0.312437,-0.143575,0.087187,0.802769,-0.339410,0.010919,-0.143845,0.010731,0.155460,0.015755
1.661453,-1.783958,0.733397,0.058214,-0.056290,-0.677234,0.731298,0.121995,0.054516,-0.019535,0.871232,-0.098363,-0.249828,-0.713070,-0.025669,-0.099072,0.919818,-0.407519,-0.150634,-0.351807,-0.110078,0.098923,-0.418094,0.326588,-0.374452,-0.306031,0.318792,-0.151287,0.051896,0.803552,-0.338797,0.002421,-0.132880,0.033298,0.173242,0.012110
1.661493,-1.799713,0.733937,0.059570,-0.059270,-0.680441,0.727969,0.127337,0.044979,-0.023701,0.895473,-0.066950,-0.245761,-0.698437,-0.035715,-0.119099,0.893323,-0.415774,-0.146427,-0.347285,-0.112532,0.095143,-0.389097,0.309299,-0.382256,-0.312708,0.328416,-0.158418,0.019498,0.803798,-0.338708,-0.004990,-0.124280,0.055222,0.187315,0.008151
1.661555,-1.815255,0.733881,0.061282,-0.062212,-0.683539,0.724672,0.128055,0.035115,-0.026392,0.925446,-0.036332,-0.240674,-0.683234,-0.049412,-0.143571,0.874149,-0.427231,-0.141754,-0.340940,-0.114854,0.091505,-0.361713,0.292822,-0.391606,-0.315907,0.342856,-0.164618,-0.009841,0.803759,-0.339073,-0.011250,-0.118110,0.078126,0.196617,0.003301
1.661529,-1.830570,0.733318,0.063289,-0.065316,-0.686546,0.721375,0.125101,0.024864,-0.027733,0.960658,-0.007491,-0.234431,-0.667169,-0.066140,-0.171350,0.862474,-0.441320,-0.136388,-0.332960,-0.117404,0.088177,-0.334782,0.277262,-0.402019,-0.316481,0.362828,-0.170087,-0.038275,0.803166,-0.339888,-0.016377,-0.114302,0.103358,0.202840,-0.002636
1.661509,-1.845556,0.732084,0.065103,-0.067865,-0.689661,0.718000,0.119014,0.018250,-0.025548,0.999767,0.014407,-0.227907,-0.652579,-0.081236,-0.198110,0.859129,-0.452710,-0.137659,-0.323228,-0.118802,0.085509,-0.309177,0.262809,-0.413103,-0.313798,0.384157,-0.175827,-0.064269,0.801334,-0.341154,-0.020143,-0.112610,0.126004,0.207105,-0.007687
1.661626,-1.860161,0.730186,0.066248,-0.069162,-0.693074,0.714477,0.110460,0.019267,-0.017910,1.041380,0.024070,-0.221988,-0.642094,-0.090212,-0.219314,0.864902,-0.456139,-0.153140,-0.311634,-0.117674,0.083834,-0.285703,0.249710,-0.424408,-0.307385,0.402612,-0.182536,-0.086297,0.797568,-0.342884,-0.022370,-0.112817,0.141124,0.210657,-0.009875
1.661706,-1.874426,0.727869,0.066957,-0.068691,-0.696855,0.710768,0.099115,0.029888,-0.002606,1.085845,0.017238,-0.217665,-0.638847,-0.092107,-0.233587,0.882141,-0.443071,-0.192686,-0.297967,-0.113428,0.082418,-0.264573,0.238110,-0.435899,-0.296622,0.417275,-0.190940,-0.103823,0.791631,-0.345085,-0.022676,-0.114795,0.144913,0.213343,-0.007745
1.661442,-1.888357,0.725180,0.067359,-0.066968,-0.700883,0.706924,0.085201,0.048111,0.018234,1.133952,-0.002667,-0.213904,-0.640812,-0.089979,-0.244886,0.909012,-0.416284,-0.248940,-0.282461,-0.106960,0.081275,-0.245108,0.228082,-0.447524,-0.282247,0.430325,-0.200237,-0.117657,0.783837,-0.347766,-0.021205,-0.118676,0.140794,0.214722,-0.002553
1.661668,-1.902333,0.721996,0.068215,-0.067416,-0.703588,0.704106,0.071440,0.064758,0.039573,1.182594,-0.027166,-0.205853,-0.643383,-0.095664,-0.248239,0.946279,-0.392736,-0.261800,-0.269379,-0.104531,0.081614,-0.226676,0.219759,-0.458696,-0.265838,0.442181,-0.208696,-0.128299,0.774001,-0.350929,-0.018433,-0.124409,0.134705,0.215635,0.003577
1.661864,-1.916378,0.718159,0.067266,-0.068033,-0.706479,0.701237,0.057488,0.084800,0.057629,1.233818,-0.052506,-0.194647,-0.641290,-0.095693,-0.249560,0.982666,-0.385579,-0.261800,-0.255563,-0.100880,0.085387,-0.208573,0.213360,-0.468803,-0.249108,0.453276,-0.214602,-0.136311,0.762144,-0.354554,-0.014752,-0.132164,0.132616,0.217013,0.008480
1.661560,-1.930060,0.713778,0.063476,-0.067918,-0.710190,0.697846,0.043729,0.111696,0.072050,1.289597,-0.079932,-0.181903,-0.633509,-0.085976,-0.251336,1.019022,-0.404012,-0.261800,-0.239249,-0.093396,0.093351,-0.190955,0.209146,-0.478141,-0.231837,0.461326,-0.217030,-0.140777,0.749452,-0.358693,-0.010117,-0.142612,0.136008,0.218079,0.012376
1.660879,-1.943780,0.708741,0.057655,-0.067149,-0.714442,0.694075,0.029781,0.144604,0.084457,1.349130,-0.111563,-0.168069,-0.622593,-0.069932,-0.251577,1.058698,-0.439671,-0.261800,-0.221201,-0.082785,0.104315,-0.173783,0.207213,-0.486618,-0.213793,0.466925,-0.216934,-0.141770,0.735289,-0.363336,-0.004216,-0.155383,0.141769,0.218710,0.016152
1.659614,-1.957540,0.703572,0.050776,-0.065704,-0.719071,0.689958,0.013882,0.180303,0.093883,1.409521,-0.144093,-0.151879,-0.608756,-0.050746,-0.251084,1.096867,-0.481623,-0.261800,-0.202702,-0.069996,0.116881,-0.156223,0.207501,-0.493076,-0.196594,0.474764,-0.215494,-0.141341,0.716933,-0.368366,0.002868,-0.169103,0.148945,0.220847,0.018620
1.658034,-1.971295,0.698730,0.043801,-0.063573,-0.723915,0.685556,-0.006077,0.215700,0.099445,1.468089,-0.174361,-0.131824,-0.592153,-0.030348,-0.251442,1.127519,-0.518434,-0.261800,-0.184943,-0.056142,0.129714,-0.137468,0.209845,-0.496427,-0.181782,0.489569,-0.213923,-0.141564,0.691781,-0.373636,0.011010,-0.182465,0.156583,0.226404,0.018559
1.656515,-1.984758,0.694334,0.036308,-0.060268,-0.729250,0.680621,-0.030791,0.252945,0.100890,1.525840,-0.202322,-0.106248,-0.571995,-0.006302,-0.254380,1.147670,-0.547570,-0.261800,-0.167149,-0.040059,0.143319,-0.117782,0.214157,-0.496366,-0.169104,0.512117,-0.211960,-0.142640,0.659104,-0.379330,0.020660,-0.195949,0.166452,0.237695,0.014207
1.655218,-1.997900,0.690289,0.027989,-0.055926,-0.735008,0.675169,-0.059631,0.292487,0.098049,1.583552,-0.229459,-0.076368,-0.548588,0.021905,-0.258619,1.160612,-0.574644,-0.261800,-0.149381,-0.021521,0.157872,-0.097276,0.220445,-0.493186,-0.158015,0.540053,-0.209199,-0.143657,0.620070,-0.385453,0.031904,-0.209863,0.178668,0.253014,0.006459
1.654092,-2.010672,0.686654,0.019984,-0.051497,-0.740535,0.669744,-0.093198,0.328805,0.090483,1.638584,-0.254982,-0.044733,-0.523795,0.050143,-0.262202,1.169305,-0.600381,-0.261800,-0.133762,-0.003212,0.171868,-0.074881,0.228592,-0.486920,-0.149697,0.573407,-0.206626,-0.145018,0.575173,-0.391290,0.043957,-0.222830,0.189612,0.268289,-0.001771
1.652962,-2.023228,0.683435,0.013427,-0.047936,-0.745225,0.664952,-0.132035,0.356338,0.078270,1.688451,-0.278043,-0.013842,-0.499368,0.074062,-0.263397,1.176925,-0.625668,-0.261800,-0.121878,0.011971,0.184136,-0.049860,0.238361,-0.477997,-0.145117,0.612221,-0.205248,-0.147073,0.525322,-0.395709,0.055673,-0.233716,0.195200,0.279562,-0.007231
1.651587,-2.035781,0.680571,0.008670,-0.045450,-0.748880,0.661089,-0.178051,0.373346,0.060823,1.734167,-0.297620,0.018062,-0.475660,0.092558,-0.262164,1.184042,-0.651118,-0.261800,-0.114064,0.022962,0.194813,-0.022159,0.249581,-0.466086,-0.144603,0.660609,-0.205491,-0.150326,0.469889,-0.397649,0.065765,-0.242294,0.193544,0.285783,-0.007515
1.650264,-2.048280,0.677913,0.005085,-0.043565,-0.751892,0.657826,-0.230598,0.382245,0.039091,1.776726,-0.314253,0.051714,-0.451847,0.107918,-0.259572,1.189252,-0.676190,-0.261800,-0.108468,0.031004,0.204670,0.007301,0.262118,-0.451750,-0.147071,0.717223,-0.206889,-0.154351,0.409329,-0.396825,0.074230,-0.249338,0.186429,0.289084,-0.004497
1.648748,-2.060912,0.675690,0.002408,-0.042290,-0.754531,0.654896,-0.285841,0.383845,0.016037,1.813436,-0.329145,0.082993,-0.427547,0.120709,-0.255692,1.192569,-0.700133,-0.261800,-0.103441,0.036670,0.213537,0.037736,0.275680,-0.436778,-0.151263,0.773970,-0.209009,-0.158077,0.346047,-0.393469,0.081927,-0.255096,0.175235,0.290343,-0.001255
1.647008,-2.073566,0.673838,0.000346,-0.041612,-0.757078,0.651998,-0.339918,0.379313,-0.005611,1.841755,-0.343536,0.107464,-0.402485,0.131470,-0.250496,1.194165,-0.722206,-0.261800,-0.097546,0.040704,0.221130,0.068369,0.289889,-0.422792,-0.155812,0.822800,-0.211254,-0.160527,0.282191,-0.388065,0.090107,-0.259661,0.161548,0.290505,-0.000959
1.645220,-2.086156,0.672376,-0.001142,-0.041840,-0.759366,0.649316,-0.392452,0.367136,-0.025762,1.861338,-0.357864,0.123376,-0.376116,0.139476,-0.244232,1.194407,-0.743005,-0.261800,-0.091502,0.042921,0.227597,0.099433,0.304488,-0.409888,-0.160301,0.864503,-0.213794,-0.160568,0.216689,-0.380470,0.099403,-0.262414,0.145329,0.289786,-0.006431
1.643416,-2.098629,0.671320,-0.001937,-0.042891,-0.761344,0.646925,-0.444510,0.347423,-0.044705,1.873422,-0.371175,0.133049,-0.348614,0.144741,-0.236977,1.193061,-0.762673,-0.261800,-0.085646,0.043206,0.232922,0.130982,0.319357,-0.397239,-0.165024,0.902545,-0.216671,-0.159022,0.148531,-0.370541,0.109030,-0.262901,0.125933,0.287854,-0.015377
1.641631,-2.111169,0.670723,-0.002103,-0.044138,-0.763461,0.644340,-0.494666,0.324241,-0.060890,1.877798,-0.382767,0.138139,-0.320808,0.148829,-0.228353,1.189487,-0.779948,-0.261800,-0.078403,0.042539,0.236528,0.162299,0.334291,-0.384800,-0.169896,0.932884,-0.219153,-0.157982,0.079801,-0.359009,0.118679,-0.261568,0.104252,0.284758,-0.023395
1.639735,-2.123669,0.670623,-0.001689,-0.044954,-0.766159,0.641075,-0.541878,0.301808,-0.073233,1.874282,-0.392037,0.140379,-0.293546,0.153229,-0.217886,1.183094,-0.793565,-0.261800,-0.068515,0.042005,0.237857,0.192935,0.348959,-0.372356,-0.175044,0.951390,-0.220647,-0.159604,0.012734,-0.347163,0.128312,-0.259225,0.081474,0.280328,-0.026209
1.637844,-2.136347,0.670971,-0.000615,-0.045078,-0.769625,0.636902,-0.586786,0.280632,-0.081929,1.862488,-0.399030,0.138677,-0.267055,0.158390,-0.205216,1.173291,-0.803428,-0.261800,-0.055664,0.042485,0.236445,0.222899,0.363002,-0.360190,-0.180383,0.954209,-0.220890,-0.164871,-0.053470,-0.335833,0.138611,-0.255974,0.059920,0.275233,-0.024466
1.635815,-2.149071,0.671721,0.001087,-0.044854,-0.773595,0.632090,-0.629624,0.259316,-0.087679,1.842495,-0.404213,0.132708,-0.240787,0.163415,-0.190597,1.160600,-0.810203,-0.261800,-0.040775,0.043645,0.232756,0.252423,0.376136,-0.348298,-0.185872,0.944469,-0.220241,-0.172544,-0.119304,-0.325048,0.149694,-0.251910,0.038934,0.269127,-0.020185
1.633549,-2.162142,0.672961,0.003284,-0.044608,-0.777814,0.626901,-0.668896,0.239131,-0.090416,1.814837,-0.407745,0.125359,-0.214445,0.167686,-0.174401,1.146076,-0.813773,-0.261800,-0.024582,0.044638,0.227631,0.281474,0.388143,-0.335984,-0.191769,0.928525,-0.219091,-0.181425,-0.182017,-0.314968,0.160910,-0.248042,0.015280,0.260131,-0.011248
1.631246,-2.175388,0.674645,0.005859,-0.044675,-0.782032,0.621607,-0.703163,0.221149,-0.090057,1.780122,-0.409749,0.119407,-0.187832,0.170556,-0.157053,1.130785,-0.813979,-0.261800,-0.007838,0.044565,0.221940,0.310104,0.398876,-0.322527,-0.198387,0.912719,-0.217929,-0.190323,-0.238898,-0.305922,0.171675,-0.245378,-0.014172,0.246183,0.004312
1.628563,-2.188958,0.676787,0.008943,-0.045027,-0.786290,0.616150,-0.732675,0.205893,-0.086100,1.737869,-0.409868,0.116568,-0.160919,0.172013,-0.137980,1.114029,-0.811202,-0.261800,0.009808,0.043336,0.215658,0.338260,0.408283,-0.307662,-0.206101,0.897023,-0.217382,-0.200106,-0.290094,-0.298301,0.182157,-0.243681,-0.051513,0.225582,0.028699
1.625712,-2.202839,0.679231,0.012564,-0.045513,-0.790657,0.610436,-0.757942,0.192714,-0.078816,1.687953,-0.408398,0.115000,-0.133965,0.172147,-0.117208,1.095641,-0.805410,-0.261800,0.028608,0.041405,0.208502,0.365703,0.416296,-0.292121,-0.214508,0.878658,-0.216941,-0.211008,-0.336659,-0.292268,0.192846,-0.242903,-0.093788,0.198961,0.059444
1.622635,-2.217194,0.682001,0.016440,-0.046260,-0.794935,0.604705,-0.777976,0.180750,-0.069482,1.631561,-0.406378,0.111848,-0.107289,0.170521,-0.096186,1.077528,-0.795834,-0.261800,0.047633,0.038689,0.200951,0.392204,0.422818,-0.276638,-0.222741,0.859877,-0.215581,-0.220892,-0.377375,-0.287812,0.203639,-0.244078,-0.136690,0.167973,0.091604
1.619623,-2.231546,0.684947,0.020252,-0.047366,-0.798951,0.599186,-0.791819,0.169213,-0.059240,1.569574,-0.404485,0.104446,-0.081107,0.166831,-0.076370,1.061261,-0.781402,-0.261800,0.065963,0.035131,0.193440,0.417511,0.427794,-0.261859,-0.229895,0.842983,-0.212394,-0.227587,-0.411119,-0.284865,0.214437,-0.248071,-0.176490,0.134823,0.120761
1.616388,-2.246180,0.688008,0.024199,-0.049056,-0.802668,0.593912,-0.798513,0.158497,-0.046753,1.499600,-0.402589,0.092811,-0.055330,0.160278,-0.057657,1.046848,-0.762074,-0.261800,0.083629,0.030018,0.185923,0.441793,0.431195,-0.247363,-0.235969,0.828545,-0.207558,-0.230396,-0.437678,-0.283624,0.225005,-0.255066,-0.216955,0.098319,0.148289
1.612859,-2.261062,0.691247,0.028349,-0.051197,-0.806175,0.588776,-0.798712,0.148516,-0.031905,1.421651,-0.400059,0.077884,-0.030033,0.151265,-0.039628,1.033463,-0.738225,-0.261800,0.100952,0.023617,0.178269,0.464997,0.433096,-0.233067,-0.241293,0.815418,-0.201554,-0.230492,-0.457972,-0.284272,0.235643,-0.264369,-0.258289,0.057774,0.175372
1.608935,-2.276706,0.694628,0.032161,-0.053333,-0.809512,0.583790,-0.794158,0.138182,-0.017958,1.340292,-0.397028,0.058765,-0.005593,0.141496,-0.023286,1.021590,-0.709555,-0.261800,0.117487,0.017432,0.170722,0.486609,0.433729,-0.220011,-0.245558,0.803349,-0.193971,-0.228513,-0.472324,-0.286535,0.246935,-0.275690,-0.292378,0.017164,0.198415
1.605083,-2.292326,0.697966,0.035123,-0.055052,-0.812732,0.578967,-0.786705,0.126801,-0.008257,1.259968,-0.393585,0.034994,0.017736,0.132563,-0.009536,1.011637,-0.675718,-0.261800,0.132749,0.012685,0.163476,0.506252,0.433458,-0.209043,-0.248548,0.792082,-0.184360,-0.225082,-0.481022,-0.289905,0.259428,-0.288717,-0.311693,-0.018965,0.214754
1.600928,-2.308171,0.701185,0.037164,-0.056549,-0.815853,0.574286,-0.775503,0.114152,-0.003433,1.178321,-0.388687,0.005561,0.040621,0.124146,0.001480,1.003182,-0.635090,-0.261800,0.146818,0.008897,0.156692,0.524730,0.432524,-0.199967,-0.250440,0.781892,-0.171411,-0.219237,-0.483693,-0.294246,0.273276,-0.303629,-0.314161,-0.049606,0.224512
1.596549,-2.324155,0.704223,0.038521,-0.057946,-0.818876,0.569738,-0.760010,0.101211,-0.002063,1.093610,-0.382492,-0.028395,0.062993,0.115626,0.010198,0.996130,-0.588253,-0.261800,0.159819,0.005454,0.150234,0.542257,0.431053,-0.192129,-0.251616,0.772678,-0.155778,-0.210984,-0.480362,-0.299659,0.288048,-0.320491,-0.304623,-0.076550,0.230096
1.591953,-2.340287,0.707053,0.039526,-0.059275,-0.821737,0.565396,-0.742145,0.088206,-0.003136,1.010686,-0.376805,-0.063494,0.083416,0.105808,0.016906,0.992222,-0.538656,-0.254889,0.171192,0.002171,0.144000,0.557649,0.429305,-0.185662,-0.252220,0.763684,-0.139914,-0.202414,-0.471574,-0.305851,0.303390,-0.339278,-0.286328,-0.099389,0.232513
1.587210,-2.356566,0.709610,0.040046,-0.059870,-0.824494,0.561267,-0.724757,0.076850,-0.007193,0.936021,-0.374060,-0.097136,0.100874,0.097310,0.022086,0.991943,-0.488874,-0.243664,0.180570,0.000401,0.137553,0.569827,0.427616,-0.180657,-0.252423,0.754186,-0.126222,-0.195608,-0.458071,-0.312313,0.319004,-0.359619,-0.262527,-0.117808,0.232546
1.582471,-2.372941,0.711762,0.039702,-0.059194,-0.827267,0.557269,-0.708385,0.067745,-0.016233,0.870257,-0.376503,-0.132169,0.115767,0.092331,0.025817,0.994358,-0.437087,-0.230378,0.187975,0.001192,0.130309,0.579745,0.426163,-0.176821,-0.252661,0.744454,-0.114756,-0.191090,-0.439892,-0.318808,0.335799,-0.381528,-0.231169,-0.130623,0.228922
1.577545,-2.389270,0.713535,0.038559,-0.057541,-0.830028,0.553404,-0.691981,0.060847,-0.029481,0.810968,-0.382856,-0.168746,0.128705,0.090371,0.028258,0.999103,-0.382422,-0.215427,0.193510,0.003888,0.122490,0.587943,0.424968,-0.173950,-0.252971,0.734682,-0.104368,-0.187757,-0.417123,-0.325437,0.353609,-0.404705,-0.191811,-0.138692,0.221796
1.572602,-2.405579,0.714924,0.037167,-0.055463,-0.832588,0.549854,-0.676465,0.056221,-0.043324,0.760971,-0.390318,-0.200640,0.138901,0.089710,0.029492,1.007671,-0.328997,-0.199422,0.196930,0.007236,0.114813,0.592611,0.424193,-0.172422,-0.252801,0.724072,-0.095638,-0.185270,-0.390417,-0.332116,0.370582,-0.428493,-0.150167,-0.144649,0.213916
1.567616,-2.421527,0.715944,0.036108,-0.053526,-0.834755,0.546822,-0.662884,0.053268,-0.054467,0.723236,-0.395963,-0.221921,0.145413,0.088375,0.029399,1.021750,-0.281012,-0.183099,0.198012,0.009867,0.107942,0.591910,0.424143,-0.172718,-0.251567,0.711761,-0.089128,-0.183265,-0.360402,-0.338625,0.384836,-0.452202,-0.111862,-0.150847,0.208146
1.562566,-2.437319,0.716588,0.035588,-0.051604,-0.836432,0.544474,-0.652690,0.052113,-0.062103,0.700623,-0.401319,-0.226784,0.147432,0.087922,0.029413,1.041998,-0.236379,-0.165391,0.196742,0.011706,0.101355,0.585119,0.425030,-0.175222,-0.249028,0.696802,-0.085577,-0.182371,-0.326198,-0.344674,0.396092,-0.476704,-0.076217,-0.157201,0.204856
1.557445,-2.452994,0.716812,0.035355,-0.049525,-0.837709,0.542717,-0.645488,0.052162,-0.068130,0.691716,-0.407398,-0.220128,0.145517,0.088748,0.029028,1.067642,-0.194092,-0.145932,0.193278,0.013245,0.094760,0.573249,0.426918,-0.179758,-0.245485,0.679733,-0.084397,-0.182551,-0.288234,-0.350168,0.405462,-0.501497,-0.040894,-0.162626,0.202645
1.552485,-2.468324,0.716637,0.035323,-0.047829,-0.838682,0.541366,-0.639521,0.051648,-0.073451,0.693112,-0.410461,-0.212123,0.140824,0.086552,0.024941,1.098266,-0.160028,-0.127220,0.187645,0.013969,0.089185,0.556981,0.429874,-0.185988,-0.241111,0.661886,-0.084204,-0.182424,-0.248791,-0.355097,0.413129,-0.523880,-0.009055,-0.167724,0.201775
1.547679,-2.483000,0.716301,0.035406,-0.047073,-0.839452,0.540232,-0.632787,0.048903,-0.078825,0.700992,-0.406581,-0.212931,0.134547,0.076375,0.013706,1.133599,-0.139960,-0.112504,0.179924,0.013303,0.085710,0.536961,0.433993,-0.193605,-0.236118,0.644619,-0.083664,-0.180568,-0.209718,-0.359501,0.419022,-0.541580,0.016117,-0.173074,0.202491
1.543163,-2.497147,0.715658,0.035751,-0.047187,-0.840022,0.539312,-0.625024,0.042813,-0.085474,0.716043,-0.389315,-0.228958,0.127549,0.053701,-0.009131,1.174209,-0.138484,-0.102382,0.170087,0.011167,0.083969,0.512887,0.439275,-0.202954,-0.230623,0.626385,-0.082769,-0.176842,-0.170456,-0.363276,0.423412,-0.555254,0.035232,-0.179111,0.204482
1.538339,-2.511569,0.714011,0.036356,-0.048013,-0.840344,0.538698,-0.616855,0.033766,-0.092785,0.739379,-0.362742,-0.254047,0.119780,0.020831,-0.040348,1.220434,-0.151619,-0.096133,0.158145,0.007738,0.083562,0.484535,0.445605,-0.214157,-0.224594,0.606997,-0.082169,-0.171900,-0.130296,-0.366201,0.426424,-0.565665,0.049609,-0.185384,0.207624
1.533781,-2.526121,0.711856,0.037548,-0.051236,-0.840197,0.538548,-0.606129,0.018297,-0.095267,0.765427,-0.337330,-0.261800,0.111204,-0.020147,-0.071207,1.272559,-0.173388,-0.093727,0.143625,0.000125,0.086173,0.452557,0.452911,-0.226589,-0.217927,0.589882,-0.081550,-0.165486,-0.090407,-0.368159,0.427431,-0.571114,0.057061,-0.191154,0.212387
1.529315,-2.540177,0.709300,0.038294,-0.055808,-0.839892,0.538517,-0.594384,0.003358,-0.092827,0.793643,-0.325642,-0.261800,0.100295,-0.059383,-0.094460,1.328326,-0.195389,-0.097338,0.127529,-0.009057,0.092096,0.417520,0.461159,-0.239724,-0.210509,0.578463,-0.080556,-0.157340,-0.051538,-0.369103,0.425492,-0.570284,0.055368,-0.195719,0.219185
1.524774,-2.553776,0.706181,0.037854,-0.061453,-0.839440,0.538638,-0.582973,-0.008604,-0.086797,0.827482,-0.332130,-0.261800,0.086590,-0.094139,-0.109713,1.389117,-0.217084,-0.110945,0.109706,-0.018648,0.102458,0.378689,0.470325,-0.254316,-0.201693,0.573338,-0.078686,-0.145386,-0.013320,-0.368862,0.419525,-0.561974,0.042898,-0.200054,0.231074
1.520336,-2.567057,0.703154,0.036641,-0.068156,-0.838796,0.538918,-0.571392,-0.019712,-0.077980,0.866565,-0.349742,-0.261800,0.070765,-0.127501,-0.120416,1.454595,-0.241959,-0.132223,0.090354,-0.029388,0.116400,0.335781,0.480276,-0.270625,-0.191773,0.572665,-0.076182,-0.130385,0.025002,-0.367256,0.409962,-0.547662,0.021232,-0.204453,0.246703
1.516337,-2.579840,0.700337,0.035304,-0.075033,-0.838209,0.539008,-0.558744,-0.029867,-0.067708,0.905220,-0.373678,-0.261800,0.051856,-0.157490,-0.126058,1.520063,-0.267478,-0.154125,0.070842,-0.040934,0.131166,0.290106,0.490796,-0.287350,-0.181978,0.576298,-0.073735,-0.116379,0.063145,-0.364380,0.398177,-0.530131,-0.007161,-0.207063,0.259978
1.512168,-2.592711,0.697486,0.034520,-0.081210,-0.837936,0.538587,-0.544289,-0.038752,-0.057242,0.938156,-0.399478,-0.261800,0.028583,-0.182521,-0.126217,1.581100,-0.291096,-0.169686,0.052197,-0.052702,0.144009,0.243205,0.501662,-0.303081,-0.173593,0.584252,-0.072098,-0.107467,0.100653,-0.360582,0.385756,-0.511911,-0.039895,-0.205630,0.264922
1.507641,-2.605549,0.694706,0.034416,-0.086876,-0.837895,0.537773,-0.527519,-0.046379,-0.046604,0.964864,-0.428375,-0.261800,0.000449,-0.202482,-0.120045,1.637990,-0.312406,-0.176467,0.033979,-0.064936,0.155142,0.194403,0.512955,-0.318037,-0.166184,0.599469,-0.070999,-0.105904,0.137510,-0.355960,0.373016,-0.491488,-0.080602,-0.197621,0.258643
1.503012,-2.618056,0.691991,0.034942,-0.092896,-0.837873,0.536767,-0.508597,-0.054712,-0.033920,0.987254,-0.461499,-0.253888,-0.032058,-0.219035,-0.107757,1.693074,-0.332921,-0.177431,0.015365,-0.078882,0.165769,0.143241,0.524571,-0.332977,-0.159398,0.620960,-0.070274,-0.109168,0.173909,-0.350511,0.359261,-0.468315,-0.128903,-0.184151,0.245265
1.498023,-2.630399,0.689580,0.035927,-0.098255,-0.838218,0.535207,-0.488701,-0.062217,-0.020812,1.005691,-0.495636,-0.242374,-0.069208,-0.230920,-0.091774,1.744484,-0.352364,-0.175508,-0.002828,-0.092614,0.174466,0.091457,0.535967,-0.347176,-0.154329,0.643013,-0.070907,-0.114202,0.209771,-0.344655,0.344652,-0.446296,-0.176499,-0.168418,0.229111
1.492903,-2.642699,0.687485,0.037148,-0.101845,-0.839321,0.532717,-0.468937,-0.066548,-0.008900,1.020733,-0.527798,-0.233532,-0.111415,-0.236910,-0.074314,1.790272,-0.370222,-0.173635,-0.019856,-0.103780,0.180020,0.040917,0.546471,-0.359429,-0.151978,0.660089,-0.073806,-0.117979,0.245077,-0.339148,0.329494,-0.429541,-0.215383,-0.154210,0.213820
1.487814,-2.655001,0.685692,0.038835,-0.103123,-0.841506,0.528890,-0.450059,-0.066205,0.001778,1.032852,-0.558305,-0.228659,-0.161235,-0.235127,-0.054051,1.831088,-0.386170,-0.172740,-0.035181,-0.111111,0.181733,-0.008427,0.555748,-0.368921,-0.152769,0.671799,-0.080665,-0.120844,0.280350,-0.334777,0.313791,-0.419853,-0.245736,-0.141583,0.197378
1.482651,-2.667407,0.684202,0.040960,-0.102680,-0.844504,0.524015,-0.431268,-0.061893,0.011708,1.041975,-0.588636,-0.226471,-0.217608,-0.226156,-0.031092,1.867549,-0.400165,-0.171431,-0.049386,-0.115267,0.180684,-0.057596,0.563854,-0.376192,-0.155709,0.680957,-0.090599,-0.124029,0.316128,-0.331853,0.297336,-0.415633,-0.270872,-0.128824,0.178431
1.477208,-2.679832,0.683143,0.043048,-0.101392,-0.847765,0.518808,-0.411062,-0.055521,0.020876,1.047255,-0.617241,-0.225605,-0.275578,-0.213760,-0.009635,1.897640,-0.412229,-0.169395,-0.063430,-0.117400,0.178397,-0.105951,0.570803,-0.381997,-0.159794,0.687020,-0.100488,-0.125891,0.352407,-0.330250,0.280063,-0.415739,-0.287889,-0.117730,0.161074
1.471475,-2.692324,0.682609,0.044639,-0.100150,-0.850755,0.513997,-0.388000,-0.049210,0.029258,1.047869,-0.642532,-0.224541,-0.330549,-0.202271,0.006531,1.919390,-0.422507,-0.166479,-0.078329,-0.118840,0.176231,-0.152856,0.576563,-0.387200,-0.163964,0.689482,-0.107198,-0.124844,0.388882,-0.329562,0.261910,-0.418677,-0.294112,-0.110336,0.149388
1.465388,-2.704582,0.682513,0.045621,-0.099109,-0.853449,0.509628,-0.361352,-0.043157,0.037460,1.042972,-0.665150,-0.222751,-0.382700,-0.192549,0.017179,1.932356,-0.430785,-0.161121,-0.093886,-0.119705,0.174445,-0.199814,0.581283,-0.392689,-0.167194,0.687388,-0.109462,-0.119845,0.426306,-0.329487,0.241564,-0.425615,-0.285035,-0.108537,0.145777
1.458943,-2.716552,0.682766,0.046231,-0.097863,-0.856081,0.505382,-0.331974,-0.036514,0.045434,1.033158,-0.685545,-0.221155,-0.434112,-0.183045,0.024027,1.937467,-0.437023,-0.154121,-0.109499,-0.119543,0.172363,-0.247004,0.584990,-0.398256,-0.169933,0.681320,-0.109079,-0.111950,0.464829,-0.329866,0.219103,-0.436934,-0.263543,-0.110996,0.147609
1.452189,-2.728175,0.683365,0.046517,-0.096412,-0.858538,0.501452,-0.300844,-0.029839,0.052073,1.019779,-0.701949,-0.220214,-0.483232,-0.174665,0.026513,1.934756,-0.441732,-0.148926,-0.125804,-0.118845,0.169795,-0.292204,0.587438,-0.402978,-0.172828,0.672864,-0.107571,-0.102778,0.502768,-0.330472,0.196811,-0.449502,-0.238202,-0.114898,0.151394
1.444955,-2.739705,0.684339,0.046529,-0.094737,-0.860716,0.498023,-0.268973,-0.023560,0.056225,1.004175,-0.712593,-0.220304,-0.528461,-0.168320,0.024158,1.924324,-0.445489,-0.148880,-0.143458,-0.118084,0.166510,-0.332438,0.588245,-0.405640,-0.177013,0.664087,-0.106444,-0.093995,0.538201,-0.331195,0.177054,-0.459959,-0.217728,-0.117608,0.153540
1.437325,-2.751229,0.685795,0.046204,-0.092760,-0.862531,0.495279,-0.235911,-0.017527,0.057384,0.985330,-0.717827,-0.221126,-0.569656,-0.165092,0.015569,1.905988,-0.449044,-0.156271,-0.163142,-0.117319,0.162274,-0.367299,0.587127,-0.405106,-0.182230,0.655363,-0.106214,-0.086273,0.570483,-0.332203,0.160316,-0.467616,-0.203809,-0.118744,0.153481
1.429301,-2.762861,0.687720,0.045517,-0.090456,-0.864074,0.493074,-0.201481,-0.011320,0.056236,0.963065,-0.718367,-0.222593,-0.607183,-0.164257,0.001229,1.879738,-0.452287,-0.168592,-0.184355,-0.116158,0.157259,-0.397914,0.584087,-0.402120,-0.188141,0.646090,-0.106088,-0.078671,0.600744,-0.333669,0.145321,-0.474211,-0.192048,-0.119619,0.152950
1.420942,-2.774737,0.690132,0.044605,-0.087920,-0.865504,0.491103,-0.167131,-0.004906,0.053365,0.940096,-0.713041,-0.225259,-0.640235,-0.163792,-0.016477,1.845907,-0.454530,-0.182003,-0.205753,-0.114253,0.151791,-0.425769,0.579487,-0.398811,-0.194072,0.635639,-0.105598,-0.070462,0.629786,-0.335481,0.131691,-0.479948,-0.182107,-0.120302,0.151697
1.412247,-2.786567,0.693004,0.043623,-0.085274,-0.866979,0.489053,-0.134289,0.001637,0.049311,0.919122,-0.700725,-0.229568,-0.668229,-0.161713,-0.035001,1.804796,-0.454871,-0.192793,-0.226013,-0.111466,0.146263,-0.451416,0.573806,-0.397097,-0.200185,0.623736,-0.104255,-0.060895,0.658102,-0.337291,0.119229,-0.484780,-0.173722,-0.120882,0.149547
1.403178,-2.798344,0.696027,0.042388,-0.082413,-0.868505,0.486940,-0.102440,0.008680,0.043840,0.900065,-0.680817,-0.236348,-0.690537,-0.157956,-0.054919,1.755489,-0.452963,-0.201182,-0.244832,-0.107646,0.141156,-0.475394,0.567418,-0.397885,-0.206628,0.609766,-0.101026,-0.048903,0.685707,-0.338976,0.107769,-0.488482,-0.167164,-0.121369,0.146439
1.393894,-2.810216,0.699202,0.040902,-0.079300,-0.870015,0.484883,-0.071233,0.016169,0.036640,0.881883,-0.654098,-0.244877,-0.707440,-0.153164,-0.076790,1.698081,-0.449490,-0.208121,-0.262733,-0.103053,0.136264,-0.497009,0.560362,-0.400015,-0.213720,0.593919,-0.096499,-0.035088,0.712249,-0.340500,0.097452,-0.491027,-0.162581,-0.121758,0.142579
1.384343,-2.822054,0.702557,0.039595,-0.076156,-0.871560,0.482717,-0.042228,0.023193,0.028136,0.865796,-0.621384,-0.253240,-0.720097,-0.146556,-0.098667,1.634313,-0.444804,-0.212172,-0.279559,-0.098267,0.130932,-0.515189,0.552630,-0.402397,-0.221760,0.577082,-0.092605,-0.021279,0.737607,-0.341649,0.088431,-0.492649,-0.159599,-0.122114,0.138260
1.374490,-2.833850,0.706000,0.038897,-0.073227,-0.873184,0.480286,-0.016855,0.028734,0.018850,0.852967,-0.583540,-0.259656,-0.729803,-0.137576,-0.118232,1.565771,-0.439109,-0.211892,-0.295108,-0.093894,0.124470,-0.529112,0.544198,-0.404064,-0.230802,0.560192,-0.091229,-0.009344,0.761638,-0.342088,0.080850,-0.493468,-0.157876,-0.122507,0.133802
1.364310,-2.845665,0.709516,0.039062,-0.070446,-0.874898,0.477561,0.004192,0.032199,0.008643,0.843537,-0.538296,-0.261800,-0.736705,-0.125445,-0.134594,1.489507,-0.430725,-0.206263,-0.309156,-0.089949,0.116343,-0.539206,0.535283,-0.405279,-0.240642,0.543183,-0.093098,0.000184,0.784403,-0.341494,0.074744,-0.493100,-0.158507,-0.123061,0.128627
1.353975,-2.857687,0.713098,0.039978,-0.068039,-0.876626,0.474657,0.022032,0.033325,-0.002476,0.836518,-0.485757,-0.261800,-0.740456,-0.111414,-0.148071,1.405767,-0.420145,-0.196443,-0.321914,-0.086922,0.106911,-0.545429,0.525900,-0.406485,-0.251666,0.525987,-0.097056,0.008268,0.805831,-0.339894,0.070038,-0.491568,-0.161431,-0.123706,0.122914
1.343511,-2.869725,0.716589,0.041209,-0.066118,-0.878378,0.471573,0.037741,0.032757,-0.014024,0.832231,-0.430658,-0.261800,-0.741312,-0.096955,-0.159370,1.320194,-0.410263,-0.184610,-0.333354,-0.084627,0.097096,-0.547724,0.515876,-0.407163,-0.263692,0.508517,-0.102173,0.015140,0.825931,-0.337515,0.066574,-0.489782,-0.164483,-0.124221,0.118002
1.332979,-2.881851,0.719753,0.042440,-0.065011,-0.880128,0.468345,0.052501,0.030127,-0.025571,0.830581,-0.377444,-0.261800,-0.739883,-0.083965,-0.168861,1.238889,-0.404053,-0.172629,-0.343497,-0.083285,0.087591,-0.546440,0.505049,-0.406783,-0.276184,0.490366,-0.107565,0.021014,0.844934,-0.334739,0.063988,-0.488759,-0.165427,-0.124404,0.115187
1.322391,-2.894045,0.722588,0.043817,-0.064762,-0.881833,0.465034,0.066474,0.024759,-0.037658,0.830437,-0.325153,-0.261800,-0.736218,-0.071997,-0.176087,1.160042,-0.402127,-0.159220,-0.352879,-0.082937,0.078074,-0.540174,0.493035,-0.404511,-0.289852,0.472170,-0.113586,0.025479,0.862944,-0.331836,0.062531,-0.488835,-0.163478,-0.124119,0.114709
1.311742,-2.906361,0.724934,0.045436,-0.065266,-0.883511,0.461610,0.079335,0.016756,-0.050104,0.831863,-0.271950,-0.261800,-0.730119,-0.060691,-0.180958,1.081303,-0.402724,-0.144197,-0.361307,-0.083416,0.068212,-0.529780,0.479846,-0.400881,-0.304211,0.453644,-0.120517,0.028466,0.880136,-0.328892,0.062080,-0.489630,-0.159755,-0.123478,0.115796
1.300969,-2.918923,0.726879,0.046915,-0.066617,-0.885228,0.457965,0.091366,0.007046,-0.061387,0.836715,-0.220987,-0.261800,-0.722080,-0.051667,-0.184728,1.008439,-0.405291,-0.130620,-0.368205,-0.084870,0.058925,-0.516637,0.465624,-0.397211,-0.318656,0.434737,-0.127257,0.030941,0.896212,-0.326052,0.062143,-0.491019,-0.154965,-0.122674,0.118308
1.290095,-2.931718,0.728434,0.047854,-0.068818,-0.887060,0.453981,0.102644,-0.003227,-0.070096,0.847023,-0.175397,-0.261800,-0.712774,-0.046070,-0.188888,0.947617,-0.409372,-0.121244,-0.372841,-0.087241,0.051088,-0.502803,0.450795,-0.394772,-0.332129,0.414689,-0.132783,0.033827,0.910964,-0.323429,0.062163,-0.492801,-0.149777,-0.121897,0.122089
1.279174,-2.944428,0.729417,0.047991,-0.072241,-0.889044,0.449532,0.114020,-0.015236,-0.077105,0.863399,-0.134569,-0.261800,-0.701936,-0.045015,-0.194269,0.901383,-0.416427,-0.116627,-0.375179,-0.091195,0.045146,-0.487170,0.435528,-0.393780,-0.345633,0.391875,-0.136473,0.038286,0.924794,-0.321127,0.062180,-0.495287,-0.143874,-0.121068,0.127412
1.268331,-2.957027,0.729897,0.047582,-0.076667,-0.891129,0.444689,0.124990,-0.028872,-0.082840,0.884870,-0.097174,-0.261800,-0.689720,-0.047182,-0.200250,0.866548,-0.426332,-0.114933,-0.375609,-0.096408,0.040609,-0.469079,0.419877,-0.393606,-0.359542,0.366963,-0.139051,0.043561,0.937612,-0.319154,0.062476,-0.498466,-0.137042,-0.120096,0.134232
1.257645,-2.969542,0.729821,0.046992,-0.081170,-0.893267,0.439632,0.133453,-0.040950,-0.085384,0.911235,-0.065337,-0.261800,-0.677567,-0.050046,-0.206063,0.841096,-0.436366,-0.115492,-0.374212,-0.101377,0.037092,-0.450270,0.404058,-0.394194,-0.372517,0.343335,-0.141397,0.047794,0.948141,-0.317482,0.063007,-0.501497,-0.130172,-0.119170,0.141980
1.247025,-2.981984,0.729286,0.046598,-0.084844,-0.895425,0.434563,0.137297,-0.048367,-0.082842,0.942319,-0.041288,-0.261800,-0.666811,-0.051228,-0.210803,0.822931,-0.443849,-0.117966,-0.371080,-0.104665,0.034201,-0.432463,0.388330,-0.395449,-0.383371,0.324359,-0.144261,0.049118,0.955055,-0.316046,0.063747,-0.503556,-0.124163,-0.118502,0.150120
1.236549,-2.994258,0.728182,0.046642,-0.087561,-0.897570,0.429564,0.135702,-0.051206,-0.075095,0.978814,-0.025207,-0.261800,-0.657105,-0.050663,-0.214340,0.810199,-0.448433,-0.119557,-0.366320,-0.106076,0.031581,-0.415661,0.372814,-0.397318,-0.392553,0.310032,-0.147543,0.047000,0.958113,-0.314719,0.064778,-0.504485,-0.118840,-0.117960,0.159321
1.226388,-3.006327,0.726301,0.046874,-0.089728,-0.899741,0.424521,0.129904,-0.050561,-0.063466,1.020771,-0.016221,-0.261800,-0.648036,-0.049522,-0.217044,0.804600,-0.451553,-0.121645,-0.359857,-0.106302,0.029573,-0.399001,0.357520,-0.399946,-0.400640,0.298806,-0.150820,0.042492,0.957872,-0.313504,0.066124,-0.504631,-0.113904,-0.117495,0.169645
1.216268,-3.017991,0.724002,0.046910,-0.091223,-0.902018,0.419334,0.121086,-0.044812,-0.048185,1.066748,-0.014912,-0.261800,-0.640805,-0.047265,-0.218732,0.809385,-0.453199,-0.130355,-0.351561,-0.105210,0.028757,-0.383024,0.342604,-0.403277,-0.406415,0.291521,-0.154347,0.036082,0.954130,-0.312566,0.067802,-0.503781,-0.110037,-0.117483,0.179621
1.206468,-3.029023,0.721501,0.046355,-0.091932,-0.904478,0.413907,0.110573,-0.032414,-0.029497,1.115289,-0.021896,-0.261800,-0.636549,-0.043284,-0.219372,0.827626,-0.453101,-0.151723,-0.341422,-0.102669,0.029724,-0.368004,0.328299,-0.407077,-0.408861,0.289081,-0.158398,0.028280,0.946599,-0.312176,0.069906,-0.501754,-0.107871,-0.118315,0.187741
1.196807,-3.039881,0.718465,0.045513,-0.092083,-0.907093,0.408205,0.098823,-0.011755,-0.004311,1.166772,-0.040015,-0.261800,-0.638429,-0.038323,-0.218447,0.865986,-0.446391,-0.194470,-0.329490,-0.099024,0.031806,-0.354036,0.314769,-0.411133,-0.408059,0.292661,-0.163348,0.018395,0.935194,-0.312479,0.072168,-0.498408,-0.107659,-0.120844,0.194385
1.186973,-3.051199,0.714526,0.044390,-0.091686,-0.909828,0.402289,0.086028,0.016337,0.025783,1.221831,-0.068325,-0.261800,-0.644256,-0.031992,-0.217864,0.919072,-0.432003,-0.252049,-0.316005,-0.094254,0.035015,-0.340617,0.302075,-0.415319,-0.404758,0.301416,-0.169043,0.006523,0.919962,-0.313504,0.074766,-0.493905,-0.108948,-0.124635,0.200041
1.177522,-3.062780,0.710279,0.042716,-0.093233,-0.911774,0.397682,0.073560,0.041847,0.052627,1.276894,-0.099202,-0.261800,-0.648182,-0.033251,-0.212591,0.979010,-0.420880,-0.261800,-0.304792,-0.092945,0.040194,-0.327162,0.290327,-0.419421,-0.398867,0.313176,-0.174987,-0.005604,0.900503,-0.315418,0.078394,-0.488076,-0.111313,-0.128157,0.203369
1.168145,-3.073931,0.705564,0.039120,-0.092848,-0.914134,0.392694,0.060128,0.070835,0.071259,1.333426,-0.130033,-0.261800,-0.643920,-0.025540,-0.209334,1.026652,-0.419883,-0.261800,-0.292145,-0.087797,0.049701,-0.313027,0.279758,-0.423182,-0.390402,0.325756,-0.180582,-0.016350,0.876780,-0.318444,0.083871,-0.481188,-0.114315,-0.129831,0.202974
1.158362,-3.084583,0.700641,0.032496,-0.088956,-0.917292,0.386789,0.046221,0.108094,0.081138,1.393188,-0.161371,-0.258688,-0.628945,-0.005343,-0.212069,1.059943,-0.435961,-0.261800,-0.277071,-0.075547,0.065558,-0.298155,0.270606,-0.426304,-0.378752,0.338440,-0.186379,-0.025975,0.848253,-0.322819,0.091970,-0.472271,-0.116266,-0.129895,0.197309
1.148512,-3.094722,0.696129,0.024567,-0.084273,-0.920566,0.380595,0.031386,0.152345,0.092022,1.454415,-0.193696,-0.236154,-0.608939,0.018219,-0.215177,1.090258,-0.465798,-0.261800,-0.261738,-0.061401,0.084543,-0.282360,0.263055,-0.428554,-0.364540,0.352431,-0.192488,-0.035074,0.814667,-0.328514,0.102523,-0.461296,-0.117787,-0.128936,0.187342
1.138378,-3.104633,0.691985,0.016456,-0.078678,-0.923909,0.374073,0.013329,0.196850,0.098024,1.514661,-0.225714,-0.211459,-0.585791,0.043726,-0.218084,1.115910,-0.500674,-0.261800,-0.246560,-0.045201,0.103949,-0.264941,0.257213,-0.429825,-0.349693,0.368394,-0.197558,-0.042467,0.776350,-0.335243,0.114751,-0.450103,-0.121904,-0.125877,0.175561
1.128518,-3.114363,0.688147,0.010075,-0.073600,-0.927054,0.367496,-0.010785,0.235695,0.100405,1.570794,-0.255135,-0.184344,-0.563362,0.066718,-0.218624,1.137646,-0.532986,-0.261800,-0.232226,-0.030063,0.120009,-0.245267,0.253111,-0.430224,-0.335972,0.387042,-0.200202,-0.047025,0.733872,-0.342549,0.127829,-0.440612,-0.131688,-0.119582,0.164563
1.118873,-3.124061,0.684596,0.006068,-0.068971,-0.930114,0.360685,-0.043543,0.267925,0.098716,1.623679,-0.281359,-0.153163,-0.542900,0.087482,-0.217025,1.154570,-0.561531,-0.261800,-0.217948,-0.016306,0.131671,-0.223656,0.250707,-0.430554,-0.322127,0.409955,-0.198832,-0.046620,0.686330,-0.350310,0.141830,-0.433178,-0.150497,-0.107844,0.154567
1.109285,-3.133762,0.681484,0.003387,-0.064220,-0.933190,0.353584,-0.083577,0.296075,0.092409,1.674492,-0.305548,-0.118417,-0.522399,0.108113,-0.214535,1.166559,-0.589956,-0.261800,-0.203451,-0.002702,0.140916,-0.200308,0.249968,-0.430543,-0.307682,0.436264,-0.194428,-0.042551,0.633866,-0.358298,0.157139,-0.427007,-0.175697,-0.091732,0.144664
1.099625,-3.143713,0.678690,0.001365,-0.059913,-0.936051,0.346724,-0.127931,0.319851,0.082876,1.721032,-0.328310,-0.082914,-0.500880,0.127300,-0.211281,1.175151,-0.617727,-0.261800,-0.189790,0.009913,0.148821,-0.174507,0.250885,-0.429012,-0.295690,0.462999,-0.189540,-0.038804,0.578913,-0.365823,0.173077,-0.422544,-0.201617,-0.075124,0.135781
1.089576,-3.153554,0.676129,-0.000673,-0.056617,-0.938485,0.340647,-0.173478,0.339090,0.071890,1.761157,-0.350252,-0.049371,-0.477257,0.143628,-0.207258,1.181914,-0.644383,-0.261800,-0.177826,0.020687,0.156627,-0.145703,0.253447,-0.425025,-0.289145,0.487259,-0.186914,-0.039228,0.523781,-0.372041,0.188847,-0.419935,-0.222862,-0.062065,0.128619
1.079471,-3.163105,0.673780,-0.003038,-0.054604,-0.940349,0.335787,-0.220538,0.353040,0.058643,1.795420,-0.371172,-0.017322,-0.450493,0.156181,-0.202911,1.187273,-0.670756,-0.261800,-0.168036,0.028991,0.165160,-0.113660,0.257742,-0.418205,-0.288595,0.512121,-0.188075,-0.045886,0.468523,-0.376309,0.204162,-0.419798,-0.239791,-0.053683,0.123358
1.069281,-3.172345,0.671767,-0.005338,-0.053557,-0.941824,0.331768,-0.270414,0.361613,0.043340,1.824675,-0.390720,0.014340,-0.421364,0.165739,-0.198063,1.190486,-0.696851,-0.261800,-0.159415,0.035091,0.173765,-0.078860,0.263766,-0.409363,-0.292456,0.537817,-0.191507,-0.056269,0.411919,-0.378521,0.219258,-0.421389,-0.255086,-0.047957,0.119658
1.059118,-3.181362,0.670173,-0.007193,-0.053158,-0.943181,0.327919,-0.321083,0.366005,0.029143,1.847102,-0.409248,0.043484,-0.391305,0.173374,-0.191705,1.191265,-0.720988,-0.261800,-0.150611,0.039570,0.181471,-0.041942,0.271249,-0.399322,-0.300243,0.557184,-0.195329,-0.067377,0.354333,-0.378844,0.234130,-0.422862,-0.266869,-0.044297,0.117195
1.048865,-3.190377,0.669072,-0.008224,-0.053090,-0.944685,0.323551,-0.370551,0.367738,0.018587,1.860907,-0.427046,0.067399,-0.361829,0.180217,-0.182861,1.189437,-0.741505,-0.261800,-0.140276,0.043125,0.187229,-0.003653,0.279712,-0.388944,-0.311301,0.563141,-0.197402,-0.076335,0.296269,-0.377594,0.248767,-0.422503,-0.273172,-0.042102,0.115610
1.038584,-3.199419,0.668502,-0.008276,-0.053392,-0.946390,0.318475,-0.418730,0.367474,0.013135,1.865668,-0.445066,0.084867,-0.333266,0.186463,-0.170840,1.185004,-0.758309,-0.261800,-0.128008,0.045804,0.190623,0.036230,0.288766,-0.378263,-0.326052,0.551065,-0.197467,-0.083143,0.236978,-0.374982,0.263106,-0.419995,-0.270702,-0.041640,0.115069
1.028192,-3.208438,0.668465,-0.007582,-0.054204,-0.948158,0.313051,-0.466019,0.364642,0.011685,1.862196,-0.462774,0.097223,-0.304757,0.191469,-0.156362,1.178134,-0.772301,-0.261800,-0.114506,0.047391,0.192201,0.077820,0.298202,-0.366760,-0.344327,0.525726,-0.196320,-0.089145,0.176453,-0.371022,0.277181,-0.416045,-0.261342,-0.043118,0.115555
1.017501,-3.217375,0.668927,-0.006344,-0.055340,-0.949949,0.307400,-0.511206,0.359159,0.012879,1.850584,-0.478244,0.105762,-0.276026,0.195127,-0.140564,1.168961,-0.783254,-0.261800,-0.100014,0.048217,0.192319,0.120024,0.307757,-0.354639,-0.364246,0.494208,-0.193398,-0.093472,0.116544,-0.365731,0.291033,-0.410686,-0.250886,-0.045846,0.116488
1.006718,-3.226190,0.669849,-0.004760,-0.056607,-0.951730,0.301635,-0.553189,0.350976,0.015181,1.831019,-0.489655,0.111925,-0.246884,0.197324,-0.124582,1.157613,-0.790934,-0.261800,-0.084672,0.048642,0.191325,0.161582,0.317128,-0.342275,-0.383802,0.463637,-0.188300,-0.095223,0.059347,-0.359131,0.304528,-0.404153,-0.245168,-0.049139,0.117303
0.995619,-3.234986,0.671234,-0.002743,-0.057936,-0.953535,0.295647,-0.592402,0.340019,0.018172,1.803160,-0.496627,0.116691,-0.217030,0.197756,-0.108500,1.143188,-0.796137,-0.261800,-0.068138,0.048977,0.189013,0.202581,0.326103,-0.330212,-0.402727,0.432524,-0.179958,-0.092843,0.004478,-0.351174,0.317542,-0.395654,-0.245360,-0.053338,0.117782
0.984235,-3.243828,0.673073,-0.000236,-0.059417,-0.955361,0.289406,-0.628908,0.326767,0.022649,1.766966,-0.500342,0.119171,-0.186731,0.196520,-0.091784,1.126016,-0.798710,-0.261800,-0.050326,0.048975,0.185290,0.243208,0.334573,-0.318299,-0.421574,0.398247,-0.169153,-0.087039,-0.048698,-0.341873,0.329997,-0.385382,-0.248527,-0.058647,0.118274
0.972437,-3.252620,0.675290,0.002517,-0.061082,-0.957121,0.283163,-0.661268,0.311947,0.028621,1.723101,-0.501198,0.118041,-0.156556,0.194061,-0.074775,1.107854,-0.797029,-0.261800,-0.031831,0.048175,0.180646,0.282435,0.342438,-0.305848,-0.439629,0.366278,-0.158208,-0.080501,-0.098511,-0.331522,0.341865,-0.375083,-0.254354,-0.064175,0.119060
0.960137,-3.261403,0.677804,0.005273,-0.062955,-0.958738,0.277181,-0.688164,0.296308,0.036020,1.672240,-0.499622,0.112014,-0.127114,0.190948,-0.057758,1.090483,-0.789461,-0.261800,-0.013355,0.046227,0.175597,0.319356,0.349573,-0.292094,-0.456310,0.342126,-0.149213,-0.076158,-0.143227,-0.320604,0.353219,-0.366624,-0.262460,-0.069016,0.120378
0.947506,-3.270187,0.680500,0.008122,-0.065208,-0.960192,0.271502,-0.709353,0.279863,0.045082,1.613140,-0.495112,0.101900,-0.098138,0.187058,-0.040177,1.073301,-0.775667,-0.261800,0.005286,0.042877,0.170138,0.354006,0.355907,-0.276531,-0.471656,0.329311,-0.142782,-0.075433,-0.182279,-0.309374,0.364011,-0.360996,-0.274954,-0.071890,0.122129
0.934578,-3.278901,0.683422,0.011138,-0.067736,-0.961522,0.266013,-0.725542,0.262509,0.055339,1.545782,-0.487772,0.088136,-0.069548,0.182176,-0.022175,1.055663,-0.756434,-0.261800,0.024200,0.038478,0.164139,0.386887,0.361391,-0.259655,-0.486012,0.324241,-0.137678,-0.076765,-0.216487,-0.297969,0.374385,-0.357288,-0.291237,-0.073618,0.124179
0.921296,-3.287560,0.686478,0.014050,-0.070148,-0.962756,0.260733,-0.736970,0.244851,0.065539,1.472388,-0.478651,0.068812,-0.042037,0.176809,-0.005063,1.038920,-0.731703,-0.261800,0.042558,0.033735,0.157906,0.417811,0.365923,-0.242140,-0.499347,0.321816,-0.133113,-0.078686,-0.246219,-0.286839,0.384787,-0.354643,-0.306831,-0.076417,0.126674
0.907793,-3.296329,0.689586,0.016580,-0.072031,-0.963934,0.255672,-0.744030,0.227609,0.074396,1.395163,-0.468739,0.042080,-0.016231,0.171615,0.009839,1.024451,-0.701411,-0.261800,0.059573,0.029503,0.151733,0.446521,0.369379,-0.224667,-0.511658,0.316965,-0.128319,-0.079690,-0.271773,-0.276651,0.395680,-0.352319,-0.317185,-0.082477,0.129683
0.894092,-3.305086,0.692741,0.018803,-0.073526,-0.965065,0.250777,-0.745500,0.211037,0.082944,1.310406,-0.457018,0.005774,0.007836,0.165867,0.022075,1.012441,-0.664631,-0.261800,0.075476,0.025490,0.145685,0.473263,0.371640,-0.206596,-0.523107,0.308426,-0.123418,-0.080034,-0.293212,-0.268040,0.407546,-0.350925,-0.320275,-0.092304,0.132569
0.880016,-3.313855,0.695894,0.020806,-0.074760,-0.966150,0.246034,-0.741552,0.194902,0.091136,1.217575,-0.443132,-0.038181,0.030514,0.159590,0.032295,1.002108,-0.621594,-0.261800,0.090630,0.021648,0.139727,0.497837,0.372689,-0.187934,-0.533619,0.298939,-0.118745,-0.080363,-0.310048,-0.261238,0.420149,-0.351252,-0.318579,-0.104662,0.135450
0.865667,-3.322690,0.698932,0.022330,-0.075314,-0.967214,0.241509,-0.734682,0.179365,0.096249,1.123772,-0.429137,-0.085383,0.051969,0.154528,0.040858,0.993203,-0.573885,-0.261800,0.104474,0.019204,0.133952,0.519209,0.372700,-0.170367,-0.542780,0.289449,-0.113856,-0.079703,-0.321895,-0.256225,0.432806,-0.352631,-0.314248,-0.119138,0.139558
0.851108,-3.331433,0.701711,0.023122,-0.074774,-0.968282,0.237286,-0.727539,0.164826,0.095691,1.036702,-0.417399,-0.131471,0.072366,0.152340,0.048042,0.985591,-0.523020,-0.261800,0.116445,0.019324,0.128398,0.536449,0.372026,-0.155603,-0.550227,0.280892,-0.108311,-0.077054,-0.328419,-0.252868,0.444751,-0.354343,-0.309504,-0.135338,0.146145
0.836314,-3.340197,0.704223,0.022970,-0.072832,-0.969410,0.233262,-0.720044,0.150683,0.087424,0.955189,-0.408094,-0.180257,0.092288,0.153655,0.053631,0.978285,-0.466673,-0.261706,0.126761,0.022736,0.123060,0.550164,0.370994,-0.144122,-0.556120,0.272252,-0.101075,-0.070988,-0.329036,-0.251213,0.456031,-0.356429,-0.302200,-0.154390,0.156729
0.821462,-3.349268,0.706452,0.022553,-0.071748,-0.970377,0.229590,-0.708771,0.133650,0.077331,0.872810,-0.399258,-0.230507,0.110713,0.150865,0.060330,0.974364,-0.407060,-0.235326,0.135323,0.024785,0.118335,0.560574,0.369820,-0.135041,-0.560625,0.263390,-0.092720,-0.062349,-0.324161,-0.251454,0.466761,-0.359229,-0.291911,-0.175999,0.170493
0.806617,-3.358408,0.708296,0.021972,-0.071035,-0.971117,0.226724,-0.696158,0.115925,0.066874,0.796416,-0.392168,-0.261800,0.127338,0.148245,0.066997,0.974045,-0.348240,-0.206003,0.141260,0.026156,0.113987,0.566379,0.368769,-0.127987,-0.563585,0.256538,-0.085146,-0.053608,-0.315031,-0.253603,0.476218,-0.362419,-0.283522,-0.197764,0.184968
0.791789,-3.367652,0.709706,0.021597,-0.071378,-0.971500,0.225002,-0.683668,0.097060,0.059128,0.732072,-0.386961,-0.261800,0.141273,0.144463,0.073473,0.979322,-0.295533,-0.175445,0.143910,0.025276,0.110086,0.566104,0.368144,-0.122661,-0.564646,0.253968,-0.080181,-0.047268,-0.302868,-0.257533,0.483701,-0.365624,-0.282154,-0.217496,0.197412
0.776913,-3.376530,0.710703,0.020812,-0.070152,-0.971944,0.223539,-0.675233,0.088243,0.051995,0.689854,-0.389402,-0.261800,0.153337,0.148305,0.082890,0.987242,-0.244419,-0.143989,0.145265,0.027090,0.105838,0.559206,0.368156,-0.119052,-0.563982,0.258104,-0.078344,-0.044419,-0.287109,-0.263188,0.489014,-0.369544,-0.289346,-0.235134,0.208283
0.762068,-3.385100,0.711307,0.019729,-0.067773,-0.972372,0.222510,-0.670354,0.086012,0.045405,0.665997,-0.397970,-0.261800,0.163435,0.157969,0.094213,0.998005,-0.194073,-0.110463,0.145082,0.030820,0.101216,0.546398,0.368925,-0.117404,-0.561612,0.267080,-0.078586,-0.043564,-0.267378,-0.270604,0.492322,-0.374134,-0.302473,-0.251872,0.218383
0.747320,-3.393493,0.711507,0.018710,-0.065299,-0.972684,0.221972,-0.667272,0.085069,0.038187,0.654545,-0.406361,-0.261800,0.170568,0.166557,0.101848,1.013562,-0.150420,-0.078136,0.143141,0.034418,0.096763,0.528112,0.370625,-0.117774,-0.556852,0.276730,-0.080368,-0.043308,-0.245157,-0.279671,0.493572,-0.377763,-0.320644,-0.267458,0.225313
0.732492,-3.401800,0.711256,0.018060,-0.063745,-0.972814,0.221909,-0.663759,0.080333,0.028530,0.648993,-0.407913,-0.261800,0.173657,0.166808,0.099846,1.035732,-0.119045,-0.051123,0.139326,0.035927,0.093055,0.504856,0.373419,-0.120204,-0.549109,0.282853,-0.083126,-0.042236,-0.221939,-0.290135,0.492741,-0.378700,-0.343049,-0.281526,0.226703
0.717658,-3.410007,0.710433,0.018180,-0.063222,-0.972712,0.222492,-0.659608,0.070249,0.014339,0.648427,-0.399999,-0.261800,0.172073,0.156220,0.085270,1.064927,-0.101458,-0.029569,0.133457,0.034746,0.089390,0.475887,0.377415,-0.124904,-0.538202,0.284307,-0.087384,-0.040353,-0.197703,-0.301800,0.490352,-0.376432,-0.370979,-0.293299,0.220005
0.703228,-3.417971,0.709079,0.018819,-0.063291,-0.972421,0.223691,-0.655809,0.057394,-0.002927,0.656059,-0.386419,-0.261800,0.166535,0.137546,0.061315,1.100612,-0.094415,-0.012715,0.125733,0.031789,0.085634,0.441263,0.382521,-0.131888,-0.524561,0.283223,-0.093203,-0.038174,-0.171628,-0.314488,0.486179,-0.371796,-0.404603,-0.302816,0.206932
0.689613,-3.425634,0.707699,0.019277,-0.064142,-0.972022,0.225141,-0.651783,0.042967,-0.019836,0.671513,-0.370080,-0.261800,0.158289,0.111027,0.031321,1.142876,-0.096137,-0.003616,0.116557,0.027333,0.083274,0.402755,0.388492,-0.140825,-0.508659,0.280325,-0.099329,-0.035088,-0.144002,-0.327865,0.479128,-0.365082,-0.441432,-0.310966,0.191625
0.676414,-3.433150,0.706040,0.018839,-0.065967,-0.971603,0.226453,-0.646958,0.028317,-0.032823,0.694338,-0.353894,-0.261800,0.148721,0.077175,-0.001115,1.191553,-0.105062,-0.005004,0.106271,0.021652,0.083858,0.362165,0.395017,-0.151317,-0.490939,0.276365,-0.104517,-0.030511,-0.115205,-0.341478,0.468123,-0.356504,-0.478943,-0.318958,0.178247
0.663060,-3.441015,0.703612,0.017126,-0.068992,-0.971145,0.227650,-0.641375,0.012552,-0.040979,0.726773,-0.333030,-0.261800,0.139609,0.031255,-0.039564,1.248278,-0.124447,-0.020549,0.094272,0.014543,0.087925,0.320055,0.401646,-0.163161,-0.471357,0.269838,-0.108671,-0.023743,-0.086132,-0.354971,0.453007,-0.343937,-0.516868,-0.327195,0.167720
0.649881,-3.448997,0.700726,0.014517,-0.073126,-0.970601,0.228856,-0.634951,-0.004311,-0.045357,0.767893,-0.307685,-0.261800,0.131791,-0.026241,-0.082858,1.312148,-0.154938,-0.047755,0.080387,0.005776,0.094680,0.275725,0.408144,-0.176292,-0.449946,0.260971,-0.112471,-0.015353,-0.056604,-0.368023,0.434594,-0.327476,-0.556399,-0.335018,0.157873
0.636747,-3.456837,0.697399,0.011470,-0.078012,-0.970029,0.229840,-0.627163,-0.019860,-0.046078,0.812406,-0.288263,-0.261800,0.123682,-0.085850,-0.121106,1.379113,-0.190560,-0.079702,0.065633,-0.004296,0.103551,0.229062,0.414657,-0.190542,-0.427322,0.253092,-0.115774,-0.006584,-0.025435,-0.380155,0.413209,-0.310683,-0.597240,-0.342305,0.148267
0.623720,-3.464419,0.693947,0.008499,-0.083242,-0.969498,0.230375,-0.617515,-0.032531,-0.044310,0.854789,-0.285116,-0.261800,0.111622,-0.137615,-0.145670,1.445257,-0.224225,-0.109640,0.051131,-0.015267,0.113842,0.179888,0.421565,-0.205886,-0.404117,0.249430,-0.118319,0.001455,0.008510,-0.390815,0.389092,-0.297014,-0.639103,-0.348950,0.138515
0.611059,-3.471534,0.690891,0.005260,-0.089205,-0.968955,0.230524,-0.605850,-0.042891,-0.040238,0.896344,-0.304593,-0.261800,0.093923,-0.179412,-0.154646,1.511809,-0.254706,-0.138691,0.036827,-0.027900,0.127090,0.126893,0.429291,-0.222538,-0.379007,0.249836,-0.119438,0.008885,0.045496,-0.399261,0.361266,-0.285992,-0.685838,-0.355235,0.127694
0.598400,-3.478072,0.687937,0.001656,-0.095859,-0.968383,0.230312,-0.592675,-0.052155,-0.033480,0.938853,-0.339428,-0.261800,0.071354,-0.214874,-0.153119,1.579912,-0.284805,-0.168957,0.022289,-0.042308,0.142855,0.070993,0.437753,-0.240140,-0.352726,0.252704,-0.119343,0.016430,0.084091,-0.405036,0.330288,-0.275243,-0.736358,-0.361086,0.116358
0.585642,-3.484167,0.685128,-0.001336,-0.102559,-0.967870,0.229581,-0.578316,-0.060709,-0.023704,0.977422,-0.379590,-0.257204,0.042912,-0.243829,-0.143395,1.646027,-0.312994,-0.194955,0.007610,-0.057674,0.157523,0.015229,0.446461,-0.257873,-0.328566,0.259218,-0.119062,0.023730,0.122816,-0.408319,0.298824,-0.265423,-0.782974,-0.366066,0.106460
0.573038,-3.490302,0.682656,-0.002682,-0.108951,-0.967465,0.228329,-0.562689,-0.069791,-0.010347,1.006865,-0.415487,-0.237859,0.007687,-0.267379,-0.127161,1.706827,-0.338061,-0.210929,-0.007532,-0.073461,0.167530,-0.037667,0.454784,-0.275141,-0.309522,0.270699,-0.119656,0.030210,0.160718,-0.409855,0.269449,-0.257759,-0.817929,-0.369979,0.100001
0.560415,-3.496381,0.680441,-0.001941,-0.112752,-0.967580,0.225989,-0.548084,-0.072662,0.000951,1.029609,-0.449073,-0.229220,-0.037677,-0.279648,-0.104623,1.762212,-0.357945,-0.216157,-0.022311,-0.085072,0.170981,-0.088305,0.462637,-0.293019,-0.294989,0.293016,-0.121277,0.036227,0.198203,-0.410401,0.241937,-0.253469,-0.838294,-0.373113,0.098850
0.547721,-3.502190,0.678488,0.000304,-0.114924,-0.968068,0.222795,-0.533728,-0.070716,0.011929,1.047550,-0.484450,-0.226053,-0.091741,-0.281527,-0.075180,1.813986,-0.373730,-0.212651,-0.037053,-0.093901,0.170206,-0.138127,0.469959,-0.311751,-0.283529,0.323704,-0.123309,0.041826,0.236174,-0.410218,0.215098,-0.252416,-0.848294,-0.375704,0.101618
0.535003,-3.508020,0.676904,0.003059,-0.116083,-0.968794,0.218982,-0.517909,-0.066094,0.022318,1.060995,-0.519240,-0.225435,-0.149428,-0.276476,-0.044003,1.860169,-0.387425,-0.205177,-0.051961,-0.100800,0.167383,-0.185737,0.476126,-0.329472,-0.276346,0.351782,-0.125872,0.045770,0.274466,-0.409433,0.190116,-0.253851,-0.851038,-0.377503,0.105368
0.522188,-3.513689,0.675657,0.005325,-0.116871,-0.969626,0.214797,-0.498926,-0.061173,0.031714,1.070183,-0.550993,-0.224468,-0.206063,-0.268707,-0.015440,1.898653,-0.400841,-0.198433,-0.067403,-0.106738,0.164545,-0.229715,0.480432,-0.343955,-0.274281,0.366449,-0.129336,0.046607,0.312467,-0.408206,0.168479,-0.256604,-0.849742,-0.378156,0.107116
0.509333,-3.519187,0.674783,0.006901,-0.117485,-0.970580,0.210057,-0.476142,-0.056330,0.040158,1.075108,-0.579869,-0.222893,-0.262171,-0.258063,0.011788,1.929545,-0.414283,-0.192080,-0.083045,-0.112001,0.162135,-0.270267,0.482484,-0.354685,-0.278251,0.360939,-0.134397,0.042554,0.350750,-0.407058,0.150546,-0.261963,-0.842973,-0.377088,0.106124
0.496191,-3.524344,0.674563,0.008278,-0.117634,-0.971687,0.204737,-0.450408,-0.050238,0.047779,1.075637,-0.606912,-0.222398,-0.319460,-0.242994,0.038777,1.953738,-0.426663,-0.184409,-0.098743,-0.115928,0.159190,-0.308477,0.482362,-0.362981,-0.286726,0.342490,-0.140741,0.034603,0.389782,-0.406313,0.135357,-0.270405,-0.829666,-0.374546,0.103904
0.482954,-3.529204,0.674990,0.009502,-0.117222,-0.972853,0.199312,-0.422311,-0.042945,0.054294,1.071666,-0.630880,-0.222882,-0.375782,-0.226580,0.061739,1.970101,-0.437377,-0.178134,-0.115063,-0.118290,0.155496,-0.344231,0.480291,-0.369417,-0.296724,0.321413,-0.147305,0.025514,0.428623,-0.405641,0.122420,-0.279292,-0.813744,-0.371462,0.100884
0.469657,-3.533612,0.675961,0.010627,-0.116153,-0.973992,0.194256,-0.392494,-0.034600,0.059500,1.063106,-0.650518,-0.224063,-0.429321,-0.212065,0.077129,1.977465,-0.445771,-0.175978,-0.132601,-0.119018,0.150775,-0.377012,0.476617,-0.374553,-0.305612,0.308298,-0.153236,0.018167,0.465987,-0.404387,0.111407,-0.285577,-0.799337,-0.368818,0.097540
0.456068,-3.537499,0.677452,0.011773,-0.114193,-0.975094,0.189771,-0.360886,-0.024786,0.063330,1.048676,-0.666713,-0.226039,-0.481092,-0.200891,0.083260,1.975381,-0.451790,-0.179288,-0.151641,-0.117839,0.144628,-0.407458,0.471607,-0.378389,-0.312532,0.305203,-0.158905,0.012964,0.502088,-0.401956,0.102551,-0.288436,-0.786963,-0.366536,0.093114
0.442225,-3.540935,0.679478,0.012857,-0.111470,-0.976198,0.185598,-0.327305,-0.013583,0.066110,1.028840,-0.679698,-0.229007,-0.531552,-0.191769,0.082180,1.964314,-0.455856,-0.186382,-0.171531,-0.115161,0.137455,-0.435747,0.465360,-0.381209,-0.318900,0.306864,-0.164601,0.008634,0.537542,-0.398344,0.095759,-0.289481,-0.774904,-0.364362,0.087731
0.428055,-3.544200,0.682020,0.013645,-0.108341,-0.977310,0.181495,-0.292229,-0.001845,0.068132,1.006115,-0.687272,-0.232594,-0.578118,-0.183862,0.075998,1.944567,-0.458160,-0.195425,-0.191437,-0.111713,0.130074,-0.461366,0.458096,-0.383877,-0.324903,0.312300,-0.169518,0.005570,0.571725,-0.393846,0.090245,-0.289402,-0.763845,-0.362893,0.083236
0.413577,-3.547238,0.685055,0.013918,-0.105179,-0.978438,0.177207,-0.256126,0.009612,0.069557,0.983076,-0.687348,-0.236278,-0.618261,-0.176182,0.066956,1.916534,-0.458890,-0.204589,-0.210606,-0.108197,0.123258,-0.483637,0.450079,-0.387064,-0.330893,0.320444,-0.172825,0.004143,0.603951,-0.388878,0.085234,-0.288862,-0.754396,-0.362667,0.081458
0.398706,-3.550151,0.688581,0.013465,-0.101930,-0.979611,0.172603,-0.217687,0.021091,0.070762,0.958697,-0.679861,-0.239649,-0.651063,-0.169305,0.054220,1.879448,-0.458259,-0.214296,-0.229065,-0.104528,0.117495,-0.501815,0.441361,-0.390449,-0.337197,0.334135,-0.173755,0.005426,0.633758,-0.383884,0.080889,-0.287846,-0.747633,-0.364269,0.084190
0.383636,-3.552829,0.692501,0.012467,-0.098370,-0.980820,0.167809,-0.177282,0.033064,0.071520,0.932334,-0.665845,-0.242937,-0.677503,-0.163182,0.036819,1.833363,-0.456590,-0.224804,-0.247283,-0.100210,0.112307,-0.516054,0.431953,-0.393536,-0.343928,0.352849,-0.172849,0.008870,0.661641,-0.378970,0.077532,-0.286198,-0.742772,-0.367157,0.089988
0.368258,-3.555254,0.696607,0.011303,-0.094653,-0.982017,0.162957,-0.137827,0.044884,0.070970,0.907099,-0.644950,-0.246277,-0.698185,-0.155786,0.017145,1.779946,-0.453983,-0.234236,-0.265100,-0.095415,0.106978,-0.527114,0.422155,-0.396702,-0.351051,0.370347,-0.171286,0.012409,0.688245,-0.373874,0.074623,-0.284257,-0.737676,-0.370199,0.095862
0.352457,-3.557487,0.700932,0.010354,-0.090976,-0.983154,0.158190,-0.102176,0.055806,0.068150,0.886128,-0.616799,-0.249665,-0.714079,-0.145434,-0.001707,1.720795,-0.450308,-0.240658,-0.282285,-0.090470,0.100829,-0.535838,0.412446,-0.400428,-0.358528,0.380332,-0.170352,0.014074,0.714155,-0.368046,0.071650,-0.282383,-0.730323,-0.372327,0.098849
0.336412,-3.559482,0.705343,0.009639,-0.087155,-0.984255,0.153472,-0.070567,0.065892,0.062142,0.870026,-0.579546,-0.253215,-0.725064,-0.131536,-0.019744,1.654442,-0.444849,-0.246153,-0.298796,-0.085194,0.093980,-0.541969,0.403174,-0.405243,-0.367284,0.380264,-0.170047,0.013528,0.739341,-0.360966,0.068490,-0.280354,-0.721248,-0.373667,0.097832
0.320262,-3.561265,0.709762,0.009001,-0.083203,-0.985329,0.148738,-0.041691,0.075371,0.053523,0.857398,-0.534063,-0.256732,-0.730866,-0.115028,-0.038000,1.580560,-0.437966,-0.251098,-0.314395,-0.079653,0.086740,-0.545740,0.394637,-0.410866,-0.376890,0.373055,-0.169812,0.011769,0.763594,-0.352499,0.065285,-0.278044,-0.711388,-0.374784,0.094565
0.303877,-3.562856,0.714167,0.008538,-0.079579,-0.986318,0.144119,-0.015829,0.083518,0.043523,0.848023,-0.483974,-0.259885,-0.732575,-0.096976,-0.054750,1.502313,-0.430763,-0.251571,-0.329266,-0.074834,0.078922,-0.546753,0.386715,-0.416713,-0.386842,0.362636,-0.170027,0.009122,0.786471,-0.342861,0.062478,-0.275704,-0.699346,-0.375312,0.090392
0.287548,-3.564289,0.718394,0.008345,-0.076768,-0.987170,0.139761,0.006808,0.089490,0.033473,0.841607,-0.432754,-0.261800,-0.731400,-0.078703,-0.068255,1.422717,-0.424144,-0.243848,-0.343329,-0.071505,0.070129,-0.545753,0.379400,-0.421970,-0.395661,0.351855,-0.171171,0.005702,0.808039,-0.332425,0.060152,-0.273791,-0.683609,-0.374820,0.086603
0.271081,-3.565609,0.722368,0.008788,-0.074978,-0.987855,0.135810,0.025376,0.092075,0.022927,0.837193,-0.377528,-0.261800,-0.727519,-0.060034,-0.076900,1.338971,-0.417032,-0.225005,-0.357453,-0.069993,0.059622,-0.541416,0.372385,-0.426760,-0.404177,0.341118,-0.173535,0.001243,0.828008,-0.321444,0.059073,-0.272388,-0.662421,-0.372475,0.082471
0.254422,-3.567021,0.725963,0.009672,-0.073848,-0.988428,0.132151,0.040445,0.092200,0.011409,0.835201,-0.317584,-0.261800,-0.720319,-0.040869,-0.081751,1.249959,-0.409054,-0.198480,-0.371277,-0.069432,0.047747,-0.534540,0.365817,-0.431146,-0.412200,0.328377,-0.176829,-0.004412,0.846718,-0.309940,0.058756,-0.271401,-0.636906,-0.368752,0.077526
0.237732,-3.568434,0.729206,0.010381,-0.073795,-0.988880,0.128695,0.054127,0.089969,0.000653,0.836251,-0.258855,-0.261800,-0.710515,-0.024066,-0.083849,1.162289,-0.402464,-0.169428,-0.384423,-0.070725,0.035576,-0.525362,0.359606,-0.434812,-0.419534,0.316548,-0.180477,-0.010424,0.864006,-0.298165,0.058330,-0.270829,-0.610010,-0.365100,0.073566
0.220918,-3.569923,0.732106,0.010294,-0.075146,-0.989211,0.125332,0.068422,0.085814,-0.007577,0.841043,-0.207364,-0.261800,-0.699037,-0.012028,-0.084758,1.083055,-0.399512,-0.142717,-0.396451,-0.074584,0.024149,-0.514297,0.353542,-0.437396,-0.425766,0.308446,-0.183985,-0.015962,0.879785,-0.286526,0.056834,-0.270689,-0.584585,-0.362832,0.072472
0.203806,-3.571472,0.734556,0.008978,-0.078497,-0.989358,0.122182,0.084909,0.078754,-0.012651,0.849039,-0.163202,-0.261800,-0.685203,-0.005338,-0.083563,1.013060,-0.401328,-0.116445,-0.407913,-0.082282,0.013428,-0.500701,0.347415,-0.438558,-0.431084,0.305528,-0.187484,-0.021381,0.894604,-0.275304,0.054003,-0.271383,-0.560350,-0.362465,0.075323
0.186676,-3.573019,0.736379,0.006853,-0.083466,-0.989326,0.119249,0.102146,0.069012,-0.015499,0.859967,-0.123525,-0.261800,-0.669091,-0.002844,-0.080371,0.949110,-0.406561,-0.089175,-0.419022,-0.092931,0.002803,-0.484532,0.341136,-0.438533,-0.435535,0.306231,-0.191217,-0.026948,0.908336,-0.264554,0.050352,-0.272818,-0.535969,-0.363022,0.080957
0.169591,-3.574578,0.737647,0.004580,-0.088812,-0.989234,0.116224,0.117398,0.059090,-0.016872,0.875333,-0.090149,-0.261800,-0.653009,-0.003482,-0.078582,0.892748,-0.413659,-0.065818,-0.428673,-0.103876,-0.007440,-0.467371,0.334709,-0.437770,-0.438373,0.308626,-0.194884,-0.031696,0.919941,-0.254296,0.046060,-0.274296,-0.512715,-0.363568,0.087900
0.152594,-3.576128,0.738382,0.002825,-0.093281,-0.989226,0.112797,0.127978,0.051452,-0.017646,0.896658,-0.064931,-0.261800,-0.639230,-0.005706,-0.081415,0.845604,-0.420864,-0.050883,-0.435752,-0.112497,-0.016852,-0.450494,0.328114,-0.436800,-0.439044,0.311065,-0.198148,-0.034625,0.928311,-0.244545,0.041330,-0.275072,-0.491930,-0.363262,0.094639
0.135704,-3.577655,0.738554,0.001796,-0.096660,-0.989331,0.108982,0.132798,0.045847,-0.019325,0.925500,-0.048715,-0.261800,-0.628659,-0.009755,-0.090368,0.809536,-0.429840,-0.046774,-0.440173,-0.118272,-0.025745,-0.433900,0.321292,-0.435583,-0.437478,0.313398,-0.200796,-0.035072,0.933514,-0.235249,0.035510,-0.274949,-0.473174,-0.362034,0.102349
0.119141,-3.579005,0.738046,0.001156,-0.099488,-0.989494,0.104892,0.133418,0.041304,-0.021475,0.960725,-0.040366,-0.261800,-0.620082,-0.015439,-0.103624,0.783461,-0.440918,-0.050103,-0.442360,-0.122466,-0.034090,-0.417038,0.314161,-0.434061,-0.433917,0.316484,-0.203047,-0.033677,0.936016,-0.226404,0.028642,-0.274290,-0.456038,-0.360273,0.111293
0.102966,-3.580286,0.736918,0.000779,-0.101932,-0.989713,0.100384,0.131213,0.038958,-0.021157,0.999563,-0.038780,-0.260006,-0.612945,-0.021258,-0.118749,0.765391,-0.450758,-0.056696,-0.441906,-0.125652,-0.041139,-0.400703,0.306769,-0.432571,-0.427993,0.319876,-0.205212,-0.031445,0.935442,-0.218155,0.021849,-0.273212,-0.441926,-0.357965,0.118568
0.087118,-3.581841,0.735306,0.000518,-0.104240,-0.989973,0.095328,0.127459,0.040881,-0.013391,1.039463,-0.042914,-0.249302,-0.606874,-0.026196,-0.133202,0.753605,-0.455976,-0.062595,-0.438466,-0.128500,-0.046184,-0.385570,0.299284,-0.431328,-0.419462,0.323094,-0.207610,-0.029377,0.931473,-0.210763,0.016227,-0.271891,-0.432207,-0.355179,0.121282
0.071478,-3.583500,0.733011,0.000313,-0.105366,-0.990392,0.089559,0.122700,0.047933,-0.001836,1.081291,-0.055608,-0.245721,-0.599507,-0.028550,-0.150296,0.742187,-0.453581,-0.061678,-0.431579,-0.129170,-0.048205,-0.371238,0.291741,-0.430142,-0.408566,0.326018,-0.209946,-0.027705,0.923687,-0.204449,0.012086,-0.269805,-0.429683,-0.352003,0.116935
0.056060,-3.585149,0.730183,0.000245,-0.105565,-0.990927,0.083186,0.116317,0.059319,0.012868,1.126165,-0.076620,-0.245849,-0.591908,-0.029458,-0.169912,0.734079,-0.446153,-0.057945,-0.421691,-0.127990,-0.047941,-0.357323,0.284183,-0.428786,-0.395491,0.328875,-0.212179,-0.025900,0.912385,-0.199301,0.008828,-0.267066,-0.432689,-0.348411,0.107654
0.041063,-3.586473,0.727176,0.000120,-0.104765,-0.991573,0.076210,0.107797,0.074874,0.028674,1.174165,-0.102230,-0.245622,-0.586490,-0.027281,-0.188064,0.736221,-0.436478,-0.064097,-0.409148,-0.124963,-0.045284,-0.344354,0.276874,-0.427297,-0.380172,0.331774,-0.214995,-0.023767,0.898218,-0.195362,0.006253,-0.264787,-0.435905,-0.344356,0.097465
0.026509,-3.587511,0.723834,-0.000264,-0.102908,-0.992320,0.068641,0.096654,0.094271,0.043377,1.225177,-0.128612,-0.241079,-0.585654,-0.020653,-0.201191,0.755341,-0.426991,-0.092700,-0.394340,-0.120090,-0.040095,-0.332777,0.270240,-0.425674,-0.362677,0.334780,-0.219066,-0.021072,0.881765,-0.192660,0.004189,-0.264067,-0.434066,-0.339892,0.090370
0.012175,-3.588674,0.719932,-0.000803,-0.100101,-0.993141,0.060417,0.082740,0.117440,0.057346,1.279864,-0.155124,-0.232248,-0.593492,-0.009776,-0.208245,0.800417,-0.412697,-0.159507,-0.377302,-0.113300,-0.032757,-0.323120,0.264752,-0.423663,-0.342882,0.336883,-0.225086,-0.018480,0.863066,-0.191014,0.002609,-0.265235,-0.424585,-0.334863,0.087704
-0.002298,-3.590045,0.715233,-0.001525,-0.096499,-0.993992,0.051637,0.066821,0.144066,0.070993,1.337793,-0.183594,-0.220962,-0.607143,0.004113,-0.214500,0.863105,-0.389498,-0.252768,-0.358226,-0.104869,-0.023254,-0.314561,0.260593,-0.421189,-0.321385,0.338290,-0.232492,-0.015779,0.841720,-0.190356,0.001785,-0.267687,-0.410724,-0.329312,0.087192
-0.016404,-3.591963,0.710539,-0.003575,-0.097415,-0.994193,0.045581,0.049978,0.160275,0.083021,1.393735,-0.210435,-0.199980,-0.620987,0.001708,-0.208710,0.937538,-0.371813,-0.261800,-0.343941,-0.105167,-0.012989,-0.305560,0.257624,-0.418437,-0.299272,0.340988,-0.240112,-0.011353,0.817138,-0.191046,0.001930,-0.270658,-0.395981,-0.323654,0.087383
-0.030146,-3.593292,0.705555,-0.006196,-0.095722,-0.994641,0.038577,0.031349,0.182201,0.090911,1.450572,-0.240184,-0.175340,-0.625812,0.011871,-0.203516,0.993456,-0.364533,-0.261800,-0.327392,-0.101358,0.001441,-0.294679,0.255594,-0.415445,-0.277337,0.346960,-0.246726,-0.003757,0.789354,-0.193567,0.003629,-0.274022,-0.383674,-0.318229,0.086810
-0.043704,-3.593966,0.700557,-0.009501,-0.088909,-0.995559,0.029442,0.011183,0.215886,0.092556,1.510543,-0.275886,-0.147649,-0.618268,0.038604,-0.205337,1.027740,-0.377890,-0.261800,-0.306529,-0.088863,0.022074,-0.282151,0.254323,-0.412012,-0.254391,0.359517,-0.252630,0.008532,0.757550,-0.198473,0.007254,-0.277476,-0.374414,-0.313644,0.085083
-0.057218,-3.594187,0.695926,-0.013359,-0.078514,-0.996646,0.018809,-0.010870,0.257433,0.088524,1.572844,-0.315917,-0.117105,-0.602296,0.075162,-0.209868,1.052065,-0.406813,-0.261800,-0.283303,-0.069716,0.047007,-0.268361,0.253856,-0.407597,-0.230357,0.376816,-0.258121,0.024327,0.721406,-0.205712,0.013011,-0.280900,-0.366213,-0.309444,0.082829
-0.070571,-3.594413,0.691567,-0.017079,-0.067344,-0.997553,0.007878,-0.036486,0.298907,0.080131,1.633290,-0.355084,-0.085016,-0.581481,0.112595,-0.212990,1.070880,-0.441760,-0.261800,-0.260582,-0.048380,0.072054,-0.252227,0.254317,-0.402009,-0.207799,0.393034,-0.262095,0.041023,0.681652,-0.214655,0.020856,-0.284242,-0.358642,-0.304525,0.080217
-0.083632,-3.594638,0.687599,0.019934,0.058162,0.998106,0.002164,-0.067653,0.332978,0.069454,1.688171,-0.388582,-0.052081,-0.560354,0.143512,-0.212693,1.087584,-0.473320,-0.261800,-0.240434,-0.029641,0.093485,-0.232736,0.255802,-0.395435,-0.189321,0.402229,-0.263672,0.055963,0.639436,-0.224400,0.030523,-0.287699,-0.351422,-0.297829,0.077512
-0.096660,-3.594979,0.684211,0.021525,0.051557,0.998374,0.011297,-0.106292,0.359051,0.057355,1.738124,-0.414799,-0.015715,-0.540243,0.167805,-0.209920,1.101303,-0.500003,-0.261800,-0.222244,-0.014947,0.110699,-0.209765,0.258275,-0.388382,-0.174047,0.400710,-0.261766,0.070060,0.594349,-0.234538,0.042576,-0.291067,-0.346302,-0.287922,0.073392
-0.109862,-3.595309,0.681505,0.022334,0.046125,0.998485,0.020028,-0.151380,0.380550,0.042867,1.784749,-0.436729,0.024209,-0.519152,0.189718,-0.206417,1.110305,-0.526067,-0.261800,-0.204834,-0.002127,0.125813,-0.183915,0.261710,-0.380859,-0.161022,0.392194,-0.257341,0.084169,0.546063,-0.244836,0.057114,-0.294368,-0.342895,-0.275774,0.068272
-0.123221,-3.595496,0.679278,0.022926,0.041709,0.998472,0.028066,-0.200149,0.396337,0.026528,1.825701,-0.456167,0.063356,-0.496787,0.209111,-0.202370,1.116057,-0.550931,-0.261800,-0.188590,0.009090,0.139432,-0.155504,0.266144,-0.372673,-0.152554,0.381847,-0.252669,0.095571,0.496357,-0.254629,0.072779,-0.298438,-0.337953,-0.263964,0.065089
-0.136675,-3.595336,0.677482,0.023870,0.038165,0.998368,0.035128,-0.249592,0.405185,0.008976,1.858631,-0.474455,0.096897,-0.472584,0.225497,-0.197522,1.120138,-0.574191,-0.261800,-0.173646,0.018923,0.152189,-0.125122,0.271618,-0.363942,-0.150829,0.374871,-0.249792,0.101496,0.447221,-0.263137,0.087871,-0.304118,-0.328519,-0.255123,0.066818
-0.150058,-3.594942,0.676045,0.025646,0.035582,0.998210,0.040661,-0.299605,0.405805,-0.010090,1.883974,-0.491922,0.124682,-0.445314,0.237754,-0.192060,1.123141,-0.596650,-0.261800,-0.160562,0.026974,0.164915,-0.092764,0.278201,-0.355013,-0.156977,0.373764,-0.249304,0.100618,0.398936,-0.269698,0.101535,-0.311927,-0.312291,-0.250408,0.076104
-0.163065,-3.594365,0.674896,0.027871,0.034018,0.998021,0.044954,-0.350871,0.398803,-0.029695,1.902530,-0.507351,0.148701,-0.415322,0.246392,-0.186106,1.124074,-0.618371,-0.261800,-0.148497,0.032901,0.177168,-0.058646,0.285858,-0.346210,-0.169226,0.375401,-0.249988,0.094633,0.350674,-0.274258,0.114539,-0.321010,-0.291770,-0.248147,0.090941
-0.176030,-3.593719,0.674214,0.029807,0.033274,0.997796,0.049068,-0.401593,0.386233,-0.047471,1.912814,-0.519657,0.167040,-0.384582,0.253107,-0.178886,1.122714,-0.638056,-0.261800,-0.135508,0.037175,0.187613,-0.023542,0.294363,-0.337438,-0.185498,0.376561,-0.251101,0.085251,0.302714,-0.277256,0.127572,-0.330166,-0.271149,-0.246807,0.107284
-0.188965,-3.593047,0.674026,0.030719,0.033134,0.997514,0.054069,-0.450150,0.370533,-0.061459,1.913307,-0.527808,0.177768,-0.355066,0.259369,-0.169469,1.118894,-0.654307,-0.261800,-0.119813,0.040444,0.194906,0.011863,0.303315,-0.328492,-0.203776,0.374039,-0.251872,0.074171,0.255420,-0.279371,0.141252,-0.338496,-0.254491,-0.245072,0.120998
-0.201992,-3.592227,0.674354,0.030355,0.033600,0.997151,0.060327,-0.496569,0.351559,-0.071394,1.903024,-0.531010,0.177177,-0.327120,0.265038,-0.157316,1.112322,-0.667266,-0.261800,-0.100650,0.042913,0.198408,0.047659,0.312339,-0.319602,-0.224719,0.366208,-0.252234,0.060086,0.208143,-0.281221,0.156051,-0.346124,-0.242879,-0.242789,0.130546
-0.215185,-3.591199,0.675225,0.029141,0.034733,0.996703,0.067282,-0.541061,0.329052,-0.078093,1.882753,-0.530043,0.167279,-0.299644,0.269218,-0.142836,1.103244,-0.677515,-0.261800,-0.079234,0.044478,0.198961,0.084344,0.321210,-0.310484,-0.249060,0.355072,-0.252433,0.042628,0.160974,-0.282933,0.171618,-0.353541,-0.233883,-0.240675,0.138168
-0.228436,-3.589825,0.676612,0.027345,0.036413,0.996173,0.074598,-0.582584,0.305394,-0.081656,1.853708,-0.526421,0.154762,-0.272527,0.272187,-0.126439,1.092418,-0.684436,-0.261800,-0.056624,0.045268,0.197445,0.121625,0.329726,-0.300380,-0.274682,0.342884,-0.252220,0.024932,0.115654,-0.284308,0.187050,-0.360736,-0.226370,-0.238880,0.145417
-0.241913,-3.588052,0.678400,0.025224,0.038535,0.995574,0.081923,-0.620178,0.282713,-0.082252,1.817159,-0.521634,0.146220,-0.245699,0.274229,-0.108574,1.080598,-0.687430,-0.261800,-0.033756,0.045294,0.194721,0.159001,0.337742,-0.288714,-0.299297,0.331951,-0.251448,0.010124,0.074011,-0.285016,0.201280,-0.367667,-0.219331,-0.237532,0.153910
-0.255605,-3.586003,0.680613,0.022605,0.041188,0.994892,0.089340,-0.654324,0.261432,-0.079539,1.772738,-0.515625,0.144902,-0.219287,0.275429,-0.088544,1.067282,-0.686829,-0.261800,-0.010106,0.044341,0.190533,0.196333,0.345228,-0.275346,-0.322533,0.322900,-0.250264,-0.001288,0.035993,-0.284878,0.213633,-0.374242,-0.212930,-0.237088,0.164879
-0.269496,-3.583778,0.683158,0.019407,0.044388,0.994107,0.096971,-0.685097,0.240661,-0.073668,1.719976,-0.508231,0.146843,-0.193618,0.275624,-0.066237,1.052462,-0.682727,-0.261800,0.014720,0.042188,0.184601,0.233619,0.352148,-0.260876,-0.345231,0.314563,-0.248731,-0.010852,0.000905,-0.284001,0.224547,-0.380519,-0.207712,-0.237376,0.177335
-0.283875,-3.581451,0.685946,0.016031,0.047925,0.993242,0.104486,-0.711120,0.220252,-0.065924,1.659887,-0.500374,0.147442,-0.168639,0.274275,-0.043687,1.037483,-0.674592,-0.261800,0.039568,0.038902,0.177732,0.270455,0.358399,-0.245839,-0.366713,0.306568,-0.246691,-0.018531,-0.030387,-0.282569,0.234615,-0.386560,-0.203272,-0.237544,0.189542
-0.298474,-3.578807,0.689020,0.012884,0.051583,0.992333,0.111568,-0.731132,0.200115,-0.057665,1.593283,-0.492757,0.142162,-0.144216,0.271160,-0.022622,1.023607,-0.661575,-0.261800,0.063257,0.034696,0.170726,0.306441,0.363864,-0.230702,-0.386318,0.298580,-0.243983,-0.024308,-0.057012,-0.280812,0.244488,-0.392416,-0.199203,-0.236732,0.199734
-0.313452,-3.576033,0.692311,0.009916,0.055650,0.991394,0.118082,-0.744631,0.179850,-0.048477,1.517721,-0.485324,0.131080,-0.120219,0.265456,-0.003278,1.010811,-0.643354,-0.261800,0.085727,0.029057,0.163546,0.341561,0.368533,-0.215086,-0.403960,0.291107,-0.240550,-0.028229,-0.078446,-0.278909,0.254031,-0.398391,-0.195517,-0.234240,0.207355
-0.328554,-3.572943,0.695633,0.006956,0.060103,0.990410,0.124204,-0.752341,0.159649,-0.038215,1.433236,-0.477573,0.116209,-0.096730,0.257653,0.015059,0.998352,-0.620339,-0.261800,0.107396,0.022118,0.155959,0.376068,0.372436,-0.198883,-0.420029,0.284172,-0.236536,-0.030315,-0.095220,-0.276987,0.263038,-0.404443,-0.192385,-0.230683,0.213337
-0.343895,-3.569759,0.699023,0.004236,0.064230,0.989410,0.130091,-0.755101,0.140381,-0.028616,1.344309,-0.469401,0.096176,-0.073787,0.249570,0.032005,0.986656,-0.592880,-0.261800,0.127824,0.015247,0.148397,0.409869,0.375548,-0.182877,-0.434663,0.276736,-0.232088,-0.030519,-0.108023,-0.275196,0.272100,-0.410170,-0.189645,-0.227159,0.218139
-0.359483,-3.566418,0.702432,0.001995,0.067348,0.988428,0.135908,-0.753892,0.122992,-0.021369,1.255466,-0.460552,0.069723,-0.051243,0.242986,0.047296,0.975969,-0.561303,-0.261800,0.146616,0.009846,0.141235,0.442790,0.377809,-0.167806,-0.447933,0.267790,-0.227355,-0.028792,-0.117545,-0.273688,0.281789,-0.415191,-0.187097,-0.224757,0.222215
-0.375261,-3.562952,0.705653,0.000468,0.069529,0.987463,0.141711,-0.747067,0.107736,-0.015512,1.162983,-0.449395,0.034521,-0.028425,0.237596,0.060853,0.966087,-0.524511,-0.261800,0.164050,0.005847,0.134840,0.475469,0.379099,-0.153587,-0.459765,0.256305,-0.221904,-0.023640,-0.123282,-0.272706,0.292284,-0.419655,-0.184431,-0.223896,0.224887
-0.391280,-3.559283,0.708639,-0.000510,0.071019,0.986516,0.147451,-0.734617,0.094245,-0.010709,1.065142,-0.435962,-0.007865,-0.005346,0.232887,0.072873,0.956756,-0.482590,-0.261800,0.179990,0.002742,0.129011,0.508219,0.379505,-0.139360,-0.470683,0.242999,-0.215935,-0.015640,-0.125246,-0.272223,0.303562,-0.423763,-0.181820,-0.223929,0.226075
-0.407579,-3.555327,0.711320,-0.001291,0.071451,0.985621,0.153115,-0.720144,0.082724,-0.009409,0.969888,-0.422799,-0.052699,0.017258,0.230036,0.083354,0.948037,-0.437692,-0.261800,0.194253,0.001444,0.123099,0.538904,0.379171,-0.125955,-0.480505,0.229852,-0.210429,-0.007712,-0.124297,-0.272316,0.314868,-0.427470,-0.179725,-0.224381,0.227432
-0.424034,-3.550992,0.713504,-0.002240,0.070502,0.984812,0.158653,-0.707633,0.073589,-0.013911,0.886222,-0.413063,-0.095194,0.038614,0.229982,0.092090,0.940064,-0.392149,-0.261800,0.206299,0.002646,0.116461,0.565962,0.378422,-0.113803,-0.489460,0.218718,-0.206287,-0.002846,-0.121541,-0.272912,0.325814,-0.430677,-0.178624,-0.224762,0.230512
-0.440366,-3.546442,0.715178,-0.003493,0.067746,0.984107,0.164107,-0.698463,0.066671,-0.027244,0.815758,-0.408376,-0.138711,0.058979,0.233895,0.099103,0.931861,-0.344807,-0.261800,0.216282,0.007070,0.108500,0.590318,0.377430,-0.102780,-0.497949,0.209468,-0.203308,-0.002273,-0.116797,-0.274028,0.336380,-0.433455,-0.179488,-0.224884,0.236113
-0.456642,-3.541703,0.716357,-0.004859,0.063497,0.983477,0.169461,-0.690865,0.062431,-0.047062,0.754921,-0.407662,-0.183941,0.078789,0.240589,0.103908,0.923536,-0.295315,-0.261800,0.224408,0.014061,0.099683,0.612495,0.376274,-0.092640,-0.505958,0.201284,-0.201073,-0.004240,-0.109658,-0.275738,0.346630,-0.435904,-0.181795,-0.225050,0.243310
-0.472650,-3.537247,0.717304,-0.006133,0.059854,0.982822,0.174475,-0.683476,0.059191,-0.065197,0.703336,-0.408931,-0.221621,0.096256,0.244920,0.110119,0.919366,-0.248549,-0.239734,0.230063,0.019898,0.091187,0.630121,0.375239,-0.083918,-0.512743,0.195035,-0.200118,-0.007276,-0.100945,-0.278015,0.356282,-0.437852,-0.183778,-0.225506,0.251095
-0.488501,-3.533007,0.718005,-0.007185,0.057865,0.982127,0.178959,-0.676036,0.056672,-0.075817,0.662761,-0.410631,-0.243729,0.110303,0.245580,0.118162,0.922069,-0.207930,-0.200012,0.232719,0.022699,0.083926,0.640801,0.374799,-0.077232,-0.517501,0.191543,-0.200984,-0.009904,-0.091603,-0.280778,0.365059,-0.438986,-0.183649,-0.226474,0.258495
-0.504039,-3.528661,0.718415,-0.008328,0.056128,0.981511,0.182802,-0.671681,0.058310,-0.079248,0.640097,-0.418616,-0.243217,0.121608,0.247986,0.127217,0.928981,-0.169358,-0.157510,0.232200,0.025078,0.076993,0.643948,0.375351,-0.072606,-0.520412,0.190136,-0.204243,-0.013632,-0.081773,-0.284021,0.373115,-0.439573,-0.181157,-0.228041,0.266339
-0.519405,-3.524319,0.718467,-0.009583,0.054479,0.980981,0.186054,-0.670530,0.062558,-0.078749,0.633945,-0.432307,-0.226671,0.130302,0.252164,0.136902,0.939901,-0.132568,-0.111423,0.228859,0.027285,0.070089,0.640698,0.377060,-0.069950,-0.521644,0.190534,-0.209440,-0.018536,-0.071065,-0.287750,0.380403,-0.439571,-0.177154,-0.230051,0.274803
-0.534753,-3.519936,0.718082,-0.010621,0.053286,0.980494,0.188891,-0.670244,0.066552,-0.077363,0.638682,-0.442681,-0.208004,0.135698,0.252607,0.140959,0.957160,-0.102820,-0.068391,0.223182,0.028697,0.064325,0.631327,0.380100,-0.069644,-0.520449,0.194146,-0.215598,-0.020988,-0.059560,-0.291757,0.386415,-0.438313,-0.171520,-0.232333,0.281921
-0.549772,-3.515487,0.717212,-0.011109,0.052906,0.979999,0.191521,-0.668291,0.067754,-0.077704,0.648342,-0.440096,-0.201038,0.137030,0.243203,0.132668,0.982924,-0.084809,-0.035694,0.215709,0.028645,0.060803,0.616106,0.384657,-0.072086,-0.516102,0.202424,-0.221704,-0.017295,-0.047316,-0.295712,0.390586,-0.435086,-0.164177,-0.234758,0.285759
-0.564214,-3.511329,0.716224,-0.011300,0.053570,0.979477,0.193977,-0.664130,0.064612,-0.081486,0.661988,-0.415150,-0.212620,0.133854,0.218569,0.105848,1.018185,-0.080999,-0.016718,0.206630,0.026567,0.059021,0.594259,0.390783,-0.077413,-0.508344,0.215335,-0.227596,-0.006817,-0.034159,-0.299276,0.392858,-0.430084,-0.151117,-0.236963,0.287093
-0.578211,-3.507251,0.714965,-0.011211,0.055126,0.978957,0.196161,-0.658645,0.058008,-0.087154,0.682071,-0.375276,-0.234948,0.127540,0.181206,0.065716,1.061810,-0.088004,-0.008322,0.195756,0.022671,0.058586,0.565850,0.398440,-0.085540,-0.497632,0.232254,-0.233564,0.008795,-0.020230,-0.302288,0.393477,-0.423243,-0.133761,-0.239179,0.286611
-0.592432,-3.503018,0.712805,-0.010168,0.057351,0.978453,0.198086,-0.651543,0.049275,-0.091857,0.707745,-0.335841,-0.259701,0.120032,0.136923,0.022585,1.112263,-0.101859,-0.007791,0.183094,0.017382,0.060779,0.532299,0.407649,-0.096592,-0.484386,0.253755,-0.239142,0.029810,-0.005840,-0.304732,0.392264,-0.413587,-0.120228,-0.242257,0.282214
-0.606927,-3.499075,0.710053,-0.007162,0.061161,0.977962,0.199497,-0.641408,0.037004,-0.088987,0.736191,-0.310544,-0.261800,0.112433,0.089745,-0.013305,1.168838,-0.119603,-0.010917,0.168198,0.008921,0.067415,0.494847,0.418467,-0.110866,-0.468884,0.280409,-0.243761,0.056513,0.008909,-0.306739,0.388899,-0.400408,-0.118657,-0.247019,0.271745
-0.620894,-3.495228,0.706943,-0.001937,0.064687,0.977480,0.200862,-0.630210,0.028146,-0.080004,0.773368,-0.303889,-0.261800,0.105509,0.044288,-0.041728,1.231290,-0.140434,-0.019908,0.152052,0.000562,0.079208,0.452521,0.430656,-0.129414,-0.450236,0.315980,-0.247344,0.092209,0.024111,-0.308346,0.382907,-0.382647,-0.132789,-0.253782,0.252494
-0.634498,-3.491468,0.703463,0.005030,0.068229,0.976967,0.202128,-0.617514,0.020564,-0.066865,0.817732,-0.307650,-0.261800,0.098946,-0.002778,-0.066888,1.299572,-0.166401,-0.035483,0.134857,-0.008515,0.095156,0.404697,0.443885,-0.152230,-0.428714,0.358864,-0.248995,0.135798,0.040253,-0.309520,0.374313,-0.361476,-0.157900,-0.261553,0.226082
-0.647855,-3.487929,0.700082,0.012325,0.071760,0.976405,0.203300,-0.603657,0.013701,-0.052424,0.862875,-0.319743,-0.261800,0.090260,-0.048286,-0.087156,1.369447,-0.194377,-0.054028,0.117126,-0.018222,0.112248,0.352822,0.458142,-0.178243,-0.405978,0.401360,-0.247564,0.180750,0.057960,-0.310373,0.363481,-0.339533,-0.189403,-0.269155,0.196799
-0.660896,-3.484486,0.697017,0.018514,0.075286,0.975819,0.204370,-0.589310,0.007031,-0.039436,0.902870,-0.338405,-0.261800,0.076390,-0.089174,-0.101149,1.437014,-0.221088,-0.072019,0.099294,-0.028304,0.127394,0.298165,0.473619,-0.206613,-0.383617,0.435692,-0.243073,0.220523,0.077987,-0.311059,0.350726,-0.319541,-0.222573,-0.275855,0.169009
-0.673688,-3.480700,0.693808,0.023521,0.079039,0.975265,0.205078,-0.574962,0.000067,-0.028673,0.937980,-0.366659,-0.261800,0.055873,-0.124583,-0.107879,1.503310,-0.246219,-0.089112,0.080869,-0.039088,0.140868,0.239251,0.490575,-0.239077,-0.360189,0.459000,-0.234637,0.256232,0.100836,-0.311364,0.335096,-0.300917,-0.260663,-0.282054,0.142201
-0.686259,-3.476529,0.690577,0.027970,0.082895,0.974729,0.205547,-0.560526,-0.006774,-0.018671,0.971176,-0.404279,-0.261800,0.029802,-0.155336,-0.108544,1.569876,-0.271206,-0.106672,0.062090,-0.050670,0.153834,0.175361,0.508552,-0.276476,-0.335627,0.475059,-0.223176,0.290535,0.126416,-0.311095,0.316426,-0.283033,-0.304608,-0.287553,0.114523
-0.698484,-3.472126,0.687494,0.031624,0.086990,0.974142,0.206105,-0.545476,-0.014374,-0.007442,1.000046,-0.444289,-0.254046,-0.001228,-0.182712,-0.104609,1.634067,-0.295625,-0.123181,0.043515,-0.063291,0.164714,0.109171,0.526528,-0.316115,-0.313284,0.486687,-0.212277,0.319181,0.154178,-0.310648,0.296676,-0.268102,-0.346089,-0.291616,0.088519
-0.710510,-3.467560,0.684702,0.033953,0.090404,0.973476,0.207409,-0.529870,-0.020199,0.003808,1.023861,-0.481001,-0.243882,-0.036929,-0.205847,-0.098239,1.692706,-0.318415,-0.138480,0.025803,-0.074699,0.171858,0.044006,0.543488,-0.354306,-0.296542,0.497344,-0.205597,0.337668,0.183332,-0.310866,0.278352,-0.258258,-0.376730,-0.294081,0.066709
-0.722696,-3.462972,0.682318,0.034211,0.092334,0.972749,0.209911,-0.514678,-0.020794,0.013565,1.043602,-0.514948,-0.238247,-0.079612,-0.222776,-0.089390,1.746115,-0.338769,-0.153297,0.008945,-0.082408,0.173938,-0.020201,0.559344,-0.390795,-0.286022,0.507608,-0.204967,0.343068,0.213494,-0.312788,0.262303,-0.254346,-0.393292,-0.295096,0.050132
-0.735062,-3.458334,0.680284,0.032823,0.093284,0.971986,0.213223,-0.499582,-0.017239,0.022060,1.059860,-0.548964,-0.235045,-0.129111,-0.233824,-0.077185,1.795622,-0.357042,-0.167358,-0.007822,-0.087151,0.172406,-0.084323,0.574104,-0.426622,-0.280380,0.516270,-0.208679,0.338335,0.245390,-0.316689,0.247558,-0.255675,-0.400229,-0.295245,0.037225
-0.747527,-3.453610,0.678567,0.030898,0.093798,0.971183,0.216913,-0.482803,-0.011944,0.029802,1.071894,-0.581328,-0.233326,-0.181420,-0.240963,-0.063944,1.839367,-0.373722,-0.180601,-0.024828,-0.090521,0.169602,-0.146522,0.587164,-0.459593,-0.279111,0.524389,-0.215047,0.327538,0.279237,-0.322071,0.234109,-0.261194,-0.400932,-0.295266,0.026619
-0.760209,-3.448502,0.677350,0.029553,0.094411,0.970347,0.220544,-0.462562,-0.007599,0.037334,1.078908,-0.610283,-0.231982,-0.232517,-0.246436,-0.051753,1.875444,-0.389333,-0.192822,-0.042684,-0.094290,0.167527,-0.204914,0.597837,-0.487148,-0.280955,0.533232,-0.222412,0.314549,0.314450,-0.328141,0.222256,-0.268953,-0.399069,-0.295736,0.016982
-0.772687,-3.443179,0.676597,0.029141,0.095326,0.969458,0.224088,-0.438015,-0.005115,0.044934,1.080486,-0.635929,-0.230926,-0.282489,-0.250591,-0.040258,1.903931,-0.403932,-0.203891,-0.061095,-0.099179,0.166383,-0.261437,0.606129,-0.509569,-0.284204,0.544080,-0.232326,0.297543,0.351456,-0.334617,0.212036,-0.279564,-0.393756,-0.296681,0.008336
-0.784918,-3.437515,0.676338,0.029070,0.096229,0.968521,0.227732,-0.410216,-0.003063,0.052309,1.077109,-0.658998,-0.230768,-0.333090,-0.252428,-0.029052,1.925614,-0.417063,-0.214036,-0.079696,-0.104252,0.164952,-0.317290,0.612324,-0.528396,-0.288369,0.555882,-0.245268,0.275374,0.390155,-0.341564,0.203076,-0.293115,-0.383852,-0.297943,0.001345
-0.796777,-3.431409,0.676520,0.029047,0.096938,0.967588,0.231371,-0.380163,-0.000775,0.059154,1.069249,-0.678597,-0.231299,-0.382794,-0.252402,-0.019929,1.939649,-0.428573,-0.223494,-0.099074,-0.108796,0.162876,-0.369197,0.616244,-0.542670,-0.293816,0.566847,-0.257825,0.252822,0.429009,-0.348629,0.195188,-0.306664,-0.372801,-0.299667,-0.004371
-0.808333,-3.424902,0.676990,0.028772,0.097219,0.966717,0.234901,-0.348874,0.002416,0.065187,1.057415,-0.693884,-0.232259,-0.429992,-0.251177,-0.014715,1.945148,-0.438396,-0.232525,-0.119881,-0.112062,0.159716,-0.412606,0.617511,-0.551048,-0.301639,0.576323,-0.266428,0.234527,0.466235,-0.355317,0.188365,-0.316921,-0.364183,-0.301962,-0.009195
-0.819836,-3.418078,0.677986,0.028131,0.096958,0.965976,0.238113,-0.316128,0.006938,0.070391,1.040531,-0.705700,-0.233323,-0.474688,-0.249633,-0.014915,1.941690,-0.446923,-0.241036,-0.142691,-0.113868,0.155079,-0.447220,0.615846,-0.552602,-0.310894,0.585377,-0.269732,0.221600,0.501737,-0.361313,0.182910,-0.322843,-0.358925,-0.305146,-0.012991
-0.831449,-3.410793,0.679638,0.027305,0.096271,0.965325,0.241111,-0.281526,0.012361,0.074994,1.018715,-0.714110,-0.234759,-0.517229,-0.247465,-0.019582,1.929698,-0.454222,-0.248855,-0.166603,-0.114568,0.149145,-0.476471,0.611445,-0.548930,-0.319978,0.593966,-0.269687,0.211480,0.536689,-0.366651,0.178412,-0.326223,-0.355251,-0.309042,-0.015603
-0.843237,-3.403220,0.681779,0.026429,0.095285,0.964652,0.244271,-0.245855,0.018127,0.079071,0.994363,-0.717274,-0.237127,-0.556548,-0.243512,-0.026793,1.909652,-0.459910,-0.256113,-0.190256,-0.114295,0.142503,-0.500628,0.604501,-0.542251,-0.329458,0.600675,-0.267455,0.203379,0.571010,-0.371403,0.174003,-0.327959,-0.352699,-0.313025,-0.017358
-0.855290,-3.395242,0.684442,0.025636,0.094152,0.963839,0.247977,-0.209899,0.023646,0.082635,0.969891,-0.713311,-0.240861,-0.591671,-0.236242,-0.034119,1.882074,-0.463548,-0.261800,-0.212050,-0.113066,0.135688,-0.521284,0.595515,-0.534825,-0.339170,0.602760,-0.264255,0.196452,0.604815,-0.375621,0.168652,-0.328975,-0.350789,-0.316464,-0.018595
-0.867498,-3.387003,0.687470,0.025265,0.093156,0.962847,0.252208,-0.172187,0.028060,0.086167,0.943898,-0.701556,-0.246005,-0.622052,-0.224576,-0.039045,1.846696,-0.465287,-0.261800,-0.232104,-0.111644,0.129105,-0.537741,0.584656,-0.526229,-0.350286,0.599146,-0.259396,0.191158,0.638011,-0.379359,0.162234,-0.329169,-0.350094,-0.319318,-0.018789
-0.879804,-3.378553,0.690787,0.025161,0.092177,0.961739,0.256765,-0.132866,0.031739,0.089307,0.915671,-0.682917,-0.252195,-0.648115,-0.210751,-0.044517,1.803506,-0.465630,-0.261800,-0.251127,-0.109977,0.122439,-0.549765,0.571965,-0.515529,-0.362607,0.591210,-0.252457,0.187778,0.670669,-0.382573,0.155259,-0.328203,-0.350600,-0.321880,-0.017962
-0.892085,-3.369800,0.694300,0.024779,0.090950,0.960530,0.261719,-0.095057,0.035529,0.090980,0.888639,-0.658015,-0.258899,-0.670373,-0.195280,-0.051845,1.753243,-0.464634,-0.261800,-0.268545,-0.107069,0.115331,-0.558370,0.557795,-0.503872,-0.374741,0.580612,-0.245032,0.185254,0.702783,-0.385038,0.147867,-0.326703,-0.350982,-0.324049,-0.017232
-0.904360,-3.360689,0.697915,0.023748,0.089569,0.959241,0.266965,-0.061611,0.038493,0.089961,0.865710,-0.627192,-0.261800,-0.689333,-0.179441,-0.060954,1.696687,-0.462431,-0.261800,-0.284448,-0.102897,0.107552,-0.563529,0.542308,-0.492451,-0.386010,0.570100,-0.238605,0.182626,0.733876,-0.386398,0.140493,-0.325074,-0.350008,-0.325756,-0.017643
-0.916669,-3.351237,0.701548,0.022025,0.088462,0.957843,0.272444,-0.032934,0.039462,0.085709,0.846776,-0.588402,-0.261800,-0.705126,-0.162617,-0.071116,1.632291,-0.458532,-0.261800,-0.297842,-0.097872,0.098228,-0.567796,0.526674,-0.481153,-0.395205,0.555785,-0.233601,0.179206,0.765436,-0.385999,0.132090,-0.323407,-0.347991,-0.327117,-0.020211
-0.928863,-3.341717,0.705192,0.019795,0.087276,0.956322,0.278281,-0.007573,0.040122,0.079213,0.831089,-0.542517,-0.261800,-0.717085,-0.143647,-0.082157,1.559686,-0.452942,-0.261800,-0.309648,-0.092091,0.088566,-0.567644,0.510569,-0.469441,-0.405296,0.540171,-0.228901,0.176049,0.795883,-0.383844,0.123572,-0.321043,-0.345706,-0.328233,-0.023909
-0.941164,-3.332050,0.708766,0.017661,0.086908,0.954768,0.283819,0.015336,0.038323,0.071370,0.817378,-0.492179,-0.261800,-0.725650,-0.125895,-0.091137,1.483372,-0.447856,-0.254253,-0.320681,-0.087514,0.078430,-0.564754,0.494177,-0.458087,-0.414744,0.523783,-0.224759,0.173270,0.824787,-0.380231,0.115273,-0.318616,-0.342021,-0.328820,-0.027160
-0.953443,-3.322212,0.712190,0.015551,0.087001,0.953198,0.289142,0.035633,0.035663,0.063454,0.806297,-0.441223,-0.261800,-0.731357,-0.111400,-0.100892,1.406574,-0.444252,-0.242318,-0.330820,-0.083544,0.068292,-0.559148,0.477482,-0.447786,-0.423260,0.508688,-0.221299,0.171179,0.851159,-0.375702,0.107897,-0.316698,-0.335822,-0.328600,-0.028371
-0.965761,-3.312236,0.715363,0.012986,0.087363,0.951630,0.294278,0.052449,0.032857,0.055587,0.797256,-0.387981,-0.261800,-0.734128,-0.100084,-0.114091,1.325820,-0.441395,-0.230356,-0.339839,-0.079122,0.057417,-0.551302,0.461001,-0.437877,-0.430522,0.492606,-0.218819,0.169448,0.875637,-0.370421,0.101174,-0.315753,-0.325694,-0.327149,-0.027251
-0.978122,-3.302180,0.718247,0.010050,0.088034,0.950035,0.299302,0.066034,0.029401,0.047243,0.790369,-0.331388,-0.261800,-0.733773,-0.090649,-0.129756,1.240165,-0.438520,-0.217172,-0.348150,-0.074496,0.046103,-0.539485,0.444663,-0.428116,-0.438108,0.476371,-0.217065,0.168189,0.898044,-0.364534,0.095141,-0.315481,-0.312608,-0.324696,-0.024649
-0.990363,-3.292168,0.720768,0.007517,0.088998,0.948366,0.304344,0.077909,0.024984,0.038763,0.787257,-0.276027,-0.261800,-0.730737,-0.083454,-0.146947,1.156790,-0.436574,-0.204502,-0.355098,-0.070564,0.035560,-0.525172,0.428508,-0.419331,-0.445064,0.461568,-0.215837,0.167621,0.918102,-0.358367,0.089826,-0.315670,-0.298726,-0.321839,-0.020897
-1.002794,-3.281947,0.722875,0.006140,0.090199,0.946578,0.309542,0.089550,0.019372,0.030460,0.789601,-0.226501,-0.261800,-0.725659,-0.078896,-0.164772,1.083352,-0.436683,-0.194223,-0.359737,-0.068081,0.026842,-0.511058,0.413004,-0.412033,-0.449395,0.448439,-0.215017,0.167808,0.935917,-0.352243,0.084996,-0.316234,-0.286135,-0.319175,-0.016326
-1.015235,-3.271669,0.724499,0.006246,0.091657,0.944648,0.314961,0.101874,0.011594,0.021160,0.797413,-0.183693,-0.261800,-0.718248,-0.077851,-0.184234,1.020819,-0.440079,-0.186506,-0.362547,-0.067581,0.020538,-0.494890,0.397993,-0.406462,-0.452779,0.438908,-0.214424,0.169577,0.951301,-0.346543,0.080855,-0.317278,-0.275372,-0.316959,-0.010439
-1.027625,-3.261288,0.725714,0.007373,0.093386,0.942599,0.320517,0.114002,0.001826,0.011095,0.809670,-0.144954,-0.261800,-0.708556,-0.079564,-0.205596,0.965691,-0.445819,-0.180218,-0.363797,-0.068417,0.015830,-0.476741,0.383604,-0.402030,-0.455078,0.431345,-0.214266,0.172484,0.964537,-0.341351,0.077308,-0.318940,-0.265201,-0.314776,-0.003332
-1.040015,-3.251031,0.726362,0.009069,0.095266,0.940467,0.326135,0.124630,-0.008303,0.002723,0.826613,-0.109727,-0.261800,-0.697967,-0.082306,-0.226682,0.919490,-0.452132,-0.175553,-0.363521,-0.070056,0.012369,-0.457894,0.369943,-0.398852,-0.455507,0.425488,-0.214594,0.175419,0.974793,-0.336721,0.074702,-0.320694,-0.255276,-0.312299,0.003959
-1.052269,-3.240809,0.726531,0.010884,0.097178,0.938285,0.331751,0.132390,-0.016874,-0.001419,0.848576,-0.077602,-0.261800,-0.687911,-0.084545,-0.245179,0.883886,-0.457378,-0.172995,-0.361657,-0.071923,0.009794,-0.439854,0.357138,-0.396984,-0.453143,0.420914,-0.215453,0.177260,0.981274,-0.332640,0.073397,-0.321976,-0.245269,-0.309230,0.010388
-1.064339,-3.230673,0.726229,0.012971,0.099321,0.936057,0.337289,0.137054,-0.024613,-0.001384,0.876268,-0.046079,-0.261800,-0.677807,-0.088004,-0.262048,0.859831,-0.463494,-0.169159,-0.358302,-0.074549,0.008050,-0.422548,0.345258,-0.396562,-0.447904,0.417695,-0.216869,0.177505,0.983803,-0.329102,0.073704,-0.322452,-0.234472,-0.305321,0.015900
-1.076239,-3.220570,0.725344,0.015442,0.101622,0.933762,0.342817,0.139208,-0.031632,0.001767,0.909487,-0.016264,-0.261800,-0.667374,-0.092993,-0.277950,0.846643,-0.470776,-0.165193,-0.353433,-0.077946,0.007339,-0.405352,0.334343,-0.397506,-0.440217,0.415908,-0.218791,0.176855,0.982735,-0.326140,0.075371,-0.322395,-0.223277,-0.300800,0.020962
-1.087971,-3.210665,0.723860,0.017797,0.103585,0.931402,0.348488,0.138650,-0.034954,0.008903,0.947422,0.006616,-0.261800,-0.658759,-0.096173,-0.289825,0.844030,-0.475516,-0.168815,-0.346857,-0.080746,0.007713,-0.388700,0.324413,-0.399545,-0.429979,0.415423,-0.221130,0.176033,0.978004,-0.323796,0.077968,-0.322138,-0.213003,-0.296089,0.025336
-1.099615,-3.201025,0.721667,0.019540,0.104703,0.928989,0.354451,0.135379,-0.031835,0.020701,0.989077,0.017297,-0.261800,-0.654151,-0.094208,-0.294672,0.851598,-0.473936,-0.187815,-0.338380,-0.081595,0.009202,-0.373084,0.315491,-0.402357,-0.417085,0.416064,-0.223808,0.175744,0.969578,-0.322115,0.081006,-0.322042,-0.204953,-0.291629,0.028809
-1.111040,-3.191526,0.718995,0.020335,0.105116,0.926498,0.360747,0.129335,-0.021059,0.039149,1.034977,0.011430,-0.261800,-0.656902,-0.085218,-0.289440,0.872327,-0.457173,-0.232639,-0.327837,-0.080218,0.011180,-0.358735,0.307587,-0.405995,-0.401248,0.417365,-0.226693,0.175779,0.957060,-0.321082,0.084352,-0.321825,-0.199944,-0.287802,0.031497
-1.122420,-3.182375,0.716052,0.021914,0.106583,0.924255,0.365940,0.122429,-0.009152,0.061041,1.083306,-0.005561,-0.261800,-0.664643,-0.080554,-0.274860,0.909138,-0.428943,-0.261800,-0.318240,-0.081122,0.013621,-0.345367,0.300689,-0.410479,-0.382601,0.419569,-0.229866,0.175946,0.940446,-0.320675,0.088232,-0.321285,-0.197078,-0.284323,0.033488
-1.133917,-3.173387,0.712783,0.024563,0.108372,0.922231,0.370327,0.114984,0.003399,0.082477,1.133527,-0.027622,-0.261800,-0.671886,-0.078081,-0.254884,0.953146,-0.402059,-0.261800,-0.309259,-0.083671,0.017751,-0.332508,0.294808,-0.415434,-0.361597,0.423659,-0.233567,0.176937,0.920559,-0.320929,0.092850,-0.321150,-0.195071,-0.280622,0.034495
-1.145285,-3.164353,0.708685,0.026918,0.107862,0.920046,0.375708,0.105705,0.022102,0.101268,1.187334,-0.050529,-0.261800,-0.672751,-0.068683,-0.240694,0.992456,-0.391717,-0.261800,-0.297492,-0.082609,0.024964,-0.319617,0.290013,-0.420434,-0.338815,0.430613,-0.238014,0.179432,0.898258,-0.321906,0.098497,-0.322195,-0.192624,-0.276111,0.034203
-1.156112,-3.155359,0.704181,0.029161,0.104575,0.917675,0.382213,0.095590,0.048569,0.117893,1.245676,-0.073852,-0.261800,-0.665231,-0.055464,-0.235483,1.030657,-0.411235,-0.261800,-0.282570,-0.077148,0.036006,-0.307573,0.286474,-0.425728,-0.313188,0.440051,-0.244057,0.184366,0.874346,-0.323478,0.105095,-0.324713,-0.188862,-0.271217,0.032534
-1.166695,-3.146104,0.699113,0.031309,0.099207,0.915146,0.389467,0.084913,0.081583,0.133342,1.307869,-0.100131,-0.261800,-0.652278,-0.040341,-0.234374,1.071751,-0.451397,-0.261800,-0.265304,-0.068213,0.049943,-0.296220,0.284254,-0.431311,-0.284953,0.451694,-0.251254,0.191225,0.848056,-0.325556,0.112623,-0.328158,-0.184627,-0.266074,0.029648
-1.176833,-3.136357,0.693960,0.032973,0.092376,0.912458,0.397241,0.072330,0.119016,0.146795,1.370993,-0.127599,-0.255346,-0.635290,-0.023367,-0.234912,1.110413,-0.498401,-0.261800,-0.246702,-0.056483,0.065386,-0.283472,0.283251,-0.436371,-0.256671,0.466631,-0.257901,0.198515,0.817655,-0.328204,0.121425,-0.332095,-0.181175,-0.259646,0.025623
-1.186601,-3.126212,0.689261,0.034113,0.085837,0.909664,0.404945,0.055516,0.156387,0.157680,1.431682,-0.153898,-0.237826,-0.616958,-0.005841,-0.233931,1.142192,-0.538798,-0.261800,-0.228942,-0.044908,0.079882,-0.267001,0.283095,-0.439563,-0.230716,0.486032,-0.262362,0.204585,0.781220,-0.332326,0.132260,-0.336007,-0.179486,-0.250810,0.020260
-1.196290,-3.116017,0.685263,0.033998,0.077843,0.906655,0.413233,0.033647,0.195710,0.161606,1.491582,-0.179978,-0.216013,-0.595572,0.018256,-0.234289,1.161948,-0.568190,-0.261800,-0.210954,-0.030193,0.094605,-0.246565,0.283598,-0.440337,-0.205829,0.515095,-0.264458,0.209936,0.736820,-0.338372,0.146605,-0.338475,-0.178237,-0.238352,0.011482
-1.205938,-3.106246,0.681641,0.032917,0.068338,0.903394,0.422049,0.007261,0.237446,0.159362,1.551466,-0.206405,-0.191034,-0.570719,0.047503,-0.236088,1.173338,-0.593837,-0.261800,-0.193085,-0.012185,0.109685,-0.222789,0.284783,-0.438615,-0.181417,0.551668,-0.264959,0.215005,0.685477,-0.346369,0.164243,-0.340161,-0.176918,-0.223093,-0.000226
-1.215597,-3.096812,0.678386,0.031552,0.058948,0.900101,0.430521,-0.023949,0.276514,0.151645,1.608668,-0.232194,-0.164038,-0.544015,0.076588,-0.237279,1.180082,-0.617731,-0.261800,-0.177176,0.006174,0.123823,-0.194986,0.286937,-0.434620,-0.161292,0.585582,-0.263760,0.218055,0.630170,-0.355465,0.182666,-0.344087,-0.178170,-0.207026,-0.010622
-1.225074,-3.087306,0.675539,0.030638,0.051377,0.897063,0.437836,-0.060139,0.307808,0.139704,1.660504,-0.256306,-0.135982,-0.517091,0.100097,-0.236133,1.185995,-0.641965,-0.261800,-0.164332,0.021454,0.136107,-0.162907,0.290452,-0.429223,-0.149096,0.606624,-0.260907,0.217414,0.574207,-0.364496,0.198922,-0.353250,-0.185138,-0.192148,-0.015121
-1.234396,-3.077595,0.673043,0.030421,0.046171,0.894503,0.443629,-0.103092,0.328605,0.122277,1.707735,-0.278061,-0.105095,-0.490086,0.116304,-0.232945,1.191936,-0.667634,-0.261800,-0.154973,0.032046,0.146813,-0.125821,0.295534,-0.422661,-0.145906,0.609240,-0.255226,0.211730,0.517110,-0.372751,0.212494,-0.368782,-0.202922,-0.178394,-0.011038
-1.243577,-3.067933,0.670882,0.030534,0.042444,0.892298,0.448408,-0.152501,0.341253,0.099900,1.751395,-0.297946,-0.071235,-0.462302,0.128408,-0.228960,1.195867,-0.693415,-0.261800,-0.147825,0.039368,0.156559,-0.084259,0.302205,-0.414769,-0.149799,0.599810,-0.247026,0.202316,0.457337,-0.380136,0.224802,-0.388461,-0.228979,-0.165172,-0.000730
-1.252623,-3.057867,0.669135,0.030816,0.039800,0.890218,0.452745,-0.205061,0.348621,0.076598,1.789340,-0.316745,-0.038228,-0.434163,0.138147,-0.223842,1.197616,-0.718022,-0.261800,-0.141172,0.044408,0.165013,-0.039925,0.310486,-0.405979,-0.159854,0.586036,-0.238617,0.191479,0.396523,-0.386607,0.235796,-0.410003,-0.255157,-0.153636,0.012680
-1.261469,-3.047658,0.667798,0.031104,0.037822,0.888030,0.457171,-0.257276,0.354094,0.056277,1.819064,-0.335175,-0.009833,-0.405762,0.147065,-0.216999,1.196699,-0.740034,-0.261800,-0.133293,0.048281,0.171770,0.005392,0.320330,-0.396942,-0.174998,0.575475,-0.232482,0.181364,0.336463,-0.392093,0.245346,-0.431212,-0.273212,-0.144623,0.025792
-1.270120,-3.037549,0.666778,0.031512,0.036500,0.885723,0.461703,-0.308977,0.358550,0.040032,1.840383,-0.354427,0.012579,-0.376838,0.154957,-0.208008,1.193257,-0.760007,-0.261800,-0.123966,0.051009,0.176795,0.052073,0.331745,-0.388185,-0.196555,0.569454,-0.229458,0.172958,0.277001,-0.396330,0.253249,-0.452216,-0.279896,-0.138457,0.038386
-1.278547,-3.027435,0.666190,0.032092,0.036015,0.883414,0.466104,-0.361355,0.360303,0.026526,1.854377,-0.373721,0.031155,-0.347269,0.161025,-0.197233,1.187474,-0.778462,-0.261800,-0.113954,0.052027,0.180214,0.101030,0.344663,-0.379001,-0.224585,0.564070,-0.228171,0.164937,0.216709,-0.399248,0.260018,-0.473062,-0.280027,-0.134550,0.051849
-1.286997,-3.017239,0.666146,0.032582,0.036236,0.881027,0.470549,-0.413093,0.359396,0.015698,1.860527,-0.390903,0.047341,-0.317446,0.165765,-0.185016,1.179102,-0.793997,-0.261800,-0.103019,0.051671,0.181842,0.151248,0.358739,-0.368336,-0.255975,0.558939,-0.227953,0.155832,0.155798,-0.401206,0.266466,-0.491903,-0.277346,-0.132114,0.065047
-1.295312,-3.006793,0.666637,0.032712,0.037018,0.878486,0.475207,-0.462918,0.356000,0.007289,1.858382,-0.403873,0.062556,-0.287805,0.169677,-0.171695,1.167920,-0.805224,-0.261800,-0.090924,0.050395,0.181516,0.201519,0.373359,-0.355361,-0.287441,0.553723,-0.228107,0.144188,0.095040,-0.402822,0.273108,-0.507469,-0.275511,-0.130420,0.076859
-1.303626,-2.996207,0.667655,0.032260,0.038359,0.875702,0.480243,-0.511418,0.350756,0.001608,1.847707,-0.411540,0.077726,-0.258366,0.172955,-0.157039,1.152883,-0.811976,-0.261800,-0.077252,0.048550,0.178650,0.251583,0.388034,-0.340162,-0.318586,0.549108,-0.229050,0.127863,0.033424,-0.404770,0.280082,-0.519461,-0.274564,-0.129247,0.086928
-1.311859,-2.985316,0.669237,0.031417,0.040302,0.872726,0.485529,-0.558532,0.343801,-0.001111,1.828721,-0.415357,0.091782,-0.228923,0.175166,-0.140910,1.134487,-0.814966,-0.261800,-0.062254,0.046090,0.173547,0.301863,0.402389,-0.323279,-0.350589,0.544991,-0.230964,0.108182,-0.028567,-0.407219,0.287014,-0.529202,-0.272657,-0.128932,0.095709
-1.320082,-2.974039,0.671279,0.030519,0.042770,0.869682,0.490807,-0.602048,0.334645,-0.001406,1.801618,-0.417034,0.103231,-0.199631,0.175919,-0.123820,1.114799,-0.814067,-0.261800,-0.046374,0.042849,0.167334,0.351427,0.415871,-0.305151,-0.381745,0.540036,-0.232817,0.088953,-0.087365,-0.409956,0.293135,-0.538211,-0.270733,-0.129666,0.103442
-1.328276,-2.962532,0.673655,0.029898,0.045684,0.866711,0.495814,-0.639854,0.322768,0.000071,1.766608,-0.418231,0.110582,-0.170656,0.174884,-0.106343,1.095776,-0.809071,-0.261800,-0.029993,0.038629,0.161051,0.398962,0.427941,-0.286358,-0.409975,0.533083,-0.233562,0.073953,-0.139544,-0.412647,0.297575,-0.547692,-0.269870,-0.131657,0.110489
-1.336506,-2.950600,0.676436,0.029601,0.049132,0.863818,0.500528,-0.671505,0.308230,0.003722,1.723002,-0.419604,0.114660,-0.141720,0.172057,-0.088038,1.076914,-0.800206,-0.261800,-0.012821,0.033288,0.154649,0.443834,0.438381,-0.266830,-0.434361,0.523836,-0.233643,0.063381,-0.184935,-0.415194,0.299539,-0.557423,-0.271938,-0.135522,0.117277
-1.344836,-2.938379,0.679423,0.029442,0.053096,0.860949,0.505055,-0.697975,0.291576,0.009439,1.670965,-0.420449,0.115873,-0.113062,0.167548,-0.068945,1.057561,-0.787482,-0.261800,0.005199,0.027008,0.147609,0.486152,0.447215,-0.246860,-0.455271,0.513147,-0.233384,0.055417,-0.225345,-0.417803,0.299622,-0.566630,-0.275975,-0.140994,0.123641
-1.353381,-2.925963,0.682673,0.029404,0.057335,0.858149,0.509341,-0.719319,0.273021,0.015839,1.611713,-0.420182,0.112256,-0.085556,0.161276,-0.050418,1.039315,-0.770345,-0.261800,0.023334,0.020129,0.140287,0.525760,0.454409,-0.227468,-0.472922,0.501697,-0.231619,0.050803,-0.260354,-0.420619,0.299036,-0.575538,-0.278802,-0.146905,0.129036
-1.361987,-2.913333,0.686165,0.029473,0.061617,0.855458,0.513349,-0.735592,0.252778,0.021632,1.546264,-0.418073,0.101954,-0.059913,0.153248,-0.033806,1.023661,-0.748161,-0.261800,0.040888,0.013014,0.133033,0.562409,0.459931,-0.209610,-0.487437,0.490207,-0.227233,0.050292,-0.289418,-0.423720,0.298944,-0.584496,-0.277227,-0.152051,0.132954
-1.370710,-2.900468,0.689757,0.029690,0.066312,0.852882,0.517024,-0.746095,0.230103,0.027472,1.471582,-0.413009,0.083861,-0.036468,0.142461,-0.019152,1.011013,-0.720598,-0.261800,0.057805,0.005016,0.125677,0.596184,0.463825,-0.192997,-0.498749,0.477816,-0.219448,0.055042,-0.312112,-0.427219,0.299222,-0.593780,-0.270114,-0.156125,0.135403
-1.379423,-2.887237,0.693453,0.030022,0.071362,0.850391,0.520425,-0.750973,0.205475,0.033320,1.387701,-0.405560,0.059444,-0.014775,0.129445,-0.005966,1.000454,-0.688034,-0.261800,0.074250,-0.003743,0.118245,0.627249,0.466241,-0.177198,-0.506996,0.464516,-0.209201,0.064326,-0.328863,-0.431205,0.299401,-0.603283,-0.259231,-0.159711,0.136612
-1.388199,-2.873716,0.697087,0.030367,0.075915,0.847973,0.523696,-0.751665,0.180900,0.036996,1.300284,-0.397396,0.030753,0.005699,0.116474,0.005233,0.991660,-0.650852,-0.261800,0.089951,-0.011774,0.111354,0.655425,0.467378,-0.162864,-0.512764,0.452294,-0.197904,0.076039,-0.340148,-0.435604,0.300017,-0.613026,-0.245833,-0.162947,0.136400
-1.396918,-2.859939,0.700618,0.030657,0.079174,0.845629,0.526975,-0.749618,0.158331,0.036683,1.215042,-0.390120,-0.000066,0.025660,0.105634,0.013948,0.984129,-0.609386,-0.261800,0.104643,-0.017688,0.105563,0.680551,0.467425,-0.150595,-0.516632,0.443201,-0.186858,0.088022,-0.346524,-0.440238,0.301584,-0.622855,-0.231193,-0.165999,0.134616
-1.405594,-2.846010,0.703894,0.030982,0.080934,0.843339,0.530349,-0.744110,0.138111,0.031846,1.130071,-0.383331,-0.033897,0.045960,0.097084,0.019494,0.976831,-0.561166,-0.261800,0.118520,-0.021372,0.101159,0.703351,0.466473,-0.140271,-0.518593,0.438285,-0.175550,0.101319,-0.347555,-0.445108,0.304301,-0.632857,-0.214462,-0.168843,0.130255
-1.414170,-2.831779,0.706881,0.031339,0.081603,0.841108,0.533756,-0.734574,0.119671,0.023492,1.042947,-0.376240,-0.071059,0.066235,0.089801,0.022189,0.970160,-0.506719,-0.261800,0.131643,-0.023487,0.097806,0.723856,0.464613,-0.131422,-0.518709,0.436214,-0.163508,0.116457,-0.343107,-0.450273,0.307665,-0.643161,-0.195414,-0.171507,0.123766
-1.422605,-2.817237,0.709478,0.031519,0.081301,0.838994,0.537109,-0.723048,0.103593,0.012167,0.959328,-0.370090,-0.108857,0.085341,0.084135,0.023055,0.965880,-0.450913,-0.261800,0.143546,-0.023782,0.095062,0.740842,0.462055,-0.124155,-0.517561,0.435583,-0.152024,0.130515,-0.334270,-0.455577,0.311158,-0.653591,-0.176238,-0.174194,0.117214
-1.430967,-2.802601,0.711646,0.031327,0.080175,0.837057,0.540302,-0.711883,0.090222,-0.001454,0.885502,-0.366301,-0.144772,0.102058,0.080467,0.023224,0.965853,-0.398690,-0.261800,0.153710,-0.022102,0.092438,0.753080,0.459092,-0.118615,-0.515648,0.435048,-0.142412,0.140635,-0.322257,-0.460710,0.314402,-0.663829,-0.159161,-0.177014,0.112705
-1.439419,-2.787921,0.713467,0.030899,0.078395,0.835329,0.543255,-0.701389,0.078018,-0.018519,0.821462,-0.365136,-0.181859,0.116157,0.078675,0.024315,0.970964,-0.350182,-0.256164,0.161973,-0.018859,0.089813,0.760839,0.455803,-0.114674,-0.513130,0.434966,-0.134553,0.145700,-0.306996,-0.465443,0.317387,-0.674069,-0.145365,-0.179778,0.111166
-1.447859,-2.773358,0.714880,0.030388,0.076001,0.833768,0.546014,-0.690585,0.067075,-0.038377,0.764684,-0.365998,-0.220192,0.128310,0.078787,0.026267,0.980188,-0.303252,-0.244306,0.168541,-0.014387,0.087434,0.764730,0.452236,-0.112233,-0.509791,0.435860,-0.127859,0.147380,-0.288275,-0.469746,0.320399,-0.684077,-0.133535,-0.182437,0.111452
-1.456153,-2.758861,0.715884,0.029754,0.073209,0.832355,0.548581,-0.680163,0.059031,-0.057193,0.718020,-0.369125,-0.252913,0.138374,0.080010,0.027385,0.993074,-0.259758,-0.231614,0.173327,-0.009005,0.085373,0.764001,0.448720,-0.111542,-0.505578,0.436627,-0.122959,0.147080,-0.267158,-0.473566,0.323486,-0.692645,-0.122065,-0.185279,0.112543
-1.464354,-2.744567,0.716597,0.029808,0.071427,0.831146,0.550641,-0.669483,0.050804,-0.069008,0.682072,-0.373398,-0.261800,0.145936,0.077536,0.026911,1.010949,-0.223026,-0.216228,0.175744,-0.005749,0.084249,0.757844,0.445764,-0.112907,-0.500358,0.436084,-0.120462,0.146265,-0.244532,-0.476816,0.326571,-0.698651,-0.109350,-0.188617,0.113427
-1.472349,-2.730388,0.716882,0.029509,0.069502,0.830072,0.552521,-0.661856,0.048522,-0.074332,0.663597,-0.384045,-0.261800,0.151236,0.076089,0.025912,1.031814,-0.190960,-0.195759,0.176928,-0.001924,0.083124,0.745636,0.443641,-0.116294,-0.494189,0.432946,-0.121530,0.144320,-0.219761,-0.479409,0.329522,-0.702621,-0.094476,-0.192993,0.113809
-1.480127,-2.716335,0.716666,0.028637,0.067064,0.829152,0.554246,-0.657666,0.052031,-0.075752,0.661640,-0.400383,-0.261007,0.153954,0.076602,0.024191,1.056122,-0.162814,-0.172328,0.176985,0.003222,0.081717,0.727881,0.442382,-0.121695,-0.487053,0.427978,-0.125431,0.140896,-0.192714,-0.481280,0.332452,-0.704658,-0.078448,-0.198098,0.114289
-1.487994,-2.702431,0.715878,0.028590,0.065774,0.828463,0.555432,-0.652756,0.052196,-0.073972,0.666867,-0.413270,-0.245223,0.153105,0.071239,0.019113,1.087530,-0.142597,-0.152019,0.174512,0.005832,0.081225,0.705482,0.442158,-0.129414,-0.478859,0.423063,-0.129926,0.137893,-0.164982,-0.482377,0.335615,-0.703163,-0.062537,-0.202976,0.115206
-1.495712,-2.688588,0.714344,0.029099,0.065248,0.827868,0.556355,-0.646244,0.050364,-0.072410,0.674562,-0.415833,-0.236952,0.147613,0.058172,0.007572,1.127110,-0.131918,-0.143103,0.169449,0.006758,0.081619,0.679387,0.443181,-0.139711,-0.469610,0.420081,-0.132808,0.137243,-0.137970,-0.482614,0.339135,-0.696626,-0.048051,-0.206659,0.116854
-1.503259,-2.674801,0.712277,0.030026,0.065713,0.827439,0.556888,-0.637059,0.046114,-0.071724,0.682485,-0.401245,-0.239738,0.137227,0.033691,-0.014274,1.176391,-0.133866,-0.150767,0.161790,0.005747,0.082441,0.649129,0.445573,-0.153142,-0.459170,0.420724,-0.132541,0.141232,-0.111117,-0.481834,0.343028,-0.685411,-0.031998,-0.209007,0.119525
-1.510716,-2.661612,0.710266,0.031346,0.067007,0.827181,0.557045,-0.626278,0.040208,-0.070603,0.693919,-0.375107,-0.247859,0.123443,-0.000438,-0.043196,1.233883,-0.146820,-0.170506,0.151787,0.002975,0.083609,0.614604,0.449127,-0.169314,-0.447880,0.423434,-0.130597,0.148312,-0.084091,-0.479880,0.347406,-0.669889,-0.014815,-0.210478,0.122975
-1.518032,-2.649067,0.708129,0.033478,0.068794,0.826918,0.557094,-0.615125,0.032611,-0.068287,0.710727,-0.348364,-0.257939,0.107714,-0.039572,-0.071651,1.296722,-0.165888,-0.195105,0.139916,-0.001533,0.086009,0.576240,0.453823,-0.187957,-0.435691,0.425304,-0.129195,0.154885,-0.057613,-0.476925,0.351602,-0.649216,-0.002935,-0.211052,0.126665
-1.525520,-2.636171,0.705021,0.037053,0.071016,0.826486,0.557229,-0.604410,0.022450,-0.063047,0.734054,-0.331500,-0.261800,0.090702,-0.079267,-0.092502,1.362338,-0.185793,-0.216753,0.126643,-0.008391,0.090705,0.534227,0.459752,-0.208967,-0.422410,0.423432,-0.130590,0.157352,-0.031879,-0.473366,0.354579,-0.622998,-0.002770,-0.210774,0.129982
-1.533118,-2.623463,0.701382,0.042463,0.073491,0.825759,0.557600,-0.595394,0.009758,-0.054215,0.768061,-0.326043,-0.261800,0.072812,-0.119218,-0.104681,1.432011,-0.205892,-0.233618,0.112312,-0.017823,0.098360,0.488156,0.466683,-0.233355,-0.407759,0.413225,-0.135349,0.154586,-0.006607,-0.469440,0.355283,-0.590352,-0.016376,-0.209762,0.135123
-1.540513,-2.611125,0.697434,0.049204,0.076170,0.824806,0.558098,-0.587308,-0.004294,-0.042942,0.810873,-0.326815,-0.261800,0.053479,-0.160557,-0.111421,1.506228,-0.228531,-0.249405,0.097111,-0.029384,0.108226,0.437568,0.474345,-0.261240,-0.391863,0.397335,-0.142178,0.148541,0.019223,-0.465169,0.353918,-0.552785,-0.040134,-0.208141,0.141501
-1.547798,-2.599110,0.693458,0.056275,0.078877,0.823731,0.558640,-0.578566,-0.017414,-0.030857,0.855476,-0.334641,-0.261800,0.030900,-0.198846,-0.111950,1.580999,-0.252115,-0.261800,0.081589,-0.041777,0.119020,0.382383,0.482873,-0.291522,-0.375131,0.383721,-0.150576,0.140306,0.046675,-0.460711,0.351116,-0.513400,-0.071956,-0.205842,0.144358
-1.554941,-2.587394,0.689886,0.063112,0.081926,0.822703,0.558985,-0.567008,-0.029435,-0.018678,0.893788,-0.349873,-0.261800,0.003101,-0.229025,-0.103022,1.652804,-0.275191,-0.261800,0.065972,-0.054880,0.129735,0.322401,0.492640,-0.323380,-0.357974,0.380260,-0.160168,0.131138,0.076925,-0.456309,0.347416,-0.475363,-0.109750,-0.202424,0.138944
-1.561654,-2.575724,0.686456,0.070254,0.085904,0.821868,0.558765,-0.551943,-0.042084,-0.005731,0.924356,-0.375263,-0.261800,-0.030643,-0.253752,-0.086907,1.723297,-0.298309,-0.261800,0.049870,-0.070500,0.141365,0.255169,0.504057,-0.358435,-0.339485,0.391434,-0.172458,0.120651,0.110914,-0.451894,0.342413,-0.437947,-0.162549,-0.197702,0.122433
-1.567773,-2.563830,0.683128,0.077359,0.090075,0.821058,0.558360,-0.535454,-0.054435,0.007636,0.952123,-0.409980,-0.261800,-0.069758,-0.272448,-0.065110,1.793441,-0.321378,-0.261800,0.033878,-0.087269,0.153800,0.181366,0.516662,-0.397445,-0.320526,0.411734,-0.187226,0.108937,0.148540,-0.447392,0.335450,-0.400707,-0.228076,-0.190658,0.098160
-1.573249,-2.551953,0.680139,0.083621,0.093948,0.820108,0.558216,-0.517960,-0.066027,0.021277,0.976104,-0.447601,-0.255227,-0.113226,-0.285275,-0.040285,1.859367,-0.342806,-0.261800,0.018275,-0.103405,0.165053,0.105555,0.529350,-0.437950,-0.303976,0.434425,-0.201611,0.097702,0.188768,-0.443166,0.327219,-0.366718,-0.287137,-0.180125,0.070559
-1.578387,-2.540148,0.677543,0.088060,0.096762,0.818864,0.558878,-0.499702,-0.074514,0.033122,0.996006,-0.482479,-0.245883,-0.160142,-0.291769,-0.016567,1.917217,-0.361255,-0.261800,0.003065,-0.116104,0.173139,0.032491,0.541030,-0.476806,-0.292192,0.453219,-0.212713,0.088098,0.229951,-0.439940,0.318963,-0.338510,-0.320681,-0.166396,0.043583
-1.583613,-2.528223,0.675406,0.089724,0.097852,0.817169,0.560901,-0.481265,-0.075954,0.041442,1.013257,-0.515551,-0.241258,-0.212904,-0.289028,0.005945,1.967130,-0.375045,-0.261800,-0.011436,-0.122414,0.177186,-0.038099,0.551327,-0.513773,-0.285480,0.469517,-0.219439,0.079522,0.271989,-0.438618,0.311822,-0.316354,-0.318682,-0.149164,0.014440
-1.588931,-2.516064,0.673700,0.089335,0.097738,0.815146,0.563917,-0.462159,-0.071659,0.047312,1.027913,-0.549423,-0.239233,-0.271198,-0.278200,0.027769,2.010934,-0.385079,-0.261800,-0.025694,-0.123723,0.178656,-0.108245,0.560157,-0.549934,-0.282430,0.485989,-0.223571,0.071321,0.315420,-0.439539,0.305107,-0.298998,-0.292477,-0.129904,-0.018649
-1.594235,-2.503459,0.672446,0.087930,0.096792,0.813038,0.567335,-0.441330,-0.064089,0.051324,1.038904,-0.581916,-0.238768,-0.330699,-0.263686,0.045733,2.046919,-0.393072,-0.261800,-0.040418,-0.122055,0.178874,-0.176160,0.567247,-0.584024,-0.281917,0.498498,-0.226411,0.064310,0.359459,-0.442330,0.297460,-0.286317,-0.255644,-0.111988,-0.050368
-1.599263,-2.490701,0.671634,0.086562,0.095396,0.811100,0.570546,-0.417693,-0.056121,0.054117,1.045086,-0.610782,-0.238630,-0.387283,-0.250272,0.057299,2.073216,-0.400887,-0.261800,-0.056533,-0.119745,0.178872,-0.239859,0.572422,-0.614665,-0.282376,0.503134,-0.229222,0.059257,0.403099,-0.446171,0.287891,-0.277839,-0.222254,-0.097520,-0.074728
-1.603787,-2.477584,0.671327,0.085538,0.093443,0.809341,0.573515,-0.390387,-0.048187,0.055811,1.046158,-0.636173,-0.238685,-0.440734,-0.239533,0.061796,2.089375,-0.409461,-0.261800,-0.073764,-0.117268,0.178862,-0.301046,0.575953,-0.643081,-0.281908,0.494718,-0.231930,0.057247,0.447105,-0.450572,0.275916,-0.274905,-0.189975,-0.085074,-0.089491
-1.607765,-2.464361,0.671604,0.084364,0.090845,0.807646,0.576488,-0.360095,-0.038934,0.056352,1.042561,-0.658937,-0.239649,-0.493045,-0.229664,0.060592,2.096152,-0.417527,-0.261800,-0.091550,-0.113801,0.178268,-0.360548,0.578076,-0.670082,-0.280999,0.476874,-0.233947,0.057525,0.491917,-0.455344,0.262106,-0.277058,-0.153760,-0.073806,-0.097973
-1.611305,-2.450965,0.672372,0.082873,0.088007,0.806115,0.579280,-0.328139,-0.028779,0.056022,1.034417,-0.678001,-0.241339,-0.543450,-0.220485,0.054677,2.093722,-0.423974,-0.261800,-0.110563,-0.109723,0.176607,-0.415725,0.578789,-0.693593,-0.280660,0.458509,-0.235780,0.058007,0.535721,-0.459963,0.247319,-0.280648,-0.123855,-0.065716,-0.101920
-1.614259,-2.437497,0.673584,0.080877,0.085306,0.804860,0.581706,-0.295825,-0.018162,0.055021,1.021868,-0.692321,-0.243491,-0.591112,-0.211764,0.045066,2.082253,-0.427762,-0.261800,-0.131610,-0.105371,0.173314,-0.463444,0.577992,-0.711343,-0.281804,0.449121,-0.237882,0.056598,0.576284,-0.463829,0.232529,-0.281673,-0.110597,-0.062876,-0.102836
-1.616828,-2.423782,0.675266,0.078134,0.082847,0.804049,0.583556,-0.263144,-0.006984,0.053309,1.003176,-0.702590,-0.246217,-0.636640,-0.203690,0.031101,2.061180,-0.428597,-0.261800,-0.155627,-0.100753,0.167578,-0.503863,0.575775,-0.722677,-0.283082,0.452850,-0.240579,0.052176,0.612877,-0.466538,0.217768,-0.278924,-0.121981,-0.067253,-0.099365
-1.619245,-2.409719,0.677462,0.074755,0.080376,0.803582,0.584985,-0.229630,0.005031,0.050940,0.978958,-0.709089,-0.249641,-0.679686,-0.196455,0.012454,2.030468,-0.427436,-0.261800,-0.181254,-0.095470,0.159619,-0.539751,0.572843,-0.729564,-0.283604,0.462993,-0.243693,0.045922,0.647228,-0.467912,0.202248,-0.274440,-0.150852,-0.077312,-0.091377
-1.621397,-2.395247,0.680119,0.071090,0.077767,0.803159,0.586374,-0.195869,0.017634,0.048128,0.952851,-0.710118,-0.253375,-0.718106,-0.189553,-0.009202,1.991026,-0.425072,-0.261800,-0.207204,-0.089669,0.151122,-0.569731,0.569081,-0.732861,-0.285205,0.476008,-0.246618,0.039624,0.679075,-0.467974,0.186652,-0.268785,-0.184995,-0.089956,-0.081986
-1.623410,-2.380449,0.683166,0.067489,0.074889,0.802476,0.588106,-0.162475,0.030570,0.044980,0.928584,-0.704063,-0.256915,-0.749958,-0.182242,-0.032033,1.943932,-0.422164,-0.261800,-0.231576,-0.083301,0.143405,-0.593942,0.564396,-0.733671,-0.288981,0.486629,-0.248764,0.034779,0.708936,-0.466836,0.171178,-0.262689,-0.212132,-0.101718,-0.073993
-1.625318,-2.365238,0.686601,0.063933,0.071581,0.801536,0.590193,-0.128626,0.044249,0.041297,0.905499,-0.690399,-0.260777,-0.774567,-0.174287,-0.056301,1.888197,-0.418739,-0.261800,-0.254344,-0.076097,0.136778,-0.612052,0.558643,-0.731368,-0.295303,0.495875,-0.250258,0.031176,0.736969,-0.464629,0.155162,-0.256549,-0.231457,-0.112533,-0.066902
-1.627068,-2.349887,0.690237,0.060244,0.067959,0.800449,0.592481,-0.094506,0.058081,0.036776,0.882286,-0.670085,-0.261800,-0.792885,-0.165522,-0.082487,1.823590,-0.414650,-0.261800,-0.276174,-0.068043,0.130586,-0.624617,0.551775,-0.725758,-0.303135,0.505645,-0.251278,0.028189,0.763119,-0.461396,0.138516,-0.250130,-0.248640,-0.123933,-0.059597
-1.628650,-2.334274,0.694076,0.056583,0.064333,0.799089,0.595077,-0.061947,0.071841,0.032055,0.861535,-0.643779,-0.261800,-0.805555,-0.155239,-0.108837,1.752183,-0.410355,-0.261800,-0.296249,-0.059780,0.124666,-0.632773,0.543911,-0.718517,-0.311822,0.512105,-0.251231,0.026650,0.787474,-0.457067,0.122331,-0.243117,-0.261224,-0.134522,-0.053480
-1.630205,-2.318494,0.697983,0.053865,0.061639,0.797611,0.597591,-0.032096,0.082372,0.027297,0.844752,-0.611243,-0.261800,-0.813625,-0.143093,-0.128478,1.676800,-0.406879,-0.253080,-0.314850,-0.053856,0.118595,-0.637605,0.535271,-0.711337,-0.320800,0.511415,-0.249500,0.027397,0.810066,-0.451481,0.107695,-0.235164,-0.266877,-0.142852,-0.049860
-1.631564,-2.302440,0.701938,0.051508,0.059325,0.795739,0.600522,-0.005615,0.091430,0.022237,0.833757,-0.571725,-0.260081,-0.816447,-0.126571,-0.142365,1.593652,-0.402846,-0.234278,-0.330767,-0.048826,0.112711,-0.639185,0.526049,-0.704555,-0.330560,0.501040,-0.245191,0.031676,0.830882,-0.444372,0.094743,-0.225815,-0.262633,-0.148424,-0.049781
-1.632847,-2.286315,0.705824,0.049441,0.057282,0.793539,0.603796,0.018310,0.098394,0.016556,0.827264,-0.525479,-0.250962,-0.813860,-0.107833,-0.152950,1.502564,-0.398330,-0.212076,-0.344325,-0.044479,0.107083,-0.637088,0.516315,-0.697414,-0.341462,0.483463,-0.238934,0.038789,0.849777,-0.435687,0.082846,-0.215342,-0.250692,-0.152042,-0.052113
-1.634078,-2.270073,0.709658,0.047798,0.055754,0.791158,0.607187,0.039629,0.103700,0.011316,0.824498,-0.475488,-0.240479,-0.807767,-0.090695,-0.161821,1.409987,-0.394796,-0.191162,-0.355879,-0.041222,0.101351,-0.631513,0.506079,-0.689878,-0.352660,0.462480,-0.232404,0.046645,0.866532,-0.425715,0.072003,-0.204486,-0.236428,-0.154191,-0.054955
-1.635260,-2.253730,0.713275,0.046701,0.054986,0.788744,0.610474,0.058313,0.106937,0.007122,0.824574,-0.424636,-0.230504,-0.800270,-0.078576,-0.170931,1.322599,-0.393579,-0.175644,-0.365812,-0.039339,0.095115,-0.622641,0.495318,-0.681885,-0.363340,0.441873,-0.227153,0.053048,0.880974,-0.414933,0.062239,-0.193990,-0.225112,-0.155276,-0.056487
-1.636339,-2.237319,0.716588,0.046048,0.055201,0.786365,0.613566,0.073816,0.107263,0.003573,0.826767,-0.370749,-0.220935,-0.791731,-0.071430,-0.180717,1.238931,-0.394467,-0.165838,-0.374651,-0.038803,0.087803,-0.609613,0.484003,-0.673224,-0.374155,0.420989,-0.223003,0.057655,0.893158,-0.403538,0.053397,-0.183939,-0.218386,-0.154663,-0.056795
-1.637502,-2.220908,0.719567,0.045826,0.056231,0.783935,0.616591,0.086409,0.104969,0.000565,0.831427,-0.312824,-0.211571,-0.781255,-0.067418,-0.190435,1.156420,-0.396728,-0.159450,-0.382206,-0.039442,0.079747,-0.592506,0.472148,-0.663964,-0.385472,0.398399,-0.219323,0.061547,0.903158,-0.391604,0.045450,-0.174052,-0.213253,-0.152348,-0.056733
-1.638680,-2.204331,0.722109,0.046255,0.057711,0.781369,0.619671,0.097262,0.101255,-0.001084,0.839296,-0.255628,-0.203818,-0.769334,-0.066806,-0.200680,1.080534,-0.400863,-0.156197,-0.387844,-0.041225,0.071876,-0.572861,0.459781,-0.654376,-0.395855,0.376703,-0.216857,0.064537,0.911020,-0.379524,0.038699,-0.164648,-0.208026,-0.149605,-0.055669
-1.639993,-2.187612,0.724230,0.047532,0.059256,0.778576,0.622936,0.107626,0.097343,-0.000657,0.851112,-0.204142,-0.198670,-0.756514,-0.069701,-0.212171,1.016947,-0.407393,-0.155638,-0.391075,-0.044064,0.065161,-0.551951,0.446859,-0.644635,-0.403953,0.358767,-0.216316,0.066420,0.916735,-0.367912,0.033537,-0.156048,-0.200952,-0.147690,-0.052995
-1.641239,-2.170958,0.725880,0.050005,0.060849,0.775530,0.626379,0.118558,0.092665,0.001758,0.866715,-0.157958,-0.197410,-0.742572,-0.078126,-0.226941,0.968441,-0.418466,-0.159011,-0.392178,-0.048352,0.059702,-0.529074,0.433340,-0.634553,-0.410310,0.345358,-0.218305,0.066829,0.920417,-0.357193,0.029934,-0.148069,-0.192704,-0.147554,-0.048551
-1.642452,-2.154307,0.727055,0.053430,0.062653,0.772256,0.629952,0.129180,0.086545,0.005624,0.885656,-0.114983,-0.199221,-0.727635,-0.090919,-0.244328,0.931911,-0.433366,-0.165467,-0.391570,-0.053873,0.055007,-0.503470,0.419172,-0.624091,-0.415617,0.335119,-0.222253,0.065905,0.921997,-0.347510,0.027818,-0.140617,-0.183650,-0.148251,-0.042719
-1.643631,-2.137635,0.727726,0.057113,0.064542,0.768750,0.633716,0.137817,0.080361,0.011081,0.908521,-0.077839,-0.201365,-0.712838,-0.103815,-0.260769,0.904431,-0.448338,-0.172031,-0.388685,-0.059569,0.050999,-0.477114,0.404496,-0.613438,-0.418111,0.326767,-0.227149,0.064082,0.921524,-0.338993,0.027357,-0.134181,-0.171528,-0.148134,-0.035739
-1.644887,-2.121154,0.727848,0.060362,0.066384,0.765010,0.637737,0.142854,0.075891,0.018474,0.935963,-0.049183,-0.200728,-0.699403,-0.112936,-0.272497,0.883265,-0.459444,-0.176315,-0.383059,-0.064408,0.047679,-0.451671,0.389498,-0.602644,-0.416194,0.319389,-0.231963,0.061867,0.918900,-0.331785,0.028784,-0.129214,-0.154129,-0.145524,-0.027889
-1.646097,-2.104933,0.727320,0.063325,0.068485,0.761049,0.641954,0.143826,0.072630,0.028019,0.968983,-0.029785,-0.194369,-0.686960,-0.118667,-0.277866,0.867171,-0.467280,-0.174439,-0.374837,-0.068996,0.044791,-0.425713,0.373960,-0.591709,-0.410432,0.314745,-0.237194,0.058926,0.913996,-0.326119,0.032619,-0.125646,-0.130349,-0.139933,-0.018765
-1.647312,-2.088945,0.725975,0.066248,0.070788,0.756853,0.646354,0.141657,0.070590,0.039596,1.007191,-0.018369,-0.183940,-0.675212,-0.123081,-0.278902,0.857984,-0.473424,-0.169310,-0.364270,-0.073541,0.042367,-0.398976,0.357852,-0.580475,-0.401209,0.312522,-0.243146,0.055137,0.906848,-0.322053,0.038645,-0.123194,-0.101504,-0.132073,-0.008597
-1.648606,-2.073290,0.724046,0.068609,0.072632,0.752405,0.651079,0.136932,0.072347,0.053025,1.049257,-0.014679,-0.173181,-0.665449,-0.124796,-0.277172,0.857684,-0.475585,-0.169023,-0.351391,-0.076555,0.041126,-0.372985,0.341501,-0.568940,-0.388260,0.310624,-0.248418,0.051594,0.897243,-0.319476,0.046087,-0.122046,-0.069174,-0.122133,0.001408
-1.650140,-2.057732,0.721521,0.069891,0.073353,0.747694,0.656268,0.130262,0.080164,0.068019,1.093926,-0.018392,-0.166120,-0.658950,-0.122260,-0.274332,0.868158,-0.471249,-0.181499,-0.336320,-0.076564,0.041815,-0.348844,0.325435,-0.557027,-0.371727,0.307215,-0.251585,0.049451,0.884856,-0.318172,0.054253,-0.122415,-0.034958,-0.110406,0.010100
-1.651156,-2.042956,0.718962,0.069865,0.073197,0.742609,0.662037,0.121824,0.095023,0.086915,1.141681,-0.032222,-0.164369,-0.658760,-0.114944,-0.269706,0.893510,-0.451886,-0.214570,-0.318674,-0.073313,0.043948,-0.326461,0.310010,-0.544106,-0.351611,0.301128,-0.251853,0.049007,0.869294,-0.317921,0.063268,-0.124267,0.003526,-0.095895,0.017839
-1.652207,-2.028223,0.715733,0.068881,0.072369,0.737186,0.668263,0.111778,0.115728,0.108751,1.193199,-0.055678,-0.165558,-0.663048,-0.103383,-0.264745,0.929993,-0.418292,-0.260211,-0.298646,-0.067593,0.047309,-0.304873,0.295386,-0.530207,-0.328533,0.293535,-0.250105,0.049777,0.850670,-0.318693,0.073480,-0.127497,0.046092,-0.078778,0.024695
-1.653925,-2.012999,0.711852,0.069828,0.071610,0.732703,0.673159,0.101813,0.134077,0.127825,1.244952,-0.081516,-0.164992,-0.666416,-0.098031,-0.255075,0.974494,-0.387707,-0.261800,-0.280991,-0.064833,0.052789,-0.283917,0.281894,-0.516054,-0.303718,0.286046,-0.247468,0.051756,0.829164,-0.320581,0.084569,-0.132032,0.087401,-0.061348,0.029375
-1.655289,-1.998084,0.707565,0.069759,0.068391,0.728036,0.678543,0.090143,0.157070,0.140181,1.298736,-0.106822,-0.164776,-0.663445,-0.084084,-0.249633,1.012142,-0.373638,-0.261800,-0.262043,-0.057995,0.061768,-0.263440,0.270064,-0.502287,-0.278387,0.280191,-0.245036,0.054854,0.805205,-0.323692,0.096319,-0.138073,0.122204,-0.046024,0.030934
-1.656150,-1.983455,0.702985,0.068331,0.061566,0.723093,0.684600,0.077809,0.186976,0.144458,1.355352,-0.130853,-0.167611,-0.651743,-0.061613,-0.250847,1.044738,-0.387252,-0.261800,-0.241481,-0.045099,0.075711,-0.243653,0.260420,-0.488623,-0.252160,0.274672,-0.243116,0.059784,0.778948,-0.328023,0.109191,-0.145644,0.150700,-0.034678,0.029194
-1.656398,-1.969036,0.698300,0.065826,0.052033,0.717884,0.691088,0.064609,0.222396,0.143055,1.414399,-0.155817,-0.173305,-0.634184,-0.033876,-0.255210,1.077266,-0.419647,-0.261800,-0.220068,-0.027254,0.093281,-0.223999,0.253235,-0.474376,-0.225335,0.269102,-0.241136,0.066424,0.749577,-0.333472,0.123541,-0.154401,0.175356,-0.025825,0.024951
-1.656163,-1.954696,0.693869,0.062605,0.041729,0.712449,0.697679,0.047791,0.258282,0.136545,1.473388,-0.181050,-0.177008,-0.613202,-0.004700,-0.259497,1.107181,-0.459227,-0.261800,-0.199154,-0.007314,0.111400,-0.203146,0.248595,-0.459651,-0.199966,0.266495,-0.238847,0.073426,0.715932,-0.340010,0.138924,-0.163906,0.194342,-0.016845,0.018904
-1.655581,-1.940561,0.689717,0.059052,0.032609,0.706892,0.704098,0.024254,0.289655,0.125326,1.530059,-0.205904,-0.173677,-0.591744,0.023450,-0.261842,1.131105,-0.493902,-0.261800,-0.179702,0.011593,0.127198,-0.179848,0.246438,-0.444643,-0.177964,0.269873,-0.235895,0.079390,0.677096,-0.347638,0.154845,-0.173900,0.205816,-0.005043,0.011677
-1.654955,-1.926685,0.685806,0.054601,0.024807,0.701082,0.710555,-0.008760,0.315838,0.107061,1.586001,-0.230623,-0.160544,-0.570771,0.052629,-0.263429,1.146661,-0.521140,-0.261800,-0.161037,0.029802,0.140051,-0.153999,0.246705,-0.429292,-0.158189,0.282556,-0.231994,0.084251,0.631665,-0.356708,0.172174,-0.184390,0.208545,0.011540,0.002079
-1.654549,-1.912933,0.682257,0.049284,0.017427,0.695010,0.717097,-0.049534,0.338280,0.081752,1.641564,-0.255010,-0.140991,-0.548855,0.083716,-0.264963,1.155796,-0.546815,-0.261800,-0.143154,0.048381,0.151397,-0.125792,0.249460,-0.412996,-0.140336,0.302101,-0.227318,0.088545,0.580296,-0.367141,0.191338,-0.195612,0.204127,0.031182,-0.009641
-1.654358,-1.899216,0.679200,0.044348,0.010823,0.689109,0.723219,-0.094818,0.356005,0.053425,1.693442,-0.278289,-0.118620,-0.525755,0.113114,-0.265364,1.161553,-0.571691,-0.261800,-0.127606,0.065276,0.161919,-0.094678,0.254698,-0.395556,-0.127442,0.322824,-0.222260,0.091799,0.525595,-0.377990,0.210936,-0.207847,0.194649,0.051087,-0.020621
-1.654026,-1.885527,0.676499,0.041007,0.005302,0.683851,0.728450,-0.141234,0.368770,0.026354,1.738458,-0.299932,-0.096839,-0.501053,0.137109,-0.263604,1.167054,-0.596611,-0.261800,-0.115363,0.078344,0.172534,-0.060655,0.262244,-0.377453,-0.122132,0.339046,-0.217269,0.093632,0.470506,-0.387901,0.228969,-0.221318,0.181681,0.068381,-0.027919
-1.653338,-1.872048,0.674116,0.039957,0.000953,0.679645,0.732451,-0.188836,0.375590,0.000548,1.776940,-0.320038,-0.074903,-0.473800,0.153781,-0.259954,1.173378,-0.622752,-0.261800,-0.106682,0.085977,0.184248,-0.024495,0.272148,-0.359511,-0.124314,0.350580,-0.212219,0.093744,0.414808,-0.396058,0.244736,-0.235950,0.161713,0.082909,-0.030535
-1.652390,-1.858645,0.672008,0.040446,-0.002410,0.676198,0.735605,-0.239042,0.376801,-0.025485,1.810406,-0.338823,-0.051479,-0.444439,0.165378,-0.255117,1.178836,-0.649391,-0.261800,-0.100184,0.089225,0.196555,0.013461,0.284359,-0.341772,-0.132214,0.360028,-0.206965,0.092451,0.357365,-0.402317,0.258839,-0.251187,0.134497,0.095944,-0.029627
-1.651328,-1.845287,0.670268,0.041543,-0.004858,0.672938,0.738515,-0.290383,0.374937,-0.049039,1.837316,-0.356094,-0.028345,-0.414414,0.174359,-0.248687,1.182302,-0.674571,-0.261800,-0.094131,0.090070,0.208026,0.053375,0.298165,-0.323897,-0.145367,0.365867,-0.201935,0.090349,0.299963,-0.406366,0.270970,-0.266459,0.106396,0.106596,-0.025781
-1.650276,-1.831800,0.669067,0.042304,-0.006471,0.669275,0.741781,-0.341488,0.372887,-0.067629,1.856052,-0.371670,-0.007298,-0.385205,0.183212,-0.240098,1.182739,-0.696329,-0.261800,-0.086456,0.090631,0.217011,0.094698,0.312378,-0.306045,-0.162438,0.366694,-0.197543,0.088049,0.244739,-0.407856,0.280450,-0.281244,0.083752,0.114031,-0.019778
-1.649151,-1.818353,0.668343,0.042610,-0.007177,0.665087,0.745515,-0.392936,0.371717,-0.080103,1.866522,-0.385873,0.011681,-0.357021,0.192345,-0.228852,1.179923,-0.714882,-0.261800,-0.076436,0.091319,0.222691,0.136619,0.326185,-0.289204,-0.182615,0.360768,-0.194004,0.085727,0.190966,-0.406696,0.286878,-0.294301,0.069400,0.117805,-0.011644
-1.647931,-1.805040,0.668131,0.042935,-0.006978,0.660667,0.749418,-0.444784,0.370167,-0.087513,1.869313,-0.398778,0.029302,-0.329021,0.200494,-0.215364,1.174477,-0.731130,-0.261800,-0.064786,0.091256,0.225669,0.178426,0.339371,-0.273555,-0.205013,0.349662,-0.191042,0.083053,0.137607,-0.403007,0.290420,-0.305248,0.059376,0.118368,-0.001179
-1.646643,-1.791550,0.668445,0.043217,-0.006060,0.656029,0.753473,-0.494952,0.367936,-0.090735,1.863883,-0.409879,0.044968,-0.301144,0.207619,-0.200313,1.166638,-0.744208,-0.261800,-0.051448,0.090671,0.226369,0.219386,0.351552,-0.258402,-0.227863,0.336931,-0.188335,0.079883,0.086737,-0.396814,0.290941,-0.315234,0.049852,0.116346,0.011098
-1.645213,-1.778038,0.669327,0.043375,-0.004615,0.651189,0.757661,-0.541417,0.364771,-0.090638,1.849748,-0.418664,0.058227,-0.273384,0.213632,-0.184385,1.156658,-0.753213,-0.261800,-0.036323,0.089801,0.225208,0.258641,0.362243,-0.243148,-0.249291,0.326188,-0.185586,0.076048,0.040621,-0.388152,0.288078,-0.325607,0.036933,0.112301,0.024703
-1.643615,-1.764396,0.670736,0.043193,-0.002545,0.646003,0.762108,-0.584515,0.362421,-0.086346,1.826558,-0.425483,0.069768,-0.245725,0.218778,-0.167313,1.143589,-0.758112,-0.261800,-0.018933,0.089096,0.221667,0.295872,0.371040,-0.227823,-0.268854,0.318298,-0.182891,0.071015,-0.000292,-0.376802,0.280440,-0.336735,0.019104,0.105821,0.040539
-1.641736,-1.750590,0.672589,0.042788,0.000219,0.640502,0.766764,-0.624598,0.360656,-0.077542,1.794549,-0.430658,0.079295,-0.218150,0.222823,-0.148812,1.127720,-0.759440,-0.261800,0.000408,0.088292,0.215546,0.331166,0.377897,-0.213063,-0.286926,0.311590,-0.180353,0.064983,-0.037969,-0.362894,0.268585,-0.347070,-0.001474,0.096621,0.058418
-1.639623,-1.736621,0.674915,0.042543,0.003419,0.634972,0.771355,-0.659852,0.356380,-0.066230,1.754149,-0.433562,0.085003,-0.190742,0.225079,-0.129650,1.111047,-0.756863,-0.261800,0.020434,0.086620,0.207945,0.364624,0.382970,-0.198853,-0.303337,0.305803,-0.177736,0.058854,-0.073302,-0.347329,0.255085,-0.355708,-0.023122,0.085497,0.076216
-1.637417,-1.722473,0.677613,0.042823,0.006789,0.629707,0.775621,-0.688714,0.346608,-0.054622,1.705821,-0.433500,0.085346,-0.163623,0.224960,-0.110756,1.095519,-0.750189,-0.261800,0.039772,0.083508,0.200202,0.396667,0.386490,-0.184879,-0.318457,0.300600,-0.174820,0.053499,-0.106408,-0.331451,0.242568,-0.362709,-0.043996,0.073412,0.091774
-1.635147,-1.708115,0.680626,0.043727,0.010530,0.624796,0.779492,-0.711173,0.331422,-0.042110,1.648409,-0.430390,0.082615,-0.136908,0.221965,-0.092042,1.080921,-0.739614,-0.261800,0.058363,0.078870,0.192629,0.427342,0.388469,-0.170680,-0.332988,0.296843,-0.171731,0.048564,-0.136284,-0.315910,0.230383,-0.369793,-0.064693,0.060147,0.105736
-1.632683,-1.693437,0.683909,0.045005,0.014662,0.620083,0.783107,-0.727991,0.312483,-0.028481,1.581925,-0.424649,0.076846,-0.110584,0.216565,-0.073369,1.066283,-0.725163,-0.261800,0.076741,0.073296,0.184860,0.456594,0.388864,-0.156556,-0.347038,0.294355,-0.168567,0.043729,-0.162469,-0.300867,0.217541,-0.377659,-0.085434,0.045440,0.118579
-1.630127,-1.678554,0.687416,0.046484,0.018632,0.615490,0.786552,-0.739066,0.289649,-0.017020,1.508478,-0.416346,0.063541,-0.084637,0.209949,-0.055435,1.052405,-0.705942,-0.261800,0.094392,0.067355,0.177351,0.484812,0.387877,-0.143055,-0.360160,0.291183,-0.165136,0.039940,-0.185266,-0.287045,0.206307,-0.385501,-0.103812,0.030437,0.128016
-1.627516,-1.663313,0.691118,0.047974,0.021853,0.610938,0.789921,-0.744386,0.262990,-0.011174,1.430032,-0.405509,0.038467,-0.058929,0.203347,-0.038924,1.040038,-0.681002,-0.261800,0.110833,0.061735,0.170626,0.512478,0.385729,-0.130585,-0.372151,0.285284,-0.161255,0.038155,-0.204514,-0.275404,0.199047,-0.393042,-0.117306,0.016414,0.131750
-1.624729,-1.647820,0.694818,0.049752,0.024300,0.606422,0.793213,-0.742032,0.230525,-0.012943,1.342253,-0.389979,-0.002811,-0.032831,0.196161,-0.023809,1.029168,-0.649511,-0.261800,0.126317,0.056195,0.165199,0.539803,0.382503,-0.119111,-0.382937,0.275112,-0.156992,0.039196,-0.219229,-0.266595,0.196431,-0.400912,-0.124395,0.003841,0.127485
-1.621647,-1.632142,0.698480,0.051728,0.026151,0.601950,0.796428,-0.732475,0.194181,-0.021534,1.245093,-0.371235,-0.055706,-0.006532,0.188298,-0.009908,1.019282,-0.611963,-0.261800,0.141280,0.051016,0.160864,0.566302,0.378158,-0.108575,-0.392794,0.262022,-0.152473,0.042391,-0.228793,-0.260638,0.197198,-0.410204,-0.126465,-0.007811,0.116950
-1.618385,-1.616167,0.702067,0.053235,0.027188,0.597478,0.799654,-0.719226,0.159574,-0.035363,1.146961,-0.354313,-0.111202,0.019011,0.181514,0.002302,1.010351,-0.569652,-0.261800,0.155443,0.047440,0.156999,0.591519,0.372740,-0.099232,-0.402223,0.248342,-0.147581,0.046474,-0.233745,-0.257447,0.200847,-0.420907,-0.125423,-0.018786,0.104001
-1.614818,-1.599989,0.705456,0.053672,0.027259,0.592984,0.802961,-0.706114,0.131532,-0.051557,1.056646,-0.343369,-0.161016,0.042807,0.177361,0.012396,1.002401,-0.523761,-0.261800,0.168441,0.046483,0.152953,0.615041,0.366320,-0.091326,-0.411725,0.236389,-0.142146,0.050172,-0.234683,-0.256859,0.206835,-0.433059,-0.123112,-0.029326,0.092461
-1.611203,-1.583670,0.708530,0.053214,0.026261,0.588435,0.806364,-0.692777,0.108633,-0.070331,0.972921,-0.338790,-0.206909,0.065459,0.174962,0.020753,0.995080,-0.473081,-0.256012,0.180474,0.047785,0.148906,0.638023,0.358801,-0.084725,-0.421770,0.226469,-0.135357,0.054136,-0.231219,-0.259111,0.215867,-0.446699,-0.118600,-0.039601,0.081253
-1.607596,-1.567178,0.711320,0.052858,0.024852,0.583929,0.809700,-0.676771,0.087561,-0.090356,0.890676,-0.337561,-0.251276,0.086923,0.171031,0.029246,0.989772,-0.418434,-0.233225,0.191411,0.049260,0.145436,0.660259,0.350165,-0.079362,-0.432049,0.217502,-0.127567,0.058716,-0.223208,-0.264328,0.227846,-0.461923,-0.111372,-0.049530,0.069103
-1.604158,-1.550428,0.713683,0.053858,0.024304,0.579999,0.812471,-0.658725,0.065357,-0.102933,0.812766,-0.337259,-0.261800,0.105513,0.163142,0.037137,0.989812,-0.364705,-0.207108,0.199479,0.047915,0.142949,0.679385,0.340815,-0.075495,-0.441896,0.209709,-0.120280,0.062167,-0.211846,-0.272014,0.241013,-0.478503,-0.103913,-0.058863,0.059562
-1.600683,-1.533821,0.715655,0.054446,0.024042,0.576302,0.815067,-0.642963,0.048536,-0.110635,0.748079,-0.338282,-0.261800,0.119858,0.156270,0.044246,0.994380,-0.313083,-0.180366,0.205275,0.047098,0.140121,0.693149,0.331499,-0.073362,-0.450600,0.203235,-0.114938,0.062776,-0.198315,-0.281275,0.253554,-0.496137,-0.098776,-0.067266,0.056231
-1.596951,-1.517476,0.717278,0.053556,0.024019,0.572849,0.817557,-0.633519,0.040467,-0.112715,0.702289,-0.341966,-0.261800,0.128356,0.153384,0.050970,1.003056,-0.260479,-0.152837,0.209065,0.047885,0.135353,0.701547,0.322642,-0.072897,-0.458211,0.197637,-0.111770,0.059593,-0.182729,-0.291615,0.265175,-0.514968,-0.097801,-0.074299,0.061090
-1.593141,-1.501377,0.718545,0.051500,0.024120,0.569682,0.819895,-0.629179,0.038646,-0.109935,0.672472,-0.348621,-0.261800,0.132012,0.153895,0.057289,1.015425,-0.206550,-0.123674,0.210970,0.049753,0.129008,0.705692,0.314431,-0.073936,-0.464939,0.192830,-0.109956,0.053783,-0.164932,-0.302991,0.276555,-0.534535,-0.099382,-0.080260,0.072030
-1.589269,-1.485533,0.719430,0.049096,0.024220,0.566806,0.822030,-0.626590,0.040059,-0.103248,0.654275,-0.356964,-0.261800,0.132496,0.154972,0.061560,1.032026,-0.157235,-0.094394,0.210671,0.052159,0.122645,0.704955,0.307412,-0.076513,-0.470429,0.189416,-0.109365,0.046810,-0.145495,-0.315056,0.287363,-0.553692,-0.100938,-0.085877,0.086522
-1.585346,-1.469843,0.719863,0.047122,0.024131,0.564183,0.823951,-0.622206,0.042060,-0.094186,0.643073,-0.365574,-0.261800,0.131440,0.153514,0.061853,1.053452,-0.118402,-0.067054,0.208065,0.054589,0.117827,0.698710,0.302394,-0.080690,-0.474350,0.187910,-0.109861,0.040209,-0.124793,-0.327308,0.297106,-0.571371,-0.099955,-0.091828,0.102131
-1.581387,-1.454238,0.719649,0.045361,0.023611,0.561818,0.825679,-0.615332,0.046958,-0.079906,0.639814,-0.378598,-0.261800,0.129605,0.149990,0.057723,1.079478,-0.090461,-0.039984,0.203440,0.057687,0.114362,0.686372,0.300090,-0.087025,-0.476909,0.188683,-0.111763,0.033814,-0.102120,-0.339337,0.305423,-0.588071,-0.096512,-0.098493,0.120059
-1.577481,-1.438896,0.718839,0.043580,0.022839,0.559708,0.827228,-0.607769,0.055354,-0.060519,0.646589,-0.395589,-0.261800,0.125840,0.144805,0.049718,1.110407,-0.070616,-0.013504,0.197258,0.061209,0.111489,0.668163,0.300683,-0.095533,-0.477984,0.191040,-0.114976,0.027224,-0.077283,-0.351031,0.312200,-0.603968,-0.091778,-0.105391,0.141166
-1.573452,-1.423810,0.717309,0.042491,0.022251,0.557819,0.828576,-0.599870,0.061929,-0.042449,0.660223,-0.407880,-0.261800,0.119043,0.134364,0.037201,1.147341,-0.059734,0.006962,0.189581,0.063384,0.109888,0.644702,0.304023,-0.105459,-0.476891,0.193954,-0.118761,0.021603,-0.051266,-0.362334,0.317380,-0.617648,-0.084921,-0.111838,0.162481
-1.569488,-1.409002,0.715460,0.042788,0.022333,0.556174,0.829663,-0.592364,0.061057,-0.032340,0.677309,-0.406533,-0.261800,0.108276,0.114982,0.019664,1.191012,-0.058700,0.016077,0.180157,0.062398,0.110129,0.616771,0.309720,-0.115938,-0.472994,0.196502,-0.122387,0.018056,-0.025251,-0.373194,0.321105,-0.627620,-0.075164,-0.117150,0.181011
-1.566125,-1.394780,0.713866,0.044908,0.023613,0.554966,0.830324,-0.585345,0.048067,-0.034941,0.696069,-0.379250,-0.261800,0.093498,0.081496,-0.005923,1.243141,-0.071495,0.010277,0.168258,0.056861,0.111915,0.583746,0.317295,-0.127023,-0.466282,0.199745,-0.126009,0.016553,0.000058,-0.383613,0.324242,-0.633560,-0.059156,-0.121187,0.195893
-1.562737,-1.380470,0.711693,0.048535,0.025743,0.554128,0.830617,-0.578188,0.026481,-0.044947,0.717956,-0.333777,-0.261800,0.076474,0.036032,-0.037030,1.302456,-0.096912,-0.006934,0.153985,0.047779,0.114981,0.545596,0.326469,-0.139056,-0.457174,0.203840,-0.129934,0.016582,0.024994,-0.393477,0.326823,-0.635828,-0.038387,-0.124182,0.208726
-1.559183,-1.365901,0.708758,0.053125,0.027903,0.553324,0.830802,-0.571000,0.003043,-0.054527,0.744619,-0.291242,-0.261800,0.058368,-0.013326,-0.066158,1.365075,-0.127959,-0.029957,0.138246,0.037000,0.119838,0.504013,0.337211,-0.151625,-0.445928,0.206530,-0.133641,0.018499,0.050032,-0.402485,0.327707,-0.634101,-0.019433,-0.126179,0.220189
-1.555550,-1.351616,0.705406,0.057920,0.029230,0.552245,0.831154,-0.564354,-0.015318,-0.057418,0.777976,-0.272504,-0.261800,0.038983,-0.057676,-0.087205,1.427281,-0.157121,-0.053542,0.122040,0.026682,0.126888,0.460480,0.349705,-0.164504,-0.432605,0.205508,-0.136601,0.022673,0.075935,-0.410222,0.325588,-0.628162,-0.008891,-0.127371,0.230950
-1.551842,-1.337816,0.701571,0.062966,0.029125,0.550718,0.831803,-0.559565,-0.026233,-0.052377,0.823603,-0.287294,-0.261800,0.018074,-0.095425,-0.099721,1.490314,-0.183351,-0.079012,0.105665,0.017214,0.137392,0.414090,0.363949,-0.178114,-0.416614,0.196944,-0.139301,0.030226,0.102971,-0.416130,0.319382,-0.616716,-0.006206,-0.129707,0.243665
-1.548132,-1.324327,0.697628,0.068469,0.028115,0.548885,0.832614,-0.555646,-0.032930,-0.043594,0.878563,-0.323039,-0.261800,-0.004758,-0.130099,-0.106904,1.555333,-0.210303,-0.108131,0.088941,0.007393,0.150630,0.364114,0.379819,-0.192861,-0.397976,0.183056,-0.141917,0.040705,0.130767,-0.419942,0.309961,-0.600149,-0.008652,-0.132664,0.257231
-1.544692,-1.310958,0.694001,0.075678,0.028032,0.547334,0.833014,-0.548495,-0.042923,-0.027811,0.929148,-0.365254,-0.235630,-0.030381,-0.164773,-0.107082,1.619727,-0.238098,-0.134155,0.071037,-0.006691,0.164564,0.312115,0.397443,-0.208726,-0.377587,0.170590,-0.143374,0.052131,0.159252,-0.421812,0.298880,-0.580875,-0.019627,-0.132840,0.266596
-1.541124,-1.297884,0.690657,0.081798,0.028597,0.545906,0.833354,-0.538725,-0.052056,-0.014149,0.969831,-0.403539,-0.214772,-0.060980,-0.192784,-0.102983,1.678511,-0.263913,-0.155296,0.053111,-0.020209,0.175690,0.259561,0.417119,-0.225886,-0.356221,0.166228,-0.142393,0.062582,0.188609,-0.422214,0.287596,-0.561574,-0.042554,-0.126704,0.266757
-1.537315,-1.284868,0.687587,0.086450,0.030173,0.544864,0.833510,-0.526853,-0.060268,-0.002859,0.998788,-0.436397,-0.203251,-0.098654,-0.212631,-0.094417,1.732045,-0.286836,-0.170683,0.034478,-0.032485,0.183218,0.204669,0.439591,-0.246056,-0.332300,0.173255,-0.137620,0.073641,0.218751,-0.421108,0.276041,-0.540962,-0.084543,-0.112566,0.255834
-1.533122,-1.272248,0.684676,0.090235,0.032386,0.544063,0.833549,-0.513641,-0.067486,0.008203,1.020931,-0.469828,-0.196347,-0.142367,-0.225398,-0.081469,1.782111,-0.307478,-0.181994,0.015334,-0.044315,0.188659,0.146806,0.464731,-0.269794,-0.306218,0.187153,-0.129809,0.085831,0.250047,-0.418274,0.263416,-0.518720,-0.141219,-0.091619,0.237531
-1.528563,-1.259812,0.682017,0.093349,0.034652,0.543026,0.833791,-0.498428,-0.073658,0.019002,1.037945,-0.502886,-0.191604,-0.189109,-0.232454,-0.066037,1.826955,-0.326478,-0.189707,-0.003128,-0.055891,0.192778,0.089495,0.491183,-0.294859,-0.281677,0.203252,-0.120881,0.095330,0.283029,-0.414290,0.250498,-0.498713,-0.198806,-0.064765,0.215014
-1.523915,-1.247282,0.679659,0.096008,0.036389,0.541285,0.834547,-0.480284,-0.078570,0.029188,1.051395,-0.534603,-0.186745,-0.235846,-0.235506,-0.050366,1.864781,-0.344535,-0.194872,-0.020176,-0.067098,0.196482,0.036971,0.517157,-0.317719,-0.262211,0.217487,-0.113079,0.097995,0.317848,-0.410405,0.238551,-0.484653,-0.243802,-0.033697,0.190407
-1.519302,-1.234625,0.677612,0.098311,0.037490,0.538542,0.836003,-0.458452,-0.081728,0.038764,1.061558,-0.565621,-0.181867,-0.283051,-0.233724,-0.033286,1.895787,-0.361670,-0.196540,-0.035564,-0.077404,0.200091,-0.010950,0.542066,-0.337659,-0.246823,0.233242,-0.107181,0.090918,0.354966,-0.408114,0.228801,-0.478488,-0.278331,0.005390,0.159925
-1.514556,-1.221757,0.676014,0.100158,0.038243,0.535120,0.837945,-0.433352,-0.083055,0.047655,1.067686,-0.596282,-0.178251,-0.331746,-0.226736,-0.014865,1.920716,-0.377429,-0.194806,-0.050271,-0.086321,0.203355,-0.055876,0.565994,-0.355721,-0.233895,0.251828,-0.102378,0.076480,0.394276,-0.407929,0.220627,-0.478377,-0.306434,0.052223,0.123426
-1.509492,-1.208708,0.674951,0.101485,0.038652,0.531474,0.840085,-0.405769,-0.083000,0.055277,1.069778,-0.625112,-0.175454,-0.379952,-0.217288,0.001352,1.938583,-0.391832,-0.192166,-0.065356,-0.093740,0.206214,-0.095675,0.588323,-0.370286,-0.225475,0.266347,-0.098521,0.058472,0.434967,-0.409521,0.212384,-0.481982,-0.318704,0.097509,0.086764
-1.504169,-1.195761,0.674373,0.102215,0.038718,0.528060,0.842143,-0.376593,-0.082124,0.061150,1.067888,-0.650671,-0.172864,-0.425878,-0.208377,0.012032,1.948319,-0.404886,-0.191141,-0.081969,-0.099538,0.208396,-0.128094,0.608172,-0.379393,-0.223204,0.270107,-0.095135,0.040635,0.476034,-0.412199,0.202498,-0.486691,-0.307022,0.131179,0.055062
-1.498532,-1.182931,0.674314,0.102394,0.038234,0.524923,0.844103,-0.345294,-0.080405,0.065314,1.061513,-0.673353,-0.170193,-0.469397,-0.200671,0.016343,1.949537,-0.417210,-0.191725,-0.100020,-0.103484,0.210105,-0.153066,0.625046,-0.381717,-0.226672,0.259166,-0.091940,0.021434,0.518741,-0.415629,0.189696,-0.493382,-0.259378,0.149153,0.026966
-1.492498,-1.170223,0.674595,0.102043,0.037248,0.521859,0.846087,-0.311685,-0.077506,0.068076,1.050806,-0.693692,-0.167950,-0.511238,-0.193034,0.015905,1.942716,-0.428648,-0.192787,-0.118727,-0.105461,0.211193,-0.172101,0.639029,-0.378629,-0.234033,0.238234,-0.088818,-0.000227,0.563675,-0.419918,0.174459,-0.502942,-0.184220,0.155422,0.000008
-1.486175,-1.157624,0.675335,0.101022,0.036142,0.518946,0.848046,-0.277190,-0.073571,0.069417,1.036733,-0.710361,-0.166502,-0.550944,-0.185699,0.011172,1.927999,-0.438072,-0.195114,-0.138200,-0.105563,0.210790,-0.186079,0.650208,-0.372378,-0.244010,0.213279,-0.085483,-0.019920,0.608814,-0.424924,0.157886,-0.512555,-0.105161,0.153170,-0.021639
-1.479587,-1.145182,0.676507,0.099183,0.035304,0.516261,0.849936,-0.243264,-0.068751,0.069316,1.020312,-0.722089,-0.166104,-0.588009,-0.178862,0.002626,1.905583,-0.444414,-0.199448,-0.158483,-0.103921,0.208081,-0.195812,0.658701,-0.365277,-0.255532,0.190333,-0.082015,-0.033306,0.652048,-0.430304,0.141198,-0.519411,-0.045671,0.147239,-0.034188
-1.472646,-1.132479,0.678181,0.096179,0.034817,0.513936,0.851708,-0.209874,-0.062592,0.067605,1.000417,-0.729603,-0.166473,-0.622786,-0.173327,-0.011217,1.875102,-0.447238,-0.206995,-0.179782,-0.099923,0.202508,-0.200811,0.664455,-0.357277,-0.268750,0.169822,-0.078598,-0.038353,0.693504,-0.435718,0.123856,-0.522915,-0.011605,0.138603,-0.033861
-1.465493,-1.119606,0.680259,0.092141,0.034465,0.511883,0.853404,-0.176535,-0.054989,0.064534,0.977038,-0.733280,-0.167627,-0.654845,-0.168605,-0.030416,1.836483,-0.447576,-0.216665,-0.201713,-0.093579,0.194747,-0.201140,0.667414,-0.347632,-0.283799,0.148956,-0.075344,-0.037604,0.734469,-0.440884,0.105251,-0.524718,0.009415,0.126081,-0.023270
-1.457983,-1.106687,0.682833,0.087643,0.034200,0.509835,0.855113,-0.143965,-0.046709,0.060639,0.952922,-0.731169,-0.169999,-0.682720,-0.162888,-0.052121,1.790353,-0.446473,-0.225901,-0.223284,-0.086025,0.185887,-0.198610,0.667829,-0.337774,-0.299715,0.128886,-0.072437,-0.033674,0.774425,-0.445588,0.086496,-0.525328,0.021589,0.111520,-0.009026
-1.450038,-1.093626,0.685731,0.083280,0.033986,0.507526,0.856929,-0.112808,-0.038627,0.056330,0.930789,-0.721375,-0.173796,-0.705289,-0.154458,-0.073122,1.737288,-0.444747,-0.232323,-0.243413,-0.078591,0.176938,-0.194629,0.666091,-0.329159,-0.315993,0.110941,-0.069946,-0.029159,0.812665,-0.449667,0.068817,-0.525061,0.028807,0.096555,0.002321
-1.441809,-1.080474,0.688851,0.078953,0.033811,0.504855,0.858920,-0.082724,-0.030563,0.051499,0.910545,-0.703219,-0.179422,-0.722411,-0.142629,-0.092612,1.675901,-0.442240,-0.236393,-0.261720,-0.071327,0.168001,-0.189141,0.662419,-0.322169,-0.333109,0.095094,-0.067373,-0.023143,0.849121,-0.453290,0.052286,-0.523765,0.028050,0.080117,0.010250
-1.433321,-1.067180,0.692200,0.074424,0.033708,0.501959,0.861024,-0.053583,-0.022334,0.045862,0.891113,-0.677797,-0.186284,-0.734676,-0.128282,-0.112447,1.606277,-0.438740,-0.239581,-0.278630,-0.063709,0.158665,-0.181451,0.656853,-0.316105,-0.351462,0.080691,-0.064893,-0.014726,0.884086,-0.456527,0.036369,-0.521333,0.018577,0.061626,0.017571
-1.424536,-1.053928,0.695617,0.070130,0.033725,0.498952,0.863129,-0.026222,-0.014887,0.039485,0.873780,-0.646034,-0.193125,-0.742435,-0.112517,-0.131038,1.531068,-0.434596,-0.239251,-0.294280,-0.056394,0.149113,-0.172441,0.649619,-0.310943,-0.370151,0.067982,-0.063456,-0.006599,0.917303,-0.459070,0.021392,-0.518146,0.007310,0.043559,0.023036
-1.415388,-1.040715,0.699086,0.066523,0.033911,0.495960,0.865129,-0.001391,-0.009203,0.032466,0.859766,-0.608765,-0.198818,-0.746114,-0.096532,-0.146882,1.452786,-0.429978,-0.232922,-0.308766,-0.050174,0.139489,-0.163208,0.641082,-0.306808,-0.388135,0.057142,-0.063935,-0.001458,0.948387,-0.460325,0.007781,-0.514461,0.000997,0.028504,0.025745
-1.406012,-1.027512,0.702526,0.063594,0.034223,0.492937,0.867063,0.021108,-0.005230,0.025030,0.848905,-0.563933,-0.203639,-0.744496,-0.079179,-0.159305,1.367310,-0.423599,-0.217025,-0.321939,-0.045273,0.129898,-0.153663,0.631490,-0.303673,-0.405893,0.048202,-0.066608,-0.000471,0.977239,-0.459765,-0.004397,-0.509898,0.000893,0.017042,0.025048
-1.396464,-1.014171,0.705840,0.061216,0.034673,0.489862,0.868956,0.041721,-0.002911,0.016944,0.840565,-0.511796,-0.208385,-0.737783,-0.060688,-0.168678,1.274275,-0.415502,-0.194343,-0.333568,-0.041604,0.120281,-0.143555,0.620939,-0.301793,-0.423868,0.040946,-0.070909,-0.002050,1.004012,-0.457343,-0.015370,-0.504490,0.003252,0.007830,0.021862
-1.386763,-1.000872,0.709061,0.059656,0.035390,0.486903,0.870698,0.060008,-0.003125,0.007708,0.835457,-0.456575,-0.212893,-0.728651,-0.044167,-0.175484,1.182150,-0.407763,-0.171666,-0.343725,-0.039471,0.110489,-0.133552,0.609560,-0.301627,-0.441091,0.035249,-0.076427,-0.004745,1.028757,-0.453211,-0.025091,-0.499171,0.007303,0.000604,0.017766
-1.377081,-0.987606,0.711986,0.059138,0.036496,0.484211,0.872187,0.075489,-0.006613,-0.003107,0.834297,-0.402357,-0.216916,-0.720045,-0.032388,-0.180668,1.100026,-0.402536,-0.155382,-0.352525,-0.039073,0.100365,-0.124217,0.597498,-0.303544,-0.456650,0.030987,-0.082770,-0.007090,1.051554,-0.447646,-0.033519,-0.494922,0.012348,-0.004892,0.014273
-1.367327,-0.974386,0.714444,0.059865,0.038217,0.481933,0.873325,0.087864,-0.014459,-0.015951,0.836739,-0.348063,-0.219658,-0.712886,-0.026579,-0.185056,1.028863,-0.400512,-0.146822,-0.360449,-0.040855,0.089392,-0.115311,0.584858,-0.307686,-0.470580,0.028120,-0.090416,-0.008458,1.072721,-0.440686,-0.040543,-0.492082,0.019256,-0.007807,0.010825
-1.357558,-0.961119,0.716381,0.061674,0.040438,0.479945,0.874193,0.097576,-0.026217,-0.030410,0.842278,-0.291901,-0.222369,-0.705898,-0.024894,-0.188291,0.964693,-0.400540,-0.142359,-0.367397,-0.044622,0.077753,-0.106463,0.571665,-0.313744,-0.483410,0.026678,-0.099387,-0.009679,1.092118,-0.432306,-0.046139,-0.490191,0.028083,-0.008339,0.006889
-1.347873,-0.947766,0.718017,0.064184,0.042747,0.477980,0.874979,0.105259,-0.040240,-0.045658,0.851424,-0.236978,-0.227465,-0.698998,-0.025250,-0.189757,0.909766,-0.402207,-0.140698,-0.372561,-0.049483,0.066386,-0.098062,0.557918,-0.321369,-0.494924,0.026624,-0.108621,-0.011461,1.108989,-0.422850,-0.050410,-0.488839,0.037022,-0.008261,0.003996
-1.338148,-0.934441,0.719202,0.066992,0.044726,0.475773,0.875872,0.111487,-0.054881,-0.060975,0.864928,-0.186705,-0.236884,-0.692059,-0.025632,-0.188761,0.866380,-0.405129,-0.140663,-0.375207,-0.054514,0.056245,-0.090397,0.543595,-0.330070,-0.504923,0.027895,-0.117059,-0.014527,1.122591,-0.412905,-0.053421,-0.487600,0.044313,-0.009305,0.003649
-1.328514,-0.921148,0.719947,0.070481,0.046381,0.473318,0.876841,0.116760,-0.072434,-0.078386,0.883102,-0.140419,-0.251724,-0.685017,-0.026717,-0.183806,0.836073,-0.413003,-0.141395,-0.375525,-0.060338,0.047103,-0.082807,0.528656,-0.339903,-0.513820,0.030541,-0.124613,-0.018694,1.133285,-0.402921,-0.055202,-0.486571,0.049677,-0.012075,0.006421
-1.319064,-0.907991,0.720193,0.074994,0.048053,0.470712,0.877779,0.120900,-0.093491,-0.095159,0.905104,-0.096725,-0.261800,-0.678698,-0.030009,-0.175026,0.818513,-0.425360,-0.143338,-0.374047,-0.067695,0.038382,-0.075145,0.513102,-0.350822,-0.521631,0.034549,-0.131807,-0.023712,1.141236,-0.393062,-0.055661,-0.485830,0.054162,-0.015551,0.011349
-1.309771,-0.894686,0.720019,0.080296,0.049913,0.467841,0.878741,0.123291,-0.113686,-0.104673,0.929782,-0.057618,-0.261800,-0.674519,-0.035271,-0.163641,0.814084,-0.435850,-0.147655,-0.370560,-0.076425,0.030401,-0.068277,0.496977,-0.362125,-0.527679,0.039822,-0.138509,-0.030194,1.145428,-0.383575,-0.054792,-0.484940,0.058005,-0.019005,0.017650
-1.300691,-0.881394,0.719400,0.084332,0.051296,0.464630,0.879986,0.122321,-0.126015,-0.106459,0.958805,-0.027159,-0.261800,-0.671736,-0.038124,-0.154441,0.818978,-0.436180,-0.156859,-0.364659,-0.082679,0.024691,-0.062911,0.480349,-0.372935,-0.531445,0.046241,-0.144596,-0.038751,1.144652,-0.374761,-0.052497,-0.483267,0.061447,-0.021723,0.024520
-1.291820,-0.868747,0.718582,0.086840,0.052547,0.461075,0.881537,0.116990,-0.129548,-0.099012,0.992514,-0.005152,-0.261800,-0.671680,-0.038509,-0.148078,0.834931,-0.417341,-0.172185,-0.356338,-0.086005,0.020696,-0.058781,0.463208,-0.383067,-0.533560,0.053049,-0.150006,-0.049593,1.138090,-0.366848,-0.048664,-0.480252,0.064319,-0.023153,0.032539
-1.283121,-0.856583,0.717242,0.088393,0.053657,0.457283,0.883289,0.107926,-0.126596,-0.084871,1.031060,0.009749,-0.261800,-0.673521,-0.037558,-0.143716,0.861310,-0.384714,-0.191966,-0.346095,-0.087416,0.018105,-0.055324,0.445571,-0.392655,-0.534209,0.060536,-0.154865,-0.062383,1.126367,-0.359931,-0.043351,-0.476180,0.066682,-0.023788,0.041776
-1.274574,-0.844368,0.715075,0.089142,0.053919,0.453370,0.885213,0.096464,-0.116950,-0.067173,1.074262,0.016581,-0.261800,-0.674413,-0.034788,-0.141930,0.893225,-0.352885,-0.214142,-0.334475,-0.087132,0.018090,-0.052691,0.427602,-0.401197,-0.532381,0.070112,-0.159359,-0.076887,1.110432,-0.354072,-0.036748,-0.471845,0.069130,-0.024480,0.050670
-1.266093,-0.831674,0.711969,0.089215,0.052617,0.449408,0.887302,0.084126,-0.100831,-0.049406,1.121869,0.013920,-0.261800,-0.671781,-0.029497,-0.142549,0.926773,-0.337432,-0.237617,-0.321944,-0.085299,0.021889,-0.050950,0.409557,-0.408142,-0.527130,0.083189,-0.163717,-0.092832,1.091208,-0.349344,-0.029050,-0.468031,0.072249,-0.026085,0.057681
-1.257569,-0.819569,0.708476,0.089006,0.049401,0.445418,0.889517,0.072327,-0.077001,-0.030243,1.174818,-0.001263,-0.261800,-0.666067,-0.022292,-0.143973,0.966335,-0.345626,-0.261800,-0.308787,-0.082383,0.030416,-0.049945,0.391512,-0.412373,-0.519403,0.100869,-0.168338,-0.112452,1.068860,-0.345560,-0.020359,-0.464762,0.076750,-0.029443,0.063361
-1.249342,-0.807893,0.704736,0.089797,0.045161,0.441990,0.891371,0.060840,-0.049739,-0.010011,1.231466,-0.026109,-0.261800,-0.658986,-0.017247,-0.140648,1.015035,-0.369798,-0.261800,-0.296459,-0.080812,0.042257,-0.049555,0.373482,-0.414330,-0.509557,0.122111,-0.173262,-0.135035,1.042597,-0.342655,-0.010489,-0.461454,0.082168,-0.033900,0.068230
-1.240783,-0.796617,0.700809,0.089468,0.039884,0.438470,0.893392,0.047750,-0.018016,0.006906,1.290499,-0.056016,-0.261800,-0.648216,-0.008136,-0.139270,1.060968,-0.400094,-0.261800,-0.283371,-0.076876,0.056563,-0.049701,0.355748,-0.415596,-0.495846,0.145125,-0.178022,-0.155903,1.011814,-0.340960,0.001069,-0.458015,0.087402,-0.038076,0.070639
-1.231753,-0.785876,0.696949,0.087321,0.034057,0.434830,0.895622,0.030981,0.015085,0.015772,1.349151,-0.084679,-0.261800,-0.632491,0.006040,-0.141438,1.095678,-0.428676,-0.261800,-0.269702,-0.069685,0.071706,-0.049982,0.338735,-0.417532,-0.476769,0.168166,-0.181879,-0.170351,0.975590,-0.341003,0.014931,-0.454099,0.091422,-0.040620,0.068855
-1.222471,-0.775392,0.693335,0.082453,0.027164,0.430953,0.898189,0.009859,0.051200,0.014508,1.408433,-0.111150,-0.261800,-0.610234,0.027180,-0.148778,1.116410,-0.455595,-0.261800,-0.255464,-0.057743,0.088508,-0.050022,0.322676,-0.419974,-0.451192,0.189293,-0.184807,-0.177847,0.932118,-0.343368,0.032744,-0.448653,0.095143,-0.041137,0.059741
-1.213272,-0.765019,0.689947,0.075326,0.019131,0.426847,0.900978,-0.014840,0.090812,0.005112,1.468904,-0.138357,-0.261800,-0.582508,0.053856,-0.159538,1.128050,-0.484681,-0.261800,-0.241506,-0.041587,0.107069,-0.049251,0.307700,-0.421475,-0.420833,0.209947,-0.186890,-0.180614,0.881441,-0.347966,0.054308,-0.441662,0.099100,-0.040441,0.044813
-1.204114,-0.754636,0.686869,0.067353,0.011142,0.422707,0.903691,-0.043436,0.128791,-0.010774,1.527217,-0.165624,-0.261800,-0.552253,0.082068,-0.170373,1.133757,-0.513685,-0.261800,-0.228818,-0.023716,0.124847,-0.047130,0.294135,-0.421854,-0.388386,0.233474,-0.187351,-0.178079,0.825843,-0.354043,0.077295,-0.434905,0.101555,-0.038912,0.029447
-1.195155,-0.744627,0.684187,0.059989,0.004399,0.418772,0.906097,-0.076350,0.160093,-0.031221,1.580394,-0.192506,-0.261800,-0.522718,0.107867,-0.178646,1.136831,-0.540355,-0.261800,-0.217628,-0.006868,0.139596,-0.043465,0.282376,-0.421617,-0.356516,0.263148,-0.185327,-0.169655,0.768305,-0.360495,0.098974,-0.430597,0.100454,-0.036821,0.019273
-1.186142,-0.734565,0.681894,0.054304,-0.000181,0.415509,0.907966,-0.116018,0.182035,-0.055044,1.629029,-0.218663,-0.255356,-0.495586,0.128221,-0.183605,1.139161,-0.565546,-0.261800,-0.207997,0.006087,0.150095,-0.038963,0.272611,-0.422055,-0.323059,0.301562,-0.179182,-0.151319,0.708128,-0.366717,0.119418,-0.429190,0.094246,-0.032885,0.015556
-1.177153,-0.724251,0.679956,0.051387,-0.002426,0.413119,0.909223,-0.162987,0.200845,-0.071549,1.673523,-0.243139,-0.216241,-0.470326,0.140665,-0.184412,1.142538,-0.592086,-0.261800,-0.199873,0.012733,0.156910,-0.033665,0.264918,-0.423195,-0.287531,0.346100,-0.168942,-0.124922,0.644601,-0.372399,0.139579,-0.429781,0.084050,-0.027383,0.015634
-1.168074,-0.714051,0.678229,0.049206,-0.003943,0.410717,0.910425,-0.212618,0.215279,-0.088469,1.712530,-0.267177,-0.175712,-0.444751,0.151366,-0.183428,1.143711,-0.617041,-0.261800,-0.191400,0.018024,0.162336,-0.026892,0.259471,-0.424179,-0.255022,0.392245,-0.156647,-0.098555,0.581040,-0.377054,0.157721,-0.432621,0.071531,-0.022917,0.019455
-1.158833,-0.703861,0.676760,0.047737,-0.005340,0.407793,0.911810,-0.261051,0.228253,-0.101999,1.743691,-0.290277,-0.137854,-0.418138,0.161200,-0.179991,1.143335,-0.639606,-0.261800,-0.181353,0.022750,0.167505,-0.018176,0.256523,-0.424324,-0.230353,0.435874,-0.145224,-0.079989,0.520453,-0.380204,0.172345,-0.437397,0.058236,-0.022121,0.026984
-1.149718,-0.693831,0.675632,0.047228,-0.006837,0.404327,0.913369,-0.307719,0.240580,-0.110943,1.766899,-0.312934,-0.103237,-0.389815,0.169842,-0.173752,1.141806,-0.660126,-0.261800,-0.169275,0.026575,0.172955,-0.007756,0.256451,-0.424518,-0.214354,0.480895,-0.134212,-0.069473,0.462022,-0.381597,0.183216,-0.443558,0.044134,-0.026714,0.039829
-1.140661,-0.683949,0.674959,0.047643,-0.008095,0.400544,0.915002,-0.354108,0.250751,-0.116714,1.783251,-0.335281,-0.070065,-0.360247,0.176870,-0.165167,1.138827,-0.678955,-0.261800,-0.156052,0.028880,0.177891,0.004475,0.259396,-0.424488,-0.204644,0.527953,-0.122948,-0.063570,0.403159,-0.381587,0.192212,-0.449728,0.028397,-0.035171,0.057384
-1.131508,-0.674123,0.674761,0.048508,-0.008892,0.396308,0.916792,-0.399282,0.258810,-0.119671,1.791937,-0.356019,-0.038939,-0.330139,0.182927,-0.154626,1.133677,-0.695188,-0.261800,-0.141073,0.030387,0.181570,0.018329,0.265066,-0.423420,-0.200717,0.568276,-0.114678,-0.063645,0.346269,-0.380112,0.199048,-0.455925,0.011441,-0.045225,0.076787
-1.122246,-0.664359,0.675029,0.049338,-0.009006,0.391485,0.918817,-0.442334,0.264910,-0.120225,1.792139,-0.373755,-0.010404,-0.300207,0.188603,-0.142453,1.125660,-0.707941,-0.261800,-0.124233,0.031758,0.183201,0.033924,0.272883,-0.419893,-0.202087,0.593190,-0.112787,-0.070886,0.293430,-0.377260,0.203819,-0.461984,-0.006558,-0.054504,0.095059
-1.112906,-0.654523,0.675768,0.049911,-0.008455,0.385809,0.921189,-0.483219,0.270461,-0.117420,1.783595,-0.388024,0.016679,-0.270023,0.194449,-0.128188,1.113449,-0.717259,-0.261800,-0.105047,0.033669,0.182518,0.051499,0.282454,-0.413186,-0.209571,0.597898,-0.120610,-0.088163,0.244565,-0.373073,0.205632,-0.467983,-0.027532,-0.062928,0.112886
-1.103351,-0.644628,0.676892,0.050522,-0.007334,0.379416,0.923817,-0.521869,0.275262,-0.110840,1.766701,-0.399679,0.042071,-0.239382,0.199770,-0.111728,1.097920,-0.723605,-0.261800,-0.083856,0.035562,0.179801,0.071033,0.293595,-0.403951,-0.222848,0.587665,-0.135398,-0.114037,0.198287,-0.367680,0.204893,-0.473499,-0.050971,-0.071722,0.131301
-1.093504,-0.634738,0.678423,0.051441,-0.005535,0.372775,0.926478,-0.557465,0.277173,-0.101984,1.741667,-0.409143,0.063133,-0.209381,0.203381,-0.093993,1.081570,-0.726631,-0.261800,-0.061648,0.036319,0.175224,0.092070,0.305921,-0.393004,-0.239648,0.569042,-0.151271,-0.143136,0.155639,-0.361365,0.203077,-0.478561,-0.073152,-0.080194,0.147975
-1.083394,-0.624796,0.680309,0.052922,-0.002957,0.366355,0.928964,-0.589348,0.274102,-0.092387,1.708673,-0.416647,0.077409,-0.181213,0.204227,-0.076029,1.066881,-0.725967,-0.261800,-0.039386,0.034895,0.169090,0.113925,0.318983,-0.381181,-0.257526,0.549120,-0.162807,-0.169733,0.118143,-0.354569,0.201482,-0.483619,-0.090385,-0.087406,0.160633
-1.072928,-0.614826,0.682396,0.055150,0.000654,0.360139,0.931267,-0.617581,0.267095,-0.080542,1.667204,-0.422865,0.085726,-0.155232,0.201808,-0.057560,1.054025,-0.722010,-0.261800,-0.016605,0.030911,0.161244,0.136096,0.332553,-0.368443,-0.276544,0.527518,-0.169503,-0.194922,0.086993,-0.347538,0.199241,-0.489826,-0.102973,-0.092845,0.168410
-1.062215,-0.604784,0.684754,0.057919,0.005166,0.353917,0.933467,-0.642232,0.257084,-0.066291,1.617123,-0.427328,0.088873,-0.131021,0.196795,-0.038383,1.041748,-0.714725,-0.261800,0.006995,0.024974,0.151813,0.158953,0.346487,-0.354511,-0.297515,0.501447,-0.173629,-0.220897,0.061700,-0.340425,0.195691,-0.497300,-0.112520,-0.096830,0.172643
-1.051268,-0.594727,0.687353,0.060859,0.010074,0.347884,0.935506,-0.663017,0.242084,-0.053660,1.559199,-0.428441,0.084648,-0.108605,0.190076,-0.019753,1.030497,-0.703200,-0.261800,0.030190,0.017684,0.141619,0.182897,0.360433,-0.339828,-0.319023,0.474873,-0.174820,-0.243108,0.041728,-0.333575,0.192419,-0.505475,-0.117229,-0.099579,0.174357
-1.040115,-0.584526,0.690109,0.063592,0.014866,0.342227,0.937345,-0.679830,0.220422,-0.047007,1.494161,-0.424685,0.071262,-0.087781,0.182657,-0.002884,1.020683,-0.686476,-0.261800,0.051747,0.009829,0.131429,0.208130,0.373890,-0.324775,-0.339471,0.451820,-0.173168,-0.256976,0.026702,-0.327429,0.191108,-0.513876,-0.115229,-0.101332,0.174512
-1.028722,-0.574225,0.693098,0.066255,0.019805,0.337006,0.938959,-0.692325,0.190474,-0.047866,1.419262,-0.414276,0.048377,-0.068895,0.173894,0.012013,1.012623,-0.664294,-0.261800,0.071772,0.001024,0.121012,0.234151,0.386508,-0.309055,-0.358322,0.433434,-0.168876,-0.260898,0.017481,-0.322386,0.192208,-0.523207,-0.103412,-0.101529,0.171403
-1.016933,-0.563843,0.696134,0.068888,0.024989,0.332082,0.940400,-0.700476,0.154820,-0.055164,1.334660,-0.399025,0.017926,-0.051732,0.163941,0.025512,1.005783,-0.637032,-0.261800,0.090848,-0.008605,0.110216,0.260676,0.398146,-0.292701,-0.376092,0.417711,-0.162356,-0.257393,0.014566,-0.318643,0.194718,-0.534117,-0.083539,-0.100291,0.165059
-1.004928,-0.553350,0.699133,0.070970,0.029655,0.327360,0.941764,-0.704566,0.118072,-0.068907,1.245492,-0.382913,-0.018115,-0.035103,0.154870,0.037495,0.999620,-0.605021,-0.261800,0.108600,-0.017374,0.099801,0.287835,0.408645,-0.276657,-0.392516,0.403858,-0.154165,-0.248085,0.017071,-0.316214,0.198076,-0.546096,-0.060988,-0.098827,0.159043
-0.992620,-0.542706,0.701968,0.072047,0.033062,0.322765,0.943154,-0.704961,0.084421,-0.088510,1.156833,-0.369416,-0.058347,-0.017653,0.148544,0.047827,0.993386,-0.568573,-0.261800,0.124652,-0.023701,0.090430,0.315696,0.417867,-0.261788,-0.407305,0.391141,-0.144788,-0.234618,0.023920,-0.315002,0.201747,-0.558412,-0.041213,-0.098152,0.157025
-0.980074,-0.531950,0.704570,0.072011,0.034905,0.318301,0.944606,-0.699852,0.052621,-0.115827,1.064840,-0.357459,-0.107791,0.001695,0.144955,0.055308,0.986125,-0.526247,-0.261800,0.139172,-0.027098,0.082265,0.344991,0.425777,-0.248152,-0.420231,0.379248,-0.133577,-0.214589,0.035766,-0.315014,0.205641,-0.571105,-0.023923,-0.098599,0.159877
-0.967119,-0.521139,0.706821,0.071016,0.035560,0.313959,0.946109,-0.688946,0.022790,-0.150956,0.967714,-0.346345,-0.164538,0.022417,0.143510,0.060224,0.978004,-0.478304,-0.261800,0.152512,-0.028091,0.074912,0.375184,0.432444,-0.235319,-0.431452,0.368460,-0.120672,-0.188103,0.052927,-0.316340,0.209869,-0.584551,-0.006817,-0.099459,0.165751
-0.953818,-0.510272,0.708629,0.069040,0.035333,0.309699,0.947666,-0.675674,-0.000594,-0.189031,0.874292,-0.338890,-0.217909,0.043307,0.144963,0.064545,0.970245,-0.427699,-0.261800,0.164434,-0.026708,0.068138,0.404450,0.437930,-0.223382,-0.441352,0.359101,-0.107586,-0.160578,0.073678,-0.318933,0.214253,-0.598493,0.007660,-0.100093,0.174277
-0.940402,-0.499454,0.709888,0.066177,0.034584,0.305539,0.949248,-0.664282,-0.015169,-0.224177,0.794339,-0.336968,-0.258594,0.062998,0.149658,0.070170,0.964373,-0.377504,-0.261800,0.174551,-0.023256,0.061664,0.430870,0.442287,-0.212553,-0.450118,0.351717,-0.095702,-0.137447,0.096141,-0.322641,0.218673,-0.612401,0.017014,-0.099930,0.185085
-0.926980,-0.488297,0.710824,0.065677,0.034077,0.301725,0.950520,-0.653300,-0.030520,-0.249715,0.725525,-0.338340,-0.261800,0.081035,0.149368,0.081940,0.964853,-0.330955,-0.240002,0.182131,-0.023906,0.056929,0.455168,0.445445,-0.202671,-0.457791,0.347333,-0.084546,-0.118859,0.120327,-0.327461,0.223472,-0.626344,0.018524,-0.098834,0.199086
-0.913778,-0.477251,0.711409,0.064790,0.033154,0.298002,0.951787,-0.643927,-0.042204,-0.274399,0.667217,-0.343379,-0.261800,0.098198,0.152073,0.097989,0.967533,-0.284301,-0.205435,0.187982,-0.023451,0.052533,0.477991,0.447417,-0.193649,-0.464288,0.345482,-0.073494,-0.102438,0.146684,-0.333429,0.228674,-0.640147,0.014144,-0.097236,0.216179
-0.900825,-0.466435,0.711804,0.063179,0.031780,0.294381,0.953068,-0.635990,-0.049064,-0.295011,0.620624,-0.351099,-0.261800,0.114574,0.158720,0.116317,0.971967,-0.239108,-0.166063,0.191887,-0.021004,0.048450,0.497088,0.448505,-0.185959,-0.469304,0.344651,-0.063708,-0.089787,0.173820,-0.340316,0.233813,-0.652694,0.008366,-0.095442,0.234454
-0.888045,-0.455984,0.711881,0.061409,0.030207,0.290941,0.954290,-0.628471,-0.051669,-0.306989,0.585322,-0.359717,-0.261800,0.129714,0.167492,0.136128,0.979263,-0.197883,-0.121461,0.193482,-0.017535,0.044969,0.510163,0.449221,-0.180173,-0.472446,0.343342,-0.056398,-0.082429,0.200413,-0.347677,0.238407,-0.662880,0.005670,-0.093599,0.252034
-0.875308,-0.445772,0.711466,0.058988,0.028504,0.287865,0.955427,-0.623456,-0.047205,-0.305852,0.564682,-0.375182,-0.261800,0.143905,0.181155,0.159547,0.988323,-0.158307,-0.066764,0.192554,-0.012360,0.041282,0.516888,0.449945,-0.176281,-0.473640,0.341629,-0.051938,-0.082778,0.226767,-0.355221,0.242571,-0.670707,0.006477,-0.091475,0.269416
-0.862559,-0.435816,0.710433,0.055995,0.026697,0.285206,0.956457,-0.621542,-0.036940,-0.294220,0.558751,-0.397177,-0.261800,0.156907,0.199338,0.186331,1.000271,-0.120948,-0.003497,0.189097,-0.005869,0.037343,0.518442,0.450826,-0.174131,-0.473076,0.340146,-0.049611,-0.089266,0.253102,-0.362831,0.246534,-0.676318,0.008568,-0.089023,0.287345
-0.849964,-0.426022,0.708863,0.053718,0.024937,0.282806,0.957347,-0.619650,-0.027094,-0.279379,0.562482,-0.414179,-0.261800,0.167117,0.215263,0.211073,1.019079,-0.091684,0.058260,0.183104,-0.000425,0.034534,0.514815,0.452103,-0.174053,-0.470880,0.338169,-0.049006,-0.097431,0.278018,-0.370277,0.250016,-0.678728,0.012459,-0.086523,0.304350
-0.837456,-0.416172,0.706758,0.053360,0.023403,0.280548,0.958070,-0.615004,-0.024196,-0.268997,0.570635,-0.413715,-0.261800,0.172438,0.221843,0.227357,1.047983,-0.075277,0.107746,0.174575,0.001650,0.034075,0.505919,0.454082,-0.176436,-0.467125,0.334942,-0.049695,-0.102782,0.300278,-0.377262,0.252652,-0.677186,0.018670,-0.084254,0.318987
-0.825451,-0.406448,0.704475,0.055453,0.022456,0.278395,0.958602,-0.605721,-0.031572,-0.265146,0.580234,-0.381947,-0.261800,0.171893,0.215295,0.231693,1.087804,-0.073325,0.142034,0.163417,-0.001035,0.035641,0.491426,0.456926,-0.181705,-0.461906,0.329293,-0.052297,-0.104710,0.319479,-0.383619,0.254971,-0.671945,0.028554,-0.081816,0.330959
-0.814388,-0.397015,0.702493,0.059428,0.021893,0.276375,0.958961,-0.593497,-0.045469,-0.262049,0.593977,-0.329259,-0.261800,0.166667,0.198640,0.227622,1.136120,-0.081881,0.166025,0.149872,-0.007473,0.038704,0.471513,0.460651,-0.189614,-0.455336,0.321835,-0.056762,-0.105363,0.336336,-0.389238,0.257000,-0.663219,0.041402,-0.079164,0.341055
-0.803152,-0.387644,0.699730,0.064744,0.021074,0.274510,0.959171,-0.581115,-0.062252,-0.256312,0.614957,-0.278772,-0.261800,0.157846,0.175036,0.219183,1.190703,-0.096932,0.180598,0.134419,-0.016291,0.044073,0.446764,0.465317,-0.199598,-0.447557,0.314477,-0.061686,-0.104344,0.351520,-0.393807,0.257541,-0.650231,0.054678,-0.077191,0.349504
-0.791669,-0.378343,0.696110,0.070620,0.019347,0.272826,0.959273,-0.571521,-0.078317,-0.247302,0.646702,-0.252421,-0.261800,0.146280,0.148506,0.210145,1.249631,-0.114766,0.186630,0.117599,-0.025726,0.052503,0.417603,0.471045,-0.211195,-0.438659,0.309104,-0.065659,-0.101202,0.365805,-0.396886,0.255275,-0.632259,0.065847,-0.076843,0.356613
-0.780689,-0.369687,0.692275,0.077264,0.016110,0.271372,0.959233,-0.566309,-0.094202,-0.236061,0.695517,-0.257691,-0.261800,0.132842,0.117961,0.200055,1.314851,-0.136683,0.182212,0.099354,-0.036077,0.065442,0.383247,0.477794,-0.224950,-0.428469,0.305085,-0.068782,-0.094693,0.379082,-0.398029,0.249020,-0.608621,0.077857,-0.078954,0.366119
-0.770340,-0.361616,0.688444,0.084828,0.011761,0.270003,0.959043,-0.563012,-0.111560,-0.223513,0.756668,-0.281145,-0.261800,0.117415,0.081872,0.188247,1.386300,-0.164018,0.167319,0.080134,-0.048236,0.082064,0.343374,0.485451,-0.241123,-0.416970,0.301708,-0.071640,-0.085309,0.391127,-0.397046,0.239564,-0.579764,0.090855,-0.082827,0.376886
-0.759932,-0.353428,0.684663,0.092367,0.007208,0.268524,0.958807,-0.558969,-0.128226,-0.210615,0.818374,-0.313012,-0.261800,0.098718,0.044227,0.177602,1.459410,-0.193290,0.145770,0.060921,-0.061088,0.099611,0.299336,0.494013,-0.258893,-0.404563,0.300749,-0.073510,-0.075187,0.402435,-0.393953,0.228645,-0.546580,0.098074,-0.087344,0.381805
-0.749621,-0.345377,0.681121,0.098994,0.003439,0.266821,0.958642,-0.552006,-0.141950,-0.198111,0.869746,-0.344340,-0.261800,0.074916,0.009024,0.170648,1.529851,-0.220897,0.121432,0.042219,-0.073436,0.115245,0.252590,0.503563,-0.277568,-0.391585,0.303936,-0.073628,-0.066492,0.413563,-0.388954,0.218038,-0.509998,0.092650,-0.091460,0.373597
-0.739371,-0.337840,0.677858,0.104987,0.000773,0.265315,0.958428,-0.542120,-0.152613,-0.186056,0.909337,-0.375351,-0.261800,0.044395,-0.024514,0.167583,1.599136,-0.246780,0.092570,0.022675,-0.085824,0.128998,0.202527,0.514360,-0.297464,-0.376978,0.312832,-0.071065,-0.059308,0.424339,-0.381471,0.206566,-0.468412,0.066737,-0.094366,0.352291
-0.728994,-0.331106,0.674682,0.110675,-0.001263,0.263948,0.958166,-0.530708,-0.161030,-0.174077,0.943217,-0.410234,-0.261800,0.007956,-0.057665,0.167633,1.668902,-0.272827,0.057915,0.002454,-0.098892,0.141882,0.148346,0.526224,-0.319574,-0.360937,0.325844,-0.066334,-0.052578,0.434490,-0.371287,0.193634,-0.421850,0.025927,-0.095753,0.321179
-0.718426,-0.324894,0.671781,0.115256,-0.002855,0.261921,0.958178,-0.517770,-0.166194,-0.162450,0.972534,-0.446724,-0.261800,-0.032953,-0.086992,0.171268,1.735144,-0.298117,0.022298,-0.016142,-0.111049,0.152865,0.091598,0.538311,-0.343897,-0.346027,0.340165,-0.060908,-0.046916,0.444991,-0.359876,0.182030,-0.374456,-0.016607,-0.095312,0.277493
-0.707855,-0.318855,0.669343,0.117924,-0.004203,0.258445,0.958792,-0.503111,-0.166829,-0.151487,0.998264,-0.482385,-0.261800,-0.076905,-0.109085,0.178522,1.793824,-0.321243,-0.009303,-0.031405,-0.120117,0.161273,0.034717,0.549445,-0.369206,-0.335218,0.353234,-0.056433,-0.043081,0.457117,-0.349857,0.175116,-0.330782,-0.047624,-0.093590,0.217740
-0.697353,-0.312550,0.667346,0.118018,-0.005341,0.252925,0.960246,-0.486487,-0.160950,-0.141609,1.021267,-0.518536,-0.261800,-0.124910,-0.121476,0.190242,1.844980,-0.341255,-0.035807,-0.043137,-0.123650,0.166987,-0.020851,0.558721,-0.394344,-0.329465,0.366508,-0.053620,-0.042018,0.470308,-0.343959,0.175604,-0.290655,-0.073558,-0.092312,0.127768
-0.686552,-0.305729,0.665712,0.116130,-0.006175,0.245901,0.962293,-0.467892,-0.149155,-0.132724,1.040969,-0.556064,-0.261800,-0.177479,-0.125913,0.205204,1.890469,-0.358525,-0.059687,-0.053541,-0.122249,0.170645,-0.075087,0.565785,-0.418312,-0.327766,0.381043,-0.051774,-0.043350,0.484432,-0.343002,0.181991,-0.253052,-0.097112,-0.089749,0.012772
-0.675490,-0.298802,0.664673,0.113328,-0.006724,0.238302,0.964533,-0.447467,-0.134411,-0.124553,1.056282,-0.592152,-0.261800,-0.232307,-0.125523,0.219914,1.928993,-0.373612,-0.081328,-0.064230,-0.118286,0.172682,-0.128229,0.570568,-0.440270,-0.329613,0.393705,-0.050438,-0.045796,0.501015,-0.346232,0.191216,-0.220517,-0.099712,-0.086235,-0.101786
-0.664051,-0.292232,0.664258,0.110678,-0.007010,0.231079,0.966594,-0.425314,-0.119996,-0.116707,1.066116,-0.623896,-0.261800,-0.287142,-0.123908,0.231150,1.959235,-0.387206,-0.101136,-0.076392,-0.114413,0.173432,-0.181096,0.573241,-0.460122,-0.334133,0.401274,-0.049060,-0.048008,0.521516,-0.351929,0.199799,-0.195059,-0.063713,-0.086152,-0.190893
-0.652662,-0.286299,0.664272,0.108378,-0.006999,0.224172,0.968479,-0.401272,-0.106472,-0.108574,1.070050,-0.651108,-0.261800,-0.342778,-0.121412,0.238824,1.981222,-0.399478,-0.119119,-0.089088,-0.111188,0.172568,-0.236315,0.574221,-0.479918,-0.340480,0.400544,-0.046582,-0.049031,0.547118,-0.358962,0.206325,-0.177438,0.033217,-0.096345,-0.244993
-0.641161,-0.280878,0.664687,0.105930,-0.006731,0.217216,0.970335,-0.375309,-0.092480,-0.100375,1.068715,-0.675124,-0.261800,-0.399699,-0.116706,0.243777,1.995439,-0.409901,-0.135076,-0.101405,-0.107640,0.169921,-0.293713,0.573616,-0.500087,-0.348391,0.393885,-0.043516,-0.049610,0.576508,-0.367120,0.212278,-0.165451,0.175868,-0.116518,-0.276334
-0.629381,-0.275977,0.665484,0.103323,-0.006328,0.210713,0.972052,-0.347754,-0.078551,-0.092990,1.062778,-0.695433,-0.261800,-0.455319,-0.111237,0.244546,2.001102,-0.418315,-0.149098,-0.114664,-0.104188,0.166059,-0.349488,0.571131,-0.518113,-0.358043,0.386888,-0.041649,-0.051050,0.607497,-0.375931,0.218537,-0.156871,0.324113,-0.138419,-0.294544
-0.617410,-0.271494,0.666603,0.100530,-0.005905,0.205165,0.973533,-0.318996,-0.065126,-0.087364,1.052914,-0.711534,-0.261800,-0.507044,-0.106571,0.239836,1.997584,-0.424714,-0.161264,-0.130169,-0.101034,0.161545,-0.400537,0.566405,-0.531562,-0.368900,0.384933,-0.042806,-0.054772,0.637936,-0.384969,0.225827,-0.149501,0.436863,-0.154429,-0.312879
-0.605167,-0.267296,0.668131,0.097476,-0.005366,0.200920,0.974731,-0.288804,-0.052433,-0.083772,1.037837,-0.724293,-0.259987,-0.554885,-0.103811,0.228583,1.984238,-0.429364,-0.170744,-0.148357,-0.098229,0.155919,-0.448255,0.559427,-0.539853,-0.379715,0.388875,-0.048764,-0.062635,0.668308,-0.394107,0.234884,-0.143744,0.504105,-0.160041,-0.337695
-0.592449,-0.263153,0.670284,0.094235,-0.004695,0.197674,0.975716,-0.257135,-0.040284,-0.081672,1.017610,-0.733604,-0.257801,-0.599540,-0.102619,0.211791,1.961561,-0.432558,-0.177520,-0.168537,-0.095762,0.149153,-0.493293,0.550174,-0.544656,-0.391043,0.396775,-0.058204,-0.073277,0.699289,-0.403403,0.245065,-0.140421,0.548156,-0.158222,-0.363188
-0.579557,-0.259285,0.672953,0.090842,-0.004126,0.194925,0.976594,-0.224755,-0.028609,-0.081045,0.995224,-0.737547,-0.256350,-0.639515,-0.102071,0.191208,1.930577,-0.434272,-0.182982,-0.189588,-0.092938,0.142094,-0.535157,0.538809,-0.547080,-0.402517,0.406762,-0.068370,-0.083597,0.729989,-0.412646,0.254399,-0.138248,0.576660,-0.154258,-0.385769
-0.566318,-0.255337,0.676049,0.087532,-0.003865,0.192180,0.977441,-0.192267,-0.018031,-0.081861,0.973381,-0.734091,-0.255458,-0.673424,-0.101333,0.169126,1.892362,-0.434560,-0.188352,-0.210484,-0.089654,0.135615,-0.572679,0.525553,-0.548042,-0.414314,0.417537,-0.076375,-0.090558,0.759370,-0.421420,0.261073,-0.135850,0.596598,-0.153599,-0.401114
-0.552855,-0.251443,0.679572,0.084306,-0.004096,0.189476,0.978251,-0.158838,-0.008535,-0.084437,0.951569,-0.722612,-0.254934,-0.700784,-0.100440,0.145573,1.846580,-0.433195,-0.195106,-0.231412,-0.086130,0.130252,-0.605780,0.510306,-0.547007,-0.426885,0.431006,-0.081339,-0.093968,0.787150,-0.429406,0.265090,-0.132582,0.604860,-0.157447,-0.406892
-0.539099,-0.247853,0.683370,0.081025,-0.004640,0.186995,0.979003,-0.124610,0.000371,-0.088724,0.928860,-0.704275,-0.254734,-0.722246,-0.099543,0.119709,1.792902,-0.430485,-0.202076,-0.252445,-0.082402,0.125392,-0.635543,0.493098,-0.543878,-0.439693,0.447007,-0.084762,-0.095285,0.814036,-0.436434,0.267217,-0.129204,0.599341,-0.162289,-0.405812
-0.525187,-0.244434,0.687348,0.077739,-0.005157,0.184451,0.979749,-0.091652,0.008680,-0.094183,0.907409,-0.679721,-0.254778,-0.738455,-0.097912,0.092830,1.732502,-0.427182,-0.206500,-0.272642,-0.078274,0.120316,-0.662020,0.474394,-0.540110,-0.451784,0.461710,-0.087171,-0.093975,0.840174,-0.442211,0.267069,-0.126383,0.588163,-0.166896,-0.400754
-0.511052,-0.241014,0.691488,0.074524,-0.005308,0.181572,0.980535,-0.061939,0.016236,-0.100289,0.889333,-0.649587,-0.254969,-0.750204,-0.094953,0.066349,1.666340,-0.423837,-0.205675,-0.291025,-0.073604,0.114362,-0.685030,0.455000,-0.537124,-0.462575,0.471100,-0.089100,-0.089502,0.865657,-0.446306,0.264241,-0.124756,0.579414,-0.170035,-0.394463
-0.496653,-0.237888,0.695732,0.071242,-0.004993,0.178362,0.981370,-0.035760,0.023167,-0.107497,0.874816,-0.612506,-0.255722,-0.757179,-0.090233,0.039915,1.591960,-0.419791,-0.199317,-0.307737,-0.068176,0.107425,-0.704298,0.435583,-0.535002,-0.472958,0.475238,-0.089339,-0.081373,0.890373,-0.448247,0.258252,-0.124427,0.573470,-0.171924,-0.386342
-0.482093,-0.234884,0.699995,0.067942,-0.004384,0.174937,0.982223,-0.012126,0.029313,-0.115958,0.862979,-0.568623,-0.256943,-0.759324,-0.084160,0.013388,1.509433,-0.414864,-0.188954,-0.323155,-0.062371,0.099988,-0.719557,0.416409,-0.533037,-0.483756,0.475707,-0.088000,-0.069963,0.913892,-0.447842,0.249685,-0.124716,0.566404,-0.173113,-0.375285
-0.467439,-0.231912,0.704216,0.064994,-0.003564,0.171204,0.983083,0.009109,0.033980,-0.124647,0.854032,-0.520791,-0.257940,-0.757962,-0.077461,-0.012441,1.423404,-0.410150,-0.175645,-0.336696,-0.056929,0.092277,-0.730460,0.397741,-0.531473,-0.494569,0.470748,-0.087708,-0.056035,0.935645,-0.445205,0.239727,-0.125049,0.559967,-0.172730,-0.363221
-0.452686,-0.228993,0.708259,0.062771,-0.002617,0.167073,0.983941,0.028106,0.036471,-0.132473,0.848140,-0.471709,-0.258092,-0.754487,-0.070929,-0.036882,1.338555,-0.406705,-0.160435,-0.347873,-0.052565,0.084499,-0.736598,0.379833,-0.530515,-0.504963,0.458687,-0.091169,-0.040362,0.955251,-0.440636,0.229475,-0.125123,0.555882,-0.169835,-0.352093
-0.437820,-0.226079,0.712085,0.061292,-0.001377,0.162494,0.984803,0.044631,0.036425,-0.139213,0.844644,-0.419482,-0.257426,-0.748711,-0.063765,-0.059418,1.251960,-0.404102,-0.141913,-0.356887,-0.049121,0.076393,-0.736756,0.362931,-0.529961,-0.515679,0.435728,-0.099995,-0.020992,0.972672,-0.434215,0.218814,-0.125240,0.555604,-0.163770,-0.342710
-0.422814,-0.223148,0.715528,0.060460,0.000130,0.157541,0.985660,0.058846,0.033944,-0.145419,0.843419,-0.363227,-0.256910,-0.740168,-0.056219,-0.080275,1.161959,-0.401753,-0.120494,-0.364140,-0.046435,0.067982,-0.731195,0.347239,-0.529725,-0.527109,0.403996,-0.112969,0.001514,0.987840,-0.425967,0.207376,-0.125493,0.557880,-0.155119,-0.333980
-0.407777,-0.220323,0.718497,0.060431,0.001527,0.152314,0.986482,0.071453,0.029087,-0.151166,0.845453,-0.307162,-0.257101,-0.729917,-0.050332,-0.100310,1.075551,-0.400441,-0.099627,-0.369439,-0.045119,0.059858,-0.721689,0.332922,-0.530131,-0.538316,0.370621,-0.128241,0.022634,1.000655,-0.416248,0.195735,-0.125531,0.560332,-0.144779,-0.325002
-0.392579,-0.217579,0.721024,0.061310,0.002443,0.146891,0.987248,0.083121,0.022046,-0.156500,0.851803,-0.255586,-0.258120,-0.719119,-0.047641,-0.120750,1.000258,-0.400986,-0.082255,-0.372625,-0.045639,0.052587,-0.709933,0.320102,-0.531413,-0.548411,0.342566,-0.143398,0.038124,1.011082,-0.405628,0.184507,-0.125030,0.560699,-0.133688,-0.314875
-0.377272,-0.214939,0.723060,0.063337,0.002737,0.141269,0.987939,0.094385,0.011979,-0.161926,0.862791,-0.209243,-0.259061,-0.708027,-0.048143,-0.142057,0.937701,-0.404311,-0.067218,-0.373929,-0.048438,0.046126,-0.695043,0.308993,-0.533786,-0.557979,0.319966,-0.158721,0.047641,1.019402,-0.394487,0.173366,-0.123986,0.557621,-0.121342,-0.302771
-0.361998,-0.212338,0.724711,0.066359,0.002625,0.135400,0.988563,0.104808,-0.001055,-0.167241,0.877626,-0.165775,-0.260227,-0.696230,-0.050730,-0.163955,0.884358,-0.409738,-0.053204,-0.373598,-0.053015,0.040221,-0.676233,0.299768,-0.536844,-0.567586,0.299492,-0.174848,0.053196,1.025640,-0.382960,0.162123,-0.122790,0.552602,-0.107548,-0.289378
-0.346848,-0.209698,0.725875,0.069836,0.002296,0.129278,0.989143,0.113458,-0.015300,-0.171129,0.896029,-0.125102,-0.261800,-0.684064,-0.054920,-0.186675,0.840659,-0.415924,-0.042596,-0.371394,-0.058318,0.035118,-0.655386,0.292386,-0.539894,-0.576145,0.282783,-0.189571,0.054438,1.029413,-0.371322,0.151569,-0.121665,0.547806,-0.093694,-0.276066
-0.331715,-0.207116,0.726552,0.073228,0.001944,0.122888,0.989713,0.119317,-0.028679,-0.171663,0.917843,-0.087313,-0.261800,-0.671889,-0.060244,-0.210315,0.807244,-0.421575,-0.037729,-0.367040,-0.063269,0.031020,-0.634491,0.286641,-0.542231,-0.582508,0.271471,-0.200708,0.051098,1.030499,-0.359941,0.142444,-0.120902,0.545504,-0.081101,-0.264295
-0.316834,-0.204459,0.726752,0.077212,0.001648,0.116137,0.990226,0.122109,-0.043503,-0.169269,0.942966,-0.048873,-0.261800,-0.660454,-0.070073,-0.237199,0.788994,-0.428739,-0.041860,-0.360350,-0.069147,0.027459,-0.613619,0.282404,-0.543670,-0.586685,0.267989,-0.207692,0.041511,1.028941,-0.349048,0.135132,-0.120512,0.546684,-0.069917,-0.255391
-0.302069,-0.201923,0.726433,0.081540,0.001310,0.109043,0.990686,0.122006,-0.058931,-0.164372,0.972075,-0.011265,-0.261800,-0.649132,-0.083085,-0.266884,0.784166,-0.437730,-0.052852,-0.351599,-0.075447,0.024594,-0.591853,0.279651,-0.544479,-0.589114,0.270780,-0.211687,0.026521,1.024945,-0.338759,0.129159,-0.120432,0.550198,-0.059447,-0.248373
-0.287550,-0.199327,0.725551,0.085684,0.000914,0.101783,0.991109,0.119447,-0.071027,-0.155045,1.004333,0.019137,-0.261800,-0.637757,-0.094615,-0.292701,0.786068,-0.445679,-0.064651,-0.341391,-0.081217,0.022797,-0.569293,0.278102,-0.544951,-0.589409,0.276240,-0.213136,0.009714,1.018504,-0.329349,0.123977,-0.120876,0.555118,-0.049700,-0.241261
-0.273302,-0.196574,0.723903,0.089111,0.000455,0.094545,0.991524,0.114947,-0.076089,-0.139826,1.039011,0.035933,-0.261800,-0.626640,-0.099939,-0.308058,0.787920,-0.449141,-0.071278,-0.329862,-0.085405,0.022118,-0.547592,0.277775,-0.544474,-0.586077,0.278833,-0.212404,-0.005659,1.010148,-0.320979,0.118818,-0.122233,0.560634,-0.040690,-0.232103
-0.259233,-0.193811,0.721459,0.092182,-0.000057,0.087392,0.991900,0.109306,-0.073921,-0.117307,1.075996,0.034766,-0.261800,-0.614584,-0.097526,-0.308154,0.784480,-0.444986,-0.061732,-0.317422,-0.088584,0.022522,-0.525564,0.278250,-0.543386,-0.579640,0.279221,-0.208725,-0.019371,0.999919,-0.313945,0.113534,-0.124913,0.568150,-0.032162,-0.219711
-0.245131,-0.191074,0.718310,0.094987,-0.000613,0.080225,0.992240,0.102303,-0.065997,-0.089279,1.116032,0.019747,-0.261800,-0.601989,-0.090059,-0.297435,0.780419,-0.435835,-0.042554,-0.303779,-0.090892,0.023788,-0.503414,0.279401,-0.541502,-0.569988,0.279279,-0.202199,-0.033056,0.987859,-0.308287,0.108467,-0.128731,0.577707,-0.024105,-0.205433
-0.231042,-0.188262,0.714531,0.096602,-0.001228,0.072963,0.992644,0.093226,-0.051356,-0.059277,1.159407,-0.002800,-0.261800,-0.591738,-0.078933,-0.283365,0.783703,-0.426277,-0.033801,-0.289015,-0.090802,0.026208,-0.481537,0.281269,-0.539277,-0.557095,0.279343,-0.194286,-0.045616,0.973335,-0.303987,0.104079,-0.132878,0.586130,-0.016955,-0.190939
-0.217505,-0.185840,0.710883,0.096102,-0.001936,0.065536,0.993210,0.081391,-0.029116,-0.030792,1.206232,-0.026467,-0.261800,-0.586914,-0.065513,-0.273783,0.802108,-0.419780,-0.055399,-0.273340,-0.086792,0.030082,-0.460028,0.283950,-0.537273,-0.541182,0.279926,-0.186451,-0.055908,0.955615,-0.300974,0.100893,-0.136493,0.590240,-0.011275,-0.177837
-0.203976,-0.183482,0.706996,0.093084,-0.002534,0.057805,0.993976,0.066882,0.003402,-0.002066,1.257072,-0.051273,-0.261800,-0.592168,-0.050251,-0.270710,0.844299,-0.413600,-0.128066,-0.256476,-0.077803,0.034832,-0.439533,0.287701,-0.535799,-0.521455,0.277637,-0.178768,-0.063412,0.934945,-0.298849,0.098481,-0.139391,0.588575,-0.008046,-0.164585
-0.190403,-0.181371,0.702587,0.088121,-0.003159,0.049862,0.994856,0.051046,0.044980,0.027144,1.311366,-0.080016,-0.261800,-0.604569,-0.032469,-0.272991,0.902382,-0.402509,-0.236019,-0.238473,-0.064993,0.040446,-0.419697,0.292554,-0.534594,-0.498226,0.273328,-0.170525,-0.068668,0.911590,-0.297462,0.096736,-0.142004,0.582981,-0.006833,-0.150873
-0.176986,-0.178713,0.698252,0.086583,-0.005685,0.045432,0.995192,0.036308,0.077223,0.048972,1.363696,-0.106647,-0.261800,-0.615703,-0.031408,-0.268480,0.971136,-0.396857,-0.261800,-0.226911,-0.059299,0.048347,-0.399246,0.298131,-0.533062,-0.473173,0.273691,-0.162132,-0.072225,0.884346,-0.297317,0.096687,-0.143980,0.575404,-0.006095,-0.140161
-0.163427,-0.176720,0.693726,0.083338,-0.009004,0.040859,0.995643,0.019687,0.109570,0.061402,1.416867,-0.133518,-0.261800,-0.617724,-0.021747,-0.264387,1.023421,-0.398649,-0.261800,-0.215082,-0.051372,0.059266,-0.377006,0.303971,-0.530444,-0.447676,0.285331,-0.153996,-0.074996,0.852837,-0.299225,0.099654,-0.145803,0.568003,-0.004195,-0.136071
-0.149936,-0.175643,0.688985,0.075235,-0.012759,0.034612,0.996483,-0.000228,0.149867,0.062665,1.473851,-0.162377,-0.261800,-0.607221,0.004316,-0.268835,1.053312,-0.415228,-0.261800,-0.200093,-0.035078,0.073596,-0.353384,0.309819,-0.526696,-0.419766,0.313089,-0.147092,-0.077258,0.817094,-0.303912,0.106667,-0.147999,0.561449,-0.001043,-0.141447
-0.136518,-0.174867,0.684701,0.065528,-0.016719,0.027913,0.997320,-0.023594,0.197880,0.062970,1.532599,-0.191613,-0.241308,-0.589989,0.034298,-0.275172,1.076047,-0.445566,-0.261800,-0.184920,-0.015971,0.089128,-0.328419,0.315735,-0.521440,-0.389237,0.352501,-0.141000,-0.078859,0.776997,-0.311258,0.117401,-0.150272,0.555138,0.002605,-0.153984
-0.123763,-0.174050,0.680853,0.055470,-0.020602,0.020831,0.998030,-0.050683,0.244573,0.058236,1.589636,-0.220119,-0.215863,-0.568161,0.063722,-0.279724,1.094040,-0.480230,-0.261800,-0.170792,0.003653,0.105040,-0.300387,0.321739,-0.513583,-0.360501,0.396151,-0.134000,-0.080091,0.731919,-0.320611,0.130903,-0.151948,0.549177,0.007198,-0.169453
-0.111631,-0.173055,0.677551,0.047389,-0.023947,0.013605,0.998497,-0.081883,0.282370,0.050841,1.641174,-0.246141,-0.187184,-0.545987,0.087568,-0.279571,1.110304,-0.511417,-0.261800,-0.158681,0.019360,0.120130,-0.267723,0.327773,-0.502406,-0.337895,0.436612,-0.124359,-0.081298,0.681518,-0.331163,0.146036,-0.152444,0.543437,0.013203,-0.183528
-0.099676,-0.171920,0.674825,0.041914,-0.026463,0.005874,0.998753,-0.118859,0.308652,0.041239,1.687894,-0.269195,-0.152422,-0.525065,0.106398,-0.275759,1.124210,-0.538158,-0.261800,-0.147721,0.029326,0.134642,-0.229931,0.333558,-0.487756,-0.321612,0.476304,-0.110833,-0.082686,0.622887,-0.342889,0.164005,-0.150009,0.538141,0.022175,-0.196761
-0.087744,-0.170917,0.672477,0.037725,-0.028491,-0.002356,0.998879,-0.161230,0.326978,0.028139,1.731469,-0.290303,-0.112782,-0.503497,0.124029,-0.271007,1.133772,-0.563650,-0.261800,-0.137547,0.036155,0.149388,-0.187813,0.338995,-0.469993,-0.309764,0.517719,-0.094596,-0.084395,0.556992,-0.355606,0.185261,-0.145688,0.533396,0.033415,-0.210927
-0.075645,-0.169971,0.670468,0.034451,-0.030454,-0.010221,0.998890,-0.206224,0.339710,0.013433,1.769945,-0.310105,-0.072919,-0.480670,0.140298,-0.265977,1.140039,-0.587848,-0.261800,-0.129215,0.041404,0.164067,-0.142155,0.344236,-0.449882,-0.303378,0.553507,-0.077523,-0.086340,0.489726,-0.368077,0.207059,-0.142998,0.528382,0.044072,-0.223289
-0.063505,-0.169268,0.668808,0.031712,-0.032777,-0.016897,0.998817,-0.251029,0.349458,-0.001476,1.801402,-0.329236,-0.038024,-0.455773,0.154450,-0.260646,1.144282,-0.610805,-0.261800,-0.123064,0.046409,0.178335,-0.094370,0.349470,-0.428936,-0.303239,0.576185,-0.061410,-0.087968,0.427208,-0.378617,0.226112,-0.145025,0.521635,0.051330,-0.230838
-0.051238,-0.168966,0.667690,0.029596,-0.036065,-0.021702,0.998675,-0.294981,0.356286,-0.016500,1.825799,-0.348285,-0.008692,-0.426971,0.165054,-0.255034,1.146912,-0.633409,-0.261800,-0.119850,0.050526,0.193282,-0.044087,0.354641,-0.407583,-0.310100,0.582433,-0.045536,-0.088170,0.370136,-0.385790,0.241376,-0.151768,0.511793,0.054096,-0.232666
-0.039115,-0.168762,0.666915,0.028269,-0.039943,-0.025235,0.998483,-0.339230,0.358791,-0.031394,1.843986,-0.366702,0.017601,-0.395032,0.172667,-0.248997,1.147287,-0.655462,-0.261800,-0.117954,0.052690,0.208554,0.007959,0.359577,-0.386189,-0.322348,0.576632,-0.029183,-0.086991,0.315266,-0.389353,0.254321,-0.160502,0.499038,0.053970,-0.230092
-0.027131,-0.168487,0.666509,0.027455,-0.043371,-0.028570,0.998273,-0.383587,0.357728,-0.044786,1.855099,-0.383144,0.040211,-0.362725,0.179113,-0.241816,1.144969,-0.675382,-0.261800,-0.114409,0.053789,0.221496,0.058854,0.364310,-0.366085,-0.337104,0.562919,-0.014157,-0.085481,0.262688,-0.389974,0.265260,-0.170010,0.484178,0.052106,-0.223436
-0.015117,-0.168355,0.666445,0.026866,-0.045315,-0.032790,0.998073,-0.427865,0.354167,-0.055474,1.858295,-0.396246,0.058577,-0.332861,0.186144,-0.232686,1.139674,-0.691652,-0.261800,-0.106550,0.055017,0.229533,0.106038,0.368973,-0.348458,-0.351774,0.545430,-0.002256,-0.084870,0.212853,-0.388900,0.274230,-0.179672,0.468232,0.049664,-0.212995
-0.002969,-0.168263,0.666907,0.026319,-0.045286,-0.038170,0.997898,-0.473237,0.348326,-0.063437,1.853315,-0.405052,0.071817,-0.306462,0.194350,-0.221185,1.130875,-0.704038,-0.261800,-0.093902,0.057352,0.231307,0.149426,0.373671,-0.333981,-0.367098,0.521016,0.006622,-0.084502,0.165760,-0.387107,0.280971,-0.190069,0.454178,0.045970,-0.198287
0.009363,-0.168455,0.667991,0.025984,-0.043918,-0.044156,0.997721,-0.518944,0.340131,-0.068911,1.840490,-0.410376,0.080409,-0.281862,0.202542,-0.207618,1.119006,-0.713396,-0.261800,-0.078197,0.060230,0.228424,0.190665,0.378347,-0.321685,-0.384363,0.488816,0.013241,-0.083961,0.121346,-0.384855,0.285540,-0.201723,0.441024,0.040536,-0.179484
0.021653,-0.168844,0.669486,0.026093,-0.041862,-0.050589,0.997501,-0.562015,0.330387,-0.071316,1.819880,-0.413499,0.085878,-0.257814,0.209808,-0.192313,1.105108,-0.719606,-0.261800,-0.060244,0.062595,0.222791,0.229973,0.382881,-0.310217,-0.401935,0.456497,0.016892,-0.085159,0.080059,-0.382339,0.288407,-0.214145,0.423760,0.034707,-0.157818
0.033915,-0.169541,0.671381,0.026885,-0.039758,-0.057298,0.997203,-0.599575,0.319827,-0.070180,1.791589,-0.415765,0.089681,-0.233139,0.215212,-0.175691,1.090223,-0.722657,-0.261800,-0.040818,0.063420,0.216346,0.267521,0.387099,-0.298211,-0.418165,0.431766,0.016958,-0.090135,0.042420,-0.379750,0.289996,-0.226858,0.397235,0.029640,-0.134469
0.046428,-0.170346,0.673685,0.028418,-0.037429,-0.064520,0.996809,-0.631598,0.309561,-0.064640,1.754973,-0.417473,0.092784,-0.207885,0.218737,-0.157354,1.073662,-0.722586,-0.261800,-0.019172,0.062750,0.208794,0.302994,0.390980,-0.285468,-0.432937,0.416919,0.011942,-0.100892,0.008649,-0.377314,0.289926,-0.240261,0.358108,0.025333,-0.109093
0.059286,-0.171209,0.676457,0.030552,-0.034632,-0.072247,0.996317,-0.659205,0.299214,-0.055245,1.710146,-0.418186,0.094217,-0.182745,0.220717,-0.137282,1.055237,-0.719407,-0.261800,0.004683,0.061006,0.199408,0.336431,0.394518,-0.272725,-0.446999,0.407709,0.002684,-0.116067,-0.021531,-0.375268,0.288087,-0.254588,0.309743,0.020510,-0.081329
0.072427,-0.172180,0.679631,0.033223,-0.031900,-0.079928,0.995736,-0.681480,0.287162,-0.044057,1.658371,-0.417988,0.092265,-0.157520,0.220714,-0.116673,1.036711,-0.712992,-0.261800,0.028885,0.057913,0.189604,0.368500,0.397510,-0.259950,-0.459884,0.402088,-0.007990,-0.132591,-0.048209,-0.373734,0.285311,-0.269239,0.256987,0.014442,-0.052329
0.085904,-0.173279,0.683118,0.036363,-0.029772,-0.087017,0.995098,-0.697583,0.271903,-0.033017,1.600848,-0.417006,0.085574,-0.132007,0.218430,-0.096601,1.019880,-0.703177,-0.261800,0.051488,0.053292,0.180815,0.399920,0.399648,-0.246925,-0.471145,0.398206,-0.017289,-0.147419,-0.071629,-0.372755,0.282609,-0.283490,0.204633,0.006786,-0.023253
0.099514,-0.174526,0.686741,0.040306,-0.028419,-0.093364,0.994410,-0.706480,0.253102,-0.021207,1.535522,-0.415242,0.074426,-0.105384,0.213075,-0.076762,1.004198,-0.690308,-0.261800,0.072574,0.046697,0.173364,0.430031,0.400579,-0.233466,-0.479918,0.398008,-0.026159,-0.161773,-0.091334,-0.372570,0.279458,-0.297551,0.150124,-0.002395,0.007158
0.113275,-0.175978,0.690510,0.044937,-0.027539,-0.099255,0.993665,-0.708973,0.231722,-0.008468,1.462244,-0.412594,0.059527,-0.078161,0.205074,-0.056960,0.988954,-0.674258,-0.261800,0.091857,0.038168,0.166953,0.460793,0.400822,-0.217878,-0.488573,0.401354,-0.035859,-0.176822,-0.108501,-0.372980,0.276865,-0.311258,0.092310,-0.013437,0.038592
0.127125,-0.177552,0.694297,0.049476,-0.026977,-0.104818,0.992893,-0.707102,0.208403,0.001920,1.384931,-0.408796,0.040328,-0.051755,0.196016,-0.038519,0.975340,-0.654140,-0.261800,0.110232,0.029659,0.161123,0.489979,0.400003,-0.203326,-0.495310,0.404860,-0.043452,-0.188760,-0.122439,-0.374041,0.274309,-0.324672,0.037701,-0.026234,0.068348
0.141130,-0.179166,0.698058,0.053157,-0.026577,-0.110198,0.992131,-0.702922,0.183991,0.006642,1.307529,-0.403644,0.016452,-0.027436,0.187577,-0.022705,0.964623,-0.628997,-0.261800,0.127232,0.022619,0.155709,0.517966,0.398122,-0.190633,-0.500663,0.404820,-0.046122,-0.194224,-0.133819,-0.375580,0.272872,-0.337331,-0.007057,-0.040045,0.093578
0.155397,-0.180977,0.701724,0.056056,-0.026559,-0.115359,0.991385,-0.695476,0.157976,0.005002,1.227938,-0.396110,-0.013061,-0.004472,0.179530,-0.009844,0.956815,-0.598029,-0.261800,0.142903,0.016853,0.151201,0.544956,0.395316,-0.179747,-0.504612,0.399492,-0.042173,-0.191534,-0.142226,-0.377603,0.272467,-0.349790,-0.043265,-0.054262,0.114751
0.169747,-0.182989,0.705287,0.058469,-0.026929,-0.120285,0.990650,-0.683993,0.130917,-0.001849,1.144667,-0.386824,-0.046996,0.017693,0.171413,0.000718,0.951162,-0.561806,-0.261800,0.157338,0.011742,0.147597,0.571052,0.391722,-0.169854,-0.507376,0.391103,-0.033491,-0.182758,-0.147578,-0.380138,0.272755,-0.362208,-0.073571,-0.068701,0.133153
0.184244,-0.185296,0.708600,0.059920,-0.027189,-0.125162,0.989952,-0.670968,0.105449,-0.014125,1.063241,-0.378297,-0.082481,0.037647,0.164714,0.009257,0.947833,-0.521603,-0.261800,0.170323,0.008168,0.143772,0.596034,0.387279,-0.161020,-0.509349,0.382039,-0.022539,-0.170134,-0.150843,-0.382894,0.274266,-0.373477,-0.093591,-0.082652,0.147498
0.198864,-0.187707,0.711614,0.059917,-0.026837,-0.130156,0.989317,-0.659115,0.083929,-0.031634,0.989698,-0.373000,-0.116981,0.054023,0.160904,0.015938,0.946983,-0.478709,-0.261800,0.181489,0.007003,0.138480,0.619672,0.381791,-0.153302,-0.510775,0.374803,-0.011704,-0.156014,-0.153200,-0.385389,0.277685,-0.382221,-0.099029,-0.095305,0.156622
0.213493,-0.190269,0.714241,0.058004,-0.025573,-0.135435,0.988756,-0.649277,0.066180,-0.056643,0.924335,-0.371501,-0.153797,0.066480,0.160969,0.020149,0.948008,-0.432045,-0.261800,0.190965,0.008834,0.130812,0.643343,0.374831,-0.146473,-0.511799,0.370192,-0.000765,-0.138903,-0.155009,-0.387337,0.283799,-0.387408,-0.085277,-0.106569,0.158844
0.228146,-0.192951,0.716463,0.054511,-0.023703,-0.140876,0.988241,-0.639932,0.051688,-0.088122,0.864805,-0.373030,-0.192818,0.075999,0.163993,0.021600,0.950697,-0.381431,-0.261800,0.198557,0.013091,0.121482,0.666937,0.366304,-0.140229,-0.512296,0.366886,0.011253,-0.118394,-0.156123,-0.388701,0.292443,-0.389493,-0.056145,-0.116641,0.155727
0.242791,-0.195722,0.718340,0.050204,-0.021629,-0.146176,0.987747,-0.630802,0.041299,-0.120540,0.813685,-0.377594,-0.227055,0.082991,0.168333,0.020950,0.956081,-0.329589,-0.261201,0.203460,0.018778,0.111688,0.687928,0.356749,-0.134671,-0.512100,0.364310,0.023190,-0.098472,-0.156878,-0.389345,0.302783,-0.389232,-0.019915,-0.125194,0.150859
0.257281,-0.198378,0.719908,0.047577,-0.020028,-0.150710,0.987229,-0.620500,0.031486,-0.145660,0.770866,-0.382956,-0.248796,0.087082,0.168516,0.023530,0.967931,-0.281099,-0.237064,0.204480,0.021583,0.103306,0.703711,0.347144,-0.130048,-0.511021,0.361864,0.033899,-0.083005,-0.157450,-0.389086,0.313755,-0.387515,0.015200,-0.131699,0.147695
0.271651,-0.201036,0.721079,0.044984,-0.018535,-0.154611,0.986777,-0.611866,0.025204,-0.165966,0.741946,-0.391983,-0.255888,0.088088,0.170750,0.027559,0.984852,-0.232817,-0.213611,0.202031,0.024457,0.095394,0.714363,0.338109,-0.126667,-0.509509,0.359471,0.044284,-0.072594,-0.157590,-0.387634,0.325197,-0.384460,0.051782,-0.135413,0.146053
0.285879,-0.203685,0.721898,0.042151,-0.016990,-0.158027,0.986388,-0.605081,0.021374,-0.183839,0.725508,-0.404315,-0.253023,0.085985,0.175327,0.032358,1.006166,-0.184076,-0.189294,0.196717,0.027664,0.087466,0.721063,0.329839,-0.124432,-0.507604,0.357245,0.054659,-0.065142,-0.157092,-0.384924,0.337254,-0.379672,0.092575,-0.136855,0.144424
0.300075,-0.206397,0.722263,0.039553,-0.015752,-0.161075,0.986023,-0.598330,0.018903,-0.197978,0.717532,-0.416411,-0.245798,0.082291,0.179241,0.036047,1.030900,-0.138525,-0.161943,0.188897,0.030489,0.080574,0.722883,0.322798,-0.123096,-0.504533,0.354910,0.062991,-0.060446,-0.155889,-0.381135,0.349115,-0.373650,0.129757,-0.137066,0.144130
0.314091,-0.209222,0.722074,0.037642,-0.015181,-0.163885,0.985644,-0.589666,0.017037,-0.207014,0.713798,-0.424671,-0.239694,0.078395,0.179306,0.036708,1.058410,-0.099761,-0.129904,0.179108,0.032204,0.075772,0.718814,0.317648,-0.122531,-0.499604,0.352120,0.067264,-0.058254,-0.153598,-0.376625,0.359762,-0.367193,0.155529,-0.136993,0.146538
0.327918,-0.212150,0.721276,0.036440,-0.015350,-0.166379,0.985269,-0.578043,0.016904,-0.208969,0.713636,-0.428410,-0.234009,0.075323,0.175841,0.034926,1.087989,-0.065589,-0.087387,0.167494,0.032712,0.073263,0.707915,0.315012,-0.122949,-0.492773,0.348235,0.066449,-0.060071,-0.149140,-0.371541,0.368434,-0.361507,0.167618,-0.135922,0.152972
0.341672,-0.215000,0.719882,0.035729,-0.016077,-0.168528,0.984918,-0.564698,0.018420,-0.205094,0.719116,-0.429485,-0.226588,0.071793,0.169999,0.031371,1.121075,-0.035133,-0.037780,0.154318,0.032270,0.072459,0.690737,0.315105,-0.124696,-0.484418,0.343358,0.061910,-0.065352,-0.142305,-0.365938,0.375273,-0.356454,0.170311,-0.133649,0.162328
0.354904,-0.217619,0.718272,0.035634,-0.017343,-0.170547,0.984552,-0.550916,0.019129,-0.198761,0.729790,-0.427880,-0.220651,0.065884,0.158881,0.023859,1.159947,-0.013815,0.006292,0.140228,0.030608,0.073232,0.668445,0.317807,-0.127855,-0.474372,0.338282,0.055177,-0.070803,-0.134072,-0.360156,0.380672,-0.350781,0.165731,-0.131922,0.172384
0.367705,-0.220002,0.716399,0.036331,-0.019132,-0.172647,0.984127,-0.538044,0.016434,-0.193310,0.745254,-0.423533,-0.219399,0.056046,0.138643,0.009952,1.206216,-0.006811,0.031911,0.125787,0.027446,0.075512,0.642133,0.322749,-0.132523,-0.462387,0.333924,0.047699,-0.073156,-0.125382,-0.354674,0.385070,-0.343323,0.156104,-0.132473,0.180839
0.380617,-0.222328,0.713808,0.037896,-0.021503,-0.174840,0.983632,-0.526669,0.008679,-0.190503,0.766674,-0.411208,-0.226435,0.042910,0.102740,-0.015668,1.261684,-0.019674,0.031440,0.110882,0.022728,0.079280,0.611586,0.329452,-0.139075,-0.448036,0.330045,0.038077,-0.071400,-0.116733,-0.349975,0.388715,-0.333857,0.140575,-0.136740,0.187964
0.393478,-0.224557,0.710680,0.040324,-0.024490,-0.177004,0.983079,-0.515823,-0.002846,-0.188282,0.793618,-0.392589,-0.239156,0.028545,0.053141,-0.049023,1.324463,-0.048704,0.012633,0.095291,0.016441,0.084652,0.576118,0.337695,-0.147549,-0.431454,0.326457,0.026054,-0.067400,-0.107275,-0.346198,0.391346,-0.323467,0.118632,-0.143603,0.194436
0.406267,-0.226539,0.707355,0.043640,-0.028013,-0.179169,0.982451,-0.504636,-0.016172,-0.184084,0.823236,-0.377927,-0.251491,0.012859,-0.000547,-0.079069,1.390248,-0.084902,-0.013960,0.079469,0.008400,0.091679,0.536127,0.347555,-0.157582,-0.413428,0.324148,0.014770,-0.062136,-0.095964,-0.343181,0.392624,-0.312899,0.092939,-0.150810,0.198605
0.418624,-0.228394,0.703744,0.047817,-0.031938,-0.181406,0.981726,-0.492386,-0.028931,-0.175121,0.852595,-0.377327,-0.257269,-0.006076,-0.048015,-0.096212,1.454824,-0.118085,-0.038050,0.064026,-0.001505,0.100269,0.491941,0.359297,-0.168907,-0.394639,0.323992,0.007419,-0.056495,-0.081771,-0.340566,0.392147,-0.302725,0.066054,-0.155985,0.199023
0.430742,-0.230301,0.699939,0.053499,-0.036736,-0.183714,0.980835,-0.478963,-0.041708,-0.158633,0.882828,-0.396513,-0.253276,-0.030002,-0.087799,-0.097389,1.519600,-0.146165,-0.059020,0.049028,-0.014703,0.111366,0.442294,0.373206,-0.182204,-0.374114,0.324662,0.005688,-0.050183,-0.064838,-0.337901,0.389376,-0.291915,0.037422,-0.159169,0.196012
0.442600,-0.232189,0.696382,0.060430,-0.042269,-0.186086,0.979762,-0.464927,-0.055543,-0.136946,0.914716,-0.428995,-0.243285,-0.058534,-0.123495,-0.088033,1.585674,-0.173828,-0.081047,0.034708,-0.030891,0.124455,0.387085,0.389147,-0.197926,-0.351841,0.325923,0.007675,-0.042678,-0.045453,-0.335005,0.384319,-0.280481,0.006000,-0.161209,0.190237
0.454111,-0.234357,0.693026,0.067222,-0.047470,-0.188602,0.978600,-0.450670,-0.068475,-0.114783,0.945152,-0.466524,-0.231497,-0.091339,-0.152555,-0.072558,1.648752,-0.200451,-0.101518,0.021617,-0.047320,0.137335,0.328457,0.406634,-0.215451,-0.330071,0.330358,0.011202,-0.034628,-0.022929,-0.332033,0.377598,-0.270513,-0.026370,-0.160825,0.180953
0.465450,-0.236941,0.689797,0.072500,-0.051283,-0.191336,0.977499,-0.436370,-0.078147,-0.096524,0.971098,-0.500981,-0.222148,-0.127937,-0.173102,-0.055617,1.704779,-0.225604,-0.118132,0.009813,-0.061002,0.147969,0.268708,0.425042,-0.233970,-0.310992,0.340742,0.014102,-0.026851,0.003331,-0.329384,0.370179,-0.264127,-0.057764,-0.156703,0.167453
0.476527,-0.239770,0.686741,0.075870,-0.053163,-0.194187,0.976580,-0.422748,-0.083319,-0.083446,0.992324,-0.531580,-0.216334,-0.169975,-0.182892,-0.037385,1.753920,-0.249085,-0.130191,-0.001264,-0.070520,0.155522,0.206622,0.444423,-0.254593,-0.293826,0.362136,0.016692,-0.019204,0.033772,-0.327325,0.362803,-0.261691,-0.090218,-0.146618,0.147114
0.487554,-0.242944,0.683955,0.078072,-0.053764,-0.197156,0.975778,-0.409377,-0.085269,-0.073036,1.010473,-0.562319,-0.211792,-0.217056,-0.183098,-0.016287,1.798199,-0.270936,-0.138548,-0.011711,-0.077408,0.161402,0.141290,0.464530,-0.277878,-0.277994,0.391534,0.020010,-0.011481,0.068235,-0.325865,0.354939,-0.262503,-0.123438,-0.131407,0.121464
0.498680,-0.246215,0.681424,0.079466,-0.053855,-0.200474,0.974985,-0.394579,-0.085127,-0.063784,1.025276,-0.592305,-0.207785,-0.265721,-0.177900,0.004782,1.836538,-0.291219,-0.144519,-0.021379,-0.082865,0.166957,0.076026,0.484084,-0.301296,-0.266029,0.420051,0.022770,-0.004591,0.105758,-0.325037,0.346256,-0.266339,-0.152234,-0.114841,0.095750
0.509900,-0.249486,0.679110,0.080412,-0.054203,-0.204364,0.974080,-0.376669,-0.084065,-0.054296,1.036428,-0.620642,-0.203620,-0.312743,-0.171816,0.023606,1.867751,-0.310036,-0.149248,-0.030632,-0.087867,0.173342,0.014619,0.501538,-0.321231,-0.260095,0.439356,0.023363,0.000410,0.144615,-0.324932,0.337021,-0.272260,-0.171854,-0.101185,0.074725
0.521143,-0.252853,0.677090,0.080854,-0.055174,-0.209285,0.972943,-0.354416,-0.081755,-0.043812,1.044007,-0.647912,-0.199073,-0.357914,-0.164625,0.041102,1.891758,-0.327497,-0.152125,-0.039181,-0.091936,0.181326,-0.043097,0.516320,-0.336400,-0.260098,0.447798,0.020452,0.002593,0.184575,-0.325926,0.327699,-0.280233,-0.180150,-0.091190,0.058382
0.532491,-0.256493,0.675571,0.080662,-0.056331,-0.214965,0.971653,-0.328821,-0.077692,-0.033275,1.048092,-0.674384,-0.194713,-0.402663,-0.154706,0.057644,1.909066,-0.343403,-0.153011,-0.047337,-0.094347,0.189982,-0.099076,0.528634,-0.348241,-0.263910,0.450250,0.014886,0.002522,0.226141,-0.328240,0.318331,-0.290200,-0.180145,-0.083138,0.044179
0.543902,-0.260539,0.674604,0.080089,-0.057235,-0.220534,0.970399,-0.301649,-0.072854,-0.023885,1.048391,-0.698581,-0.191006,-0.446536,-0.144731,0.070688,1.919316,-0.357513,-0.153756,-0.056514,-0.095747,0.197684,-0.152172,0.538320,-0.356852,-0.270143,0.448345,0.008237,0.001398,0.268309,-0.331596,0.308705,-0.300644,-0.175222,-0.077729,0.032943
0.555139,-0.264847,0.674122,0.079379,-0.057437,-0.225126,0.969391,-0.274762,-0.068216,-0.016775,1.044661,-0.719050,-0.188293,-0.489169,-0.137505,0.077819,1.922155,-0.369613,-0.156207,-0.068369,-0.096828,0.202639,-0.200803,0.545012,-0.362070,-0.277491,0.443913,0.002071,0.000359,0.309535,-0.335404,0.299028,-0.309427,-0.168901,-0.075519,0.025607
0.566194,-0.269527,0.674081,0.078550,-0.056715,-0.228527,0.968705,-0.248648,-0.063820,-0.012129,1.036306,-0.736041,-0.186948,-0.531377,-0.134156,0.077970,1.917239,-0.379700,-0.160738,-0.083281,-0.097729,0.203959,-0.245415,0.548341,-0.363302,-0.285029,0.435197,-0.003629,-0.000789,0.349828,-0.339164,0.289054,-0.315723,-0.159846,-0.077929,0.023892
0.577209,-0.274720,0.674489,0.077460,-0.055346,-0.231185,0.968241,-0.222386,-0.059101,-0.009296,1.023695,-0.750159,-0.186702,-0.572880,-0.133428,0.072471,1.904717,-0.388039,-0.166319,-0.100202,-0.098066,0.202389,-0.287648,0.548368,-0.361340,-0.292074,0.422109,-0.009572,-0.002551,0.389732,-0.342786,0.278801,-0.320111,-0.147167,-0.084161,0.026955
0.588142,-0.280089,0.675280,0.076091,-0.053607,-0.233236,0.967955,-0.195763,-0.054120,-0.008181,1.008078,-0.760413,-0.186802,-0.611669,-0.134439,0.062560,1.884946,-0.394885,-0.172640,-0.118689,-0.097776,0.198621,-0.327197,0.545434,-0.357944,-0.298226,0.409063,-0.015215,-0.004191,0.428423,-0.346318,0.268916,-0.322507,-0.135071,-0.091465,0.031857
0.599143,-0.285843,0.676543,0.074437,-0.051768,-0.234825,0.967800,-0.168556,-0.048931,-0.008699,0.990657,-0.765848,-0.186490,-0.645807,-0.136236,0.049570,1.858310,-0.400474,-0.179395,-0.138305,-0.096798,0.193488,-0.363495,0.540085,-0.354635,-0.303512,0.400312,-0.020030,-0.004931,0.465138,-0.349865,0.259920,-0.323049,-0.127792,-0.097208,0.035516
0.610275,-0.291910,0.678277,0.072435,-0.049799,-0.235795,0.967819,-0.140156,-0.043415,-0.011050,0.970182,-0.766838,-0.184955,-0.674928,-0.140110,0.032403,1.824390,-0.405194,-0.187672,-0.159635,-0.095278,0.186880,-0.395309,0.532423,-0.350591,-0.308743,0.397282,-0.023772,-0.004662,0.499551,-0.353516,0.252280,-0.321390,-0.126928,-0.100709,0.037385
0.621601,-0.298257,0.680507,0.070075,-0.047564,-0.236152,0.968018,-0.110963,-0.037367,-0.015144,0.946610,-0.763762,-0.182829,-0.699594,-0.145839,0.010645,1.783151,-0.409115,-0.196897,-0.182599,-0.093059,0.178607,-0.423175,0.522502,-0.345236,-0.313936,0.397521,-0.026735,-0.003698,0.532322,-0.357263,0.245523,-0.317891,-0.130044,-0.103394,0.038919
0.632997,-0.305028,0.683131,0.067462,-0.045174,-0.236286,0.968286,-0.082264,-0.030804,-0.020462,0.922940,-0.755665,-0.181407,-0.719646,-0.150278,-0.013020,1.735620,-0.411858,-0.204424,-0.205720,-0.089828,0.169533,-0.448415,0.510904,-0.340353,-0.318799,0.399696,-0.029170,-0.001851,0.564235,-0.361023,0.238573,-0.314001,-0.135383,-0.105878,0.040033
0.644462,-0.312024,0.686009,0.064732,-0.042757,-0.236573,0.968512,-0.055325,-0.023868,-0.026536,0.902150,-0.741484,-0.181875,-0.735317,-0.150632,-0.035255,1.682728,-0.412818,-0.207603,-0.227475,-0.085460,0.160551,-0.472348,0.498558,-0.337721,-0.323208,0.402133,-0.031309,0.001098,0.596080,-0.364568,0.230267,-0.311173,-0.141201,-0.108771,0.040709
0.656129,-0.319332,0.689138,0.061702,-0.040267,-0.236985,0.968715,-0.030027,-0.016086,-0.033693,0.884382,-0.720711,-0.185091,-0.746595,-0.145779,-0.055925,1.623041,-0.411097,-0.207113,-0.248018,-0.079720,0.152019,-0.494819,0.486117,-0.337518,-0.327933,0.405030,-0.032491,0.005810,0.627709,-0.367782,0.220404,-0.309720,-0.148751,-0.112337,0.040819
0.667722,-0.326866,0.692395,0.058408,-0.037663,-0.237362,0.968932,-0.005913,-0.007669,-0.042113,0.868284,-0.693970,-0.190052,-0.753675,-0.137677,-0.075949,1.556528,-0.407267,-0.204222,-0.268113,-0.073034,0.143641,-0.514352,0.473656,-0.338634,-0.333908,0.408991,-0.032722,0.012082,0.658589,-0.370574,0.209698,-0.308858,-0.158458,-0.116235,0.040460
0.679464,-0.334583,0.695725,0.055328,-0.035084,-0.237896,0.969079,0.016348,0.000115,-0.051169,0.854625,-0.661909,-0.195125,-0.757309,-0.128206,-0.094757,1.486179,-0.402811,-0.198639,-0.286710,-0.066146,0.135111,-0.531790,0.461726,-0.340908,-0.340067,0.411474,-0.033363,0.018651,0.689353,-0.372623,0.197924,-0.308467,-0.167336,-0.120173,0.039973
0.691297,-0.342520,0.699096,0.052964,-0.032684,-0.238774,0.969079,0.036231,0.005938,-0.060163,0.844089,-0.625134,-0.198831,-0.758214,-0.119149,-0.111946,1.414917,-0.399093,-0.189956,-0.304257,-0.060657,0.126615,-0.542930,0.449377,-0.344449,-0.349106,0.414885,-0.035441,0.024894,0.718704,-0.373633,0.186243,-0.307634,-0.172569,-0.123910,0.039868
0.703019,-0.350741,0.702458,0.051402,-0.030428,-0.240012,0.968931,0.053704,0.009471,-0.069228,0.836526,-0.582049,-0.201092,-0.755794,-0.110315,-0.127605,1.340097,-0.395254,-0.176629,-0.318158,-0.055552,0.117067,-0.555970,0.438839,-0.349411,-0.354829,0.411491,-0.039926,0.030169,0.749837,-0.372834,0.171849,-0.307110,-0.173065,-0.127575,0.040248
0.714933,-0.359123,0.705747,0.050471,-0.028303,-0.241509,0.968672,0.069210,0.011117,-0.078629,0.831532,-0.532772,-0.202989,-0.749972,-0.101205,-0.141608,1.260972,-0.390808,-0.159637,-0.331127,-0.051897,0.107548,-0.563283,0.428978,-0.356028,-0.363657,0.408533,-0.045524,0.035886,0.779345,-0.370266,0.157058,-0.305803,-0.170866,-0.131327,0.041178
0.726874,-0.367599,0.708818,0.050120,-0.026415,-0.243288,0.968298,0.082790,0.011009,-0.087837,0.829626,-0.480674,-0.204931,-0.742208,-0.092690,-0.153839,1.183290,-0.387502,-0.142051,-0.342181,-0.049289,0.097885,-0.567521,0.419772,-0.363689,-0.373045,0.403743,-0.052125,0.040550,0.807587,-0.366173,0.142208,-0.304515,-0.166746,-0.134716,0.042292
0.738968,-0.376364,0.711766,0.050295,-0.024871,-0.245374,0.967803,0.094486,0.009278,-0.096337,0.831278,-0.429024,-0.207194,-0.734041,-0.085517,-0.164386,1.113084,-0.387104,-0.126767,-0.351296,-0.047742,0.088322,-0.568297,0.410953,-0.371734,-0.382988,0.397231,-0.059391,0.043062,0.833934,-0.361099,0.128394,-0.303787,-0.161548,-0.137312,0.043280
0.751145,-0.385114,0.714372,0.051105,-0.023611,-0.247701,0.967200,0.104250,0.005509,-0.104159,0.835897,-0.376879,-0.210084,-0.725891,-0.079503,-0.173198,1.050235,-0.390770,-0.112819,-0.358520,-0.047126,0.078353,-0.565921,0.402742,-0.379815,-0.393081,0.387752,-0.067660,0.042554,0.859348,-0.355281,0.115389,-0.304114,-0.154932,-0.138818,0.043600
0.763304,-0.393969,0.716482,0.052563,-0.022619,-0.250274,0.966482,0.112188,-0.000526,-0.111566,0.843191,-0.322867,-0.213979,-0.717040,-0.074384,-0.180428,0.992142,-0.397235,-0.099146,-0.364259,-0.047533,0.068134,-0.559589,0.395076,-0.388247,-0.404177,0.376369,-0.076895,0.039811,0.883650,-0.348838,0.102886,-0.305274,-0.146566,-0.139512,0.043514
0.775305,-0.402775,0.718169,0.054403,-0.022028,-0.253246,0.965620,0.118503,-0.008277,-0.118357,0.854149,-0.269640,-0.218876,-0.707480,-0.070386,-0.186645,0.941483,-0.404695,-0.088141,-0.367914,-0.048698,0.058457,-0.550492,0.387922,-0.396921,-0.415540,0.363467,-0.086435,0.035730,0.905891,-0.342122,0.091003,-0.307235,-0.137087,-0.139783,0.043784
0.787420,-0.411622,0.719518,0.056335,-0.021948,-0.256776,0.964578,0.123320,-0.017072,-0.124263,0.869919,-0.219933,-0.224408,-0.697296,-0.067520,-0.192412,0.901194,-0.411455,-0.082047,-0.368992,-0.050311,0.050157,-0.539463,0.381160,-0.405723,-0.426808,0.349762,-0.095622,0.031276,0.925093,-0.335687,0.079973,-0.309970,-0.127115,-0.139997,0.045174
0.799392,-0.420379,0.720437,0.058541,-0.022525,-0.260958,0.963310,0.126738,-0.028379,-0.130359,0.891267,-0.173846,-0.228925,-0.686284,-0.066775,-0.198281,0.873192,-0.419624,-0.081022,-0.367336,-0.052637,0.043054,-0.526225,0.374779,-0.414657,-0.438116,0.334181,-0.104535,0.026808,0.941700,-0.329924,0.069604,-0.313988,-0.115908,-0.140089,0.047908
0.811381,-0.429099,0.720978,0.061057,-0.023629,-0.265706,0.961829,0.128623,-0.042085,-0.136273,0.917374,-0.129991,-0.233151,-0.674726,-0.067601,-0.203865,0.855999,-0.429478,-0.083686,-0.363489,-0.055612,0.036871,-0.509940,0.368681,-0.423785,-0.449960,0.317316,-0.113395,0.021759,0.955980,-0.325003,0.059970,-0.319194,-0.103312,-0.139860,0.051505
0.823287,-0.437775,0.721068,0.063356,-0.024950,-0.270913,0.960192,0.128719,-0.054961,-0.139640,0.947161,-0.089047,-0.239757,-0.663420,-0.067763,-0.208189,0.847519,-0.436795,-0.090296,-0.357425,-0.058224,0.032033,-0.492716,0.363042,-0.432634,-0.460875,0.300338,-0.121888,0.015501,0.967271,-0.321072,0.051317,-0.324767,-0.090718,-0.139463,0.055625
0.835326,-0.446401,0.720637,0.064932,-0.026184,-0.276471,0.958469,0.126692,-0.063761,-0.138282,0.979790,-0.051940,-0.251154,-0.653187,-0.065110,-0.210304,0.845733,-0.437291,-0.101378,-0.349584,-0.059622,0.029168,-0.474797,0.357743,-0.441068,-0.470867,0.286078,-0.129621,0.007699,0.974415,-0.318423,0.044187,-0.329760,-0.079605,-0.139088,0.059986
0.847379,-0.454842,0.719675,0.065871,-0.027247,-0.282465,0.956625,0.122180,-0.067902,-0.129525,1.015353,-0.014869,-0.261800,-0.644314,-0.059056,-0.209219,0.850802,-0.424972,-0.118293,-0.339645,-0.059632,0.028083,-0.456394,0.352767,-0.449139,-0.480171,0.274255,-0.136454,-0.001936,0.977222,-0.317360,0.038594,-0.334109,-0.069562,-0.138727,0.065133
0.859110,-0.462910,0.718311,0.067644,-0.028750,-0.288768,0.954574,0.115343,-0.068809,-0.110076,1.053127,0.022619,-0.261800,-0.637623,-0.053829,-0.203828,0.866053,-0.404515,-0.139594,-0.328003,-0.061190,0.027755,-0.436947,0.348122,-0.456907,-0.488919,0.264009,-0.142584,-0.013087,0.976194,-0.318022,0.034413,-0.338191,-0.059999,-0.138276,0.070971
0.870347,-0.470830,0.716532,0.068989,-0.030415,-0.295160,0.952468,0.106307,-0.063821,-0.085693,1.094632,0.051338,-0.261800,-0.631813,-0.048053,-0.198133,0.888162,-0.384950,-0.163255,-0.315434,-0.062271,0.029061,-0.416986,0.343865,-0.463849,-0.495883,0.255985,-0.148227,-0.025327,0.971459,-0.320334,0.031752,-0.341794,-0.052042,-0.137805,0.076226
0.881530,-0.478582,0.713901,0.068751,-0.032035,-0.301512,0.950441,0.095689,-0.050277,-0.059765,1.140778,0.062192,-0.261800,-0.625760,-0.040397,-0.195142,0.914431,-0.375907,-0.187525,-0.302508,-0.060984,0.032890,-0.397002,0.340079,-0.469417,-0.499881,0.250806,-0.153632,-0.038213,0.963123,-0.324092,0.030721,-0.344705,-0.046863,-0.137428,0.079646
0.892610,-0.486338,0.710584,0.066845,-0.033603,-0.307896,0.948474,0.084628,-0.025772,-0.030359,1.192617,0.048050,-0.261800,-0.621056,-0.031155,-0.194611,0.948809,-0.381086,-0.214894,-0.288935,-0.057071,0.039208,-0.377471,0.336841,-0.473506,-0.500967,0.249105,-0.159188,-0.052702,0.951363,-0.329123,0.031100,-0.346779,-0.045341,-0.137912,0.081810
0.903127,-0.494181,0.706915,0.063555,-0.035171,-0.314445,0.946492,0.073655,0.008200,0.001855,1.249521,0.014819,-0.261800,-0.617305,-0.019741,-0.195309,0.990462,-0.394580,-0.245520,-0.274399,-0.050910,0.047811,-0.357941,0.334149,-0.476376,-0.499810,0.250358,-0.164741,-0.068586,0.935926,-0.335406,0.032988,-0.348049,-0.046712,-0.138997,0.083125
0.913620,-0.502039,0.702809,0.059402,-0.037168,-0.320651,0.944602,0.062463,0.044798,0.029869,1.308441,-0.026017,-0.261800,-0.611242,-0.007349,-0.195005,1.032693,-0.413862,-0.261800,-0.260392,-0.043902,0.058892,-0.337472,0.331948,-0.477957,-0.496068,0.253487,-0.169732,-0.083663,0.916132,-0.342969,0.037023,-0.348502,-0.049663,-0.139266,0.082066
0.924000,-0.510079,0.698554,0.053926,-0.039413,-0.326631,0.942789,0.049441,0.079657,0.047584,1.367197,-0.063616,-0.261800,-0.599442,0.008169,-0.194516,1.066917,-0.435307,-0.261800,-0.247255,-0.035286,0.072801,-0.315045,0.330182,-0.478128,-0.489513,0.257493,-0.173563,-0.095764,0.891285,-0.351844,0.043977,-0.348104,-0.052842,-0.137282,0.077081
0.933924,-0.518283,0.694418,0.045148,-0.041486,-0.333167,0.940872,0.034106,0.116151,0.052874,1.427488,-0.097988,-0.261800,-0.579539,0.032663,-0.198043,1.088906,-0.458862,-0.261800,-0.233702,-0.021529,0.091366,-0.290376,0.328877,-0.476515,-0.479394,0.260841,-0.176926,-0.105129,0.860665,-0.362103,0.054652,-0.346368,-0.055571,-0.132840,0.066313
0.943550,-0.526390,0.690522,0.034198,-0.043548,-0.339964,0.938807,0.016667,0.155022,0.050553,1.489152,-0.133458,-0.259048,-0.554340,0.062532,-0.203058,1.104562,-0.486530,-0.261800,-0.220466,-0.004394,0.113247,-0.263668,0.328108,-0.472914,-0.466274,0.264565,-0.179886,-0.112647,0.824303,-0.373616,0.068944,-0.343268,-0.058461,-0.126608,0.050971
0.953029,-0.534361,0.686986,0.024301,-0.045609,-0.346246,0.936719,-0.004573,0.195459,0.050955,1.548674,-0.166811,-0.233412,-0.528331,0.089846,-0.205482,1.118542,-0.516528,-0.261800,-0.209213,0.011058,0.134301,-0.234789,0.327920,-0.467591,-0.451643,0.271464,-0.180891,-0.117133,0.782859,-0.385917,0.086195,-0.339589,-0.062136,-0.118443,0.034141
0.962287,-0.542218,0.683764,0.015802,-0.046921,-0.352046,0.934672,-0.030872,0.230539,0.047325,1.604090,-0.196970,-0.207523,-0.503567,0.114033,-0.206067,1.130301,-0.544516,-0.261800,-0.199823,0.024941,0.152359,-0.203860,0.328217,-0.461130,-0.436945,0.284294,-0.178351,-0.117380,0.737463,-0.398386,0.105356,-0.336573,-0.067340,-0.108187,0.019045
0.971603,-0.550062,0.680935,0.009510,-0.047071,-0.357122,0.932822,-0.065910,0.257249,0.038210,1.653471,-0.221805,-0.180727,-0.480976,0.133759,-0.204955,1.138361,-0.569392,-0.261800,-0.192109,0.035952,0.165974,-0.170625,0.328820,-0.453793,-0.421251,0.306565,-0.169989,-0.110982,0.686701,-0.410463,0.126679,-0.335161,-0.075409,-0.094590,0.006912
0.981068,-0.557940,0.678514,0.004322,-0.046417,-0.361742,0.931112,-0.108098,0.278087,0.023676,1.699004,-0.243085,-0.152357,-0.458929,0.151670,-0.203258,1.142496,-0.592883,-0.261800,-0.185401,0.045489,0.177242,-0.135408,0.329590,-0.445596,-0.404146,0.335315,-0.157226,-0.099806,0.631211,-0.421708,0.150232,-0.334942,-0.085407,-0.078230,-0.003999
