-0.001424,0.025443,0.785891,-0.035685,-0.041090,-0.723911,0.687744,0.137080,0.041940,0.167897,0.170810,-0.199076,-0.033336,0.096625,-0.046770,-0.126597,0.190802,-0.210411,0.021848,-0.024022,0.002451,0.188500,0.008308,0.141671,-0.544111,1.234064,-0.088995,0.004599,0.186136,-0.068270,-0.146674,0.684254,1.208100,0.215821,0.087448,-0.019526
-0.001516,0.025563,0.785917,-0.035530,-0.040973,-0.724102,0.687557,0.136628,0.042167,0.168445,0.170677,-0.198721,-0.033635,0.095819,-0.046533,-0.126149,0.190929,-0.210100,0.021453,-0.024740,0.002306,0.188225,0.008049,0.141735,-0.544209,1.234343,-0.089295,0.004479,0.185925,-0.068601,-0.146471,0.683840,1.208009,0.215448,0.087395,-0.020076
-0.001615,0.025656,0.785946,-0.035377,-0.040851,-0.724297,0.687367,0.136191,0.042374,0.169011,0.170522,-0.198363,-0.033916,0.094971,-0.046323,-0.125688,0.191148,-0.209843,0.021069,-0.025242,0.002157,0.188021,0.007577,0.141847,-0.544518,1.234750,-0.089652,0.004352,0.185613,-0.068932,-0.146211,0.683032,1.207911,0.214841,0.087325,-0.020618
-0.001735,0.025806,0.785983,-0.035219,-0.040734,-0.724494,0.687174,0.135752,0.042611,0.169569,0.170354,-0.197987,-0.034236,0.094146,-0.046075,-0.125221,0.191286,-0.209528,0.020662,-0.025186,0.001917,0.187806,0.006919,0.142109,-0.545369,1.235197,-0.090075,0.004260,0.185422,-0.069233,-0.145709,0.681482,1.208010,0.214031,0.087213,-0.021051
-0.001887,0.025940,0.786021,-0.035062,-0.040588,-0.724691,0.686983,0.135258,0.042908,0.170088,0.170156,-0.197554,-0.034650,0.093246,-0.045761,-0.124749,0.191458,-0.209202,0.020204,-0.025146,0.001624,0.187514,0.006445,0.142439,-0.546133,1.235415,-0.090361,0.004185,0.185566,-0.069584,-0.145140,0.680128,1.208210,0.213623,0.087090,-0.021289
-0.002037,0.026074,0.786061,-0.034930,-0.040432,-0.724883,0.686797,0.134772,0.043267,0.170535,0.169973,-0.197121,-0.035176,0.092379,-0.045371,-0.124280,0.191589,-0.208850,0.019695,-0.025520,0.001372,0.187211,0.006221,0.142592,-0.546305,1.235455,-0.090111,0.004115,0.186201,-0.069868,-0.144898,0.679482,1.208143,0.213856,0.087039,-0.021231
-0.002204,0.026238,0.786081,-0.034803,-0.040280,-0.725077,0.686607,0.134315,0.043654,0.170956,0.169742,-0.196657,-0.035782,0.091482,-0.044945,-0.123788,0.191797,-0.208531,0.019150,-0.025627,0.001063,0.186937,0.005922,0.142763,-0.546588,1.235453,-0.089582,0.004082,0.187139,-0.070197,-0.144627,0.678488,1.208233,0.214159,0.086952,-0.020892
-0.002401,0.026425,0.786110,-0.034659,-0.040072,-0.725276,0.686417,0.133700,0.044119,0.171370,0.169520,-0.196118,-0.036452,0.090482,-0.044435,-0.123305,0.191895,-0.208087,0.018553,-0.025762,0.000790,0.186564,0.005696,0.142905,-0.546743,1.235333,-0.089196,0.004021,0.188222,-0.070497,-0.144395,0.677716,1.208226,0.214741,0.086876,-0.020518
-0.002555,0.026613,0.786150,-0.034445,-0.039778,-0.725493,0.686216,0.132786,0.044675,0.171838,0.169296,-0.195435,-0.037163,0.089184,-0.043839,-0.122819,0.191950,-0.207483,0.017890,-0.025883,0.000600,0.186008,0.005529,0.142974,-0.546734,1.235061,-0.089374,0.003896,0.189224,-0.070844,-0.144272,0.677246,1.208189,0.215511,0.086764,-0.020273
-0.002762,0.026841,0.786211,-0.034135,-0.039382,-0.725737,0.685995,0.131502,0.045301,0.172388,0.169067,-0.194604,-0.037910,0.087508,-0.043167,-0.122313,0.191954,-0.206675,0.017157,-0.025748,0.000410,0.185327,0.005236,0.143086,-0.546610,1.234661,-0.090161,0.003742,0.189948,-0.071363,-0.144019,0.676497,1.208263,0.216180,0.086621,-0.020127
-0.003007,0.027113,0.786260,-0.033748,-0.038919,-0.726002,0.685761,0.129953,0.045956,0.172997,0.168799,-0.193635,-0.038702,0.085511,-0.042466,-0.121782,0.191993,-0.205751,0.016365,-0.025629,0.000191,0.184441,0.005027,0.143170,-0.546282,1.234126,-0.091417,0.003559,0.190591,-0.071932,-0.143726,0.676046,1.208357,0.217123,0.086468,-0.020086
-0.003261,0.027429,0.786331,-0.033345,-0.038426,-0.726267,0.685528,0.128324,0.046656,0.173624,0.168463,-0.192505,-0.039545,0.083468,-0.041708,-0.121275,0.191911,-0.204703,0.015514,-0.025443,0.000056,0.183493,0.004869,0.143180,-0.546011,1.233478,-0.093068,0.003274,0.191387,-0.072381,-0.143643,0.675895,1.208280,0.218230,0.086250,-0.020121
-0.003519,0.027749,0.786406,-0.032865,-0.037870,-0.726541,0.685291,0.126389,0.047416,0.174294,0.168260,-0.191286,-0.040434,0.081044,-0.040925,-0.120753,0.192083,-0.203743,0.014602,-0.025258,-0.000014,0.182490,0.004722,0.143176,-0.545461,1.232619,-0.094743,0.002834,0.192504,-0.073329,-0.143463,0.675925,1.208630,0.219213,0.085918,-0.020063
-0.003799,0.028060,0.786513,-0.032419,-0.037337,-0.726801,0.685066,0.124554,0.048280,0.174989,0.168045,-0.189921,-0.041422,0.078874,-0.040040,-0.120286,0.191940,-0.202644,0.013658,-0.024906,-0.000009,0.181554,0.004590,0.143159,-0.545161,1.231590,-0.096456,0.002317,0.194135,-0.074094,-0.143342,0.676176,1.208835,0.220207,0.085450,-0.020161
-0.004122,0.028432,0.786617,-0.031938,-0.036794,-0.727060,0.684843,0.122633,0.049160,0.175734,0.167836,-0.188425,-0.042481,0.076549,-0.039158,-0.119826,0.191938,-0.201592,0.012679,-0.024595,0.000075,0.180601,0.004613,0.143127,-0.544815,1.230218,-0.098276,0.001726,0.196113,-0.075169,-0.143223,0.676767,1.209383,0.221318,0.084826,-0.020292
-0.004533,0.028802,0.786735,-0.031400,-0.036210,-0.727318,0.684625,0.120507,0.050058,0.176457,0.167605,-0.186773,-0.043533,0.074034,-0.038251,-0.119385,0.191907,-0.200469,0.011595,-0.024303,0.000114,0.179525,0.004676,0.143070,-0.544287,1.228896,-0.100568,0.000861,0.198255,-0.076353,-0.143077,0.677806,1.209958,0.222438,0.084187,-0.020416
-0.004945,0.029181,0.786870,-0.030769,-0.035549,-0.727571,0.684420,0.117967,0.050988,0.177066,0.167459,-0.185021,-0.044494,0.071167,-0.037303,-0.118991,0.191891,-0.199261,0.010347,-0.023645,0.000107,0.178308,0.004516,0.143032,-0.543869,1.227936,-0.103757,-0.000459,0.200348,-0.077527,-0.143010,0.678653,1.210342,0.223186,0.083625,-0.020348
-0.005330,0.029711,0.786836,-0.030294,-0.034247,-0.727726,0.684342,0.108711,0.054282,0.176765,0.179814,-0.189639,-0.045541,0.068135,-0.034998,-0.119159,0.190525,-0.197220,0.008747,-0.024195,0.001141,0.176440,0.004823,0.142896,-0.542149,1.227003,-0.107921,-0.002411,0.202445,-0.079380,-0.142834,0.681178,1.211185,0.224193,0.083119,-0.020114
-0.005745,0.030210,0.786791,-0.029743,-0.032820,-0.727883,0.684269,0.098725,0.057765,0.176310,0.192866,-0.194462,-0.046536,0.064741,-0.032552,-0.119368,0.189097,-0.195056,0.006980,-0.024173,0.002219,0.174402,0.004872,0.142787,-0.540683,1.226345,-0.113021,-0.004833,0.204593,-0.081166,-0.142744,0.683286,1.211797,0.224761,0.082647,-0.019657
-0.006189,0.030765,0.786673,-0.028957,-0.031522,-0.728075,0.684160,0.088704,0.060615,0.175986,0.205458,-0.198949,-0.047336,0.057628,-0.031102,-0.119281,0.195045,-0.196688,0.005205,-0.024024,0.002780,0.172253,0.004843,0.142684,-0.539136,1.225943,-0.118548,-0.007511,0.206646,-0.083067,-0.142688,0.685685,1.212370,0.225264,0.082249,-0.019165
-0.006654,0.031355,0.786529,-0.028316,-0.030276,-0.728224,0.684085,0.078637,0.063743,0.175505,0.218707,-0.203629,-0.048039,0.051178,-0.029370,-0.119357,0.200209,-0.197902,0.003328,-0.024278,0.003626,0.170499,0.004741,0.142545,-0.537405,1.225849,-0.123982,-0.010221,0.208456,-0.085218,-0.142651,0.688647,1.213039,0.225910,0.081950,-0.018795
-0.007121,0.031985,0.786388,-0.027881,-0.029089,-0.728313,0.684059,0.068658,0.067148,0.174868,0.232589,-0.208507,-0.048647,0.045301,-0.027397,-0.119620,0.205074,-0.198972,0.001368,-0.023785,0.004808,0.169275,0.003929,0.142488,-0.537028,1.226491,-0.130173,-0.013102,0.209892,-0.087072,-0.142680,0.690467,1.213450,0.226040,0.081819,-0.018482
-0.007642,0.032680,0.786218,-0.027568,-0.027928,-0.728356,0.684074,0.058609,0.070765,0.174066,0.247000,-0.213522,-0.049153,0.039634,-0.025260,-0.120035,0.209984,-0.200039,-0.000688,-0.023263,0.006229,0.168371,0.002900,0.142460,-0.536982,1.227519,-0.136914,-0.016215,0.211049,-0.088990,-0.142739,0.692192,1.213850,0.225992,0.081822,-0.018211
-0.008155,0.033418,0.786017,-0.027305,-0.026763,-0.728390,0.684095,0.048359,0.074534,0.173132,0.261810,-0.218588,-0.049518,0.033977,-0.022976,-0.120511,0.214881,-0.201085,-0.002867,-0.023193,0.007808,0.167577,0.002034,0.142401,-0.536599,1.228589,-0.143100,-0.019155,0.212207,-0.091105,-0.142936,0.694999,1.214215,0.226463,0.081820,-0.018060
-0.008772,0.034140,0.785802,-0.027025,-0.025567,-0.728448,0.684090,0.037816,0.078352,0.172093,0.276835,-0.223589,-0.049696,0.027947,-0.020628,-0.120960,0.220141,-0.202251,-0.005191,-0.022322,0.009339,0.166985,0.000633,0.142392,-0.536651,1.229890,-0.147578,-0.021472,0.213575,-0.093295,-0.143082,0.696914,1.214438,0.226763,0.081651,-0.017850
-0.009365,0.034939,0.785572,-0.026678,-0.024318,-0.728560,0.684030,0.026814,0.082188,0.171022,0.292138,-0.228543,-0.049580,0.021293,-0.018252,-0.121315,0.225981,-0.203634,-0.007733,-0.021578,0.010821,0.166367,-0.000689,0.142388,-0.536333,1.231088,-0.149784,-0.023016,0.215458,-0.095794,-0.143339,0.699899,1.214575,0.227962,0.081269,-0.017763
-0.009913,0.035806,0.785309,-0.026314,-0.023032,-0.728699,0.683940,0.015393,0.086106,0.169863,0.307896,-0.233550,-0.049210,0.014132,-0.015820,-0.121638,0.232468,-0.205301,-0.010469,-0.020955,0.012322,0.165906,-0.002035,0.142398,-0.535592,1.232253,-0.150250,-0.024023,0.217626,-0.098575,-0.143742,0.703576,1.214554,0.229692,0.080770,-0.017734
-0.010556,0.036822,0.785011,-0.026001,-0.021742,-0.728816,0.683871,0.003923,0.090139,0.168471,0.323697,-0.238440,-0.048772,0.007056,-0.013235,-0.122050,0.238807,-0.206854,-0.013269,-0.020067,0.013919,0.165632,-0.003578,0.142433,-0.535003,1.233475,-0.149966,-0.024679,0.219675,-0.101344,-0.144155,0.706799,1.214400,0.231156,0.080210,-0.017655
-0.011224,0.037938,0.784717,-0.025826,-0.020460,-0.728858,0.683872,-0.007396,0.094338,0.166691,0.339462,-0.243164,-0.048454,0.000482,-0.010423,-0.122670,0.244562,-0.208096,-0.016004,-0.019192,0.015732,0.165605,-0.005099,0.142495,-0.534415,1.234505,-0.149780,-0.025188,0.221184,-0.103930,-0.144605,0.709407,1.214002,0.231936,0.079673,-0.017457
-0.012047,0.039038,0.784414,-0.025837,-0.019163,-0.728875,0.683891,-0.018521,0.098866,0.164586,0.355254,-0.247762,-0.048340,-0.005561,-0.007204,-0.123344,0.249672,-0.208900,-0.018738,-0.018175,0.017869,0.165885,-0.006652,0.142601,-0.533800,1.235329,-0.149691,-0.025427,0.221956,-0.106281,-0.145156,0.711179,1.213222,0.231682,0.079133,-0.017125
-0.012752,0.039996,0.784080,-0.025966,-0.017865,-0.728875,0.683921,-0.029605,0.103646,0.162199,0.371156,-0.252274,-0.048313,-0.011349,-0.003686,-0.124079,0.254522,-0.209495,-0.021507,-0.016661,0.020207,0.166305,-0.008524,0.142684,-0.533621,1.236372,-0.149447,-0.025358,0.222275,-0.108614,-0.145460,0.711898,1.212624,0.230581,0.078503,-0.016707
-0.013527,0.041052,0.783737,-0.026164,-0.016582,-0.728739,0.684091,-0.040606,0.108344,0.159342,0.386835,-0.256507,-0.048277,-0.016690,-0.000181,-0.125214,0.258846,-0.209933,-0.024155,-0.015649,0.022641,0.167015,-0.010058,0.142878,-0.533069,1.236851,-0.149069,-0.025257,0.222321,-0.110667,-0.146146,0.712712,1.211329,0.229458,0.077999,-0.016188
-0.014181,0.042274,0.783381,-0.026333,-0.015381,-0.728358,0.684518,-0.051493,0.112604,0.155859,0.401983,-0.260293,-0.048140,-0.021519,0.002973,-0.127072,0.262577,-0.210363,-0.026513,-0.014919,0.024958,0.167738,-0.011445,0.143054,-0.532769,1.237226,-0.148930,-0.025443,0.222381,-0.112504,-0.146716,0.713091,1.210109,0.228482,0.077614,-0.015550
-0.014917,0.043458,0.783016,-0.026544,-0.014292,-0.727647,0.685289,-0.062122,0.116332,0.151554,0.416602,-0.263644,-0.047918,-0.025505,0.005707,-0.129905,0.265508,-0.210858,-0.028478,-0.014890,0.027122,0.168604,-0.012427,0.143232,-0.532428,1.237305,-0.148817,-0.025998,0.222371,-0.114016,-0.147258,0.713245,1.208769,0.227575,0.077417,-0.014625
-0.015704,0.044528,0.782647,-0.026801,-0.013287,-0.726685,0.686320,-0.072550,0.119689,0.146579,0.430811,-0.266620,-0.047657,-0.028797,0.008195,-0.133479,0.267697,-0.211291,-0.030143,-0.015380,0.029222,0.169673,-0.013069,0.143461,-0.531993,1.237013,-0.148643,-0.026747,0.222203,-0.115185,-0.147912,0.713149,1.207076,0.226605,0.077386,-0.013481
-0.016518,0.045599,0.782331,-0.026985,-0.012271,-0.725597,0.687481,-0.083073,0.122721,0.141294,0.444523,-0.269143,-0.047310,-0.032092,0.010455,-0.137392,0.269615,-0.211597,-0.031626,-0.015988,0.031279,0.170706,-0.013651,0.143713,-0.531704,1.236519,-0.148853,-0.027630,0.222108,-0.116261,-0.148612,0.712909,1.205302,0.226069,0.077437,-0.012453
-0.017238,0.046699,0.782044,-0.026960,-0.011163,-0.724512,0.688645,-0.093940,0.125461,0.136060,0.457586,-0.271103,-0.046840,-0.035959,0.012519,-0.141253,0.271456,-0.211555,-0.033047,-0.016421,0.033275,0.171337,-0.014429,0.143837,-0.531672,1.236166,-0.149827,-0.028589,0.222386,-0.117699,-0.148967,0.712755,1.204206,0.226470,0.077480,-0.011965
-0.018011,0.048027,0.781754,-0.026682,-0.009920,-0.723418,0.689823,-0.105363,0.127830,0.130858,0.470022,-0.272205,-0.046346,-0.040687,0.014293,-0.145055,0.273481,-0.211169,-0.034357,-0.016482,0.035286,0.171870,-0.015510,0.144150,-0.532310,1.235361,-0.152071,-0.029529,0.223032,-0.118827,-0.149999,0.712539,1.202081,0.228294,0.077664,-0.012206
-0.018738,0.049333,0.781509,-0.026213,-0.008599,-0.722263,0.691069,-0.117163,0.129814,0.125547,0.481903,-0.272598,-0.045829,-0.045979,0.015767,-0.148980,0.275593,-0.210541,-0.035507,-0.016552,0.037252,0.172039,-0.016803,0.144335,-0.533315,1.234706,-0.155257,-0.030558,0.224003,-0.120242,-0.150757,0.712459,1.200486,0.231226,0.077857,-0.013030
-0.019455,0.050599,0.781307,-0.025641,-0.007235,-0.721105,0.692313,-0.128948,0.131616,0.120297,0.493115,-0.272817,-0.045123,-0.051353,0.017179,-0.152910,0.277209,-0.209589,-0.036638,-0.016269,0.039247,0.172188,-0.018039,0.144531,-0.534340,1.233733,-0.158472,-0.031699,0.225125,-0.121345,-0.151928,0.712048,1.198428,0.234258,0.078155,-0.013851
-0.020209,0.051859,0.781144,-0.025083,-0.005828,-0.720009,0.693487,-0.140332,0.133430,0.115280,0.503526,-0.273378,-0.044062,-0.056519,0.018729,-0.156728,0.278150,-0.208338,-0.037897,-0.015867,0.041147,0.172288,-0.018872,0.144593,-0.534366,1.232557,-0.160649,-0.033026,0.226298,-0.122768,-0.152571,0.711500,1.197195,0.236481,0.078475,-0.014245
-0.020918,0.053255,0.780939,-0.024491,-0.004339,-0.718978,0.694588,-0.151401,0.135390,0.110638,0.512840,-0.274050,-0.042913,-0.061514,0.020523,-0.160474,0.278185,-0.206695,-0.039356,-0.015072,0.043098,0.172479,-0.019348,0.144624,-0.533632,1.230893,-0.161349,-0.034654,0.227371,-0.123934,-0.153447,0.710132,1.195684,0.237338,0.078968,-0.013902
-0.021677,0.054716,0.780782,-0.023835,-0.002776,-0.717982,0.695648,-0.162337,0.137380,0.106237,0.521313,-0.274676,-0.041681,-0.066475,0.022430,-0.164189,0.277511,-0.204691,-0.040929,-0.013976,0.045107,0.172707,-0.019600,0.144586,-0.532378,1.228843,-0.161148,-0.036521,0.228443,-0.124852,-0.154643,0.708213,1.193829,0.237452,0.079612,-0.013122
-0.022456,0.056077,0.780618,-0.023210,-0.001251,-0.717034,0.696650,-0.172719,0.139214,0.101857,0.529277,-0.275864,-0.039808,-0.071199,0.024331,-0.167761,0.276485,-0.202506,-0.042531,-0.012707,0.047008,0.172957,-0.019477,0.144458,-0.530339,1.226555,-0.160694,-0.038371,0.229729,-0.125861,-0.155718,0.706606,1.192404,0.237533,0.080231,-0.012248
-0.023221,0.057420,0.780466,-0.022676,0.000090,-0.716151,0.697577,-0.182156,0.140696,0.097277,0.537111,-0.278196,-0.036725,-0.075423,0.026129,-0.171079,0.275324,-0.200248,-0.044080,-0.011281,0.048680,0.173294,-0.018860,0.144254,-0.527362,1.224082,-0.160638,-0.039941,0.231422,-0.127060,-0.156605,0.706053,1.191721,0.238282,0.080683,-0.011580
-0.023939,0.058751,0.780335,-0.022241,0.001284,-0.715327,0.698434,-0.190631,0.141866,0.092676,0.543991,-0.281908,-0.031414,-0.079085,0.027867,-0.174164,0.273844,-0.197842,-0.045585,-0.009809,0.050177,0.173771,-0.017613,0.143885,-0.523035,1.221219,-0.160888,-0.041146,0.233773,-0.128333,-0.157660,0.707037,1.191406,0.240361,0.080933,-0.011362
-0.024693,0.060043,0.780213,-0.021861,0.002368,-0.714560,0.699229,-0.198344,0.142804,0.088077,0.550064,-0.286630,-0.024440,-0.082303,0.029592,-0.177061,0.271969,-0.195243,-0.047084,-0.008157,0.051511,0.174307,-0.015855,0.143400,-0.517701,1.218038,-0.161235,-0.042127,0.236616,-0.129686,-0.158683,0.708948,1.191546,0.243197,0.081043,-0.011387
-0.025333,0.061374,0.780154,-0.021590,0.003276,-0.713862,0.699946,-0.205189,0.143364,0.083040,0.557111,-0.292063,-0.017626,-0.085131,0.031212,-0.179692,0.270186,-0.192672,-0.048532,-0.006655,0.052787,0.175012,-0.013729,0.142677,-0.511315,1.214852,-0.161779,-0.043007,0.239473,-0.131108,-0.159893,0.711838,1.192017,0.245978,0.081147,-0.011213
-0.025926,0.062769,0.780110,-0.021485,0.003942,-0.713246,0.700573,-0.211036,0.143349,0.077172,0.566845,-0.297918,-0.012837,-0.087620,0.032616,-0.181972,0.268975,-0.190338,-0.049886,-0.005081,0.053960,0.175891,-0.011512,0.141822,-0.504593,1.212044,-0.162885,-0.043877,0.241886,-0.132592,-0.161093,0.714983,1.193084,0.247606,0.081325,-0.010408
-0.026433,0.064121,0.780059,-0.021530,0.004301,-0.712711,0.701114,-0.215925,0.142429,0.070044,0.579432,-0.304249,-0.010723,-0.089851,0.033654,-0.183866,0.268628,-0.188358,-0.051156,-0.003516,0.054960,0.177072,-0.009140,0.140819,-0.497194,1.209489,-0.164987,-0.044903,0.243876,-0.134214,-0.162298,0.718631,1.194810,0.247856,0.081634,-0.008613
-0.026908,0.065457,0.779997,-0.021695,0.004397,-0.712251,0.701576,-0.219893,0.140746,0.062027,0.594054,-0.311217,-0.010270,-0.091784,0.034409,-0.185417,0.268855,-0.186608,-0.052358,-0.001943,0.055796,0.178488,-0.006545,0.139658,-0.489064,1.207081,-0.167841,-0.045986,0.245637,-0.135954,-0.163524,0.722878,1.197136,0.247224,0.082007,-0.006140
-0.027333,0.066790,0.779942,-0.022024,0.004325,-0.711880,0.701943,-0.222839,0.138830,0.053932,0.611024,-0.318731,-0.010867,-0.093307,0.035136,-0.186667,0.269285,-0.184956,-0.053460,-0.000396,0.056639,0.179959,-0.003822,0.138345,-0.480698,1.205061,-0.170541,-0.046833,0.246960,-0.137646,-0.164764,0.727399,1.199799,0.245963,0.082380,-0.003559
-0.027747,0.068110,0.779835,-0.022559,0.004180,-0.711609,0.702201,-0.224654,0.137218,0.046560,0.630635,-0.326677,-0.011901,-0.094320,0.036087,-0.187657,0.269582,-0.183289,-0.054426,0.001107,0.057660,0.181295,-0.001104,0.136901,-0.472661,1.203706,-0.172222,-0.047148,0.247642,-0.139110,-0.166012,0.731782,1.202560,0.244253,0.082683,-0.001439
-0.028061,0.069449,0.779696,-0.023370,0.003925,-0.711439,0.702348,-0.225182,0.136111,0.040197,0.653661,-0.335418,-0.013450,-0.094573,0.037364,-0.188368,0.269608,-0.181581,-0.055177,0.002611,0.058966,0.182554,0.001634,0.135313,-0.464895,1.203110,-0.172765,-0.046807,0.247683,-0.140321,-0.167279,0.736121,1.205552,0.241781,0.082899,0.000161
-0.028348,0.070724,0.779557,-0.024420,0.003539,-0.711364,0.702391,-0.224522,0.135230,0.034400,0.679733,-0.344918,-0.015756,-0.094210,0.038809,-0.188787,0.269591,-0.179904,-0.055752,0.004124,0.060445,0.183796,0.004411,0.133575,-0.457187,1.203137,-0.172596,-0.045985,0.247176,-0.141344,-0.168571,0.740544,1.208815,0.238561,0.083061,0.001515
-0.028579,0.071945,0.779464,-0.025558,0.003100,-0.711386,0.702330,-0.222897,0.134390,0.028871,0.707298,-0.354386,-0.018461,-0.093658,0.040306,-0.188957,0.269591,-0.178216,-0.056291,0.005597,0.061945,0.184848,0.007122,0.131747,-0.449892,1.203662,-0.171688,-0.044815,0.246061,-0.142143,-0.169875,0.744661,1.211987,0.235266,0.083191,0.002556
-0.028762,0.073148,0.779338,-0.026622,0.002676,-0.711510,0.702166,-0.220511,0.133379,0.023320,0.734782,-0.363014,-0.021226,-0.093343,0.041750,-0.188925,0.269672,-0.176474,-0.056936,0.007022,0.063299,0.185543,0.009693,0.129930,-0.443395,1.204520,-0.170002,-0.043433,0.244270,-0.142678,-0.171175,0.748059,1.214692,0.232570,0.083307,0.003222
-0.028996,0.074514,0.779220,-0.027627,0.002259,-0.711720,0.701916,-0.217392,0.132058,0.017377,0.762533,-0.370919,-0.023992,-0.093213,0.043161,-0.188776,0.269819,-0.174682,-0.057791,0.008402,0.064478,0.185941,0.012127,0.128202,-0.437666,1.205699,-0.166983,-0.041738,0.241603,-0.142927,-0.172461,0.750692,1.216821,0.230491,0.083392,0.003442
-0.029195,0.075843,0.779097,-0.028647,0.001824,-0.712020,0.701572,-0.213402,0.130534,0.011325,0.791109,-0.378420,-0.026961,-0.093096,0.044587,-0.188463,0.269999,-0.172848,-0.058756,0.009758,0.065538,0.186114,0.014519,0.126581,-0.432558,1.207171,-0.162829,-0.039706,0.238135,-0.142916,-0.173733,0.752728,1.218557,0.228710,0.083444,0.003270
-0.029307,0.077034,0.778991,-0.029591,0.001408,-0.712444,0.701103,-0.208450,0.128968,0.005844,0.819125,-0.384939,-0.030187,-0.093241,0.045953,-0.187830,0.270281,-0.170961,-0.059664,0.011117,0.066444,0.185907,0.016903,0.125081,-0.428342,1.208795,-0.158708,-0.037580,0.234230,-0.142670,-0.174981,0.754078,1.219960,0.227421,0.083509,0.002826
-0.029404,0.078217,0.778886,-0.030358,0.001035,-0.713026,0.700479,-0.202487,0.127569,0.001580,0.845231,-0.389913,-0.033685,-0.093896,0.047187,-0.186723,0.270738,-0.169014,-0.060348,0.012537,0.067146,0.185167,0.019319,0.123754,-0.425344,1.210398,-0.155811,-0.035588,0.230245,-0.142224,-0.176151,0.754611,1.221108,0.226815,0.083626,0.002233
-0.029510,0.079563,0.778759,-0.030929,0.000717,-0.713858,0.699607,-0.195329,0.126596,-0.001010,0.869342,-0.393327,-0.037631,-0.095151,0.048348,-0.184889,0.271398,-0.166958,-0.060742,0.014190,0.067636,0.183735,0.021829,0.122683,-0.423965,1.211989,-0.154477,-0.033695,0.225792,-0.141606,-0.177169,0.754274,1.222117,0.227156,0.083873,0.001416
-0.029564,0.080884,0.778648,-0.031354,0.000438,-0.714894,0.698529,-0.187064,0.125920,-0.002417,0.892080,-0.395427,-0.041950,-0.096859,0.049451,-0.182478,0.272216,-0.164811,-0.060938,0.015930,0.067890,0.181744,0.024493,0.121909,-0.423858,1.213528,-0.154058,-0.031794,0.220824,-0.140860,-0.177952,0.753205,1.222993,0.228279,0.084194,0.000340
-0.029548,0.082038,0.778596,-0.031651,0.000190,-0.715962,0.697421,-0.178103,0.125211,-0.003431,0.913262,-0.396063,-0.046142,-0.098926,0.050380,-0.179949,0.273157,-0.162663,-0.061006,0.017675,0.068168,0.179415,0.026765,0.120812,-0.424587,1.215514,-0.154289,-0.030059,0.216349,-0.139623,-0.179196,0.751256,1.223145,0.229718,0.084496,-0.000786
-0.029515,0.083269,0.778569,-0.031826,-0.000039,-0.716893,0.696456,-0.168826,0.124111,-0.004819,0.932619,-0.395046,-0.049766,-0.101262,0.050992,-0.177750,0.274198,-0.160602,-0.061023,0.018786,0.068117,0.177049,0.029145,0.119921,-0.425132,1.217143,-0.154908,-0.028549,0.213161,-0.138396,-0.180319,0.748902,1.223082,0.231128,0.084563,-0.001811
-0.029483,0.084531,0.778496,-0.031855,-0.000244,-0.717642,0.695683,-0.159388,0.122435,-0.006898,0.950306,-0.391708,-0.052561,-0.103870,0.051233,-0.176012,0.275279,-0.158656,-0.060947,0.019045,0.067692,0.174622,0.031631,0.119244,-0.425645,1.218406,-0.156646,-0.027461,0.211487,-0.137279,-0.181231,0.746248,1.222863,0.232574,0.084264,-0.002712
-0.029478,0.085899,0.778422,-0.031744,-0.000419,-0.718301,0.695007,-0.149566,0.120413,-0.009239,0.966367,-0.386327,-0.054820,-0.106780,0.051191,-0.174489,0.276413,-0.156764,-0.060762,0.018814,0.067030,0.172004,0.034036,0.118613,-0.426555,1.219612,-0.159411,-0.026697,0.210896,-0.136040,-0.182157,0.743027,1.222295,0.234168,0.083732,-0.003562
-0.029432,0.087327,0.778407,-0.031537,-0.000593,-0.718903,0.694395,-0.139227,0.118289,-0.011488,0.980462,-0.380146,-0.056926,-0.109978,0.050909,-0.173060,0.277761,-0.154937,-0.060576,0.018069,0.066074,0.169339,0.036660,0.118189,-0.426874,1.220456,-0.161549,-0.025881,0.211177,-0.134888,-0.182774,0.739509,1.221763,0.235756,0.083136,-0.004387
-0.029358,0.088806,0.778348,-0.031291,-0.000776,-0.719476,0.693812,-0.128217,0.116334,-0.013294,0.992213,-0.374491,-0.059245,-0.113441,0.050453,-0.171608,0.279450,-0.153157,-0.060505,0.017158,0.064925,0.166717,0.039472,0.117861,-0.426075,1.220998,-0.161492,-0.024664,0.212201,-0.133647,-0.183176,0.735558,1.221224,0.237116,0.082679,-0.005193
-0.029224,0.090266,0.778297,-0.030977,-0.000978,-0.720071,0.693207,-0.116386,0.114601,-0.014489,1.001429,-0.369708,-0.062051,-0.117292,0.049824,-0.169959,0.281643,-0.151448,-0.060661,0.016669,0.063655,0.164163,0.042087,0.117336,-0.424022,1.221467,-0.158085,-0.022747,0.214476,-0.131945,-0.183689,0.730018,1.220231,0.237734,0.082513,-0.005879
-0.029099,0.091779,0.778225,-0.030578,-0.001190,-0.720660,0.692613,-0.103869,0.112981,-0.015308,1.008348,-0.365102,-0.065068,-0.121479,0.049006,-0.168222,0.284172,-0.149776,-0.060957,0.015936,0.062233,0.161590,0.044845,0.116686,-0.420716,1.221659,-0.152391,-0.020381,0.217890,-0.130075,-0.184162,0.723858,1.219012,0.238101,0.082500,-0.006511
-0.028934,0.093302,0.778151,-0.030160,-0.001413,-0.721149,0.692122,-0.090980,0.111480,-0.016007,1.013351,-0.360377,-0.067821,-0.125776,0.048010,-0.166707,0.286837,-0.148132,-0.061204,0.014882,0.060756,0.159080,0.047441,0.116008,-0.417054,1.222065,-0.146174,-0.018071,0.221425,-0.128137,-0.184531,0.717705,1.217801,0.238476,0.082462,-0.007156
-0.028746,0.094969,0.778103,-0.029793,-0.001647,-0.721448,0.691825,-0.078017,0.110112,-0.016841,1.016793,-0.355227,-0.069845,-0.129919,0.046856,-0.165727,0.289357,-0.146469,-0.061214,0.013592,0.059399,0.156705,0.049351,0.115238,-0.414054,1.223411,-0.141161,-0.016354,0.224108,-0.126129,-0.184894,0.711963,1.216730,0.239045,0.082228,-0.007865
-0.028559,0.096664,0.778014,-0.029480,-0.001912,-0.721563,0.691718,-0.064777,0.109043,-0.017532,1.018525,-0.349944,-0.071223,-0.133878,0.045539,-0.165300,0.291772,-0.144839,-0.060904,0.011991,0.058116,0.154496,0.050715,0.114547,-0.411722,1.225697,-0.137911,-0.015449,0.225685,-0.124063,-0.185209,0.706981,1.215761,0.240153,0.081652,-0.008760
-0.028322,0.098447,0.777910,-0.029191,-0.002205,-0.721533,0.691761,-0.051207,0.108232,-0.018063,1.018454,-0.344567,-0.072129,-0.137771,0.044054,-0.165281,0.294168,-0.143230,-0.060388,0.010258,0.056903,0.152413,0.051508,0.113797,-0.409758,1.228804,-0.135452,-0.015063,0.226702,-0.121811,-0.185564,0.702154,1.214725,0.241466,0.080869,-0.009753
-0.028031,0.100219,0.777843,-0.028934,-0.002482,-0.721315,0.691998,-0.037823,0.107365,-0.019059,1.016997,-0.338404,-0.072237,-0.141588,0.042400,-0.165732,0.296424,-0.141550,-0.059783,0.008136,0.055718,0.150439,0.052039,0.113184,-0.408254,1.232109,-0.133385,-0.014916,0.227276,-0.119525,-0.185878,0.697703,1.213774,0.242744,0.080094,-0.010678
-0.027788,0.102065,0.777726,-0.028689,-0.002735,-0.720868,0.692473,-0.025149,0.106131,-0.021140,1.014590,-0.330772,-0.071218,-0.145356,0.040574,-0.166718,0.298489,-0.139733,-0.059203,0.005449,0.054536,0.148543,0.052479,0.112823,-0.407348,1.235157,-0.131297,-0.014733,0.227541,-0.117311,-0.186083,0.693683,1.213064,0.243656,0.079543,-0.011357
-0.027492,0.104058,0.777623,-0.028501,-0.002932,-0.720112,0.693266,-0.013492,0.104678,-0.024410,1.011756,-0.321168,-0.067979,-0.148931,0.038578,-0.168427,0.300163,-0.137698,-0.058682,0.002171,0.053470,0.146764,0.052501,0.112594,-0.407320,1.238304,-0.128923,-0.014393,0.227380,-0.115122,-0.186261,0.689719,1.212560,0.243731,0.079264,-0.011588
-0.027142,0.106001,0.777532,-0.028357,-0.003094,-0.719094,0.694327,-0.002528,0.103125,-0.028516,1.008150,-0.310072,-0.063027,-0.152374,0.036408,-0.170768,0.301588,-0.135524,-0.058163,-0.001451,0.052499,0.145096,0.052048,0.112490,-0.408194,1.241705,-0.126579,-0.014063,0.226780,-0.112838,-0.186451,0.685687,1.212144,0.243200,0.079144,-0.011506
-0.026827,0.108080,0.777440,-0.028191,-0.003254,-0.717953,0.695513,0.008172,0.101091,-0.033404,1.002942,-0.298289,-0.058439,-0.155882,0.034060,-0.173376,0.302962,-0.133268,-0.057625,-0.004965,0.051505,0.143442,0.051388,0.112547,-0.409930,1.244934,-0.124703,-0.013913,0.226079,-0.110353,-0.186655,0.681692,1.211752,0.242642,0.079178,-0.011424
-0.026485,0.110377,0.777306,-0.027942,-0.003438,-0.716832,0.696678,0.019071,0.098163,-0.039083,0.995257,-0.286602,-0.056306,-0.159653,0.031526,-0.175886,0.304488,-0.130978,-0.057043,-0.008369,0.050376,0.141726,0.050997,0.112722,-0.411887,1.247446,-0.123532,-0.014126,0.225593,-0.107836,-0.186777,0.678379,1.211545,0.242786,0.079358,-0.011668
-0.026170,0.112527,0.777224,-0.027600,-0.003657,-0.715791,0.697760,0.030497,0.094279,-0.045451,0.984561,-0.274279,-0.057507,-0.163659,0.028832,-0.178127,0.306095,-0.128627,-0.056410,-0.010478,0.049023,0.139883,0.050435,0.113182,-0.415367,1.249549,-0.123827,-0.014817,0.225488,-0.104749,-0.186902,0.674624,1.211207,0.243759,0.079814,-0.012357
-0.025835,0.114793,0.777146,-0.027182,-0.003911,-0.714745,0.698845,0.042132,0.089632,-0.052626,0.971497,-0.261237,-0.060825,-0.167836,0.025966,-0.180319,0.307751,-0.126219,-0.055739,-0.012749,0.047550,0.138001,0.050123,0.113711,-0.418913,1.251086,-0.124846,-0.015892,0.225529,-0.101773,-0.186912,0.671893,1.211172,0.245616,0.080511,-0.013348
-0.025457,0.117214,0.777009,-0.026722,-0.004148,-0.713624,0.700006,0.053593,0.084203,-0.060931,0.956696,-0.249259,-0.065199,-0.172299,0.022876,-0.182665,0.309619,-0.123805,-0.055046,-0.014635,0.045950,0.136082,0.049774,0.114521,-0.423309,1.252048,-0.126211,-0.017100,0.225581,-0.098558,-0.186820,0.668834,1.211183,0.247168,0.081149,-0.014402
-0.025026,0.119740,0.776856,-0.026238,-0.004335,-0.712355,0.701315,0.064478,0.078014,-0.070659,0.940850,-0.240126,-0.069538,-0.177160,0.019517,-0.185371,0.311867,-0.121435,-0.054346,-0.016710,0.044302,0.134189,0.049509,0.115540,-0.427885,1.252229,-0.127086,-0.018225,0.225472,-0.095309,-0.186603,0.665547,1.211287,0.247643,0.081449,-0.015312
-0.024610,0.122382,0.776668,-0.025715,-0.004444,-0.710890,0.702818,0.074693,0.071039,-0.082191,0.923978,-0.235051,-0.073405,-0.182454,0.015895,-0.188580,0.314471,-0.119117,-0.053645,-0.019527,0.042790,0.132164,0.049215,0.116338,-0.432277,1.251944,-0.127199,-0.019259,0.225148,-0.092210,-0.186360,0.662652,1.211737,0.246684,0.081280,-0.016025
-0.024172,0.125050,0.776481,-0.025151,-0.004494,-0.709278,0.704466,0.084489,0.063405,-0.095288,0.905792,-0.232883,-0.077281,-0.188093,0.012030,-0.192136,0.317314,-0.116793,-0.052947,-0.021794,0.041160,0.130049,0.048783,0.117604,-0.438038,1.250973,-0.127404,-0.020240,0.224667,-0.088718,-0.185924,0.658778,1.212178,0.244415,0.080784,-0.016623
-0.023671,0.127870,0.776241,-0.024571,-0.004552,-0.707584,0.706187,0.093951,0.055381,-0.109312,0.886547,-0.231844,-0.081449,-0.194069,0.007905,-0.195840,0.320578,-0.114527,-0.052235,-0.024287,0.039502,0.128086,0.048510,0.118898,-0.443417,1.249310,-0.127165,-0.021258,0.224212,-0.085334,-0.185410,0.654955,1.212724,0.241967,0.080186,-0.017211
-0.023110,0.130804,0.775986,-0.024001,-0.004682,-0.705879,0.707910,0.103155,0.047177,-0.123630,0.866481,-0.230157,-0.086261,-0.200345,0.003505,-0.199483,0.324380,-0.112329,-0.051501,-0.026621,0.037803,0.126471,0.048348,0.120153,-0.448177,1.247024,-0.126441,-0.022355,0.223984,-0.082029,-0.184845,0.650758,1.213226,0.240082,0.079681,-0.017867
-0.022585,0.133836,0.775722,-0.023449,-0.004909,-0.704182,0.709615,0.112274,0.038139,-0.139211,0.845124,-0.226730,-0.092526,-0.206888,-0.001163,-0.202999,0.328737,-0.110216,-0.050771,-0.028597,0.036033,0.125278,0.048286,0.121420,-0.452368,1.243953,-0.124944,-0.023515,0.224097,-0.078800,-0.184216,0.646109,1.213718,0.238823,0.079295,-0.018536
-0.022005,0.137026,0.775389,-0.022887,-0.005214,-0.702456,0.711340,0.121260,0.028504,-0.156086,0.822516,-0.222772,-0.099736,-0.213730,-0.006097,-0.206497,0.333620,-0.108168,-0.050048,-0.030292,0.034177,0.124394,0.048314,0.122790,-0.456280,1.240105,-0.122853,-0.024716,0.224425,-0.075614,-0.183479,0.641033,1.214244,0.237800,0.078926,-0.019198
-0.021368,0.140352,0.774994,-0.022329,-0.005535,-0.700682,0.713103,0.129767,0.019704,-0.172153,0.799646,-0.219894,-0.106371,-0.220868,-0.011297,-0.210040,0.338854,-0.106138,-0.049296,-0.032413,0.032465,0.123736,0.048400,0.123731,-0.459202,1.236045,-0.120554,-0.026043,0.224839,-0.072517,-0.182905,0.636066,1.214592,0.237243,0.078617,-0.019994
-0.020685,0.143843,0.774573,-0.021740,-0.005861,-0.698840,0.714924,0.137386,0.013004,-0.185220,0.777457,-0.219585,-0.110988,-0.228455,-0.016839,-0.213671,0.344651,-0.104150,-0.048470,-0.033882,0.030499,0.123275,0.048464,0.125156,-0.462752,1.231663,-0.119229,-0.027428,0.225098,-0.069085,-0.181984,0.629283,1.214561,0.236572,0.078298,-0.021010
-0.019956,0.147392,0.774112,-0.021117,-0.006128,-0.696923,0.716809,0.144048,0.009014,-0.194103,0.755525,-0.222388,-0.113687,-0.236553,-0.022645,-0.217490,0.350921,-0.102181,-0.047579,-0.035832,0.028592,0.122935,0.048839,0.126464,-0.465268,1.226935,-0.118897,-0.029112,0.225226,-0.065656,-0.180997,0.622076,1.214159,0.236058,0.078114,-0.022421
-0.019163,0.151135,0.773564,-0.020476,-0.006362,-0.694942,0.718746,0.149906,0.006781,-0.200085,0.733488,-0.227341,-0.115203,-0.245052,-0.028722,-0.221433,0.357571,-0.100228,-0.046645,-0.037864,0.026718,0.122749,0.049309,0.127670,-0.467223,1.221924,-0.119230,-0.031022,0.225321,-0.062157,-0.179925,0.614136,1.213494,0.235628,0.078000,-0.024107
-0.018347,0.155006,0.772963,-0.019814,-0.006686,-0.692899,0.720731,0.154845,0.005194,-0.204633,0.712459,-0.233699,-0.115094,-0.253923,-0.035255,-0.225307,0.364915,-0.098364,-0.045638,-0.040015,0.024735,0.122829,0.049674,0.128788,-0.469065,1.217010,-0.119487,-0.032819,0.225313,-0.058683,-0.178823,0.605726,1.212613,0.235802,0.077819,-0.025853
-0.017473,0.158998,0.772321,-0.019134,-0.007214,-0.690798,0.722759,0.158761,0.003180,-0.209255,0.693572,-0.240730,-0.112873,-0.263080,-0.042420,-0.228912,0.373138,-0.096651,-0.044533,-0.042269,0.022475,0.123302,0.049741,0.129906,-0.471328,1.212517,-0.118973,-0.034157,0.225128,-0.055341,-0.177713,0.597041,1.211642,0.237083,0.077353,-0.027417
-0.016536,0.163096,0.771649,-0.018419,-0.007939,-0.688613,0.724851,0.161368,0.000537,-0.214350,0.677359,-0.248912,-0.108175,-0.272669,-0.050338,-0.232261,0.382474,-0.095190,-0.043319,-0.044435,0.019796,0.124160,0.049565,0.131197,-0.473961,1.208207,-0.117646,-0.034773,0.224435,-0.052146,-0.176516,0.588056,1.210685,0.239582,0.076513,-0.028791
-0.015562,0.167341,0.770913,-0.017659,-0.008826,-0.686350,0.727003,0.162815,-0.002300,-0.219129,0.663149,-0.258417,-0.101415,-0.282664,-0.058906,-0.235411,0.392731,-0.093903,-0.042013,-0.046745,0.016836,0.125378,0.049285,0.132540,-0.476556,1.203943,-0.115783,-0.034912,0.223363,-0.049069,-0.175347,0.578907,1.209572,0.243119,0.075424,-0.030076
-0.014531,0.171838,0.770117,-0.016912,-0.009908,-0.684058,0.729164,0.163657,-0.005426,-0.223333,0.650273,-0.268055,-0.093229,-0.292760,-0.067962,-0.238221,0.403505,-0.092615,-0.040625,-0.049180,0.013619,0.127020,0.048763,0.133986,-0.479883,1.200087,-0.113391,-0.034951,0.222521,-0.046066,-0.174168,0.569185,1.208187,0.247460,0.074171,-0.031196
-0.013571,0.176333,0.769260,-0.016230,-0.011219,-0.681787,0.731285,0.164439,-0.008905,-0.226680,0.638084,-0.276651,-0.084236,-0.302632,-0.077332,-0.240564,0.414338,-0.091111,-0.039172,-0.051763,0.010147,0.129156,0.047895,0.135615,-0.484691,1.196980,-0.110504,-0.035258,0.222509,-0.043150,-0.172934,0.558551,1.206483,0.252406,0.072829,-0.032083
-0.012539,0.180986,0.768362,-0.015626,-0.012773,-0.679484,0.733413,0.165062,-0.012835,-0.229249,0.626707,-0.283225,-0.074089,-0.312348,-0.087139,-0.242508,0.425475,-0.089535,-0.037636,-0.054609,0.006390,0.131806,0.046600,0.137483,-0.491581,1.194808,-0.106625,-0.036083,0.223850,-0.040316,-0.171592,0.546628,1.204441,0.258434,0.071448,-0.032564
-0.011359,0.185818,0.767419,-0.015056,-0.014563,-0.677142,0.735554,0.165308,-0.017200,-0.231105,0.616430,-0.288680,-0.062656,-0.322063,-0.097436,-0.244060,0.437060,-0.087938,-0.036028,-0.057601,0.002295,0.134937,0.044974,0.139594,-0.500125,1.193309,-0.101948,-0.037161,0.226093,-0.037570,-0.170127,0.533616,1.202076,0.265460,0.069999,-0.032730
-0.010195,0.190812,0.766422,-0.014514,-0.016578,-0.674883,0.737595,0.165620,-0.021867,-0.231980,0.606673,-0.294558,-0.050877,-0.331573,-0.107931,-0.245016,0.448468,-0.085985,-0.034395,-0.060470,-0.002156,0.138532,0.043217,0.141934,-0.509410,1.192089,-0.097469,-0.038093,0.228380,-0.034972,-0.168546,0.520072,1.199491,0.272418,0.068362,-0.032877
-0.009035,0.195872,0.765388,-0.014019,-0.018783,-0.672831,0.739424,0.166447,-0.026672,-0.231642,0.596814,-0.302362,-0.039695,-0.340629,-0.118284,-0.245201,0.458971,-0.083281,-0.032777,-0.062976,-0.006942,0.142575,0.041539,0.144493,-0.518476,1.190733,-0.094157,-0.038468,0.229847,-0.032546,-0.166874,0.506607,1.196671,0.278267,0.066492,-0.033326
-0.007760,0.200983,0.764378,-0.013598,-0.021183,-0.671035,0.740998,0.167980,-0.031426,-0.229615,0.586836,-0.313037,-0.028977,-0.349360,-0.128376,-0.244525,0.468886,-0.079989,-0.031307,-0.064981,-0.012028,0.147074,0.039922,0.147290,-0.527502,1.189359,-0.092021,-0.038262,0.230731,-0.030280,-0.165134,0.493460,1.193600,0.282771,0.064329,-0.034285
-0.006568,0.206315,0.763319,-0.013238,-0.023785,-0.669425,0.742381,0.170000,-0.036271,-0.226220,0.576916,-0.325553,-0.018370,-0.357813,-0.138356,-0.243109,0.478328,-0.076180,-0.029917,-0.066672,-0.017433,0.152040,0.038315,0.150333,-0.536803,1.188044,-0.090608,-0.037648,0.231328,-0.028198,-0.163336,0.480351,1.190290,0.286503,0.061921,-0.035546
-0.005342,0.211745,0.762287,-0.012889,-0.026576,-0.667944,0.743625,0.172287,-0.041523,-0.222415,0.566879,-0.338536,-0.008494,-0.365743,-0.148317,-0.241086,0.486593,-0.071481,-0.028335,-0.068304,-0.023181,0.157466,0.036787,0.153564,-0.545606,1.186558,-0.090223,-0.036675,0.230865,-0.026335,-0.161462,0.467066,1.186727,0.289585,0.059373,-0.036797
-0.004046,0.217209,0.761300,-0.012489,-0.029550,-0.666539,0.744780,0.174627,-0.047470,-0.219121,0.556532,-0.350615,-0.000013,-0.372884,-0.158333,-0.238605,0.492947,-0.065511,-0.026268,-0.070171,-0.029289,0.163333,0.035381,0.156895,-0.553082,1.184722,-0.091139,-0.035399,0.228576,-0.024786,-0.159493,0.453491,1.182986,0.292196,0.056786,-0.037736
-0.002755,0.222789,0.760383,-0.012026,-0.032808,-0.665196,0.745851,0.177433,-0.054326,-0.216360,0.545267,-0.361729,0.006671,-0.379227,-0.168689,-0.235479,0.497671,-0.058466,-0.023681,-0.072339,-0.035986,0.169835,0.034178,0.160281,-0.558432,1.182273,-0.093876,-0.033642,0.223771,-0.023670,-0.157432,0.439318,1.179009,0.294324,0.054043,-0.038002
-0.001359,0.228634,0.759527,-0.011522,-0.036326,-0.663942,0.746812,0.180730,-0.061861,-0.213699,0.533268,-0.372433,0.011905,-0.384863,-0.179227,-0.231707,0.500960,-0.050439,-0.020677,-0.074674,-0.043157,0.176888,0.033080,0.163725,-0.562236,1.179464,-0.098100,-0.031426,0.217040,-0.022945,-0.155287,0.424766,1.174843,0.295933,0.051137,-0.037861
0.000167,0.234581,0.758795,-0.011033,-0.039843,-0.662787,0.747666,0.183741,-0.069678,-0.211305,0.521443,-0.382297,0.016286,-0.389734,-0.189385,-0.227663,0.502104,-0.040961,-0.017156,-0.077150,-0.050313,0.184058,0.031881,0.167191,-0.565749,1.176894,-0.102830,-0.029097,0.209542,-0.022398,-0.153026,0.410393,1.170722,0.297050,0.048336,-0.037941
0.001760,0.240537,0.758199,-0.010597,-0.043119,-0.661742,0.748415,0.185562,-0.077391,-0.209334,0.510928,-0.390927,0.020462,-0.393771,-0.198615,-0.223726,0.500389,-0.029558,-0.013022,-0.079739,-0.056984,0.190891,0.030372,0.170621,-0.570206,1.175192,-0.107059,-0.027030,0.202434,-0.021862,-0.150613,0.396755,1.166941,0.297715,0.045899,-0.038884
0.003397,0.246467,0.757689,-0.010365,-0.046206,-0.660679,0.749174,0.186129,-0.085001,-0.208219,0.502276,-0.398330,0.024633,-0.396272,-0.207070,-0.220234,0.495376,-0.016536,-0.008067,-0.082732,-0.063056,0.197677,0.028343,0.173973,-0.576169,1.174677,-0.111494,-0.025585,0.195705,-0.021329,-0.147984,0.383820,1.163473,0.297789,0.043911,-0.041196
0.004909,0.252680,0.757217,-0.010253,-0.049211,-0.659639,0.749900,0.185801,-0.092643,-0.207700,0.494916,-0.404723,0.028483,-0.397525,-0.214971,-0.216872,0.487656,-0.002099,-0.002388,-0.085992,-0.068766,0.204508,0.025903,0.177230,-0.582945,1.175056,-0.116355,-0.024474,0.188853,-0.020893,-0.145128,0.371294,1.160260,0.297269,0.042222,-0.044438
0.006383,0.258862,0.756790,-0.010035,-0.051875,-0.658902,0.750370,0.184330,-0.100123,-0.206882,0.488197,-0.409979,0.031917,-0.398874,-0.221870,-0.213012,0.477940,0.014444,0.003671,-0.088899,-0.074123,0.210645,0.023330,0.180361,-0.589889,1.176020,-0.119935,-0.023134,0.182293,-0.020509,-0.142101,0.359418,1.157469,0.296453,0.040746,-0.047825
0.008008,0.264962,0.756497,-0.009451,-0.053973,-0.658751,0.750363,0.181449,-0.107248,-0.204871,0.481483,-0.413986,0.034854,-0.401693,-0.227311,-0.208009,0.466937,0.033781,0.009786,-0.090860,-0.079106,0.215362,0.020907,0.183323,-0.596342,1.177261,-0.120521,-0.021028,0.176439,-0.020072,-0.138982,0.348428,1.155190,0.295620,0.039404,-0.050566
0.009605,0.270988,0.756344,-0.008313,-0.055318,-0.659310,0.749788,0.176555,-0.114035,-0.201378,0.474692,-0.416432,0.037150,-0.406675,-0.231257,-0.201580,0.454487,0.056523,0.015945,-0.091708,-0.083677,0.218171,0.018571,0.186095,-0.602426,1.178845,-0.116589,-0.017703,0.171421,-0.019476,-0.135768,0.337967,1.153255,0.295202,0.038062,-0.052223
0.011170,0.276958,0.756265,-0.006793,-0.056081,-0.660418,0.748770,0.169891,-0.120495,-0.196855,0.468173,-0.417480,0.038927,-0.412962,-0.233947,-0.193997,0.440317,0.082126,0.022367,-0.091782,-0.087812,0.219561,0.016207,0.188672,-0.608386,1.180932,-0.109397,-0.013592,0.166990,-0.018768,-0.132456,0.328060,1.151654,0.294938,0.036800,-0.053292
0.012680,0.282931,0.756239,-0.005229,-0.056501,-0.661928,0.747417,0.162461,-0.126439,-0.191533,0.461950,-0.417741,0.040479,-0.419532,-0.235335,-0.185462,0.424841,0.109660,0.029088,-0.091292,-0.091490,0.220268,0.014023,0.191043,-0.613693,1.183327,-0.101391,-0.009490,0.163000,-0.018064,-0.129157,0.319569,1.150662,0.294102,0.035874,-0.054380
0.014159,0.288978,0.756272,-0.003912,-0.056873,-0.663686,0.745836,0.155294,-0.131709,-0.185650,0.456051,-0.417825,0.042093,-0.425424,-0.235394,-0.176179,0.408607,0.138141,0.036142,-0.090492,-0.094694,0.221040,0.012253,0.193202,-0.617780,1.185801,-0.095036,-0.006171,0.159324,-0.017478,-0.126069,0.313470,1.150531,0.292046,0.035543,-0.056092
0.015572,0.294927,0.756352,-0.002889,-0.057102,-0.665723,0.744005,0.148178,-0.136212,-0.179212,0.450836,-0.417970,0.043743,-0.430813,-0.234054,-0.166823,0.390501,0.171164,0.043207,-0.089432,-0.097207,0.221775,0.011001,0.195136,-0.620536,1.188340,-0.091019,-0.003894,0.155746,-0.017013,-0.123337,0.310171,1.151233,0.287601,0.036568,-0.058416
0.017078,0.300745,0.756470,-0.002012,-0.057080,-0.668101,0.741875,0.140688,-0.139992,-0.172095,0.446201,-0.417837,0.045303,-0.436093,-0.231436,-0.156920,0.370699,0.207940,0.050532,-0.088020,-0.099024,0.222192,0.010168,0.196831,-0.622180,1.190985,-0.088009,-0.002217,0.152396,-0.016528,-0.120975,0.309196,1.152529,0.281513,0.038610,-0.061051
0.018656,0.306459,0.756521,-0.001325,-0.057051,-0.670709,0.739522,0.133500,-0.143194,-0.164369,0.441643,-0.417266,0.046916,-0.440329,-0.227728,-0.145215,0.351176,0.241031,0.058851,-0.086302,-0.100351,0.222778,0.009551,0.198083,-0.622673,1.193740,-0.085405,-0.000868,0.149698,-0.015751,-0.119259,0.310106,1.154142,0.275951,0.040321,-0.064137
0.020182,0.312081,0.756600,-0.000888,-0.057284,-0.673413,0.737043,0.127460,-0.146105,-0.156166,0.436455,-0.415989,0.048744,-0.442538,-0.223156,-0.130663,0.333956,0.263005,0.068679,-0.084437,-0.101964,0.224007,0.009347,0.199399,-0.621892,1.196135,-0.082664,0.000484,0.148042,-0.014955,-0.117557,0.312499,1.156547,0.272954,0.040218,-0.068002
0.021604,0.317863,0.756807,-0.000715,-0.057841,-0.676204,0.734440,0.122992,-0.148777,-0.147382,0.430116,-0.414105,0.050952,-0.442190,-0.216890,-0.111267,0.318009,0.272483,0.081173,-0.082243,-0.103603,0.226113,0.009270,0.200343,-0.619919,1.198431,-0.079290,0.001877,0.147847,-0.013767,-0.116480,0.316947,1.159392,0.272792,0.038033,-0.073382
0.022982,0.323600,0.757068,-0.000761,-0.058644,-0.679106,0.731693,0.119752,-0.151270,-0.138060,0.422971,-0.411627,0.053432,-0.439792,-0.209383,-0.088524,0.302904,0.273023,0.095318,-0.080008,-0.105372,0.228800,0.009647,0.201186,-0.616500,1.200386,-0.075643,0.003234,0.148780,-0.012518,-0.115716,0.323703,1.163001,0.274459,0.034437,-0.079979
0.024376,0.329072,0.757306,-0.000965,-0.059754,-0.682049,0.728860,0.117431,-0.153817,-0.128540,0.415567,-0.408144,0.055942,-0.435977,-0.202469,-0.066830,0.291380,0.264894,0.108274,-0.077979,-0.107443,0.231959,0.010483,0.201990,-0.611762,1.202044,-0.072540,0.004431,0.150153,-0.011094,-0.115228,0.331258,1.166931,0.278240,0.029631,-0.086132
0.025675,0.334387,0.757637,-0.001305,-0.061160,-0.684990,0.725979,0.115563,-0.156521,-0.119097,0.408629,-0.403334,0.058229,-0.431623,-0.197626,-0.050428,0.286252,0.248556,0.117439,-0.075856,-0.109796,0.235464,0.011384,0.202641,-0.606467,1.203804,-0.070951,0.005355,0.151317,-0.009133,-0.115011,0.337476,1.170584,0.284251,0.023825,-0.090141
0.027017,0.339747,0.757988,-0.001784,-0.063107,-0.687984,0.722974,0.114451,-0.159722,-0.109530,0.402378,-0.396894,0.060393,-0.426785,-0.195037,-0.039292,0.288637,0.220280,0.121961,-0.073344,-0.112795,0.239525,0.012340,0.203137,-0.600676,1.205780,-0.071448,0.005899,0.152120,-0.006617,-0.115015,0.342234,1.174272,0.293254,0.016672,-0.091708
0.028208,0.345101,0.758494,-0.002437,-0.065439,-0.691062,0.719823,0.114061,-0.163119,-0.099704,0.396529,-0.389125,0.062515,-0.421435,-0.193724,-0.031459,0.297218,0.181183,0.123482,-0.070980,-0.116264,0.244061,0.013848,0.203683,-0.593532,1.207426,-0.073285,0.006152,0.152874,-0.003913,-0.115213,0.347000,1.178253,0.305076,0.008203,-0.091650
0.029340,0.350515,0.759106,-0.003232,-0.067600,-0.694155,0.716637,0.113363,-0.165851,-0.089956,0.391245,-0.380750,0.064310,-0.416174,-0.193278,-0.028059,0.310818,0.139135,0.123357,-0.068065,-0.119225,0.248522,0.015036,0.204048,-0.586478,1.209453,-0.075986,0.006287,0.153770,-0.000717,-0.115464,0.350019,1.181860,0.317923,-0.000858,-0.089920
0.030477,0.355829,0.759906,-0.004147,-0.069050,-0.697179,0.713552,0.111410,-0.167125,-0.080668,0.386559,-0.372399,0.065488,-0.411595,-0.193343,-0.030299,0.328433,0.101956,0.122749,-0.066199,-0.121131,0.252258,0.016618,0.204438,-0.578034,1.211136,-0.078270,0.006477,0.154848,0.002337,-0.115802,0.352321,1.184751,0.330755,-0.009680,-0.086652
0.031548,0.361158,0.760854,-0.005210,-0.069690,-0.700117,0.710600,0.107986,-0.166649,-0.072008,0.382601,-0.364012,0.065817,-0.407456,-0.194078,-0.039780,0.349930,0.071538,0.122285,-0.064661,-0.121735,0.255299,0.018049,0.204728,-0.569117,1.212987,-0.080540,0.006688,0.156408,0.005623,-0.116068,0.352516,1.186799,0.343693,-0.018778,-0.081097
0.032595,0.366451,0.761865,-0.006416,-0.069821,-0.703000,0.707725,0.103614,-0.164895,-0.063799,0.379312,-0.355309,0.065507,-0.403303,-0.195824,-0.055321,0.375518,0.043810,0.121226,-0.062621,-0.121410,0.257884,0.018891,0.204784,-0.560706,1.215522,-0.083479,0.006846,0.158392,0.009472,-0.116147,0.350215,1.188204,0.357141,-0.028291,-0.073462
0.033586,0.371726,0.762928,-0.007654,-0.069554,-0.705810,0.704937,0.098484,-0.162287,-0.055934,0.376467,-0.346616,0.064932,-0.399511,-0.198470,-0.074031,0.405003,0.017581,0.118483,-0.061601,-0.120574,0.259900,0.020056,0.204743,-0.550887,1.217818,-0.085765,0.007081,0.160200,0.012865,-0.116165,0.347583,1.189305,0.370147,-0.036919,-0.065208
0.034419,0.376891,0.764025,-0.008816,-0.068992,-0.708526,0.702248,0.092816,-0.159245,-0.048300,0.373755,-0.338215,0.064459,-0.396349,-0.201802,-0.093022,0.437860,-0.008267,0.113009,-0.060779,-0.119339,0.261202,0.021050,0.204613,-0.541280,1.220179,-0.087392,0.007549,0.161459,0.016259,-0.116126,0.344422,1.189621,0.381336,-0.043466,-0.057875
0.035292,0.382050,0.765137,-0.009922,-0.068115,-0.711153,0.699659,0.086587,-0.155685,-0.040862,0.371290,-0.330241,0.064206,-0.393879,-0.206315,-0.113426,0.474934,-0.034126,0.103459,-0.059920,-0.117581,0.261803,0.021797,0.204463,-0.532105,1.222654,-0.088127,0.008441,0.161824,0.019980,-0.116054,0.339878,1.188627,0.390079,-0.047204,-0.051699
0.036131,0.387064,0.766223,-0.011004,-0.066927,-0.713676,0.697185,0.079819,-0.151506,-0.033765,0.369056,-0.322451,0.063970,-0.391428,-0.212136,-0.136055,0.515493,-0.059236,0.090634,-0.059467,-0.115373,0.261812,0.022515,0.204282,-0.522656,1.225084,-0.088086,0.009630,0.161578,0.023788,-0.115923,0.334282,1.186626,0.397160,-0.048944,-0.045994
0.036963,0.392095,0.767272,-0.011956,-0.065557,-0.716068,0.694842,0.072658,-0.147118,-0.027073,0.366791,-0.314721,0.063647,-0.388707,-0.218285,-0.157510,0.557368,-0.083134,0.076787,-0.059383,-0.113058,0.261282,0.023083,0.204039,-0.513287,1.227414,-0.087776,0.010798,0.161249,0.027232,-0.115761,0.328806,1.184427,0.403121,-0.049814,-0.040828
0.037789,0.397146,0.768262,-0.012684,-0.064104,-0.718317,0.692640,0.065215,-0.142897,-0.020818,0.364227,-0.306931,0.063135,-0.385635,-0.223596,-0.174496,0.598472,-0.105330,0.064235,-0.059361,-0.110851,0.260241,0.023350,0.203781,-0.504907,1.229532,-0.088012,0.011639,0.161397,0.030280,-0.115709,0.324539,1.182435,0.408615,-0.050920,-0.036262
0.038591,0.402133,0.769236,-0.013136,-0.062445,-0.720393,0.690624,0.057196,-0.138790,-0.015096,0.361373,-0.299053,0.062324,-0.382753,-0.227914,-0.186874,0.639348,-0.125847,0.052614,-0.059476,-0.108633,0.258464,0.023368,0.203566,-0.497621,1.231355,-0.089124,0.012076,0.162123,0.032955,-0.115877,0.321669,1.180542,0.413989,-0.052509,-0.032094
0.039266,0.407041,0.770183,-0.013370,-0.060569,-0.722318,0.688773,0.048648,-0.134641,-0.009858,0.358300,-0.291125,0.061301,-0.380044,-0.231639,-0.196243,0.680763,-0.144839,0.041011,-0.060072,-0.106295,0.256027,0.023337,0.203326,-0.490665,1.232812,-0.090544,0.012262,0.163123,0.035263,-0.116333,0.319938,1.178469,0.418911,-0.053968,-0.028359
0.039988,0.411914,0.771024,-0.013479,-0.058711,-0.724166,0.686990,0.040071,-0.130678,-0.004860,0.355050,-0.283244,0.060267,-0.376922,-0.234330,-0.201995,0.721375,-0.162060,0.030994,-0.060591,-0.104042,0.253408,0.023054,0.203091,-0.484455,1.233950,-0.091959,0.012272,0.164367,0.037321,-0.117022,0.319043,1.176458,0.422875,-0.055221,-0.025397
0.040721,0.416694,0.771788,-0.013544,-0.057117,-0.726011,0.685173,0.032004,-0.127119,0.000147,0.351591,-0.275465,0.059416,-0.372844,-0.235531,-0.203561,0.759915,-0.177272,0.024170,-0.060698,-0.102139,0.251079,0.022415,0.202868,-0.479043,1.234772,-0.092913,0.012172,0.165811,0.039073,-0.117840,0.318880,1.174813,0.425363,-0.056129,-0.023593
0.041417,0.421494,0.772472,-0.013569,-0.055866,-0.727912,0.683257,0.024617,-0.124030,0.005402,0.347868,-0.267897,0.058875,-0.367955,-0.234627,-0.199905,0.796528,-0.190095,0.021733,-0.060213,-0.100715,0.249146,0.021321,0.202674,-0.474652,1.235404,-0.093295,0.011910,0.167695,0.040415,-0.118704,0.319573,1.173590,0.426948,-0.057105,-0.022946
0.042026,0.426286,0.773099,-0.013516,-0.054812,-0.729823,0.681302,0.017590,-0.121270,0.010741,0.343934,-0.260492,0.058510,-0.362597,-0.231839,-0.191827,0.831955,-0.200809,0.022701,-0.059812,-0.099477,0.247400,0.020129,0.202380,-0.470550,1.235525,-0.093131,0.011461,0.169920,0.041426,-0.120132,0.321705,1.172336,0.427872,-0.057990,-0.023243
0.042624,0.431125,0.773645,-0.013404,-0.053871,-0.731659,0.679407,0.010713,-0.118759,0.015814,0.339930,-0.253080,0.058127,-0.356419,-0.227991,-0.181483,0.865675,-0.210117,0.025414,-0.059021,-0.098376,0.245688,0.018522,0.202096,-0.467268,1.235396,-0.092818,0.010968,0.172059,0.042230,-0.121605,0.324111,1.171536,0.426487,-0.058065,-0.024701
0.043137,0.435868,0.774129,-0.013238,-0.052975,-0.733337,0.677669,0.003743,-0.116425,0.020261,0.336080,-0.245534,0.057536,-0.349065,-0.223977,-0.170958,0.897109,-0.218688,0.028152,-0.058204,-0.097338,0.243900,0.016713,0.201845,-0.464180,1.234802,-0.092349,0.010558,0.173625,0.042771,-0.122948,0.326618,1.171515,0.421439,-0.056526,-0.027504
0.043595,0.440552,0.774582,-0.013022,-0.052177,-0.734824,0.676123,-0.003215,-0.114401,0.023889,0.332298,-0.237718,0.056680,-0.340469,-0.219668,-0.159867,0.926309,-0.226289,0.030805,-0.057522,-0.096418,0.242115,0.014722,0.201634,-0.461257,1.233627,-0.091579,0.010310,0.174383,0.042901,-0.124276,0.329480,1.172242,0.411548,-0.052825,-0.032170
0.044067,0.445220,0.774992,-0.012757,-0.051488,-0.736171,0.674714,-0.010078,-0.112700,0.026924,0.328483,-0.229696,0.055667,-0.330760,-0.214673,-0.147470,0.953519,-0.232707,0.034220,-0.056790,-0.095688,0.240346,0.012479,0.201498,-0.458729,1.231996,-0.090538,0.010144,0.174633,0.042597,-0.125498,0.332696,1.173710,0.397800,-0.047459,-0.038408
0.044485,0.449893,0.775327,-0.012425,-0.050796,-0.737410,0.673418,-0.017120,-0.111060,0.029627,0.324854,-0.221736,0.054561,-0.319907,-0.209578,-0.135229,0.978362,-0.238578,0.038026,-0.056036,-0.094967,0.238430,0.010158,0.201390,-0.456175,1.229908,-0.089443,0.009938,0.174654,0.042136,-0.126608,0.336043,1.175966,0.382329,-0.041125,-0.045137
0.044806,0.454577,0.775645,-0.012023,-0.049974,-0.738578,0.672206,-0.024661,-0.109227,0.032263,0.321723,-0.214069,0.053421,-0.307919,-0.205054,-0.124561,1.000473,-0.244509,0.041798,-0.054896,-0.094166,0.236153,0.007640,0.201302,-0.453700,1.227686,-0.088688,0.009574,0.174770,0.041786,-0.127246,0.338760,1.179304,0.367019,-0.034637,-0.051358
0.045070,0.459137,0.775939,-0.011551,-0.049015,-0.739694,0.671057,-0.032653,-0.107153,0.034985,0.319046,-0.206799,0.052294,-0.294637,-0.201381,-0.115702,1.019695,-0.250799,0.045786,-0.053894,-0.093237,0.233488,0.005400,0.201131,-0.450304,1.224930,-0.088096,0.008965,0.175001,0.041408,-0.127779,0.341796,1.183827,0.351714,-0.027722,-0.057079
0.045357,0.463564,0.776193,-0.011007,-0.047983,-0.740734,0.669993,-0.040969,-0.104987,0.037624,0.316708,-0.199780,0.051145,-0.280149,-0.198271,-0.107892,1.036280,-0.257060,0.050033,-0.052935,-0.092250,0.230511,0.003207,0.200846,-0.446376,1.221813,-0.087573,0.008183,0.175224,0.040885,-0.128149,0.345046,1.189530,0.335582,-0.020152,-0.062710
0.045551,0.468310,0.776356,-0.010391,-0.046851,-0.741669,0.669047,-0.049837,-0.102733,0.039950,0.314924,-0.192896,0.049909,-0.264833,-0.195537,-0.101026,1.050352,-0.262911,0.053778,-0.051945,-0.091154,0.227238,0.000764,0.200499,-0.442554,1.218614,-0.087176,0.007349,0.175427,0.040517,-0.128269,0.347789,1.195842,0.320038,-0.012621,-0.067889
0.045737,0.472927,0.776534,-0.009699,-0.045597,-0.742468,0.668257,-0.059497,-0.100391,0.041729,0.313952,-0.186066,0.048519,-0.249067,-0.192958,-0.094998,1.062019,-0.267960,0.056274,-0.050910,-0.089876,0.223734,-0.002103,0.200209,-0.439383,1.215420,-0.086936,0.006592,0.175568,0.040644,-0.128149,0.349360,1.202141,0.306511,-0.005905,-0.072241
0.045810,0.477576,0.776675,-0.008884,-0.044200,-0.743109,0.667650,-0.070076,-0.097997,0.042845,0.313769,-0.179190,0.046942,-0.232921,-0.190870,-0.090156,1.071426,-0.271908,0.056977,-0.050348,-0.088501,0.219841,-0.005313,0.199899,-0.436477,1.212292,-0.086780,0.005912,0.175637,0.041035,-0.127725,0.350094,1.208576,0.295027,-0.000092,-0.075803
0.045897,0.482104,0.776806,-0.007973,-0.042671,-0.743611,0.667202,-0.081433,-0.095547,0.043428,0.314290,-0.172355,0.045216,-0.216228,-0.189264,-0.086394,1.078455,-0.274989,0.056385,-0.049766,-0.087010,0.215637,-0.008909,0.199648,-0.434144,1.209128,-0.086853,0.005270,0.175643,0.041853,-0.127035,0.349794,1.215166,0.284832,0.005159,-0.078721
0.045878,0.486773,0.776878,-0.007050,-0.041055,-0.744012,0.666866,-0.093319,-0.092940,0.043595,0.315492,-0.165648,0.043375,-0.199020,-0.187377,-0.082939,1.082919,-0.277674,0.055326,-0.049169,-0.085372,0.211266,-0.012765,0.199402,-0.431958,1.205943,-0.086867,0.004657,0.175627,0.042808,-0.125971,0.348801,1.222304,0.276570,0.009637,-0.081070
0.045820,0.491518,0.776894,-0.006233,-0.039365,-0.744349,0.666600,-0.105534,-0.090070,0.043459,0.317459,-0.159214,0.041448,-0.181323,-0.184449,-0.079016,1.084625,-0.280429,0.054628,-0.048430,-0.083551,0.206871,-0.016832,0.199119,-0.429701,1.202799,-0.086622,0.004071,0.175648,0.043715,-0.124379,0.347318,1.230295,0.270857,0.013137,-0.082935
0.045774,0.496263,0.776877,-0.005521,-0.037566,-0.744620,0.666408,-0.118180,-0.086842,0.042938,0.320324,-0.153113,0.039364,-0.163086,-0.180524,-0.074757,1.083517,-0.283622,0.054013,-0.047576,-0.081317,0.202493,-0.020943,0.198848,-0.427314,1.199355,-0.086013,0.003550,0.175625,0.044933,-0.122681,0.345312,1.238743,0.268285,0.015476,-0.084174
0.045559,0.500861,0.776852,-0.004861,-0.035665,-0.744809,0.666306,-0.131313,-0.083322,0.041982,0.324015,-0.147262,0.037112,-0.144318,-0.175921,-0.070439,1.079706,-0.286912,0.053183,-0.046688,-0.078721,0.198072,-0.025158,0.198567,-0.424876,1.195663,-0.085156,0.003081,0.175550,0.046488,-0.120919,0.342757,1.247521,0.268403,0.016807,-0.084807
0.045399,0.505570,0.776766,-0.004293,-0.033731,-0.744932,0.666273,-0.144657,-0.079653,0.040772,0.328256,-0.141580,0.034826,-0.125164,-0.170321,-0.065506,1.073318,-0.289765,0.052932,-0.045744,-0.075915,0.193789,-0.029484,0.198268,-0.422377,1.191757,-0.084235,0.002603,0.175483,0.048260,-0.119168,0.339941,1.256357,0.270410,0.017566,-0.084955
0.045276,0.510298,0.776633,-0.003815,-0.031875,-0.745005,0.666286,-0.157907,-0.075985,0.039496,0.332714,-0.136006,0.032648,-0.105744,-0.163419,-0.059399,1.064467,-0.291649,0.054043,-0.044714,-0.073109,0.189793,-0.033973,0.197930,-0.419794,1.187789,-0.083394,0.002053,0.175503,0.050004,-0.117368,0.337146,1.265201,0.273506,0.018158,-0.084783
0.045075,0.515098,0.776424,-0.003451,-0.030122,-0.745026,0.666345,-0.171069,-0.072344,0.038247,0.337570,-0.130595,0.030620,-0.085909,-0.154982,-0.051731,1.053057,-0.292385,0.056769,-0.043633,-0.070266,0.186183,-0.038597,0.197589,-0.417160,1.183646,-0.082656,0.001484,0.175540,0.051880,-0.115699,0.334230,1.273944,0.278444,0.018331,-0.084307
0.044801,0.519924,0.776153,-0.003177,-0.028427,-0.744988,0.666464,-0.184246,-0.068672,0.036909,0.342835,-0.125336,0.028664,-0.065611,-0.145295,-0.042824,1.039075,-0.292304,0.060613,-0.042491,-0.067338,0.182827,-0.043405,0.197213,-0.414473,1.179420,-0.081928,0.000900,0.175604,0.053854,-0.114027,0.331091,1.282800,0.285310,0.017969,-0.083483
0.044606,0.524769,0.775825,-0.002979,-0.026750,-0.744900,0.666633,-0.197540,-0.064964,0.035376,0.348454,-0.120153,0.026758,-0.045183,-0.134832,-0.033196,1.022861,-0.291682,0.065228,-0.041289,-0.064305,0.179700,-0.048264,0.196798,-0.411646,1.174961,-0.081286,0.000189,0.175780,0.055895,-0.112452,0.328201,1.291309,0.292412,0.017822,-0.082189
0.044314,0.529675,0.775447,-0.002832,-0.025057,-0.744770,0.666844,-0.211061,-0.061228,0.033542,0.354380,-0.114971,0.024876,-0.024965,-0.124058,-0.023365,1.004741,-0.290772,0.070288,-0.040040,-0.061176,0.176747,-0.053078,0.196313,-0.408562,1.170216,-0.080795,-0.000769,0.176167,0.057891,-0.111007,0.326043,1.299146,0.298057,0.018615,-0.080341
0.043982,0.534758,0.774971,-0.002718,-0.023340,-0.744571,0.667130,-0.224872,-0.057542,0.031315,0.360619,-0.109796,0.023069,-0.004903,-0.112652,-0.012880,0.984468,-0.289641,0.076131,-0.038780,-0.057889,0.173991,-0.057818,0.195828,-0.405332,1.164992,-0.080434,-0.001982,0.176766,0.060048,-0.109941,0.324501,1.305904,0.302110,0.020864,-0.077786
0.043690,0.539714,0.774479,-0.002647,-0.021623,-0.744308,0.667481,-0.238883,-0.053891,0.028773,0.367137,-0.104631,0.021326,0.015195,-0.100593,-0.001594,0.961928,-0.288192,0.082718,-0.037491,-0.054477,0.171412,-0.062588,0.195298,-0.401968,1.159485,-0.080180,-0.003401,0.177545,0.062270,-0.109073,0.323398,1.311999,0.305355,0.024063,-0.074642
0.043359,0.544805,0.773924,-0.002649,-0.019907,-0.744040,0.667833,-0.253038,-0.050136,0.026069,0.373976,-0.099483,0.019535,0.035070,-0.088732,0.009495,0.937816,-0.286393,0.089223,-0.036221,-0.051035,0.168938,-0.067414,0.194458,-0.398016,1.154103,-0.079985,-0.005055,0.178553,0.064073,-0.108050,0.323225,1.318154,0.307511,0.027422,-0.071207
0.042977,0.549971,0.773313,-0.002756,-0.018187,-0.743825,0.668121,-0.267257,-0.046115,0.023347,0.381098,-0.094317,0.017588,0.054480,-0.077835,0.019343,0.912691,-0.284191,0.094887,-0.034734,-0.047487,0.166761,-0.071964,0.193533,-0.393567,1.148327,-0.080176,-0.006896,0.179677,0.065698,-0.107209,0.324227,1.323983,0.308338,0.030251,-0.067485
0.042558,0.555208,0.772613,-0.003014,-0.016439,-0.743628,0.668385,-0.281622,-0.041821,0.020492,0.388722,-0.089214,0.015489,0.073669,-0.067789,0.027719,0.886096,-0.281534,0.100013,-0.033131,-0.043813,0.164892,-0.076190,0.192579,-0.388413,1.142047,-0.080560,-0.008961,0.180931,0.067266,-0.106579,0.326726,1.329318,0.307065,0.032296,-0.063299
0.042142,0.560473,0.771860,-0.003384,-0.014679,-0.743435,0.668638,-0.296135,-0.037329,0.017467,0.396771,-0.084152,0.013287,0.092664,-0.058217,0.035159,0.857867,-0.278412,0.104905,-0.031591,-0.040011,0.163255,-0.080159,0.191479,-0.382464,1.135400,-0.081035,-0.011237,0.182347,0.068641,-0.106077,0.330654,1.334354,0.304115,0.033918,-0.058667
0.041599,0.565909,0.771028,-0.003814,-0.012928,-0.743337,0.668781,-0.310690,-0.032601,0.014533,0.404934,-0.079027,0.010954,0.110846,-0.049432,0.041726,0.829064,-0.274826,0.108896,-0.029812,-0.036174,0.161902,-0.083861,0.190335,-0.376147,1.128474,-0.082087,-0.013724,0.183804,0.069657,-0.105782,0.335390,1.339094,0.300913,0.035564,-0.053984
0.041069,0.571369,0.770172,-0.004251,-0.011204,-0.743421,0.668716,-0.325196,-0.027598,0.011955,0.412928,-0.073751,0.008465,0.127591,-0.041731,0.047445,0.800768,-0.270784,0.111331,-0.027650,-0.032403,0.160854,-0.087253,0.189177,-0.369673,1.121408,-0.084112,-0.016426,0.185186,0.070036,-0.105722,0.340469,1.343666,0.298915,0.037687,-0.049679
0.040519,0.576934,0.769202,-0.004761,-0.009531,-0.743710,0.668417,-0.339530,-0.022242,0.009770,0.420878,-0.068480,0.005811,0.142998,-0.035105,0.052168,0.772973,-0.265410,0.112228,-0.025069,-0.028651,0.160171,-0.090299,0.187939,-0.362973,1.114217,-0.087531,-0.019458,0.186459,0.069769,-0.105899,0.345947,1.348023,0.298946,0.040674,-0.045830
0.039899,0.582586,0.768172,-0.005343,-0.007895,-0.744154,0.667940,-0.353789,-0.016562,0.007830,0.428894,-0.063209,0.003012,0.157314,-0.029280,0.055833,0.745192,-0.258993,0.111989,-0.022176,-0.024855,0.159816,-0.093059,0.186568,-0.355933,1.106881,-0.092007,-0.022787,0.187684,0.068975,-0.106334,0.352017,1.352119,0.300068,0.044213,-0.042229
0.039294,0.588360,0.767082,-0.005875,-0.006233,-0.744742,0.667298,-0.368209,-0.010665,0.006114,0.436688,-0.057626,0.000096,0.170102,-0.024181,0.058578,0.717853,-0.253325,0.110530,-0.019043,-0.021094,0.159663,-0.095627,0.185132,-0.348743,1.099480,-0.096840,-0.026200,0.188887,0.067537,-0.107015,0.358544,1.356149,0.301208,0.047693,-0.038870
0.038709,0.594233,0.765957,-0.006216,-0.004503,-0.745462,0.666503,-0.383026,-0.004666,0.004607,0.443963,-0.051404,-0.002901,0.180922,-0.019755,0.060554,0.691383,-0.250198,0.107748,-0.015861,-0.017453,0.159564,-0.098068,0.183654,-0.341427,1.092134,-0.101284,-0.029490,0.190111,0.065269,-0.107968,0.365495,1.360382,0.301285,0.050494,-0.035760
0.038078,0.600313,0.764708,-0.006312,-0.002694,-0.746308,0.665565,-0.398391,0.001346,0.003274,0.450784,-0.044555,-0.006030,0.189852,-0.016222,0.061692,0.665511,-0.249624,0.104116,-0.012646,-0.013980,0.159385,-0.100347,0.182144,-0.333877,1.084804,-0.105231,-0.032699,0.191363,0.062219,-0.109175,0.372736,1.364971,0.299747,0.052433,-0.032921
0.037462,0.606497,0.763389,-0.006258,-0.000815,-0.747286,0.664473,-0.414172,0.007444,0.002130,0.457289,-0.037228,-0.009261,0.197084,-0.013413,0.061880,0.640098,-0.250821,0.099618,-0.009326,-0.010622,0.159235,-0.102438,0.180595,-0.326106,1.077428,-0.109055,-0.035896,0.192625,0.058442,-0.110620,0.380329,1.369748,0.297251,0.053843,-0.030341
0.036851,0.612862,0.761937,-0.006093,0.001110,-0.748406,0.663212,-0.430159,0.013754,0.001239,0.463230,-0.029263,-0.012438,0.202340,-0.010778,0.061271,0.615729,-0.254364,0.093340,-0.005928,-0.007306,0.159352,-0.104412,0.179014,-0.318328,1.070105,-0.112716,-0.038954,0.193883,0.053774,-0.112348,0.388583,1.374475,0.294595,0.054879,-0.027952
0.036257,0.619363,0.760455,-0.005882,0.003080,-0.749679,0.661768,-0.446129,0.020416,0.000658,0.468338,-0.020524,-0.015399,0.205305,-0.007822,0.060060,0.593081,-0.260864,0.084277,-0.002487,-0.003919,0.159980,-0.106291,0.177410,-0.310769,1.062808,-0.116190,-0.041681,0.195124,0.048103,-0.114413,0.397800,1.378845,0.292566,0.055713,-0.025672
0.035725,0.626109,0.758864,-0.005485,0.005180,-0.751118,0.660125,-0.462678,0.027367,0.000472,0.473020,-0.011020,-0.017963,0.205028,-0.004571,0.058410,0.572398,-0.270853,0.069413,0.000990,-0.000484,0.160891,-0.108013,0.175747,-0.303299,1.055238,-0.119448,-0.043903,0.196428,0.041372,-0.116878,0.408037,1.382933,0.291351,0.056220,-0.023518
0.035257,0.632993,0.757228,-0.004933,0.007396,-0.752708,0.658295,-0.479714,0.034586,0.000598,0.477253,-0.000824,-0.020241,0.201876,-0.001198,0.056308,0.553512,-0.284012,0.050074,0.004500,0.003027,0.162069,-0.109600,0.174001,-0.295846,1.047529,-0.122520,-0.045795,0.197767,0.033696,-0.119740,0.419145,1.386765,0.290517,0.056383,-0.021502
0.034757,0.640026,0.755612,-0.004532,0.009569,-0.754427,0.656298,-0.496030,0.042237,0.000841,0.480235,0.010202,-0.022581,0.197492,0.002407,0.053708,0.536391,-0.299567,0.031711,0.008027,0.006718,0.164041,-0.111132,0.172234,-0.288732,1.040211,-0.125435,-0.047614,0.198992,0.025112,-0.122973,0.431208,1.390108,0.290034,0.056514,-0.019556
0.034271,0.647291,0.754062,-0.004573,0.011520,-0.756258,0.654157,-0.510404,0.050456,0.001038,0.481154,0.022202,-0.025385,0.193650,0.006217,0.050483,0.520663,-0.316507,0.019819,0.011555,0.010635,0.167365,-0.112705,0.170554,-0.282275,1.033869,-0.128237,-0.049690,0.199926,0.015698,-0.126496,0.444263,1.392658,0.289813,0.056929,-0.017598
0.033747,0.654656,0.752523,-0.004990,0.013099,-0.758156,0.651923,-0.522797,0.058936,0.001306,0.480121,0.035110,-0.028595,0.191022,0.009356,0.045165,0.505804,-0.335958,0.017395,0.014919,0.014489,0.172182,-0.114308,0.169052,-0.276530,1.028411,-0.131127,-0.052316,0.200460,0.005312,-0.130256,0.458813,1.394523,0.290850,0.057549,-0.015551
0.033258,0.662262,0.751008,-0.005654,0.014410,-0.760148,0.649565,-0.533746,0.067679,0.001737,0.477450,0.048888,-0.032073,0.188567,0.011903,0.038150,0.492008,-0.357847,0.020939,0.018159,0.018260,0.178212,-0.115837,0.167747,-0.271331,1.023526,-0.134040,-0.055247,0.200684,-0.006043,-0.134199,0.474739,1.395775,0.292872,0.058267,-0.013465
0.032778,0.670100,0.749552,-0.006753,0.015646,-0.762316,0.646981,-0.542870,0.077299,0.002093,0.472586,0.063738,-0.036156,0.185552,0.015253,0.032084,0.479827,-0.379475,0.026231,0.021582,0.022372,0.185352,-0.117267,0.166639,-0.266700,1.019504,-0.136616,-0.057985,0.200738,-0.018142,-0.138243,0.491056,1.396177,0.293835,0.059328,-0.011474
0.032256,0.677956,0.748324,-0.008479,0.017002,-0.764731,0.644069,-0.549824,0.088447,0.002064,0.465086,0.079826,-0.041212,0.181320,0.020870,0.029811,0.469766,-0.398124,0.029040,0.025518,0.027267,0.193489,-0.118611,0.165709,-0.262699,1.016664,-0.138484,-0.060030,0.200775,-0.030739,-0.142302,0.506698,1.395492,0.291663,0.060978,-0.009718
0.031757,0.686061,0.747261,-0.011059,0.018479,-0.767595,0.640573,-0.554097,0.102065,0.002004,0.454966,0.096764,-0.047242,0.175478,0.029503,0.033233,0.462548,-0.413361,0.028482,0.030542,0.033237,0.203264,-0.120324,0.165003,-0.259548,1.015245,-0.139895,-0.061272,0.200976,-0.044187,-0.146354,0.521901,1.393645,0.285266,0.063171,-0.008507
0.031332,0.694362,0.746420,-0.014331,0.019986,-0.770784,0.636622,-0.556008,0.117619,0.001831,0.442599,0.114507,-0.054149,0.168421,0.040266,0.040474,0.457838,-0.426600,0.026696,0.036270,0.039993,0.214487,-0.122260,0.164536,-0.257184,1.015043,-0.140936,-0.061966,0.201227,-0.058501,-0.150384,0.537003,1.390797,0.275888,0.065805,-0.007664
0.030554,0.702510,0.745760,-0.017903,0.021590,-0.773892,0.632697,-0.556336,0.133538,0.000566,0.427775,0.133714,-0.062154,0.160752,0.052223,0.048834,0.454461,-0.437820,0.024028,0.041644,0.047117,0.225794,-0.123595,0.164202,-0.255288,1.015805,-0.141016,-0.062177,0.201251,-0.072911,-0.154298,0.551194,1.387101,0.265072,0.069011,-0.006607
0.029625,0.710545,0.745221,-0.021390,0.023358,-0.776532,0.629281,-0.555827,0.148243,-0.002787,0.410123,0.155131,-0.071514,0.153063,0.064412,0.055616,0.451199,-0.447005,0.020867,0.045693,0.054143,0.235801,-0.123563,0.163829,-0.253573,1.017387,-0.139522,-0.061975,0.200798,-0.086705,-0.158002,0.563636,1.382857,0.254369,0.072895,-0.004777
0.028731,0.718649,0.744782,-0.024766,0.025447,-0.778657,0.626444,-0.554939,0.161951,-0.008364,0.389281,0.179739,-0.080952,0.145083,0.077162,0.060578,0.448083,-0.453688,0.017279,0.048226,0.061196,0.244171,-0.122025,0.163322,-0.251897,1.020081,-0.135661,-0.061375,0.199755,-0.100034,-0.161491,0.574326,1.378223,0.243044,0.077958,-0.001641
0.028035,0.726265,0.744306,-0.028197,0.027773,-0.780457,0.623956,-0.553299,0.175401,-0.015822,0.365815,0.206662,-0.090815,0.136605,0.090789,0.064940,0.445714,-0.458081,0.013162,0.049748,0.068405,0.251589,-0.119438,0.162683,-0.250424,1.023990,-0.129924,-0.060360,0.198299,-0.113205,-0.164788,0.583641,1.373159,0.230643,0.083945,0.002387
0.027341,0.733644,0.743953,-0.031604,0.030031,-0.781916,0.621858,-0.550084,0.187775,-0.025362,0.340053,0.234174,-0.103740,0.128536,0.104288,0.068232,0.443283,-0.460962,0.008667,0.050411,0.075328,0.258250,-0.115952,0.161903,-0.249371,1.028715,-0.123673,-0.058959,0.196624,-0.125721,-0.167834,0.591204,1.367681,0.219034,0.089844,0.006403
0.026598,0.741136,0.743677,-0.034945,0.031922,-0.783039,0.620169,-0.544320,0.198269,-0.037161,0.312030,0.260613,-0.122395,0.121776,0.116731,0.070083,0.440086,-0.463168,0.003891,0.050439,0.081573,0.264364,-0.111729,0.160969,-0.249003,1.033890,-0.118274,-0.057192,0.194937,-0.137133,-0.170549,0.596572,1.361922,0.210093,0.094662,0.009441
0.025853,0.748236,0.743377,-0.038420,0.033536,-0.783878,0.618817,-0.533961,0.207025,-0.053261,0.276554,0.289329,-0.151505,0.116852,0.128551,0.070327,0.435700,-0.464639,-0.001312,0.049967,0.087531,0.269888,-0.106525,0.159837,-0.249332,1.039542,-0.113881,-0.054890,0.193336,-0.147361,-0.172885,0.599315,1.355923,0.204112,0.098668,0.011246
0.025157,0.755016,0.743087,-0.042152,0.035008,-0.784478,0.617731,-0.519204,0.215049,-0.073084,0.234014,0.320098,-0.188458,0.113565,0.140352,0.069415,0.430312,-0.464899,-0.006982,0.049086,0.093522,0.274913,-0.100360,0.158496,-0.250270,1.045919,-0.109850,-0.052132,0.191706,-0.156733,-0.174871,0.599737,1.349908,0.200177,0.102146,0.012303
0.024316,0.761608,0.742844,-0.045906,0.036102,-0.784820,0.616966,-0.503052,0.222400,-0.092390,0.193671,0.345866,-0.224668,0.111516,0.151348,0.067827,0.424309,-0.464253,-0.012857,0.047846,0.098923,0.279744,-0.093653,0.156999,-0.251850,1.052769,-0.106276,-0.049189,0.189949,-0.165310,-0.176591,0.598469,1.343915,0.198302,0.104404,0.012671
0.023782,0.768123,0.742791,-0.049205,0.036541,-0.784802,0.616709,-0.489471,0.228048,-0.106450,0.165822,0.359638,-0.251267,0.109811,0.160289,0.065711,0.418374,-0.463171,-0.018601,0.046041,0.102692,0.284445,-0.086908,0.155458,-0.254134,1.059902,-0.103289,-0.046382,0.187953,-0.173107,-0.178121,0.596112,1.337882,0.198520,0.104699,0.012425
0.023209,0.774522,0.742940,-0.051811,0.036020,-0.784321,0.617138,-0.479744,0.230117,-0.113184,0.153780,0.358655,-0.261800,0.108694,0.166244,0.062947,0.412242,-0.462166,-0.024313,0.043284,0.103992,0.289092,-0.079960,0.154018,-0.257147,1.067002,-0.100726,-0.043531,0.185379,-0.180138,-0.179494,0.593051,1.331846,0.201719,0.102241,0.011704
0.022568,0.780712,0.743268,-0.053817,0.034663,-0.783391,0.618224,-0.472214,0.228613,-0.114771,0.152305,0.347220,-0.261800,0.108046,0.169574,0.059222,0.406250,-0.461211,-0.029996,0.039644,0.103171,0.293513,-0.072740,0.152590,-0.260939,1.074300,-0.098603,-0.040562,0.182390,-0.186224,-0.180842,0.588795,1.325561,0.207595,0.097634,0.010458
0.021914,0.786832,0.743849,-0.055236,0.033043,-0.782106,0.619812,-0.468108,0.225316,-0.113988,0.161557,0.327863,-0.261800,0.106416,0.171483,0.054473,0.401261,-0.459453,-0.035334,0.035489,0.101097,0.297172,-0.065592,0.151257,-0.265325,1.082076,-0.097291,-0.037900,0.179541,-0.191420,-0.182036,0.582825,1.318896,0.214355,0.092190,0.008436
0.021195,0.792946,0.744653,-0.056141,0.031737,-0.780582,0.621718,-0.468539,0.222334,-0.110334,0.181723,0.303111,-0.261800,0.102558,0.173113,0.048741,0.397863,-0.455883,-0.039949,0.031343,0.098845,0.299575,-0.058927,0.150015,-0.270210,1.090695,-0.097168,-0.035976,0.177419,-0.195749,-0.182956,0.574573,1.311741,0.220231,0.087223,0.005354
0.020418,0.799221,0.745639,-0.056323,0.030554,-0.778685,0.624135,-0.473558,0.219649,-0.101601,0.213285,0.272733,-0.257604,0.095137,0.173731,0.041401,0.398652,-0.451032,-0.043537,0.026619,0.095779,0.300804,-0.052843,0.149000,-0.275862,1.100342,-0.098857,-0.035048,0.175757,-0.199448,-0.183400,0.563841,1.304146,0.224861,0.082845,0.000839
0.019695,0.805340,0.746757,-0.056006,0.029379,-0.776475,0.626966,-0.482367,0.217291,-0.085660,0.255961,0.235451,-0.237087,0.085611,0.173402,0.032951,0.401977,-0.444860,-0.046448,0.022159,0.092331,0.301058,-0.047611,0.147976,-0.282995,1.111293,-0.102146,-0.034840,0.174519,-0.202145,-0.183516,0.550162,1.296166,0.228887,0.078400,-0.004860
0.019031,0.811444,0.747967,-0.055452,0.028097,-0.774176,0.629911,-0.491683,0.215826,-0.066129,0.303649,0.194840,-0.212514,0.075647,0.172228,0.024358,0.405933,-0.437924,-0.048898,0.017866,0.088526,0.300763,-0.042191,0.146970,-0.289760,1.122403,-0.105693,-0.034926,0.174222,-0.204037,-0.183300,0.535143,1.288147,0.232823,0.074086,-0.011108
0.018537,0.817363,0.749322,-0.054742,0.026506,-0.771961,0.632754,-0.498674,0.215102,-0.043848,0.350812,0.154291,-0.186985,0.066624,0.169885,0.016414,0.408803,-0.430876,-0.050857,0.014220,0.084368,0.300112,-0.036199,0.145760,-0.295207,1.133182,-0.108342,-0.034939,0.175540,-0.204978,-0.182863,0.519450,1.280253,0.236915,0.070100,-0.017281
0.018179,0.823158,0.750779,-0.053754,0.024439,-0.769822,0.635521,-0.502997,0.215340,-0.017104,0.397735,0.112817,-0.159447,0.058609,0.165763,0.009261,0.410542,-0.423783,-0.051895,0.011115,0.079605,0.299078,-0.029473,0.144116,-0.299281,1.143752,-0.110479,-0.035615,0.179990,-0.204712,-0.182242,0.502429,1.272250,0.241005,0.066609,-0.023734
0.017897,0.828751,0.752308,-0.052471,0.022008,-0.767685,0.638296,-0.505433,0.217049,0.013469,0.446321,0.068770,-0.128907,0.050992,0.160147,0.002554,0.411892,-0.416283,-0.052107,0.008428,0.074392,0.297567,-0.022392,0.141987,-0.302487,1.154527,-0.112450,-0.036917,0.186814,-0.203412,-0.181448,0.483963,1.264159,0.245058,0.063477,-0.030630
0.017664,0.834169,0.753887,-0.051078,0.019464,-0.765584,0.641010,-0.505839,0.219654,0.043895,0.494755,0.024580,-0.098361,0.043738,0.153868,-0.003851,0.412798,-0.408657,-0.052149,0.006295,0.069157,0.295599,-0.015173,0.139501,-0.304490,1.165113,-0.112987,-0.037199,0.193250,-0.201571,-0.180566,0.465640,1.256406,0.249450,0.060464,-0.037071
0.017479,0.839474,0.755463,-0.049713,0.017036,-0.763551,0.643606,-0.504570,0.222152,0.070615,0.541587,-0.016855,-0.070621,0.036796,0.147771,-0.010150,0.413146,-0.401153,-0.052689,0.004752,0.064263,0.293193,-0.007938,0.136887,-0.304846,1.174976,-0.110849,-0.034788,0.196503,-0.199689,-0.179709,0.449203,1.249382,0.254640,0.057328,-0.042152
0.017400,0.844675,0.757020,-0.048234,0.014744,-0.761589,0.646095,-0.502151,0.224370,0.095050,0.587256,-0.055358,-0.044936,0.029885,0.141643,-0.016465,0.412987,-0.393927,-0.053877,0.003794,0.059482,0.290167,-0.000540,0.134206,-0.303024,1.183783,-0.104164,-0.028290,0.195700,-0.197724,-0.178926,0.435020,1.243021,0.261298,0.054032,-0.045689
0.017203,0.849868,0.758452,-0.046588,0.012477,-0.759672,0.648516,-0.498519,0.226443,0.118548,0.632539,-0.092141,-0.020077,0.023068,0.135106,-0.022703,0.412381,-0.386825,-0.055333,0.003291,0.054636,0.286586,0.007121,0.131423,-0.299306,1.191708,-0.094085,-0.018931,0.192261,-0.195469,-0.178193,0.422302,1.237065,0.269062,0.050710,-0.048129
0.017023,0.855058,0.759844,-0.045072,0.010304,-0.757787,0.650862,-0.493648,0.227520,0.137906,0.676770,-0.125995,0.001972,0.016723,0.128804,-0.028793,0.411299,-0.379687,-0.056960,0.003117,0.050161,0.282843,0.014865,0.128662,-0.294495,1.198936,-0.083923,-0.008966,0.186861,-0.193073,-0.177487,0.410920,1.231508,0.276717,0.047397,-0.049504
0.016769,0.860212,0.761116,-0.043943,0.008254,-0.755925,0.653130,-0.487653,0.226681,0.150072,0.719299,-0.155497,0.019179,0.011238,0.123403,-0.034688,0.409650,-0.372319,-0.058674,0.003151,0.046458,0.279343,0.022583,0.126155,-0.289389,1.205550,-0.077019,-0.000596,0.180250,-0.190685,-0.176790,0.400761,1.226330,0.283060,0.044126,-0.049853
0.016475,0.865291,0.762301,-0.043328,0.006459,-0.753922,0.655502,-0.481488,0.222968,0.153115,0.760789,-0.179676,0.030632,0.006779,0.119295,-0.040944,0.407080,-0.364529,-0.060665,0.003109,0.043713,0.276247,0.030178,0.124171,-0.283815,1.211378,-0.074520,0.006016,0.171595,-0.188168,-0.176041,0.391435,1.221283,0.287841,0.040696,-0.048830
0.016273,0.870323,0.763402,-0.043043,0.004849,-0.751834,0.657928,-0.475111,0.216665,0.149648,0.801515,-0.199169,0.037471,0.003137,0.116071,-0.047445,0.403627,-0.356408,-0.062915,0.003184,0.041612,0.273300,0.037735,0.122594,-0.277527,1.216416,-0.074562,0.011938,0.160895,-0.185548,-0.175148,0.383033,1.216551,0.291643,0.037154,-0.046556
0.016044,0.875228,0.764418,-0.042957,0.003227,-0.749981,0.660055,-0.467159,0.208815,0.143459,0.840346,-0.215121,0.040741,-0.000101,0.113181,-0.053152,0.400279,-0.348456,-0.065026,0.003913,0.039709,0.270426,0.045800,0.121500,-0.271195,1.220406,-0.076097,0.016900,0.150033,-0.182936,-0.174300,0.376319,1.212199,0.294631,0.033966,-0.043685
0.015672,0.880002,0.765293,-0.042906,0.001361,-0.748690,0.661528,-0.456238,0.200648,0.138137,0.876095,-0.228726,0.041585,-0.003297,0.110083,-0.056989,0.397925,-0.341116,-0.066602,0.005942,0.037675,0.267495,0.054678,0.120727,-0.265627,1.223438,-0.078105,0.020587,0.140962,-0.180420,-0.173690,0.371872,1.208379,0.296873,0.031582,-0.040894
0.015492,0.884613,0.766212,-0.042888,-0.001030,-0.748273,0.662002,-0.441098,0.191522,0.133900,0.907973,-0.239347,0.038968,-0.006132,0.106344,-0.057869,0.396886,-0.334600,-0.067354,0.010253,0.035224,0.264550,0.064627,0.120064,-0.260345,1.225387,-0.081227,0.023148,0.133188,-0.177788,-0.173420,0.370015,1.205219,0.298355,0.030217,-0.038240
0.015512,0.888712,0.767091,-0.042969,-0.003755,-0.748482,0.661751,-0.422758,0.180938,0.129238,0.936765,-0.246757,0.032641,-0.008565,0.102352,-0.056612,0.396640,-0.328624,-0.067546,0.015974,0.032689,0.261617,0.075347,0.119308,-0.254806,1.226481,-0.085563,0.024666,0.126051,-0.175169,-0.173460,0.370668,1.202693,0.299102,0.029610,-0.035419
0.015758,0.892793,0.767924,-0.043128,-0.006309,-0.748809,0.661352,-0.403239,0.170629,0.124916,0.963625,-0.252709,0.025091,-0.011343,0.098792,-0.054996,0.396793,-0.322873,-0.067615,0.021841,0.030632,0.258463,0.086064,0.118738,-0.250904,1.227441,-0.089730,0.024707,0.121286,-0.172783,-0.173728,0.372808,1.200622,0.299007,0.029439,-0.032568
0.016012,0.897280,0.768586,-0.043355,-0.008176,-0.748749,0.661384,-0.384537,0.162512,0.121632,0.989728,-0.258856,0.018898,-0.015173,0.096359,-0.054808,0.396905,-0.317002,-0.068002,0.025718,0.029626,0.254902,0.096257,0.118306,-0.249329,1.228880,-0.091935,0.022778,0.120594,-0.171377,-0.174139,0.376495,1.199153,0.298242,0.029399,-0.029857
0.016169,0.902033,0.768951,-0.043716,-0.009102,-0.748130,0.662048,-0.367267,0.157450,0.119296,1.015617,-0.265593,0.014302,-0.020236,0.095498,-0.056706,0.396671,-0.310849,-0.068842,0.027637,0.030041,0.250770,0.105314,0.118388,-0.251976,1.231486,-0.091274,0.017757,0.125538,-0.171136,-0.174436,0.381188,1.198582,0.296457,0.029361,-0.027323
0.016233,0.906905,0.769150,-0.044189,-0.009409,-0.747236,0.663021,-0.350316,0.154495,0.117568,1.040647,-0.272027,0.010163,-0.026147,0.095752,-0.059696,0.396417,-0.304642,-0.069906,0.028402,0.031414,0.246213,0.113811,0.119045,-0.257705,1.234597,-0.088770,0.010252,0.134808,-0.171767,-0.174651,0.387273,1.198817,0.293776,0.029489,-0.024886
0.016164,0.911572,0.769334,-0.044674,-0.009398,-0.746249,0.664100,-0.333040,0.152948,0.116731,1.064062,-0.277875,0.007044,-0.032731,0.096448,-0.063082,0.396526,-0.298558,-0.071097,0.028787,0.032986,0.241475,0.122400,0.120521,-0.264874,1.237034,-0.086298,0.002407,0.145852,-0.172462,-0.174793,0.393837,1.198986,0.290324,0.029863,-0.022491
0.016043,0.916221,0.769441,-0.045057,-0.009395,-0.745349,0.665084,-0.314797,0.152071,0.117065,1.085052,-0.282814,0.005499,-0.039776,0.096923,-0.066156,0.397334,-0.292742,-0.072311,0.029423,0.034171,0.236709,0.131185,0.122365,-0.271429,1.238451,-0.085444,-0.003745,0.156278,-0.172872,-0.174784,0.399862,1.198882,0.285993,0.030530,-0.020112
0.015928,0.920809,0.769477,-0.045352,-0.009432,-0.744587,0.665916,-0.295303,0.152330,0.119154,1.103649,-0.286899,0.006185,-0.047216,0.097175,-0.068741,0.398902,-0.287244,-0.073659,0.030230,0.035230,0.231786,0.140050,0.123916,-0.277197,1.239073,-0.086750,-0.007682,0.166566,-0.173183,-0.174698,0.405776,1.198864,0.280569,0.031613,-0.017790
0.016033,0.925491,0.769448,-0.045612,-0.009349,-0.743868,0.666703,-0.274920,0.153964,0.122632,1.120171,-0.290212,0.008685,-0.055141,0.097500,-0.071207,0.401015,-0.281961,-0.075149,0.030896,0.036264,0.226719,0.149141,0.125746,-0.283034,1.238768,-0.089326,-0.010498,0.177552,-0.173506,-0.174548,0.411962,1.198870,0.274186,0.033047,-0.015506
0.016334,0.930202,0.769362,-0.045783,-0.009186,-0.743154,0.667489,-0.254041,0.155893,0.126336,1.134351,-0.292544,0.011914,-0.063659,0.097720,-0.073669,0.403757,-0.276878,-0.076525,0.031425,0.037241,0.221523,0.158043,0.127459,-0.288400,1.238313,-0.092505,-0.012774,0.187911,-0.173765,-0.174318,0.417733,1.198861,0.267362,0.034568,-0.013341
0.016592,0.934909,0.769192,-0.045792,-0.008997,-0.742410,0.668318,-0.233077,0.156991,0.129124,1.145888,-0.293651,0.014767,-0.072877,0.097639,-0.076238,0.407200,-0.271981,-0.077529,0.031783,0.037959,0.216247,0.166634,0.128979,-0.292731,1.238092,-0.095669,-0.015033,0.196227,-0.173828,-0.173986,0.422460,1.198683,0.260629,0.035913,-0.011370
0.016754,0.939591,0.769015,-0.045592,-0.008730,-0.741635,0.669196,-0.212159,0.157383,0.131100,1.154843,-0.293323,0.017436,-0.082998,0.097230,-0.078955,0.411441,-0.267298,-0.078011,0.031952,0.038488,0.210715,0.174756,0.130016,-0.295929,1.238489,-0.099219,-0.017582,0.202417,-0.173705,-0.173632,0.426107,1.198337,0.253539,0.037120,-0.009540
0.016849,0.944327,0.768742,-0.045219,-0.008388,-0.740844,0.670101,-0.191100,0.157528,0.132744,1.161350,-0.291728,0.020345,-0.093924,0.096567,-0.081744,0.416444,-0.262837,-0.078131,0.031912,0.038545,0.205008,0.183090,0.131403,-0.298273,1.238439,-0.103457,-0.020008,0.206961,-0.173493,-0.172955,0.429112,1.197879,0.246114,0.038265,-0.007858
0.016965,0.949124,0.768400,-0.044783,-0.008053,-0.740023,0.671041,-0.169878,0.156813,0.133453,1.165317,-0.289235,0.022709,-0.105283,0.095647,-0.084557,0.422026,-0.258524,-0.078101,0.031751,0.038542,0.199410,0.190903,0.132416,-0.299785,1.238680,-0.107129,-0.021976,0.209873,-0.173128,-0.172265,0.431109,1.197349,0.239274,0.039242,-0.006435
0.017222,0.953989,0.767991,-0.044370,-0.007824,-0.739157,0.672024,-0.148459,0.154591,0.132630,1.166625,-0.286194,0.023735,-0.116726,0.094453,-0.087340,0.428039,-0.254306,-0.078140,0.031448,0.038372,0.194253,0.198338,0.133358,-0.300436,1.238807,-0.109196,-0.023037,0.210921,-0.172611,-0.171439,0.432021,1.196788,0.234119,0.039908,-0.005425
0.017540,0.958872,0.767590,-0.044021,-0.007725,-0.738262,0.673032,-0.126663,0.150832,0.130333,1.165197,-0.282485,0.023518,-0.128223,0.092975,-0.089963,0.434612,-0.250218,-0.078296,0.031077,0.038229,0.189642,0.205255,0.133948,-0.300200,1.238917,-0.109146,-0.022990,0.209576,-0.171792,-0.170751,0.431648,1.195962,0.231183,0.040290,-0.004815
0.017834,0.963851,0.767160,-0.043670,-0.007716,-0.737337,0.674067,-0.104573,0.145838,0.126786,1.161131,-0.277999,0.022380,-0.139961,0.091214,-0.092486,0.441802,-0.246291,-0.078465,0.030603,0.037926,0.185399,0.211858,0.134421,-0.299090,1.238878,-0.107673,-0.022069,0.206059,-0.170807,-0.169995,0.430132,1.195080,0.229819,0.040386,-0.004553
0.018151,0.968834,0.766659,-0.043300,-0.007743,-0.736350,0.675170,-0.082556,0.139484,0.121620,1.154623,-0.273149,0.019873,-0.151838,0.089208,-0.095141,0.449197,-0.242369,-0.078652,0.029973,0.037502,0.181444,0.217966,0.134753,-0.297290,1.238938,-0.105356,-0.020581,0.201481,-0.169559,-0.169211,0.427752,1.194008,0.229355,0.040262,-0.004660
0.018394,0.973888,0.766104,-0.042891,-0.007760,-0.735265,0.676377,-0.060967,0.131664,0.114477,1.145873,-0.268378,0.015565,-0.163901,0.086967,-0.098182,0.456699,-0.238465,-0.078859,0.029094,0.036728,0.177642,0.223520,0.135184,-0.294864,1.239260,-0.102781,-0.018817,0.196931,-0.168345,-0.167923,0.424663,1.193234,0.228937,0.039889,-0.005225
0.018644,0.978984,0.765509,-0.042438,-0.007710,-0.734095,0.677676,-0.039755,0.122021,0.104786,1.134612,-0.263729,0.008657,-0.176106,0.084599,-0.101666,0.464051,-0.234455,-0.079111,0.027998,0.035850,0.173893,0.228554,0.135520,-0.291645,1.239863,-0.099673,-0.016587,0.192228,-0.166818,-0.166505,0.420950,1.192337,0.228752,0.039239,-0.006323
0.018994,0.984203,0.764839,-0.041956,-0.007627,-0.732851,0.679052,-0.018680,0.110831,0.092847,1.120868,-0.259109,-0.000312,-0.188473,0.082065,-0.105467,0.471434,-0.230404,-0.079413,0.026755,0.034996,0.170338,0.233033,0.135655,-0.287708,1.240655,-0.095845,-0.013841,0.186922,-0.164725,-0.165345,0.416479,1.190874,0.229122,0.038375,-0.007832
0.019270,0.989497,0.764139,-0.041463,-0.007590,-0.731495,0.680543,0.002145,0.098921,0.079589,1.105317,-0.254703,-0.009780,-0.200904,0.079175,-0.109517,0.478922,-0.226369,-0.079748,0.025167,0.033764,0.167095,0.236858,0.135815,-0.283440,1.241743,-0.092091,-0.011065,0.181801,-0.162825,-0.163700,0.411469,1.189798,0.229622,0.037358,-0.009650
0.019534,0.994782,0.763445,-0.040953,-0.007699,-0.729988,0.682188,0.022565,0.087102,0.065954,1.088614,-0.250627,-0.018217,-0.213341,0.075751,-0.113755,0.486660,-0.222347,-0.080084,0.023133,0.032184,0.164444,0.239907,0.136025,-0.279500,1.243047,-0.089285,-0.008734,0.177594,-0.160911,-0.162034,0.406281,1.188584,0.230105,0.036411,-0.011481
0.019815,1.000206,0.762673,-0.040466,-0.007960,-0.728307,0.684008,0.042660,0.075050,0.051454,1.070629,-0.246637,-0.025748,-0.225627,0.071777,-0.118233,0.494538,-0.218362,-0.080382,0.020615,0.030238,0.162486,0.242149,0.136330,-0.275864,1.244541,-0.087527,-0.006791,0.174319,-0.158914,-0.160366,0.400764,1.187087,0.230541,0.035586,-0.013367
0.020097,1.005735,0.761864,-0.039975,-0.008343,-0.726476,0.685978,0.062508,0.062606,0.035789,1.051168,-0.242792,-0.032946,-0.237860,0.067328,-0.122948,0.502569,-0.214407,-0.080665,0.017710,0.027907,0.161068,0.243689,0.136780,-0.272297,1.246197,-0.086421,-0.005030,0.171629,-0.156874,-0.158538,0.394791,1.185476,0.231023,0.034771,-0.015410
0.020385,1.011401,0.761067,-0.039447,-0.008815,-0.724527,0.688060,0.081901,0.050751,0.020229,1.030714,-0.239524,-0.039018,-0.250220,0.062354,-0.127729,0.510811,-0.210403,-0.080991,0.014523,0.025203,0.160113,0.244503,0.137374,-0.269098,1.248002,-0.086073,-0.003681,0.169721,-0.154821,-0.156659,0.388646,1.183798,0.231498,0.033949,-0.017403
0.020741,1.017107,0.760217,-0.038796,-0.009397,-0.722494,0.690224,0.100535,0.040392,0.006080,1.009786,-0.237242,-0.043216,-0.262890,0.056804,-0.132402,0.519313,-0.206262,-0.081428,0.011184,0.022112,0.159531,0.244560,0.138130,-0.266587,1.249968,-0.086583,-0.002977,0.168791,-0.152822,-0.154777,0.382566,1.182164,0.231864,0.033095,-0.019148
0.021053,1.022975,0.759334,-0.038001,-0.010108,-0.720362,0.692482,0.118316,0.031701,-0.006247,0.988454,-0.236143,-0.044845,-0.276036,0.050582,-0.136924,0.528385,-0.202107,-0.082072,0.007729,0.018537,0.159309,0.243798,0.139071,-0.264904,1.252259,-0.088417,-0.003210,0.169213,-0.150809,-0.152924,0.376485,1.180540,0.232179,0.032126,-0.020608
0.021421,1.028983,0.758376,-0.037102,-0.010937,-0.718119,0.694844,0.135339,0.024130,-0.017431,0.966455,-0.235943,-0.044519,-0.289496,0.043737,-0.141362,0.537848,-0.197913,-0.082878,0.004118,0.014513,0.159497,0.242241,0.140197,-0.263908,1.254801,-0.091390,-0.004178,0.170764,-0.148724,-0.151089,0.370287,1.178808,0.232462,0.031087,-0.021873
0.021793,1.035083,0.757398,-0.036119,-0.011844,-0.715803,0.697267,0.151545,0.017470,-0.027767,0.943830,-0.236265,-0.043493,-0.303096,0.036424,-0.145723,0.547260,-0.193491,-0.083714,0.000341,0.010201,0.160083,0.239997,0.141485,-0.263418,1.257269,-0.094593,-0.005388,0.172757,-0.146728,-0.149312,0.364183,1.177056,0.232611,0.030141,-0.022939
0.022174,1.041341,0.756365,-0.035110,-0.012758,-0.713447,0.699712,0.166933,0.011514,-0.037562,0.920499,-0.236755,-0.043013,-0.316590,0.028806,-0.150014,0.556032,-0.188564,-0.084437,-0.003624,0.005785,0.161065,0.237168,0.142885,-0.263261,1.259339,-0.097122,-0.006330,0.174511,-0.144923,-0.147638,0.358373,1.175295,0.232516,0.029459,-0.023800
0.022569,1.047760,0.755299,-0.034071,-0.013690,-0.711068,0.702164,0.181725,0.006303,-0.046784,0.896279,-0.236748,-0.044491,-0.330053,0.020905,-0.154263,0.564389,-0.183315,-0.085097,-0.007750,0.001261,0.162437,0.233824,0.144355,-0.263165,1.260893,-0.098518,-0.006866,0.175971,-0.143275,-0.146085,0.352916,1.173495,0.232036,0.029170,-0.024422
0.023034,1.054261,0.754193,-0.032989,-0.014658,-0.708643,0.704643,0.195858,0.001842,-0.055258,0.871161,-0.236572,-0.046961,-0.343524,0.012651,-0.158436,0.572401,-0.177734,-0.085743,-0.012065,-0.003441,0.164192,0.229889,0.145879,-0.263277,1.262137,-0.099325,-0.007263,0.177466,-0.141735,-0.144648,0.347714,1.171644,0.231258,0.029160,-0.024817
0.023589,1.060888,0.753094,-0.031854,-0.015647,-0.706147,0.707175,0.208861,-0.002154,-0.063139,0.845455,-0.237454,-0.048180,-0.356922,0.004029,-0.162518,0.579743,-0.171558,-0.086221,-0.016645,-0.008233,0.166337,0.225196,0.147460,-0.264080,1.263265,-0.100157,-0.007648,0.178897,-0.140445,-0.143359,0.342792,1.169837,0.230480,0.029231,-0.025056
0.024135,1.067667,0.751982,-0.030646,-0.016652,-0.703558,0.709782,0.220255,-0.005961,-0.070575,0.819512,-0.240649,-0.045835,-0.370137,-0.004982,-0.166477,0.586054,-0.164501,-0.086367,-0.021554,-0.013036,0.168882,0.219590,0.149105,-0.266055,1.264457,-0.101617,-0.008137,0.180162,-0.139508,-0.142285,0.338135,1.168127,0.229962,0.029189,-0.025203
0.024709,1.074627,0.750863,-0.029386,-0.017663,-0.700810,0.712523,0.229855,-0.009654,-0.077815,0.793395,-0.246306,-0.038581,-0.383227,-0.014530,-0.170420,0.591548,-0.156686,-0.086146,-0.026932,-0.017837,0.171882,0.213078,0.150820,-0.269414,1.265641,-0.104240,-0.008881,0.181291,-0.138982,-0.141486,0.333801,1.166511,0.229926,0.029031,-0.025151
0.025424,1.081753,0.749772,-0.028063,-0.018698,-0.697937,0.715365,0.237914,-0.013238,-0.084708,0.767013,-0.253908,-0.027940,-0.396242,-0.024571,-0.174276,0.596372,-0.148220,-0.085616,-0.032659,-0.022693,0.175326,0.205715,0.152586,-0.273909,1.266745,-0.107582,-0.009775,0.182307,-0.138734,-0.140975,0.329730,1.164882,0.230170,0.028854,-0.024891
0.026166,1.089100,0.748672,-0.026656,-0.019758,-0.695060,0.718186,0.244586,-0.016861,-0.090844,0.740532,-0.263725,-0.015856,-0.408976,-0.034835,-0.177755,0.599871,-0.138692,-0.084740,-0.038566,-0.027571,0.179089,0.197401,0.154199,-0.279208,1.268070,-0.110752,-0.010576,0.183130,-0.138701,-0.140756,0.325982,1.163259,0.230427,0.028608,-0.024660
0.026873,1.096544,0.747598,-0.025140,-0.020840,-0.692301,0.720870,0.250064,-0.020630,-0.095820,0.714015,-0.275958,-0.004275,-0.421266,-0.045029,-0.180584,0.601444,-0.127720,-0.083482,-0.043889,-0.032593,0.183151,0.188014,0.156069,-0.285662,1.269635,-0.113124,-0.010981,0.183559,-0.138473,-0.140732,0.321901,1.161311,0.230290,0.028243,-0.024614
0.027639,1.104230,0.746542,-0.023507,-0.021863,-0.689616,0.723463,0.254231,-0.024337,-0.099480,0.686691,-0.291323,0.007727,-0.433382,-0.055163,-0.182870,0.601280,-0.115352,-0.081910,-0.049075,-0.037607,0.187374,0.177484,0.157885,-0.292861,1.271653,-0.114173,-0.010970,0.183506,-0.138228,-0.140899,0.317885,1.159162,0.229706,0.027627,-0.024937
0.028432,1.112013,0.745564,-0.021757,-0.022867,-0.686968,0.726002,0.257068,-0.028084,-0.102138,0.658727,-0.309476,0.020712,-0.445336,-0.065346,-0.184676,0.599612,-0.101759,-0.080003,-0.054157,-0.042652,0.191818,0.165850,0.159644,-0.300985,1.274038,-0.114435,-0.010672,0.183078,-0.138032,-0.141263,0.313910,1.156891,0.228831,0.026821,-0.025492
0.029304,1.119889,0.744707,-0.019937,-0.023970,-0.684488,0.728357,0.258968,-0.032266,-0.104041,0.631406,-0.328871,0.032199,-0.456554,-0.075364,-0.185686,0.595798,-0.086656,-0.077595,-0.058901,-0.047895,0.196616,0.153390,0.161327,-0.309889,1.276572,-0.114342,-0.010085,0.182507,-0.137917,-0.141800,0.310038,1.154667,0.227835,0.026066,-0.026082
0.030165,1.127902,0.743973,-0.018080,-0.025301,-0.682306,0.730405,0.260357,-0.037169,-0.105349,0.605887,-0.347880,0.039681,-0.466454,-0.084972,-0.185623,0.589175,-0.069758,-0.074518,-0.063113,-0.053489,0.201880,0.140391,0.162919,-0.319394,1.279049,-0.114330,-0.009207,0.182038,-0.138000,-0.142510,0.306414,1.152764,0.226935,0.025596,-0.026528
0.030993,1.136005,0.743280,-0.016249,-0.026868,-0.680399,0.732169,0.261531,-0.042501,-0.105799,0.582022,-0.367185,0.041221,-0.474944,-0.094196,-0.184626,0.579790,-0.051361,-0.070696,-0.066814,-0.059419,0.207856,0.126672,0.164383,-0.329430,1.281529,-0.114362,-0.007844,0.181760,-0.138462,-0.143424,0.303049,1.151196,0.226188,0.025523,-0.026555
0.031894,1.144157,0.742686,-0.014424,-0.028587,-0.678714,0.733704,0.262290,-0.048048,-0.105256,0.559010,-0.387063,0.038503,-0.482338,-0.103061,-0.182806,0.567930,-0.031509,-0.066214,-0.070105,-0.065546,0.214395,0.112169,0.165688,-0.340088,1.284090,-0.114258,-0.006061,0.181538,-0.139214,-0.144554,0.299921,1.149868,0.225513,0.025705,-0.026339
0.032856,1.152504,0.742243,-0.012528,-0.030433,-0.677334,0.734940,0.262274,-0.054195,-0.104076,0.537119,-0.405329,0.034500,-0.488698,-0.111338,-0.179808,0.553393,-0.009577,-0.061132,-0.072907,-0.071811,0.221027,0.097343,0.166839,-0.351441,1.286532,-0.114243,-0.004241,0.181272,-0.139881,-0.145824,0.296990,1.148801,0.224775,0.025998,-0.026354
0.033919,1.160908,0.742033,-0.010484,-0.032384,-0.676345,0.735799,0.261060,-0.061378,-0.102744,0.516814,-0.419918,0.032279,-0.494108,-0.118825,-0.175227,0.536029,0.015027,-0.055496,-0.075140,-0.078202,0.227290,0.082663,0.167870,-0.363574,1.288651,-0.114578,-0.002764,0.180867,-0.140155,-0.147116,0.294259,1.148086,0.223897,0.026249,-0.027092
0.035012,1.169139,0.742004,-0.008160,-0.034602,-0.675819,0.736210,0.258619,-0.070200,-0.101390,0.497982,-0.430020,0.032769,-0.498321,-0.125639,-0.167978,0.515341,0.041921,-0.049047,-0.076635,-0.085104,0.233219,0.068055,0.168813,-0.376898,1.290507,-0.115716,-0.001657,0.180354,-0.140051,-0.148350,0.291802,1.147805,0.222595,0.026404,-0.028893
0.036037,1.177312,0.742078,-0.005650,-0.037021,-0.675701,0.736224,0.255022,-0.080187,-0.099786,0.480647,-0.436927,0.034385,-0.501382,-0.131849,-0.158475,0.491599,0.070855,-0.041817,-0.077457,-0.092396,0.239012,0.053348,0.169668,-0.391235,1.292145,-0.117408,-0.000736,0.179766,-0.139758,-0.149526,0.289581,1.147967,0.220995,0.026541,-0.031439
0.037087,1.185378,0.742234,-0.003159,-0.039340,-0.675896,0.735940,0.250108,-0.090237,-0.097925,0.465299,-0.441811,0.036456,-0.503912,-0.137229,-0.148482,0.466055,0.102664,-0.034264,-0.077882,-0.099328,0.244460,0.038863,0.170420,-0.405753,1.293348,-0.118812,-0.000073,0.179005,-0.139195,-0.150622,0.287428,1.148514,0.219566,0.026705,-0.034239
0.037988,1.193648,0.742505,-0.000909,-0.041239,-0.676313,0.735459,0.243695,-0.099304,-0.095761,0.452521,-0.445896,0.038267,-0.506495,-0.141536,-0.139769,0.439852,0.138251,-0.026811,-0.078215,-0.105161,0.249338,0.024917,0.171071,-0.419619,1.293926,-0.119113,0.000251,0.177980,-0.138276,-0.151590,0.285161,1.149392,0.218740,0.026941,-0.036804
0.038971,1.201923,0.742900,0.001125,-0.042647,-0.676952,0.734790,0.235261,-0.107399,-0.093473,0.443026,-0.449229,0.039589,-0.509379,-0.145427,-0.134373,0.411960,0.181870,-0.019756,-0.078598,-0.109798,0.253522,0.011505,0.171660,-0.432907,1.293884,-0.117639,0.000066,0.176652,-0.137058,-0.152363,0.282572,1.150696,0.218738,0.027267,-0.039199
0.039974,1.210013,0.743310,0.003020,-0.043688,-0.677882,0.733865,0.224930,-0.114936,-0.090893,0.436509,-0.451355,0.040771,-0.512424,-0.148739,-0.130582,0.382506,0.231596,-0.012682,-0.078881,-0.113591,0.257105,-0.001469,0.172198,-0.445851,1.293309,-0.114943,-0.000543,0.175083,-0.135650,-0.152905,0.279875,1.152523,0.219270,0.027644,-0.041650
0.041076,1.217859,0.743785,0.004684,-0.044424,-0.679105,0.732681,0.213640,-0.121584,-0.087486,0.431928,-0.452720,0.041976,-0.515412,-0.150181,-0.124638,0.354072,0.279140,-0.004911,-0.078803,-0.116509,0.260256,-0.013926,0.172685,-0.458054,1.292197,-0.112082,-0.001270,0.173332,-0.133972,-0.153296,0.277470,1.154730,0.220124,0.028034,-0.043869
0.042167,1.225468,0.744286,0.006019,-0.044966,-0.680568,0.731279,0.202444,-0.127091,-0.082881,0.428087,-0.453631,0.043382,-0.517489,-0.148686,-0.113080,0.328246,0.316627,0.004163,-0.078328,-0.118605,0.263181,-0.025740,0.173104,-0.468996,1.290536,-0.110075,-0.001812,0.171463,-0.131971,-0.153660,0.275826,1.157220,0.221070,0.028403,-0.045582
0.043265,1.233072,0.744827,0.007060,-0.045193,-0.682247,0.729689,0.190957,-0.131393,-0.076897,0.425329,-0.454179,0.045029,-0.518293,-0.142978,-0.092445,0.302711,0.344417,0.015271,-0.077924,-0.119772,0.265636,-0.036970,0.173438,-0.478412,1.288407,-0.109237,-0.002117,0.169208,-0.129811,-0.153988,0.275338,1.160060,0.222529,0.028715,-0.046873
0.044134,1.240734,0.745556,0.007864,-0.045212,-0.684113,0.727931,0.179009,-0.134800,-0.069910,0.424008,-0.454147,0.046858,-0.517631,-0.134606,-0.065622,0.276877,0.365919,0.027733,-0.076991,-0.120091,0.267803,-0.047939,0.173788,-0.487431,1.285918,-0.109262,-0.002324,0.166635,-0.126990,-0.154398,0.274951,1.162878,0.224323,0.029014,-0.047758
0.045045,1.248146,0.746269,0.008331,-0.045426,-0.686113,0.726027,0.168102,-0.137707,-0.062406,0.422701,-0.453269,0.048921,-0.515284,-0.126507,-0.039049,0.255405,0.377821,0.039845,-0.075481,-0.120114,0.270338,-0.058171,0.174171,-0.495489,1.282714,-0.109553,-0.002443,0.164270,-0.123467,-0.155012,0.274878,1.165641,0.225772,0.029386,-0.048005
0.046081,1.255276,0.746897,0.008344,-0.046150,-0.688238,0.723968,0.159575,-0.140424,-0.054750,0.420113,-0.451348,0.051252,-0.511631,-0.120883,-0.019313,0.243400,0.376902,0.049945,-0.074216,-0.120454,0.273581,-0.066896,0.174417,-0.500710,1.278574,-0.109087,-0.002538,0.162689,-0.120086,-0.155571,0.276475,1.169272,0.226401,0.029826,-0.047570
0.047027,1.262202,0.747602,0.007768,-0.047565,-0.690563,0.721665,0.154309,-0.143085,-0.046758,0.415629,-0.448296,0.053956,-0.506725,-0.117616,-0.008362,0.242903,0.359481,0.057942,-0.072481,-0.121172,0.277931,-0.074152,0.174521,-0.503120,1.273468,-0.107734,-0.002460,0.162069,-0.116514,-0.156041,0.279316,1.173643,0.225830,0.030251,-0.046093
0.047958,1.269147,0.748377,0.006704,-0.049374,-0.693115,0.719103,0.151240,-0.145416,-0.038177,0.410150,-0.444321,0.056960,-0.501005,-0.115072,-0.003020,0.251447,0.328248,0.064383,-0.070337,-0.121754,0.282935,-0.080103,0.174534,-0.503236,1.267395,-0.105950,-0.002241,0.162112,-0.112541,-0.156730,0.283415,1.178384,0.224600,0.030686,-0.043731
0.048908,1.275948,0.749231,0.005338,-0.051113,-0.695824,0.716372,0.148733,-0.147051,-0.029241,0.404697,-0.439695,0.060021,-0.495320,-0.112895,-0.002035,0.266970,0.289913,0.068864,-0.068398,-0.121825,0.287845,-0.084956,0.174431,-0.501431,1.260664,-0.103906,-0.002187,0.162656,-0.108544,-0.157684,0.288898,1.183469,0.222960,0.031421,-0.041084
0.049768,1.282643,0.750193,0.003917,-0.052440,-0.698580,0.713597,0.145258,-0.147732,-0.020280,0.400212,-0.434616,0.062928,-0.490220,-0.110976,-0.003972,0.287124,0.251271,0.071102,-0.066570,-0.121255,0.291980,-0.089307,0.174264,-0.499190,1.253954,-0.102162,-0.002583,0.163622,-0.104600,-0.158588,0.294969,1.188881,0.220888,0.032699,-0.038808
0.050663,1.289203,0.751248,0.002345,-0.053444,-0.701460,0.710699,0.141138,-0.147474,-0.011085,0.396666,-0.428965,0.065944,-0.485201,-0.109387,-0.008644,0.311997,0.211119,0.070685,-0.064803,-0.120133,0.295542,-0.092867,0.174063,-0.496346,1.247032,-0.100755,-0.003682,0.165302,-0.100894,-0.159437,0.302155,1.194838,0.218297,0.034722,-0.036960
0.051497,1.295702,0.752400,0.000569,-0.054306,-0.704462,0.707661,0.136989,-0.146452,-0.001624,0.393663,-0.422698,0.069113,-0.480018,-0.108330,-0.016448,0.342421,0.166937,0.068125,-0.063019,-0.118621,0.298797,-0.095569,0.173860,-0.492558,1.239778,-0.099519,-0.005264,0.167654,-0.097331,-0.160232,0.310404,1.201376,0.215134,0.037289,-0.035249
0.052305,1.302200,0.753664,-0.001187,-0.054775,-0.707355,0.704732,0.131869,-0.144698,0.007420,0.391458,-0.416052,0.071918,-0.475316,-0.108018,-0.026845,0.376873,0.123528,0.064487,-0.061532,-0.116684,0.301245,-0.097981,0.173699,-0.488467,1.232627,-0.098501,-0.006911,0.170030,-0.093514,-0.160854,0.318598,1.207930,0.211655,0.040101,-0.033764
0.053031,1.308632,0.755006,-0.002659,-0.054634,-0.709909,0.702166,0.124803,-0.142222,0.015355,0.390310,-0.409231,0.073830,-0.471692,-0.108687,-0.039413,0.413730,0.085784,0.060729,-0.060965,-0.114315,0.302331,-0.100516,0.173604,-0.484343,1.225928,-0.097655,-0.008214,0.171777,-0.089223,-0.161294,0.326068,1.214044,0.208265,0.042864,-0.032622
0.053685,1.314983,0.756395,-0.003757,-0.053691,-0.712036,0.700077,0.115047,-0.138813,0.021797,0.390739,-0.402258,0.074695,-0.469475,-0.111099,-0.055624,0.453438,0.055631,0.057020,-0.060762,-0.111387,0.301814,-0.103721,0.173596,-0.481130,1.220052,-0.097381,-0.009026,0.172798,-0.084084,-0.161350,0.331680,1.219518,0.204487,0.045635,-0.031766
0.054278,1.321229,0.757838,-0.004600,-0.052167,-0.713847,0.698340,0.103346,-0.134576,0.027062,0.392373,-0.394949,0.074808,-0.467859,-0.115374,-0.075111,0.496110,0.030380,0.052693,-0.061997,-0.108173,0.299893,-0.106576,0.173691,-0.477003,1.214333,-0.097194,-0.009597,0.173373,-0.078989,-0.161113,0.337596,1.225126,0.200739,0.048535,-0.031260
0.054774,1.327474,0.759247,-0.005306,-0.050374,-0.715443,0.696832,0.090983,-0.129972,0.031559,0.394155,-0.387262,0.074285,-0.466092,-0.120593,-0.094730,0.540259,0.007780,0.047418,-0.063486,-0.104895,0.297206,-0.109493,0.173932,-0.473286,1.209034,-0.097128,-0.010039,0.173578,-0.073395,-0.160514,0.342546,1.230441,0.197057,0.051289,-0.031131
0.055255,1.333667,0.760650,-0.005959,-0.048647,-0.716931,0.695419,0.079190,-0.125444,0.035749,0.395091,-0.379194,0.073242,-0.463562,-0.125564,-0.111347,0.584395,-0.014438,0.041028,-0.064780,-0.101772,0.294278,-0.112478,0.174290,-0.470352,1.204189,-0.096939,-0.010480,0.173459,-0.067094,-0.159672,0.346298,1.235208,0.193834,0.053649,-0.031442
0.055589,1.339747,0.762016,-0.006567,-0.046974,-0.718338,0.694076,0.068131,-0.120945,0.039737,0.394856,-0.370561,0.071472,-0.460541,-0.130177,-0.124651,0.629166,-0.036652,0.032747,-0.065825,-0.098738,0.291068,-0.115584,0.174718,-0.468337,1.199920,-0.096645,-0.010972,0.172866,-0.059944,-0.158696,0.349010,1.239305,0.191231,0.055503,-0.032510
0.055891,1.345720,0.763348,-0.007071,-0.045233,-0.719607,0.692871,0.057217,-0.116278,0.043249,0.393986,-0.361421,0.068965,-0.457167,-0.135000,-0.136080,0.674911,-0.057730,0.022852,-0.066895,-0.095680,0.287367,-0.118769,0.175200,-0.466965,1.196152,-0.096337,-0.011447,0.171824,-0.052042,-0.157585,0.350819,1.242802,0.189050,0.057016,-0.034183
0.056244,1.351529,0.764599,-0.007517,-0.043509,-0.720729,0.691809,0.046492,-0.111642,0.046243,0.392874,-0.352190,0.066134,-0.452804,-0.139546,-0.145202,0.719746,-0.077616,0.012959,-0.068171,-0.092858,0.283373,-0.121770,0.175871,-0.465775,1.192546,-0.095791,-0.011844,0.170643,-0.043819,-0.156063,0.351652,1.246058,0.187203,0.058324,-0.035903
0.056546,1.357334,0.765697,-0.007959,-0.041881,-0.721700,0.690892,0.035941,-0.107217,0.048707,0.392000,-0.343327,0.063400,-0.446924,-0.143191,-0.151675,0.761937,-0.096261,0.004750,-0.069630,-0.090239,0.279373,-0.124540,0.176618,-0.464567,1.188872,-0.094852,-0.012118,0.169644,-0.035210,-0.154419,0.351136,1.248788,0.185545,0.059624,-0.036982
0.056757,1.363122,0.766748,-0.008428,-0.040323,-0.722499,0.690144,0.025589,-0.102954,0.050504,0.391437,-0.335014,0.060949,-0.439565,-0.145584,-0.155426,0.801631,-0.113478,-0.001423,-0.071428,-0.087718,0.275374,-0.126939,0.177428,-0.463144,1.184957,-0.093142,-0.012183,0.168810,-0.026095,-0.152619,0.348843,1.250800,0.184155,0.061083,-0.037102
0.056948,1.368698,0.767733,-0.008879,-0.038813,-0.723139,0.689554,0.015415,-0.098755,0.051695,0.390955,-0.326995,0.058514,-0.431091,-0.146900,-0.156771,0.839692,-0.129341,-0.006332,-0.073467,-0.085269,0.271253,-0.129087,0.178297,-0.461715,1.181000,-0.090864,-0.012091,0.168010,-0.016447,-0.150645,0.345003,1.252166,0.183037,0.062565,-0.036652
0.057039,1.374238,0.768629,-0.009286,-0.037390,-0.723675,0.689065,0.005319,-0.094752,0.052589,0.390624,-0.319094,0.055847,-0.421470,-0.147250,-0.155993,0.875442,-0.144136,-0.009916,-0.075525,-0.083064,0.267074,-0.131168,0.179221,-0.460431,1.177203,-0.088667,-0.012005,0.167371,-0.006584,-0.148524,0.340579,1.253227,0.182097,0.063804,-0.036048
0.057017,1.379735,0.769432,-0.009598,-0.036125,-0.724157,0.688621,-0.004821,-0.091080,0.053493,0.390530,-0.311146,0.052702,-0.410663,-0.146776,-0.153362,0.908190,-0.158155,-0.012120,-0.077413,-0.081285,0.262899,-0.133347,0.180206,-0.459419,1.173738,-0.087192,-0.012078,0.167017,0.003172,-0.146325,0.336535,1.254325,0.181216,0.064537,-0.035713
0.056987,1.385222,0.770172,-0.009801,-0.035081,-0.724627,0.688178,-0.014866,-0.087801,0.054590,0.390517,-0.302987,0.048752,-0.398586,-0.145244,-0.148457,0.937825,-0.171589,-0.012403,-0.079070,-0.080039,0.258789,-0.135623,0.181270,-0.458696,1.170582,-0.086707,-0.012371,0.167059,0.012832,-0.144093,0.333010,1.255448,0.180304,0.064581,-0.035748
0.056930,1.390707,0.770763,-0.009926,-0.034201,-0.725053,0.687772,-0.024826,-0.084832,0.055691,0.390624,-0.294769,0.044204,-0.385320,-0.142586,-0.141410,0.964774,-0.184264,-0.010908,-0.080629,-0.079189,0.254707,-0.137894,0.182423,-0.458173,1.167610,-0.086843,-0.012792,0.167396,0.022558,-0.141820,0.329549,1.256390,0.179439,0.064125,-0.035922
0.056810,1.396243,0.771221,-0.009982,-0.033380,-0.725371,0.687475,-0.034988,-0.082088,0.056544,0.391123,-0.286745,0.039621,-0.371088,-0.139243,-0.133270,0.989179,-0.195916,-0.008629,-0.082179,-0.078569,0.250557,-0.140152,0.183632,-0.457781,1.164839,-0.087221,-0.013244,0.167839,0.032230,-0.139527,0.326274,1.257257,0.178831,0.063444,-0.036166
0.056763,1.401721,0.771623,-0.009956,-0.032534,-0.725522,0.687357,-0.045632,-0.079502,0.056903,0.392289,-0.279161,0.035577,-0.356044,-0.135658,-0.125065,1.011021,-0.206279,-0.006576,-0.083835,-0.077994,0.246254,-0.142435,0.184843,-0.457450,1.162408,-0.087503,-0.013711,0.168191,0.041748,-0.137233,0.323311,1.258115,0.178677,0.062819,-0.036405
0.056649,1.407231,0.771944,-0.009844,-0.031604,-0.725449,0.687479,-0.056977,-0.077084,0.056649,0.394369,-0.272178,0.032287,-0.340306,-0.131753,-0.116721,1.030442,-0.214965,-0.004908,-0.085704,-0.077413,0.241707,-0.144782,0.186020,-0.457199,1.160348,-0.087618,-0.014140,0.168477,0.051185,-0.134961,0.320732,1.258922,0.179324,0.062194,-0.036719
0.056414,1.412608,0.772227,-0.009650,-0.030651,-0.725197,0.687791,-0.068836,-0.074884,0.055946,0.397171,-0.265629,0.029435,-0.323748,-0.127345,-0.107827,1.047389,-0.222222,-0.003116,-0.087704,-0.076904,0.236983,-0.147198,0.187155,-0.457058,1.158651,-0.087751,-0.014575,0.168778,0.060572,-0.132724,0.318454,1.259646,0.180575,0.061464,-0.037116
0.056175,1.417988,0.772346,-0.009405,-0.029745,-0.724857,0.688193,-0.080852,-0.072905,0.054971,0.400254,-0.259226,0.026800,-0.306242,-0.122757,-0.098846,1.061674,-0.228670,-0.001227,-0.089664,-0.076481,0.232233,-0.149632,0.188229,-0.456930,1.157264,-0.087856,-0.015044,0.169002,0.069745,-0.130522,0.316369,1.260398,0.181806,0.060836,-0.037400
0.055935,1.423431,0.772439,-0.009149,-0.028943,-0.724517,0.688588,-0.092684,-0.071145,0.053903,0.403219,-0.252711,0.024164,-0.287671,-0.118333,-0.090223,1.073104,-0.234937,0.000718,-0.091414,-0.076165,0.227591,-0.152019,0.189218,-0.456694,1.156132,-0.087869,-0.015575,0.169053,0.078548,-0.128348,0.314356,1.261282,0.182379,0.060520,-0.037383
0.055645,1.428819,0.772456,-0.008875,-0.028307,-0.724169,0.688984,-0.104206,-0.069723,0.052753,0.405953,-0.246025,0.021475,-0.267789,-0.114397,-0.082162,1.081641,-0.240975,0.002683,-0.092973,-0.076050,0.223107,-0.154391,0.190101,-0.456328,1.155369,-0.087803,-0.016277,0.168795,0.086965,-0.126205,0.312449,1.262283,0.181923,0.060726,-0.036916
0.055333,1.434171,0.772402,-0.008572,-0.027792,-0.723778,0.689420,-0.115600,-0.068620,0.051450,0.408644,-0.239288,0.018861,-0.246756,-0.110740,-0.074373,1.087403,-0.246522,0.004669,-0.094410,-0.076099,0.218697,-0.156787,0.190873,-0.455890,1.154995,-0.087674,-0.017105,0.168317,0.095075,-0.124103,0.310677,1.263364,0.180840,0.061290,-0.036136
0.054975,1.439589,0.772281,-0.008252,-0.027301,-0.723387,0.689854,-0.127060,-0.067621,0.050053,0.411483,-0.232564,0.016362,-0.225041,-0.106905,-0.066562,1.090417,-0.251862,0.006683,-0.095621,-0.076133,0.214304,-0.159161,0.191541,-0.455405,1.154825,-0.087450,-0.017857,0.167877,0.102833,-0.122042,0.308946,1.264637,0.179680,0.061852,-0.035285
0.054698,1.445017,0.772121,-0.007912,-0.026758,-0.723044,0.690238,-0.138771,-0.066507,0.048613,0.414631,-0.225914,0.014017,-0.203111,-0.102424,-0.058438,1.090717,-0.257299,0.008719,-0.096504,-0.075986,0.209870,-0.161463,0.192115,-0.454876,1.154666,-0.087071,-0.018326,0.167729,0.110187,-0.120020,0.307150,1.266216,0.178977,0.062051,-0.034606
0.054298,1.450437,0.771887,-0.007509,-0.026133,-0.722748,0.690577,-0.150916,-0.065342,0.047074,0.418235,-0.219370,0.011944,-0.181088,-0.097274,-0.049887,1.088424,-0.263068,0.010462,-0.097029,-0.075687,0.205279,-0.163720,0.192598,-0.454382,1.154496,-0.086396,-0.018341,0.167990,0.117189,-0.118014,0.305189,1.268138,0.178850,0.061698,-0.034239
0.053889,1.455807,0.771646,-0.007051,-0.025477,-0.722477,0.690889,-0.163309,-0.064206,0.045434,0.422082,-0.212838,0.010088,-0.158719,-0.091689,-0.041058,1.083508,-0.268961,0.011968,-0.097244,-0.075314,0.200592,-0.165955,0.192992,-0.453910,1.154418,-0.085508,-0.018046,0.168508,0.123832,-0.116028,0.303133,1.270362,0.179022,0.061012,-0.034037
0.053422,1.461244,0.771357,-0.006642,-0.024805,-0.722251,0.691155,-0.175764,-0.062916,0.043820,0.426149,-0.206392,0.008234,-0.135953,-0.085631,-0.032044,1.075827,-0.274649,0.013778,-0.097174,-0.074766,0.196018,-0.168075,0.193301,-0.453306,1.154373,-0.084672,-0.017724,0.169135,0.130005,-0.114086,0.301145,1.272845,0.179429,0.060256,-0.033795
0.053018,1.466738,0.770988,-0.006377,-0.024136,-0.722085,0.691354,-0.188104,-0.061272,0.042352,0.430429,-0.200100,0.006163,-0.112744,-0.079058,-0.022930,1.065247,-0.279807,0.016441,-0.096853,-0.073935,0.191764,-0.169991,0.193538,-0.452430,1.154295,-0.084181,-0.017656,0.169721,0.135586,-0.112235,0.299408,1.275540,0.180027,0.059688,-0.033317
0.052510,1.472239,0.770572,-0.006292,-0.023474,-0.721967,0.691500,-0.200260,-0.059261,0.041034,0.434929,-0.194016,0.003788,-0.088761,-0.071839,-0.013627,1.051415,-0.285045,0.020189,-0.096305,-0.072809,0.187860,-0.171714,0.193722,-0.451292,1.154262,-0.084164,-0.017959,0.170147,0.140620,-0.110506,0.297899,1.278459,0.180848,0.059368,-0.032567
0.051965,1.477688,0.770123,-0.006327,-0.022809,-0.721894,0.691598,-0.212361,-0.056973,0.039805,0.439674,-0.188101,0.001239,-0.064139,-0.064099,-0.004070,1.034530,-0.290333,0.024632,-0.095588,-0.071254,0.184280,-0.173148,0.193810,-0.449875,1.154023,-0.084477,-0.018471,0.170484,0.145402,-0.109323,0.296636,1.281160,0.181969,0.059219,-0.031520
0.051442,1.483238,0.769639,-0.006456,-0.022133,-0.721900,0.691614,-0.224431,-0.054389,0.038687,0.444566,-0.182233,-0.001372,-0.039488,-0.056194,0.005633,1.015219,-0.294338,0.029436,-0.094511,-0.069708,0.180857,-0.174485,0.193881,-0.448229,1.153900,-0.084894,-0.019041,0.170986,0.149214,-0.107686,0.295541,1.284624,0.183169,0.059083,-0.030463
0.050883,1.488888,0.769087,-0.006673,-0.021405,-0.722016,0.691513,-0.236543,-0.051468,0.037693,0.449564,-0.176324,-0.003936,-0.015452,-0.048424,0.015371,0.994144,-0.295747,0.034327,-0.093161,-0.067794,0.177765,-0.175377,0.193879,-0.446185,1.153146,-0.085323,-0.019519,0.171765,0.152519,-0.106553,0.294827,1.287809,0.184498,0.059064,-0.029135
0.050318,1.494539,0.768514,-0.006999,-0.020644,-0.722228,0.691312,-0.248641,-0.048228,0.036769,0.454681,-0.170389,-0.006314,0.008165,-0.040593,0.025354,0.970917,-0.293398,0.039922,-0.091600,-0.065664,0.174916,-0.175864,0.193780,-0.443667,1.151935,-0.085723,-0.019834,0.173045,0.154968,-0.105472,0.294545,1.291292,0.185983,0.059169,-0.027595
0.049720,1.500205,0.767891,-0.007426,-0.019857,-0.722525,0.691020,-0.260777,-0.044665,0.035915,0.460045,-0.164470,-0.008599,0.031569,-0.032619,0.035624,0.945432,-0.288259,0.046186,-0.089724,-0.063167,0.172393,-0.175951,0.193617,-0.440914,1.150162,-0.086285,-0.020068,0.174654,0.156945,-0.104834,0.294515,1.294592,0.187649,0.059436,-0.025740
0.049124,1.506009,0.767228,-0.007910,-0.019006,-0.722947,0.690596,-0.273017,-0.040727,0.035221,0.465462,-0.158506,-0.011026,0.054217,-0.024944,0.045776,0.918578,-0.282232,0.051912,-0.087375,-0.060411,0.170142,-0.175778,0.193428,-0.437961,1.148022,-0.086863,-0.020325,0.176285,0.158406,-0.104464,0.294657,1.297702,0.189287,0.059703,-0.023767
0.048520,1.511906,0.766500,-0.008386,-0.018072,-0.723534,0.690001,-0.285501,-0.036360,0.034773,0.470908,-0.152488,-0.013833,0.075520,-0.018003,0.055345,0.891300,-0.277222,0.055893,-0.084972,-0.057534,0.168059,-0.175385,0.193089,-0.433941,1.145853,-0.086920,-0.020737,0.177619,0.158808,-0.104121,0.295496,1.301121,0.190817,0.059778,-0.021982
0.047866,1.517889,0.765726,-0.008889,-0.017059,-0.724276,0.689242,-0.298099,-0.031554,0.034547,0.476283,-0.146442,-0.017230,0.095570,-0.011599,0.064491,0.863405,-0.273301,0.058063,-0.081995,-0.054419,0.166226,-0.174861,0.192725,-0.429692,1.143568,-0.086827,-0.021337,0.178485,0.158806,-0.104000,0.296368,1.304216,0.192116,0.059523,-0.020245
0.047242,1.523952,0.764893,-0.009425,-0.015984,-0.725155,0.688335,-0.310828,-0.026319,0.034482,0.481736,-0.140428,-0.021049,0.114577,-0.005534,0.073327,0.834582,-0.269626,0.059033,-0.078779,-0.051038,0.164622,-0.174063,0.192260,-0.424786,1.141086,-0.086475,-0.022073,0.179066,0.158151,-0.104135,0.297633,1.307240,0.193342,0.059060,-0.018516
0.046584,1.530158,0.764004,-0.009939,-0.014799,-0.726205,0.687248,-0.323919,-0.020642,0.034620,0.487258,-0.134263,-0.024944,0.132138,-0.000192,0.081250,0.805483,-0.266626,0.058618,-0.075101,-0.047456,0.163265,-0.173065,0.191743,-0.419498,1.138208,-0.085945,-0.022845,0.179621,0.156804,-0.104600,0.299299,1.310000,0.194451,0.058704,-0.016821
0.045851,1.536405,0.763048,-0.010358,-0.013474,-0.727454,0.685946,-0.337618,-0.014504,0.035000,0.492889,-0.127806,-0.028562,0.147819,0.004076,0.087638,0.776795,-0.264760,0.056643,-0.070827,-0.043803,0.162141,-0.171902,0.191252,-0.413963,1.134750,-0.085244,-0.023553,0.180399,0.154555,-0.105287,0.301470,1.312529,0.195400,0.058745,-0.015248
0.045139,1.542820,0.762043,-0.010696,-0.011947,-0.728905,0.684428,-0.352008,-0.007838,0.035547,0.498664,-0.121254,-0.032128,0.161531,0.007182,0.092140,0.748703,-0.263408,0.052994,-0.066482,-0.039871,0.161137,-0.170243,0.190592,-0.407269,1.130464,-0.083810,-0.024148,0.181527,0.151265,-0.106526,0.304861,1.314806,0.197081,0.059228,-0.013776
0.044385,1.549400,0.760954,-0.010981,-0.010254,-0.730538,0.682707,-0.366940,-0.000675,0.036240,0.504520,-0.114580,-0.035703,0.173498,0.009482,0.095058,0.720823,-0.262606,0.047895,-0.061608,-0.035715,0.160308,-0.168315,0.189871,-0.400140,1.125529,-0.081988,-0.024671,0.182859,0.147174,-0.108068,0.308778,1.316787,0.199082,0.059988,-0.012376
0.043669,1.556196,0.759777,-0.011187,-0.008478,-0.732357,0.680777,-0.382426,0.006885,0.037198,0.510535,-0.107389,-0.038661,0.183726,0.011303,0.096758,0.693009,-0.263798,0.041656,-0.056374,-0.031496,0.159815,-0.166330,0.189115,-0.392713,1.120311,-0.080333,-0.025254,0.184189,0.142141,-0.109934,0.313323,1.318583,0.200077,0.061120,-0.011082
0.042965,1.563148,0.758483,-0.011285,-0.006705,-0.734366,0.678627,-0.398426,0.014738,0.038551,0.516704,-0.099242,-0.040383,0.192215,0.012912,0.097655,0.665103,-0.268392,0.034535,-0.050813,-0.027380,0.159833,-0.164529,0.188387,-0.385321,1.115142,-0.079477,-0.026028,0.185313,0.136103,-0.112156,0.318436,1.320227,0.198684,0.062718,-0.009905
0.042229,1.570269,0.757100,-0.011039,-0.004855,-0.736626,0.676193,-0.415826,0.022787,0.040676,0.523669,-0.090046,-0.040033,0.198415,0.013901,0.097669,0.636472,-0.276928,0.024973,-0.044800,-0.023512,0.159996,-0.162861,0.187714,-0.377778,1.109784,-0.079565,-0.027031,0.186137,0.129108,-0.114702,0.323612,1.321328,0.193499,0.065183,-0.008965
0.041584,1.577534,0.755668,-0.010548,-0.002908,-0.739110,0.673495,-0.434341,0.031152,0.043354,0.531199,-0.080031,-0.038173,0.202486,0.014396,0.096687,0.607459,-0.288667,0.013368,-0.038360,-0.019753,0.160349,-0.161227,0.187089,-0.370021,1.104144,-0.080289,-0.028191,0.186779,0.121155,-0.117561,0.329058,1.322017,0.185605,0.068334,-0.008194
0.040879,1.585044,0.754186,-0.010290,-0.001028,-0.741691,0.670662,-0.452189,0.040051,0.045910,0.537955,-0.069219,-0.036156,0.205548,0.015285,0.095134,0.579166,-0.302913,0.002834,-0.031779,-0.015818,0.161695,-0.159722,0.186526,-0.362505,1.098683,-0.081565,-0.029469,0.187332,0.112176,-0.120753,0.335805,1.322997,0.177343,0.071403,-0.007312
0.040203,1.592718,0.752790,-0.010734,0.000612,-0.744247,0.667818,-0.467598,0.049610,0.047685,0.542594,-0.057619,-0.035422,0.208779,0.017305,0.093407,0.552501,-0.318824,-0.003547,-0.025356,-0.011445,0.164842,-0.158429,0.186063,-0.355699,1.093831,-0.083351,-0.030828,0.187880,0.102110,-0.124285,0.344925,1.324913,0.171083,0.073633,-0.006051
0.039486,1.600547,0.751499,-0.012023,0.001839,-0.746826,0.664908,-0.480215,0.059912,0.048753,0.545377,-0.045516,-0.036244,0.213003,0.020112,0.090948,0.526652,-0.337643,-0.003871,-0.018981,-0.006639,0.170377,-0.157499,0.185781,-0.349678,1.089415,-0.085879,-0.032294,0.188291,0.090695,-0.128174,0.357215,1.328077,0.166825,0.074762,-0.004024
0.038704,1.608401,0.750282,-0.013866,0.002761,-0.749470,0.661887,-0.490954,0.070777,0.049476,0.546765,-0.032785,-0.037884,0.217529,0.023240,0.087707,0.501040,-0.359083,-0.000209,-0.012616,-0.001559,0.177742,-0.156750,0.185720,-0.344163,1.085182,-0.089112,-0.033873,0.188542,0.078018,-0.132369,0.372014,1.332013,0.163545,0.075226,-0.001466
0.037933,1.616481,0.749149,-0.016056,0.003599,-0.752064,0.658885,-0.499961,0.081898,0.049600,0.545731,-0.018783,-0.040356,0.221056,0.027202,0.084867,0.477356,-0.380080,0.004513,-0.006601,0.003788,0.186020,-0.155810,0.185812,-0.339088,1.081485,-0.092521,-0.035476,0.188907,0.064509,-0.136740,0.388135,1.336251,0.162066,0.075312,0.000925
0.037161,1.624638,0.748187,-0.018394,0.004573,-0.754484,0.656045,-0.507427,0.093006,0.048829,0.541367,-0.002929,-0.043659,0.222252,0.032594,0.083738,0.457515,-0.397758,0.007335,-0.001239,0.009411,0.194295,-0.154437,0.185923,-0.334452,1.078887,-0.095599,-0.037075,0.189681,0.050615,-0.141130,0.404353,1.340372,0.163210,0.075302,0.002428
0.036353,1.632780,0.747368,-0.021002,0.005686,-0.756659,0.653448,-0.513053,0.104200,0.046857,0.533536,0.014421,-0.047749,0.220794,0.039882,0.085091,0.442424,-0.411738,0.007602,0.003301,0.015424,0.202688,-0.152803,0.185986,-0.330501,1.077768,-0.098669,-0.038919,0.191236,0.036140,-0.145499,0.421095,1.344819,0.167893,0.074901,0.002711
0.035449,1.640990,0.746757,-0.023941,0.006844,-0.758661,0.651010,-0.516897,0.115551,0.043872,0.522779,0.033083,-0.052690,0.217263,0.048631,0.088123,0.431213,-0.423592,0.006780,0.007236,0.021804,0.211561,-0.151070,0.185999,-0.327220,1.077875,-0.101836,-0.040932,0.193350,0.020901,-0.149811,0.438691,1.349737,0.175443,0.074029,0.002195
0.034552,1.649110,0.746351,-0.026909,0.008112,-0.760578,0.648637,-0.519636,0.126813,0.040197,0.509216,0.053866,-0.058696,0.211714,0.058216,0.091855,0.423178,-0.433403,0.005085,0.010865,0.028330,0.220323,-0.149061,0.185916,-0.324246,1.078970,-0.104268,-0.042622,0.195453,0.005370,-0.153986,0.455708,1.354226,0.184216,0.073425,0.001221
0.033692,1.657323,0.746144,-0.029639,0.009584,-0.762505,0.646233,-0.521893,0.137790,0.036138,0.492938,0.077572,-0.065952,0.204233,0.068008,0.095289,0.417506,-0.441206,0.002772,0.014565,0.034792,0.228370,-0.146666,0.185647,-0.321305,1.080871,-0.105152,-0.043483,0.196998,-0.010002,-0.157918,0.470613,1.357627,0.192529,0.073690,0.000132
0.032822,1.665608,0.746078,-0.031937,0.011362,-0.764585,0.643631,-0.524435,0.149005,0.032110,0.474141,0.105595,-0.072369,0.193572,0.078036,0.098655,0.415427,-0.446845,-0.000151,0.018788,0.041159,0.235484,-0.144167,0.185106,-0.318369,1.083876,-0.103777,-0.043272,0.197988,-0.025612,-0.161622,0.483519,1.360129,0.201372,0.075239,-0.001111
0.031949,1.673898,0.746166,-0.034002,0.013386,-0.766718,0.640944,-0.526720,0.160501,0.027652,0.452866,0.136955,-0.078639,0.180063,0.088569,0.102198,0.416924,-0.450357,-0.003694,0.023224,0.047537,0.241972,-0.141612,0.184275,-0.315616,1.088104,-0.100735,-0.042302,0.198696,-0.041534,-0.165132,0.495021,1.362095,0.211144,0.077625,-0.002682
0.031049,1.682138,0.746390,-0.036096,0.015446,-0.768634,0.638483,-0.527355,0.171335,0.021620,0.428943,0.168965,-0.089230,0.166191,0.099352,0.104981,0.419308,-0.452064,-0.007657,0.027172,0.053890,0.248008,-0.138536,0.183190,-0.313085,1.093126,-0.097155,-0.040884,0.198973,-0.056857,-0.168393,0.504327,1.363200,0.219300,0.080199,-0.004456
0.030153,1.690199,0.746664,-0.038504,0.017325,-0.770087,0.636540,-0.524645,0.180547,0.012828,0.401706,0.199001,-0.108647,0.154535,0.110161,0.106178,0.419839,-0.452292,-0.011909,0.030026,0.060193,0.253796,-0.134489,0.181916,-0.310899,1.098529,-0.094224,-0.039329,0.198679,-0.070656,-0.171305,0.510606,1.363161,0.223294,0.082310,-0.006298
0.029233,1.697991,0.746909,-0.041558,0.019176,-0.771130,0.635030,-0.515992,0.188185,-0.001110,0.365215,0.230136,-0.143642,0.145860,0.121805,0.105700,0.417969,-0.450640,-0.016664,0.031883,0.066984,0.259359,-0.129013,0.180465,-0.308805,1.104270,-0.091852,-0.037524,0.197665,-0.082700,-0.173833,0.513325,1.362087,0.221114,0.083735,-0.008184
0.028203,1.705567,0.747071,-0.045153,0.021061,-0.771912,0.633774,-0.501995,0.195365,-0.019218,0.320485,0.262171,-0.190075,0.139121,0.134393,0.104122,0.414801,-0.446953,-0.021940,0.033165,0.074294,0.264740,-0.122416,0.178831,-0.306850,1.110540,-0.089565,-0.035365,0.196047,-0.093522,-0.176036,0.513007,1.360247,0.214531,0.084838,-0.010177
0.027174,1.712854,0.747249,-0.048916,0.022679,-0.772311,0.632953,-0.486205,0.202407,-0.036903,0.277660,0.287920,-0.235806,0.134031,0.146593,0.101632,0.410279,-0.442056,-0.027376,0.033697,0.081239,0.270125,-0.115364,0.177078,-0.305563,1.117257,-0.087917,-0.033177,0.194087,-0.103376,-0.177955,0.510414,1.357597,0.206707,0.085846,-0.012266
0.026195,1.719978,0.747533,-0.052182,0.023621,-0.772126,0.632883,-0.473639,0.208444,-0.046991,0.248695,0.300612,-0.261800,0.129817,0.156491,0.098138,0.404715,-0.436991,-0.032473,0.033087,0.086513,0.275481,-0.108571,0.175337,-0.305527,1.124359,-0.087497,-0.031314,0.192035,-0.112480,-0.179581,0.506270,1.353988,0.200820,0.086982,-0.014449
0.025315,1.727041,0.747964,-0.054261,0.023142,-0.771027,0.634065,-0.464569,0.209862,-0.047033,0.234023,0.299545,-0.261800,0.125631,0.161482,0.092709,0.400191,-0.433722,-0.036756,0.030221,0.087903,0.280879,-0.101933,0.173731,-0.306751,1.131562,-0.088956,-0.029801,0.189737,-0.120841,-0.180884,0.500330,1.349169,0.196826,0.088722,-0.016774
0.024357,1.734050,0.748540,-0.056044,0.022320,-0.769382,0.635934,-0.459236,0.209163,-0.047109,0.232255,0.286462,-0.261800,0.122909,0.165360,0.086269,0.393256,-0.429440,-0.041190,0.026222,0.087991,0.286009,-0.095143,0.172325,-0.308969,1.138941,-0.091832,-0.028478,0.187108,-0.128356,-0.181854,0.492324,1.343272,0.193332,0.090804,-0.019236
0.023356,1.741065,0.749270,-0.057570,0.021441,-0.767343,0.638287,-0.457789,0.208162,-0.044538,0.243013,0.264442,-0.261800,0.120567,0.168659,0.079036,0.385031,-0.423858,-0.045651,0.021691,0.087417,0.290596,-0.088523,0.171122,-0.312381,1.146746,-0.095069,-0.027282,0.184528,-0.135061,-0.182514,0.482914,1.336642,0.191465,0.092362,-0.021779
0.022342,1.748046,0.750196,-0.058855,0.020665,-0.765053,0.640940,-0.459721,0.208790,-0.036364,0.265101,0.236858,-0.261800,0.117486,0.171689,0.071187,0.377091,-0.416986,-0.049966,0.017165,0.086684,0.294495,-0.082391,0.170071,-0.317155,1.155242,-0.097596,-0.026158,0.182385,-0.141098,-0.182934,0.472809,1.329872,0.192370,0.092391,-0.024317
0.021246,1.755000,0.751181,-0.059985,0.019874,-0.762353,0.644068,-0.464905,0.212409,-0.020055,0.299905,0.201818,-0.261800,0.113789,0.174369,0.062305,0.369892,-0.408834,-0.054197,0.012312,0.085712,0.298008,-0.077007,0.169180,-0.323789,1.164758,-0.099469,-0.025337,0.180532,-0.146355,-0.183139,0.461909,1.322781,0.197537,0.090457,-0.026780
0.020296,1.761951,0.752262,-0.060482,0.018358,-0.759013,0.648000,-0.471096,0.216820,0.008597,0.343597,0.160024,-0.241112,0.108809,0.174386,0.051730,0.365878,-0.401479,-0.057780,0.006367,0.082946,0.301342,-0.072138,0.168422,-0.332057,1.175059,-0.101157,-0.024759,0.178851,-0.150770,-0.183168,0.449932,1.315178,0.205947,0.087106,-0.029181
0.019359,1.768746,0.753399,-0.060742,0.016736,-0.755609,0.651986,-0.477043,0.222955,0.041001,0.392359,0.115599,-0.212523,0.103291,0.173607,0.041138,0.362732,-0.393774,-0.061002,0.000840,0.079887,0.304162,-0.067361,0.167670,-0.341015,1.185611,-0.102183,-0.023953,0.177751,-0.154445,-0.183119,0.437393,1.307325,0.215008,0.082993,-0.031595
0.018518,1.775439,0.754634,-0.060667,0.015161,-0.752523,0.655591,-0.481144,0.229373,0.071368,0.440755,0.074409,-0.185246,0.096780,0.172183,0.031477,0.360484,-0.386005,-0.063741,-0.003489,0.076798,0.306075,-0.062255,0.166726,-0.349647,1.195889,-0.102030,-0.022461,0.177654,-0.157483,-0.183094,0.424848,1.299419,0.222148,0.078794,-0.034126
0.017830,1.782117,0.755932,-0.060106,0.013655,-0.749758,0.658835,-0.483730,0.236088,0.101473,0.489378,0.037066,-0.157796,0.088802,0.169749,0.022753,0.359426,-0.378116,-0.065864,-0.006676,0.073625,0.306852,-0.056966,0.165427,-0.358386,1.206182,-0.100286,-0.020044,0.179189,-0.159779,-0.183164,0.412164,1.291267,0.226337,0.074507,-0.037062
0.017191,1.788637,0.757274,-0.059144,0.012139,-0.747149,0.661909,-0.485101,0.243889,0.132798,0.540232,0.000670,-0.128245,0.079697,0.166362,0.014578,0.359419,-0.369957,-0.067510,-0.009059,0.070372,0.306723,-0.051726,0.163739,-0.367534,1.216775,-0.097289,-0.016995,0.181982,-0.161292,-0.183362,0.399168,1.282791,0.229087,0.069857,-0.040266
0.016637,1.795000,0.758622,-0.057977,0.010641,-0.744794,0.664685,-0.484676,0.251356,0.161008,0.590738,-0.033609,-0.100402,0.069986,0.162552,0.007167,0.360068,-0.361777,-0.068861,-0.010445,0.067230,0.305897,-0.046206,0.161685,-0.375837,1.227082,-0.093635,-0.013658,0.184937,-0.162269,-0.183685,0.386381,1.274379,0.231616,0.065109,-0.043239
0.016122,1.801278,0.759901,-0.056790,0.009190,-0.742784,0.667055,-0.482399,0.256661,0.182009,0.638664,-0.064243,-0.078189,0.060143,0.158808,0.000694,0.361002,-0.353838,-0.070070,-0.010759,0.064318,0.304560,-0.040011,0.159336,-0.381959,1.236464,-0.089921,-0.010392,0.186949,-0.163042,-0.184093,0.374426,1.266491,0.235162,0.060520,-0.045485
0.015691,1.807561,0.761086,-0.055457,0.007778,-0.741242,0.668898,-0.478850,0.258697,0.195135,0.684180,-0.090308,-0.062757,0.049801,0.154914,-0.004509,0.362574,-0.346297,-0.070954,-0.009770,0.061407,0.302499,-0.032946,0.156673,-0.385442,1.244866,-0.085688,-0.007102,0.187927,-0.163703,-0.184525,0.363399,1.259300,0.240156,0.056027,-0.046998
0.015253,1.813743,0.762222,-0.053892,0.006385,-0.740080,0.670326,-0.474512,0.257962,0.202977,0.728653,-0.112429,-0.051998,0.038795,0.150616,-0.008634,0.364867,-0.338990,-0.071453,-0.007713,0.058420,0.299675,-0.025200,0.153676,-0.386937,1.252535,-0.080785,-0.003667,0.188373,-0.164171,-0.184928,0.353066,1.252602,0.245927,0.051539,-0.048011
0.014882,1.819797,0.763287,-0.052365,0.005061,-0.739058,0.671584,-0.469331,0.254967,0.206428,0.771701,-0.131242,-0.045058,0.027879,0.146364,-0.012347,0.367107,-0.331708,-0.071907,-0.005217,0.055657,0.296504,-0.016951,0.150468,-0.386788,1.259290,-0.076316,-0.000415,0.188104,-0.164603,-0.185317,0.343638,1.246442,0.252092,0.047248,-0.048384
0.014395,1.825694,0.764259,-0.051125,0.003835,-0.737940,0.672916,-0.463159,0.250437,0.206228,0.812945,-0.147505,-0.041038,0.017816,0.142635,-0.016339,0.368522,-0.324253,-0.072681,-0.002922,0.053432,0.293447,-0.008293,0.147253,-0.385294,1.264802,-0.073360,0.002331,0.186917,-0.165082,-0.185711,0.335316,1.240732,0.258256,0.043360,-0.047956
0.013995,1.831560,0.765166,-0.050265,0.002769,-0.736604,0.674448,-0.456338,0.243764,0.201024,0.852593,-0.160689,-0.041107,0.008780,0.139622,-0.021052,0.368832,-0.316549,-0.074009,-0.001054,0.051852,0.290626,0.000936,0.144157,-0.382101,1.268571,-0.072378,0.004615,0.184413,-0.165623,-0.186093,0.328071,1.235373,0.265095,0.039920,-0.046399
0.013576,1.837502,0.765939,-0.049629,0.001828,-0.735193,0.676036,-0.448880,0.234613,0.191205,0.890936,-0.170765,-0.045455,0.000332,0.137029,-0.026074,0.368532,-0.308747,-0.075652,0.000717,0.050662,0.287827,0.010815,0.141175,-0.377186,1.270776,-0.072756,0.006528,0.180782,-0.166166,-0.186433,0.321802,1.230371,0.272526,0.036841,-0.043879
0.013203,1.843392,0.766655,-0.049123,0.000899,-0.733863,0.677519,-0.440064,0.224389,0.179936,0.927678,-0.179207,-0.051558,-0.007675,0.134633,-0.030820,0.367963,-0.300958,-0.077277,0.002635,0.049662,0.284978,0.021199,0.138338,-0.371377,1.271883,-0.073961,0.008009,0.176725,-0.166731,-0.186771,0.316714,1.225851,0.279170,0.034114,-0.041013
0.012823,1.849037,0.767288,-0.048679,-0.000099,-0.732777,0.678725,-0.429176,0.214641,0.170237,0.962401,-0.187342,-0.056757,-0.015389,0.132225,-0.034687,0.367472,-0.293286,-0.078549,0.004977,0.048680,0.282041,0.031877,0.135680,-0.365530,1.272550,-0.075477,0.008846,0.172921,-0.167257,-0.187167,0.312964,1.221833,0.283613,0.031722,-0.038400
0.012503,1.854587,0.767853,-0.048295,-0.001337,-0.732065,0.679520,-0.415559,0.205194,0.162286,0.994812,-0.195237,-0.060887,-0.022517,0.129609,-0.037244,0.367115,-0.285844,-0.079203,0.008166,0.047585,0.279105,0.043073,0.133214,-0.359445,1.272528,-0.077944,0.008903,0.168952,-0.167604,-0.187748,0.310859,1.218334,0.285254,0.029644,-0.036096
0.012250,1.859961,0.768428,-0.048016,-0.002710,-0.731612,0.680023,-0.399735,0.195469,0.154627,1.025207,-0.202258,-0.065158,-0.029102,0.126963,-0.038892,0.366733,-0.278551,-0.079470,0.011964,0.046530,0.276189,0.054786,0.130906,-0.352834,1.271705,-0.081380,0.008230,0.164624,-0.167755,-0.188529,0.310211,1.215205,0.284936,0.027895,-0.033804
0.012111,1.865359,0.768991,-0.047798,-0.003946,-0.731226,0.680448,-0.382698,0.186564,0.147754,1.053748,-0.208594,-0.068831,-0.035762,0.124666,-0.040268,0.366346,-0.271231,-0.079760,0.015681,0.045756,0.273100,0.066578,0.128769,-0.346521,1.270578,-0.084402,0.007195,0.160995,-0.167918,-0.189393,0.310411,1.212373,0.283370,0.026492,-0.031618
0.012090,1.870769,0.769449,-0.047614,-0.004758,-0.730713,0.681005,-0.365440,0.179633,0.142138,1.080578,-0.214412,-0.071132,-0.043113,0.123092,-0.042021,0.365957,-0.263698,-0.080492,0.018672,0.045484,0.269640,0.077970,0.126850,-0.341333,1.269710,-0.085618,0.006107,0.159132,-0.168289,-0.190152,0.310729,1.209767,0.281176,0.025455,-0.029642
0.011974,1.876325,0.769696,-0.047501,-0.005030,-0.729989,0.681788,-0.348250,0.175542,0.137997,1.106172,-0.219704,-0.071566,-0.051266,0.122555,-0.044393,0.365500,-0.255854,-0.081930,0.020837,0.045788,0.265793,0.088932,0.125525,-0.337687,1.268972,-0.084035,0.004937,0.159572,-0.169047,-0.190609,0.310995,1.207480,0.277990,0.024914,-0.027904
0.011785,1.881940,0.769828,-0.047468,-0.004927,-0.729169,0.682668,-0.330586,0.173672,0.134959,1.130299,-0.224355,-0.070549,-0.059875,0.122800,-0.047036,0.364938,-0.247790,-0.083809,0.022313,0.046633,0.261621,0.099592,0.124390,-0.334830,1.268378,-0.080512,0.003530,0.161724,-0.170161,-0.190908,0.311792,1.205639,0.273678,0.024813,-0.026375
0.011465,1.887571,0.769914,-0.047407,-0.004604,-0.728359,0.683538,-0.312241,0.172927,0.132609,1.152071,-0.228388,-0.068639,-0.068921,0.123338,-0.049733,0.364417,-0.239658,-0.085771,0.023603,0.047577,0.257139,0.110072,0.123610,-0.332736,1.267843,-0.076808,0.002113,0.164778,-0.171306,-0.191020,0.312665,1.204111,0.269061,0.024823,-0.025046
0.011071,1.893095,0.769948,-0.047192,-0.004230,-0.727666,0.684293,-0.293009,0.172127,0.130542,1.170576,-0.231805,-0.066494,-0.078394,0.123684,-0.052251,0.364098,-0.231621,-0.087450,0.024834,0.048311,0.252336,0.120435,0.122935,-0.330960,1.267512,-0.074534,0.000866,0.167976,-0.172315,-0.191006,0.313588,1.202866,0.265044,0.024639,-0.023931
0.010720,1.898598,0.769949,-0.046843,-0.003797,-0.727154,0.684864,-0.272594,0.171764,0.129281,1.185793,-0.235020,-0.063747,-0.088178,0.123914,-0.054535,0.363795,-0.223673,-0.088925,0.026179,0.048898,0.247161,0.130693,0.122360,-0.329829,1.267453,-0.074285,-0.000212,0.171623,-0.173178,-0.190890,0.314605,1.201984,0.261661,0.024158,-0.023063
0.010506,1.904067,0.769894,-0.046414,-0.003228,-0.726753,0.685321,-0.251224,0.172205,0.128810,1.198154,-0.237881,-0.060241,-0.098308,0.124250,-0.056716,0.363473,-0.215729,-0.090345,0.027412,0.049516,0.241619,0.140764,0.121838,-0.329305,1.267702,-0.075103,-0.001223,0.175986,-0.174027,-0.190667,0.315829,1.201509,0.258501,0.023559,-0.022445
0.010466,1.909622,0.769767,-0.045825,-0.002606,-0.726371,0.685768,-0.229478,0.172039,0.127974,1.207478,-0.239569,-0.056866,-0.108982,0.124382,-0.058812,0.363539,-0.207849,-0.091447,0.028589,0.049932,0.235822,0.150514,0.121447,-0.328999,1.268210,-0.076445,-0.002120,0.180179,-0.174612,-0.190406,0.316775,1.201098,0.255778,0.022947,-0.021958
0.010458,1.915125,0.769590,-0.045018,-0.001986,-0.725916,0.686305,-0.207963,0.169828,0.125598,1.213590,-0.239250,-0.054583,-0.120411,0.123993,-0.060830,0.364376,-0.200065,-0.091963,0.029655,0.049946,0.229874,0.159804,0.121164,-0.328415,1.268979,-0.077757,-0.002859,0.183328,-0.174736,-0.190178,0.317095,1.200452,0.253742,0.022430,-0.021502
0.010383,1.920613,0.769387,-0.043926,-0.001314,-0.725390,0.686934,-0.186852,0.165573,0.121652,1.216507,-0.236564,-0.053438,-0.132828,0.123086,-0.062583,0.366034,-0.192258,-0.091712,0.030288,0.049510,0.223502,0.168706,0.120747,-0.326983,1.270263,-0.079162,-0.003523,0.185218,-0.174740,-0.189772,0.317218,1.200038,0.252711,0.021992,-0.021227
0.010287,1.926030,0.769204,-0.042593,-0.000587,-0.724831,0.687608,-0.165859,0.159907,0.116639,1.216368,-0.232011,-0.053006,-0.146065,0.121799,-0.064103,0.368312,-0.184440,-0.090862,0.030576,0.048742,0.216752,0.177149,0.120179,-0.324997,1.272127,-0.080799,-0.004116,0.186328,-0.174769,-0.189137,0.317130,1.200036,0.252420,0.021571,-0.021126
0.010229,1.931703,0.768895,-0.041135,0.000075,-0.724201,0.688361,-0.144860,0.152350,0.110177,1.213194,-0.226074,-0.053513,-0.159761,0.119966,-0.065716,0.371300,-0.176871,-0.089660,0.030739,0.047653,0.210054,0.185167,0.119706,-0.323142,1.274105,-0.082222,-0.004470,0.186899,-0.174301,-0.188615,0.316485,1.199734,0.252490,0.021222,-0.021013
0.010272,1.937371,0.768533,-0.039642,0.000524,-0.723463,0.689224,-0.123705,0.142442,0.101866,1.206997,-0.219246,-0.055182,-0.173524,0.117424,-0.067740,0.375033,-0.169795,-0.088358,0.030253,0.046146,0.203638,0.192715,0.118964,-0.321108,1.276332,-0.082628,-0.004486,0.187365,-0.173904,-0.187823,0.315666,1.199815,0.252509,0.020874,-0.020933
0.010454,1.943028,0.768137,-0.038079,0.000699,-0.722591,0.690226,-0.102357,0.129627,0.091187,1.197726,-0.210811,-0.057941,-0.187336,0.113963,-0.070349,0.379631,-0.163381,-0.086852,0.029496,0.044238,0.197670,0.200079,0.118405,-0.319496,1.278115,-0.081825,-0.004001,0.187625,-0.172794,-0.187370,0.314221,1.199221,0.252588,0.020738,-0.020584
0.010602,1.948656,0.767704,-0.036428,0.000697,-0.721611,0.691339,-0.080791,0.114374,0.078390,1.185428,-0.200857,-0.061664,-0.201373,0.109701,-0.073304,0.385041,-0.157466,-0.085053,0.028246,0.041966,0.191842,0.206948,0.117561,-0.317822,1.280216,-0.080079,-0.003172,0.187695,-0.171551,-0.186834,0.312420,1.198802,0.252800,0.020702,-0.020198
0.010764,1.954320,0.767220,-0.034762,0.000570,-0.720562,0.692518,-0.058921,0.097773,0.064202,1.170298,-0.191082,-0.066520,-0.215536,0.104998,-0.076320,0.391023,-0.151777,-0.083255,0.026754,0.039474,0.186432,0.213472,0.116956,-0.316333,1.282065,-0.078074,-0.002096,0.187312,-0.169783,-0.186543,0.310297,1.197869,0.253107,0.020613,-0.019798
0.010900,1.960068,0.766629,-0.033163,0.000375,-0.719482,0.693719,-0.036684,0.080945,0.049384,1.152538,-0.183200,-0.072604,-0.229730,0.100233,-0.079135,0.397341,-0.146048,-0.081765,0.025055,0.036971,0.181489,0.219060,0.116239,-0.314917,1.284389,-0.076294,-0.000983,0.186552,-0.167870,-0.186222,0.307856,1.196941,0.253152,0.020204,-0.019620
0.011075,1.965934,0.766007,-0.031596,0.000136,-0.718383,0.694930,-0.013859,0.063659,0.033641,1.131617,-0.177929,-0.080557,-0.244119,0.095422,-0.081665,0.404115,-0.140284,-0.080650,0.023154,0.034432,0.176919,0.223780,0.115375,-0.313370,1.287196,-0.074835,0.000190,0.185161,-0.165774,-0.185830,0.305052,1.196015,0.252720,0.019283,-0.019782
0.011288,1.971833,0.765320,-0.030048,-0.000169,-0.717245,0.696173,0.009530,0.045691,0.016632,1.107648,-0.174358,-0.089939,-0.258687,0.090417,-0.084061,0.411387,-0.134589,-0.079769,0.020975,0.031704,0.172800,0.228149,0.114828,-0.311755,1.289736,-0.073479,0.001533,0.183063,-0.163246,-0.185571,0.302053,1.194636,0.252172,0.018054,-0.020090
0.011496,1.977673,0.764595,-0.028600,-0.000575,-0.716054,0.697458,0.033122,0.028133,-0.000867,1.081740,-0.171651,-0.099200,-0.273025,0.085352,-0.086418,0.418664,-0.128767,-0.079120,0.018550,0.028964,0.169244,0.231705,0.114357,-0.310506,1.292518,-0.072202,0.002878,0.180920,-0.160564,-0.185304,0.298889,1.193171,0.251748,0.016791,-0.020465
0.011695,1.983684,0.763773,-0.027367,-0.001090,-0.714799,0.698793,0.056486,0.011934,-0.018066,1.055020,-0.168945,-0.106930,-0.286835,0.080326,-0.088863,0.425696,-0.122764,-0.078700,0.015877,0.026347,0.166397,0.234322,0.113968,-0.310097,1.295476,-0.071030,0.004217,0.179291,-0.157873,-0.185002,0.295774,1.191761,0.251867,0.015788,-0.020779
0.011878,1.989757,0.762910,-0.026430,-0.001727,-0.713489,0.700165,0.079848,-0.002823,-0.034834,1.027241,-0.165973,-0.113132,-0.299857,0.075464,-0.091422,0.432264,-0.116448,-0.078489,0.012905,0.023877,0.164379,0.236154,0.113750,-0.310599,1.298495,-0.069923,0.005598,0.178262,-0.155116,-0.184697,0.292806,1.190257,0.252928,0.015125,-0.020933
0.012075,1.995936,0.761986,-0.025702,-0.002487,-0.712130,0.701573,0.103286,-0.016580,-0.051568,0.998012,-0.163197,-0.118444,-0.312382,0.070681,-0.094059,0.438699,-0.109976,-0.078515,0.009589,0.021471,0.163080,0.237305,0.113716,-0.311689,1.301503,-0.068856,0.007042,0.177520,-0.152253,-0.184424,0.289977,1.188624,0.254674,0.014650,-0.021005
0.012238,2.002238,0.761001,-0.025077,-0.003321,-0.710691,0.703050,0.126119,-0.029288,-0.068152,0.968141,-0.160681,-0.122464,-0.324671,0.065766,-0.096740,0.444971,-0.103360,-0.078828,0.006336,0.019029,0.162344,0.237367,0.113927,-0.313843,1.304751,-0.068153,0.008355,0.177080,-0.149224,-0.184091,0.286792,1.186996,0.256355,0.014297,-0.021150
0.012451,2.008530,0.760003,-0.024431,-0.004198,-0.709146,0.704626,0.147628,-0.040924,-0.084439,0.938523,-0.158485,-0.124826,-0.336992,0.060524,-0.099422,0.451066,-0.096631,-0.079474,0.002961,0.016408,0.162070,0.236504,0.114541,-0.316853,1.307877,-0.067959,0.009371,0.176809,-0.146155,-0.183730,0.283674,1.185442,0.257625,0.014031,-0.021514
0.012669,2.015037,0.758945,-0.023785,-0.005171,-0.707512,0.706282,0.167945,-0.051650,-0.100386,0.908994,-0.155893,-0.125694,-0.349277,0.054962,-0.102035,0.457129,-0.089915,-0.080413,-0.000845,0.013664,0.162306,0.234734,0.115330,-0.320648,1.311109,-0.068274,0.009981,0.176841,-0.143191,-0.183463,0.281183,1.184118,0.258605,0.013827,-0.022183
0.012885,2.021637,0.757830,-0.023187,-0.006235,-0.705793,0.708011,0.187291,-0.061552,-0.116010,0.879228,-0.153084,-0.125286,-0.361433,0.049151,-0.104615,0.463098,-0.083149,-0.081643,-0.004632,0.010774,0.163109,0.231978,0.116516,-0.325672,1.314407,-0.069149,0.010318,0.177150,-0.140042,-0.183227,0.278626,1.182760,0.259339,0.013712,-0.023034
0.013086,2.028340,0.756665,-0.022532,-0.007299,-0.703945,0.709860,0.205122,-0.070534,-0.131217,0.849798,-0.151520,-0.123351,-0.373740,0.042986,-0.107283,0.468840,-0.076177,-0.083264,-0.008888,0.007749,0.164287,0.228353,0.117786,-0.330740,1.317463,-0.070197,0.010466,0.177505,-0.137038,-0.183045,0.276335,1.181493,0.259822,0.013753,-0.023991
0.013355,2.035292,0.755436,-0.021718,-0.008266,-0.701920,0.711876,0.220882,-0.078545,-0.145906,0.821279,-0.152655,-0.119650,-0.386478,0.036361,-0.110159,0.474212,-0.068835,-0.085374,-0.013502,0.004497,0.165699,0.223912,0.119295,-0.335386,1.319801,-0.071268,0.010550,0.177629,-0.134132,-0.182865,0.273895,1.180105,0.259863,0.014041,-0.024937
0.013574,2.042321,0.754195,-0.020731,-0.009115,-0.699699,0.714079,0.234905,-0.086226,-0.161096,0.793173,-0.156959,-0.116091,-0.399801,0.029147,-0.113412,0.479441,-0.060994,-0.087656,-0.018595,0.000943,0.167308,0.218806,0.120995,-0.338895,1.321137,-0.072181,0.010624,0.177439,-0.131464,-0.182680,0.271541,1.178766,0.259455,0.014560,-0.025913
0.013885,2.049566,0.752927,-0.019618,-0.009899,-0.697303,0.716439,0.247326,-0.093566,-0.176459,0.765342,-0.163618,-0.112292,-0.413558,0.021420,-0.116924,0.484548,-0.052788,-0.090182,-0.024181,-0.002855,0.169166,0.212932,0.122795,-0.341713,1.321831,-0.073056,0.010610,0.177101,-0.129017,-0.182470,0.269373,1.177517,0.258671,0.015293,-0.026975
0.014153,2.057016,0.751574,-0.018372,-0.010619,-0.694756,0.718932,0.257300,-0.099649,-0.189834,0.738821,-0.172190,-0.104597,-0.427510,0.013360,-0.120372,0.489007,-0.044426,-0.093615,-0.030221,-0.006828,0.171257,0.206065,0.124731,-0.344827,1.322303,-0.074129,0.010435,0.176696,-0.126798,-0.182184,0.267074,1.176380,0.257517,0.016147,-0.028000
0.014453,2.064678,0.750208,-0.017002,-0.011267,-0.692083,0.721530,0.263874,-0.103722,-0.199021,0.714846,-0.182402,-0.089371,-0.441387,0.005149,-0.123401,0.492209,-0.036051,-0.098593,-0.036658,-0.010958,0.173574,0.198001,0.126864,-0.349217,1.322944,-0.075618,0.010028,0.176287,-0.124740,-0.181760,0.264300,1.175225,0.255958,0.017111,-0.028882
0.014771,2.072566,0.748841,-0.015403,-0.011804,-0.689212,0.724300,0.265712,-0.105462,-0.203005,0.694480,-0.194337,-0.062271,-0.455742,-0.003563,-0.126380,0.494759,-0.027239,-0.106018,-0.043628,-0.015302,0.175963,0.188652,0.129235,-0.355151,1.323743,-0.077704,0.009334,0.175741,-0.122844,-0.181117,0.260645,1.174094,0.253623,0.018204,-0.029598
0.014990,2.080562,0.747568,-0.013580,-0.012272,-0.686164,0.727217,0.263571,-0.105863,-0.203039,0.677167,-0.208721,-0.026556,-0.470506,-0.012799,-0.129267,0.496698,-0.018036,-0.115283,-0.051013,-0.019973,0.178466,0.178137,0.131853,-0.362201,1.324499,-0.080262,0.008413,0.175055,-0.121119,-0.180240,0.256334,1.173006,0.250647,0.019433,-0.030206
0.015235,2.088724,0.746373,-0.011684,-0.012804,-0.683095,0.730123,0.259732,-0.106007,-0.200500,0.661615,-0.226136,0.010056,-0.484742,-0.021914,-0.131176,0.497169,-0.009692,-0.124765,-0.058407,-0.024996,0.181379,0.166585,0.134711,-0.370240,1.325286,-0.083024,0.007362,0.174485,-0.119560,-0.179216,0.251911,1.171926,0.247676,0.020681,-0.030695
0.015543,2.096927,0.745257,-0.009888,-0.013517,-0.680164,0.732869,0.256512,-0.106636,-0.196857,0.646259,-0.246572,0.039892,-0.497504,-0.030173,-0.131253,0.495267,-0.003390,-0.132828,-0.065408,-0.030293,0.185013,0.154120,0.137781,-0.379146,1.326177,-0.085716,0.006280,0.174291,-0.118099,-0.178188,0.247912,1.170752,0.245359,0.021838,-0.031044
0.015853,2.105373,0.744153,-0.008317,-0.014342,-0.677382,0.735445,0.254496,-0.106932,-0.191556,0.630419,-0.271052,0.061606,-0.508866,-0.036906,-0.128857,0.490985,0.001093,-0.139831,-0.071932,-0.035580,0.189549,0.140611,0.141012,-0.388914,1.327143,-0.088231,0.005100,0.174624,-0.116753,-0.177286,0.244551,1.169377,0.244136,0.022851,-0.031071
0.016227,2.113889,0.743143,-0.006883,-0.015219,-0.674676,0.737925,0.252596,-0.106604,-0.184248,0.614651,-0.298851,0.079029,-0.519226,-0.042610,-0.124605,0.484747,0.004229,-0.146377,-0.078197,-0.040886,0.194797,0.126055,0.144338,-0.399611,1.328128,-0.090709,0.003801,0.175307,-0.115482,-0.176518,0.241539,1.167787,0.243591,0.023802,-0.030823
0.016518,2.122529,0.742236,-0.005423,-0.016299,-0.672070,0.740288,0.250642,-0.106857,-0.176577,0.598988,-0.326861,0.092469,-0.528061,-0.048268,-0.119558,0.476199,0.005230,-0.151183,-0.084251,-0.046556,0.200529,0.110727,0.147713,-0.411240,1.329193,-0.093286,0.002549,0.176100,-0.114175,-0.175822,0.238700,1.166071,0.243149,0.024777,-0.030621
0.016751,2.131294,0.741366,-0.003773,-0.017740,-0.669588,0.742512,0.248388,-0.108878,-0.170115,0.583605,-0.352059,0.102345,-0.534842,-0.054866,-0.114776,0.464960,0.003308,-0.152964,-0.090161,-0.052962,0.206510,0.094906,0.151108,-0.423802,1.330392,-0.096110,0.001517,0.176769,-0.112772,-0.175108,0.235886,1.164379,0.242255,0.025858,-0.030801
0.016921,2.140149,0.740591,-0.001864,-0.019516,-0.667185,0.744634,0.245535,-0.112579,-0.164554,0.568445,-0.374198,0.107841,-0.539721,-0.062839,-0.110651,0.451136,-0.002754,-0.151778,-0.096041,-0.060255,0.212830,0.078256,0.154514,-0.437636,1.331885,-0.099389,0.000807,0.177486,-0.111488,-0.174322,0.233038,1.162640,0.240630,0.027162,-0.031340
0.017181,2.148868,0.739989,0.000192,-0.021564,-0.664855,0.746661,0.242252,-0.117200,-0.159128,0.553387,-0.394551,0.109219,-0.542771,-0.071628,-0.106710,0.434668,-0.012117,-0.148217,-0.101834,-0.068209,0.219565,0.060761,0.157904,-0.452637,1.333590,-0.102985,0.000313,0.178304,-0.110314,-0.173487,0.230233,1.160886,0.238603,0.028606,-0.032114
0.017706,2.157709,0.739583,0.002275,-0.023968,-0.662671,0.748523,0.238932,-0.122986,-0.154779,0.538602,-0.412401,0.108576,-0.543352,-0.080792,-0.102730,0.414864,-0.022441,-0.141797,-0.107364,-0.076622,0.226478,0.043161,0.161216,-0.468127,1.335228,-0.106543,-0.000112,0.178804,-0.108821,-0.172562,0.227536,1.159340,0.236510,0.029972,-0.033292
0.018326,2.166456,0.739301,0.004262,-0.026809,-0.660710,0.750150,0.236032,-0.130236,-0.152540,0.524190,-0.427096,0.108003,-0.540815,-0.089941,-0.098489,0.391061,-0.031436,-0.132080,-0.112480,-0.085312,0.233308,0.026215,0.164394,-0.483409,1.336562,-0.109695,-0.000618,0.178578,-0.106604,-0.171479,0.225015,1.158277,0.234645,0.031044,-0.035063
0.018879,2.175189,0.739096,0.006135,-0.030437,-0.658964,0.751533,0.234131,-0.139729,-0.153436,0.509950,-0.437936,0.107786,-0.533725,-0.099106,-0.092358,0.361062,-0.039591,-0.118156,-0.117297,-0.094697,0.240456,0.009870,0.167440,-0.498947,1.337886,-0.112571,-0.001468,0.177603,-0.103749,-0.170181,0.222641,1.157935,0.233119,0.031687,-0.037823
0.019447,2.183686,0.738890,0.007971,-0.034758,-0.657365,0.752728,0.232938,-0.151133,-0.156779,0.495846,-0.445415,0.106992,-0.522534,-0.108847,-0.085233,0.325446,-0.047637,-0.100740,-0.121902,-0.104846,0.247940,-0.006180,0.170349,-0.514935,1.339244,-0.115303,-0.002504,0.176067,-0.100419,-0.168645,0.220378,1.158140,0.231729,0.032043,-0.041373
0.019890,2.191917,0.738608,0.009801,-0.039197,-0.655911,0.753756,0.231623,-0.163124,-0.161059,0.482299,-0.450655,0.105869,-0.509518,-0.119362,-0.080535,0.287937,-0.053739,-0.081639,-0.126146,-0.115077,0.254894,-0.021583,0.173083,-0.530132,1.340136,-0.117447,-0.003255,0.173911,-0.096412,-0.166928,0.218419,1.158681,0.230437,0.032286,-0.045036
0.020330,2.199823,0.738293,0.011656,-0.043157,-0.654625,0.754631,0.229217,-0.174339,-0.164677,0.469880,-0.454862,0.104639,-0.497056,-0.130452,-0.081511,0.252347,-0.056006,-0.062381,-0.129925,-0.124592,0.260444,-0.036016,0.175611,-0.543300,1.340080,-0.118630,-0.003260,0.171090,-0.091525,-0.165083,0.217032,1.159301,0.229229,0.032601,-0.048122
0.020912,2.207352,0.737946,0.013699,-0.046660,-0.653353,0.755490,0.225468,-0.185032,-0.168025,0.458770,-0.458214,0.103086,-0.484290,-0.142308,-0.089604,0.215578,-0.052199,-0.040194,-0.133628,-0.133611,0.264045,-0.049383,0.178012,-0.554266,1.339214,-0.118379,-0.002152,0.166997,-0.085329,-0.163124,0.216417,1.159880,0.228171,0.032936,-0.050723
0.021463,2.214800,0.737715,0.015898,-0.050073,-0.652094,0.756315,0.221053,-0.195935,-0.171779,0.448564,-0.460075,0.101224,-0.469997,-0.154764,-0.102877,0.176346,-0.043468,-0.015043,-0.137341,-0.142621,0.266347,-0.061847,0.180365,-0.563613,1.337730,-0.117025,-0.000275,0.161852,-0.078018,-0.161034,0.216447,1.160530,0.227266,0.033229,-0.053117
0.021785,2.222279,0.737755,0.017935,-0.053118,-0.651217,0.756818,0.215917,-0.205980,-0.174421,0.439298,-0.460620,0.099522,-0.456718,-0.166418,-0.119282,0.142033,-0.033264,0.007473,-0.140253,-0.150758,0.268131,-0.073529,0.182612,-0.570994,1.335287,-0.115195,0.001761,0.156880,-0.070411,-0.158879,0.216891,1.161458,0.226434,0.033644,-0.054888
0.022141,2.229758,0.738061,0.019420,-0.055311,-0.651192,0.756645,0.209592,-0.213685,-0.174159,0.431324,-0.460214,0.098374,-0.448260,-0.175727,-0.136531,0.122223,-0.026301,0.021613,-0.141384,-0.156678,0.270056,-0.084614,0.184595,-0.575987,1.331606,-0.113511,0.003354,0.153334,-0.063358,-0.156788,0.217529,1.162875,0.225554,0.034343,-0.055622
0.022616,2.237212,0.738649,0.020265,-0.056181,-0.652313,0.755593,0.201031,-0.218250,-0.169960,0.425404,-0.459131,0.097805,-0.448003,-0.182372,-0.155761,0.123363,-0.024994,0.024327,-0.140025,-0.159410,0.272030,-0.095558,0.186195,-0.578424,1.326755,-0.112144,0.004540,0.151527,-0.056962,-0.154892,0.218006,1.164533,0.224730,0.035409,-0.054878
0.023079,2.244568,0.739515,0.020650,-0.055983,-0.654337,0.753845,0.190498,-0.220377,-0.162788,0.421366,-0.457249,0.097573,-0.453903,-0.187342,-0.177279,0.140534,-0.027338,0.019068,-0.136718,-0.159567,0.273704,-0.106282,0.187407,-0.578523,1.321044,-0.110778,0.005553,0.150839,-0.050792,-0.153224,0.218530,1.166391,0.223993,0.036748,-0.052967
0.023645,2.251738,0.740602,0.020616,-0.055341,-0.656922,0.751642,0.179436,-0.220928,-0.153840,0.418405,-0.454441,0.097685,-0.462060,-0.191240,-0.197476,0.167039,-0.031828,0.009828,-0.132379,-0.158211,0.275354,-0.116128,0.188239,-0.576324,1.314521,-0.109225,0.006098,0.151124,-0.044944,-0.151761,0.219784,1.169038,0.223137,0.038269,-0.050605
0.024267,2.258766,0.741840,0.020165,-0.054854,-0.659727,0.749230,0.169410,-0.220785,-0.144327,0.415552,-0.450525,0.098153,-0.469250,-0.194415,-0.212645,0.197443,-0.037534,0.000670,-0.127940,-0.156383,0.277281,-0.124455,0.188695,-0.571983,1.307204,-0.107386,0.005911,0.152232,-0.039488,-0.150492,0.222426,1.173026,0.221964,0.039877,-0.048503
0.024886,2.265740,0.743172,0.019199,-0.054745,-0.662836,0.746513,0.160976,-0.220134,-0.133934,0.412803,-0.445275,0.099311,-0.475588,-0.196798,-0.221437,0.233034,-0.044730,-0.008606,-0.123302,-0.154285,0.279883,-0.131042,0.188821,-0.565010,1.298991,-0.104902,0.004603,0.154562,-0.034629,-0.149357,0.226925,1.178772,0.220798,0.041381,-0.046824
0.025514,2.272591,0.744606,0.017794,-0.054854,-0.666266,0.743481,0.153715,-0.219003,-0.122513,0.410272,-0.438666,0.101166,-0.481877,-0.198646,-0.226007,0.274864,-0.053251,-0.019671,-0.118409,-0.151810,0.282975,-0.136156,0.188660,-0.555409,1.289868,-0.101919,0.002462,0.158048,-0.030295,-0.148351,0.232946,1.185969,0.219641,0.042885,-0.045221
0.026193,2.279225,0.746145,0.016224,-0.055127,-0.669647,0.740453,0.147409,-0.217697,-0.111229,0.407372,-0.430934,0.103119,-0.487130,-0.200266,-0.227658,0.319129,-0.062450,-0.030633,-0.113931,-0.149239,0.286011,-0.140002,0.188244,-0.544155,1.280171,-0.099033,0.000030,0.161804,-0.026071,-0.147437,0.239754,1.193968,0.217781,0.044724,-0.043623
0.026892,2.285630,0.747751,0.014698,-0.055359,-0.672682,0.737712,0.141466,-0.216269,-0.101091,0.403937,-0.422535,0.104535,-0.490794,-0.201693,-0.227682,0.362732,-0.072021,-0.039613,-0.110498,-0.146711,0.288301,-0.142784,0.187597,-0.532094,1.270283,-0.096829,-0.002161,0.164955,-0.021730,-0.146516,0.246727,1.202348,0.214498,0.047206,-0.042009
0.027548,2.291921,0.749400,0.013182,-0.055454,-0.675377,0.735266,0.135719,-0.214473,-0.092163,0.400033,-0.413326,0.105167,-0.492807,-0.202688,-0.226288,0.405809,-0.082373,-0.046199,-0.108131,-0.144054,0.289724,-0.144275,0.186662,-0.518766,1.259974,-0.095448,-0.004011,0.167440,-0.017375,-0.145495,0.254024,1.211493,0.209162,0.050437,-0.040402
0.028202,2.298046,0.751064,0.011560,-0.055449,-0.677906,0.732963,0.130277,-0.212211,-0.083868,0.395907,-0.403249,0.105366,-0.493681,-0.202918,-0.222844,0.449930,-0.093581,-0.051287,-0.106446,-0.141161,0.290552,-0.144547,0.185412,-0.503967,1.249219,-0.094604,-0.005792,0.169676,-0.013109,-0.144377,0.261854,1.221557,0.202274,0.054222,-0.038814
0.028810,2.304020,0.752769,0.009924,-0.055293,-0.680252,0.730823,0.124928,-0.209585,-0.076199,0.391527,-0.392784,0.105299,-0.493537,-0.202105,-0.217463,0.493683,-0.104575,-0.054995,-0.105339,-0.138081,0.290709,-0.144250,0.183935,-0.488967,1.238633,-0.094231,-0.007526,0.171492,-0.008643,-0.143194,0.269592,1.231604,0.194804,0.058436,-0.037158
0.029306,2.309813,0.754513,0.008377,-0.054947,-0.682400,0.728863,0.119499,-0.206655,-0.069170,0.386813,-0.382401,0.105110,-0.492521,-0.200074,-0.210243,0.535737,-0.114374,-0.057468,-0.104640,-0.134875,0.290144,-0.144002,0.182372,-0.475171,1.228758,-0.094324,-0.009236,0.172715,-0.003653,-0.141966,0.276486,1.240633,0.187664,0.062963,-0.035348
0.029781,2.315551,0.756257,0.006932,-0.054297,-0.684277,0.727165,0.113782,-0.203267,-0.063004,0.381759,-0.372071,0.104807,-0.491023,-0.196511,-0.200456,0.576446,-0.122833,-0.058582,-0.104427,-0.131464,0.288698,-0.143783,0.180790,-0.462705,1.219570,-0.095268,-0.010938,0.173161,0.002038,-0.140664,0.282358,1.248340,0.180656,0.068043,-0.033443
0.030226,2.321144,0.757992,0.005548,-0.053378,-0.685935,0.725682,0.107835,-0.199311,-0.057607,0.376496,-0.361652,0.104276,-0.489028,-0.191504,-0.188324,0.616665,-0.130662,-0.058258,-0.104654,-0.127813,0.286451,-0.143296,0.179177,-0.450985,1.210730,-0.096986,-0.012608,0.172953,0.008221,-0.139267,0.287530,1.255238,0.173405,0.073646,-0.031445
0.030582,2.326583,0.759677,0.004192,-0.052352,-0.687530,0.724254,0.101955,-0.195065,-0.052523,0.371025,-0.351334,0.103478,-0.486105,-0.185607,-0.175333,0.655954,-0.138062,-0.056747,-0.104982,-0.124060,0.283730,-0.142680,0.177567,-0.440283,1.202263,-0.098699,-0.014202,0.172386,0.014609,-0.137836,0.292018,1.261575,0.166593,0.079250,-0.029183
0.030908,2.332055,0.761287,0.002829,-0.051376,-0.689217,0.722725,0.096438,-0.190832,-0.047286,0.365371,-0.341326,0.102390,-0.481786,-0.179415,-0.162958,0.693807,-0.145208,-0.054335,-0.105048,-0.120345,0.280882,-0.142069,0.176013,-0.430910,1.194171,-0.099629,-0.015672,0.171753,0.020949,-0.136507,0.295771,1.267566,0.160879,0.084333,-0.026496
0.031243,2.337380,0.762811,0.001428,-0.050491,-0.691071,0.721020,0.091575,-0.186572,-0.041670,0.359204,-0.331610,0.100880,-0.476006,-0.172491,-0.150622,0.730211,-0.152063,-0.050620,-0.104657,-0.116614,0.278024,-0.141310,0.174562,-0.422943,1.186266,-0.099716,-0.017023,0.170937,0.027246,-0.135390,0.298773,1.273138,0.156527,0.089077,-0.023002
0.031583,2.342733,0.764234,0.000021,-0.049615,-0.692998,0.719230,0.087153,-0.182128,-0.035970,0.352619,-0.322103,0.098996,-0.469001,-0.164712,-0.137885,0.765510,-0.158653,-0.045591,-0.104126,-0.112799,0.274937,-0.140376,0.173094,-0.416079,1.178657,-0.099267,-0.018283,0.169860,0.033543,-0.134398,0.301170,1.278277,0.153185,0.093657,-0.018929
0.031936,2.347962,0.765542,-0.001348,-0.048720,-0.694900,0.717453,0.082652,-0.177674,-0.030482,0.346321,-0.312938,0.096986,-0.460799,-0.157234,-0.126363,0.799716,-0.165215,-0.040191,-0.103544,-0.108971,0.271625,-0.139498,0.171727,-0.410565,1.171386,-0.098285,-0.019418,0.168802,0.040022,-0.133569,0.302751,1.282763,0.150516,0.097569,-0.014907
0.032280,2.353114,0.766786,-0.002614,-0.047800,-0.696675,0.715788,0.077611,-0.173402,-0.025510,0.340917,-0.304198,0.095104,-0.451429,-0.151262,-0.117641,0.832732,-0.171909,-0.035427,-0.103112,-0.105238,0.268084,-0.138806,0.170607,-0.406468,1.164421,-0.096693,-0.020383,0.168033,0.046784,-0.132900,0.303461,1.286446,0.148238,0.100319,-0.011582
0.032556,2.358234,0.767929,-0.003792,-0.046836,-0.698324,0.714237,0.071937,-0.169296,-0.021147,0.336572,-0.295874,0.093441,-0.440819,-0.146940,-0.112040,0.864528,-0.178584,-0.031302,-0.102961,-0.101547,0.264219,-0.138429,0.169647,-0.403972,1.157987,-0.094244,-0.021169,0.167691,0.053779,-0.132271,0.303378,1.289472,0.146479,0.101541,-0.009205
0.032757,2.363302,0.768947,-0.004904,-0.045840,-0.699890,0.712761,0.065891,-0.165293,-0.017235,0.332914,-0.287906,0.091856,-0.428985,-0.143792,-0.108694,0.895141,-0.185196,-0.027465,-0.102987,-0.097916,0.260233,-0.137811,0.169285,-0.403029,1.151286,-0.091168,-0.021780,0.167490,0.061186,-0.131944,0.302548,1.291398,0.145361,0.101627,-0.007299
0.032972,2.368346,0.769874,-0.005890,-0.044871,-0.701333,0.711396,0.059483,-0.161536,-0.013691,0.329829,-0.280325,0.090261,-0.416050,-0.142139,-0.107367,0.924465,-0.191997,-0.024421,-0.103191,-0.094529,0.255959,-0.137462,0.168914,-0.402931,1.145259,-0.087633,-0.022274,0.167456,0.068472,-0.131531,0.300992,1.293066,0.144539,0.101049,-0.005867
0.033245,2.373405,0.770677,-0.006693,-0.043983,-0.702613,0.710180,0.052769,-0.158179,-0.010433,0.327070,-0.273157,0.088574,-0.402164,-0.142302,-0.107832,0.952436,-0.199249,-0.022670,-0.103438,-0.091540,0.251516,-0.137235,0.168615,-0.403362,1.139610,-0.084147,-0.022629,0.167477,0.075697,-0.131104,0.298673,1.294303,0.143748,0.100365,-0.004708
0.033427,2.378402,0.771348,-0.007293,-0.043203,-0.703661,0.709183,0.045774,-0.155309,-0.007586,0.324574,-0.266422,0.086737,-0.387180,-0.144790,-0.110585,0.979275,-0.207329,-0.022434,-0.103770,-0.089001,0.246864,-0.137267,0.168342,-0.404560,1.134478,-0.080546,-0.022783,0.167564,0.082988,-0.130589,0.295192,1.295100,0.142688,0.099524,-0.003738
0.033622,2.383343,0.771929,-0.007724,-0.042500,-0.704520,0.708368,0.038477,-0.152861,-0.005138,0.322427,-0.260082,0.084818,-0.371025,-0.149340,-0.115533,1.004912,-0.215956,-0.023472,-0.104570,-0.086837,0.242003,-0.137225,0.168227,-0.406206,1.129544,-0.076599,-0.022753,0.167708,0.090259,-0.130173,0.291152,1.295393,0.141743,0.098328,-0.003036
0.033787,2.388338,0.772400,-0.008009,-0.041849,-0.705312,0.707616,0.030839,-0.150765,-0.002794,0.320736,-0.254062,0.082922,-0.353909,-0.155095,-0.121586,1.028753,-0.224455,-0.025557,-0.105361,-0.084974,0.237032,-0.137195,0.168201,-0.408140,1.124904,-0.072860,-0.022676,0.167886,0.097293,-0.129819,0.286794,1.295308,0.141201,0.097031,-0.002726
0.033898,2.393272,0.772793,-0.008151,-0.041235,-0.706161,0.706802,0.022816,-0.148929,-0.000264,0.319647,-0.248312,0.081145,-0.336103,-0.161176,-0.127663,1.050286,-0.232119,-0.028438,-0.105459,-0.083332,0.232077,-0.137342,0.168202,-0.410412,1.120684,-0.069913,-0.022686,0.168085,0.103978,-0.129425,0.282116,1.294895,0.141278,0.095877,-0.002913
0.034039,2.398221,0.773090,-0.008131,-0.040670,-0.707066,0.705930,0.014441,-0.147438,0.002469,0.319099,-0.242900,0.079558,-0.317569,-0.168048,-0.134248,1.069689,-0.238786,-0.032750,-0.105480,-0.082001,0.227048,-0.137373,0.168236,-0.412344,1.116706,-0.067719,-0.022845,0.168315,0.110036,-0.129140,0.277840,1.294238,0.142612,0.094979,-0.003780
0.034169,2.403174,0.773265,-0.007957,-0.040158,-0.707972,0.705053,0.005740,-0.146311,0.005277,0.319035,-0.237823,0.078102,-0.298175,-0.175931,-0.141680,1.087140,-0.244833,-0.038385,-0.105559,-0.080975,0.221925,-0.137301,0.168303,-0.414087,1.112968,-0.066005,-0.023077,0.168575,0.115624,-0.128999,0.273778,1.293264,0.144916,0.094192,-0.005208
0.034271,2.408123,0.773415,-0.007676,-0.039667,-0.708925,0.704126,-0.003402,-0.145336,0.008236,0.319649,-0.232923,0.076671,-0.278142,-0.183565,-0.148680,1.102139,-0.250325,-0.043956,-0.105267,-0.080132,0.216803,-0.137236,0.168381,-0.415755,1.109584,-0.064731,-0.023324,0.168788,0.120795,-0.128937,0.269777,1.292121,0.147378,0.093407,-0.006922
0.034335,2.413039,0.773525,-0.007311,-0.039187,-0.709972,0.703101,-0.013084,-0.144292,0.011419,0.321087,-0.228014,0.075155,-0.257754,-0.189672,-0.153966,1.114206,-0.255318,-0.048060,-0.104759,-0.079422,0.211674,-0.137016,0.168440,-0.416736,1.106581,-0.063653,-0.023549,0.168862,0.125263,-0.128920,0.266463,1.291255,0.149428,0.092520,-0.008713
0.034404,2.418022,0.773577,-0.006832,-0.038743,-0.711144,0.701945,-0.023224,-0.143250,0.014936,0.323198,-0.222971,0.073520,-0.236992,-0.194452,-0.157565,1.123393,-0.259921,-0.050695,-0.103865,-0.078965,0.206507,-0.136671,0.168472,-0.417031,1.103976,-0.062799,-0.023730,0.168705,0.129028,-0.128927,0.263859,1.290766,0.150965,0.091429,-0.010620
0.034408,2.422949,0.773555,-0.006234,-0.038337,-0.712409,0.700689,-0.033865,-0.142266,0.018721,0.326064,-0.218019,0.071825,-0.215812,-0.198395,-0.160083,1.129953,-0.264077,-0.052476,-0.102382,-0.078712,0.201376,-0.136373,0.168480,-0.417089,1.101762,-0.062284,-0.023882,0.168373,0.132299,-0.128966,0.261371,1.290321,0.152149,0.090214,-0.012690
0.034407,2.427926,0.773501,-0.005605,-0.037885,-0.713728,0.699376,-0.045114,-0.141088,0.022562,0.329868,-0.213184,0.070077,-0.194481,-0.200621,-0.161024,1.133668,-0.267517,-0.052870,-0.100946,-0.078524,0.196168,-0.135903,0.168474,-0.416579,1.100054,-0.062044,-0.024065,0.168099,0.134841,-0.129000,0.259671,1.290134,0.153255,0.089033,-0.014879
0.034362,2.432986,0.773387,-0.005039,-0.037312,-0.715061,0.698047,-0.057128,-0.139454,0.026242,0.334877,-0.208639,0.068289,-0.173300,-0.200271,-0.159900,1.134364,-0.270008,-0.051392,-0.099064,-0.077973,0.191221,-0.135609,0.168449,-0.416103,1.098831,-0.062043,-0.024247,0.167947,0.136992,-0.129092,0.257463,1.289644,0.153654,0.088070,-0.016878
0.034293,2.438064,0.773260,-0.004497,-0.036631,-0.716395,0.696718,-0.070068,-0.137432,0.029664,0.341303,-0.204345,0.066501,-0.152237,-0.197259,-0.156467,1.131930,-0.271547,-0.047844,-0.097432,-0.077323,0.186122,-0.135118,0.168448,-0.415342,1.098244,-0.062708,-0.024496,0.168078,0.138536,-0.129124,0.255982,1.289248,0.153852,0.087333,-0.019041
0.034115,2.443194,0.773082,-0.003957,-0.035870,-0.717751,0.695364,-0.083799,-0.135098,0.032936,0.348946,-0.200249,0.064674,-0.131182,-0.192046,-0.150994,1.126528,-0.272292,-0.042561,-0.095456,-0.076492,0.181201,-0.134704,0.168454,-0.414387,1.098092,-0.063736,-0.024769,0.168221,0.139581,-0.129157,0.254086,1.288675,0.153231,0.086757,-0.021205
0.033931,2.448329,0.772913,-0.003504,-0.034974,-0.719143,0.693972,-0.098026,-0.132224,0.036132,0.357370,-0.196416,0.062707,-0.110296,-0.184629,-0.143724,1.118380,-0.272274,-0.035857,-0.093184,-0.075369,0.176437,-0.134338,0.168466,-0.413351,1.098422,-0.064722,-0.025000,0.168576,0.140049,-0.129184,0.252426,1.288136,0.152524,0.086326,-0.023083
0.033625,2.453540,0.772683,-0.003198,-0.033907,-0.720581,0.692534,-0.112490,-0.128592,0.039318,0.366204,-0.192940,0.060512,-0.089750,-0.175021,-0.134882,1.107727,-0.271526,-0.028039,-0.090587,-0.073817,0.171853,-0.134009,0.168488,-0.412289,1.099234,-0.065176,-0.025121,0.169297,0.139911,-0.129219,0.251346,1.287749,0.152297,0.086032,-0.024374
0.033338,2.458789,0.772426,-0.003084,-0.032605,-0.722070,0.691044,-0.127201,-0.124041,0.042448,0.375476,-0.189957,0.058030,-0.069451,-0.162840,-0.124187,1.094338,-0.269907,-0.018945,-0.087668,-0.071620,0.167579,-0.133715,0.168532,-0.410863,1.100450,-0.064457,-0.025092,0.170365,0.138965,-0.129328,0.250501,1.287601,0.152318,0.085981,-0.024820
0.033006,2.464065,0.772136,-0.003122,-0.031096,-0.723602,0.689510,-0.142246,-0.118733,0.045470,0.385287,-0.187349,0.055320,-0.049273,-0.148338,-0.111523,1.078215,-0.267549,-0.008585,-0.084409,-0.068969,0.163405,-0.133467,0.168588,-0.409424,1.102249,-0.063228,-0.024966,0.171824,0.137521,-0.129473,0.250138,1.287484,0.152695,0.086149,-0.024697
0.032646,2.469450,0.771818,-0.003259,-0.029497,-0.725167,0.687933,-0.157463,-0.112905,0.048448,0.395428,-0.184868,0.052490,-0.029314,-0.132442,-0.097374,1.059919,-0.264870,0.002485,-0.081094,-0.066012,0.159567,-0.133055,0.168678,-0.407505,1.104077,-0.061776,-0.024784,0.173358,0.135265,-0.129769,0.250376,1.287502,0.153242,0.086319,-0.024165
0.032281,2.474972,0.771431,-0.003470,-0.027891,-0.726762,0.686314,-0.172718,-0.106795,0.051471,0.405697,-0.182261,0.049654,-0.009695,-0.116057,-0.082240,1.039990,-0.262253,0.013724,-0.077618,-0.062945,0.156163,-0.132490,0.168788,-0.405307,1.105628,-0.060713,-0.024510,0.174783,0.132387,-0.130236,0.251233,1.287416,0.153931,0.086291,-0.023428
0.031919,2.480517,0.771030,-0.003753,-0.026240,-0.728393,0.684646,-0.188130,-0.100330,0.054617,0.416211,-0.179549,0.046784,0.009560,-0.098614,-0.065390,1.018246,-0.259889,0.025517,-0.074128,-0.059650,0.153190,-0.131649,0.168917,-0.402558,1.106738,-0.059984,-0.024081,0.176091,0.128792,-0.131028,0.252844,1.287211,0.154884,0.086034,-0.022390
0.031606,2.486139,0.770567,-0.004116,-0.024522,-0.730059,0.682932,-0.203719,-0.093443,0.057811,0.427011,-0.176827,0.043864,0.028640,-0.080056,-0.046756,0.994498,-0.257610,0.037859,-0.070336,-0.056104,0.150576,-0.130768,0.169008,-0.399626,1.107789,-0.059431,-0.023521,0.177416,0.124574,-0.131937,0.254866,1.286942,0.156006,0.085641,-0.021006
0.031256,2.491871,0.770053,-0.004554,-0.022845,-0.731744,0.681182,-0.219178,-0.086390,0.060919,0.437738,-0.173933,0.041034,0.047603,-0.061976,-0.027888,0.969354,-0.255234,0.049713,-0.066365,-0.052524,0.148415,-0.129815,0.169085,-0.396525,1.108745,-0.059195,-0.023001,0.178622,0.119717,-0.132991,0.257402,1.286654,0.157103,0.085114,-0.019479
0.030872,2.497668,0.769485,-0.005047,-0.021331,-0.733433,0.679408,-0.234241,-0.079409,0.063815,0.448115,-0.170751,0.038431,0.066388,-0.045841,-0.010380,0.943449,-0.252440,0.060135,-0.062515,-0.049000,0.146864,-0.128562,0.169200,-0.393071,1.109294,-0.059397,-0.022692,0.179526,0.114303,-0.134498,0.260754,1.286136,0.158044,0.084497,-0.017918
0.030439,2.503505,0.768860,-0.005596,-0.020022,-0.735128,0.677609,-0.248668,-0.072641,0.066506,0.457855,-0.167252,0.036132,0.085228,-0.031512,0.005981,0.916307,-0.249128,0.069971,-0.058374,-0.045709,0.145914,-0.127199,0.169330,-0.389632,1.109626,-0.060233,-0.022597,0.180085,0.108383,-0.136133,0.264590,1.285582,0.158384,0.083731,-0.016230
0.030108,2.509442,0.768196,-0.006205,-0.018850,-0.736836,0.675780,-0.262653,-0.065932,0.069057,0.467136,-0.163505,0.034064,0.104003,-0.018333,0.021836,0.887793,-0.245386,0.079411,-0.054072,-0.042518,0.145502,-0.125665,0.169482,-0.386015,1.109713,-0.061558,-0.022639,0.180374,0.101875,-0.137911,0.269029,1.284996,0.158358,0.082829,-0.014383
0.029764,2.515534,0.767426,-0.006909,-0.017735,-0.738557,0.673923,-0.276600,-0.059058,0.071439,0.476506,-0.159532,0.032121,0.122123,-0.006844,0.036152,0.858891,-0.241116,0.086674,-0.049671,-0.039302,0.145626,-0.124126,0.169692,-0.382473,1.109736,-0.063238,-0.022863,0.180556,0.094770,-0.139845,0.273894,1.284247,0.158531,0.081827,-0.012753
0.029375,2.521698,0.766619,-0.007730,-0.016602,-0.740287,0.672042,-0.290837,-0.051786,0.073593,0.486346,-0.155354,0.030200,0.138956,0.002519,0.047840,0.830585,-0.236173,0.090049,-0.045220,-0.035901,0.146297,-0.122741,0.170001,-0.379282,1.109839,-0.065157,-0.023311,0.180797,0.087098,-0.141891,0.278943,1.283151,0.159420,0.080773,-0.011707
0.028935,2.528092,0.765729,-0.008825,-0.015428,-0.741978,0.670189,-0.305394,-0.043933,0.075275,0.497147,-0.151172,0.028323,0.154702,0.009629,0.055730,0.802886,-0.228598,0.089760,-0.040783,-0.032098,0.147705,-0.121571,0.170448,-0.376627,1.110112,-0.067614,-0.024174,0.181163,0.078959,-0.144015,0.284063,1.281549,0.161201,0.079708,-0.011527
0.028491,2.534623,0.764753,-0.010156,-0.014235,-0.743644,0.668348,-0.320129,-0.035643,0.076548,0.508570,-0.146909,0.026540,0.169470,0.015023,0.060512,0.775397,-0.219105,0.086697,-0.036271,-0.028022,0.149771,-0.120567,0.171026,-0.374406,1.110507,-0.070591,-0.025369,0.181570,0.070286,-0.146140,0.289332,1.279637,0.163556,0.078587,-0.011973
0.028022,2.541275,0.763697,-0.011417,-0.013045,-0.745377,0.666418,-0.335110,-0.027182,0.077824,0.519808,-0.142192,0.024812,0.182521,0.019256,0.063857,0.748500,-0.211614,0.080147,-0.031683,-0.023999,0.152160,-0.119531,0.171758,-0.372218,1.110714,-0.073415,-0.026517,0.181896,0.060900,-0.148431,0.295039,1.277593,0.166347,0.077356,-0.012562
0.027483,2.547988,0.762586,-0.012335,-0.011851,-0.747272,0.664298,-0.350422,-0.018820,0.079538,0.530110,-0.136669,0.023104,0.193074,0.022831,0.067511,0.722652,-0.210078,0.069373,-0.026788,-0.020455,0.154455,-0.118515,0.172575,-0.369904,1.110775,-0.075430,-0.027251,0.182093,0.050553,-0.150826,0.301221,1.275854,0.169357,0.075917,-0.012894
0.026936,2.554881,0.761350,-0.012728,-0.010605,-0.749367,0.661947,-0.366539,-0.010685,0.081866,0.539653,-0.130420,0.021487,0.200380,0.025674,0.071856,0.698219,-0.215885,0.051250,-0.021568,-0.017523,0.156280,-0.117431,0.173446,-0.367277,1.110650,-0.076245,-0.027410,0.182054,0.039187,-0.153353,0.308012,1.274501,0.172743,0.074168,-0.012842
0.026432,2.561962,0.760080,-0.012797,-0.009306,-0.751603,0.659426,-0.383298,-0.002585,0.084532,0.548789,-0.123607,0.019991,0.204966,0.027928,0.076032,0.675073,-0.227122,0.027296,-0.016123,-0.014914,0.157943,-0.116319,0.174363,-0.364456,1.110395,-0.076256,-0.027216,0.181853,0.026931,-0.155994,0.315356,1.273344,0.176543,0.072183,-0.012623
0.025971,2.569238,0.758669,-0.012810,-0.008048,-0.753931,0.656779,-0.399826,0.005682,0.087329,0.556961,-0.115978,0.018518,0.208036,0.030237,0.080049,0.652762,-0.242560,0.003675,-0.010519,-0.012407,0.160072,-0.115320,0.175338,-0.361684,1.110040,-0.076049,-0.026866,0.181671,0.013815,-0.158752,0.323160,1.272287,0.180440,0.070166,-0.012327
0.025609,2.576726,0.757203,-0.013044,-0.006920,-0.756312,0.654045,-0.415233,0.014263,0.090096,0.563576,-0.107252,0.016947,0.210926,0.032933,0.083880,0.630485,-0.260580,-0.013541,-0.004808,-0.009826,0.163302,-0.114548,0.176385,-0.359180,1.109588,-0.076185,-0.026553,0.181686,-0.000105,-0.161613,0.331294,1.271186,0.184089,0.068322,-0.012037
0.025304,2.584420,0.755744,-0.013447,-0.006060,-0.758851,0.651097,-0.429472,0.023218,0.093339,0.568800,-0.097542,0.015337,0.214142,0.035427,0.087369,0.607095,-0.282106,-0.022416,0.001276,-0.007390,0.167851,-0.114086,0.177546,-0.356866,1.108904,-0.076689,-0.026239,0.181936,-0.015061,-0.164596,0.339864,1.270005,0.187360,0.066656,-0.011614
0.024850,2.592214,0.754421,-0.013908,-0.005385,-0.761537,0.647949,-0.442941,0.032404,0.097037,0.572790,-0.086903,0.013732,0.217053,0.037558,0.090562,0.582869,-0.307146,-0.026278,0.007688,-0.005144,0.173371,-0.113820,0.178822,-0.354653,1.107974,-0.077292,-0.025845,0.182315,-0.030976,-0.167668,0.348880,1.268741,0.190451,0.065080,-0.011056
0.024284,2.600029,0.753201,-0.014509,-0.004752,-0.764146,0.644863,-0.455450,0.041629,0.100257,0.574959,-0.074995,0.011952,0.219316,0.040052,0.093627,0.559086,-0.332574,-0.027146,0.013925,-0.002714,0.179601,-0.113681,0.180184,-0.352866,1.107131,-0.078187,-0.025523,0.182824,-0.047442,-0.170775,0.358030,1.267462,0.193507,0.063647,-0.010687
0.023819,2.608012,0.752007,-0.015357,-0.003999,-0.766455,0.642102,-0.466806,0.050692,0.102033,0.574699,-0.061463,0.009787,0.220488,0.043668,0.096811,0.537293,-0.355456,-0.027168,0.019508,0.000299,0.186292,-0.113644,0.181570,-0.351840,1.106738,-0.079548,-0.025421,0.183464,-0.064010,-0.173831,0.366944,1.266194,0.196652,0.062405,-0.010835
0.023396,2.616105,0.750938,-0.016477,-0.003131,-0.768481,0.639653,-0.476994,0.059627,0.102381,0.572096,-0.046550,0.007436,0.220279,0.048360,0.100608,0.518143,-0.376057,-0.025949,0.024400,0.003917,0.193563,-0.113890,0.182997,-0.351885,1.106843,-0.081744,-0.025655,0.184247,-0.080923,-0.176876,0.375747,1.265070,0.200062,0.061254,-0.011656
0.022930,2.624314,0.750003,-0.017793,-0.002244,-0.770321,0.637404,-0.486123,0.068437,0.101757,0.567379,-0.030327,0.004887,0.218920,0.053597,0.104694,0.500799,-0.395680,-0.022879,0.028849,0.007919,0.201487,-0.114428,0.184479,-0.352784,1.107311,-0.084575,-0.026122,0.185176,-0.098293,-0.179920,0.384486,1.264001,0.203610,0.060196,-0.012958
0.022485,2.632434,0.749339,-0.019316,-0.001247,-0.771871,0.635484,-0.494162,0.076898,0.099777,0.560112,-0.012139,0.001566,0.216599,0.059556,0.108205,0.484978,-0.413030,-0.019804,0.032797,0.012333,0.209713,-0.114996,0.185917,-0.354096,1.108315,-0.087375,-0.026651,0.186268,-0.115559,-0.182820,0.392684,1.262849,0.206964,0.059432,-0.014573
0.022002,2.640667,0.748866,-0.021044,-0.000056,-0.773028,0.634022,-0.501123,0.084838,0.095987,0.549983,0.008604,-0.003137,0.213535,0.066482,0.110339,0.470367,-0.426815,-0.018514,0.036192,0.017168,0.217834,-0.115384,0.187168,-0.355401,1.110155,-0.089469,-0.027074,0.187562,-0.132213,-0.185389,0.399858,1.261649,0.209774,0.059146,-0.016370
0.021408,2.648902,0.748633,-0.022975,0.001411,-0.773758,0.633063,-0.507171,0.092515,0.089985,0.537062,0.032173,-0.008459,0.209388,0.074675,0.111080,0.457078,-0.436461,-0.019521,0.038988,0.022516,0.225774,-0.115862,0.188127,-0.356847,1.113341,-0.090793,-0.027562,0.189363,-0.148489,-0.187433,0.405963,1.260730,0.211905,0.059568,-0.018639
0.020714,2.657201,0.748525,-0.025110,0.003091,-0.774114,0.632540,-0.512273,0.100007,0.081939,0.521642,0.058071,-0.014486,0.204096,0.083924,0.110818,0.445301,-0.442793,-0.021859,0.041144,0.028329,0.233729,-0.116408,0.188877,-0.358524,1.117579,-0.091653,-0.028132,0.191566,-0.164550,-0.189106,0.411272,1.260023,0.213562,0.060538,-0.021366
0.019960,2.665381,0.748581,-0.027459,0.004842,-0.774125,0.632419,-0.515923,0.106868,0.072176,0.503392,0.085892,-0.023163,0.198325,0.093726,0.109354,0.434798,-0.446555,-0.025039,0.043032,0.034289,0.241411,-0.117020,0.189187,-0.360349,1.122977,-0.091902,-0.028422,0.193748,-0.180253,-0.189920,0.415242,1.260116,0.214635,0.061525,-0.024113
0.019199,2.673496,0.748766,-0.030006,0.006492,-0.773820,0.632662,-0.517513,0.112674,0.060957,0.481880,0.115205,-0.036465,0.192862,0.103600,0.106500,0.425150,-0.448418,-0.028551,0.044214,0.040277,0.248981,-0.116517,0.189349,-0.361365,1.128001,-0.091402,-0.028037,0.195217,-0.194844,-0.190675,0.418678,1.259944,0.215687,0.062206,-0.026200
0.018421,2.681614,0.749055,-0.032825,0.008092,-0.773151,0.633321,-0.516693,0.117509,0.047975,0.455196,0.148475,-0.054829,0.187504,0.113799,0.101670,0.416949,-0.448123,-0.032556,0.044885,0.046405,0.256481,-0.115133,0.189237,-0.361465,1.132926,-0.089518,-0.026559,0.195805,-0.208301,-0.191313,0.421346,1.259693,0.216368,0.062497,-0.027606
0.017639,2.689596,0.749411,-0.035908,0.009696,-0.772121,0.634386,-0.513523,0.121831,0.032739,0.423936,0.184782,-0.077457,0.181988,0.124474,0.095108,0.410104,-0.445421,-0.037154,0.045026,0.052775,0.263940,-0.113145,0.188764,-0.360942,1.138138,-0.086508,-0.024317,0.195831,-0.220858,-0.191782,0.423280,1.259505,0.216713,0.062613,-0.028595
0.016814,2.697391,0.749825,-0.039160,0.011154,-0.770849,0.635715,-0.507898,0.125744,0.015458,0.391201,0.218566,-0.104343,0.176982,0.135093,0.087915,0.403413,-0.441112,-0.041770,0.044737,0.059243,0.271193,-0.110528,0.187743,-0.360197,1.143575,-0.083482,-0.021970,0.195533,-0.232401,-0.192112,0.424154,1.259339,0.216974,0.062530,-0.029029
0.015792,2.704899,0.750221,-0.042524,0.012352,-0.769466,0.637151,-0.499736,0.129238,-0.003199,0.359923,0.244495,-0.135235,0.173245,0.145185,0.081250,0.395590,-0.435950,-0.045871,0.044426,0.065589,0.278120,-0.107240,0.186284,-0.359962,1.148980,-0.081675,-0.020144,0.195126,-0.242706,-0.192270,0.423356,1.259008,0.217412,0.062210,-0.028748
0.014850,2.712146,0.750551,-0.046371,0.013384,-0.768037,0.638584,-0.486352,0.131841,-0.026293,0.324964,0.263417,-0.177475,0.171803,0.155549,0.075707,0.385775,-0.429584,-0.049391,0.044276,0.072469,0.284991,-0.102857,0.184570,-0.360284,1.153983,-0.081641,-0.018923,0.194527,-0.251503,-0.192287,0.420453,1.258353,0.217970,0.061635,-0.027417
0.014015,2.719283,0.750901,-0.050741,0.014324,-0.766529,0.640041,-0.468137,0.134651,-0.052462,0.286104,0.276776,-0.228151,0.172391,0.166528,0.070796,0.374361,-0.421534,-0.052653,0.044258,0.080052,0.291889,-0.097460,0.182569,-0.360894,1.158717,-0.082680,-0.017988,0.193664,-0.258969,-0.192235,0.415821,1.257492,0.218552,0.060830,-0.025197
0.013385,2.726378,0.751354,-0.054865,0.014950,-0.764855,0.641688,-0.450924,0.138535,-0.071032,0.255019,0.281129,-0.261800,0.173325,0.176351,0.065770,0.362596,-0.412771,-0.055546,0.044022,0.086956,0.298386,-0.091412,0.180425,-0.361763,1.163104,-0.084184,-0.017330,0.192640,-0.265462,-0.192160,0.410259,1.256286,0.219382,0.059857,-0.022648
0.013018,2.733448,0.752061,-0.057233,0.014211,-0.762617,0.644157,-0.439249,0.140463,-0.072688,0.240264,0.276611,-0.261800,0.171134,0.180565,0.058566,0.355868,-0.406852,-0.057427,0.042271,0.089537,0.304148,-0.085312,0.178096,-0.362975,1.167342,-0.085538,-0.016961,0.191620,-0.271321,-0.192107,0.404435,1.254645,0.220635,0.058764,-0.020347
0.012284,2.740472,0.753059,-0.058634,0.013759,-0.760253,0.646830,-0.441777,0.144192,-0.070998,0.258022,0.254529,-0.261800,0.167951,0.184096,0.050745,0.346536,-0.398938,-0.059797,0.040383,0.090790,0.308241,-0.079079,0.175874,-0.364344,1.170978,-0.086844,-0.017028,0.190487,-0.276546,-0.192015,0.398402,1.252263,0.222944,0.057464,-0.018175
0.011446,2.747444,0.754183,-0.059126,0.012862,-0.757607,0.649901,-0.451479,0.148016,-0.063466,0.295218,0.220419,-0.255646,0.163724,0.185380,0.041948,0.337833,-0.391042,-0.061977,0.037853,0.089826,0.311511,-0.072379,0.173766,-0.365897,1.173959,-0.088371,-0.017463,0.189187,-0.280998,-0.191889,0.391842,1.249312,0.225988,0.055956,-0.015903
0.010809,2.754269,0.755389,-0.058800,0.011273,-0.754717,0.653313,-0.462470,0.151533,-0.043354,0.340047,0.182406,-0.218829,0.158177,0.183753,0.032310,0.331711,-0.384301,-0.063525,0.034846,0.086974,0.314336,-0.065361,0.171716,-0.367846,1.176789,-0.089685,-0.017949,0.187846,-0.284650,-0.191751,0.385042,1.245958,0.228760,0.054467,-0.013958
0.010071,2.761118,0.756620,-0.058456,0.009869,-0.751944,0.656556,-0.471610,0.156729,-0.021244,0.385363,0.146240,-0.185543,0.152612,0.182240,0.023099,0.325157,-0.376690,-0.065249,0.032403,0.084400,0.316561,-0.058240,0.169694,-0.370373,1.180068,-0.090326,-0.018184,0.186589,-0.287545,-0.191611,0.378284,1.242425,0.230245,0.053216,-0.012806
0.009361,2.767788,0.757959,-0.058050,0.008634,-0.749262,0.659668,-0.478700,0.165029,0.006164,0.431804,0.111913,-0.155854,0.147060,0.180818,0.014140,0.318010,-0.368009,-0.067393,0.030529,0.082074,0.318149,-0.051166,0.167698,-0.373886,1.184049,-0.090208,-0.018258,0.185455,-0.289568,-0.191426,0.371445,1.238519,0.229853,0.052385,-0.012713
0.008635,2.774359,0.759330,-0.057441,0.007398,-0.746609,0.662738,-0.484839,0.176757,0.038977,0.482500,0.075852,-0.124278,0.141422,0.179061,0.005230,0.310570,-0.358557,-0.069789,0.029040,0.079540,0.319138,-0.044029,0.165729,-0.378196,1.188438,-0.089568,-0.018274,0.184380,-0.290749,-0.191199,0.364436,1.234246,0.228237,0.051814,-0.013392
0.008000,2.780872,0.760740,-0.056664,0.006222,-0.744067,0.665668,-0.489297,0.189437,0.070035,0.533886,0.040313,-0.093708,0.135544,0.177126,-0.003279,0.303128,-0.348702,-0.071976,0.028003,0.076956,0.319521,-0.036661,0.163746,-0.382561,1.192949,-0.088402,-0.017974,0.183332,-0.291260,-0.190963,0.357570,1.229943,0.226245,0.051206,-0.014472
0.007443,2.787307,0.762147,-0.055731,0.005184,-0.741700,0.668392,-0.492095,0.199613,0.092614,0.582742,0.008224,-0.067156,0.129107,0.175026,-0.011074,0.296135,-0.338842,-0.073476,0.027391,0.074429,0.319224,-0.028904,0.161685,-0.386216,1.197318,-0.086702,-0.017098,0.182281,-0.291327,-0.190779,0.351256,1.225996,0.224796,0.050264,-0.015590
0.006923,2.793658,0.763528,-0.054503,0.004317,-0.739479,0.670955,-0.494277,0.205601,0.105409,0.629551,-0.018999,-0.044626,0.121723,0.172465,-0.018083,0.289687,-0.328992,-0.074143,0.027038,0.071811,0.318111,-0.020771,0.159479,-0.388983,1.201482,-0.084024,-0.015368,0.181277,-0.291015,-0.190650,0.345571,1.222372,0.223815,0.048884,-0.016819
0.006447,2.799858,0.764873,-0.052976,0.003575,-0.737367,0.673403,-0.496104,0.208695,0.112357,0.675992,-0.042606,-0.024698,0.113453,0.169366,-0.024507,0.283825,-0.319041,-0.074215,0.026913,0.069047,0.316192,-0.012365,0.157109,-0.391233,1.205645,-0.080505,-0.013001,0.180323,-0.290250,-0.190560,0.340397,1.218952,0.222978,0.047234,-0.018307
0.005955,2.805978,0.766137,-0.051323,0.002906,-0.735408,0.675672,-0.496832,0.209375,0.114931,0.720865,-0.063314,-0.008402,0.104885,0.166016,-0.030405,0.278249,-0.309054,-0.073782,0.027191,0.066382,0.313620,-0.003644,0.154598,-0.393011,1.209870,-0.076974,-0.010479,0.179296,-0.288920,-0.190529,0.335650,1.215829,0.222651,0.045429,-0.019782
0.005550,2.812073,0.767339,-0.049747,0.002278,-0.733648,0.677703,-0.495657,0.208287,0.114508,0.763015,-0.081982,0.003211,0.096482,0.162719,-0.035870,0.272932,-0.299166,-0.072931,0.028057,0.064064,0.310567,0.005456,0.151982,-0.394355,1.214185,-0.074266,-0.008289,0.178073,-0.286908,-0.190575,0.331310,1.213064,0.223286,0.043591,-0.020961
0.005156,2.817978,0.768472,-0.048178,0.001743,-0.732192,0.679390,-0.492822,0.204887,0.110369,0.802597,-0.098457,0.008805,0.088084,0.159506,-0.040722,0.267858,-0.289311,-0.071484,0.029816,0.062150,0.306728,0.015101,0.149265,-0.395183,1.218567,-0.072738,-0.006492,0.176286,-0.284080,-0.190729,0.327323,1.210669,0.225407,0.041670,-0.021820
0.004847,2.823630,0.769568,-0.046545,0.001307,-0.730980,0.680809,-0.488784,0.198687,0.102516,0.840426,-0.112455,0.009098,0.079472,0.156143,-0.044977,0.263125,-0.279480,-0.069433,0.032278,0.060482,0.302121,0.025212,0.146435,-0.395525,1.222980,-0.071898,-0.004847,0.174107,-0.280493,-0.190985,0.323690,1.208550,0.228635,0.039633,-0.022475
0.004648,2.829116,0.770647,-0.044982,0.000805,-0.729813,0.682164,-0.482989,0.190700,0.093234,0.876234,-0.124710,0.006231,0.071139,0.152594,-0.049021,0.258696,-0.269872,-0.067149,0.034850,0.058954,0.297390,0.035494,0.143532,-0.395585,1.227443,-0.071323,-0.003380,0.172230,-0.276401,-0.191326,0.320512,1.206726,0.232075,0.037612,-0.022883
0.004539,2.834659,0.771648,-0.043645,0.000081,-0.728498,0.683656,-0.474881,0.182154,0.084627,0.909700,-0.135904,0.002468,0.063588,0.148860,-0.053252,0.254489,-0.260647,-0.065017,0.036952,0.057472,0.293190,0.045679,0.140626,-0.395563,1.231943,-0.070590,-0.002114,0.171349,-0.272053,-0.191728,0.317881,1.205210,0.234810,0.035733,-0.023000
0.004415,2.840116,0.772573,-0.042628,-0.001081,-0.726953,0.685362,-0.463753,0.172668,0.076487,0.940502,-0.145828,-0.002723,0.057466,0.144767,-0.057834,0.250325,-0.251871,-0.062998,0.038386,0.055914,0.289938,0.055792,0.137757,-0.395741,1.236479,-0.069656,-0.001103,0.171853,-0.267370,-0.192189,0.315840,1.204016,0.236787,0.033832,-0.022794
0.004290,2.845597,0.773393,-0.041841,-0.002528,-0.725292,0.687164,-0.450068,0.161912,0.067926,0.968949,-0.154331,-0.010151,0.052313,0.140388,-0.062543,0.246349,-0.243477,-0.060935,0.039489,0.054351,0.287206,0.065974,0.134929,-0.395952,1.241013,-0.068740,-0.000313,0.173300,-0.262275,-0.192722,0.314336,1.203140,0.238437,0.031907,-0.022296
0.004256,2.850853,0.774215,-0.041129,-0.003902,-0.723613,0.688968,-0.435076,0.151342,0.059891,0.995604,-0.162032,-0.017846,0.047035,0.136146,-0.067196,0.242830,-0.235328,-0.059050,0.040476,0.052999,0.284400,0.076150,0.132161,-0.395687,1.245430,-0.067792,0.000371,0.175110,-0.257006,-0.193286,0.313279,1.202527,0.239554,0.030333,-0.021563
0.004258,2.856028,0.774969,-0.040315,-0.004865,-0.722017,0.690682,-0.419992,0.142402,0.053338,1.020874,-0.169506,-0.023828,0.040505,0.132459,-0.071617,0.240141,-0.227360,-0.057571,0.041527,0.052027,0.280903,0.086263,0.129485,-0.394431,1.249623,-0.066800,0.001062,0.176717,-0.251882,-0.193844,0.312658,1.202234,0.239950,0.029478,-0.020680
0.004319,2.861320,0.775568,-0.039317,-0.005261,-0.720514,0.692305,-0.405388,0.135386,0.048408,1.045112,-0.176597,-0.027605,0.032183,0.129463,-0.075795,0.238466,-0.219542,-0.056629,0.042688,0.051477,0.276447,0.096311,0.126914,-0.391996,1.253549,-0.065678,0.001770,0.178108,-0.247031,-0.194344,0.312615,1.202303,0.239499,0.029586,-0.019647
0.004300,2.866724,0.776036,-0.038238,-0.005296,-0.719058,0.693877,-0.390532,0.129596,0.044587,1.067954,-0.183034,-0.030178,0.022747,0.126944,-0.079826,0.237581,-0.211918,-0.056096,0.043823,0.051213,0.271389,0.106365,0.124444,-0.388622,1.257239,-0.064456,0.002443,0.179539,-0.242330,-0.194774,0.313134,1.202774,0.238297,0.030403,-0.018446
0.004184,2.872076,0.776442,-0.037207,-0.005158,-0.717666,0.695374,-0.374730,0.124990,0.041841,1.088807,-0.189161,-0.031788,0.012955,0.124793,-0.083684,0.237066,-0.204418,-0.055797,0.044897,0.051190,0.266095,0.116456,0.122076,-0.384475,1.260660,-0.063277,0.003105,0.180839,-0.237645,-0.195124,0.313999,1.203574,0.236619,0.031549,-0.017099
0.004006,2.877392,0.776783,-0.036362,-0.005022,-0.716358,0.696767,-0.357320,0.121533,0.040130,1.107109,-0.195337,-0.032676,0.003559,0.122908,-0.087347,0.236499,-0.196962,-0.055557,0.045869,0.051360,0.260925,0.126611,0.119818,-0.379713,1.263792,-0.062289,0.003780,0.181840,-0.232883,-0.195411,0.315010,1.204670,0.234739,0.032638,-0.015638
0.003846,2.882641,0.777024,-0.035826,-0.004951,-0.715164,0.698020,-0.337674,0.119669,0.039868,1.122670,-0.202017,-0.032778,-0.005062,0.121384,-0.090717,0.235778,-0.189578,-0.055415,0.046822,0.051793,0.256088,0.136958,0.117680,-0.373997,1.266481,-0.061285,0.004613,0.182261,-0.227966,-0.195629,0.316139,1.206071,0.232584,0.033631,-0.013907
0.003782,2.887808,0.777222,-0.035482,-0.004867,-0.714070,0.699158,-0.316283,0.119285,0.040914,1.135760,-0.208848,-0.031986,-0.013327,0.120263,-0.093847,0.235047,-0.182256,-0.055446,0.047745,0.052473,0.251355,0.147461,0.115657,-0.367369,1.268768,-0.060282,0.005547,0.182266,-0.222988,-0.195786,0.317505,1.207821,0.230064,0.034704,-0.011945
0.003860,2.892943,0.777351,-0.035169,-0.004667,-0.713020,0.700246,-0.294165,0.119494,0.042415,1.146523,-0.214993,-0.030485,-0.021823,0.119346,-0.096944,0.234547,-0.175006,-0.055530,0.048519,0.053276,0.246459,0.157858,0.113726,-0.360587,1.270928,-0.059718,0.006300,0.182355,-0.217957,-0.195878,0.319021,1.209751,0.227408,0.035825,-0.010054
0.003899,2.898037,0.777428,-0.034722,-0.004250,-0.711959,0.701349,-0.272354,0.119400,0.043524,1.155111,-0.219612,-0.028463,-0.031122,0.118416,-0.100202,0.234492,-0.167839,-0.055536,0.049048,0.054080,0.241126,0.167882,0.111866,-0.354441,1.273248,-0.060041,0.006591,0.183028,-0.212893,-0.195927,0.320629,1.211713,0.224908,0.036964,-0.008538
0.003889,2.903201,0.777409,-0.034102,-0.003536,-0.710885,0.702472,-0.251046,0.119510,0.044556,1.161745,-0.222813,-0.025549,-0.041367,0.117608,-0.103637,0.234756,-0.160637,-0.055449,0.049322,0.055010,0.235166,0.177508,0.110097,-0.349407,1.275884,-0.061969,0.006060,0.184741,-0.207798,-0.195958,0.322404,1.213706,0.222536,0.038194,-0.007416
0.003947,2.908391,0.777301,-0.033420,-0.002572,-0.709821,0.703584,-0.229740,0.120050,0.045790,1.166310,-0.224933,-0.021786,-0.052229,0.116953,-0.107153,0.235238,-0.153412,-0.055322,0.049428,0.056102,0.228774,0.186849,0.108428,-0.345013,1.278659,-0.065071,0.004947,0.187114,-0.202610,-0.195983,0.324289,1.215740,0.220154,0.039510,-0.006537
0.003999,2.913604,0.777206,-0.032630,-0.001558,-0.708751,0.704702,-0.208442,0.119686,0.046321,1.168486,-0.225476,-0.017969,-0.063679,0.116074,-0.110784,0.236394,-0.146465,-0.055130,0.049388,0.057090,0.222228,0.195821,0.106826,-0.340647,1.281415,-0.068082,0.003869,0.189417,-0.197316,-0.196028,0.326100,1.217756,0.217928,0.040766,-0.005951
0.004090,2.918756,0.777082,-0.031729,-0.000645,-0.707659,0.705841,-0.187178,0.117098,0.045228,1.167993,-0.223965,-0.014889,-0.075646,0.114589,-0.114544,0.238616,-0.140067,-0.054844,0.049218,0.057724,0.215796,0.204339,0.105222,-0.335679,1.283995,-0.069730,0.003463,0.190934,-0.191872,-0.196123,0.327606,1.219668,0.215974,0.041824,-0.005711
0.004225,2.923979,0.776895,-0.030691,0.000145,-0.706527,0.707021,-0.165975,0.112166,0.042419,1.164889,-0.219961,-0.011987,-0.088168,0.112370,-0.118520,0.242014,-0.134368,-0.054448,0.048902,0.057960,0.209431,0.212390,0.103564,-0.329800,1.286413,-0.069306,0.004072,0.191387,-0.186244,-0.196291,0.328807,1.221528,0.214225,0.042657,-0.005939
0.004412,2.929184,0.776642,-0.029520,0.000885,-0.705367,0.708227,-0.144835,0.105543,0.038308,1.159320,-0.213822,-0.009081,-0.101257,0.109599,-0.122650,0.246372,-0.129196,-0.053947,0.048415,0.057945,0.203021,0.219968,0.101832,-0.323354,1.288853,-0.067596,0.005253,0.191195,-0.180478,-0.196529,0.329849,1.223368,0.212675,0.043342,-0.006575
0.004688,2.934489,0.776388,-0.028258,0.001563,-0.704212,0.709426,-0.123718,0.097055,0.032707,1.151142,-0.206280,-0.007527,-0.114861,0.106367,-0.126719,0.251653,-0.124347,-0.053341,0.047928,0.057644,0.196748,0.227119,0.100282,-0.316917,1.291036,-0.065659,0.006629,0.190662,-0.174551,-0.196805,0.330489,1.224998,0.211449,0.043878,-0.007381
0.004977,2.939736,0.776100,-0.026953,0.002167,-0.703093,0.710584,-0.102573,0.086538,0.025396,1.140197,-0.198080,-0.008672,-0.128917,0.102781,-0.130522,0.257812,-0.119616,-0.052637,0.047008,0.057240,0.190730,0.233643,0.098352,-0.310340,1.293416,-0.064271,0.007616,0.190231,-0.168846,-0.197201,0.331258,1.226612,0.210871,0.044275,-0.008170
0.005289,2.945053,0.775761,-0.025539,0.002670,-0.702055,0.711659,-0.081248,0.073417,0.015921,1.126090,-0.188789,-0.013432,-0.143585,0.098761,-0.133923,0.265039,-0.114990,-0.051704,0.046108,0.056583,0.184951,0.239664,0.096412,-0.304011,1.295672,-0.063909,0.008089,0.189914,-0.163138,-0.197715,0.331644,1.227978,0.211008,0.044475,-0.008836
0.005674,2.950481,0.775383,-0.024023,0.003093,-0.701071,0.712680,-0.059735,0.058039,0.004379,1.109041,-0.178344,-0.020848,-0.158831,0.094280,-0.137030,0.273279,-0.110560,-0.050575,0.045133,0.055679,0.179367,0.245207,0.094444,-0.297690,1.297805,-0.064000,0.008313,0.189523,-0.157393,-0.198348,0.331774,1.229109,0.211767,0.044498,-0.009497
0.006068,2.955919,0.774948,-0.022499,0.003445,-0.700062,0.713719,-0.038178,0.041632,-0.008608,1.089771,-0.168023,-0.029434,-0.174287,0.089556,-0.140012,0.282039,-0.106226,-0.049512,0.043951,0.054668,0.174111,0.250080,0.092498,-0.291666,1.300021,-0.064271,0.008457,0.189043,-0.151576,-0.199054,0.331641,1.229991,0.212780,0.044455,-0.010238
0.006478,2.961435,0.774463,-0.021089,0.003764,-0.698953,0.714846,-0.016773,0.025415,-0.022345,1.069021,-0.159037,-0.037690,-0.189634,0.084790,-0.143058,0.290906,-0.101894,-0.048792,0.042457,0.053668,0.169328,0.254104,0.090680,-0.286262,1.302488,-0.064479,0.008697,0.188449,-0.145666,-0.199758,0.331239,1.230613,0.213708,0.044447,-0.011146
0.006885,2.967018,0.773889,-0.019779,0.004057,-0.697715,0.716090,0.004534,0.008947,-0.037430,1.046615,-0.151479,-0.045860,-0.204786,0.079989,-0.146214,0.299661,-0.097567,-0.048538,0.040616,0.052664,0.164990,0.257359,0.089055,-0.281367,1.305084,-0.064452,0.009161,0.187613,-0.139588,-0.200423,0.330505,1.230936,0.214430,0.044454,-0.012378
0.007252,2.972632,0.773250,-0.018514,0.004301,-0.696393,0.717409,0.025876,-0.007992,-0.054037,1.022325,-0.144835,-0.054387,-0.220000,0.075056,-0.149389,0.308742,-0.093299,-0.048595,0.038515,0.051552,0.161050,0.259951,0.087689,-0.276898,1.307688,-0.064388,0.009735,0.186568,-0.133395,-0.201021,0.329434,1.230996,0.215131,0.044427,-0.013848
0.007585,2.978321,0.772555,-0.017366,0.004503,-0.695014,0.718773,0.047097,-0.023946,-0.070724,0.996762,-0.139260,-0.062115,-0.235039,0.070105,-0.152560,0.317775,-0.088946,-0.048852,0.036192,0.050349,0.157603,0.261726,0.086590,-0.273134,1.310499,-0.064506,0.010234,0.185542,-0.127209,-0.201517,0.328110,1.230851,0.215927,0.044442,-0.015276
0.007867,2.984082,0.771747,-0.016361,0.004628,-0.693605,0.720155,0.067956,-0.037559,-0.085978,0.970534,-0.134861,-0.067975,-0.249852,0.065226,-0.155720,0.326789,-0.084442,-0.049205,0.033720,0.048996,0.154742,0.262582,0.085893,-0.270403,1.313648,-0.065061,0.010474,0.184749,-0.121216,-0.201849,0.326650,1.230641,0.216989,0.044560,-0.016393
0.008140,2.989915,0.770882,-0.015541,0.004710,-0.692206,0.721517,0.088521,-0.048736,-0.099573,0.943446,-0.131831,-0.072300,-0.264437,0.060637,-0.158828,0.335742,-0.079813,-0.049733,0.031143,0.047619,0.152428,0.262464,0.085535,-0.268796,1.317359,-0.066122,0.010253,0.184186,-0.115389,-0.202016,0.325112,1.230296,0.218611,0.044852,-0.017067
0.008365,2.995833,0.769903,-0.014880,0.004754,-0.690790,0.722887,0.108805,-0.058187,-0.112178,0.915266,-0.129987,-0.075498,-0.278831,0.056231,-0.161926,0.344650,-0.075077,-0.050498,0.028306,0.046193,0.150612,0.261507,0.085440,-0.268080,1.321458,-0.067567,0.009721,0.183774,-0.109786,-0.202065,0.323608,1.229919,0.220704,0.045258,-0.017479
0.008530,3.001898,0.768856,-0.014299,0.004675,-0.689285,0.724334,0.128383,-0.065898,-0.123557,0.886688,-0.128809,-0.076732,-0.293076,0.051607,-0.165126,0.353684,-0.070254,-0.051373,0.025240,0.044551,0.149456,0.259457,0.085564,-0.268087,1.325868,-0.069188,0.009190,0.183618,-0.104275,-0.202037,0.321729,1.229377,0.222511,0.045691,-0.017751
0.008679,3.008100,0.767723,-0.013719,0.004390,-0.687622,0.725926,0.146815,-0.071899,-0.133420,0.858428,-0.127778,-0.075174,-0.307161,0.046355,-0.168505,0.362886,-0.065302,-0.052217,0.021955,0.042422,0.149054,0.256484,0.086134,-0.268874,1.330055,-0.070996,0.009027,0.183781,-0.098832,-0.201866,0.319345,1.228723,0.223517,0.046023,-0.018064
0.008772,3.014382,0.766557,-0.013170,0.003857,-0.685806,0.727655,0.164149,-0.076244,-0.141436,0.830630,-0.125694,-0.070943,-0.321083,0.040412,-0.172066,0.372577,-0.060422,-0.053055,0.018122,0.039630,0.149458,0.252957,0.087205,-0.270084,1.333717,-0.073018,0.009414,0.184460,-0.093666,-0.201472,0.317038,1.228206,0.223701,0.046176,-0.018403
0.008924,3.020706,0.765343,-0.012656,0.003104,-0.683866,0.729491,0.180506,-0.079154,-0.147709,0.802961,-0.123246,-0.064560,-0.334864,0.033942,-0.175741,0.382657,-0.055583,-0.053963,0.013746,0.036352,0.150578,0.248665,0.088518,-0.271702,1.337271,-0.075205,0.010115,0.185598,-0.088812,-0.200899,0.314869,1.227828,0.223389,0.046228,-0.018720
0.009095,3.027211,0.764110,-0.012115,0.002207,-0.681765,0.731467,0.195636,-0.080977,-0.152701,0.775373,-0.122806,-0.055932,-0.348585,0.026856,-0.179503,0.392695,-0.050466,-0.054854,0.008800,0.032697,0.152335,0.243401,0.089949,-0.273740,1.340751,-0.077329,0.010894,0.186761,-0.084320,-0.200212,0.312428,1.227448,0.222615,0.046298,-0.019112
0.009249,3.033875,0.762850,-0.011465,0.001222,-0.679463,0.733619,0.209282,-0.082109,-0.156982,0.747828,-0.126791,-0.045032,-0.362402,0.019040,-0.183325,0.402378,-0.044818,-0.055632,0.003559,0.028497,0.154689,0.237147,0.091960,-0.276453,1.343808,-0.079227,0.011570,0.187383,-0.080138,-0.199217,0.308975,1.226856,0.221368,0.046481,-0.019674
0.009398,3.040713,0.761487,-0.010716,0.000116,-0.676939,0.735962,0.221862,-0.082375,-0.160367,0.719520,-0.137037,-0.031796,-0.376499,0.010398,-0.187223,0.412178,-0.038840,-0.056289,-0.002271,0.023839,0.157713,0.229818,0.094174,-0.279470,1.346665,-0.080742,0.012064,0.187237,-0.076434,-0.198053,0.304771,1.226152,0.219409,0.046872,-0.020464
0.009536,3.047806,0.760051,-0.009893,-0.001133,-0.674217,0.738466,0.233429,-0.082045,-0.162746,0.690645,-0.152015,-0.016648,-0.390765,0.000969,-0.191145,0.422112,-0.032591,-0.056867,-0.008573,0.018679,0.161390,0.221437,0.096594,-0.282932,1.349387,-0.082012,0.012492,0.186627,-0.073138,-0.196711,0.299932,1.225368,0.216812,0.047394,-0.021418
0.009697,3.055110,0.758607,-0.008934,-0.002460,-0.671319,0.741111,0.243189,-0.082018,-0.164813,0.662655,-0.168994,-0.000105,-0.404889,-0.009115,-0.194984,0.431187,-0.025616,-0.057334,-0.015275,0.013082,0.165467,0.212015,0.099247,-0.287118,1.351872,-0.083138,0.012888,0.185968,-0.070150,-0.195204,0.294433,1.224377,0.214211,0.047931,-0.022452
0.009859,3.062530,0.757186,-0.007792,-0.003777,-0.668262,0.743875,0.250241,-0.082978,-0.167196,0.637186,-0.185248,0.017642,-0.418583,-0.019689,-0.198664,0.438400,-0.017435,-0.057655,-0.022294,0.007144,0.169704,0.201561,0.102168,-0.292319,1.354009,-0.084210,0.013282,0.185668,-0.067357,-0.193548,0.288277,1.223021,0.212295,0.048367,-0.023480
0.009991,3.070157,0.755770,-0.006358,-0.005070,-0.664953,0.746841,0.253543,-0.085025,-0.169854,0.614996,-0.199221,0.039680,-0.432187,-0.031046,-0.202348,0.444068,-0.008226,-0.057946,-0.029804,0.000731,0.173963,0.189961,0.105359,-0.298703,1.355820,-0.085092,0.013794,0.185849,-0.064734,-0.191754,0.281210,1.221237,0.211320,0.048735,-0.024504
0.010134,3.077862,0.754443,-0.004694,-0.006367,-0.661409,0.749984,0.253725,-0.087884,-0.172487,0.595381,-0.212845,0.065256,-0.445769,-0.043162,-0.205971,0.448561,0.001856,-0.058173,-0.037734,-0.006188,0.178377,0.177241,0.108785,-0.306178,1.357325,-0.085815,0.014378,0.186267,-0.062294,-0.189802,0.273273,1.219042,0.210897,0.049080,-0.025544
0.010184,3.085821,0.753097,-0.002963,-0.007696,-0.657821,0.753129,0.252426,-0.091346,-0.175385,0.577610,-0.228280,0.088623,-0.458566,-0.055306,-0.209197,0.450861,0.013354,-0.058080,-0.045688,-0.013337,0.183080,0.163650,0.112441,-0.314539,1.358430,-0.086676,0.014795,0.186788,-0.060040,-0.187725,0.264942,1.216548,0.210717,0.049290,-0.026570
0.010284,3.093844,0.751803,-0.001411,-0.009015,-0.654382,0.756109,0.251506,-0.094954,-0.178939,0.560387,-0.247303,0.104010,-0.469810,-0.066673,-0.211783,0.449963,0.026806,-0.057409,-0.053287,-0.020352,0.188241,0.149451,0.116327,-0.323526,1.359002,-0.087935,0.014809,0.187270,-0.057930,-0.185562,0.256692,1.213812,0.210470,0.049257,-0.027536
0.010367,3.102076,0.750535,-0.000225,-0.010208,-0.651022,0.758990,0.251575,-0.097668,-0.183171,0.543173,-0.271917,0.108509,-0.479063,-0.076976,-0.214781,0.445379,0.041850,-0.056391,-0.060729,-0.026837,0.194054,0.134585,0.120440,-0.333046,1.358938,-0.089631,0.014300,0.187743,-0.055993,-0.183328,0.248578,1.210704,0.210131,0.048923,-0.028291
0.010369,3.110337,0.749289,0.000717,-0.011282,-0.647671,0.761836,0.251681,-0.099544,-0.187758,0.526249,-0.300232,0.105793,-0.486800,-0.086505,-0.218117,0.437666,0.058397,-0.055057,-0.068158,-0.032964,0.200371,0.118976,0.124745,-0.343225,1.358309,-0.091610,0.013411,0.188251,-0.054222,-0.181032,0.240397,1.207244,0.209849,0.048354,-0.028903
0.010302,3.118746,0.748111,0.001669,-0.012409,-0.644529,0.764477,0.251218,-0.101765,-0.192618,0.509810,-0.328171,0.100007,-0.493628,-0.095323,-0.219803,0.427344,0.077431,-0.052821,-0.075114,-0.039188,0.206873,0.102831,0.129178,-0.354218,1.357249,-0.093941,0.012303,0.188674,-0.052516,-0.178692,0.232273,1.203671,0.209610,0.047641,-0.029641
0.010273,3.126911,0.747070,0.002909,-0.013786,-0.641800,0.766742,0.249593,-0.105714,-0.197914,0.494237,-0.351831,0.095332,-0.500232,-0.103574,-0.217721,0.415075,0.099862,-0.049068,-0.081139,-0.045991,0.213247,0.086358,0.133654,-0.366096,1.355890,-0.096639,0.011133,0.188896,-0.050766,-0.176328,0.224321,1.200219,0.209373,0.046872,-0.030783
0.010348,3.135087,0.746174,0.004585,-0.015527,-0.639514,0.768609,0.246660,-0.112067,-0.204538,0.479246,-0.370331,0.092108,-0.506833,-0.111604,-0.210766,0.400860,0.126008,-0.043751,-0.086099,-0.053692,0.219636,0.069087,0.138147,-0.379299,1.354454,-0.100153,0.009993,0.188910,-0.049054,-0.173970,0.216423,1.196754,0.209062,0.046001,-0.032320
0.010418,3.143375,0.745473,0.006513,-0.017494,-0.637579,0.770158,0.242629,-0.119845,-0.212154,0.464934,-0.385850,0.088549,-0.513037,-0.119185,-0.200060,0.384354,0.155355,-0.037057,-0.090204,-0.061883,0.226155,0.051031,0.142630,-0.393648,1.352806,-0.104330,0.008786,0.188769,-0.047377,-0.171638,0.208548,1.193202,0.208710,0.045008,-0.034128
0.010602,3.151687,0.744929,0.008479,-0.019514,-0.636026,0.771374,0.237477,-0.128174,-0.219249,0.452366,-0.399129,0.085523,-0.518628,-0.125714,-0.186681,0.365891,0.187436,-0.028648,-0.093555,-0.069980,0.232461,0.033122,0.147011,-0.408246,1.350583,-0.108297,0.007362,0.188482,-0.045541,-0.169308,0.201010,1.189904,0.208476,0.044017,-0.036316
0.010879,3.160157,0.744547,0.010284,-0.021439,-0.634884,0.772241,0.231268,-0.136305,-0.224278,0.442490,-0.410807,0.083761,-0.523330,-0.130673,-0.171673,0.345763,0.221797,-0.018153,-0.096311,-0.077447,0.238201,0.016271,0.151191,-0.422158,1.347517,-0.111181,0.005560,0.188072,-0.043431,-0.166957,0.194172,1.187288,0.208518,0.043148,-0.039014
0.011155,3.168491,0.744246,0.011989,-0.023229,-0.634161,0.772759,0.223517,-0.144544,-0.226951,0.436056,-0.420852,0.083432,-0.527108,-0.134182,-0.154776,0.322014,0.262553,-0.005229,-0.098565,-0.084266,0.243211,0.000370,0.155196,-0.436049,1.343852,-0.112548,0.002953,0.187750,-0.041096,-0.164571,0.188050,1.185475,0.209138,0.042354,-0.042621
0.011525,3.176435,0.743994,0.013658,-0.024973,-0.633855,0.772928,0.214339,-0.153200,-0.227986,0.432472,-0.429040,0.084010,-0.529872,-0.136580,-0.135090,0.295045,0.308374,0.010219,-0.100210,-0.090666,0.247736,-0.014971,0.159051,-0.450074,1.339670,-0.112913,-0.000248,0.187450,-0.038609,-0.162156,0.182485,1.184267,0.210161,0.041592,-0.046961
0.011963,3.184052,0.743765,0.015096,-0.026728,-0.633955,0.772760,0.204853,-0.161657,-0.227413,0.430537,-0.435592,0.085146,-0.531050,-0.137801,-0.113083,0.268381,0.350822,0.028060,-0.101230,-0.096545,0.252037,-0.029268,0.162664,-0.462478,1.334558,-0.112799,-0.003257,0.186819,-0.035901,-0.159734,0.177656,1.183655,0.211061,0.040988,-0.051314
0.012462,3.191474,0.743654,0.016131,-0.028606,-0.634426,0.772286,0.196274,-0.169384,-0.225354,0.428940,-0.440671,0.086534,-0.530022,-0.137849,-0.089781,0.245509,0.381484,0.047793,-0.101756,-0.101863,0.256382,-0.042029,0.165912,-0.471390,1.328174,-0.112694,-0.005304,0.185515,-0.032954,-0.157334,0.173889,1.183689,0.211384,0.040671,-0.054974
0.012964,3.198700,0.743688,0.016804,-0.030796,-0.635210,0.771542,0.189038,-0.176765,-0.221754,0.427480,-0.444096,0.088434,-0.525757,-0.136084,-0.062747,0.224895,0.398655,0.072230,-0.101994,-0.106898,0.260835,-0.053171,0.168783,-0.476077,1.320367,-0.112545,-0.005855,0.183173,-0.029657,-0.154997,0.171255,1.184441,0.211076,0.040676,-0.058029
0.013547,3.205772,0.743838,0.017211,-0.033270,-0.636298,0.770533,0.182647,-0.184130,-0.216677,0.426674,-0.445784,0.090929,-0.518768,-0.133210,-0.033007,0.205782,0.405962,0.100121,-0.101989,-0.111712,0.265290,-0.062954,0.171347,-0.477513,1.311463,-0.112121,-0.005445,0.180087,-0.026063,-0.152739,0.169702,1.185900,0.210416,0.040942,-0.060775
0.014125,3.212673,0.744034,0.017252,-0.035722,-0.637767,0.769207,0.176737,-0.190680,-0.210322,0.426344,-0.446075,0.093433,-0.511301,-0.130560,-0.007226,0.192978,0.403736,0.124651,-0.101519,-0.115806,0.269645,-0.071419,0.173609,-0.476312,1.301827,-0.111564,-0.004867,0.176931,-0.022366,-0.150574,0.169218,1.187972,0.209326,0.041449,-0.062824
0.014701,3.219369,0.744457,0.016772,-0.037731,-0.639738,0.767483,0.170746,-0.195418,-0.202788,0.426477,-0.445399,0.095317,-0.505821,-0.128759,0.008289,0.191060,0.393246,0.139402,-0.100297,-0.118508,0.273719,-0.078675,0.175514,-0.473067,1.292027,-0.111036,-0.005040,0.174371,-0.018798,-0.148537,0.169825,1.190594,0.207730,0.042177,-0.063793
0.015295,3.225994,0.745112,0.015597,-0.039182,-0.642431,0.765182,0.164591,-0.197813,-0.193627,0.427359,-0.443841,0.096458,-0.503532,-0.127487,0.010746,0.203045,0.373190,0.141623,-0.097855,-0.119349,0.277631,-0.084619,0.176988,-0.467305,1.281931,-0.110734,-0.006201,0.172460,-0.015411,-0.146680,0.171549,1.193864,0.205575,0.042997,-0.063366
0.015920,3.232500,0.745961,0.013853,-0.040276,-0.645723,0.762383,0.158495,-0.198402,-0.182942,0.428962,-0.441219,0.097191,-0.503144,-0.126265,0.004145,0.225839,0.344007,0.135315,-0.094463,-0.118688,0.281373,-0.089303,0.178032,-0.458916,1.271460,-0.110532,-0.007896,0.170893,-0.012053,-0.145022,0.174354,1.197759,0.202910,0.043961,-0.061812
0.016539,3.238846,0.746975,0.011851,-0.041089,-0.649211,0.759405,0.152308,-0.197838,-0.171686,0.430887,-0.437543,0.097561,-0.503331,-0.125464,-0.007247,0.254812,0.309842,0.124520,-0.090942,-0.117168,0.284634,-0.093001,0.178711,-0.449055,1.260998,-0.110074,-0.009836,0.169821,-0.008668,-0.143527,0.178146,1.202063,0.199824,0.045315,-0.059607
0.017159,3.244880,0.748231,0.009892,-0.041659,-0.652517,0.756563,0.145816,-0.196712,-0.160759,0.432735,-0.432846,0.097591,-0.502780,-0.125235,-0.019454,0.285214,0.274892,0.113096,-0.088018,-0.115393,0.287080,-0.096002,0.179127,-0.438944,1.250903,-0.109022,-0.011720,0.169391,-0.005190,-0.142136,0.182771,1.206555,0.196380,0.047305,-0.057232
0.017770,3.250794,0.749584,0.007929,-0.042008,-0.655694,0.753816,0.139155,-0.194907,-0.149956,0.434489,-0.426935,0.097241,-0.501261,-0.125575,-0.032370,0.317201,0.237912,0.100197,-0.085613,-0.113401,0.288743,-0.098021,0.179305,-0.428327,1.241025,-0.106977,-0.013632,0.169840,-0.001688,-0.140794,0.188428,1.211372,0.192379,0.050282,-0.054700
0.018343,3.256703,0.751030,0.005853,-0.042174,-0.658857,0.751062,0.132505,-0.192300,-0.139053,0.436269,-0.419817,0.096527,-0.499034,-0.126695,-0.047456,0.352363,0.197492,0.084562,-0.083488,-0.111076,0.289829,-0.099022,0.179256,-0.416763,1.231216,-0.104231,-0.015668,0.171018,0.001830,-0.139502,0.195084,1.216588,0.187817,0.054009,-0.051794
0.018915,3.262440,0.752601,0.003856,-0.042141,-0.661774,0.748508,0.125629,-0.189315,-0.128807,0.437810,-0.411788,0.095496,-0.496080,-0.128711,-0.063559,0.388893,0.157501,0.069124,-0.081993,-0.108624,0.290208,-0.099638,0.179062,-0.405250,1.221768,-0.101505,-0.017538,0.172492,0.005572,-0.138233,0.202255,1.221808,0.183113,0.057856,-0.048624
0.019331,3.267977,0.754272,0.002122,-0.041861,-0.664231,0.746352,0.118202,-0.186332,-0.119919,0.438917,-0.403202,0.094180,-0.492584,-0.131717,-0.079816,0.425278,0.121767,0.056627,-0.081370,-0.106232,0.289728,-0.100495,0.178836,-0.394845,1.212959,-0.099527,-0.018956,0.173823,0.009748,-0.136976,0.209329,1.226649,0.178614,0.061188,-0.045313
0.019791,3.273483,0.755995,0.000753,-0.041230,-0.666111,0.744712,0.109814,-0.183292,-0.112695,0.439665,-0.393916,0.092456,-0.488708,-0.136394,-0.097603,0.461623,0.091603,0.047957,-0.081684,-0.103859,0.288178,-0.101696,0.178620,-0.385833,1.204716,-0.098828,-0.019707,0.175072,0.014576,-0.135758,0.216240,1.230865,0.174124,0.063947,-0.041701
0.020186,3.278919,0.757731,-0.000377,-0.040278,-0.667564,0.743462,0.100752,-0.179992,-0.106728,0.440080,-0.383830,0.090299,-0.484264,-0.142695,-0.117032,0.498656,0.064814,0.041344,-0.083067,-0.101571,0.285610,-0.102764,0.178407,-0.377234,1.196894,-0.098773,-0.019994,0.176415,0.019583,-0.134405,0.223667,1.235040,0.169630,0.066404,-0.037887
0.020510,3.284274,0.759473,-0.001384,-0.039188,-0.668784,0.742422,0.091586,-0.176567,-0.101608,0.440063,-0.373405,0.087882,-0.479205,-0.149469,-0.135491,0.536155,0.039953,0.035498,-0.084745,-0.099219,0.282540,-0.103910,0.178251,-0.369814,1.189581,-0.098912,-0.020120,0.177549,0.024922,-0.133058,0.230684,1.238922,0.165449,0.068511,-0.034066
0.020728,3.289433,0.761234,-0.002396,-0.038124,-0.669967,0.741408,0.082934,-0.173170,-0.096908,0.439444,-0.363075,0.085397,-0.473465,-0.155361,-0.150329,0.573638,0.015673,0.029256,-0.086249,-0.096751,0.279425,-0.105200,0.178192,-0.363890,1.182834,-0.098638,-0.020388,0.178174,0.030512,-0.131811,0.236785,1.242474,0.162028,0.070219,-0.030499
0.020925,3.294481,0.762942,-0.003424,-0.037091,-0.671112,0.740420,0.074895,-0.169737,-0.092681,0.438074,-0.352783,0.082795,-0.467225,-0.159923,-0.160787,0.611437,-0.008179,0.022254,-0.087814,-0.094250,0.276220,-0.106567,0.178297,-0.359294,1.176778,-0.097602,-0.020838,0.178089,0.036109,-0.130494,0.242328,1.246036,0.159744,0.071326,-0.027281
0.021206,3.299519,0.764598,-0.004407,-0.036008,-0.672136,0.739539,0.067159,-0.166199,-0.089108,0.436064,-0.342350,0.079990,-0.460516,-0.163753,-0.168348,0.649583,-0.030884,0.015126,-0.089377,-0.091636,0.272796,-0.108034,0.178557,-0.356196,1.171273,-0.096286,-0.021312,0.177475,0.041994,-0.129204,0.247193,1.249302,0.158237,0.071945,-0.024207
0.021517,3.304594,0.766150,-0.005352,-0.034927,-0.673111,0.738697,0.059714,-0.162711,-0.085916,0.433666,-0.332058,0.077148,-0.453209,-0.166931,-0.173698,0.687323,-0.052572,0.008303,-0.090743,-0.088879,0.269267,-0.109554,0.178831,-0.354445,1.166107,-0.094977,-0.021861,0.176654,0.048243,-0.128181,0.251036,1.251984,0.157000,0.072446,-0.021301
0.021765,3.309470,0.767606,-0.006238,-0.033927,-0.674108,0.737827,0.052498,-0.159452,-0.082814,0.431205,-0.322216,0.074453,-0.445178,-0.169546,-0.177532,0.723968,-0.073406,0.002223,-0.092099,-0.086215,0.265631,-0.110856,0.179140,-0.353390,1.161020,-0.093827,-0.022536,0.175951,0.054445,-0.127223,0.254013,1.254379,0.155600,0.073147,-0.018764
0.022020,3.314286,0.768923,-0.007061,-0.033010,-0.675161,0.736897,0.045662,-0.156517,-0.079771,0.428353,-0.312636,0.071810,-0.436500,-0.171370,-0.179638,0.759591,-0.094108,-0.002846,-0.093415,-0.083757,0.261809,-0.111825,0.179579,-0.353148,1.155901,-0.093121,-0.023458,0.175432,0.060525,-0.126131,0.256022,1.256581,0.153794,0.074231,-0.016684
0.022269,3.319063,0.770155,-0.007822,-0.032142,-0.676232,0.735945,0.039162,-0.153783,-0.076901,0.425069,-0.303234,0.069183,-0.427276,-0.172298,-0.179862,0.794548,-0.114360,-0.007147,-0.094556,-0.081167,0.257879,-0.112714,0.179938,-0.354023,1.150983,-0.092694,-0.024617,0.174912,0.066868,-0.125324,0.256885,1.258160,0.151813,0.075524,-0.014854
0.022526,3.323772,0.771272,-0.008557,-0.031312,-0.677281,0.735008,0.032661,-0.151174,-0.074122,0.422111,-0.294475,0.066867,-0.417418,-0.172671,-0.178981,0.828587,-0.132780,-0.011025,-0.095570,-0.078668,0.253889,-0.113581,0.180367,-0.355660,1.146346,-0.092093,-0.025693,0.174424,0.073195,-0.124477,0.256965,1.259534,0.150053,0.076700,-0.013347
0.022798,3.328492,0.772263,-0.009292,-0.030517,-0.678269,0.734121,0.025938,-0.148595,-0.071331,0.419984,-0.286668,0.065140,-0.406770,-0.172825,-0.177750,0.861318,-0.147887,-0.014822,-0.096311,-0.076343,0.249986,-0.114563,0.180985,-0.357915,1.142031,-0.090898,-0.026385,0.173959,0.079392,-0.123455,0.256268,1.260878,0.148764,0.077445,-0.012143
0.022982,3.333171,0.773156,-0.010057,-0.029759,-0.679192,0.733289,0.018895,-0.146017,-0.068429,0.418999,-0.280002,0.064260,-0.395525,-0.172518,-0.175873,0.893113,-0.158266,-0.018931,-0.097158,-0.074000,0.246247,-0.115573,0.181577,-0.360370,1.138008,-0.088555,-0.026543,0.173466,0.085564,-0.122664,0.255043,1.261908,0.148330,0.077658,-0.011073
0.023202,3.337792,0.773911,-0.010840,-0.029034,-0.680065,0.732496,0.011673,-0.143519,-0.065470,0.418794,-0.274246,0.064039,-0.383661,-0.171609,-0.173202,0.923968,-0.164993,-0.023037,-0.098189,-0.071602,0.242574,-0.116546,0.182056,-0.363048,1.134283,-0.085370,-0.026363,0.172964,0.091714,-0.122167,0.253333,1.262610,0.148544,0.077527,-0.010191
0.023429,3.342380,0.774555,-0.011570,-0.028353,-0.680888,0.731747,0.004364,-0.141180,-0.062592,0.418964,-0.269144,0.064100,-0.370704,-0.170648,-0.170696,0.952940,-0.170347,-0.026460,-0.098667,-0.069294,0.238959,-0.117674,0.182702,-0.366684,1.130794,-0.082300,-0.026058,0.172516,0.097929,-0.121591,0.250725,1.263079,0.148841,0.077224,-0.009657
0.023638,3.346952,0.775087,-0.012215,-0.027697,-0.681653,0.731049,-0.003025,-0.139081,-0.059955,0.419310,-0.264576,0.064071,-0.356200,-0.170233,-0.169299,0.979181,-0.176720,-0.028568,-0.099290,-0.067052,0.235224,-0.118701,0.183167,-0.370041,1.127554,-0.079589,-0.025923,0.172182,0.103700,-0.121234,0.248495,1.263801,0.149157,0.076964,-0.009686
0.023787,3.351489,0.775517,-0.012774,-0.027106,-0.682322,0.730437,-0.010380,-0.137308,-0.057659,0.419787,-0.260486,0.063926,-0.339751,-0.170549,-0.169275,1.002454,-0.184418,-0.028412,-0.099541,-0.064891,0.231439,-0.119843,0.183622,-0.374049,1.124592,-0.077738,-0.026050,0.172018,0.109405,-0.120906,0.245775,1.264569,0.149188,0.076734,-0.010437
0.023925,3.355985,0.775839,-0.013271,-0.026568,-0.682912,0.729897,-0.017755,-0.135818,-0.055587,0.420524,-0.256964,0.063851,-0.321687,-0.171284,-0.170128,1.023257,-0.192340,-0.026609,-0.099589,-0.062813,0.227615,-0.121056,0.184040,-0.378523,1.121933,-0.076318,-0.026291,0.171980,0.114974,-0.120611,0.242658,1.265383,0.149166,0.076441,-0.011790
0.024038,3.360464,0.776031,-0.013664,-0.026026,-0.683505,0.729354,-0.025280,-0.134471,-0.053563,0.421303,-0.253923,0.063763,-0.302715,-0.172315,-0.171583,1.041876,-0.200627,-0.024871,-0.099485,-0.060832,0.223684,-0.122247,0.184352,-0.382864,1.119522,-0.075009,-0.026509,0.172003,0.120088,-0.120412,0.239844,1.266358,0.149248,0.076174,-0.013423
0.024139,3.364976,0.776138,-0.013912,-0.025423,-0.684188,0.728730,-0.032942,-0.133100,-0.051392,0.421624,-0.251130,0.063558,-0.283527,-0.173487,-0.173309,1.058552,-0.209396,-0.024870,-0.098628,-0.058936,0.219658,-0.123604,0.184621,-0.387357,1.117355,-0.073790,-0.026537,0.172039,0.124789,-0.120264,0.237240,1.267314,0.149376,0.076015,-0.014940
0.024239,3.369489,0.776205,-0.014014,-0.024710,-0.684962,0.728025,-0.040731,-0.131645,-0.049055,0.421286,-0.248709,0.063155,-0.264101,-0.174983,-0.175569,1.073351,-0.219228,-0.027394,-0.097853,-0.057186,0.215370,-0.124857,0.184747,-0.390917,1.115439,-0.072161,-0.026288,0.172014,0.128548,-0.120295,0.236113,1.268739,0.149983,0.075959,-0.016378
0.024221,3.374062,0.776139,-0.013985,-0.023935,-0.685788,0.727273,-0.048638,-0.130197,-0.046639,0.420541,-0.246699,0.062619,-0.244163,-0.176793,-0.178382,1.086166,-0.229868,-0.031417,-0.096404,-0.055484,0.210948,-0.126305,0.184821,-0.394824,1.113812,-0.070667,-0.025840,0.172007,0.132028,-0.120469,0.235202,1.270097,0.150735,0.075981,-0.017792
0.024262,3.378590,0.776056,-0.013841,-0.023148,-0.686692,0.726448,-0.056704,-0.128812,-0.044139,0.419698,-0.244815,0.062073,-0.223967,-0.178477,-0.181090,1.096885,-0.240195,-0.035902,-0.094651,-0.053909,0.206498,-0.127621,0.184816,-0.398266,1.112255,-0.069254,-0.025385,0.172047,0.134945,-0.120772,0.234639,1.271510,0.151455,0.076111,-0.019244
0.024270,3.383139,0.775897,-0.013597,-0.022395,-0.687700,0.725522,-0.064998,-0.127552,-0.041546,0.419106,-0.242783,0.061646,-0.203792,-0.179628,-0.183056,1.105403,-0.249062,-0.039830,-0.092733,-0.052498,0.202132,-0.128543,0.184732,-0.400791,1.110553,-0.068014,-0.025114,0.172183,0.137171,-0.121142,0.234289,1.272986,0.151903,0.076385,-0.020758
0.024283,3.387736,0.775704,-0.013265,-0.021696,-0.688853,0.724455,-0.073432,-0.126448,-0.038869,0.418764,-0.240705,0.061495,-0.183506,-0.180387,-0.184390,1.111682,-0.256596,-0.043243,-0.090565,-0.051266,0.197873,-0.128999,0.184570,-0.402299,1.108580,-0.066867,-0.025058,0.172414,0.138589,-0.121549,0.234068,1.274692,0.151886,0.076876,-0.022449
0.024324,3.392297,0.775494,-0.012836,-0.021018,-0.690126,0.723270,-0.082005,-0.125446,-0.036106,0.418528,-0.238683,0.061509,-0.163065,-0.180895,-0.185345,1.115816,-0.263270,-0.046580,-0.087971,-0.050139,0.193690,-0.129273,0.184261,-0.403192,1.106584,-0.065848,-0.025131,0.172737,0.139639,-0.122136,0.233957,1.276166,0.151570,0.077593,-0.024252
0.024246,3.396902,0.775192,-0.012303,-0.020333,-0.691444,0.722039,-0.090931,-0.124509,-0.033237,0.418515,-0.236406,0.061416,-0.142846,-0.180765,-0.185544,1.117859,-0.268425,-0.049424,-0.085398,-0.049170,0.189513,-0.129257,0.183836,-0.403253,1.104648,-0.065059,-0.025320,0.173153,0.139912,-0.122808,0.234226,1.277774,0.151283,0.078316,-0.025971
0.024218,3.401638,0.774900,-0.011645,-0.019621,-0.692732,0.720834,-0.100418,-0.123594,-0.030243,0.418863,-0.233604,0.060948,-0.123232,-0.179616,-0.184598,1.117888,-0.271423,-0.051367,-0.082988,-0.048366,0.185328,-0.129050,0.183316,-0.402665,1.102957,-0.064747,-0.025612,0.173688,0.139542,-0.123549,0.234913,1.279252,0.151333,0.078892,-0.027390
0.024204,3.406394,0.774589,-0.010805,-0.018908,-0.693987,0.719658,-0.110482,-0.122802,-0.026906,0.419474,-0.230149,0.060139,-0.104323,-0.177766,-0.182579,1.116092,-0.271905,-0.052881,-0.080599,-0.047998,0.181096,-0.128610,0.182892,-0.401595,1.101355,-0.065194,-0.026058,0.174379,0.138413,-0.124113,0.235995,1.280767,0.151812,0.079265,-0.028547
0.024121,3.411253,0.774275,-0.009813,-0.018190,-0.695244,0.718476,-0.121019,-0.122108,-0.023303,0.420308,-0.226207,0.059103,-0.085921,-0.175295,-0.179637,1.112401,-0.270280,-0.053997,-0.078393,-0.047885,0.176833,-0.127850,0.182371,-0.399692,1.099816,-0.066129,-0.026668,0.175206,0.136544,-0.124782,0.237707,1.282266,0.152669,0.079550,-0.029497
0.023977,3.416050,0.774012,-0.008775,-0.017411,-0.696486,0.717305,-0.132126,-0.121299,-0.019875,0.421708,-0.221961,0.057681,-0.067984,-0.171480,-0.175500,1.106546,-0.267096,-0.053683,-0.076610,-0.047597,0.172617,-0.126865,0.181534,-0.396798,1.098641,-0.067124,-0.027307,0.176071,0.134119,-0.125861,0.239934,1.283461,0.153700,0.079778,-0.030140
0.023794,3.420961,0.773722,-0.007806,-0.016513,-0.697699,0.716158,-0.143801,-0.120161,-0.017040,0.423799,-0.217483,0.055706,-0.050438,-0.165593,-0.169830,1.098201,-0.262846,-0.050881,-0.074535,-0.047065,0.168586,-0.125998,0.180730,-0.394038,1.098059,-0.068180,-0.027782,0.176897,0.131519,-0.126837,0.241464,1.284097,0.154338,0.079913,-0.030443
0.023563,3.425928,0.773408,-0.006888,-0.015475,-0.698852,0.715066,-0.156215,-0.118745,-0.015141,0.426792,-0.212716,0.052996,-0.033149,-0.157617,-0.162703,1.087138,-0.257298,-0.045124,-0.072383,-0.046289,0.164670,-0.125208,0.179944,-0.391208,1.098105,-0.069418,-0.028037,0.177686,0.128697,-0.127691,0.242267,1.284206,0.154452,0.080025,-0.030294
0.023307,3.430919,0.773149,-0.005992,-0.014319,-0.699963,0.714010,-0.169307,-0.117138,-0.013891,0.430540,-0.207638,0.049670,-0.016147,-0.147925,-0.154150,1.073579,-0.250363,-0.037059,-0.070125,-0.045436,0.160848,-0.124419,0.179221,-0.388250,1.098630,-0.070937,-0.028157,0.178472,0.125516,-0.128366,0.242586,1.283951,0.154235,0.080078,-0.029779
0.023019,3.436087,0.772852,-0.005148,-0.013093,-0.701089,0.712935,-0.182732,-0.115183,-0.012796,0.434695,-0.202430,0.046012,0.000422,-0.136402,-0.143783,1.057934,-0.242853,-0.027339,-0.067765,-0.044408,0.157214,-0.123620,0.178447,-0.385032,1.099700,-0.072157,-0.028225,0.179228,0.121946,-0.129030,0.242875,1.283350,0.153984,0.079954,-0.029135
0.022647,3.441263,0.772535,-0.004413,-0.011822,-0.702283,0.711786,-0.196154,-0.112719,-0.011360,0.438913,-0.197262,0.042320,0.016421,-0.122966,-0.131228,1.040606,-0.235565,-0.016633,-0.065204,-0.043129,0.153875,-0.122819,0.177570,-0.381578,1.101339,-0.072566,-0.028313,0.179923,0.118006,-0.129805,0.243472,1.282377,0.153957,0.079533,-0.028588
0.022299,3.446503,0.772211,-0.003814,-0.010458,-0.703539,0.710570,-0.209611,-0.109658,-0.009518,0.443245,-0.192180,0.038543,0.031873,-0.106996,-0.115726,1.021354,-0.228600,-0.004544,-0.062423,-0.041559,0.150800,-0.121953,0.176665,-0.377870,1.103589,-0.071671,-0.028438,0.180419,0.113754,-0.130621,0.244351,1.280913,0.154099,0.078739,-0.028242
0.021937,3.451847,0.771818,-0.003314,-0.009010,-0.704832,0.709309,-0.223241,-0.106122,-0.007525,0.447828,-0.187081,0.034567,0.046997,-0.088920,-0.097601,1.000107,-0.221715,0.008982,-0.059151,-0.039965,0.147977,-0.121023,0.176079,-0.374380,1.106248,-0.070063,-0.028523,0.180758,0.109237,-0.131147,0.245012,1.279005,0.154195,0.077627,-0.027977
0.021538,3.457281,0.771407,-0.002888,-0.007573,-0.706192,0.707974,-0.236820,-0.102240,-0.005376,0.452398,-0.181919,0.030609,0.061931,-0.070146,-0.078162,0.977497,-0.215151,0.022776,-0.055887,-0.038245,0.145493,-0.120007,0.175421,-0.370487,1.109217,-0.068336,-0.028590,0.181179,0.104152,-0.131803,0.246156,1.276943,0.154587,0.076331,-0.027635
0.021161,3.462779,0.770973,-0.002543,-0.006210,-0.707653,0.706528,-0.250100,-0.098130,-0.003054,0.456674,-0.176681,0.026888,0.076686,-0.052020,-0.058744,0.954218,-0.209020,0.035720,-0.052807,-0.036216,0.143482,-0.118965,0.174345,-0.366053,1.112345,-0.067304,-0.028644,0.181935,0.098488,-0.133128,0.248177,1.274708,0.155596,0.075007,-0.026982
0.020711,3.468401,0.770501,-0.002311,-0.004931,-0.709242,0.704944,-0.262987,-0.093756,-0.000517,0.460636,-0.171416,0.023345,0.091399,-0.034219,-0.038977,0.930044,-0.203193,0.048388,-0.048973,-0.034140,0.142070,-0.118090,0.173392,-0.362360,1.115507,-0.067976,-0.028688,0.183158,0.092597,-0.134581,0.249934,1.272025,0.156841,0.073733,-0.025836
0.020291,3.474120,0.769982,-0.002177,-0.003705,-0.710934,0.703245,-0.275586,-0.089075,0.002212,0.464365,-0.166116,0.019908,0.106057,-0.016326,-0.018349,0.904738,-0.197634,0.061049,-0.044779,-0.031984,0.141146,-0.117190,0.172526,-0.358828,1.118743,-0.069592,-0.028723,0.184680,0.086307,-0.136184,0.251854,1.269013,0.158383,0.072424,-0.024354
0.019874,3.479944,0.769428,-0.002077,-0.002532,-0.712688,0.701473,-0.288131,-0.084220,0.005089,0.468002,-0.160619,0.016793,0.120350,0.000567,0.001943,0.878885,-0.192483,0.072206,-0.040390,-0.029838,0.140632,-0.116259,0.171718,-0.355343,1.121913,-0.071334,-0.028624,0.186309,0.079488,-0.137964,0.254220,1.265966,0.160373,0.070879,-0.022833
0.019422,3.485806,0.768834,-0.001960,-0.001401,-0.714462,0.699670,-0.300857,-0.079325,0.008075,0.471718,-0.154786,0.014225,0.133882,0.015457,0.020643,0.853088,-0.187838,0.080406,-0.035950,-0.027776,0.140458,-0.115300,0.170934,-0.351817,1.124893,-0.072399,-0.028262,0.187863,0.072014,-0.139951,0.257331,1.263165,0.162994,0.068899,-0.021570
0.019025,3.491852,0.768184,-0.001827,-0.000278,-0.716244,0.697848,-0.313895,-0.074367,0.011180,0.475632,-0.148648,0.012352,0.146508,0.028714,0.037947,0.827234,-0.183819,0.085657,-0.031504,-0.025744,0.140610,-0.114281,0.170142,-0.348065,1.127622,-0.072279,-0.027391,0.189439,0.063877,-0.142170,0.261282,1.260606,0.166574,0.066195,-0.020601
0.018560,3.498053,0.767486,-0.001705,0.000829,-0.718056,0.695983,-0.327117,-0.069290,0.014425,0.479650,-0.142263,0.011056,0.158350,0.040788,0.054270,0.801108,-0.180249,0.088662,-0.026997,-0.023676,0.141128,-0.113224,0.169329,-0.344155,1.130195,-0.071496,-0.026151,0.191084,0.055129,-0.144614,0.265956,1.258152,0.170951,0.062955,-0.019763
0.018171,3.504436,0.766689,-0.001584,0.001858,-0.719906,0.694068,-0.340383,-0.064187,0.017784,0.483640,-0.135526,0.010173,0.169323,0.050879,0.068611,0.775131,-0.176724,0.089077,-0.022407,-0.021649,0.142003,-0.112186,0.168515,-0.340407,1.132702,-0.070756,-0.024990,0.192554,0.045759,-0.147270,0.271243,1.255894,0.175493,0.059693,-0.019068
0.017721,3.510789,0.765843,-0.001457,0.002751,-0.721800,0.692095,-0.353552,-0.059140,0.021229,0.487465,-0.128327,0.009543,0.179330,0.058251,0.079927,0.749719,-0.172851,0.086591,-0.017711,-0.019755,0.143227,-0.111242,0.167745,-0.337145,1.135253,-0.070768,-0.024363,0.193610,0.035730,-0.150145,0.277034,1.253972,0.179583,0.056904,-0.018546
0.017322,3.517248,0.764963,-0.001355,0.003428,-0.723720,0.690084,-0.366492,-0.054317,0.024711,0.491228,-0.120714,0.009386,0.188493,0.062383,0.087191,0.724911,-0.166806,0.081748,-0.012916,-0.018012,0.144888,-0.110374,0.167034,-0.334552,1.137957,-0.072016,-0.024622,0.194123,0.025109,-0.153233,0.283295,1.252326,0.183025,0.054738,-0.018207
0.016931,3.523906,0.764014,-0.001288,0.003954,-0.725665,0.688035,-0.379322,-0.049620,0.028274,0.494997,-0.112750,0.009748,0.196709,0.064031,0.091006,0.700547,-0.159423,0.074645,-0.008024,-0.016340,0.146969,-0.109554,0.166378,-0.332448,1.140724,-0.074037,-0.025446,0.194245,0.013893,-0.156525,0.290081,1.250910,0.186160,0.052922,-0.018038
0.016639,3.530806,0.762955,-0.001189,0.004470,-0.727670,0.685912,-0.392312,-0.044739,0.031968,0.498577,-0.104328,0.010168,0.203441,0.064392,0.092815,0.676954,-0.154477,0.064311,-0.003020,-0.014656,0.149329,-0.108830,0.165797,-0.330602,1.143343,-0.076117,-0.026313,0.194131,0.001963,-0.159978,0.297411,1.249820,0.189148,0.051330,-0.018018
0.016195,3.537740,0.761850,-0.000988,0.005114,-0.729768,0.683675,-0.405708,-0.039364,0.035834,0.501762,-0.095334,0.010167,0.208168,0.064630,0.094173,0.654458,-0.155733,0.049758,0.002121,-0.012883,0.151815,-0.108185,0.165334,-0.328800,1.145456,-0.077550,-0.026612,0.193950,-0.010786,-0.163530,0.305288,1.249149,0.192129,0.049838,-0.018127
0.015628,3.544881,0.760696,-0.000585,0.005961,-0.731975,0.681305,-0.419915,-0.033431,0.039931,0.504794,-0.085838,0.009605,0.210196,0.064853,0.095381,0.633239,-0.165004,0.027591,0.007447,-0.011095,0.154202,-0.107614,0.165028,-0.326934,1.146984,-0.077962,-0.026050,0.193634,-0.024443,-0.167118,0.314010,1.249098,0.195386,0.048172,-0.018454
0.015066,3.552104,0.759478,-0.000065,0.006943,-0.734268,0.678824,-0.434704,-0.027065,0.044164,0.507715,-0.075872,0.008749,0.209922,0.064837,0.095825,0.613342,-0.180327,-0.000509,0.012899,-0.009266,0.156634,-0.107084,0.164897,-0.325129,1.148049,-0.077811,-0.024975,0.193127,-0.038967,-0.170713,0.323526,1.249588,0.198774,0.046472,-0.018982
0.014591,3.559514,0.758206,0.000389,0.007978,-0.736619,0.676261,-0.449364,-0.020264,0.048354,0.510010,-0.065260,0.007708,0.208567,0.065052,0.095783,0.594601,-0.199486,-0.027952,0.018381,-0.007249,0.159515,-0.106615,0.164926,-0.323468,1.148772,-0.077569,-0.023835,0.192611,-0.054298,-0.174309,0.333259,1.250306,0.201772,0.045241,-0.019544
0.014113,3.567247,0.756875,0.000615,0.008955,-0.739008,0.673637,-0.463144,-0.013066,0.052373,0.511055,-0.053773,0.006568,0.207534,0.065663,0.095392,0.576356,-0.219845,-0.048198,0.023827,-0.004924,0.163251,-0.106262,0.165080,-0.322095,1.149295,-0.077757,-0.023082,0.192266,-0.070326,-0.177883,0.342586,1.250872,0.203841,0.044988,-0.019963
0.013611,3.575104,0.755576,0.000722,0.009825,-0.741488,0.670893,-0.476181,-0.005522,0.056540,0.510858,-0.041445,0.005502,0.207114,0.066051,0.094252,0.558025,-0.241638,-0.059262,0.029342,-0.002480,0.167834,-0.106157,0.165366,-0.321115,1.149637,-0.078595,-0.022920,0.192134,-0.087203,-0.181453,0.351334,1.251123,0.204421,0.046139,-0.020225
0.013144,3.583000,0.754306,0.000772,0.010628,-0.744056,0.668032,-0.488721,0.002352,0.060859,0.509605,-0.028338,0.004392,0.206830,0.066104,0.092378,0.539435,-0.265529,-0.064665,0.034972,0.000037,0.173077,-0.106255,0.165788,-0.320465,1.149747,-0.079781,-0.023082,0.192123,-0.104893,-0.185008,0.359778,1.251228,0.203921,0.048334,-0.020405
0.012651,3.591097,0.753114,0.000556,0.011365,-0.746608,0.665166,-0.500215,0.010546,0.064774,0.506970,-0.014216,0.002869,0.206745,0.066543,0.090347,0.520804,-0.289381,-0.066250,0.040552,0.002894,0.179075,-0.106392,0.166294,-0.320045,1.149754,-0.081051,-0.023309,0.192234,-0.123079,-0.188503,0.368035,1.251464,0.203318,0.050879,-0.020498
0.012266,3.599325,0.751920,-0.000146,0.012051,-0.749042,0.662413,-0.510108,0.019067,0.067687,0.502639,0.001132,0.000545,0.206884,0.068112,0.088798,0.502486,-0.311203,-0.065965,0.045911,0.006393,0.185910,-0.106415,0.166802,-0.319746,1.149817,-0.082113,-0.023345,0.192479,-0.141438,-0.191877,0.376205,1.252112,0.203573,0.053081,-0.020507
0.011838,3.607561,0.750819,-0.001423,0.012604,-0.751407,0.659717,-0.518077,0.028100,0.069756,0.496653,0.017335,-0.002419,0.207490,0.070631,0.087577,0.484419,-0.331108,-0.063131,0.051139,0.010560,0.193871,-0.106453,0.167302,-0.319624,1.149968,-0.082990,-0.023128,0.192931,-0.160246,-0.195136,0.384600,1.253439,0.205432,0.054859,-0.020419
0.011348,3.615923,0.749859,-0.003125,0.013025,-0.753736,0.657041,-0.524471,0.037553,0.071202,0.489121,0.034438,-0.005952,0.208401,0.073632,0.086329,0.466506,-0.349922,-0.057213,0.056258,0.015222,0.202789,-0.106547,0.167804,-0.319692,1.150171,-0.083787,-0.022796,0.193571,-0.179578,-0.198273,0.393082,1.255262,0.208225,0.056549,-0.020243
0.010812,3.624294,0.749029,-0.005132,0.013461,-0.755891,0.654539,-0.529700,0.047017,0.071467,0.479810,0.053242,-0.010607,0.209087,0.077468,0.085554,0.449047,-0.366837,-0.050484,0.061000,0.020382,0.212071,-0.106462,0.168238,-0.319782,1.150525,-0.084340,-0.022396,0.194282,-0.198840,-0.201203,0.401056,1.257263,0.210783,0.058070,-0.020041
0.010258,3.632552,0.748369,-0.007327,0.014059,-0.757736,0.652369,-0.534148,0.056087,0.069935,0.468471,0.074547,-0.016951,0.209010,0.082542,0.085856,0.432402,-0.381101,-0.045263,0.065119,0.026018,0.221087,-0.106010,0.168491,-0.319773,1.151248,-0.084481,-0.021976,0.194976,-0.217491,-0.203739,0.407856,1.259289,0.211872,0.059321,-0.019896
0.009699,3.640820,0.747859,-0.009710,0.014910,-0.759267,0.650536,-0.538367,0.065058,0.066604,0.455811,0.098700,-0.023973,0.207681,0.089211,0.088249,0.416771,-0.392526,-0.041997,0.068526,0.032254,0.229765,-0.105361,0.168528,-0.319806,1.152611,-0.084048,-0.021600,0.195711,-0.235962,-0.205771,0.413710,1.261975,0.210896,0.060104,-0.019847
0.009120,3.649044,0.747510,-0.012338,0.015922,-0.760545,0.648973,-0.541935,0.074049,0.061603,0.441674,0.125148,-0.031859,0.205402,0.097112,0.092223,0.402125,-0.401659,-0.039651,0.071138,0.039197,0.238513,-0.104412,0.168309,-0.319622,1.154236,-0.083086,-0.021231,0.196453,-0.254191,-0.207876,0.419164,1.264777,0.208781,0.060589,-0.019768
0.008549,3.657321,0.747266,-0.015178,0.016952,-0.761531,0.647729,-0.543873,0.082417,0.054416,0.424708,0.153341,-0.043028,0.202815,0.105617,0.096139,0.388490,-0.408822,-0.038282,0.073386,0.046297,0.247052,-0.103110,0.167902,-0.319399,1.156226,-0.081978,-0.020758,0.197208,-0.271544,-0.209389,0.422871,1.267445,0.205941,0.060993,-0.019792
0.007953,3.665549,0.747094,-0.018215,0.017868,-0.762194,0.646846,-0.543073,0.089548,0.044440,0.403367,0.182719,-0.059928,0.200642,0.114175,0.098358,0.375742,-0.414244,-0.037883,0.075126,0.053445,0.255388,-0.100979,0.167113,-0.318465,1.158097,-0.080835,-0.020087,0.197825,-0.287003,-0.210795,0.424495,1.268643,0.203285,0.061695,-0.019854
0.007347,3.673590,0.746991,-0.021490,0.018697,-0.762511,0.646348,-0.538861,0.095440,0.031152,0.375063,0.215760,-0.083744,0.198772,0.122949,0.098461,0.364232,-0.417727,-0.038498,0.076540,0.060588,0.263500,-0.098083,0.166005,-0.316883,1.159930,-0.079497,-0.018996,0.198428,-0.300613,-0.211792,0.423295,1.268490,0.200332,0.063035,-0.020146
0.006700,3.681443,0.746939,-0.025060,0.019500,-0.762524,0.646180,-0.531480,0.100740,0.014512,0.340885,0.251616,-0.113226,0.196995,0.132267,0.097396,0.353822,-0.419166,-0.040074,0.077556,0.067962,0.271502,-0.094530,0.164570,-0.314771,1.161845,-0.077930,-0.017607,0.199022,-0.312808,-0.212443,0.419848,1.267485,0.196881,0.064750,-0.020613
0.005992,3.689081,0.746904,-0.028948,0.020193,-0.762310,0.646249,-0.521227,0.105817,-0.005069,0.304767,0.284779,-0.146994,0.195982,0.141895,0.095583,0.343530,-0.418880,-0.042415,0.078360,0.075455,0.279387,-0.090216,0.162915,-0.312407,1.163787,-0.076716,-0.016308,0.199396,-0.323503,-0.212806,0.414890,1.265846,0.193939,0.066152,-0.020984
0.005147,3.696403,0.746825,-0.033143,0.020689,-0.761938,0.646470,-0.508601,0.110858,-0.026665,0.270761,0.309906,-0.183392,0.196383,0.151598,0.093408,0.332505,-0.417275,-0.045329,0.079160,0.082982,0.287081,-0.085201,0.161012,-0.310140,1.165884,-0.076455,-0.015496,0.199373,-0.332541,-0.212983,0.409042,1.263746,0.192430,0.066563,-0.021001
0.004213,3.703467,0.746686,-0.038087,0.021080,-0.761473,0.646733,-0.490885,0.115988,-0.053060,0.234002,0.327888,-0.229023,0.199523,0.162323,0.091070,0.319653,-0.413895,-0.049070,0.080200,0.091250,0.294926,-0.078944,0.159063,-0.307627,1.167679,-0.077577,-0.015367,0.198677,-0.339574,-0.212967,0.401950,1.260891,0.192687,0.065737,-0.020400
0.003443,3.710409,0.746554,-0.043644,0.021257,-0.760850,0.647110,-0.468183,0.121743,-0.076416,0.193444,0.340764,-0.261800,0.204887,0.173530,0.088371,0.305924,-0.408929,-0.053348,0.081396,0.100207,0.302906,-0.071806,0.156730,-0.304900,1.169595,-0.079654,-0.015695,0.197563,-0.344791,-0.212807,0.393365,1.257430,0.194128,0.064058,-0.019392
0.003145,3.717230,0.746606,-0.048118,0.019601,-0.759503,0.648425,-0.441184,0.124126,-0.084584,0.150908,0.350796,-0.261800,0.208039,0.179482,0.083031,0.299964,-0.407799,-0.056518,0.080445,0.105121,0.311525,-0.063862,0.154474,-0.302422,1.171162,-0.082126,-0.016136,0.196254,-0.348777,-0.212629,0.384602,1.253490,0.196581,0.061814,-0.018308
0.002613,3.724024,0.746950,-0.051569,0.018226,-0.757939,0.650029,-0.425054,0.126536,-0.091210,0.132942,0.347089,-0.261800,0.209365,0.184648,0.077295,0.292897,-0.404562,-0.059823,0.079113,0.108535,0.318339,-0.056179,0.152441,-0.300966,1.172990,-0.084326,-0.016436,0.195115,-0.351962,-0.212358,0.376374,1.249159,0.199715,0.059290,-0.017607
0.001633,3.730851,0.747679,-0.053552,0.017125,-0.756066,0.652076,-0.426376,0.127871,-0.097507,0.152228,0.322593,-0.261800,0.208174,0.188494,0.070853,0.284462,-0.398988,-0.063453,0.077308,0.109531,0.322842,-0.049002,0.150702,-0.300666,1.175146,-0.086446,-0.016668,0.194281,-0.354384,-0.211900,0.368891,1.244389,0.204320,0.056229,-0.017377
0.000398,3.737685,0.748679,-0.054693,0.016214,-0.753971,0.654426,-0.438169,0.128690,-0.103195,0.195670,0.283373,-0.261800,0.205867,0.191765,0.063915,0.274679,-0.391194,-0.067485,0.075100,0.108930,0.325872,-0.041505,0.149509,-0.300954,1.176932,-0.088710,-0.016895,0.193430,-0.355780,-0.211276,0.361911,1.238927,0.210355,0.052609,-0.017353
-0.000875,3.744409,0.749818,-0.055496,0.015515,-0.751831,0.656832,-0.452933,0.130461,-0.104863,0.248567,0.239447,-0.261800,0.203335,0.194974,0.057051,0.263591,-0.381550,-0.071414,0.073232,0.107955,0.327783,-0.034302,0.148407,-0.302461,1.179431,-0.090641,-0.016936,0.192631,-0.356283,-0.210297,0.354506,1.233483,0.215782,0.048937,-0.017599
-0.001975,3.750993,0.751078,-0.055733,0.014252,-0.749438,0.659570,-0.463251,0.132092,-0.096795,0.296462,0.200775,-0.257085,0.198974,0.195822,0.049135,0.256607,-0.373466,-0.074084,0.070474,0.105491,0.329509,-0.027080,0.147434,-0.304964,1.182438,-0.091640,-0.016556,0.191670,-0.356012,-0.209077,0.346699,1.228094,0.218926,0.045800,-0.018120
-0.002873,3.757454,0.752408,-0.055462,0.012715,-0.746822,0.662585,-0.470479,0.135280,-0.073468,0.342392,0.165752,-0.231803,0.193084,0.194740,0.040484,0.252128,-0.365615,-0.075472,0.066950,0.102287,0.330799,-0.019921,0.146661,-0.308744,1.186015,-0.091468,-0.015649,0.190346,-0.354777,-0.207800,0.338303,1.222284,0.218819,0.043505,-0.018969
-0.003709,3.763848,0.753870,-0.054879,0.011229,-0.744113,0.665701,-0.477052,0.141447,-0.043068,0.391752,0.129673,-0.205486,0.186465,0.193027,0.031682,0.247993,-0.356669,-0.076307,0.063263,0.098803,0.331399,-0.012880,0.146053,-0.313792,1.190138,-0.090456,-0.014353,0.188790,-0.352475,-0.206465,0.329410,1.216003,0.216556,0.041717,-0.020104
-0.004488,3.770161,0.755411,-0.053980,0.009876,-0.741424,0.668789,-0.482451,0.149461,-0.010951,0.441941,0.094106,-0.178841,0.179140,0.190832,0.022948,0.244023,-0.347171,-0.076625,0.059866,0.095118,0.331138,-0.005916,0.145519,-0.319540,1.194671,-0.088846,-0.012813,0.187266,-0.349263,-0.205070,0.320401,1.209703,0.213704,0.040076,-0.021404
-0.005183,3.776343,0.756969,-0.052707,0.008734,-0.738847,0.671752,-0.486697,0.157367,0.017772,0.490826,0.060817,-0.152598,0.171021,0.188214,0.014428,0.240085,-0.337685,-0.076427,0.057045,0.091242,0.329824,0.001086,0.144973,-0.325272,1.199387,-0.086831,-0.011181,0.186022,-0.345325,-0.203670,0.311797,1.203797,0.211888,0.038220,-0.022732
-0.005837,3.782434,0.758537,-0.050798,0.007907,-0.736380,0.674612,-0.490647,0.164699,0.043716,0.538936,0.030205,-0.125631,0.161330,0.184773,0.005990,0.236500,-0.328270,-0.075528,0.054681,0.086941,0.327087,0.008105,0.144344,-0.330835,1.204307,-0.084042,-0.009421,0.185149,-0.340621,-0.202309,0.303623,1.198118,0.211325,0.036046,-0.024233
-0.006528,3.788423,0.760101,-0.048298,0.007306,-0.733957,0.677438,-0.494173,0.172155,0.069077,0.587285,0.001294,-0.097735,0.150201,0.180429,-0.002427,0.233393,-0.318735,-0.073948,0.052598,0.082235,0.323064,0.015020,0.143612,-0.336591,1.209630,-0.080502,-0.007492,0.184524,-0.335101,-0.200959,0.295659,1.192565,0.211226,0.033744,-0.025922
-0.007215,3.794316,0.761634,-0.045632,0.006763,-0.731570,0.680204,-0.496246,0.178882,0.091410,0.634537,-0.025782,-0.071174,0.138973,0.175674,-0.010596,0.230210,-0.309230,-0.071965,0.050664,0.077513,0.318450,0.022173,0.142850,-0.342162,1.214884,-0.076839,-0.005499,0.183940,-0.328870,-0.199751,0.288480,1.187287,0.211909,0.031457,-0.027409
-0.007783,3.800073,0.763104,-0.043232,0.006118,-0.729210,0.682895,-0.495999,0.183868,0.108355,0.679402,-0.050675,-0.048318,0.128948,0.171027,-0.018340,0.226407,-0.299899,-0.069860,0.049222,0.073145,0.313753,0.029393,0.141956,-0.347766,1.220278,-0.073828,-0.003572,0.183369,-0.321974,-0.198523,0.281882,1.182752,0.213284,0.029262,-0.028388
-0.008272,3.805631,0.764464,-0.041083,0.005291,-0.726857,0.685539,-0.493693,0.186203,0.119044,0.722218,-0.072808,-0.029916,0.120351,0.166401,-0.025631,0.221840,-0.290766,-0.067567,0.047813,0.069070,0.309083,0.037243,0.141047,-0.352967,1.225226,-0.071319,-0.001628,0.182588,-0.314304,-0.197507,0.276501,1.178770,0.216287,0.027045,-0.028670
-0.008773,3.811043,0.765716,-0.038986,0.004396,-0.724508,0.688149,-0.490039,0.186215,0.125142,0.763765,-0.092271,-0.014686,0.112510,0.161503,-0.032581,0.216767,-0.281775,-0.064954,0.046646,0.065121,0.304075,0.045361,0.140050,-0.358121,1.230135,-0.069092,0.000355,0.181757,-0.305805,-0.196624,0.271842,1.175269,0.220487,0.024793,-0.028470
-0.009287,3.816347,0.766890,-0.037027,0.003486,-0.722188,0.690697,-0.484970,0.184753,0.128041,0.803562,-0.109759,-0.002059,0.105175,0.156632,-0.039292,0.211641,-0.273092,-0.062226,0.045590,0.061450,0.299037,0.053699,0.139086,-0.362768,1.234764,-0.067346,0.002212,0.180944,-0.296891,-0.195924,0.268205,1.172195,0.224748,0.022880,-0.027899
-0.009741,3.821543,0.767962,-0.035305,0.002627,-0.719924,0.693150,-0.478335,0.182722,0.129071,0.841045,-0.125970,0.008532,0.098280,0.152118,-0.045852,0.206542,-0.264752,-0.059596,0.044694,0.058193,0.294217,0.062026,0.138212,-0.366658,1.239114,-0.066344,0.003769,0.180277,-0.287919,-0.195359,0.265600,1.169545,0.227758,0.021688,-0.027106
-0.010232,3.826767,0.768908,-0.033796,0.001791,-0.717747,0.695481,-0.470206,0.179789,0.128017,0.876348,-0.140779,0.016902,0.091834,0.147968,-0.052312,0.201399,-0.256847,-0.056960,0.044261,0.055302,0.289548,0.070035,0.137241,-0.369940,1.243626,-0.066593,0.004908,0.179891,-0.278968,-0.194798,0.263762,1.167628,0.229219,0.021305,-0.025995
-0.010698,3.831852,0.769751,-0.032471,0.000971,-0.715632,0.697721,-0.460715,0.175514,0.124523,0.909799,-0.153867,0.022780,0.085855,0.144053,-0.058646,0.196181,-0.249331,-0.054265,0.043908,0.052628,0.285044,0.078276,0.136435,-0.372348,1.247668,-0.067739,0.005772,0.179569,-0.269903,-0.194356,0.263107,1.166189,0.229944,0.021579,-0.024505
-0.011120,3.836955,0.770471,-0.031362,0.000201,-0.713532,0.699921,-0.449740,0.170702,0.119644,0.941092,-0.165730,0.026639,0.080217,0.140521,-0.064848,0.191080,-0.242012,-0.051806,0.043555,0.050327,0.280735,0.086672,0.135863,-0.374117,1.251191,-0.068975,0.006508,0.179308,-0.260707,-0.194044,0.263467,1.165128,0.229800,0.022272,-0.022956
-0.011528,3.841889,0.771122,-0.030528,-0.000459,-0.711397,0.702127,-0.437142,0.166233,0.114385,0.969893,-0.176886,0.028982,0.074790,0.137542,-0.070910,0.186292,-0.234687,-0.049882,0.043124,0.048701,0.276381,0.094689,0.135004,-0.375686,1.255054,-0.069608,0.007197,0.179318,-0.251584,-0.193668,0.264792,1.164923,0.228684,0.023080,-0.021835
-0.011830,3.846689,0.771753,-0.030040,-0.001054,-0.709154,0.704413,-0.422629,0.161948,0.108542,0.996033,-0.187288,0.029050,0.069819,0.135174,-0.076990,0.181728,-0.227290,-0.048608,0.042347,0.047713,0.272400,0.102811,0.134380,-0.376733,1.258360,-0.069125,0.007959,0.179304,-0.242304,-0.193472,0.267222,1.165022,0.226239,0.024066,-0.021063
-0.012095,3.851496,0.772224,-0.029857,-0.001586,-0.706850,0.706732,-0.406322,0.157526,0.101793,1.019704,-0.196762,0.026854,0.065269,0.133360,-0.083070,0.177330,-0.219929,-0.047820,0.041209,0.047347,0.268562,0.110885,0.133570,-0.377171,1.261608,-0.068051,0.008667,0.179424,-0.233072,-0.193378,0.271011,1.165851,0.222706,0.025303,-0.020580
-0.012394,3.856386,0.772584,-0.029845,-0.001962,-0.704616,0.708958,-0.388821,0.153605,0.094940,1.041238,-0.205541,0.024084,0.060589,0.132094,-0.088864,0.173342,-0.212676,-0.047411,0.040176,0.047480,0.264673,0.118845,0.132788,-0.377171,1.264652,-0.066829,0.009274,0.179755,-0.223844,-0.193375,0.275617,1.167143,0.218729,0.026739,-0.020244
-0.012805,3.861313,0.772846,-0.029863,-0.002100,-0.702588,0.710967,-0.370706,0.150799,0.088767,1.060883,-0.213833,0.022428,0.055265,0.131356,-0.094076,0.169959,-0.205589,-0.047268,0.039488,0.048006,0.260428,0.126674,0.132022,-0.376728,1.267510,-0.065873,0.009704,0.180446,-0.214777,-0.193351,0.280881,1.168940,0.215080,0.028298,-0.020011
-0.013216,3.866109,0.773030,-0.029943,-0.001937,-0.700828,0.712698,-0.351996,0.149452,0.083443,1.078828,-0.221639,0.022427,0.049204,0.131348,-0.098473,0.167251,-0.198693,-0.047542,0.039183,0.049013,0.255732,0.134356,0.131232,-0.375949,1.270308,-0.065404,0.009867,0.181772,-0.206045,-0.193211,0.287061,1.171504,0.211738,0.029964,-0.019997
-0.013609,3.870887,0.773153,-0.030130,-0.001542,-0.699260,0.714230,-0.332416,0.149135,0.078607,1.094850,-0.228824,0.023146,0.042694,0.132036,-0.102275,0.165068,-0.191942,-0.048246,0.039186,0.050467,0.250738,0.141921,0.130484,-0.374850,1.272988,-0.065186,0.009829,0.183581,-0.197536,-0.192939,0.294070,1.174796,0.208316,0.031766,-0.020203
-0.013910,3.875581,0.773260,-0.030338,-0.000994,-0.697807,0.715643,-0.312100,0.149289,0.074227,1.108611,-0.235425,0.024059,0.035722,0.133012,-0.105867,0.163424,-0.185358,-0.049066,0.039553,0.052105,0.245529,0.149350,0.129877,-0.373274,1.275353,-0.064960,0.009752,0.185389,-0.188986,-0.192616,0.301257,1.178369,0.205041,0.033700,-0.020400
-0.014155,3.880261,0.773283,-0.030487,-0.000363,-0.696391,0.717015,-0.291200,0.149370,0.070256,1.119768,-0.241476,0.024649,0.028245,0.133845,-0.109624,0.162367,-0.178954,-0.049673,0.039500,0.053643,0.240115,0.156875,0.129081,-0.370092,1.277296,-0.064201,0.009749,0.186756,-0.180753,-0.192128,0.309061,1.182401,0.202414,0.035716,-0.020485
-0.014395,3.884972,0.773260,-0.030601,0.000361,-0.695035,0.718324,-0.269489,0.149839,0.067144,1.128264,-0.247308,0.024977,0.020335,0.134609,-0.113525,0.161793,-0.172656,-0.049979,0.039691,0.055243,0.234495,0.164305,0.128229,-0.365758,1.278836,-0.062656,0.009888,0.187531,-0.172325,-0.191603,0.316772,1.186434,0.200394,0.037955,-0.020403
-0.014637,3.889639,0.773203,-0.030730,0.001227,-0.693766,0.719544,-0.246999,0.150777,0.064766,1.134292,-0.252790,0.025262,0.011973,0.135457,-0.117408,0.161712,-0.166465,-0.050157,0.039863,0.056972,0.228639,0.171719,0.127216,-0.360183,1.280051,-0.060535,0.010074,0.187977,-0.164017,-0.191001,0.324971,1.190843,0.198935,0.040368,-0.020263
-0.014819,3.894246,0.773155,-0.030752,0.002138,-0.692511,0.720749,-0.224264,0.151075,0.062191,1.137906,-0.257279,0.025220,0.003045,0.136056,-0.121426,0.162303,-0.160540,-0.050246,0.039864,0.058579,0.222586,0.178907,0.126037,-0.353754,1.281137,-0.058571,0.010261,0.188261,-0.155863,-0.190327,0.333254,1.195543,0.197666,0.042792,-0.019992
-0.014996,3.898885,0.773032,-0.030598,0.003052,-0.691199,0.722010,-0.201822,0.149638,0.058469,1.139187,-0.260152,0.024576,-0.006549,0.136085,-0.125726,0.163693,-0.155014,-0.050294,0.039570,0.059822,0.216389,0.185675,0.124746,-0.346932,1.282229,-0.057554,0.010412,0.188533,-0.147854,-0.189592,0.341210,1.200374,0.196260,0.045073,-0.019497
-0.015133,3.903563,0.772917,-0.030173,0.003971,-0.689820,0.723341,-0.179755,0.146353,0.053613,1.138092,-0.261441,0.023438,-0.016992,0.135406,-0.130419,0.165949,-0.149972,-0.050231,0.038937,0.060600,0.209911,0.192055,0.123341,-0.339506,1.283291,-0.057830,0.010523,0.188812,-0.140061,-0.188804,0.348995,1.205498,0.194912,0.047097,-0.018728
-0.015208,3.908246,0.772807,-0.029547,0.004923,-0.688408,0.724705,-0.157821,0.141758,0.048005,1.134649,-0.261432,0.021918,-0.028200,0.134180,-0.135388,0.169025,-0.145341,-0.050046,0.038060,0.061072,0.203177,0.198116,0.121807,-0.331389,1.284263,-0.058961,0.010612,0.189019,-0.132427,-0.187954,0.356715,1.210880,0.193706,0.048970,-0.017738
-0.015293,3.913006,0.772683,-0.028847,0.005856,-0.686960,0.726098,-0.136020,0.135738,0.041255,1.129022,-0.259895,0.019749,-0.039799,0.132520,-0.140419,0.172762,-0.140960,-0.049867,0.036889,0.061325,0.196458,0.203800,0.120154,-0.322995,1.285234,-0.060437,0.010674,0.189173,-0.124932,-0.187026,0.364038,1.216278,0.192133,0.050870,-0.016607
-0.015293,3.917754,0.772542,-0.028153,0.006673,-0.685477,0.727519,-0.114351,0.128195,0.032966,1.121384,-0.256606,0.016664,-0.051476,0.130559,-0.145316,0.177051,-0.136670,-0.049835,0.035399,0.061440,0.190019,0.209041,0.118424,-0.314783,1.286303,-0.061769,0.010697,0.189296,-0.117524,-0.186021,0.370564,1.221424,0.189635,0.052968,-0.015415
-0.015265,3.922505,0.772403,-0.027484,0.007384,-0.683965,0.728960,-0.092682,0.118679,0.022602,1.111511,-0.251247,0.012080,-0.063288,0.128284,-0.150022,0.182086,-0.132533,-0.049964,0.033644,0.061454,0.183856,0.213900,0.116625,-0.306622,1.287366,-0.062912,0.010721,0.189307,-0.110164,-0.184925,0.376290,1.226281,0.185770,0.055434,-0.014028
-0.015309,3.927308,0.772242,-0.026775,0.008010,-0.682424,0.730422,-0.070996,0.107439,0.010445,1.099442,-0.244102,0.006342,-0.075341,0.125629,-0.154623,0.187817,-0.128579,-0.050181,0.031635,0.061301,0.177847,0.218390,0.114766,-0.298364,1.288407,-0.064100,0.010742,0.189226,-0.102889,-0.183741,0.381373,1.230985,0.180918,0.058129,-0.012451
-0.015291,3.932024,0.772116,-0.026063,0.008545,-0.680842,0.731917,-0.049451,0.095434,-0.002667,1.085705,-0.235813,0.000557,-0.087419,0.122663,-0.159150,0.193884,-0.124679,-0.050519,0.029323,0.060956,0.172107,0.222364,0.112917,-0.290491,1.289600,-0.065298,0.010681,0.189209,-0.095661,-0.182453,0.385647,1.235378,0.175797,0.060774,-0.010949
-0.015272,3.936877,0.771967,-0.025372,0.008973,-0.679207,0.733453,-0.028256,0.083605,-0.015864,1.070835,-0.226979,-0.004169,-0.099306,0.119453,-0.163633,0.199922,-0.120696,-0.051016,0.026689,0.060357,0.166746,0.225704,0.111201,-0.283513,1.291084,-0.066483,0.010468,0.189409,-0.088449,-0.181076,0.388902,1.239323,0.171115,0.063097,-0.009795
-0.015266,3.941754,0.771806,-0.024663,0.009259,-0.677472,0.735077,-0.007513,0.071806,-0.029311,1.054883,-0.217043,-0.007367,-0.110936,0.115920,-0.168120,0.205856,-0.116655,-0.051660,0.023640,0.059390,0.161787,0.228404,0.109708,-0.277490,1.292873,-0.067756,0.010013,0.189904,-0.081118,-0.179572,0.390994,1.242707,0.166708,0.065015,-0.009035
-0.015267,3.946647,0.771638,-0.023940,0.009423,-0.675658,0.736766,0.012910,0.059713,-0.043372,1.037659,-0.205932,-0.009667,-0.122494,0.112053,-0.172583,0.212005,-0.112647,-0.052459,0.020258,0.058063,0.157175,0.230570,0.108462,-0.272187,1.294810,-0.069098,0.009385,0.190578,-0.073717,-0.177933,0.392013,1.245613,0.162299,0.066677,-0.008529
-0.015306,3.951512,0.771418,-0.023257,0.009500,-0.673858,0.738434,0.033112,0.047975,-0.057426,1.019265,-0.194902,-0.011604,-0.133886,0.108080,-0.176916,0.218111,-0.108530,-0.053484,0.016787,0.056557,0.152958,0.232166,0.107465,-0.267747,1.296847,-0.070355,0.008703,0.191264,-0.066366,-0.176168,0.392111,1.247980,0.158463,0.068179,-0.008261
-0.015363,3.956506,0.771191,-0.022673,0.009526,-0.672162,0.739995,0.053169,0.037220,-0.070838,0.999773,-0.185221,-0.013701,-0.145141,0.104216,-0.181045,0.224160,-0.104189,-0.054801,0.013478,0.055060,0.149174,0.233225,0.106721,-0.264316,1.298754,-0.071360,0.008222,0.191820,-0.059218,-0.174345,0.391400,1.249815,0.155730,0.069608,-0.008214
-0.015397,3.961558,0.770931,-0.022245,0.009480,-0.670635,0.741393,0.073284,0.027637,-0.083321,0.979052,-0.177353,-0.015821,-0.156170,0.100583,-0.184871,0.230193,-0.099602,-0.056647,0.010557,0.053652,0.145976,0.233670,0.106240,-0.262036,1.300567,-0.071985,0.008033,0.192200,-0.052112,-0.172607,0.389748,1.250779,0.154385,0.071129,-0.008404
-0.015494,3.966648,0.770612,-0.021926,0.009348,-0.669216,0.742686,0.093325,0.018883,-0.095237,0.957093,-0.170574,-0.017736,-0.167013,0.097050,-0.188476,0.236235,-0.094833,-0.058927,0.007798,0.052175,0.143247,0.233487,0.105965,-0.260737,1.302456,-0.072321,0.008014,0.192538,-0.045220,-0.170671,0.387166,1.251274,0.154067,0.072625,-0.008895
-0.015544,3.971853,0.770230,-0.021635,0.009207,-0.667806,0.743964,0.112784,0.010788,-0.106925,0.934316,-0.164370,-0.019836,-0.177846,0.093458,-0.192054,0.242175,-0.089915,-0.061203,0.004936,0.050637,0.140823,0.232801,0.105954,-0.260310,1.304235,-0.072613,0.007955,0.192756,-0.038444,-0.168741,0.383892,1.251235,0.154457,0.073857,-0.009522
-0.015599,3.977179,0.769796,-0.021272,0.009110,-0.666302,0.745322,0.131195,0.003195,-0.118749,0.911093,-0.158236,-0.022549,-0.188883,0.089635,-0.195794,0.248041,-0.084970,-0.063035,0.001658,0.049027,0.138482,0.231715,0.106205,-0.260587,1.305818,-0.073080,0.007649,0.192823,-0.031871,-0.166843,0.380228,1.250886,0.155252,0.074558,-0.010175
-0.015644,3.982569,0.769298,-0.020860,0.009143,-0.664668,0.746792,0.148636,-0.003742,-0.130756,0.887075,-0.152350,-0.026443,-0.200081,0.085683,-0.199753,0.253613,-0.079953,-0.064396,-0.002227,0.047445,0.136045,0.230357,0.106716,-0.261707,1.307236,-0.073854,0.006900,0.192675,-0.025393,-0.164973,0.376104,1.250196,0.156525,0.074579,-0.010881
-0.015672,3.988024,0.768749,-0.020434,0.009249,-0.662957,0.748322,0.165291,-0.010012,-0.142769,0.862193,-0.146895,-0.031160,-0.211370,0.081650,-0.203831,0.258995,-0.074859,-0.065497,-0.006524,0.045869,0.133664,0.228638,0.107482,-0.263692,1.308524,-0.074793,0.005865,0.192347,-0.019012,-0.163135,0.371410,1.249088,0.158379,0.074082,-0.011681
-0.015762,3.993387,0.768205,-0.019940,0.009304,-0.661210,0.749878,0.180828,-0.016003,-0.154797,0.837220,-0.141290,-0.035733,-0.222833,0.077277,-0.207943,0.264445,-0.069663,-0.066233,-0.010976,0.044115,0.131651,0.226323,0.108479,-0.266193,1.309577,-0.075691,0.004867,0.191948,-0.012951,-0.161341,0.366388,1.247614,0.160582,0.073293,-0.012469
-0.015774,3.998967,0.767575,-0.019368,0.009227,-0.659468,0.751426,0.194913,-0.022116,-0.166842,0.812933,-0.134953,-0.039200,-0.234528,0.072311,-0.211996,0.270185,-0.064333,-0.066499,-0.015388,0.042010,0.130302,0.223195,0.109620,-0.268789,1.310298,-0.076321,0.004233,0.191602,-0.007453,-0.159687,0.361349,1.245849,0.162914,0.072443,-0.013142
-0.015795,4.004792,0.766919,-0.018681,0.008890,-0.657796,0.752912,0.207570,-0.029285,-0.179816,0.789513,-0.125633,-0.041953,-0.246503,0.066569,-0.215809,0.276594,-0.059052,-0.066080,-0.019691,0.039432,0.129818,0.219168,0.110752,-0.271324,1.310681,-0.076433,0.004157,0.191337,-0.002639,-0.158278,0.356467,1.243739,0.165454,0.071614,-0.013539
-0.015877,4.010662,0.766243,-0.017904,0.008379,-0.656155,0.754367,0.218951,-0.037045,-0.193418,0.766565,-0.114346,-0.044323,-0.258692,0.060215,-0.219444,0.283421,-0.053763,-0.065084,-0.023763,0.036369,0.129964,0.214321,0.112149,-0.274285,1.310789,-0.076291,0.004440,0.191087,0.001615,-0.156810,0.351221,1.241414,0.168151,0.070645,-0.013797
-0.015920,4.016757,0.765502,-0.017062,0.007880,-0.654432,0.755888,0.228830,-0.043764,-0.205755,0.744088,-0.105401,-0.045246,-0.271137,0.053494,-0.223183,0.290183,-0.048154,-0.063908,-0.027982,0.033133,0.130471,0.208786,0.113806,-0.277494,1.310606,-0.076200,0.004781,0.190844,0.005469,-0.155337,0.345816,1.238836,0.170937,0.069486,-0.014158
-0.015893,4.023083,0.764678,-0.016164,0.007565,-0.652508,0.757571,0.236958,-0.047894,-0.214884,0.722006,-0.103064,-0.043662,-0.283838,0.046643,-0.227326,0.296312,-0.041863,-0.062949,-0.032677,0.030085,0.131061,0.202603,0.115614,-0.280827,1.310256,-0.076451,0.004858,0.190633,0.009116,-0.153945,0.340344,1.235971,0.173714,0.068079,-0.014865
-0.015919,4.029517,0.763768,-0.015185,0.007581,-0.650305,0.759484,0.243293,-0.048529,-0.219699,0.699472,-0.109798,-0.040029,-0.296990,0.039721,-0.232125,0.301665,-0.034850,-0.062167,-0.037941,0.027367,0.131476,0.195795,0.117604,-0.284282,1.309671,-0.077176,0.004568,0.190440,0.012651,-0.152601,0.334564,1.232694,0.176251,0.066423,-0.016040
-0.015914,4.036061,0.762793,-0.014128,0.007799,-0.647897,0.761557,0.247995,-0.046943,-0.221394,0.676642,-0.122845,-0.034919,-0.310546,0.032568,-0.237350,0.306603,-0.027303,-0.061394,-0.043606,0.024776,0.131930,0.188323,0.119778,-0.287914,1.308842,-0.078193,0.004085,0.190262,0.015956,-0.151293,0.328525,1.229055,0.178677,0.064543,-0.017531
-0.016046,4.042643,0.761791,-0.013046,0.007986,-0.645403,0.763689,0.251099,-0.044827,-0.221483,0.655036,-0.138707,-0.027366,-0.324081,0.025126,-0.242590,0.311186,-0.019215,-0.060856,-0.049424,0.022071,0.132813,0.180121,0.122156,-0.291920,1.307950,-0.079410,0.003524,0.190116,0.018903,-0.150000,0.322502,1.225365,0.181328,0.062404,-0.019191
-0.016174,4.049468,0.760721,-0.011996,0.007913,-0.642946,0.765777,0.252569,-0.043745,-0.221506,0.636347,-0.153965,-0.016166,-0.337187,0.017351,-0.247437,0.315449,-0.010594,-0.060794,-0.055141,0.019000,0.134526,0.171139,0.124764,-0.296498,1.307099,-0.080729,0.003049,0.190028,0.021350,-0.148686,0.316788,1.221934,0.184553,0.059974,-0.020871
-0.016372,4.056401,0.759656,-0.010977,0.007596,-0.640517,0.767828,0.251520,-0.043808,-0.221422,0.621844,-0.167678,0.001278,-0.350013,0.009273,-0.251944,0.319576,-0.001440,-0.061501,-0.060725,0.015523,0.137071,0.161297,0.127597,-0.301526,1.306411,-0.082232,0.002603,0.190025,0.023262,-0.147319,0.311442,1.218868,0.188710,0.056966,-0.022693
-0.016667,4.063350,0.758551,-0.009951,0.007124,-0.638066,0.769884,0.248193,-0.044346,-0.220642,0.610587,-0.181851,0.023668,-0.362704,0.000904,-0.256274,0.323445,0.008259,-0.062800,-0.066293,0.011712,0.140254,0.150668,0.130640,-0.306973,1.305742,-0.083929,0.002173,0.190087,0.024685,-0.145884,0.306335,1.216024,0.193540,0.053484,-0.024682
-0.016889,4.070525,0.757419,-0.008924,0.006388,-0.635647,0.771901,0.244108,-0.045648,-0.219873,0.601069,-0.197449,0.046513,-0.375001,-0.007811,-0.260197,0.326956,0.018454,-0.064221,-0.071813,0.007446,0.144138,0.139323,0.133899,-0.313183,1.305179,-0.085646,0.001733,0.190129,0.025631,-0.144416,0.301406,1.213358,0.198378,0.050080,-0.026555
-0.016955,4.078031,0.756196,-0.007916,0.005286,-0.633318,0.773833,0.240909,-0.047948,-0.219821,0.591538,-0.215293,0.065264,-0.386662,-0.016926,-0.263466,0.330099,0.029073,-0.065284,-0.077226,0.002642,0.148808,0.127351,0.137377,-0.320503,1.304745,-0.087194,0.001278,0.190057,0.026156,-0.142944,0.296586,1.210747,0.202586,0.047322,-0.028019
-0.017109,4.085515,0.754942,-0.007003,0.003904,-0.631019,0.775726,0.238950,-0.050883,-0.220566,0.581531,-0.236330,0.078881,-0.397637,-0.026295,-0.266398,0.332684,0.040127,-0.066093,-0.082600,-0.002517,0.154325,0.114608,0.141056,-0.329004,1.304489,-0.088261,0.000902,0.189780,0.026184,-0.141492,0.291844,1.208121,0.206197,0.045357,-0.028881
-0.017366,4.093099,0.753634,-0.006160,0.002266,-0.628742,0.777586,0.237450,-0.054384,-0.221800,0.571755,-0.259686,0.089730,-0.408086,-0.035909,-0.269016,0.334775,0.051684,-0.066830,-0.087904,-0.008044,0.160615,0.101110,0.144902,-0.338549,1.304370,-0.089029,0.000585,0.189358,0.025744,-0.140071,0.287200,1.205533,0.209489,0.043890,-0.029333
-0.017614,4.100725,0.752342,-0.005271,0.000190,-0.626619,0.779308,0.236531,-0.059045,-0.223587,0.561832,-0.283398,0.098347,-0.417889,-0.045935,-0.270650,0.336388,0.063776,-0.067112,-0.092935,-0.014273,0.167591,0.087133,0.148888,-0.349228,1.304316,-0.090122,0.000135,0.188926,0.025018,-0.138686,0.282661,1.203032,0.212178,0.042840,-0.029672
-0.017732,4.108528,0.751092,-0.004216,-0.002509,-0.624777,0.780787,0.236366,-0.065441,-0.225983,0.551346,-0.305521,0.105261,-0.426895,-0.056543,-0.270599,0.337497,0.076465,-0.066518,-0.097481,-0.021549,0.175156,0.072962,0.152998,-0.361115,1.304243,-0.092149,-0.000636,0.188624,0.024200,-0.137366,0.278199,1.200679,0.213949,0.042117,-0.030197
-0.017846,4.116242,0.749825,-0.002984,-0.006080,-0.623245,0.781997,0.237562,-0.074005,-0.229208,0.539792,-0.326060,0.110090,-0.434844,-0.068124,-0.268625,0.338432,0.089046,-0.064890,-0.101471,-0.030219,0.183720,0.058479,0.157208,-0.374636,1.304213,-0.095731,-0.001984,0.188698,0.023160,-0.136167,0.273748,1.198502,0.214421,0.041878,-0.030819
-0.017934,4.124044,0.748568,-0.001643,-0.010343,-0.621947,0.782989,0.239933,-0.084197,-0.233121,0.527357,-0.345794,0.112695,-0.441812,-0.080402,-0.265091,0.338871,0.101789,-0.062419,-0.104972,-0.039970,0.193190,0.043580,0.161462,-0.389670,1.304218,-0.100418,-0.003741,0.188989,0.021888,-0.135098,0.269324,1.196419,0.213862,0.042116,-0.031426
-0.017865,4.132050,0.747422,-0.000183,-0.014850,-0.620863,0.783778,0.242237,-0.095242,-0.237222,0.514999,-0.364022,0.114004,-0.448513,-0.092658,-0.260132,0.338470,0.116093,-0.059190,-0.108017,-0.050194,0.202724,0.028574,0.165701,-0.405361,1.304062,-0.105132,-0.005443,0.189030,0.020685,-0.134098,0.265048,1.194385,0.212940,0.042498,-0.032288
-0.017815,4.139968,0.746349,0.001406,-0.019148,-0.619975,0.784386,0.243188,-0.106390,-0.241003,0.503793,-0.380143,0.114983,-0.455533,-0.104152,-0.253876,0.336710,0.133349,-0.055278,-0.110707,-0.060274,0.211480,0.013749,0.169885,-0.420845,1.303585,-0.108822,-0.006635,0.188376,0.019827,-0.133052,0.261114,1.192386,0.212356,0.042688,-0.033690
-0.017768,4.147803,0.745323,0.003237,-0.023260,-0.619264,0.784831,0.242402,-0.117928,-0.244713,0.493886,-0.393918,0.115483,-0.462951,-0.115006,-0.245566,0.333344,0.153579,-0.050412,-0.113116,-0.070373,0.219352,-0.001081,0.174071,-0.436233,1.302762,-0.110948,-0.007067,0.186746,0.019249,-0.131912,0.257577,1.190530,0.212217,0.042617,-0.035892
-0.017698,4.155556,0.744419,0.005246,-0.027351,-0.618750,0.785094,0.240529,-0.130031,-0.248429,0.484843,-0.405759,0.115150,-0.470414,-0.125459,-0.235285,0.328640,0.176133,-0.044541,-0.115205,-0.080681,0.226769,-0.015975,0.178257,-0.451834,1.301638,-0.112142,-0.007021,0.184433,0.018808,-0.130657,0.254371,1.188827,0.212179,0.042449,-0.038694
-0.017784,4.163289,0.743702,0.007189,-0.031230,-0.618492,0.785137,0.237704,-0.141780,-0.251344,0.476936,-0.416024,0.114660,-0.477750,-0.134879,-0.224430,0.322639,0.201545,-0.038057,-0.116920,-0.090592,0.233681,-0.030499,0.182338,-0.467038,1.300269,-0.113111,-0.006834,0.181892,0.018598,-0.129296,0.251492,1.187254,0.212232,0.042193,-0.041732
-0.017945,4.170995,0.743097,0.008805,-0.034675,-0.618558,0.784924,0.234041,-0.152291,-0.252652,0.470445,-0.425071,0.114695,-0.484717,-0.142635,-0.214443,0.315162,0.230488,-0.031349,-0.118243,-0.099462,0.240030,-0.044245,0.186169,-0.481164,1.298775,-0.114535,-0.006844,0.179605,0.018716,-0.127820,0.248973,1.185760,0.212386,0.041864,-0.044641
-0.018059,4.178549,0.742699,0.010066,-0.037505,-0.619003,0.784428,0.228881,-0.161249,-0.251955,0.466048,-0.433067,0.115370,-0.491826,-0.148783,-0.207130,0.305766,0.266204,-0.025408,-0.119120,-0.106966,0.245671,-0.057507,0.189749,-0.494351,1.297556,-0.116950,-0.007217,0.177714,0.019127,-0.126225,0.246836,1.184315,0.212879,0.041359,-0.047559
-0.018153,4.185949,0.742438,0.011092,-0.039860,-0.619806,0.783664,0.222230,-0.169135,-0.249655,0.463551,-0.439888,0.116355,-0.499007,-0.153592,-0.201113,0.294637,0.307350,-0.019576,-0.119564,-0.113431,0.250661,-0.070435,0.193119,-0.506785,1.296539,-0.119834,-0.007755,0.175987,0.019806,-0.124519,0.245056,1.182958,0.213627,0.040708,-0.050611
-0.018170,4.193132,0.742294,0.011869,-0.042040,-0.620888,0.782681,0.215316,-0.176288,-0.246231,0.461797,-0.445371,0.117648,-0.505199,-0.156831,-0.193056,0.282831,0.347643,-0.011740,-0.119722,-0.119223,0.255244,-0.082444,0.196203,-0.517919,1.295257,-0.122370,-0.008284,0.174361,0.020848,-0.122751,0.243654,1.181823,0.214163,0.040103,-0.053426
-0.018055,4.200023,0.742183,0.012412,-0.044417,-0.622138,0.781548,0.209504,-0.183135,-0.242248,0.459559,-0.449311,0.119251,-0.509158,-0.158297,-0.179663,0.271286,0.380720,0.000240,-0.119831,-0.124759,0.259692,-0.092965,0.198864,-0.527120,1.293317,-0.123682,-0.008632,0.172785,0.022355,-0.121013,0.242647,1.181053,0.214006,0.039752,-0.055637
-0.017822,4.206766,0.742141,0.012684,-0.047168,-0.623575,0.780236,0.205427,-0.189950,-0.237601,0.456523,-0.451457,0.121327,-0.509865,-0.156902,-0.156854,0.257597,0.407261,0.019377,-0.120267,-0.129979,0.264045,-0.102007,0.200508,-0.533823,1.291145,-0.123140,-0.008789,0.171186,0.024498,-0.119780,0.242366,1.180508,0.213045,0.039767,-0.057168
-0.017756,4.213168,0.742321,0.012714,-0.050158,-0.625193,0.778753,0.202472,-0.196601,-0.232191,0.453229,-0.451927,0.123830,-0.507734,-0.153402,-0.127442,0.241990,0.429334,0.043849,-0.120087,-0.135210,0.268410,-0.109708,0.202367,-0.539552,1.288229,-0.121743,-0.008741,0.169541,0.027313,-0.118084,0.241712,1.180214,0.211158,0.039947,-0.058251
-0.017623,4.219523,0.742625,0.012512,-0.053188,-0.626852,0.777220,0.200212,-0.202805,-0.226589,0.449677,-0.451083,0.126450,-0.504142,-0.150115,-0.099008,0.229899,0.442741,0.068101,-0.120313,-0.139938,0.272568,-0.116294,0.203627,-0.543135,1.285112,-0.119656,-0.008700,0.168183,0.030408,-0.116669,0.241930,1.180303,0.209194,0.040300,-0.058814
-0.017411,4.225755,0.743034,0.012092,-0.055973,-0.628464,0.775728,0.198009,-0.208133,-0.221233,0.445988,-0.449358,0.128849,-0.500993,-0.148858,-0.079413,0.226780,0.444084,0.086303,-0.121096,-0.143281,0.276537,-0.121909,0.203815,-0.544187,1.281603,-0.117150,-0.008802,0.167346,0.033532,-0.116372,0.242808,1.180634,0.207404,0.040860,-0.058485
-0.017125,4.231850,0.743613,0.011436,-0.058452,-0.630054,0.774264,0.195755,-0.212525,-0.216162,0.442149,-0.446727,0.130955,-0.499193,-0.150040,-0.071727,0.235029,0.430668,0.096397,-0.121090,-0.146262,0.279938,-0.127243,0.204121,-0.545330,1.278571,-0.115761,-0.009074,0.167337,0.037790,-0.115353,0.244388,1.180921,0.206445,0.041289,-0.057756
-0.016877,4.237779,0.744314,0.010529,-0.060679,-0.631697,0.772765,0.193556,-0.216063,-0.211029,0.438287,-0.443105,0.132932,-0.497905,-0.152401,-0.071853,0.251280,0.405545,0.101274,-0.121333,-0.148466,0.282945,-0.131416,0.204126,-0.544213,1.275135,-0.113860,-0.009450,0.167909,0.041551,-0.114132,0.246487,1.182433,0.205419,0.041691,-0.056377
-0.016649,4.243568,0.745194,0.009419,-0.062566,-0.633409,0.771226,0.191235,-0.218590,-0.205667,0.434383,-0.438649,0.134792,-0.496810,-0.155187,-0.076566,0.272851,0.373989,0.102674,-0.121543,-0.149719,0.285541,-0.134638,0.203703,-0.541176,1.271230,-0.111803,-0.009761,0.168678,0.045445,-0.113122,0.249111,1.184308,0.204250,0.042378,-0.054622
-0.016411,4.249224,0.746208,0.008144,-0.064039,-0.635190,0.769653,0.188610,-0.220013,-0.199941,0.430439,-0.433494,0.136550,-0.495516,-0.157717,-0.082621,0.297074,0.341172,0.102352,-0.121763,-0.150130,0.287639,-0.136952,0.202737,-0.535927,1.266842,-0.109576,-0.009847,0.169309,0.049188,-0.112157,0.252303,1.186768,0.202609,0.043561,-0.052896
-0.016114,4.254746,0.747413,0.006687,-0.065107,-0.636999,0.768081,0.185781,-0.220277,-0.193876,0.426317,-0.427441,0.138305,-0.493644,-0.160315,-0.090181,0.323893,0.306592,0.100613,-0.121947,-0.149656,0.289280,-0.138263,0.201108,-0.527864,1.261805,-0.106956,-0.009426,0.169727,0.052896,-0.111269,0.256111,1.189770,0.200537,0.045460,-0.051181
-0.015825,4.260196,0.748771,0.005034,-0.065823,-0.638835,0.766507,0.182837,-0.219527,-0.187549,0.422075,-0.420504,0.140042,-0.491416,-0.163492,-0.100307,0.354617,0.268028,0.096750,-0.122024,-0.148305,0.290557,-0.138629,0.198952,-0.517465,1.256140,-0.104090,-0.008655,0.170094,0.056743,-0.110528,0.260393,1.193130,0.198145,0.047913,-0.049274
-0.015626,4.265571,0.750213,0.003272,-0.066219,-0.640750,0.764882,0.179595,-0.217935,-0.180945,0.417865,-0.413023,0.141590,-0.489054,-0.166754,-0.111253,0.387909,0.228303,0.090914,-0.122005,-0.146247,0.291403,-0.138404,0.196362,-0.506022,1.250286,-0.101446,-0.008046,0.170437,0.060552,-0.109899,0.264845,1.196888,0.195191,0.050563,-0.047303
-0.015433,4.270747,0.751763,0.001470,-0.066308,-0.642798,0.763159,0.175942,-0.215668,-0.174069,0.413792,-0.405342,0.142770,-0.486908,-0.169493,-0.121342,0.422741,0.190089,0.083172,-0.121772,-0.143602,0.291810,-0.137937,0.193493,-0.495004,1.244584,-0.099555,-0.008106,0.170773,0.064254,-0.109338,0.269006,1.200958,0.191399,0.053061,-0.045355
-0.015225,4.275875,0.753386,-0.000394,-0.066116,-0.645046,0.761278,0.172029,-0.212578,-0.166737,0.409677,-0.397331,0.143651,-0.484928,-0.171727,-0.130608,0.459226,0.152813,0.072380,-0.121125,-0.140349,0.291870,-0.137061,0.190402,-0.484338,1.238947,-0.098905,-0.009201,0.171155,0.067790,-0.108812,0.272861,1.205522,0.186035,0.055271,-0.043346
-0.015049,4.281011,0.755033,-0.002345,-0.065650,-0.647431,0.759287,0.167903,-0.208687,-0.159059,0.405528,-0.388865,0.144290,-0.482781,-0.173831,-0.139530,0.497571,0.115418,0.058920,-0.120175,-0.136527,0.291591,-0.135648,0.187090,-0.473460,1.233163,-0.099136,-0.010977,0.171548,0.071197,-0.108301,0.276582,1.210570,0.179451,0.057385,-0.041261
-0.014896,4.286075,0.756737,-0.004256,-0.064927,-0.649819,0.757299,0.163224,-0.204329,-0.151496,0.401738,-0.380258,0.144481,-0.480417,-0.175607,-0.147362,0.536606,0.080128,0.044987,-0.119247,-0.132363,0.290838,-0.134019,0.183664,-0.463066,1.227280,-0.099456,-0.012835,0.171829,0.074583,-0.107769,0.279956,1.215676,0.172971,0.059544,-0.039290
-0.014804,4.291036,0.758450,-0.006004,-0.063955,-0.652081,0.755423,0.157568,-0.199843,-0.144483,0.398769,-0.371847,0.144021,-0.478049,-0.176840,-0.153536,0.575584,0.049172,0.032672,-0.118605,-0.128072,0.289479,-0.132487,0.180292,-0.453967,1.221325,-0.099146,-0.014179,0.171876,0.078046,-0.107163,0.282691,1.220418,0.167882,0.061897,-0.037624
-0.014801,4.295980,0.760115,-0.007542,-0.062622,-0.654194,0.753692,0.150640,-0.195091,-0.138181,0.396688,-0.363530,0.142610,-0.476028,-0.177580,-0.158546,0.614883,0.023838,0.022055,-0.118319,-0.123614,0.287369,-0.130971,0.177086,-0.446154,1.215052,-0.097862,-0.014650,0.171617,0.081547,-0.106399,0.284736,1.224725,0.164524,0.064722,-0.036388
-0.014781,4.300816,0.761732,-0.008943,-0.060957,-0.656222,0.752048,0.142731,-0.189917,-0.132395,0.395256,-0.355178,0.140419,-0.474216,-0.177973,-0.162653,0.654852,0.002690,0.011967,-0.118226,-0.118962,0.284629,-0.129245,0.174072,-0.439308,1.208377,-0.096067,-0.014623,0.171111,0.085020,-0.105445,0.286225,1.228840,0.162192,0.067858,-0.035467
-0.014852,4.305578,0.763260,-0.010232,-0.059192,-0.658180,0.750461,0.134355,-0.184654,-0.127008,0.394396,-0.347086,0.137951,-0.472064,-0.177805,-0.165103,0.694583,-0.016062,0.002679,-0.118223,-0.114322,0.281525,-0.127390,0.171294,-0.433716,1.201560,-0.094201,-0.014582,0.170437,0.088515,-0.104369,0.287140,1.232805,0.160627,0.070806,-0.034693
-0.014934,4.310220,0.764724,-0.011474,-0.057519,-0.660082,0.748900,0.125981,-0.179653,-0.121863,0.394083,-0.339571,0.135725,-0.469032,-0.176715,-0.165136,0.733119,-0.034138,-0.005415,-0.118191,-0.109864,0.278335,-0.125501,0.168794,-0.429717,1.194846,-0.092739,-0.015019,0.169667,0.092136,-0.103283,0.287450,1.236586,0.159587,0.073066,-0.033882
-0.014977,4.314828,0.766079,-0.012661,-0.055971,-0.661933,0.747363,0.117613,-0.174961,-0.116942,0.394388,-0.332617,0.133804,-0.465262,-0.174181,-0.162218,0.770696,-0.051937,-0.012304,-0.118175,-0.105574,0.275072,-0.123448,0.166609,-0.427453,1.188117,-0.092203,-0.016279,0.168759,0.096002,-0.102241,0.286890,1.240066,0.159205,0.074517,-0.032906
-0.015075,4.319295,0.767326,-0.013782,-0.054431,-0.663728,0.745864,0.109010,-0.170400,-0.112304,0.395325,-0.326101,0.131937,-0.460991,-0.170294,-0.157023,0.807684,-0.068477,-0.018074,-0.118197,-0.101347,0.271628,-0.121190,0.164740,-0.426757,1.181234,-0.092237,-0.018025,0.167678,0.100067,-0.101228,0.285572,1.243219,0.159576,0.075434,-0.031869
-0.015237,4.323831,0.768429,-0.014831,-0.052944,-0.665471,0.744396,0.100344,-0.165996,-0.107903,0.396658,-0.320112,0.130186,-0.455904,-0.165601,-0.150584,0.843523,-0.083524,-0.022415,-0.118119,-0.097221,0.268093,-0.118945,0.163152,-0.427428,1.174425,-0.091916,-0.019726,0.166523,0.104192,-0.100275,0.283947,1.246151,0.160285,0.075900,-0.030944
-0.015297,4.328269,0.769391,-0.015831,-0.051522,-0.667169,0.742954,0.091723,-0.161788,-0.103672,0.398249,-0.314780,0.128618,-0.449665,-0.160728,-0.143906,0.877611,-0.096838,-0.025054,-0.117839,-0.093227,0.264559,-0.116891,0.161839,-0.429264,1.167861,-0.090356,-0.020849,0.165385,0.108260,-0.099471,0.282535,1.248923,0.160958,0.076008,-0.030288
-0.015397,4.332648,0.770251,-0.016822,-0.050186,-0.668809,0.741548,0.083229,-0.157724,-0.099658,0.400156,-0.310135,0.127258,-0.442171,-0.155306,-0.136715,0.909916,-0.107748,-0.025438,-0.117409,-0.089272,0.261083,-0.115084,0.160794,-0.432532,1.161562,-0.086948,-0.021090,0.164256,0.112365,-0.098855,0.281517,1.251492,0.161601,0.075586,-0.030112
-0.015493,4.336971,0.770991,-0.017797,-0.048908,-0.670394,0.740178,0.074759,-0.153815,-0.095856,0.402448,-0.306113,0.126081,-0.433582,-0.149100,-0.128767,0.940740,-0.116591,-0.023822,-0.116887,-0.085355,0.257594,-0.113473,0.159971,-0.437191,1.155557,-0.082281,-0.020831,0.163094,0.116517,-0.098405,0.280654,1.253855,0.162416,0.074655,-0.030273
-0.015626,4.341308,0.771609,-0.018638,-0.047699,-0.671950,0.738824,0.066246,-0.150206,-0.092138,0.404850,-0.302667,0.125084,-0.424007,-0.143049,-0.121022,0.970027,-0.124706,-0.021192,-0.116328,-0.081668,0.254014,-0.111858,0.159377,-0.442371,1.149668,-0.077161,-0.020457,0.161940,0.120438,-0.098139,0.279916,1.256111,0.163259,0.073591,-0.030396
-0.015764,4.345580,0.772098,-0.019251,-0.046555,-0.673501,0.737468,0.057617,-0.147040,-0.088375,0.407070,-0.299713,0.124262,-0.413584,-0.138155,-0.114404,0.997725,-0.133391,-0.018586,-0.115189,-0.078293,0.250231,-0.110581,0.158746,-0.447994,1.144313,-0.072619,-0.020381,0.160939,0.124133,-0.097992,0.278638,1.258257,0.163887,0.072765,-0.030118
-0.015832,4.349839,0.772445,-0.019574,-0.045462,-0.675037,0.736122,0.048719,-0.144385,-0.084504,0.409223,-0.297425,0.123680,-0.402347,-0.134492,-0.108885,1.023777,-0.143156,-0.015614,-0.113967,-0.075331,0.246145,-0.109383,0.158182,-0.453530,1.139258,-0.068653,-0.020835,0.159959,0.127364,-0.098042,0.277200,1.260424,0.164430,0.072193,-0.029185
-0.015932,4.354135,0.772657,-0.019677,-0.044423,-0.676549,0.734793,0.039658,-0.142162,-0.080592,0.411355,-0.295763,0.123324,-0.390225,-0.131628,-0.104072,1.048245,-0.153252,-0.011972,-0.112274,-0.072567,0.241843,-0.108583,0.157531,-0.459827,1.134771,-0.064994,-0.021567,0.159057,0.130525,-0.098355,0.275232,1.262327,0.164847,0.071716,-0.027806
-0.016033,4.358390,0.772787,-0.019626,-0.043489,-0.678071,0.733447,0.030702,-0.140306,-0.076693,0.413220,-0.294411,0.123055,-0.377154,-0.129839,-0.100286,1.071091,-0.163106,-0.008870,-0.110429,-0.070079,0.237497,-0.107782,0.156866,-0.465861,1.130522,-0.061343,-0.022259,0.158334,0.133311,-0.098929,0.273409,1.264160,0.165152,0.071435,-0.026393
-0.016143,4.362685,0.772810,-0.019501,-0.042693,-0.679629,0.732053,0.022201,-0.138746,-0.072879,0.414444,-0.293002,0.122733,-0.363039,-0.129413,-0.097822,1.092249,-0.172151,-0.007515,-0.108402,-0.067890,0.233284,-0.106816,0.156194,-0.471127,1.126384,-0.057588,-0.022596,0.157940,0.135614,-0.099715,0.271997,1.265986,0.165268,0.071447,-0.025351
-0.016263,4.366926,0.772726,-0.019340,-0.042084,-0.681240,0.730594,0.014441,-0.137487,-0.069327,0.414761,-0.291656,0.122345,-0.347703,-0.130637,-0.097030,1.111873,-0.180094,-0.008852,-0.106304,-0.066172,0.229251,-0.105535,0.155683,-0.475350,1.122244,-0.053251,-0.022335,0.158089,0.137205,-0.100485,0.271335,1.268100,0.165072,0.071875,-0.024865
-0.016392,4.371234,0.772557,-0.019096,-0.041634,-0.682882,0.729092,0.007191,-0.136571,-0.065942,0.414395,-0.290479,0.121952,-0.331232,-0.133319,-0.097625,1.129902,-0.187267,-0.012049,-0.103887,-0.064776,0.225332,-0.104209,0.155197,-0.479182,1.118301,-0.048658,-0.021698,0.158668,0.138372,-0.101370,0.270908,1.270237,0.164579,0.072631,-0.024657
-0.016540,4.375394,0.772399,-0.018704,-0.041280,-0.684533,0.727571,-0.000026,-0.135982,-0.062388,0.413802,-0.289135,0.121525,-0.313917,-0.137024,-0.098950,1.145885,-0.193944,-0.015635,-0.101044,-0.063425,0.221480,-0.103011,0.154421,-0.482815,1.114693,-0.044631,-0.021058,0.159280,0.139513,-0.102880,0.270273,1.271817,0.164033,0.073529,-0.024501
-0.016691,4.379552,0.772193,-0.018072,-0.040989,-0.686172,0.726059,-0.007726,-0.135716,-0.058319,0.413517,-0.287323,0.121040,-0.296079,-0.141314,-0.100363,1.159416,-0.200415,-0.018123,-0.098350,-0.062515,0.217507,-0.101633,0.153639,-0.485421,1.111299,-0.041651,-0.020761,0.159463,0.139911,-0.104441,0.269867,1.273625,0.163783,0.074241,-0.024506
-0.016805,4.383799,0.771939,-0.017170,-0.040820,-0.687823,0.724527,-0.015716,-0.135851,-0.053436,0.413295,-0.284973,0.120472,-0.277524,-0.146600,-0.102043,1.170461,-0.206615,-0.018975,-0.095533,-0.062156,0.213463,-0.100040,0.152843,-0.487125,1.108018,-0.040186,-0.021075,0.159005,0.139668,-0.106105,0.269482,1.275587,0.163914,0.074670,-0.024614
-0.016908,4.388074,0.771653,-0.016038,-0.040781,-0.689486,0.722972,-0.023851,-0.136364,-0.047980,0.413027,-0.282262,0.119847,-0.258176,-0.152939,-0.104255,1.179237,-0.212440,-0.019019,-0.092568,-0.062339,0.209386,-0.098263,0.152091,-0.488049,1.104854,-0.039793,-0.021735,0.158167,0.138771,-0.107780,0.269181,1.277756,0.164255,0.074955,-0.024894
-0.017107,4.392358,0.771366,-0.014709,-0.040741,-0.691108,0.721453,-0.032616,-0.137075,-0.042428,0.413236,-0.279171,0.119217,-0.238555,-0.159325,-0.106497,1.185692,-0.218073,-0.018801,-0.089627,-0.062613,0.205223,-0.096586,0.151224,-0.488494,1.102129,-0.039997,-0.022371,0.157262,0.137520,-0.109777,0.268812,1.279663,0.164635,0.075254,-0.025293
-0.017295,4.396685,0.771073,-0.013242,-0.040545,-0.692634,0.720027,-0.042500,-0.137815,-0.037259,0.414450,-0.275676,0.118635,-0.219231,-0.164747,-0.108243,1.189847,-0.223736,-0.018878,-0.086841,-0.062906,0.200833,-0.095193,0.150427,-0.488770,1.100077,-0.040305,-0.022520,0.156617,0.135789,-0.111697,0.268225,1.281499,0.164803,0.075643,-0.025956
-0.017531,4.401014,0.770755,-0.011497,-0.040220,-0.694054,0.718706,-0.053815,-0.138825,-0.032490,0.416857,-0.271597,0.118249,-0.200438,-0.169372,-0.109359,1.191862,-0.229581,-0.019673,-0.084250,-0.063351,0.196101,-0.094099,0.149653,-0.488811,1.098592,-0.040806,-0.022071,0.156524,0.133589,-0.113662,0.267327,1.283211,0.164573,0.076190,-0.026875
-0.017789,4.405414,0.770442,-0.009498,-0.039825,-0.695396,0.717459,-0.066266,-0.140090,-0.027889,0.420189,-0.267018,0.117985,-0.181883,-0.173568,-0.110138,1.191737,-0.235467,-0.020804,-0.081754,-0.064093,0.191106,-0.093195,0.148969,-0.488520,1.097598,-0.041688,-0.021247,0.156746,0.130798,-0.115520,0.266206,1.284996,0.164094,0.076800,-0.028068
-0.018137,4.409868,0.770177,-0.007518,-0.039274,-0.696665,0.716281,-0.079359,-0.141037,-0.023589,0.424176,-0.262262,0.117552,-0.163275,-0.176610,-0.110687,1.189132,-0.241165,-0.021641,-0.079276,-0.064798,0.186037,-0.092555,0.148510,-0.488214,1.097408,-0.042654,-0.020136,0.156806,0.127468,-0.116993,0.264928,1.286863,0.163635,0.077389,-0.029569
-0.018378,4.414451,0.769869,-0.005807,-0.038502,-0.697867,0.715168,-0.092624,-0.141079,-0.019742,0.428575,-0.257655,0.116660,-0.144332,-0.177757,-0.111102,1.183698,-0.246432,-0.021564,-0.076761,-0.064461,0.181258,-0.092289,0.147923,-0.488211,1.098162,-0.043429,-0.018860,0.156182,0.124380,-0.119041,0.263475,1.287681,0.163541,0.078018,-0.031042
-0.018742,4.418951,0.769616,-0.004400,-0.037428,-0.698956,0.714171,-0.106329,-0.140076,-0.016533,0.433766,-0.253367,0.115113,-0.124959,-0.176893,-0.111636,1.175292,-0.251774,-0.020642,-0.074281,-0.063283,0.176564,-0.092523,0.147454,-0.488705,1.100260,-0.044067,-0.017521,0.154757,0.121170,-0.120917,0.261787,1.288054,0.163903,0.078665,-0.032984
-0.019188,4.423561,0.769404,-0.003182,-0.036097,-0.699945,0.713277,-0.120521,-0.138332,-0.013880,0.439567,-0.249092,0.113092,-0.105365,-0.174402,-0.112106,1.164137,-0.257127,-0.019191,-0.071800,-0.061526,0.171896,-0.093173,0.147114,-0.489527,1.103443,-0.044684,-0.016027,0.152794,0.117766,-0.122646,0.259821,1.288050,0.164527,0.079339,-0.035309
-0.019685,4.428101,0.769230,-0.002153,-0.034663,-0.700929,0.712385,-0.134675,-0.135998,-0.011477,0.445529,-0.244837,0.110881,-0.085677,-0.170361,-0.111942,1.150497,-0.261507,-0.016984,-0.069150,-0.059447,0.167452,-0.094060,0.146921,-0.490312,1.107402,-0.045005,-0.014185,0.150442,0.113986,-0.124189,0.257896,1.287925,0.165274,0.079861,-0.037487
-0.020176,4.432797,0.769034,-0.001333,-0.033260,-0.701999,0.711400,-0.148267,-0.133205,-0.009016,0.451173,-0.240577,0.108771,-0.066045,-0.164848,-0.110579,1.134624,-0.263910,-0.013789,-0.066121,-0.057053,0.163512,-0.094949,0.146773,-0.490779,1.111633,-0.044789,-0.011789,0.147823,0.109970,-0.125962,0.256256,1.287452,0.166025,0.080104,-0.038837
-0.020628,4.437462,0.768858,-0.000803,-0.031887,-0.703157,0.710318,-0.161106,-0.129870,-0.006549,0.456459,-0.236383,0.106805,-0.046238,-0.157597,-0.107839,1.116324,-0.263862,-0.009468,-0.062771,-0.054270,0.160147,-0.095843,0.146649,-0.490716,1.116246,-0.043696,-0.008501,0.144696,0.105705,-0.127961,0.254760,1.286607,0.166586,0.080138,-0.039101
-0.021138,4.442254,0.768699,-0.000532,-0.030481,-0.704360,0.709188,-0.173485,-0.125970,-0.004212,0.461595,-0.232230,0.104853,-0.026253,-0.148735,-0.103944,1.095563,-0.262027,-0.004247,-0.059195,-0.050976,0.157221,-0.096798,0.146527,-0.490313,1.121344,-0.041957,-0.004534,0.141067,0.101288,-0.130261,0.253372,1.285270,0.167105,0.080025,-0.038586
-0.021659,4.447028,0.768521,-0.000365,-0.029070,-0.705637,0.707976,-0.185628,-0.121737,-0.001815,0.466496,-0.227937,0.102961,-0.006580,-0.138971,-0.098932,1.072841,-0.259093,0.001583,-0.055372,-0.047427,0.154629,-0.097751,0.146392,-0.489629,1.126669,-0.040039,-0.000510,0.137465,0.096554,-0.132882,0.252659,1.283653,0.167964,0.079585,-0.037657
-0.022169,4.451782,0.768385,-0.000168,-0.027670,-0.707017,0.706655,-0.197835,-0.117400,0.000858,0.471214,-0.223398,0.101180,0.012273,-0.129010,-0.092871,1.048717,-0.255779,0.007744,-0.051297,-0.043900,0.152236,-0.098598,0.146246,-0.488696,1.131962,-0.038405,0.002951,0.134415,0.091283,-0.135797,0.253225,1.282078,0.169564,0.078625,-0.036706
-0.022618,4.456671,0.768200,0.000099,-0.026310,-0.708504,0.705216,-0.210016,-0.113054,0.003880,0.475525,-0.218479,0.099596,0.030357,-0.118714,-0.085432,1.022968,-0.251953,0.014482,-0.046980,-0.040391,0.149995,-0.099254,0.146069,-0.487463,1.137192,-0.036888,0.005729,0.131906,0.085489,-0.139083,0.255492,1.280548,0.172299,0.076961,-0.035769
-0.023027,4.461759,0.767979,0.000354,-0.024966,-0.710082,0.703676,-0.222089,-0.108576,0.007140,0.479525,-0.213301,0.098177,0.047963,-0.107920,-0.076636,0.995394,-0.247412,0.021771,-0.042455,-0.036770,0.147970,-0.099768,0.145858,-0.485885,1.142466,-0.035320,0.008142,0.129702,0.079242,-0.142773,0.259096,1.278933,0.175874,0.074743,-0.034651
-0.023531,4.466894,0.767741,0.000597,-0.023612,-0.711749,0.702037,-0.234239,-0.103873,0.010546,0.483449,-0.207936,0.096806,0.064819,-0.097274,-0.067120,0.966754,-0.242677,0.028978,-0.037756,-0.033047,0.146242,-0.100237,0.145636,-0.484042,1.147661,-0.034237,0.010231,0.127999,0.072531,-0.146789,0.263479,1.277132,0.179667,0.072310,-0.033327
-0.024027,4.472046,0.767481,0.000824,-0.022223,-0.713507,0.700295,-0.246535,-0.098833,0.013997,0.487373,-0.202443,0.095364,0.080770,-0.087329,-0.057559,0.937552,-0.238191,0.035532,-0.032877,-0.029257,0.144891,-0.100776,0.145453,-0.482056,1.152672,-0.034182,0.012037,0.126999,0.065289,-0.151030,0.268048,1.275136,0.183059,0.069978,-0.031804
-0.024668,4.477256,0.767196,0.000976,-0.020821,-0.715402,0.698402,-0.258957,-0.093373,0.017584,0.491529,-0.196906,0.093853,0.095962,-0.077918,-0.047878,0.907504,-0.233673,0.041648,-0.027695,-0.025363,0.144036,-0.101458,0.145337,-0.480133,1.157628,-0.035673,0.013480,0.126963,0.057452,-0.155471,0.272794,1.272934,0.185867,0.067754,-0.029924
-0.025148,4.482763,0.766852,0.001071,-0.019407,-0.717417,0.696373,-0.271438,-0.087574,0.021314,0.495728,-0.191263,0.092349,0.110466,-0.068824,-0.037812,0.876397,-0.228977,0.047555,-0.022225,-0.021370,0.143596,-0.102224,0.145295,-0.478205,1.162531,-0.038329,0.014571,0.127719,0.049042,-0.160103,0.277966,1.270572,0.188428,0.065485,-0.027747
-0.025600,4.488347,0.766490,0.001222,-0.017921,-0.719462,0.694299,-0.284249,-0.081569,0.024987,0.499858,-0.185371,0.090840,0.123837,-0.060447,-0.027808,0.845055,-0.224743,0.052772,-0.016681,-0.017412,0.143351,-0.102933,0.145338,-0.475911,1.167104,-0.041271,0.015459,0.128817,0.040159,-0.164838,0.283316,1.268079,0.190835,0.063268,-0.025626
-0.026238,4.494131,0.766051,0.001558,-0.016320,-0.721448,0.692274,-0.297646,-0.075491,0.028396,0.503767,-0.179061,0.089302,0.135615,-0.053127,-0.018355,0.814254,-0.221571,0.056864,-0.011253,-0.013631,0.143067,-0.103415,0.145493,-0.472905,1.170952,-0.043607,0.016403,0.129819,0.030903,-0.169540,0.288566,1.265517,0.193169,0.061196,-0.023927
-0.026931,4.499800,0.765586,0.002104,-0.014547,-0.723336,0.690339,-0.311784,-0.069373,0.031404,0.507477,-0.172349,0.087749,0.145850,-0.046950,-0.010023,0.783839,-0.218747,0.060793,-0.005968,-0.010067,0.142591,-0.103640,0.145785,-0.469071,1.174045,-0.044987,0.017521,0.130631,0.021332,-0.174142,0.293601,1.262853,0.195287,0.059208,-0.022696
-0.027779,4.505690,0.765104,0.002797,-0.012641,-0.725179,0.688439,-0.326479,-0.063157,0.034141,0.511007,-0.165282,0.086191,0.154738,-0.041547,-0.002499,0.753381,-0.216137,0.064605,-0.000725,-0.006673,0.142078,-0.103674,0.146224,-0.464600,1.176533,-0.045922,0.018682,0.131483,0.011359,-0.178627,0.298544,1.260106,0.197159,0.057276,-0.021776
-0.028580,4.511845,0.764516,0.003601,-0.010678,-0.727029,0.686515,-0.341554,-0.056817,0.036808,0.514346,-0.157826,0.084584,0.161995,-0.036573,0.005042,0.723427,-0.215333,0.066489,0.004483,-0.003519,0.141750,-0.103561,0.146828,-0.459649,1.178483,-0.046843,0.019668,0.132403,0.000748,-0.182978,0.303607,1.257573,0.199162,0.055512,-0.021247
-0.029375,4.518173,0.763865,0.004485,-0.008740,-0.728938,0.684510,-0.356727,-0.050328,0.039581,0.517336,-0.149881,0.082883,0.167422,-0.031725,0.013435,0.694390,-0.217872,0.064590,0.009653,-0.000666,0.141840,-0.103358,0.147614,-0.454379,1.179963,-0.048190,0.020260,0.133424,-0.010716,-0.187167,0.308964,1.255512,0.201631,0.054032,-0.021187
-0.030357,4.524552,0.763162,0.005574,-0.006748,-0.730952,0.682372,-0.372407,-0.043643,0.042598,0.520144,-0.141476,0.081039,0.170249,-0.026758,0.023488,0.666425,-0.224505,0.056832,0.014856,0.001807,0.142077,-0.103009,0.148613,-0.448666,1.180914,-0.049916,0.020410,0.134543,-0.023097,-0.191147,0.314769,1.253944,0.204838,0.052921,-0.021763
-0.031375,4.530959,0.762443,0.006831,-0.004682,-0.733033,0.680143,-0.388555,-0.036763,0.045698,0.522766,-0.132646,0.079084,0.170840,-0.021646,0.034565,0.639317,-0.234404,0.044835,0.020057,0.003960,0.142466,-0.102477,0.149837,-0.442457,1.181286,-0.051835,0.020234,0.135742,-0.036294,-0.194893,0.320885,1.252748,0.208519,0.052094,-0.022889
-0.032318,4.537527,0.761649,0.007981,-0.002711,-0.735098,0.677908,-0.404362,-0.029734,0.048629,0.524933,-0.123309,0.077085,0.170470,-0.016483,0.045365,0.613245,-0.246819,0.032245,0.025104,0.005974,0.143634,-0.101876,0.151263,-0.436086,1.181191,-0.054213,0.019753,0.137026,-0.050281,-0.198417,0.327103,1.251989,0.212302,0.051414,-0.024259
-0.033289,4.544442,0.760759,0.008763,-0.001015,-0.737071,0.675758,-0.419013,-0.022647,0.051180,0.526387,-0.113404,0.075117,0.170534,-0.011574,0.054565,0.588162,-0.260860,0.022691,0.029867,0.008033,0.146208,-0.101326,0.152833,-0.429892,1.180748,-0.057298,0.018983,0.138403,-0.064983,-0.201722,0.333191,1.251681,0.215805,0.050755,-0.025554
-0.034318,4.551533,0.759847,0.009181,0.000325,-0.739011,0.673630,-0.432418,-0.015521,0.053570,0.527095,-0.102953,0.073223,0.171389,-0.007388,0.061898,0.563549,-0.277003,0.017264,0.034484,0.010010,0.150364,-0.100865,0.154525,-0.423722,1.179869,-0.061373,0.017933,0.139946,-0.080554,-0.204845,0.339320,1.251977,0.219252,0.049944,-0.026819
-0.035296,4.558565,0.758959,0.009366,0.001401,-0.740939,0.671505,-0.444978,-0.008351,0.055861,0.527178,-0.091978,0.071358,0.172429,-0.003700,0.068010,0.539245,-0.295248,0.014123,0.038987,0.011874,0.155764,-0.100461,0.156338,-0.417499,1.178575,-0.066248,0.016580,0.141628,-0.096940,-0.207775,0.345507,1.252783,0.222729,0.049096,-0.028172
-0.036290,4.565692,0.758086,0.009243,0.002300,-0.742721,0.669533,-0.456593,-0.001224,0.057618,0.526453,-0.080299,0.069475,0.173516,0.000067,0.072924,0.515816,-0.314006,0.012341,0.043102,0.013909,0.162197,-0.100148,0.158244,-0.411681,1.177223,-0.071422,0.014911,0.143317,-0.113796,-0.210480,0.351311,1.253842,0.225690,0.048528,-0.029427
-0.037292,4.573047,0.757205,0.008733,0.003104,-0.744223,0.667867,-0.467169,0.005763,0.058401,0.524741,-0.067743,0.067522,0.174405,0.004434,0.076716,0.494108,-0.331761,0.010820,0.046589,0.016396,0.169451,-0.099997,0.160189,-0.406770,1.176213,-0.076414,0.012911,0.144893,-0.130748,-0.212933,0.356196,1.254901,0.227525,0.048551,-0.030403
-0.038240,4.580385,0.756333,0.007849,0.003737,-0.745427,0.666530,-0.476714,0.012476,0.058285,0.522217,-0.054392,0.065643,0.174882,0.009105,0.079359,0.474761,-0.349126,0.009490,0.049364,0.019206,0.177649,-0.100136,0.162181,-0.402925,1.175587,-0.081386,0.010448,0.146081,-0.147990,-0.215158,0.360174,1.256114,0.227888,0.049346,-0.030963
-0.039230,4.587909,0.755482,0.006629,0.004179,-0.746403,0.665448,-0.485288,0.018943,0.057474,0.518853,-0.040252,0.063819,0.175009,0.013804,0.080851,0.457360,-0.366624,0.008699,0.051586,0.022241,0.186830,-0.100524,0.164229,-0.399914,1.175190,-0.086511,0.007574,0.147033,-0.165589,-0.217167,0.363421,1.257533,0.227137,0.050725,-0.031233
-0.040280,4.595448,0.754707,0.005034,0.004607,-0.747141,0.664630,-0.492911,0.025351,0.055688,0.514331,-0.025156,0.061736,0.174925,0.019076,0.081364,0.441302,-0.382764,0.007836,0.053359,0.025823,0.196643,-0.101053,0.166250,-0.397665,1.175253,-0.091325,0.004542,0.148276,-0.183091,-0.218943,0.365726,1.258919,0.225819,0.052409,-0.031437
-0.041242,4.602987,0.754045,0.003022,0.005199,-0.747633,0.664085,-0.499525,0.031905,0.052588,0.508139,-0.008778,0.059003,0.174770,0.025465,0.081099,0.425917,-0.395987,0.006263,0.054808,0.030293,0.206714,-0.101653,0.168109,-0.396154,1.176067,-0.095383,0.001595,0.150367,-0.200011,-0.220467,0.366836,1.260035,0.224439,0.054120,-0.031811
-0.042205,4.610481,0.753522,0.000394,0.005993,-0.747881,0.663805,-0.504755,0.038966,0.047742,0.500273,0.008232,0.055463,0.174748,0.033304,0.080142,0.411055,-0.405871,0.003695,0.055877,0.036079,0.217287,-0.102525,0.169718,-0.395811,1.178028,-0.098513,-0.001426,0.153592,-0.216454,-0.221752,0.366556,1.261019,0.222871,0.055984,-0.032506
-0.043148,4.618011,0.753071,-0.002761,0.006893,-0.747883,0.663789,-0.508760,0.046341,0.041368,0.490959,0.025984,0.051264,0.174527,0.042153,0.078440,0.397243,-0.413318,0.000353,0.056481,0.042921,0.228346,-0.103838,0.170893,-0.396496,1.181266,-0.100928,-0.004605,0.157690,-0.232723,-0.222710,0.365094,1.262220,0.220925,0.058055,-0.033417
-0.044191,4.625623,0.752712,-0.006056,0.007884,-0.747615,0.664057,-0.512300,0.053437,0.034062,0.480289,0.045591,0.046514,0.173512,0.051422,0.075955,0.384853,-0.418811,-0.003573,0.056765,0.050077,0.239366,-0.105099,0.171877,-0.397391,1.184858,-0.102815,-0.007529,0.162243,-0.248310,-0.223552,0.362712,1.263035,0.219040,0.060025,-0.034268
-0.045331,4.633207,0.752463,-0.009104,0.008947,-0.747060,0.664634,-0.516131,0.059674,0.026396,0.468420,0.068208,0.041299,0.171242,0.060551,0.072608,0.374135,-0.422806,-0.007808,0.056884,0.056818,0.249711,-0.106001,0.172652,-0.397622,1.188281,-0.104292,-0.009804,0.166907,-0.262858,-0.224294,0.359648,1.263188,0.217597,0.061555,-0.034854
-0.046470,4.640723,0.752317,-0.011791,0.010190,-0.746173,0.665570,-0.520867,0.065315,0.018528,0.455507,0.094940,0.036053,0.167089,0.069650,0.068030,0.365699,-0.425190,-0.012341,0.056356,0.063152,0.259077,-0.106614,0.172904,-0.396795,1.191829,-0.105134,-0.011261,0.172142,-0.276999,-0.224631,0.356440,1.263370,0.216844,0.062489,-0.035213
-0.047615,4.648159,0.752344,-0.014346,0.011598,-0.744971,0.666841,-0.525969,0.070644,0.009948,0.441587,0.124781,0.030439,0.161397,0.078932,0.062297,0.359307,-0.425837,-0.017199,0.055479,0.069362,0.268037,-0.107033,0.172987,-0.395562,1.195320,-0.105348,-0.012083,0.177873,-0.290363,-0.224883,0.352366,1.262949,0.216337,0.063073,-0.035340
-0.048786,4.655612,0.752482,-0.016842,0.012934,-0.743533,0.668362,-0.530303,0.075127,0.000204,0.426362,0.155769,0.023359,0.155318,0.088013,0.055952,0.353740,-0.425089,-0.022114,0.054771,0.075264,0.276661,-0.107260,0.172846,-0.393950,1.198927,-0.105306,-0.012581,0.183241,-0.302419,-0.225082,0.347269,1.261765,0.215996,0.063381,-0.035308
-0.050013,4.662981,0.752676,-0.019383,0.013990,-0.741938,0.670042,-0.532695,0.078237,-0.011123,0.409451,0.185952,0.013749,0.150062,0.096563,0.049571,0.347816,-0.423321,-0.026852,0.054093,0.080677,0.284795,-0.106571,0.172451,-0.391669,1.202423,-0.105606,-0.013062,0.187462,-0.313052,-0.225127,0.342289,1.260185,0.216360,0.063468,-0.035382
-0.051317,4.670127,0.752950,-0.022007,0.014713,-0.740173,0.671895,-0.532726,0.079807,-0.024628,0.388820,0.218343,0.001362,0.145800,0.104729,0.043162,0.341685,-0.420554,-0.031432,0.053659,0.085586,0.292571,-0.105192,0.171645,-0.388498,1.206059,-0.106122,-0.013632,0.190458,-0.322204,-0.224934,0.337053,1.258152,0.217706,0.063358,-0.035716
-0.052707,4.676976,0.753233,-0.024664,0.015210,-0.738210,0.673949,-0.530864,0.080361,-0.040204,0.365142,0.252605,-0.013427,0.142082,0.112667,0.036453,0.335783,-0.416642,-0.035923,0.053195,0.090091,0.299901,-0.103239,0.170338,-0.384441,1.209960,-0.106660,-0.014141,0.192671,-0.330237,-0.224403,0.331683,1.255946,0.219896,0.062988,-0.036249
-0.054009,4.683630,0.753543,-0.027332,0.015503,-0.736120,0.676121,-0.527243,0.080373,-0.056887,0.342037,0.281798,-0.030493,0.139141,0.120162,0.029648,0.329443,-0.411727,-0.040210,0.052651,0.094153,0.306727,-0.100519,0.168826,-0.379767,1.213777,-0.107376,-0.014481,0.193934,-0.337120,-0.223678,0.326526,1.253531,0.222109,0.062343,-0.036645
-0.055292,4.690319,0.753960,-0.029963,0.015587,-0.733986,0.678325,-0.522031,0.080199,-0.073282,0.323092,0.299094,-0.049398,0.137247,0.127051,0.022981,0.321905,-0.405888,-0.044187,0.052052,0.097848,0.312922,-0.097049,0.167155,-0.374767,1.217515,-0.108370,-0.014578,0.194134,-0.342831,-0.222836,0.321815,1.250994,0.223435,0.061402,-0.036590
-0.056555,4.696788,0.754426,-0.032731,0.015498,-0.731837,0.680517,-0.514225,0.079077,-0.090911,0.307261,0.300935,-0.072127,0.136965,0.133669,0.016640,0.312516,-0.398955,-0.047903,0.051558,0.101392,0.318532,-0.092699,0.165277,-0.369230,1.221205,-0.110104,-0.014531,0.192823,-0.347211,-0.221902,0.317640,1.248257,0.223490,0.060099,-0.035838
-0.057781,4.702840,0.754910,-0.035618,0.015246,-0.729638,0.682736,-0.504236,0.077193,-0.108950,0.293509,0.290983,-0.097289,0.138122,0.140153,0.010494,0.301624,-0.390850,-0.051416,0.051189,0.104778,0.323622,-0.087467,0.163255,-0.363138,1.224720,-0.112402,-0.014327,0.190171,-0.350217,-0.220918,0.313776,1.245146,0.222763,0.058479,-0.034576
-0.059006,4.708743,0.755470,-0.038273,0.014821,-0.727344,0.685045,-0.494641,0.075632,-0.122484,0.285651,0.273874,-0.119728,0.139657,0.145851,0.004214,0.290162,-0.381838,-0.054611,0.050648,0.107619,0.327979,-0.081644,0.161109,-0.356997,1.228037,-0.114326,-0.013747,0.187070,-0.352140,-0.219878,0.310201,1.241822,0.221797,0.056669,-0.033215
-0.060186,4.714543,0.756213,-0.040328,0.014193,-0.724901,0.687525,-0.487903,0.075062,-0.127353,0.287230,0.255112,-0.135250,0.140449,0.149973,-0.002585,0.279219,-0.372319,-0.057350,0.049595,0.109428,0.331394,-0.075478,0.158887,-0.351302,1.231101,-0.114926,-0.012572,0.184404,-0.353253,-0.218793,0.306910,1.238434,0.221167,0.054789,-0.032160
-0.061328,4.720276,0.757136,-0.041751,0.013294,-0.722252,0.690241,-0.484672,0.075619,-0.122290,0.300055,0.235639,-0.143546,0.140454,0.152292,-0.010112,0.269018,-0.362184,-0.059719,0.047851,0.110077,0.333931,-0.068868,0.156608,-0.345925,1.233653,-0.113841,-0.010427,0.182081,-0.353467,-0.217650,0.303867,1.234941,0.220883,0.052735,-0.031495
-0.062363,4.725858,0.758223,-0.042714,0.012151,-0.719434,0.693140,-0.483692,0.076874,-0.109972,0.321960,0.213265,-0.147072,0.140131,0.153229,-0.018165,0.259153,-0.351382,-0.061759,0.045640,0.109802,0.335666,-0.061713,0.154266,-0.340713,1.235773,-0.111613,-0.007529,0.179724,-0.352672,-0.216433,0.301095,1.231267,0.220719,0.050489,-0.031009
-0.063270,4.731309,0.759489,-0.043196,0.010897,-0.716550,0.696111,-0.484225,0.078831,-0.092690,0.350102,0.189246,-0.146233,0.139050,0.152990,-0.026479,0.249918,-0.340396,-0.063278,0.043254,0.108745,0.336501,-0.054291,0.151881,-0.336152,1.237944,-0.108676,-0.004591,0.177789,-0.351109,-0.215186,0.298515,1.227501,0.220683,0.048304,-0.030656
-0.064125,4.736770,0.760849,-0.043169,0.009656,-0.713703,0.699050,-0.485501,0.081367,-0.072674,0.381578,0.164708,-0.141383,0.136790,0.151749,-0.034772,0.241544,-0.329659,-0.064081,0.041021,0.107078,0.336347,-0.046912,0.149487,-0.332775,1.240625,-0.105493,-0.002308,0.176733,-0.348917,-0.213961,0.295906,1.223599,0.220707,0.046451,-0.030373
-0.064893,4.742110,0.762283,-0.042520,0.008430,-0.710850,0.702006,-0.487550,0.085184,-0.048340,0.416684,0.139177,-0.131015,0.133155,0.149234,-0.043136,0.234036,-0.319090,-0.064060,0.038911,0.104704,0.335040,-0.039686,0.147099,-0.331326,1.244100,-0.101553,-0.000910,0.177152,-0.345998,-0.212796,0.293167,1.219368,0.220927,0.045163,-0.030438
-0.065682,4.747435,0.763739,-0.041391,0.007186,-0.707990,0.704972,-0.490089,0.090919,-0.019654,0.456056,0.112174,-0.115413,0.128552,0.145565,-0.051526,0.227180,-0.308439,-0.063365,0.036929,0.101756,0.332751,-0.032456,0.144716,-0.331402,1.248065,-0.096853,0.000006,0.178638,-0.342233,-0.211714,0.290349,1.214793,0.221311,0.044256,-0.030763
-0.066395,4.752717,0.765176,-0.040030,0.005957,-0.705272,0.707780,-0.492200,0.097718,0.009062,0.497549,0.084953,-0.097625,0.123346,0.141357,-0.059506,0.220973,-0.297957,-0.062157,0.035360,0.098615,0.329842,-0.025082,0.142342,-0.331683,1.252124,-0.092550,0.000628,0.180147,-0.337832,-0.210761,0.287585,1.210202,0.221602,0.043355,-0.030742
-0.067124,4.758035,0.766542,-0.038660,0.004775,-0.702835,0.710286,-0.493261,0.104214,0.033740,0.539075,0.059063,-0.080769,0.117843,0.137153,-0.066694,0.215415,-0.287936,-0.060585,0.034427,0.095597,0.326643,-0.017362,0.139992,-0.330809,1.255668,-0.089768,0.001273,0.180640,-0.333070,-0.209987,0.285143,1.205976,0.221669,0.042078,-0.029781
-0.067719,4.763170,0.767868,-0.037190,0.003643,-0.700658,0.712519,-0.493698,0.109954,0.054408,0.581080,0.034686,-0.064338,0.111788,0.132721,-0.073180,0.210761,-0.278417,-0.058528,0.034068,0.092550,0.323081,-0.009299,0.137635,-0.328317,1.258696,-0.089289,0.001896,0.179822,-0.327892,-0.209391,0.282867,1.202117,0.221376,0.040225,-0.027492
-0.068309,4.768268,0.769137,-0.035542,0.002544,-0.698685,0.714542,-0.493714,0.115499,0.072904,0.624285,0.011169,-0.047068,0.105115,0.127808,-0.079076,0.206953,-0.269298,-0.055934,0.034145,0.089363,0.319030,-0.000960,0.135250,-0.324916,1.261429,-0.090332,0.002393,0.178254,-0.322230,-0.208942,0.280764,1.198479,0.220870,0.038029,-0.024275
-0.068834,4.773221,0.770310,-0.033919,0.001484,-0.696991,0.716276,-0.492662,0.120564,0.088214,0.667213,-0.010972,-0.030917,0.098232,0.122905,-0.084119,0.203805,-0.260662,-0.053040,0.034723,0.086362,0.314712,0.007718,0.132883,-0.320952,1.263783,-0.091679,0.002834,0.176173,-0.316305,-0.208658,0.279268,1.195193,0.220344,0.035770,-0.020710
-0.069364,4.778156,0.771339,-0.032539,0.000487,-0.695649,0.717645,-0.490077,0.124784,0.099398,0.708639,-0.031228,-0.017895,0.091474,0.118519,-0.088085,0.201216,-0.252620,-0.050089,0.035852,0.083870,0.310366,0.016844,0.130606,-0.316782,1.265582,-0.092110,0.003300,0.173798,-0.310291,-0.208520,0.278774,1.192310,0.219959,0.033743,-0.017365
-0.069738,4.782903,0.772245,-0.031372,-0.000423,-0.694779,0.718539,-0.486247,0.127766,0.106047,0.748932,-0.049191,-0.008585,0.084673,0.114705,-0.090683,0.199332,-0.245267,-0.047028,0.037823,0.081876,0.305839,0.026669,0.128462,-0.312118,1.266596,-0.091363,0.003791,0.170645,-0.304200,-0.208573,0.279662,1.189926,0.219976,0.031845,-0.014238
-0.070004,4.787492,0.773078,-0.030313,-0.001267,-0.694304,0.719042,-0.481470,0.129430,0.108987,0.788636,-0.065103,-0.002005,0.077701,0.111194,-0.092137,0.198152,-0.238531,-0.043750,0.040486,0.080193,0.301075,0.037097,0.126433,-0.306899,1.266906,-0.090075,0.004278,0.166754,-0.297921,-0.208800,0.281616,1.187936,0.220216,0.029987,-0.011065
-0.070356,4.792122,0.773756,-0.029444,-0.002114,-0.694002,0.719367,-0.475328,0.129894,0.109158,0.826858,-0.079456,0.002163,0.070917,0.108021,-0.093025,0.197386,-0.232290,-0.040434,0.043224,0.078820,0.296425,0.047731,0.124535,-0.301785,1.266890,-0.088361,0.004760,0.163153,-0.291591,-0.209135,0.284125,1.186282,0.220292,0.028453,-0.008053
-0.070676,4.796712,0.774322,-0.028883,-0.002999,-0.693648,0.719728,-0.467355,0.129371,0.107436,0.862695,-0.092804,0.004269,0.064711,0.105238,-0.093931,0.196748,-0.226442,-0.037271,0.045446,0.077764,0.292238,0.058167,0.122813,-0.297479,1.266915,-0.086366,0.005252,0.160867,-0.285318,-0.209486,0.286623,1.184887,0.219777,0.027520,-0.005406
-0.070945,4.801211,0.774775,-0.028671,-0.004061,-0.693196,0.720167,-0.457214,0.127218,0.103227,0.896003,-0.104994,0.003682,0.059409,0.102765,-0.094936,0.196184,-0.221117,-0.034020,0.047060,0.076945,0.288743,0.068408,0.121381,-0.294489,1.266960,-0.083854,0.005868,0.160348,-0.279110,-0.209803,0.288837,1.183703,0.218256,0.027413,-0.002886
-0.071175,4.805719,0.775152,-0.028743,-0.005233,-0.692758,0.720578,-0.445251,0.123423,0.096490,0.927344,-0.115910,0.000371,0.054709,0.100612,-0.095781,0.195857,-0.216323,-0.030679,0.048360,0.076361,0.285693,0.078624,0.120196,-0.292343,1.266905,-0.080849,0.006563,0.160996,-0.272924,-0.210116,0.291072,1.182808,0.216010,0.027926,-0.000482
-0.071371,4.810187,0.775416,-0.029002,-0.006297,-0.692350,0.720951,-0.432020,0.119292,0.088832,0.956835,-0.126128,-0.004324,0.050015,0.098968,-0.096540,0.195815,-0.211753,-0.027811,0.049493,0.076096,0.282755,0.088744,0.119305,-0.290449,1.266735,-0.077956,0.007158,0.162207,-0.266707,-0.210370,0.293507,1.182196,0.213704,0.028689,0.001259
-0.071548,4.814702,0.775580,-0.029357,-0.007027,-0.691991,0.721275,-0.418099,0.116219,0.081795,0.984608,-0.136190,-0.009008,0.044724,0.098025,-0.097287,0.196123,-0.207094,-0.025979,0.050689,0.076227,0.279571,0.098592,0.118736,-0.288312,1.266590,-0.075808,0.007437,0.163409,-0.260396,-0.210510,0.296180,1.181913,0.211917,0.029326,0.001788
-0.071682,4.819283,0.775641,-0.029808,-0.007329,-0.691666,0.721564,-0.403594,0.114659,0.075424,1.010699,-0.146244,-0.014129,0.038578,0.098042,-0.098109,0.196908,-0.202301,-0.025691,0.051315,0.076994,0.276022,0.108367,0.118134,-0.285021,1.266378,-0.074396,0.007206,0.164611,-0.254434,-0.210584,0.300428,1.182445,0.211327,0.029600,0.000381
-0.071879,4.823790,0.775643,-0.030417,-0.007314,-0.691375,0.721819,-0.388226,0.113916,0.069032,1.035118,-0.156038,-0.020127,0.031936,0.098865,-0.098969,0.198097,-0.197522,-0.026543,0.051562,0.078257,0.272281,0.117952,0.117595,-0.281180,1.266306,-0.073470,0.006536,0.166092,-0.248726,-0.210487,0.305636,1.183705,0.211350,0.029742,-0.002497
-0.072144,4.828260,0.775589,-0.031109,-0.007148,-0.691151,0.722006,-0.371920,0.113718,0.062992,1.057629,-0.165392,-0.025554,0.025091,0.100081,-0.099753,0.199438,-0.192696,-0.027741,0.051940,0.079743,0.268452,0.127215,0.117264,-0.277479,1.266391,-0.072938,0.005862,0.167697,-0.242837,-0.210282,0.310340,1.185070,0.211244,0.030137,-0.005653
-0.072388,4.832629,0.775516,-0.031812,-0.006997,-0.691029,0.722093,-0.354573,0.113792,0.057634,1.077930,-0.174079,-0.028963,0.018397,0.101281,-0.100325,0.200626,-0.187757,-0.028478,0.052014,0.081159,0.264670,0.136371,0.116924,-0.273464,1.266576,-0.072371,0.005537,0.169245,-0.236966,-0.209934,0.314322,1.186380,0.210621,0.031177,-0.007969
-0.072492,4.836945,0.775419,-0.032621,-0.006902,-0.691067,0.722021,-0.335882,0.114509,0.053224,1.096113,-0.182102,-0.029582,0.012177,0.102531,-0.100507,0.201449,-0.182618,-0.028546,0.052157,0.082629,0.261102,0.145319,0.116562,-0.269419,1.266972,-0.071844,0.005690,0.170799,-0.230918,-0.209499,0.316691,1.187315,0.208828,0.033369,-0.008929
-0.072530,4.841367,0.775275,-0.033527,-0.006793,-0.691231,0.721824,-0.315988,0.115924,0.049465,1.112242,-0.189498,-0.028289,0.006213,0.104011,-0.100412,0.202051,-0.177311,-0.028381,0.052292,0.084271,0.257641,0.154031,0.116184,-0.265278,1.267579,-0.071468,0.006114,0.172423,-0.224760,-0.209005,0.318068,1.188110,0.206337,0.036374,-0.009205
-0.072546,4.845763,0.775105,-0.034359,-0.006599,-0.691419,0.721606,-0.295570,0.117269,0.045819,1.126107,-0.196155,-0.026117,-0.000101,0.105465,-0.100348,0.202876,-0.172025,-0.028130,0.052123,0.085865,0.253942,0.162353,0.115720,-0.261048,1.268558,-0.071127,0.006660,0.174027,-0.218593,-0.208370,0.319283,1.189185,0.203991,0.039301,-0.009422
-0.072601,4.850108,0.774954,-0.034961,-0.006235,-0.691530,0.721475,-0.275330,0.117761,0.041751,1.137577,-0.201996,-0.024097,-0.007363,0.106623,-0.100618,0.204297,-0.166895,-0.027930,0.051823,0.087267,0.249680,0.169969,0.115278,-0.257325,1.270071,-0.070887,0.007197,0.175501,-0.212088,-0.207785,0.320623,1.190519,0.202558,0.041280,-0.010136
-0.072640,4.854511,0.774721,-0.035289,-0.005635,-0.691548,0.721446,-0.255382,0.117951,0.037681,1.146850,-0.207213,-0.021928,-0.015809,0.107555,-0.101326,0.206401,-0.161931,-0.027896,0.051293,0.088588,0.244692,0.176877,0.114857,-0.254097,1.272194,-0.070815,0.007690,0.176802,-0.205190,-0.207264,0.322428,1.192223,0.202579,0.041820,-0.011634
-0.072681,4.858907,0.774474,-0.035434,-0.004852,-0.691523,0.721468,-0.235447,0.118028,0.033668,1.154005,-0.211795,-0.019237,-0.025087,0.108342,-0.102299,0.208979,-0.157068,-0.027918,0.050060,0.089788,0.239141,0.183328,0.114209,-0.250586,1.274938,-0.070708,0.008143,0.178036,-0.198495,-0.206525,0.324990,1.194730,0.203632,0.041442,-0.013668
-0.072521,4.863281,0.774243,-0.035391,-0.004024,-0.691450,0.721546,-0.215544,0.116684,0.028636,1.158635,-0.215342,-0.016964,-0.034964,0.108744,-0.103439,0.212009,-0.152336,-0.027804,0.048753,0.090742,0.233303,0.189124,0.113540,-0.247467,1.278026,-0.070587,0.008680,0.179211,-0.191533,-0.205819,0.327258,1.197267,0.204814,0.040880,-0.015745
-0.072351,4.867761,0.774041,-0.035154,-0.003287,-0.691324,0.721682,-0.195691,0.112584,0.021532,1.160354,-0.217466,-0.016034,-0.045229,0.108527,-0.104637,0.215543,-0.147819,-0.027367,0.047433,0.091190,0.227489,0.194284,0.112962,-0.244701,1.281193,-0.070271,0.009286,0.180290,-0.184240,-0.205257,0.328867,1.199357,0.205377,0.040866,-0.017433
-0.072216,4.872264,0.773811,-0.034656,-0.002652,-0.691120,0.721903,-0.176006,0.105213,0.011838,1.159188,-0.217914,-0.016181,-0.056017,0.107573,-0.105952,0.219696,-0.143572,-0.026475,0.045780,0.090995,0.221586,0.198844,0.112292,-0.241854,1.284628,-0.069436,0.009947,0.181424,-0.176908,-0.204672,0.330050,1.201318,0.205156,0.041570,-0.018679
-0.072059,4.876755,0.773578,-0.033937,-0.002038,-0.690851,0.722197,-0.156404,0.095361,0.000165,1.155371,-0.216987,-0.017040,-0.067288,0.106031,-0.107376,0.224223,-0.139494,-0.025256,0.044032,0.090336,0.215530,0.202755,0.111675,-0.239273,1.288328,-0.068332,0.010667,0.182532,-0.169269,-0.204180,0.330721,1.202988,0.204543,0.042631,-0.019638
-0.071860,4.881196,0.773382,-0.033083,-0.001510,-0.690563,0.722513,-0.136540,0.083637,-0.012854,1.148799,-0.215113,-0.019372,-0.078851,0.104027,-0.108747,0.229198,-0.135554,-0.023913,0.042241,0.089300,0.209545,0.206110,0.111168,-0.237095,1.291966,-0.067346,0.011434,0.183403,-0.161397,-0.203796,0.331020,1.204396,0.203705,0.043899,-0.020436
-0.071669,4.885747,0.773173,-0.032188,-0.001129,-0.690306,0.722801,-0.116114,0.070664,-0.026599,1.139391,-0.212752,-0.023922,-0.090469,0.101703,-0.109902,0.234537,-0.131646,-0.022648,0.040209,0.087986,0.203828,0.208958,0.110577,-0.235135,1.295384,-0.066740,0.012220,0.183909,-0.153689,-0.203337,0.331355,1.205933,0.202836,0.045203,-0.021262
-0.071384,4.890286,0.772978,-0.031221,-0.000933,-0.690133,0.723008,-0.094736,0.055826,-0.041545,1.126540,-0.209957,-0.031705,-0.102167,0.098965,-0.110686,0.240365,-0.127845,-0.021369,0.038266,0.086307,0.198400,0.211304,0.110057,-0.233741,1.298485,-0.066825,0.013069,0.183928,-0.145919,-0.202909,0.331401,1.207335,0.201668,0.046731,-0.021991
-0.071121,4.894875,0.772754,-0.030145,-0.000888,-0.690006,0.723175,-0.072590,0.039195,-0.057945,1.110504,-0.206648,-0.041922,-0.114044,0.095798,-0.111207,0.246645,-0.124141,-0.020019,0.036144,0.084245,0.193084,0.213046,0.109360,-0.232588,1.301630,-0.067283,0.013957,0.183687,-0.138398,-0.202296,0.331339,1.209058,0.200197,0.048456,-0.022685
-0.070895,4.899395,0.772512,-0.029064,-0.000913,-0.689834,0.723383,-0.050260,0.022380,-0.074803,1.092450,-0.203038,-0.052639,-0.125924,0.092448,-0.111707,0.253068,-0.120376,-0.018865,0.033931,0.082008,0.188046,0.214284,0.108892,-0.231914,1.304410,-0.067927,0.014826,0.183105,-0.130631,-0.201800,0.331055,1.210448,0.198953,0.050026,-0.023413
-0.070653,4.904071,0.772257,-0.028080,-0.000933,-0.689526,0.723715,-0.028395,0.006905,-0.091059,1.073538,-0.199209,-0.062002,-0.137641,0.089150,-0.112442,0.259334,-0.116395,-0.018174,0.031369,0.079821,0.183363,0.215070,0.108691,-0.231549,1.306686,-0.068428,0.015596,0.182233,-0.122575,-0.201490,0.330763,1.211437,0.198436,0.051048,-0.024350
-0.070410,4.908714,0.771961,-0.027187,-0.000957,-0.689044,0.724209,-0.006967,-0.007000,-0.106463,1.053614,-0.195170,-0.069882,-0.149237,0.085900,-0.113507,0.265589,-0.112245,-0.018179,0.028315,0.077710,0.178912,0.215260,0.108568,-0.231407,1.308760,-0.068692,0.016328,0.180964,-0.114443,-0.201111,0.330686,1.212522,0.198891,0.051199,-0.025779
-0.070233,4.913695,0.771608,-0.026353,-0.001001,-0.688439,0.724815,0.014264,-0.020063,-0.121569,1.032211,-0.190812,-0.077119,-0.160767,0.082583,-0.114767,0.271908,-0.107990,-0.018690,0.024825,0.075548,0.174717,0.214958,0.108566,-0.231468,1.310500,-0.068864,0.017040,0.179295,-0.106220,-0.200738,0.330778,1.213551,0.200045,0.050766,-0.027524
-0.070005,4.918402,0.771254,-0.025570,-0.001072,-0.687757,0.725490,0.034918,-0.032346,-0.136542,1.010044,-0.186046,-0.083515,-0.172160,0.079259,-0.116131,0.278004,-0.103503,-0.019348,0.021051,0.073330,0.170814,0.214138,0.108707,-0.231826,1.311939,-0.069018,0.017526,0.177709,-0.098036,-0.200278,0.330645,1.214511,0.201436,0.050152,-0.029301
-0.069765,4.923177,0.770854,-0.024842,-0.001170,-0.687042,0.726192,0.054677,-0.043879,-0.151524,0.987793,-0.180789,-0.088848,-0.183331,0.076006,-0.117518,0.283640,-0.098717,-0.019794,0.017325,0.070949,0.167319,0.212804,0.109221,-0.232716,1.312935,-0.069229,0.017603,0.176673,-0.089956,-0.199446,0.329567,1.215290,0.202442,0.049778,-0.030823
-0.069601,4.928141,0.770403,-0.024202,-0.001297,-0.686308,0.726907,0.073475,-0.054817,-0.166741,0.965567,-0.174569,-0.092971,-0.194184,0.072915,-0.118880,0.288682,-0.093562,-0.019965,0.013627,0.068458,0.164300,0.210997,0.110088,-0.234215,1.313405,-0.069363,0.017199,0.176335,-0.081873,-0.198395,0.327447,1.215698,0.202906,0.049786,-0.031860
-0.069448,4.933257,0.769879,-0.023638,-0.001453,-0.685531,0.727658,0.091445,-0.065117,-0.182027,0.943090,-0.167544,-0.096056,-0.204751,0.069932,-0.120276,0.293232,-0.088119,-0.020054,0.009902,0.065846,0.161700,0.208703,0.111294,-0.236287,1.313394,-0.069449,0.016423,0.176424,-0.073753,-0.197133,0.324490,1.215809,0.203092,0.049942,-0.032616
-0.069373,4.938355,0.769343,-0.023103,-0.001616,-0.684696,0.728461,0.108523,-0.074532,-0.196925,0.920376,-0.160623,-0.098398,-0.215341,0.066893,-0.121785,0.297670,-0.082464,-0.020079,0.006057,0.063144,0.159483,0.205839,0.112721,-0.238582,1.313018,-0.069692,0.015353,0.176747,-0.065712,-0.195743,0.321095,1.215634,0.203366,0.050151,-0.033343
-0.069233,4.943593,0.768752,-0.022537,-0.001783,-0.683788,0.729331,0.124613,-0.082837,-0.210951,0.897443,-0.154694,-0.100266,-0.226027,0.063645,-0.123464,0.301945,-0.076604,-0.020047,0.002058,0.060332,0.157616,0.202321,0.114329,-0.240809,1.312377,-0.070316,0.014063,0.177096,-0.057871,-0.194238,0.317543,1.215214,0.204041,0.050302,-0.034301
-0.069106,4.948953,0.768101,-0.021968,-0.001947,-0.682823,0.730251,0.139862,-0.090461,-0.224723,0.874187,-0.148910,-0.102265,-0.236773,0.060229,-0.125281,0.306127,-0.070676,-0.019848,-0.002121,0.057420,0.156078,0.198224,0.116105,-0.242978,1.311417,-0.071367,0.012402,0.177533,-0.050218,-0.192623,0.313983,1.214495,0.205390,0.050436,-0.035646
-0.068953,4.954403,0.767431,-0.021407,-0.002120,-0.681804,0.731219,0.154213,-0.097380,-0.238179,0.850647,-0.143131,-0.104065,-0.247436,0.056715,-0.127203,0.309975,-0.064570,-0.019508,-0.006465,0.054426,0.154889,0.193543,0.118042,-0.245196,1.310141,-0.072711,0.010374,0.178133,-0.042714,-0.190878,0.310258,1.213487,0.207192,0.050584,-0.037213
-0.068796,4.960003,0.766715,-0.020807,-0.002279,-0.680686,0.732276,0.167333,-0.102817,-0.249906,0.826946,-0.139390,-0.104638,-0.258432,0.052898,-0.129328,0.313987,-0.058238,-0.019238,-0.010975,0.051327,0.154059,0.188119,0.120105,-0.247335,1.308685,-0.074344,0.008324,0.178713,-0.035442,-0.189002,0.306211,1.212333,0.208998,0.050632,-0.038780
-0.068723,4.965681,0.765954,-0.020103,-0.002421,-0.679425,0.733466,0.178874,-0.106057,-0.258448,0.803212,-0.139718,-0.102972,-0.270029,0.048586,-0.131739,0.318366,-0.051580,-0.019252,-0.015672,0.048099,0.153598,0.181787,0.122244,-0.249260,1.307200,-0.076254,0.006595,0.179104,-0.028503,-0.187020,0.301695,1.211195,0.210358,0.050463,-0.040127
-0.068530,4.971642,0.765095,-0.019267,-0.002480,-0.677991,0.734814,0.188901,-0.106514,-0.262899,0.778860,-0.145483,-0.100085,-0.282569,0.043727,-0.134542,0.323432,-0.044598,-0.019724,-0.020582,0.044820,0.153447,0.174466,0.124394,-0.250657,1.305601,-0.078471,0.005327,0.179121,-0.021868,-0.184929,0.296426,1.210070,0.210909,0.049896,-0.041135
-0.068355,4.977752,0.764202,-0.018323,-0.002497,-0.676414,0.736289,0.197568,-0.104946,-0.264142,0.753927,-0.155299,-0.096278,-0.295800,0.038383,-0.137634,0.328964,-0.037328,-0.020494,-0.025692,0.041473,0.153611,0.166231,0.126554,-0.251709,1.303889,-0.081002,0.004326,0.178923,-0.015516,-0.182729,0.290564,1.208903,0.210966,0.049048,-0.041947
-0.068087,4.983949,0.763277,-0.017320,-0.002586,-0.674734,0.737854,0.204673,-0.102652,-0.263436,0.729528,-0.167123,-0.089420,-0.309134,0.032555,-0.140791,0.334461,-0.029790,-0.021286,-0.030939,0.037933,0.154210,0.157141,0.128760,-0.252978,1.302359,-0.083733,0.003397,0.178812,-0.009524,-0.180428,0.284636,1.207714,0.211128,0.048244,-0.042716
-0.067853,4.990390,0.762270,-0.016291,-0.002876,-0.672992,0.739465,0.209925,-0.100883,-0.262074,0.706957,-0.179003,-0.077241,-0.321992,0.026256,-0.143781,0.339360,-0.021940,-0.021843,-0.036248,0.034042,0.155363,0.147271,0.131070,-0.255063,1.301277,-0.086590,0.002347,0.179084,-0.003950,-0.178045,0.279168,1.206509,0.212002,0.047814,-0.043592
-0.067553,4.996967,0.761219,-0.015225,-0.003387,-0.671159,0.741150,0.212628,-0.099630,-0.259865,0.686862,-0.190421,-0.056813,-0.334485,0.019449,-0.146663,0.343887,-0.013784,-0.022209,-0.041625,0.029725,0.157058,0.136612,0.133507,-0.258017,1.300716,-0.089787,0.000982,0.179871,0.001256,-0.175587,0.274148,1.205204,0.214167,0.047909,-0.044655
-0.067289,5.003578,0.760195,-0.014105,-0.004060,-0.669230,0.742910,0.213072,-0.098488,-0.256347,0.668787,-0.202648,-0.030059,-0.346813,0.012135,-0.149468,0.348150,-0.005304,-0.022506,-0.047067,0.025011,0.159250,0.125147,0.136048,-0.261599,1.300496,-0.093307,-0.000544,0.180974,0.006133,-0.173031,0.269337,1.203779,0.217166,0.048338,-0.045803
-0.067000,5.010301,0.759186,-0.012922,-0.004940,-0.667279,0.744679,0.212283,-0.098071,-0.252505,0.652570,-0.216559,-0.001955,-0.358779,0.004367,-0.151975,0.351902,0.003322,-0.022593,-0.052489,0.019892,0.161981,0.112935,0.138692,-0.265895,1.300530,-0.096659,-0.001905,0.182209,0.010585,-0.170415,0.264896,1.202407,0.220021,0.048892,-0.046931
-0.066903,5.017007,0.758229,-0.011694,-0.006039,-0.665377,0.746391,0.211383,-0.098925,-0.249344,0.637726,-0.232779,0.022514,-0.370170,-0.003771,-0.153986,0.354812,0.011979,-0.022318,-0.057812,0.014422,0.165317,0.100044,0.141429,-0.271009,1.300685,-0.099381,-0.002761,0.183385,0.014548,-0.167768,0.260994,1.201188,0.221774,0.049380,-0.047915
-0.066635,5.023981,0.757201,-0.010440,-0.007313,-0.663557,0.748017,0.210832,-0.101005,-0.246927,0.623604,-0.252103,0.042635,-0.381211,-0.012219,-0.155540,0.357118,0.020942,-0.022039,-0.062959,0.008650,0.169249,0.086408,0.144217,-0.276950,1.300946,-0.101185,-0.002775,0.184585,0.017965,-0.165132,0.257841,1.200164,0.222058,0.049807,-0.048679
-0.066298,5.031127,0.756151,-0.009150,-0.008764,-0.661772,0.749598,0.210072,-0.104020,-0.244894,0.610355,-0.273803,0.060879,-0.391932,-0.020975,-0.156742,0.358857,0.030178,-0.021713,-0.068000,0.002579,0.173743,0.072011,0.147021,-0.283675,1.301374,-0.102369,-0.002204,0.185865,0.020890,-0.162522,0.255308,1.199262,0.221442,0.050261,-0.049296
-0.065953,5.038381,0.755104,-0.007834,-0.010447,-0.659970,0.751179,0.208847,-0.108064,-0.243559,0.598331,-0.296065,0.076919,-0.401788,-0.030025,-0.157504,0.359309,0.039191,-0.020554,-0.073074,-0.003806,0.178808,0.056998,0.149845,-0.291212,1.301966,-0.103357,-0.001605,0.186993,0.023451,-0.159927,0.253006,1.198411,0.220307,0.050683,-0.049877
-0.065605,5.045667,0.753999,-0.006502,-0.012425,-0.658092,0.752807,0.206979,-0.113182,-0.243157,0.587804,-0.317106,0.090341,-0.410197,-0.039358,-0.157736,0.357811,0.047422,-0.017741,-0.078301,-0.010514,0.184454,0.041520,0.152726,-0.299615,1.302699,-0.104586,-0.001530,0.187732,0.025769,-0.157319,0.250533,1.197539,0.219041,0.051014,-0.050531
-0.065186,5.053161,0.752981,-0.005190,-0.014784,-0.656072,0.754536,0.204544,-0.119545,-0.243752,0.578893,-0.337045,0.100469,-0.416793,-0.049216,-0.157427,0.353919,0.055906,-0.011988,-0.083843,-0.017660,0.191055,0.025332,0.155674,-0.309042,1.303706,-0.106228,-0.002309,0.188018,0.027644,-0.154702,0.247793,1.196648,0.217571,0.051159,-0.051237
-0.064772,5.060732,0.751991,-0.003887,-0.017465,-0.653947,0.756329,0.201710,-0.126960,-0.245093,0.571225,-0.356549,0.107561,-0.421930,-0.059497,-0.156636,0.348072,0.064546,-0.004049,-0.089560,-0.025190,0.198475,0.008443,0.158658,-0.319456,1.304921,-0.108053,-0.003575,0.187965,0.029097,-0.152079,0.244972,1.195766,0.215742,0.051176,-0.051950
-0.064273,5.068284,0.751089,-0.002580,-0.020275,-0.651830,0.758090,0.198405,-0.134992,-0.246893,0.564429,-0.374663,0.112635,-0.426077,-0.069745,-0.155395,0.340844,0.071151,0.003845,-0.095130,-0.032882,0.205989,-0.008610,0.161643,-0.330571,1.306030,-0.109859,-0.004853,0.187595,0.030569,-0.149399,0.242091,1.194858,0.213817,0.051232,-0.052746
-0.063756,5.075826,0.750326,-0.001220,-0.023042,-0.649839,0.759722,0.194573,-0.143212,-0.248902,0.558033,-0.390460,0.116797,-0.429756,-0.079538,-0.153766,0.332894,0.073522,0.009442,-0.100242,-0.040513,0.212873,-0.025283,0.164605,-0.342114,1.306727,-0.111448,-0.005663,0.186935,0.032491,-0.146564,0.239196,1.193913,0.212068,0.051488,-0.053706
-0.063229,5.083492,0.749610,0.000242,-0.025724,-0.647927,0.761268,0.189798,-0.151726,-0.251185,0.552276,-0.403502,0.120017,-0.433326,-0.089014,-0.151621,0.324660,0.069959,0.011445,-0.104986,-0.048139,0.219098,-0.041812,0.167562,-0.354441,1.307059,-0.112843,-0.005677,0.185922,0.034826,-0.143499,0.236095,1.192867,0.210623,0.052033,-0.055000
-0.062706,5.090886,0.748987,0.001790,-0.028432,-0.646059,0.762756,0.184245,-0.160657,-0.253747,0.547318,-0.414352,0.121864,-0.436577,-0.098415,-0.148995,0.316084,0.061870,0.011221,-0.109464,-0.055869,0.225004,-0.058371,0.170497,-0.367590,1.307149,-0.114139,-0.005214,0.184562,0.037353,-0.140201,0.232811,1.191801,0.209297,0.052756,-0.056549
-0.062266,5.098066,0.748447,0.003274,-0.031131,-0.644371,0.764072,0.178541,-0.169648,-0.256282,0.542793,-0.423581,0.122899,-0.438646,-0.107358,-0.146280,0.305901,0.052048,0.010524,-0.113438,-0.063530,0.230406,-0.074270,0.173330,-0.380771,1.306815,-0.115194,-0.004766,0.183003,0.040228,-0.136702,0.229775,1.190942,0.207927,0.053523,-0.058072
-0.062106,5.105105,0.747973,0.004578,-0.033825,-0.642993,0.765111,0.173301,-0.178327,-0.258542,0.538320,-0.431764,0.123700,-0.438783,-0.115480,-0.143899,0.293013,0.043294,0.011173,-0.116730,-0.070937,0.235124,-0.088824,0.175990,-0.393102,1.305928,-0.115820,-0.004841,0.181410,0.043597,-0.133069,0.227438,1.190530,0.206339,0.054201,-0.059290
-0.061827,5.112001,0.747510,0.005659,-0.036586,-0.641919,0.765878,0.168569,-0.186759,-0.260803,0.534132,-0.439055,0.124364,-0.436135,-0.122459,-0.141133,0.275615,0.035821,0.013643,-0.119406,-0.078125,0.239118,-0.101984,0.178509,-0.404649,1.304869,-0.116008,-0.005829,0.179731,0.047678,-0.129318,0.225934,1.190516,0.204409,0.054867,-0.060249
-0.061526,5.118644,0.747101,0.006600,-0.039418,-0.641081,0.766432,0.164003,-0.195136,-0.263138,0.530405,-0.445215,0.124707,-0.431352,-0.128671,-0.138086,0.254860,0.028303,0.016978,-0.121595,-0.085199,0.242520,-0.114038,0.180927,-0.415726,1.303582,-0.115802,-0.007380,0.177914,0.052355,-0.125443,0.225041,1.190786,0.202262,0.055558,-0.061056
-0.061150,5.125112,0.746747,0.007462,-0.042222,-0.640521,0.766742,0.159673,-0.203232,-0.264958,0.526503,-0.450002,0.124811,-0.425467,-0.134646,-0.136476,0.233149,0.021593,0.020957,-0.123228,-0.092049,0.245397,-0.124896,0.183192,-0.425908,1.301395,-0.115199,-0.008901,0.176147,0.057273,-0.121541,0.224752,1.191509,0.200165,0.056080,-0.061536
-0.060832,5.131440,0.746397,0.008288,-0.044858,-0.640290,0.766777,0.155613,-0.210800,-0.265680,0.521828,-0.453305,0.124767,-0.419831,-0.140826,-0.137981,0.213502,0.016304,0.025402,-0.124250,-0.098465,0.247786,-0.134442,0.185218,-0.434669,1.297577,-0.114143,-0.009759,0.174635,0.062104,-0.117755,0.225073,1.192816,0.198366,0.056247,-0.061498
-0.060330,5.137513,0.746143,0.009151,-0.047432,-0.640433,0.766493,0.152102,-0.218012,-0.265161,0.516007,-0.454869,0.124539,-0.413773,-0.147335,-0.143545,0.194048,0.013216,0.031298,-0.124582,-0.104593,0.249561,-0.142670,0.186999,-0.442071,1.292181,-0.112714,-0.009673,0.173379,0.067040,-0.114173,0.226288,1.194778,0.197281,0.055679,-0.060847
-0.059878,5.143439,0.746031,0.010004,-0.049976,-0.640907,0.765925,0.149001,-0.224941,-0.263736,0.509435,-0.454843,0.124125,-0.406814,-0.153828,-0.152149,0.173890,0.011948,0.038512,-0.124315,-0.110448,0.250769,-0.149651,0.188581,-0.448276,1.285506,-0.110896,-0.008988,0.172308,0.072217,-0.110813,0.228306,1.197263,0.196669,0.054594,-0.059675
-0.059513,5.149188,0.746168,0.010727,-0.052226,-0.641651,0.765141,0.145733,-0.231016,-0.261479,0.502613,-0.453665,0.123612,-0.400751,-0.159899,-0.162465,0.157703,0.011181,0.045123,-0.123603,-0.115455,0.251685,-0.155509,0.189923,-0.452840,1.277539,-0.108468,-0.008268,0.171486,0.077206,-0.107706,0.230652,1.200072,0.195865,0.053710,-0.058087
-0.059040,5.155133,0.746442,0.011161,-0.053856,-0.642633,0.764198,0.141675,-0.235570,-0.258400,0.496096,-0.451888,0.123063,-0.397556,-0.165153,-0.173103,0.150466,0.009402,0.049115,-0.122565,-0.118903,0.252560,-0.160410,0.190918,-0.455273,1.268309,-0.105184,-0.008085,0.170989,0.081550,-0.104883,0.232835,1.203012,0.194197,0.053745,-0.056177
-0.058392,5.161104,0.746854,0.011294,-0.054617,-0.643921,0.763056,0.136156,-0.238302,-0.254249,0.490401,-0.449709,0.122495,-0.398480,-0.169761,-0.185552,0.154587,0.006193,0.049561,-0.121014,-0.120253,0.253286,-0.164604,0.191474,-0.455457,1.257688,-0.100595,-0.008592,0.170961,0.085134,-0.102411,0.234729,1.205990,0.191500,0.054794,-0.053894
-0.057771,5.166940,0.747514,0.011194,-0.054710,-0.645522,0.761697,0.129663,-0.239592,-0.249065,0.485136,-0.446842,0.121862,-0.402320,-0.174001,-0.199835,0.167302,0.002180,0.047532,-0.118928,-0.119873,0.253760,-0.168006,0.191574,-0.453621,1.245794,-0.094935,-0.009492,0.171342,0.088253,-0.100376,0.236559,1.209044,0.188134,0.056519,-0.051178
-0.057105,5.172600,0.748343,0.010851,-0.054508,-0.647301,0.760206,0.123230,-0.239830,-0.243273,0.479683,-0.443124,0.121127,-0.407624,-0.177713,-0.212290,0.186370,-0.002958,0.044010,-0.116690,-0.118552,0.254181,-0.170349,0.191256,-0.449862,1.233194,-0.089054,-0.010706,0.171935,0.090893,-0.098579,0.238424,1.212458,0.184190,0.058929,-0.048210
-0.056395,5.178127,0.749324,0.010253,-0.054388,-0.649118,0.758671,0.117922,-0.239420,-0.237315,0.473389,-0.438365,0.120250,-0.413013,-0.180616,-0.219268,0.209514,-0.009449,0.040076,-0.114653,-0.117003,0.254806,-0.171310,0.190557,-0.444320,1.220301,-0.083799,-0.012144,0.172509,0.093214,-0.097037,0.240337,1.216269,0.179768,0.062069,-0.045087
-0.055662,5.183639,0.750382,0.009336,-0.054461,-0.650962,0.757096,0.114182,-0.238364,-0.231147,0.465965,-0.432342,0.119379,-0.418528,-0.182501,-0.219253,0.237412,-0.017526,0.035596,-0.112894,-0.115334,0.255863,-0.170488,0.189491,-0.436277,1.206613,-0.079121,-0.013857,0.173113,0.095060,-0.095711,0.242256,1.220581,0.174362,0.066602,-0.041472
-0.055101,5.188933,0.751605,0.008168,-0.054622,-0.652846,0.755474,0.111581,-0.236766,-0.224713,0.457682,-0.425133,0.118539,-0.424406,-0.183585,-0.214421,0.270153,-0.026662,0.030273,-0.111412,-0.113466,0.257176,-0.168184,0.188004,-0.425805,1.192223,-0.074606,-0.015880,0.173842,0.096345,-0.094517,0.244286,1.225469,0.168098,0.072259,-0.037462
-0.054427,5.194069,0.752887,0.006914,-0.054882,-0.654704,0.753858,0.109820,-0.234986,-0.218338,0.448623,-0.416950,0.117429,-0.429991,-0.184026,-0.206591,0.305341,-0.036153,0.024994,-0.110154,-0.111652,0.258521,-0.164995,0.186223,-0.414567,1.178023,-0.070735,-0.018050,0.174471,0.097525,-0.093485,0.246391,1.230600,0.161971,0.077741,-0.033699
-0.053765,5.199099,0.754220,0.005724,-0.055213,-0.656491,0.752289,0.108493,-0.233228,-0.212339,0.438989,-0.408089,0.115754,-0.434603,-0.183957,-0.197625,0.340544,-0.045391,0.020548,-0.109084,-0.110070,0.259599,-0.161565,0.184269,-0.404110,1.165024,-0.067931,-0.020220,0.174791,0.098924,-0.092574,0.248634,1.235823,0.157020,0.081743,-0.030912
-0.053183,5.204100,0.755597,0.004597,-0.055621,-0.658250,0.750728,0.107483,-0.231527,-0.206552,0.428995,-0.398346,0.113737,-0.438372,-0.183400,-0.187207,0.376272,-0.054600,0.017108,-0.108095,-0.108833,0.260414,-0.157645,0.182152,-0.394288,1.153024,-0.066332,-0.022488,0.174897,0.100506,-0.091731,0.251000,1.241322,0.153173,0.084090,-0.029219
-0.052642,5.208943,0.756979,0.003454,-0.056094,-0.659998,0.749162,0.106933,-0.229702,-0.200884,0.418560,-0.387692,0.111428,-0.441515,-0.182122,-0.174671,0.413315,-0.063907,0.014303,-0.107199,-0.107804,0.261100,-0.153079,0.179859,-0.384483,1.141691,-0.065726,-0.024928,0.174840,0.102094,-0.090939,0.253456,1.247151,0.149999,0.085425,-0.028289
-0.052186,5.213707,0.758382,0.002286,-0.056501,-0.661669,0.747661,0.106773,-0.227525,-0.195719,0.407501,-0.376770,0.108261,-0.443773,-0.179980,-0.161275,0.450323,-0.072954,0.012005,-0.106456,-0.106671,0.261516,-0.148480,0.177508,-0.375549,1.131518,-0.065988,-0.027205,0.174356,0.103879,-0.090202,0.255930,1.252876,0.147938,0.085686,-0.028165
-0.051802,5.218350,0.759796,0.001044,-0.056663,-0.663202,0.746292,0.106890,-0.224763,-0.191441,0.395665,-0.366216,0.103671,-0.444973,-0.176920,-0.148257,0.486104,-0.081456,0.010049,-0.105891,-0.105141,0.261550,-0.144464,0.175290,-0.368401,1.123019,-0.067031,-0.029020,0.173168,0.106032,-0.089543,0.258303,1.258079,0.147408,0.084795,-0.028880
-0.051508,5.222927,0.761162,-0.000317,-0.056504,-0.664566,0.745090,0.107382,-0.221066,-0.188408,0.382720,-0.356083,0.097032,-0.445063,-0.172757,-0.135803,0.520655,-0.089244,0.008485,-0.105517,-0.103031,0.261175,-0.140964,0.173367,-0.363302,1.116231,-0.069658,-0.030400,0.171099,0.108775,-0.088910,0.261075,1.262840,0.149255,0.081665,-0.031154
-0.051270,5.227487,0.762520,-0.001779,-0.056094,-0.665809,0.744009,0.108211,-0.216548,-0.186353,0.368892,-0.346131,0.088810,-0.444298,-0.167617,-0.123283,0.554866,-0.096635,0.007341,-0.105341,-0.100528,0.260428,-0.137673,0.171670,-0.359707,1.110879,-0.073635,-0.031460,0.168322,0.111898,-0.088253,0.264182,1.267380,0.152992,0.076676,-0.034736
-0.051077,5.231871,0.763828,-0.003242,-0.055538,-0.666987,0.742989,0.109136,-0.211660,-0.184723,0.354782,-0.336530,0.080067,-0.442730,-0.161873,-0.110755,0.588423,-0.104036,0.006408,-0.105225,-0.097904,0.259400,-0.134646,0.170311,-0.357549,1.106585,-0.077439,-0.032001,0.165014,0.115081,-0.087681,0.266512,1.271231,0.157055,0.071988,-0.038126
-0.050952,5.236176,0.765052,-0.004600,-0.054955,-0.668155,0.741976,0.109883,-0.206915,-0.182933,0.341021,-0.327393,0.071851,-0.440418,-0.155863,-0.098279,0.621014,-0.111822,0.005500,-0.105072,-0.095422,0.258225,-0.131802,0.169492,-0.356724,1.102763,-0.079555,-0.031828,0.161319,0.118070,-0.087343,0.266971,1.273769,0.159906,0.069797,-0.039804
-0.050854,5.240439,0.766210,-0.005863,-0.054294,-0.669356,0.740932,0.110496,-0.202214,-0.180820,0.327390,-0.318715,0.064061,-0.437437,-0.149263,-0.085590,0.652573,-0.120158,0.004427,-0.105083,-0.093014,0.256772,-0.129309,0.168976,-0.357006,1.099779,-0.079317,-0.030672,0.157023,0.120585,-0.087198,0.264793,1.274778,0.161190,0.071585,-0.039145
-0.050731,5.244628,0.767298,-0.007076,-0.053517,-0.670552,0.739896,0.111088,-0.197347,-0.178686,0.313643,-0.310428,0.056264,-0.433756,-0.141980,-0.072771,0.683330,-0.128842,0.003353,-0.104907,-0.090454,0.255077,-0.127362,0.168660,-0.358911,1.097907,-0.077708,-0.028723,0.152147,0.123018,-0.087229,0.260286,1.274402,0.161595,0.075901,-0.036979
-0.050595,5.248779,0.768303,-0.008190,-0.052754,-0.671677,0.738918,0.111439,-0.192722,-0.176605,0.300518,-0.302588,0.048984,-0.429245,-0.134712,-0.060399,0.713379,-0.137706,0.002637,-0.104656,-0.088037,0.253176,-0.125724,0.168609,-0.362103,1.096866,-0.075193,-0.026542,0.147303,0.125404,-0.087465,0.255346,1.273547,0.161541,0.080489,-0.034317
-0.050452,5.252776,0.769191,-0.009161,-0.052129,-0.672663,0.738053,0.111322,-0.188787,-0.174637,0.288733,-0.295189,0.042734,-0.423821,-0.128185,-0.049038,0.742837,-0.146581,0.002618,-0.103964,-0.085904,0.251174,-0.124475,0.168768,-0.366847,1.096531,-0.072402,-0.024656,0.143124,0.128064,-0.087985,0.251232,1.272828,0.161291,0.083118,-0.032084
-0.050268,5.256743,0.769983,-0.009941,-0.051706,-0.673498,0.737311,0.110749,-0.185792,-0.172672,0.278334,-0.288105,0.037850,-0.417432,-0.122568,-0.038632,0.771858,-0.155671,0.003619,-0.103302,-0.084223,0.248945,-0.123450,0.169187,-0.373018,1.096978,-0.068977,-0.023369,0.139634,0.130914,-0.088888,0.248977,1.272639,0.160978,0.082813,-0.030509
-0.050128,5.260656,0.770679,-0.010576,-0.051398,-0.674216,0.736667,0.109808,-0.183513,-0.170683,0.268981,-0.281337,0.033975,-0.410146,-0.117489,-0.028967,0.800353,-0.164998,0.005372,-0.102797,-0.082869,0.246498,-0.122584,0.169902,-0.380402,1.098101,-0.064747,-0.022327,0.136518,0.133853,-0.090183,0.247810,1.272504,0.160477,0.080905,-0.029080
-0.050016,5.264403,0.771311,-0.011120,-0.051154,-0.674825,0.736119,0.108421,-0.181698,-0.168876,0.260780,-0.275112,0.030593,-0.401997,-0.112885,-0.020354,0.828006,-0.174155,0.007321,-0.102407,-0.081795,0.243941,-0.121792,0.170788,-0.387988,1.099700,-0.060225,-0.021203,0.133898,0.136555,-0.091688,0.247450,1.272471,0.160061,0.078572,-0.027819
-0.049963,5.268070,0.771816,-0.011630,-0.050915,-0.675334,0.735660,0.106482,-0.180048,-0.167445,0.253861,-0.269666,0.027177,-0.393049,-0.108727,-0.013067,0.854472,-0.182664,0.008893,-0.101986,-0.080853,0.241479,-0.120859,0.171858,-0.395008,1.101277,-0.056094,-0.019672,0.131851,0.138971,-0.093493,0.247471,1.272157,0.159962,0.077033,-0.026615
-0.049883,5.271703,0.772272,-0.012166,-0.050702,-0.675702,0.735328,0.104055,-0.178545,-0.166560,0.248403,-0.265261,0.023745,-0.383187,-0.105172,-0.007291,0.879950,-0.190138,0.009853,-0.101667,-0.080131,0.239124,-0.119937,0.172999,-0.401291,1.103059,-0.052053,-0.017398,0.130386,0.140931,-0.095449,0.248262,1.271757,0.160432,0.076474,-0.025499
-0.049851,5.275298,0.772662,-0.012661,-0.050556,-0.675940,0.735111,0.101166,-0.177319,-0.166061,0.244300,-0.261722,0.020521,-0.372420,-0.102236,-0.002799,0.904492,-0.196887,0.010497,-0.101402,-0.079645,0.236794,-0.119123,0.174229,-0.407360,1.105235,-0.047956,-0.014647,0.129467,0.142567,-0.097598,0.249809,1.271316,0.161278,0.076291,-0.024492
-0.049883,5.278843,0.772977,-0.013053,-0.050391,-0.676129,0.734942,0.097678,-0.176333,-0.165732,0.241178,-0.258561,0.017337,-0.361040,-0.099720,0.000770,0.927633,-0.203555,0.011052,-0.101146,-0.079333,0.234372,-0.118154,0.175511,-0.412772,1.107564,-0.044309,-0.011918,0.129184,0.143777,-0.099879,0.251510,1.270949,0.162093,0.076473,-0.023710
-0.049981,5.282327,0.773240,-0.013269,-0.050132,-0.676350,0.734752,0.093440,-0.175544,-0.165348,0.238741,-0.255351,0.014017,-0.349342,-0.097403,0.003765,0.948923,-0.210797,0.011743,-0.100850,-0.079137,0.231726,-0.116806,0.176784,-0.417106,1.109874,-0.041623,-0.009709,0.129644,0.144431,-0.102189,0.252784,1.270838,0.162515,0.076986,-0.023296
-0.050012,5.285746,0.773459,-0.013273,-0.049787,-0.676603,0.734543,0.088459,-0.175032,-0.165074,0.236914,-0.252163,0.010285,-0.337351,-0.095168,0.006406,0.968374,-0.219343,0.012656,-0.100507,-0.079162,0.228792,-0.115054,0.178002,-0.420241,1.112211,-0.040189,-0.008153,0.131155,0.144419,-0.104488,0.253625,1.271158,0.162380,0.077978,-0.023271
-0.050167,5.289184,0.773679,-0.013106,-0.049393,-0.676853,0.734342,0.082807,-0.174785,-0.164956,0.235870,-0.249190,0.006314,-0.324977,-0.093161,0.008476,0.986260,-0.228665,0.013638,-0.100117,-0.079413,0.225630,-0.113053,0.179164,-0.422422,1.114728,-0.039672,-0.006985,0.133588,0.143822,-0.106793,0.254271,1.271830,0.161907,0.079401,-0.023588
-0.050366,5.292615,0.773872,-0.012808,-0.048913,-0.677133,0.734122,0.076377,-0.174622,-0.164582,0.235666,-0.246129,0.002599,-0.312255,-0.091567,0.009677,1.002360,-0.237544,0.014566,-0.099627,-0.079697,0.222315,-0.110870,0.180285,-0.423775,1.117419,-0.039643,-0.006116,0.136401,0.142779,-0.109074,0.254471,1.272632,0.161245,0.080948,-0.024280
-0.050517,5.295939,0.774037,-0.012426,-0.048308,-0.677477,0.733851,0.069094,-0.174347,-0.163548,0.236337,-0.242700,-0.000334,-0.299246,-0.090591,0.009731,1.016571,-0.244761,0.015315,-0.098957,-0.079840,0.218904,-0.108595,0.181394,-0.424479,1.120315,-0.039692,-0.005459,0.139055,0.141413,-0.111306,0.253972,1.273402,0.160570,0.082294,-0.025396
-0.050745,5.299307,0.774230,-0.011908,-0.047520,-0.677900,0.733520,0.060759,-0.173859,-0.161519,0.237715,-0.238657,-0.002780,-0.286148,-0.090369,0.008536,1.028866,-0.249933,0.015693,-0.098107,-0.079839,0.215312,-0.106169,0.182502,-0.424286,1.123361,-0.039646,-0.005029,0.141598,0.139654,-0.113431,0.252545,1.274167,0.159524,0.083475,-0.027097
-0.050916,5.302561,0.774450,-0.011250,-0.046589,-0.678381,0.733145,0.051491,-0.173249,-0.158795,0.239813,-0.234211,-0.004883,-0.272886,-0.090804,0.006292,1.039346,-0.253735,0.015802,-0.097094,-0.079809,0.211535,-0.103584,0.183610,-0.423244,1.126580,-0.039769,-0.004863,0.144257,0.137452,-0.115448,0.250354,1.275052,0.158135,0.084606,-0.029320
-0.051220,5.305850,0.774600,-0.010565,-0.045612,-0.678898,0.732739,0.041610,-0.172630,-0.155933,0.243037,-0.229763,-0.005956,-0.259133,-0.091757,0.003167,1.047998,-0.256474,0.015963,-0.095887,-0.079710,0.207767,-0.100931,0.184721,-0.421851,1.130022,-0.040212,-0.004886,0.146747,0.135014,-0.117393,0.247763,1.275880,0.157165,0.085546,-0.031756
-0.051434,5.309084,0.774801,-0.009965,-0.044687,-0.679425,0.732315,0.031471,-0.172110,-0.153491,0.247724,-0.225695,-0.005326,-0.244550,-0.093061,-0.000694,1.054820,-0.258477,0.016500,-0.094448,-0.079489,0.204203,-0.098337,0.185845,-0.420672,1.133763,-0.041184,-0.005028,0.148787,0.132542,-0.119344,0.245112,1.276501,0.157367,0.086138,-0.034096
-0.051571,5.312097,0.775003,-0.009476,-0.043827,-0.679961,0.731876,0.020921,-0.171721,-0.151624,0.254486,-0.222180,-0.002336,-0.228934,-0.094849,-0.005640,1.059594,-0.259097,0.017984,-0.092771,-0.079063,0.200888,-0.095777,0.186992,-0.419762,1.137847,-0.042894,-0.005423,0.150198,0.130139,-0.121319,0.242207,1.276895,0.159106,0.086214,-0.036417
-0.051896,5.315276,0.775205,-0.009051,-0.042967,-0.680514,0.731418,0.009868,-0.171363,-0.150021,0.262918,-0.218948,0.002500,-0.212498,-0.097109,-0.011651,1.062402,-0.258402,0.020075,-0.090880,-0.078450,0.197717,-0.093211,0.188156,-0.418884,1.142224,-0.045205,-0.006057,0.151161,0.127691,-0.123316,0.238950,1.277124,0.161929,0.085895,-0.038821
-0.052217,5.318472,0.775414,-0.008668,-0.042114,-0.681073,0.730952,-0.001312,-0.170999,-0.148559,0.271964,-0.215781,0.008050,-0.195555,-0.099442,-0.018044,1.063633,-0.257729,0.021742,-0.088806,-0.077718,0.194657,-0.090656,0.189315,-0.418049,1.146728,-0.047719,-0.006640,0.151929,0.125135,-0.125371,0.235849,1.277051,0.165335,0.085466,-0.041019
-0.052493,5.321558,0.775588,-0.008309,-0.041273,-0.681632,0.730482,-0.012262,-0.170614,-0.147101,0.280566,-0.212442,0.013231,-0.178445,-0.101482,-0.024115,1.063697,-0.258426,0.021971,-0.086590,-0.076937,0.191692,-0.088145,0.190442,-0.417272,1.151206,-0.050064,-0.006883,0.152753,0.122403,-0.127539,0.233435,1.276524,0.168835,0.085222,-0.042715
-0.052811,5.324557,0.775716,-0.007974,-0.040459,-0.682172,0.730028,-0.022896,-0.170245,-0.145736,0.288553,-0.208907,0.017795,-0.161132,-0.103322,-0.030036,1.062715,-0.261338,0.019875,-0.084262,-0.076094,0.188854,-0.085780,0.191530,-0.416679,1.155783,-0.052351,-0.006713,0.153576,0.119473,-0.129889,0.231893,1.275376,0.172724,0.085343,-0.043830
-0.053142,5.327618,0.775848,-0.007686,-0.039651,-0.682704,0.729578,-0.033430,-0.169905,-0.144485,0.296475,-0.205299,0.022335,-0.143485,-0.105061,-0.036064,1.060466,-0.265592,0.016222,-0.081815,-0.075129,0.186150,-0.083497,0.192575,-0.416190,1.160460,-0.054704,-0.006286,0.154298,0.116398,-0.132424,0.230953,1.273679,0.177132,0.085653,-0.044505
-0.053433,5.330650,0.775950,-0.007392,-0.038871,-0.683265,0.729098,-0.043890,-0.169545,-0.143120,0.304374,-0.201702,0.027043,-0.125674,-0.106378,-0.041608,1.056845,-0.269981,0.012477,-0.079214,-0.074113,0.183508,-0.081111,0.193552,-0.415523,1.164993,-0.056753,-0.005680,0.155129,0.113201,-0.135121,0.230435,1.271713,0.181314,0.085893,-0.044797
-0.053750,5.333602,0.776029,-0.007076,-0.038108,-0.683897,0.728548,-0.054259,-0.169110,-0.141416,0.312168,-0.198149,0.032102,-0.107864,-0.106980,-0.046088,1.051713,-0.273272,0.010080,-0.076427,-0.073113,0.180842,-0.078378,0.194426,-0.414397,1.169018,-0.058119,-0.004898,0.156277,0.109918,-0.137930,0.230177,1.269760,0.184535,0.085804,-0.044767
-0.054104,5.336567,0.776113,-0.006713,-0.037420,-0.684636,0.727893,-0.064712,-0.168695,-0.139191,0.320400,-0.194770,0.038160,-0.089955,-0.106968,-0.049415,1.045023,-0.275294,0.009284,-0.073342,-0.072220,0.178181,-0.075299,0.195160,-0.412736,1.172570,-0.058315,-0.003829,0.157826,0.106484,-0.140886,0.230297,1.267948,0.186348,0.085250,-0.044260
-0.054422,5.339553,0.776197,-0.006330,-0.036782,-0.685451,0.727161,-0.075209,-0.168278,-0.136591,0.328903,-0.191501,0.044934,-0.071923,-0.106455,-0.051884,1.036859,-0.276641,0.009342,-0.070019,-0.071351,0.175547,-0.071984,0.195743,-0.410682,1.175800,-0.057663,-0.002496,0.159660,0.102912,-0.143985,0.230837,1.266103,0.187227,0.084391,-0.043295
-0.054722,5.342400,0.776266,-0.005928,-0.036112,-0.686284,0.726412,-0.085418,-0.167659,-0.133911,0.336695,-0.188187,0.051214,-0.054055,-0.105201,-0.053468,1.027303,-0.277263,0.010195,-0.066653,-0.070399,0.172833,-0.068443,0.196197,-0.408296,1.178711,-0.056994,-0.001181,0.161686,0.099290,-0.147156,0.231482,1.264134,0.187831,0.083414,-0.042235
-0.055074,5.345206,0.776338,-0.005502,-0.035341,-0.687076,0.725704,-0.095097,-0.166685,-0.131435,0.343004,-0.184671,0.055774,-0.036613,-0.102995,-0.054117,1.016462,-0.277148,0.011788,-0.063420,-0.069292,0.169929,-0.064694,0.196574,-0.405667,1.181315,-0.057151,-0.000175,0.163814,0.095702,-0.150277,0.231906,1.261985,0.188809,0.082491,-0.041447
-0.055506,5.348058,0.776369,-0.005065,-0.034444,-0.687773,0.725091,-0.104016,-0.165310,-0.129365,0.347312,-0.180822,0.058036,-0.019490,-0.099598,-0.053705,1.004126,-0.276060,0.014501,-0.060428,-0.068055,0.166797,-0.060704,0.196931,-0.402818,1.183586,-0.058553,0.000421,0.166158,0.092156,-0.153262,0.232076,1.259598,0.190167,0.081741,-0.040933
-0.055987,5.350859,0.776380,-0.004599,-0.033481,-0.688418,0.724526,-0.112405,-0.163667,-0.127509,0.350250,-0.176784,0.058730,-0.002595,-0.095249,-0.052240,0.990345,-0.274149,0.018205,-0.057534,-0.066790,0.163496,-0.056469,0.197291,-0.399738,1.185524,-0.060703,0.000765,0.168719,0.088583,-0.156113,0.232125,1.257077,0.191596,0.081032,-0.040555
-0.056514,5.353753,0.776405,-0.004095,-0.032452,-0.689110,0.723918,-0.120525,-0.161818,-0.125605,0.352334,-0.172635,0.058577,0.013747,-0.090433,-0.049868,0.975554,-0.271804,0.022082,-0.054540,-0.065508,0.160073,-0.052022,0.197625,-0.396416,1.187118,-0.063019,0.000979,0.171235,0.084942,-0.158808,0.231986,1.254584,0.193294,0.080183,-0.040448
-0.057024,5.356653,0.776429,-0.003517,-0.031388,-0.689942,0.723175,-0.128711,-0.159825,-0.123379,0.354213,-0.168516,0.058293,0.029242,-0.085616,-0.046770,0.960133,-0.269447,0.025318,-0.051241,-0.064209,0.156557,-0.047418,0.197875,-0.392847,1.188407,-0.064898,0.001176,0.173453,0.081209,-0.161312,0.231585,1.252300,0.195455,0.078997,-0.040754
-0.057602,5.359491,0.776448,-0.002824,-0.030277,-0.690960,0.722254,-0.136925,-0.157645,-0.120663,0.355730,-0.164537,0.057863,0.043719,-0.080722,-0.042665,0.944176,-0.267074,0.027905,-0.047469,-0.062967,0.152814,-0.042756,0.197990,-0.389187,1.189527,-0.066133,0.001503,0.175397,0.077345,-0.163552,0.230903,1.250408,0.198226,0.077289,-0.041722
-0.058075,5.362404,0.776466,-0.002046,-0.029108,-0.692106,0.721206,-0.145056,-0.155257,-0.117641,0.356708,-0.160623,0.056960,0.057385,-0.075613,-0.037558,0.927508,-0.264535,0.030193,-0.043416,-0.061693,0.148897,-0.037944,0.197957,-0.385329,1.190360,-0.067035,0.001859,0.177157,0.073432,-0.165685,0.230026,1.248655,0.201502,0.075222,-0.043158
-0.058592,5.365333,0.776475,-0.001254,-0.027918,-0.693317,0.720091,-0.153221,-0.152722,-0.114580,0.357589,-0.156576,0.055836,0.070481,-0.070642,-0.032066,0.910108,-0.261964,0.031923,-0.039236,-0.060372,0.144988,-0.033013,0.197784,-0.381124,1.190998,-0.067859,0.001987,0.178666,0.069433,-0.167631,0.228818,1.247020,0.204975,0.073051,-0.044723
-0.059176,5.368304,0.776445,-0.000515,-0.026740,-0.694529,0.718967,-0.161602,-0.150123,-0.111737,0.358930,-0.152251,0.054751,0.083193,-0.066149,-0.026822,0.892035,-0.259535,0.032859,-0.035114,-0.058974,0.141310,-0.027936,0.197527,-0.376375,1.191403,-0.068853,0.001638,0.179830,0.065314,-0.169307,0.227190,1.245407,0.208355,0.071047,-0.046050
-0.059786,5.371223,0.776402,0.000158,-0.025600,-0.695717,0.717859,-0.170115,-0.147529,-0.109342,0.360692,-0.147406,0.053709,0.095856,-0.062158,-0.022025,0.872826,-0.257416,0.033214,-0.031291,-0.057391,0.137865,-0.022356,0.197168,-0.370668,1.191267,-0.069989,0.000570,0.180375,0.061257,-0.170974,0.225096,1.243598,0.211823,0.069166,-0.047013
-0.060422,5.374254,0.776427,0.000785,-0.024461,-0.696918,0.716733,-0.178731,-0.144885,-0.107207,0.362691,-0.142210,0.052591,0.108254,-0.058496,-0.017343,0.852648,-0.255493,0.033035,-0.027539,-0.055725,0.134540,-0.016423,0.196722,-0.364313,1.190731,-0.071180,-0.001017,0.180439,0.057194,-0.172429,0.222519,1.241782,0.215405,0.067288,-0.047847
-0.060983,5.377321,0.776411,0.001383,-0.023299,-0.698163,0.715558,-0.187609,-0.142051,-0.104979,0.365052,-0.137040,0.051484,0.119853,-0.055158,-0.012617,0.832322,-0.253431,0.031864,-0.023639,-0.053979,0.131486,-0.010595,0.196225,-0.357830,1.190081,-0.072547,-0.002725,0.180458,0.052859,-0.173630,0.219773,1.240040,0.218796,0.065657,-0.048550
-0.061548,5.380476,0.776380,0.001933,-0.022059,-0.699487,0.714302,-0.196927,-0.138889,-0.102302,0.367938,-0.132280,0.050482,0.130150,-0.052126,-0.007697,0.812620,-0.250882,0.029250,-0.019555,-0.051974,0.128876,-0.005216,0.195573,-0.351510,1.189486,-0.074128,-0.004166,0.180837,0.048044,-0.174858,0.217356,1.238267,0.221757,0.064562,-0.049027
-0.062112,5.383812,0.776275,0.002451,-0.020718,-0.700907,0.712947,-0.206832,-0.135366,-0.098997,0.371493,-0.128052,0.049755,0.138969,-0.049470,-0.002641,0.793662,-0.247906,0.024752,-0.015260,-0.049514,0.126750,-0.000481,0.194644,-0.345558,1.189020,-0.076082,-0.005290,0.181717,0.042733,-0.176229,0.214953,1.236232,0.224258,0.064402,-0.049308
-0.062671,5.387362,0.776126,0.002921,-0.019292,-0.702402,0.711513,-0.217226,-0.131546,-0.095291,0.375639,-0.124151,0.049221,0.146559,-0.047114,0.002451,0.775127,-0.244690,0.018755,-0.010734,-0.046671,0.125004,0.003752,0.193449,-0.339855,1.188665,-0.078358,-0.006296,0.182890,0.037076,-0.177657,0.212393,1.234012,0.226410,0.064923,-0.049411
-0.063239,5.390934,0.775946,0.003340,-0.017833,-0.703945,0.710023,-0.227861,-0.127436,-0.091430,0.380153,-0.120495,0.048605,0.153086,-0.044835,0.007684,0.757061,-0.241047,0.012058,-0.005982,-0.043665,0.123599,0.007651,0.192046,-0.334086,1.188444,-0.080618,-0.007171,0.184228,0.031119,-0.179122,0.210456,1.231937,0.228215,0.065444,-0.049232
-0.063805,5.394569,0.775756,0.003680,-0.016379,-0.705511,0.708500,-0.238541,-0.123038,-0.087664,0.384863,-0.116993,0.047620,0.158663,-0.042415,0.013172,0.739595,-0.236809,0.005450,-0.001060,-0.040674,0.122513,0.011424,0.190460,-0.327876,1.188341,-0.082509,-0.007904,0.185605,0.024920,-0.180668,0.209985,1.230288,0.229704,0.065292,-0.048640
-0.064465,5.398299,0.775504,0.003921,-0.014937,-0.707118,0.706927,-0.249127,-0.118325,-0.083973,0.389695,-0.113749,0.046248,0.163112,-0.039820,0.019193,0.723242,-0.230643,-0.001574,0.004082,-0.037694,0.121754,0.015163,0.188688,-0.320972,1.188287,-0.083860,-0.008425,0.186945,0.018623,-0.182319,0.211206,1.229100,0.230870,0.064048,-0.047540
-0.065078,5.402153,0.775218,0.004076,-0.013484,-0.708771,0.705298,-0.259749,-0.113296,-0.080267,0.394741,-0.110758,0.044622,0.166442,-0.037117,0.025547,0.707780,-0.223093,-0.009187,0.009388,-0.034627,0.121334,0.018793,0.186723,-0.313546,1.188249,-0.084870,-0.008760,0.188321,0.012129,-0.184070,0.213757,1.228223,0.231736,0.062160,-0.046008
-0.065800,5.406176,0.774859,0.004184,-0.012013,-0.710427,0.703656,-0.270660,-0.108026,-0.076670,0.400161,-0.107817,0.042681,0.169043,-0.034243,0.031701,0.692193,-0.216766,-0.016095,0.014689,-0.031521,0.121228,0.022259,0.184600,-0.305885,1.188289,-0.085724,-0.009047,0.189824,0.005158,-0.185909,0.217535,1.227665,0.232343,0.060242,-0.044174
-0.066535,5.410254,0.774418,0.004286,-0.010518,-0.712044,0.702043,-0.282075,-0.102593,-0.073313,0.406086,-0.104726,0.040355,0.171407,-0.031151,0.037192,0.675337,-0.214199,-0.020980,0.019811,-0.028441,0.121426,0.025513,0.182381,-0.298286,1.188444,-0.086642,-0.009416,0.191541,-0.002594,-0.187826,0.222478,1.227444,0.232763,0.058912,-0.042168
-0.067301,5.414441,0.773923,0.004411,-0.008982,-0.713620,0.700461,-0.294027,-0.097046,-0.070152,0.412437,-0.101440,0.037480,0.173790,-0.027878,0.042252,0.655998,-0.216402,-0.022457,0.024750,-0.025514,0.121910,0.028594,0.180100,-0.290586,1.188652,-0.087600,-0.009916,0.193668,-0.011273,-0.189800,0.228798,1.227583,0.233026,0.058517,-0.039706
-0.068070,5.418900,0.773335,0.004547,-0.007427,-0.715176,0.698890,-0.306395,-0.091341,-0.067151,0.419161,-0.098052,0.034131,0.175990,-0.024447,0.047055,0.634873,-0.221767,-0.021537,0.029583,-0.022696,0.122704,0.031526,0.177760,-0.282698,1.188883,-0.088514,-0.010470,0.196092,-0.020715,-0.191811,0.236458,1.228070,0.233089,0.058662,-0.036824
-0.068978,5.423386,0.772696,0.004616,-0.005855,-0.716703,0.697339,-0.319183,-0.085425,-0.064445,0.426467,-0.094601,0.030603,0.177775,-0.020829,0.051078,0.613723,-0.228885,-0.020516,0.034280,-0.019800,0.123860,0.034239,0.175388,-0.275052,1.189204,-0.089496,-0.011023,0.198440,-0.030704,-0.193818,0.244982,1.228810,0.232898,0.058868,-0.034118
-0.069935,5.428002,0.772024,0.004519,-0.004242,-0.718189,0.695820,-0.332375,-0.079233,-0.062181,0.434519,-0.091099,0.027189,0.178838,-0.016973,0.053821,0.594470,-0.236451,-0.021722,0.038842,-0.016623,0.125443,0.036650,0.173021,-0.268106,1.189685,-0.090646,-0.011512,0.200339,-0.041001,-0.195769,0.253846,1.229696,0.232380,0.058659,-0.032185
-0.070971,5.432775,0.771238,0.004275,-0.002476,-0.719630,0.694340,-0.346489,-0.072638,-0.060477,0.443854,-0.087668,0.023879,0.178447,-0.012763,0.054947,0.578192,-0.244334,-0.027176,0.043317,-0.013016,0.127279,0.038688,0.170701,-0.261975,1.190355,-0.092127,-0.011979,0.201788,-0.051580,-0.197637,0.263425,1.230908,0.231474,0.057566,-0.031467
-0.071936,5.437665,0.770417,0.003915,-0.000597,-0.721033,0.692889,-0.361326,-0.065704,-0.059266,0.454146,-0.084217,0.020524,0.176914,-0.008268,0.054838,0.563805,-0.253217,-0.035224,0.047703,-0.009123,0.129407,0.040411,0.168439,-0.256429,1.191158,-0.093837,-0.012436,0.202948,-0.062555,-0.199402,0.273800,1.232436,0.230225,0.055953,-0.031550
-0.072922,5.442702,0.769536,0.003371,0.001174,-0.722402,0.691464,-0.375898,-0.058673,-0.058402,0.464480,-0.080584,0.017220,0.175543,-0.003721,0.054078,0.549877,-0.263039,-0.042697,0.051939,-0.005182,0.132169,0.041911,0.166243,-0.251473,1.192086,-0.095556,-0.012775,0.203712,-0.073890,-0.201048,0.283983,1.233917,0.228687,0.054596,-0.031767
-0.073899,5.447908,0.768572,0.002600,0.002588,-0.723745,0.690058,-0.389167,-0.051800,-0.057702,0.473811,-0.076546,0.014081,0.175639,0.000606,0.053223,0.534995,-0.273663,-0.046421,0.056014,-0.001437,0.135915,0.043242,0.164115,-0.247177,1.193158,-0.097065,-0.012897,0.203973,-0.085498,-0.202549,0.292884,1.234954,0.226865,0.054264,-0.031435
-0.074963,5.453254,0.767566,0.001616,0.003518,-0.725074,0.688660,-0.401084,-0.045286,-0.056975,0.482315,-0.072169,0.011271,0.177830,0.004260,0.051874,0.518466,-0.285601,-0.044723,0.059948,0.001909,0.140903,0.044342,0.162076,-0.243558,1.194412,-0.098287,-0.012702,0.203526,-0.097432,-0.203879,0.299901,1.235281,0.224360,0.055564,-0.030225
-0.076041,5.458589,0.766540,0.000451,0.004101,-0.726387,0.687274,-0.412097,-0.038979,-0.056309,0.490295,-0.067492,0.008702,0.181318,0.007408,0.049857,0.501058,-0.298669,-0.039619,0.063831,0.004966,0.146884,0.045203,0.160210,-0.240680,1.195810,-0.099370,-0.012259,0.202480,-0.109673,-0.205006,0.305611,1.235166,0.221268,0.057943,-0.028539
-0.077108,5.463982,0.765562,-0.000925,0.004503,-0.727664,0.685918,-0.422143,-0.032634,-0.055914,0.497343,-0.062334,0.006123,0.185313,0.010693,0.048078,0.483448,-0.311668,-0.033454,0.067582,0.008059,0.153456,0.045925,0.158421,-0.238508,1.197359,-0.100415,-0.011737,0.201226,-0.122101,-0.205996,0.310892,1.235027,0.218379,0.060442,-0.026808
-0.078238,5.469473,0.764647,-0.002549,0.004896,-0.728885,0.684614,-0.431145,-0.025994,-0.056028,0.503030,-0.056517,0.003268,0.189023,0.014793,0.047521,0.466400,-0.323468,-0.028573,0.071208,0.011509,0.160217,0.046596,0.156644,-0.237096,1.199058,-0.101534,-0.011299,0.200154,-0.134547,-0.206899,0.316533,1.235246,0.216490,0.062108,-0.025471
-0.079352,5.474979,0.763775,-0.004537,0.005237,-0.730094,0.683312,-0.438908,-0.018899,-0.056626,0.507533,-0.050224,0.000137,0.192645,0.019939,0.048852,0.449817,-0.334020,-0.025330,0.074816,0.015407,0.167335,0.047239,0.154977,-0.236791,1.200953,-0.102975,-0.010981,0.199277,-0.147080,-0.207713,0.322967,1.236002,0.216112,0.062575,-0.024698
-0.080502,5.480634,0.763007,-0.006839,0.005469,-0.731283,0.682018,-0.445538,-0.011537,-0.057593,0.511015,-0.043509,-0.003148,0.196489,0.025709,0.051465,0.433409,-0.343892,-0.022622,0.078435,0.019516,0.174952,0.047855,0.153564,-0.237525,1.202930,-0.104641,-0.010688,0.198377,-0.159683,-0.208356,0.329591,1.236980,0.216699,0.062389,-0.024224
-0.081662,5.486241,0.762329,-0.009228,0.005728,-0.732354,0.680837,-0.451458,-0.004143,-0.059090,0.512926,-0.035841,-0.006695,0.199706,0.031903,0.054474,0.417912,-0.352881,-0.020568,0.081701,0.023842,0.182586,0.048446,0.152077,-0.238495,1.204925,-0.106037,-0.010405,0.197587,-0.172272,-0.208901,0.335963,1.238024,0.217554,0.061982,-0.023881
-0.082838,5.491844,0.761727,-0.011496,0.006163,-0.733207,0.679880,-0.457076,0.003030,-0.061269,0.512801,-0.026778,-0.010616,0.201529,0.038335,0.056971,0.404010,-0.360789,-0.019226,0.084568,0.028243,0.189788,0.048936,0.150452,-0.239267,1.206836,-0.106794,-0.010092,0.197002,-0.184592,-0.209278,0.341226,1.238863,0.217855,0.061766,-0.023485
-0.084066,5.497526,0.761202,-0.013628,0.006798,-0.733834,0.679159,-0.462471,0.010021,-0.064195,0.510641,-0.016334,-0.014961,0.201707,0.045128,0.059078,0.392023,-0.367600,-0.018421,0.087059,0.032661,0.196567,0.049258,0.148823,-0.240010,1.208616,-0.106711,-0.009664,0.196604,-0.196754,-0.209431,0.345175,1.239567,0.217128,0.061799,-0.022993
-0.085269,5.503260,0.760752,-0.015724,0.007557,-0.734282,0.678620,-0.467427,0.016919,-0.067793,0.506653,-0.004709,-0.019685,0.200655,0.052350,0.061145,0.381586,-0.373422,-0.018124,0.089386,0.036974,0.203233,0.049580,0.147631,-0.241072,1.210006,-0.106134,-0.009127,0.196224,-0.208650,-0.209394,0.347956,1.239955,0.215823,0.061878,-0.022440
-0.086514,5.509059,0.760373,-0.017740,0.008437,-0.734532,0.678289,-0.471932,0.023553,-0.072035,0.500737,0.008239,-0.024769,0.198639,0.059771,0.062578,0.372320,-0.378252,-0.018578,0.091154,0.041415,0.209424,0.049861,0.145932,-0.241685,1.211594,-0.105201,-0.008701,0.196166,-0.220412,-0.209126,0.350121,1.240506,0.214701,0.061992,-0.022019
-0.087866,5.514958,0.760087,-0.019618,0.009417,-0.734567,0.678187,-0.475978,0.029765,-0.076883,0.492789,0.022663,-0.030181,0.195877,0.067147,0.062781,0.363891,-0.382101,-0.020032,0.092687,0.045728,0.215095,0.050302,0.144073,-0.241790,1.213068,-0.104383,-0.008485,0.196351,-0.231454,-0.208638,0.351185,1.240667,0.214239,0.062164,-0.021692
-0.089228,5.520746,0.759909,-0.021368,0.010612,-0.734392,0.678306,-0.479704,0.035808,-0.082499,0.482744,0.038555,-0.035921,0.191969,0.074702,0.061475,0.356733,-0.384858,-0.022866,0.094021,0.049991,0.220176,0.050943,0.142147,-0.241424,1.214317,-0.103704,-0.008592,0.196995,-0.241801,-0.207893,0.351024,1.240284,0.214798,0.062617,-0.021483
-0.090595,5.526541,0.759795,-0.023009,0.011984,-0.734013,0.678640,-0.483075,0.041732,-0.088906,0.470743,0.055804,-0.042018,0.186928,0.082498,0.058984,0.350922,-0.386606,-0.026814,0.095105,0.054193,0.224781,0.051738,0.140212,-0.240706,1.215343,-0.103012,-0.008917,0.197988,-0.251607,-0.206915,0.349705,1.239498,0.215976,0.063269,-0.021366
-0.091969,5.532243,0.759783,-0.024529,0.013329,-0.733408,0.679216,-0.485726,0.047064,-0.095904,0.456838,0.074399,-0.048599,0.181643,0.090056,0.055634,0.345425,-0.387513,-0.031161,0.095862,0.058090,0.229038,0.052844,0.138242,-0.239438,1.216089,-0.102414,-0.009258,0.198853,-0.260686,-0.205772,0.347644,1.238468,0.217433,0.063686,-0.021297
-0.093361,5.537930,0.759834,-0.025926,0.014452,-0.732557,0.680058,-0.487371,0.051318,-0.103275,0.441235,0.094325,-0.055768,0.177023,0.096879,0.051771,0.339158,-0.387803,-0.035199,0.096216,0.061449,0.233100,0.054411,0.136214,-0.237427,1.216477,-0.102028,-0.009410,0.199106,-0.268806,-0.204556,0.345207,1.237280,0.218784,0.063439,-0.021215
-0.094714,5.543544,0.759954,-0.027087,0.015307,-0.731441,0.681195,-0.488262,0.054297,-0.110877,0.423402,0.117222,-0.062562,0.172916,0.102747,0.047286,0.332228,-0.387465,-0.038863,0.096142,0.064067,0.236941,0.056516,0.134072,-0.234327,1.216222,-0.102018,-0.009192,0.198693,-0.275892,-0.203320,0.342344,1.235846,0.220142,0.062262,-0.021127
-0.096021,5.548981,0.760163,-0.028050,0.015994,-0.730074,0.682605,-0.488445,0.056387,-0.118921,0.403478,0.142509,-0.069294,0.168954,0.107953,0.042053,0.325099,-0.386423,-0.042485,0.095681,0.066152,0.240531,0.059032,0.131786,-0.230320,1.215473,-0.102265,-0.008766,0.197854,-0.282040,-0.202058,0.338905,1.234094,0.221623,0.060442,-0.021045
-0.097329,5.554304,0.760385,-0.029040,0.016530,-0.728499,0.684232,-0.487206,0.057948,-0.127698,0.382343,0.166956,-0.077977,0.165746,0.112798,0.036436,0.317279,-0.384730,-0.045960,0.094894,0.068074,0.243974,0.061843,0.129410,-0.226020,1.214781,-0.102480,-0.008415,0.196530,-0.287303,-0.200803,0.335243,1.232187,0.222984,0.058382,-0.020921
-0.098679,5.559563,0.760539,-0.030247,0.016887,-0.726764,0.686013,-0.483752,0.059318,-0.137474,0.360761,0.187347,-0.090585,0.163910,0.117618,0.030827,0.308262,-0.382442,-0.049189,0.093852,0.070207,0.247416,0.064850,0.127039,-0.222056,1.214666,-0.102401,-0.008434,0.194658,-0.291767,-0.199627,0.331729,1.230284,0.223997,0.056486,-0.020700
-0.100002,5.564647,0.760627,-0.031852,0.017078,-0.724852,0.687956,-0.476426,0.060590,-0.149389,0.335133,0.205305,-0.111147,0.164053,0.122757,0.025391,0.297412,-0.379523,-0.052171,0.092607,0.072800,0.250984,0.068185,0.124718,-0.218265,1.215227,-0.102036,-0.009174,0.191764,-0.295212,-0.198532,0.328260,1.228190,0.224455,0.054808,-0.020337
-0.101333,5.569643,0.760712,-0.033775,0.017125,-0.722777,0.690043,-0.465850,0.061911,-0.162939,0.305883,0.221688,-0.137364,0.165928,0.128123,0.020030,0.284873,-0.375815,-0.054978,0.091209,0.075709,0.254634,0.071889,0.122435,-0.214421,1.216139,-0.101508,-0.010381,0.188024,-0.297683,-0.197530,0.324712,1.225895,0.224534,0.053153,-0.019862
-0.102510,5.574597,0.760859,-0.035785,0.017033,-0.720605,0.692212,-0.454865,0.063372,-0.175653,0.280003,0.232308,-0.161612,0.168618,0.133308,0.014633,0.271621,-0.371285,-0.057595,0.089720,0.078695,0.258222,0.075695,0.120198,-0.211162,1.217290,-0.100757,-0.011446,0.184315,-0.299421,-0.196649,0.321264,1.223560,0.224524,0.051575,-0.019305
-0.103613,5.579418,0.761071,-0.037562,0.016798,-0.718356,0.694458,-0.446768,0.064465,-0.184909,0.265143,0.232998,-0.176274,0.170974,0.137649,0.008911,0.258934,-0.366091,-0.059956,0.088098,0.081261,0.261534,0.079337,0.118099,-0.209168,1.218532,-0.099748,-0.011753,0.181486,-0.300626,-0.195976,0.318036,1.221280,0.224670,0.050128,-0.018688
-0.104663,5.584180,0.761392,-0.039028,0.016329,-0.715908,0.696912,-0.443070,0.064168,-0.190902,0.264926,0.220146,-0.177664,0.172935,0.140863,0.002426,0.247026,-0.360339,-0.062230,0.086050,0.083228,0.264617,0.082579,0.116062,-0.208892,1.219979,-0.098474,-0.010930,0.179836,-0.301287,-0.195523,0.314991,1.219033,0.225105,0.048713,-0.017926
-0.105672,5.588828,0.761850,-0.040292,0.015649,-0.713265,0.699561,-0.442067,0.062593,-0.194745,0.275163,0.196839,-0.170437,0.174901,0.143251,-0.004662,0.235435,-0.354028,-0.064358,0.083702,0.084748,0.267538,0.085641,0.114206,-0.209987,1.221571,-0.097009,-0.009366,0.178832,-0.301148,-0.195330,0.311990,1.216554,0.225661,0.047355,-0.016995
-0.106670,5.593411,0.762404,-0.041301,0.014923,-0.710623,0.702201,-0.442395,0.060801,-0.195275,0.291913,0.169061,-0.159606,0.176165,0.144960,-0.011833,0.224809,-0.347320,-0.065931,0.081493,0.085935,0.270008,0.088695,0.112425,-0.211741,1.223330,-0.095233,-0.007614,0.178264,-0.300394,-0.195378,0.309162,1.214095,0.226186,0.046254,-0.016126
-0.107524,5.597842,0.763078,-0.041953,0.014267,-0.708183,0.704637,-0.442631,0.060035,-0.191133,0.311127,0.142740,-0.150131,0.176094,0.146086,-0.018546,0.215617,-0.340315,-0.066560,0.079791,0.086909,0.271700,0.091910,0.110568,-0.213457,1.225333,-0.093084,-0.006248,0.177949,-0.299250,-0.195646,0.306698,1.211977,0.226514,0.045607,-0.015565
-0.108293,5.602239,0.763827,-0.042302,0.013747,-0.705941,0.706872,-0.442558,0.061202,-0.180696,0.332597,0.118538,-0.143162,0.174436,0.146664,-0.024783,0.208222,-0.332828,-0.066001,0.078535,0.087848,0.272597,0.095185,0.108539,-0.215205,1.227801,-0.090256,-0.005452,0.177972,-0.297801,-0.196115,0.304683,1.210234,0.226617,0.045611,-0.015459
-0.109075,5.606578,0.764690,-0.042402,0.013281,-0.703827,0.708980,-0.442707,0.063927,-0.165250,0.358025,0.093548,-0.136162,0.171690,0.146694,-0.030715,0.202135,-0.324806,-0.064551,0.077564,0.088763,0.272858,0.098443,0.106331,-0.217244,1.230720,-0.086879,-0.004923,0.178421,-0.295989,-0.196787,0.303087,1.208823,0.226594,0.046106,-0.015670
-0.109672,5.610884,0.765633,-0.042223,0.012848,-0.701930,0.710877,-0.442880,0.067481,-0.147568,0.386264,0.068419,-0.128428,0.167855,0.146124,-0.036167,0.197419,-0.316792,-0.062611,0.077101,0.089511,0.272430,0.101921,0.103912,-0.219062,1.233732,-0.083403,-0.004473,0.179098,-0.293764,-0.197648,0.301843,1.207856,0.226437,0.046763,-0.016005
-0.110182,5.615021,0.766640,-0.041731,0.012427,-0.700337,0.712483,-0.442935,0.070886,-0.130373,0.416171,0.043833,-0.119253,0.162933,0.144890,-0.040973,0.194096,-0.309304,-0.060571,0.077330,0.089937,0.271245,0.105864,0.101238,-0.220142,1.236491,-0.080309,-0.003918,0.179816,-0.291096,-0.198650,0.300901,1.207461,0.226119,0.047253,-0.016282
-0.110678,5.619077,0.767663,-0.040797,0.012030,-0.699132,0.713726,-0.443268,0.073934,-0.113469,0.448452,0.019808,-0.107423,0.156495,0.142734,-0.044960,0.192630,-0.302501,-0.058376,0.078456,0.089910,0.269020,0.110339,0.098221,-0.220501,1.239064,-0.077472,-0.003191,0.180816,-0.287943,-0.199781,0.300337,1.207802,0.225597,0.047428,-0.016572
-0.111032,5.623048,0.768730,-0.039507,0.011671,-0.698263,0.714655,-0.443566,0.077252,-0.095772,0.483010,-0.003899,-0.093572,0.148757,0.139768,-0.048190,0.192773,-0.296063,-0.055850,0.080325,0.089595,0.265884,0.115202,0.094847,-0.220340,1.241623,-0.074712,-0.002399,0.182122,-0.284389,-0.201053,0.300189,1.208834,0.224903,0.047479,-0.016947
-0.111310,5.626917,0.769793,-0.038096,0.011314,-0.697598,0.715387,-0.442935,0.080761,-0.078576,0.517926,-0.026970,-0.079838,0.140586,0.136455,-0.050907,0.193645,-0.289900,-0.053195,0.082558,0.089219,0.262353,0.120403,0.091216,-0.219363,1.243959,-0.072386,-0.001628,0.183201,-0.280586,-0.202426,0.300361,1.210392,0.224155,0.047584,-0.017225
-0.111584,5.630616,0.770804,-0.036793,0.010921,-0.696998,0.716045,-0.440545,0.084243,-0.063090,0.551336,-0.049090,-0.068380,0.132795,0.133251,-0.053404,0.194421,-0.283949,-0.050629,0.084746,0.088946,0.258947,0.125935,0.087493,-0.217252,1.245798,-0.070841,-0.000959,0.183504,-0.276748,-0.203828,0.300792,1.212343,0.223497,0.047916,-0.017228
-0.111807,5.634338,0.771805,-0.035579,0.010462,-0.696449,0.716647,-0.436297,0.087429,-0.049214,0.583244,-0.069944,-0.059646,0.125440,0.130064,-0.055735,0.195054,-0.278232,-0.048099,0.086920,0.088583,0.255700,0.131968,0.083752,-0.213672,1.246887,-0.070394,-0.000443,0.182813,-0.272837,-0.205207,0.301540,1.214754,0.223111,0.048484,-0.016855
-0.112063,5.638015,0.772705,-0.034325,0.009943,-0.696011,0.717141,-0.430688,0.090274,-0.036310,0.614614,-0.089765,-0.052535,0.118109,0.126692,-0.057775,0.195974,-0.272807,-0.045515,0.089225,0.088029,0.252371,0.138487,0.079981,-0.208845,1.247355,-0.070789,-0.000023,0.181423,-0.268786,-0.206518,0.302603,1.217659,0.222866,0.049204,-0.016224
-0.112235,5.641603,0.773560,-0.033143,0.009444,-0.695653,0.717551,-0.423838,0.092876,-0.024699,0.645005,-0.108953,-0.046827,0.110860,0.123406,-0.059580,0.197102,-0.267646,-0.043057,0.091398,0.087535,0.249034,0.145230,0.076256,-0.203314,1.247508,-0.071542,0.000392,0.179555,-0.264819,-0.207738,0.303903,1.220987,0.222479,0.050090,-0.015498
-0.112420,5.645164,0.774350,-0.032112,0.009011,-0.695342,0.717904,-0.415883,0.095378,-0.014740,0.674066,-0.128004,-0.042303,0.103731,0.120484,-0.061222,0.198376,-0.262720,-0.040906,0.093214,0.087352,0.245768,0.151953,0.072698,-0.197656,1.247614,-0.072181,0.000890,0.177411,-0.261077,-0.208831,0.305301,1.224570,0.221655,0.051163,-0.014829
-0.112520,5.648706,0.775035,-0.031245,0.008670,-0.695070,0.718210,-0.406810,0.097743,-0.006501,0.701818,-0.147450,-0.039216,0.096607,0.117926,-0.062785,0.199991,-0.258122,-0.038971,0.094675,0.087468,0.242549,0.158754,0.069391,-0.191704,1.247500,-0.072878,0.001492,0.174725,-0.257583,-0.209772,0.306823,1.228460,0.220267,0.052500,-0.014152
-0.112627,5.652206,0.775669,-0.030474,0.008368,-0.694850,0.718460,-0.396638,0.099864,0.000268,0.728532,-0.166932,-0.037587,0.089485,0.115595,-0.064231,0.201928,-0.253848,-0.037196,0.095897,0.087724,0.239344,0.165760,0.066336,-0.185282,1.247029,-0.073801,0.002163,0.171474,-0.254228,-0.210545,0.308449,1.232681,0.218441,0.054065,-0.013414
-0.112716,5.655619,0.776250,-0.029845,0.008126,-0.694688,0.718646,-0.385528,0.101825,0.005665,0.754113,-0.185545,-0.036845,0.082564,0.113572,-0.065456,0.203823,-0.249708,-0.035815,0.096843,0.088148,0.236235,0.172722,0.063538,-0.178980,1.246593,-0.074482,0.002894,0.168224,-0.251024,-0.211147,0.310106,1.237054,0.216396,0.055702,-0.012787
-0.112769,5.659017,0.776762,-0.029370,0.007928,-0.694593,0.718760,-0.373616,0.103712,0.009782,0.778418,-0.202360,-0.036419,0.076002,0.111940,-0.066357,0.205410,-0.245583,-0.035078,0.097509,0.088796,0.233307,0.179394,0.061007,-0.173465,1.246556,-0.074504,0.003689,0.165545,-0.247914,-0.211582,0.311605,1.241340,0.214269,0.057260,-0.012428
-0.112773,5.662424,0.777175,-0.029094,0.007783,-0.694583,0.718781,-0.360856,0.105471,0.012417,0.801513,-0.217056,-0.036427,0.069914,0.110815,-0.066863,0.206550,-0.241393,-0.035362,0.097906,0.089734,0.230641,0.185769,0.058772,-0.168831,1.246916,-0.073445,0.004625,0.163411,-0.244941,-0.211868,0.312952,1.245584,0.211835,0.058716,-0.012382
-0.112755,5.665769,0.777572,-0.028998,0.007696,-0.694651,0.718721,-0.347213,0.107063,0.013649,0.823444,-0.230146,-0.037088,0.064144,0.110137,-0.067066,0.207468,-0.237244,-0.036451,0.098069,0.090925,0.228176,0.191962,0.056839,-0.164811,1.247496,-0.071664,0.005679,0.161571,-0.242073,-0.212008,0.314198,1.249830,0.209116,0.060146,-0.012551
-0.112730,5.669066,0.777912,-0.029005,0.007653,-0.694759,0.718617,-0.332812,0.108614,0.013969,0.844001,-0.241956,-0.037994,0.058610,0.109758,-0.067092,0.208186,-0.233153,-0.037701,0.098020,0.092246,0.225775,0.197906,0.055200,-0.161422,1.248446,-0.069821,0.006673,0.160255,-0.239179,-0.212018,0.315211,1.253874,0.206573,0.061560,-0.012899
-0.112671,5.672289,0.778201,-0.029058,0.007655,-0.694873,0.718505,-0.317770,0.110241,0.013854,0.862974,-0.252811,-0.038731,0.053183,0.109522,-0.067065,0.208781,-0.229152,-0.038463,0.097850,0.093563,0.223324,0.203525,0.053922,-0.158792,1.249890,-0.068644,0.007431,0.159671,-0.236049,-0.211918,0.315798,1.257417,0.204681,0.062971,-0.013374
-0.112600,5.675464,0.778429,-0.029195,0.007681,-0.694992,0.718384,-0.301936,0.111900,0.013135,0.880318,-0.262762,-0.039406,0.048077,0.109496,-0.066940,0.209044,-0.225217,-0.038617,0.097668,0.094865,0.220909,0.208830,0.053236,-0.157371,1.251926,-0.068379,0.007823,0.160061,-0.232481,-0.211768,0.315781,1.260172,0.203666,0.064518,-0.014025
-0.112469,5.678620,0.778588,-0.029435,0.007736,-0.695131,0.718239,-0.285301,0.113556,0.011680,0.896149,-0.271652,-0.040156,0.043293,0.109746,-0.066684,0.209003,-0.221344,-0.038498,0.096954,0.096409,0.218509,0.213747,0.052424,-0.156486,1.254790,-0.068437,0.007919,0.161441,-0.229139,-0.211422,0.315751,1.262950,0.203241,0.066121,-0.014963
-0.112380,5.681782,0.778713,-0.029668,0.007858,-0.695278,0.718086,-0.268227,0.115309,0.009984,0.910481,-0.279463,-0.040667,0.038378,0.110080,-0.066408,0.209065,-0.217577,-0.038135,0.096230,0.097932,0.215992,0.218360,0.051958,-0.156006,1.257859,-0.068837,0.008000,0.163123,-0.225504,-0.211087,0.315346,1.265219,0.203178,0.067561,-0.015895
-0.112217,5.684958,0.778839,-0.029807,0.008104,-0.695418,0.717942,-0.251102,0.117272,0.008541,0.923366,-0.286188,-0.040575,0.032906,0.110310,-0.066226,0.209613,-0.213955,-0.037556,0.095549,0.099349,0.213174,0.222682,0.051702,-0.155290,1.260797,-0.069394,0.008308,0.164581,-0.221570,-0.210832,0.314689,1.267035,0.203258,0.068593,-0.016613
-0.112040,5.688110,0.778921,-0.029843,0.008494,-0.695579,0.717779,-0.233938,0.119457,0.007306,0.934903,-0.291526,-0.039754,0.026741,0.110466,-0.066120,0.210842,-0.210525,-0.036788,0.094864,0.100742,0.209987,0.226634,0.051501,-0.154236,1.263818,-0.070216,0.008883,0.165882,-0.217533,-0.210591,0.313764,1.268683,0.203529,0.069054,-0.017094
-0.111834,5.691251,0.778978,-0.029819,0.008992,-0.695758,0.717601,-0.216607,0.121813,0.006070,0.945069,-0.295567,-0.038401,0.020102,0.110624,-0.066047,0.212543,-0.207264,-0.035814,0.094066,0.102142,0.206556,0.230167,0.051308,-0.152948,1.267097,-0.071223,0.009590,0.167283,-0.213437,-0.210283,0.312602,1.270132,0.204055,0.069106,-0.017459
-0.111586,5.694326,0.779040,-0.029707,0.009566,-0.695893,0.717467,-0.199134,0.124365,0.005069,0.953674,-0.298954,-0.036647,0.013170,0.110670,-0.066069,0.214388,-0.204065,-0.034583,0.093146,0.103441,0.202871,0.233456,0.051201,-0.151472,1.270225,-0.072222,0.010396,0.168578,-0.209141,-0.210039,0.311396,1.271231,0.204641,0.068956,-0.017757
-0.111314,5.697380,0.779090,-0.029473,0.010178,-0.695924,0.717438,-0.181574,0.127136,0.004529,0.960537,-0.302315,-0.034641,0.006120,0.110488,-0.066247,0.216038,-0.200801,-0.033043,0.092123,0.104569,0.198887,0.236572,0.051167,-0.149883,1.272957,-0.073013,0.011246,0.169610,-0.204650,-0.209934,0.310354,1.272053,0.205124,0.068785,-0.018066
-0.110975,5.700429,0.779108,-0.029106,0.010864,-0.695861,0.717505,-0.163861,0.130341,0.004747,0.965564,-0.306340,-0.032217,-0.000902,0.110153,-0.066469,0.217055,-0.197323,-0.030959,0.090907,0.105389,0.194660,0.239250,0.051164,-0.147233,1.275507,-0.072805,0.012224,0.170179,-0.199866,-0.209855,0.309374,1.272289,0.205063,0.068557,-0.018266
-0.110608,5.703503,0.779145,-0.028629,0.011632,-0.695725,0.717643,-0.146017,0.133886,0.005516,0.968903,-0.310534,-0.029381,-0.008105,0.109692,-0.066742,0.217889,-0.193811,-0.028437,0.089506,0.106110,0.190090,0.241796,0.051184,-0.144209,1.277679,-0.072257,0.013406,0.170454,-0.194896,-0.209874,0.308691,1.272198,0.204934,0.068189,-0.018408
-0.110235,5.706589,0.779184,-0.028043,0.012386,-0.695476,0.717895,-0.128225,0.137351,0.006327,0.970766,-0.313763,-0.026445,-0.015568,0.108915,-0.067309,0.219028,-0.190394,-0.025925,0.087883,0.106615,0.185385,0.244086,0.051227,-0.141172,1.279560,-0.071810,0.014440,0.170695,-0.189837,-0.209966,0.307970,1.271926,0.204809,0.067873,-0.018633
-0.109891,5.709631,0.779304,-0.027372,0.013050,-0.695074,0.718298,-0.110652,0.140322,0.006680,0.971325,-0.314879,-0.023709,-0.023527,0.107613,-0.068408,0.221268,-0.187349,-0.023873,0.085644,0.106662,0.180994,0.245867,0.051382,-0.137592,1.281158,-0.071532,0.015000,0.170946,-0.184776,-0.210201,0.307154,1.271246,0.204785,0.067853,-0.018915
-0.109390,5.712687,0.779349,-0.026537,0.013603,-0.694546,0.718830,-0.093329,0.142645,0.006622,0.970390,-0.313273,-0.021468,-0.032444,0.105645,-0.070090,0.225362,-0.184933,-0.022424,0.083495,0.106372,0.176454,0.247385,0.051568,-0.134950,1.282437,-0.072386,0.014966,0.171748,-0.179676,-0.210395,0.305626,1.270678,0.204847,0.068193,-0.019547
-0.108936,5.715826,0.779404,-0.025572,0.014102,-0.693900,0.719479,-0.076173,0.144547,0.006369,0.967941,-0.309652,-0.019482,-0.041996,0.103118,-0.072203,0.230578,-0.182920,-0.021319,0.081201,0.105667,0.171904,0.248490,0.051893,-0.132349,1.283446,-0.073686,0.014503,0.172718,-0.174454,-0.210645,0.303630,1.269825,0.204863,0.068806,-0.020302
-0.108528,5.719004,0.779528,-0.024572,0.014517,-0.693074,0.720302,-0.059280,0.146246,0.005670,0.964582,-0.304930,-0.017246,-0.051469,0.100235,-0.074719,0.235900,-0.180923,-0.020418,0.078662,0.104708,0.167576,0.249141,0.052502,-0.130107,1.284164,-0.075176,0.013828,0.173537,-0.168993,-0.210958,0.301275,1.268633,0.204891,0.069449,-0.021137
-0.108100,5.722060,0.779669,-0.023665,0.014841,-0.692001,0.721356,-0.042746,0.147967,0.004268,0.960901,-0.300003,-0.014258,-0.060054,0.097215,-0.077614,0.240125,-0.178482,-0.019597,0.075698,0.103622,0.163669,0.249361,0.053503,-0.128488,1.284558,-0.076603,0.013161,0.173916,-0.163347,-0.211267,0.298731,1.267283,0.204951,0.069858,-0.022059
-0.107676,5.725181,0.779830,-0.022894,0.015035,-0.690665,0.722656,-0.026337,0.149834,0.002252,0.956870,-0.295142,-0.010264,-0.067475,0.094139,-0.080890,0.242988,-0.175498,-0.018942,0.071926,0.102550,0.160215,0.249220,0.054504,-0.127220,1.284654,-0.077706,0.012578,0.173802,-0.157846,-0.211437,0.296489,1.266232,0.204934,0.069904,-0.023136
-0.107229,5.728430,0.779993,-0.022195,0.015121,-0.689102,0.724167,-0.010104,0.151724,-0.000277,0.952256,-0.289870,-0.005566,-0.074201,0.090883,-0.084554,0.245134,-0.172214,-0.018498,0.068028,0.101057,0.157205,0.248691,0.056446,-0.126618,1.284172,-0.078823,0.012017,0.173009,-0.151835,-0.211572,0.293772,1.264604,0.204812,0.069779,-0.024180
-0.106866,5.731607,0.780166,-0.021492,0.015151,-0.687317,0.725881,0.005438,0.153519,-0.003563,0.947369,-0.283994,-0.000500,-0.080520,0.087392,-0.088625,0.246715,-0.168701,-0.018081,0.063696,0.099403,0.154417,0.247698,0.058596,-0.126467,1.283530,-0.080071,0.011315,0.172168,-0.145854,-0.211516,0.290784,1.263026,0.204897,0.069560,-0.025415
-0.106438,5.734796,0.780369,-0.020739,0.015202,-0.685319,0.727789,0.019792,0.155105,-0.007844,0.942477,-0.277325,0.004603,-0.086806,0.083606,-0.093095,0.247997,-0.165059,-0.017516,0.059129,0.097566,0.151780,0.246002,0.061019,-0.126870,1.283127,-0.081655,0.010222,0.171569,-0.139830,-0.211266,0.287117,1.261314,0.205435,0.069372,-0.026869
-0.106094,5.738121,0.780601,-0.019920,0.015306,-0.683067,0.729924,0.032793,0.156557,-0.013238,0.937701,-0.269507,0.009744,-0.092943,0.079571,-0.098034,0.248612,-0.161139,-0.016776,0.054308,0.095553,0.149240,0.243509,0.063789,-0.128096,1.282977,-0.083736,0.008638,0.171227,-0.133676,-0.210805,0.282407,1.259382,0.206534,0.069205,-0.028602
-0.105744,5.741507,0.780801,-0.019064,0.015418,-0.680566,0.732276,0.044672,0.157918,-0.019601,0.932939,-0.260768,0.015077,-0.098836,0.075315,-0.103423,0.248597,-0.156946,-0.015959,0.049230,0.093342,0.146861,0.240312,0.066940,-0.130084,1.282930,-0.086189,0.006679,0.170965,-0.127348,-0.210117,0.276819,1.257218,0.207988,0.069010,-0.030555
-0.105336,5.744937,0.780989,-0.018167,0.015495,-0.677894,0.734772,0.055651,0.159005,-0.026782,0.927994,-0.251732,0.020490,-0.104710,0.070752,-0.109147,0.248588,-0.152756,-0.015072,0.044036,0.090885,0.144675,0.236609,0.070420,-0.132404,1.282861,-0.088790,0.004613,0.170833,-0.121000,-0.209235,0.271005,1.254975,0.209755,0.068842,-0.032615
-0.104873,5.748365,0.781184,-0.017242,0.015504,-0.675126,0.737338,0.065881,0.159623,-0.034646,0.922770,-0.243055,0.025869,-0.110923,0.065769,-0.115085,0.249442,-0.148940,-0.014123,0.038827,0.088170,0.142728,0.232591,0.074110,-0.134587,1.282680,-0.091306,0.002685,0.170899,-0.114780,-0.208196,0.265604,1.252785,0.211749,0.068758,-0.034673
-0.104487,5.751884,0.781379,-0.016293,0.015435,-0.672222,0.740009,0.075360,0.159711,-0.043461,0.917250,-0.234939,0.031299,-0.117416,0.060331,-0.121353,0.251135,-0.145502,-0.013170,0.033429,0.085195,0.141038,0.228264,0.077961,-0.136526,1.282386,-0.093635,0.000972,0.171284,-0.108720,-0.207025,0.260812,1.250628,0.214312,0.068791,-0.036859
-0.104088,5.755496,0.781552,-0.015315,0.015309,-0.669159,0.742803,0.084029,0.159369,-0.053202,0.911516,-0.227034,0.036802,-0.124070,0.054482,-0.127954,0.253351,-0.142304,-0.012193,0.027801,0.082000,0.139571,0.223538,0.081957,-0.138404,1.282049,-0.095879,-0.000682,0.171935,-0.102782,-0.205722,0.256353,1.248476,0.217395,0.068901,-0.039185
-0.103635,5.759149,0.781684,-0.014294,0.015123,-0.666042,0.745624,0.092006,0.158623,-0.063302,0.905537,-0.219118,0.042175,-0.130980,0.048213,-0.134582,0.256145,-0.139310,-0.011071,0.022222,0.078608,0.138275,0.218494,0.086029,-0.140228,1.281654,-0.098140,-0.002321,0.172684,-0.097047,-0.204331,0.252135,1.246515,0.220266,0.069043,-0.041378
-0.103099,5.762911,0.781826,-0.013210,0.014863,-0.662979,0.748374,0.099384,0.157496,-0.073202,0.899315,-0.210983,0.047206,-0.138241,0.041519,-0.140927,0.259563,-0.136471,-0.009675,0.016959,0.075067,0.137114,0.213197,0.090066,-0.141972,1.281208,-0.100503,-0.004014,0.173371,-0.091607,-0.202910,0.248092,1.244932,0.222214,0.069181,-0.043163
-0.102463,5.766713,0.781960,-0.012074,0.014524,-0.659963,0.751060,0.106240,0.156025,-0.082848,0.892827,-0.202804,0.051804,-0.145764,0.034376,-0.147000,0.263534,-0.133805,-0.007927,0.012022,0.071411,0.136090,0.207575,0.094016,-0.143587,1.280785,-0.102957,-0.005743,0.173917,-0.086460,-0.201505,0.244146,1.243749,0.222824,0.069530,-0.044403
-0.101827,5.770631,0.782063,-0.010886,0.014110,-0.656951,0.753722,0.112500,0.154173,-0.092521,0.886111,-0.194627,0.056091,-0.153551,0.026771,-0.152918,0.268080,-0.131315,-0.005898,0.007280,0.067638,0.135224,0.201606,0.097875,-0.145087,1.280381,-0.105443,-0.007489,0.174431,-0.081551,-0.200139,0.240338,1.242847,0.222532,0.070048,-0.045265
-0.101157,5.774647,0.782126,-0.009629,0.013640,-0.653989,0.756320,0.118105,0.151857,-0.102150,0.879159,-0.186029,0.060184,-0.161743,0.018743,-0.158507,0.273295,-0.128973,-0.003705,0.002782,0.063764,0.134504,0.195418,0.101615,-0.146591,1.279894,-0.108039,-0.009310,0.175052,-0.076937,-0.198829,0.236892,1.242248,0.222012,0.070297,-0.045920
-0.100389,5.778708,0.782148,-0.008283,0.013128,-0.651123,0.758814,0.122979,0.148994,-0.111659,0.872006,-0.176619,0.064194,-0.170518,0.010326,-0.163614,0.279303,-0.126729,-0.001460,-0.001428,0.059804,0.133939,0.189135,0.105182,-0.148195,1.279224,-0.110801,-0.011274,0.175912,-0.072661,-0.197582,0.233990,1.241941,0.221888,0.069835,-0.046544
-0.099595,5.782897,0.782186,-0.006770,0.012583,-0.648339,0.761218,0.126739,0.145317,-0.121252,0.865061,-0.165877,0.068607,-0.180133,0.001345,-0.168223,0.286335,-0.124645,0.000871,-0.005381,0.055667,0.133441,0.182667,0.108557,-0.150146,1.278443,-0.113959,-0.013510,0.177284,-0.068782,-0.196443,0.231801,1.242143,0.222553,0.068226,-0.047234
-0.098721,5.787144,0.782158,-0.005121,0.011991,-0.645620,0.763547,0.129545,0.140930,-0.130892,0.858194,-0.154153,0.073207,-0.190420,-0.008165,-0.172377,0.294237,-0.122715,0.003323,-0.009090,0.051386,0.133047,0.175981,0.111738,-0.152313,1.277578,-0.117401,-0.015950,0.179021,-0.065241,-0.195425,0.230175,1.242755,0.223597,0.065814,-0.047875
-0.097718,5.791660,0.782082,-0.003479,0.011340,-0.643015,0.765762,0.132150,0.136339,-0.140158,0.850571,-0.142324,0.077054,-0.200921,-0.017843,-0.176021,0.302521,-0.120756,0.005774,-0.012689,0.047367,0.132878,0.169208,0.114238,-0.154050,1.276707,-0.120582,-0.018406,0.180785,-0.062117,-0.194699,0.229104,1.243557,0.224502,0.063328,-0.048380
-0.096694,5.796139,0.781960,-0.001980,0.010613,-0.640575,0.767820,0.135256,0.132010,-0.148655,0.841397,-0.131289,0.079216,-0.211238,-0.027334,-0.179095,0.310790,-0.118626,0.008095,-0.015664,0.043212,0.133172,0.162780,0.117192,-0.155318,1.275172,-0.123342,-0.020535,0.181742,-0.059032,-0.193814,0.227858,1.243840,0.224624,0.061487,-0.048523
-0.095681,5.800690,0.781790,-0.000634,0.009811,-0.638304,0.769722,0.139002,0.128104,-0.156279,0.830451,-0.121166,0.079253,-0.221362,-0.036597,-0.181580,0.319038,-0.116373,0.010213,-0.018393,0.039319,0.133894,0.156580,0.119707,-0.155339,1.273246,-0.125126,-0.022263,0.181973,-0.056325,-0.192998,0.226810,1.243891,0.223476,0.060561,-0.048323
-0.094605,5.805369,0.781558,0.000628,0.008935,-0.636179,0.771489,0.143007,0.124337,-0.163287,0.818151,-0.111514,0.077733,-0.231506,-0.045800,-0.183504,0.327463,-0.114024,0.012195,-0.020807,0.035491,0.134985,0.150544,0.122033,-0.154542,1.270926,-0.126295,-0.023715,0.181691,-0.053937,-0.192189,0.225958,1.243807,0.221462,0.060135,-0.047841
-0.093525,5.810123,0.781245,0.001756,0.007996,-0.634215,0.773113,0.147246,0.120620,-0.169849,0.804738,-0.102550,0.075255,-0.241500,-0.054815,-0.184937,0.335796,-0.111465,0.014124,-0.023027,0.031984,0.136404,0.144599,0.123851,-0.153436,1.268636,-0.127294,-0.025173,0.181275,-0.051918,-0.191572,0.225496,1.243752,0.219541,0.059893,-0.047263
-0.092400,5.814972,0.780865,0.002712,0.006994,-0.632423,0.774587,0.151670,0.116842,-0.176123,0.790461,-0.094464,0.072429,-0.251253,-0.063552,-0.185939,0.343963,-0.108620,0.016092,-0.025016,0.028621,0.138169,0.138909,0.125625,-0.152641,1.266357,-0.128703,-0.026824,0.180848,-0.050223,-0.191031,0.225479,1.243750,0.218675,0.059518,-0.046715
-0.091241,5.819872,0.780436,0.003435,0.005872,-0.630849,0.775876,0.156457,0.113088,-0.181962,0.774918,-0.085964,0.069316,-0.260522,-0.071930,-0.186437,0.351860,-0.105467,0.018174,-0.026586,0.025341,0.140422,0.133603,0.127441,-0.152066,1.263998,-0.130913,-0.028868,0.180308,-0.048795,-0.190540,0.226023,1.243819,0.219413,0.058882,-0.046180
-0.090003,5.824913,0.779912,0.003964,0.004647,-0.629474,0.776997,0.161530,0.109400,-0.187370,0.758187,-0.077437,0.065653,-0.269440,-0.080005,-0.186436,0.359573,-0.102049,0.020307,-0.027800,0.022389,0.143094,0.128443,0.128807,-0.151508,1.261762,-0.133515,-0.031171,0.179732,-0.047691,-0.190275,0.227047,1.243997,0.221137,0.058165,-0.045641
-0.088735,5.829867,0.779380,0.004400,0.003437,-0.628215,0.778019,0.166522,0.105631,-0.192706,0.741110,-0.071527,0.061576,-0.278431,-0.087890,-0.186118,0.367199,-0.098363,0.022376,-0.028979,0.019437,0.145995,0.123557,0.130449,-0.151319,1.259333,-0.136013,-0.033346,0.179057,-0.046873,-0.190017,0.228317,1.244006,0.223097,0.057537,-0.045052
-0.087383,5.835023,0.778753,0.004837,0.002362,-0.626987,0.779011,0.171082,0.101681,-0.198302,0.724526,-0.070877,0.057248,-0.287908,-0.095669,-0.185675,0.374860,-0.094433,0.024267,-0.030384,0.016817,0.148782,0.118484,0.131858,-0.152059,1.257286,-0.137779,-0.035129,0.178735,-0.046455,-0.189865,0.229389,1.243961,0.224374,0.057121,-0.044556
-0.086020,5.840325,0.777988,0.005250,0.001398,-0.625787,0.779975,0.175396,0.097388,-0.204454,0.708224,-0.077324,0.052926,-0.297806,-0.103350,-0.185104,0.382612,-0.090288,0.025951,-0.032156,0.014591,0.151538,0.113223,0.132906,-0.153828,1.255682,-0.138710,-0.036521,0.178993,-0.046590,-0.189835,0.230383,1.243955,0.224671,0.057080,-0.044191
-0.084628,5.845759,0.777186,0.005605,0.000503,-0.624653,0.780882,0.179551,0.092919,-0.210865,0.691844,-0.089042,0.048570,-0.307978,-0.110880,-0.184330,0.390406,-0.085920,0.027491,-0.033849,0.012439,0.154435,0.108039,0.134332,-0.156727,1.254023,-0.139334,-0.037585,0.179399,-0.046892,-0.189866,0.231181,1.243595,0.224492,0.057321,-0.043784
-0.083139,5.851241,0.776334,0.005957,-0.000209,-0.623556,0.781756,0.183150,0.088712,-0.216971,0.675795,-0.103073,0.043837,-0.318567,-0.118199,-0.183467,0.397953,-0.081188,0.028918,-0.035811,0.010632,0.157114,0.102747,0.135471,-0.160009,1.252680,-0.139251,-0.038327,0.179881,-0.047587,-0.189938,0.231913,1.243246,0.224141,0.057535,-0.043460
-0.081649,5.856926,0.775313,0.006373,-0.000632,-0.622470,0.782618,0.185822,0.085125,-0.222208,0.660466,-0.116459,0.038289,-0.329747,-0.125269,-0.182618,0.405047,-0.076004,0.030256,-0.037616,0.008967,0.159375,0.097411,0.137039,-0.163965,1.251280,-0.138656,-0.038590,0.179882,-0.048021,-0.190048,0.231947,1.242251,0.223899,0.057488,-0.043040
-0.080213,5.862815,0.774160,0.006919,-0.000582,-0.621379,0.783479,0.187068,0.082432,-0.226218,0.646166,-0.128616,0.031373,-0.341978,-0.131978,-0.181900,0.411704,-0.070305,0.031460,-0.039973,0.007833,0.160735,0.091917,0.138148,-0.167571,1.250313,-0.136756,-0.038363,0.179463,-0.048974,-0.190146,0.231979,1.241442,0.223798,0.057031,-0.042675
-0.078684,5.868741,0.772970,0.007547,-0.000166,-0.620302,0.784327,0.187287,0.080359,-0.229311,0.632443,-0.141000,0.023384,-0.355054,-0.138387,-0.181230,0.418060,-0.064176,0.032528,-0.041927,0.006889,0.161601,0.086329,0.139885,-0.172245,1.249243,-0.134308,-0.037586,0.178480,-0.049547,-0.190277,0.231046,1.239810,0.223568,0.056387,-0.042121
-0.077117,5.874641,0.771756,0.008124,0.000290,-0.619249,0.785153,0.187327,0.078443,-0.231974,0.618861,-0.153735,0.015130,-0.368084,-0.144652,-0.180451,0.423979,-0.057699,0.033551,-0.044457,0.006107,0.162434,0.080755,0.141232,-0.176809,1.248463,-0.131379,-0.036603,0.177636,-0.050590,-0.190359,0.230349,1.238373,0.223611,0.055576,-0.041782
-0.075465,5.880650,0.770479,0.008533,0.000453,-0.618236,0.785946,0.188034,0.076221,-0.234725,0.604990,-0.167010,0.007457,-0.380215,-0.150970,-0.179379,0.429353,-0.050958,0.034635,-0.046855,0.005031,0.163927,0.075194,0.142846,-0.182296,1.247699,-0.129023,-0.035566,0.177119,-0.051329,-0.190423,0.229171,1.236444,0.224027,0.054721,-0.041609
-0.073869,5.886732,0.769166,0.008736,0.000286,-0.617201,0.786757,0.189319,0.073618,-0.237855,0.591030,-0.180785,0.000955,-0.391299,-0.157455,-0.178168,0.434198,-0.043910,0.035972,-0.049617,0.003700,0.166169,0.069706,0.144461,-0.188314,1.247089,-0.127405,-0.034831,0.177117,-0.052108,-0.190408,0.227978,1.234317,0.224998,0.053738,-0.041782
-0.072193,5.892872,0.767867,0.008795,-0.000051,-0.616158,0.787573,0.190852,0.070883,-0.241066,0.577078,-0.194998,-0.004944,-0.401777,-0.163985,-0.176846,0.438563,-0.036530,0.037462,-0.052890,0.002312,0.168807,0.064262,0.145844,-0.194536,1.246750,-0.126000,-0.034220,0.177487,-0.053145,-0.190352,0.226931,1.232196,0.226416,0.052597,-0.042259
-0.070569,5.899047,0.766541,0.008747,-0.000583,-0.615238,0.788292,0.192992,0.068043,-0.243963,0.562694,-0.209805,-0.011009,-0.411590,-0.170365,-0.175068,0.442254,-0.028879,0.038783,-0.055402,0.000548,0.171921,0.058789,0.147851,-0.202123,1.246166,-0.124852,-0.033037,0.177897,-0.053541,-0.190184,0.224817,1.229299,0.227922,0.051505,-0.042684
-0.068868,5.905270,0.765208,0.008613,-0.001332,-0.614572,0.788813,0.196146,0.065145,-0.246119,0.547343,-0.225307,-0.018034,-0.420656,-0.176370,-0.172513,0.445009,-0.020971,0.039615,-0.058063,-0.001378,0.175316,0.053521,0.149455,-0.209405,1.245477,-0.122839,-0.030805,0.178479,-0.054164,-0.189973,0.223000,1.226558,0.229689,0.050605,-0.043115
-0.067149,5.911506,0.763856,0.008299,-0.002269,-0.614192,0.789109,0.200805,0.062493,-0.247489,0.530331,-0.242045,-0.026977,-0.428779,-0.181835,-0.169373,0.446624,-0.012320,0.040221,-0.060781,-0.003225,0.179067,0.048379,0.150524,-0.216315,1.244573,-0.119551,-0.026765,0.179284,-0.055008,-0.189829,0.221563,1.223893,0.232056,0.049901,-0.043620
-0.065326,5.917764,0.762581,0.007826,-0.003387,-0.614028,0.789238,0.206655,0.059986,-0.248204,0.511995,-0.259707,-0.037207,-0.436074,-0.186912,-0.165752,0.447294,-0.003090,0.040667,-0.062149,-0.005234,0.183286,0.042949,0.152030,-0.224982,1.243450,-0.116107,-0.021329,0.180173,-0.054913,-0.189637,0.218624,1.220278,0.234545,0.049340,-0.044040
-0.063475,5.923972,0.761383,0.007377,-0.004738,-0.614055,0.789214,0.212920,0.057085,-0.248164,0.493315,-0.277114,-0.047213,-0.442885,-0.191820,-0.161221,0.447320,0.005745,0.040348,-0.064186,-0.007572,0.187690,0.037923,0.153093,-0.232966,1.242352,-0.112261,-0.015935,0.181133,-0.055234,-0.189451,0.216314,1.216982,0.236976,0.048961,-0.044365
-0.061595,5.930192,0.760239,0.007142,-0.006379,-0.614247,0.789056,0.218799,0.053168,-0.247354,0.475343,-0.293121,-0.055458,-0.449547,-0.196810,-0.155323,0.446990,0.013222,0.038662,-0.065505,-0.010687,0.192170,0.032802,0.154379,-0.242282,1.241717,-0.109312,-0.011859,0.182026,-0.054861,-0.189130,0.212648,1.213299,0.238185,0.048829,-0.044245
-0.059720,5.936364,0.759199,0.007188,-0.008395,-0.614608,0.788755,0.224232,0.047875,-0.245909,0.458237,-0.307730,-0.061672,-0.456461,-0.202058,-0.147572,0.447003,0.019594,0.034751,-0.066883,-0.014830,0.196761,0.027944,0.155670,-0.251947,1.241535,-0.107380,-0.009800,0.183051,-0.054454,-0.188660,0.208342,1.209725,0.237890,0.049021,-0.043314
-0.057776,5.942608,0.758220,0.007407,-0.010731,-0.615147,0.788305,0.229605,0.041564,-0.243886,0.441469,-0.321458,-0.066636,-0.463352,-0.207398,-0.138336,0.447034,0.025207,0.029170,-0.068026,-0.019769,0.201519,0.023205,0.157021,-0.262232,1.241680,-0.106137,-0.008930,0.184201,-0.053860,-0.188013,0.203257,1.206101,0.236494,0.049474,-0.041812
-0.055919,5.948896,0.757306,0.007732,-0.013229,-0.615849,0.787715,0.234688,0.034645,-0.241205,0.425266,-0.334048,-0.070367,-0.469589,-0.212577,-0.128416,0.445950,0.029177,0.023424,-0.069181,-0.025119,0.206223,0.018632,0.158328,-0.272761,1.242015,-0.104778,-0.008368,0.185072,-0.053047,-0.187173,0.198118,1.202492,0.234875,0.050035,-0.040565
-0.053965,5.955142,0.756530,0.008096,-0.015742,-0.616700,0.787000,0.239331,0.027539,-0.237748,0.409782,-0.345217,-0.072856,-0.474509,-0.217358,-0.118612,0.442549,0.030605,0.019008,-0.070238,-0.030576,0.210677,0.014143,0.159679,-0.283635,1.242419,-0.102665,-0.007202,0.185242,-0.051799,-0.186038,0.193181,1.198858,0.233767,0.050548,-0.040394
-0.052011,5.961408,0.755840,0.008534,-0.018249,-0.617731,0.786132,0.243423,0.020187,-0.233286,0.395087,-0.354899,-0.074018,-0.478151,-0.221678,-0.108733,0.436685,0.028955,0.016094,-0.071406,-0.036140,0.214821,0.009828,0.160983,-0.294532,1.242704,-0.098996,-0.004921,0.184490,-0.050287,-0.184603,0.188886,1.195240,0.233765,0.051026,-0.041871
-0.050161,5.967260,0.755385,0.009066,-0.020826,-0.618937,0.785112,0.247089,0.012376,-0.227983,0.381077,-0.363252,-0.073911,-0.480796,-0.225700,-0.098486,0.428930,0.024810,0.013916,-0.072491,-0.042007,0.218769,0.005623,0.162323,-0.305719,1.243014,-0.094373,-0.002096,0.183071,-0.048493,-0.182801,0.184742,1.191632,0.234259,0.051522,-0.044453
-0.048343,5.973124,0.755017,0.009591,-0.023465,-0.620251,0.783994,0.250490,0.004308,-0.222302,0.367789,-0.370379,-0.072727,-0.482110,-0.229532,-0.088532,0.419233,0.018844,0.012566,-0.073498,-0.048057,0.222545,0.001535,0.163776,-0.317357,1.243604,-0.090053,0.000524,0.181276,-0.046255,-0.180600,0.180554,1.188116,0.234488,0.051956,-0.047302
-0.046479,5.979057,0.754705,0.010010,-0.026159,-0.621604,0.782831,0.253768,-0.003809,-0.216703,0.355304,-0.376395,-0.070649,-0.481726,-0.233287,-0.079549,0.407478,0.011749,0.012144,-0.074573,-0.054074,0.226193,-0.002381,0.165300,-0.329418,1.244701,-0.087218,0.002181,0.179397,-0.043443,-0.178143,0.176325,1.184732,0.233797,0.052271,-0.049547
-0.044648,5.984871,0.754495,0.010304,-0.028985,-0.623017,0.781603,0.256967,-0.012115,-0.211175,0.343825,-0.381204,-0.067374,-0.479258,-0.236976,-0.071441,0.393202,0.002973,0.012927,-0.075631,-0.060131,0.229907,-0.006238,0.166939,-0.342316,1.246473,-0.086530,0.002484,0.177369,-0.039988,-0.175414,0.171832,1.181344,0.231804,0.052458,-0.051082
-0.042826,5.990453,0.754425,0.010527,-0.031932,-0.624511,0.780292,0.260009,-0.020694,-0.205524,0.333298,-0.384826,-0.062911,-0.474933,-0.240630,-0.063985,0.376494,-0.007581,0.014739,-0.076643,-0.066320,0.233627,-0.010000,0.168694,-0.355928,1.248733,-0.087251,0.001904,0.175077,-0.035959,-0.172401,0.167154,1.177949,0.228935,0.052554,-0.052314
-0.041069,5.995956,0.754420,0.010704,-0.034866,-0.626022,0.778952,0.262874,-0.029237,-0.199906,0.323366,-0.387516,-0.057928,-0.469358,-0.244368,-0.057638,0.358162,-0.018493,0.017035,-0.077658,-0.072451,0.237014,-0.013440,0.170490,-0.369626,1.251182,-0.088502,0.001003,0.172752,-0.031331,-0.169142,0.162550,1.174707,0.225683,0.052570,-0.053141
-0.039336,6.001307,0.754447,0.010856,-0.037656,-0.627491,0.777637,0.265581,-0.037435,-0.194466,0.313607,-0.389496,-0.053096,-0.463279,-0.248265,-0.052799,0.339229,-0.028393,0.019306,-0.078754,-0.078312,0.239709,-0.016338,0.172215,-0.382751,1.253562,-0.089388,0.000335,0.170638,-0.026073,-0.165715,0.158293,1.171778,0.222543,0.052520,-0.053460
-0.037643,6.006469,0.754479,0.011006,-0.040388,-0.628874,0.776379,0.268342,-0.045417,-0.189190,0.303997,-0.390665,-0.048420,-0.456297,-0.252205,-0.048539,0.318753,-0.037562,0.021469,-0.080110,-0.083960,0.241552,-0.018586,0.173813,-0.395661,1.256091,-0.089693,-0.000111,0.168779,-0.019951,-0.162168,0.154384,1.169113,0.219600,0.052412,-0.053246
-0.035980,6.011558,0.754523,0.011137,-0.043096,-0.630214,0.775145,0.271076,-0.053294,-0.183994,0.294799,-0.391006,-0.043606,-0.448163,-0.256219,-0.045008,0.296470,-0.046469,0.023781,-0.081651,-0.089425,0.242751,-0.020328,0.175280,-0.408515,1.258864,-0.089864,-0.000584,0.167066,-0.013040,-0.158497,0.150711,1.166633,0.216621,0.052237,-0.052549
-0.034350,6.016393,0.754604,0.011216,-0.045567,-0.631577,0.773891,0.273484,-0.060680,-0.178913,0.285794,-0.390752,-0.038894,-0.439834,-0.260397,-0.044228,0.274517,-0.054059,0.026364,-0.083117,-0.094453,0.243510,-0.021759,0.176591,-0.420309,1.261468,-0.090008,-0.000905,0.165529,-0.005819,-0.154759,0.147400,1.164480,0.213622,0.051993,-0.051390
-0.032771,6.021078,0.754666,0.011212,-0.047586,-0.633031,0.772581,0.275183,-0.067200,-0.173971,0.276902,-0.390205,-0.034517,-0.432212,-0.264850,-0.048207,0.254858,-0.059217,0.029455,-0.084299,-0.098780,0.244021,-0.023077,0.177723,-0.429975,1.263494,-0.090223,-0.000889,0.164190,0.001220,-0.151049,0.144660,1.162828,0.210639,0.051681,-0.049791
-0.031225,6.025659,0.754846,0.011136,-0.049094,-0.634534,0.771254,0.276018,-0.072754,-0.169392,0.268162,-0.389494,-0.030600,-0.424886,-0.269721,-0.058844,0.236266,-0.061054,0.033855,-0.085239,-0.102319,0.244186,-0.024340,0.178681,-0.437201,1.264861,-0.090568,-0.000333,0.162896,0.008243,-0.147390,0.142536,1.161637,0.207807,0.051006,-0.047497
-0.029790,6.030323,0.755140,0.011000,-0.050216,-0.636065,0.769921,0.276275,-0.077577,-0.165082,0.259495,-0.388416,-0.026986,-0.417442,-0.274772,-0.074636,0.218031,-0.060161,0.039357,-0.086079,-0.105236,0.243957,-0.025443,0.179484,-0.442488,1.265777,-0.090950,0.000620,0.161685,0.015415,-0.143778,0.140993,1.160853,0.205091,0.050074,-0.044577
-0.028429,6.034872,0.755603,0.010781,-0.051030,-0.637734,0.768489,0.276087,-0.081760,-0.160555,0.251010,-0.386885,-0.023501,-0.410860,-0.279352,-0.092534,0.203275,-0.057966,0.044637,-0.086738,-0.107581,0.243619,-0.026359,0.180114,-0.445996,1.266290,-0.091256,0.001588,0.160877,0.022251,-0.140272,0.140128,1.160606,0.202271,0.049467,-0.041526
-0.027016,6.039609,0.756128,0.010452,-0.051592,-0.639664,0.766850,0.275693,-0.085316,-0.155299,0.242530,-0.384765,-0.019983,-0.406330,-0.282935,-0.109389,0.195363,-0.056074,0.048241,-0.087118,-0.109326,0.243415,-0.027039,0.180528,-0.447848,1.266439,-0.091342,0.002201,0.160790,0.028277,-0.136972,0.140022,1.161008,0.199108,0.049787,-0.038826
-0.025604,6.044280,0.756718,0.010016,-0.051774,-0.641973,0.764912,0.274741,-0.088180,-0.148955,0.234245,-0.382111,-0.016340,-0.404840,-0.285755,-0.126085,0.196184,-0.054778,0.049665,-0.087008,-0.110259,0.243359,-0.027589,0.180647,-0.447777,1.266203,-0.091029,0.002259,0.161689,0.033251,-0.133994,0.140782,1.162051,0.195575,0.051378,-0.036534
-0.024210,6.048831,0.757436,0.009495,-0.051589,-0.644576,0.762739,0.273265,-0.090338,-0.141819,0.226078,-0.378939,-0.012677,-0.405638,-0.288154,-0.143630,0.203847,-0.053452,0.049547,-0.086517,-0.110369,0.243319,-0.028031,0.180440,-0.445795,1.265611,-0.090431,0.001986,0.163348,0.037494,-0.131334,0.142339,1.163644,0.191783,0.053871,-0.034383
-0.022830,6.053124,0.758231,0.008831,-0.051238,-0.647296,0.760464,0.271778,-0.091925,-0.134347,0.218040,-0.375312,-0.009123,-0.407709,-0.289888,-0.158960,0.216681,-0.052671,0.048159,-0.085987,-0.109979,0.243320,-0.028196,0.179960,-0.442454,1.264787,-0.089835,0.001657,0.165351,0.041304,-0.128947,0.144544,1.165883,0.187781,0.056779,-0.032394
-0.021420,6.057512,0.759018,0.007994,-0.050958,-0.649949,0.758225,0.270826,-0.093104,-0.127018,0.210058,-0.371237,-0.005797,-0.409941,-0.290629,-0.169038,0.232699,-0.052811,0.045881,-0.085736,-0.109420,0.243438,-0.027843,0.179317,-0.438313,1.263712,-0.089496,0.001544,0.167251,0.045041,-0.126765,0.147170,1.168765,0.183584,0.059623,-0.030552
-0.020100,6.061870,0.759793,0.006897,-0.050800,-0.652526,0.756030,0.270767,-0.093752,-0.119808,0.201957,-0.366568,-0.002699,-0.412404,-0.290044,-0.172376,0.252458,-0.053981,0.042169,-0.085813,-0.108808,0.243720,-0.026727,0.178558,-0.432959,1.262267,-0.089508,0.001764,0.169078,0.048709,-0.124617,0.150628,1.172563,0.178454,0.062375,-0.028801
-0.019050,6.065663,0.760770,0.005607,-0.050696,-0.655088,0.753829,0.271297,-0.093954,-0.112565,0.193821,-0.361338,0.000270,-0.415291,-0.288378,-0.170908,0.276084,-0.055658,0.037155,-0.086021,-0.108047,0.244208,-0.024936,0.177756,-0.426396,1.260291,-0.089761,0.002171,0.170972,0.052252,-0.122640,0.154757,1.177047,0.172610,0.065267,-0.027104
-0.018021,6.069490,0.761745,0.004287,-0.050662,-0.657574,0.751672,0.271979,-0.094073,-0.105565,0.185864,-0.355762,0.003026,-0.417934,-0.286040,-0.166674,0.301332,-0.057441,0.032262,-0.086480,-0.107323,0.244804,-0.022947,0.176948,-0.419566,1.258179,-0.090195,0.002627,0.172778,0.055567,-0.120769,0.158793,1.181974,0.167503,0.068157,-0.025725
-0.016869,6.073348,0.762642,0.003081,-0.050672,-0.659945,0.749597,0.272310,-0.094389,-0.099039,0.178379,-0.350101,0.005498,-0.419887,-0.283480,-0.161629,0.326414,-0.059194,0.028857,-0.087504,-0.106968,0.245222,-0.021369,0.176012,-0.413018,1.256783,-0.090553,0.002960,0.174458,0.058224,-0.118500,0.162292,1.187590,0.164602,0.070846,-0.025174
-0.015740,6.077252,0.763509,0.002026,-0.050705,-0.662221,0.747588,0.272046,-0.094973,-0.093029,0.171540,-0.344338,0.007631,-0.421111,-0.280680,-0.155862,0.351055,-0.060595,0.027624,-0.088409,-0.106704,0.245760,-0.020212,0.175185,-0.407587,1.255538,-0.091235,0.003288,0.175979,0.060696,-0.116368,0.164148,1.193225,0.165089,0.073417,-0.025376
-0.014746,6.081160,0.764364,0.001049,-0.050767,-0.664430,0.745624,0.271450,-0.095600,-0.087389,0.165177,-0.338366,0.009480,-0.422003,-0.277324,-0.148437,0.376494,-0.061968,0.027792,-0.089425,-0.106580,0.246332,-0.019249,0.174374,-0.402450,1.254484,-0.092086,0.003629,0.177435,0.062793,-0.114133,0.165151,1.199299,0.167923,0.075900,-0.026294
-0.013885,6.084888,0.765257,0.000080,-0.050802,-0.666544,0.743733,0.270625,-0.096090,-0.082034,0.159302,-0.332424,0.011134,-0.422465,-0.273366,-0.139863,0.402475,-0.063941,0.028451,-0.090474,-0.106265,0.246893,-0.018441,0.173737,-0.398421,1.253444,-0.093162,0.003842,0.178462,0.065023,-0.112177,0.165412,1.205093,0.171034,0.078280,-0.027313
-0.013082,6.088462,0.766129,-0.000920,-0.050791,-0.668530,0.741948,0.269716,-0.096292,-0.076898,0.153840,-0.326702,0.012685,-0.422566,-0.268843,-0.130586,0.429111,-0.067200,0.028671,-0.091686,-0.105749,0.247216,-0.017983,0.173233,-0.395880,1.252865,-0.094276,0.003734,0.178850,0.067475,-0.110236,0.165297,1.210556,0.172290,0.080457,-0.028122
-0.012298,6.091995,0.767001,-0.001976,-0.050705,-0.670339,0.740318,0.268642,-0.096081,-0.072079,0.148991,-0.321278,0.014137,-0.422394,-0.263647,-0.120367,0.456842,-0.072234,0.027933,-0.093096,-0.105060,0.247192,-0.018083,0.172917,-0.395313,1.253146,-0.095780,0.003043,0.178340,0.070273,-0.107966,0.164233,1.215653,0.170772,0.082310,-0.028653
-0.011526,6.095428,0.767837,-0.003061,-0.050566,-0.672006,0.738810,0.267468,-0.095547,-0.067585,0.144488,-0.315944,0.015449,-0.421952,-0.257758,-0.109069,0.485658,-0.078640,0.026851,-0.094569,-0.104158,0.247025,-0.018457,0.172918,-0.396492,1.253698,-0.097704,0.001959,0.177055,0.073442,-0.105731,0.162172,1.220242,0.167735,0.083940,-0.028970
-0.010849,6.098721,0.768666,-0.004135,-0.050420,-0.673622,0.737342,0.266243,-0.094876,-0.063187,0.140295,-0.310763,0.016644,-0.420961,-0.251343,-0.097363,0.514514,-0.085610,0.026161,-0.095881,-0.103172,0.246795,-0.018979,0.173169,-0.398792,1.254193,-0.099327,0.000952,0.175508,0.076640,-0.103637,0.160174,1.224639,0.164180,0.085526,-0.029251
-0.010243,6.101949,0.769438,-0.005173,-0.050298,-0.675276,0.735830,0.265151,-0.094262,-0.058666,0.136066,-0.305730,0.017745,-0.419164,-0.244606,-0.085914,0.542386,-0.092390,0.026588,-0.096785,-0.102221,0.246569,-0.019566,0.173550,-0.401588,1.254365,-0.099916,0.000483,0.174231,0.079543,-0.101853,0.159272,1.229171,0.161110,0.087239,-0.029682
-0.009626,6.105140,0.770181,-0.006198,-0.050196,-0.676980,0.734262,0.264323,-0.093654,-0.053924,0.131587,-0.300786,0.018705,-0.416624,-0.237296,-0.074379,0.569388,-0.098593,0.028622,-0.097244,-0.101257,0.246373,-0.020375,0.174045,-0.405140,1.254364,-0.099073,0.000839,0.173243,0.081989,-0.100351,0.159931,1.234091,0.158394,0.089305,-0.030506
-0.008998,6.108251,0.770826,-0.007268,-0.050052,-0.678681,0.732689,0.263266,-0.092875,-0.049078,0.127888,-0.296405,0.019522,-0.413488,-0.229305,-0.062684,0.596138,-0.104832,0.031789,-0.097723,-0.099896,0.246180,-0.021320,0.174420,-0.409237,1.254231,-0.097108,0.001693,0.172281,0.084182,-0.099579,0.161843,1.239048,0.155767,0.091615,-0.031442
-0.008345,6.111318,0.771428,-0.008319,-0.049868,-0.680378,0.731116,0.260369,-0.092117,-0.044142,0.128137,-0.294168,0.020287,-0.409665,-0.221209,-0.051791,0.622312,-0.111705,0.035323,-0.097827,-0.098461,0.245873,-0.022309,0.174844,-0.413731,1.253892,-0.094773,0.002628,0.171576,0.086317,-0.098938,0.164010,1.243892,0.153649,0.093718,-0.032264
-0.007793,6.114334,0.771997,-0.009283,-0.049697,-0.682079,0.729529,0.257468,-0.091469,-0.039401,0.128409,-0.291935,0.021112,-0.405118,-0.213653,-0.042543,0.647734,-0.119854,0.038434,-0.097521,-0.097140,0.245445,-0.023017,0.175342,-0.417904,1.253003,-0.092620,0.003214,0.171285,0.088530,-0.098364,0.165836,1.248336,0.152599,0.095206,-0.032601
-0.007167,6.117275,0.772515,-0.010157,-0.049538,-0.683816,0.727900,0.254560,-0.090974,-0.034849,0.128708,-0.289704,0.022041,-0.399791,-0.206642,-0.034889,0.672367,-0.129740,0.041136,-0.096919,-0.095852,0.244881,-0.023420,0.175740,-0.421515,1.251589,-0.090452,0.003322,0.171625,0.090787,-0.098046,0.167388,1.252370,0.153238,0.095861,-0.032167
-0.006660,6.119991,0.773032,-0.010948,-0.049402,-0.685578,0.726239,0.251703,-0.090590,-0.030427,0.128985,-0.287498,0.023016,-0.393740,-0.199964,-0.028417,0.696309,-0.140925,0.043713,-0.095973,-0.094575,0.244186,-0.023701,0.176046,-0.424976,1.249848,-0.088094,0.003181,0.172465,0.093040,-0.097952,0.168903,1.256135,0.155110,0.095932,-0.031230
-0.006176,6.122687,0.773535,-0.011681,-0.049261,-0.687299,0.724608,0.248833,-0.090271,-0.026204,0.129292,-0.285289,0.023996,-0.387063,-0.193940,-0.023484,0.719501,-0.152626,0.045756,-0.094787,-0.093325,0.243392,-0.023803,0.176314,-0.428063,1.247690,-0.085911,0.002891,0.173426,0.095299,-0.098028,0.170303,1.259548,0.157223,0.095762,-0.030170
-0.005753,6.125297,0.774016,-0.012345,-0.049136,-0.688911,0.723073,0.245957,-0.089950,-0.022261,0.129624,-0.283069,0.024935,-0.379880,-0.188894,-0.020443,0.741926,-0.164082,0.046854,-0.093755,-0.092149,0.242560,-0.023746,0.176440,-0.429951,1.245207,-0.083919,0.002517,0.174110,0.097132,-0.098166,0.171599,1.262924,0.158431,0.095667,-0.029393
-0.005365,6.127870,0.774492,-0.012932,-0.049044,-0.690374,0.721672,0.242989,-0.089675,-0.018737,0.130146,-0.280846,0.025930,-0.372190,-0.185154,-0.019561,0.763759,-0.175075,0.046774,-0.092680,-0.091079,0.241579,-0.023420,0.176533,-0.431376,1.242265,-0.082812,0.002053,0.174615,0.099182,-0.098402,0.173041,1.265746,0.158786,0.095685,-0.028964
-0.004988,6.130353,0.774930,-0.013454,-0.048975,-0.691730,0.720368,0.240012,-0.089452,-0.015564,0.130750,-0.278607,0.026972,-0.363933,-0.182532,-0.020539,0.784927,-0.185978,0.045732,-0.091682,-0.090113,0.240554,-0.022869,0.176591,-0.431964,1.238873,-0.082015,0.001446,0.175021,0.101026,-0.098787,0.174556,1.268351,0.158594,0.095643,-0.028643
-0.004635,6.132724,0.775338,-0.013918,-0.048883,-0.693037,0.719108,0.237027,-0.089188,-0.012489,0.131283,-0.276369,0.027857,-0.355099,-0.180636,-0.022843,0.804902,-0.196879,0.043997,-0.090776,-0.089140,0.239429,-0.021904,0.176579,-0.431477,1.234913,-0.081304,0.000826,0.175183,0.102651,-0.099354,0.176032,1.270678,0.158192,0.095664,-0.028527
-0.004360,6.134982,0.775742,-0.014333,-0.048721,-0.694358,0.717835,0.234112,-0.088773,-0.009265,0.131535,-0.274166,0.028378,-0.345716,-0.179053,-0.025944,0.823214,-0.207878,0.041837,-0.089695,-0.088091,0.238156,-0.020610,0.176469,-0.429997,1.230567,-0.080504,0.000298,0.174973,0.104025,-0.099884,0.176992,1.272798,0.157747,0.095823,-0.028740
-0.004104,6.137194,0.776119,-0.014700,-0.048480,-0.695696,0.716548,0.231282,-0.088174,-0.005824,0.131434,-0.272008,0.028344,-0.335709,-0.177775,-0.029806,0.839859,-0.219161,0.039432,-0.088751,-0.086865,0.236736,-0.018680,0.176144,-0.426654,1.225462,-0.079379,-0.000089,0.174103,0.105105,-0.100688,0.177753,1.274644,0.157378,0.096280,-0.029324
-0.003882,6.139355,0.776467,-0.015016,-0.048186,-0.697023,0.715270,0.228580,-0.087464,-0.002307,0.130976,-0.269838,0.027909,-0.325094,-0.177030,-0.034623,0.855099,-0.230660,0.036593,-0.087282,-0.085672,0.235181,-0.016576,0.175782,-0.422561,1.220006,-0.078350,-0.000390,0.172792,0.106082,-0.101236,0.177663,1.276269,0.156727,0.096889,-0.030319
-0.003671,6.141441,0.776794,-0.015286,-0.047828,-0.698351,0.713992,0.225802,-0.086659,0.001242,0.130517,-0.267712,0.027384,-0.314002,-0.176704,-0.040252,0.868703,-0.241989,0.033052,-0.085948,-0.084451,0.233441,-0.014153,0.175296,-0.417773,1.214360,-0.077327,-0.000685,0.171475,0.106726,-0.101829,0.177565,1.277731,0.156170,0.097473,-0.031517
-0.003554,6.143436,0.777133,-0.015511,-0.047403,-0.699691,0.712702,0.222858,-0.085773,0.004774,0.130296,-0.265689,0.027083,-0.302582,-0.176682,-0.046540,0.880539,-0.252844,0.028544,-0.085097,-0.083051,0.231467,-0.011530,0.174472,-0.412785,1.208949,-0.076366,-0.001077,0.170630,0.106985,-0.102745,0.177933,1.278991,0.155995,0.097837,-0.032696
-0.003392,6.145376,0.777478,-0.015695,-0.046911,-0.701047,0.711397,0.219719,-0.084805,0.008272,0.130376,-0.263772,0.027106,-0.290793,-0.177180,-0.053843,0.890771,-0.263608,0.022596,-0.084111,-0.081494,0.229280,-0.008928,0.173507,-0.408555,1.203794,-0.075958,-0.001397,0.170463,0.107107,-0.103711,0.178145,1.279936,0.156157,0.097894,-0.034008
-0.003230,6.147255,0.777821,-0.015832,-0.046357,-0.702410,0.710085,0.216444,-0.083741,0.011759,0.130629,-0.261940,0.027279,-0.278573,-0.178168,-0.062082,0.899422,-0.274332,0.015509,-0.082928,-0.079961,0.226928,-0.006172,0.172659,-0.404680,1.198560,-0.075976,-0.001638,0.170668,0.107002,-0.104477,0.178051,1.280666,0.156462,0.097739,-0.035533
-0.003179,6.149052,0.778173,-0.015912,-0.045744,-0.703778,0.708767,0.213031,-0.082603,0.015256,0.130991,-0.260156,0.027502,-0.266004,-0.179168,-0.070467,0.906064,-0.284152,0.008173,-0.081996,-0.078277,0.224347,-0.003317,0.171479,-0.400684,1.193706,-0.075874,-0.002136,0.171077,0.106662,-0.105528,0.178135,1.281098,0.156940,0.097469,-0.036891
-0.003189,6.150748,0.778504,-0.015911,-0.045084,-0.705142,0.707452,0.209550,-0.081424,0.018777,0.131288,-0.258333,0.027676,-0.253220,-0.179723,-0.078234,0.910321,-0.292214,0.001463,-0.080889,-0.076622,0.221594,-0.000484,0.170312,-0.397210,1.189365,-0.075521,-0.003151,0.171480,0.106254,-0.106542,0.177892,1.281106,0.157284,0.097119,-0.037787
-0.003186,6.152384,0.778829,-0.015820,-0.044355,-0.706524,0.706121,0.205904,-0.080174,0.022388,0.131579,-0.256489,0.027760,-0.240485,-0.179704,-0.085222,0.912628,-0.298255,-0.005534,-0.079676,-0.074997,0.218609,0.002439,0.169188,-0.394233,1.185595,-0.074844,-0.005172,0.171938,0.105715,-0.107557,0.177333,1.280701,0.157313,0.096711,-0.037987
-0.003221,6.154030,0.779152,-0.015647,-0.043563,-0.707919,0.704776,0.202122,-0.078850,0.026058,0.131884,-0.254644,0.027815,-0.227706,-0.179353,-0.091852,0.913078,-0.302777,-0.012903,-0.078393,-0.073376,0.215417,0.005499,0.168098,-0.391631,1.182207,-0.073975,-0.007906,0.172509,0.105024,-0.108569,0.176535,1.279907,0.157174,0.096216,-0.037702
-0.003313,6.155505,0.779484,-0.015405,-0.042754,-0.709285,0.703456,0.198323,-0.077540,0.029667,0.132152,-0.252773,0.027893,-0.214375,-0.178745,-0.098270,0.910593,-0.305934,-0.018525,-0.077035,-0.071930,0.212118,0.008588,0.167174,-0.389342,1.179030,-0.072961,-0.010450,0.172984,0.104201,-0.109442,0.175635,1.278809,0.157200,0.095599,-0.037344
-0.003482,6.157001,0.779808,-0.015102,-0.041980,-0.710583,0.702198,0.194527,-0.076303,0.033101,0.132496,-0.250933,0.028046,-0.200020,-0.177926,-0.104628,0.904111,-0.307838,-0.020270,-0.075759,-0.070548,0.208782,0.011468,0.166118,-0.387089,1.176137,-0.071724,-0.011935,0.173187,0.103328,-0.110429,0.174930,1.277380,0.157808,0.094861,-0.037250
-0.003667,6.158370,0.780121,-0.014704,-0.041226,-0.711819,0.700998,0.190712,-0.075179,0.036375,0.132847,-0.249050,0.028386,-0.184650,-0.176721,-0.110607,0.893728,-0.307230,-0.017256,-0.074281,-0.069554,0.205364,0.014264,0.165414,-0.385059,1.173164,-0.070280,-0.011900,0.172998,0.102381,-0.111064,0.174235,1.275637,0.159204,0.094054,-0.037680
-0.003858,6.159728,0.780400,-0.014207,-0.040484,-0.713010,0.699840,0.186811,-0.074111,0.039542,0.133285,-0.247173,0.028857,-0.168477,-0.175099,-0.116264,0.879852,-0.304392,-0.010712,-0.073221,-0.068322,0.201795,0.016800,0.164028,-0.382506,1.170748,-0.068274,-0.010979,0.172581,0.101267,-0.112307,0.174007,1.273511,0.161315,0.093233,-0.038238
-0.004119,6.161033,0.780653,-0.013691,-0.039791,-0.714132,0.698745,0.183065,-0.073117,0.042530,0.133622,-0.245287,0.029256,-0.151361,-0.173386,-0.122283,0.861923,-0.301755,-0.001644,-0.071894,-0.067477,0.198295,0.019257,0.163117,-0.380695,1.168470,-0.066472,-0.009603,0.172013,0.100156,-0.113092,0.173565,1.271184,0.163460,0.092126,-0.038883
-0.004415,6.162310,0.780826,-0.013213,-0.039210,-0.715163,0.697732,0.179626,-0.072184,0.045278,0.133824,-0.243437,0.029381,-0.133090,-0.171862,-0.129408,0.839272,-0.301714,0.008977,-0.070844,-0.066452,0.194979,0.021292,0.161701,-0.379232,1.167102,-0.064855,-0.008401,0.171498,0.099094,-0.114301,0.173304,1.268665,0.165329,0.090624,-0.039242
-0.004832,6.163492,0.781031,-0.012681,-0.038780,-0.716057,0.696848,0.176525,-0.071569,0.047709,0.133611,-0.241493,0.029200,-0.112922,-0.171029,-0.138627,0.810430,-0.305272,0.023083,-0.069861,-0.065852,0.191800,0.023103,0.160493,-0.378535,1.166263,-0.063683,-0.007346,0.170881,0.098126,-0.115293,0.172787,1.265986,0.166285,0.088441,-0.039238
-0.005307,6.164658,0.781188,-0.012078,-0.038485,-0.716841,0.696069,0.173694,-0.071214,0.049881,0.133024,-0.239423,0.028817,-0.091115,-0.170477,-0.149440,0.775922,-0.310779,0.040582,-0.068966,-0.065872,0.188744,0.024981,0.159882,-0.378363,1.165508,-0.062813,-0.006160,0.170083,0.097038,-0.115779,0.172213,1.263261,0.166717,0.085712,-0.039088
-0.005777,6.165759,0.781325,-0.011642,-0.038220,-0.717599,0.695309,0.171164,-0.070582,0.051917,0.132608,-0.237542,0.028212,-0.068955,-0.169164,-0.160319,0.738139,-0.316818,0.057405,-0.067897,-0.065508,0.185999,0.026367,0.158951,-0.378844,1.165573,-0.062117,-0.005018,0.169441,0.096018,-0.116533,0.171671,1.260357,0.167502,0.082909,-0.038926
-0.006232,6.166855,0.781486,-0.011597,-0.037893,-0.718413,0.694487,0.169017,-0.069160,0.053928,0.132776,-0.236078,0.027365,-0.047859,-0.166195,-0.169528,0.699756,-0.322275,0.069337,-0.066460,-0.064687,0.183821,0.027579,0.158248,-0.380024,1.165979,-0.061626,-0.003967,0.169135,0.094747,-0.117138,0.171525,1.257678,0.169501,0.080394,-0.039143
-0.006686,6.167885,0.781696,-0.012128,-0.037497,-0.719258,0.693624,0.167390,-0.066558,0.055733,0.133881,-0.235253,0.026136,-0.027840,-0.161165,-0.176663,0.660254,-0.327952,0.074203,-0.064497,-0.062770,0.182444,0.028193,0.157312,-0.382470,1.167296,-0.061496,-0.003119,0.169433,0.093553,-0.118016,0.171528,1.254887,0.173576,0.078243,-0.039833
-0.007201,6.168903,0.781973,-0.013087,-0.037065,-0.720101,0.692755,0.166210,-0.063111,0.057327,0.135584,-0.234853,0.024573,-0.008370,-0.154752,-0.182447,0.618858,-0.334333,0.074377,-0.062283,-0.060303,0.181699,0.028523,0.156535,-0.385787,1.169134,-0.061664,-0.002379,0.170099,0.092240,-0.118806,0.171782,1.252131,0.179043,0.076233,-0.040877
-0.007688,6.169955,0.782298,-0.014185,-0.036593,-0.721014,0.691808,0.165179,-0.059353,0.059088,0.137517,-0.234644,0.022939,0.010026,-0.147744,-0.186761,0.577897,-0.339995,0.072413,-0.059773,-0.057675,0.181189,0.028758,0.155892,-0.389305,1.171121,-0.061842,-0.001622,0.170802,0.090616,-0.119528,0.172447,1.249635,0.184490,0.074413,-0.041955
-0.008525,6.170690,0.782601,-0.015096,-0.036112,-0.722069,0.690713,0.164096,-0.055858,0.061401,0.139115,-0.234294,0.021505,0.026853,-0.140939,-0.189559,0.539636,-0.343451,0.070967,-0.056851,-0.055088,0.180501,0.028933,0.155072,-0.392497,1.173083,-0.061784,-0.000747,0.171248,0.088648,-0.120502,0.173565,1.247447,0.188490,0.072877,-0.042685
-0.009208,6.171564,0.782914,-0.015720,-0.035603,-0.723329,0.689406,0.162818,-0.052764,0.064508,0.140290,-0.233736,0.020349,0.041640,-0.134531,-0.190453,0.504869,-0.344240,0.070243,-0.053587,-0.052904,0.179439,0.029274,0.154401,-0.395094,1.174848,-0.061252,0.000306,0.171255,0.085991,-0.121346,0.175393,1.245957,0.190613,0.071585,-0.043061
-0.009766,6.172549,0.783237,-0.016244,-0.035053,-0.724739,0.687939,0.161475,-0.049754,0.068160,0.141394,-0.233199,0.019323,0.054725,-0.128229,-0.189568,0.472500,-0.343267,0.068917,-0.049972,-0.050239,0.178199,0.029344,0.153052,-0.397652,1.177049,-0.060504,0.001410,0.171106,0.083249,-0.123049,0.177806,1.244479,0.191808,0.070612,-0.043037
-0.010015,6.173462,0.783530,-0.016757,-0.034506,-0.726202,0.686410,0.160172,-0.046750,0.072009,0.142471,-0.232655,0.018363,0.066819,-0.122046,-0.187702,0.441787,-0.341003,0.067448,-0.046298,-0.047598,0.177093,0.029426,0.151608,-0.399554,1.179106,-0.059613,0.002573,0.170896,0.080015,-0.124801,0.180813,1.243367,0.192281,0.069902,-0.042934
-0.010493,6.174374,0.783800,-0.017347,-0.034014,-0.727619,0.684918,0.158960,-0.043668,0.075712,0.143691,-0.232152,0.017409,0.078626,-0.115948,-0.185655,0.412000,-0.337870,0.066337,-0.042804,-0.044901,0.176384,0.029535,0.149952,-0.400487,1.180829,-0.058786,0.003753,0.170811,0.076372,-0.126717,0.184457,1.242420,0.192447,0.069498,-0.042844
-0.011117,6.175383,0.784081,-0.018073,-0.033597,-0.728990,0.683461,0.157931,-0.040468,0.079236,0.145080,-0.231691,0.016497,0.090390,-0.109829,-0.183423,0.382723,-0.333688,0.065949,-0.039501,-0.042193,0.176250,0.029691,0.148151,-0.400370,1.182144,-0.058073,0.004985,0.171010,0.072136,-0.128680,0.188836,1.241800,0.192104,0.069505,-0.042924
-0.011641,6.176369,0.784349,-0.018871,-0.033233,-0.730357,0.681996,0.157029,-0.037194,0.082746,0.146585,-0.231277,0.015642,0.101764,-0.103738,-0.180665,0.354363,-0.328311,0.065972,-0.036286,-0.039463,0.176511,0.029877,0.146199,-0.399385,1.183183,-0.057371,0.006273,0.171366,0.067353,-0.130691,0.193920,1.241510,0.191150,0.069878,-0.043064
-0.012126,6.177381,0.784598,-0.019681,-0.032865,-0.731692,0.680558,0.156144,-0.033918,0.086191,0.148092,-0.230862,0.014747,0.112506,-0.097834,-0.177687,0.327339,-0.322133,0.065913,-0.033205,-0.036738,0.176886,0.030169,0.144107,-0.397614,1.183897,-0.056677,0.007545,0.171593,0.062317,-0.132786,0.199505,1.241324,0.190085,0.070377,-0.043076
-0.012595,6.178394,0.784850,-0.020419,-0.032461,-0.732965,0.679184,0.155167,-0.030693,0.089517,0.149516,-0.230440,0.013711,0.122389,-0.092253,-0.174809,0.302113,-0.315561,0.065291,-0.030301,-0.034028,0.177108,0.030653,0.141894,-0.395130,1.184208,-0.055981,0.008731,0.171399,0.057333,-0.134990,0.205392,1.240988,0.189421,0.070768,-0.042756
-0.013065,6.179373,0.785112,-0.021059,-0.031985,-0.734204,0.677848,0.154095,-0.027522,0.092826,0.150777,-0.230012,0.012457,0.131298,-0.086975,-0.171981,0.278760,-0.308479,0.063905,-0.027502,-0.031319,0.177064,0.031500,0.139539,-0.391649,1.183933,-0.055039,0.009914,0.170609,0.052475,-0.137334,0.211505,1.240399,0.189256,0.071042,-0.041934
-0.013541,6.180288,0.785377,-0.021643,-0.031470,-0.735412,0.676543,0.153007,-0.024366,0.096102,0.151910,-0.229585,0.011054,0.139362,-0.081906,-0.169116,0.257105,-0.300762,0.062090,-0.024815,-0.028583,0.176929,0.032623,0.137023,-0.387231,1.183151,-0.053932,0.011095,0.169402,0.047590,-0.139805,0.217966,1.239671,0.189337,0.071312,-0.040744
-0.014050,6.181111,0.785646,-0.022228,-0.030944,-0.736526,0.675336,0.151835,-0.021224,0.099123,0.153135,-0.229173,0.009612,0.146728,-0.077061,-0.166490,0.237089,-0.292766,0.060159,-0.022385,-0.025842,0.176848,0.033738,0.134398,-0.382500,1.182174,-0.053147,0.012087,0.168030,0.042642,-0.142386,0.224842,1.238916,0.189632,0.071521,-0.039459
-0.014548,6.181993,0.785914,-0.022843,-0.030461,-0.737485,0.674289,0.150611,-0.018126,0.101668,0.154491,-0.228727,0.008247,0.153560,-0.072478,-0.164365,0.218665,-0.284873,0.058412,-0.020331,-0.023150,0.176966,0.034565,0.131761,-0.378099,1.181296,-0.053178,0.012713,0.166739,0.037588,-0.145062,0.232208,1.238238,0.190133,0.071621,-0.038354
-0.015058,6.182871,0.786179,-0.023513,-0.030032,-0.738173,0.673532,0.149265,-0.015103,0.103349,0.156128,-0.228262,0.007025,0.159973,-0.068196,-0.163217,0.201888,-0.276976,0.056893,-0.018913,-0.020562,0.177311,0.035172,0.129185,-0.374010,1.180427,-0.054819,0.012735,0.165373,0.032498,-0.147803,0.240090,1.237596,0.190801,0.071636,-0.037422
-0.015579,6.183826,0.786451,-0.024198,-0.029642,-0.738658,0.672993,0.147800,-0.012149,0.104394,0.157947,-0.227770,0.005877,0.165857,-0.064180,-0.162784,0.186721,-0.268920,0.055474,-0.017973,-0.018074,0.177823,0.035701,0.126683,-0.369975,1.179400,-0.057600,0.012317,0.163860,0.027357,-0.150587,0.248447,1.236953,0.191672,0.071573,-0.036539
-0.016076,6.184782,0.786702,-0.024882,-0.029268,-0.739156,0.672438,0.146369,-0.009241,0.105509,0.159661,-0.227215,0.004707,0.171209,-0.060351,-0.162225,0.172592,-0.260830,0.054192,-0.017002,-0.015648,0.178526,0.035987,0.124269,-0.366259,1.178352,-0.060118,0.011897,0.162573,0.022023,-0.153399,0.257159,1.236367,0.192738,0.071379,-0.035803
-0.016503,6.185835,0.786941,-0.025488,-0.028930,-0.739888,0.671625,0.145091,-0.006435,0.107430,0.160965,-0.226530,0.003430,0.175609,-0.056777,-0.160645,0.159768,-0.253161,0.053096,-0.015447,-0.013315,0.179421,0.035835,0.121957,-0.363161,1.177432,-0.060976,0.011899,0.161891,0.016374,-0.156228,0.266073,1.235893,0.193991,0.070988,-0.035301
-0.016986,6.186926,0.787102,-0.025687,-0.028746,-0.741153,0.670229,0.144188,-0.004423,0.111105,0.160705,-0.225141,0.002058,0.173015,-0.054999,-0.156753,0.159858,-0.251823,0.052444,-0.012486,-0.011650,0.180313,0.035151,0.119734,-0.360590,1.176551,-0.059518,0.012620,0.161936,0.010136,-0.159112,0.275585,1.235682,0.195677,0.070211,-0.035188
-0.017331,6.188434,0.787286,-0.025879,-0.028549,-0.742681,0.668536,0.143445,-0.002360,0.115650,0.160146,-0.223695,0.000546,0.170031,-0.053175,-0.151865,0.160050,-0.250041,0.052056,-0.008872,-0.009947,0.181515,0.034036,0.117578,-0.358417,1.175655,-0.056578,0.013775,0.162499,0.003440,-0.162054,0.285621,1.235643,0.197703,0.069142,-0.035361
-0.017813,6.189623,0.787430,-0.026024,-0.028381,-0.744150,0.666902,0.142665,-0.000381,0.120107,0.159562,-0.222221,-0.000958,0.167078,-0.051421,-0.147061,0.160196,-0.248157,0.051717,-0.005391,-0.008326,0.182714,0.032636,0.115567,-0.356967,1.175026,-0.053006,0.014901,0.163458,-0.003139,-0.164954,0.295386,1.235505,0.199623,0.068134,-0.035549
-0.018372,6.190638,0.787555,-0.026110,-0.028266,-0.745244,0.665681,0.141680,0.001359,0.123523,0.159205,-0.220764,-0.002306,0.164491,-0.049898,-0.143409,0.160364,-0.246633,0.051204,-0.002768,-0.006989,0.183604,0.031102,0.113853,-0.356605,1.174917,-0.049661,0.015549,0.164694,-0.009035,-0.167667,0.304020,1.235020,0.200974,0.067543,-0.035497
-0.018910,6.191659,0.787673,-0.026072,-0.028192,-0.745824,0.665035,0.140273,0.002817,0.125545,0.159224,-0.219314,-0.003386,0.162348,-0.048658,-0.141358,0.160457,-0.245549,0.050473,-0.001279,-0.006092,0.183926,0.029533,0.112577,-0.357681,1.175463,-0.046393,0.015471,0.166414,-0.013958,-0.170073,0.311136,1.234042,0.201320,0.067552,-0.035068
-0.019486,6.192676,0.787783,-0.025951,-0.028139,-0.746081,0.664753,0.138627,0.004062,0.126715,0.159391,-0.217834,-0.004302,0.160474,-0.047621,-0.140283,0.160491,-0.244690,0.049648,-0.000409,-0.005659,0.183893,0.027857,0.111838,-0.360032,1.176452,-0.042927,0.014969,0.168598,-0.018339,-0.172026,0.317120,1.232899,0.200957,0.067911,-0.034464
-0.020067,6.193648,0.787876,-0.025838,-0.028164,-0.746184,0.664642,0.137044,0.005164,0.127408,0.159593,-0.216388,-0.005222,0.158848,-0.046685,-0.139666,0.160589,-0.244002,0.048742,0.000253,-0.005623,0.183884,0.025952,0.111615,-0.363155,1.177688,-0.039851,0.014405,0.170792,-0.022682,-0.173298,0.322252,1.232092,0.200433,0.068315,-0.033958
-0.020638,6.194566,0.787960,-0.025854,-0.028289,-0.746299,0.664507,0.135865,0.006206,0.127997,0.159705,-0.215061,-0.006312,0.157525,-0.045733,-0.138985,0.160711,-0.243348,0.047767,0.000743,-0.005372,0.184456,0.024077,0.111611,-0.366313,1.178399,-0.037772,0.014117,0.172422,-0.026797,-0.175036,0.327504,1.230860,0.200789,0.068634,-0.033538
-0.021179,6.195521,0.788025,-0.026048,-0.028562,-0.746478,0.664287,0.135312,0.007177,0.128567,0.159594,-0.213868,-0.007679,0.156621,-0.044737,-0.138098,0.160845,-0.242732,0.046723,0.001505,-0.005187,0.185698,0.021739,0.111912,-0.369758,1.179116,-0.036915,0.014271,0.173522,-0.031188,-0.176382,0.332208,1.230034,0.201936,0.068680,-0.033455
-0.021720,6.196490,0.788083,-0.026351,-0.028954,-0.746631,0.664086,0.135166,0.008031,0.128929,0.159361,-0.212776,-0.009209,0.156003,-0.043776,-0.137271,0.161136,-0.242278,0.045610,0.002200,-0.005121,0.187322,0.019065,0.112468,-0.373591,1.179964,-0.036925,0.014640,0.174325,-0.035682,-0.177402,0.336438,1.229498,0.203581,0.068608,-0.033589
-0.022250,6.197583,0.788144,-0.026700,-0.029390,-0.746709,0.663965,0.135103,0.008825,0.129031,0.159176,-0.211742,-0.010748,0.155588,-0.042839,-0.136643,0.161405,-0.241847,0.044435,0.002745,-0.005107,0.189152,0.016372,0.113335,-0.377631,1.180582,-0.037520,0.015024,0.174768,-0.040058,-0.178332,0.340464,1.228993,0.205436,0.068502,-0.033810
-0.022781,6.198641,0.788206,-0.027031,-0.029796,-0.746666,0.663982,0.134853,0.009604,0.128825,0.159140,-0.210705,-0.012144,0.155167,-0.041940,-0.136337,0.161756,-0.241456,0.043210,0.003075,-0.005129,0.190841,0.013662,0.114279,-0.381609,1.181200,-0.038317,0.015193,0.174889,-0.044415,-0.179004,0.344449,1.228870,0.207066,0.068385,-0.034111
-0.023288,6.199608,0.788259,-0.027363,-0.030199,-0.746478,0.664161,0.134421,0.010406,0.128270,0.159397,-0.209736,-0.013364,0.154873,-0.041059,-0.136396,0.162096,-0.241063,0.041869,0.003104,-0.005127,0.192444,0.010988,0.115315,-0.385520,1.181715,-0.039131,0.015330,0.174646,-0.048730,-0.179514,0.348571,1.229129,0.208522,0.068263,-0.034529
-0.023792,6.200528,0.788302,-0.027724,-0.030616,-0.746175,0.664468,0.133955,0.011198,0.127411,0.159798,-0.208820,-0.014472,0.154697,-0.040207,-0.136737,0.162569,-0.240778,0.040425,0.002825,-0.005200,0.194177,0.008708,0.116912,-0.389519,1.181478,-0.040299,0.015508,0.173943,-0.052834,-0.180022,0.352862,1.229321,0.210096,0.068144,-0.035011
-0.024328,6.201539,0.788361,-0.028037,-0.030985,-0.745782,0.664878,0.133253,0.011946,0.126305,0.160278,-0.207878,-0.015519,0.154457,-0.039395,-0.137343,0.162968,-0.240426,0.039010,0.002403,-0.005271,0.195738,0.006187,0.118387,-0.393412,1.181554,-0.041894,0.015240,0.172996,-0.056938,-0.180295,0.356862,1.229816,0.211425,0.068025,-0.035502
-0.024826,6.202507,0.788411,-0.028229,-0.031239,-0.745326,0.665369,0.132143,0.012615,0.125019,0.160692,-0.206791,-0.016526,0.153960,-0.038652,-0.138188,0.163176,-0.239908,0.037752,0.001876,-0.005560,0.197142,0.004195,0.120508,-0.397292,1.180826,-0.044421,0.014179,0.171687,-0.060746,-0.180432,0.360607,1.229911,0.212553,0.067978,-0.035799
-0.025278,6.203439,0.788469,-0.028244,-0.031361,-0.744784,0.665970,0.130453,0.013192,0.123488,0.161043,-0.205522,-0.017510,0.153061,-0.037999,-0.139345,0.163216,-0.239209,0.036689,0.001257,-0.005848,0.198103,0.001966,0.122393,-0.400997,1.180513,-0.048340,0.011647,0.169920,-0.064487,-0.180350,0.363969,1.230108,0.213312,0.067975,-0.035950
-0.025713,6.204443,0.788549,-0.028141,-0.031373,-0.744150,0.666682,0.128343,0.013694,0.121706,0.161354,-0.204120,-0.018456,0.151882,-0.037428,-0.140796,0.163156,-0.238383,0.035748,0.000499,-0.006181,0.198769,-0.000312,0.124294,-0.404611,1.180279,-0.053382,0.008059,0.167703,-0.068124,-0.180108,0.367076,1.230351,0.213824,0.068011,-0.036001
-0.026136,6.205396,0.788638,-0.027973,-0.031339,-0.743482,0.667436,0.126038,0.014141,0.119828,0.161651,-0.202650,-0.019339,0.150598,-0.036904,-0.142373,0.162995,-0.237472,0.034894,-0.000310,-0.006380,0.199209,-0.002800,0.125803,-0.408134,1.180469,-0.058228,0.004442,0.165720,-0.071554,-0.179805,0.369800,1.230628,0.214101,0.068088,-0.036002
-0.026559,6.206326,0.788730,-0.027808,-0.031300,-0.742837,0.668162,0.123755,0.014552,0.118007,0.162000,-0.201213,-0.020139,0.149327,-0.036414,-0.143910,0.162825,-0.236566,0.034088,-0.000998,-0.006715,0.199640,-0.004937,0.127662,-0.411828,1.180258,-0.061824,0.001906,0.164470,-0.074629,-0.179256,0.372028,1.230704,0.214233,0.068205,-0.035947
-0.026982,6.207253,0.788832,-0.027616,-0.031272,-0.742219,0.668858,0.121500,0.014899,0.116259,0.162328,-0.199746,-0.020822,0.148014,-0.035980,-0.145393,0.162699,-0.235675,0.033336,-0.001575,-0.007142,0.200006,-0.006950,0.129654,-0.415739,1.179965,-0.063561,0.000814,0.164388,-0.077406,-0.178408,0.373558,1.230732,0.213986,0.068388,-0.035805
-0.027377,6.208120,0.788931,-0.027387,-0.031222,-0.741602,0.669553,0.119171,0.015193,0.114502,0.162654,-0.198243,-0.021430,0.146654,-0.035586,-0.146905,0.162486,-0.234717,0.032651,-0.002126,-0.007470,0.200194,-0.009122,0.131330,-0.419740,1.180058,-0.064100,0.000528,0.165159,-0.079914,-0.177438,0.374549,1.230780,0.213428,0.068637,-0.035591
-0.027735,6.208981,0.789026,-0.027169,-0.031167,-0.740997,0.670234,0.116874,0.015462,0.112785,0.163010,-0.196778,-0.021969,0.145309,-0.035219,-0.148401,0.162309,-0.233790,0.032014,-0.002632,-0.007632,0.200303,-0.011375,0.132600,-0.423538,1.180475,-0.064038,0.000609,0.166223,-0.082087,-0.176483,0.375301,1.230681,0.212941,0.068887,-0.035400
-0.028098,6.209852,0.789114,-0.026986,-0.031150,-0.740415,0.670885,0.114741,0.015747,0.111133,0.163383,-0.195398,-0.022495,0.144105,-0.034838,-0.149844,0.162128,-0.232893,0.031402,-0.002966,-0.007813,0.200439,-0.013387,0.133881,-0.427075,1.180793,-0.064139,0.000661,0.166971,-0.084033,-0.175299,0.375921,1.230557,0.212789,0.069024,-0.035388
-0.028472,6.210684,0.789203,-0.026853,-0.031154,-0.739853,0.671510,0.112789,0.016040,0.109549,0.163729,-0.194084,-0.023016,0.143072,-0.034440,-0.151240,0.161876,-0.232005,0.030852,-0.003273,-0.007894,0.200612,-0.015209,0.134962,-0.429996,1.181123,-0.064317,0.000660,0.167173,-0.085673,-0.174038,0.376484,1.230226,0.213377,0.069015,-0.035693
-0.028837,6.211479,0.789283,-0.026749,-0.031169,-0.739307,0.672114,0.110956,0.016327,0.108021,0.164062,-0.192819,-0.023510,0.142133,-0.034044,-0.152604,0.161598,-0.231125,0.030363,-0.003538,-0.007888,0.200776,-0.016883,0.135866,-0.432512,1.181497,-0.064312,0.000803,0.167160,-0.087016,-0.172698,0.376881,1.229751,0.214429,0.068911,-0.036210
-0.029168,6.212264,0.789357,-0.026685,-0.031216,-0.738788,0.672686,0.109278,0.016613,0.106551,0.164419,-0.191634,-0.023965,0.141298,-0.033647,-0.153907,0.161383,-0.230298,0.029849,-0.003694,-0.007924,0.200949,-0.018358,0.136717,-0.434837,1.181850,-0.064304,0.000958,0.167222,-0.088242,-0.171118,0.377375,1.229372,0.215385,0.068783,-0.036665
-0.029500,6.213047,0.789423,-0.026685,-0.031306,-0.738303,0.673214,0.107791,0.016919,0.105142,0.164859,-0.190570,-0.024372,0.140608,-0.033235,-0.155124,0.161292,-0.229559,0.029226,-0.003780,-0.008002,0.201173,-0.019606,0.137479,-0.437067,1.182154,-0.064439,0.000985,0.167659,-0.089473,-0.169411,0.378372,1.229203,0.215736,0.068728,-0.036751
-0.029825,6.213795,0.789491,-0.026768,-0.031444,-0.737860,0.673689,0.106523,0.017257,0.103802,0.165384,-0.189631,-0.024724,0.140055,-0.032802,-0.156236,0.161369,-0.228901,0.028448,-0.003753,-0.008004,0.201529,-0.020636,0.138039,-0.439185,1.182327,-0.064810,0.000823,0.168731,-0.090491,-0.167821,0.379867,1.228914,0.215256,0.068832,-0.036296
-0.030148,6.214487,0.789548,-0.026916,-0.031625,-0.737453,0.674121,0.105460,0.017601,0.102531,0.165951,-0.188785,-0.025024,0.139605,-0.032370,-0.157259,0.161629,-0.228342,0.027571,-0.003615,-0.008005,0.201961,-0.021457,0.138465,-0.441147,1.182424,-0.065326,0.000558,0.170226,-0.091393,-0.166148,0.381724,1.228672,0.214276,0.069011,-0.035510
-0.030443,6.215200,0.789601,-0.027109,-0.031827,-0.737072,0.674520,0.104525,0.017955,0.101312,0.166591,-0.188056,-0.025284,0.139284,-0.031929,-0.158219,0.161905,-0.227835,0.026652,-0.003383,-0.007756,0.202525,-0.022154,0.138623,-0.443063,1.182486,-0.065788,0.000233,0.171655,-0.091811,-0.165060,0.383940,1.227865,0.213109,0.069278,-0.034394
-0.030708,6.215868,0.789655,-0.027306,-0.032049,-0.736711,0.674896,0.103690,0.018281,0.100138,0.167234,-0.187407,-0.025513,0.139031,-0.031514,-0.159139,0.162216,-0.227422,0.025754,-0.003151,-0.007510,0.203007,-0.022676,0.138685,-0.444996,1.182721,-0.066042,-0.000088,0.172606,-0.092232,-0.163962,0.386637,1.227275,0.212018,0.069492,-0.033229
-0.030981,6.216504,0.789698,-0.027531,-0.032298,-0.736375,0.675241,0.103052,0.018588,0.099029,0.167841,-0.186864,-0.025693,0.138907,-0.031103,-0.159982,0.162508,-0.227072,0.024842,-0.003039,-0.007426,0.203316,-0.022928,0.138689,-0.446710,1.183298,-0.065996,-0.000481,0.172814,-0.092963,-0.162439,0.390093,1.227439,0.211207,0.069565,-0.032090
-0.031271,6.217089,0.789733,-0.027801,-0.032567,-0.736070,0.675550,0.102563,0.018889,0.097985,0.168507,-0.186456,-0.025822,0.138879,-0.030706,-0.160749,0.162916,-0.226861,0.023910,-0.002712,-0.007174,0.203795,-0.023011,0.138619,-0.448438,1.183786,-0.065737,-0.000934,0.172451,-0.093243,-0.161457,0.393801,1.227065,0.210424,0.069664,-0.030657
-0.031518,6.217672,0.789761,-0.028059,-0.032835,-0.735771,0.675851,0.102125,0.019152,0.096958,0.169103,-0.186045,-0.025946,0.138880,-0.030345,-0.161510,0.163288,-0.226674,0.023019,-0.002682,-0.007016,0.204054,-0.022849,0.138442,-0.450093,1.184433,-0.065411,-0.001299,0.172116,-0.093806,-0.160180,0.398236,1.227292,0.209527,0.069722,-0.029293
-0.031747,6.218221,0.789791,-0.028260,-0.033068,-0.735461,0.676169,0.101569,0.019357,0.095897,0.169638,-0.185559,-0.026108,0.138797,-0.030050,-0.162327,0.163580,-0.226459,0.022226,-0.002636,-0.006815,0.204263,-0.022750,0.138224,-0.452219,1.185057,-0.065135,-0.001394,0.172207,-0.094098,-0.159124,0.402565,1.227193,0.207957,0.069866,-0.027930
-0.031961,6.218769,0.789823,-0.028378,-0.033262,-0.735125,0.676520,0.100872,0.019467,0.094759,0.170030,-0.184931,-0.026326,0.138569,-0.029860,-0.163245,0.163829,-0.226243,0.021561,-0.002912,-0.006719,0.204151,-0.022667,0.137870,-0.454971,1.185938,-0.064795,-0.001045,0.172981,-0.094639,-0.157794,0.407370,1.227571,0.205569,0.070099,-0.026723
-0.032187,6.219351,0.789842,-0.028449,-0.033427,-0.734777,0.676887,0.100095,0.019508,0.093579,0.170359,-0.184254,-0.026575,0.138279,-0.029741,-0.164222,0.164029,-0.226038,0.020986,-0.003142,-0.006583,0.204001,-0.022606,0.137502,-0.458362,1.186788,-0.064366,-0.000365,0.174071,-0.094940,-0.156697,0.412210,1.227647,0.202464,0.070451,-0.025452
-0.032391,6.219822,0.789877,-0.028497,-0.033570,-0.734439,0.677245,0.099291,0.019536,0.092435,0.170655,-0.183554,-0.026835,0.137985,-0.029643,-0.165184,0.164138,-0.225795,0.020471,-0.003345,-0.006416,0.203793,-0.022467,0.137105,-0.461722,1.187579,-0.064206,0.000305,0.175328,-0.095028,-0.155722,0.416951,1.227608,0.199184,0.070745,-0.024225
-0.032580,6.220259,0.789896,-0.028544,-0.033698,-0.734130,0.677572,0.098538,0.019593,0.091408,0.170929,-0.182880,-0.027083,0.137675,-0.029531,-0.166055,0.164290,-0.225575,0.019986,-0.003660,-0.006300,0.203297,-0.022272,0.136430,-0.464279,1.188740,-0.064649,0.000601,0.176694,-0.095372,-0.154261,0.421631,1.228429,0.196300,0.070738,-0.023298
-0.032770,6.220682,0.789920,-0.028604,-0.033808,-0.733850,0.677866,0.097837,0.019707,0.090510,0.171237,-0.182262,-0.027310,0.137401,-0.029376,-0.166829,0.164401,-0.225323,0.019525,-0.003742,-0.006052,0.202938,-0.021934,0.135848,-0.466311,1.189594,-0.065829,0.000484,0.177931,-0.095211,-0.153167,0.425635,1.228822,0.193721,0.070335,-0.022368
-0.032918,6.221075,0.789943,-0.028659,-0.033899,-0.733592,0.678139,0.097155,0.019843,0.089704,0.171539,-0.181664,-0.027528,0.137112,-0.029215,-0.167537,0.164531,-0.225084,0.019105,-0.003714,-0.005734,0.202607,-0.021439,0.135329,-0.468043,1.190221,-0.067576,0.000128,0.179174,-0.094670,-0.152323,0.429292,1.228936,0.191274,0.069667,-0.021474
-0.033074,6.221456,0.789961,-0.028704,-0.033968,-0.733361,0.678383,0.096479,0.019984,0.088984,0.171825,-0.181073,-0.027753,0.136805,-0.029060,-0.168176,0.164648,-0.224842,0.018723,-0.003821,-0.005426,0.202081,-0.020831,0.134595,-0.468890,1.190960,-0.069625,-0.000461,0.180541,-0.094307,-0.151249,0.432954,1.229517,0.189063,0.069035,-0.020812
-0.033223,6.221829,0.789983,-0.028723,-0.034029,-0.733166,0.678590,0.095830,0.020110,0.088349,0.172033,-0.180454,-0.027999,0.136480,-0.028913,-0.168742,0.164694,-0.224546,0.018371,-0.003657,-0.005072,0.201691,-0.020062,0.134000,-0.468817,1.191132,-0.071756,-0.001197,0.181909,-0.093616,-0.150424,0.435927,1.229472,0.186819,0.068893,-0.020226
-0.033349,6.222180,0.790006,-0.028713,-0.034053,-0.733009,0.678759,0.095136,0.020215,0.087785,0.172199,-0.179810,-0.028281,0.136072,-0.028795,-0.169243,0.164735,-0.224236,0.018062,-0.003944,-0.004810,0.201010,-0.019058,0.133014,-0.466712,1.191333,-0.074051,-0.002308,0.183667,-0.093517,-0.149060,0.439107,1.230148,0.184741,0.069451,-0.020010
-0.033458,6.222507,0.790037,-0.028669,-0.034057,-0.732887,0.678892,0.094435,0.020301,0.087300,0.172283,-0.179123,-0.028584,0.135554,-0.028707,-0.169674,0.164847,-0.223944,0.017794,-0.003737,-0.004502,0.200508,-0.017793,0.132358,-0.463982,1.190689,-0.076867,-0.003678,0.185538,-0.092810,-0.148148,0.441311,1.229819,0.182574,0.070556,-0.019803
-0.033586,6.222783,0.790058,-0.028628,-0.034060,-0.732796,0.678992,0.093810,0.020388,0.086916,0.172340,-0.178466,-0.028891,0.135097,-0.028619,-0.170018,0.164885,-0.223627,0.017547,-0.003690,-0.004204,0.199999,-0.016382,0.131668,-0.460327,1.189896,-0.079313,-0.004997,0.187164,-0.092205,-0.147173,0.443586,1.229660,0.180661,0.071658,-0.019766
-0.033689,6.223044,0.790076,-0.028617,-0.034090,-0.732733,0.679060,0.093331,0.020478,0.086661,0.172387,-0.177868,-0.029176,0.134710,-0.028531,-0.170245,0.164968,-0.223354,0.017297,-0.003759,-0.003907,0.199487,-0.015083,0.130870,-0.456264,1.189368,-0.080720,-0.005919,0.188119,-0.091793,-0.145999,0.446081,1.230019,0.179133,0.072245,-0.019892
-0.033774,6.223286,0.790089,-0.028650,-0.034153,-0.732708,0.679081,0.093041,0.020570,0.086585,0.172449,-0.177366,-0.029431,0.134434,-0.028454,-0.170309,0.165107,-0.223149,0.017047,-0.003403,-0.003539,0.199157,-0.013976,0.130253,-0.452450,1.188835,-0.080951,-0.006234,0.188082,-0.091005,-0.145055,0.448174,1.230216,0.177982,0.072157,-0.020102
-0.033850,6.223521,0.790102,-0.028700,-0.034244,-0.732722,0.679060,0.092892,0.020666,0.086660,0.172507,-0.176933,-0.029668,0.134211,-0.028385,-0.170237,0.165308,-0.222999,0.016804,-0.002271,-0.003055,0.199043,-0.012993,0.129949,-0.449176,1.188002,-0.080584,-0.006131,0.187340,-0.089433,-0.144589,0.449385,1.229643,0.177042,0.071704,-0.020332
-0.033922,6.223748,0.790111,-0.028775,-0.034333,-0.732749,0.679023,0.092829,0.020762,0.086795,0.172517,-0.176504,-0.029899,0.134045,-0.028310,-0.170113,0.165461,-0.222831,0.016563,-0.002242,-0.002669,0.198866,-0.011712,0.129408,-0.444186,1.187228,-0.079345,-0.005924,0.186289,-0.088736,-0.143731,0.451895,1.230050,0.176540,0.071062,-0.020745
