0.004406,0.020703,0.790145,-0.013019,0.000289,-0.761233,0.648348,0.112015,0.060084,0.200885,0.123312,-0.224331,-0.070751,0.044497,-0.009210,-0.154726,0.122084,-0.171545,0.028142,-0.020033,0.010492,0.100818,0.082683,0.161953,-0.343836,1.083523,0.029414,0.078327,-0.059867,0.014950,-0.256290,0.461474,0.970727,0.249891,0.154644,-0.065833
0.004393,0.020766,0.790166,-0.013047,0.000292,-0.761141,0.648455,0.111934,0.060144,0.200531,0.123315,-0.224223,-0.070751,0.044500,-0.009152,-0.154940,0.122148,-0.171640,0.027853,-0.019523,0.010881,0.100907,0.080018,0.162641,-0.339699,1.085360,0.024762,0.074648,-0.048812,0.014996,-0.256817,0.460754,0.970901,0.249625,0.153177,-0.066747
0.004395,0.020719,0.790175,-0.013072,0.000295,-0.761051,0.648561,0.111849,0.060203,0.200177,0.123324,-0.224122,-0.070752,0.044466,-0.009095,-0.155148,0.122282,-0.171778,0.027544,-0.019292,0.011043,0.101122,0.077981,0.163926,-0.335194,1.086362,0.020050,0.070841,-0.037760,0.014861,-0.257326,0.460323,0.971031,0.249456,0.151625,-0.067641
0.004359,0.020819,0.790198,-0.013102,0.000301,-0.760957,0.648670,0.111758,0.060251,0.199823,0.123330,-0.224014,-0.070755,0.044439,-0.009054,-0.155371,0.122406,-0.171902,0.027273,-0.019221,0.010921,0.101567,0.076650,0.166075,-0.330548,1.086226,0.015519,0.067243,-0.027413,0.014833,-0.257837,0.460149,0.970661,0.249396,0.150252,-0.068441
0.004340,0.020865,0.790197,-0.013117,0.000286,-0.760854,0.648790,0.111668,0.060277,0.199469,0.123333,-0.223901,-0.070760,0.044454,-0.009037,-0.155636,0.122460,-0.171967,0.027097,-0.018893,0.010856,0.101918,0.074922,0.167986,-0.326313,1.086537,0.011578,0.064146,-0.018020,0.014869,-0.258082,0.459844,0.970427,0.249223,0.149255,-0.069210
0.004314,0.020922,0.790190,-0.013130,0.000253,-0.760744,0.648919,0.111575,0.060262,0.199130,0.123334,-0.223784,-0.070764,0.044517,-0.009066,-0.155946,0.122435,-0.171957,0.027073,-0.018653,0.010632,0.102406,0.073416,0.170268,-0.321989,1.086375,0.008329,0.061662,-0.009873,0.014953,-0.258146,0.459819,0.969887,0.249044,0.148780,-0.069854
0.004278,0.020993,0.790183,-0.013132,0.000200,-0.760629,0.649054,0.111476,0.060216,0.198802,0.123326,-0.223650,-0.070767,0.044608,-0.009130,-0.156288,0.122367,-0.171901,0.027155,-0.018420,0.010239,0.102970,0.072070,0.172886,-0.317688,1.085867,0.005543,0.059645,-0.002625,0.015020,-0.257979,0.459949,0.969255,0.248843,0.148664,-0.070421
0.004248,0.021056,0.790176,-0.013124,0.000138,-0.760504,0.649201,0.111382,0.060166,0.198455,0.123323,-0.223526,-0.070774,0.044733,-0.009199,-0.156663,0.122247,-0.171817,0.027257,-0.018025,0.010071,0.103383,0.070206,0.174960,-0.313730,1.086105,0.003239,0.057943,0.003890,0.015137,-0.257719,0.460027,0.968820,0.248626,0.148747,-0.071024
0.004161,0.021138,0.790181,-0.013128,0.000101,-0.760366,0.649362,0.111272,0.060121,0.198060,0.123321,-0.223397,-0.070792,0.044837,-0.009270,-0.157074,0.122191,-0.171796,0.027289,-0.017910,0.009638,0.103872,0.068954,0.177734,-0.309658,1.085555,0.001289,0.056528,0.009191,0.015089,-0.257208,0.460613,0.968406,0.248678,0.148862,-0.071667
0.004150,0.021123,0.790191,-0.013130,0.000076,-0.760213,0.649541,0.111165,0.060097,0.197607,0.123320,-0.223267,-0.070827,0.044925,-0.009330,-0.157530,0.122209,-0.171851,0.027210,-0.017723,0.009306,0.104219,0.067539,0.180412,-0.305972,1.085306,-0.000127,0.055419,0.013334,0.015030,-0.256594,0.461419,0.968235,0.249029,0.149043,-0.072445
0.004083,0.021196,0.790206,-0.013141,0.000069,-0.760049,0.649733,0.111056,0.060081,0.197114,0.123320,-0.223137,-0.070875,0.045008,-0.009392,-0.158026,0.122267,-0.171949,0.027073,-0.017555,0.009046,0.104495,0.066051,0.183041,-0.302489,1.085200,-0.001019,0.054649,0.016401,0.014963,-0.255899,0.462502,0.968171,0.249615,0.149360,-0.073302
0.004098,0.021188,0.790214,-0.013151,0.000068,-0.759874,0.649937,0.110936,0.060054,0.196590,0.123318,-0.223008,-0.070917,0.045125,-0.009455,-0.158543,0.122245,-0.172015,0.026936,-0.017318,0.008996,0.104688,0.064214,0.185199,-0.299255,1.085622,-0.001703,0.054048,0.018884,0.015046,-0.255273,0.463480,0.968052,0.250131,0.149706,-0.074147
0.004102,0.021195,0.790220,-0.013146,0.000062,-0.759692,0.650151,0.110777,0.059993,0.196046,0.123317,-0.222884,-0.070938,0.045181,-0.009556,-0.159065,0.122290,-0.172121,0.026856,-0.017340,0.008638,0.105012,0.062875,0.187876,-0.295846,1.085396,-0.002655,0.053524,0.020880,0.015070,-0.254339,0.464458,0.967766,0.250369,0.149929,-0.074864
0.004092,0.021247,0.790218,-0.013118,0.000043,-0.759494,0.650382,0.110565,0.059891,0.195461,0.123321,-0.222766,-0.070930,0.045255,-0.009688,-0.159598,0.122217,-0.172168,0.026867,-0.017335,0.008266,0.105358,0.061362,0.190392,-0.292573,1.085383,-0.004015,0.053036,0.022514,0.015288,-0.253250,0.464919,0.967232,0.249990,0.150034,-0.075521
0.004023,0.021284,0.790224,-0.013072,0.000017,-0.759284,0.650628,0.110321,0.059752,0.194840,0.123314,-0.222649,-0.070903,0.045322,-0.009853,-0.160148,0.122128,-0.172223,0.026933,-0.017366,0.007884,0.105709,0.059743,0.192792,-0.289394,1.085525,-0.005550,0.052652,0.023630,0.015597,-0.252010,0.465126,0.966574,0.249225,0.150074,-0.076150
0.004006,0.021321,0.790216,-0.013023,-0.000007,-0.759074,0.650874,0.110063,0.059617,0.194223,0.123310,-0.222534,-0.070865,0.045383,-0.010012,-0.160697,0.122008,-0.172253,0.027004,-0.017375,0.007623,0.106020,0.057981,0.194860,-0.286416,1.085950,-0.006984,0.052316,0.024574,0.016012,-0.250788,0.465260,0.965869,0.248464,0.150049,-0.076602
0.004003,0.021386,0.790219,-0.012979,-0.000019,-0.758882,0.651099,0.109815,0.059510,0.193653,0.123320,-0.222429,-0.070827,0.045415,-0.010147,-0.161222,0.121950,-0.172304,0.027031,-0.017473,0.007197,0.106304,0.056557,0.197123,-0.283565,1.086106,-0.008141,0.052023,0.025520,0.016211,-0.249297,0.465680,0.965509,0.248080,0.149902,-0.076745
0.003983,0.021413,0.790233,-0.012945,-0.000017,-0.758708,0.651303,0.109593,0.059460,0.193143,0.123302,-0.222313,-0.070781,0.045417,-0.010227,-0.161730,0.121930,-0.172350,0.026970,-0.017551,0.006817,0.106510,0.055203,0.199225,-0.280956,1.086387,-0.008841,0.051738,0.026577,0.016360,-0.247770,0.466317,0.965418,0.248285,0.149585,-0.076356
0.003965,0.021439,0.790229,-0.012923,0.000006,-0.758545,0.651492,0.109361,0.059443,0.192670,0.123326,-0.222223,-0.070725,0.045409,-0.010275,-0.162227,0.121916,-0.172386,0.026858,-0.017636,0.006507,0.106670,0.053859,0.201120,-0.278537,1.086816,-0.009226,0.051481,0.027612,0.016522,-0.246277,0.467086,0.965430,0.248866,0.149136,-0.075565
0.003941,0.021464,0.790230,-0.012895,0.000025,-0.758395,0.651668,0.109154,0.059431,0.192224,0.123305,-0.222109,-0.070675,0.045409,-0.010312,-0.162701,0.121861,-0.172386,0.026765,-0.017601,0.006481,0.106806,0.052283,0.202448,-0.276514,1.087577,-0.009500,0.051237,0.028762,0.016975,-0.245153,0.467807,0.965125,0.249524,0.148743,-0.074725
0.003913,0.021495,0.790237,-0.012857,0.000035,-0.758256,0.651830,0.108934,0.059398,0.191791,0.123317,-0.221999,-0.070657,0.045400,-0.010372,-0.163143,0.121832,-0.172388,0.026757,-0.017835,0.006043,0.106977,0.051367,0.204316,-0.274452,1.087557,-0.009944,0.051082,0.029820,0.016924,-0.243386,0.468900,0.965295,0.249925,0.148438,-0.074285
0.003880,0.021553,0.790239,-0.012816,0.000033,-0.758127,0.651981,0.108743,0.059322,0.191355,0.123300,-0.221850,-0.070680,0.045464,-0.010464,-0.163564,0.121659,-0.172280,0.026911,-0.017948,0.005654,0.107155,0.050394,0.205949,-0.272889,1.087518,-0.010588,0.051017,0.031116,0.016946,-0.241599,0.469974,0.965369,0.249946,0.148273,-0.074428
0.003859,0.021562,0.790238,-0.012776,0.000026,-0.758010,0.652118,0.108564,0.059226,0.190926,0.123294,-0.221695,-0.070730,0.045533,-0.010579,-0.163965,0.121498,-0.172160,0.027171,-0.018047,0.005295,0.107336,0.049464,0.207386,-0.271637,1.087420,-0.011277,0.051025,0.032564,0.016962,-0.239790,0.471133,0.965442,0.249768,0.148185,-0.074916
0.003850,0.021568,0.790243,-0.012730,0.000027,-0.757905,0.652241,0.108372,0.059134,0.190536,0.123287,-0.221546,-0.070789,0.045494,-0.010697,-0.164319,0.121497,-0.172119,0.027412,-0.018142,0.004965,0.107492,0.048615,0.208640,-0.270641,1.087284,-0.012060,0.051008,0.033933,0.016962,-0.237957,0.472282,0.965480,0.249518,0.148258,-0.075415
0.003862,0.021579,0.790241,-0.012678,0.000057,-0.757816,0.652345,0.108142,0.059078,0.190217,0.123273,-0.221411,-0.070836,0.045393,-0.010766,-0.164595,0.121473,-0.172078,0.027509,-0.018091,0.004973,0.107651,0.047608,0.209325,-0.269997,1.087376,-0.012943,0.050843,0.035064,0.017423,-0.236803,0.473127,0.964769,0.249355,0.148648,-0.075523
0.003845,0.021589,0.790243,-0.012609,0.000126,-0.757743,0.652431,0.107811,0.059070,0.189979,0.123283,-0.221299,-0.070871,0.045155,-0.010779,-0.164770,0.121484,-0.172078,0.027372,-0.018280,0.004627,0.107654,0.047103,0.210367,-0.269340,1.087111,-0.014127,0.050543,0.035696,0.017156,-0.234762,0.474060,0.964867,0.249272,0.149355,-0.075288
0.003828,0.021630,0.790253,-0.012518,0.000215,-0.757686,0.652499,0.107432,0.059096,0.189807,0.123275,-0.221184,-0.070900,0.044837,-0.010745,-0.164865,0.121488,-0.172088,0.027086,-0.018371,0.004358,0.107612,0.046601,0.211204,-0.269055,1.086880,-0.015545,0.050129,0.036066,0.016973,-0.232785,0.474750,0.964744,0.249218,0.150398,-0.074787
0.003845,0.021666,0.790247,-0.012434,0.000309,-0.757641,0.652553,0.107072,0.059133,0.189682,0.123263,-0.221092,-0.070926,0.044514,-0.010698,-0.164921,0.121489,-0.172092,0.026784,-0.018438,0.004124,0.107554,0.046218,0.211829,-0.268924,1.086650,-0.016887,0.049669,0.036311,0.016836,-0.230870,0.475362,0.964593,0.249046,0.151437,-0.074142
0.003859,0.021708,0.790257,-0.012380,0.000388,-0.757605,0.652596,0.106798,0.059165,0.189583,0.123262,-0.221042,-0.070949,0.044281,-0.010666,-0.164985,0.121495,-0.172103,0.026598,-0.018440,0.004053,0.107602,0.045957,0.212098,-0.268854,1.086398,-0.017858,0.049218,0.036563,0.017124,-0.229476,0.475936,0.963979,0.248656,0.152200,-0.073410
0.003843,0.021774,0.790255,-0.012362,0.000426,-0.757571,0.652636,0.106672,0.059187,0.189495,0.123263,-0.221051,-0.070974,0.044196,-0.010661,-0.165092,0.121502,-0.172120,0.026575,-0.018524,0.003826,0.107588,0.045977,0.212202,-0.268675,1.086260,-0.018286,0.048707,0.036965,0.017089,-0.227608,0.476587,0.964187,0.247722,0.152457,-0.072646
0.003879,0.021749,0.790258,-0.012371,0.000444,-0.757542,0.652670,0.106636,0.059215,0.189431,0.123269,-0.221101,-0.070998,0.044214,-0.010658,-0.165211,0.121496,-0.172144,0.026639,-0.018603,0.003649,0.107603,0.046166,0.212023,-0.268539,1.086161,-0.018363,0.048128,0.037396,0.017167,-0.225835,0.477215,0.964413,0.246470,0.152465,-0.071747
0.003925,0.021722,0.790246,-0.012383,0.000467,-0.757532,0.652681,0.106613,0.059234,0.189418,0.123270,-0.221158,-0.071014,0.044211,-0.010661,-0.165283,0.121496,-0.172148,0.026741,-0.018586,0.003588,0.107738,0.046505,0.211694,-0.268545,1.085811,-0.018355,0.047675,0.037626,0.017697,-0.224651,0.477798,0.963960,0.245277,0.152373,-0.070828
0.003953,0.021714,0.790242,-0.012363,0.000501,-0.757551,0.652659,0.106520,0.059244,0.189479,0.123269,-0.221183,-0.071016,0.044107,-0.010660,-0.165252,0.121481,-0.172104,0.026826,-0.018621,0.003467,0.107614,0.046721,0.210972,-0.268550,1.085855,-0.018324,0.047514,0.037704,0.017551,-0.222848,0.478558,0.964674,0.244252,0.152108,-0.070316
0.003995,0.021740,0.790255,-0.012299,0.000571,-0.757612,0.652589,0.106304,0.059234,0.189635,0.123253,-0.221146,-0.071006,0.043815,-0.010662,-0.165085,0.121475,-0.172005,0.026891,-0.018541,0.003373,0.107453,0.046945,0.210138,-0.268685,1.085705,-0.018407,0.047854,0.037288,0.017487,-0.221250,0.479404,0.965275,0.243584,0.151645,-0.070146
0.004021,0.021772,0.790269,-0.012198,0.000654,-0.757704,0.652484,0.106003,0.059209,0.189867,0.123259,-0.221093,-0.070988,0.043403,-0.010667,-0.164816,0.121467,-0.171858,0.026961,-0.018355,0.003295,0.107357,0.047325,0.209305,-0.268948,1.085185,-0.018541,0.048558,0.036447,0.017714,-0.220052,0.480284,0.965413,0.243144,0.151017,-0.070154
0.004027,0.021849,0.790278,-0.012101,0.000733,-0.757812,0.652360,0.105735,0.059181,0.190148,0.123231,-0.221026,-0.070951,0.042992,-0.010670,-0.164494,0.121454,-0.171698,0.027028,-0.018199,0.003246,0.107155,0.047660,0.208097,-0.269283,1.084939,-0.018651,0.049288,0.035652,0.017618,-0.218661,0.481220,0.966081,0.242856,0.150451,-0.070339
0.004103,0.021826,0.790278,-0.012045,0.000795,-0.757919,0.652237,0.105549,0.059168,0.190447,0.123247,-0.221032,-0.070885,0.042673,-0.010665,-0.164170,0.121459,-0.171565,0.027082,-0.018036,0.003201,0.107066,0.048168,0.206820,-0.269814,1.084595,-0.018891,0.049756,0.035072,0.017591,-0.217467,0.482037,0.966477,0.242775,0.150316,-0.070466
0.004144,0.021850,0.790288,-0.012031,0.000810,-0.758027,0.652111,0.105526,0.059161,0.190788,0.123253,-0.221097,-0.070742,0.042511,-0.010658,-0.163827,0.121453,-0.171460,0.027117,-0.017872,0.003144,0.107129,0.048849,0.205437,-0.270582,1.084195,-0.019356,0.049828,0.034892,0.017568,-0.216406,0.482708,0.966599,0.243070,0.150918,-0.070537
0.004207,0.021832,0.790274,-0.012041,0.000796,-0.758142,0.651978,0.105596,0.059155,0.191175,0.123266,-0.221208,-0.070543,0.042427,-0.010653,-0.163449,0.121458,-0.171372,0.027139,-0.017688,0.002942,0.107496,0.050029,0.204465,-0.271533,1.083049,-0.020100,0.049722,0.034729,0.017885,-0.215794,0.483274,0.965816,0.243744,0.152067,-0.070516
0.004196,0.021968,0.790282,-0.012067,0.000783,-0.758258,0.651843,0.105699,0.059162,0.191558,0.123274,-0.221334,-0.070381,0.042371,-0.010634,-0.163080,0.121464,-0.171284,0.027161,-0.017487,0.002965,0.107530,0.050752,0.202566,-0.272668,1.082971,-0.020639,0.049502,0.034861,0.017660,-0.214777,0.483798,0.966222,0.244284,0.153089,-0.070655
0.004278,0.021928,0.790268,-0.012090,0.000794,-0.758366,0.651716,0.105781,0.059178,0.191892,0.123262,-0.221448,-0.070352,0.042296,-0.010596,-0.162759,0.121456,-0.171171,0.027192,-0.017342,0.003018,0.107515,0.051662,0.200633,-0.273759,1.082749,-0.020906,0.049391,0.034691,0.017501,-0.213902,0.484378,0.966694,0.244470,0.153565,-0.070736
0.004345,0.021903,0.790249,-0.012105,0.000845,-0.758465,0.651601,0.105785,0.059235,0.192142,0.123264,-0.221567,-0.070555,0.042167,-0.010519,-0.162519,0.121451,-0.171036,0.027218,-0.017239,0.003134,0.107373,0.052758,0.198635,-0.274827,1.082427,-0.020805,0.049438,0.034039,0.017392,-0.213156,0.485047,0.967417,0.244072,0.153205,-0.070747
0.004393,0.021911,0.790251,-0.012119,0.000919,-0.758557,0.651493,0.105776,0.059311,0.192342,0.123245,-0.221687,-0.070912,0.042024,-0.010410,-0.162330,0.121434,-0.170878,0.027237,-0.017180,0.003359,0.107092,0.053885,0.196340,-0.275917,1.082277,-0.020423,0.049538,0.033158,0.017206,-0.212478,0.485778,0.968517,0.243302,0.152323,-0.070744
0.004405,0.021894,0.790263,-0.012132,0.000989,-0.758650,0.651385,0.105769,0.059372,0.192538,0.123242,-0.221811,-0.071262,0.041891,-0.010321,-0.162141,0.121420,-0.170722,0.027288,-0.017117,0.003445,0.106935,0.055391,0.194399,-0.277060,1.081587,-0.020029,0.049690,0.032153,0.017245,-0.212022,0.486487,0.969186,0.242580,0.151338,-0.070673
0.004490,0.021891,0.790271,-0.012145,0.001024,-0.758749,0.651269,0.105818,0.059382,0.192780,0.123226,-0.221906,-0.071440,0.041808,-0.010284,-0.161900,0.121400,-0.170577,0.027409,-0.017044,0.003661,0.106700,0.056593,0.191879,-0.278281,1.081499,-0.019562,0.049777,0.031652,0.017116,-0.211583,0.487115,0.970117,0.242189,0.150583,-0.070709
0.004545,0.021938,0.790281,-0.012154,0.001004,-0.758861,0.651138,0.105935,0.059312,0.193091,0.123223,-0.221991,-0.071386,0.041778,-0.010334,-0.161585,0.121396,-0.170446,0.027667,-0.016940,0.003763,0.106595,0.057891,0.189347,-0.279534,1.081337,-0.019141,0.049840,0.031718,0.017028,-0.211307,0.487690,0.970737,0.242340,0.150200,-0.070782
0.004604,0.021929,0.790284,-0.012169,0.000960,-0.758981,0.650999,0.106095,0.059186,0.193442,0.123230,-0.222068,-0.071191,0.041800,-0.010442,-0.161221,0.121384,-0.170318,0.028022,-0.016814,0.003810,0.106562,0.059271,0.186742,-0.280844,1.081146,-0.018706,0.049895,0.032142,0.016999,-0.211163,0.488219,0.971157,0.242798,0.149983,-0.070875
0.004664,0.021913,0.790273,-0.012177,0.000901,-0.759099,0.650861,0.106271,0.059047,0.193800,0.123238,-0.222131,-0.070925,0.041831,-0.010564,-0.160848,0.121384,-0.170219,0.028354,-0.016691,0.003881,0.106526,0.060654,0.184090,-0.282269,1.080968,-0.018277,0.049932,0.032535,0.016997,-0.211145,0.488651,0.971522,0.243406,0.149825,-0.070985
0.004730,0.021879,0.790263,-0.012191,0.000864,-0.759207,0.650734,0.106434,0.058915,0.194133,0.123225,-0.222159,-0.070652,0.041851,-0.010672,-0.160488,0.121390,-0.170175,0.028540,-0.016634,0.003707,0.106601,0.062511,0.182256,-0.283844,1.079938,-0.018055,0.049994,0.032259,0.017144,-0.211174,0.488977,0.971548,0.244034,0.149639,-0.071027
0.004795,0.021896,0.790268,-0.012203,0.000836,-0.759303,0.650622,0.106571,0.058819,0.194439,0.123251,-0.222174,-0.070358,0.041870,-0.010745,-0.160132,0.121406,-0.170230,0.028488,-0.016499,0.004081,0.106336,0.063547,0.179345,-0.285839,1.080208,-0.017857,0.049878,0.031718,0.017235,-0.211341,0.488955,0.972142,0.244584,0.149337,-0.071143
0.004879,0.021834,0.790256,-0.012222,0.000819,-0.759391,0.650519,0.106720,0.058723,0.194736,0.123254,-0.222148,-0.070018,0.041901,-0.010809,-0.159769,0.121419,-0.170355,0.028280,-0.016427,0.004431,0.106084,0.064738,0.176664,-0.287980,1.080241,-0.017810,0.049704,0.030727,0.017420,-0.211625,0.488819,0.972580,0.245227,0.149008,-0.071222
0.004948,0.021785,0.790265,-0.012232,0.000811,-0.759474,0.650422,0.106844,0.058628,0.195010,0.123260,-0.222124,-0.069682,0.041794,-0.010890,-0.159434,0.121683,-0.170597,0.028069,-0.016354,0.004768,0.105834,0.065956,0.174135,-0.290228,1.080070,-0.017670,0.049609,0.029534,0.017652,-0.212005,0.488581,0.972954,0.245833,0.148733,-0.071333
0.005011,0.021736,0.790286,-0.012230,0.000821,-0.759551,0.650332,0.106898,0.058535,0.195248,0.123274,-0.222106,-0.069398,0.041663,-0.010970,-0.159163,0.121883,-0.170702,0.028005,-0.016270,0.005100,0.105593,0.067134,0.171697,-0.292453,1.079650,-0.017156,0.049726,0.028367,0.017873,-0.212458,0.488336,0.973308,0.246303,0.148595,-0.071538
0.005093,0.021725,0.790296,-0.012198,0.000854,-0.759626,0.650245,0.106865,0.058442,0.195451,0.123273,-0.222091,-0.069194,0.041525,-0.011034,-0.158976,0.121898,-0.170530,0.028178,-0.016276,0.005147,0.105446,0.068761,0.169945,-0.294447,1.078223,-0.016114,0.050204,0.027100,0.017982,-0.212803,0.488213,0.973598,0.246626,0.148644,-0.071851
0.005145,0.021675,0.790306,-0.012154,0.000916,-0.759699,0.650161,0.106770,0.058350,0.195625,0.123261,-0.222076,-0.069035,0.041385,-0.011089,-0.158849,0.121779,-0.170172,0.028492,-0.016106,0.005611,0.105099,0.069684,0.167305,-0.296610,1.077590,-0.014529,0.050836,0.026079,0.018129,-0.213418,0.487845,0.974097,0.246758,0.148845,-0.072315
0.005214,0.021692,0.790326,-0.012100,0.000967,-0.759762,0.650088,0.106654,0.058257,0.195768,0.123264,-0.222073,-0.068889,0.041240,-0.011155,-0.158755,0.121669,-0.169827,0.028818,-0.016035,0.006044,0.104805,0.070590,0.164835,-0.298753,1.076791,-0.012885,0.051506,0.024965,0.018244,-0.214104,0.487575,0.974573,0.246858,0.149082,-0.072819
0.005285,0.021658,0.790334,-0.012068,0.000998,-0.759808,0.650035,0.106593,0.058150,0.195879,0.123267,-0.222084,-0.068722,0.041148,-0.011247,-0.158665,0.121620,-0.169659,0.029024,-0.015977,0.006450,0.104578,0.071319,0.162536,-0.301131,1.076051,-0.011581,0.052090,0.023770,0.018375,-0.214850,0.487318,0.975076,0.246941,0.149247,-0.073316
0.005354,0.021592,0.790317,-0.012052,0.000982,-0.759841,0.649996,0.106622,0.058017,0.195973,0.123271,-0.222121,-0.068497,0.041083,-0.011393,-0.158536,0.121756,-0.169814,0.029035,-0.015899,0.006806,0.104444,0.071866,0.160400,-0.303738,1.075419,-0.010915,0.052519,0.022442,0.018509,-0.215658,0.487087,0.975669,0.247088,0.149282,-0.073883
0.005423,0.021595,0.790314,-0.012051,0.000944,-0.759863,0.649971,0.106695,0.057860,0.196045,0.123281,-0.222176,-0.068245,0.041043,-0.011578,-0.158398,0.121987,-0.170161,0.028932,-0.016030,0.006751,0.104488,0.072857,0.159178,-0.306247,1.073986,-0.010685,0.052929,0.020792,0.018405,-0.216138,0.487113,0.976435,0.247278,0.149223,-0.074506
0.005481,0.021566,0.790322,-0.012059,0.000909,-0.759864,0.649970,0.106771,0.057710,0.196066,0.123282,-0.222228,-0.068018,0.041044,-0.011762,-0.158319,0.122176,-0.170499,0.028829,-0.015766,0.007215,0.104368,0.072737,0.157036,-0.309554,1.073862,-0.010324,0.053261,0.019474,0.018704,-0.217115,0.486619,0.977038,0.247251,0.149211,-0.075041
0.005548,0.021562,0.790333,-0.012050,0.000883,-0.759834,0.650005,0.106790,0.057565,0.196005,0.123285,-0.222263,-0.067872,0.041062,-0.011932,-0.158371,0.122279,-0.170690,0.028832,-0.015858,0.007465,0.104298,0.072778,0.155515,-0.312835,1.073296,-0.009361,0.053661,0.018113,0.018800,-0.217923,0.486368,0.977617,0.247017,0.149270,-0.075292
0.005611,0.021550,0.790336,-0.012032,0.000883,-0.759766,0.650085,0.106738,0.057441,0.195851,0.123289,-0.222285,-0.067856,0.041139,-0.012065,-0.158597,0.122192,-0.170606,0.029021,-0.015880,0.007909,0.104138,0.072210,0.153862,-0.316756,1.073290,-0.007516,0.054110,0.016858,0.019175,-0.218964,0.485799,0.977836,0.246242,0.149457,-0.075069
0.005678,0.021442,0.790327,-0.012021,0.000911,-0.759666,0.650201,0.106652,0.057330,0.195619,0.123277,-0.222293,-0.067930,0.041260,-0.012179,-0.158956,0.121986,-0.170361,0.029319,-0.016039,0.008296,0.103969,0.071489,0.152519,-0.320970,1.073281,-0.005110,0.054601,0.015562,0.019549,-0.219998,0.485221,0.977949,0.245113,0.149705,-0.074521
0.005706,0.021443,0.790340,-0.011994,0.000931,-0.759547,0.650341,0.106536,0.057211,0.195325,0.123266,-0.222280,-0.068015,0.041386,-0.012300,-0.159375,0.121771,-0.170119,0.029609,-0.016226,0.008635,0.103829,0.070612,0.151429,-0.325380,1.073175,-0.002606,0.055096,0.014457,0.019916,-0.221007,0.484604,0.977996,0.244048,0.150005,-0.073940
0.005746,0.021456,0.790346,-0.011968,0.000944,-0.759420,0.650490,0.106417,0.057070,0.194982,0.123255,-0.222245,-0.068032,0.041465,-0.012450,-0.159788,0.121667,-0.170041,0.029774,-0.016540,0.008820,0.103751,0.069784,0.150696,-0.329645,1.072687,-0.000428,0.055567,0.013730,0.020006,-0.221807,0.484155,0.978301,0.243486,0.150324,-0.073655
0.005781,0.021467,0.790350,-0.011936,0.000938,-0.759285,0.650649,0.106288,0.056888,0.194576,0.123266,-0.222184,-0.067940,0.041486,-0.012646,-0.160181,0.121711,-0.170219,0.029728,-0.016643,0.009068,0.103744,0.068556,0.149969,-0.334402,1.072248,0.001260,0.056016,0.013773,0.020221,-0.222763,0.483443,0.978473,0.243679,0.150774,-0.073755
0.005827,0.021460,0.790347,-0.011910,0.000934,-0.759136,0.650822,0.106150,0.056673,0.194107,0.123265,-0.222085,-0.067788,0.041443,-0.012882,-0.160591,0.121898,-0.170578,0.029553,-0.016876,0.009249,0.103782,0.067206,0.149442,-0.339249,1.071651,0.002776,0.056462,0.014322,0.020234,-0.223647,0.482852,0.978810,0.244406,0.151308,-0.074105
0.005863,0.021424,0.790341,-0.011864,0.000913,-0.758978,0.651008,0.106003,0.056467,0.193603,0.123259,-0.221979,-0.067631,0.041433,-0.013104,-0.161021,0.122022,-0.170916,0.029379,-0.017208,0.009361,0.103833,0.065859,0.149129,-0.343703,1.070811,0.004174,0.056855,0.014876,0.020060,-0.224368,0.482419,0.979308,0.245176,0.151777,-0.074533
0.005900,0.021405,0.790327,-0.011830,0.000914,-0.758814,0.651199,0.105828,0.056286,0.193095,0.123264,-0.221898,-0.067518,0.041445,-0.013307,-0.161470,0.122073,-0.171112,0.029340,-0.017553,0.009420,0.103852,0.064561,0.148973,-0.347336,1.069731,0.005517,0.057136,0.014950,0.019750,-0.224975,0.482117,0.979920,0.245500,0.152044,-0.074852
0.005897,0.021386,0.790329,-0.011786,0.000930,-0.758643,0.651399,0.105622,0.056150,0.192564,0.123264,-0.221850,-0.067471,0.041533,-0.013466,-0.161951,0.121930,-0.171059,0.029533,-0.017467,0.009605,0.103865,0.063058,0.148895,-0.350620,1.068470,0.006861,0.057303,0.014283,0.019973,-0.225922,0.481471,0.979866,0.245033,0.152084,-0.074923
0.005920,0.021402,0.790330,-0.011743,0.000959,-0.758462,0.651611,0.105395,0.056038,0.192003,0.123252,-0.221812,-0.067459,0.041679,-0.013592,-0.162465,0.121642,-0.170846,0.029865,-0.017631,0.009752,0.103863,0.061690,0.148971,-0.352921,1.066847,0.008370,0.057374,0.013118,0.019945,-0.226791,0.481218,0.979957,0.244195,0.151931,-0.074934
0.005952,0.021392,0.790329,-0.011699,0.000986,-0.758280,0.651823,0.105160,0.055946,0.191458,0.123255,-0.221784,-0.067462,0.041781,-0.013715,-0.162978,0.121445,-0.170661,0.030188,-0.017757,0.009891,0.103910,0.060337,0.149190,-0.354698,1.065032,0.009470,0.057344,0.011946,0.019930,-0.227711,0.481022,0.979937,0.243406,0.151729,-0.074919
0.005963,0.021386,0.790334,-0.011669,0.001012,-0.758107,0.652025,0.104959,0.055867,0.190976,0.123250,-0.221744,-0.067459,0.041816,-0.013839,-0.163469,0.121432,-0.170634,0.030354,-0.017939,0.009972,0.103976,0.058986,0.149460,-0.355905,1.063283,0.009756,0.057197,0.011257,0.019597,-0.228420,0.480986,0.980292,0.243113,0.151559,-0.074989
0.005978,0.021362,0.790339,-0.011641,0.001021,-0.757943,0.652217,0.104790,0.055822,0.190591,0.123249,-0.221701,-0.067461,0.041858,-0.013938,-0.163932,0.121435,-0.170703,0.030275,-0.017978,0.010022,0.104137,0.057643,0.149837,-0.356654,1.061436,0.008786,0.056931,0.011235,0.019197,-0.229185,0.480960,0.980688,0.243596,0.151457,-0.075133
0.005971,0.021365,0.790347,-0.011626,0.001031,-0.757783,0.652402,0.104646,0.055805,0.190272,0.123239,-0.221653,-0.067474,0.041905,-0.014016,-0.164383,0.121449,-0.170825,0.030047,-0.017978,0.010061,0.104317,0.056237,0.150227,-0.356819,1.059634,0.006935,0.056535,0.011618,0.018574,-0.229841,0.481034,0.981364,0.244548,0.151344,-0.075322
0.005964,0.021382,0.790355,-0.011617,0.001036,-0.757630,0.652580,0.104518,0.055785,0.189963,0.123241,-0.221602,-0.067468,0.041966,-0.014092,-0.164820,0.121452,-0.170950,0.029791,-0.017966,0.010103,0.104722,0.055084,0.151008,-0.356702,1.057301,0.004710,0.056081,0.012070,0.018355,-0.230971,0.481103,0.981169,0.245674,0.151350,-0.075453
0.005950,0.021387,0.790358,-0.011603,0.001022,-0.757483,0.652751,0.104414,0.055734,0.189607,0.123246,-0.221536,-0.067414,0.042020,-0.014190,-0.165242,0.121513,-0.171086,0.029629,-0.017967,0.010168,0.105073,0.053714,0.151796,-0.356548,1.055455,0.002769,0.055539,0.012478,0.018013,-0.231898,0.481029,0.981153,0.246450,0.151389,-0.075551
0.005964,0.021372,0.790350,-0.011595,0.000996,-0.757347,0.652909,0.104328,0.055637,0.189182,0.123262,-0.221434,-0.067267,0.042113,-0.014313,-0.165638,0.121527,-0.171160,0.029608,-0.017998,0.010299,0.105192,0.051835,0.152257,-0.356370,1.054700,0.001228,0.054824,0.012936,0.017266,-0.232309,0.480787,0.981864,0.246569,0.151497,-0.075652
0.005938,0.021352,0.790354,-0.011584,0.000958,-0.757220,0.653057,0.104283,0.055502,0.188723,0.123247,-0.221295,-0.067055,0.042221,-0.014461,-0.166012,0.121532,-0.171213,0.029660,-0.017906,0.010316,0.105713,0.050421,0.153693,-0.356195,1.052948,-0.000448,0.054037,0.013108,0.017232,-0.233340,0.480221,0.981086,0.246448,0.151816,-0.075481
0.005913,0.021347,0.790361,-0.011575,0.000908,-0.757093,0.653204,0.104246,0.055367,0.188250,0.123259,-0.221171,-0.066858,0.042359,-0.014600,-0.166386,0.121518,-0.171255,0.029726,-0.017855,0.010392,0.106044,0.048636,0.154780,-0.355930,1.052013,-0.001933,0.053242,0.013462,0.016828,-0.233965,0.479670,0.981037,0.246332,0.152026,-0.075469
0.005902,0.021415,0.790380,-0.011582,0.000866,-0.756958,0.653361,0.104225,0.055253,0.187790,0.123254,-0.221058,-0.066760,0.042511,-0.014727,-0.166780,0.121520,-0.171324,0.029749,-0.017784,0.010302,0.106607,0.047285,0.156558,-0.355749,1.050300,-0.003376,0.052662,0.013695,0.016754,-0.234798,0.479078,0.980365,0.246677,0.152080,-0.075534
0.005897,0.021407,0.790370,-0.011600,0.000811,-0.756806,0.653537,0.104239,0.055167,0.187333,0.123256,-0.220997,-0.066818,0.042719,-0.014823,-0.167218,0.121530,-0.171436,0.029711,-0.017792,0.010258,0.107056,0.045654,0.157994,-0.355501,1.049176,-0.004478,0.052310,0.014132,0.016395,-0.235345,0.478584,0.980335,0.247777,0.151894,-0.075940
0.005870,0.021425,0.790381,-0.011640,0.000759,-0.756643,0.653725,0.104282,0.055096,0.186870,0.123254,-0.220957,-0.066976,0.042981,-0.014904,-0.167682,0.121516,-0.171563,0.029643,-0.017839,0.010284,0.107406,0.043710,0.159126,-0.355193,1.048663,-0.005313,0.052087,0.014734,0.015838,-0.235707,0.478123,0.980762,0.249362,0.151543,-0.076580
0.005825,0.021446,0.790398,-0.011675,0.000710,-0.756485,0.653907,0.104312,0.055038,0.186429,0.123255,-0.220916,-0.067147,0.043226,-0.014975,-0.168137,0.121507,-0.171677,0.029564,-0.017865,0.010059,0.108043,0.042446,0.161256,-0.354960,1.047012,-0.006244,0.051981,0.015114,0.015659,-0.236246,0.477606,0.980366,0.250865,0.151061,-0.077149
0.005813,0.021405,0.790399,-0.011689,0.000673,-0.756347,0.654066,0.104289,0.054991,0.186036,0.123252,-0.220829,-0.067240,0.043389,-0.015035,-0.168542,0.121502,-0.171735,0.029494,-0.017912,0.009970,0.108470,0.040857,0.162960,-0.354698,1.046153,-0.007087,0.051746,0.015607,0.015263,-0.236571,0.477176,0.980452,0.251582,0.150302,-0.077705
0.005810,0.021455,0.790420,-0.011679,0.000677,-0.756235,0.654196,0.104162,0.054953,0.185704,0.123244,-0.220676,-0.067214,0.043409,-0.015091,-0.168887,0.121509,-0.171710,0.029435,-0.017974,0.009919,0.108814,0.039248,0.164712,-0.354540,1.045476,-0.007969,0.051367,0.016059,0.014871,-0.236799,0.476782,0.980592,0.251140,0.149114,-0.078211
0.005782,0.021440,0.790430,-0.011643,0.000697,-0.756140,0.654306,0.103956,0.054929,0.185416,0.123238,-0.220476,-0.067125,0.043331,-0.015139,-0.169192,0.121526,-0.171631,0.029376,-0.018038,0.009707,0.109238,0.038001,0.167086,-0.354494,1.044296,-0.008955,0.050955,0.016358,0.014585,-0.236958,0.476383,0.980496,0.249966,0.147592,-0.078667
0.005744,0.021432,0.790441,-0.011611,0.000711,-0.756055,0.654405,0.103775,0.054916,0.185156,0.123239,-0.220283,-0.067022,0.043273,-0.015172,-0.169470,0.121533,-0.171541,0.029322,-0.018095,0.009617,0.109524,0.036486,0.169018,-0.354308,1.043817,-0.009796,0.050515,0.016811,0.014146,-0.237007,0.476056,0.980689,0.248607,0.146065,-0.079073
0.005732,0.021481,0.790459,-0.011612,0.000693,-0.755972,0.654501,0.103729,0.054900,0.184908,0.123243,-0.220154,-0.066954,0.043332,-0.015200,-0.169733,0.121555,-0.171511,0.029277,-0.018106,0.009302,0.109958,0.035431,0.171414,-0.353861,1.042886,-0.010648,0.050189,0.017236,0.013742,-0.236991,0.475802,0.980545,0.247691,0.144906,-0.079230
0.005666,0.021550,0.790470,-0.011665,0.000627,-0.755886,0.654599,0.103891,0.054882,0.184658,0.123240,-0.220106,-0.066937,0.043571,-0.015218,-0.169993,0.121604,-0.171569,0.029247,-0.018078,0.008957,0.110427,0.034424,0.173659,-0.353043,1.042258,-0.011337,0.049938,0.017805,0.013307,-0.236926,0.475640,0.980351,0.247321,0.144000,-0.079099
0.005651,0.021432,0.790456,-0.011761,0.000542,-0.755802,0.654694,0.104173,0.054866,0.184419,0.123250,-0.220112,-0.066941,0.043945,-0.015223,-0.170241,0.121613,-0.171644,0.029228,-0.017994,0.008723,0.110830,0.033190,0.175444,-0.351987,1.042317,-0.011849,0.049703,0.018565,0.012835,-0.236876,0.475524,0.980245,0.247183,0.143228,-0.078780
0.005643,0.021372,0.790445,-0.011860,0.000445,-0.755730,0.654776,0.104503,0.054858,0.184211,0.123251,-0.220141,-0.066954,0.044328,-0.015223,-0.170454,0.121664,-0.171760,0.029214,-0.017814,0.008620,0.111128,0.031745,0.176778,-0.350792,1.042952,-0.012259,0.049499,0.019484,0.012294,-0.236863,0.475458,0.980146,0.247252,0.142921,-0.078408
0.005624,0.021410,0.790446,-0.011946,0.000370,-0.755676,0.654837,0.104779,0.054857,0.184058,0.123260,-0.220174,-0.066967,0.044656,-0.015221,-0.170606,0.121701,-0.171880,0.029195,-0.017810,0.008150,0.111641,0.031315,0.179143,-0.349219,1.042161,-0.012832,0.049449,0.020129,0.011624,-0.236818,0.475739,0.979464,0.247573,0.143425,-0.078027
0.005591,0.021385,0.790456,-0.012008,0.000319,-0.755651,0.654864,0.104994,0.054864,0.183991,0.123269,-0.220214,-0.066977,0.044892,-0.015222,-0.170664,0.121746,-0.172019,0.029172,-0.017665,0.007748,0.112005,0.030821,0.181213,-0.347550,1.041639,-0.013331,0.049520,0.020900,0.010657,-0.236774,0.476176,0.978667,0.248256,0.145434,-0.077752
0.005530,0.021392,0.790456,-0.012060,0.000278,-0.755649,0.654865,0.105203,0.054877,0.183992,0.123262,-0.220260,-0.066989,0.045093,-0.015222,-0.170647,0.121791,-0.172179,0.029150,-0.017288,0.007630,0.112137,0.029792,0.182420,-0.345883,1.042122,-0.013678,0.049643,0.021945,0.009512,-0.236788,0.476597,0.977927,0.249197,0.148566,-0.077545
0.005565,0.021297,0.790447,-0.012101,0.000237,-0.755653,0.654860,0.105395,0.054899,0.184003,0.123266,-0.220321,-0.066998,0.045278,-0.015211,-0.170620,0.121829,-0.172331,0.029127,-0.017102,0.007431,0.112325,0.029173,0.183838,-0.343867,1.042226,-0.014113,0.049771,0.022878,0.008358,-0.236830,0.477244,0.977064,0.250120,0.151513,-0.077354
0.005578,0.021242,0.790434,-0.012147,0.000201,-0.755645,0.654869,0.105582,0.054916,0.183973,0.123269,-0.220373,-0.066994,0.045468,-0.015200,-0.170632,0.121864,-0.172448,0.029109,-0.016958,0.007245,0.112487,0.028594,0.185171,-0.341862,1.042465,-0.014822,0.049765,0.023741,0.007517,-0.236865,0.477701,0.976395,0.250527,0.152944,-0.077208
0.005564,0.021236,0.790433,-0.012194,0.000169,-0.755622,0.654894,0.105751,0.054939,0.183878,0.123280,-0.220425,-0.066967,0.045662,-0.015174,-0.170703,0.121891,-0.172506,0.029092,-0.017001,0.006955,0.112715,0.028395,0.186777,-0.339661,1.042374,-0.016026,0.049574,0.024410,0.007112,-0.236840,0.478052,0.975858,0.250143,0.152095,-0.077047
0.005551,0.021196,0.790432,-0.012237,0.000141,-0.755592,0.654928,0.105914,0.054965,0.183749,0.123279,-0.220469,-0.066925,0.045843,-0.015132,-0.170803,0.121918,-0.172526,0.029074,-0.017074,0.006574,0.112948,0.028411,0.188548,-0.337405,1.042157,-0.017610,0.049272,0.024975,0.006980,-0.236695,0.478249,0.975467,0.249218,0.149795,-0.076893
0.005483,0.021191,0.790437,-0.012288,0.000116,-0.755558,0.654966,0.106077,0.054985,0.183617,0.123291,-0.220519,-0.066885,0.046038,-0.015102,-0.170918,0.121940,-0.172553,0.029063,-0.017068,0.006297,0.113086,0.028174,0.189925,-0.335316,1.042479,-0.019156,0.048923,0.025583,0.006934,-0.236506,0.478227,0.975302,0.248173,0.147152,-0.076852
0.005512,0.021099,0.790431,-0.012339,0.000073,-0.755523,0.655006,0.106269,0.054989,0.183508,0.123303,-0.220578,-0.066864,0.046262,-0.015103,-0.171035,0.121973,-0.172643,0.029064,-0.017032,0.006102,0.113193,0.027780,0.191002,-0.333439,1.043140,-0.020327,0.048639,0.026195,0.006803,-0.236326,0.478108,0.975159,0.247521,0.145278,-0.076984
0.005466,0.021118,0.790433,-0.012395,0.000011,-0.755483,0.655051,0.106516,0.054971,0.183435,0.123289,-0.220628,-0.066874,0.046552,-0.015143,-0.171166,0.121993,-0.172829,0.029072,-0.016916,0.005974,0.113266,0.027120,0.191781,-0.331847,1.044295,-0.021130,0.048414,0.026784,0.006641,-0.236185,0.477816,0.974919,0.247434,0.144506,-0.077349
0.005496,0.021029,0.790418,-0.012454,-0.000066,-0.755438,0.655102,0.106769,0.054935,0.183375,0.123315,-0.220698,-0.066904,0.046865,-0.015223,-0.171316,0.122043,-0.173089,0.029088,-0.017123,0.005577,0.113558,0.027285,0.193178,-0.329959,1.044403,-0.021689,0.048327,0.027109,0.006232,-0.235873,0.477667,0.974587,0.247652,0.144233,-0.077842
0.005463,0.021029,0.790404,-0.012515,-0.000142,-0.755395,0.655150,0.107045,0.054890,0.183327,0.123314,-0.220766,-0.066937,0.047180,-0.015306,-0.171452,0.122082,-0.173346,0.029117,-0.017166,0.005254,0.113768,0.027158,0.194321,-0.328481,1.044985,-0.022059,0.048254,0.027478,0.005896,-0.235556,0.477373,0.974305,0.247994,0.144166,-0.078411
0.005485,0.020907,0.790387,-0.012573,-0.000206,-0.755362,0.655187,0.107294,0.054850,0.183279,0.123317,-0.220843,-0.066954,0.047488,-0.015367,-0.171544,0.122060,-0.173522,0.029168,-0.016984,0.005296,0.113766,0.026463,0.194656,-0.327620,1.046466,-0.022187,0.048177,0.028114,0.005711,-0.235471,0.477059,0.974170,0.248352,0.144026,-0.078999
0.005504,0.020872,0.790386,-0.012626,-0.000254,-0.755341,0.655210,0.107517,0.054817,0.183225,0.123321,-0.220936,-0.066957,0.047739,-0.015403,-0.171570,0.122053,-0.173636,0.029251,-0.016931,0.005253,0.113871,0.025869,0.195242,-0.326700,1.047755,-0.021796,0.048129,0.028629,0.005389,-0.235323,0.476939,0.974123,0.248606,0.143541,-0.079525
0.005508,0.020844,0.790372,-0.012682,-0.000293,-0.755326,0.655227,0.107737,0.054762,0.183163,0.123311,-0.221035,-0.066950,0.047968,-0.015447,-0.171559,0.122063,-0.173733,0.029364,-0.017129,0.005020,0.114131,0.026048,0.196361,-0.325816,1.048010,-0.021122,0.048222,0.029010,0.004852,-0.235004,0.477179,0.974134,0.248948,0.142919,-0.080077
0.005510,0.020826,0.790372,-0.012729,-0.000331,-0.755316,0.655237,0.107932,0.054726,0.183116,0.123322,-0.221147,-0.066936,0.048170,-0.015470,-0.171530,0.122063,-0.173789,0.029475,-0.017120,0.004945,0.114254,0.025809,0.197064,-0.325354,1.048882,-0.020408,0.048324,0.029510,0.004419,-0.234787,0.477278,0.974161,0.249280,0.142619,-0.080554
0.005550,0.020735,0.790361,-0.012779,-0.000363,-0.755310,0.655243,0.108118,0.054714,0.183091,0.123326,-0.221245,-0.066915,0.048365,-0.015472,-0.171516,0.122052,-0.173819,0.029559,-0.017101,0.004896,0.114389,0.025593,0.197631,-0.324917,1.049701,-0.019852,0.048497,0.030003,0.003964,-0.234601,0.477311,0.974015,0.249534,0.143110,-0.080788
0.005556,0.020735,0.790368,-0.012842,-0.000377,-0.755310,0.655242,0.108282,0.054741,0.183107,0.123340,-0.221341,-0.066884,0.048547,-0.015441,-0.171526,0.122004,-0.173768,0.029606,-0.017065,0.004884,0.114523,0.025326,0.198002,-0.324567,1.050549,-0.019460,0.048808,0.030563,0.003391,-0.234483,0.477253,0.973634,0.249752,0.144946,-0.080703
0.005586,0.020684,0.790361,-0.012906,-0.000383,-0.755315,0.655234,0.108429,0.054801,0.183150,0.123346,-0.221426,-0.066845,0.048669,-0.015384,-0.171543,0.122038,-0.173720,0.029628,-0.017055,0.004796,0.114709,0.025154,0.198467,-0.324237,1.051208,-0.019118,0.049229,0.031089,0.002700,-0.234333,0.477164,0.973062,0.249930,0.147738,-0.080364
0.005603,0.020681,0.790356,-0.012964,-0.000393,-0.755321,0.655227,0.108572,0.054852,0.183196,0.123357,-0.221507,-0.066802,0.048796,-0.015336,-0.171559,0.122049,-0.173666,0.029643,-0.017079,0.004736,0.114921,0.025234,0.198859,-0.323885,1.051546,-0.018918,0.049671,0.031538,0.002025,-0.234202,0.477077,0.972503,0.249982,0.150518,-0.079915
0.005629,0.020657,0.790349,-0.013010,-0.000406,-0.755326,0.655220,0.108713,0.054860,0.183221,0.123356,-0.221565,-0.066764,0.048922,-0.015328,-0.171557,0.122070,-0.173680,0.029661,-0.016990,0.004739,0.114981,0.025242,0.199052,-0.323626,1.052137,-0.019036,0.049922,0.031855,0.001704,-0.234128,0.477000,0.972089,0.249927,0.152321,-0.079522
0.005672,0.020599,0.790337,-0.013045,-0.000434,-0.755329,0.655216,0.108873,0.054789,0.183222,0.123361,-0.221614,-0.066740,0.049067,-0.015403,-0.171520,0.122113,-0.173817,0.029685,-0.016950,0.004666,0.115095,0.025574,0.199238,-0.322986,1.052357,-0.019468,0.049959,0.031791,0.001589,-0.234038,0.476918,0.971896,0.249510,0.152701,-0.079089
0.005710,0.020546,0.790332,-0.013070,-0.000468,-0.755332,0.655212,0.109042,0.054672,0.183211,0.123357,-0.221645,-0.066724,0.049180,-0.015528,-0.171458,0.122237,-0.174062,0.029706,-0.017012,0.004568,0.115172,0.026197,0.199394,-0.322058,1.052348,-0.020162,0.049853,0.031489,0.001596,-0.233917,0.476980,0.971912,0.248906,0.152231,-0.078625
0.005776,0.020492,0.790327,-0.013084,-0.000503,-0.755331,0.655213,0.109188,0.054546,0.183187,0.123358,-0.221667,-0.066696,0.049311,-0.015653,-0.171407,0.122299,-0.174271,0.029730,-0.017033,0.004490,0.115181,0.026776,0.199449,-0.321292,1.052427,-0.020931,0.049699,0.031156,0.001750,-0.233811,0.477058,0.971966,0.248302,0.151483,-0.078201
0.005807,0.020452,0.790329,-0.013094,-0.000529,-0.755319,0.655226,0.109293,0.054444,0.183134,0.123351,-0.221671,-0.066637,0.049411,-0.015756,-0.171408,0.122353,-0.174396,0.029765,-0.016976,0.004481,0.115200,0.027213,0.199444,-0.321017,1.052542,-0.021535,0.049621,0.030942,0.001874,-0.233783,0.477069,0.971983,0.247884,0.151023,-0.077830
0.005863,0.020442,0.790343,-0.013111,-0.000517,-0.755300,0.655248,0.109324,0.054385,0.183060,0.123362,-0.221676,-0.066530,0.049437,-0.015812,-0.171467,0.122422,-0.174400,0.029809,-0.017207,0.004483,0.115252,0.027864,0.199395,-0.320487,1.052388,-0.021477,0.049639,0.030793,0.001777,-0.233714,0.477210,0.971927,0.247527,0.151203,-0.077476
0.005923,0.020434,0.790353,-0.013120,-0.000493,-0.755272,0.655279,0.109304,0.054352,0.182966,0.123367,-0.221657,-0.066387,0.049434,-0.015838,-0.171566,0.122453,-0.174300,0.029861,-0.017517,0.004502,0.115293,0.028441,0.199279,-0.320104,1.052288,-0.021228,0.049684,0.030710,0.001555,-0.233624,0.477486,0.971916,0.247346,0.151645,-0.077190
0.005953,0.020423,0.790350,-0.013130,-0.000472,-0.755238,0.655319,0.109285,0.054306,0.182857,0.123364,-0.221631,-0.066240,0.049446,-0.015876,-0.171684,0.122459,-0.174182,0.029921,-0.017705,0.004489,0.115377,0.028822,0.199222,-0.320087,1.052261,-0.020969,0.049750,0.030575,0.001522,-0.233597,0.477588,0.971811,0.247164,0.151861,-0.076928
0.006005,0.020363,0.790359,-0.013139,-0.000475,-0.755195,0.655368,0.109303,0.054227,0.182736,0.123357,-0.221613,-0.066116,0.049478,-0.015958,-0.171811,0.122523,-0.174161,0.029994,-0.018023,0.004496,0.115450,0.029342,0.199093,-0.320173,1.052098,-0.020685,0.049847,0.030371,0.001585,-0.233549,0.477765,0.971919,0.246905,0.151388,-0.076763
0.006069,0.020327,0.790370,-0.013165,-0.000492,-0.755141,0.655430,0.109357,0.054101,0.182607,0.123374,-0.221621,-0.066023,0.049611,-0.016097,-0.171946,0.122513,-0.174202,0.030088,-0.018497,0.004655,0.115293,0.029873,0.198616,-0.320597,1.052200,-0.020452,0.049976,0.030212,0.001636,-0.233396,0.478176,0.972890,0.246560,0.149617,-0.076871
0.006141,0.020301,0.790371,-0.013183,-0.000546,-0.755078,0.655502,0.109453,0.053935,0.182471,0.123383,-0.221634,-0.065944,0.049758,-0.016291,-0.172091,0.122578,-0.174341,0.030199,-0.018941,0.004727,0.115302,0.030311,0.198282,-0.321203,1.052173,-0.020143,0.050146,0.029851,0.001997,-0.233312,0.478368,0.973725,0.245984,0.147051,-0.077033
0.006196,0.020282,0.790366,-0.013210,-0.000594,-0.755011,0.655579,0.109557,0.053757,0.182317,0.123372,-0.221627,-0.065877,0.049930,-0.016493,-0.172243,0.122613,-0.174482,0.030311,-0.019407,0.004747,0.115353,0.030742,0.198017,-0.321887,1.052060,-0.019862,0.050310,0.029421,0.002394,-0.233258,0.478544,0.974489,0.245527,0.144513,-0.077147
0.006249,0.020260,0.790360,-0.013221,-0.000637,-0.754945,0.655655,0.109617,0.053591,0.182142,0.123364,-0.221592,-0.065814,0.050061,-0.016679,-0.172391,0.122651,-0.174598,0.030412,-0.019613,0.004854,0.115191,0.030824,0.197481,-0.322974,1.052474,-0.019810,0.050426,0.029250,0.002796,-0.233174,0.478598,0.975238,0.245477,0.142843,-0.077198
0.006295,0.020204,0.790352,-0.013212,-0.000674,-0.754877,0.655733,0.109613,0.053437,0.181921,0.123359,-0.221508,-0.065768,0.050134,-0.016851,-0.172537,0.122696,-0.174681,0.030501,-0.019875,0.004902,0.115095,0.030929,0.196933,-0.323850,1.052751,-0.019777,0.050505,0.029132,0.002991,-0.233133,0.478674,0.975636,0.246001,0.142402,-0.077005
0.006321,0.020206,0.790357,-0.013194,-0.000701,-0.754807,0.655814,0.109576,0.053282,0.181667,0.123354,-0.221396,-0.065737,0.050186,-0.017020,-0.172685,0.122721,-0.174743,0.030584,-0.020182,0.004902,0.115013,0.031087,0.196431,-0.324683,1.052899,-0.019819,0.050564,0.029048,0.003111,-0.233131,0.478825,0.975798,0.246978,0.142687,-0.076676
0.006346,0.020220,0.790375,-0.013176,-0.000731,-0.754737,0.655895,0.109531,0.053134,0.181411,0.123350,-0.221276,-0.065697,0.050232,-0.017183,-0.172835,0.122751,-0.174794,0.030658,-0.020505,0.004876,0.114963,0.031313,0.195990,-0.325445,1.052909,-0.019860,0.050622,0.028958,0.003225,-0.233150,0.478988,0.975820,0.247961,0.143356,-0.076298
0.006385,0.020216,0.790387,-0.013176,-0.000760,-0.754677,0.655964,0.109526,0.053001,0.181202,0.123349,-0.221184,-0.065625,0.050295,-0.017321,-0.172983,0.122804,-0.174846,0.030713,-0.020935,0.004708,0.115176,0.031550,0.195852,-0.325668,1.052640,-0.019639,0.050663,0.028605,0.003314,-0.233154,0.479065,0.975658,0.248358,0.143996,-0.075859
0.006417,0.020199,0.790401,-0.013197,-0.000790,-0.754614,0.656036,0.109570,0.052888,0.181001,0.123352,-0.221138,-0.065493,0.050409,-0.017436,-0.173181,0.122844,-0.174878,0.030756,-0.021066,0.004897,0.114923,0.031727,0.195140,-0.326711,1.052889,-0.019641,0.050759,0.028701,0.003666,-0.233207,0.479171,0.975752,0.248471,0.144964,-0.075684
0.006432,0.020193,0.790399,-0.013227,-0.000825,-0.754561,0.656096,0.109647,0.052790,0.180840,0.123363,-0.221120,-0.065323,0.050516,-0.017534,-0.173374,0.122946,-0.174922,0.030781,-0.021341,0.004939,0.114955,0.031973,0.194733,-0.327156,1.052784,-0.019335,0.050848,0.028539,0.003941,-0.233241,0.479208,0.975599,0.248054,0.146158,-0.075406
0.006488,0.020172,0.790393,-0.013261,-0.000864,-0.754507,0.656157,0.109733,0.052695,0.180689,0.123358,-0.221087,-0.065155,0.050647,-0.017626,-0.173570,0.123015,-0.174952,0.030796,-0.021607,0.004973,0.114990,0.032204,0.194342,-0.327532,1.052661,-0.019048,0.050920,0.028356,0.004266,-0.233274,0.479227,0.975468,0.247493,0.147226,-0.075157
0.006525,0.020189,0.790402,-0.013289,-0.000905,-0.754445,0.656229,0.109789,0.052602,0.180533,0.123362,-0.221025,-0.065029,0.050745,-0.017729,-0.173761,0.123112,-0.175012,0.030802,-0.021893,0.004950,0.115059,0.032463,0.194073,-0.327772,1.052408,-0.018864,0.050965,0.028099,0.004646,-0.233296,0.479254,0.975405,0.247005,0.147760,-0.074936
0.006529,0.020226,0.790410,-0.013308,-0.000948,-0.754368,0.656316,0.109810,0.052506,0.180370,0.123367,-0.220911,-0.064959,0.050832,-0.017850,-0.173942,0.123196,-0.175100,0.030802,-0.022122,0.005063,0.115001,0.032459,0.193419,-0.327976,1.052564,-0.018736,0.050944,0.027905,0.005205,-0.233365,0.479257,0.975642,0.246545,0.147305,-0.074831
0.006541,0.020258,0.790413,-0.013317,-0.001001,-0.754284,0.656413,0.109824,0.052403,0.180209,0.123356,-0.220762,-0.064921,0.050926,-0.017986,-0.174118,0.123263,-0.175205,0.030795,-0.022362,0.005171,0.114942,0.032351,0.192719,-0.328016,1.052808,-0.018631,0.050884,0.027668,0.005869,-0.233455,0.479249,0.976003,0.246010,0.146198,-0.074785
0.006567,0.020226,0.790410,-0.013325,-0.001054,-0.754197,0.656512,0.109828,0.052309,0.180047,0.123336,-0.220592,-0.064904,0.051009,-0.018110,-0.174293,0.123319,-0.175293,0.030776,-0.022636,0.005259,0.114910,0.032254,0.192079,-0.327965,1.052967,-0.018615,0.050799,0.027398,0.006463,-0.233562,0.479265,0.976338,0.245609,0.145203,-0.074722
0.006560,0.020264,0.790419,-0.013339,-0.001103,-0.754118,0.656602,0.109811,0.052238,0.179881,0.123353,-0.220455,-0.064896,0.051070,-0.018209,-0.174471,0.123394,-0.175358,0.030746,-0.022916,0.005322,0.114936,0.032147,0.191577,-0.327965,1.053017,-0.018775,0.050690,0.027108,0.006887,-0.233658,0.479263,0.976437,0.245514,0.145081,-0.074565
0.006538,0.020315,0.790426,-0.013361,-0.001138,-0.754051,0.656679,0.109793,0.052197,0.179722,0.123341,-0.220324,-0.064903,0.051107,-0.018258,-0.174647,0.123439,-0.175346,0.030707,-0.023198,0.005320,0.115026,0.032069,0.191300,-0.328021,1.052884,-0.019204,0.050545,0.026766,0.006944,-0.233723,0.479220,0.976214,0.245942,0.146581,-0.074223
0.006510,0.020390,0.790436,-0.013373,-0.001179,-0.753991,0.656748,0.109759,0.052180,0.179566,0.123337,-0.220203,-0.064926,0.051117,-0.018284,-0.174821,0.123492,-0.175302,0.030661,-0.023450,0.005365,0.115136,0.031880,0.190967,-0.328125,1.052801,-0.019803,0.050360,0.026435,0.006795,-0.233820,0.479113,0.975786,0.246734,0.149123,-0.073773
0.006507,0.020448,0.790457,-0.013397,-0.001218,-0.753929,0.656819,0.109729,0.052172,0.179395,0.123330,-0.220074,-0.064955,0.051146,-0.018292,-0.175006,0.123524,-0.175246,0.030598,-0.023689,0.005421,0.115254,0.031577,0.190641,-0.328290,1.052804,-0.020453,0.050162,0.026140,0.006675,-0.233937,0.478992,0.975395,0.247504,0.151441,-0.073364
0.006485,0.020485,0.790479,-0.013426,-0.001273,-0.753856,0.656901,0.109720,0.052161,0.179188,0.123325,-0.219928,-0.064979,0.051199,-0.018307,-0.175213,0.123586,-0.175229,0.030508,-0.023935,0.005436,0.115388,0.031204,0.190411,-0.328515,1.052856,-0.021024,0.049988,0.025905,0.006808,-0.234032,0.478923,0.975281,0.247886,0.152277,-0.073157
0.006435,0.020561,0.790500,-0.013466,-0.001348,-0.753766,0.657003,0.109737,0.052147,0.178923,0.123333,-0.219768,-0.064995,0.051296,-0.018336,-0.175458,0.123690,-0.175285,0.030376,-0.024327,0.005406,0.115626,0.031001,0.190354,-0.328646,1.052596,-0.021442,0.049904,0.025731,0.007176,-0.234055,0.478954,0.975678,0.247628,0.150780,-0.073254
0.006404,0.020654,0.790509,-0.013525,-0.001428,-0.753662,0.657122,0.109780,0.052130,0.178608,0.123330,-0.219585,-0.065008,0.051423,-0.018368,-0.175743,0.123832,-0.175388,0.030212,-0.024689,0.005440,0.115817,0.030661,0.190202,-0.329045,1.052495,-0.021908,0.049863,0.025712,0.007843,-0.234114,0.479038,0.976407,0.247049,0.147757,-0.073619
0.006337,0.020749,0.790510,-0.013574,-0.001522,-0.753561,0.657236,0.109821,0.052119,0.178299,0.123330,-0.219388,-0.065022,0.051556,-0.018395,-0.176013,0.123948,-0.175471,0.030044,-0.024941,0.005418,0.115942,0.030073,0.190105,-0.329539,1.052727,-0.022356,0.049774,0.025724,0.008671,-0.234151,0.479118,0.977104,0.246424,0.144542,-0.074010
0.006260,0.020806,0.790512,-0.013623,-0.001616,-0.753469,0.657340,0.109861,0.052106,0.178017,0.123321,-0.219158,-0.065038,0.051673,-0.018425,-0.176257,0.124058,-0.175524,0.029905,-0.025025,0.005421,0.116038,0.029445,0.189981,-0.330195,1.052998,-0.022726,0.049652,0.025748,0.009378,-0.234211,0.479094,0.977577,0.245955,0.142441,-0.074160
0.006177,0.020947,0.790535,-0.013650,-0.001720,-0.753393,0.657426,0.109883,0.052079,0.177786,0.123313,-0.218891,-0.065041,0.051738,-0.018467,-0.176446,0.124172,-0.175534,0.029812,-0.025284,0.005344,0.116219,0.029162,0.189974,-0.330322,1.052858,-0.022628,0.049486,0.025612,0.009526,-0.234225,0.479155,0.977876,0.245551,0.142043,-0.073906
0.006063,0.021109,0.790562,-0.013678,-0.001838,-0.753314,0.657516,0.109904,0.052042,0.177541,0.123310,-0.218581,-0.065033,0.051821,-0.018523,-0.176640,0.124271,-0.175520,0.029749,-0.025396,0.005206,0.116319,0.028406,0.189983,-0.330779,1.053323,-0.022666,0.049205,0.025474,0.009749,-0.234270,0.479308,0.977983,0.245351,0.142358,-0.073471
0.006002,0.021126,0.790571,-0.013703,-0.001951,-0.753247,0.657592,0.109936,0.052020,0.177334,0.123298,-0.218283,-0.065050,0.051879,-0.018563,-0.176807,0.124378,-0.175494,0.029683,-0.025500,0.005094,0.116425,0.027865,0.190014,-0.331054,1.053537,-0.022501,0.048948,0.025347,0.009833,-0.234310,0.479431,0.978038,0.245220,0.143040,-0.072971
0.005940,0.021189,0.790584,-0.013747,-0.002048,-0.753188,0.657658,0.109984,0.052035,0.177153,0.123295,-0.218037,-0.065125,0.051966,-0.018569,-0.176966,0.124478,-0.175489,0.029588,-0.025546,0.005023,0.116494,0.027409,0.190061,-0.331278,1.053671,-0.022356,0.048735,0.025304,0.009933,-0.234358,0.479598,0.978150,0.245357,0.143418,-0.072596
0.005905,0.021169,0.790586,-0.013807,-0.002140,-0.753143,0.657709,0.110101,0.052103,0.177024,0.123286,-0.217886,-0.065286,0.052108,-0.018525,-0.177120,0.124558,-0.175508,0.029460,-0.025485,0.004996,0.116487,0.026913,0.190158,-0.331547,1.053913,-0.022349,0.048539,0.025383,0.010207,-0.234470,0.479935,0.978213,0.246042,0.143339,-0.072410
0.005780,0.021313,0.790597,-0.013884,-0.002222,-0.753108,0.657747,0.110264,0.052207,0.176935,0.123277,-0.217800,-0.065508,0.052298,-0.018446,-0.177267,0.124605,-0.175530,0.029311,-0.025374,0.005035,0.116486,0.026577,0.190207,-0.331655,1.053978,-0.022208,0.048382,0.025533,0.010416,-0.234535,0.480216,0.978353,0.246927,0.143121,-0.072252
0.005710,0.021350,0.790594,-0.013953,-0.002298,-0.753073,0.657785,0.110394,0.052329,0.176839,0.123275,-0.217708,-0.065747,0.052432,-0.018355,-0.177406,0.124716,-0.175576,0.029142,-0.025357,0.005068,0.116405,0.026303,0.190338,-0.331720,1.054035,-0.022199,0.048244,0.025721,0.010660,-0.234737,0.480836,0.978399,0.248082,0.142877,-0.072233
0.005620,0.021452,0.790607,-0.014005,-0.002360,-0.753029,0.657834,0.110442,0.052450,0.176688,0.123271,-0.217547,-0.065960,0.052528,-0.018251,-0.177546,0.124755,-0.175550,0.028952,-0.025282,0.005104,0.116345,0.025999,0.190380,-0.331709,1.054049,-0.022121,0.048161,0.025910,0.010775,-0.234799,0.481049,0.978548,0.248771,0.142753,-0.072246
0.005503,0.021569,0.790626,-0.014021,-0.002403,-0.752974,0.657897,0.110357,0.052581,0.176463,0.123250,-0.217273,-0.066125,0.052469,-0.018135,-0.177670,0.124849,-0.175484,0.028736,-0.025548,0.005059,0.116283,0.025850,0.190656,-0.331426,1.053826,-0.022280,0.048129,0.026003,0.010965,-0.235196,0.481882,0.978237,0.249644,0.142821,-0.072488
0.005397,0.021677,0.790656,-0.014007,-0.002435,-0.752914,0.657966,0.110171,0.052719,0.176194,0.123254,-0.216954,-0.066269,0.052331,-0.018003,-0.177783,0.124922,-0.175362,0.028496,-0.025705,0.005003,0.116212,0.025654,0.190914,-0.331128,1.053564,-0.022428,0.048160,0.026105,0.011086,-0.235531,0.482396,0.977956,0.250230,0.142996,-0.072807
0.005246,0.021794,0.790678,-0.013998,-0.002469,-0.752846,0.658043,0.109983,0.052857,0.175900,0.123238,-0.216597,-0.066418,0.052199,-0.017869,-0.177910,0.124984,-0.175239,0.028240,-0.025782,0.004940,0.116083,0.025281,0.191103,-0.330927,1.053571,-0.022607,0.048185,0.026260,0.011125,-0.235742,0.482676,0.977903,0.250544,0.143147,-0.073136
0.005100,0.021923,0.790697,-0.014008,-0.002530,-0.752764,0.658137,0.109861,0.052991,0.175596,0.123233,-0.216267,-0.066600,0.052140,-0.017748,-0.178094,0.125095,-0.175214,0.027973,-0.025979,0.004861,0.116030,0.025054,0.191304,-0.330653,1.053468,-0.022761,0.048182,0.026397,0.011202,-0.235940,0.482885,0.977776,0.250629,0.143216,-0.073350
0.004958,0.022008,0.790692,-0.014042,-0.002645,-0.752657,0.658258,0.109856,0.053078,0.175254,0.123233,-0.215972,-0.066796,0.052232,-0.017672,-0.178375,0.125204,-0.175308,0.027721,-0.026293,0.004764,0.116050,0.024920,0.191539,-0.330365,1.053351,-0.022876,0.048122,0.026524,0.011358,-0.236140,0.482903,0.977737,0.250238,0.142888,-0.073405
0.004785,0.022123,0.790692,-0.014097,-0.002787,-0.752530,0.658401,0.109921,0.053142,0.174877,0.123221,-0.215676,-0.067001,0.052428,-0.017623,-0.178725,0.125296,-0.175476,0.027472,-0.026648,0.004643,0.116084,0.024777,0.191777,-0.330110,1.053337,-0.022990,0.048023,0.026661,0.011526,-0.236315,0.482720,0.977851,0.249472,0.142293,-0.073375
0.004620,0.022266,0.790699,-0.014151,-0.002936,-0.752409,0.658537,0.109990,0.053243,0.174531,0.123204,-0.215372,-0.067258,0.052614,-0.017538,-0.179059,0.125391,-0.175614,0.027178,-0.026963,0.004529,0.116186,0.024689,0.192033,-0.329845,1.053228,-0.023092,0.047936,0.026795,0.011677,-0.236477,0.482410,0.977773,0.248674,0.142030,-0.073256
0.004436,0.022454,0.790720,-0.014209,-0.003040,-0.752322,0.658635,0.109985,0.053448,0.174285,0.123195,-0.215053,-0.067611,0.052681,-0.017347,-0.179296,0.125496,-0.175627,0.026790,-0.027172,0.004490,0.116196,0.024506,0.192190,-0.329624,1.053334,-0.023254,0.047856,0.026989,0.011528,-0.236566,0.482165,0.977731,0.248280,0.142619,-0.073085
0.004259,0.022591,0.790744,-0.014282,-0.003078,-0.752284,0.658677,0.109907,0.053831,0.174199,0.123171,-0.214719,-0.068132,0.052579,-0.016988,-0.179404,0.125651,-0.175460,0.026255,-0.027227,0.004543,0.116206,0.024295,0.192381,-0.329340,1.053469,-0.023429,0.047800,0.027190,0.011013,-0.236672,0.481913,0.977444,0.248525,0.144775,-0.072789
0.004027,0.022811,0.790776,-0.014363,-0.003083,-0.752278,0.658683,0.109790,0.054334,0.174223,0.123156,-0.214391,-0.068779,0.052382,-0.016514,-0.179432,0.125822,-0.175164,0.025614,-0.027271,0.004600,0.116416,0.024341,0.192828,-0.328838,1.053103,-0.023584,0.047791,0.027276,0.010308,-0.236927,0.481632,0.976621,0.249144,0.148060,-0.072308
0.003828,0.023046,0.790799,-0.014420,-0.003089,-0.752281,0.658678,0.109609,0.054847,0.174256,0.123145,-0.214017,-0.069419,0.052126,-0.016026,-0.179413,0.125981,-0.174832,0.024949,-0.027212,0.004727,0.116331,0.024149,0.192926,-0.328620,1.053363,-0.023834,0.047766,0.027574,0.009544,-0.236984,0.481488,0.976195,0.249804,0.151183,-0.071950
0.003616,0.023251,0.790834,-0.014441,-0.003125,-0.752270,0.658689,0.109381,0.055237,0.174204,0.123127,-0.213554,-0.069919,0.051830,-0.015639,-0.179379,0.126169,-0.174593,0.024349,-0.027294,0.004694,0.116496,0.024006,0.193248,-0.328047,1.053339,-0.023883,0.047758,0.027711,0.008867,-0.237168,0.481262,0.975639,0.249835,0.153054,-0.071499
0.003379,0.023563,0.790871,-0.014410,-0.003204,-0.752235,0.658730,0.109087,0.055431,0.174005,0.123100,-0.212973,-0.070205,0.051515,-0.015426,-0.179323,0.126356,-0.174502,0.023883,-0.027470,0.004464,0.116639,0.024080,0.193660,-0.327486,1.053101,-0.023886,0.047821,0.027891,0.008764,-0.237396,0.481055,0.974899,0.248881,0.153000,-0.071110
0.003161,0.023788,0.790892,-0.014335,-0.003312,-0.752189,0.658783,0.108724,0.055516,0.173724,0.123084,-0.212309,-0.070362,0.051157,-0.015311,-0.179221,0.126541,-0.174478,0.023477,-0.027607,0.004180,0.116634,0.023909,0.193856,-0.327054,1.053337,-0.023879,0.047874,0.028176,0.008816,-0.237500,0.480805,0.974452,0.247304,0.151713,-0.070755
0.002930,0.023991,0.790919,-0.014255,-0.003415,-0.752146,0.658833,0.108322,0.055600,0.173444,0.123058,-0.211593,-0.070491,0.050742,-0.015186,-0.179115,0.126748,-0.174434,0.023036,-0.027701,0.003895,0.116654,0.023679,0.194041,-0.326672,1.053614,-0.023834,0.047941,0.028491,0.008795,-0.237594,0.480633,0.974118,0.245878,0.150138,-0.070510
0.002663,0.024279,0.790954,-0.014182,-0.003503,-0.752120,0.658864,0.107877,0.055813,0.173248,0.123043,-0.210867,-0.070700,0.050236,-0.014937,-0.179040,0.126985,-0.174246,0.022451,-0.027696,0.003687,0.116782,0.023369,0.194263,-0.326367,1.053853,-0.023780,0.047994,0.028770,0.008423,-0.237710,0.480672,0.973916,0.245413,0.149183,-0.070433
0.002368,0.024640,0.790999,-0.014168,-0.003535,-0.752108,0.658878,0.107426,0.056218,0.173138,0.123028,-0.210160,-0.071009,0.049645,-0.014516,-0.179055,0.127309,-0.173896,0.021660,-0.027586,0.003634,0.117019,0.022980,0.194527,-0.326309,1.054041,-0.023724,0.048051,0.029080,0.007526,-0.237855,0.481189,0.973968,0.246595,0.149153,-0.070700
0.002120,0.024938,0.791039,-0.014167,-0.003545,-0.752100,0.658887,0.106940,0.056754,0.173063,0.123016,-0.209441,-0.071366,0.048985,-0.013978,-0.179136,0.127680,-0.173435,0.020725,-0.027612,0.003680,0.117313,0.022855,0.194872,-0.326340,1.053883,-0.023770,0.048137,0.029435,0.006201,-0.238056,0.482403,0.974228,0.249081,0.149541,-0.071293
0.001817,0.025282,0.791102,-0.014156,-0.003549,-0.752113,0.658872,0.106397,0.057317,0.173066,0.122988,-0.208654,-0.071760,0.048231,-0.013407,-0.179148,0.128059,-0.172908,0.019722,-0.027517,0.003732,0.117633,0.022581,0.195186,-0.326335,1.053862,-0.023804,0.048194,0.029747,0.004788,-0.238243,0.483516,0.974549,0.251544,0.150039,-0.071862
0.001465,0.025728,0.791166,-0.014098,-0.003571,-0.752155,0.658826,0.105755,0.057799,0.173160,0.122958,-0.207762,-0.072179,0.047347,-0.012891,-0.178973,0.128440,-0.172388,0.018732,-0.027506,0.003650,0.118068,0.022572,0.195629,-0.325868,1.053437,-0.023875,0.048237,0.029877,0.003547,-0.238489,0.484429,0.974478,0.253090,0.150376,-0.072159
0.001145,0.026171,0.791224,-0.013964,-0.003611,-0.752233,0.658739,0.104947,0.058185,0.173378,0.122927,-0.206721,-0.072632,0.046240,-0.012449,-0.178533,0.128879,-0.171916,0.017758,-0.027253,0.003464,0.118532,0.022354,0.195908,-0.325153,1.053156,-0.023897,0.048249,0.029857,0.002569,-0.238627,0.484440,0.974121,0.253090,0.150546,-0.072028
0.000797,0.026717,0.791282,-0.013771,-0.003667,-0.752340,0.658621,0.104018,0.058523,0.173700,0.122884,-0.205564,-0.073119,0.044971,-0.012037,-0.177906,0.129330,-0.171438,0.016756,-0.026860,0.003236,0.118976,0.022037,0.196075,-0.324324,1.052969,-0.023960,0.048235,0.029764,0.001711,-0.238695,0.484032,0.973635,0.252287,0.150666,-0.071679
0.000434,0.027253,0.791345,-0.013574,-0.003738,-0.752466,0.658481,0.103085,0.058837,0.174070,0.122820,-0.204343,-0.073629,0.043662,-0.011647,-0.177206,0.129791,-0.170940,0.015740,-0.026412,0.002945,0.119539,0.021718,0.196247,-0.323257,1.052714,-0.024064,0.048185,0.029593,0.000883,-0.238745,0.483479,0.973078,0.251080,0.150644,-0.071238
0.000001,0.027841,0.791407,-0.013403,-0.003853,-0.752598,0.658333,0.102248,0.059143,0.174426,0.122778,-0.203142,-0.074143,0.042413,-0.011280,-0.176553,0.130324,-0.170450,0.014726,-0.025919,0.002627,0.120225,0.021489,0.196442,-0.322120,1.052348,-0.024329,0.048115,0.029493,0.000004,-0.238782,0.483113,0.972690,0.249918,0.150377,-0.070925
-0.000387,0.028339,0.791439,-0.013277,-0.004033,-0.752742,0.658170,0.101599,0.059407,0.174767,0.122722,-0.201962,-0.074645,0.041275,-0.010976,-0.175947,0.130993,-0.170037,0.013753,-0.025408,0.002265,0.120999,0.021472,0.196643,-0.320911,1.051844,-0.024963,0.047975,0.029456,-0.000860,-0.238796,0.483190,0.972663,0.248902,0.149478,-0.070868
-0.000798,0.028907,0.791471,-0.013181,-0.004274,-0.752878,0.658014,0.101083,0.059641,0.175049,0.122677,-0.200791,-0.075147,0.040342,-0.010704,-0.175407,0.131541,-0.169586,0.012803,-0.024413,0.001933,0.121502,0.021373,0.196694,-0.320534,1.051744,-0.026171,0.047791,0.029665,-0.001140,-0.238799,0.483230,0.972691,0.247969,0.148257,-0.071074
-0.001256,0.029553,0.791517,-0.013030,-0.004530,-0.753060,0.657807,0.100476,0.059848,0.175474,0.122619,-0.199571,-0.075675,0.039097,-0.010482,-0.174745,0.132418,-0.169181,0.011801,-0.024288,0.001442,0.122648,0.021626,0.196945,-0.318387,1.050824,-0.026836,0.047585,0.029578,-0.002653,-0.238756,0.483984,0.973116,0.246891,0.146998,-0.071065
-0.001749,0.030224,0.791563,-0.012836,-0.004787,-0.753216,0.657630,0.099698,0.060061,0.175846,0.122546,-0.198239,-0.076250,0.037698,-0.010252,-0.174177,0.133315,-0.168646,0.010685,-0.024072,0.000816,0.123559,0.021798,0.197259,-0.316731,1.050165,-0.027421,0.047470,0.029688,-0.004162,-0.238656,0.484841,0.973180,0.246313,0.146818,-0.071009
-0.002396,0.031265,0.791596,-0.012486,-0.005060,-0.753397,0.657427,0.098569,0.060091,0.176354,0.122467,-0.196785,-0.076882,0.032584,-0.010783,-0.173453,0.141377,-0.171603,0.009453,-0.023558,-0.000143,0.124431,0.021496,0.197585,-0.315408,1.049813,-0.027643,0.047467,0.029995,-0.005962,-0.238536,0.485329,0.972703,0.246040,0.148191,-0.070603
-0.002996,0.032055,0.791595,-0.012023,-0.005374,-0.753594,0.657209,0.097228,0.059975,0.176948,0.122365,-0.195223,-0.077558,0.025807,-0.011700,-0.172637,0.152492,-0.175964,0.008122,-0.022745,-0.001297,0.125284,0.020776,0.197826,-0.314449,1.049789,-0.027699,0.047533,0.030502,-0.007862,-0.238451,0.485519,0.971808,0.245974,0.150610,-0.069977
-0.003568,0.032730,0.791593,-0.011541,-0.005716,-0.753763,0.657021,0.095852,0.059827,0.177472,0.122250,-0.193599,-0.078224,0.019301,-0.012606,-0.171940,0.163024,-0.180002,0.006730,-0.022292,-0.002606,0.126247,0.020338,0.198296,-0.313104,1.049474,-0.027627,0.047621,0.030877,-0.010106,-0.238283,0.486108,0.970999,0.246054,0.153086,-0.069395
-0.004175,0.033476,0.791568,-0.011088,-0.006101,-0.753873,0.656899,0.094574,0.059615,0.177820,0.122149,-0.191957,-0.078804,0.013518,-0.013519,-0.171506,0.172423,-0.183675,0.005357,-0.021739,-0.003844,0.127109,0.019801,0.198725,-0.312252,1.049539,-0.027954,0.047644,0.031194,-0.012009,-0.238156,0.486789,0.970385,0.246144,0.154641,-0.069161
-0.004806,0.034191,0.791534,-0.010693,-0.006580,-0.753921,0.656845,0.093579,0.059309,0.178002,0.122063,-0.190376,-0.079252,0.008656,-0.014459,-0.171363,0.180664,-0.187089,0.004022,-0.021310,-0.005026,0.127946,0.019450,0.199221,-0.311741,1.049726,-0.028924,0.047588,0.031274,-0.013660,-0.238061,0.487945,0.970158,0.246301,0.154846,-0.069442
-0.005427,0.034909,0.791506,-0.010345,-0.007110,-0.753924,0.656841,0.092747,0.058927,0.178067,0.121974,-0.188806,-0.079613,0.004397,-0.015422,-0.171449,0.188094,-0.190280,0.002711,-0.020738,-0.006105,0.128751,0.018866,0.199544,-0.311722,1.050390,-0.030289,0.047470,0.031277,-0.015044,-0.238051,0.489101,0.970097,0.246433,0.154290,-0.070028
-0.006092,0.035829,0.791497,-0.009943,-0.007647,-0.753878,0.656894,0.091756,0.058498,0.177962,0.121875,-0.187097,-0.079953,0.000216,-0.016422,-0.171729,0.195182,-0.193266,0.001426,-0.020542,-0.007302,0.129501,0.018727,0.200153,-0.311424,1.050695,-0.031552,0.047362,0.031241,-0.016455,-0.238082,0.490797,0.969994,0.246811,0.153485,-0.070742
-0.006811,0.036627,0.791499,-0.009444,-0.008100,-0.753781,0.657008,0.090314,0.058064,0.177633,0.121773,-0.185136,-0.080334,-0.004348,-0.017457,-0.172177,0.202258,-0.195972,0.000169,-0.020338,-0.008557,0.130197,0.018526,0.200822,-0.310834,1.050963,-0.032049,0.047295,0.031373,-0.017742,-0.238150,0.492032,0.969514,0.247014,0.152978,-0.071231
-0.007549,0.037595,0.791421,-0.008900,-0.008328,-0.753616,0.657202,0.087304,0.058154,0.176918,0.123739,-0.183971,-0.080802,-0.009875,-0.018286,-0.172910,0.210256,-0.198801,-0.000993,-0.020000,-0.009419,0.130651,0.017877,0.201159,-0.310147,1.051772,-0.031398,0.047277,0.031933,-0.018884,-0.238208,0.492497,0.968745,0.246867,0.153016,-0.071510
-0.008219,0.038570,0.791322,-0.008304,-0.008437,-0.753399,0.657457,0.079999,0.059055,0.175734,0.134083,-0.187018,-0.081315,-0.015843,-0.019079,-0.173860,0.218480,-0.201522,-0.002075,-0.019626,-0.010145,0.130904,0.017064,0.201340,-0.309425,1.052877,-0.030044,0.047291,0.032779,-0.019889,-0.238253,0.492640,0.967798,0.246593,0.153270,-0.071734
-0.008925,0.039635,0.791207,-0.007687,-0.008471,-0.753112,0.657793,0.071864,0.060180,0.174254,0.145594,-0.190438,-0.081850,-0.021913,-0.019749,-0.175046,0.226514,-0.204030,-0.003244,-0.019745,-0.010847,0.131297,0.016535,0.201721,-0.307856,1.053540,-0.028307,0.047300,0.033469,-0.021068,-0.238372,0.492967,0.966715,0.246381,0.153427,-0.071776
-0.009598,0.040687,0.791063,-0.007114,-0.008427,-0.752735,0.658231,0.063268,0.061578,0.172470,0.157717,-0.193982,-0.082413,-0.027808,-0.020155,-0.176493,0.234067,-0.206284,-0.004676,-0.019456,-0.011225,0.131387,0.015699,0.201826,-0.307247,1.054694,-0.027424,0.047243,0.034322,-0.021895,-0.238417,0.492940,0.966034,0.246453,0.153058,-0.071775
-0.010320,0.041739,0.790916,-0.006607,-0.008266,-0.752271,0.658769,0.053882,0.063390,0.170365,0.171127,-0.197985,-0.083031,-0.033626,-0.020217,-0.178114,0.241345,-0.208347,-0.006470,-0.019832,-0.011478,0.131872,0.014986,0.202236,-0.305421,1.055368,-0.026712,0.047114,0.034657,-0.022996,-0.238626,0.493154,0.965313,0.246804,0.151938,-0.071342
-0.011124,0.042957,0.790752,-0.006133,-0.008023,-0.751732,0.659391,0.043947,0.065464,0.167982,0.185294,-0.202178,-0.083698,-0.039407,-0.020042,-0.179905,0.248379,-0.210203,-0.008516,-0.020186,-0.011541,0.132238,0.014467,0.202747,-0.303907,1.055862,-0.026546,0.046970,0.034994,-0.023816,-0.238920,0.493358,0.964616,0.247537,0.150275,-0.070754
-0.011985,0.044260,0.790581,-0.005684,-0.007679,-0.751093,0.660128,0.033407,0.067748,0.165213,0.200169,-0.206476,-0.084388,-0.044987,-0.019663,-0.182142,0.254687,-0.211735,-0.010707,-0.020439,-0.011392,0.132543,0.013660,0.203156,-0.302614,1.056575,-0.026654,0.046742,0.035319,-0.024513,-0.239191,0.493269,0.964020,0.248260,0.148587,-0.070144
-0.012818,0.045550,0.790405,-0.005241,-0.007235,-0.750329,0.661005,0.022269,0.070153,0.161963,0.215577,-0.210725,-0.085073,-0.050212,-0.019127,-0.185094,0.259823,-0.212839,-0.012927,-0.020605,-0.011021,0.132689,0.012570,0.203344,-0.301659,1.057541,-0.026988,0.046393,0.035716,-0.025199,-0.239335,0.493019,0.963667,0.248840,0.147380,-0.069778
-0.013503,0.046823,0.790081,-0.004849,-0.006753,-0.749451,0.662008,0.010764,0.072651,0.158253,0.231425,-0.214973,-0.085746,-0.054808,-0.018450,-0.188952,0.263536,-0.213529,-0.015173,-0.021322,-0.010628,0.133477,0.012041,0.204062,-0.299534,1.057239,-0.027111,0.045884,0.035602,-0.025802,-0.239987,0.492976,0.962281,0.249068,0.146983,-0.069406
-0.014380,0.048264,0.789894,-0.004484,-0.006223,-0.748466,0.663129,-0.001209,0.075272,0.154110,0.247839,-0.219261,-0.086424,-0.058988,-0.017617,-0.193534,0.266203,-0.213872,-0.017491,-0.021816,-0.010011,0.134157,0.011187,0.204551,-0.297876,1.057285,-0.027618,0.045219,0.035572,-0.026304,-0.240516,0.492686,0.961125,0.249111,0.146955,-0.069225
-0.015352,0.049762,0.789707,-0.004078,-0.005510,-0.747343,0.664404,-0.013926,0.077994,0.149463,0.264589,-0.223313,-0.087114,-0.063109,-0.016586,-0.198555,0.267897,-0.213701,-0.019837,-0.022510,-0.009198,0.134760,0.010265,0.205135,-0.296171,1.057097,-0.028159,0.044546,0.035428,-0.026653,-0.241256,0.492342,0.959682,0.249314,0.147151,-0.069093
-0.016375,0.051256,0.789532,-0.003533,-0.004506,-0.746048,0.665867,-0.027797,0.080806,0.144227,0.281731,-0.226894,-0.087823,-0.067586,-0.015338,-0.203729,0.268838,-0.212843,-0.022168,-0.023358,-0.008142,0.134926,0.008904,0.205669,-0.294760,1.057132,-0.028624,0.043983,0.035297,-0.026935,-0.242035,0.491763,0.958336,0.249914,0.147329,-0.069030
-0.017318,0.052803,0.789379,-0.002771,-0.003112,-0.744562,0.667540,-0.043234,0.083778,0.138422,0.299467,-0.229875,-0.088535,-0.072640,-0.013791,-0.208963,0.268916,-0.211149,-0.024483,-0.024447,-0.006777,0.134354,0.007018,0.206111,-0.293730,1.057556,-0.029034,0.043518,0.035160,-0.027327,-0.242705,0.491019,0.957361,0.251128,0.147466,-0.069048
-0.018232,0.054509,0.789226,-0.001865,-0.001407,-0.742903,0.669395,-0.059925,0.086843,0.132068,0.317722,-0.232393,-0.089259,-0.078023,-0.011998,-0.214417,0.268090,-0.208739,-0.026797,-0.025734,-0.005159,0.133378,0.004868,0.206656,-0.292920,1.057936,-0.029455,0.043108,0.034917,-0.027572,-0.243552,0.490117,0.956212,0.252797,0.147701,-0.069100
-0.019062,0.056252,0.789089,-0.000925,0.000429,-0.741096,0.671399,-0.077098,0.089785,0.125089,0.335916,-0.234568,-0.090063,-0.083438,-0.010129,-0.220188,0.266658,-0.205881,-0.029094,-0.027089,-0.003415,0.132445,0.002501,0.207280,-0.292226,1.058175,-0.029802,0.042821,0.034682,-0.027512,-0.244635,0.488949,0.954716,0.254560,0.147976,-0.069194
-0.019905,0.058095,0.788961,-0.000065,0.002224,-0.739166,0.673520,-0.094048,0.092391,0.117422,0.353617,-0.236537,-0.091023,-0.088598,-0.008354,-0.226370,0.264933,-0.202847,-0.031362,-0.028448,-0.001681,0.131909,-0.000118,0.207822,-0.291456,1.058399,-0.029927,0.042710,0.034624,-0.027218,-0.245840,0.487461,0.953087,0.256009,0.148208,-0.069382
-0.020756,0.060039,0.788854,0.000754,0.004046,-0.737026,0.675852,-0.111451,0.094562,0.108321,0.371337,-0.238266,-0.091696,-0.093535,-0.006638,-0.233268,0.262646,-0.199507,-0.033572,-0.029985,0.000059,0.131700,-0.003197,0.208183,-0.290523,1.058795,-0.029586,0.042891,0.034847,-0.026810,-0.246977,0.485503,0.951454,0.257012,0.148380,-0.069804
-0.021584,0.061984,0.788732,0.001569,0.005949,-0.734689,0.678376,-0.129379,0.096364,0.098076,0.389083,-0.239683,-0.092242,-0.098354,-0.004916,-0.240739,0.259727,-0.195777,-0.035741,-0.031640,0.001878,0.131694,-0.006687,0.208434,-0.289567,1.059274,-0.028916,0.043301,0.035250,-0.026136,-0.248270,0.483101,0.949569,0.257788,0.148549,-0.070381
-0.022410,0.064035,0.788625,0.002272,0.007735,-0.732342,0.680889,-0.146231,0.097901,0.088182,0.405707,-0.240964,-0.093607,-0.102906,-0.003312,-0.248203,0.256869,-0.192037,-0.037922,-0.033157,0.003691,0.132032,-0.010269,0.208538,-0.288585,1.059782,-0.028289,0.043706,0.035739,-0.025371,-0.249590,0.480701,0.947900,0.258450,0.148659,-0.070922
-0.023122,0.066059,0.788492,0.002758,0.009203,-0.730175,0.683193,-0.160485,0.099358,0.080129,0.420210,-0.242376,-0.096695,-0.107060,-0.001969,-0.255075,0.254796,-0.188683,-0.040171,-0.034223,0.005415,0.132917,-0.013596,0.208491,-0.287613,1.060156,-0.028075,0.043879,0.036193,-0.024484,-0.251071,0.478663,0.946571,0.259126,0.148685,-0.071199
-0.023788,0.068069,0.788377,0.002923,0.010310,-0.728179,0.685303,-0.171425,0.100776,0.073815,0.430714,-0.243291,-0.102973,-0.110488,-0.000795,-0.261468,0.253358,-0.185727,-0.042597,-0.034738,0.007161,0.134624,-0.016740,0.208241,-0.286540,1.060375,-0.028460,0.043733,0.036603,-0.023257,-0.252820,0.476764,0.945338,0.260047,0.148658,-0.071092
-0.024350,0.070086,0.788261,0.002853,0.011157,-0.726275,0.687308,-0.180041,0.102148,0.068630,0.438450,-0.243908,-0.111513,-0.113375,0.000235,-0.267601,0.252321,-0.183010,-0.045143,-0.034879,0.008931,0.136967,-0.019835,0.207779,-0.285373,1.060519,-0.029202,0.043399,0.037028,-0.021749,-0.254782,0.474914,0.944182,0.261076,0.148585,-0.070741
-0.024919,0.072052,0.788149,0.002723,0.011770,-0.724553,0.689113,-0.187380,0.103626,0.065301,0.447057,-0.245686,-0.119602,-0.116296,0.000912,-0.273052,0.252157,-0.180606,-0.047613,-0.034746,0.010547,0.139480,-0.022658,0.207162,-0.284350,1.060588,-0.030066,0.042961,0.037447,-0.020285,-0.256967,0.473714,0.943436,0.261865,0.148411,-0.070293
-0.025373,0.074093,0.788090,0.002711,0.012177,-0.723103,0.690628,-0.194449,0.105356,0.064544,0.460098,-0.250039,-0.124531,-0.119850,0.001020,-0.277398,0.253398,-0.178615,-0.049814,-0.034467,0.011831,0.141699,-0.024936,0.206478,-0.283671,1.060509,-0.030816,0.042507,0.037828,-0.019199,-0.259352,0.473808,0.943421,0.262075,0.148088,-0.069898
-0.025732,0.076023,0.788042,0.002851,0.012340,-0.722004,0.691773,-0.201415,0.107519,0.067067,0.478329,-0.257919,-0.125167,-0.124265,0.000430,-0.280262,0.256444,-0.177087,-0.051661,-0.033922,0.012682,0.143640,-0.026538,0.205775,-0.283439,1.060108,-0.031426,0.042036,0.038143,-0.018709,-0.261944,0.475665,0.944559,0.261524,0.147247,-0.069540
-0.026265,0.078019,0.788204,0.003049,0.012267,-0.721193,0.692619,-0.207677,0.110093,0.072269,0.499738,-0.268296,-0.123055,-0.129172,-0.000686,-0.281955,0.260871,-0.175928,-0.053278,-0.033124,0.013217,0.145509,-0.027568,0.205055,-0.283497,1.059394,-0.032018,0.041515,0.038399,-0.018630,-0.264747,0.478892,0.946574,0.260438,0.146034,-0.069159
-0.026472,0.079955,0.788125,0.003272,0.012064,-0.720543,0.693297,-0.213242,0.112919,0.078863,0.524055,-0.279623,-0.119498,-0.134285,-0.002095,-0.283093,0.265959,-0.175013,-0.054780,-0.032390,0.013569,0.147158,-0.028094,0.204339,-0.283656,1.058576,-0.032570,0.040982,0.038613,-0.018653,-0.267675,0.482784,0.948730,0.259063,0.145154,-0.068833
-0.026586,0.081874,0.788009,0.003491,0.011835,-0.719927,0.693940,-0.218101,0.115810,0.085603,0.550970,-0.290325,-0.115810,-0.139331,-0.003572,-0.284289,0.271030,-0.174233,-0.056284,-0.032028,0.013849,0.148424,-0.028190,0.203670,-0.283731,1.057877,-0.033054,0.040480,0.038802,-0.018509,-0.270601,0.486615,0.950366,0.257619,0.145312,-0.068649
-0.026741,0.083746,0.787944,0.003725,0.011576,-0.719339,0.694553,-0.222292,0.118927,0.092928,0.581099,-0.300229,-0.111641,-0.144277,-0.005155,-0.285660,0.275985,-0.173567,-0.057812,-0.032070,0.013969,0.149198,-0.027841,0.203093,-0.283870,1.057382,-0.033545,0.039994,0.039003,-0.018408,-0.273453,0.490814,0.951584,0.255984,0.147139,-0.068699
-0.026892,0.085635,0.787868,0.003972,0.011245,-0.718840,0.695073,-0.225668,0.122378,0.101213,0.614184,-0.310020,-0.106477,-0.149233,-0.006900,-0.286891,0.281134,-0.173055,-0.059309,-0.032367,0.013888,0.149585,-0.026997,0.202625,-0.284104,1.056949,-0.034034,0.039514,0.039190,-0.018474,-0.276215,0.495562,0.952756,0.254073,0.150100,-0.068921
-0.027073,0.087443,0.787764,0.004173,0.010892,-0.718400,0.695533,-0.228055,0.125818,0.109172,0.648768,-0.319456,-0.101418,-0.154103,-0.008617,-0.287961,0.286295,-0.172637,-0.060775,-0.032936,0.013781,0.149741,-0.025697,0.202243,-0.284113,1.056478,-0.034399,0.039088,0.039301,-0.018249,-0.278814,0.499761,0.953576,0.252205,0.153153,-0.069157
-0.027256,0.089340,0.787683,0.004278,0.010560,-0.717986,0.695964,-0.229347,0.128832,0.115559,0.683463,-0.328303,-0.097607,-0.158796,-0.010131,-0.288855,0.291292,-0.172247,-0.062207,-0.033758,0.013818,0.149811,-0.024010,0.201901,-0.283616,1.055905,-0.034502,0.038762,0.039281,-0.017243,-0.281149,0.502246,0.953740,0.250655,0.155249,-0.069255
-0.027300,0.091213,0.787518,0.004285,0.010221,-0.717585,0.696383,-0.229607,0.131065,0.119882,0.718788,-0.336569,-0.095548,-0.163311,-0.011498,-0.289501,0.296246,-0.172026,-0.063621,-0.034875,0.013945,0.149813,-0.021889,0.201561,-0.282398,1.055204,-0.034118,0.038587,0.039097,-0.015318,-0.283131,0.502534,0.953219,0.249296,0.155963,-0.069213
-0.027286,0.093072,0.787265,0.004222,0.009862,-0.717215,0.696769,-0.228863,0.132724,0.122923,0.755178,-0.344350,-0.094618,-0.167713,-0.012795,-0.289929,0.301254,-0.171991,-0.065014,-0.036253,0.014080,0.149642,-0.019367,0.201240,-0.280696,1.054498,-0.033389,0.038523,0.038805,-0.012787,-0.284674,0.501260,0.952309,0.248004,0.155887,-0.069118
-0.027383,0.094951,0.787090,0.004081,0.009546,-0.716892,0.697107,-0.227011,0.134220,0.125353,0.791258,-0.351583,-0.094279,-0.171971,-0.013873,-0.290274,0.305972,-0.171807,-0.066354,-0.037778,0.014366,0.149276,-0.016631,0.200944,-0.278883,1.053909,-0.032720,0.038482,0.038474,-0.009824,-0.285968,0.498974,0.951071,0.247133,0.155515,-0.068932
-0.027411,0.096847,0.786877,0.003855,0.009338,-0.716635,0.697375,-0.223956,0.135999,0.127813,0.825666,-0.358216,-0.093967,-0.176093,-0.014598,-0.290672,0.310177,-0.171217,-0.067605,-0.039413,0.014802,0.148597,-0.013783,0.200805,-0.277301,1.053591,-0.032543,0.038384,0.038194,-0.006989,-0.286675,0.496375,0.950192,0.247016,0.155285,-0.068686
-0.027326,0.098738,0.786625,0.003503,0.009260,-0.716461,0.697557,-0.219703,0.138162,0.130197,0.858891,-0.364287,-0.093109,-0.180055,-0.014844,-0.291160,0.313854,-0.170112,-0.068836,-0.040925,0.015702,0.147820,-0.010987,0.200723,-0.276185,1.053456,-0.033264,0.038156,0.037877,-0.003427,-0.287625,0.492862,0.948252,0.248035,0.155479,-0.068202
-0.027242,0.100702,0.786370,0.003041,0.009273,-0.716356,0.697667,-0.214289,0.140473,0.132260,0.891404,-0.369817,-0.092149,-0.183781,-0.014689,-0.291671,0.316940,-0.168620,-0.070043,-0.042722,0.016819,0.146789,-0.007902,0.200754,-0.275044,1.053434,-0.034555,0.037860,0.037537,0.000205,-0.288184,0.488834,0.946266,0.250014,0.155737,-0.067647
-0.027175,0.102585,0.786130,0.002543,0.009368,-0.716291,0.697734,-0.207701,0.142945,0.134400,0.921849,-0.374742,-0.092011,-0.187463,-0.014362,-0.292185,0.319687,-0.166899,-0.071060,-0.044228,0.018153,0.145635,-0.004941,0.200890,-0.274398,1.053611,-0.035811,0.037611,0.037238,0.004546,-0.288897,0.484084,0.943677,0.252113,0.155955,-0.066915
-0.026959,0.104584,0.785807,0.002084,0.009530,-0.716239,0.697787,-0.199966,0.145587,0.137011,0.948942,-0.379005,-0.093607,-0.191263,-0.014087,-0.292686,0.322262,-0.165117,-0.071714,-0.045926,0.019527,0.144186,-0.001861,0.201018,-0.273703,1.054001,-0.036236,0.037502,0.037103,0.008665,-0.289444,0.480003,0.941817,0.253895,0.155879,-0.066200
-0.026699,0.106558,0.785467,0.001715,0.009759,-0.716200,0.697825,-0.190834,0.148637,0.140710,0.972414,-0.382829,-0.097563,-0.195261,-0.013992,-0.293138,0.324678,-0.163298,-0.071874,-0.047748,0.020922,0.142345,0.001271,0.201111,-0.273130,1.054728,-0.035426,0.037580,0.037185,0.012678,-0.289893,0.476448,0.940583,0.255303,0.155479,-0.065328
-0.026421,0.108681,0.785167,0.001385,0.010061,-0.716185,0.697836,-0.180430,0.152040,0.145105,0.993037,-0.386168,-0.103242,-0.199393,-0.013944,-0.293564,0.326910,-0.161389,-0.071639,-0.049511,0.022450,0.140222,0.004354,0.201189,-0.272853,1.055765,-0.033860,0.037783,0.037415,0.016967,-0.290416,0.472860,0.939400,0.256564,0.154886,-0.064268
-0.026053,0.110806,0.784821,0.001020,0.010432,-0.716183,0.697834,-0.169306,0.155312,0.149108,1.011018,-0.388690,-0.109697,-0.203481,-0.013756,-0.294013,0.328797,-0.159290,-0.071181,-0.051411,0.024126,0.137956,0.007489,0.201220,-0.272448,1.056972,-0.032086,0.038048,0.037747,0.021133,-0.290810,0.469824,0.938762,0.257569,0.154075,-0.063414
-0.025638,0.112697,0.784446,0.000548,0.010867,-0.716179,0.697832,-0.158001,0.157924,0.151657,1.026469,-0.390039,-0.116018,-0.207353,-0.013236,-0.294543,0.330185,-0.156942,-0.070678,-0.053013,0.026028,0.135836,0.010320,0.201240,-0.272156,1.058349,-0.030792,0.038319,0.038109,0.025522,-0.291270,0.466967,0.938316,0.257943,0.153098,-0.062991
-0.025180,0.114847,0.784052,-0.000049,0.011362,-0.716167,0.697837,-0.146563,0.159636,0.152375,1.039554,-0.390163,-0.122381,-0.210942,-0.012363,-0.295174,0.331008,-0.154260,-0.070062,-0.054458,0.028161,0.133890,0.012970,0.201224,-0.271738,1.059871,-0.030202,0.038613,0.038565,0.030059,-0.291781,0.464690,0.938319,0.257401,0.151618,-0.063385
-0.024763,0.117123,0.783643,-0.000730,0.011918,-0.716153,0.697841,-0.134753,0.160689,0.151899,1.050142,-0.389238,-0.129184,-0.214364,-0.011242,-0.295874,0.331381,-0.151335,-0.069268,-0.055963,0.030451,0.131964,0.015586,0.201171,-0.271090,1.061556,-0.029923,0.038950,0.039128,0.034462,-0.292156,0.463125,0.939031,0.256208,0.149707,-0.064388
-0.024396,0.119407,0.783228,-0.001481,0.012540,-0.716149,0.697834,-0.122711,0.161305,0.150670,1.057948,-0.387259,-0.135859,-0.217776,-0.009893,-0.296612,0.331524,-0.148270,-0.068491,-0.057469,0.032882,0.129997,0.018134,0.201128,-0.270397,1.063295,-0.029672,0.039270,0.039655,0.038666,-0.292383,0.461921,0.940157,0.255004,0.148029,-0.065408
-0.023968,0.121723,0.782738,-0.002287,0.013229,-0.716163,0.697804,-0.110598,0.161727,0.149117,1.062726,-0.384238,-0.141824,-0.221340,-0.008332,-0.297359,0.331690,-0.145185,-0.067931,-0.059051,0.035448,0.127914,0.020566,0.201121,-0.269826,1.065054,-0.029283,0.039507,0.040027,0.042385,-0.292466,0.461038,0.941618,0.254618,0.147225,-0.065896
-0.023518,0.124122,0.782198,-0.003204,0.014030,-0.716219,0.697727,-0.098330,0.162188,0.147238,1.064594,-0.380719,-0.147115,-0.224945,-0.006313,-0.298139,0.331678,-0.142018,-0.067714,-0.060128,0.038368,0.126024,0.022870,0.201204,-0.269330,1.066423,-0.028108,0.039675,0.039974,0.046738,-0.292852,0.459022,0.941842,0.254517,0.147866,-0.065207
-0.023079,0.126523,0.781639,-0.004217,0.014922,-0.716304,0.697616,-0.085875,0.162509,0.144838,1.063656,-0.376531,-0.151971,-0.228570,-0.003921,-0.298953,0.331491,-0.138756,-0.067720,-0.061310,0.041505,0.124005,0.025147,0.201337,-0.268932,1.067859,-0.026887,0.039772,0.039795,0.050559,-0.293085,0.457592,0.942536,0.255207,0.149357,-0.064062
-0.022539,0.129098,0.781034,-0.005207,0.015822,-0.716375,0.697517,-0.073468,0.162356,0.142013,1.059580,-0.370553,-0.156099,-0.232499,-0.001652,-0.299764,0.331635,-0.135570,-0.067779,-0.062382,0.044585,0.121983,0.027290,0.201609,-0.268731,1.069066,-0.025682,0.039836,0.039504,0.054479,-0.293362,0.456049,0.943079,0.256077,0.151137,-0.062770
-0.022037,0.131782,0.780424,-0.006063,0.016651,-0.716391,0.697474,-0.061344,0.161419,0.138839,1.052025,-0.361644,-0.159218,-0.236999,0.000022,-0.300532,0.332580,-0.132601,-0.067725,-0.063563,0.047336,0.119858,0.029331,0.201973,-0.268689,1.069982,-0.024737,0.039887,0.039259,0.058420,-0.293605,0.454658,0.943764,0.256968,0.152564,-0.061861
-0.021476,0.134404,0.779781,-0.006732,0.017413,-0.716348,0.697494,-0.049778,0.159683,0.135242,1.041345,-0.349330,-0.160867,-0.242175,0.001000,-0.301208,0.334396,-0.129895,-0.067466,-0.064852,0.049700,0.117538,0.031251,0.202464,-0.268997,1.070585,-0.024058,0.039919,0.039036,0.062414,-0.293837,0.453469,0.944596,0.258105,0.153556,-0.061451
-0.020864,0.137118,0.779146,-0.007282,0.018143,-0.716266,0.697554,-0.038586,0.157354,0.131177,1.027627,-0.334289,-0.161315,-0.247866,0.001539,-0.301821,0.336832,-0.127363,-0.067112,-0.066209,0.051827,0.115072,0.033070,0.203059,-0.269551,1.070927,-0.023519,0.039925,0.038788,0.066412,-0.294037,0.452458,0.945541,0.259515,0.154418,-0.061290
-0.020134,0.139980,0.778506,-0.007771,0.018801,-0.716141,0.697659,-0.027340,0.154431,0.126729,1.010172,-0.317145,-0.161365,-0.253949,0.001649,-0.302448,0.339922,-0.124974,-0.066781,-0.067471,0.053637,0.112719,0.034870,0.204006,-0.270238,1.070759,-0.023337,0.039939,0.038508,0.070622,-0.294257,0.451250,0.946257,0.260635,0.155119,-0.061219
-0.019355,0.142924,0.777844,-0.008264,0.019354,-0.715969,0.697815,-0.015603,0.150926,0.121961,0.988269,-0.298539,-0.161811,-0.260261,0.001380,-0.303178,0.343594,-0.122642,-0.066598,-0.068978,0.055384,0.110493,0.036404,0.204525,-0.270304,1.070780,-0.023324,0.039918,0.038457,0.074465,-0.294294,0.450169,0.947524,0.261005,0.155564,-0.061264
-0.018538,0.145907,0.777158,-0.008731,0.019727,-0.715737,0.698037,-0.003460,0.146406,0.116206,0.960715,-0.274544,-0.163074,-0.266833,0.000517,-0.303965,0.348129,-0.120498,-0.066596,-0.070315,0.056718,0.108605,0.037814,0.205226,-0.270139,1.070373,-0.023937,0.039924,0.038532,0.078586,-0.294250,0.448516,0.948643,0.259984,0.155750,-0.061339
-0.017737,0.149024,0.776473,-0.009144,0.019953,-0.715449,0.698320,0.008943,0.141055,0.109578,0.928287,-0.246290,-0.164648,-0.273722,-0.000903,-0.304771,0.353451,-0.118530,-0.066719,-0.071615,0.057634,0.106926,0.039165,0.206152,-0.269778,1.069555,-0.025038,0.039936,0.038667,0.082776,-0.294017,0.446591,0.949841,0.258031,0.155690,-0.061486
-0.016838,0.152124,0.775771,-0.009580,0.020162,-0.715140,0.698625,0.021931,0.135797,0.103373,0.893251,-0.221889,-0.165866,-0.280835,-0.002472,-0.305687,0.359055,-0.116485,-0.066958,-0.073026,0.058589,0.105328,0.040264,0.206837,-0.269145,1.068861,-0.026113,0.039926,0.038935,0.086735,-0.293730,0.444759,0.951219,0.256023,0.155466,-0.061694
-0.015894,0.155381,0.774981,-0.010118,0.020490,-0.714839,0.698916,0.035886,0.131544,0.098966,0.857636,-0.209389,-0.166008,-0.288150,-0.003789,-0.306818,0.364583,-0.114189,-0.067303,-0.074354,0.059831,0.103833,0.041088,0.207472,-0.268544,1.068265,-0.026851,0.039915,0.039221,0.090576,-0.293426,0.442905,0.952344,0.254722,0.155180,-0.061822
-0.015009,0.158801,0.774115,-0.010885,0.021007,-0.714525,0.699210,0.051690,0.128504,0.096342,0.820297,-0.213045,-0.165253,-0.295438,-0.004533,-0.308400,0.369812,-0.111596,-0.067858,-0.075497,0.061509,0.102474,0.041680,0.208282,-0.268103,1.067704,-0.027110,0.039946,0.039460,0.094530,-0.293058,0.440785,0.953064,0.254181,0.154813,-0.061849
-0.013977,0.162312,0.773178,-0.011807,0.021634,-0.714191,0.699517,0.068921,0.126192,0.094920,0.780518,-0.227745,-0.163716,-0.302786,-0.004982,-0.310325,0.374991,-0.108815,-0.068601,-0.076513,0.063419,0.101269,0.042121,0.209290,-0.267721,1.067030,-0.027132,0.040010,0.039674,0.098574,-0.292617,0.438464,0.953472,0.254054,0.154329,-0.061816
-0.012965,0.166011,0.772166,-0.012667,0.022287,-0.713889,0.699789,0.085969,0.124374,0.095254,0.740977,-0.247442,-0.160677,-0.310490,-0.005563,-0.312182,0.380099,-0.105694,-0.069326,-0.077673,0.065453,0.100140,0.042255,0.209897,-0.267119,1.066533,-0.027054,0.040012,0.040012,0.102169,-0.292381,0.436510,0.953826,0.254499,0.153810,-0.061752
-0.011839,0.169823,0.771104,-0.013242,0.022870,-0.713674,0.699980,0.101199,0.122707,0.097895,0.704442,-0.266166,-0.155575,-0.318913,-0.006742,-0.313533,0.385270,-0.102157,-0.069813,-0.078511,0.066880,0.099231,0.042179,0.210905,-0.266837,1.065553,-0.027448,0.039961,0.040293,0.105324,-0.292075,0.434451,0.953802,0.255298,0.153335,-0.061492
-0.010661,0.173801,0.770070,-0.013505,0.023475,-0.713587,0.700043,0.114048,0.121407,0.103579,0.672029,-0.283788,-0.147741,-0.328329,-0.008420,-0.314303,0.390545,-0.098143,-0.070028,-0.079452,0.068114,0.098274,0.041775,0.211473,-0.266280,1.064564,-0.028122,0.039789,0.040696,0.107469,-0.291993,0.433174,0.953880,0.257063,0.152844,-0.061104
-0.009358,0.178001,0.769018,-0.013549,0.024097,-0.713589,0.700019,0.125381,0.120317,0.111753,0.642200,-0.303083,-0.137844,-0.338579,-0.010484,-0.314695,0.396064,-0.093828,-0.070057,-0.080252,0.069123,0.097413,0.041120,0.212066,-0.265744,1.063301,-0.029061,0.039555,0.041099,0.109099,-0.292042,0.432125,0.953658,0.259532,0.152338,-0.060538
-0.007944,0.182350,0.768009,-0.013375,0.024543,-0.713618,0.699978,0.135887,0.118587,0.121119,0.613386,-0.322252,-0.127375,-0.349051,-0.013193,-0.314660,0.401323,-0.089024,-0.069868,-0.081133,0.069651,0.096812,0.040218,0.212557,-0.265254,1.062042,-0.030158,0.039241,0.041605,0.110273,-0.292176,0.431203,0.953338,0.262050,0.151928,-0.059956
-0.006453,0.186794,0.767085,-0.012976,0.024618,-0.713603,0.699998,0.146142,0.115428,0.130387,0.584225,-0.339618,-0.117799,-0.359367,-0.016910,-0.314182,0.406346,-0.083853,-0.069435,-0.082202,0.069373,0.096701,0.039099,0.213024,-0.264964,1.060881,-0.031382,0.038848,0.042253,0.111175,-0.292346,0.430105,0.952941,0.263903,0.151733,-0.059479
-0.004888,0.191412,0.766238,-0.012306,0.024283,-0.713551,0.700074,0.156749,0.110579,0.140184,0.553413,-0.355033,-0.109788,-0.369663,-0.021774,-0.313123,0.411296,-0.078368,-0.068687,-0.083574,0.068229,0.097054,0.037767,0.213336,-0.264716,1.059876,-0.032880,0.038281,0.043137,0.111576,-0.292458,0.428854,0.952667,0.264804,0.151864,-0.059088
-0.003340,0.196139,0.765401,-0.011386,0.023646,-0.713487,0.700177,0.167309,0.104438,0.150881,0.521780,-0.369215,-0.102540,-0.380107,-0.027567,-0.311525,0.416188,-0.072551,-0.067659,-0.084953,0.066335,0.097858,0.036146,0.213690,-0.264661,1.058832,-0.034651,0.037586,0.044134,0.111694,-0.292578,0.427202,0.952158,0.265031,0.152253,-0.058662
-0.001708,0.200915,0.764641,-0.010313,0.022726,-0.713372,0.700341,0.177100,0.097235,0.160913,0.490766,-0.381535,-0.095359,-0.390088,-0.033992,-0.309616,0.420165,-0.066018,-0.066491,-0.086541,0.063825,0.098984,0.034278,0.213967,-0.264906,1.058077,-0.036312,0.036914,0.045252,0.111512,-0.292640,0.425676,0.951813,0.265136,0.152647,-0.058455
0.000009,0.205803,0.764040,-0.009178,0.021540,-0.713170,0.700600,0.185393,0.089196,0.168750,0.461932,-0.391443,-0.087615,-0.399003,-0.040765,-0.307626,0.422406,-0.058409,-0.065325,-0.087834,0.060732,0.100484,0.031870,0.214420,-0.266210,1.057821,-0.037625,0.036444,0.046371,0.111758,-0.292623,0.423723,0.951191,0.265318,0.152854,-0.058532
0.001769,0.210763,0.763586,-0.007912,0.019994,-0.712802,0.701035,0.191934,0.079875,0.173648,0.435448,-0.398580,-0.078932,-0.407006,-0.048337,-0.305551,0.423292,-0.049886,-0.064196,-0.089462,0.056834,0.102380,0.028967,0.214863,-0.268279,1.058245,-0.038387,0.036236,0.047667,0.111826,-0.292472,0.422189,0.950979,0.266138,0.152669,-0.059247
0.003443,0.215765,0.763258,-0.006501,0.018123,-0.712306,0.701605,0.197313,0.069228,0.176661,0.410384,-0.403303,-0.069937,-0.414330,-0.056651,-0.303298,0.423038,-0.040539,-0.063041,-0.091008,0.052123,0.104653,0.025464,0.215459,-0.271381,1.059227,-0.038926,0.036210,0.049111,0.111933,-0.292091,0.420444,0.950885,0.267131,0.152249,-0.060392
0.005109,0.220908,0.762993,-0.005126,0.016135,-0.711821,0.702156,0.202031,0.058189,0.178955,0.386665,-0.406234,-0.061344,-0.420568,-0.064713,-0.300984,0.420770,-0.030002,-0.061854,-0.092441,0.047161,0.107044,0.021957,0.216130,-0.274857,1.060412,-0.039175,0.036263,0.050431,0.112058,-0.291454,0.418652,0.950892,0.267854,0.151846,-0.061585
0.006859,0.225981,0.762923,-0.003967,0.014230,-0.711496,0.702535,0.206393,0.047849,0.181617,0.364436,-0.408011,-0.053680,-0.425280,-0.071547,-0.298725,0.415587,-0.017891,-0.060619,-0.093405,0.042462,0.109287,0.018858,0.216918,-0.278455,1.061547,-0.039201,0.036299,0.051378,0.112417,-0.290440,0.416574,0.950843,0.267738,0.151712,-0.062431
0.008482,0.231054,0.762904,-0.003144,0.012407,-0.711318,0.702754,0.210142,0.038778,0.184789,0.344495,-0.408788,-0.046601,-0.428123,-0.077019,-0.296762,0.407301,-0.004133,-0.060033,-0.094057,0.038294,0.111537,0.016136,0.217719,-0.282287,1.062762,-0.038900,0.036269,0.051864,0.113134,-0.289141,0.414035,0.950619,0.266375,0.152052,-0.062858
0.010063,0.236038,0.762971,-0.002537,0.010573,-0.711236,0.702870,0.213007,0.030496,0.187945,0.326869,-0.408345,-0.039759,-0.429444,-0.081652,-0.294956,0.396501,0.011014,-0.059867,-0.094366,0.034325,0.113861,0.013533,0.218576,-0.286580,1.064192,-0.038327,0.036230,0.052046,0.114127,-0.287540,0.411062,0.950313,0.264108,0.152685,-0.063061
0.011520,0.240996,0.763134,-0.001966,0.008803,-0.711337,0.702793,0.215098,0.022610,0.191104,0.310776,-0.406811,-0.033578,-0.429816,-0.085482,-0.292836,0.383471,0.027411,-0.058700,-0.094212,0.030331,0.115913,0.011415,0.219459,-0.290543,1.065432,-0.037529,0.036239,0.051998,0.115094,-0.285692,0.408364,0.950067,0.261739,0.153308,-0.063061
0.012928,0.245919,0.763375,-0.001234,0.007146,-0.711705,0.702441,0.216586,0.014721,0.194254,0.295284,-0.404228,-0.028495,-0.429738,-0.088511,-0.289897,0.368318,0.044988,-0.055101,-0.093561,0.026122,0.117355,0.010165,0.220312,-0.293316,1.066073,-0.036547,0.036343,0.051801,0.115723,-0.283694,0.406714,0.950005,0.260078,0.153622,-0.062883
0.014279,0.250820,0.763641,-0.000273,0.005650,-0.712457,0.701693,0.217242,0.006845,0.197441,0.280449,-0.400425,-0.024807,-0.429681,-0.090515,-0.285604,0.351025,0.064279,-0.050802,-0.092172,0.021592,0.118018,0.009947,0.221079,-0.294471,1.065875,-0.035066,0.036633,0.051331,0.115821,-0.281633,0.406703,0.950265,0.259605,0.153531,-0.062491
0.015589,0.255646,0.763992,0.000814,0.004260,-0.713518,0.700624,0.216901,-0.000692,0.200629,0.266852,-0.395485,-0.022122,-0.429219,-0.091663,-0.280263,0.331541,0.085111,-0.045846,-0.090231,0.016889,0.118142,0.010586,0.221758,-0.294418,1.065065,-0.033145,0.037049,0.050588,0.115587,-0.279520,0.407906,0.950698,0.259850,0.153209,-0.061885
0.016919,0.260404,0.764424,0.001936,0.002896,-0.714659,0.699464,0.215977,-0.007944,0.203626,0.254200,-0.389774,-0.019898,-0.427218,-0.092478,-0.274572,0.309419,0.106487,-0.036231,-0.088342,0.012137,0.118011,0.011915,0.222375,-0.293596,1.063986,-0.031361,0.037427,0.049849,0.115309,-0.277360,0.409507,0.951008,0.260180,0.152767,-0.061157
0.018211,0.265101,0.764873,0.003014,0.001432,-0.715634,0.698467,0.215105,-0.015172,0.206200,0.241940,-0.383522,-0.017604,-0.422503,-0.093484,-0.269182,0.284110,0.127498,-0.017922,-0.087150,0.007380,0.117931,0.013772,0.222979,-0.292474,1.062968,-0.030308,0.037606,0.049387,0.115296,-0.275150,0.410664,0.950877,0.259958,0.152319,-0.060391
0.019505,0.269700,0.765241,0.004245,-0.000375,-0.716301,0.697779,0.214701,-0.023327,0.207954,0.229296,-0.376212,-0.015165,-0.412823,-0.094926,-0.264371,0.250345,0.150776,0.015625,-0.087100,0.002021,0.117899,0.016246,0.223616,-0.291022,1.061819,-0.030395,0.037559,0.049226,0.115636,-0.272854,0.411228,0.950151,0.258734,0.151835,-0.059645
0.020770,0.274204,0.765587,0.005685,-0.002623,-0.716712,0.697341,0.215017,-0.032698,0.208819,0.215798,-0.367410,-0.012764,-0.398843,-0.096952,-0.259599,0.209215,0.176045,0.060528,-0.088001,-0.004298,0.117911,0.019389,0.224319,-0.289110,1.060443,-0.031248,0.037373,0.049220,0.116254,-0.270442,0.411567,0.948946,0.256917,0.151283,-0.058860
0.021906,0.278622,0.766023,0.006992,-0.005056,-0.716995,0.697025,0.216043,-0.042117,0.209300,0.202045,-0.357862,-0.010339,-0.384263,-0.099554,-0.254615,0.170438,0.197868,0.105064,-0.089320,-0.010777,0.118155,0.022968,0.225092,-0.287031,1.059297,-0.032266,0.037056,0.049397,0.117111,-0.267942,0.411665,0.947434,0.255212,0.150762,-0.057952
0.022925,0.282860,0.766580,0.007699,-0.007099,-0.717413,0.696569,0.216906,-0.049505,0.210361,0.189966,-0.349023,-0.007975,-0.373264,-0.101910,-0.249445,0.144198,0.210814,0.137378,-0.090110,-0.015887,0.118668,0.026681,0.225879,-0.285120,1.058874,-0.032869,0.036610,0.049801,0.118173,-0.265438,0.411434,0.945776,0.254295,0.150372,-0.056820
0.023900,0.287061,0.767249,0.007521,-0.008402,-0.718091,0.695858,0.216904,-0.053742,0.212482,0.181029,-0.341766,-0.005706,-0.367814,-0.103429,-0.244199,0.134877,0.212448,0.154029,-0.090007,-0.018676,0.119481,0.030455,0.226600,-0.283436,1.059325,-0.032951,0.035989,0.050489,0.119575,-0.262974,0.410528,0.943711,0.254481,0.150145,-0.055284
0.024829,0.291173,0.768006,0.006719,-0.009181,-0.718954,0.694965,0.216215,-0.055725,0.215374,0.174575,-0.335562,-0.003551,-0.366199,-0.104304,-0.238983,0.137775,0.205594,0.161363,-0.089293,-0.019753,0.120465,0.034370,0.227222,-0.281852,1.060448,-0.032813,0.035200,0.051443,0.121311,-0.260565,0.409044,0.941213,0.255348,0.150031,-0.053437
0.025629,0.295196,0.768874,0.005547,-0.009585,-0.720019,0.693866,0.214792,-0.056116,0.219000,0.170189,-0.330093,-0.001612,-0.367364,-0.104718,-0.233667,0.149971,0.192534,0.162261,-0.087900,-0.019762,0.121408,0.038384,0.227732,-0.280367,1.062181,-0.032454,0.034323,0.052594,0.123092,-0.258254,0.407614,0.938828,0.256535,0.149996,-0.051582
0.026280,0.299091,0.769848,0.004266,-0.009775,-0.721288,0.692554,0.212805,-0.055619,0.223261,0.167014,-0.324869,0.000018,-0.370088,-0.104902,-0.228157,0.168231,0.175708,0.159601,-0.085812,-0.019342,0.122118,0.042460,0.228119,-0.278983,1.064441,-0.031897,0.033435,0.053868,0.124685,-0.256188,0.406874,0.937003,0.257671,0.150020,-0.050011
0.026906,0.303000,0.770910,0.002841,-0.009717,-0.722849,0.690932,0.210423,-0.054144,0.228428,0.164784,-0.319704,0.001275,-0.374864,-0.104851,-0.221815,0.193826,0.153603,0.151413,-0.082768,-0.018496,0.122554,0.046631,0.228384,-0.277744,1.067457,-0.031072,0.032395,0.055494,0.126023,-0.254268,0.406991,0.935921,0.258900,0.150145,-0.048834
0.027425,0.306886,0.772006,0.001234,-0.009488,-0.724619,0.689083,0.207787,-0.051711,0.234284,0.163575,-0.314670,0.002278,-0.381659,-0.104694,-0.214617,0.227076,0.125974,0.137191,-0.079024,-0.017143,0.122890,0.050915,0.228504,-0.276602,1.071165,-0.029979,0.031211,0.057414,0.127348,-0.252606,0.407649,0.935148,0.260371,0.150389,-0.047869
0.027842,0.310595,0.773131,-0.000384,-0.009310,-0.726361,0.687250,0.204962,-0.049073,0.240033,0.163181,-0.309724,0.003195,-0.388640,-0.104885,-0.207540,0.263697,0.096820,0.121939,-0.075304,-0.015888,0.123184,0.055304,0.228560,-0.275403,1.075069,-0.028745,0.030211,0.059148,0.128531,-0.251149,0.408820,0.934770,0.261659,0.150627,-0.047036
0.028256,0.314387,0.774175,-0.001882,-0.009313,-0.727881,0.685638,0.201731,-0.046686,0.245017,0.163801,-0.305033,0.004146,-0.394061,-0.105715,-0.201851,0.299474,0.070138,0.110557,-0.072142,-0.015065,0.123501,0.059750,0.228640,-0.274079,1.078620,-0.027536,0.029715,0.060195,0.129638,-0.250103,0.410332,0.934583,0.262339,0.150757,-0.046208
0.028495,0.318114,0.775186,-0.003245,-0.009498,-0.729152,0.684278,0.197978,-0.044485,0.249089,0.165601,-0.300641,0.005048,-0.397532,-0.107249,-0.198119,0.333558,0.046962,0.104868,-0.069927,-0.014940,0.123692,0.064507,0.228906,-0.272151,1.081735,-0.026258,0.029968,0.060311,0.129887,-0.248805,0.412869,0.935718,0.262289,0.150594,-0.045534
0.028712,0.321800,0.776160,-0.004551,-0.009775,-0.730282,0.683061,0.193733,-0.042163,0.252616,0.168597,-0.296533,0.005860,-0.399962,-0.109423,-0.195717,0.368144,0.025149,0.101992,-0.068122,-0.015180,0.123824,0.069495,0.229366,-0.269989,1.084557,-0.024953,0.030772,0.059768,0.129743,-0.247525,0.416078,0.937592,0.261709,0.150267,-0.044963
0.028870,0.325429,0.777112,-0.005835,-0.010074,-0.731300,0.681956,0.189030,-0.039705,0.255789,0.172643,-0.292751,0.006730,-0.401838,-0.112254,-0.194248,0.404142,0.003817,0.099690,-0.066597,-0.015607,0.123936,0.074615,0.229982,-0.267774,1.087059,-0.023665,0.031706,0.058899,0.129429,-0.246317,0.419385,0.939690,0.260685,0.149931,-0.044427
0.028923,0.329007,0.778061,-0.007084,-0.010391,-0.732228,0.680943,0.183914,-0.037148,0.258766,0.177591,-0.289332,0.007822,-0.403494,-0.115723,-0.193253,0.442160,-0.017811,0.095766,-0.065219,-0.016087,0.124064,0.079795,0.230726,-0.265725,1.089132,-0.022437,0.032421,0.058047,0.129150,-0.245193,0.422172,0.941543,0.259275,0.149734,-0.043862
0.028861,0.332620,0.778981,-0.008320,-0.010694,-0.733040,0.680050,0.178194,-0.034384,0.261563,0.183788,-0.286299,0.009251,-0.405013,-0.119733,-0.192364,0.482487,-0.040170,0.089739,-0.063917,-0.016418,0.124263,0.084833,0.231403,-0.264088,1.090968,-0.021191,0.032760,0.057292,0.129169,-0.244371,0.424159,0.942844,0.257037,0.149721,-0.043217
0.028837,0.336168,0.779860,-0.009538,-0.011000,-0.733732,0.679283,0.171910,-0.031418,0.264085,0.191195,-0.283639,0.010906,-0.406070,-0.124336,-0.191868,0.524489,-0.062682,0.082709,-0.063097,-0.016999,0.124467,0.090261,0.232452,-0.262279,1.092154,-0.019884,0.032966,0.056365,0.128797,-0.243337,0.426136,0.944460,0.254133,0.149747,-0.042612
0.028919,0.339647,0.780701,-0.010725,-0.011340,-0.734351,0.678590,0.165493,-0.028477,0.266320,0.198995,-0.281269,0.012632,-0.406422,-0.129740,-0.192235,0.567494,-0.084590,0.074864,-0.062231,-0.017652,0.124642,0.095573,0.233578,-0.260754,1.093081,-0.018812,0.033178,0.055404,0.128552,-0.242417,0.427573,0.945810,0.251363,0.149894,-0.041983
0.028824,0.343089,0.781425,-0.011839,-0.011775,-0.734950,0.677916,0.159360,-0.025808,0.268268,0.206413,-0.279136,0.014273,-0.405865,-0.136181,-0.193938,0.610951,-0.105187,0.066380,-0.061103,-0.018224,0.124720,0.100442,0.234383,-0.259580,1.094092,-0.018148,0.033532,0.054558,0.128647,-0.241897,0.428340,0.946590,0.249616,0.150223,-0.041330
0.028697,0.346500,0.782052,-0.012944,-0.012321,-0.735524,0.677263,0.153617,-0.023373,0.269834,0.213510,-0.277279,0.015749,-0.404389,-0.144044,-0.197777,0.655674,-0.124415,0.056572,-0.060048,-0.019195,0.124865,0.105589,0.235702,-0.258217,1.094196,-0.018127,0.034208,0.053538,0.128592,-0.241232,0.428793,0.947129,0.249516,0.150808,-0.040655
0.028597,0.349928,0.782574,-0.014040,-0.012948,-0.736053,0.676655,0.148029,-0.021067,0.271053,0.220647,-0.275734,0.017155,-0.401973,-0.153198,-0.203223,0.701585,-0.142654,0.045484,-0.058811,-0.020162,0.125019,0.110423,0.236916,-0.257155,1.094147,-0.018584,0.035054,0.052533,0.128761,-0.240759,0.428544,0.947204,0.250406,0.151632,-0.039939
0.028488,0.353327,0.783018,-0.014996,-0.013627,-0.736568,0.676060,0.142574,-0.019118,0.272149,0.227325,-0.274338,0.018594,-0.398519,-0.163059,-0.208788,0.746905,-0.159842,0.034454,-0.057489,-0.021434,0.124990,0.115397,0.238458,-0.256238,1.093673,-0.019190,0.035903,0.051519,0.128946,-0.240314,0.428082,0.947121,0.251519,0.152425,-0.039257
0.028323,0.356660,0.783389,-0.015692,-0.014318,-0.737104,0.675446,0.137184,-0.017707,0.273358,0.233132,-0.272980,0.020163,-0.394058,-0.172881,-0.213073,0.790019,-0.175920,0.024910,-0.056037,-0.022832,0.124478,0.120303,0.239835,-0.255536,1.093416,-0.019484,0.036528,0.050748,0.129122,-0.240065,0.427683,0.947132,0.252053,0.152947,-0.038714
0.028138,0.359803,0.783639,-0.016102,-0.015000,-0.737688,0.674783,0.131807,-0.016877,0.274753,0.238135,-0.271771,0.022047,-0.388742,-0.182461,-0.216004,0.831270,-0.190767,0.017218,-0.054481,-0.024263,0.123265,0.125048,0.240746,-0.255154,1.093780,-0.019176,0.036827,0.050377,0.129257,-0.240045,0.427494,0.947404,0.251763,0.153116,-0.038381
0.028050,0.362848,0.783802,-0.016284,-0.015697,-0.738303,0.674090,0.126424,-0.016516,0.276231,0.242624,-0.270769,0.024137,-0.382590,-0.192035,-0.218346,0.871426,-0.204461,0.010701,-0.052834,-0.026050,0.121688,0.130181,0.242095,-0.254957,1.093672,-0.018683,0.036977,0.050037,0.129523,-0.240204,0.427418,0.947396,0.251164,0.153089,-0.038112
0.027900,0.366206,0.783914,-0.016267,-0.016409,-0.738916,0.673401,0.121161,-0.016575,0.277772,0.246235,-0.269732,0.026096,-0.375482,-0.201397,-0.220014,0.909506,-0.217175,0.005310,-0.051067,-0.027814,0.119776,0.134961,0.243003,-0.254798,1.093928,-0.018147,0.037008,0.049934,0.129605,-0.240484,0.427227,0.947671,0.250360,0.152895,-0.037964
0.027736,0.369555,0.783937,-0.016090,-0.017126,-0.739497,0.672749,0.115938,-0.016968,0.279358,0.249048,-0.268566,0.027580,-0.367319,-0.210358,-0.220913,0.944519,-0.229088,0.001003,-0.049196,-0.029637,0.117857,0.139566,0.243859,-0.254376,1.093900,-0.017964,0.037050,0.049821,0.129585,-0.240956,0.426845,0.947881,0.249611,0.152623,-0.037822
0.027585,0.372759,0.783924,-0.015714,-0.017870,-0.740040,0.672142,0.110884,-0.017837,0.281119,0.250698,-0.267219,0.028313,-0.358158,-0.218842,-0.220853,0.976554,-0.240106,-0.001810,-0.047224,-0.031559,0.115851,0.143908,0.244509,-0.253568,1.093713,-0.018190,0.037087,0.049628,0.129362,-0.241580,0.426169,0.948193,0.248824,0.152093,-0.037642
0.027470,0.376084,0.783804,-0.015131,-0.018636,-0.740563,0.671559,0.105983,-0.019169,0.283030,0.251309,-0.265755,0.028535,-0.348077,-0.226823,-0.220062,1.006130,-0.250169,-0.003161,-0.045154,-0.033567,0.113684,0.148059,0.244984,-0.252522,1.093415,-0.018666,0.037081,0.049421,0.129005,-0.242398,0.425309,0.948540,0.247948,0.151344,-0.037462
0.027340,0.379406,0.783628,-0.014447,-0.019366,-0.741073,0.670989,0.100946,-0.020654,0.284847,0.251639,-0.264246,0.028693,-0.337008,-0.234224,-0.219051,1.032863,-0.259566,-0.003792,-0.042976,-0.035443,0.111557,0.152012,0.245292,-0.251394,1.092955,-0.019305,0.037064,0.049401,0.128667,-0.243565,0.424407,0.948660,0.247234,0.150745,-0.037367
0.027264,0.382604,0.783525,-0.013739,-0.020026,-0.741577,0.670428,0.095473,-0.021972,0.286316,0.252469,-0.262790,0.029229,-0.324907,-0.241027,-0.218278,1.056410,-0.268548,-0.004471,-0.040630,-0.037076,0.109459,0.155510,0.245307,-0.250428,1.092781,-0.019988,0.037052,0.049913,0.127921,-0.244524,0.423571,0.949333,0.246776,0.150573,-0.037585
0.027140,0.385897,0.783429,-0.013020,-0.020557,-0.742106,0.669841,0.089409,-0.023034,0.287391,0.253986,-0.261482,0.030353,-0.311841,-0.247288,-0.217934,1.076888,-0.277414,-0.005888,-0.038091,-0.038166,0.107614,0.158683,0.244998,-0.249522,1.092431,-0.020930,0.037024,0.051101,0.127257,-0.246085,0.422808,0.949534,0.246734,0.151252,-0.038061
0.027080,0.389285,0.783279,-0.012246,-0.021003,-0.742647,0.669241,0.082971,-0.024026,0.288202,0.255716,-0.260219,0.031795,-0.297848,-0.252988,-0.217772,1.094468,-0.285950,-0.007477,-0.035330,-0.038962,0.105795,0.161423,0.244360,-0.248700,1.092219,-0.022094,0.036969,0.052875,0.126288,-0.247679,0.422016,0.950035,0.246888,0.152438,-0.038825
0.026976,0.392630,0.783147,-0.011442,-0.021431,-0.743137,0.668698,0.076308,-0.024993,0.288761,0.257633,-0.258879,0.033291,-0.282852,-0.258045,-0.217579,1.108891,-0.293648,-0.008138,-0.032575,-0.039669,0.103995,0.163843,0.243529,-0.247965,1.092253,-0.023048,0.036952,0.054760,0.125112,-0.249192,0.421381,0.950844,0.247328,0.153614,-0.039732
0.026735,0.396186,0.782959,-0.010641,-0.021907,-0.743514,0.668277,0.069580,-0.025988,0.289085,0.259668,-0.257321,0.034576,-0.266785,-0.262388,-0.217144,1.119878,-0.300002,-0.006774,-0.030076,-0.040318,0.102244,0.165969,0.242399,-0.247318,1.092737,-0.023327,0.037019,0.056318,0.124046,-0.250923,0.421112,0.951606,0.248228,0.154310,-0.040595
0.026510,0.399528,0.782779,-0.009837,-0.022499,-0.743763,0.667992,0.063140,-0.027198,0.289132,0.261336,-0.255419,0.035571,-0.249369,-0.266253,-0.216501,1.127328,-0.304712,-0.002693,-0.027876,-0.041143,0.100531,0.167918,0.241163,-0.246861,1.093684,-0.022547,0.037284,0.057450,0.122913,-0.252621,0.421383,0.952691,0.249953,0.154255,-0.041475
0.026150,0.403150,0.782582,-0.009024,-0.023152,-0.743918,0.667809,0.056794,-0.028540,0.288913,0.262833,-0.253276,0.036420,-0.230753,-0.269622,-0.215754,1.131429,-0.308124,0.003364,-0.025860,-0.042046,0.098867,0.169672,0.239822,-0.246540,1.094948,-0.021048,0.037691,0.058371,0.121674,-0.254286,0.422068,0.954043,0.252335,0.153757,-0.042422
0.025881,0.406595,0.782442,-0.008195,-0.023772,-0.743984,0.667724,0.049913,-0.029668,0.288512,0.265076,-0.251071,0.037192,-0.211515,-0.272065,-0.214762,1.132376,-0.310722,0.010351,-0.023947,-0.042900,0.097222,0.171156,0.238435,-0.246207,1.096381,-0.019535,0.038064,0.059060,0.120415,-0.255819,0.422815,0.955437,0.254537,0.153110,-0.043315
0.025671,0.410149,0.782419,-0.007352,-0.024256,-0.743969,0.667733,0.041876,-0.030228,0.288007,0.268953,-0.248963,0.037951,-0.192257,-0.273167,-0.213365,1.130401,-0.312995,0.017215,-0.022095,-0.043493,0.095563,0.172233,0.236918,-0.245702,1.097935,-0.018710,0.038219,0.059533,0.119236,-0.257303,0.423312,0.956594,0.255772,0.152629,-0.044035
0.025313,0.413821,0.782362,-0.006499,-0.024554,-0.743872,0.667839,0.032453,-0.030078,0.287506,0.274846,-0.247051,0.038739,-0.173021,-0.272654,-0.211225,1.125298,-0.314955,0.024140,-0.020190,-0.043788,0.093813,0.172825,0.235335,-0.244965,1.099723,-0.018949,0.038049,0.059580,0.118170,-0.258606,0.423494,0.957641,0.255613,0.152324,-0.044583
0.024824,0.417612,0.782286,-0.005624,-0.024737,-0.743688,0.668046,0.022005,-0.029407,0.286924,0.282191,-0.245199,0.039487,-0.153559,-0.270852,-0.208474,1.117074,-0.316409,0.031490,-0.018293,-0.043886,0.091999,0.173004,0.233687,-0.244082,1.101757,-0.019812,0.037668,0.059275,0.117126,-0.259721,0.423522,0.958712,0.254543,0.152048,-0.045018
0.024310,0.421472,0.782195,-0.004747,-0.024839,-0.743421,0.668346,0.010764,-0.028358,0.286052,0.290516,-0.243255,0.040085,-0.134008,-0.268244,-0.205635,1.106212,-0.317495,0.038488,-0.016554,-0.043905,0.090252,0.172951,0.232024,-0.243180,1.103686,-0.020815,0.037241,0.059004,0.116047,-0.260652,0.423347,0.959571,0.253103,0.151867,-0.045311
0.023627,0.425457,0.782050,-0.003886,-0.024895,-0.743072,0.668736,-0.001014,-0.027099,0.284688,0.299311,-0.241034,0.040444,-0.114521,-0.265307,-0.203222,1.093203,-0.318334,0.044378,-0.015018,-0.044225,0.088746,0.173087,0.230916,-0.242456,1.104759,-0.021584,0.036973,0.059015,0.114853,-0.261144,0.422857,0.959995,0.251823,0.151821,-0.045410
0.022840,0.429551,0.781930,-0.003048,-0.024900,-0.742651,0.669208,-0.013553,-0.025551,0.282632,0.308968,-0.238482,0.040409,-0.094989,-0.262067,-0.201341,1.077918,-0.319222,0.048602,-0.013847,-0.044323,0.087433,0.172950,0.229242,-0.241729,1.105679,-0.021549,0.036874,0.059896,0.113673,-0.261730,0.422018,0.959727,0.250600,0.151994,-0.045242
0.022204,0.433693,0.781877,-0.002214,-0.024851,-0.742154,0.669764,-0.026771,-0.023714,0.280025,0.319313,-0.235606,0.040054,-0.075401,-0.258306,-0.199671,1.060206,-0.320003,0.051693,-0.012835,-0.044550,0.086323,0.172869,0.227880,-0.241081,1.105948,-0.021251,0.036904,0.061135,0.112546,-0.262057,0.420818,0.958869,0.249245,0.152315,-0.044816
0.021482,0.437989,0.781804,-0.001403,-0.024739,-0.741563,0.670425,-0.040367,-0.021749,0.277183,0.329896,-0.232636,0.039671,-0.056060,-0.254100,-0.198112,1.040529,-0.320115,0.054556,-0.012113,-0.044862,0.085398,0.172809,0.226855,-0.240581,1.105702,-0.021140,0.036928,0.062255,0.111268,-0.262175,0.419556,0.957746,0.248186,0.152742,-0.044336
0.020580,0.442352,0.781616,-0.000613,-0.024579,-0.740861,0.671209,-0.053986,-0.019825,0.274430,0.340143,-0.229809,0.039580,-0.037261,-0.249528,-0.196569,1.019342,-0.318993,0.058095,-0.011784,-0.045066,0.084596,0.172509,0.225843,-0.240343,1.105399,-0.021600,0.036792,0.062895,0.109594,-0.262208,0.418450,0.956791,0.247813,0.153229,-0.044025
0.019751,0.446790,0.781339,0.000102,-0.024350,-0.740010,0.672155,-0.067614,-0.017930,0.271782,0.350202,-0.227373,0.040042,-0.018863,-0.244529,-0.195108,0.996600,-0.316676,0.062637,-0.012048,-0.045060,0.083935,0.171992,0.224808,-0.240405,1.105012,-0.022913,0.036460,0.062800,0.107412,-0.262186,0.417622,0.956060,0.248484,0.154092,-0.043874
0.018879,0.451384,0.781040,0.000773,-0.024066,-0.739029,0.673243,-0.081422,-0.016006,0.269097,0.360294,-0.225163,0.040876,-0.000762,-0.239065,-0.193721,0.972078,-0.313420,0.067699,-0.012822,-0.045008,0.083469,0.171496,0.224051,-0.240653,1.104155,-0.024845,0.036024,0.062151,0.104930,-0.262112,0.416988,0.955191,0.249954,0.155255,-0.043766
0.017994,0.456106,0.780679,0.001466,-0.023734,-0.737990,0.674392,-0.095313,-0.014152,0.266460,0.369912,-0.222745,0.041734,0.016657,-0.233251,-0.192200,0.946033,-0.308915,0.072936,-0.013749,-0.044980,0.083124,0.170834,0.223405,-0.241056,1.103138,-0.026926,0.035499,0.061379,0.102276,-0.261986,0.416422,0.954259,0.251656,0.156080,-0.043806
0.017125,0.460870,0.780211,0.002260,-0.023376,-0.736964,0.675524,-0.109142,-0.012457,0.263951,0.378476,-0.219643,0.042230,0.033041,-0.227210,-0.190347,0.918657,-0.302915,0.077993,-0.014468,-0.045042,0.082805,0.169762,0.222653,-0.241601,1.102373,-0.028692,0.034885,0.060939,0.099554,-0.261765,0.415796,0.953413,0.253006,0.155916,-0.044114
0.016194,0.465767,0.779703,0.003183,-0.023029,-0.735884,0.676708,-0.122858,-0.011060,0.261423,0.385841,-0.215855,0.042196,0.048297,-0.220921,-0.187959,0.890281,-0.293914,0.082348,-0.015222,-0.045412,0.082566,0.168625,0.222204,-0.242263,1.101297,-0.030032,0.034229,0.060670,0.097108,-0.261576,0.415286,0.952237,0.254046,0.153995,-0.044827
0.015178,0.470850,0.779160,0.004191,-0.022674,-0.734742,0.677955,-0.136475,-0.009863,0.258879,0.392191,-0.211521,0.041818,0.062626,-0.214329,-0.185163,0.860734,-0.282562,0.086329,-0.016061,-0.045928,0.082415,0.167288,0.221876,-0.243103,1.100090,-0.031167,0.033502,0.060476,0.094749,-0.261389,0.414825,0.950885,0.254978,0.150856,-0.045856
0.014119,0.476005,0.778720,0.005245,-0.022239,-0.733687,0.679104,-0.150261,-0.008508,0.256624,0.398074,-0.206739,0.041216,0.076101,-0.207514,-0.182276,0.829478,-0.271867,0.090843,-0.016331,-0.046340,0.082306,0.165319,0.221286,-0.244211,1.099458,-0.032307,0.032652,0.060657,0.092066,-0.260974,0.414038,0.949824,0.255626,0.147845,-0.046895
0.013145,0.481289,0.778210,0.006331,-0.021672,-0.732870,0.679994,-0.164459,-0.006670,0.254964,0.403975,-0.201560,0.040535,0.088804,-0.200576,-0.179634,0.795911,-0.264790,0.096796,-0.016151,-0.046678,0.082462,0.163427,0.220765,-0.244586,1.098668,-0.033531,0.031683,0.061070,0.088598,-0.260595,0.413488,0.948819,0.256217,0.146383,-0.047518
0.012055,0.486821,0.777706,0.007488,-0.020939,-0.732375,0.680538,-0.179177,-0.004261,0.254176,0.410004,-0.196082,0.039769,0.101081,-0.193400,-0.176961,0.758130,-0.261599,0.105821,-0.015195,-0.046927,0.082771,0.161497,0.220189,-0.244227,1.097943,-0.034814,0.030417,0.061989,0.084221,-0.260211,0.413042,0.947873,0.256744,0.147284,-0.047495
0.010908,0.492427,0.777154,0.008723,-0.020086,-0.732109,0.680835,-0.194346,-0.001418,0.254022,0.416084,-0.190351,0.038857,0.112879,-0.185999,-0.174253,0.716811,-0.260776,0.116963,-0.013814,-0.047066,0.083120,0.159319,0.219215,-0.243177,1.097627,-0.035946,0.028891,0.063433,0.078812,-0.259633,0.412808,0.947475,0.257127,0.149623,-0.047151
0.009720,0.498301,0.776525,0.009942,-0.019147,-0.731956,0.681010,-0.209627,0.001722,0.254029,0.421692,-0.183943,0.037885,0.123761,-0.178656,-0.172288,0.675005,-0.262456,0.127252,-0.012144,-0.047086,0.083839,0.157080,0.218372,-0.241865,1.097116,-0.037288,0.027474,0.064810,0.073118,-0.259182,0.412670,0.946922,0.257420,0.152289,-0.046732
0.008464,0.504354,0.775934,0.011049,-0.018161,-0.731799,0.681189,-0.224847,0.005075,0.253723,0.426674,-0.176642,0.036941,0.133142,-0.171640,-0.171815,0.636070,-0.266969,0.133706,-0.010696,-0.046774,0.084962,0.154489,0.217155,-0.240224,1.096904,-0.038763,0.026451,0.065910,0.066802,-0.258564,0.412817,0.947127,0.257450,0.154055,-0.046717
0.007162,0.510508,0.775409,0.012054,-0.017147,-0.731620,0.681391,-0.240305,0.008605,0.252995,0.431611,-0.168585,0.036159,0.140866,-0.165099,-0.173069,0.600507,-0.275763,0.135016,-0.009363,-0.046185,0.086551,0.151633,0.215774,-0.238357,1.096793,-0.040715,0.025962,0.066487,0.060190,-0.257860,0.413128,0.947852,0.257130,0.154620,-0.047237
0.005961,0.516733,0.774834,0.013001,-0.016086,-0.731476,0.681553,-0.256009,0.012354,0.252085,0.436428,-0.159850,0.035474,0.147151,-0.158866,-0.175600,0.566780,-0.288289,0.132888,-0.007960,-0.045401,0.088559,0.148583,0.214357,-0.236236,1.096680,-0.043033,0.025832,0.066731,0.053251,-0.257118,0.413568,0.948886,0.256537,0.154623,-0.048041
0.004576,0.523348,0.774308,0.013826,-0.014933,-0.731368,0.681679,-0.271247,0.016326,0.251037,0.439761,-0.150001,0.034658,0.151944,-0.152685,-0.179125,0.535189,-0.301843,0.128927,-0.006496,-0.044332,0.091015,0.145256,0.212964,-0.234152,1.096550,-0.045354,0.025931,0.066854,0.045980,-0.256386,0.414101,0.949999,0.255896,0.154328,-0.048878
0.003242,0.530133,0.773834,0.014478,-0.013659,-0.731296,0.681769,-0.285343,0.020543,0.249891,0.440327,-0.138630,0.033471,0.155222,-0.146282,-0.183418,0.506004,-0.313722,0.124826,-0.004986,-0.042867,0.093939,0.141534,0.211576,-0.232390,1.096448,-0.047292,0.026121,0.067087,0.038351,-0.255686,0.414709,0.951006,0.255425,0.153996,-0.049507
0.001945,0.537002,0.773427,0.014895,-0.012237,-0.731267,0.681819,-0.298402,0.025203,0.248567,0.438297,-0.125879,0.031932,0.156784,-0.139609,-0.188992,0.479721,-0.323869,0.120892,-0.003286,-0.040913,0.097703,0.137287,0.210386,-0.231103,1.096047,-0.048914,0.026505,0.067455,0.030456,-0.255139,0.415061,0.951428,0.255196,0.153714,-0.049780
0.000514,0.544183,0.773146,0.015124,-0.010691,-0.731277,0.681829,-0.310690,0.030241,0.247050,0.434195,-0.111889,0.030129,0.156757,-0.132729,-0.195812,0.455910,-0.333489,0.116375,-0.001522,-0.038492,0.102103,0.132514,0.209103,-0.230025,1.095658,-0.050296,0.027089,0.067926,0.022100,-0.254599,0.415369,0.951781,0.255064,0.153319,-0.049900
-0.001018,0.551497,0.773068,0.015288,-0.009072,-0.731319,0.681803,-0.321793,0.035282,0.245496,0.427287,-0.096274,0.027924,0.155493,-0.125622,-0.202851,0.433716,-0.341753,0.111396,0.000287,-0.035908,0.106565,0.127642,0.207887,-0.229227,1.095411,-0.051372,0.027674,0.068336,0.013648,-0.254149,0.415989,0.952110,0.255029,0.152789,-0.049944
-0.002629,0.558775,0.773096,0.015502,-0.007423,-0.731384,0.681749,-0.331280,0.039944,0.244064,0.416811,-0.078636,0.025185,0.153374,-0.118276,-0.209089,0.412262,-0.347848,0.106033,0.002216,-0.033533,0.110600,0.123159,0.207122,-0.228875,1.095233,-0.052150,0.028078,0.068435,0.005664,-0.253911,0.417152,0.952177,0.255095,0.152118,-0.049936
-0.004252,0.566113,0.773270,0.015833,-0.005709,-0.731513,0.681620,-0.339266,0.044293,0.243194,0.402563,-0.058354,0.022621,0.149907,-0.110717,-0.214393,0.391908,-0.351286,0.099923,0.003820,-0.031172,0.113835,0.118816,0.205901,-0.228551,1.096048,-0.051997,0.028118,0.068469,-0.002911,-0.253578,0.419851,0.953374,0.255564,0.151006,-0.050090
-0.005779,0.573343,0.773583,0.016214,-0.003925,-0.731692,0.681431,-0.345932,0.048498,0.242650,0.385017,-0.035846,0.020059,0.145075,-0.102964,-0.219316,0.372995,-0.352642,0.093152,0.005535,-0.028880,0.116776,0.114580,0.204896,-0.228681,1.097141,-0.051331,0.027983,0.068291,-0.011428,-0.253381,0.423247,0.954601,0.256319,0.149606,-0.050195
-0.007368,0.580559,0.773911,0.016532,-0.002156,-0.731837,0.681276,-0.350887,0.052336,0.241551,0.364337,-0.012237,0.016045,0.139995,-0.095017,-0.223826,0.354561,-0.352650,0.086418,0.007169,-0.026634,0.119460,0.110683,0.204105,-0.228935,1.098251,-0.050676,0.027792,0.067957,-0.019440,-0.253268,0.426743,0.955536,0.256772,0.148342,-0.050274
-0.008981,0.587733,0.774223,0.016665,-0.000485,-0.731870,0.681240,-0.353672,0.055590,0.238980,0.340562,0.011398,0.009115,0.135800,-0.086898,-0.227823,0.335596,-0.351984,0.080378,0.008304,-0.024278,0.121822,0.107397,0.203185,-0.228735,1.099201,-0.050439,0.027720,0.067627,-0.026792,-0.253133,0.430060,0.956261,0.256368,0.147621,-0.050433
-0.010524,0.594824,0.774509,0.016612,0.001063,-0.731787,0.681330,-0.353296,0.057878,0.234705,0.310778,0.037433,-0.001415,0.132452,-0.078789,-0.231065,0.316222,-0.350808,0.075250,0.009076,-0.021875,0.123867,0.104677,0.202154,-0.228097,1.100086,-0.050809,0.027812,0.067354,-0.033365,-0.252953,0.432961,0.956704,0.254340,0.147685,-0.050757
-0.012057,0.602008,0.774718,0.016371,0.002559,-0.731645,0.681485,-0.350081,0.059589,0.229041,0.275632,0.065648,-0.014688,0.129586,-0.070574,-0.233589,0.296610,-0.348682,0.070558,0.009688,-0.019357,0.125651,0.102408,0.201139,-0.227303,1.100965,-0.051554,0.027990,0.067064,-0.039285,-0.252754,0.435645,0.956914,0.251179,0.148273,-0.051175
-0.013492,0.608864,0.774821,0.015816,0.004061,-0.731461,0.681688,-0.345486,0.061631,0.222017,0.240417,0.091122,-0.029839,0.127611,-0.061874,-0.235652,0.276318,-0.345416,0.065923,0.009950,-0.016334,0.127186,0.100571,0.199866,-0.226250,1.101890,-0.052390,0.028163,0.066751,-0.044723,-0.252530,0.438310,0.957170,0.248120,0.149024,-0.051536
-0.015098,0.615574,0.774595,0.014872,0.005598,-0.731248,0.681926,-0.340966,0.064716,0.213922,0.210295,0.108997,-0.045957,0.127023,-0.052353,-0.237557,0.254674,-0.340788,0.061037,0.010190,-0.012745,0.128649,0.099141,0.198758,-0.225450,1.102505,-0.053325,0.028297,0.066224,-0.049190,-0.252466,0.440471,0.956904,0.246327,0.149631,-0.051536
-0.016572,0.622059,0.774303,0.013318,0.007248,-0.731029,0.682178,-0.335330,0.068802,0.203429,0.182416,0.118966,-0.066382,0.128861,-0.041168,-0.239247,0.230094,-0.334780,0.055469,0.010505,-0.008218,0.130140,0.098331,0.197948,-0.224757,1.102474,-0.054567,0.028468,0.065100,-0.052443,-0.252645,0.442100,0.955680,0.246238,0.150060,-0.050898
-0.018063,0.628535,0.773927,0.011273,0.008947,-0.730817,0.682422,-0.327919,0.073626,0.191358,0.154632,0.123636,-0.090288,0.132677,-0.028770,-0.240469,0.203186,-0.327371,0.049512,0.010984,-0.003077,0.131615,0.098119,0.197497,-0.224195,1.101899,-0.056141,0.028694,0.063524,-0.054612,-0.252935,0.443171,0.953698,0.247139,0.150464,-0.049804
-0.019358,0.635045,0.773804,0.009340,0.010429,-0.730537,0.682729,-0.321861,0.078987,0.181231,0.134547,0.122074,-0.110522,0.136494,-0.017124,-0.241499,0.176855,-0.318577,0.044091,0.011060,0.001642,0.132842,0.098238,0.197050,-0.223767,1.101255,-0.057514,0.028781,0.062195,-0.056178,-0.253414,0.444086,0.951623,0.248711,0.150829,-0.048766
-0.020541,0.641243,0.774011,0.008138,0.011447,-0.730062,0.683237,-0.321434,0.084511,0.176002,0.131959,0.112359,-0.120073,0.137817,-0.008286,-0.242892,0.155091,-0.308869,0.040174,0.010470,0.004720,0.133587,0.098278,0.196691,-0.224004,1.100950,-0.058345,0.028568,0.061754,-0.057358,-0.253930,0.444640,0.949952,0.250463,0.151116,-0.048236
-0.021720,0.647401,0.774466,0.007900,0.012068,-0.729282,0.684062,-0.330080,0.090462,0.176362,0.153993,0.089818,-0.114071,0.135514,-0.002594,-0.244996,0.139190,-0.297631,0.038388,0.008764,0.005798,0.133670,0.098144,0.196539,-0.224793,1.100873,-0.058636,0.027847,0.062522,-0.058636,-0.254241,0.444762,0.948804,0.252791,0.151330,-0.048300
-0.022943,0.653480,0.775188,0.008143,0.012511,-0.728286,0.685110,-0.344461,0.097173,0.180076,0.193269,0.057216,-0.097419,0.129212,0.001010,-0.247557,0.131101,-0.287056,0.038068,0.006652,0.006122,0.133218,0.097697,0.196355,-0.226666,1.101176,-0.058801,0.026750,0.064233,-0.059143,-0.254904,0.444182,0.947346,0.255856,0.151524,-0.048714
-0.024028,0.659520,0.776067,0.008386,0.012744,-0.727254,0.686199,-0.359551,0.104550,0.185580,0.239870,0.022690,-0.077799,0.120286,0.003275,-0.250263,0.129848,-0.278775,0.038205,0.004455,0.006214,0.132650,0.097426,0.196252,-0.229111,1.101833,-0.058368,0.025656,0.066277,-0.058918,-0.255616,0.443264,0.946542,0.258423,0.151582,-0.049452
-0.024927,0.665369,0.777023,0.008334,0.012610,-0.726314,0.687197,-0.371214,0.112059,0.191894,0.285592,-0.006246,-0.062729,0.112623,0.005051,-0.252918,0.128754,-0.271422,0.037889,0.002339,0.006285,0.132156,0.097739,0.196131,-0.231864,1.103072,-0.057044,0.024921,0.068191,-0.057944,-0.256122,0.442639,0.947384,0.259486,0.151380,-0.050609
-0.025706,0.670954,0.778075,0.007999,0.011965,-0.725494,0.688078,-0.378351,0.119870,0.200805,0.329561,-0.027344,-0.054053,0.106425,0.005902,-0.255570,0.127868,-0.265445,0.036867,0.000793,0.006352,0.131713,0.098288,0.195739,-0.235629,1.105731,-0.054362,0.024734,0.069973,-0.055610,-0.256803,0.442042,0.950085,0.258401,0.150706,-0.052485
-0.026478,0.676241,0.778984,0.007474,0.010924,-0.724747,0.688888,-0.383009,0.128432,0.212334,0.375785,-0.044660,-0.047690,0.101251,0.005968,-0.258215,0.127281,-0.259800,0.035604,-0.001105,0.006164,0.131280,0.099620,0.195315,-0.239317,1.108987,-0.050350,0.024886,0.071720,-0.052934,-0.257172,0.442162,0.954857,0.255970,0.149639,-0.055037
-0.027159,0.681557,0.779929,0.006786,0.009609,-0.724021,0.689677,-0.385885,0.136894,0.223322,0.423081,-0.060109,-0.042211,0.096968,0.005654,-0.260756,0.126707,-0.254183,0.034418,-0.002340,0.006230,0.130791,0.100582,0.194361,-0.244251,1.113073,-0.046486,0.025045,0.073817,-0.048991,-0.257840,0.441376,0.959825,0.252802,0.148719,-0.057511
-0.027740,0.686701,0.780840,0.005977,0.008134,-0.723253,0.690510,-0.387877,0.144213,0.230554,0.470421,-0.075684,-0.036277,0.093302,0.005294,-0.263132,0.126155,-0.248456,0.033628,-0.003911,0.006152,0.130465,0.102056,0.193549,-0.248904,1.116115,-0.043585,0.024958,0.075993,-0.044636,-0.258353,0.440281,0.964196,0.249884,0.148390,-0.059234
-0.028245,0.691711,0.781640,0.005094,0.006287,-0.722387,0.691442,-0.389010,0.149663,0.233462,0.518117,-0.091706,-0.029389,0.090583,0.004481,-0.265402,0.125562,-0.242216,0.033918,-0.005582,0.005620,0.130380,0.103820,0.192851,-0.254554,1.118372,-0.042299,0.024366,0.079127,-0.039464,-0.258697,0.438129,0.967809,0.246815,0.149027,-0.060026
-0.028898,0.696806,0.782305,0.004141,0.004069,-0.721452,0.692441,-0.389006,0.153694,0.233709,0.566570,-0.107194,-0.022345,0.088780,0.003096,-0.267605,0.125000,-0.235690,0.034944,-0.007212,0.004652,0.130439,0.105865,0.192257,-0.261150,1.120250,-0.041999,0.023483,0.082937,-0.033422,-0.258873,0.435079,0.971168,0.243303,0.150288,-0.060237
-0.029407,0.701829,0.782935,0.003110,0.001914,-0.720506,0.693439,-0.388525,0.156969,0.231397,0.615221,-0.122251,-0.015816,0.087088,0.001897,-0.269652,0.124507,-0.229557,0.035465,-0.008483,0.003866,0.130353,0.107894,0.191765,-0.267290,1.121584,-0.042100,0.022712,0.085872,-0.026659,-0.259040,0.431420,0.973808,0.240205,0.151579,-0.059961
-0.029700,0.706645,0.783522,0.002010,0.000242,-0.719610,0.694375,-0.388251,0.160164,0.226630,0.663593,-0.137020,-0.010474,0.084720,0.001633,-0.271510,0.124070,-0.224499,0.034273,-0.010210,0.003686,0.129911,0.110551,0.191572,-0.270149,1.121331,-0.041691,0.022477,0.086162,-0.020156,-0.259203,0.428903,0.975727,0.238790,0.152283,-0.059376
-0.030133,0.711383,0.783994,0.000786,-0.000717,-0.718769,0.695248,-0.388894,0.163239,0.218206,0.712363,-0.151978,-0.006927,0.081315,0.002745,-0.273086,0.123795,-0.221189,0.029796,-0.011184,0.004655,0.128877,0.112936,0.191489,-0.270108,1.119805,-0.040902,0.023092,0.082572,-0.012869,-0.259605,0.426080,0.975961,0.239399,0.152125,-0.058198
-0.030493,0.716279,0.784397,-0.000518,-0.001241,-0.717948,0.696096,-0.390059,0.165760,0.206530,0.761778,-0.167027,-0.004749,0.077316,0.004705,-0.274479,0.123642,-0.219112,0.023111,-0.012000,0.006424,0.127600,0.115507,0.191537,-0.267538,1.116762,-0.039863,0.024262,0.076120,-0.004665,-0.260673,0.423292,0.974278,0.241610,0.151544,-0.056363
-0.030908,0.721121,0.784725,-0.001810,-0.001600,-0.717149,0.696916,-0.390768,0.167935,0.194066,0.810763,-0.181479,-0.003030,0.073113,0.006853,-0.275929,0.123494,-0.217077,0.016955,-0.013094,0.008423,0.126191,0.118190,0.191740,-0.263829,1.113155,-0.038806,0.025479,0.069174,0.003623,-0.262042,0.421252,0.971992,0.244437,0.150910,-0.054412
-0.031163,0.725774,0.784946,-0.003015,-0.002054,-0.716373,0.697708,-0.390013,0.170047,0.183264,0.858166,-0.194586,-0.000810,0.069083,0.008525,-0.277664,0.123233,-0.213861,0.014066,-0.014340,0.010154,0.124859,0.120493,0.192145,-0.260950,1.110152,-0.038063,0.026245,0.064115,0.011762,-0.263559,0.419857,0.969819,0.246648,0.150630,-0.052770
-0.031376,0.730448,0.784993,-0.004053,-0.002716,-0.715617,0.698476,-0.387837,0.172028,0.174615,0.904524,-0.206005,0.002380,0.065333,0.009355,-0.279780,0.122779,-0.208817,0.016319,-0.015700,0.011328,0.123701,0.122279,0.192847,-0.259186,1.107785,-0.037851,0.026369,0.061459,0.019683,-0.265209,0.419186,0.967621,0.248036,0.150807,-0.051464
-0.031612,0.735154,0.785012,-0.004978,-0.003440,-0.714877,0.699224,-0.384669,0.173788,0.166892,0.950240,-0.216205,0.005968,0.061652,0.009751,-0.282103,0.122219,-0.202705,0.021867,-0.017098,0.012215,0.122589,0.123734,0.193869,-0.257751,1.105574,-0.038007,0.026146,0.059978,0.027583,-0.266998,0.419069,0.965117,0.249152,0.151221,-0.050282
-0.031853,0.739639,0.784998,-0.005928,-0.004095,-0.714158,0.699947,-0.380096,0.175664,0.159923,0.994012,-0.225657,0.009385,0.057975,0.010223,-0.284475,0.121682,-0.196429,0.027871,-0.018529,0.013177,0.121402,0.125018,0.195117,-0.256788,1.103770,-0.038246,0.025823,0.059425,0.035506,-0.268831,0.419252,0.962877,0.249948,0.151783,-0.049320
-0.032038,0.744177,0.784974,-0.007025,-0.004570,-0.713468,0.700638,-0.373667,0.177993,0.153532,1.034414,-0.234838,0.012057,0.054251,0.011293,-0.286770,0.121269,-0.190867,0.031493,-0.019967,0.014609,0.120003,0.126187,0.196436,-0.256472,1.102807,-0.038283,0.025577,0.059580,0.043471,-0.270558,0.419448,0.961544,0.250359,0.152400,-0.048679
-0.032306,0.748448,0.784995,-0.008363,-0.004783,-0.712825,0.701276,-0.365018,0.181321,0.148136,1.071306,-0.244578,0.014140,0.050528,0.013213,-0.289018,0.121023,-0.186502,0.031758,-0.021380,0.016749,0.118270,0.127161,0.197760,-0.257257,1.103062,-0.038089,0.025422,0.060951,0.051469,-0.272071,0.419618,0.961525,0.250401,0.152955,-0.048477
-0.032499,0.752804,0.784911,-0.009841,-0.004825,-0.712222,0.701868,-0.354467,0.185357,0.143685,1.105406,-0.254407,0.015855,0.046811,0.015673,-0.291285,0.120875,-0.182766,0.030253,-0.022774,0.019345,0.116267,0.127868,0.199112,-0.258923,1.104357,-0.037786,0.025259,0.063507,0.059400,-0.273376,0.419875,0.962582,0.250053,0.153514,-0.048654
-0.032597,0.757170,0.784818,-0.011377,-0.004764,-0.711629,0.702447,-0.342619,0.189169,0.139327,1.136632,-0.262805,0.016675,0.043004,0.018352,-0.293529,0.120782,-0.179014,0.027985,-0.024214,0.022098,0.114122,0.128406,0.200428,-0.260591,1.106211,-0.037290,0.025164,0.066224,0.067106,-0.274452,0.420239,0.964426,0.249229,0.154243,-0.049055
-0.032603,0.761503,0.784682,-0.012874,-0.004682,-0.711014,0.703044,-0.330087,0.191772,0.134241,1.164883,-0.268242,0.016042,0.038985,0.020921,-0.295706,0.120732,-0.174600,0.025961,-0.025743,0.024696,0.112006,0.128986,0.201757,-0.261416,1.107896,-0.036561,0.025283,0.068030,0.074567,-0.275409,0.420685,0.966535,0.247867,0.155331,-0.049490
-0.032625,0.765783,0.784574,-0.014350,-0.004567,-0.710378,0.703659,-0.316913,0.193121,0.128374,1.190534,-0.271279,0.014593,0.034748,0.023473,-0.297780,0.120710,-0.169256,0.024358,-0.027384,0.027240,0.109889,0.129620,0.202951,-0.260952,1.109573,-0.035336,0.025646,0.068645,0.081657,-0.276217,0.421459,0.969181,0.245628,0.157087,-0.050025
-0.032714,0.770080,0.784453,-0.015854,-0.004379,-0.709734,0.704277,-0.302814,0.193583,0.122176,1.213520,-0.272410,0.012299,0.030350,0.026125,-0.299785,0.120721,-0.163349,0.022664,-0.029142,0.029872,0.107687,0.130177,0.203936,-0.259690,1.111583,-0.033694,0.026182,0.068668,0.088379,-0.276858,0.422524,0.972573,0.242654,0.159322,-0.050732
-0.032819,0.774386,0.784246,-0.017287,-0.004187,-0.709072,0.704912,-0.287933,0.192755,0.115574,1.233107,-0.270003,0.007571,0.025763,0.028574,-0.301772,0.120797,-0.157216,0.020870,-0.031026,0.032376,0.105408,0.130435,0.204658,-0.258190,1.113888,-0.032027,0.026800,0.068440,0.094734,-0.277257,0.423427,0.976421,0.239559,0.161450,-0.051483
-0.032925,0.778704,0.784050,-0.018543,-0.004068,-0.708379,0.705577,-0.272453,0.190226,0.108425,1.248568,-0.262460,-0.001202,0.020969,0.030528,-0.303787,0.120936,-0.151152,0.018969,-0.033379,0.034332,0.103303,0.130957,0.205775,-0.256584,1.115310,-0.030801,0.027470,0.067976,0.100940,-0.277688,0.424141,0.979690,0.237197,0.162944,-0.052028
-0.032927,0.783130,0.783839,-0.019561,-0.004019,-0.707651,0.706280,-0.256565,0.185397,0.100298,1.259809,-0.248142,-0.014979,0.015849,0.031796,-0.305786,0.121187,-0.145271,0.016848,-0.035926,0.035707,0.101150,0.131141,0.206850,-0.255272,1.116514,-0.030183,0.028307,0.067347,0.106856,-0.277862,0.424371,0.982971,0.235533,0.163457,-0.052463
-0.032899,0.787487,0.783641,-0.020379,-0.004028,-0.706894,0.707014,-0.240147,0.178424,0.091194,1.267212,-0.228449,-0.032931,0.010443,0.032549,-0.307761,0.121522,-0.139364,0.014566,-0.038726,0.036484,0.099046,0.131422,0.208314,-0.253878,1.117068,-0.029981,0.029330,0.066295,0.112543,-0.277833,0.424407,0.986130,0.234318,0.163367,-0.052789
-0.032981,0.791883,0.783464,-0.021125,-0.004083,-0.706118,0.707767,-0.222895,0.170035,0.081625,1.270818,-0.206380,-0.053916,0.004944,0.032974,-0.309799,0.121893,-0.133437,0.012388,-0.041680,0.036813,0.097058,0.131761,0.210168,-0.252681,1.117219,-0.030025,0.030213,0.065267,0.118117,-0.277502,0.423824,0.988924,0.233364,0.163065,-0.052964
-0.032954,0.796379,0.783281,-0.021899,-0.004204,-0.705329,0.708529,-0.204529,0.161133,0.072164,1.270674,-0.184866,-0.076645,-0.000423,0.033307,-0.311995,0.122203,-0.127476,0.010553,-0.044718,0.037049,0.095242,0.131950,0.212077,-0.251923,1.117478,-0.030056,0.030609,0.064791,0.123720,-0.276927,0.422223,0.991075,0.232514,0.162954,-0.052949
-0.032983,0.800832,0.783074,-0.022739,-0.004452,-0.704488,0.709337,-0.184735,0.151558,0.062627,1.266506,-0.162545,-0.102161,-0.005420,0.033436,-0.314506,0.122395,-0.121577,0.009468,-0.047988,0.037074,0.093744,0.131982,0.214113,-0.251841,1.117897,-0.030067,0.030279,0.065033,0.129523,-0.276109,0.419161,0.992341,0.231609,0.163136,-0.052702
-0.032876,0.805390,0.782830,-0.023578,-0.004810,-0.703605,0.710184,-0.163753,0.140889,0.052562,1.258435,-0.138707,-0.130741,-0.010231,0.033301,-0.317234,0.122553,-0.115727,0.008873,-0.051437,0.036819,0.092477,0.131868,0.216312,-0.252306,1.118329,-0.030177,0.029452,0.065731,0.135442,-0.275044,0.414922,0.992914,0.230772,0.163394,-0.052255
-0.032700,0.809904,0.782561,-0.024423,-0.005114,-0.702760,0.710990,-0.142139,0.129999,0.042408,1.247058,-0.117085,-0.159659,-0.017339,0.032500,-0.319957,0.127449,-0.112217,0.008034,-0.054752,0.036597,0.091250,0.131676,0.218603,-0.252903,1.118613,-0.030343,0.028498,0.066655,0.141282,-0.273829,0.410242,0.992975,0.230268,0.163689,-0.051643
-0.032462,0.814447,0.782262,-0.025304,-0.005175,-0.702038,0.711671,-0.120461,0.120018,0.032869,1.232964,-0.101286,-0.185943,-0.025664,0.031857,-0.322354,0.133919,-0.109172,0.006160,-0.057650,0.036777,0.089877,0.131468,0.220842,-0.253192,1.118600,-0.030521,0.027783,0.067582,0.146887,-0.272614,0.405889,0.992633,0.230382,0.163984,-0.050902
-0.032215,0.819056,0.781845,-0.026243,-0.004987,-0.701461,0.712207,-0.098406,0.111347,0.024248,1.216019,-0.093257,-0.209591,-0.035094,0.031498,-0.324342,0.141805,-0.106563,0.003132,-0.060128,0.037509,0.088370,0.131272,0.222917,-0.253071,1.118294,-0.030411,0.027388,0.068607,0.152328,-0.271519,0.401671,0.991745,0.231330,0.164405,-0.049978
-0.031892,0.823803,0.781366,-0.027232,-0.004618,-0.700989,0.712637,-0.075858,0.103797,0.016408,1.195979,-0.090604,-0.231473,-0.045208,0.031358,-0.326077,0.150451,-0.104122,-0.000692,-0.062346,0.038673,0.086820,0.131021,0.224806,-0.252724,1.117803,-0.030107,0.027116,0.069818,0.157710,-0.270577,0.397329,0.990190,0.232933,0.164945,-0.048864
-0.031598,0.828569,0.780827,-0.028201,-0.004052,-0.700610,0.712976,-0.053712,0.097631,0.009492,1.173301,-0.090288,-0.249894,-0.056107,0.031411,-0.327660,0.159647,-0.101584,-0.005366,-0.064273,0.040189,0.085162,0.130650,0.226520,-0.252122,1.117148,-0.030135,0.026912,0.070977,0.162843,-0.269837,0.393599,0.988209,0.234943,0.165360,-0.047677
-0.031181,0.833383,0.780200,-0.029085,-0.003264,-0.700312,0.713237,-0.032878,0.093170,0.004016,1.148495,-0.089279,-0.261800,-0.067977,0.031555,-0.329198,0.169340,-0.098748,-0.010925,-0.065924,0.041957,0.083322,0.130136,0.228087,-0.251176,1.116314,-0.031007,0.026714,0.071845,0.167514,-0.269360,0.391261,0.986068,0.237105,0.165411,-0.046537
-0.030702,0.838324,0.779481,-0.029820,-0.002228,-0.700123,0.713396,-0.013766,0.091452,0.002064,1.121916,-0.086091,-0.261800,-0.081221,0.031634,-0.330646,0.180110,-0.095770,-0.017717,-0.067206,0.044003,0.081125,0.129533,0.229517,-0.249677,1.115177,-0.033169,0.026544,0.072223,0.171709,-0.269232,0.390798,0.983731,0.239537,0.164949,-0.045367
-0.030260,0.843327,0.778706,-0.030365,-0.001022,-0.700015,0.713482,0.004118,0.090415,0.000177,1.093153,-0.082406,-0.261800,-0.096074,0.031384,-0.332020,0.192714,-0.093202,-0.025638,-0.068256,0.046085,0.078588,0.128814,0.230713,-0.247699,1.113833,-0.036220,0.026414,0.072299,0.175519,-0.269465,0.391730,0.981099,0.242325,0.164135,-0.044136
-0.029750,0.848383,0.777851,-0.031021,0.000440,-0.699995,0.713473,0.021296,0.089843,-0.002935,1.062077,-0.080279,-0.261800,-0.110682,0.032027,-0.333437,0.203697,-0.089514,-0.034121,-0.069003,0.048745,0.076140,0.127770,0.231577,-0.245717,1.112649,-0.039447,0.026269,0.072441,0.178900,-0.269870,0.393287,0.978386,0.245127,0.163179,-0.043055
-0.029450,0.853650,0.776945,-0.031733,0.001988,-0.699966,0.713468,0.038176,0.088898,-0.008109,1.028116,-0.081339,-0.261800,-0.124742,0.033136,-0.335039,0.212849,-0.084822,-0.042321,-0.070021,0.051498,0.074181,0.126766,0.232485,-0.243742,1.111306,-0.042148,0.026049,0.072781,0.181712,-0.270487,0.395161,0.975574,0.247798,0.162315,-0.042256
-0.029069,0.858998,0.776001,-0.032415,0.003546,-0.699905,0.713491,0.054640,0.087067,-0.015767,0.989980,-0.084561,-0.259297,-0.138640,0.034276,-0.336804,0.221023,-0.079683,-0.050301,-0.071335,0.054075,0.072755,0.125897,0.233540,-0.241806,1.109589,-0.044240,0.025754,0.073416,0.184053,-0.271418,0.397462,0.972356,0.250431,0.161495,-0.041821
-0.028659,0.864422,0.774999,-0.033075,0.005165,-0.699849,0.713506,0.070435,0.086060,-0.022145,0.948605,-0.089571,-0.243605,-0.152470,0.035492,-0.338656,0.228266,-0.073958,-0.058299,-0.072365,0.056805,0.071520,0.124432,0.234246,-0.240300,1.108410,-0.046066,0.025378,0.074447,0.185814,-0.272189,0.399885,0.969363,0.252837,0.160567,-0.041756
-0.028090,0.870010,0.773921,-0.033653,0.006788,-0.699766,0.713547,0.085790,0.085664,-0.028010,0.906359,-0.098839,-0.225564,-0.166368,0.036536,-0.340654,0.234903,-0.067654,-0.065804,-0.073749,0.059412,0.070646,0.123064,0.235031,-0.238745,1.106983,-0.047633,0.024993,0.075432,0.187069,-0.273234,0.402555,0.966329,0.255082,0.159794,-0.041789
-0.027464,0.875737,0.772872,-0.034065,0.008332,-0.699614,0.713660,0.101032,0.086229,-0.031850,0.865156,-0.114690,-0.208406,-0.180529,0.036933,-0.342798,0.241384,-0.060748,-0.072190,-0.074933,0.061801,0.069833,0.120667,0.235398,-0.238153,1.106723,-0.049004,0.024583,0.076511,0.187777,-0.273758,0.404057,0.964299,0.256472,0.159266,-0.041866
-0.026842,0.881554,0.771759,-0.034374,0.009855,-0.699303,0.713931,0.116988,0.087647,-0.034087,0.824180,-0.140366,-0.193983,-0.194962,0.036694,-0.345335,0.247836,-0.053303,-0.077147,-0.076954,0.064083,0.069354,0.118484,0.235899,-0.237776,1.106311,-0.050223,0.024132,0.077414,0.188088,-0.274531,0.405301,0.962482,0.257273,0.159239,-0.041827
-0.026154,0.887585,0.770518,-0.034592,0.011369,-0.698879,0.714313,0.133346,0.089299,-0.035440,0.782421,-0.173677,-0.180820,-0.209640,0.035956,-0.348141,0.254153,-0.045317,-0.081015,-0.079092,0.066301,0.069002,0.115606,0.236176,-0.238132,1.106749,-0.051246,0.023596,0.078415,0.187852,-0.274974,0.405779,0.961456,0.257264,0.159478,-0.041820
-0.025417,0.893822,0.769279,-0.034557,0.012731,-0.698492,0.714670,0.148769,0.090677,-0.034822,0.741312,-0.208759,-0.167329,-0.224543,0.034504,-0.350679,0.260019,-0.036620,-0.084139,-0.081119,0.067964,0.068937,0.112408,0.236397,-0.238768,1.107215,-0.052045,0.023198,0.079250,0.187153,-0.275357,0.405811,0.960670,0.257060,0.159838,-0.041909
-0.024621,0.900166,0.768052,-0.034090,0.013776,-0.698297,0.714863,0.161893,0.091299,-0.031062,0.702567,-0.239992,-0.151781,-0.239652,0.032127,-0.352389,0.265108,-0.027030,-0.086872,-0.082804,0.068563,0.069181,0.109177,0.236492,-0.239162,1.107169,-0.052405,0.023153,0.079797,0.185653,-0.275549,0.405657,0.960316,0.257089,0.160102,-0.042252
-0.023747,0.906824,0.766783,-0.033222,0.014540,-0.698266,0.714920,0.172351,0.091512,-0.022974,0.666901,-0.266948,-0.132620,-0.255169,0.028771,-0.353396,0.269814,-0.016820,-0.089275,-0.083753,0.068169,0.069966,0.105046,0.236517,-0.239733,1.107102,-0.052398,0.023619,0.079819,0.183716,-0.275720,0.404876,0.959831,0.257482,0.160293,-0.042842
-0.022805,0.913601,0.765645,-0.032004,0.015071,-0.698341,0.714891,0.181059,0.091082,-0.011383,0.633164,-0.292547,-0.111531,-0.271050,0.024533,-0.353838,0.274156,-0.005967,-0.091147,-0.084229,0.067008,0.071116,0.100432,0.236378,-0.240481,1.106923,-0.051906,0.024463,0.079528,0.181329,-0.275800,0.403424,0.959500,0.257834,0.160488,-0.043641
-0.021859,0.920556,0.764610,-0.030335,0.015236,-0.698646,0.714661,0.188603,0.088916,0.001999,0.600362,-0.316100,-0.091252,-0.286958,0.019460,-0.353134,0.277417,0.006060,-0.092448,-0.084366,0.064706,0.072462,0.095842,0.236118,-0.241124,1.106404,-0.051335,0.025374,0.079144,0.178298,-0.275730,0.401870,0.959465,0.258350,0.160652,-0.044545
-0.020861,0.927601,0.763692,-0.028127,0.014921,-0.699305,0.714114,0.195520,0.084181,0.015471,0.567382,-0.336586,-0.074239,-0.302492,0.013657,-0.350719,0.278748,0.019867,-0.093126,-0.083827,0.060990,0.073837,0.091394,0.235737,-0.241846,1.105574,-0.051111,0.026035,0.078914,0.174961,-0.275495,0.400122,0.959410,0.258985,0.160791,-0.045378
-0.019895,0.934808,0.762863,-0.025190,0.014049,-0.700371,0.713196,0.201963,0.076627,0.029562,0.533342,-0.353498,-0.061167,-0.317923,0.006686,-0.346148,0.278381,0.034999,-0.093496,-0.082157,0.055452,0.075024,0.086547,0.235136,-0.242948,1.104969,-0.051655,0.026279,0.078850,0.171443,-0.274928,0.397843,0.959410,0.259768,0.160924,-0.046099
-0.018830,0.942025,0.762250,-0.021625,0.012712,-0.701759,0.711973,0.207739,0.066954,0.044972,0.498651,-0.367090,-0.050478,-0.333332,-0.001270,-0.339760,0.276554,0.051366,-0.093437,-0.079981,0.048345,0.076275,0.082013,0.234573,-0.243891,1.103714,-0.052622,0.026357,0.078752,0.167418,-0.274190,0.395601,0.959483,0.260874,0.161060,-0.046802
-0.017652,0.949296,0.761794,-0.017830,0.011096,-0.703391,0.710492,0.212850,0.055920,0.060244,0.464115,-0.377427,-0.041121,-0.348046,-0.009206,-0.332132,0.272481,0.070090,-0.092234,-0.077509,0.040504,0.077789,0.077789,0.234062,-0.244792,1.102028,-0.053418,0.026385,0.078750,0.163050,-0.273369,0.393305,0.959501,0.261961,0.161119,-0.047488
-0.016364,0.956765,0.761473,-0.014178,0.009356,-0.705195,0.708810,0.217160,0.044298,0.073903,0.430968,-0.384727,-0.032074,-0.361265,-0.016144,-0.323853,0.265192,0.092342,-0.089114,-0.074730,0.032789,0.079633,0.073530,0.233331,-0.246051,1.100634,-0.053416,0.026468,0.079165,0.158236,-0.272039,0.390620,0.959964,0.262503,0.160950,-0.048270
-0.015092,0.964339,0.761297,-0.010749,0.007677,-0.707215,0.706875,0.220024,0.032470,0.085768,0.399920,-0.388780,-0.022866,-0.373443,-0.021822,-0.315516,0.254857,0.119216,-0.086232,-0.072020,0.025648,0.081973,0.069755,0.232604,-0.247249,1.098779,-0.052088,0.026693,0.080070,0.152843,-0.270754,0.388087,0.960456,0.262630,0.160454,-0.049161
-0.013774,0.971985,0.761215,-0.007376,0.005971,-0.709470,0.704672,0.221670,0.020162,0.096670,0.370311,-0.389601,-0.014016,-0.384675,-0.026870,-0.306570,0.241795,0.149791,-0.083066,-0.068967,0.018700,0.084606,0.066008,0.231677,-0.248668,1.096945,-0.049884,0.026964,0.081440,0.146856,-0.269220,0.385356,0.961293,0.262376,0.159687,-0.050160
-0.012461,0.979522,0.761272,-0.004082,0.003966,-0.711834,0.702325,0.223288,0.007147,0.106520,0.341307,-0.387751,-0.005947,-0.393584,-0.031627,-0.295746,0.225262,0.182173,-0.074803,-0.066195,0.011502,0.087841,0.063249,0.231010,-0.249647,1.094204,-0.047663,0.027242,0.082528,0.141149,-0.268184,0.382934,0.961176,0.262230,0.159079,-0.050923
-0.011332,0.986903,0.761366,-0.000883,0.001314,-0.714139,0.700002,0.226300,-0.006888,0.115009,0.311685,-0.383580,0.000982,-0.398538,-0.036317,-0.281656,0.204069,0.214498,-0.056635,-0.063158,0.003439,0.091380,0.060230,0.229890,-0.251054,1.092573,-0.046180,0.027375,0.083375,0.135696,-0.266206,0.379722,0.961519,0.261684,0.158730,-0.051541
-0.010290,0.994265,0.761367,0.002298,-0.002569,-0.716329,0.697754,0.231967,-0.022969,0.121388,0.280200,-0.376085,0.006787,-0.397233,-0.040832,-0.261334,0.173265,0.249245,-0.023443,-0.060787,-0.006542,0.096093,0.058300,0.228990,-0.251920,1.090497,-0.045667,0.027379,0.083379,0.130929,-0.264108,0.376387,0.961027,0.261114,0.159033,-0.051783
-0.009195,1.001555,0.761281,0.005460,-0.007518,-0.718347,0.695623,0.239764,-0.040847,0.125439,0.247067,-0.364970,0.011885,-0.390040,-0.045673,-0.236043,0.133548,0.286286,0.021156,-0.059041,-0.018184,0.101886,0.057141,0.228276,-0.252582,1.088135,-0.045728,0.027304,0.082852,0.126615,-0.261792,0.372779,0.959969,0.260386,0.159758,-0.051758
-0.008114,1.008631,0.761128,0.008428,-0.012618,-0.720094,0.693710,0.247794,-0.058497,0.127861,0.214281,-0.352097,0.016453,-0.382444,-0.051905,-0.211208,0.098096,0.317294,0.068569,-0.058037,-0.029858,0.107837,0.056499,0.227750,-0.253187,1.085671,-0.046235,0.027209,0.082045,0.122521,-0.259300,0.369534,0.958726,0.259857,0.160492,-0.051531
-0.007059,1.015588,0.761037,0.010977,-0.016766,-0.721637,0.691981,0.253441,-0.073434,0.129997,0.184990,-0.339899,0.020540,-0.387939,-0.060753,-0.192219,0.096133,0.326467,0.109931,-0.057558,-0.039561,0.112885,0.056156,0.227390,-0.253813,1.083222,-0.047045,0.027155,0.081199,0.118403,-0.256774,0.367314,0.957641,0.259903,0.160825,-0.051156
-0.006098,1.022550,0.761114,0.013100,-0.019718,-0.723075,0.690364,0.255750,-0.085150,0.132346,0.160399,-0.329185,0.024090,-0.392154,-0.068543,-0.182634,0.095572,0.330920,0.146299,-0.057470,-0.046906,0.116771,0.056118,0.227216,-0.254454,1.080513,-0.048424,0.027173,0.080181,0.114217,-0.254292,0.366278,0.956640,0.260994,0.160526,-0.050464
-0.005314,1.029448,0.761402,0.014911,-0.021964,-0.724495,0.688768,0.255719,-0.094647,0.134684,0.139373,-0.318942,0.027118,-0.394978,-0.075561,-0.179361,0.095634,0.332058,0.180889,-0.057586,-0.052748,0.119964,0.056492,0.227199,-0.255028,1.077552,-0.050350,0.027197,0.078912,0.110152,-0.251935,0.366102,0.955444,0.262845,0.159867,-0.049457
-0.004594,1.036329,0.761821,0.016301,-0.023350,-0.726068,0.687033,0.248831,-0.100853,0.138206,0.131684,-0.314342,0.029658,-0.396202,-0.080893,-0.179772,0.096339,0.331190,0.207848,-0.057285,-0.056515,0.122520,0.057218,0.227152,-0.255557,1.074688,-0.052259,0.027214,0.077699,0.106600,-0.250208,0.366677,0.953626,0.264793,0.159242,-0.048378
-0.003791,1.043146,0.762455,0.017218,-0.023781,-0.727924,0.685029,0.238211,-0.103974,0.143261,0.130877,-0.311991,0.031831,-0.395589,-0.083831,-0.180998,0.097815,0.329243,0.221445,-0.056073,-0.058295,0.124062,0.057893,0.226901,-0.256011,1.073228,-0.053444,0.027127,0.077106,0.102505,-0.247745,0.367995,0.953171,0.265758,0.158761,-0.047874
-0.002980,1.049832,0.763426,0.017742,-0.023034,-0.730150,0.682668,0.226459,-0.104268,0.149863,0.130394,-0.308084,0.033825,-0.393446,-0.084512,-0.182714,0.100543,0.325636,0.216264,-0.053627,-0.057364,0.124603,0.058605,0.226390,-0.256539,1.072705,-0.053978,0.026865,0.077065,0.098931,-0.246086,0.370187,0.952130,0.265696,0.158818,-0.047878
-0.002342,1.056367,0.764741,0.018042,-0.021463,-0.732562,0.680122,0.213808,-0.102579,0.157290,0.130158,-0.302648,0.035698,-0.414815,-0.088897,-0.183428,0.158240,0.291447,0.196835,-0.050711,-0.054749,0.124002,0.059210,0.225370,-0.256897,1.073516,-0.053927,0.026443,0.077593,0.095049,-0.244276,0.373462,0.951853,0.264910,0.159066,-0.048427
-0.001750,1.062767,0.766137,0.018194,-0.019946,-0.734819,0.677725,0.201665,-0.100492,0.164366,0.129942,-0.296233,0.037460,-0.438694,-0.094535,-0.183577,0.227100,0.250327,0.172335,-0.047993,-0.051862,0.123344,0.060036,0.224217,-0.257226,1.074965,-0.053380,0.026045,0.078344,0.091964,-0.242924,0.376968,0.951121,0.263939,0.159405,-0.048897
-0.001230,1.068999,0.767529,0.018070,-0.019008,-0.736745,0.675662,0.191172,-0.098734,0.170448,0.129581,-0.289416,0.038909,-0.457749,-0.100304,-0.183063,0.292333,0.211045,0.151769,-0.046116,-0.049561,0.123173,0.061113,0.222685,-0.257176,1.077335,-0.052070,0.025785,0.079300,0.089378,-0.241473,0.380366,0.950833,0.263163,0.159508,-0.049042
-0.000796,1.074990,0.768911,0.017428,-0.018649,-0.738412,0.673866,0.182823,-0.096760,0.175686,0.129021,-0.282097,0.039700,-0.471620,-0.105423,-0.181564,0.354602,0.173414,0.136682,-0.044710,-0.047548,0.123876,0.062648,0.221063,-0.256954,1.080556,-0.049877,0.025727,0.080523,0.087713,-0.240134,0.383463,0.950675,0.262671,0.159311,-0.048601
-0.000466,1.080939,0.770270,0.016345,-0.018612,-0.739880,0.672283,0.175930,-0.094298,0.180319,0.128460,-0.274096,0.040004,-0.482524,-0.110413,-0.179304,0.418038,0.134794,0.122533,-0.043689,-0.045514,0.125082,0.064528,0.219318,-0.256543,1.084690,-0.046903,0.025754,0.082034,0.086718,-0.238839,0.386573,0.950703,0.262239,0.158940,-0.047835
-0.000220,1.086673,0.771642,0.015095,-0.018698,-0.741160,0.670899,0.169684,-0.091585,0.184434,0.127795,-0.265743,0.040187,-0.490816,-0.115581,-0.177293,0.480514,0.096705,0.108963,-0.042996,-0.043503,0.126324,0.066577,0.217518,-0.255993,1.089056,-0.043691,0.025916,0.083457,0.086260,-0.237574,0.389372,0.950614,0.261808,0.158519,-0.046906
-0.000170,1.092333,0.773055,0.013984,-0.018723,-0.742264,0.669699,0.163096,-0.088822,0.188147,0.127267,-0.257554,0.040611,-0.497083,-0.121307,-0.176542,0.540363,0.060514,0.095590,-0.042544,-0.041574,0.127148,0.068621,0.215781,-0.255379,1.092958,-0.040806,0.026231,0.084393,0.086264,-0.236328,0.391495,0.949994,0.261311,0.158182,-0.045958
-0.000220,1.097952,0.774427,0.013000,-0.018544,-0.743233,0.668649,0.156072,-0.085786,0.191610,0.126701,-0.249367,0.041390,-0.501427,-0.127303,-0.177103,0.597622,0.025851,0.082504,-0.042244,-0.039559,0.127384,0.070665,0.214149,-0.254754,1.096379,-0.038245,0.026850,0.084684,0.086872,-0.235059,0.392660,0.948542,0.260585,0.157975,-0.044942
-0.000274,1.103572,0.775741,0.012004,-0.018222,-0.744084,0.667730,0.148924,-0.082227,0.194819,0.126251,-0.241106,0.042259,-0.503781,-0.133428,-0.178516,0.653485,-0.008001,0.069771,-0.042039,-0.037382,0.127230,0.072794,0.212620,-0.254107,1.099590,-0.035781,0.027719,0.084549,0.088048,-0.233758,0.393076,0.946559,0.259698,0.157819,-0.043806
-0.000373,1.109241,0.777012,0.011066,-0.017849,-0.744788,0.666971,0.141693,-0.078490,0.197602,0.125777,-0.232960,0.043045,-0.504393,-0.140330,-0.181037,0.707887,-0.040223,0.056962,-0.041932,-0.035279,0.126803,0.074977,0.211229,-0.253372,1.102343,-0.033647,0.028514,0.084145,0.089500,-0.232469,0.393154,0.944475,0.258951,0.157658,-0.042680
-0.000576,1.114784,0.778243,0.010252,-0.017511,-0.745314,0.666405,0.134310,-0.074950,0.199791,0.125342,-0.225234,0.043604,-0.503431,-0.148642,-0.184953,0.760598,-0.069914,0.043639,-0.041908,-0.033509,0.126311,0.077349,0.210219,-0.252532,1.104004,-0.032152,0.029007,0.083548,0.091143,-0.231452,0.393296,0.942359,0.258716,0.157463,-0.041632
-0.000862,1.120238,0.779340,0.009533,-0.017170,-0.745629,0.666071,0.126746,-0.071570,0.201227,0.124888,-0.217935,0.043922,-0.500802,-0.158974,-0.191593,0.812107,-0.096771,0.028976,-0.042140,-0.031972,0.125547,0.079731,0.209198,-0.251280,1.104958,-0.031147,0.029062,0.082730,0.092516,-0.230274,0.393659,0.941069,0.259195,0.157209,-0.040904
-0.001108,1.125805,0.780279,0.008899,-0.016802,-0.745763,0.665940,0.119002,-0.068210,0.202052,0.124438,-0.210976,0.044089,-0.496381,-0.170909,-0.200427,0.862448,-0.121423,0.013324,-0.042524,-0.030603,0.124604,0.082324,0.208480,-0.249789,1.104938,-0.030647,0.028864,0.081545,0.094100,-0.229253,0.393969,0.939776,0.260222,0.156960,-0.040295
-0.001428,1.131297,0.781099,0.008392,-0.016483,-0.745773,0.665943,0.111181,-0.065134,0.202528,0.123921,-0.204287,0.044118,-0.490312,-0.183354,-0.209076,0.910642,-0.144264,-0.001898,-0.042813,-0.029515,0.123673,0.085004,0.208146,-0.248517,1.104057,-0.030805,0.028497,0.080393,0.096099,-0.228672,0.394170,0.938021,0.261365,0.156668,-0.039561
-0.001803,1.136773,0.781761,0.008053,-0.016293,-0.745721,0.666010,0.103168,-0.062539,0.202955,0.123690,-0.198086,0.044022,-0.482904,-0.195051,-0.215246,0.955754,-0.165568,-0.015162,-0.043132,-0.028917,0.122676,0.087556,0.207872,-0.247410,1.102964,-0.031483,0.028026,0.079872,0.097741,-0.228121,0.394600,0.936770,0.262058,0.156152,-0.038688
-0.002156,1.142253,0.782283,0.007888,-0.016246,-0.745593,0.666157,0.095201,-0.060490,0.203403,0.123347,-0.192379,0.043753,-0.474268,-0.205742,-0.218941,0.998026,-0.185187,-0.026031,-0.043000,-0.028754,0.121826,0.089445,0.207812,-0.247064,1.101837,-0.033271,0.027296,0.080149,0.099526,-0.228013,0.394721,0.935270,0.262031,0.155260,-0.037211
-0.002537,1.147644,0.782704,0.007887,-0.016301,-0.745369,0.666407,0.087052,-0.058837,0.203745,0.123224,-0.187264,0.043324,-0.464337,-0.215837,-0.221437,1.037909,-0.202981,-0.035236,-0.043368,-0.029066,0.120663,0.092111,0.207729,-0.246169,1.099730,-0.035437,0.026390,0.081081,0.101076,-0.227784,0.395513,0.934262,0.261496,0.154040,-0.035603
-0.002908,1.153156,0.782985,0.008030,-0.016438,-0.745116,0.666684,0.078817,-0.057594,0.203961,0.123042,-0.182181,0.042835,-0.453270,-0.224939,-0.222374,1.074834,-0.219081,-0.042897,-0.043360,-0.029646,0.119553,0.094105,0.207749,-0.245938,1.097873,-0.037949,0.025466,0.082214,0.102432,-0.227743,0.396112,0.933580,0.261007,0.152919,-0.034155
-0.003275,1.158607,0.783207,0.008339,-0.016655,-0.744896,0.666921,0.070336,-0.056730,0.204028,0.122980,-0.176813,0.042384,-0.441265,-0.232694,-0.221372,1.108210,-0.233640,-0.049121,-0.043265,-0.030487,0.118364,0.096056,0.207900,-0.246177,1.096019,-0.040148,0.024777,0.083219,0.103419,-0.227834,0.397010,0.933512,0.261122,0.152281,-0.033501
-0.003708,1.164046,0.783328,0.008869,-0.016952,-0.744711,0.667113,0.060647,-0.056150,0.203934,0.124884,-0.172167,0.041817,-0.428489,-0.238723,-0.217926,1.138110,-0.246475,-0.053811,-0.042915,-0.031590,0.117093,0.097737,0.208282,-0.247468,1.094159,-0.041925,0.024467,0.084023,0.104212,-0.228116,0.397968,0.933838,0.262133,0.152369,-0.033912
-0.004124,1.169479,0.783338,0.009601,-0.017335,-0.744536,0.667288,0.050302,-0.055927,0.203699,0.127718,-0.167849,0.041133,-0.414877,-0.243180,-0.212546,1.164864,-0.257528,-0.056861,-0.042264,-0.032983,0.115737,0.099068,0.208833,-0.249642,1.092346,-0.043547,0.024379,0.084817,0.104841,-0.228539,0.398845,0.934572,0.263629,0.152921,-0.035035
-0.004648,1.174937,0.783290,0.010404,-0.017787,-0.744390,0.667427,0.039397,-0.055810,0.203448,0.131686,-0.163817,0.040626,-0.400240,-0.246537,-0.206357,1.188196,-0.267157,-0.058433,-0.041174,-0.034624,0.114522,0.100369,0.209715,-0.252141,1.090426,-0.045305,0.024339,0.085519,0.105603,-0.229250,0.399662,0.935270,0.265175,0.153664,-0.036366
-0.005176,1.180480,0.783201,0.011169,-0.018312,-0.744291,0.667511,0.027671,-0.055472,0.203320,0.137757,-0.160334,0.040601,-0.384396,-0.249340,-0.200437,1.207829,-0.275747,-0.058729,-0.039885,-0.036359,0.113420,0.101607,0.210318,-0.253836,1.089118,-0.047063,0.024103,0.086287,0.105894,-0.229798,0.400743,0.936816,0.266155,0.154227,-0.037583
-0.005708,1.185975,0.783117,0.011936,-0.018907,-0.744278,0.667496,0.014779,-0.054908,0.203483,0.146569,-0.157616,0.041241,-0.367623,-0.251468,-0.194372,1.224129,-0.283073,-0.057363,-0.038145,-0.038324,0.112525,0.102939,0.210955,-0.254726,1.088073,-0.049069,0.023533,0.087050,0.105973,-0.230497,0.402090,0.938797,0.266728,0.154573,-0.038486
-0.006296,1.191567,0.783022,0.012738,-0.019568,-0.744327,0.667406,0.000860,-0.054222,0.203818,0.157653,-0.155541,0.042370,-0.349924,-0.252755,-0.187867,1.237148,-0.289066,-0.054392,-0.036094,-0.040473,0.111685,0.104123,0.211387,-0.255071,1.087560,-0.051095,0.022748,0.087901,0.105566,-0.231108,0.403677,0.941661,0.267017,0.154823,-0.039391
-0.007033,1.197108,0.782834,0.013448,-0.020277,-0.744364,0.667331,-0.013441,-0.053352,0.204028,0.169994,-0.153776,0.043773,-0.330775,-0.253776,-0.182114,1.246128,-0.294303,-0.050721,-0.033977,-0.042584,0.110968,0.105298,0.211655,-0.255071,1.087497,-0.053077,0.022013,0.088744,0.104982,-0.231646,0.405373,0.944959,0.266752,0.155055,-0.040369
-0.007671,1.202577,0.782609,0.013936,-0.021018,-0.744310,0.667358,-0.027555,-0.052229,0.203816,0.182717,-0.152046,0.045239,-0.309669,-0.255098,-0.178279,1.250350,-0.299377,-0.047262,-0.032057,-0.044445,0.110454,0.106614,0.211772,-0.254873,1.087791,-0.054910,0.021594,0.089500,0.104485,-0.232109,0.407060,0.948316,0.265651,0.155340,-0.041506
-0.008382,1.208093,0.782384,0.014089,-0.021829,-0.744153,0.667503,-0.041397,-0.050713,0.203028,0.196198,-0.150567,0.046893,-0.286028,-0.256824,-0.176749,1.249774,-0.304876,-0.044167,-0.030487,-0.045937,0.110319,0.108229,0.211742,-0.254283,1.088476,-0.056621,0.021623,0.090148,0.104032,-0.232633,0.409205,0.951939,0.263369,0.155752,-0.043012
-0.009121,1.213619,0.782123,0.014000,-0.022701,-0.743929,0.667726,-0.055234,-0.048868,0.201826,0.210642,-0.149362,0.048829,-0.260288,-0.258644,-0.176893,1.244733,-0.310310,-0.040991,-0.029212,-0.047120,0.110470,0.110068,0.211469,-0.253156,1.089563,-0.058193,0.021932,0.090734,0.103499,-0.233271,0.411831,0.955899,0.260187,0.156244,-0.044779
-0.009884,1.219103,0.781833,0.013854,-0.023554,-0.743640,0.668021,-0.069058,-0.046972,0.200404,0.225013,-0.147933,0.050775,-0.233487,-0.260527,-0.178325,1.235072,-0.314633,-0.037744,-0.028116,-0.048111,0.110570,0.111947,0.210951,-0.251861,1.090882,-0.059559,0.022346,0.091241,0.103124,-0.233933,0.414161,0.959503,0.256832,0.156722,-0.046402
-0.010630,1.224606,0.781510,0.013860,-0.024331,-0.743289,0.668384,-0.082764,-0.045335,0.198971,0.238060,-0.145643,0.052422,-0.206650,-0.262459,-0.180632,1.220626,-0.316804,-0.034422,-0.027347,-0.048924,0.110298,0.113848,0.210023,-0.250456,1.092141,-0.060570,0.022677,0.091642,0.103171,-0.234846,0.415784,0.961836,0.254215,0.157115,-0.047479
-0.011401,1.230155,0.781147,0.014018,-0.025055,-0.742890,0.668798,-0.096401,-0.044022,0.197482,0.249958,-0.142520,0.053798,-0.179757,-0.264749,-0.183981,1.201653,-0.317828,-0.031951,-0.026502,-0.049784,0.109641,0.115739,0.209107,-0.249417,1.093253,-0.061406,0.022978,0.091867,0.103858,-0.235638,0.415879,0.962780,0.252005,0.157341,-0.047858
-0.012278,1.235704,0.780726,0.014252,-0.025759,-0.742438,0.669268,-0.109930,-0.042900,0.195870,0.261064,-0.138807,0.055015,-0.152371,-0.267226,-0.188506,1.178205,-0.317860,-0.029964,-0.025781,-0.050492,0.108757,0.117656,0.207939,-0.248410,1.094397,-0.062003,0.023305,0.091968,0.105043,-0.236559,0.415064,0.962620,0.249992,0.157478,-0.047769
-0.013023,1.241389,0.780210,0.014613,-0.026371,-0.741910,0.669821,-0.123326,-0.041986,0.194336,0.270861,-0.134265,0.055862,-0.124931,-0.269214,-0.193678,1.149824,-0.314611,-0.026540,-0.025167,-0.051216,0.107599,0.119557,0.206719,-0.247528,1.095398,-0.062418,0.023565,0.091940,0.106491,-0.237522,0.413800,0.961585,0.248739,0.157578,-0.047325
-0.013779,1.247066,0.779642,0.015188,-0.026856,-0.741285,0.670481,-0.136542,-0.041294,0.193083,0.278809,-0.128693,0.056118,-0.097896,-0.270037,-0.198895,1.116069,-0.305806,-0.019789,-0.024705,-0.052083,0.106133,0.121418,0.205585,-0.246794,1.096075,-0.062671,0.023673,0.091779,0.107969,-0.238505,0.412631,0.959853,0.248838,0.157701,-0.046644
-0.014614,1.252823,0.779015,0.015937,-0.027186,-0.740535,0.671278,-0.149396,-0.040734,0.192244,0.284697,-0.122130,0.055588,-0.071422,-0.270067,-0.204318,1.076780,-0.285999,-0.009474,-0.024502,-0.052976,0.104272,0.123350,0.204455,-0.246336,1.096352,-0.062585,0.023514,0.091512,0.109672,-0.239666,0.411661,0.956978,0.250955,0.158035,-0.045591
-0.015440,1.258635,0.778353,0.016827,-0.027378,-0.739684,0.672187,-0.161947,-0.040281,0.191673,0.288822,-0.114656,0.054394,-0.045301,-0.269198,-0.209877,1.032300,-0.258084,0.003533,-0.024519,-0.053762,0.102087,0.125326,0.203211,-0.246083,1.096319,-0.062197,0.023164,0.091129,0.111761,-0.241188,0.410635,0.952824,0.254637,0.158523,-0.044134
-0.016306,1.264480,0.777628,0.017955,-0.027468,-0.738767,0.673162,-0.174635,-0.040112,0.191146,0.291577,-0.106181,0.052791,-0.019451,-0.266340,-0.214638,0.982825,-0.232347,0.019363,-0.024593,-0.054722,0.099754,0.127092,0.202011,-0.245755,1.096100,-0.061849,0.022806,0.090578,0.113816,-0.242814,0.409563,0.948255,0.258795,0.158818,-0.042572
-0.017266,1.270501,0.776843,0.019422,-0.027492,-0.737818,0.674160,-0.187884,-0.040422,0.190444,0.293289,-0.096572,0.051040,0.006325,-0.260817,-0.217923,0.928342,-0.218959,0.037956,-0.024582,-0.056042,0.097434,0.128316,0.200822,-0.245048,1.095934,-0.061835,0.022606,0.089845,0.115488,-0.244436,0.408437,0.944054,0.262331,0.158577,-0.041198
-0.018354,1.276880,0.775888,0.021444,-0.027600,-0.736828,0.675176,-0.201804,-0.041774,0.189654,0.293834,-0.085671,0.049108,0.033583,-0.252200,-0.218460,0.864417,-0.222264,0.061676,-0.024464,-0.058310,0.094924,0.129004,0.199711,-0.243891,1.095836,-0.062175,0.022683,0.088704,0.116773,-0.245928,0.407234,0.940339,0.265126,0.157374,-0.039862
-0.019376,1.283328,0.774789,0.023918,-0.027760,-0.735775,0.676234,-0.216018,-0.043964,0.188836,0.292822,-0.073462,0.046866,0.062157,-0.241973,-0.217365,0.791820,-0.236247,0.088850,-0.024348,-0.061277,0.092235,0.129280,0.198600,-0.242421,1.095743,-0.062707,0.022916,0.087248,0.117843,-0.247395,0.405967,0.936716,0.267699,0.155503,-0.038483
-0.020367,1.289840,0.773748,0.026463,-0.027719,-0.734673,0.677338,-0.230283,-0.046038,0.187740,0.290347,-0.060100,0.044453,0.089572,-0.232047,-0.217642,0.718263,-0.255384,0.113723,-0.024256,-0.064058,0.089795,0.129057,0.197488,-0.240659,1.095697,-0.063510,0.023142,0.085941,0.118314,-0.248758,0.404722,0.933607,0.269903,0.153655,-0.037505
-0.021441,1.296492,0.772795,0.028670,-0.027181,-0.733549,0.678487,-0.244455,-0.046972,0.186097,0.286672,-0.045810,0.042007,0.112963,-0.223349,-0.221903,0.651896,-0.274072,0.131472,-0.024203,-0.065639,0.088019,0.128217,0.196267,-0.238617,1.095788,-0.064644,0.023187,0.085258,0.117892,-0.249999,0.403583,0.931329,0.271585,0.152532,-0.037363
-0.022491,1.303424,0.771884,0.030598,-0.026138,-0.732372,0.679714,-0.258905,-0.046805,0.183843,0.282175,-0.030566,0.039659,0.131648,-0.215947,-0.231472,0.594031,-0.293240,0.141321,-0.024220,-0.066078,0.086979,0.126566,0.194891,-0.236130,1.096026,-0.066256,0.023004,0.085285,0.116419,-0.251091,0.402474,0.929844,0.272731,0.152407,-0.038405
-0.023529,1.310665,0.770991,0.032417,-0.024714,-0.731152,0.680996,-0.273628,-0.045966,0.181113,0.276703,-0.014322,0.037306,0.146961,-0.208827,-0.244618,0.540500,-0.314857,0.146205,-0.024254,-0.065814,0.086439,0.124217,0.193420,-0.233241,1.096388,-0.068264,0.022680,0.085794,0.114045,-0.252009,0.401373,0.929081,0.273391,0.152870,-0.040336
-0.024686,1.317984,0.770278,0.033874,-0.022799,-0.729976,0.682252,-0.287933,-0.043954,0.177871,0.269712,0.002750,0.034733,0.158870,-0.200810,-0.259047,0.491591,-0.334963,0.147342,-0.024239,-0.064240,0.086340,0.121441,0.191687,-0.230208,1.097037,-0.070325,0.022239,0.086821,0.110937,-0.252882,0.400512,0.929278,0.273570,0.153598,-0.042630
-0.025924,1.325380,0.769809,0.034722,-0.020288,-0.728930,0.683406,-0.301206,-0.040247,0.174064,0.260841,0.020382,0.031727,0.167284,-0.190924,-0.272440,0.447854,-0.349729,0.145836,-0.024061,-0.060844,0.086643,0.118546,0.189688,-0.227369,1.098050,-0.072149,0.021713,0.088365,0.107279,-0.253748,0.400072,0.930666,0.273255,0.154271,-0.044753
-0.027071,1.332925,0.769503,0.034891,-0.016795,-0.727997,0.684486,-0.314326,-0.034098,0.169299,0.250277,0.039548,0.028768,0.170922,-0.178399,-0.285200,0.410413,-0.357853,0.140479,-0.023798,-0.054881,0.087248,0.115245,0.187324,-0.224637,1.099593,-0.073860,0.020976,0.090883,0.102852,-0.254641,0.399913,0.933442,0.272485,0.154867,-0.046768
-0.028219,1.340545,0.769307,0.034522,-0.012503,-0.727127,0.685520,-0.327354,-0.025945,0.163604,0.238314,0.059946,0.025791,0.170061,-0.163961,-0.298168,0.379017,-0.361693,0.131301,-0.023489,-0.046805,0.088205,0.111469,0.184576,-0.221895,1.101598,-0.075540,0.020055,0.094232,0.097676,-0.255565,0.400003,0.937392,0.271265,0.155548,-0.048888
-0.029248,1.348051,0.769219,0.033684,-0.008156,-0.726375,0.686425,-0.338313,-0.017062,0.157597,0.224468,0.079491,0.021747,0.167126,-0.148997,-0.309743,0.351950,-0.362892,0.121127,-0.023003,-0.037912,0.089669,0.107840,0.181523,-0.219369,1.103836,-0.076792,0.019207,0.097527,0.092266,-0.256626,0.400695,0.942176,0.269502,0.156256,-0.050805
-0.030465,1.355608,0.769128,0.032430,-0.004500,-0.725811,0.687115,-0.345258,-0.008698,0.152021,0.208348,0.096099,0.015656,0.164637,-0.134869,-0.318247,0.327407,-0.362989,0.112720,-0.022182,-0.029473,0.091836,0.104982,0.178277,-0.217300,1.106087,-0.077226,0.018655,0.099856,0.087214,-0.257966,0.402351,0.947344,0.267131,0.156947,-0.052187
-0.031419,1.362851,0.769010,0.030489,-0.001637,-0.725573,0.687468,-0.346548,-0.000943,0.146043,0.186950,0.110689,0.006247,0.162864,-0.121420,-0.322345,0.306019,-0.362042,0.106804,-0.020652,-0.021268,0.095159,0.103114,0.174780,-0.215391,1.108313,-0.076572,0.018585,0.100905,0.082568,-0.259742,0.405272,0.953032,0.263714,0.157643,-0.052734
-0.032287,1.369969,0.768891,0.027868,0.000831,-0.725596,0.687556,-0.343510,0.007005,0.139661,0.161391,0.123862,-0.005548,0.160617,-0.108055,-0.323262,0.288608,-0.359433,0.101852,-0.018635,-0.012627,0.099453,0.101891,0.170976,-0.213622,1.110607,-0.075091,0.018826,0.101164,0.078154,-0.261979,0.409254,0.959232,0.259474,0.158377,-0.052659
-0.033025,1.376745,0.768834,0.025066,0.002890,-0.725651,0.687600,-0.338557,0.015039,0.135033,0.137097,0.133281,-0.017446,0.158130,-0.095536,-0.323068,0.273801,-0.355744,0.097237,-0.016814,-0.004242,0.103936,0.101170,0.167058,-0.212740,1.112740,-0.073247,0.019181,0.100929,0.074216,-0.264560,0.413824,0.965301,0.255303,0.159105,-0.052405
-0.033655,1.383493,0.769007,0.022631,0.004501,-0.725498,0.687837,-0.334274,0.022779,0.134364,0.119756,0.136527,-0.027216,0.155557,-0.084746,-0.323861,0.260217,-0.351550,0.092354,-0.015834,0.002985,0.107815,0.100871,0.163384,-0.213527,1.114405,-0.071527,0.019469,0.100469,0.070986,-0.267291,0.418423,0.970629,0.252051,0.159776,-0.052422
-0.034294,1.390063,0.769333,0.020547,0.005670,-0.725151,0.688260,-0.330362,0.030242,0.138747,0.108762,0.132137,-0.035537,0.152643,-0.075755,-0.325816,0.248480,-0.347007,0.087011,-0.015699,0.008958,0.111126,0.101185,0.160219,-0.216665,1.115222,-0.070417,0.019759,0.099739,0.068284,-0.270062,0.423334,0.975224,0.250073,0.160381,-0.052755
-0.034903,1.396507,0.769806,0.018579,0.006426,-0.724694,0.688791,-0.329210,0.037952,0.146811,0.109047,0.117944,-0.043263,0.149238,-0.068217,-0.328035,0.239279,-0.341936,0.081553,-0.016087,0.013972,0.114218,0.102181,0.157584,-0.221659,1.115311,-0.069606,0.020128,0.098573,0.066054,-0.272828,0.428614,0.979388,0.248837,0.160935,-0.053186
-0.035519,1.402779,0.770439,0.016988,0.006746,-0.724000,0.689558,-0.326081,0.044506,0.157376,0.110197,0.103373,-0.048395,0.145582,-0.062460,-0.330974,0.231439,-0.336468,0.076181,-0.017149,0.017640,0.116747,0.103572,0.155456,-0.227558,1.115137,-0.068423,0.020404,0.097059,0.064690,-0.275425,0.433354,0.982939,0.247869,0.161408,-0.053771
-0.036080,1.408970,0.771268,0.016040,0.006604,-0.722945,0.690688,-0.324586,0.049759,0.168850,0.119715,0.088323,-0.048896,0.141930,-0.058783,-0.335076,0.223738,-0.330718,0.071082,-0.019006,0.019561,0.118348,0.105040,0.153802,-0.233422,1.115201,-0.066184,0.020414,0.095299,0.064542,-0.277633,0.436640,0.985801,0.246695,0.161765,-0.054583
-0.036632,1.414994,0.772333,0.015891,0.005972,-0.721409,0.692301,-0.330263,0.054624,0.181667,0.149859,0.066908,-0.042747,0.138325,-0.057376,-0.340989,0.215834,-0.324492,0.066171,-0.021986,0.019416,0.118741,0.106495,0.152687,-0.239534,1.115751,-0.062088,0.019976,0.093105,0.065509,-0.279248,0.438380,0.988364,0.245061,0.161921,-0.055978
-0.037149,1.420808,0.773474,0.016215,0.004972,-0.719527,0.694258,-0.338370,0.059367,0.196105,0.190866,0.042244,-0.031513,0.134926,-0.057462,-0.348240,0.207976,-0.317630,0.061328,-0.025791,0.017790,0.118225,0.108112,0.152142,-0.246229,1.116515,-0.056720,0.019225,0.090512,0.067311,-0.280236,0.439003,0.990806,0.243217,0.161896,-0.057833
-0.037624,1.426468,0.774622,0.016525,0.003802,-0.717568,0.696282,-0.347050,0.064652,0.209808,0.238594,0.016458,-0.018540,0.132308,-0.057792,-0.355545,0.199622,-0.310283,0.056663,-0.029691,0.015685,0.117329,0.110058,0.152026,-0.252484,1.117159,-0.051405,0.018459,0.087952,0.069988,-0.280646,0.438521,0.992755,0.241469,0.161808,-0.059505
-0.037944,1.432015,0.775803,0.016451,0.002588,-0.715769,0.698138,-0.354634,0.070645,0.220604,0.289029,-0.008306,-0.007142,0.130640,-0.057608,-0.361648,0.190969,-0.302862,0.052332,-0.032950,0.013939,0.116551,0.112354,0.152055,-0.257406,1.117484,-0.047483,0.017977,0.085893,0.073751,-0.280753,0.436810,0.993616,0.240119,0.161793,-0.060332
-0.038294,1.437423,0.776844,0.015975,0.001180,-0.714113,0.699847,-0.360922,0.077262,0.228765,0.342709,-0.031741,0.002280,0.130455,-0.057069,-0.366318,0.181511,-0.295207,0.048673,-0.035448,0.012479,0.116043,0.114888,0.152092,-0.261018,1.117612,-0.045236,0.017963,0.084568,0.079262,-0.280677,0.432860,0.992675,0.238906,0.162028,-0.060071
-0.038467,1.442637,0.777834,0.015230,-0.000424,-0.712519,0.701487,-0.366383,0.084463,0.235174,0.400628,-0.054592,0.011393,0.131578,-0.056361,-0.370124,0.171248,-0.287135,0.045490,-0.037446,0.011133,0.115606,0.117567,0.152120,-0.263745,1.117714,-0.043933,0.018219,0.083729,0.086327,-0.280421,0.426971,0.990259,0.237778,0.162414,-0.059074
-0.038640,1.447751,0.778664,0.014241,-0.001973,-0.711081,0.702964,-0.370815,0.091856,0.238776,0.460004,-0.076401,0.019970,0.132932,-0.055296,-0.373164,0.161295,-0.279115,0.042220,-0.039067,0.010198,0.115077,0.120548,0.152119,-0.265230,1.117556,-0.043472,0.018472,0.083111,0.093822,-0.280133,0.421200,0.987354,0.237449,0.162665,-0.057609
-0.038741,1.452761,0.779448,0.013051,-0.003217,-0.709882,0.704193,-0.374185,0.098910,0.238566,0.518343,-0.096874,0.027717,0.133398,-0.053741,-0.375578,0.152825,-0.271662,0.038308,-0.039903,0.009969,0.114271,0.123625,0.152106,-0.265760,1.117164,-0.043878,0.018452,0.082506,0.101074,-0.279955,0.416862,0.984680,0.238406,0.162506,-0.055890
-0.038757,1.457725,0.780130,0.011692,-0.004142,-0.708936,0.705164,-0.377167,0.105190,0.233348,0.576861,-0.116407,0.034906,0.132693,-0.051815,-0.377400,0.146322,-0.264998,0.033354,-0.039953,0.010469,0.113016,0.127065,0.152053,-0.264864,1.116272,-0.045680,0.017966,0.081842,0.108063,-0.279958,0.414441,0.982317,0.241661,0.161667,-0.053683
-0.038804,1.462661,0.780720,0.010188,-0.004887,-0.708183,0.705938,-0.379712,0.110645,0.224091,0.636371,-0.135025,0.041457,0.131184,-0.049775,-0.378605,0.141520,-0.259044,0.027761,-0.039231,0.011472,0.111448,0.130641,0.151948,-0.262764,1.115109,-0.048698,0.017192,0.081228,0.115363,-0.280159,0.412839,0.979651,0.246542,0.160390,-0.050913
-0.038745,1.467546,0.781204,0.008607,-0.005460,-0.707596,0.706543,-0.381049,0.115424,0.213050,0.694542,-0.152101,0.046520,0.129069,-0.047559,-0.379276,0.137711,-0.253447,0.022185,-0.038417,0.012887,0.109816,0.134270,0.151772,-0.259681,1.113741,-0.051691,0.016431,0.080644,0.122460,-0.280792,0.412484,0.976739,0.251538,0.159174,-0.048142
-0.038672,1.472365,0.781580,0.007041,-0.005883,-0.707150,0.707004,-0.380466,0.119819,0.202497,0.749210,-0.167116,0.049299,0.126324,-0.045199,-0.379460,0.134631,-0.248065,0.017276,-0.037814,0.014619,0.108189,0.137756,0.151608,-0.256545,1.112421,-0.053787,0.016009,0.080176,0.128941,-0.281902,0.413567,0.973904,0.255188,0.158435,-0.045994
-0.038566,1.477186,0.781865,0.005530,-0.006132,-0.706870,0.707295,-0.378139,0.123515,0.192248,0.800838,-0.180358,0.049283,0.122808,-0.042774,-0.378976,0.132320,-0.242936,0.013391,-0.037064,0.016558,0.106565,0.140842,0.151609,-0.253712,1.111179,-0.054725,0.016083,0.079737,0.134870,-0.283430,0.416147,0.970966,0.257001,0.158289,-0.044644
-0.038441,1.482010,0.782127,0.004053,-0.006223,-0.706753,0.707421,-0.374450,0.126399,0.181509,0.850639,-0.192181,0.046922,0.118529,-0.040337,-0.377865,0.130959,-0.238134,0.010126,-0.035996,0.018650,0.104825,0.143682,0.151828,-0.250911,1.109904,-0.055093,0.016495,0.079340,0.140352,-0.285111,0.419976,0.968077,0.257740,0.158470,-0.043786
-0.038283,1.486814,0.782367,0.002556,-0.006205,-0.706729,0.707452,-0.368934,0.129251,0.171580,0.897510,-0.202152,0.042955,0.113770,-0.037814,-0.376505,0.130347,-0.233495,0.006994,-0.035013,0.020867,0.103079,0.146431,0.152240,-0.248092,1.108838,-0.055141,0.016934,0.079142,0.145418,-0.286844,0.424267,0.965461,0.257518,0.158870,-0.043228
-0.038170,1.491584,0.782596,0.000978,-0.006123,-0.706730,0.707456,-0.361126,0.132956,0.163693,0.940284,-0.209805,0.038192,0.108785,-0.035135,-0.375282,0.130368,-0.228914,0.003501,-0.034399,0.023197,0.101427,0.149153,0.152801,-0.245302,1.108336,-0.055128,0.017083,0.079325,0.150118,-0.288442,0.428125,0.963405,0.256412,0.159371,-0.042785
-0.038028,1.496309,0.782749,-0.000769,-0.005936,-0.706753,0.707436,-0.350759,0.138242,0.158300,0.979101,-0.214268,0.032591,0.103902,-0.031937,-0.374221,0.130495,-0.224127,-0.000622,-0.034061,0.025828,0.099840,0.151686,0.153437,-0.242674,1.108856,-0.055008,0.016722,0.080167,0.154308,-0.289610,0.431372,0.962360,0.253731,0.160005,-0.042504
-0.037956,1.500968,0.782952,-0.002634,-0.005636,-0.706830,0.707356,-0.338134,0.144582,0.154686,1.014540,-0.216065,0.025871,0.098784,-0.028418,-0.373150,0.131261,-0.219396,-0.005068,-0.034100,0.028664,0.098347,0.154302,0.154318,-0.239885,1.109795,-0.054653,0.016076,0.081401,0.157982,-0.290697,0.434751,0.961897,0.249798,0.160831,-0.042425
-0.037803,1.505666,0.783038,-0.004454,-0.005335,-0.706952,0.707227,-0.323604,0.150998,0.152316,1.045894,-0.216750,0.018522,0.093098,-0.025164,-0.372125,0.133133,-0.215006,-0.009502,-0.034273,0.031336,0.096830,0.156692,0.155300,-0.237309,1.111221,-0.054303,0.015446,0.082810,0.161242,-0.291452,0.437638,0.962071,0.245632,0.161653,-0.042515
-0.037663,1.510318,0.783138,-0.006077,-0.005128,-0.707108,0.707061,-0.307600,0.156500,0.150655,1.072578,-0.217874,0.011013,0.086415,-0.022788,-0.371202,0.136790,-0.211308,-0.013574,-0.034667,0.033431,0.095257,0.158903,0.156384,-0.234925,1.112786,-0.054147,0.015143,0.084045,0.164143,-0.291907,0.439832,0.962705,0.242432,0.162299,-0.042704
-0.037612,1.514977,0.783253,-0.007447,-0.005024,-0.707290,0.706866,-0.290033,0.161682,0.150552,1.094832,-0.219463,0.003510,0.078715,-0.021378,-0.370554,0.142091,-0.208317,-0.017290,-0.035494,0.034709,0.093648,0.161221,0.157952,-0.232618,1.114091,-0.054429,0.015345,0.084981,0.166639,-0.292096,0.441510,0.963729,0.240657,0.162722,-0.042917
-0.037416,1.519676,0.783322,-0.008648,-0.004975,-0.707509,0.706634,-0.270790,0.166780,0.151980,1.112917,-0.220797,-0.004200,0.070139,-0.020667,-0.370081,0.148893,-0.205901,-0.020790,-0.036419,0.035573,0.091915,0.163139,0.159516,-0.230712,1.115942,-0.054974,0.015826,0.085985,0.168741,-0.291891,0.442386,0.965473,0.239471,0.162994,-0.043251
-0.037232,1.524438,0.783403,-0.009702,-0.005039,-0.707777,0.706351,-0.250285,0.170184,0.153144,1.126179,-0.222309,-0.012302,0.060673,-0.020719,-0.369423,0.157384,-0.204055,-0.023930,-0.037480,0.035842,0.090224,0.165060,0.161407,-0.228868,1.117718,-0.055452,0.016385,0.086736,0.170516,-0.291295,0.442719,0.967519,0.238694,0.163192,-0.043739
-0.037016,1.529229,0.783441,-0.010645,-0.005257,-0.708109,0.706004,-0.228944,0.170280,0.152268,1.133969,-0.224478,-0.020933,0.050333,-0.021585,-0.368224,0.167700,-0.202755,-0.026559,-0.038467,0.035570,0.088643,0.166980,0.163489,-0.227082,1.119254,-0.055519,0.016875,0.087110,0.172140,-0.290323,0.442388,0.969571,0.237994,0.163387,-0.044459
-0.036743,1.534019,0.783480,-0.011433,-0.005729,-0.708496,0.705599,-0.206821,0.165785,0.148145,1.136431,-0.228609,-0.029180,0.039006,-0.023584,-0.366226,0.180298,-0.202258,-0.028319,-0.039454,0.034637,0.087207,0.168790,0.165537,-0.225334,1.120859,-0.054795,0.017204,0.087012,0.173688,-0.289079,0.441095,0.971644,0.237434,0.163589,-0.045569
-0.036407,1.538802,0.783459,-0.012039,-0.006428,-0.708937,0.705140,-0.183735,0.157868,0.141979,1.133838,-0.234113,-0.037141,0.026743,-0.026597,-0.363631,0.194890,-0.202441,-0.029362,-0.040499,0.033084,0.085861,0.170480,0.167578,-0.223649,1.122555,-0.053542,0.017476,0.086559,0.175098,-0.287572,0.438973,0.973821,0.237137,0.163772,-0.046988
-0.035936,1.543668,0.783391,-0.012547,-0.007178,-0.709451,0.704606,-0.159790,0.148622,0.135552,1.125738,-0.238637,-0.046517,0.013772,-0.030025,-0.360778,0.210557,-0.202738,-0.030336,-0.041450,0.031296,0.084539,0.172027,0.169626,-0.221987,1.124071,-0.052320,0.017730,0.085996,0.176328,-0.285887,0.436613,0.975881,0.236909,0.163955,-0.048410
-0.035480,1.548510,0.783316,-0.013056,-0.007784,-0.710056,0.703981,-0.135098,0.140131,0.130597,1.111624,-0.239822,-0.059102,0.000282,-0.033269,-0.358037,0.226458,-0.202638,-0.031922,-0.042185,0.029699,0.083179,0.173415,0.171679,-0.220297,1.125133,-0.051688,0.018007,0.085563,0.177347,-0.284159,0.434633,0.977558,0.236566,0.164167,-0.049525
-0.034933,1.553464,0.783166,-0.013602,-0.008336,-0.710821,0.703192,-0.108921,0.132592,0.127586,1.090560,-0.237415,-0.076505,-0.013815,-0.036478,-0.355324,0.243225,-0.202239,-0.034472,-0.042563,0.028314,0.081921,0.174764,0.173689,-0.218482,1.125596,-0.051836,0.018363,0.085258,0.178190,-0.282475,0.433114,0.978841,0.235922,0.164442,-0.050310
-0.034339,1.558500,0.782951,-0.014145,-0.008874,-0.711711,0.702274,-0.081450,0.125049,0.125421,1.063011,-0.232590,-0.097317,-0.028511,-0.039835,-0.352512,0.260874,-0.201676,-0.037624,-0.042728,0.026985,0.080761,0.176042,0.175637,-0.216583,1.125623,-0.052457,0.018759,0.084974,0.178893,-0.280864,0.431785,0.979762,0.235145,0.164768,-0.050901
-0.033698,1.563532,0.782624,-0.014611,-0.009187,-0.712587,0.701371,-0.054272,0.117829,0.123445,1.030682,-0.225141,-0.118958,-0.043592,-0.042845,-0.349931,0.277930,-0.200611,-0.040997,-0.042973,0.025896,0.079433,0.177058,0.177561,-0.214690,1.125335,-0.053310,0.019096,0.084777,0.179516,-0.279338,0.430723,0.980026,0.234590,0.165107,-0.051209
-0.033088,1.568706,0.782216,-0.014957,-0.009036,-0.713307,0.700634,-0.028966,0.111314,0.121005,0.995309,-0.214864,-0.138891,-0.058727,-0.044948,-0.347942,0.292683,-0.198643,-0.044195,-0.043614,0.025355,0.077673,0.177543,0.179344,-0.212901,1.124976,-0.054130,0.019259,0.084780,0.180161,-0.278068,0.429993,0.979272,0.234626,0.165439,-0.051140
-0.032528,1.573951,0.781725,-0.015201,-0.008334,-0.713882,0.700052,-0.005395,0.105956,0.118153,0.956196,-0.197586,-0.159276,-0.073844,-0.045741,-0.346529,0.304837,-0.195848,-0.047194,-0.044640,0.025255,0.075224,0.177915,0.181507,-0.211255,1.124111,-0.054942,0.019168,0.084942,0.180814,-0.276714,0.429830,0.977464,0.235302,0.165771,-0.050523
-0.031911,1.579371,0.781137,-0.015387,-0.007190,-0.714367,0.699565,0.017113,0.101436,0.114875,0.912897,-0.174880,-0.180616,-0.089096,-0.045578,-0.345594,0.315282,-0.192417,-0.050201,-0.045918,0.025646,0.072298,0.178053,0.183743,-0.209732,1.122910,-0.055839,0.018886,0.085279,0.181532,-0.275474,0.430107,0.974646,0.236461,0.166131,-0.049444
-0.031265,1.584962,0.780434,-0.015427,-0.005744,-0.714696,0.699242,0.037861,0.097193,0.110783,0.867438,-0.155089,-0.197740,-0.104781,-0.045191,-0.345307,0.324751,-0.188357,-0.053122,-0.047507,0.026270,0.069366,0.177551,0.186024,-0.208268,1.121582,-0.056857,0.018619,0.085613,0.182075,-0.274326,0.430429,0.971192,0.238050,0.166416,-0.048228
-0.030591,1.590775,0.779630,-0.015245,-0.004122,-0.714804,0.699147,0.056103,0.092904,0.105846,0.821896,-0.146424,-0.205300,-0.121222,-0.045304,-0.345836,0.333990,-0.183651,-0.055844,-0.049449,0.026901,0.066888,0.175962,0.188299,-0.206834,1.120381,-0.058033,0.018575,0.085783,0.182220,-0.273248,0.430362,0.967475,0.239993,0.166517,-0.047198
-0.029919,1.596789,0.778709,-0.014844,-0.002167,-0.714591,0.699381,0.071205,0.088304,0.098447,0.775706,-0.152880,-0.199410,-0.138560,-0.045799,-0.347619,0.342888,-0.178322,-0.058243,-0.051959,0.027778,0.064738,0.173087,0.190581,-0.205412,1.119363,-0.059403,0.018871,0.085555,0.182014,-0.272237,0.429782,0.963272,0.242527,0.166325,-0.046320
-0.029086,1.603066,0.777803,-0.014249,0.000114,-0.714123,0.699875,0.083571,0.083670,0.089139,0.728533,-0.169488,-0.183501,-0.156621,-0.046479,-0.350407,0.351187,-0.172342,-0.060366,-0.054921,0.028901,0.062762,0.169191,0.192885,-0.204038,1.118378,-0.060932,0.019398,0.085086,0.181554,-0.271283,0.428910,0.958488,0.245603,0.165926,-0.045457
-0.028035,1.609623,0.776951,-0.013420,0.002347,-0.713576,0.700446,0.093979,0.079306,0.081310,0.682648,-0.190951,-0.163427,-0.175127,-0.047879,-0.353302,0.359104,-0.165625,-0.062365,-0.057912,0.029727,0.061359,0.164419,0.195063,-0.202755,1.117578,-0.062561,0.019930,0.084827,0.180650,-0.270395,0.427841,0.953748,0.248711,0.165493,-0.044806
-0.026973,1.616413,0.776071,-0.012303,0.004159,-0.713124,0.700918,0.103387,0.075463,0.078655,0.639737,-0.211824,-0.145399,-0.193861,-0.050499,-0.355412,0.366938,-0.158124,-0.064410,-0.060490,0.029631,0.060925,0.159035,0.197149,-0.201642,1.116879,-0.064270,0.020335,0.085184,0.179094,-0.269453,0.426661,0.949716,0.251342,0.165195,-0.044561
-0.025820,1.623316,0.775266,-0.010890,0.005475,-0.712748,0.701314,0.112635,0.072273,0.083402,0.598970,-0.232648,-0.131122,-0.212974,-0.054626,-0.356677,0.375242,-0.150136,-0.066538,-0.062677,0.028586,0.061585,0.152877,0.198907,-0.200503,1.116493,-0.066089,0.020533,0.086508,0.176791,-0.268511,0.425393,0.946474,0.253374,0.165152,-0.044861
-0.024585,1.630469,0.774528,-0.009196,0.006484,-0.712374,0.701710,0.121266,0.069050,0.093247,0.559141,-0.255470,-0.117906,-0.232540,-0.059943,-0.357467,0.383706,-0.141587,-0.068653,-0.064695,0.026895,0.063093,0.145870,0.200335,-0.199350,1.116409,-0.068000,0.020616,0.088525,0.173817,-0.267588,0.424020,0.943765,0.255087,0.165245,-0.045587
-0.023255,1.637951,0.773818,-0.007227,0.007232,-0.712093,0.702011,0.128440,0.065028,0.105433,0.520995,-0.276939,-0.105431,-0.252088,-0.065907,-0.357578,0.391017,-0.131680,-0.070737,-0.066436,0.024600,0.065243,0.138238,0.201527,-0.198536,1.116516,-0.069831,0.020626,0.090788,0.170248,-0.266663,0.422504,0.941735,0.256514,0.165274,-0.046564
-0.021734,1.645518,0.773224,-0.004993,0.007767,-0.711999,0.702119,0.133170,0.059674,0.117223,0.485636,-0.293851,-0.093113,-0.271188,-0.071973,-0.356815,0.395935,-0.119649,-0.072771,-0.067977,0.022023,0.067839,0.130238,0.202165,-0.198256,1.116675,-0.071336,0.020657,0.092928,0.166239,-0.266130,0.421087,0.940277,0.257873,0.165088,-0.047619
-0.020288,1.653406,0.772783,-0.002281,0.007947,-0.712138,0.701991,0.134983,0.052419,0.129307,0.453264,-0.304974,-0.080198,-0.290328,-0.078684,-0.354727,0.398824,-0.105595,-0.074993,-0.068575,0.018025,0.071025,0.121495,0.203416,-0.199487,1.116748,-0.072798,0.020844,0.094797,0.161380,-0.264868,0.419114,0.940111,0.258841,0.164457,-0.048821
-0.018843,1.661442,0.772489,0.000827,0.007822,-0.712448,0.701680,0.134672,0.043643,0.142883,0.422970,-0.312113,-0.067286,-0.309554,-0.085999,-0.351540,0.400055,-0.089791,-0.077336,-0.068761,0.013091,0.074798,0.112148,0.204672,-0.201534,1.116843,-0.074153,0.021092,0.096680,0.155657,-0.263407,0.417154,0.941004,0.259647,0.163548,-0.050274
-0.017371,1.669561,0.772344,0.003920,0.007679,-0.712870,0.701243,0.132860,0.034505,0.155921,0.394758,-0.316655,-0.055484,-0.327812,-0.092622,-0.348053,0.398604,-0.071824,-0.079285,-0.068748,0.008273,0.078856,0.102935,0.205765,-0.203721,1.116722,-0.075272,0.021271,0.098289,0.149813,-0.261957,0.414962,0.942326,0.260144,0.162589,-0.051665
-0.015914,1.677716,0.772275,0.006598,0.007787,-0.713351,0.700732,0.129979,0.026348,0.166293,0.368918,-0.320009,-0.045758,-0.344016,-0.097361,-0.345080,0.393490,-0.051300,-0.080290,-0.068502,0.004314,0.082819,0.094584,0.206973,-0.205696,1.116137,-0.076196,0.021286,0.099297,0.144395,-0.260074,0.412070,0.943945,0.260045,0.161739,-0.052730
-0.014532,1.685946,0.772298,0.008698,0.008367,-0.713921,0.700122,0.125055,0.020225,0.173049,0.347000,-0.322589,-0.038298,-0.357869,-0.099605,-0.343375,0.383202,-0.025812,-0.080800,-0.068221,0.001884,0.086758,0.087249,0.208106,-0.207152,1.114874,-0.076594,0.021066,0.099608,0.139385,-0.257948,0.408432,0.945847,0.259123,0.161039,-0.053411
-0.013239,1.694031,0.772436,0.010450,0.009227,-0.714604,0.699391,0.117962,0.015498,0.177485,0.328846,-0.323760,-0.032365,-0.369978,-0.100272,-0.342251,0.368823,0.003591,-0.080816,-0.067740,0.000389,0.090793,0.080518,0.209177,-0.208456,1.113160,-0.076587,0.020683,0.099398,0.134500,-0.255553,0.404181,0.948217,0.257529,0.160391,-0.053852
-0.012088,1.701998,0.772630,0.012039,0.010020,-0.715338,0.698603,0.110300,0.011066,0.180717,0.312325,-0.323350,-0.027467,-0.380526,-0.100424,-0.340358,0.353071,0.032151,-0.079129,-0.067134,-0.000995,0.094723,0.074504,0.210224,-0.209517,1.111263,-0.076645,0.020218,0.098789,0.129928,-0.252943,0.399849,0.950740,0.255861,0.159823,-0.054082
-0.010937,1.709846,0.772812,0.013647,0.010380,-0.716046,0.697842,0.103817,0.005794,0.183815,0.295071,-0.321125,-0.023169,-0.389641,-0.101033,-0.336372,0.338660,0.055136,-0.074559,-0.066543,-0.003108,0.098379,0.069362,0.211291,-0.210177,1.109416,-0.077202,0.019752,0.097889,0.125861,-0.250250,0.395994,0.953069,0.254737,0.159370,-0.054125
-0.009694,1.717462,0.772901,0.015379,0.010087,-0.716710,0.697128,0.098922,-0.000859,0.186715,0.276572,-0.316713,-0.019563,-0.396640,-0.101880,-0.329393,0.323360,0.073319,-0.065255,-0.066070,-0.006447,0.101821,0.065285,0.212394,-0.210171,1.107395,-0.078548,0.019321,0.096382,0.122522,-0.247524,0.392454,0.954954,0.254490,0.159099,-0.053850
-0.008508,1.724944,0.772978,0.017117,0.009347,-0.717354,0.696436,0.094642,-0.008041,0.188859,0.258170,-0.310371,-0.016715,-0.401490,-0.102697,-0.320283,0.306559,0.088417,-0.052403,-0.065679,-0.010505,0.105169,0.062191,0.213525,-0.209611,1.105084,-0.080384,0.018903,0.094305,0.119786,-0.244758,0.389067,0.956541,0.254767,0.158985,-0.053277
-0.007526,1.732416,0.773337,0.018697,0.008461,-0.717975,0.695766,0.090686,-0.014899,0.190607,0.240219,-0.302736,-0.014156,-0.405417,-0.104083,-0.310633,0.293420,0.097251,-0.039483,-0.065317,-0.014554,0.108321,0.059779,0.214690,-0.208927,1.102967,-0.082315,0.018406,0.092300,0.117388,-0.242021,0.386393,0.958021,0.255128,0.158917,-0.052657
-0.006608,1.739716,0.773678,0.019945,0.007777,-0.718588,0.695107,0.086652,-0.020598,0.192414,0.223286,-0.294570,-0.011483,-0.409910,-0.106365,-0.302155,0.289316,0.096794,-0.029966,-0.064898,-0.017761,0.111142,0.057826,0.215884,-0.208516,1.101371,-0.083920,0.017823,0.091012,0.115103,-0.239409,0.385013,0.959518,0.255162,0.158785,-0.052226
-0.005627,1.746828,0.774086,0.020883,0.007400,-0.719190,0.694460,0.082601,-0.025265,0.194515,0.206882,-0.285742,-0.008485,-0.415771,-0.109402,-0.294205,0.295850,0.083471,-0.024945,-0.064416,-0.019907,0.113500,0.056216,0.217130,-0.208613,1.100322,-0.085183,0.017008,0.090621,0.112955,-0.237001,0.385178,0.960864,0.254983,0.158481,-0.052065
-0.004788,1.753858,0.774611,0.021574,0.007187,-0.719797,0.693812,0.078538,-0.029245,0.196740,0.191183,-0.276072,-0.005471,-0.422376,-0.112897,-0.286343,0.310395,0.059848,-0.022563,-0.063863,-0.021343,0.115469,0.055111,0.218419,-0.208947,1.099614,-0.086295,0.016023,0.090773,0.111076,-0.234831,0.386548,0.961992,0.254762,0.158097,-0.052027
-0.003895,1.760736,0.775229,0.021922,0.007100,-0.720460,0.693114,0.074271,-0.032213,0.198977,0.177175,-0.266116,-0.002809,-0.429192,-0.116948,-0.280456,0.332109,0.032124,-0.021770,-0.063149,-0.022092,0.117213,0.054680,0.219660,-0.209162,1.099259,-0.087160,0.015133,0.091313,0.109480,-0.232840,0.388834,0.963074,0.254141,0.157839,-0.052007
-0.003192,1.767492,0.775965,0.021857,0.007058,-0.721217,0.692329,0.069643,-0.033890,0.201065,0.165799,-0.256365,-0.000831,-0.435520,-0.121791,-0.278436,0.359969,0.006579,-0.021555,-0.062214,-0.022285,0.118890,0.055063,0.220743,-0.208902,1.099338,-0.087679,0.014596,0.092108,0.108095,-0.230966,0.391742,0.964411,0.252753,0.157909,-0.051922
-0.002558,1.774048,0.776791,0.021325,0.007033,-0.722096,0.691428,0.064427,-0.034081,0.202907,0.157837,-0.246810,0.000363,-0.440936,-0.127978,-0.281577,0.394198,-0.015511,-0.021702,-0.061030,-0.021892,0.120562,0.056297,0.221569,-0.208009,1.100078,-0.087773,0.014535,0.093501,0.106761,-0.229190,0.395676,0.966258,0.250137,0.158542,-0.051775
-0.001960,1.780506,0.777700,0.020416,0.007001,-0.723054,0.690454,0.058861,-0.033185,0.204551,0.152468,-0.237158,0.001020,-0.445653,-0.135733,-0.288396,0.435040,-0.037358,-0.022868,-0.059712,-0.021004,0.122141,0.058271,0.222147,-0.206664,1.101455,-0.087488,0.014787,0.095471,0.105502,-0.227531,0.400656,0.968504,0.246600,0.159561,-0.051620
-0.001560,1.786791,0.778635,0.019263,0.006880,-0.724008,0.689488,0.053400,-0.031750,0.206016,0.148408,-0.227530,0.001329,-0.449651,-0.144730,-0.296729,0.481043,-0.059184,-0.025407,-0.058402,-0.019936,0.123579,0.060895,0.222554,-0.205046,1.103161,-0.086894,0.015164,0.097301,0.104627,-0.225921,0.405790,0.970758,0.242944,0.160562,-0.051441
-0.001350,1.792932,0.779616,0.018000,0.006601,-0.724885,0.688603,0.048580,-0.030275,0.207329,0.144230,-0.217996,0.001440,-0.453072,-0.154492,-0.304427,0.530972,-0.081238,-0.029597,-0.057183,-0.019022,0.124817,0.064108,0.222922,-0.203409,1.104772,-0.086103,0.015566,0.098292,0.104387,-0.224276,0.410132,0.972720,0.239950,0.161128,-0.051230
-0.001178,1.798963,0.780546,0.016588,0.006094,-0.725688,0.687797,0.044484,-0.028687,0.208405,0.140197,-0.208648,0.001442,-0.455882,-0.165534,-0.312013,0.585993,-0.103991,-0.036252,-0.056000,-0.018400,0.125920,0.068032,0.223353,-0.201777,1.106314,-0.085080,0.015987,0.098079,0.104921,-0.222474,0.413506,0.974490,0.237577,0.161094,-0.051040
-0.001109,1.804866,0.781439,0.014991,0.005383,-0.726435,0.687051,0.040953,-0.026810,0.209201,0.136719,-0.199356,0.001227,-0.457643,-0.178226,-0.320043,0.645815,-0.127103,-0.045218,-0.054825,-0.018009,0.126917,0.072667,0.223870,-0.200095,1.107914,-0.083838,0.016496,0.097081,0.106033,-0.220481,0.416337,0.976248,0.235458,0.160687,-0.050863
-0.001119,1.810590,0.782238,0.013330,0.004571,-0.727085,0.686403,0.037919,-0.024871,0.209868,0.133016,-0.190055,0.000615,-0.458292,-0.191471,-0.326590,0.707513,-0.149822,-0.055110,-0.053757,-0.017781,0.127682,0.077748,0.224463,-0.198437,1.109383,-0.082497,0.017027,0.095758,0.107535,-0.218357,0.418581,0.977705,0.233882,0.160088,-0.050598
-0.001013,1.816296,0.782984,0.011721,0.003779,-0.727605,0.685885,0.035283,-0.023074,0.210581,0.128339,-0.180707,-0.000571,-0.457976,-0.203751,-0.329928,0.768342,-0.171290,-0.064289,-0.052845,-0.017597,0.128076,0.082987,0.225099,-0.196934,1.110563,-0.081202,0.017511,0.094579,0.109294,-0.216244,0.420139,0.978515,0.233123,0.159480,-0.050127
-0.001052,1.822051,0.783650,0.010113,0.003052,-0.728014,0.685481,0.032607,-0.021129,0.211550,0.123674,-0.172001,-0.002623,-0.457162,-0.213926,-0.329181,0.828992,-0.191421,-0.072519,-0.052081,-0.017270,0.128091,0.088362,0.225751,-0.195722,1.111454,-0.079776,0.017978,0.093474,0.111438,-0.214238,0.420766,0.978339,0.233504,0.158877,-0.049382
-0.001105,1.827708,0.784206,0.008465,0.002341,-0.728327,0.685174,0.028369,-0.018600,0.212652,0.122727,-0.165686,-0.005388,-0.455760,-0.222449,-0.325643,0.890505,-0.210479,-0.080293,-0.051403,-0.016835,0.127793,0.093997,0.226401,-0.194726,1.112125,-0.078218,0.018446,0.092258,0.114066,-0.212356,0.420556,0.977311,0.234813,0.158210,-0.048422
-0.001260,1.833209,0.784626,0.006904,0.001638,-0.728516,0.684992,0.024055,-0.016200,0.213527,0.121774,-0.159611,-0.008339,-0.453198,-0.230075,-0.320969,0.950836,-0.228118,-0.086963,-0.050795,-0.016482,0.127147,0.099785,0.227031,-0.193744,1.112553,-0.076933,0.018831,0.091228,0.116955,-0.210638,0.419963,0.975831,0.236512,0.157533,-0.047311
-0.001366,1.838701,0.784988,0.005562,0.000926,-0.728557,0.684962,0.019429,-0.014295,0.213867,0.120819,-0.153493,-0.010955,-0.448881,-0.237841,-0.316736,1.008014,-0.244068,-0.092019,-0.050263,-0.016402,0.126131,0.105635,0.227586,-0.192549,1.112688,-0.076312,0.019048,0.090674,0.119939,-0.209173,0.419470,0.974216,0.238093,0.156907,-0.046108
-0.001507,1.844145,0.785273,0.004458,0.000233,-0.728411,0.685126,0.014324,-0.012905,0.213503,0.120121,-0.147553,-0.013164,-0.442760,-0.245661,-0.312935,1.062232,-0.258085,-0.094674,-0.049892,-0.016514,0.124654,0.111596,0.227974,-0.190971,1.112456,-0.076658,0.018999,0.090791,0.123218,-0.208155,0.419075,0.972159,0.239655,0.156319,-0.044627
-0.001668,1.849567,0.785440,0.003522,-0.000439,-0.728107,0.685454,0.008997,-0.011897,0.212651,0.119375,-0.141704,-0.015217,-0.435128,-0.252999,-0.309029,1.114507,-0.270416,-0.095322,-0.049665,-0.016761,0.122747,0.117697,0.228241,-0.189149,1.111906,-0.077687,0.018754,0.091390,0.126776,-0.207440,0.418599,0.969658,0.241393,0.155745,-0.042912
-0.001820,1.854957,0.785485,0.002718,-0.001101,-0.727708,0.685881,0.003376,-0.011173,0.211549,0.118751,-0.135843,-0.017097,-0.425815,-0.260335,-0.305791,1.164020,-0.281695,-0.095406,-0.049566,-0.017284,0.120585,0.123950,0.228587,-0.187136,1.111102,-0.078863,0.018488,0.092156,0.129943,-0.206622,0.418376,0.967645,0.242969,0.155214,-0.041376
-0.001993,1.860389,0.785456,0.002100,-0.001861,-0.727280,0.686335,-0.002498,-0.010901,0.210485,0.118206,-0.129765,-0.018777,-0.414585,-0.268401,-0.303800,1.209635,-0.292379,-0.096413,-0.049113,-0.018029,0.118390,0.129814,0.228785,-0.185700,1.110518,-0.079826,0.018344,0.092904,0.132972,-0.206187,0.418216,0.965939,0.244092,0.154866,-0.040311
-0.002142,1.865729,0.785354,0.001737,-0.002788,-0.726798,0.686843,-0.008727,-0.011318,0.209480,0.117839,-0.123315,-0.020069,-0.401213,-0.278040,-0.303623,1.251601,-0.302703,-0.099297,-0.048492,-0.019333,0.116182,0.135388,0.228954,-0.184586,1.110059,-0.080432,0.018371,0.093606,0.135535,-0.205911,0.418449,0.964890,0.244560,0.154651,-0.039827
-0.002399,1.871212,0.785222,0.001606,-0.003844,-0.726241,0.687428,-0.015217,-0.012359,0.208419,0.117489,-0.116554,-0.021044,-0.385804,-0.288753,-0.304816,1.290316,-0.312337,-0.103142,-0.047733,-0.021088,0.113863,0.140748,0.229083,-0.183733,1.109650,-0.080939,0.018484,0.094383,0.137801,-0.205796,0.418902,0.964289,0.244564,0.154538,-0.039736
-0.002694,1.876644,0.785052,0.001599,-0.004953,-0.725676,0.688017,-0.021866,-0.013655,0.207390,0.117226,-0.109868,-0.022065,-0.368736,-0.299222,-0.306410,1.324916,-0.320872,-0.106567,-0.046891,-0.023040,0.111487,0.146159,0.229217,-0.183044,1.109104,-0.081305,0.018664,0.095084,0.139735,-0.205808,0.419548,0.964153,0.244460,0.154595,-0.040006
-0.002941,1.882028,0.784805,0.001592,-0.006021,-0.725174,0.688537,-0.028521,-0.014835,0.206474,0.116995,-0.103575,-0.023494,-0.350453,-0.308083,-0.307486,1.354551,-0.327910,-0.108208,-0.045592,-0.024810,0.109075,0.151292,0.229254,-0.182901,1.108822,-0.081532,0.018850,0.095630,0.141559,-0.205883,0.419791,0.964401,0.244427,0.154900,-0.040580
-0.003242,1.887478,0.784480,0.001581,-0.007017,-0.724766,0.688957,-0.035165,-0.015765,0.205688,0.116794,-0.097887,-0.025507,-0.331081,-0.315008,-0.307826,1.379273,-0.333448,-0.107954,-0.044113,-0.026285,0.106567,0.156655,0.229284,-0.183268,1.108290,-0.081500,0.019202,0.095960,0.143082,-0.206063,0.419936,0.965209,0.244729,0.155633,-0.041744
-0.003550,1.892849,0.784091,0.001610,-0.007979,-0.724414,0.689317,-0.041852,-0.016665,0.204994,0.116604,-0.092561,-0.027875,-0.310476,-0.320675,-0.307975,1.399513,-0.337631,-0.106431,-0.042204,-0.027589,0.103979,0.161908,0.229316,-0.184425,1.107750,-0.081386,0.019687,0.096155,0.144645,-0.206516,0.419791,0.966186,0.245160,0.156732,-0.043385
-0.003922,1.898252,0.783662,0.001676,-0.008970,-0.724082,0.689654,-0.048617,-0.017636,0.204380,0.116522,-0.087336,-0.030358,-0.288740,-0.325226,-0.308167,1.415009,-0.340296,-0.103351,-0.039926,-0.028972,0.101450,0.166961,0.229273,-0.185688,1.107378,-0.081256,0.020039,0.096240,0.146087,-0.207037,0.419469,0.967433,0.245468,0.157819,-0.044995
-0.004302,1.903618,0.783152,0.001785,-0.010055,-0.723735,0.690002,-0.055418,-0.018814,0.203833,0.116486,-0.081878,-0.032707,-0.265978,-0.328831,-0.308595,1.425505,-0.341277,-0.098428,-0.037291,-0.030548,0.099141,0.171854,0.229053,-0.186616,1.107184,-0.081354,0.019956,0.096248,0.147694,-0.207922,0.419168,0.968393,0.245604,0.158578,-0.046034
-0.004776,1.909097,0.782606,0.001997,-0.011315,-0.723390,0.690344,-0.062255,-0.020363,0.203432,0.116510,-0.076022,-0.034906,-0.242130,-0.331611,-0.309034,1.430938,-0.339958,-0.091168,-0.034393,-0.032713,0.097036,0.176777,0.228718,-0.186626,1.107197,-0.081498,0.019199,0.096146,0.148881,-0.208591,0.419235,0.969988,0.245450,0.158750,-0.046419
-0.005173,1.914613,0.782050,0.002288,-0.012691,-0.723057,0.690668,-0.069139,-0.022195,0.203166,0.116620,-0.069947,-0.037046,-0.217255,-0.333496,-0.309416,1.431504,-0.336619,-0.081882,-0.031351,-0.035018,0.095124,0.181665,0.227904,-0.185990,1.107401,-0.081580,0.017950,0.095975,0.150022,-0.209789,0.419658,0.971585,0.245232,0.158633,-0.046369
-0.005698,1.920154,0.781411,0.002609,-0.014111,-0.722693,0.691020,-0.076074,-0.024139,0.202913,0.116752,-0.063890,-0.039053,-0.191595,-0.334467,-0.310151,1.427172,-0.332452,-0.071541,-0.028297,-0.037477,0.093276,0.186511,0.226928,-0.185142,1.107628,-0.081861,0.016664,0.095809,0.150949,-0.210998,0.420147,0.973248,0.244901,0.158426,-0.046139
-0.006207,1.925680,0.780648,0.002922,-0.015517,-0.722253,0.691449,-0.083115,-0.026035,0.202554,0.116915,-0.058017,-0.040852,-0.165405,-0.334566,-0.311631,1.417948,-0.328635,-0.061139,-0.025503,-0.039901,0.091429,0.191354,0.225858,-0.184384,1.107629,-0.082550,0.015785,0.095716,0.151803,-0.212251,0.420588,0.974462,0.244557,0.158400,-0.045923
-0.006766,1.931300,0.779870,0.003152,-0.016926,-0.721712,0.691979,-0.090109,-0.027843,0.202009,0.117134,-0.052472,-0.042516,-0.138262,-0.334115,-0.314223,1.403689,-0.325947,-0.051219,-0.023025,-0.042291,0.089665,0.196226,0.224778,-0.183733,1.107295,-0.083829,0.015555,0.095715,0.152625,-0.213530,0.420998,0.975158,0.244094,0.158684,-0.045728
-0.007376,1.936958,0.779000,0.003357,-0.018371,-0.721095,0.692584,-0.097100,-0.029652,0.201356,0.117409,-0.047116,-0.044042,-0.110243,-0.333078,-0.317562,1.384528,-0.323602,-0.041227,-0.020738,-0.044696,0.088001,0.201116,0.223597,-0.183040,1.106734,-0.085542,0.015698,0.095763,0.153427,-0.214945,0.421439,0.975435,0.243531,0.159132,-0.045447
-0.007969,1.942646,0.778095,0.003645,-0.019766,-0.720436,0.693230,-0.104395,-0.031493,0.200711,0.117672,-0.041729,-0.045265,-0.082283,-0.330935,-0.320968,1.360699,-0.320523,-0.030545,-0.018548,-0.047135,0.086247,0.205976,0.222371,-0.182462,1.106038,-0.087454,0.015889,0.095803,0.154142,-0.216441,0.421748,0.975339,0.243075,0.159557,-0.045122
-0.008621,1.948439,0.777114,0.004117,-0.021016,-0.719769,0.693883,-0.112347,-0.033384,0.200196,0.117904,-0.036102,-0.046026,-0.055317,-0.327176,-0.323713,1.332409,-0.315624,-0.018554,-0.016237,-0.049925,0.084168,0.210861,0.221596,-0.182249,1.105172,-0.089415,0.015833,0.095716,0.154442,-0.217374,0.421649,0.975394,0.242818,0.159703,-0.044843
-0.009247,1.954237,0.776077,0.004848,-0.022131,-0.719052,0.694586,-0.121098,-0.035526,0.199749,0.118109,-0.030033,-0.045917,-0.029316,-0.321693,-0.325629,1.299434,-0.309681,-0.004551,-0.014178,-0.052371,0.081698,0.215571,0.220125,-0.182419,1.104501,-0.091174,0.015202,0.095648,0.155101,-0.219300,0.421361,0.974227,0.243136,0.159637,-0.044442
-0.009923,1.960208,0.775033,0.005765,-0.023146,-0.718283,0.695342,-0.131321,-0.037675,0.199378,0.120170,-0.024671,-0.045149,-0.003848,-0.314843,-0.326954,1.261769,-0.303017,0.010888,-0.012157,-0.054931,0.078914,0.220248,0.218705,-0.183034,1.103758,-0.093027,0.014281,0.095498,0.155761,-0.221296,0.420754,0.972561,0.243729,0.159376,-0.043970
-0.010619,1.966167,0.773962,0.006755,-0.024006,-0.717550,0.696060,-0.143709,-0.039234,0.199261,0.125861,-0.021286,-0.044491,0.020714,-0.306722,-0.327522,1.220039,-0.293932,0.026503,-0.010069,-0.057377,0.076104,0.224766,0.217269,-0.183623,1.102939,-0.094885,0.013440,0.095345,0.156159,-0.223342,0.419893,0.970737,0.244465,0.159069,-0.043562
-0.011282,1.972319,0.772822,0.007704,-0.024658,-0.716941,0.696655,-0.155676,-0.040296,0.199438,0.129828,-0.017350,-0.044694,0.043937,-0.297348,-0.327113,1.174875,-0.280687,0.041170,-0.007812,-0.059469,0.073558,0.228996,0.215727,-0.183721,1.102047,-0.096670,0.013054,0.095273,0.156049,-0.225354,0.418842,0.969086,0.245190,0.158862,-0.043352
-0.012026,1.978592,0.771650,0.008525,-0.025002,-0.716448,0.697140,-0.167181,-0.040537,0.199872,0.131995,-0.012765,-0.046237,0.065426,-0.286300,-0.325609,1.125759,-0.259450,0.054816,-0.005384,-0.061019,0.071225,0.232972,0.214020,-0.183036,1.101074,-0.098409,0.013148,0.095339,0.155392,-0.227281,0.417603,0.967635,0.245926,0.158776,-0.043348
-0.012819,1.984987,0.770464,0.009284,-0.025087,-0.716039,0.697547,-0.178470,-0.040160,0.200487,0.132796,-0.007647,-0.048653,0.085554,-0.273524,-0.322878,1.072576,-0.232321,0.068106,-0.002863,-0.062153,0.068978,0.236746,0.212137,-0.181827,1.100058,-0.100096,0.013543,0.095510,0.154255,-0.229123,0.416185,0.966315,0.246723,0.158731,-0.043507
-0.013701,1.991520,0.769300,0.010095,-0.025080,-0.715763,0.697820,-0.189555,-0.039617,0.201349,0.132318,-0.002265,-0.051287,0.105060,-0.259703,-0.318802,1.016516,-0.206426,0.080976,-0.000242,-0.063151,0.066999,0.240180,0.210104,-0.180481,1.099095,-0.101625,0.014296,0.095744,0.152450,-0.230907,0.414644,0.965433,0.247496,0.158711,-0.043891
-0.014644,1.998267,0.768103,0.011064,-0.025150,-0.715667,0.697901,-0.200349,-0.039398,0.202538,0.130452,0.003224,-0.053472,0.124776,-0.245693,-0.313494,0.958566,-0.188805,0.093240,0.002483,-0.064298,0.065480,0.243147,0.207962,-0.179389,1.098259,-0.102896,0.015462,0.095986,0.149817,-0.232665,0.413034,0.965263,0.248164,0.158701,-0.044549
-0.015634,2.005111,0.766870,0.012312,-0.025445,-0.715808,0.697725,-0.210646,-0.039945,0.204317,0.126850,0.009111,-0.055133,0.145648,-0.231278,-0.305995,0.895929,-0.179458,0.105453,0.005437,-0.065965,0.064438,0.245709,0.205739,-0.178862,1.097466,-0.103968,0.017449,0.096382,0.146278,-0.234417,0.411378,0.966043,0.248731,0.158657,-0.045522
-0.016594,2.012197,0.765504,0.013739,-0.025843,-0.716144,0.697339,-0.220441,-0.040900,0.206550,0.121482,0.015471,-0.056594,0.167289,-0.216325,-0.296717,0.828712,-0.175106,0.117367,0.008601,-0.067890,0.063816,0.247902,0.203440,-0.178646,1.096689,-0.104886,0.020098,0.096896,0.141951,-0.236169,0.409625,0.967533,0.249236,0.158603,-0.046764
-0.017424,2.019525,0.763973,0.015131,-0.026110,-0.716574,0.696858,-0.230973,-0.041369,0.208785,0.116963,0.020605,-0.057784,0.188319,-0.201888,-0.288061,0.762316,-0.177650,0.127590,0.011758,-0.069420,0.063688,0.249573,0.201051,-0.178253,1.096082,-0.105502,0.022620,0.097214,0.137011,-0.237907,0.407740,0.969254,0.249635,0.158634,-0.048190
-0.018196,2.027081,0.762421,0.016267,-0.025991,-0.717008,0.696391,-0.243798,-0.040413,0.210604,0.116597,0.022441,-0.058636,0.207198,-0.188876,-0.282504,0.702145,-0.188913,0.134880,0.014710,-0.069985,0.064095,0.250600,0.198631,-0.177186,1.095770,-0.105678,0.024230,0.097004,0.131585,-0.239559,0.405679,0.970783,0.249869,0.158837,-0.049729
-0.019069,2.034818,0.760936,0.017380,-0.025615,-0.717460,0.695911,-0.257334,-0.038979,0.212034,0.116245,0.023599,-0.058645,0.223649,-0.178142,-0.280738,0.649402,-0.213866,0.139201,0.017455,-0.069977,0.065063,0.250913,0.195966,-0.174968,1.095735,-0.105180,0.024432,0.095856,0.125595,-0.241226,0.403129,0.971829,0.249850,0.159335,-0.051490
-0.019998,2.042844,0.759470,0.018511,-0.025053,-0.717985,0.695361,-0.271466,-0.037201,0.213310,0.115877,0.024082,-0.058012,0.238354,-0.168783,-0.281567,0.600820,-0.249690,0.141357,0.020123,-0.069609,0.066519,0.250646,0.193180,-0.171950,1.095874,-0.104153,0.023745,0.094036,0.118962,-0.242820,0.400237,0.972748,0.249621,0.160044,-0.053478
-0.020892,2.050914,0.758112,0.019165,-0.023975,-0.718549,0.694799,-0.285607,-0.033864,0.214126,0.115504,0.022911,-0.057701,0.251077,-0.158939,-0.284516,0.555368,-0.286679,0.141473,0.022634,-0.067716,0.068365,0.249764,0.190288,-0.168842,1.096463,-0.102915,0.022862,0.092354,0.111900,-0.244390,0.397704,0.973904,0.249395,0.160767,-0.055453
-0.021882,2.059158,0.756987,0.018843,-0.022065,-0.719113,0.694287,-0.299187,-0.027719,0.214112,0.115133,0.019131,-0.058670,0.261666,-0.146741,-0.289048,0.512103,-0.315234,0.139612,0.024881,-0.063137,0.070509,0.248253,0.187321,-0.166351,1.097761,-0.101780,0.022480,0.091617,0.104648,-0.246037,0.396210,0.975632,0.249372,0.161317,-0.057173
-0.022937,2.067526,0.756103,0.017378,-0.018951,-0.719623,0.693889,-0.312642,-0.017926,0.212639,0.114795,0.012385,-0.061144,0.269628,-0.131290,-0.296434,0.470715,-0.333126,0.135108,0.026642,-0.055025,0.072954,0.245717,0.184305,-0.164510,1.099909,-0.100946,0.022891,0.092121,0.096889,-0.247852,0.396023,0.977923,0.250034,0.161567,-0.058567
-0.023935,2.075770,0.755440,0.015067,-0.014924,-0.720112,0.693533,-0.326065,-0.005325,0.210013,0.114447,0.003233,-0.064567,0.275208,-0.113562,-0.306365,0.431625,-0.345399,0.128286,0.028058,-0.044237,0.075760,0.242325,0.181222,-0.162979,1.102690,-0.100216,0.023694,0.093395,0.088691,-0.249838,0.396754,0.980503,0.251161,0.161654,-0.059750
-0.024959,2.083926,0.754968,0.012146,-0.010695,-0.720664,0.693095,-0.338390,0.008791,0.207294,0.114112,-0.007979,-0.068723,0.279491,-0.094706,-0.315977,0.395022,-0.353551,0.120555,0.029549,-0.032203,0.078911,0.238855,0.178042,-0.161905,1.105867,-0.099302,0.024547,0.095087,0.080872,-0.251943,0.398094,0.983319,0.251871,0.161788,-0.060768
-0.026053,2.091962,0.754676,0.008826,-0.006945,-0.721365,0.692464,-0.348532,0.023097,0.205604,0.113693,-0.020818,-0.073435,0.283394,-0.076063,-0.322416,0.361597,-0.359138,0.113232,0.031527,-0.020318,0.082370,0.236078,0.174731,-0.161493,1.109204,-0.097917,0.025130,0.096850,0.074296,-0.254049,0.399735,0.986292,0.251290,0.162188,-0.061659
-0.027116,2.099846,0.754449,0.004811,-0.003635,-0.722318,0.691535,-0.356238,0.038176,0.204525,0.113163,-0.037133,-0.078952,0.286738,-0.057234,-0.324491,0.332412,-0.362020,0.106097,0.034341,-0.008133,0.086290,0.233968,0.171245,-0.162082,1.113306,-0.095643,0.025232,0.099220,0.069043,-0.256105,0.401822,0.989798,0.248516,0.163011,-0.062427
-0.028064,2.107460,0.754279,0.000083,-0.000431,-0.723417,0.690411,-0.362133,0.054479,0.203606,0.112600,-0.056552,-0.085241,0.288949,-0.037938,-0.323983,0.307658,-0.362009,0.098559,0.037593,0.004918,0.090562,0.232194,0.167602,-0.163521,1.118056,-0.092745,0.025120,0.102201,0.064683,-0.258108,0.404436,0.993826,0.244214,0.164106,-0.063061
-0.028929,2.114770,0.754031,-0.004430,0.002171,-0.724404,0.689359,-0.367051,0.069739,0.204282,0.113355,-0.075886,-0.091650,0.289409,-0.021003,-0.322667,0.288710,-0.361636,0.091503,0.040455,0.016765,0.094727,0.230855,0.163909,-0.165218,1.122575,-0.089945,0.024938,0.104607,0.061210,-0.259979,0.407206,0.997825,0.239880,0.165194,-0.063592
-0.029857,2.121840,0.753901,-0.008341,0.004014,-0.725119,0.688561,-0.370293,0.082972,0.207606,0.113895,-0.090321,-0.097961,0.289391,-0.006875,-0.322005,0.272202,-0.360678,0.085193,0.042387,0.026628,0.098603,0.230229,0.160263,-0.166631,1.125773,-0.088004,0.024863,0.105262,0.058604,-0.261719,0.409698,1.001278,0.236987,0.165999,-0.064033
-0.030771,2.128731,0.753912,-0.011851,0.005125,-0.725577,0.688020,-0.371788,0.094649,0.215059,0.114164,-0.098972,-0.105336,0.288563,0.004355,-0.322006,0.259445,-0.359445,0.079671,0.043356,0.034790,0.102397,0.230715,0.156647,-0.167498,1.126914,-0.087455,0.024915,0.103462,0.056838,-0.263375,0.411936,1.004155,0.236000,0.166510,-0.064360
-0.031393,2.135540,0.754218,-0.015219,0.005673,-0.725833,0.687679,-0.371533,0.105420,0.225492,0.114257,-0.103862,-0.113663,0.286602,0.013447,-0.322121,0.250932,-0.357535,0.074575,0.043563,0.041936,0.106221,0.232105,0.153028,-0.168131,1.126664,-0.087792,0.025013,0.099962,0.055938,-0.264963,0.414087,1.006674,0.236112,0.166851,-0.064570
-0.031815,2.142307,0.754914,-0.018041,0.005737,-0.725793,0.687653,-0.369660,0.114156,0.236235,0.114220,-0.105404,-0.120595,0.283879,0.020404,-0.322965,0.244195,-0.354983,0.069877,0.042896,0.047396,0.109579,0.233744,0.149750,-0.168910,1.125988,-0.088282,0.025183,0.095678,0.055990,-0.266303,0.415843,1.008686,0.236859,0.166939,-0.064715
-0.032207,2.149083,0.755888,-0.019899,0.005385,-0.725371,0.688049,-0.366350,0.119735,0.244671,0.114123,-0.104078,-0.123744,0.280841,0.025257,-0.325095,0.236717,-0.351837,0.065534,0.041126,0.050810,0.111935,0.234776,0.146505,-0.170092,1.126226,-0.088033,0.025389,0.091719,0.057051,-0.267494,0.417047,1.010034,0.237818,0.166720,-0.064863
-0.032650,2.155647,0.757049,-0.020483,0.004532,-0.724456,0.689001,-0.361727,0.121375,0.250833,0.114028,-0.099384,-0.121700,0.277191,0.027483,-0.328965,0.228495,-0.348169,0.061689,0.038124,0.051111,0.113103,0.235403,0.144248,-0.171977,1.126927,-0.087232,0.025699,0.087589,0.059155,-0.268099,0.417475,1.010565,0.239140,0.165924,-0.064997
-0.033089,2.162053,0.758409,-0.020076,0.003155,-0.723124,0.690420,-0.355668,0.119736,0.255920,0.113851,-0.091303,-0.115945,0.272880,0.027207,-0.334196,0.220672,-0.343963,0.058334,0.034004,0.048994,0.113326,0.235718,0.142310,-0.174341,1.128020,-0.086119,0.026058,0.083135,0.062187,-0.268340,0.417305,1.010540,0.240947,0.164670,-0.065121
-0.033685,2.168371,0.759935,-0.019118,0.001382,-0.721577,0.692069,-0.348098,0.115861,0.259085,0.113634,-0.081116,-0.108474,0.268760,0.025411,-0.340063,0.212356,-0.339081,0.055164,0.029449,0.045285,0.112935,0.235829,0.140866,-0.176951,1.129529,-0.084495,0.026495,0.079018,0.066245,-0.268201,0.416605,1.010084,0.242732,0.163411,-0.065208
-0.034249,2.174462,0.761501,-0.018049,-0.000652,-0.720024,0.693714,-0.338872,0.110838,0.259481,0.113374,-0.070069,-0.101329,0.265707,0.023132,-0.345836,0.202617,-0.333400,0.051873,0.025230,0.041062,0.112202,0.235549,0.139661,-0.179748,1.131901,-0.082133,0.027002,0.076098,0.071391,-0.267704,0.415291,1.009489,0.243916,0.162602,-0.065273
-0.034601,2.180119,0.763011,-0.016769,-0.003039,-0.718318,0.695506,-0.328908,0.104136,0.255872,0.115295,-0.059505,-0.094614,0.262753,0.019407,-0.352001,0.194463,-0.328730,0.048575,0.020864,0.035903,0.110984,0.234790,0.138934,-0.183081,1.135556,-0.078263,0.027662,0.074735,0.078010,-0.266821,0.413251,1.008475,0.244316,0.162496,-0.065348
-0.035010,2.185872,0.764620,-0.015256,-0.005737,-0.716447,0.697451,-0.317506,0.095777,0.248943,0.117752,-0.047835,-0.087682,0.260411,0.014750,-0.358582,0.186060,-0.323825,0.045226,0.016216,0.029859,0.109277,0.233742,0.138625,-0.186829,1.140114,-0.073224,0.028454,0.074440,0.085937,-0.265675,0.410624,1.006987,0.244274,0.162818,-0.065398
-0.035391,2.191575,0.766233,-0.013677,-0.008510,-0.714648,0.699298,-0.306968,0.087480,0.240385,0.125117,-0.037475,-0.080999,0.258174,0.009690,-0.364845,0.177785,-0.318854,0.042083,0.012884,0.023478,0.107128,0.231954,0.138664,-0.191022,1.145407,-0.068724,0.029220,0.074840,0.094304,-0.263265,0.406736,1.006317,0.243584,0.163087,-0.065481
-0.035561,2.197039,0.767724,-0.012239,-0.011080,-0.713185,0.700782,-0.322257,0.086518,0.229978,0.190915,-0.056866,-0.075077,0.255689,0.004960,-0.369968,0.169620,-0.313824,0.039383,0.009955,0.017507,0.105154,0.230848,0.138861,-0.192517,1.149194,-0.065732,0.029831,0.074774,0.102151,-0.260887,0.404307,1.005853,0.243535,0.163115,-0.065368
-0.035645,2.202464,0.769075,-0.011002,-0.013376,-0.712194,0.701769,-0.335201,0.085913,0.219960,0.253945,-0.073393,-0.069793,0.253195,0.000839,-0.373574,0.160805,-0.308214,0.037503,0.008182,0.012383,0.103302,0.230191,0.138807,-0.191058,1.151609,-0.064865,0.030197,0.074257,0.109779,-0.258684,0.402731,1.005550,0.244199,0.162772,-0.065019
-0.035717,2.207886,0.770375,-0.009991,-0.015481,-0.711594,0.702350,-0.347240,0.085854,0.209419,0.317920,-0.089122,-0.065096,0.251230,-0.002483,-0.375910,0.150719,-0.301763,0.036126,0.007347,0.008178,0.101541,0.229700,0.138397,-0.187454,1.153330,-0.065278,0.030394,0.073728,0.117544,-0.256714,0.401709,1.005225,0.245302,0.162262,-0.064487
-0.035636,2.213354,0.771516,-0.009318,-0.017337,-0.711266,0.702648,-0.358137,0.086735,0.199740,0.382348,-0.104516,-0.060867,0.249418,-0.004907,-0.377274,0.140408,-0.295188,0.034501,0.007028,0.005016,0.100083,0.229043,0.137714,-0.182801,1.154670,-0.066344,0.030488,0.073324,0.125099,-0.255057,0.401602,1.004895,0.246480,0.161754,-0.063825
-0.035442,2.218827,0.772552,-0.009036,-0.018925,-0.711091,0.702787,-0.367429,0.089009,0.192311,0.446352,-0.119983,-0.056871,0.247245,-0.006497,-0.377974,0.131307,-0.289444,0.031898,0.006803,0.002895,0.099127,0.227950,0.136930,-0.178191,1.155857,-0.067445,0.030556,0.073151,0.132106,-0.253794,0.402779,1.004548,0.247386,0.161415,-0.063086
-0.035161,2.224309,0.773387,-0.009010,-0.020326,-0.711101,0.702739,-0.375389,0.092950,0.187877,0.510870,-0.136029,-0.053057,0.241668,-0.008825,-0.377930,0.130083,-0.288298,0.027992,0.006888,0.001569,0.098720,0.226460,0.136150,-0.173647,1.156620,-0.068850,0.030619,0.073188,0.138686,-0.253039,0.405323,1.003854,0.248035,0.161363,-0.062097
-0.034911,2.229717,0.774119,-0.009152,-0.021576,-0.711298,0.702500,-0.382232,0.098361,0.185435,0.576299,-0.152561,-0.049237,0.236068,-0.010711,-0.377195,0.128894,-0.287477,0.023245,0.007236,0.000821,0.098684,0.224703,0.135294,-0.168590,1.156935,-0.070719,0.030636,0.073384,0.144892,-0.252705,0.409112,1.002992,0.248599,0.161477,-0.060903
-0.034705,2.235098,0.774734,-0.009566,-0.022615,-0.711522,0.702234,-0.387601,0.105069,0.183703,0.641220,-0.169046,-0.044973,0.230551,-0.011778,-0.376181,0.127745,-0.286449,0.018224,0.007499,0.000791,0.098967,0.222440,0.134567,-0.163835,1.157284,-0.072526,0.030611,0.073700,0.150887,-0.252706,0.413643,1.002022,0.248878,0.161622,-0.059766
-0.034520,2.240437,0.775218,-0.010369,-0.023380,-0.711615,0.702104,-0.391154,0.112723,0.181484,0.704253,-0.184967,-0.039970,0.225315,-0.011639,-0.375292,0.126567,-0.284698,0.013495,0.006723,0.001605,0.099484,0.219696,0.133922,-0.159454,1.158071,-0.073506,0.030525,0.074120,0.156281,-0.252915,0.419190,1.001493,0.248855,0.161637,-0.059029
-0.034405,2.245750,0.775566,-0.011705,-0.023844,-0.711529,0.702154,-0.393034,0.121795,0.178960,0.766500,-0.200670,-0.033520,0.220519,-0.010007,-0.374490,0.125444,-0.282076,0.009040,0.005361,0.003422,0.100490,0.216117,0.133710,-0.156296,1.159579,-0.073458,0.030454,0.074601,0.161396,-0.253178,0.425056,1.001074,0.248287,0.161434,-0.058569
-0.034293,2.251013,0.775886,-0.013461,-0.024042,-0.711343,0.702305,-0.393394,0.132260,0.176562,0.828415,-0.216387,-0.025967,0.216028,-0.007226,-0.373641,0.124365,-0.278867,0.004613,0.003537,0.006009,0.101905,0.211892,0.133863,-0.153887,1.161498,-0.072752,0.030386,0.075151,0.166084,-0.253451,0.431535,1.000876,0.247284,0.161091,-0.058308
-0.034150,2.256253,0.776162,-0.015335,-0.024048,-0.711079,0.702534,-0.391992,0.142827,0.173603,0.887684,-0.231402,-0.018764,0.211486,-0.003917,-0.373023,0.123364,-0.275179,0.000446,0.000844,0.008831,0.103225,0.207582,0.134395,-0.151555,1.163288,-0.071912,0.030216,0.075721,0.170223,-0.253791,0.439131,1.001206,0.246093,0.160744,-0.058502
-0.034102,2.261516,0.776416,-0.017059,-0.023898,-0.710763,0.702818,-0.388769,0.152130,0.169486,0.942298,-0.245118,-0.013432,0.206417,-0.000758,-0.372896,0.122709,-0.271232,-0.003236,-0.001811,0.011619,0.103912,0.202753,0.135172,-0.150208,1.165270,-0.071786,0.029825,0.076538,0.174439,-0.254006,0.446526,1.002124,0.244318,0.160520,-0.059347
-0.034029,2.266655,0.776619,-0.018563,-0.023538,-0.710387,0.703172,-0.384018,0.159948,0.164035,0.992529,-0.257919,-0.010206,0.200592,0.002226,-0.373426,0.122584,-0.267089,-0.006125,-0.004914,0.014258,0.103765,0.197746,0.136322,-0.149435,1.167227,-0.072762,0.029032,0.077467,0.178302,-0.254089,0.454563,1.004068,0.242099,0.160485,-0.061080
-0.033879,2.271715,0.776849,-0.020000,-0.022948,-0.709928,0.703616,-0.377739,0.166821,0.157709,1.039368,-0.270037,-0.008438,0.194425,0.005393,-0.374440,0.122402,-0.262382,-0.008435,-0.008417,0.016901,0.103065,0.192447,0.137950,-0.149338,1.169242,-0.074433,0.027951,0.078483,0.181790,-0.253972,0.463133,1.006897,0.239409,0.160556,-0.063525
-0.033708,2.276766,0.777092,-0.021357,-0.022306,-0.709408,0.704121,-0.369592,0.172507,0.150936,1.082223,-0.280685,-0.008358,0.188153,0.008457,-0.375767,0.122196,-0.257310,-0.010654,-0.012049,0.019430,0.102023,0.186762,0.139810,-0.149860,1.171252,-0.076044,0.026912,0.079757,0.185327,-0.253607,0.471488,1.010091,0.236288,0.160635,-0.066356
-0.033514,2.281755,0.777350,-0.022642,-0.021770,-0.708849,0.704660,-0.359241,0.176816,0.144107,1.120420,-0.289081,-0.010172,0.181968,0.011158,-0.377196,0.122022,-0.252048,-0.013310,-0.015849,0.021569,0.100872,0.180898,0.141895,-0.150562,1.172917,-0.076813,0.026237,0.081318,0.189190,-0.252962,0.479355,1.013151,0.232950,0.160634,-0.069244
-0.033340,2.286657,0.777673,-0.023854,-0.021383,-0.708236,0.705249,-0.346421,0.179654,0.137335,1.153956,-0.295629,-0.013688,0.175975,0.013413,-0.378806,0.121876,-0.246599,-0.016578,-0.019884,0.023239,0.099564,0.174846,0.144200,-0.151742,1.174223,-0.076388,0.026247,0.083477,0.193347,-0.252012,0.487099,1.016327,0.229172,0.160446,-0.072520
-0.033066,2.291621,0.778016,-0.024996,-0.021055,-0.707564,0.705893,-0.331425,0.181141,0.130473,1.183271,-0.300608,-0.018903,0.170057,0.015375,-0.380658,0.121723,-0.240877,-0.020176,-0.024181,0.024580,0.098000,0.168541,0.146735,-0.153430,1.175336,-0.075234,0.026676,0.086103,0.197652,-0.250744,0.494818,1.019790,0.224955,0.160153,-0.076226
-0.032822,2.296505,0.778366,-0.026061,-0.020754,-0.706878,0.706551,-0.314727,0.181416,0.123497,1.208244,-0.302986,-0.026287,0.164046,0.017133,-0.382523,0.121632,-0.234974,-0.023952,-0.028576,0.025649,0.096316,0.162123,0.149520,-0.154941,1.176005,-0.073765,0.027115,0.088612,0.202240,-0.249182,0.501651,1.022958,0.220799,0.159925,-0.079602
-0.032540,2.301375,0.778714,-0.027068,-0.020426,-0.706223,0.707177,-0.296817,0.180649,0.116327,1.228763,-0.301756,-0.036330,0.157678,0.018771,-0.384179,0.121885,-0.229087,-0.027763,-0.032899,0.026559,0.094659,0.155736,0.152570,-0.155600,1.175974,-0.072396,0.027151,0.090413,0.207314,-0.247344,0.506718,1.025159,0.217196,0.159924,-0.081871
-0.032294,2.306318,0.779086,-0.028009,-0.020107,-0.705581,0.707790,-0.277535,0.178870,0.109037,1.244708,-0.295613,-0.049628,0.151119,0.020269,-0.385578,0.122277,-0.223139,-0.031682,-0.037245,0.027222,0.093032,0.149428,0.155954,-0.155467,1.175264,-0.070775,0.026527,0.091165,0.213117,-0.245201,0.509340,1.026060,0.214120,0.160213,-0.082687
-0.032088,2.311169,0.779412,-0.028839,-0.019851,-0.704944,0.708398,-0.256765,0.175856,0.101578,1.256282,-0.285551,-0.065814,0.144405,0.021507,-0.386816,0.122818,-0.217117,-0.035775,-0.041598,0.027521,0.091359,0.143128,0.159693,-0.154883,1.173943,-0.068846,0.025540,0.091232,0.219536,-0.242733,0.510087,1.026023,0.211337,0.160687,-0.082495
-0.031838,2.316113,0.779695,-0.029568,-0.019559,-0.704367,0.708950,-0.235052,0.171445,0.093658,1.263700,-0.273946,-0.083913,0.137330,0.022587,-0.387890,0.123491,-0.210976,-0.039866,-0.045705,0.027596,0.089660,0.136754,0.163694,-0.153540,1.171973,-0.067479,0.024513,0.091101,0.226135,-0.240000,0.510051,1.025476,0.209107,0.161269,-0.081738
-0.031580,2.321069,0.779884,-0.030186,-0.019160,-0.703904,0.709395,-0.212932,0.165550,0.085050,1.267178,-0.263159,-0.102892,0.129653,0.023589,-0.388796,0.124345,-0.204685,-0.043766,-0.049361,0.027610,0.087951,0.130281,0.167800,-0.151071,1.169206,-0.067500,0.023845,0.091273,0.232469,-0.237144,0.510357,1.024858,0.207692,0.161886,-0.080860
-0.031245,2.326125,0.779969,-0.030657,-0.018628,-0.703573,0.709717,-0.190450,0.157704,0.075315,1.266851,-0.253424,-0.122681,0.118065,0.023049,-0.389529,0.132758,-0.202148,-0.047311,-0.052536,0.027552,0.086178,0.123744,0.171887,-0.146935,1.165318,-0.069375,0.023748,0.091869,0.238602,-0.234259,0.511208,1.023928,0.207451,0.162630,-0.079876
-0.030943,2.331242,0.780104,-0.030980,-0.018017,-0.703346,0.709943,-0.167328,0.148131,0.064651,1.262581,-0.243719,-0.143681,0.104431,0.021653,-0.390057,0.144700,-0.201291,-0.050636,-0.055408,0.027378,0.084336,0.117153,0.175957,-0.141381,1.160498,-0.072530,0.023980,0.092658,0.244694,-0.231404,0.512116,1.022551,0.208178,0.163515,-0.078591
-0.030611,2.336406,0.780122,-0.031228,-0.017341,-0.703212,0.710082,-0.143613,0.137879,0.053855,1.254198,-0.234514,-0.165471,0.089921,0.019957,-0.390444,0.157746,-0.200660,-0.053837,-0.058057,0.027253,0.082568,0.110429,0.180045,-0.135248,1.155368,-0.076258,0.024226,0.093588,0.250593,-0.228613,0.513158,1.021103,0.209304,0.164362,-0.077109
-0.030217,2.341685,0.780061,-0.031484,-0.016614,-0.703157,0.710143,-0.119409,0.128056,0.043708,1.241555,-0.226199,-0.187596,0.075034,0.018268,-0.390788,0.171019,-0.199654,-0.057020,-0.060559,0.027336,0.081018,0.103494,0.184206,-0.129383,1.150541,-0.079851,0.024176,0.094608,0.256082,-0.225950,0.514381,1.020046,0.210248,0.164980,-0.075540
-0.029808,2.347058,0.779918,-0.031803,-0.015839,-0.703183,0.710121,-0.094369,0.118322,0.033684,1.224229,-0.218623,-0.211805,0.059958,0.016676,-0.391158,0.184295,-0.198116,-0.060212,-0.062908,0.027710,0.079781,0.096315,0.188489,-0.123919,1.145989,-0.083217,0.023835,0.095630,0.261276,-0.223439,0.515785,1.019302,0.211139,0.165195,-0.074055
-0.029307,2.352478,0.779713,-0.032124,-0.015020,-0.703292,0.710016,-0.068578,0.108510,0.023497,1.202465,-0.211728,-0.237512,0.044488,0.015077,-0.391500,0.197856,-0.196264,-0.063358,-0.065044,0.028275,0.078772,0.088944,0.192897,-0.118458,1.141425,-0.086695,0.023344,0.096691,0.266256,-0.221099,0.517296,1.018654,0.212188,0.165155,-0.072542
-0.028816,2.357922,0.779432,-0.032417,-0.014101,-0.703465,0.709850,-0.042828,0.099990,0.014332,1.176999,-0.205775,-0.260790,0.028610,0.013518,-0.391745,0.211422,-0.193997,-0.066448,-0.067016,0.028993,0.077897,0.081444,0.197379,-0.113094,1.137072,-0.090327,0.022582,0.097916,0.270886,-0.218911,0.518931,1.018189,0.212956,0.165153,-0.070660
-0.028018,2.363377,0.779129,-0.032136,-0.013464,-0.703523,0.709818,-0.018051,0.094292,0.012076,1.147987,-0.200170,-0.261800,0.010593,0.009466,-0.391934,0.228590,-0.193124,-0.068969,-0.069231,0.028708,0.076881,0.073855,0.201849,-0.107920,1.133182,-0.094118,0.021428,0.099452,0.274967,-0.216841,0.520685,1.018081,0.213011,0.165481,-0.068073
-0.027323,2.368993,0.778710,-0.031780,-0.012675,-0.703691,0.709682,0.005762,0.090810,0.011055,1.116337,-0.196623,-0.261800,-0.008023,0.005680,-0.391596,0.245743,-0.191780,-0.071576,-0.071192,0.028552,0.075877,0.066133,0.206313,-0.102931,1.129801,-0.098171,0.019611,0.101274,0.278470,-0.214882,0.522627,1.018458,0.212008,0.166218,-0.064248
-0.026643,2.374731,0.778220,-0.031661,-0.011518,-0.704026,0.709375,0.029027,0.089653,0.010610,1.081970,-0.194893,-0.261800,-0.026131,0.003488,-0.390876,0.260619,-0.188854,-0.074486,-0.072739,0.029247,0.075052,0.058287,0.210790,-0.098073,1.126800,-0.102433,0.017271,0.103327,0.281485,-0.213030,0.524750,1.019216,0.210260,0.167204,-0.059518
-0.025927,2.380563,0.777655,-0.031630,-0.010119,-0.704388,0.709038,0.051538,0.090042,0.010223,1.044426,-0.192560,-0.261800,-0.043777,0.002233,-0.390376,0.273511,-0.184714,-0.077533,-0.074151,0.030388,0.074332,0.050390,0.215206,-0.093362,1.124205,-0.106694,0.014897,0.105720,0.284006,-0.211277,0.526884,1.020180,0.208266,0.168357,-0.054862
-0.025243,2.386540,0.777036,-0.031531,-0.008607,-0.704643,0.708809,0.073088,0.091130,0.009369,1.003161,-0.187176,-0.261800,-0.060966,0.001203,-0.390620,0.284520,-0.179678,-0.080495,-0.075687,0.031548,0.073629,0.042511,0.219443,-0.088804,1.122053,-0.110722,0.012978,0.108572,0.286043,-0.209590,0.528887,1.021153,0.206541,0.169618,-0.051261
-0.024506,2.392430,0.776394,-0.031289,-0.006993,-0.704775,0.708706,0.093617,0.093464,0.008980,0.957023,-0.174975,-0.261800,-0.077830,0.000094,-0.391796,0.293952,-0.174060,-0.083174,-0.077404,0.032625,0.072708,0.034695,0.223432,-0.084347,1.120435,-0.114613,0.011610,0.112301,0.287627,-0.207966,0.531093,1.022290,0.205055,0.171134,-0.049000
-0.023738,2.398597,0.775730,-0.030992,-0.005233,-0.704836,0.708674,0.113211,0.097068,0.009449,0.906755,-0.158530,-0.261800,-0.094374,-0.000821,-0.393640,0.301817,-0.167695,-0.085646,-0.079216,0.033843,0.071695,0.026889,0.227178,-0.079977,1.119322,-0.118422,0.010532,0.116740,0.288730,-0.206406,0.533472,1.023645,0.203595,0.172888,-0.047557
-0.022923,2.404932,0.775045,-0.030713,-0.003360,-0.704804,0.708729,0.131834,0.100430,0.009258,0.854679,-0.144834,-0.261800,-0.110688,-0.001525,-0.395962,0.308359,-0.160387,-0.088082,-0.081107,0.035207,0.071006,0.018969,0.230687,-0.075797,1.118616,-0.121848,0.009701,0.121157,0.289195,-0.204917,0.535243,1.024987,0.202367,0.174556,-0.046711
-0.022010,2.411434,0.774356,-0.029983,-0.001845,-0.704573,0.708996,0.149527,0.100940,0.008109,0.802047,-0.140066,-0.256257,-0.128406,-0.004351,-0.398268,0.317074,-0.153509,-0.090295,-0.083259,0.035435,0.070804,0.010776,0.233959,-0.071963,1.118244,-0.124617,0.009080,0.124827,0.288893,-0.203483,0.535606,1.026066,0.201573,0.175817,-0.046245
-0.021011,2.418166,0.773550,-0.029153,-0.000443,-0.704146,0.709456,0.167214,0.098332,0.003040,0.747001,-0.147931,-0.241384,-0.146757,-0.008021,-0.400714,0.326565,-0.146373,-0.092558,-0.085618,0.035381,0.071299,0.002199,0.236979,-0.068308,1.118455,-0.126495,0.008685,0.127562,0.287981,-0.202076,0.534075,1.026699,0.201294,0.176602,-0.046142
-0.020024,2.425228,0.772709,-0.028296,0.000959,-0.703575,0.710056,0.184540,0.093855,-0.005895,0.689643,-0.164452,-0.223535,-0.165290,-0.011965,-0.403418,0.335777,-0.138627,-0.094903,-0.088073,0.035240,0.072323,-0.006706,0.239740,-0.064872,1.119240,-0.127686,0.008533,0.129758,0.286481,-0.200683,0.531120,1.027065,0.201402,0.177077,-0.046511
-0.018972,2.432516,0.771924,-0.027198,0.002240,-0.702952,0.710714,0.199604,0.088935,-0.013356,0.635072,-0.184956,-0.203240,-0.183938,-0.016525,-0.406069,0.344019,-0.129800,-0.097187,-0.090385,0.034581,0.073786,-0.015845,0.242262,-0.062125,1.120130,-0.128595,0.008603,0.131551,0.284084,-0.199326,0.527373,1.027432,0.201763,0.177270,-0.047307
-0.017825,2.439886,0.771208,-0.025646,0.003281,-0.702363,0.711350,0.210574,0.084726,-0.013685,0.588172,-0.204797,-0.181435,-0.202784,-0.022107,-0.408330,0.350879,-0.119505,-0.099237,-0.092312,0.032985,0.075604,-0.025100,0.244568,-0.060522,1.120622,-0.129611,0.008877,0.133071,0.280504,-0.198037,0.523459,1.028029,0.202243,0.177211,-0.048483
-0.016617,2.447601,0.770534,-0.023535,0.004074,-0.701783,0.711991,0.216301,0.081934,-0.003367,0.551455,-0.224639,-0.156421,-0.222189,-0.029052,-0.410131,0.356782,-0.108155,-0.101018,-0.093816,0.030316,0.077787,-0.034627,0.246636,-0.060004,1.120508,-0.130773,0.009564,0.134251,0.275647,-0.196833,0.519431,1.028879,0.203008,0.176709,-0.050105
-0.015360,2.455628,0.769868,-0.020992,0.004681,-0.701180,0.712660,0.218116,0.079471,0.013917,0.521678,-0.246462,-0.128675,-0.242070,-0.037171,-0.411523,0.361912,-0.095843,-0.102578,-0.095021,0.026754,0.080360,-0.044416,0.248454,-0.060377,1.120059,-0.131902,0.010603,0.135052,0.269682,-0.195724,0.514999,1.029844,0.204068,0.175814,-0.052171
-0.013945,2.463963,0.769304,-0.018100,0.005044,-0.700635,0.713272,0.217883,0.075998,0.033385,0.494910,-0.267389,-0.102478,-0.261770,-0.045962,-0.412402,0.365264,-0.081588,-0.103849,-0.095957,0.022447,0.083259,-0.054037,0.250023,-0.061815,1.119426,-0.133025,0.011571,0.135645,0.262750,-0.194758,0.510294,1.030852,0.205053,0.174930,-0.054524
-0.012424,2.472470,0.768948,-0.014984,0.005148,-0.700227,0.713744,0.217492,0.070399,0.050394,0.466932,-0.284184,-0.081906,-0.280563,-0.054845,-0.412710,0.365722,-0.064368,-0.104771,-0.096617,0.017541,0.086416,-0.063083,0.251444,-0.064553,1.118762,-0.134213,0.012056,0.136171,0.254978,-0.193938,0.505407,1.031867,0.205584,0.174467,-0.057000
-0.010930,2.481078,0.768791,-0.011486,0.004912,-0.700001,0.714033,0.217618,0.062146,0.065133,0.435479,-0.295117,-0.068856,-0.298625,-0.064176,-0.412214,0.363148,-0.044110,-0.105551,-0.096841,0.011614,0.089911,-0.071710,0.252913,-0.069074,1.118013,-0.135914,0.011823,0.136644,0.246066,-0.193190,0.500582,1.033017,0.205182,0.174676,-0.059715
-0.009320,2.489893,0.768790,-0.007651,0.004445,-0.699898,0.714188,0.217297,0.052379,0.079761,0.402520,-0.301686,-0.060687,-0.316155,-0.073948,-0.411023,0.357908,-0.021253,-0.106138,-0.096754,0.004885,0.093744,-0.079990,0.254345,-0.075020,1.117062,-0.137942,0.011138,0.136975,0.236043,-0.192551,0.495776,1.034254,0.204204,0.175298,-0.062702
-0.007730,2.498743,0.768937,-0.003885,0.003984,-0.699849,0.714269,0.215779,0.042416,0.092659,0.370666,-0.305572,-0.054678,-0.332743,-0.083188,-0.409610,0.350245,0.004285,-0.106061,-0.096731,-0.001601,0.097718,-0.087432,0.255472,-0.081427,1.116012,-0.139430,0.010339,0.137148,0.225438,-0.192166,0.490584,1.035417,0.203482,0.175958,-0.065678
-0.006075,2.507710,0.769208,-0.000583,0.003747,-0.699794,0.714335,0.212319,0.033354,0.102259,0.342848,-0.308664,-0.048235,-0.347888,-0.090946,-0.408425,0.340197,0.032661,-0.104836,-0.096401,-0.007041,0.101631,-0.094082,0.256392,-0.088342,1.115315,-0.139871,0.009788,0.137097,0.215308,-0.191877,0.483781,1.035967,0.203593,0.176278,-0.068233
-0.004312,2.516674,0.769589,0.002073,0.003960,-0.699691,0.714431,0.205831,0.025686,0.107477,0.321091,-0.311706,-0.041064,-0.361741,-0.096489,-0.407690,0.326789,0.066438,-0.103496,-0.096064,-0.010722,0.105555,-0.099963,0.256897,-0.095605,1.115220,-0.138515,0.009485,0.136882,0.205417,-0.191750,0.475011,1.036086,0.204616,0.176182,-0.070332
-0.002627,2.525598,0.769976,0.004300,0.004491,-0.699599,0.714509,0.196978,0.018699,0.109567,0.303661,-0.313767,-0.034558,-0.374441,-0.100496,-0.407099,0.310249,0.104696,-0.101825,-0.095808,-0.013069,0.109525,-0.104986,0.256880,-0.103156,1.115438,-0.135768,0.009255,0.136553,0.195318,-0.191888,0.465015,1.036001,0.206286,0.175859,-0.072173
-0.001012,2.534375,0.770324,0.006322,0.004955,-0.699586,0.714503,0.187731,0.011552,0.110382,0.287829,-0.314276,-0.028598,-0.385501,-0.104141,-0.406219,0.292542,0.142335,-0.097468,-0.095253,-0.015042,0.113306,-0.108879,0.256398,-0.110876,1.115568,-0.132748,0.009188,0.136090,0.185484,-0.192323,0.454474,1.035499,0.208721,0.175334,-0.073788
0.000626,2.542916,0.770641,0.008384,0.004909,-0.699698,0.714373,0.180080,0.003478,0.111622,0.270818,-0.312579,-0.022969,-0.394255,-0.108458,-0.404624,0.275246,0.174383,-0.088143,-0.094155,-0.017684,0.116724,-0.111325,0.255519,-0.118537,1.115165,-0.130527,0.009374,0.135456,0.176386,-0.193069,0.444145,1.034348,0.212064,0.174625,-0.075205
0.002375,2.551174,0.770858,0.010632,0.004024,-0.699862,0.714188,0.174632,-0.006125,0.113075,0.251808,-0.308083,-0.017483,-0.399511,-0.113242,-0.401527,0.255022,0.202461,-0.070391,-0.092888,-0.021749,0.119821,-0.111996,0.254361,-0.125891,1.114052,-0.129330,0.009912,0.134558,0.168144,-0.194094,0.434083,1.032452,0.217000,0.173589,-0.076464
0.004109,2.559075,0.771040,0.012921,0.002515,-0.700035,0.713988,0.170286,-0.016665,0.113840,0.232449,-0.301234,-0.012136,-0.401642,-0.118085,-0.397326,0.231833,0.228285,-0.046368,-0.091473,-0.026672,0.122772,-0.111226,0.252904,-0.133241,1.112553,-0.128640,0.010734,0.133438,0.160640,-0.195429,0.423837,1.029809,0.223221,0.172275,-0.077510
0.005417,2.567233,0.771505,0.015046,0.000787,-0.700305,0.713685,0.166701,-0.027027,0.114603,0.213035,-0.292804,-0.006985,-0.402688,-0.123633,-0.393774,0.212819,0.246930,-0.022417,-0.089819,-0.031603,0.125574,-0.109001,0.251257,-0.140313,1.110420,-0.128246,0.011692,0.132138,0.153371,-0.197041,0.414233,1.026885,0.229578,0.170962,-0.078322
0.006687,2.575211,0.772094,0.016759,-0.000625,-0.700820,0.713141,0.163241,-0.035905,0.116249,0.194319,-0.283820,-0.002190,-0.405120,-0.130265,-0.392897,0.205671,0.253455,-0.005031,-0.087545,-0.035406,0.128133,-0.105474,0.249464,-0.147001,1.107525,-0.127972,0.012637,0.130736,0.145982,-0.198968,0.405920,1.024006,0.234885,0.169943,-0.078858
0.007963,2.582904,0.772630,0.018045,-0.001463,-0.701702,0.712241,0.159410,-0.042923,0.119281,0.176644,-0.274551,0.002242,-0.410095,-0.138343,-0.396402,0.213479,0.244333,0.003495,-0.084274,-0.037673,0.130192,-0.100639,0.247518,-0.153044,1.103585,-0.127846,0.013607,0.129096,0.138482,-0.201253,0.399136,1.020824,0.238929,0.169314,-0.078846
0.009322,2.590343,0.773226,0.018995,-0.001966,-0.702889,0.711043,0.155374,-0.048642,0.123304,0.159996,-0.264692,0.006335,-0.416237,-0.147500,-0.403056,0.231808,0.223116,0.006655,-0.080199,-0.038876,0.131814,-0.094467,0.245408,-0.158586,1.098755,-0.127952,0.014656,0.127222,0.131062,-0.203905,0.393527,1.017262,0.242315,0.168922,-0.078393
0.010454,2.597823,0.773943,0.019540,-0.002326,-0.704288,0.709642,0.151392,-0.053211,0.127939,0.144711,-0.254498,0.009959,-0.422370,-0.157019,-0.410326,0.257316,0.195370,0.006667,-0.075767,-0.039199,0.133343,-0.086991,0.243164,-0.164054,1.093485,-0.128128,0.015660,0.125390,0.123577,-0.206891,0.388914,1.014091,0.245121,0.168670,-0.078030
0.011585,2.605115,0.774722,0.019625,-0.002772,-0.705787,0.708146,0.147876,-0.056853,0.132741,0.130847,-0.244060,0.013010,-0.427354,-0.166085,-0.415790,0.286688,0.166703,0.005677,-0.071466,-0.038908,0.135138,-0.078254,0.240854,-0.169909,1.088233,-0.128269,0.016501,0.123879,0.115861,-0.210136,0.385129,1.012109,0.247418,0.168460,-0.078289
0.012671,2.612168,0.775583,0.019185,-0.003456,-0.707400,0.706545,0.141961,-0.059169,0.137956,0.125324,-0.236762,0.015310,-0.430718,-0.174702,-0.419020,0.319927,0.136903,0.003901,-0.067286,-0.038140,0.137430,-0.067935,0.238513,-0.176007,1.082764,-0.128479,0.017110,0.122914,0.107718,-0.213590,0.382453,1.011865,0.249228,0.168283,-0.079470
0.013666,2.619032,0.776498,0.018285,-0.004276,-0.709149,0.704808,0.135295,-0.060398,0.143602,0.124036,-0.230533,0.017022,-0.433063,-0.183288,-0.421047,0.358454,0.103545,0.000364,-0.063060,-0.036866,0.139992,-0.056120,0.236163,-0.182221,1.076955,-0.128782,0.017579,0.122292,0.099251,-0.217231,0.380896,1.012887,0.250499,0.168179,-0.081244
0.014616,2.625830,0.777392,0.017062,-0.005079,-0.710936,0.703031,0.129225,-0.060874,0.149167,0.122926,-0.223682,0.018501,-0.434837,-0.191485,-0.421867,0.400901,0.069025,-0.004651,-0.059022,-0.035088,0.142511,-0.043458,0.233868,-0.189011,1.071482,-0.128912,0.017984,0.121638,0.090723,-0.220975,0.379878,1.014447,0.251214,0.168126,-0.083186
0.015526,2.632444,0.778273,0.015746,-0.005779,-0.712679,0.701290,0.123096,-0.060849,0.154315,0.122146,-0.216844,0.020082,-0.436398,-0.199185,-0.421349,0.445696,0.035805,-0.010908,-0.055311,-0.033065,0.144626,-0.030647,0.231718,-0.196892,1.067106,-0.128620,0.018375,0.120583,0.082388,-0.224741,0.378721,1.015871,0.251305,0.168102,-0.084880
0.016338,2.638861,0.779218,0.014319,-0.006415,-0.714388,0.699573,0.116937,-0.060288,0.158911,0.121897,-0.210011,0.021921,-0.437761,-0.206557,-0.419017,0.493432,0.003454,-0.019457,-0.051958,-0.030819,0.146274,-0.017598,0.229794,-0.206277,1.064018,-0.127870,0.018785,0.119144,0.074194,-0.228448,0.377384,1.017506,0.250207,0.168108,-0.086393
0.017081,2.645382,0.780140,0.012709,-0.007044,-0.716089,0.697857,0.111197,-0.059218,0.163102,0.121691,-0.202721,0.023827,-0.438508,-0.213773,-0.414860,0.544072,-0.028878,-0.030125,-0.048859,-0.028396,0.147618,-0.004059,0.228132,-0.216862,1.061874,-0.126824,0.019167,0.117475,0.066017,-0.232069,0.376126,1.019617,0.248101,0.168145,-0.087890
0.017669,2.651888,0.780984,0.011116,-0.007651,-0.717736,0.696184,0.105467,-0.057907,0.167046,0.121463,-0.195336,0.025601,-0.438605,-0.220888,-0.409486,0.595738,-0.059472,-0.040854,-0.045928,-0.026082,0.148642,0.009611,0.226714,-0.228025,1.060387,-0.125480,0.019577,0.115421,0.058058,-0.235600,0.374716,1.021326,0.246075,0.168197,-0.089098
0.018278,2.658288,0.781772,0.009726,-0.008201,-0.719295,0.694588,0.099303,-0.056614,0.170927,0.121219,-0.188274,0.027044,-0.438033,-0.227803,-0.403719,0.646590,-0.086585,-0.049565,-0.043045,-0.024121,0.149328,0.023040,0.225477,-0.239178,1.059271,-0.123850,0.020066,0.112828,0.050553,-0.239049,0.372907,1.021713,0.245221,0.168238,-0.089742
0.018823,2.664745,0.782452,0.008583,-0.008620,-0.720787,0.693050,0.092471,-0.055293,0.174797,0.120988,-0.181529,0.028339,-0.437225,-0.234415,-0.397918,0.697315,-0.109237,-0.055619,-0.040163,-0.022480,0.149642,0.036069,0.224403,-0.250410,1.058652,-0.122240,0.020618,0.109609,0.043507,-0.242432,0.370416,1.020407,0.245861,0.168331,-0.089640
0.019227,2.671319,0.783029,0.007601,-0.008956,-0.722226,0.691557,0.085246,-0.053813,0.178550,0.120745,-0.174909,0.029490,-0.436086,-0.240752,-0.391781,0.748688,-0.128581,-0.060199,-0.037334,-0.021022,0.149597,0.048914,0.223499,-0.261950,1.058617,-0.120534,0.021213,0.105868,0.036832,-0.245756,0.367422,1.017922,0.247405,0.168467,-0.088979
0.019547,2.677704,0.783531,0.006697,-0.009270,-0.723568,0.690158,0.077903,-0.052293,0.182165,0.120502,-0.168593,0.030086,-0.433923,-0.246766,-0.385249,0.799243,-0.146060,-0.063863,-0.034603,-0.019843,0.149261,0.061744,0.222721,-0.273393,1.058866,-0.118107,0.021883,0.101737,0.030583,-0.249058,0.364363,1.014700,0.249572,0.168512,-0.088046
0.019833,2.684018,0.783903,0.005846,-0.009688,-0.724767,0.688901,0.070735,-0.050868,0.185619,0.120248,-0.162763,0.029718,-0.430010,-0.252311,-0.378272,0.847386,-0.163055,-0.067097,-0.032040,-0.019024,0.148698,0.074759,0.221992,-0.284305,1.059076,-0.114308,0.022659,0.097354,0.024802,-0.252394,0.361720,1.011188,0.252078,0.168342,-0.087133
0.020117,2.690208,0.784123,0.004977,-0.010166,-0.725828,0.687783,0.063805,-0.049398,0.189111,0.119971,-0.157739,0.027865,-0.424293,-0.256896,-0.370717,0.893284,-0.179852,-0.070012,-0.029655,-0.018480,0.147888,0.088143,0.221262,-0.294714,1.059109,-0.108351,0.023384,0.092667,0.019587,-0.255847,0.359693,1.007181,0.255141,0.167842,-0.086165
0.020311,2.696361,0.784239,0.004149,-0.010691,-0.726775,0.686779,0.056970,-0.047871,0.192581,0.119685,-0.153343,0.024891,-0.417084,-0.260478,-0.362821,0.937597,-0.195684,-0.072212,-0.027431,-0.018156,0.146826,0.101753,0.220519,-0.304771,1.059153,-0.100761,0.024073,0.087634,0.014917,-0.259441,0.358031,1.002485,0.258832,0.167123,-0.085036
0.020377,2.702517,0.784253,0.003413,-0.011319,-0.727590,0.685910,0.050189,-0.046671,0.195633,0.119412,-0.148984,0.021726,-0.408238,-0.263673,-0.355039,0.979480,-0.210344,-0.073428,-0.025400,-0.018216,0.145614,0.115275,0.219733,-0.314228,1.059394,-0.092862,0.025013,0.082399,0.010650,-0.263093,0.356543,0.997585,0.262672,0.166363,-0.083978
0.020488,2.708611,0.784194,0.002868,-0.012158,-0.728252,0.685195,0.043451,-0.046186,0.197871,0.119111,-0.144042,0.019294,-0.397596,-0.267206,-0.347804,1.018080,-0.223647,-0.073439,-0.023624,-0.018859,0.144339,0.128399,0.218870,-0.322807,1.060021,-0.085966,0.026514,0.077106,0.006556,-0.266678,0.355060,0.993073,0.266164,0.165743,-0.083245
0.020491,2.714738,0.784106,0.002571,-0.013259,-0.728725,0.684673,0.036679,-0.046653,0.198999,0.118922,-0.138509,0.017845,-0.385097,-0.271455,-0.341335,1.053574,-0.235782,-0.072225,-0.022323,-0.020307,0.143010,0.141132,0.217922,-0.330512,1.061043,-0.080400,0.028778,0.071551,0.002368,-0.270091,0.353674,0.989168,0.269237,0.165345,-0.082842
0.020430,2.720777,0.783932,0.002436,-0.014540,-0.729027,0.684326,0.029709,-0.047731,0.199291,0.119268,-0.132910,0.016883,-0.370833,-0.275928,-0.335491,1.086449,-0.246835,-0.069865,-0.021425,-0.022370,0.141575,0.153599,0.216897,-0.337463,1.062406,-0.075462,0.031609,0.065740,-0.001810,-0.273309,0.352446,0.985662,0.272124,0.165046,-0.082680
0.020383,2.726823,0.783591,0.002308,-0.015859,-0.729215,0.684097,0.022574,-0.048883,0.199179,0.120057,-0.127149,0.016191,-0.354831,-0.280040,-0.330219,1.116128,-0.256484,-0.066395,-0.020546,-0.024535,0.140044,0.165707,0.215745,-0.343529,1.064179,-0.070896,0.034713,0.060142,-0.005633,-0.276336,0.351123,0.982502,0.274760,0.164697,-0.082873
0.020400,2.732879,0.783184,0.002194,-0.017245,-0.729357,0.683912,0.015527,-0.050131,0.199194,0.120769,-0.120903,0.015591,-0.337055,-0.283595,-0.325150,1.141646,-0.264187,-0.061808,-0.019259,-0.026755,0.138408,0.177345,0.214389,-0.348592,1.066453,-0.066447,0.037800,0.055228,-0.008713,-0.279173,0.349454,0.979587,0.277097,0.164151,-0.083528
0.020362,2.738870,0.782745,0.002103,-0.018714,-0.729444,0.683782,0.003957,-0.050545,0.199595,0.131348,-0.119352,0.015072,-0.317386,-0.286780,-0.320331,1.163063,-0.269496,-0.055906,-0.017486,-0.029101,0.136651,0.188445,0.212736,-0.352404,1.069387,-0.062560,0.041070,0.051052,-0.010966,-0.281827,0.347397,0.976892,0.279050,0.163250,-0.085003
0.020239,2.744862,0.782232,0.002077,-0.020297,-0.729447,0.683733,-0.008658,-0.050979,0.199991,0.144297,-0.118569,0.014748,-0.295838,-0.289708,-0.315888,1.180690,-0.272748,-0.048754,-0.015450,-0.031660,0.134775,0.199049,0.210755,-0.355094,1.072944,-0.059188,0.044591,0.047400,-0.012584,-0.284296,0.345079,0.974474,0.280663,0.162111,-0.087131
0.020068,2.750792,0.781727,0.002048,-0.021919,-0.729405,0.683728,-0.021518,-0.051390,0.200415,0.157836,-0.117791,0.014492,-0.272711,-0.291938,-0.311700,1.194190,-0.274679,-0.040797,-0.013184,-0.034164,0.132812,0.209220,0.208488,-0.357134,1.076899,-0.055361,0.047870,0.044346,-0.013650,-0.286602,0.342487,0.972386,0.282092,0.161000,-0.089247
0.019890,2.756712,0.781124,0.001956,-0.023513,-0.729356,0.683728,-0.034269,-0.051622,0.200916,0.171177,-0.116796,0.014170,-0.248323,-0.293039,-0.307626,1.203249,-0.276041,-0.032511,-0.010687,-0.036329,0.130804,0.219028,0.206019,-0.359023,1.080980,-0.050124,0.050414,0.041947,-0.014181,-0.288737,0.339597,0.970604,0.283519,0.160193,-0.090672
0.019677,2.762762,0.780507,0.001768,-0.025161,-0.729315,0.683713,-0.046816,-0.051715,0.201596,0.184527,-0.115562,0.013947,-0.222226,-0.293163,-0.303690,1.207661,-0.277067,-0.024464,-0.007885,-0.038162,0.128840,0.228535,0.203380,-0.361236,1.085363,-0.042327,0.052007,0.040460,-0.014054,-0.290697,0.335991,0.969088,0.284986,0.159823,-0.091112
0.019320,2.768813,0.779819,0.001503,-0.026844,-0.729256,0.683712,-0.059392,-0.051698,0.202385,0.198255,-0.114241,0.013828,-0.194445,-0.292505,-0.299935,1.207666,-0.277355,-0.016330,-0.004751,-0.039772,0.126893,0.237702,0.200568,-0.363463,1.090030,-0.032808,0.052970,0.039766,-0.013232,-0.292461,0.331755,0.967782,0.286405,0.159732,-0.090956
0.019110,2.774627,0.779104,0.001247,-0.028420,-0.729160,0.683751,-0.071913,-0.051483,0.203083,0.211340,-0.112611,0.013465,-0.166027,-0.290733,-0.296200,1.203613,-0.276686,-0.007248,-0.001426,-0.041126,0.124796,0.246457,0.197647,-0.364946,1.094537,-0.023597,0.053541,0.039359,-0.012016,-0.294088,0.327654,0.966797,0.287691,0.159748,-0.090566
0.018760,2.780589,0.778326,0.001059,-0.029714,-0.729011,0.683856,-0.084407,-0.050990,0.203482,0.222981,-0.110546,0.012482,-0.138020,-0.287535,-0.292278,1.195849,-0.274865,0.003648,0.001936,-0.042191,0.122400,0.254822,0.194698,-0.364895,1.098239,-0.016702,0.054029,0.038722,-0.010681,-0.295638,0.324512,0.966186,0.288808,0.159704,-0.090300
0.018396,2.786660,0.777515,0.000954,-0.030689,-0.728777,0.684063,-0.096670,-0.050319,0.203402,0.232568,-0.108024,0.010909,-0.110440,-0.282820,-0.287849,1.184129,-0.271438,0.017267,0.005300,-0.042971,0.119647,0.262888,0.191739,-0.362790,1.100835,-0.012540,0.054469,0.037504,-0.009175,-0.297149,0.322489,0.966042,0.290024,0.159386,-0.090237
0.017989,2.792912,0.776640,0.000913,-0.031444,-0.728478,0.684346,-0.108796,-0.049500,0.202993,0.240729,-0.105114,0.008900,-0.082843,-0.276841,-0.282973,1.168432,-0.266743,0.032849,0.008698,-0.043508,0.116631,0.270695,0.188737,-0.359093,1.102593,-0.010065,0.054731,0.036038,-0.007412,-0.298608,0.321238,0.966290,0.291301,0.158940,-0.090186
0.017428,2.799192,0.775713,0.000905,-0.031982,-0.728177,0.684642,-0.121038,-0.048349,0.202535,0.248083,-0.101756,0.006274,-0.055559,-0.269819,-0.278000,1.149414,-0.261731,0.048771,0.012097,-0.043821,0.113433,0.278147,0.185711,-0.354518,1.103824,-0.009115,0.054833,0.034834,-0.005585,-0.299978,0.320787,0.966696,0.292119,0.158752,-0.090108
0.016878,2.805378,0.774799,0.000933,-0.032337,-0.727929,0.684889,-0.133686,-0.046688,0.202296,0.255296,-0.097897,0.002841,-0.028950,-0.262001,-0.273290,1.127749,-0.257296,0.063427,0.015448,-0.043964,0.110133,0.285167,0.182723,-0.349751,1.104811,-0.009526,0.054799,0.034395,-0.003924,-0.301238,0.321160,0.967082,0.291944,0.159198,-0.089965
0.016282,2.811640,0.773870,0.000998,-0.032483,-0.727759,0.685062,-0.146907,-0.044451,0.202391,0.262751,-0.093635,-0.001472,-0.002845,-0.253643,-0.269087,1.103261,-0.254233,0.076113,0.018876,-0.044001,0.106582,0.291860,0.179821,-0.344793,1.105522,-0.012018,0.054626,0.035133,-0.002355,-0.302377,0.322558,0.967372,0.290193,0.160768,-0.089623
0.015637,2.818015,0.772931,0.001122,-0.032438,-0.727637,0.685195,-0.160476,-0.041739,0.202639,0.269944,-0.088935,-0.006582,0.022869,-0.244630,-0.265051,1.075688,-0.251824,0.087751,0.022387,-0.043922,0.102799,0.298255,0.177009,-0.339347,1.105795,-0.016432,0.054305,0.036679,-0.000806,-0.303392,0.324887,0.967675,0.287295,0.163123,-0.089139
0.014848,2.824597,0.771931,0.001237,-0.032194,-0.727533,0.685316,-0.174199,-0.038617,0.202859,0.276432,-0.083645,-0.012439,0.047647,-0.234646,-0.260671,1.045704,-0.248706,0.099212,0.025757,-0.043651,0.099125,0.304134,0.174297,-0.333675,1.105720,-0.021303,0.053843,0.038358,0.000583,-0.304231,0.327692,0.967974,0.284221,0.165423,-0.088747
0.013966,2.831407,0.770899,0.001308,-0.031780,-0.727421,0.685454,-0.187829,-0.035152,0.202867,0.281629,-0.077592,-0.018982,0.070967,-0.223341,-0.255414,1.013933,-0.243507,0.111390,0.028798,-0.043111,0.095901,0.309274,0.171704,-0.328061,1.105392,-0.025164,0.053260,0.039506,0.001670,-0.304833,0.330497,0.968270,0.281943,0.166816,-0.088697
0.012996,2.838350,0.769825,0.001227,-0.031119,-0.727287,0.685626,-0.201766,-0.031039,0.202454,0.286419,-0.070962,-0.025978,0.092874,-0.210012,-0.248802,0.980295,-0.234009,0.126580,0.031484,-0.042094,0.093215,0.313690,0.169261,-0.322569,1.104740,-0.027570,0.052446,0.040024,0.002491,-0.305134,0.333360,0.968598,0.280775,0.166789,-0.089276
0.011975,2.845468,0.768736,0.001051,-0.030226,-0.727150,0.685812,-0.215990,-0.026333,0.201732,0.290787,-0.063825,-0.033549,0.113694,-0.194975,-0.241052,0.944387,-0.221516,0.143702,0.033932,-0.040720,0.090876,0.317470,0.166993,-0.317059,1.103743,-0.029331,0.051433,0.040245,0.003072,-0.305128,0.336452,0.968991,0.280158,0.165881,-0.090291
0.010988,2.852708,0.767610,0.000958,-0.029236,-0.727032,0.685980,-0.229594,-0.021684,0.201034,0.292737,-0.055623,-0.042127,0.133237,-0.179564,-0.232808,0.906555,-0.209986,0.158488,0.036199,-0.039395,0.088839,0.320536,0.164890,-0.311526,1.102530,-0.030865,0.050470,0.040137,0.003334,-0.304834,0.339432,0.969370,0.279765,0.164839,-0.091258
0.009961,2.860217,0.766459,0.001100,-0.028270,-0.726957,0.686100,-0.241698,-0.017719,0.200710,0.290358,-0.045827,-0.052117,0.151308,-0.165167,-0.224893,0.867126,-0.203420,0.166603,0.038357,-0.038478,0.087081,0.322758,0.162934,-0.306013,1.101266,-0.032612,0.049801,0.039681,0.003224,-0.304284,0.341936,0.969614,0.279264,0.164419,-0.091689
0.008907,2.867794,0.765277,0.001612,-0.027414,-0.726930,0.686163,-0.252055,-0.014869,0.200849,0.282778,-0.033653,-0.063853,0.167707,-0.151866,-0.216632,0.825590,-0.201816,0.165502,0.040445,-0.038218,0.085530,0.324189,0.161102,-0.300629,1.099765,-0.034830,0.049676,0.038775,0.002832,-0.303472,0.343699,0.969584,0.278641,0.164942,-0.091380
0.007797,2.875654,0.764035,0.002312,-0.026542,-0.726945,0.686179,-0.261085,-0.012662,0.201225,0.271103,-0.019549,-0.077025,0.182612,-0.138957,-0.207945,0.782098,-0.203448,0.157848,0.042454,-0.038261,0.084266,0.324841,0.159399,-0.295347,1.098037,-0.037252,0.049901,0.037471,0.002177,-0.302407,0.344942,0.969355,0.278040,0.165970,-0.090615
0.006764,2.883691,0.762746,0.002972,-0.025551,-0.727011,0.686144,-0.268937,-0.010334,0.201723,0.256384,-0.004816,-0.091064,0.196336,-0.126544,-0.200604,0.737929,-0.209702,0.147172,0.044383,-0.038047,0.083472,0.324569,0.157857,-0.289956,1.096534,-0.039487,0.050045,0.035967,0.001094,-0.301158,0.346054,0.969142,0.277395,0.167102,-0.089617
0.005801,2.892006,0.761357,0.003336,-0.024291,-0.727141,0.686051,-0.275709,-0.007146,0.202287,0.239555,0.009279,-0.105408,0.209249,-0.114657,-0.196372,0.693989,-0.221791,0.137142,0.046232,-0.037054,0.083320,0.323278,0.156516,-0.284259,1.095590,-0.041156,0.049736,0.034458,-0.000542,-0.299807,0.347440,0.969102,0.276667,0.167951,-0.088613
0.004774,2.900428,0.759954,0.003535,-0.022815,-0.727357,0.685871,-0.281228,-0.003224,0.203301,0.219908,0.023556,-0.120737,0.221976,-0.103417,-0.196007,0.648400,-0.242651,0.128904,0.048059,-0.035490,0.083818,0.320999,0.155453,-0.278368,1.095227,-0.042146,0.048484,0.032667,-0.002756,-0.298439,0.349023,0.969106,0.275827,0.168422,-0.087394
0.003637,2.909059,0.758669,0.003605,-0.021147,-0.727670,0.685592,-0.285355,0.001217,0.204696,0.196991,0.038456,-0.137101,0.234338,-0.092372,-0.198300,0.600676,-0.270412,0.120586,0.049821,-0.033439,0.084879,0.317817,0.154579,-0.272218,1.095275,-0.042625,0.046623,0.030609,-0.005609,-0.296937,0.350776,0.969258,0.274924,0.168714,-0.085949
0.002322,2.917783,0.757494,0.003209,-0.019151,-0.728072,0.685226,-0.288088,0.006729,0.205837,0.171665,0.052385,-0.152979,0.245508,-0.080668,-0.202172,0.553703,-0.299050,0.111619,0.051707,-0.030247,0.086616,0.313624,0.153932,-0.265747,1.095688,-0.042792,0.044995,0.028840,-0.008686,-0.295468,0.352748,0.969362,0.274022,0.168928,-0.084686
0.001031,2.926709,0.756377,0.002066,-0.016737,-0.728541,0.684795,-0.289411,0.013819,0.206152,0.144722,0.063782,-0.166830,0.254618,-0.067494,-0.206691,0.510579,-0.322707,0.101623,0.053582,-0.025356,0.089068,0.308328,0.153352,-0.258540,1.096617,-0.042722,0.044358,0.027951,-0.011999,-0.293933,0.355345,0.969675,0.273227,0.169133,-0.084083
-0.000246,2.935724,0.755356,0.000042,-0.013733,-0.729068,0.684304,-0.289463,0.022872,0.205111,0.116001,0.071919,-0.178344,0.261157,-0.052339,-0.212838,0.472200,-0.340480,0.090413,0.055547,-0.018338,0.092446,0.301394,0.152854,-0.250323,1.098178,-0.042406,0.045510,0.027819,-0.015590,-0.292499,0.358555,0.969946,0.272768,0.169290,-0.084457
-0.001648,2.944783,0.754587,-0.002620,-0.010298,-0.729665,0.683722,-0.301961,0.036374,0.202868,0.114939,0.062025,-0.188314,0.265965,-0.035527,-0.220860,0.436439,-0.355220,0.078741,0.057430,-0.009734,0.096616,0.293121,0.152376,-0.241082,1.100303,-0.041720,0.047826,0.028244,-0.019708,-0.291018,0.362472,0.970390,0.272571,0.169370,-0.085535
-0.003084,2.953914,0.754001,-0.005690,-0.006780,-0.730335,0.683031,-0.313670,0.050836,0.200822,0.113958,0.049864,-0.196730,0.269961,-0.017750,-0.228797,0.402437,-0.366947,0.067374,0.059886,-0.000232,0.101263,0.284132,0.152104,-0.232370,1.102857,-0.041049,0.050049,0.029669,-0.023001,-0.289977,0.366093,0.970289,0.272063,0.169583,-0.086648
-0.004460,2.962881,0.753484,-0.008913,-0.003549,-0.731077,0.682228,-0.324069,0.065424,0.200155,0.112935,0.036815,-0.203726,0.273825,0.000017,-0.234637,0.369681,-0.375799,0.056795,0.061533,0.009100,0.105837,0.276071,0.151681,-0.223213,1.105320,-0.040007,0.050888,0.032463,-0.026584,-0.288610,0.370972,0.971350,0.271073,0.169951,-0.087492
-0.005781,2.971762,0.752975,-0.012593,-0.000451,-0.731957,0.681234,-0.333248,0.080827,0.200560,0.111822,0.021168,-0.209539,0.277555,0.018214,-0.237867,0.338353,-0.381259,0.046401,0.064001,0.019180,0.110496,0.268260,0.151339,-0.215684,1.108492,-0.038961,0.049560,0.037721,-0.028675,-0.287569,0.375182,0.972283,0.268946,0.170658,-0.087877
-0.006889,2.980558,0.752424,-0.016665,0.002567,-0.732929,0.680096,-0.341553,0.096888,0.201637,0.110751,0.002906,-0.214182,0.280568,0.036678,-0.239667,0.309286,-0.383769,0.035936,0.066113,0.029819,0.115310,0.260770,0.150862,-0.208082,1.112077,-0.037499,0.046904,0.044848,-0.030719,-0.286398,0.380171,0.974045,0.266252,0.171540,-0.088186
-0.007943,2.989157,0.751857,-0.020378,0.005013,-0.733804,0.679037,-0.348510,0.111377,0.204516,0.109417,-0.013902,-0.217400,0.282152,0.053138,-0.240625,0.283844,-0.385135,0.026213,0.068549,0.039361,0.120120,0.252778,0.150645,-0.201743,1.115773,-0.036445,0.044072,0.052101,-0.031419,-0.285695,0.384546,0.975054,0.263158,0.172576,-0.088018
-0.008990,2.997552,0.751284,-0.023310,0.006846,-0.734409,0.678273,-0.354570,0.123580,0.209694,0.109097,-0.025976,-0.219038,0.281921,0.066803,-0.241232,0.262049,-0.386393,0.017760,0.069889,0.046905,0.124447,0.244715,0.150596,-0.195353,1.118645,-0.035883,0.042176,0.057602,-0.031870,-0.285146,0.389577,0.975898,0.260320,0.173591,-0.087277
-0.009860,3.005827,0.750850,-0.025362,0.007853,-0.734668,0.677907,-0.359585,0.133219,0.219363,0.109495,-0.032377,-0.219110,0.278878,0.076513,-0.241475,0.246395,-0.388888,0.010915,0.069799,0.052018,0.128485,0.236699,0.150728,-0.188648,1.120215,-0.035890,0.041722,0.060599,-0.032391,-0.284744,0.395700,0.976811,0.257757,0.174601,-0.085599
-0.010569,3.014095,0.750789,-0.026944,0.008254,-0.734675,0.677834,-0.363007,0.141203,0.232409,0.109599,-0.034610,-0.217714,0.273483,0.083374,-0.241236,0.235805,-0.391403,0.004945,0.068464,0.055599,0.132455,0.228799,0.151025,-0.181668,1.120892,-0.036253,0.042031,0.062112,-0.032853,-0.284486,0.402841,0.977832,0.255307,0.175646,-0.083214
-0.011253,3.022396,0.751109,-0.027939,0.008153,-0.734430,0.678060,-0.364176,0.146847,0.245064,0.109108,-0.032891,-0.214188,0.266183,0.087788,-0.241283,0.228751,-0.393436,-0.000597,0.065663,0.057460,0.136198,0.221229,0.151545,-0.174330,1.120878,-0.036857,0.042481,0.062945,-0.033205,-0.284268,0.410761,0.978762,0.253298,0.176623,-0.080795
-0.011998,3.030634,0.751773,-0.028240,0.007767,-0.733929,0.678594,-0.363336,0.149802,0.253317,0.109124,-0.028109,-0.207894,0.257523,0.090530,-0.242393,0.223218,-0.394256,-0.006108,0.062226,0.057755,0.139262,0.213414,0.152346,-0.167905,1.121086,-0.037904,0.042441,0.064154,-0.032705,-0.284003,0.417746,0.979150,0.251538,0.177437,-0.078969
-0.012728,3.038790,0.752761,-0.027397,0.006894,-0.733074,0.679561,-0.360598,0.148942,0.257177,0.110219,-0.019571,-0.197591,0.246142,0.090430,-0.245179,0.221517,-0.395017,-0.011501,0.057128,0.055133,0.141592,0.205768,0.153920,-0.161632,1.120993,-0.039487,0.041686,0.065412,-0.032072,-0.283340,0.424814,0.979052,0.250503,0.178013,-0.078022
-0.013614,3.046777,0.753984,-0.025388,0.005424,-0.731824,0.680999,-0.356407,0.144155,0.258467,0.112414,-0.007444,-0.183856,0.231285,0.086709,-0.249398,0.225696,-0.396770,-0.016384,0.051334,0.049601,0.143065,0.197556,0.156207,-0.156663,1.121098,-0.041844,0.040561,0.066599,-0.030730,-0.282264,0.430797,0.978466,0.249584,0.178401,-0.077548
-0.014590,3.054547,0.755432,-0.022833,0.003592,-0.730358,0.682674,-0.350798,0.136909,0.256084,0.115309,0.006443,-0.168955,0.215326,0.081134,-0.254194,0.232073,-0.397982,-0.020772,0.045315,0.042592,0.143889,0.189272,0.158891,-0.152483,1.121282,-0.044382,0.039345,0.068109,-0.028435,-0.280887,0.435633,0.977789,0.248590,0.178666,-0.077318
-0.015606,3.062208,0.757005,-0.020463,0.001644,-0.728882,0.684331,-0.343687,0.128910,0.248942,0.118831,0.020043,-0.155125,0.200444,0.075432,-0.258737,0.237843,-0.397625,-0.024622,0.039679,0.035298,0.144410,0.181574,0.162181,-0.148590,1.121209,-0.046603,0.038343,0.070200,-0.025086,-0.278942,0.439228,0.977673,0.247295,0.178828,-0.077120
-0.016549,3.069641,0.758597,-0.018671,-0.000318,-0.727479,0.685876,-0.368034,0.128863,0.229997,0.195315,-0.004855,-0.143138,0.187707,0.070584,-0.262582,0.241724,-0.394795,-0.027971,0.034993,0.028723,0.144842,0.174057,0.165545,-0.145252,1.121543,-0.048284,0.037551,0.073551,-0.020113,-0.276645,0.440874,0.978060,0.245458,0.178928,-0.076903
-0.017422,3.076890,0.760173,-0.017488,-0.002224,-0.726214,0.687243,-0.389128,0.127413,0.205262,0.269921,-0.027665,-0.132284,0.176902,0.066906,-0.265655,0.243864,-0.389423,-0.031069,0.031150,0.022989,0.145302,0.166746,0.169006,-0.142453,1.122102,-0.049682,0.036840,0.077806,-0.013903,-0.274055,0.441090,0.978842,0.243311,0.178947,-0.076774
-0.018268,3.083870,0.761858,-0.016891,-0.003996,-0.725190,0.688330,-0.407166,0.125234,0.179660,0.342614,-0.049091,-0.122586,0.167941,0.064507,-0.268050,0.243925,-0.382070,-0.034040,0.028108,0.018350,0.145833,0.159894,0.172487,-0.140076,1.122409,-0.050975,0.036255,0.082141,-0.007082,-0.271339,0.440710,0.980041,0.241055,0.178872,-0.076720
-0.019004,3.090693,0.763573,-0.016582,-0.005683,-0.724412,0.689144,-0.421311,0.122842,0.158241,0.410696,-0.068498,-0.113534,0.160109,0.062686,-0.270142,0.242476,-0.373759,-0.036868,0.025524,0.014526,0.146296,0.153704,0.175870,-0.137957,1.122025,-0.052335,0.035830,0.085747,-0.000287,-0.268723,0.440600,0.981650,0.238915,0.178691,-0.076745
-0.019618,3.097448,0.765265,-0.016356,-0.007435,-0.723828,0.689747,-0.431504,0.120128,0.140662,0.473966,-0.086215,-0.104823,0.153048,0.060592,-0.272245,0.240162,-0.364674,-0.039383,0.023165,0.011111,0.146584,0.148244,0.179030,-0.136086,1.120818,-0.053665,0.035738,0.088662,0.006553,-0.266318,0.440863,0.983792,0.236966,0.178317,-0.077108
-0.020176,3.104051,0.766962,-0.016169,-0.009303,-0.723359,0.690220,-0.438806,0.117113,0.124623,0.535024,-0.103188,-0.096284,0.146633,0.058023,-0.274374,0.237368,-0.354725,-0.041498,0.020960,0.007901,0.146667,0.143329,0.181958,-0.134472,1.119083,-0.054897,0.035895,0.091257,0.013748,-0.264141,0.441116,0.986294,0.235125,0.177799,-0.077725
-0.020637,3.110685,0.768631,-0.015959,-0.011166,-0.722971,0.690604,-0.443978,0.114991,0.112111,0.594963,-0.119677,-0.087359,0.140409,0.055245,-0.276450,0.234349,-0.344548,-0.043334,0.018820,0.004923,0.146510,0.138811,0.184722,-0.132965,1.116956,-0.056213,0.035958,0.093190,0.021102,-0.262246,0.441473,0.988600,0.233397,0.177335,-0.078082
-0.020960,3.117143,0.770190,-0.015714,-0.012870,-0.722638,0.690929,-0.447664,0.114906,0.105133,0.654658,-0.135819,-0.077559,0.134041,0.052650,-0.278371,0.231148,-0.334678,-0.045038,0.016672,0.002234,0.146099,0.134578,0.187434,-0.131388,1.114541,-0.057793,0.035594,0.094108,0.028414,-0.260723,0.442066,0.990153,0.231797,0.177125,-0.077655
-0.021250,3.123705,0.771676,-0.015305,-0.014481,-0.722361,0.691196,-0.450081,0.117634,0.105698,0.715146,-0.151874,-0.066022,0.127425,0.049958,-0.280151,0.227699,-0.325204,-0.046500,0.014482,-0.000394,0.145418,0.130711,0.190116,-0.129592,1.111612,-0.059757,0.034658,0.093465,0.035707,-0.259614,0.442851,0.990681,0.230254,0.177357,-0.076140
-0.021523,3.130118,0.773057,-0.014758,-0.016047,-0.722139,0.691404,-0.450916,0.122892,0.111993,0.776005,-0.168002,-0.052909,0.120690,0.046997,-0.281849,0.224083,-0.315902,-0.047681,0.012265,-0.002990,0.144463,0.127251,0.192756,-0.127699,1.108156,-0.061999,0.033356,0.091579,0.043102,-0.258929,0.443776,0.990448,0.228801,0.177880,-0.073856
-0.021835,3.136461,0.774277,-0.014253,-0.017433,-0.721951,0.691578,-0.450027,0.129895,0.120426,0.835815,-0.184034,-0.039458,0.113901,0.044391,-0.283442,0.220414,-0.306797,-0.048857,0.010052,-0.005161,0.143292,0.124002,0.195403,-0.125953,1.104586,-0.064361,0.031870,0.089374,0.050612,-0.258657,0.444959,0.989598,0.227605,0.178400,-0.071217
-0.022131,3.142718,0.775372,-0.013964,-0.018505,-0.721770,0.691745,-0.447364,0.137526,0.127565,0.893122,-0.199666,-0.027145,0.106974,0.042744,-0.284939,0.217058,-0.297938,-0.050305,0.007865,-0.006534,0.141953,0.120783,0.198143,-0.124612,1.101305,-0.066698,0.030378,0.087764,0.058242,-0.258782,0.446517,0.988291,0.226843,0.178625,-0.068635
-0.022447,3.148982,0.776299,-0.013942,-0.019217,-0.721619,0.691883,-0.442992,0.146054,0.133885,0.948619,-0.215344,-0.015892,0.100056,0.042304,-0.286296,0.213764,-0.289292,-0.052255,0.005759,-0.007014,0.140444,0.117616,0.201074,-0.123844,1.098207,-0.069047,0.028783,0.086805,0.065958,-0.259331,0.448586,0.986384,0.226596,0.178434,-0.065892
-0.022719,3.155193,0.777025,-0.014072,-0.019656,-0.721497,0.691995,-0.436927,0.155677,0.140832,1.002912,-0.231096,-0.005166,0.093108,0.042715,-0.287570,0.210456,-0.280839,-0.054511,0.003709,-0.006860,0.138752,0.114589,0.204196,-0.123498,1.095113,-0.071480,0.027042,0.086045,0.073804,-0.260292,0.451051,0.983801,0.226762,0.178008,-0.062867
-0.023044,3.161337,0.777600,-0.014298,-0.019872,-0.721338,0.692151,-0.429218,0.164865,0.146644,1.054443,-0.245958,0.004022,0.085847,0.043648,-0.288929,0.207632,-0.272665,-0.056693,0.001597,-0.006259,0.136893,0.111622,0.207415,-0.123349,1.092310,-0.073897,0.025413,0.085652,0.081817,-0.261565,0.453692,0.980911,0.227233,0.177475,-0.060126
-0.023537,3.167332,0.778024,-0.014556,-0.019918,-0.721072,0.692420,-0.420028,0.172015,0.149638,1.101677,-0.258851,0.010593,0.078015,0.044763,-0.290529,0.205719,-0.264825,-0.058412,-0.000716,-0.005396,0.134859,0.108594,0.210605,-0.123152,1.090182,-0.076173,0.024113,0.085819,0.089959,-0.263016,0.456287,0.978196,0.227874,0.176953,-0.058249
-0.023918,3.173304,0.778321,-0.014822,-0.019742,-0.720684,0.692824,-0.409658,0.176554,0.149357,1.144936,-0.270400,0.014217,0.069363,0.046028,-0.292407,0.204965,-0.257369,-0.059542,-0.003263,-0.004228,0.132548,0.105460,0.213705,-0.122754,1.088905,-0.078299,0.023259,0.086839,0.098142,-0.264575,0.458760,0.975776,0.228811,0.176427,-0.057383
-0.024183,3.179260,0.778516,-0.015120,-0.019350,-0.720203,0.693329,-0.398065,0.179087,0.146952,1.184976,-0.280859,0.015280,0.060065,0.047561,-0.294479,0.205108,-0.250256,-0.060292,-0.006014,-0.002702,0.129967,0.102267,0.216734,-0.122290,1.088321,-0.080307,0.022696,0.088568,0.106280,-0.266241,0.461263,0.973591,0.230042,0.175835,-0.057244
-0.024620,3.185232,0.778560,-0.015469,-0.018862,-0.719629,0.693930,-0.384964,0.179782,0.143164,1.220877,-0.288615,0.013747,0.050433,0.049198,-0.296766,0.205984,-0.243505,-0.060720,-0.009003,-0.000976,0.127276,0.099097,0.219693,-0.121940,1.088185,-0.082137,0.022313,0.090532,0.114422,-0.267961,0.463933,0.971768,0.231249,0.175229,-0.057773
-0.025060,3.191169,0.778489,-0.015903,-0.018380,-0.718967,0.694620,-0.370059,0.178848,0.138687,1.251676,-0.292055,0.009608,0.040771,0.050788,-0.299265,0.207428,-0.237127,-0.060910,-0.012265,0.000792,0.124628,0.096026,0.222577,-0.121892,1.088266,-0.083731,0.022003,0.092263,0.122591,-0.269654,0.466899,0.970476,0.232107,0.174660,-0.058921
-0.025497,3.197135,0.778347,-0.016448,-0.017926,-0.718174,0.695439,-0.353299,0.175858,0.133085,1.277542,-0.291764,0.003099,0.031225,0.052414,-0.302057,0.209327,-0.231135,-0.060743,-0.015862,0.002641,0.122071,0.092944,0.225415,-0.122268,1.088651,-0.085031,0.021806,0.093757,0.130701,-0.271276,0.470508,0.969953,0.232627,0.174113,-0.061133
-0.025907,3.202870,0.778136,-0.017088,-0.017439,-0.717259,0.696379,-0.334852,0.170707,0.126262,1.298881,-0.288327,-0.005982,0.021582,0.054096,-0.305113,0.211814,-0.225532,-0.060207,-0.019771,0.004594,0.119512,0.089871,0.228221,-0.122941,1.089409,-0.086092,0.021756,0.095225,0.138711,-0.272823,0.474604,0.970138,0.232944,0.173563,-0.064297
-0.026274,3.208753,0.777802,-0.017760,-0.016944,-0.716308,0.697352,-0.314786,0.164128,0.119265,1.315049,-0.280127,-0.018303,0.011616,0.055606,-0.308280,0.215153,-0.220345,-0.059556,-0.023882,0.006516,0.116896,0.087041,0.230953,-0.123712,1.090314,-0.086996,0.021745,0.096526,0.146720,-0.274249,0.478552,0.970714,0.232911,0.173045,-0.067508
-0.026733,3.214486,0.777449,-0.018376,-0.016487,-0.715406,0.698272,-0.293246,0.156838,0.113016,1.325434,-0.265560,-0.034553,0.001084,0.056727,-0.311402,0.219645,-0.215588,-0.059061,-0.028081,0.008284,0.114161,0.084670,0.233549,-0.124398,1.091158,-0.087829,0.021660,0.097529,0.154842,-0.275482,0.481700,0.971375,0.232362,0.172597,-0.069874
-0.027078,3.220249,0.777046,-0.018966,-0.016105,-0.714543,0.699149,-0.270319,0.148627,0.107234,1.330172,-0.241246,-0.055121,-0.009831,0.057361,-0.314501,0.225263,-0.211396,-0.058571,-0.032368,0.009801,0.111325,0.082770,0.236001,-0.125128,1.092048,-0.088606,0.021418,0.098248,0.163121,-0.276480,0.483980,0.972336,0.231120,0.172115,-0.071216
-0.027427,3.225938,0.776636,-0.019536,-0.015786,-0.713679,0.700022,-0.245991,0.138786,0.101120,1.329487,-0.209223,-0.079961,-0.021156,0.057597,-0.317642,0.232037,-0.207755,-0.058025,-0.036788,0.011138,0.108392,0.081215,0.238324,-0.125966,1.093072,-0.089288,0.021094,0.098751,0.171485,-0.277225,0.485681,0.973707,0.229300,0.171617,-0.072000
-0.027709,3.231613,0.776150,-0.020021,-0.015433,-0.712864,0.700846,-0.220250,0.127456,0.094828,1.322888,-0.175997,-0.108891,-0.033196,0.057537,-0.320713,0.239879,-0.204431,-0.057834,-0.041299,0.012397,0.105256,0.080026,0.240488,-0.126601,1.094011,-0.089863,0.020821,0.098995,0.179834,-0.277724,0.486715,0.975093,0.227199,0.171307,-0.072298
-0.028035,3.237415,0.775611,-0.020372,-0.014937,-0.712149,0.701573,-0.193066,0.115237,0.088742,1.309953,-0.148032,-0.141292,-0.046209,0.057347,-0.323612,0.248558,-0.201093,-0.058416,-0.045845,0.013732,0.101819,0.079211,0.242448,-0.126739,1.094655,-0.090331,0.020724,0.098950,0.188060,-0.278004,0.486995,0.976101,0.225125,0.171396,-0.072184
-0.028328,3.243335,0.774899,-0.020556,-0.014253,-0.711610,0.702130,-0.163610,0.103234,0.083758,1.289808,-0.125943,-0.179871,-0.060405,0.057160,-0.326135,0.258187,-0.197706,-0.060095,-0.050404,0.015254,0.097939,0.078940,0.244110,-0.126088,1.094862,-0.090534,0.020969,0.098383,0.196170,-0.278077,0.486372,0.976578,0.222751,0.172146,-0.071439
-0.028613,3.249209,0.774135,-0.020615,-0.013433,-0.711201,0.702558,-0.132234,0.091122,0.079257,1.262984,-0.106838,-0.223577,-0.075531,0.056920,-0.328404,0.268680,-0.194350,-0.062602,-0.055005,0.016892,0.093721,0.079174,0.245552,-0.124871,1.094731,-0.090547,0.021448,0.097365,0.204266,-0.277945,0.484970,0.976663,0.220076,0.173380,-0.070093
-0.028885,3.254936,0.773365,-0.020583,-0.012542,-0.710795,0.702986,-0.100567,0.078701,0.074993,1.231112,-0.091631,-0.261800,-0.091165,0.056451,-0.330788,0.279510,-0.190833,-0.065420,-0.059720,0.018694,0.089370,0.079505,0.246582,-0.123462,1.094666,-0.090532,0.021844,0.096489,0.212223,-0.277698,0.483065,0.976671,0.217817,0.174631,-0.068649
-0.028749,3.260835,0.772536,-0.019142,-0.012585,-0.709819,0.704011,-0.070478,0.067027,0.079567,1.194319,-0.079223,-0.261800,-0.111397,0.049619,-0.333791,0.299120,-0.191493,-0.066923,-0.065621,0.017467,0.084426,0.079611,0.247594,-0.122403,1.094776,-0.090872,0.021892,0.096128,0.220097,-0.277306,0.480819,0.976615,0.216697,0.175452,-0.067519
-0.028672,3.266786,0.771637,-0.017832,-0.012554,-0.708797,0.705075,-0.041976,0.050120,0.075877,1.153962,-0.071660,-0.261800,-0.130959,0.043123,-0.337036,0.317356,-0.191335,-0.068154,-0.071433,0.016380,0.079712,0.079537,0.248497,-0.121669,1.095202,-0.091819,0.021313,0.096488,0.228027,-0.276780,0.478223,0.976436,0.217375,0.175657,-0.066990
-0.028647,3.272847,0.770721,-0.016894,-0.012244,-0.707866,0.706039,-0.013842,0.030650,0.065803,1.109635,-0.068745,-0.261800,-0.149246,0.038084,-0.340387,0.332866,-0.189607,-0.069542,-0.076909,0.016129,0.075311,0.079428,0.249268,-0.121071,1.095785,-0.093166,0.020329,0.097287,0.235999,-0.276120,0.475165,0.976070,0.219307,0.175512,-0.066766
-0.028597,3.279019,0.769747,-0.016372,-0.011527,-0.707036,0.706895,0.014065,0.012676,0.053292,1.062372,-0.070023,-0.261800,-0.166216,0.034931,-0.343950,0.344963,-0.185819,-0.071553,-0.082034,0.017057,0.071276,0.079140,0.249761,-0.120593,1.096411,-0.094343,0.019376,0.098390,0.243718,-0.275478,0.471968,0.975693,0.221485,0.175264,-0.066500
-0.028689,3.285256,0.768719,-0.016220,-0.010322,-0.706294,0.707658,0.041583,-0.000191,0.042783,1.013087,-0.074805,-0.261800,-0.182035,0.033849,-0.347839,0.353334,-0.179656,-0.074653,-0.086485,0.019224,0.067573,0.078302,0.250141,-0.120678,1.097090,-0.094965,0.018905,0.099618,0.251019,-0.274633,0.468537,0.975533,0.222743,0.175136,-0.065825
-0.028717,3.291660,0.767656,-0.016395,-0.008557,-0.705553,0.708416,0.069019,-0.007162,0.036081,0.960423,-0.082228,-0.261800,-0.197101,0.034562,-0.352395,0.358548,-0.171408,-0.079047,-0.090645,0.022677,0.064069,0.076989,0.250260,-0.121062,1.097789,-0.094589,0.019175,0.101142,0.257880,-0.273730,0.465007,0.975705,0.222741,0.175139,-0.064503
-0.028809,3.298158,0.766577,-0.016860,-0.006338,-0.704799,0.709178,0.096205,-0.010122,0.031573,0.904387,-0.092704,-0.261800,-0.211421,0.036812,-0.357654,0.360988,-0.161366,-0.084436,-0.094491,0.027254,0.060790,0.075199,0.250124,-0.121833,1.098620,-0.093587,0.019900,0.103002,0.264436,-0.272687,0.461163,0.976098,0.222029,0.175159,-0.062776
-0.029052,3.304814,0.765426,-0.017666,-0.003767,-0.704123,0.709849,0.121964,-0.009604,0.029138,0.848205,-0.107517,-0.261800,-0.224559,0.040759,-0.363276,0.360008,-0.149185,-0.090537,-0.097889,0.032795,0.057985,0.073049,0.249762,-0.122980,1.099420,-0.092479,0.020700,0.104824,0.270349,-0.271550,0.457355,0.976649,0.221154,0.175253,-0.061052
-0.029316,3.311682,0.764294,-0.018848,-0.000981,-0.703622,0.710324,0.145052,-0.005785,0.028900,0.795384,-0.128167,-0.261800,-0.236043,0.046578,-0.368889,0.354967,-0.134539,-0.097051,-0.100813,0.039112,0.055974,0.070814,0.249293,-0.124334,1.099843,-0.091782,0.021207,0.106166,0.275354,-0.270539,0.454077,0.977076,0.220723,0.175504,-0.059702
-0.029612,3.318645,0.763166,-0.019752,0.001494,-0.703201,0.710715,0.164962,0.000451,0.034256,0.745588,-0.157170,-0.249779,-0.248040,0.051391,-0.373968,0.350409,-0.119593,-0.103854,-0.103202,0.044636,0.054263,0.068161,0.248618,-0.126501,1.100258,-0.091769,0.021293,0.107002,0.279462,-0.269370,0.451165,0.977631,0.220652,0.175907,-0.058932
-0.029556,3.325845,0.762098,-0.019161,0.002804,-0.702668,0.711254,0.182292,0.003996,0.050021,0.695964,-0.192178,-0.194507,-0.264278,0.050001,-0.377615,0.353736,-0.107856,-0.110007,-0.105919,0.046804,0.052228,0.065536,0.247925,-0.128868,1.100210,-0.092106,0.021187,0.107364,0.282799,-0.268416,0.448945,0.977978,0.220910,0.176473,-0.058436
-0.029410,3.333354,0.760999,-0.018179,0.003713,-0.702267,0.711672,0.197410,0.005789,0.066952,0.649187,-0.229680,-0.139015,-0.280565,0.047526,-0.380431,0.356573,-0.095411,-0.115655,-0.107988,0.047882,0.050587,0.062503,0.247027,-0.131510,1.100070,-0.092523,0.020954,0.107567,0.285254,-0.267358,0.446589,0.978442,0.221346,0.177120,-0.058086
-0.029280,3.340877,0.760023,-0.016657,0.004091,-0.701987,0.711983,0.211199,0.004621,0.083517,0.604055,-0.262951,-0.095442,-0.296810,0.043544,-0.382200,0.358648,-0.082180,-0.119905,-0.109560,0.047385,0.049417,0.059114,0.245910,-0.133874,1.099718,-0.092693,0.020680,0.107748,0.286578,-0.266165,0.443870,0.979128,0.222020,0.177804,-0.057692
-0.029023,3.348635,0.759109,-0.014476,0.004032,-0.701873,0.712144,0.224659,0.000813,0.101963,0.557730,-0.290362,-0.068506,-0.313803,0.037908,-0.382815,0.360690,-0.068325,-0.123410,-0.110638,0.045239,0.048677,0.055452,0.244648,-0.135480,1.098706,-0.092569,0.020366,0.107642,0.286629,-0.264978,0.440752,0.979701,0.223482,0.178634,-0.056971
-0.028827,3.356648,0.758246,-0.011796,0.003655,-0.701883,0.712185,0.237782,-0.004868,0.122840,0.509672,-0.314295,-0.051625,-0.331289,0.031050,-0.382462,0.362363,-0.053703,-0.126343,-0.111335,0.041843,0.048349,0.051604,0.243318,-0.136595,1.097064,-0.092318,0.019988,0.107207,0.285605,-0.263901,0.437470,0.980064,0.225587,0.179612,-0.056068
-0.028500,3.364887,0.757538,-0.008915,0.002911,-0.701868,0.712245,0.250111,-0.012372,0.142592,0.461469,-0.333519,-0.039888,-0.347536,0.023585,-0.381431,0.361648,-0.037749,-0.127089,-0.111842,0.037670,0.048484,0.047394,0.241666,-0.138040,1.095677,-0.091925,0.019563,0.107062,0.283741,-0.262645,0.433945,0.980905,0.227225,0.180500,-0.055504
-0.028084,3.373138,0.757051,-0.006105,0.001706,-0.701689,0.712455,0.260923,-0.021599,0.157479,0.415466,-0.347432,-0.028173,-0.360885,0.016054,-0.379931,0.356694,-0.019986,-0.124041,-0.112707,0.032898,0.049313,0.043270,0.240043,-0.140176,1.094678,-0.091484,0.019168,0.107498,0.281420,-0.261362,0.430641,0.982269,0.227557,0.181134,-0.055662
-0.027545,3.381564,0.756790,-0.003304,-0.000099,-0.701278,0.712880,0.269655,-0.032899,0.166159,0.372244,-0.354945,-0.015328,-0.371590,0.008131,-0.377877,0.347922,-0.000300,-0.119373,-0.114038,0.027243,0.051011,0.039026,0.238486,-0.143395,1.094232,-0.091200,0.018912,0.108843,0.278443,-0.259968,0.427704,0.984681,0.225919,0.181415,-0.056895
-0.027019,3.389894,0.756704,-0.000463,-0.002338,-0.700690,0.713462,0.277097,-0.046052,0.171010,0.330083,-0.356514,-0.004132,-0.380269,-0.000120,-0.375278,0.335860,0.021089,-0.113097,-0.115657,0.020841,0.053410,0.034634,0.236971,-0.147377,1.094098,-0.091002,0.018741,0.110791,0.274718,-0.258421,0.424940,0.987876,0.222924,0.181462,-0.058893
-0.026701,3.398059,0.756804,0.002139,-0.004712,-0.699981,0.714143,0.283927,-0.059760,0.173557,0.289389,-0.354433,0.005211,-0.385651,-0.007619,-0.372314,0.318604,0.044226,-0.100334,-0.117425,0.014442,0.056212,0.030455,0.235500,-0.151690,1.094179,-0.090544,0.018461,0.112836,0.270756,-0.256760,0.421990,0.990958,0.219532,0.181400,-0.061074
-0.026585,3.406209,0.756938,0.004280,-0.007029,-0.699193,0.714885,0.290494,-0.072514,0.175033,0.251055,-0.351089,0.012894,-0.386318,-0.013396,-0.368991,0.294013,0.069237,-0.076139,-0.119269,0.008614,0.059178,0.026878,0.234097,-0.155903,1.094354,-0.089493,0.017883,0.114460,0.267151,-0.255066,0.418493,0.992931,0.216681,0.181373,-0.062853
-0.026562,3.414279,0.757090,0.005896,-0.009618,-0.698196,0.715818,0.296692,-0.083855,0.174758,0.216366,-0.346651,0.019510,-0.378903,-0.017174,-0.366527,0.255840,0.098301,-0.034258,-0.121528,0.002846,0.062634,0.024010,0.232812,-0.160079,1.094884,-0.087334,0.016707,0.115629,0.264264,-0.253344,0.414229,0.993351,0.214035,0.181388,-0.064279
-0.026537,3.422157,0.757178,0.007325,-0.012840,-0.696869,0.717046,0.302617,-0.094937,0.171734,0.184281,-0.339633,0.025699,-0.364619,-0.020272,-0.364091,0.206343,0.130815,0.021164,-0.124497,-0.003867,0.066700,0.021683,0.231700,-0.164413,1.095712,-0.084399,0.015127,0.116566,0.261826,-0.251576,0.409436,0.992679,0.211276,0.181400,-0.065598
-0.026491,3.430018,0.757225,0.008818,-0.016354,-0.695370,0.718412,0.308397,-0.106021,0.167016,0.152998,-0.330319,0.031577,-0.348871,-0.023629,-0.358908,0.155980,0.162828,0.079387,-0.127801,-0.011180,0.070808,0.019900,0.230749,-0.168564,1.096200,-0.081568,0.013673,0.117128,0.259427,-0.249816,0.404505,0.991304,0.209471,0.181432,-0.066504
-0.026462,3.437767,0.757292,0.010298,-0.019345,-0.694066,0.719578,0.308606,-0.115447,0.163014,0.132147,-0.325150,0.036765,-0.337062,-0.027028,-0.348513,0.114949,0.190680,0.129619,-0.130564,-0.017620,0.074356,0.018639,0.229869,-0.172169,1.095716,-0.079741,0.012874,0.117200,0.256542,-0.248225,0.399836,0.989720,0.209695,0.181493,-0.066684
-0.026329,3.445504,0.757439,0.011824,-0.021581,-0.693098,0.720423,0.298658,-0.122496,0.160705,0.130431,-0.328894,0.040690,-0.341667,-0.034112,-0.330380,0.108895,0.201966,0.173393,-0.132591,-0.022851,0.077202,0.017965,0.229024,-0.174683,1.093694,-0.079309,0.013028,0.116508,0.253096,-0.247069,0.395371,0.987383,0.213231,0.181700,-0.065673
-0.026373,3.453295,0.757767,0.013291,-0.023354,-0.692438,0.720976,0.287871,-0.128695,0.158715,0.128991,-0.330974,0.043714,-0.348622,-0.040155,-0.306661,0.107762,0.211293,0.214930,-0.134113,-0.027236,0.079733,0.018111,0.228312,-0.176165,1.090334,-0.079740,0.013808,0.115139,0.249283,-0.246423,0.391265,0.984147,0.219312,0.182036,-0.063739
-0.026555,3.461046,0.758347,0.014339,-0.024479,-0.692315,0.721037,0.276689,-0.132997,0.158148,0.127817,-0.331602,0.046431,-0.354416,-0.043645,-0.281067,0.107395,0.219681,0.247831,-0.133752,-0.029789,0.081989,0.018241,0.227245,-0.178128,1.087209,-0.080510,0.014732,0.113802,0.245249,-0.245792,0.386957,0.981302,0.225445,0.182258,-0.061675
-0.026663,3.468676,0.759171,0.014633,-0.024740,-0.693006,0.720358,0.265456,-0.134398,0.160242,0.126975,-0.331068,0.049333,-0.357636,-0.043786,-0.258065,0.107881,0.226297,0.261800,-0.131647,-0.029911,0.084118,0.019381,0.226267,-0.180194,1.084054,-0.081021,0.015375,0.112678,0.240610,-0.245478,0.384051,0.979702,0.229949,0.182201,-0.060221
-0.026659,3.476213,0.760274,0.014192,-0.024090,-0.694394,0.719051,0.254167,-0.133128,0.164702,0.126198,-0.328895,0.053096,-0.368088,-0.044165,-0.234681,0.131393,0.219372,0.261800,-0.127608,-0.027310,0.086003,0.021146,0.225111,-0.182919,1.081087,-0.081314,0.015703,0.112001,0.235492,-0.245402,0.382156,0.979627,0.232410,0.181549,-0.059485
-0.026870,3.483599,0.761752,0.013317,-0.022822,-0.696410,0.717158,0.242743,-0.130134,0.171070,0.125592,-0.325251,0.057249,-0.396035,-0.046825,-0.210534,0.197718,0.189035,0.243452,-0.121961,-0.022995,0.087586,0.023568,0.223848,-0.185868,1.078064,-0.081593,0.015910,0.111506,0.230020,-0.245607,0.381206,0.980425,0.233906,0.180504,-0.059120
-0.027117,3.490710,0.763240,0.012397,-0.021680,-0.698517,0.715157,0.231866,-0.127265,0.177799,0.124999,-0.320535,0.061425,-0.423662,-0.049564,-0.188093,0.268687,0.155630,0.217718,-0.116224,-0.018604,0.089005,0.026491,0.222387,-0.189158,1.075594,-0.081651,0.015971,0.111155,0.224452,-0.246178,0.380981,0.981727,0.234180,0.179610,-0.059129
-0.027395,3.497668,0.764649,0.011545,-0.021028,-0.700459,0.713289,0.221975,-0.125084,0.184155,0.124366,-0.315279,0.065021,-0.447478,-0.052816,-0.169577,0.337354,0.123231,0.194588,-0.111398,-0.015137,0.090470,0.030207,0.221249,-0.192660,1.073719,-0.081382,0.015911,0.110710,0.218736,-0.246907,0.381555,0.983357,0.233021,0.179385,-0.059479
-0.027626,3.504405,0.765969,0.010655,-0.020864,-0.702397,0.711399,0.213040,-0.123152,0.190667,0.124169,-0.309631,0.067662,-0.466903,-0.056457,-0.155179,0.403688,0.091595,0.175308,-0.107014,-0.012381,0.092028,0.034653,0.220355,-0.196937,1.072828,-0.080764,0.015622,0.110272,0.212719,-0.247796,0.383044,0.985747,0.229326,0.180266,-0.060309
-0.027995,3.511088,0.767350,0.009648,-0.020996,-0.704381,0.709446,0.205001,-0.121085,0.197408,0.124049,-0.303144,0.069732,-0.483794,-0.060791,-0.143589,0.471529,0.058509,0.155286,-0.102885,-0.010048,0.093645,0.039906,0.219841,-0.201757,1.072548,-0.079884,0.015156,0.109823,0.206287,-0.248617,0.385508,0.989043,0.223542,0.181857,-0.061582
-0.028376,3.517617,0.768703,0.008653,-0.021342,-0.706282,0.707556,0.197476,-0.119052,0.203877,0.123881,-0.296080,0.071625,-0.498021,-0.066207,-0.134850,0.538850,0.025747,0.134947,-0.099071,-0.008101,0.095212,0.045558,0.219489,-0.206579,1.072791,-0.078832,0.014679,0.109332,0.200005,-0.249581,0.388158,0.992242,0.217686,0.183461,-0.063009
-0.028872,3.524185,0.770028,0.007798,-0.021816,-0.707986,0.705846,0.189997,-0.117314,0.209623,0.123701,-0.288801,0.073753,-0.509704,-0.073153,-0.129038,0.604122,-0.005136,0.114678,-0.095784,-0.006789,0.096613,0.051423,0.219362,-0.210520,1.073260,-0.077584,0.014375,0.108683,0.193970,-0.250386,0.390396,0.994878,0.213718,0.184317,-0.064381
-0.029478,3.530582,0.771298,0.007055,-0.022311,-0.709495,0.704322,0.182394,-0.115704,0.214593,0.123499,-0.281095,0.076167,-0.519180,-0.081799,-0.126587,0.668291,-0.034723,0.093917,-0.092993,-0.006012,0.097754,0.057391,0.219432,-0.213618,1.074199,-0.076090,0.014292,0.107848,0.188071,-0.251045,0.392306,0.997141,0.212263,0.184077,-0.065886
-0.030026,3.536895,0.772525,0.006355,-0.022841,-0.710901,0.702892,0.174861,-0.113989,0.219120,0.123282,-0.272883,0.078642,-0.526434,-0.092039,-0.127207,0.732192,-0.063837,0.072537,-0.090528,-0.005582,0.098663,0.063574,0.219665,-0.216172,1.075695,-0.074326,0.014327,0.106902,0.182125,-0.251517,0.394132,0.999415,0.212203,0.183164,-0.067591
-0.030750,3.543186,0.773727,0.005702,-0.023425,-0.712224,0.701538,0.167460,-0.112338,0.223337,0.123079,-0.264717,0.081188,-0.531156,-0.103868,-0.130078,0.794285,-0.091342,0.051554,-0.088266,-0.005439,0.099411,0.070005,0.219999,-0.218044,1.077297,-0.072475,0.014438,0.105920,0.176517,-0.251881,0.395367,1.001048,0.212943,0.182020,-0.069060
-0.031395,3.549411,0.774783,0.005123,-0.024104,-0.713483,0.700239,0.160280,-0.110965,0.227377,0.122882,-0.257139,0.083830,-0.533113,-0.117264,-0.134467,0.853152,-0.116114,0.031991,-0.086076,-0.005552,0.100068,0.076736,0.220383,-0.219104,1.078525,-0.070727,0.014584,0.104984,0.171610,-0.252212,0.395518,1.001400,0.213907,0.181088,-0.069869
-0.032022,3.555516,0.775715,0.004546,-0.024850,-0.714662,0.699014,0.153385,-0.109786,0.231194,0.122721,-0.250297,0.086616,-0.532087,-0.133029,-0.141876,0.909387,-0.137862,0.013531,-0.083932,-0.005820,0.100773,0.083855,0.220851,-0.219070,1.079132,-0.068920,0.014838,0.104061,0.167822,-0.252612,0.393950,0.999648,0.214964,0.180285,-0.069689
-0.032636,3.561531,0.776596,0.003978,-0.025643,-0.715767,0.697857,0.146728,-0.108730,0.234768,0.122572,-0.243925,0.089534,-0.528213,-0.151115,-0.152226,0.963846,-0.157448,-0.004330,-0.081872,-0.006203,0.101392,0.091178,0.221208,-0.218100,1.079629,-0.066965,0.015177,0.103204,0.164747,-0.252978,0.391055,0.996547,0.216381,0.179424,-0.068864
-0.033229,3.567479,0.777352,0.003533,-0.026503,-0.716855,0.696710,0.140135,-0.107992,0.238290,0.122393,-0.237897,0.092521,-0.521920,-0.169963,-0.162606,1.015356,-0.175317,-0.020736,-0.079656,-0.006789,0.101842,0.098556,0.221576,-0.216890,1.080066,-0.065344,0.015462,0.102336,0.162157,-0.253455,0.387597,0.992760,0.218175,0.178893,-0.067722
-0.033829,3.573326,0.777980,0.003331,-0.027450,-0.717986,0.695508,0.133409,-0.107749,0.241969,0.122248,-0.232173,0.095496,-0.513897,-0.187795,-0.170143,1.062844,-0.191727,-0.034628,-0.077294,-0.007703,0.101812,0.105859,0.221848,-0.215971,1.080813,-0.064507,0.015528,0.101548,0.159298,-0.253904,0.384835,0.989768,0.220524,0.179002,-0.066787
-0.034398,3.579095,0.778507,0.003403,-0.028458,-0.719200,0.694212,0.126522,-0.108052,0.245938,0.122056,-0.226832,0.098449,-0.504384,-0.204131,-0.174553,1.106428,-0.206458,-0.044817,-0.074444,-0.008930,0.101502,0.113159,0.222343,-0.215488,1.081373,-0.065012,0.015280,0.100464,0.156716,-0.254847,0.382315,0.986486,0.223702,0.180361,-0.065609
-0.034993,3.584708,0.778940,0.003683,-0.029517,-0.720464,0.692854,0.119545,-0.108770,0.250085,0.121885,-0.221913,0.101397,-0.493168,-0.219669,-0.177482,1.146787,-0.219370,-0.052003,-0.071525,-0.010460,0.100697,0.120504,0.222710,-0.214943,1.082166,-0.066422,0.014788,0.099374,0.153828,-0.255696,0.380244,0.983746,0.227697,0.182522,-0.064361
-0.035536,3.590354,0.779231,0.004129,-0.030654,-0.721741,0.691472,0.112535,-0.109836,0.254266,0.121689,-0.217085,0.104309,-0.480353,-0.234196,-0.178994,1.183561,-0.230747,-0.057836,-0.068392,-0.012133,0.099798,0.127941,0.223279,-0.214716,1.082732,-0.067979,0.014318,0.098346,0.151678,-0.257193,0.378428,0.980406,0.231746,0.184742,-0.063310
-0.036001,3.595958,0.779455,0.004680,-0.031878,-0.722993,0.690104,0.105489,-0.111183,0.258335,0.121577,-0.212113,0.107155,-0.466025,-0.247486,-0.179130,1.216322,-0.240874,-0.063943,-0.065273,-0.013985,0.098708,0.135261,0.223768,-0.214866,1.083618,-0.068661,0.014063,0.097897,0.149794,-0.258672,0.377328,0.977742,0.235034,0.186027,-0.063221
-0.036632,3.601468,0.779624,0.005395,-0.033212,-0.724235,0.688732,0.098318,-0.112927,0.262284,0.121623,-0.207073,0.109867,-0.450483,-0.259039,-0.177198,1.245445,-0.249679,-0.071205,-0.062117,-0.016114,0.097348,0.142402,0.224272,-0.215782,1.084899,-0.068090,0.014184,0.098358,0.148229,-0.260065,0.377078,0.975867,0.237431,0.185893,-0.064570
-0.037150,3.606864,0.779738,0.006266,-0.034630,-0.725484,0.687338,0.091073,-0.115047,0.266190,0.121688,-0.201994,0.112476,-0.433637,-0.268892,-0.173623,1.271007,-0.256930,-0.078476,-0.058863,-0.018555,0.095684,0.149400,0.224802,-0.217263,1.086534,-0.066776,0.014533,0.099485,0.146798,-0.261282,0.377498,0.974780,0.239278,0.184869,-0.066968
-0.037681,3.612229,0.779795,0.007172,-0.036105,-0.726696,0.685972,0.083934,-0.117259,0.270023,0.121734,-0.196719,0.115101,-0.414986,-0.277693,-0.170075,1.292184,-0.262775,-0.084380,-0.055538,-0.021100,0.093981,0.156337,0.225355,-0.218725,1.088301,-0.065278,0.014873,0.100642,0.145642,-0.262470,0.378232,0.974089,0.240540,0.183647,-0.069557
-0.038308,3.617580,0.779865,0.007988,-0.037617,-0.727825,0.684683,0.077025,-0.119268,0.273758,0.121825,-0.191133,0.117861,-0.394010,-0.286157,-0.168174,1.308142,-0.267374,-0.087548,-0.052185,-0.023609,0.092337,0.163067,0.225658,-0.219520,1.090465,-0.063994,0.014933,0.101370,0.144337,-0.263225,0.378902,0.974332,0.241005,0.182825,-0.071645
-0.038967,3.622856,0.779874,0.008670,-0.039219,-0.728916,0.683424,0.070526,-0.121037,0.277526,0.121996,-0.185152,0.120793,-0.370487,-0.294401,-0.167884,1.319137,-0.270429,-0.087312,-0.048813,-0.025914,0.091053,0.170114,0.225919,-0.219439,1.092328,-0.063329,0.014552,0.101205,0.143421,-0.264365,0.379776,0.974558,0.240551,0.182760,-0.072961
-0.039595,3.628108,0.779874,0.009258,-0.040877,-0.729971,0.682192,0.064296,-0.122654,0.281286,0.122265,-0.178874,0.123817,-0.344709,-0.302011,-0.168618,1.325518,-0.271994,-0.084517,-0.045009,-0.028215,0.089777,0.176625,0.225907,-0.219217,1.095036,-0.062855,0.013823,0.100774,0.142323,-0.264756,0.380336,0.976117,0.238831,0.182920,-0.074093
-0.040265,3.633291,0.779896,0.009823,-0.042478,-0.730887,0.681105,0.057962,-0.124042,0.284751,0.122579,-0.172407,0.126895,-0.317085,-0.308979,-0.171109,1.326737,-0.272831,-0.080155,-0.042043,-0.030282,0.088509,0.183639,0.225655,-0.217851,1.097245,-0.062149,0.013147,0.100127,0.141458,-0.265782,0.381773,0.977426,0.237468,0.183239,-0.074822
-0.041021,3.638540,0.779871,0.010413,-0.043894,-0.731560,0.680282,0.051145,-0.125133,0.287642,0.122969,-0.165884,0.129989,-0.287999,-0.315303,-0.176064,1.322268,-0.273729,-0.075232,-0.039049,-0.032309,0.086994,0.189808,0.225300,-0.216584,1.100010,-0.060997,0.012860,0.099798,0.141092,-0.266404,0.382384,0.978694,0.236617,0.183361,-0.075145
-0.041932,3.643659,0.779878,0.011029,-0.045126,-0.731947,0.679776,0.042675,-0.125521,0.290018,0.125962,-0.160818,0.133195,-0.257328,-0.321009,-0.183774,1.312621,-0.275242,-0.069733,-0.036402,-0.034313,0.085251,0.195408,0.224861,-0.214895,1.103175,-0.058902,0.013226,0.099908,0.141214,-0.266812,0.382535,0.979831,0.236873,0.183127,-0.074821
-0.042875,3.648918,0.779825,0.011640,-0.046216,-0.732108,0.679519,0.031604,-0.124884,0.292159,0.134019,-0.158363,0.136455,-0.224976,-0.325989,-0.193858,1.297895,-0.276834,-0.063295,-0.034156,-0.036222,0.083348,0.200627,0.224175,-0.212578,1.106665,-0.056077,0.013999,0.100252,0.141634,-0.267120,0.382531,0.981044,0.237775,0.182712,-0.073961
-0.043695,3.654237,0.779763,0.012286,-0.047140,-0.732103,0.679450,0.020125,-0.123974,0.293844,0.142076,-0.155622,0.139551,-0.191408,-0.330035,-0.205945,1.277015,-0.277688,-0.056367,-0.032283,-0.037930,0.081172,0.205508,0.223155,-0.210061,1.110226,-0.053349,0.014771,0.100641,0.142177,-0.267302,0.382450,0.982322,0.238769,0.182393,-0.073053
-0.044663,3.659691,0.779692,0.013004,-0.047860,-0.731994,0.679504,0.008475,-0.122937,0.295091,0.149379,-0.151978,0.142224,-0.157131,-0.333001,-0.219603,1.248950,-0.277021,-0.049394,-0.030293,-0.039642,0.078739,0.210274,0.222599,-0.208285,1.113054,-0.051876,0.015203,0.100627,0.143235,-0.267266,0.381911,0.983030,0.239281,0.182465,-0.072450
-0.045700,3.664870,0.779617,0.013760,-0.048331,-0.731675,0.679799,-0.003488,-0.121705,0.295593,0.156347,-0.147903,0.144902,-0.121817,-0.335596,-0.236285,1.213728,-0.273758,-0.044229,-0.028872,-0.041088,0.075868,0.214993,0.222017,-0.206794,1.115377,-0.051716,0.014969,0.100176,0.144605,-0.267092,0.381315,0.983308,0.239245,0.183201,-0.072387
-0.046752,3.670004,0.779534,0.014533,-0.048563,-0.731156,0.680324,-0.015884,-0.120204,0.295438,0.163303,-0.143583,0.147547,-0.085406,-0.337409,-0.255624,1.171950,-0.268704,-0.039939,-0.027834,-0.042294,0.072620,0.219533,0.221404,-0.205553,1.117374,-0.052447,0.014380,0.099473,0.146342,-0.266757,0.380520,0.983271,0.238916,0.184375,-0.072613
-0.047773,3.675483,0.779436,0.015406,-0.048652,-0.730667,0.680824,-0.028193,-0.118678,0.295219,0.168820,-0.137685,0.149225,-0.048801,-0.336782,-0.274319,1.123195,-0.263773,-0.032753,-0.026665,-0.043515,0.069301,0.224008,0.220975,-0.204493,1.118653,-0.053759,0.013802,0.098590,0.148204,-0.266415,0.379676,0.982933,0.238432,0.185567,-0.072867
-0.048997,3.680848,0.779322,0.016476,-0.048715,-0.730436,0.681042,-0.040077,-0.117343,0.295548,0.171895,-0.129112,0.149022,-0.012915,-0.332356,-0.288947,1.066812,-0.260805,-0.019011,-0.025190,-0.044946,0.066136,0.228308,0.220266,-0.202955,1.119357,-0.054872,0.013548,0.097839,0.149085,-0.265698,0.379079,0.983434,0.237639,0.186254,-0.073040
-0.050301,3.686198,0.779091,0.017757,-0.048821,-0.730504,0.680929,-0.051372,-0.116391,0.296366,0.172185,-0.117018,0.146328,0.023460,-0.323236,-0.298138,0.998469,-0.258556,0.005232,-0.023273,-0.046768,0.063123,0.232988,0.219609,-0.201065,1.118713,-0.055862,0.013908,0.097051,0.149417,-0.264910,0.378997,0.984329,0.236659,0.186188,-0.072973
-0.051570,3.691835,0.778829,0.019187,-0.048896,-0.730757,0.680614,-0.062193,-0.115726,0.297361,0.170112,-0.102095,0.141798,0.060574,-0.310620,-0.303644,0.919254,-0.256387,0.036838,-0.020986,-0.048787,0.060266,0.237917,0.219142,-0.199086,1.116803,-0.057037,0.014666,0.096080,0.149725,-0.264280,0.379088,0.984966,0.235498,0.185710,-0.072685
-0.052816,3.697655,0.778354,0.020778,-0.048858,-0.731178,0.680118,-0.072601,-0.115210,0.298751,0.165766,-0.085527,0.136412,0.096059,-0.296589,-0.306911,0.836593,-0.257095,0.068806,-0.018461,-0.050903,0.057721,0.242432,0.218755,-0.196980,1.114520,-0.058520,0.015382,0.095133,0.149615,-0.263711,0.379217,0.985431,0.234385,0.185257,-0.072413
-0.053828,3.703683,0.777774,0.022558,-0.048640,-0.731753,0.679458,-0.082560,-0.114709,0.300773,0.158934,-0.068315,0.131119,0.127357,-0.283114,-0.309608,0.758183,-0.263510,0.094346,-0.016079,-0.053048,0.055572,0.246077,0.218271,-0.194371,1.112576,-0.060302,0.015703,0.094436,0.148215,-0.262894,0.379514,0.986355,0.233538,0.185219,-0.072433
-0.054935,3.709857,0.777167,0.024753,-0.048388,-0.732609,0.678476,-0.091852,-0.114742,0.304010,0.148833,-0.050248,0.126011,0.154015,-0.270595,-0.310840,0.683872,-0.279462,0.112417,-0.013170,-0.055755,0.053855,0.248665,0.217867,-0.191597,1.110836,-0.063017,0.015495,0.093950,0.145897,-0.262026,0.379515,0.987063,0.233073,0.185959,-0.072705
-0.056191,3.716203,0.776577,0.027258,-0.048059,-0.733716,0.677206,-0.100530,-0.115176,0.308145,0.135729,-0.030900,0.120617,0.177631,-0.257945,-0.310489,0.609567,-0.302001,0.126653,-0.009846,-0.058862,0.052504,0.250526,0.217530,-0.188582,1.108993,-0.066397,0.014973,0.093598,0.142737,-0.261084,0.379398,0.987720,0.232845,0.187163,-0.073141
-0.057538,3.722769,0.776037,0.029633,-0.047312,-0.734827,0.675953,-0.109295,-0.114798,0.312144,0.121620,-0.011300,0.115016,0.198380,-0.244788,-0.311188,0.537570,-0.324111,0.137276,-0.006950,-0.061258,0.051505,0.251577,0.217120,-0.185306,1.107692,-0.069482,0.014269,0.093510,0.138518,-0.259698,0.379513,0.989068,0.232632,0.188290,-0.073853
-0.058819,3.729558,0.775551,0.031409,-0.045774,-0.735692,0.675037,-0.121633,-0.111347,0.315204,0.114712,0.004197,0.109218,0.216109,-0.230787,-0.315301,0.470960,-0.339271,0.144220,-0.004812,-0.061579,0.050969,0.251485,0.216680,-0.182500,1.107525,-0.071627,0.013538,0.093732,0.134018,-0.258249,0.379600,0.990654,0.232274,0.188911,-0.074749
-0.060030,3.736487,0.775184,0.032507,-0.043248,-0.736231,0.674564,-0.136927,-0.104691,0.316834,0.113048,0.017211,0.103813,0.229782,-0.216398,-0.324457,0.411575,-0.346194,0.145982,-0.003762,-0.059338,0.050972,0.250135,0.216267,-0.180380,1.108506,-0.072476,0.012786,0.094038,0.129513,-0.257104,0.379472,0.991962,0.231853,0.188844,-0.075965
-0.061223,3.743467,0.774851,0.033163,-0.039937,-0.736581,0.674354,-0.153259,-0.095943,0.317331,0.112340,0.029761,0.098610,0.239136,-0.201662,-0.336715,0.358587,-0.348977,0.142942,-0.003578,-0.055188,0.051355,0.247678,0.215738,-0.178491,1.110464,-0.072396,0.011928,0.094538,0.124405,-0.255867,0.379353,0.993594,0.231393,0.188323,-0.077533
-0.062416,3.750417,0.774681,0.033454,-0.036199,-0.736814,0.674296,-0.169745,-0.085938,0.316937,0.111951,0.041124,0.092444,0.245736,-0.186147,-0.349093,0.309745,-0.348418,0.137552,-0.003473,-0.049853,0.052261,0.244312,0.215234,-0.176869,1.113101,-0.072062,0.011051,0.095444,0.119558,-0.255068,0.379285,0.994682,0.230875,0.187742,-0.078858
-0.063554,3.757755,0.774507,0.033415,-0.032331,-0.737039,0.674249,-0.185639,-0.075362,0.316036,0.111541,0.050382,0.084183,0.251120,-0.169433,-0.358442,0.263107,-0.345477,0.132203,-0.002955,-0.043965,0.053588,0.240218,0.214487,-0.175060,1.116493,-0.071857,0.010202,0.097177,0.114822,-0.254426,0.379708,0.995746,0.230140,0.187379,-0.079568
-0.064560,3.765278,0.774210,0.032947,-0.028150,-0.737323,0.674149,-0.201198,-0.063669,0.315340,0.111023,0.057348,0.072282,0.254639,-0.151176,-0.363474,0.219457,-0.340235,0.127006,-0.002048,-0.036883,0.055248,0.234900,0.212752,-0.172570,1.121914,-0.071533,0.009089,0.100656,0.109663,-0.253885,0.381039,0.997389,0.228982,0.187292,-0.079599
-0.065537,3.772734,0.773882,0.032103,-0.023633,-0.737632,0.674025,-0.216626,-0.050835,0.314587,0.110590,0.062413,0.057785,0.255213,-0.132486,-0.365752,0.180670,-0.332796,0.120689,-0.000641,-0.028573,0.057393,0.228367,0.210521,-0.170076,1.128796,-0.071134,0.007829,0.105302,0.104854,-0.254006,0.382744,0.998502,0.227609,0.187414,-0.079020
-0.066461,3.780052,0.773559,0.031162,-0.019315,-0.737935,0.673875,-0.231074,-0.038350,0.312889,0.110134,0.065676,0.043463,0.254156,-0.114813,-0.366466,0.145749,-0.323875,0.113665,0.000829,-0.020389,0.059956,0.221602,0.208008,-0.167516,1.135304,-0.070759,0.006851,0.109790,0.100341,-0.254678,0.384994,0.999279,0.226399,0.187633,-0.078081
-0.067430,3.787388,0.773281,0.030382,-0.015684,-0.738180,0.673737,-0.243852,-0.027581,0.309387,0.109821,0.067080,0.032051,0.245465,-0.102127,-0.366166,0.130286,-0.322977,0.106492,0.001915,-0.013632,0.062834,0.215619,0.205510,-0.164872,1.139540,-0.070558,0.006609,0.112798,0.096095,-0.255694,0.387899,0.999926,0.225700,0.187833,-0.077042
-0.068374,3.794555,0.773148,0.029689,-0.012749,-0.738411,0.673577,-0.255323,-0.018596,0.302749,0.109688,0.065063,0.023766,0.232702,-0.092635,-0.365568,0.126819,-0.326281,0.099083,0.002734,-0.008464,0.066275,0.210747,0.203168,-0.161435,1.140477,-0.070814,0.007699,0.113825,0.091865,-0.256972,0.391809,1.000430,0.225770,0.188016,-0.075457
-0.069290,3.801645,0.773335,0.028917,-0.010265,-0.738581,0.673466,-0.265613,-0.010683,0.293775,0.109688,0.060169,0.017286,0.221027,-0.083423,-0.364986,0.122881,-0.326597,0.091336,0.003251,-0.004210,0.070311,0.206495,0.200938,-0.157408,1.139213,-0.071374,0.009733,0.113590,0.087656,-0.258451,0.396585,1.000812,0.226365,0.188210,-0.073368
-0.070366,3.808786,0.773725,0.028083,-0.008284,-0.738399,0.673728,-0.273606,-0.003935,0.284450,0.109748,0.055705,0.012970,0.208815,-0.075596,-0.365201,0.122751,-0.326651,0.083761,0.002581,-0.000692,0.074619,0.202537,0.198907,-0.154300,1.137133,-0.071843,0.011674,0.112608,0.083810,-0.259989,0.401420,1.001416,0.227035,0.188333,-0.071780
-0.071668,3.815760,0.774292,0.027503,-0.006877,-0.737786,0.674439,-0.278719,0.001318,0.277586,0.110287,0.054583,0.011218,0.197453,-0.069474,-0.366611,0.122684,-0.324824,0.076940,0.000567,0.001728,0.078485,0.198600,0.197328,-0.153685,1.135541,-0.071857,0.012494,0.111365,0.080774,-0.261347,0.405459,1.002473,0.227332,0.188318,-0.071698
-0.072804,3.822395,0.774958,0.026957,-0.005685,-0.736587,0.675782,-0.281526,0.005799,0.273200,0.112896,0.056816,0.012679,0.187017,-0.064060,-0.369456,0.122710,-0.320701,0.071069,-0.003220,0.003638,0.081719,0.194684,0.196713,-0.156683,1.134584,-0.071449,0.011649,0.109523,0.078362,-0.262073,0.408603,1.004452,0.227138,0.188006,-0.073913
-0.073850,3.828796,0.775783,0.026390,-0.004707,-0.734958,0.677583,-0.297951,0.014123,0.269939,0.151337,0.043011,0.016641,0.177477,-0.058824,-0.373348,0.122677,-0.314191,0.065788,-0.008532,0.005120,0.084596,0.191035,0.196674,-0.161930,1.133562,-0.070639,0.009772,0.106969,0.076274,-0.262419,0.411421,1.007200,0.226677,0.187488,-0.077718
-0.074773,3.835002,0.776782,0.025791,-0.003938,-0.733197,0.679516,-0.320558,0.024462,0.267856,0.208966,0.021280,0.021899,0.168702,-0.053926,-0.377757,0.122589,-0.306657,0.060948,-0.013553,0.006327,0.086934,0.187347,0.197132,-0.169110,1.132716,-0.069892,0.007661,0.104478,0.075615,-0.262648,0.412943,1.009795,0.225914,0.186992,-0.081880
-0.075599,3.841017,0.777850,0.025200,-0.003452,-0.731579,0.681282,-0.340973,0.034672,0.267259,0.267295,0.000669,0.027303,0.160559,-0.049888,-0.382174,0.122453,-0.299407,0.056460,-0.017800,0.006992,0.088875,0.183886,0.197792,-0.175622,1.131765,-0.068648,0.006094,0.102598,0.076132,-0.262513,0.413177,1.012201,0.224621,0.186721,-0.085144
-0.076392,3.846862,0.778861,0.024738,-0.003423,-0.730079,0.682906,-0.358969,0.044835,0.269612,0.326788,-0.018921,0.033197,0.153163,-0.047379,-0.386787,0.122275,-0.292535,0.052670,-0.020938,0.006777,0.090115,0.180429,0.198670,-0.182270,1.131201,-0.066572,0.005304,0.101759,0.078344,-0.261863,0.411231,1.014667,0.222200,0.186820,-0.087574
-0.077050,3.852636,0.779838,0.024316,-0.003792,-0.728618,0.684478,-0.375203,0.055304,0.274345,0.389012,-0.038088,0.040130,0.146549,-0.046004,-0.391558,0.122067,-0.285369,0.049520,-0.023742,0.005943,0.090802,0.177161,0.199558,-0.189150,1.130916,-0.063675,0.004843,0.101589,0.081622,-0.260753,0.407951,1.017563,0.218991,0.187143,-0.089752
-0.077678,3.858182,0.780860,0.023820,-0.004390,-0.727324,0.685866,-0.389564,0.065728,0.278758,0.452191,-0.056438,0.047174,0.140466,-0.045147,-0.395832,0.121858,-0.278185,0.046392,-0.025799,0.004838,0.091368,0.174026,0.200417,-0.195393,1.130418,-0.061062,0.004512,0.101672,0.085476,-0.259398,0.404258,1.020247,0.216052,0.187419,-0.091210
-0.078159,3.863539,0.781835,0.023153,-0.005050,-0.726317,0.686951,-0.402121,0.075550,0.280195,0.514735,-0.073680,0.053314,0.134612,-0.044227,-0.399006,0.121730,-0.271259,0.042618,-0.026942,0.003825,0.092253,0.171079,0.201143,-0.199874,1.129118,-0.059775,0.004101,0.101574,0.089402,-0.258126,0.401306,1.022025,0.214496,0.187393,-0.091486
-0.078459,3.868811,0.782813,0.022366,-0.005805,-0.725626,0.687701,-0.413243,0.084692,0.278570,0.577525,-0.089976,0.058578,0.128913,-0.043384,-0.400915,0.121697,-0.264610,0.037798,-0.027084,0.002853,0.093551,0.168271,0.201545,-0.201830,1.126790,-0.060208,0.003472,0.101241,0.093546,-0.257273,0.399194,1.022429,0.215237,0.186849,-0.090053
-0.078756,3.874244,0.783659,0.021541,-0.006752,-0.725169,0.688201,-0.422925,0.093202,0.275152,0.641202,-0.105541,0.063414,0.123504,-0.042931,-0.401953,0.121733,-0.258133,0.032351,-0.026651,0.001813,0.095049,0.165743,0.201573,-0.201725,1.123619,-0.061704,0.002754,0.100863,0.098190,-0.256977,0.397721,1.021589,0.217664,0.186019,-0.087263
-0.079012,3.879570,0.784417,0.020616,-0.007801,-0.724892,0.688510,-0.431065,0.100614,0.269375,0.704499,-0.120306,0.067292,0.118420,-0.042535,-0.402369,0.121830,-0.251941,0.026800,-0.025530,0.000859,0.096645,0.163197,0.201495,-0.201018,1.120180,-0.063852,0.002145,0.100467,0.103123,-0.256857,0.396643,1.020064,0.220214,0.185261,-0.083978
-0.079195,3.884832,0.785033,0.019529,-0.008859,-0.724736,0.688693,-0.437561,0.106377,0.260716,0.766183,-0.134200,0.069598,0.113737,-0.041843,-0.402419,0.121914,-0.246093,0.021671,-0.024344,0.000256,0.098306,0.161036,0.201417,-0.200384,1.116416,-0.066069,0.001859,0.100009,0.107703,-0.256855,0.396587,1.018509,0.221655,0.184939,-0.081046
-0.079410,3.889883,0.785573,0.018235,-0.009976,-0.724768,0.688679,-0.442738,0.109598,0.247822,0.827087,-0.147454,0.069501,0.109620,-0.040850,-0.401821,0.121980,-0.240864,0.017099,-0.023190,-0.000058,0.100283,0.159225,0.201284,-0.199040,1.112145,-0.068214,0.001944,0.099111,0.112371,-0.257229,0.398112,1.015924,0.221655,0.185343,-0.078560
-0.079670,3.894916,0.786016,0.016797,-0.011182,-0.724979,0.688475,-0.446637,0.110476,0.231595,0.887844,-0.160219,0.067306,0.105966,-0.039767,-0.400577,0.122068,-0.236144,0.012804,-0.022021,-0.000175,0.102449,0.158231,0.201194,-0.196968,1.106783,-0.070824,0.002358,0.097907,0.116856,-0.258026,0.401148,1.012769,0.221139,0.186169,-0.076065
-0.079812,3.899914,0.786422,0.015300,-0.012366,-0.725195,0.688262,-0.448752,0.110310,0.214822,0.946989,-0.172327,0.064181,0.102499,-0.038525,-0.399348,0.122142,-0.231410,0.008689,-0.021031,-0.000106,0.104481,0.157334,0.201194,-0.195119,1.101708,-0.073334,0.002905,0.096942,0.121226,-0.258984,0.404879,1.009591,0.220188,0.187129,-0.073778
-0.080040,3.904758,0.786764,0.013794,-0.013383,-0.725249,0.688219,-0.448593,0.110673,0.200146,1.002963,-0.183524,0.061476,0.098952,-0.037045,-0.398776,0.122156,-0.226119,0.004658,-0.020647,0.000205,0.106011,0.156198,0.201301,-0.194297,1.097877,-0.075234,0.003490,0.096759,0.125279,-0.259910,0.408858,1.007193,0.219065,0.187918,-0.071914
-0.080216,3.909590,0.787095,0.012246,-0.014209,-0.725075,0.688415,-0.445935,0.111841,0.187696,1.055829,-0.194136,0.059643,0.095368,-0.035219,-0.399077,0.122104,-0.220065,0.000685,-0.021151,0.000828,0.107010,0.154764,0.201586,-0.194784,1.095560,-0.076286,0.004104,0.097658,0.128906,-0.260899,0.413625,1.005736,0.217813,0.188538,-0.070513
-0.080377,3.914293,0.787467,0.010613,-0.014883,-0.724769,0.688750,-0.441063,0.113307,0.176146,1.106373,-0.204178,0.058031,0.091858,-0.033042,-0.399888,0.121995,-0.213541,-0.003176,-0.022308,0.001769,0.107699,0.153348,0.202158,-0.196095,1.094009,-0.076847,0.004821,0.099221,0.132359,-0.262187,0.419277,1.004548,0.216370,0.189146,-0.069421
-0.080513,3.918852,0.787834,0.008951,-0.015385,-0.724410,0.689139,-0.434232,0.115584,0.165923,1.153902,-0.212912,0.056498,0.088238,-0.030636,-0.400969,0.121845,-0.206746,-0.006888,-0.023644,0.002960,0.107985,0.151803,0.202769,-0.197956,1.093269,-0.077188,0.005561,0.101089,0.135583,-0.263253,0.424547,1.003916,0.214676,0.189612,-0.068679
-0.080663,3.923579,0.788078,0.007356,-0.015738,-0.724079,0.689498,-0.425746,0.119170,0.157459,1.197734,-0.219604,0.054911,0.084297,-0.028164,-0.402092,0.121674,-0.199867,-0.010413,-0.025000,0.004322,0.107849,0.150288,0.203201,-0.199717,1.093048,-0.077520,0.006257,0.102805,0.138562,-0.263914,0.428586,1.003826,0.212860,0.189847,-0.068280
-0.080822,3.928129,0.788334,0.005829,-0.015919,-0.723791,0.689811,-0.415428,0.125341,0.152046,1.238317,-0.225416,0.054777,0.080017,-0.025669,-0.403294,0.121479,-0.192864,-0.013787,-0.026543,0.005858,0.107258,0.149088,0.203526,-0.201282,1.093153,-0.078032,0.006983,0.104483,0.141385,-0.264415,0.431483,1.004142,0.210990,0.189761,-0.068278
-0.080944,3.932959,0.788483,0.004342,-0.015947,-0.723510,0.690117,-0.403229,0.133647,0.149002,1.275862,-0.230271,0.055812,0.075467,-0.023086,-0.404665,0.121254,-0.185638,-0.016990,-0.028296,0.007614,0.106240,0.148031,0.203768,-0.202949,1.093793,-0.078553,0.007740,0.106295,0.144048,-0.264814,0.433633,1.004876,0.209017,0.189434,-0.068655
-0.081015,3.937477,0.788677,0.002920,-0.015872,-0.723238,0.690410,-0.389664,0.141810,0.145913,1.309347,-0.231628,0.055082,0.070672,-0.020484,-0.406047,0.121006,-0.178356,-0.019866,-0.030186,0.009450,0.104986,0.147043,0.203877,-0.204261,1.094728,-0.078739,0.008381,0.107704,0.146491,-0.264994,0.434972,1.005803,0.207030,0.189067,-0.069222
-0.080984,3.942047,0.788825,0.001569,-0.015718,-0.722978,0.690691,-0.375325,0.147363,0.140425,1.337787,-0.226961,0.049500,0.065629,-0.017921,-0.407282,0.120728,-0.171179,-0.022267,-0.032139,0.011244,0.103528,0.146292,0.203982,-0.205209,1.095545,-0.078662,0.008777,0.108203,0.149008,-0.265152,0.435884,1.006343,0.205577,0.188882,-0.069855
-0.081031,3.946677,0.788886,0.000329,-0.015470,-0.722711,0.690977,-0.360623,0.149736,0.131859,1.361411,-0.214380,0.038688,0.060101,-0.015450,-0.408350,0.120818,-0.164399,-0.024027,-0.034249,0.012948,0.101921,0.145894,0.204017,-0.205034,1.096102,-0.077870,0.008850,0.107238,0.151418,-0.265170,0.435914,1.006509,0.204500,0.188979,-0.070464
-0.081078,3.951304,0.788856,-0.000772,-0.015162,-0.722447,0.691259,-0.345194,0.149767,0.121513,1.380676,-0.195748,0.023819,0.054041,-0.013204,-0.409294,0.121366,-0.157957,-0.025233,-0.036515,0.014459,0.100064,0.145756,0.204039,-0.204026,1.096661,-0.076541,0.008681,0.105207,0.154024,-0.265124,0.435244,1.006130,0.203765,0.189267,-0.071216
-0.081043,3.955974,0.788714,-0.001765,-0.014872,-0.722213,0.691509,-0.328457,0.147050,0.109902,1.394935,-0.174238,0.004018,0.046264,-0.011947,-0.410072,0.125417,-0.153335,-0.026102,-0.038948,0.015822,0.098156,0.145724,0.204040,-0.202965,1.097114,-0.075109,0.008383,0.102926,0.156320,-0.265026,0.434458,1.005822,0.203330,0.189549,-0.071982
-0.080955,3.960786,0.788590,-0.002702,-0.014652,-0.722044,0.691687,-0.309824,0.141409,0.097501,1.403504,-0.152995,-0.021480,0.037215,-0.011578,-0.410680,0.132226,-0.150021,-0.026907,-0.041486,0.017117,0.096366,0.145519,0.204050,-0.202513,1.097523,-0.073902,0.008063,0.101180,0.158281,-0.264917,0.434099,1.005649,0.203118,0.189697,-0.072710
-0.080888,3.965580,0.788393,-0.003566,-0.014519,-0.721913,0.691822,-0.288773,0.132155,0.083652,1.405572,-0.130998,-0.055904,0.027399,-0.011955,-0.411154,0.140732,-0.147515,-0.027630,-0.044196,0.018245,0.094666,0.145115,0.204126,-0.203071,1.097864,-0.073180,0.007757,0.100185,0.159945,-0.264756,0.434234,1.005587,0.203399,0.189651,-0.073487
-0.080553,3.970247,0.788216,-0.004340,-0.014445,-0.721813,0.691924,-0.265664,0.119304,0.067997,1.401832,-0.107694,-0.098087,0.017088,-0.012884,-0.411487,0.150161,-0.145488,-0.028171,-0.046990,0.019227,0.092915,0.144671,0.204295,-0.204499,1.098128,-0.072912,0.007408,0.099557,0.161443,-0.264595,0.434644,1.005549,0.204255,0.189489,-0.074333
-0.080118,3.974988,0.788051,-0.005045,-0.014445,-0.721820,0.691912,-0.241195,0.104167,0.051811,1.393697,-0.086833,-0.141723,0.005982,-0.014415,-0.411538,0.161121,-0.144036,-0.028684,-0.049537,0.020128,0.091174,0.144064,0.204591,-0.206536,1.098451,-0.072819,0.007005,0.099156,0.162846,-0.264453,0.435331,1.005522,0.205157,0.189272,-0.075113
-0.079595,3.979984,0.787828,-0.005724,-0.014509,-0.722012,0.691704,-0.216142,0.088541,0.036706,1.382509,-0.071753,-0.180097,-0.006040,-0.016468,-0.411169,0.173786,-0.143058,-0.029351,-0.051634,0.021083,0.089468,0.143233,0.204934,-0.208764,1.098981,-0.072622,0.006532,0.098864,0.164157,-0.264395,0.436506,1.005558,0.205681,0.189057,-0.075726
-0.079004,3.984922,0.787581,-0.006412,-0.014675,-0.722459,0.691228,-0.190323,0.072887,0.023042,1.368221,-0.064351,-0.210551,-0.018746,-0.018945,-0.410303,0.187917,-0.142406,-0.030298,-0.053210,0.022174,0.087830,0.142236,0.205322,-0.211383,1.099883,-0.072272,0.005753,0.098674,0.165221,-0.264477,0.438581,1.005915,0.205736,0.188876,-0.076278
-0.078271,3.989944,0.787224,-0.007099,-0.014920,-0.723107,0.690538,-0.163516,0.057035,0.010197,1.350207,-0.062241,-0.236174,-0.032049,-0.021791,-0.409007,0.203269,-0.142044,-0.031461,-0.054499,0.023384,0.086278,0.141110,0.205696,-0.214287,1.101021,-0.071805,0.004743,0.098617,0.166009,-0.264723,0.441428,1.006487,0.205546,0.188696,-0.076754
-0.077501,3.994963,0.786830,-0.007730,-0.015164,-0.723847,0.689750,-0.136502,0.041816,-0.001597,1.328963,-0.062004,-0.258866,-0.046167,-0.024950,-0.407383,0.219757,-0.141927,-0.032721,-0.055650,0.024642,0.084734,0.139909,0.206092,-0.217014,1.101947,-0.071328,0.003977,0.098701,0.166851,-0.265176,0.444518,1.006710,0.205311,0.188496,-0.076955
-0.076557,4.000031,0.786352,-0.008148,-0.015433,-0.724546,0.689005,-0.110174,0.032007,-0.005554,1.304911,-0.059939,-0.261800,-0.061627,-0.028994,-0.405470,0.237990,-0.142277,-0.033728,-0.056838,0.025831,0.083164,0.138505,0.206413,-0.218880,1.102412,-0.070693,0.003896,0.098916,0.167841,-0.265715,0.447093,1.006319,0.204978,0.188222,-0.076628
-0.075507,4.005265,0.785755,-0.007449,-0.016504,-0.725006,0.688504,-0.084755,0.021697,-0.005538,1.276754,-0.054461,-0.261800,-0.082158,-0.038386,-0.402763,0.265947,-0.146816,-0.033794,-0.058618,0.024413,0.081193,0.136975,0.206681,-0.219693,1.102247,-0.069680,0.005077,0.099402,0.169042,-0.266546,0.449281,1.004916,0.204403,0.187884,-0.075455
-0.074264,4.010686,0.785035,-0.006610,-0.017592,-0.725550,0.687913,-0.059631,0.011364,-0.005042,1.245417,-0.048309,-0.261800,-0.103681,-0.048068,-0.399307,0.294875,-0.151256,-0.033844,-0.060191,0.022894,0.079216,0.135226,0.206799,-0.219700,1.101783,-0.068276,0.007110,0.100135,0.170319,-0.267577,0.451250,1.002870,0.203519,0.187496,-0.073648
-0.072976,4.016406,0.784094,-0.005766,-0.018544,-0.726044,0.687374,-0.035129,0.001516,-0.005034,1.211506,-0.041245,-0.261800,-0.124947,-0.057154,-0.395753,0.322229,-0.155019,-0.034180,-0.061829,0.021583,0.077152,0.133155,0.206869,-0.219450,1.101205,-0.067212,0.009023,0.100874,0.171627,-0.268350,0.452692,1.000908,0.202856,0.187006,-0.071833
-0.071778,4.021959,0.783042,-0.005056,-0.019193,-0.726365,0.687023,-0.011587,-0.007224,-0.006317,1.175663,-0.033057,-0.261800,-0.144902,-0.064872,-0.392807,0.345870,-0.157643,-0.035067,-0.064236,0.020936,0.075195,0.131306,0.207169,-0.218932,1.099792,-0.067191,0.009869,0.101116,0.173563,-0.269633,0.453865,0.998269,0.203349,0.186522,-0.070426
-0.070566,4.027642,0.781840,-0.004364,-0.019625,-0.726437,0.686939,0.011058,-0.014708,-0.008361,1.137609,-0.022286,-0.261800,-0.163752,-0.071703,-0.390575,0.366335,-0.159731,-0.036469,-0.067207,0.020524,0.073071,0.129243,0.207653,-0.218492,1.097993,-0.068935,0.009205,0.100733,0.175697,-0.270333,0.454192,0.996139,0.204992,0.185739,-0.069724
-0.069415,4.033382,0.780483,-0.003685,-0.019856,-0.726335,0.687044,0.032950,-0.021130,-0.010832,1.097184,-0.009495,-0.261800,-0.182093,-0.077910,-0.388815,0.384835,-0.161504,-0.038249,-0.070707,0.020271,0.070963,0.127372,0.208669,-0.217808,1.095222,-0.072001,0.007648,0.099737,0.178317,-0.271025,0.454031,0.993559,0.207598,0.184793,-0.069291
-0.068347,4.039404,0.778971,-0.003275,-0.019670,-0.726145,0.687252,0.053947,-0.026247,-0.014683,1.055086,0.002560,-0.261800,-0.199314,-0.082462,-0.387829,0.400156,-0.161980,-0.040492,-0.074427,0.020914,0.068840,0.125244,0.209868,-0.217328,1.092497,-0.075096,0.005663,0.098845,0.180994,-0.271407,0.453300,0.991331,0.210516,0.183972,-0.069157
-0.067337,4.045432,0.777549,-0.003393,-0.018845,-0.725950,0.687481,0.073898,-0.029660,-0.020773,1.012054,0.011076,-0.261800,-0.214871,-0.084388,-0.387970,0.411264,-0.160285,-0.043287,-0.077953,0.022900,0.066947,0.123041,0.211940,-0.217644,1.089601,-0.077260,0.003886,0.098372,0.184022,-0.271626,0.451815,0.988988,0.213219,0.183660,-0.069108
-0.066465,4.051556,0.775965,-0.004173,-0.017206,-0.725686,0.687798,0.092042,-0.030368,-0.029505,0.967888,0.017900,-0.261800,-0.228214,-0.083060,-0.389896,0.417188,-0.156206,-0.046814,-0.081643,0.026911,0.065019,0.120383,0.214261,-0.219131,1.087534,-0.077533,0.001883,0.098713,0.187094,-0.271447,0.449332,0.987307,0.215817,0.184049,-0.069326
-0.065490,4.057725,0.774287,-0.005433,-0.014916,-0.725310,0.688239,0.108465,-0.028342,-0.039699,0.922798,0.023555,-0.261800,-0.239852,-0.079310,-0.393386,0.418938,-0.150340,-0.050933,-0.085538,0.032410,0.063077,0.117375,0.216929,-0.221499,1.085871,-0.076740,-0.000446,0.099537,0.190314,-0.270907,0.445934,0.986058,0.218510,0.184912,-0.069809
-0.064519,4.064052,0.772752,-0.006960,-0.012272,-0.724933,0.688675,0.124039,-0.024529,-0.049821,0.878397,0.023274,-0.261800,-0.250808,-0.074271,-0.397505,0.418323,-0.142933,-0.055295,-0.089152,0.038664,0.061355,0.113946,0.219770,-0.223894,1.084291,-0.075966,-0.002254,0.100778,0.193414,-0.270060,0.442303,0.985218,0.220773,0.185882,-0.070451
-0.063594,4.070593,0.771241,-0.008551,-0.009568,-0.724679,0.688967,0.139809,-0.019986,-0.058425,0.835876,0.012413,-0.261800,-0.262054,-0.068985,-0.401306,0.417086,-0.134199,-0.059593,-0.092026,0.045001,0.060071,0.109969,0.222472,-0.225404,1.082584,-0.076256,-0.002701,0.102410,0.196001,-0.269035,0.439177,0.984906,0.222098,0.186582,-0.071166
-0.062269,4.077290,0.769545,-0.009677,-0.007411,-0.724534,0.689131,0.157154,-0.016773,-0.065081,0.793349,-0.012041,-0.261800,-0.275255,-0.065998,-0.403682,0.419016,-0.125832,-0.063309,-0.094180,0.049907,0.059040,0.105246,0.224794,-0.225847,1.080863,-0.078076,-0.001014,0.104854,0.198042,-0.267964,0.436960,0.985340,0.222112,0.186861,-0.072125
-0.060731,4.084235,0.767904,-0.009891,-0.006181,-0.724383,0.689299,0.175147,-0.014283,-0.061966,0.749784,-0.045901,-0.230701,-0.291281,-0.067292,-0.404233,0.425998,-0.118905,-0.066082,-0.096033,0.052622,0.057985,0.099835,0.226727,-0.225577,1.079324,-0.080734,0.002148,0.108039,0.199693,-0.266907,0.435280,0.986384,0.221200,0.186951,-0.073320
-0.059257,4.091467,0.766161,-0.009927,-0.005008,-0.724294,0.689402,0.191886,-0.012320,-0.056996,0.708286,-0.084653,-0.195032,-0.307675,-0.068944,-0.404541,0.432341,-0.110864,-0.068963,-0.097552,0.055089,0.057187,0.094034,0.228334,-0.224536,1.077843,-0.083567,0.005488,0.111191,0.200941,-0.265871,0.433671,0.987522,0.220004,0.187057,-0.074396
-0.057645,4.098997,0.764354,-0.009601,-0.003887,-0.724208,0.689503,0.205693,-0.010720,-0.050596,0.669853,-0.122085,-0.162429,-0.324385,-0.071129,-0.404931,0.437341,-0.101441,-0.072223,-0.098995,0.056960,0.056580,0.088140,0.229675,-0.222654,1.076308,-0.085893,0.007709,0.113520,0.201777,-0.264843,0.431679,0.988233,0.219158,0.187379,-0.074994
-0.055967,4.106643,0.762533,-0.008935,-0.002638,-0.724125,0.689605,0.216320,-0.008778,-0.041543,0.634428,-0.158772,-0.133637,-0.341848,-0.073622,-0.405873,0.441225,-0.090924,-0.076424,-0.100292,0.058407,0.056113,0.082261,0.230862,-0.219285,1.074507,-0.087466,0.008336,0.114575,0.202114,-0.263699,0.429298,0.988351,0.218723,0.188090,-0.074858
-0.054292,4.114591,0.760757,-0.008006,-0.001314,-0.724066,0.689683,0.225018,-0.007133,-0.030465,0.600700,-0.197262,-0.107508,-0.359907,-0.076291,-0.407144,0.444128,-0.079323,-0.081341,-0.101374,0.059554,0.055820,0.076181,0.231800,-0.214679,1.072623,-0.088669,0.008101,0.114861,0.202004,-0.262541,0.426733,0.988132,0.218396,0.189048,-0.074228
-0.052585,4.122813,0.759122,-0.006724,-0.000243,-0.724001,0.689766,0.232312,-0.007014,-0.018920,0.567707,-0.234207,-0.084585,-0.377821,-0.079631,-0.407974,0.445508,-0.066039,-0.085966,-0.102435,0.059809,0.055746,0.069928,0.232614,-0.210175,1.070806,-0.089809,0.007574,0.114925,0.201553,-0.261341,0.423800,0.987864,0.218244,0.189949,-0.073503
-0.050698,4.131166,0.757729,-0.004989,0.000238,-0.723902,0.689884,0.238606,-0.009418,-0.008364,0.534677,-0.266165,-0.065035,-0.394920,-0.084173,-0.407515,0.444920,-0.050462,-0.089217,-0.103632,0.058597,0.055949,0.063514,0.233437,-0.207155,1.069196,-0.091220,0.007326,0.115319,0.200931,-0.260096,0.420280,0.987731,0.218336,0.190503,-0.073065
-0.048765,4.139670,0.756518,-0.002588,0.000095,-0.723730,0.690078,0.244222,-0.014588,0.001466,0.499911,-0.292108,-0.049894,-0.411763,-0.090526,-0.405367,0.442778,-0.032474,-0.092020,-0.104885,0.055332,0.056214,0.056758,0.234585,-0.206113,1.067663,-0.093467,0.007512,0.116065,0.200066,-0.258442,0.415926,0.987959,0.218668,0.190436,-0.072862
-0.046918,4.148159,0.755560,0.000353,-0.000473,-0.723499,0.690325,0.249199,-0.021699,0.011531,0.463515,-0.313448,-0.038700,-0.428501,-0.098212,-0.401989,0.439133,-0.012346,-0.094452,-0.106106,0.050548,0.056558,0.049723,0.235977,-0.206379,1.066127,-0.096274,0.007831,0.116895,0.198973,-0.256490,0.410851,0.988320,0.219212,0.189968,-0.072723
-0.045038,4.156580,0.755006,0.003368,-0.001406,-0.723266,0.690560,0.253197,-0.030061,0.021391,0.428164,-0.330535,-0.029071,-0.443749,-0.106139,-0.397707,0.432721,0.010140,-0.094119,-0.107322,0.045038,0.057362,0.042787,0.237489,-0.207674,1.064783,-0.098748,0.008202,0.117876,0.197676,-0.254327,0.405168,0.988860,0.219779,0.189489,-0.072914
-0.042905,4.165042,0.754749,0.006018,-0.002693,-0.723097,0.690715,0.255753,-0.039032,0.030501,0.396930,-0.344058,-0.018548,-0.456112,-0.113243,-0.392756,0.422333,0.035144,-0.088602,-0.108462,0.039505,0.059031,0.036276,0.239024,-0.209808,1.063874,-0.100011,0.008542,0.119092,0.196158,-0.252025,0.398933,0.989680,0.220176,0.189376,-0.073707
-0.040725,4.173575,0.754687,0.008244,-0.004454,-0.722962,0.690824,0.256164,-0.048611,0.039070,0.371532,-0.353624,-0.005710,-0.465291,-0.119720,-0.387706,0.407675,0.063262,-0.078798,-0.109642,0.033982,0.061919,0.029979,0.240523,-0.213288,1.063724,-0.099341,0.008856,0.120894,0.194279,-0.249582,0.391783,0.990962,0.220384,0.189927,-0.075559
-0.038544,4.182155,0.754656,0.010245,-0.006646,-0.722844,0.690903,0.254832,-0.059021,0.047459,0.350353,-0.359386,0.008067,-0.471913,-0.126025,-0.381955,0.389324,0.094124,-0.065335,-0.110802,0.028179,0.065735,0.023760,0.241978,-0.218072,1.064184,-0.097363,0.009184,0.123151,0.192065,-0.247004,0.383778,0.992612,0.220491,0.190877,-0.078198
-0.036442,4.190739,0.754742,0.012013,-0.009090,-0.722823,0.690869,0.252759,-0.069881,0.055151,0.331821,-0.362914,0.021229,-0.475868,-0.131413,-0.373858,0.367232,0.126383,-0.045342,-0.111717,0.022259,0.069977,0.018137,0.243350,-0.223055,1.064738,-0.095207,0.009471,0.125194,0.189803,-0.244381,0.375709,0.994225,0.220483,0.191771,-0.080793
-0.034564,4.199100,0.754838,0.013556,-0.011659,-0.722956,0.690663,0.251002,-0.080732,0.061434,0.314080,-0.365501,0.032281,-0.476860,-0.135048,-0.361798,0.340989,0.158830,-0.015945,-0.112301,0.016359,0.074182,0.013687,0.244601,-0.227023,1.064831,-0.093970,0.009663,0.126348,0.187815,-0.241869,0.368453,0.995342,0.220368,0.192168,-0.082518
-0.032654,4.207429,0.755010,0.014899,-0.014681,-0.723175,0.690348,0.249444,-0.091909,0.065530,0.297856,-0.366973,0.041210,-0.472430,-0.136131,-0.343488,0.304352,0.195310,0.030501,-0.112890,0.009881,0.078694,0.010631,0.245726,-0.229497,1.064249,-0.093944,0.009738,0.126215,0.186299,-0.239546,0.361898,0.995642,0.219919,0.191867,-0.083139
-0.030704,4.215506,0.754939,0.016106,-0.018398,-0.723365,0.690033,0.247962,-0.103792,0.067591,0.283450,-0.366461,0.049166,-0.462599,-0.135993,-0.319731,0.258722,0.234644,0.090489,-0.113791,0.002438,0.083832,0.008727,0.246759,-0.231061,1.063250,-0.094522,0.009726,0.125207,0.185127,-0.237405,0.355810,0.995292,0.219256,0.191153,-0.083098
-0.028824,4.223516,0.754939,0.017148,-0.022302,-0.723592,0.689654,0.246751,-0.115535,0.068529,0.269507,-0.364472,0.056208,-0.451645,-0.136598,-0.294526,0.216060,0.268460,0.149734,-0.114656,-0.005107,0.088987,0.007840,0.247704,-0.232089,1.061960,-0.095429,0.009645,0.123865,0.184048,-0.235525,0.350868,0.994648,0.218933,0.190299,-0.082578
-0.026974,4.231489,0.754991,0.017873,-0.025451,-0.724115,0.688978,0.245148,-0.125354,0.069882,0.255630,-0.362096,0.062129,-0.445013,-0.138494,-0.272938,0.189169,0.289107,0.193476,-0.114719,-0.010956,0.093286,0.007839,0.248498,-0.232907,1.060480,-0.096399,0.009507,0.122746,0.182735,-0.234088,0.347769,0.994119,0.219516,0.189576,-0.081751
-0.025303,4.239380,0.755296,0.018127,-0.027301,-0.725191,0.687767,0.242175,-0.132092,0.072268,0.242786,-0.360215,0.066362,-0.445095,-0.140622,-0.256191,0.181724,0.294927,0.217870,-0.113506,-0.013770,0.096403,0.008834,0.248768,-0.233249,1.058561,-0.097556,0.009341,0.121930,0.181262,-0.233688,0.347046,0.993223,0.222018,0.188993,-0.080276
-0.023741,4.247072,0.755806,0.018006,-0.028243,-0.726746,0.686089,0.237727,-0.136411,0.075228,0.231654,-0.358447,0.069147,-0.449716,-0.142431,-0.242289,0.187892,0.290196,0.230420,-0.110691,-0.014556,0.098692,0.010387,0.248841,-0.233561,1.056504,-0.099054,0.009145,0.121122,0.179856,-0.233627,0.347464,0.992043,0.225488,0.188389,-0.078131
-0.022076,4.254549,0.756356,0.017676,-0.028542,-0.728594,0.684123,0.232165,-0.138985,0.078914,0.221777,-0.356266,0.071360,-0.457681,-0.144488,-0.231626,0.205957,0.276826,0.233393,-0.107203,-0.014052,0.100039,0.013011,0.248868,-0.233758,1.054364,-0.100525,0.008826,0.120483,0.178128,-0.233799,0.349429,0.991469,0.228785,0.187902,-0.076086
-0.020416,4.261694,0.757053,0.017302,-0.028521,-0.730513,0.682084,0.226072,-0.140680,0.083367,0.212499,-0.353051,0.073875,-0.467524,-0.147605,-0.224485,0.233875,0.256674,0.229106,-0.104028,-0.012883,0.100659,0.016591,0.248647,-0.233279,1.052673,-0.101145,0.008239,0.119982,0.176237,-0.234556,0.352903,0.991492,0.230437,0.187763,-0.074733
-0.018951,4.268779,0.757986,0.016932,-0.028259,-0.732455,0.680018,0.219689,-0.141856,0.088650,0.203429,-0.348445,0.077071,-0.479714,-0.152905,-0.221290,0.273758,0.227238,0.214838,-0.100571,-0.011228,0.100449,0.020596,0.248091,-0.233082,1.052034,-0.100669,0.007164,0.119800,0.174333,-0.235686,0.357494,0.992484,0.229404,0.188096,-0.074313
-0.017493,4.275926,0.758954,0.016567,-0.027885,-0.734400,0.677942,0.213490,-0.142796,0.094301,0.193982,-0.342376,0.080529,-0.493944,-0.160636,-0.220958,0.324692,0.188601,0.190715,-0.097078,-0.009299,0.099536,0.025212,0.247223,-0.232910,1.052123,-0.099434,0.005726,0.119872,0.172353,-0.237172,0.363492,0.994219,0.226720,0.188777,-0.074500
-0.016105,4.282818,0.760041,0.016229,-0.027666,-0.736217,0.675985,0.207925,-0.143947,0.099770,0.183965,-0.334885,0.083868,-0.507768,-0.170055,-0.221803,0.380510,0.146574,0.163150,-0.093943,-0.007685,0.098375,0.030308,0.246179,-0.232545,1.052766,-0.098033,0.004327,0.120054,0.170577,-0.238764,0.369634,0.996094,0.223232,0.189548,-0.074937
-0.014842,4.289428,0.761246,0.015880,-0.027657,-0.737868,0.674192,0.203100,-0.145219,0.104746,0.173437,-0.326240,0.086659,-0.519264,-0.179826,-0.222838,0.435804,0.107025,0.138267,-0.091356,-0.006552,0.097295,0.035754,0.245016,-0.231709,1.053788,-0.097011,0.003361,0.120219,0.169227,-0.240279,0.374710,0.997527,0.219818,0.190150,-0.075266
-0.013669,4.296103,0.762439,0.015552,-0.027804,-0.739374,0.672540,0.198902,-0.146372,0.109270,0.162260,-0.316055,0.088734,-0.528370,-0.190261,-0.225699,0.490905,0.070252,0.116042,-0.089255,-0.005936,0.096122,0.041628,0.243751,-0.230295,1.055246,-0.096850,0.002979,0.120474,0.168278,-0.241567,0.378548,0.998671,0.215948,0.190532,-0.075489
-0.012694,4.302598,0.763686,0.015231,-0.028055,-0.740769,0.671001,0.195187,-0.147313,0.113504,0.150631,-0.304432,0.090348,-0.535769,-0.201877,-0.230277,0.547907,0.033610,0.093592,-0.087497,-0.005715,0.094727,0.047949,0.242401,-0.228493,1.057223,-0.097153,0.002963,0.120844,0.167544,-0.242603,0.381725,0.999895,0.211377,0.190809,-0.075790
-0.011770,4.308987,0.764969,0.014806,-0.028383,-0.742079,0.669548,0.191578,-0.147904,0.117510,0.139637,-0.292555,0.091656,-0.541278,-0.213199,-0.233645,0.604971,-0.001290,0.072592,-0.085956,-0.005629,0.093427,0.054475,0.241015,-0.226520,1.059575,-0.097177,0.003140,0.121093,0.167018,-0.243427,0.384057,1.000928,0.207375,0.190957,-0.076073
-0.010831,4.315302,0.766254,0.014162,-0.028737,-0.743338,0.668148,0.187551,-0.148004,0.121403,0.130615,-0.281741,0.092803,-0.545024,-0.222556,-0.233087,0.660736,-0.032928,0.054750,-0.084460,-0.005366,0.092521,0.060963,0.239641,-0.224620,1.062140,-0.096184,0.003346,0.120972,0.166783,-0.244093,0.385347,1.001393,0.205213,0.190966,-0.076226
-0.010038,4.321617,0.767455,0.013216,-0.029056,-0.744577,0.666773,0.180989,-0.147034,0.125573,0.128203,-0.274531,0.093749,-0.547393,-0.228701,-0.227417,0.715913,-0.060820,0.040994,-0.082983,-0.004692,0.092102,0.067488,0.238360,-0.222804,1.064976,-0.093623,0.003607,0.120254,0.167010,-0.244537,0.385023,1.001028,0.205542,0.190816,-0.076309
-0.009294,4.327915,0.768632,0.012044,-0.029346,-0.745790,0.665426,0.174156,-0.145330,0.129677,0.127356,-0.267959,0.094447,-0.548459,-0.232363,-0.218663,0.771310,-0.085750,0.030313,-0.081572,-0.003678,0.091956,0.074061,0.236958,-0.220926,1.068242,-0.089958,0.003969,0.119164,0.167581,-0.244836,0.383376,1.000113,0.207588,0.190523,-0.076359
-0.008568,4.334108,0.769724,0.010790,-0.029672,-0.746959,0.664120,0.167591,-0.143438,0.133545,0.126574,-0.261252,0.094973,-0.547903,-0.234793,-0.208939,0.825646,-0.107993,0.021599,-0.080020,-0.002799,0.091987,0.080693,0.235818,-0.219195,1.071344,-0.086237,0.004373,0.117932,0.168328,-0.244992,0.381375,0.998840,0.210467,0.190117,-0.076156
-0.007902,4.340246,0.770685,0.009600,-0.030106,-0.748062,0.662876,0.161083,-0.141832,0.137116,0.125965,-0.254511,0.095395,-0.545373,-0.237443,-0.200244,0.877560,-0.127827,0.013645,-0.078217,-0.002311,0.092057,0.087170,0.234824,-0.217709,1.074075,-0.083356,0.004724,0.116927,0.168998,-0.245183,0.380054,0.997528,0.213307,0.189634,-0.075527
-0.007254,4.346385,0.771614,0.008440,-0.030730,-0.749114,0.661674,0.154844,-0.140662,0.140384,0.125466,-0.247629,0.096116,-0.540726,-0.240280,-0.192482,0.927358,-0.144917,0.006379,-0.076178,-0.002139,0.092342,0.093410,0.233652,-0.216224,1.076499,-0.081460,0.005059,0.116256,0.169608,-0.245647,0.379639,0.995998,0.216491,0.189028,-0.074286
-0.006530,4.352515,0.772425,0.007253,-0.031473,-0.750120,0.660512,0.148867,-0.139694,0.143389,0.125083,-0.240653,0.096985,-0.534184,-0.242643,-0.184959,0.975714,-0.159294,0.000388,-0.073877,-0.002302,0.092882,0.099674,0.232802,-0.214886,1.078429,-0.080239,0.005441,0.115631,0.170372,-0.246187,0.379551,0.994009,0.220289,0.188307,-0.072533
-0.005870,4.358547,0.773150,0.006162,-0.032204,-0.751049,0.659432,0.142734,-0.138813,0.146153,0.124775,-0.233656,0.097300,-0.525830,-0.245238,-0.178637,1.021639,-0.171845,-0.004645,-0.071605,-0.002506,0.093263,0.105881,0.231923,-0.213683,1.080110,-0.079305,0.005681,0.115138,0.171094,-0.246974,0.380022,0.991975,0.223772,0.187621,-0.070598
-0.005337,4.364514,0.773850,0.005277,-0.032779,-0.751869,0.658476,0.136146,-0.137887,0.148658,0.124288,-0.226685,0.096319,-0.515831,-0.248840,-0.174405,1.064257,-0.183438,-0.009087,-0.069586,-0.002484,0.093103,0.111971,0.230797,-0.212745,1.081694,-0.078380,0.005607,0.114835,0.171763,-0.248353,0.381215,0.990049,0.226043,0.187131,-0.068778
-0.004815,4.370441,0.774451,0.004681,-0.033148,-0.752572,0.657658,0.128725,-0.136842,0.150885,0.123900,-0.219896,0.093662,-0.504243,-0.254410,-0.173335,1.104038,-0.194189,-0.013382,-0.067549,-0.002489,0.092196,0.117949,0.229905,-0.212593,1.083042,-0.077619,0.005038,0.114709,0.172302,-0.249856,0.383080,0.988434,0.226442,0.186823,-0.066899
-0.004276,4.376298,0.774963,0.004286,-0.033385,-0.753178,0.656956,0.120865,-0.135736,0.152797,0.123397,-0.213125,0.089754,-0.490950,-0.261391,-0.174671,1.141326,-0.203727,-0.017309,-0.065447,-0.002663,0.090768,0.123841,0.229306,-0.213027,1.084148,-0.077112,0.004117,0.114736,0.172615,-0.251275,0.385528,0.987202,0.225536,0.186598,-0.064917
-0.003728,4.382183,0.775377,0.003979,-0.033568,-0.753698,0.656351,0.112840,-0.134560,0.154445,0.122901,-0.206452,0.085040,-0.475929,-0.268264,-0.176551,1.175105,-0.212241,-0.020209,-0.063491,-0.002793,0.089110,0.129685,0.228716,-0.213556,1.085044,-0.076732,0.003214,0.114808,0.172961,-0.253065,0.388338,0.986068,0.224203,0.186482,-0.063256
-0.003232,4.388114,0.775724,0.003656,-0.033780,-0.754142,0.655832,0.104978,-0.133327,0.155884,0.122414,-0.199891,0.079970,-0.459229,-0.273420,-0.177164,1.204317,-0.219864,-0.021355,-0.061537,-0.002993,0.087408,0.135311,0.228202,-0.214063,1.085973,-0.076432,0.002715,0.114862,0.173253,-0.254737,0.390883,0.985537,0.223032,0.186397,-0.062450
-0.002969,4.393886,0.776086,0.003352,-0.033980,-0.754518,0.655391,0.097202,-0.131986,0.157070,0.121935,-0.193597,0.074183,-0.440909,-0.276617,-0.176416,1.228864,-0.226680,-0.020357,-0.059633,-0.003249,0.085528,0.140678,0.227757,-0.214525,1.087022,-0.076358,0.002805,0.114933,0.173315,-0.256197,0.393298,0.985950,0.222123,0.186332,-0.062919
-0.002612,4.399669,0.776370,0.003093,-0.034140,-0.754821,0.655035,0.089391,-0.130526,0.157985,0.121438,-0.187518,0.067586,-0.421005,-0.278545,-0.175231,1.249313,-0.232578,-0.017628,-0.057736,-0.003620,0.083388,0.145797,0.227429,-0.215084,1.088164,-0.076485,0.003248,0.115070,0.173063,-0.257369,0.395720,0.987318,0.221094,0.186283,-0.064335
-0.002213,4.405472,0.776615,0.002799,-0.034392,-0.755045,0.654764,0.081790,-0.129057,0.158742,0.121034,-0.181446,0.061039,-0.399487,-0.278992,-0.173307,1.265581,-0.237456,-0.013571,-0.055793,-0.004173,0.081289,0.150779,0.227197,-0.215644,1.089266,-0.076478,0.003827,0.115188,0.172738,-0.258224,0.397794,0.989214,0.219949,0.186251,-0.066070
-0.002061,4.411143,0.776875,0.002359,-0.034839,-0.755183,0.654583,0.074695,-0.127739,0.159466,0.120731,-0.175092,0.055407,-0.376328,-0.277800,-0.170320,1.277540,-0.241188,-0.008614,-0.053787,-0.004958,0.079536,0.155717,0.227002,-0.216059,1.090282,-0.075989,0.004251,0.115196,0.172630,-0.258821,0.399207,0.991123,0.218726,0.186241,-0.067476
-0.001856,4.416682,0.777143,0.001711,-0.035580,-0.755237,0.654484,0.068345,-0.126607,0.160233,0.120609,-0.168399,0.050919,-0.351350,-0.274203,-0.165216,1.285178,-0.243745,-0.002869,-0.051735,-0.005928,0.078325,0.160770,0.226754,-0.216194,1.091062,-0.074579,0.004477,0.115086,0.172856,-0.259322,0.399847,0.993049,0.217358,0.186292,-0.068496
-0.001730,4.422340,0.777316,0.000906,-0.036517,-0.755202,0.654473,0.062561,-0.125595,0.160966,0.120594,-0.161480,0.047113,-0.324618,-0.268573,-0.158515,1.288600,-0.245255,0.003845,-0.049603,-0.007032,0.077461,0.165773,0.226482,-0.216208,1.091743,-0.072549,0.004632,0.114907,0.173292,-0.259645,0.399813,0.995189,0.215816,0.186387,-0.069423
-0.001664,4.428089,0.777443,0.000083,-0.037537,-0.755068,0.654571,0.056844,-0.124717,0.161599,0.120677,-0.154323,0.043820,-0.296525,-0.262459,-0.152173,1.287803,-0.245726,0.011588,-0.047511,-0.008363,0.076660,0.170469,0.226328,-0.216179,1.092561,-0.070685,0.004755,0.114614,0.173838,-0.259744,0.399484,0.997201,0.214434,0.186482,-0.070175
-0.001573,4.433704,0.777464,-0.000630,-0.038513,-0.754826,0.654794,0.050745,-0.123972,0.162058,0.120769,-0.146981,0.040875,-0.267474,-0.257370,-0.148121,1.282777,-0.245176,0.020442,-0.045651,-0.009672,0.075656,0.175113,0.225996,-0.216140,1.093232,-0.069597,0.004906,0.114319,0.174418,-0.259902,0.399062,0.998664,0.213381,0.186558,-0.070592
-0.001529,4.439380,0.777413,-0.001184,-0.039533,-0.754466,0.655146,0.044275,-0.123571,0.162395,0.120896,-0.139305,0.038760,-0.237231,-0.253738,-0.146526,1.273376,-0.243157,0.031157,-0.044028,-0.011344,0.074473,0.179206,0.225829,-0.216041,1.094319,-0.069878,0.005123,0.113738,0.175053,-0.259952,0.398692,0.999471,0.212904,0.186579,-0.070649
-0.001525,4.445031,0.777350,-0.001656,-0.040615,-0.753996,0.655620,0.037629,-0.123451,0.162637,0.121072,-0.131316,0.037402,-0.205741,-0.250741,-0.146405,1.259634,-0.239776,0.043431,-0.042620,-0.013181,0.073194,0.183249,0.225597,-0.215822,1.095330,-0.070928,0.005390,0.113014,0.175780,-0.259997,0.398132,0.999827,0.212725,0.186591,-0.070387
-0.001598,4.450753,0.777312,-0.002064,-0.041578,-0.753433,0.656206,0.030599,-0.123216,0.162681,0.121275,-0.123263,0.035800,-0.173735,-0.248005,-0.147935,1.241933,-0.235909,0.055732,-0.041354,-0.014962,0.071739,0.186970,0.225376,-0.215658,1.096350,-0.072177,0.005584,0.112366,0.176544,-0.260017,0.397616,0.999750,0.212863,0.186595,-0.069911
-0.001597,4.456650,0.777147,-0.002416,-0.042235,-0.752804,0.656883,0.022952,-0.122469,0.162441,0.121515,-0.115431,0.032936,-0.142007,-0.245135,-0.151230,1.220661,-0.232398,0.066563,-0.040134,-0.016477,0.069957,0.190167,0.225241,-0.215693,1.097457,-0.073011,0.005573,0.112003,0.177229,-0.260015,0.397357,0.999369,0.213311,0.186595,-0.069299
-0.001726,4.462435,0.776967,-0.002746,-0.042541,-0.752040,0.657737,0.011850,-0.120582,0.162003,0.127879,-0.111149,0.028402,-0.110073,-0.242514,-0.157308,1.195314,-0.229505,0.075854,-0.039137,-0.017500,0.067746,0.193649,0.225095,-0.216307,1.097750,-0.073118,0.005401,0.112378,0.177975,-0.260012,0.397417,0.998608,0.214123,0.186557,-0.068408
-0.001909,4.468326,0.776760,-0.003009,-0.042583,-0.751177,0.658719,0.000072,-0.118241,0.161211,0.134490,-0.107156,0.022791,-0.077898,-0.240032,-0.165656,1.165939,-0.226715,0.084328,-0.038217,-0.018274,0.065138,0.196583,0.225021,-0.217385,1.098230,-0.073014,0.005033,0.113130,0.178731,-0.260014,0.397789,0.997497,0.215470,0.186475,-0.067234
-0.002061,4.474291,0.776479,-0.003201,-0.042459,-0.750305,0.659719,-0.012081,-0.115696,0.160304,0.140965,-0.103151,0.016508,-0.046352,-0.236773,-0.174364,1.133569,-0.223795,0.091698,-0.037264,-0.018965,0.062408,0.199348,0.225014,-0.218283,1.098459,-0.072875,0.004584,0.113819,0.179501,-0.260000,0.398143,0.995963,0.216795,0.186473,-0.066168
-0.002324,4.480255,0.776122,-0.003281,-0.042277,-0.749525,0.660616,-0.024631,-0.113132,0.159579,0.147482,-0.099111,0.009962,-0.016399,-0.231956,-0.181463,1.099282,-0.220558,0.097602,-0.036078,-0.019706,0.059667,0.202063,0.225018,-0.218589,1.098409,-0.073071,0.004132,0.114056,0.180266,-0.259951,0.398262,0.994126,0.217735,0.186641,-0.065669
-0.002558,4.486260,0.775665,-0.003279,-0.042067,-0.748795,0.661457,-0.037258,-0.110600,0.158886,0.153707,-0.095047,0.002790,0.011998,-0.225367,-0.186525,1.062997,-0.216392,0.101342,-0.034781,-0.020519,0.056838,0.204953,0.225017,-0.218192,1.097956,-0.073660,0.003624,0.113652,0.181161,-0.259838,0.398168,0.991968,0.217916,0.187161,-0.066082
-0.002914,4.492399,0.775123,-0.003202,-0.041778,-0.748085,0.662279,-0.050106,-0.108005,0.158137,0.159765,-0.091014,-0.005069,0.039246,-0.217572,-0.190469,1.024360,-0.211685,0.103242,-0.033769,-0.021457,0.053953,0.208182,0.225019,-0.216640,1.096894,-0.074138,0.003051,0.112780,0.181688,-0.259425,0.398191,0.989843,0.217513,0.187914,-0.067101
-0.003284,4.498689,0.774511,-0.002968,-0.041397,-0.747503,0.662961,-0.063751,-0.105323,0.157710,0.166270,-0.086921,-0.012742,0.064956,-0.209047,-0.193368,0.984001,-0.207757,0.104444,-0.032486,-0.022443,0.051128,0.211087,0.224954,-0.214630,1.095806,-0.074740,0.002500,0.111793,0.181832,-0.258882,0.398056,0.987691,0.217199,0.188552,-0.068211
-0.003631,4.505072,0.773853,-0.002512,-0.040890,-0.747156,0.663385,-0.078868,-0.102528,0.157985,0.174006,-0.082711,-0.019341,0.088729,-0.200253,-0.195346,0.942493,-0.205913,0.106134,-0.030819,-0.023544,0.048483,0.213588,0.224722,-0.212055,1.094681,-0.075285,0.002150,0.111001,0.181015,-0.257994,0.397784,0.985996,0.217463,0.188705,-0.068930
-0.004019,4.511719,0.773115,-0.001757,-0.040267,-0.747117,0.663470,-0.095903,-0.099603,0.159180,0.183697,-0.078633,-0.024307,0.110347,-0.190832,-0.195445,0.899829,-0.205194,0.109013,-0.028201,-0.024655,0.045968,0.215531,0.224387,-0.209508,1.093525,-0.075921,0.002158,0.110392,0.180037,-0.257312,0.396731,0.983799,0.218642,0.188264,-0.069029
-0.004339,4.518543,0.772267,-0.000774,-0.039517,-0.747312,0.663297,-0.114469,-0.096534,0.161045,0.194879,-0.074638,-0.028182,0.130138,-0.180756,-0.193962,0.855667,-0.205324,0.112330,-0.025227,-0.025812,0.043458,0.217069,0.223654,-0.206275,1.092494,-0.076344,0.002374,0.109927,0.178146,-0.256258,0.395391,0.982129,0.220279,0.187355,-0.068910
-0.004599,4.525548,0.771240,0.000351,-0.038631,-0.747628,0.662993,-0.133685,-0.093313,0.163220,0.205821,-0.070009,-0.031745,0.148460,-0.170866,-0.192963,0.810033,-0.208450,0.115131,-0.021692,-0.026837,0.041349,0.218058,0.223036,-0.203206,1.091290,-0.077266,0.002565,0.109510,0.176306,-0.255630,0.393802,0.979681,0.222207,0.186366,-0.068428
-0.004858,4.532718,0.770164,0.001499,-0.037585,-0.747956,0.662682,-0.152628,-0.089938,0.165335,0.214793,-0.064052,-0.035811,0.165636,-0.161941,-0.194525,0.762920,-0.216693,0.116481,-0.018446,-0.027559,0.039766,0.218174,0.221809,-0.199409,1.090603,-0.078294,0.002357,0.109436,0.172994,-0.254743,0.392799,0.978298,0.223770,0.185417,-0.067807
-0.005010,4.540154,0.768927,0.002884,-0.036475,-0.748355,0.662289,-0.171796,-0.086760,0.167670,0.222208,-0.056657,-0.039771,0.181845,-0.154631,-0.199300,0.712551,-0.232076,0.116187,-0.014963,-0.028320,0.038684,0.217494,0.220244,-0.195169,1.090098,-0.080150,0.001502,0.109624,0.168966,-0.254103,0.392150,0.976873,0.225217,0.184565,-0.066597
-0.005210,4.547794,0.767664,0.004474,-0.035268,-0.748855,0.661780,-0.191336,-0.083625,0.170268,0.228511,-0.048142,-0.043494,0.196964,-0.148221,-0.206204,0.659230,-0.252843,0.114792,-0.011069,-0.029107,0.038117,0.216195,0.218688,-0.190641,1.089450,-0.082708,0.000256,0.109878,0.164635,-0.253873,0.391514,0.974889,0.226694,0.183747,-0.064777
-0.005350,4.555637,0.766436,0.005839,-0.033791,-0.749308,0.661334,-0.210080,-0.079809,0.172427,0.232570,-0.038542,-0.048526,0.210832,-0.141396,-0.214641,0.605956,-0.275361,0.112537,-0.007560,-0.028991,0.038224,0.214162,0.216754,-0.186071,1.089081,-0.085130,-0.000950,0.110386,0.159545,-0.253914,0.391551,0.973202,0.228066,0.183071,-0.063225
-0.005529,4.563647,0.765233,0.006542,-0.031863,-0.749578,0.661117,-0.226669,-0.074656,0.173415,0.232903,-0.027890,-0.056420,0.223326,-0.132831,-0.223959,0.555701,-0.296020,0.109712,-0.004697,-0.027312,0.039281,0.211366,0.214892,-0.182322,1.088961,-0.086953,-0.001617,0.111088,0.153918,-0.254172,0.392367,0.971886,0.229152,0.182689,-0.062653
-0.005703,4.571861,0.764094,0.006561,-0.029398,-0.749614,0.661190,-0.241402,-0.068077,0.172914,0.229695,-0.015857,-0.067166,0.234310,-0.122322,-0.234826,0.508869,-0.315297,0.106930,-0.002741,-0.023930,0.041354,0.207651,0.213026,-0.179415,1.089083,-0.088056,-0.001481,0.112124,0.147425,-0.254581,0.394373,0.971059,0.230199,0.182648,-0.063547
-0.005945,4.580087,0.763048,0.006135,-0.026538,-0.749513,0.661429,-0.254640,-0.060457,0.171338,0.223267,-0.002493,-0.080098,0.244035,-0.110417,-0.247205,0.463452,-0.334347,0.103986,-0.001252,-0.019394,0.044323,0.203119,0.211313,-0.177133,1.089316,-0.088806,-0.000826,0.113393,0.140195,-0.255078,0.397207,0.970535,0.231169,0.182860,-0.065397
-0.006287,4.588394,0.762121,0.005176,-0.023421,-0.749362,0.661726,-0.265357,-0.051853,0.169111,0.212776,0.011616,-0.095739,0.252927,-0.096962,-0.259352,0.418942,-0.350730,0.100018,0.000007,-0.013782,0.048073,0.198140,0.209709,-0.175346,1.089779,-0.089103,-0.000040,0.114711,0.132600,-0.255605,0.400435,0.970509,0.231553,0.183249,-0.067572
-0.006688,4.596927,0.761298,0.003576,-0.020171,-0.749252,0.661969,-0.272354,-0.042307,0.166692,0.196993,0.026027,-0.114594,0.261370,-0.081738,-0.269491,0.375108,-0.362056,0.094187,0.001358,-0.007144,0.052505,0.193057,0.208245,-0.174026,1.090562,-0.088888,0.000511,0.115879,0.125061,-0.256087,0.403546,0.971150,0.230830,0.183750,-0.069411
-0.007268,4.605602,0.760552,0.001083,-0.016631,-0.749237,0.662092,-0.274629,-0.031163,0.163846,0.174078,0.041865,-0.138756,0.269400,-0.063766,-0.277306,0.331789,-0.367054,0.085452,0.002730,0.001206,0.057915,0.187671,0.206669,-0.173174,1.092219,-0.087768,0.000617,0.117041,0.117203,-0.256557,0.406629,0.973051,0.228421,0.184423,-0.070854
-0.007769,4.614032,0.759893,-0.002169,-0.012817,-0.749313,0.662089,-0.272110,-0.018710,0.160703,0.143202,0.059897,-0.167271,0.277231,-0.043243,-0.283510,0.288601,-0.367040,0.074714,0.004467,0.010861,0.064280,0.181891,0.205471,-0.173158,1.094360,-0.086072,0.000574,0.118137,0.109221,-0.256858,0.409567,0.975741,0.224668,0.185289,-0.072152
-0.008179,4.622371,0.759206,-0.005647,-0.009150,-0.749470,0.661951,-0.270017,-0.005679,0.158462,0.115252,0.073975,-0.196049,0.285277,-0.022087,-0.287915,0.245461,-0.363690,0.063903,0.006552,0.020561,0.070875,0.176171,0.204438,-0.173427,1.096397,-0.084252,0.000522,0.119001,0.101509,-0.257099,0.412578,0.978633,0.220634,0.186187,-0.073324
-0.008464,4.630661,0.758460,-0.008829,-0.006028,-0.749681,0.661713,-0.279353,0.008044,0.158019,0.113595,0.071298,-0.220996,0.293568,-0.002515,-0.290386,0.202790,-0.358793,0.054765,0.008739,0.029211,0.076918,0.170948,0.203027,-0.173281,1.097879,-0.082682,0.000576,0.119553,0.094356,-0.257514,0.416084,0.981234,0.217445,0.186963,-0.074433
-0.008700,4.638825,0.757637,-0.011806,-0.003594,-0.750010,0.661311,-0.287713,0.020385,0.159174,0.112048,0.064195,-0.243058,0.303154,0.015220,-0.290263,0.159043,-0.352293,0.047568,0.012127,0.036352,0.082634,0.166254,0.202244,-0.173335,1.098443,-0.081674,0.000929,0.119242,0.088698,-0.257884,0.419102,0.982819,0.214640,0.187672,-0.075336
-0.008824,4.646922,0.756766,-0.014799,-0.001623,-0.750406,0.660810,-0.295032,0.031993,0.161669,0.110489,0.053471,-0.261800,0.304365,0.028909,-0.288152,0.135208,-0.354232,0.041285,0.014990,0.043288,0.088177,0.162296,0.200537,-0.172352,1.098652,-0.080444,0.001357,0.118598,0.083243,-0.258879,0.423564,0.984493,0.212494,0.188380,-0.076284
-0.008741,4.654802,0.755993,-0.017411,-0.000119,-0.750301,0.660867,-0.301833,0.040720,0.166108,0.108903,0.042166,-0.261800,0.295803,0.037591,-0.287075,0.133529,-0.364709,0.035863,0.017026,0.049021,0.093466,0.158228,0.199341,-0.172253,1.098281,-0.079861,0.001792,0.117828,0.078727,-0.259820,0.427181,0.985364,0.210901,0.188916,-0.076887
-0.008689,4.662542,0.755470,-0.019604,0.001433,-0.749917,0.661240,-0.308426,0.049751,0.171705,0.108029,0.032770,-0.261800,0.286300,0.045765,-0.286993,0.132232,-0.371009,0.030122,0.018184,0.054128,0.098079,0.153947,0.198432,-0.172769,1.097218,-0.080053,0.002027,0.117461,0.074530,-0.260719,0.430453,0.985426,0.210758,0.189138,-0.077149
-0.008824,4.670259,0.755376,-0.021557,0.003469,-0.749148,0.662042,-0.315716,0.060458,0.179380,0.108119,0.024949,-0.261800,0.275563,0.054715,-0.288108,0.131144,-0.371951,0.023589,0.017961,0.059569,0.101922,0.149373,0.197665,-0.173655,1.094936,-0.081644,0.002018,0.117653,0.070500,-0.261735,0.433403,0.984085,0.213073,0.188840,-0.076765
-0.008983,4.677903,0.755835,-0.023392,0.005863,-0.748058,0.663195,-0.323315,0.072409,0.188739,0.109006,0.017489,-0.261800,0.264016,0.064235,-0.289845,0.130152,-0.368378,0.016581,0.016730,0.065359,0.105162,0.144649,0.197018,-0.174914,1.091607,-0.084315,0.001863,0.118152,0.066932,-0.263035,0.436064,0.981406,0.217275,0.188188,-0.075877
-0.009170,4.685602,0.756746,-0.024792,0.007983,-0.746686,0.664666,-0.329703,0.082963,0.198236,0.110343,0.011925,-0.260083,0.252199,0.072441,-0.292513,0.129308,-0.362198,0.009934,0.014826,0.070060,0.107953,0.139810,0.196660,-0.176977,1.088270,-0.086883,0.001565,0.118828,0.063821,-0.264282,0.438418,0.978663,0.221566,0.187483,-0.075075
-0.009121,4.693350,0.757953,-0.025314,0.009173,-0.744884,0.666651,-0.333692,0.088117,0.206257,0.111541,0.010112,-0.245794,0.240401,0.076995,-0.296977,0.128970,-0.355506,0.004723,0.011873,0.072483,0.110287,0.135021,0.196324,-0.180373,1.085935,-0.088288,0.001104,0.119641,0.061680,-0.265973,0.440894,0.976343,0.224583,0.187143,-0.074993
-0.008975,4.700956,0.759416,-0.024831,0.009547,-0.742996,0.668766,-0.335064,0.089779,0.214058,0.113025,0.012644,-0.231603,0.228106,0.077966,-0.302166,0.128872,-0.347644,0.000939,0.008812,0.072275,0.111660,0.130104,0.196099,-0.185219,1.085376,-0.087666,0.000312,0.120930,0.059563,-0.267270,0.443823,0.976019,0.225846,0.187167,-0.076256
-0.008761,4.708258,0.761097,-0.023545,0.009420,-0.740942,0.671090,-0.334775,0.088985,0.221893,0.115194,0.018315,-0.215507,0.215176,0.076328,-0.308016,0.129034,-0.337933,-0.001915,0.005609,0.070462,0.112075,0.124940,0.195790,-0.191707,1.085989,-0.085975,-0.000758,0.122698,0.058208,-0.268908,0.446863,0.976165,0.226346,0.187449,-0.078359
-0.008498,4.715258,0.762943,-0.021894,0.008626,-0.738733,0.673587,-0.332367,0.085701,0.226605,0.117915,0.025966,-0.198613,0.202851,0.072657,-0.314420,0.129376,-0.327768,-0.004398,0.001903,0.066976,0.112354,0.120082,0.195621,-0.198519,1.086818,-0.083914,-0.001778,0.124178,0.057246,-0.270105,0.449654,0.977135,0.225820,0.187803,-0.080472
-0.008220,4.721967,0.764855,-0.020385,0.007004,-0.736397,0.676206,-0.342995,0.083660,0.223641,0.155146,0.016696,-0.182342,0.192527,0.067718,-0.321257,0.129718,-0.318525,-0.007039,-0.002251,0.062166,0.113398,0.115860,0.195722,-0.205004,1.087030,-0.082481,-0.002432,0.124659,0.057130,-0.270807,0.451581,0.978322,0.224203,0.188124,-0.081694
-0.008027,4.728624,0.766704,-0.019314,0.004166,-0.733884,0.678988,-0.361699,0.081054,0.211359,0.218401,-0.004578,-0.166991,0.185435,0.061306,-0.328700,0.130035,-0.310542,-0.010024,-0.006715,0.055686,0.115940,0.112242,0.196270,-0.211917,1.086753,-0.081892,-0.002510,0.123832,0.058531,-0.271071,0.452051,0.979590,0.220494,0.188561,-0.081629
-0.007902,4.735118,0.768481,-0.018655,0.000379,-0.731334,0.681764,-0.377025,0.075543,0.193129,0.282375,-0.023953,-0.152312,0.180940,0.053800,-0.336306,0.130337,-0.303071,-0.013151,-0.010756,0.047830,0.119627,0.109114,0.197562,-0.219740,1.086191,-0.081829,-0.002186,0.122032,0.061232,-0.270693,0.451113,0.981158,0.214933,0.189091,-0.080747
-0.007793,4.741519,0.770150,-0.018396,-0.003526,-0.729005,0.684252,-0.390391,0.068868,0.172217,0.346933,-0.042283,-0.138890,0.177486,0.046661,-0.343284,0.130605,-0.295884,-0.016306,-0.014090,0.039965,0.123675,0.106764,0.199453,-0.226953,1.084680,-0.082341,-0.001744,0.119636,0.064208,-0.269649,0.449719,0.982902,0.209539,0.189400,-0.079534
-0.007630,4.747905,0.771648,-0.018385,-0.006735,-0.727091,0.686261,-0.402861,0.062814,0.151735,0.410847,-0.060005,-0.126955,0.173347,0.041026,-0.349041,0.130780,-0.288739,-0.019319,-0.016441,0.033485,0.127152,0.105134,0.201501,-0.232358,1.081824,-0.083517,-0.001498,0.117103,0.066937,-0.268373,0.448577,0.984141,0.206383,0.189226,-0.078438
-0.007388,4.754211,0.772994,-0.018511,-0.009184,-0.725549,0.687860,-0.415448,0.057221,0.130404,0.475637,-0.077919,-0.116647,0.168194,0.036790,-0.353703,0.130866,-0.281568,-0.021988,-0.017832,0.028470,0.129939,0.104119,0.203611,-0.235572,1.077141,-0.085686,-0.001478,0.114166,0.069700,-0.267124,0.447469,0.984331,0.206536,0.188324,-0.077524
-0.007131,4.760424,0.774142,-0.018751,-0.011309,-0.724241,0.689199,-0.427573,0.051153,0.107147,0.541873,-0.095929,-0.107637,0.162402,0.032978,-0.357721,0.131785,-0.274980,-0.024358,-0.018643,0.024175,0.132428,0.103684,0.205781,-0.237170,1.071005,-0.088630,-0.001521,0.110743,0.072815,-0.265963,0.446214,0.983641,0.208804,0.186936,-0.076553
-0.006871,4.766580,0.775127,-0.019002,-0.013078,-0.723217,0.690236,-0.438381,0.045726,0.085173,0.607541,-0.113396,-0.099182,0.153926,0.028881,-0.361073,0.137632,-0.271117,-0.026627,-0.018963,0.020609,0.134410,0.103674,0.207939,-0.237740,1.064490,-0.091778,-0.001748,0.107556,0.075966,-0.264980,0.445226,0.982343,0.211739,0.185521,-0.075487
-0.006490,4.772666,0.775949,-0.019209,-0.014419,-0.722534,0.690918,-0.447046,0.042168,0.067673,0.670579,-0.129650,-0.090557,0.144933,0.025476,-0.363581,0.143028,-0.267168,-0.029070,-0.018889,0.017826,0.135687,0.103928,0.209964,-0.237847,1.058678,-0.094548,-0.002276,0.105333,0.078817,-0.264283,0.444948,0.980710,0.213903,0.184544,-0.074295
-0.006062,4.778683,0.776634,-0.019280,-0.015217,-0.722239,0.691207,-0.454192,0.040990,0.055389,0.731927,-0.144826,-0.081228,0.135125,0.022806,-0.365280,0.147889,-0.263117,-0.031674,-0.018434,0.015985,0.136011,0.104532,0.211790,-0.237391,1.053425,-0.096802,-0.003351,0.104209,0.081394,-0.263986,0.445363,0.978352,0.215026,0.184221,-0.072757
-0.005589,4.784587,0.777268,-0.019236,-0.015549,-0.722274,0.691165,-0.460215,0.041705,0.046520,0.792545,-0.159387,-0.071544,0.124610,0.020715,-0.366265,0.152324,-0.258988,-0.034302,-0.017624,0.014994,0.135526,0.105480,0.213404,-0.236166,1.048359,-0.098838,-0.004855,0.103826,0.083911,-0.264122,0.446291,0.975165,0.215868,0.184288,-0.070950
-0.005044,4.790403,0.777814,-0.019171,-0.015660,-0.722543,0.690882,-0.464043,0.044073,0.040476,0.850495,-0.173213,-0.062145,0.113750,0.018957,-0.366538,0.156772,-0.254954,-0.036994,-0.016559,0.014530,0.134602,0.106518,0.214758,-0.234554,1.044207,-0.100682,-0.006367,0.104189,0.086333,-0.264645,0.447884,0.971882,0.216466,0.184483,-0.069298
-0.004452,4.796157,0.778267,-0.019176,-0.015792,-0.722956,0.690448,-0.464611,0.047796,0.036723,0.903830,-0.186145,-0.053706,0.102911,0.017322,-0.366099,0.161634,-0.251169,-0.039818,-0.015313,0.014275,0.133592,0.107328,0.215756,-0.232963,1.041784,-0.102367,-0.007469,0.105327,0.088569,-0.265418,0.450296,0.969345,0.216863,0.184529,-0.068245
-0.003820,4.801833,0.778659,-0.019230,-0.015955,-0.723563,0.689806,-0.461803,0.053342,0.035952,0.952883,-0.198552,-0.045923,0.091874,0.015766,-0.364718,0.167246,-0.247751,-0.042776,-0.013719,0.014157,0.132482,0.107768,0.216422,-0.231455,1.041485,-0.104182,-0.008042,0.107753,0.090518,-0.266487,0.453900,0.967674,0.217207,0.184330,-0.067994
-0.003216,4.807447,0.779005,-0.019287,-0.016045,-0.724384,0.688940,-0.456168,0.060773,0.038164,0.998603,-0.210532,-0.038542,0.080543,0.014416,-0.362496,0.173303,-0.244594,-0.045850,-0.011639,0.014308,0.131017,0.107781,0.216679,-0.230037,1.043150,-0.106016,-0.008332,0.111380,0.092123,-0.267596,0.458286,0.966833,0.217300,0.184005,-0.068327
-0.002613,4.812810,0.779315,-0.019405,-0.016137,-0.725274,0.687998,-0.447744,0.069095,0.041873,1.040228,-0.221539,-0.032398,0.069340,0.013270,-0.359918,0.179531,-0.241664,-0.049093,-0.009924,0.014659,0.129485,0.108104,0.216662,-0.228117,1.045582,-0.107258,-0.008411,0.115004,0.093580,-0.269045,0.463356,0.966370,0.217124,0.183704,-0.068935
-0.002050,4.818078,0.779579,-0.019654,-0.016292,-0.726089,0.687127,-0.436608,0.077231,0.045639,1.076911,-0.230965,-0.028378,0.058696,0.012313,-0.357487,0.185614,-0.238894,-0.052549,-0.008784,0.015145,0.127993,0.108765,0.216352,-0.225915,1.048392,-0.107404,-0.008375,0.117639,0.095058,-0.270537,0.468166,0.966454,0.216265,0.183508,-0.069568
-0.001563,4.823352,0.779781,-0.020062,-0.016579,-0.726840,0.686314,-0.422400,0.085663,0.050332,1.108683,-0.238876,-0.026702,0.048700,0.011490,-0.355099,0.191738,-0.236427,-0.056196,-0.008178,0.015657,0.126581,0.109859,0.215780,-0.223334,1.051734,-0.106113,-0.008237,0.119030,0.096325,-0.271765,0.472853,0.967773,0.214317,0.183349,-0.070368
-0.001013,4.828472,0.779922,-0.020588,-0.016950,-0.727584,0.685500,-0.405252,0.094599,0.056415,1.136056,-0.245517,-0.026950,0.039149,0.010832,-0.352588,0.197951,-0.234231,-0.060027,-0.007698,0.016106,0.125120,0.111124,0.215148,-0.220717,1.055922,-0.103843,-0.007935,0.119733,0.097324,-0.272513,0.477371,0.970390,0.211394,0.183166,-0.071422
-0.000506,4.833599,0.780025,-0.021196,-0.017301,-0.728249,0.684766,-0.385948,0.102475,0.061900,1.158820,-0.250575,-0.029122,0.029874,0.010379,-0.350318,0.204093,-0.232180,-0.064128,-0.008146,0.016687,0.123553,0.112814,0.214212,-0.217556,1.060264,-0.100884,-0.007479,0.119899,0.098083,-0.273179,0.481974,0.973382,0.208397,0.183107,-0.072451
0.000073,4.838658,0.780062,-0.021838,-0.017539,-0.728759,0.684197,-0.365392,0.107680,0.064809,1.176816,-0.253754,-0.033252,0.020830,0.010208,-0.348664,0.209751,-0.230011,-0.068589,-0.008961,0.017347,0.121751,0.114378,0.213368,-0.215012,1.064535,-0.098035,-0.006837,0.119731,0.099299,-0.273545,0.485168,0.975738,0.205637,0.183262,-0.073079
0.000509,4.843656,0.780105,-0.022571,-0.017663,-0.729050,0.683861,-0.343532,0.109838,0.064648,1.190142,-0.254714,-0.038925,0.012176,0.010377,-0.347896,0.214924,-0.227887,-0.073743,-0.010392,0.018060,0.119773,0.115984,0.212790,-0.213120,1.068585,-0.095242,-0.005841,0.118974,0.101075,-0.273604,0.486846,0.977260,0.202985,0.183828,-0.073124
0.000964,4.848599,0.780051,-0.023386,-0.017725,-0.729175,0.683698,-0.320063,0.109642,0.062539,1.198876,-0.253725,-0.046347,0.003895,0.010830,-0.347774,0.219774,-0.225870,-0.079448,-0.012557,0.018835,0.117659,0.117806,0.212301,-0.211410,1.072557,-0.092192,-0.004565,0.117611,0.103090,-0.273418,0.487645,0.978455,0.200316,0.184689,-0.072804
0.001431,4.853523,0.779889,-0.024168,-0.017673,-0.729233,0.683610,-0.295525,0.107123,0.058888,1.202842,-0.251449,-0.056472,-0.004484,0.011384,-0.347905,0.224406,-0.223654,-0.085064,-0.015008,0.019641,0.115303,0.119662,0.211894,-0.209937,1.076280,-0.089285,-0.003307,0.116119,0.105351,-0.273034,0.487616,0.979206,0.198153,0.185510,-0.072342
0.001929,4.858427,0.779695,-0.024799,-0.017455,-0.729323,0.683497,-0.270401,0.102354,0.054065,1.201835,-0.248595,-0.070217,-0.013364,0.011888,-0.347893,0.228815,-0.220882,-0.089944,-0.017378,0.020469,0.112596,0.121399,0.211469,-0.208619,1.079610,-0.086837,-0.002375,0.114990,0.107788,-0.272421,0.486900,0.979486,0.197003,0.185947,-0.071989
0.002508,4.863459,0.779465,-0.025227,-0.017069,-0.729438,0.683368,-0.244720,0.094159,0.046739,1.195607,-0.245405,-0.089174,-0.022844,0.012274,-0.347687,0.232968,-0.217316,-0.093734,-0.019661,0.021306,0.109470,0.122956,0.211060,-0.207693,1.082567,-0.084910,-0.001843,0.114254,0.110609,-0.271615,0.485149,0.978922,0.197215,0.185831,-0.071755
0.003028,4.868364,0.779226,-0.025531,-0.016530,-0.729536,0.683266,-0.218208,0.083029,0.037060,1.184378,-0.241794,-0.112258,-0.032687,0.012654,-0.347482,0.236805,-0.213139,-0.096830,-0.022012,0.022195,0.106044,0.124432,0.210736,-0.207127,1.085179,-0.083364,-0.001583,0.113655,0.113933,-0.270762,0.482414,0.977394,0.198478,0.185395,-0.071500
0.003635,4.873288,0.778941,-0.025743,-0.015850,-0.729657,0.683145,-0.191052,0.071536,0.027586,1.168692,-0.237824,-0.136351,-0.042847,0.013103,-0.347238,0.240385,-0.208674,-0.099703,-0.024113,0.023203,0.102358,0.125729,0.210403,-0.206760,1.087463,-0.082287,-0.001478,0.113347,0.117413,-0.269751,0.479175,0.975675,0.200204,0.184852,-0.071277
0.004387,4.878273,0.778599,-0.025896,-0.015039,-0.729842,0.682960,-0.163543,0.062153,0.020897,1.149059,-0.233267,-0.158424,-0.053398,0.013664,-0.346931,0.244009,-0.204355,-0.102835,-0.025892,0.024398,0.098514,0.126974,0.210029,-0.206163,1.089206,-0.081760,-0.001426,0.113405,0.120738,-0.268754,0.476242,0.974280,0.201975,0.184454,-0.071123
0.005068,4.883291,0.778291,-0.025948,-0.014087,-0.730110,0.682691,-0.135634,0.054929,0.017303,1.125343,-0.227956,-0.178869,-0.064395,0.014301,-0.346549,0.247648,-0.200120,-0.106249,-0.027355,0.025834,0.094437,0.128319,0.209548,-0.205144,1.090203,-0.082068,-0.001525,0.114078,0.123961,-0.267902,0.473643,0.973093,0.204020,0.184327,-0.070977
0.005830,4.888318,0.777889,-0.025900,-0.012990,-0.730436,0.682366,-0.107271,0.048740,0.015451,1.097326,-0.221906,-0.198856,-0.075792,0.015002,-0.346124,0.251196,-0.195803,-0.109723,-0.028549,0.027540,0.090033,0.129475,0.208722,-0.203936,1.090937,-0.082983,-0.001817,0.115362,0.126972,-0.266892,0.470978,0.972346,0.206369,0.184292,-0.070900
0.006682,4.893331,0.777475,-0.025831,-0.011786,-0.730783,0.682019,-0.078781,0.044172,0.015493,1.065393,-0.214905,-0.216665,-0.087372,0.015941,-0.345685,0.254479,-0.191512,-0.113391,-0.029654,0.029436,0.085634,0.130555,0.207852,-0.202532,1.091214,-0.083998,-0.002048,0.116627,0.129918,-0.266104,0.468788,0.971596,0.208679,0.184240,-0.070940
0.007460,4.898487,0.776996,-0.025830,-0.010506,-0.731119,0.681680,-0.050458,0.041772,0.017636,1.029947,-0.206739,-0.230639,-0.098825,0.017302,-0.345259,0.257192,-0.187306,-0.117381,-0.030649,0.031449,0.081476,0.131346,0.207057,-0.201160,1.091266,-0.084579,-0.001981,0.117375,0.132717,-0.265486,0.467309,0.970975,0.210398,0.184015,-0.071200
0.008222,4.903634,0.776516,-0.025943,-0.009183,-0.731495,0.681291,-0.021803,0.042244,0.023046,0.990898,-0.194193,-0.242695,-0.110195,0.019263,-0.344591,0.259691,-0.183490,-0.122262,-0.031377,0.033674,0.077451,0.131755,0.206055,-0.199653,1.091454,-0.084306,-0.001466,0.117533,0.135109,-0.264760,0.466854,0.971195,0.211239,0.183369,-0.072026
0.009036,4.908880,0.775931,-0.026123,-0.007787,-0.731909,0.680857,0.007220,0.044799,0.031352,0.948119,-0.178331,-0.253148,-0.121577,0.021685,-0.343766,0.261996,-0.179963,-0.127796,-0.031952,0.036060,0.073485,0.131964,0.204910,-0.197905,1.091513,-0.083554,-0.000656,0.117341,0.137128,-0.263956,0.467315,0.972060,0.211580,0.182448,-0.073276
0.009676,4.914212,0.775283,-0.026261,-0.006326,-0.732248,0.680503,0.035643,0.047944,0.040573,0.901873,-0.165366,-0.257878,-0.132908,0.024224,-0.343307,0.263582,-0.176289,-0.132907,-0.032619,0.038385,0.069767,0.131799,0.203932,-0.196348,1.091276,-0.082848,0.000192,0.116939,0.138876,-0.263220,0.467970,0.972924,0.211600,0.181627,-0.074379
0.010361,4.919705,0.774549,-0.026268,-0.004780,-0.732395,0.680356,0.062378,0.050431,0.048723,0.852592,-0.161626,-0.252670,-0.144160,0.026502,-0.343734,0.263981,-0.172052,-0.136510,-0.033683,0.040479,0.066459,0.131067,0.203298,-0.195338,1.090658,-0.082655,0.000814,0.116509,0.140354,-0.262617,0.468183,0.973279,0.211506,0.181279,-0.074799
0.011112,4.925388,0.773722,-0.026194,-0.003040,-0.732301,0.680470,0.087274,0.051997,0.054155,0.799050,-0.171374,-0.233235,-0.155310,0.028660,-0.345446,0.262946,-0.166795,-0.138113,-0.035407,0.042582,0.063356,0.129634,0.202691,-0.194701,1.089938,-0.082958,0.001100,0.116110,0.141142,-0.261753,0.468007,0.973798,0.210933,0.181603,-0.074208
0.011804,4.931200,0.772882,-0.026010,-0.001213,-0.732043,0.680761,0.110677,0.052912,0.058019,0.742057,-0.190909,-0.202978,-0.166421,0.030622,-0.347977,0.260897,-0.160916,-0.138328,-0.037387,0.044482,0.060454,0.127573,0.202271,-0.194521,1.089080,-0.083617,0.001216,0.115637,0.141428,-0.260571,0.467535,0.974515,0.209855,0.182355,-0.072952
0.012518,4.937141,0.772067,-0.025582,0.000451,-0.731679,0.681169,0.132314,0.052966,0.062487,0.684853,-0.214593,-0.169232,-0.177652,0.031791,-0.350612,0.258512,-0.155322,-0.137740,-0.039554,0.045694,0.058081,0.124977,0.202203,-0.194839,1.087974,-0.084571,0.001207,0.115219,0.141358,-0.259497,0.466824,0.974918,0.209030,0.183188,-0.071665
0.013293,4.943318,0.771272,-0.024787,0.001722,-0.731268,0.681638,0.152152,0.052193,0.070189,0.629939,-0.236334,-0.139414,-0.189028,0.031687,-0.352669,0.256131,-0.150812,-0.136953,-0.041699,0.045665,0.056331,0.121673,0.202478,-0.195883,1.086953,-0.085682,0.001169,0.115208,0.140452,-0.258014,0.465734,0.975742,0.208976,0.183642,-0.071157
0.014058,4.949580,0.770600,-0.023641,0.002638,-0.730733,0.682249,0.170610,0.051144,0.083343,0.576389,-0.256452,-0.114613,-0.200645,0.030342,-0.354212,0.253866,-0.147401,-0.135978,-0.044105,0.044570,0.055360,0.117626,0.203169,-0.197818,1.085776,-0.087094,0.001025,0.115612,0.138807,-0.256463,0.464335,0.976514,0.210462,0.183682,-0.071789
0.014936,4.955983,0.770108,-0.022198,0.003294,-0.730075,0.682998,0.187877,0.049303,0.100126,0.522664,-0.277326,-0.091526,-0.212471,0.027965,-0.355489,0.251531,-0.144726,-0.134544,-0.046916,0.042735,0.055090,0.112938,0.204001,-0.200302,1.084389,-0.088728,0.000753,0.116306,0.136657,-0.255266,0.462819,0.976891,0.213078,0.183554,-0.073076
0.015803,4.962622,0.769566,-0.020376,0.003541,-0.729462,0.683709,0.203798,0.045570,0.117578,0.469621,-0.295491,-0.070913,-0.224364,0.024430,-0.356143,0.249119,-0.143024,-0.132832,-0.049180,0.039437,0.055299,0.107668,0.205487,-0.203514,1.083088,-0.090526,0.000529,0.117204,0.134040,-0.253477,0.460588,0.977596,0.215399,0.183169,-0.074464
0.016753,4.969450,0.769112,-0.018120,0.003262,-0.729057,0.684205,0.218236,0.039119,0.132794,0.418034,-0.307410,-0.053331,-0.236157,0.019649,-0.355833,0.246540,-0.142481,-0.131031,-0.051036,0.034658,0.055943,0.102308,0.207101,-0.206276,1.081969,-0.091916,0.000457,0.118252,0.131029,-0.251588,0.458310,0.978529,0.216517,0.182592,-0.075371
0.017645,4.976242,0.768905,-0.015197,0.002306,-0.728956,0.684388,0.231131,0.029327,0.145799,0.367043,-0.310722,-0.039150,-0.248466,0.013122,-0.353588,0.244485,-0.143751,-0.129355,-0.052117,0.027860,0.056986,0.096575,0.208782,-0.208662,1.081306,-0.092948,0.000590,0.119734,0.127393,-0.249551,0.455912,0.980056,0.215872,0.181638,-0.075486
0.018662,4.983208,0.768863,-0.011760,0.000857,-0.729028,0.684382,0.243077,0.016906,0.158075,0.315248,-0.307064,-0.028047,-0.261018,0.005252,-0.349946,0.242404,-0.146407,-0.127692,-0.052744,0.019534,0.058445,0.090389,0.210535,-0.210917,1.080991,-0.093742,0.000844,0.121612,0.123127,-0.247359,0.453331,0.982049,0.214132,0.180359,-0.075182
0.019678,4.990268,0.768853,-0.008306,-0.000712,-0.729099,0.684357,0.254302,0.003497,0.168771,0.263905,-0.299267,-0.019193,-0.272558,-0.002785,-0.346913,0.238744,-0.149056,-0.125764,-0.053390,0.010962,0.060228,0.084176,0.212373,-0.213036,1.080787,-0.094149,0.001160,0.123373,0.118717,-0.245027,0.450444,0.984013,0.211952,0.179116,-0.074905
0.020697,4.997318,0.768814,-0.005329,-0.002042,-0.728999,0.684491,0.264657,-0.008975,0.176921,0.215003,-0.290577,-0.011557,-0.281662,-0.009824,-0.346544,0.231676,-0.150264,-0.123265,-0.054527,0.003391,0.062254,0.078384,0.214306,-0.215002,1.080452,-0.094013,0.001472,0.124495,0.114631,-0.242572,0.447156,0.985454,0.210001,0.178274,-0.075091
0.021728,5.004377,0.768706,-0.003032,-0.003051,-0.728664,0.684858,0.273271,-0.019401,0.181826,0.170837,-0.281912,-0.004794,-0.287343,-0.015102,-0.349052,0.219258,-0.149399,-0.120063,-0.056366,-0.002829,0.064641,0.073122,0.216345,-0.216761,1.080089,-0.092780,0.001829,0.124752,0.110927,-0.239976,0.443525,0.986445,0.207852,0.178047,-0.076095
0.022547,5.011431,0.768495,-0.001139,-0.003887,-0.728150,0.685406,0.279083,-0.028156,0.184023,0.132598,-0.272909,0.000888,-0.290408,-0.019318,-0.353682,0.202575,-0.147143,-0.116348,-0.058745,-0.008273,0.067344,0.068174,0.218483,-0.218355,1.079771,-0.090707,0.002244,0.124445,0.107361,-0.237225,0.439599,0.987185,0.205351,0.178208,-0.077597
0.023217,5.018519,0.768117,0.000436,-0.004437,-0.727455,0.686141,0.270690,-0.032998,0.184763,0.124531,-0.277225,0.005616,-0.293008,-0.023490,-0.361215,0.186131,-0.144809,-0.112306,-0.061622,-0.012814,0.070091,0.063441,0.220728,-0.219916,1.079267,-0.088867,0.002607,0.123836,0.103946,-0.234392,0.435260,0.987406,0.203577,0.178449,-0.079025
0.023821,5.025540,0.767653,0.002103,-0.004953,-0.726719,0.686914,0.258180,-0.037215,0.185043,0.124690,-0.284271,0.009688,-0.296661,-0.029297,-0.371584,0.173437,-0.143295,-0.107947,-0.064528,-0.017349,0.072608,0.058824,0.223106,-0.221572,1.078313,-0.088331,0.002812,0.123190,0.100764,-0.231606,0.430350,0.986732,0.203589,0.178467,-0.079806
0.024587,5.032511,0.767188,0.004148,-0.005690,-0.725973,0.687687,0.245304,-0.042506,0.184688,0.124745,-0.289720,0.013065,-0.300116,-0.037293,-0.387046,0.161270,-0.141350,-0.102854,-0.067381,-0.022577,0.074894,0.054276,0.225678,-0.223318,1.076577,-0.089726,0.002849,0.122340,0.098098,-0.228902,0.424124,0.984412,0.206222,0.178176,-0.079659
0.025308,5.039579,0.766834,0.006393,-0.006615,-0.725214,0.688462,0.232195,-0.048404,0.183339,0.124697,-0.293110,0.015736,-0.302941,-0.046708,-0.406561,0.149071,-0.138903,-0.097056,-0.070153,-0.028269,0.077156,0.049844,0.228459,-0.225135,1.074257,-0.092391,0.002774,0.121211,0.095893,-0.226283,0.416842,0.980751,0.210719,0.177748,-0.078914
0.025882,5.046670,0.766627,0.008581,-0.007569,-0.724606,0.689069,0.219230,-0.054107,0.181948,0.124608,-0.294780,0.017867,-0.306890,-0.056861,-0.424930,0.142314,-0.137706,-0.091327,-0.072312,-0.033810,0.079437,0.045605,0.231331,-0.227060,1.071836,-0.095452,0.002572,0.120200,0.093773,-0.223825,0.409944,0.976857,0.215811,0.177273,-0.077903
0.026482,5.053680,0.766619,0.010454,-0.008357,-0.724322,0.689332,0.206736,-0.058881,0.181489,0.124513,-0.295012,0.019588,-0.313861,-0.067274,-0.436853,0.146615,-0.139641,-0.086527,-0.073358,-0.038557,0.081727,0.041646,0.234111,-0.229065,1.069819,-0.097992,0.002229,0.119720,0.091365,-0.221684,0.404902,0.973835,0.220213,0.176849,-0.076962
0.027111,5.060528,0.766777,0.012058,-0.008964,-0.724364,0.689254,0.194573,-0.062903,0.181933,0.124415,-0.293420,0.020913,-0.324943,-0.078395,-0.440892,0.163996,-0.145429,-0.082868,-0.073274,-0.042429,0.084094,0.037779,0.236717,-0.231276,1.068151,-0.099873,0.001637,0.119991,0.088619,-0.220011,0.402009,0.971489,0.224411,0.176415,-0.076023
0.027683,5.067144,0.767129,0.013524,-0.009488,-0.724637,0.688933,0.182663,-0.066614,0.182748,0.124283,-0.290004,0.021820,-0.338829,-0.090262,-0.439827,0.190840,-0.153802,-0.079879,-0.072404,-0.045702,0.086505,0.034029,0.239142,-0.233571,1.066635,-0.101499,0.000829,0.120772,0.085784,-0.218851,0.400564,0.969276,0.228835,0.175971,-0.074951
0.028267,5.073790,0.767578,0.014744,-0.009949,-0.725163,0.688347,0.171397,-0.069766,0.184140,0.124108,-0.285612,0.022389,-0.353883,-0.101868,-0.434642,0.224285,-0.163656,-0.077399,-0.070832,-0.048330,0.088828,0.030773,0.241278,-0.235582,1.065594,-0.102800,-0.000014,0.121789,0.082900,-0.218148,0.400619,0.967819,0.232197,0.175672,-0.073993
0.028830,5.080273,0.768116,0.015588,-0.010336,-0.725971,0.687471,0.161132,-0.071969,0.186358,0.123929,-0.281159,0.022618,-0.368568,-0.112262,-0.426372,0.261809,-0.174106,-0.075329,-0.068665,-0.050172,0.090913,0.028401,0.242970,-0.236884,1.065388,-0.103671,-0.000713,0.122783,0.079930,-0.217780,0.402281,0.967848,0.233212,0.175660,-0.073414
0.029332,5.086549,0.768764,0.016045,-0.010650,-0.727121,0.686239,0.151906,-0.073110,0.189459,0.123748,-0.276667,0.022311,-0.383429,-0.121142,-0.413253,0.304440,-0.185146,-0.073487,-0.065645,-0.051071,0.092586,0.026694,0.243881,-0.237550,1.066788,-0.104068,-0.001342,0.124002,0.076699,-0.217751,0.406004,0.970204,0.231024,0.176010,-0.073491
0.029728,5.092575,0.769469,0.016202,-0.010957,-0.728547,0.684717,0.143584,-0.073503,0.193196,0.123541,-0.271718,0.021561,-0.398894,-0.128941,-0.395444,0.352594,-0.196998,-0.071945,-0.062022,-0.051375,0.094020,0.025784,0.244421,-0.237617,1.069132,-0.104076,-0.001932,0.125408,0.073202,-0.217961,0.411763,0.974347,0.226534,0.176623,-0.074025
0.029993,5.098418,0.770248,0.016044,-0.011301,-0.730104,0.683054,0.136136,-0.073238,0.197443,0.123323,-0.266495,0.020731,-0.413359,-0.136012,-0.376848,0.403274,-0.209271,-0.071120,-0.058432,-0.051189,0.095387,0.025840,0.244613,-0.236812,1.071675,-0.103580,-0.002335,0.126614,0.069661,-0.218413,0.418658,0.979189,0.220954,0.177386,-0.074623
0.030159,5.104124,0.771063,0.015553,-0.011708,-0.731661,0.681391,0.129519,-0.072361,0.202100,0.123126,-0.261215,0.020176,-0.425239,-0.142922,-0.361344,0.453694,-0.221690,-0.071513,-0.054909,-0.050601,0.096861,0.026546,0.244484,-0.235572,1.074041,-0.102621,-0.002407,0.127304,0.066563,-0.218961,0.425009,0.983568,0.215241,0.178179,-0.074859
0.030221,5.109656,0.771928,0.014599,-0.012176,-0.733315,0.679623,0.124009,-0.070537,0.207694,0.122923,-0.255950,0.019848,-0.434171,-0.149901,-0.349846,0.504368,-0.234622,-0.073832,-0.051362,-0.049477,0.098558,0.028220,0.244086,-0.233446,1.076104,-0.100869,-0.001923,0.127272,0.063747,-0.219567,0.431169,0.987751,0.208788,0.179096,-0.074591
0.030319,5.115190,0.772849,0.013219,-0.012677,-0.735091,0.677721,0.119510,-0.067810,0.214086,0.122761,-0.250621,0.019594,-0.440847,-0.156932,-0.340224,0.556298,-0.248088,-0.077799,-0.048089,-0.047721,0.100337,0.031032,0.243214,-0.230016,1.078014,-0.098275,-0.001038,0.126731,0.060927,-0.220411,0.438109,0.992214,0.201475,0.180169,-0.074080
0.030351,5.120586,0.773751,0.011688,-0.013239,-0.736749,0.675936,0.115466,-0.064781,0.220203,0.122584,-0.245054,0.019618,-0.445458,-0.164289,-0.331801,0.607955,-0.261464,-0.082394,-0.044998,-0.045782,0.102027,0.034201,0.242181,-0.226758,1.079771,-0.095754,-0.000097,0.125931,0.058661,-0.221283,0.444252,0.996061,0.194732,0.181114,-0.073434
0.030179,5.125878,0.774625,0.010237,-0.013841,-0.738056,0.674519,0.111267,-0.062052,0.224993,0.122406,-0.239130,0.020129,-0.448234,-0.172052,-0.323975,0.657801,-0.274063,-0.086473,-0.042813,-0.044057,0.103463,0.037595,0.241198,-0.224082,1.080961,-0.093945,0.000488,0.125032,0.057064,-0.222202,0.449085,0.998508,0.190353,0.181680,-0.072847
0.030042,5.131136,0.775502,0.008930,-0.014478,-0.738946,0.673550,0.106747,-0.059695,0.228197,0.122228,-0.232765,0.021248,-0.449220,-0.180301,-0.317082,0.706111,-0.285850,-0.089855,-0.041677,-0.042673,0.104626,0.041281,0.240455,-0.222127,1.081258,-0.093177,0.000706,0.123941,0.056210,-0.223107,0.452283,0.999199,0.188916,0.181739,-0.072412
0.029858,5.136359,0.776363,0.007668,-0.015179,-0.739549,0.672888,0.102211,-0.057506,0.230417,0.122049,-0.226050,0.022840,-0.448244,-0.188987,-0.311259,0.753467,-0.297123,-0.093028,-0.041185,-0.041630,0.105582,0.045396,0.240004,-0.220684,1.080834,-0.093107,0.000749,0.122576,0.055950,-0.223840,0.454156,0.998687,0.189414,0.181436,-0.072027
0.029555,5.141478,0.777203,0.006475,-0.015996,-0.739946,0.672445,0.097751,-0.055624,0.231889,0.121896,-0.219136,0.024697,-0.445273,-0.197793,-0.305741,0.798842,-0.307664,-0.095760,-0.041487,-0.040814,0.106399,0.050027,0.239548,-0.219303,1.079814,-0.093242,0.000586,0.121118,0.056221,-0.224973,0.455436,0.997044,0.191416,0.180987,-0.071523
0.029218,5.146569,0.777939,0.005338,-0.016945,-0.740214,0.672137,0.093490,-0.054098,0.232828,0.121727,-0.212131,0.026650,-0.440348,-0.206330,-0.299831,0.841395,-0.317373,-0.097799,-0.041770,-0.040434,0.107031,0.054656,0.239366,-0.218785,1.078822,-0.093486,0.000192,0.119802,0.057002,-0.225957,0.455639,0.994991,0.193986,0.180498,-0.070754
0.028830,5.151512,0.778543,0.004118,-0.017979,-0.740267,0.672060,0.088975,-0.052547,0.232910,0.122771,-0.205473,0.028637,-0.433407,-0.214186,-0.293427,0.881618,-0.326518,-0.098741,-0.042519,-0.040252,0.107561,0.059487,0.239441,-0.219012,1.077686,-0.093743,-0.000621,0.118626,0.058208,-0.226773,0.454744,0.992409,0.197628,0.179967,-0.069473
0.028455,5.156417,0.778944,0.002675,-0.018873,-0.740082,0.672247,0.084437,-0.050481,0.232027,0.124268,-0.198710,0.030708,-0.424517,-0.221076,-0.287419,0.920069,-0.335212,-0.098790,-0.043617,-0.039637,0.108136,0.064528,0.239879,-0.220139,1.076074,-0.094292,-0.001771,0.117398,0.060530,-0.228082,0.452496,0.988142,0.202539,0.179418,-0.067684
0.028112,5.161149,0.779237,0.001345,-0.019813,-0.739859,0.672469,0.074773,-0.047382,0.231199,0.137007,-0.198107,0.032835,-0.413966,-0.227744,-0.281804,0.955827,-0.342989,-0.098486,-0.044631,-0.039308,0.108411,0.069759,0.240519,-0.221642,1.074298,-0.094925,-0.002822,0.116267,0.063197,-0.229450,0.449830,0.983700,0.207626,0.178832,-0.066010
0.027711,5.165797,0.779454,0.000336,-0.020876,-0.739799,0.672504,0.064216,-0.044801,0.230971,0.151516,-0.199126,0.035177,-0.402314,-0.234905,-0.276616,0.988568,-0.349635,-0.098425,-0.045199,-0.039650,0.108123,0.075133,0.241058,-0.222892,1.072712,-0.095366,-0.003352,0.115405,0.065453,-0.230565,0.447746,0.980506,0.211818,0.178197,-0.065081
0.027244,5.170394,0.779594,-0.000259,-0.022174,-0.739966,0.672278,0.056411,-0.043968,0.231390,0.160103,-0.197924,0.038066,-0.389601,-0.243087,-0.271788,1.018559,-0.354981,-0.099144,-0.044805,-0.040828,0.107428,0.080649,0.241691,-0.224332,1.070945,-0.095825,-0.003013,0.114753,0.068167,-0.232205,0.445983,0.977362,0.215014,0.177521,-0.064901
0.026899,5.174834,0.779683,-0.000540,-0.023682,-0.740259,0.671905,0.050765,-0.044516,0.232145,0.164154,-0.194948,0.041399,-0.375610,-0.251940,-0.267254,1.045969,-0.359169,-0.100191,-0.044172,-0.042731,0.106191,0.086352,0.242078,-0.225583,1.069352,-0.096072,-0.002154,0.114419,0.070512,-0.233637,0.444674,0.975284,0.217712,0.176706,-0.065391
0.026665,5.179176,0.779686,-0.000581,-0.025273,-0.740628,0.671440,0.045953,-0.045772,0.233223,0.166131,-0.191314,0.044654,-0.360424,-0.260880,-0.263054,1.070192,-0.362621,-0.100716,-0.043158,-0.045018,0.104657,0.092048,0.242407,-0.226800,1.067936,-0.096221,-0.001247,0.114192,0.073034,-0.235316,0.443516,0.973435,0.219898,0.176025,-0.066192
0.026192,5.183557,0.779572,-0.000448,-0.026824,-0.741027,0.670939,0.040608,-0.047031,0.234602,0.168583,-0.188182,0.047359,-0.344174,-0.269290,-0.259235,1.090652,-0.365751,-0.099876,-0.042004,-0.047466,0.102855,0.097657,0.242659,-0.227646,1.066938,-0.096135,-0.000791,0.113991,0.075364,-0.236960,0.442628,0.972280,0.221514,0.175644,-0.067151
0.025853,5.187839,0.779420,-0.000030,-0.028408,-0.741531,0.670317,0.034953,-0.048633,0.236538,0.170978,-0.185405,0.049626,-0.326956,-0.277830,-0.255939,1.107570,-0.369172,-0.097864,-0.040595,-0.050395,0.100548,0.103318,0.242823,-0.228029,1.066487,-0.095731,-0.001077,0.113832,0.077037,-0.238141,0.442285,0.972644,0.222449,0.175615,-0.068542
0.025287,5.192053,0.779209,0.000676,-0.030069,-0.742138,0.669572,0.029538,-0.050799,0.238963,0.172345,-0.182519,0.051643,-0.308715,-0.286580,-0.253118,1.121204,-0.372518,-0.095002,-0.038846,-0.053760,0.097939,0.109134,0.243005,-0.228139,1.066155,-0.095146,-0.001769,0.113667,0.078745,-0.239601,0.442333,0.973377,0.222867,0.175908,-0.070258
0.024726,5.196479,0.778929,0.001411,-0.031607,-0.742685,0.668893,0.023534,-0.052610,0.241345,0.174490,-0.180127,0.053020,-0.289315,-0.294018,-0.250556,1.131058,-0.374772,-0.090641,-0.037138,-0.057104,0.095161,0.114622,0.243136,-0.228001,1.066388,-0.094399,-0.002476,0.113604,0.080167,-0.240610,0.442328,0.974953,0.222678,0.176298,-0.071947
0.024085,5.200910,0.778633,0.001944,-0.032851,-0.743010,0.668471,0.016035,-0.053130,0.243148,0.179325,-0.178883,0.053360,-0.268646,-0.298605,-0.247992,1.136640,-0.374943,-0.084122,-0.035805,-0.059879,0.092527,0.119409,0.243262,-0.227683,1.067277,-0.093600,-0.002790,0.113642,0.081512,-0.241170,0.441802,0.976887,0.221948,0.176644,-0.073120
0.023440,5.205356,0.778311,0.002231,-0.033722,-0.743056,0.668376,0.006737,-0.052023,0.244285,0.187396,-0.179132,0.052202,-0.246666,-0.299585,-0.244813,1.137776,-0.372418,-0.074165,-0.034976,-0.061873,0.090146,0.123464,0.243473,-0.227104,1.068641,-0.092850,-0.002468,0.113673,0.083187,-0.241578,0.440525,0.978616,0.220416,0.177005,-0.073397
0.022542,5.209850,0.778008,0.002409,-0.034342,-0.742917,0.668498,-0.003912,-0.049805,0.245011,0.197762,-0.180504,0.049854,-0.223472,-0.297846,-0.241250,1.134764,-0.367930,-0.061509,-0.034381,-0.063410,0.087850,0.126930,0.243752,-0.226333,1.070496,-0.092092,-0.001772,0.113734,0.085035,-0.241761,0.438700,0.980467,0.218126,0.177427,-0.073113
0.021541,5.214417,0.777675,0.002451,-0.034772,-0.742659,0.668762,-0.015472,-0.046847,0.245273,0.209672,-0.182365,0.047079,-0.199217,-0.294319,-0.238285,1.127908,-0.362510,-0.048571,-0.033771,-0.064653,0.085767,0.129979,0.244192,-0.225571,1.072655,-0.091232,-0.000998,0.113860,0.087037,-0.241746,0.436467,0.982200,0.215654,0.177862,-0.072687
0.020511,5.219047,0.777347,0.002360,-0.035099,-0.742345,0.669094,-0.027585,-0.043476,0.245012,0.222533,-0.184151,0.044640,-0.174062,-0.289943,-0.236932,1.117476,-0.357076,-0.037775,-0.033297,-0.065580,0.083793,0.132893,0.244476,-0.224802,1.075186,-0.090171,-0.000498,0.114248,0.088885,-0.241619,0.434721,0.983978,0.213951,0.178222,-0.072721
0.019416,5.223742,0.777012,0.001979,-0.035239,-0.741962,0.669512,-0.040488,-0.039241,0.243998,0.237107,-0.186108,0.042494,-0.147847,-0.283698,-0.236585,1.103377,-0.352314,-0.029451,-0.032564,-0.066047,0.082340,0.135547,0.244998,-0.224197,1.078077,-0.088521,-0.000349,0.114949,0.090868,-0.241238,0.432557,0.985534,0.212730,0.178484,-0.073330
0.018470,5.228343,0.776626,0.001346,-0.035163,-0.741483,0.670048,-0.054196,-0.034144,0.242280,0.253242,-0.188367,0.040288,-0.120603,-0.275498,-0.236887,1.085526,-0.347565,-0.022489,-0.031958,-0.065933,0.081101,0.137984,0.245489,-0.223619,1.081470,-0.086540,-0.000403,0.115979,0.092865,-0.240705,0.430560,0.987137,0.212036,0.178669,-0.074359
0.017390,5.233020,0.776244,0.000762,-0.035057,-0.740948,0.670646,-0.068046,-0.029215,0.240246,0.269066,-0.190079,0.038330,-0.092802,-0.267689,-0.239266,1.064232,-0.341637,-0.017106,-0.031299,-0.066025,0.079884,0.140239,0.246161,-0.223036,1.084731,-0.084764,-0.000487,0.116888,0.094667,-0.239833,0.428653,0.988649,0.211559,0.178863,-0.075335
0.016211,5.237767,0.775759,0.000557,-0.035138,-0.740397,0.671251,-0.081395,-0.025481,0.238344,0.282760,-0.190481,0.036990,-0.064904,-0.262585,-0.245227,1.039873,-0.333385,-0.013427,-0.030808,-0.066696,0.078456,0.142428,0.246570,-0.222131,1.087330,-0.083657,-0.000483,0.117317,0.096356,-0.239316,0.427429,0.989337,0.211420,0.179230,-0.075797
0.015111,5.242546,0.775181,0.000738,-0.035518,-0.739837,0.671847,-0.093836,-0.023241,0.236679,0.293916,-0.189577,0.036497,-0.036978,-0.261777,-0.256534,1.013941,-0.320469,-0.015270,-0.030297,-0.068298,0.076875,0.144681,0.246982,-0.220988,1.088939,-0.083552,-0.000281,0.116888,0.097965,-0.238908,0.426746,0.989154,0.211529,0.179906,-0.075512
0.014077,5.247379,0.774549,0.001162,-0.036079,-0.739247,0.672466,-0.105791,-0.021919,0.235040,0.303505,-0.187715,0.036622,-0.008764,-0.263522,-0.272153,0.985971,-0.304332,-0.021193,-0.029944,-0.070610,0.075282,0.147137,0.247640,-0.219438,1.089674,-0.084100,0.000010,0.115799,0.099388,-0.238461,0.426656,0.988351,0.211963,0.180780,-0.074754
0.013089,5.252208,0.773931,0.001871,-0.036626,-0.738621,0.673123,-0.117946,-0.021201,0.233408,0.311969,-0.184736,0.036990,0.019724,-0.265032,-0.289213,0.953305,-0.289250,-0.023355,-0.029418,-0.073062,0.073465,0.148932,0.247963,-0.218175,1.090496,-0.085013,0.000265,0.114802,0.100910,-0.238339,0.426621,0.986853,0.212573,0.181612,-0.073802
0.012062,5.257238,0.773207,0.002948,-0.037002,-0.737959,0.673823,-0.130851,-0.020843,0.231779,0.319407,-0.180378,0.037229,0.048468,-0.263541,-0.304520,0.912849,-0.279265,-0.013934,-0.029049,-0.075753,0.071397,0.150343,0.248382,-0.216732,1.090996,-0.085784,0.000454,0.114211,0.102070,-0.238293,0.426767,0.984999,0.213220,0.182113,-0.072882
0.010907,5.262306,0.772404,0.004614,-0.037276,-0.737198,0.674632,-0.144823,-0.021509,0.230201,0.325712,-0.174072,0.037645,0.078932,-0.258847,-0.317659,0.860448,-0.274630,0.014443,-0.029101,-0.079225,0.068823,0.151738,0.249030,-0.215148,1.090671,-0.086334,0.000653,0.114211,0.102929,-0.238340,0.427208,0.982462,0.213876,0.182164,-0.071885
0.009727,5.267504,0.771512,0.006802,-0.037529,-0.736362,0.675512,-0.159456,-0.023143,0.228728,0.330731,-0.166083,0.038323,0.110869,-0.252322,-0.330288,0.797911,-0.272984,0.055597,-0.029170,-0.083405,0.065786,0.152601,0.249882,-0.213808,1.090200,-0.087027,0.000793,0.114530,0.103796,-0.238501,0.427739,0.979162,0.214620,0.181910,-0.070718
0.008607,5.272883,0.770594,0.009066,-0.037519,-0.735581,0.676336,-0.174365,-0.024451,0.227323,0.334828,-0.157378,0.038575,0.141687,-0.243849,-0.342169,0.731058,-0.274465,0.096982,-0.028935,-0.087276,0.062859,0.152982,0.250809,-0.212413,1.089485,-0.087846,0.000876,0.114992,0.104379,-0.238760,0.428239,0.975697,0.215469,0.181554,-0.069726
0.007561,5.278431,0.769685,0.010939,-0.036998,-0.734988,0.676982,-0.189241,-0.024070,0.225868,0.338523,-0.148984,0.037705,0.168590,-0.233298,-0.352740,0.666360,-0.279558,0.126276,-0.028119,-0.089785,0.060571,0.152763,0.251612,-0.210623,1.088795,-0.088758,0.000803,0.115436,0.104310,-0.239070,0.428669,0.972825,0.216464,0.181264,-0.069275
0.006414,5.284060,0.768906,0.012402,-0.035823,-0.734579,0.677463,-0.204735,-0.021606,0.224236,0.342654,-0.140776,0.035466,0.190828,-0.220039,-0.361207,0.603773,-0.291457,0.139880,-0.026603,-0.090632,0.058878,0.151658,0.252150,-0.208345,1.088243,-0.089847,0.000439,0.115886,0.103523,-0.239367,0.428850,0.970539,0.217962,0.180969,-0.069615
0.005155,5.289872,0.768219,0.013677,-0.034169,-0.734293,0.677834,-0.220739,-0.017861,0.222451,0.346653,-0.132310,0.032281,0.209984,-0.204699,-0.367819,0.540422,-0.308994,0.144161,-0.024788,-0.090449,0.057607,0.150083,0.252654,-0.205416,1.087406,-0.091030,-0.000128,0.116318,0.102125,-0.239765,0.429114,0.968430,0.219899,0.180623,-0.070480
0.003811,5.295769,0.767660,0.014633,-0.032234,-0.734176,0.678036,-0.235874,-0.013160,0.220567,0.349076,-0.124207,0.028408,0.226423,-0.188678,-0.373306,0.479326,-0.326399,0.142348,-0.022628,-0.089327,0.056934,0.148217,0.252997,-0.202218,1.086615,-0.092134,-0.000681,0.116813,0.100039,-0.240224,0.429614,0.967100,0.221503,0.180402,-0.071571
0.002420,5.301844,0.767227,0.015146,-0.030207,-0.734279,0.678007,-0.248876,-0.007755,0.218680,0.348710,-0.117221,0.024064,0.240630,-0.172964,-0.378703,0.423098,-0.337757,0.138285,-0.020199,-0.087359,0.057054,0.146380,0.253078,-0.198933,1.086046,-0.092948,-0.000999,0.117401,0.097153,-0.240697,0.430660,0.967088,0.222051,0.180494,-0.072583
0.000839,5.307991,0.766987,0.015071,-0.027941,-0.734688,0.677662,-0.259917,-0.000953,0.216538,0.345974,-0.111647,0.019059,0.252270,-0.156837,-0.384502,0.372295,-0.341188,0.131932,-0.017145,-0.084139,0.058069,0.144313,0.252889,-0.195701,1.086025,-0.093374,-0.000952,0.118222,0.093277,-0.241045,0.432244,0.968961,0.221286,0.181057,-0.073525
-0.000631,5.314246,0.766989,0.014508,-0.025386,-0.735356,0.677050,-0.269534,0.007196,0.214175,0.341336,-0.107105,0.013344,0.261335,-0.139539,-0.390253,0.325343,-0.339926,0.122260,-0.013877,-0.079745,0.059819,0.142213,0.252375,-0.191921,1.086196,-0.093393,-0.000693,0.119198,0.088258,-0.241360,0.434657,0.972437,0.219731,0.181952,-0.074564
-0.002087,5.320378,0.767204,0.013780,-0.022945,-0.736149,0.676290,-0.276989,0.015338,0.212216,0.333601,-0.103305,0.007353,0.268655,-0.122252,-0.395729,0.281998,-0.335736,0.111628,-0.010647,-0.075035,0.062008,0.140225,0.251434,-0.187970,1.086456,-0.093248,-0.000396,0.120184,0.082584,-0.241684,0.437510,0.976758,0.217459,0.182909,-0.075597
-0.003430,5.326620,0.767513,0.013143,-0.020962,-0.736940,0.675505,-0.281491,0.022087,0.211342,0.321481,-0.099899,0.001516,0.274662,-0.106687,-0.400504,0.242771,-0.330588,0.102029,-0.007315,-0.071042,0.064444,0.138336,0.250386,-0.184689,1.086707,-0.093391,-0.000267,0.120946,0.077024,-0.242047,0.439950,0.980896,0.214457,0.183665,-0.076439
-0.004665,5.332911,0.767943,0.012641,-0.019629,-0.737786,0.674631,-0.282319,0.027019,0.211814,0.304102,-0.097454,-0.003813,0.278585,-0.094095,-0.404593,0.209782,-0.324986,0.093139,-0.004651,-0.067641,0.067247,0.136977,0.248336,-0.181029,1.086986,-0.093488,-0.000385,0.121651,0.070867,-0.242855,0.443078,0.985520,0.210289,0.184220,-0.077030
-0.005773,5.339233,0.768419,0.012038,-0.018656,-0.738712,0.673655,-0.280040,0.031122,0.213171,0.282411,-0.095959,-0.008987,0.279980,-0.083619,-0.408207,0.183386,-0.318478,0.083841,-0.001776,-0.064293,0.070623,0.135604,0.245888,-0.177900,1.087437,-0.093794,-0.000606,0.122285,0.064660,-0.243979,0.446054,0.990312,0.204917,0.184714,-0.077338
-0.006666,5.345430,0.768901,0.011224,-0.017719,-0.739563,0.672761,-0.275828,0.035110,0.215074,0.257761,-0.094118,-0.014625,0.279783,-0.073962,-0.411080,0.161267,-0.311485,0.074814,0.000754,-0.060457,0.074173,0.134329,0.243141,-0.175104,1.087713,-0.094099,-0.000912,0.122678,0.058718,-0.245437,0.448918,0.994450,0.199856,0.185077,-0.077667
-0.007561,5.351641,0.769357,0.010185,-0.016567,-0.740196,0.672110,-0.270767,0.039544,0.217284,0.231290,-0.090551,-0.021295,0.279013,-0.063883,-0.412839,0.140818,-0.304286,0.066785,0.002687,-0.055799,0.077481,0.133126,0.240338,-0.172765,1.087528,-0.094306,-0.001280,0.122649,0.053548,-0.247235,0.451404,0.996962,0.196566,0.185244,-0.078292
-0.008415,5.357878,0.769805,0.008791,-0.015164,-0.740563,0.671759,-0.263880,0.044243,0.218953,0.200974,-0.084036,-0.030011,0.274366,-0.054740,-0.412811,0.130169,-0.300894,0.060407,0.003912,-0.050100,0.080644,0.132153,0.237546,-0.170891,1.086664,-0.094549,-0.001732,0.121952,0.049317,-0.249374,0.453502,0.997605,0.195363,0.185178,-0.079686
-0.009215,5.364102,0.770121,0.007010,-0.013583,-0.740747,0.671610,-0.254659,0.049209,0.220413,0.166345,-0.075310,-0.040179,0.266306,-0.046567,-0.411428,0.128221,-0.300053,0.055103,0.004594,-0.043428,0.083884,0.131420,0.234728,-0.169450,1.085250,-0.094855,-0.002264,0.120721,0.045789,-0.251859,0.455305,0.996835,0.195495,0.184917,-0.081555
-0.010114,5.370184,0.770369,0.005078,-0.011802,-0.740806,0.671596,-0.244957,0.054941,0.223330,0.130988,-0.065892,-0.049928,0.258105,-0.037898,-0.409752,0.126425,-0.298326,0.049945,0.004936,-0.036214,0.086953,0.130641,0.232033,-0.168527,1.083490,-0.095001,-0.002796,0.119321,0.042882,-0.254677,0.456602,0.994663,0.196793,0.184523,-0.083020
-0.010997,5.376317,0.770505,0.003290,-0.009851,-0.740783,0.671664,-0.246534,0.064009,0.228769,0.119962,-0.068655,-0.057483,0.249430,-0.029075,-0.408676,0.124661,-0.296766,0.044101,0.005144,-0.029103,0.089593,0.129554,0.229710,-0.168243,1.081547,-0.094783,-0.003251,0.118085,0.040571,-0.257776,0.457151,0.991041,0.199072,0.184051,-0.083191
-0.011860,5.382534,0.770541,0.001613,-0.007545,-0.740729,0.671759,-0.253242,0.075583,0.238270,0.118915,-0.076931,-0.062421,0.240076,-0.019556,-0.408181,0.122887,-0.295610,0.037244,0.005372,-0.021880,0.091588,0.128284,0.227913,-0.168746,1.079244,-0.093864,-0.003644,0.116936,0.039018,-0.261137,0.456477,0.985392,0.202582,0.183522,-0.081332
-0.012739,5.388730,0.770468,-0.000005,-0.005008,-0.740579,0.671951,-0.260247,0.088272,0.250881,0.118121,-0.085427,-0.065701,0.230338,-0.009438,-0.408003,0.121251,-0.294457,0.029935,0.005470,-0.014589,0.093158,0.126920,0.226654,-0.170003,1.076503,-0.092500,-0.003993,0.115710,0.038244,-0.264744,0.454752,0.977852,0.207294,0.182916,-0.078072
-0.013860,5.394803,0.770354,-0.001368,-0.002650,-0.740199,0.672382,-0.266675,0.100439,0.264632,0.117658,-0.092199,-0.067501,0.220574,0.000072,-0.408670,0.119750,-0.293079,0.022604,0.005153,-0.008181,0.094682,0.125157,0.225951,-0.171810,1.073657,-0.091364,-0.004251,0.114592,0.037909,-0.268492,0.452798,0.969508,0.212688,0.182224,-0.074576
-0.014847,5.400983,0.770296,-0.002284,-0.000861,-0.739458,0.673198,-0.271787,0.110355,0.277617,0.117711,-0.095390,-0.067958,0.210994,0.007651,-0.410651,0.118571,-0.291340,0.015669,0.004106,-0.003618,0.096494,0.122747,0.225834,-0.173957,1.070917,-0.091149,-0.004289,0.113781,0.037640,-0.272204,0.451476,0.961528,0.218222,0.181417,-0.072020
-0.015776,5.407208,0.770397,-0.002620,0.000335,-0.738289,0.674480,-0.275907,0.118093,0.292160,0.118275,-0.094611,-0.066788,0.201120,0.012984,-0.414192,0.118267,-0.289558,0.009065,0.002067,-0.001192,0.098621,0.119544,0.226436,-0.176392,1.068021,-0.092408,-0.003940,0.113370,0.037115,-0.275783,0.450981,0.953819,0.224559,0.180295,-0.070703
-0.016775,5.413361,0.770673,-0.002505,0.001178,-0.736774,0.676133,-0.279364,0.124293,0.308426,0.119321,-0.090891,-0.063957,0.191072,0.016839,-0.418936,0.118231,-0.287527,0.002607,-0.000756,-0.000423,0.100811,0.115757,0.227779,-0.179183,1.064901,-0.094660,-0.003295,0.113220,0.036496,-0.279184,0.450917,0.946056,0.231704,0.178914,-0.070016
-0.017781,5.419396,0.771071,-0.002143,0.001660,-0.734981,0.678082,-0.281564,0.128317,0.321075,0.120956,-0.084421,-0.059985,0.181329,0.019511,-0.424511,0.118228,-0.284936,-0.003525,-0.004068,-0.000804,0.103003,0.111636,0.229646,-0.182262,1.062189,-0.096992,-0.002704,0.113209,0.036047,-0.282294,0.451263,0.939153,0.238132,0.177598,-0.069797
-0.018772,5.425413,0.771624,-0.001817,0.001824,-0.732997,0.680227,-0.284772,0.130746,0.324352,0.129621,-0.078663,-0.055527,0.172348,0.021411,-0.430498,0.118253,-0.281628,-0.009166,-0.007564,-0.001651,0.105166,0.107414,0.231691,-0.185503,1.060603,-0.098443,-0.002526,0.113254,0.035944,-0.284974,0.452044,0.934152,0.242319,0.176676,-0.069910
-0.019639,5.431255,0.772271,-0.001673,0.001768,-0.730799,0.682588,-0.306576,0.137276,0.312059,0.184089,-0.093012,-0.051006,0.164184,0.022901,-0.436856,0.118277,-0.277327,-0.014278,-0.011267,-0.002520,0.107329,0.102865,0.233789,-0.189155,1.060644,-0.098722,-0.003009,0.113482,0.035892,-0.287180,0.453698,0.931760,0.243758,0.176213,-0.070624
-0.020527,5.437069,0.772898,-0.001816,0.001614,-0.728479,0.685064,-0.330344,0.142539,0.290132,0.246781,-0.107973,-0.046312,0.156805,0.024428,-0.443397,0.118211,-0.272163,-0.019080,-0.014988,-0.003170,0.109615,0.097951,0.235943,-0.193155,1.061919,-0.098301,-0.003918,0.113946,0.035773,-0.288959,0.456116,0.931489,0.243279,0.176036,-0.071931
-0.021376,5.442626,0.773472,-0.002377,0.001353,-0.726243,0.687432,-0.353547,0.146767,0.264595,0.313274,-0.123111,-0.041693,0.150088,0.026114,-0.449648,0.118819,-0.266947,-0.023752,-0.018258,-0.003377,0.112108,0.093174,0.237970,-0.196933,1.063845,-0.097367,-0.004886,0.114476,0.036031,-0.290355,0.458494,0.932605,0.241314,0.176107,-0.073300
-0.022153,5.448126,0.774025,-0.003245,0.000821,-0.724239,0.689541,-0.373305,0.150103,0.241588,0.378480,-0.137785,-0.036965,0.144342,0.027676,-0.455292,0.119647,-0.261855,-0.028377,-0.020794,-0.003465,0.114745,0.088966,0.239629,-0.199894,1.065939,-0.096069,-0.005556,0.114918,0.037082,-0.291400,0.460050,0.934408,0.238319,0.176391,-0.074219
-0.022880,5.453347,0.774571,-0.004407,-0.000192,-0.722403,0.691459,-0.389430,0.152415,0.220993,0.443222,-0.152358,-0.031773,0.139970,0.028727,-0.460572,0.120633,-0.256880,-0.032900,-0.022725,-0.003652,0.117587,0.085247,0.240666,-0.201957,1.068723,-0.093939,-0.005857,0.115372,0.039062,-0.292040,0.460488,0.937450,0.233442,0.176943,-0.074595
-0.023510,5.458495,0.775082,-0.005818,-0.001626,-0.720662,0.693260,-0.403248,0.153702,0.200121,0.509702,-0.167211,-0.026098,0.136814,0.029291,-0.465621,0.121739,-0.251819,-0.037257,-0.024286,-0.003897,0.120585,0.081792,0.241104,-0.203342,1.072375,-0.090993,-0.005987,0.115917,0.041681,-0.292294,0.460345,0.941917,0.226791,0.177764,-0.074705
-0.024039,5.463544,0.775637,-0.007256,-0.003252,-0.719104,0.694857,-0.414566,0.154832,0.181070,0.575697,-0.181939,-0.020026,0.134041,0.029514,-0.470098,0.122869,-0.246639,-0.041541,-0.025360,-0.004271,0.123423,0.078803,0.241233,-0.204043,1.075850,-0.088181,-0.005985,0.116373,0.044807,-0.292374,0.459905,0.946537,0.220187,0.178704,-0.074573
-0.024621,5.468461,0.776186,-0.008525,-0.004804,-0.717820,0.696160,-0.423225,0.156649,0.165970,0.639015,-0.196234,-0.013699,0.130805,0.029520,-0.473635,0.124009,-0.241359,-0.045829,-0.025975,-0.004798,0.125707,0.076660,0.241228,-0.203952,1.078082,-0.086454,-0.005961,0.116613,0.048049,-0.292381,0.459718,0.950327,0.215558,0.179605,-0.074270
-0.025100,5.473383,0.776727,-0.009535,-0.006378,-0.716879,0.697103,-0.429063,0.159745,0.156419,0.700288,-0.210408,-0.006497,0.127057,0.029098,-0.475893,0.125146,-0.235948,-0.050279,-0.025345,-0.005759,0.127547,0.074466,0.241054,-0.202995,1.079672,-0.085981,-0.005851,0.116468,0.052228,-0.292397,0.458908,0.952285,0.213259,0.180647,-0.073711
-0.025543,5.478293,0.777271,-0.010373,-0.008050,-0.716218,0.697753,-0.432335,0.163814,0.150860,0.760642,-0.224719,0.001574,0.123100,0.028172,-0.477154,0.126358,-0.230426,-0.054807,-0.024153,-0.006978,0.129065,0.072909,0.240450,-0.200716,1.080399,-0.086076,-0.005645,0.116069,0.056799,-0.292473,0.457970,0.953436,0.212380,0.181863,-0.072862
-0.026010,5.483138,0.777765,-0.011051,-0.009667,-0.715710,0.698243,-0.433455,0.168045,0.146794,0.818705,-0.238740,0.009291,0.118859,0.027056,-0.478046,0.127462,-0.224853,-0.059091,-0.022895,-0.008274,0.130043,0.072044,0.239869,-0.198273,1.080173,-0.086967,-0.005454,0.115601,0.061517,-0.292560,0.457396,0.954129,0.212532,0.182851,-0.071918
-0.026498,5.487845,0.778246,-0.011613,-0.011054,-0.715223,0.698712,-0.432914,0.171456,0.141802,0.873135,-0.252005,0.015287,0.111600,0.024648,-0.479262,0.134678,-0.222636,-0.062723,-0.022332,-0.009201,0.130443,0.071796,0.239210,-0.196103,1.079039,-0.088268,-0.005442,0.115260,0.065891,-0.292756,0.457530,0.954733,0.212969,0.183264,-0.070945
-0.026980,5.492479,0.778644,-0.011991,-0.012184,-0.714727,0.699195,-0.430899,0.173578,0.135830,0.924052,-0.264864,0.019407,0.104044,0.022330,-0.480988,0.141249,-0.220301,-0.065408,-0.022224,-0.010010,0.130139,0.072207,0.238884,-0.194780,1.076498,-0.090673,-0.005594,0.115033,0.070144,-0.292989,0.458297,0.954971,0.213819,0.182760,-0.069705
-0.027383,5.497192,0.778976,-0.012184,-0.013151,-0.714280,0.699630,-0.427226,0.174816,0.130094,0.972305,-0.277506,0.022146,0.096705,0.020261,-0.482876,0.146169,-0.217217,-0.067410,-0.022701,-0.010735,0.129303,0.073548,0.238690,-0.193368,1.072461,-0.093915,-0.005876,0.114754,0.074308,-0.293495,0.459922,0.954584,0.215467,0.181649,-0.068208
-0.027781,5.501925,0.779218,-0.012388,-0.013892,-0.713880,0.700020,-0.421869,0.175415,0.124154,1.017675,-0.289214,0.023031,0.089586,0.018794,-0.484704,0.149909,-0.213549,-0.069293,-0.023308,-0.011103,0.128033,0.075237,0.238772,-0.192720,1.068077,-0.097328,-0.006252,0.114503,0.078625,-0.293911,0.461420,0.953981,0.217160,0.180434,-0.066928
-0.028188,5.506483,0.779389,-0.012778,-0.014361,-0.713527,0.700364,-0.414734,0.175660,0.117568,1.059814,-0.299330,0.021604,0.082618,0.018229,-0.486255,0.153127,-0.209576,-0.071596,-0.024396,-0.010737,0.126536,0.077338,0.239090,-0.192646,1.063995,-0.099987,-0.006758,0.114239,0.083043,-0.294426,0.462807,0.953344,0.218515,0.179660,-0.066351
-0.028580,5.510932,0.779504,-0.013403,-0.014533,-0.713211,0.700670,-0.405819,0.175291,0.109869,1.099002,-0.308286,0.017406,0.075821,0.018709,-0.487457,0.155817,-0.205176,-0.074542,-0.025888,-0.009394,0.124715,0.079552,0.239459,-0.193728,1.060676,-0.101610,-0.007548,0.114063,0.087399,-0.294731,0.463849,0.953115,0.219238,0.179448,-0.066890
-0.028915,5.515490,0.779502,-0.014173,-0.014428,-0.712935,0.700939,-0.395114,0.174161,0.101569,1.135381,-0.316377,0.010698,0.069186,0.020005,-0.488452,0.157750,-0.200287,-0.077764,-0.027653,-0.007403,0.122584,0.082249,0.240332,-0.195974,1.057219,-0.102931,-0.008513,0.113842,0.092169,-0.295188,0.464758,0.952400,0.219808,0.179567,-0.068159
-0.029200,5.520049,0.779423,-0.015035,-0.014108,-0.712713,0.701152,-0.382678,0.172841,0.093601,1.168447,-0.322542,0.002183,0.062627,0.021928,-0.489340,0.159017,-0.195073,-0.080979,-0.029506,-0.004970,0.120237,0.085041,0.241379,-0.198512,1.054178,-0.103892,-0.009451,0.113668,0.097113,-0.295538,0.465159,0.951722,0.220064,0.179837,-0.069553
-0.029557,5.524557,0.779252,-0.015943,-0.013631,-0.712563,0.701295,-0.368577,0.171971,0.086796,1.197667,-0.325708,-0.007393,0.055987,0.024258,-0.490227,0.159972,-0.189884,-0.083925,-0.031595,-0.002156,0.117678,0.087710,0.241910,-0.200189,1.052137,-0.104344,-0.010171,0.113757,0.101784,-0.295619,0.465222,0.951786,0.220061,0.180088,-0.070592
-0.029936,5.528992,0.779042,-0.016928,-0.012949,-0.712496,0.701352,-0.352817,0.172033,0.081280,1.223335,-0.326133,-0.017243,0.049557,0.027309,-0.491192,0.159970,-0.184545,-0.086383,-0.033288,0.000982,0.114909,0.090177,0.242599,-0.201892,1.051070,-0.104762,-0.010604,0.114142,0.107125,-0.295614,0.464187,0.951686,0.219746,0.180393,-0.071098
-0.030233,5.533432,0.778736,-0.018002,-0.012061,-0.712500,0.701338,-0.335367,0.172601,0.076585,1.245599,-0.324207,-0.027933,0.043294,0.031082,-0.492166,0.159117,-0.178999,-0.088560,-0.034965,0.004579,0.111924,0.092582,0.243215,-0.203435,1.050846,-0.104798,-0.010883,0.114772,0.112686,-0.295434,0.462421,0.951776,0.219048,0.180789,-0.071381
-0.030469,5.537997,0.778342,-0.019101,-0.011066,-0.712551,0.701273,-0.316300,0.172989,0.072536,1.263689,-0.319039,-0.040752,0.036773,0.035019,-0.493020,0.158386,-0.173515,-0.090849,-0.036833,0.008364,0.108856,0.094982,0.243588,-0.204406,1.051091,-0.104529,-0.010963,0.115399,0.118066,-0.295130,0.460521,0.952305,0.218267,0.181161,-0.071434
-0.030596,5.542589,0.777884,-0.020135,-0.010084,-0.712627,0.701182,-0.295724,0.172485,0.068894,1.276872,-0.309776,-0.057009,0.029544,0.038571,-0.493624,0.158754,-0.168336,-0.093650,-0.038677,0.011966,0.105865,0.097239,0.243860,-0.204849,1.051446,-0.104177,-0.010777,0.115721,0.123209,-0.294622,0.458499,0.953263,0.217503,0.181390,-0.071176
-0.030790,5.547166,0.777466,-0.021147,-0.009098,-0.712772,0.701018,-0.273434,0.171206,0.065620,1.285098,-0.294614,-0.078054,0.021620,0.041847,-0.493705,0.160268,-0.163417,-0.097316,-0.040807,0.015479,0.103065,0.099771,0.243840,-0.203832,1.051587,-0.103569,-0.010203,0.115536,0.127851,-0.294214,0.456867,0.954741,0.217057,0.181493,-0.070227
-0.030983,5.551824,0.777007,-0.022144,-0.008081,-0.712982,0.700786,-0.249511,0.169215,0.062549,1.288743,-0.274633,-0.102967,0.013202,0.045073,-0.493430,0.162495,-0.158670,-0.101574,-0.042974,0.018988,0.100361,0.102301,0.243600,-0.201868,1.051901,-0.102678,-0.009306,0.115045,0.132200,-0.293682,0.455067,0.956714,0.216605,0.181509,-0.068721
-0.031009,5.556494,0.776502,-0.023051,-0.007055,-0.713159,0.700587,-0.224571,0.165828,0.059262,1.287791,-0.253310,-0.129576,0.004197,0.047877,-0.493310,0.165597,-0.154282,-0.105868,-0.045585,0.022367,0.097541,0.104642,0.243037,-0.199597,1.052607,-0.101572,-0.008351,0.114561,0.136044,-0.292805,0.453556,0.959373,0.216099,0.181378,-0.067504
-0.031069,5.561269,0.775951,-0.023767,-0.006067,-0.713207,0.700524,-0.199231,0.160623,0.055467,1.282196,-0.234039,-0.155562,-0.005537,0.049882,-0.493850,0.169769,-0.150425,-0.109640,-0.048725,0.025458,0.094530,0.106739,0.242549,-0.198174,1.053439,-0.100727,-0.007539,0.114265,0.140062,-0.291996,0.452528,0.961649,0.215682,0.181142,-0.067308
-0.031208,5.566055,0.775395,-0.024211,-0.005122,-0.713100,0.700625,-0.173417,0.153610,0.051139,1.271765,-0.216578,-0.181482,-0.016058,0.050935,-0.495222,0.174906,-0.147111,-0.112650,-0.052497,0.028102,0.091165,0.108611,0.242209,-0.197741,1.054392,-0.100351,-0.006857,0.114152,0.144241,-0.291138,0.452101,0.963608,0.215211,0.180651,-0.068721
-0.031154,5.571127,0.774795,-0.024465,-0.004186,-0.712888,0.700838,-0.146921,0.145159,0.046258,1.256613,-0.199518,-0.208041,-0.027401,0.051181,-0.497130,0.181231,-0.144412,-0.115232,-0.056726,0.030371,0.087559,0.110348,0.242046,-0.197893,1.055409,-0.100292,-0.006194,0.114086,0.148493,-0.290160,0.452084,0.965421,0.214714,0.179960,-0.071189
-0.031243,5.576082,0.774192,-0.024652,-0.003275,-0.712597,0.701133,-0.120118,0.135685,0.040721,1.237146,-0.184388,-0.232951,-0.039225,0.050963,-0.499344,0.188308,-0.141949,-0.117686,-0.061259,0.032549,0.084104,0.111851,0.242048,-0.198528,1.056408,-0.100131,-0.005653,0.114086,0.152946,-0.289365,0.452123,0.966699,0.214324,0.179363,-0.073724
-0.031135,5.581188,0.773447,-0.024913,-0.002388,-0.712252,0.701478,-0.093370,0.125697,0.034543,1.213769,-0.172664,-0.253836,-0.051380,0.050506,-0.501643,0.196123,-0.139558,-0.120322,-0.065665,0.034703,0.080948,0.112703,0.242228,-0.199933,1.057826,-0.099487,-0.005352,0.114330,0.157206,-0.288056,0.451635,0.968222,0.213944,0.179038,-0.075498
-0.030926,5.586357,0.772708,-0.025302,-0.001599,-0.711783,0.701942,-0.066477,0.115713,0.029188,1.186572,-0.166265,-0.261800,-0.063782,0.049539,-0.504123,0.205091,-0.137459,-0.123000,-0.070372,0.037054,0.078422,0.113036,0.242520,-0.202166,1.059597,-0.097862,-0.005357,0.114889,0.161694,-0.286946,0.450641,0.969177,0.213591,0.179204,-0.076076
-0.030688,5.591680,0.771983,-0.025313,-0.001180,-0.711086,0.702649,-0.039499,0.104488,0.024206,1.154895,-0.163289,-0.261800,-0.078224,0.045851,-0.506915,0.218815,-0.137495,-0.125362,-0.075376,0.038365,0.075976,0.112663,0.243059,-0.205603,1.061893,-0.095725,-0.005594,0.115743,0.166348,-0.285530,0.448951,0.969984,0.213097,0.179636,-0.076026
-0.030471,5.597133,0.771151,-0.025332,-0.000683,-0.710449,0.703292,-0.012652,0.093608,0.018675,1.119141,-0.160600,-0.261800,-0.092921,0.042315,-0.509546,0.232287,-0.137073,-0.128022,-0.080516,0.039925,0.073824,0.112245,0.243424,-0.208507,1.063733,-0.093498,-0.005971,0.116490,0.170995,-0.284675,0.447646,0.970090,0.213143,0.180252,-0.075652
-0.030199,5.602693,0.770240,-0.025253,0.000007,-0.709998,0.703751,0.013613,0.084624,0.014619,1.079182,-0.154537,-0.261800,-0.108169,0.039153,-0.511776,0.245109,-0.135873,-0.131195,-0.084392,0.041546,0.071568,0.111176,0.243880,-0.211364,1.065211,-0.092263,-0.006373,0.116940,0.175696,-0.283598,0.445854,0.969928,0.213658,0.180803,-0.075340
-0.029862,5.608436,0.769236,-0.024902,0.000790,-0.709751,0.704012,0.039508,0.077314,0.013291,1.033588,-0.139941,-0.261800,-0.124757,0.035525,-0.513388,0.258859,-0.134621,-0.134936,-0.087329,0.042849,0.069025,0.109853,0.244350,-0.213452,1.066007,-0.092091,-0.006874,0.116899,0.180175,-0.282337,0.444149,0.969625,0.215074,0.181362,-0.075138
-0.029446,5.614346,0.768191,-0.024399,0.001659,-0.709648,0.704132,0.065221,0.070992,0.013396,0.982869,-0.120189,-0.261800,-0.142113,0.031819,-0.514579,0.272808,-0.133093,-0.139179,-0.089862,0.044153,0.066438,0.108390,0.244665,-0.214794,1.066243,-0.092469,-0.007510,0.116539,0.184504,-0.281266,0.442756,0.968939,0.217296,0.182026,-0.074868
-0.029145,5.620375,0.767081,-0.024034,0.002846,-0.709657,0.704132,0.090137,0.066371,0.013520,0.929696,-0.104278,-0.261800,-0.158938,0.029607,-0.515842,0.283985,-0.129804,-0.143879,-0.092027,0.046127,0.064145,0.106595,0.244843,-0.215533,1.065963,-0.093171,-0.008097,0.116059,0.188574,-0.280424,0.441494,0.967963,0.219777,0.182564,-0.074604
-0.028929,5.626625,0.765879,-0.024101,0.004584,-0.709727,0.704049,0.113467,0.064511,0.012666,0.877046,-0.101291,-0.261800,-0.173950,0.030425,-0.517792,0.289449,-0.123302,-0.148957,-0.093862,0.049369,0.062465,0.104272,0.244976,-0.215843,1.065237,-0.093943,-0.008441,0.115665,0.192130,-0.279558,0.440121,0.967057,0.221913,0.182727,-0.074457
-0.028901,5.633087,0.764561,-0.024961,0.007260,-0.709839,0.703884,0.134924,0.067181,0.010056,0.824947,-0.116712,-0.261800,-0.186172,0.036017,-0.521111,0.286790,-0.112579,-0.154604,-0.095441,0.054843,0.061473,0.101491,0.245065,-0.215365,1.063868,-0.094731,-0.008414,0.115239,0.195192,-0.278665,0.438843,0.966200,0.223798,0.182283,-0.074528
-0.028586,5.639902,0.763263,-0.024692,0.009370,-0.709774,0.703934,0.154477,0.069920,0.013823,0.770476,-0.143259,-0.239373,-0.202273,0.036661,-0.524367,0.290760,-0.104585,-0.159563,-0.097392,0.058134,0.060095,0.098340,0.245076,-0.214145,1.061858,-0.095680,-0.008147,0.114727,0.197870,-0.277900,0.437717,0.965210,0.225703,0.181416,-0.074729
-0.028107,5.646760,0.762000,-0.023431,0.010740,-0.709656,0.704077,0.172247,0.070521,0.024466,0.716540,-0.174983,-0.195821,-0.221192,0.032801,-0.526816,0.299808,-0.098284,-0.163741,-0.099436,0.059232,0.058779,0.094685,0.245040,-0.212726,1.059610,-0.096757,-0.007836,0.114410,0.199826,-0.277070,0.436436,0.964474,0.227231,0.180488,-0.074910
-0.027522,5.653956,0.760764,-0.021711,0.011527,-0.709620,0.704155,0.188485,0.069264,0.038254,0.665997,-0.205540,-0.159211,-0.240617,0.027110,-0.528208,0.309562,-0.091434,-0.167522,-0.101166,0.058741,0.058049,0.090253,0.245028,-0.211844,1.057731,-0.097955,-0.007677,0.114637,0.200490,-0.275499,0.434558,0.964890,0.227869,0.179800,-0.075003
-0.026918,5.661359,0.759657,-0.019603,0.011754,-0.709605,0.704229,0.203777,0.067190,0.057526,0.618397,-0.234914,-0.131113,-0.260742,0.019477,-0.528585,0.320694,-0.084283,-0.171172,-0.102682,0.056908,0.058211,0.085018,0.245133,-0.211722,1.055903,-0.099638,-0.007703,0.115506,0.200405,-0.273926,0.431973,0.965538,0.227557,0.179611,-0.074683
-0.026251,5.668846,0.758529,-0.017112,0.011549,-0.709605,0.704297,0.218190,0.064305,0.081285,0.572124,-0.265785,-0.106820,-0.281500,0.010289,-0.528137,0.332547,-0.076627,-0.174682,-0.104089,0.054019,0.059117,0.079182,0.245274,-0.211870,1.053834,-0.101671,-0.007810,0.116790,0.199762,-0.272602,0.428950,0.966067,0.226596,0.179737,-0.074051
-0.025461,5.676696,0.757446,-0.014136,0.010864,-0.709734,0.704244,0.231426,0.059156,0.105859,0.526618,-0.294391,-0.086056,-0.302445,-0.000139,-0.526559,0.343860,-0.067972,-0.177462,-0.104967,0.049663,0.060310,0.072833,0.245549,-0.212591,1.051941,-0.103721,-0.007976,0.118283,0.198368,-0.270876,0.425341,0.967077,0.225157,0.179880,-0.073540
-0.024715,5.684586,0.756546,-0.010582,0.009666,-0.710099,0.703956,0.243076,0.050503,0.127617,0.481455,-0.316962,-0.068425,-0.323126,-0.011415,-0.523574,0.353260,-0.057775,-0.178935,-0.105529,0.043746,0.061556,0.066684,0.245935,-0.213433,1.049950,-0.105360,-0.008164,0.119610,0.196349,-0.269246,0.421777,0.968116,0.223871,0.179869,-0.073452
-0.023836,5.692640,0.755745,-0.006172,0.007812,-0.710829,0.703294,0.253645,0.037369,0.146793,0.434492,-0.331247,-0.054843,-0.344434,-0.024176,-0.518656,0.361797,-0.046293,-0.180539,-0.105122,0.035522,0.062615,0.060412,0.246555,-0.214729,1.048078,-0.106476,-0.008323,0.120885,0.193432,-0.267262,0.418138,0.969778,0.222593,0.179588,-0.073927
-0.022969,5.700939,0.755074,-0.001100,0.005465,-0.711786,0.702374,0.263507,0.020972,0.165097,0.385443,-0.338905,-0.045117,-0.366214,-0.038045,-0.512185,0.369346,-0.033505,-0.182061,-0.104116,0.025473,0.063687,0.053986,0.247435,-0.216384,1.046192,-0.107275,-0.008473,0.122201,0.189569,-0.264959,0.414393,0.972042,0.221181,0.179157,-0.074782
-0.022056,5.709359,0.754429,0.004010,0.003057,-0.712691,0.701460,0.271948,0.003602,0.181129,0.337199,-0.342509,-0.037135,-0.386455,-0.051101,-0.505311,0.372917,-0.018544,-0.180443,-0.103434,0.015266,0.064999,0.047792,0.248482,-0.218288,1.044238,-0.107979,-0.008695,0.123274,0.185263,-0.262554,0.410268,0.974174,0.219757,0.178685,-0.075890
-0.021246,5.717717,0.753903,0.008538,0.000981,-0.713290,0.700816,0.277869,-0.012393,0.193545,0.293742,-0.345244,-0.028773,-0.403218,-0.061640,-0.499124,0.369905,-0.000779,-0.172600,-0.103836,0.006416,0.066744,0.042109,0.249657,-0.220482,1.042262,-0.108846,-0.009071,0.123853,0.180940,-0.260083,0.405367,0.975626,0.218387,0.178258,-0.077147
-0.020457,5.726099,0.753430,0.012388,-0.000640,-0.713476,0.700570,0.279493,-0.026246,0.201469,0.258541,-0.348303,-0.019245,-0.416053,-0.069482,-0.495152,0.359429,0.020019,-0.158906,-0.105791,-0.000724,0.068975,0.037012,0.250966,-0.223067,1.040185,-0.110087,-0.009730,0.123798,0.176502,-0.257515,0.399394,0.976428,0.216589,0.177934,-0.078905
-0.019539,5.734640,0.752973,0.015855,-0.002057,-0.713396,0.700579,0.277680,-0.039100,0.205974,0.229610,-0.350403,-0.009667,-0.425881,-0.075546,-0.492313,0.342996,0.043374,-0.140569,-0.108777,-0.006975,0.071613,0.032300,0.252411,-0.226048,1.038060,-0.111524,-0.010594,0.123276,0.171771,-0.254832,0.392586,0.976832,0.214477,0.177659,-0.081090
-0.018738,5.743190,0.752595,0.018934,-0.003497,-0.713191,0.700705,0.275202,-0.051523,0.208555,0.203000,-0.351112,-0.000627,-0.432662,-0.079847,-0.487646,0.321311,0.068915,-0.115724,-0.112131,-0.012752,0.074701,0.027918,0.253941,-0.229247,1.036090,-0.112816,-0.011428,0.122491,0.167074,-0.252140,0.385430,0.976569,0.213040,0.177353,-0.082957
-0.018098,5.751443,0.752288,0.021603,-0.005167,-0.712965,0.700847,0.274771,-0.063900,0.210479,0.174676,-0.349798,0.007297,-0.436314,-0.082389,-0.478247,0.295114,0.096226,-0.082439,-0.115302,-0.018373,0.078297,0.023830,0.255475,-0.232453,1.034463,-0.113603,-0.012002,0.121650,0.162797,-0.249670,0.378414,0.975299,0.213290,0.176946,-0.083761
-0.017405,5.759652,0.751904,0.023725,-0.007226,-0.712558,0.701175,0.277596,-0.076137,0.211306,0.142868,-0.346157,0.014259,-0.434815,-0.082734,-0.464102,0.260642,0.126591,-0.036233,-0.118697,-0.023834,0.082809,0.019908,0.257002,-0.235768,1.033271,-0.113514,-0.012180,0.120592,0.159427,-0.247556,0.371080,0.972118,0.216029,0.176395,-0.083087
-0.016788,5.767708,0.751482,0.025453,-0.009797,-0.711860,0.701791,0.271822,-0.086000,0.210991,0.132470,-0.352297,0.020728,-0.428385,-0.081867,-0.446195,0.218722,0.159266,0.020692,-0.122754,-0.029503,0.088243,0.016227,0.258543,-0.239247,1.032386,-0.112835,-0.012111,0.119266,0.156801,-0.245818,0.363367,0.967259,0.220577,0.175784,-0.081387
-0.016088,5.775695,0.750997,0.027112,-0.012832,-0.711141,0.702409,0.262873,-0.095371,0.210023,0.130731,-0.360581,0.026751,-0.420197,-0.081322,-0.423425,0.176415,0.191119,0.080200,-0.126797,-0.035756,0.093979,0.013115,0.260013,-0.242494,1.031582,-0.112145,-0.012000,0.118041,0.154375,-0.244486,0.356395,0.962015,0.225722,0.175205,-0.079189
-0.015245,5.783480,0.750557,0.028916,-0.016030,-0.710831,0.702585,0.254036,-0.105222,0.209412,0.129234,-0.365714,0.032117,-0.413678,-0.081788,-0.394814,0.140721,0.219399,0.134183,-0.130360,-0.042174,0.099233,0.011161,0.260777,-0.244289,1.030679,-0.111716,-0.012103,0.117361,0.151118,-0.244012,0.352106,0.958002,0.230535,0.174741,-0.077120
-0.014569,5.791040,0.750299,0.030999,-0.019587,-0.711100,0.702134,0.245449,-0.116277,0.209168,0.127924,-0.366998,0.036666,-0.408750,-0.082751,-0.356387,0.109705,0.247326,0.185907,-0.131805,-0.049538,0.104296,0.009636,0.261407,-0.245848,1.029698,-0.112395,-0.012522,0.117445,0.147376,-0.243883,0.349248,0.954850,0.235007,0.174394,-0.074502
-0.013751,5.798559,0.750234,0.033156,-0.023434,-0.711852,0.701155,0.237274,-0.127964,0.209193,0.126826,-0.365071,0.040529,-0.415438,-0.087574,-0.308658,0.106699,0.261104,0.238243,-0.131794,-0.057461,0.109373,0.008695,0.261833,-0.246849,1.028691,-0.113621,-0.013125,0.118055,0.143271,-0.244124,0.347842,0.952129,0.239660,0.174115,-0.071383
-0.013258,5.805953,0.750409,0.034966,-0.026516,-0.713706,0.699069,0.228629,-0.137322,0.212285,0.126276,-0.361417,0.043262,-0.421018,-0.088423,-0.265450,0.104194,0.271845,0.261800,-0.128810,-0.063880,0.113673,0.008546,0.262024,-0.247418,1.028076,-0.114710,-0.013709,0.118836,0.138939,-0.244461,0.347878,0.950719,0.243096,0.173854,-0.068989
-0.012782,5.813287,0.750992,0.036261,-0.028266,-0.716340,0.696235,0.218993,-0.143105,0.218436,0.125996,-0.356828,0.045356,-0.424443,-0.086715,-0.232256,0.102841,0.276859,0.261800,-0.123721,-0.067486,0.116669,0.009426,0.262140,-0.247933,1.027887,-0.115229,-0.014013,0.119379,0.134693,-0.244962,0.349186,0.951053,0.243972,0.173578,-0.068434
-0.012233,5.820192,0.752021,0.037614,-0.028721,-0.719124,0.693269,0.207408,-0.146638,0.225984,0.125432,-0.350259,0.047613,-0.426903,-0.086039,-0.202964,0.104516,0.274365,0.261800,-0.118946,-0.068621,0.117098,0.012118,0.261971,-0.247876,1.027881,-0.115178,-0.013962,0.119771,0.129939,-0.245911,0.353480,0.954304,0.241995,0.173100,-0.070855
-0.011639,5.826962,0.753350,0.039233,-0.028392,-0.722085,0.690107,0.194352,-0.149082,0.234443,0.124575,-0.341396,0.049980,-0.446463,-0.089711,-0.172968,0.146147,0.246824,0.261800,-0.114075,-0.068481,0.115399,0.015852,0.261240,-0.247156,1.028592,-0.114464,-0.013720,0.120191,0.124612,-0.246999,0.359952,0.960161,0.237520,0.172471,-0.075373
-0.011094,5.833539,0.754840,0.040723,-0.027802,-0.725061,0.686917,0.181354,-0.150674,0.243232,0.123614,-0.331701,0.052547,-0.471759,-0.094672,-0.145673,0.205107,0.207634,0.261800,-0.109586,-0.067375,0.112919,0.020427,0.259757,-0.245804,1.029921,-0.112970,-0.013363,0.120553,0.119227,-0.248308,0.367428,0.967068,0.231827,0.172047,-0.080457
-0.010931,5.839899,0.756371,0.041121,-0.026943,-0.728570,0.683205,0.170127,-0.149305,0.253662,0.123156,-0.323112,0.054504,-0.489610,-0.096078,-0.130571,0.255932,0.171593,0.237607,-0.103476,-0.064597,0.111489,0.025316,0.257897,-0.244501,1.031784,-0.110793,-0.012940,0.120673,0.114709,-0.249529,0.373902,0.973144,0.225865,0.172156,-0.084464
-0.010828,5.846096,0.758002,0.040311,-0.026143,-0.732049,0.679556,0.161474,-0.145835,0.264135,0.122819,-0.315473,0.056615,-0.501584,-0.097410,-0.124466,0.305444,0.133230,0.210975,-0.097508,-0.060075,0.111469,0.030810,0.255503,-0.243164,1.034208,-0.107307,-0.012286,0.120464,0.110873,-0.250777,0.379486,0.978870,0.218762,0.173024,-0.087512
-0.010729,5.852017,0.759681,0.038616,-0.025352,-0.735506,0.675941,0.154717,-0.140648,0.274705,0.122549,-0.308085,0.058824,-0.509936,-0.099681,-0.125157,0.357242,0.090168,0.180299,-0.091569,-0.054222,0.112203,0.036942,0.252726,-0.241863,1.037193,-0.102817,-0.011417,0.119997,0.107591,-0.251990,0.384721,0.984789,0.210295,0.174429,-0.090244
-0.010745,5.857798,0.761306,0.036590,-0.024716,-0.738777,0.672502,0.148994,-0.134964,0.284801,0.122312,-0.300853,0.060966,-0.515868,-0.102908,-0.128083,0.410298,0.046430,0.149472,-0.086077,-0.048188,0.113290,0.043420,0.249727,-0.240346,1.040209,-0.098514,-0.010647,0.119381,0.104908,-0.253247,0.389329,0.989740,0.202712,0.175980,-0.091849
-0.010713,5.863544,0.762847,0.034804,-0.024318,-0.741734,0.669349,0.143245,-0.129870,0.293960,0.122117,-0.293667,0.062876,-0.520987,-0.106849,-0.129118,0.463997,0.006238,0.122133,-0.081237,-0.043094,0.114296,0.049960,0.246768,-0.238464,1.042645,-0.095640,-0.010275,0.118706,0.102933,-0.254627,0.392883,0.992457,0.198234,0.177265,-0.091495
-0.010995,5.869292,0.764275,0.033245,-0.024066,-0.744448,0.666418,0.137373,-0.125160,0.302327,0.121928,-0.286539,0.064375,-0.525673,-0.111306,-0.128373,0.518902,-0.029693,0.098742,-0.076869,-0.038871,0.115334,0.056754,0.243953,-0.235799,1.044066,-0.094976,-0.010541,0.117893,0.101844,-0.256187,0.394778,0.991989,0.197946,0.178328,-0.088098
-0.011211,5.874945,0.765660,0.031649,-0.023886,-0.746995,0.663646,0.131751,-0.120288,0.310186,0.121797,-0.279523,0.065603,-0.529129,-0.116504,-0.127809,0.575096,-0.063394,0.077238,-0.072830,-0.034959,0.116559,0.063931,0.241255,-0.232571,1.044734,-0.095770,-0.011216,0.116887,0.101546,-0.257941,0.395367,0.989103,0.200510,0.179346,-0.082371
-0.011392,5.880614,0.766901,0.030234,-0.023859,-0.749277,0.661135,0.126130,-0.115851,0.317296,0.121677,-0.272571,0.066801,-0.531437,-0.122570,-0.126450,0.631334,-0.094619,0.057387,-0.069317,-0.031714,0.117601,0.071157,0.238758,-0.229555,1.045036,-0.096917,-0.011900,0.115804,0.101741,-0.259862,0.395661,0.985063,0.204513,0.180121,-0.076185
-0.011660,5.886146,0.767956,0.029222,-0.024071,-0.751200,0.658988,0.120184,-0.112421,0.323416,0.121601,-0.265630,0.068162,-0.532799,-0.129457,-0.123360,0.686504,-0.123088,0.039051,-0.066521,-0.029543,0.118084,0.078135,0.236621,-0.227541,1.045326,-0.097335,-0.012186,0.114745,0.102123,-0.261886,0.396707,0.981162,0.208563,0.180430,-0.071411
-0.012064,5.891682,0.768852,0.028736,-0.024526,-0.752693,0.657286,0.113683,-0.110210,0.328401,0.121532,-0.258617,0.069706,-0.533893,-0.137102,-0.118342,0.741743,-0.148329,0.021771,-0.064568,-0.028756,0.117876,0.084825,0.235000,-0.226610,1.045459,-0.096683,-0.011875,0.113619,0.102613,-0.264002,0.399001,0.977341,0.213214,0.179957,-0.068394
-0.012610,5.897091,0.769689,0.028636,-0.025149,-0.753847,0.655943,0.106765,-0.108813,0.332468,0.121496,-0.251580,0.071301,-0.534582,-0.145349,-0.112100,0.797381,-0.170573,0.005717,-0.063289,-0.029080,0.117178,0.091462,0.233909,-0.226361,1.045217,-0.095583,-0.011201,0.112378,0.103344,-0.266183,0.401952,0.973054,0.218915,0.178901,-0.066174
-0.013068,5.902432,0.770376,0.028747,-0.025910,-0.754806,0.654806,0.099836,-0.107949,0.335932,0.121421,-0.244654,0.072990,-0.533783,-0.153882,-0.105111,0.851174,-0.190635,-0.008170,-0.062388,-0.030058,0.116099,0.098108,0.233260,-0.226872,1.044915,-0.094375,-0.010426,0.111205,0.104295,-0.268321,0.404928,0.968951,0.224070,0.177776,-0.064690
-0.013470,5.907622,0.770937,0.028889,-0.026767,-0.755711,0.653720,0.093271,-0.107315,0.339110,0.121283,-0.237997,0.074822,-0.530457,-0.162398,-0.097852,0.901011,-0.209407,-0.018891,-0.061549,-0.031210,0.114709,0.104795,0.232919,-0.228254,1.044936,-0.093375,-0.009811,0.110315,0.105428,-0.270273,0.407266,0.965775,0.227063,0.177074,-0.063901
-0.014076,5.912621,0.771399,0.029099,-0.027727,-0.756567,0.652680,0.087167,-0.107058,0.341932,0.120940,-0.231671,0.076948,-0.524502,-0.170518,-0.089821,0.947031,-0.227161,-0.024953,-0.060824,-0.032555,0.112826,0.111423,0.232913,-0.231077,1.045513,-0.092704,-0.009381,0.109794,0.106617,-0.271967,0.408943,0.963985,0.226840,0.177010,-0.064079
-0.014600,5.917480,0.771773,0.029443,-0.028790,-0.757319,0.651745,0.081237,-0.107214,0.344329,0.120546,-0.225618,0.079285,-0.516522,-0.178371,-0.081234,0.990487,-0.243475,-0.027193,-0.060296,-0.034308,0.110398,0.117928,0.233252,-0.235115,1.046560,-0.092149,-0.009018,0.109561,0.107746,-0.273249,0.410260,0.963428,0.224424,0.177252,-0.065200
-0.015280,5.922314,0.772101,0.029785,-0.029912,-0.758024,0.650859,0.075622,-0.107428,0.346568,0.120050,-0.219666,0.081535,-0.506418,-0.186492,-0.073568,1.030806,-0.258313,-0.028112,-0.059620,-0.036198,0.107813,0.124381,0.233813,-0.239410,1.047834,-0.091624,-0.008764,0.109537,0.109196,-0.274363,0.410884,0.963297,0.221345,0.177552,-0.066703
-0.015886,5.927040,0.772440,0.029982,-0.031049,-0.758739,0.649964,0.070342,-0.107329,0.348924,0.119610,-0.213731,0.083413,-0.494180,-0.195528,-0.068159,1.067440,-0.271542,-0.030267,-0.058596,-0.038013,0.105364,0.130838,0.234289,-0.242801,1.049296,-0.090912,-0.008685,0.109724,0.110918,-0.275196,0.410678,0.963398,0.219091,0.177594,-0.068125
-0.016543,5.931661,0.772693,0.030027,-0.032241,-0.759479,0.649039,0.065445,-0.106900,0.351472,0.119439,-0.208005,0.084934,-0.479616,-0.206187,-0.065777,1.100733,-0.282705,-0.034724,-0.057241,-0.039717,0.103015,0.137333,0.234493,-0.245122,1.051177,-0.089882,-0.008940,0.110351,0.112909,-0.275725,0.409538,0.963983,0.217883,0.177218,-0.069669
-0.017330,5.936178,0.772974,0.029962,-0.033466,-0.760211,0.648121,0.060954,-0.106308,0.354041,0.119260,-0.202378,0.086222,-0.462786,-0.217993,-0.065639,1.130863,-0.292002,-0.040050,-0.055627,-0.041304,0.100639,0.143738,0.234468,-0.246982,1.053546,-0.088649,-0.009460,0.111382,0.115242,-0.276074,0.407534,0.965015,0.216990,0.176627,-0.071472
-0.018055,5.940793,0.773192,0.029818,-0.034725,-0.760918,0.647232,0.056672,-0.105537,0.356587,0.119112,-0.196702,0.087176,-0.443996,-0.229885,-0.066586,1.156988,-0.300359,-0.044976,-0.054002,-0.042865,0.098344,0.150195,0.234269,-0.247906,1.055945,-0.087239,-0.009964,0.112390,0.117476,-0.276214,0.405262,0.966399,0.216553,0.175999,-0.073059
-0.018880,5.945358,0.773464,0.029594,-0.035969,-0.761586,0.646388,0.052434,-0.104556,0.359068,0.118926,-0.190761,0.087694,-0.423580,-0.240702,-0.067519,1.178267,-0.308672,-0.048189,-0.051782,-0.044223,0.096316,0.156051,0.233757,-0.248412,1.058506,-0.085860,-0.010198,0.113060,0.120040,-0.276352,0.402204,0.967289,0.216440,0.175570,-0.073818
-0.019767,5.949955,0.773712,0.029249,-0.037228,-0.762236,0.645565,0.048352,-0.103289,0.361621,0.118736,-0.184629,0.087533,-0.401362,-0.250210,-0.068462,1.195032,-0.317587,-0.049491,-0.049457,-0.045486,0.094619,0.161987,0.233006,-0.247317,1.060683,-0.084380,-0.010059,0.113147,0.122572,-0.276418,0.398787,0.967815,0.217246,0.175367,-0.073424
-0.020686,5.954493,0.773897,0.028784,-0.038497,-0.762872,0.644760,0.044473,-0.101766,0.364215,0.118527,-0.178353,0.086819,-0.377246,-0.258862,-0.070048,1.207593,-0.326460,-0.049492,-0.046880,-0.046493,0.093146,0.167659,0.231683,-0.245054,1.063041,-0.082704,-0.009726,0.112985,0.125213,-0.276457,0.394724,0.968185,0.218693,0.175297,-0.072233
-0.021680,5.959083,0.774153,0.028313,-0.039737,-0.763444,0.644028,0.040456,-0.100114,0.366564,0.118338,-0.171774,0.085999,-0.351848,-0.266550,-0.072059,1.215243,-0.334290,-0.048105,-0.044353,-0.047450,0.091789,0.173160,0.230230,-0.242390,1.065217,-0.080979,-0.009265,0.112629,0.127583,-0.276503,0.391095,0.968637,0.220236,0.175320,-0.070857
-0.022626,5.963694,0.774373,0.027957,-0.040917,-0.763901,0.643428,0.036000,-0.098487,0.368387,0.118159,-0.164731,0.085529,-0.325762,-0.273240,-0.074216,1.217243,-0.340091,-0.045233,-0.042020,-0.048359,0.090420,0.178168,0.228649,-0.240268,1.067351,-0.079253,-0.008769,0.112280,0.129383,-0.276671,0.388679,0.969432,0.221184,0.175406,-0.069907
-0.023630,5.968443,0.774605,0.027707,-0.042049,-0.764212,0.642996,0.031088,-0.096962,0.369454,0.117981,-0.157078,0.085717,-0.298940,-0.278506,-0.075940,1.213600,-0.343258,-0.040041,-0.039809,-0.049485,0.089167,0.182882,0.227517,-0.238885,1.068992,-0.077518,-0.008047,0.111717,0.130660,-0.276904,0.387775,0.970472,0.221340,0.175587,-0.069455
-0.024652,5.973193,0.774816,0.027555,-0.043192,-0.764409,0.642692,0.025619,-0.095471,0.370027,0.118352,-0.149234,0.086298,-0.271238,-0.282634,-0.077464,1.204770,-0.344499,-0.032870,-0.037787,-0.050569,0.087994,0.187100,0.226038,-0.237625,1.070688,-0.075570,-0.007171,0.111077,0.131463,-0.277380,0.387997,0.971761,0.221064,0.175880,-0.069237
-0.025819,5.977946,0.775065,0.027501,-0.044230,-0.764541,0.642467,0.019694,-0.093906,0.370440,0.118789,-0.141150,0.086822,-0.243055,-0.286424,-0.079925,1.190560,-0.344702,-0.025472,-0.035833,-0.051682,0.086811,0.191128,0.224779,-0.236734,1.071967,-0.073960,-0.006418,0.110395,0.132019,-0.277948,0.388783,0.972924,0.220595,0.176207,-0.069150
-0.027008,5.982787,0.775175,0.027573,-0.045083,-0.764658,0.642266,0.013295,-0.092115,0.371042,0.119072,-0.132900,0.086832,-0.214797,-0.290688,-0.084392,1.170844,-0.344765,-0.019514,-0.034037,-0.052591,0.085439,0.195032,0.223553,-0.236195,1.072874,-0.072968,-0.006129,0.109897,0.132417,-0.278669,0.389741,0.973786,0.220158,0.176488,-0.069149
-0.028154,5.987640,0.775234,0.027768,-0.045675,-0.764737,0.642121,0.006328,-0.090030,0.371860,0.119195,-0.124493,0.086298,-0.186711,-0.295528,-0.091118,1.145907,-0.345312,-0.016589,-0.032231,-0.053444,0.083774,0.198897,0.222839,-0.236434,1.073176,-0.073019,-0.006477,0.109627,0.132684,-0.279216,0.390778,0.974426,0.219600,0.176615,-0.069324
-0.029232,5.992480,0.775303,0.028089,-0.046080,-0.764767,0.642043,-0.001178,-0.087739,0.372716,0.119264,-0.115889,0.085428,-0.158545,-0.300478,-0.099522,1.115794,-0.345781,-0.015301,-0.030674,-0.053998,0.081874,0.202573,0.221984,-0.237080,1.073215,-0.073685,-0.007299,0.109593,0.132767,-0.280058,0.392395,0.974800,0.219009,0.176693,-0.069683
-0.030428,5.997477,0.775293,0.028523,-0.046401,-0.764814,0.641944,-0.008981,-0.085432,0.373672,0.119121,-0.107033,0.084101,-0.130043,-0.305412,-0.109430,1.080082,-0.345225,-0.012848,-0.029245,-0.054374,0.080006,0.205966,0.220875,-0.237784,1.073062,-0.074524,-0.008286,0.109581,0.132785,-0.281410,0.394065,0.974654,0.218540,0.176888,-0.069967
-0.031701,6.002660,0.775187,0.029085,-0.046764,-0.764952,0.641728,-0.016843,-0.083222,0.374775,0.118712,-0.097959,0.082175,-0.100880,-0.310161,-0.120684,1.038184,-0.342636,-0.006462,-0.027640,-0.055072,0.078382,0.209122,0.220013,-0.238315,1.072608,-0.075207,-0.009085,0.109315,0.132485,-0.282602,0.395147,0.974394,0.218215,0.177281,-0.070008
-0.032980,6.007811,0.775090,0.029757,-0.047217,-0.765227,0.641337,-0.024594,-0.081133,0.375995,0.118011,-0.088627,0.079294,-0.070381,-0.315929,-0.134759,0.988619,-0.335755,0.003865,-0.025845,-0.056240,0.077008,0.212300,0.219482,-0.238652,1.071671,-0.075605,-0.009689,0.108737,0.131646,-0.283362,0.395569,0.974327,0.217975,0.178033,-0.069685
-0.034275,6.012960,0.774881,0.030518,-0.047672,-0.765593,0.640830,-0.032358,-0.079039,0.377274,0.117057,-0.079069,0.075604,-0.038873,-0.321968,-0.151290,0.932176,-0.325701,0.017144,-0.024013,-0.057539,0.075788,0.215376,0.218985,-0.238903,1.070402,-0.075911,-0.010261,0.108004,0.130438,-0.284092,0.395676,0.974181,0.217851,0.179058,-0.069118
-0.035615,6.018325,0.774600,0.031375,-0.048042,-0.765987,0.640291,-0.040445,-0.076807,0.378638,0.115935,-0.069369,0.071749,-0.007615,-0.325484,-0.167200,0.871447,-0.316601,0.034310,-0.022134,-0.058952,0.074716,0.217916,0.218652,-0.238928,1.069143,-0.076235,-0.010693,0.107154,0.128849,-0.284614,0.395497,0.974082,0.217879,0.179983,-0.068590
-0.036892,6.023685,0.774242,0.032396,-0.048305,-0.766338,0.639799,-0.049279,-0.074448,0.380176,0.115056,-0.059818,0.068391,0.022201,-0.324493,-0.179216,0.808666,-0.312610,0.055928,-0.020280,-0.060424,0.073793,0.219497,0.218356,-0.238563,1.068235,-0.076673,-0.010880,0.106271,0.127003,-0.285172,0.395146,0.973861,0.218193,0.180486,-0.068357
-0.038343,6.029179,0.773722,0.033745,-0.048725,-0.766628,0.639350,-0.058932,-0.072680,0.382195,0.114702,-0.050536,0.065823,0.052064,-0.318517,-0.184717,0.739457,-0.315841,0.086263,-0.018518,-0.062561,0.073205,0.220124,0.218012,-0.237439,1.067572,-0.077047,-0.010685,0.105113,0.125394,-0.286065,0.394447,0.972725,0.218987,0.180411,-0.068435
-0.039631,6.034911,0.773107,0.035387,-0.049281,-0.766893,0.638900,-0.069064,-0.071437,0.384596,0.114319,-0.041212,0.063658,0.082420,-0.309841,-0.186045,0.663241,-0.323853,0.122487,-0.016605,-0.065533,0.072641,0.219991,0.217976,-0.236147,1.067204,-0.077632,-0.010177,0.103816,0.123339,-0.286393,0.393430,0.972020,0.220131,0.179802,-0.068864
-0.041111,6.040823,0.772501,0.037088,-0.049515,-0.767143,0.638486,-0.079935,-0.069558,0.386918,0.113978,-0.031947,0.061591,0.110223,-0.300505,-0.187198,0.588218,-0.333759,0.154877,-0.014759,-0.068129,0.072224,0.218974,0.218073,-0.234506,1.067046,-0.078283,-0.009640,0.102661,0.120769,-0.286676,0.392419,0.971335,0.221229,0.179167,-0.069407
-0.042723,6.046831,0.772030,0.038571,-0.048924,-0.767392,0.638144,-0.091774,-0.065752,0.388597,0.113675,-0.022794,0.059301,0.131925,-0.291398,-0.191857,0.523474,-0.342500,0.174807,-0.013106,-0.069170,0.071891,0.216998,0.218320,-0.232719,1.067078,-0.079101,-0.009330,0.102015,0.117369,-0.286925,0.391892,0.970842,0.221973,0.178938,-0.069976
-0.044299,6.053173,0.771691,0.039809,-0.047277,-0.767631,0.637906,-0.104903,-0.059506,0.389232,0.113416,-0.013586,0.056721,0.145312,-0.282137,-0.201654,0.472929,-0.350463,0.178580,-0.012131,-0.068382,0.071641,0.214447,0.219165,-0.230322,1.066615,-0.080364,-0.009326,0.101703,0.112782,-0.287306,0.392539,0.970359,0.222716,0.179272,-0.070581
-0.045915,6.059722,0.771441,0.040895,-0.044825,-0.767848,0.637753,-0.119167,-0.051439,0.389084,0.113253,-0.004364,0.054014,0.152285,-0.271830,-0.214188,0.431852,-0.358977,0.171854,-0.011174,-0.066123,0.071280,0.210677,0.220155,-0.228229,1.066645,-0.082173,-0.009522,0.101926,0.107322,-0.287465,0.393517,0.970307,0.223382,0.179868,-0.071405
-0.047644,6.066294,0.771318,0.041709,-0.041743,-0.768048,0.637668,-0.134022,-0.041865,0.388507,0.113134,0.004575,0.051180,0.155010,-0.260164,-0.226917,0.397163,-0.366442,0.160480,-0.010447,-0.062684,0.071034,0.206482,0.221416,-0.225720,1.066648,-0.083814,-0.009759,0.102495,0.101268,-0.287490,0.394890,0.970552,0.223690,0.180595,-0.072219
-0.049463,6.073003,0.771361,0.042160,-0.038243,-0.768240,0.637626,-0.148898,-0.031143,0.387892,0.113028,0.012892,0.048214,0.155952,-0.246978,-0.237377,0.365186,-0.370935,0.150155,-0.009288,-0.057891,0.070819,0.201305,0.222041,-0.223494,1.067822,-0.084780,-0.009983,0.103799,0.095308,-0.287532,0.395764,0.971278,0.223078,0.181291,-0.072917
-0.051272,6.079797,0.771426,0.042261,-0.034101,-0.768490,0.637553,-0.164208,-0.018695,0.387430,0.112930,0.021493,0.045083,0.154541,-0.231818,-0.245105,0.336033,-0.371648,0.141334,-0.008711,-0.051883,0.070644,0.196515,0.222877,-0.219715,1.068816,-0.084220,-0.010095,0.105700,0.088635,-0.287610,0.397617,0.972629,0.221487,0.182091,-0.073337
-0.052852,6.086672,0.771501,0.042057,-0.029293,-0.768760,0.637481,-0.180031,-0.004518,0.386809,0.112857,0.030196,0.041777,0.149826,-0.215069,-0.251441,0.311222,-0.369616,0.131348,-0.008139,-0.044382,0.070355,0.191172,0.223512,-0.215564,1.070442,-0.082801,-0.010199,0.108380,0.081550,-0.287749,0.399747,0.974528,0.219026,0.183023,-0.073627
-0.054437,6.093643,0.771602,0.041537,-0.024374,-0.768927,0.637520,-0.195391,0.010142,0.385802,0.112864,0.037096,0.038336,0.143738,-0.197905,-0.256564,0.289216,-0.365630,0.121172,-0.007577,-0.036251,0.070419,0.185285,0.223896,-0.211442,1.072327,-0.081468,-0.010272,0.111027,0.074645,-0.287955,0.401695,0.976389,0.216474,0.183816,-0.073853
-0.055937,6.100571,0.771700,0.040696,-0.019922,-0.768883,0.637782,-0.209262,0.023961,0.384278,0.112930,0.040296,0.034825,0.138372,-0.181436,-0.260618,0.268414,-0.360546,0.111808,-0.008207,-0.028650,0.071469,0.180112,0.224313,-0.206116,1.072872,-0.080829,-0.010249,0.112477,0.067734,-0.288360,0.404468,0.977790,0.215050,0.184216,-0.074091
-0.057390,6.107505,0.771818,0.039374,-0.015981,-0.768701,0.638195,-0.221486,0.037247,0.383013,0.113117,0.037719,0.030383,0.134101,-0.165269,-0.262775,0.248776,-0.354464,0.103551,-0.008534,-0.021356,0.073815,0.174685,0.224647,-0.200713,1.072652,-0.081918,-0.010075,0.112482,0.061654,-0.288836,0.406424,0.978202,0.214645,0.184037,-0.074286
-0.058724,6.114210,0.772007,0.037650,-0.012329,-0.768420,0.638718,-0.232531,0.050420,0.381936,0.113444,0.030854,0.025320,0.130045,-0.149023,-0.263301,0.231046,-0.347036,0.095993,-0.009862,-0.014205,0.077320,0.170055,0.225055,-0.193539,1.070887,-0.083691,-0.009751,0.111227,0.055509,-0.289729,0.409315,0.977871,0.215286,0.183506,-0.074377
-0.060110,6.121005,0.772275,0.035856,-0.009118,-0.767877,0.639528,-0.242376,0.062310,0.379713,0.113767,0.023238,0.021474,0.126131,-0.133738,-0.263898,0.215235,-0.338577,0.089016,-0.011378,-0.007669,0.081144,0.164827,0.225524,-0.187716,1.069415,-0.085726,-0.009455,0.109877,0.050179,-0.290640,0.411680,0.977296,0.216119,0.182825,-0.074508
-0.061630,6.127639,0.772716,0.034310,-0.006458,-0.766902,0.640814,-0.251116,0.071813,0.374950,0.114064,0.018376,0.020621,0.122173,-0.120430,-0.266279,0.201401,-0.329436,0.082472,-0.014003,-0.002359,0.084702,0.159281,0.226348,-0.183991,1.068402,-0.087066,-0.009314,0.109078,0.045602,-0.291605,0.414183,0.976881,0.216990,0.182255,-0.074779
-0.063060,6.134097,0.773421,0.033063,-0.004294,-0.765322,0.642783,-0.259380,0.078509,0.365797,0.114281,0.017028,0.024186,0.117696,-0.109239,-0.271220,0.190278,-0.319382,0.076384,-0.018034,0.001619,0.087906,0.153214,0.227856,-0.183205,1.067899,-0.087734,-0.009342,0.109048,0.041863,-0.292589,0.416804,0.976539,0.218126,0.181735,-0.075117
-0.064458,6.140457,0.774298,0.031953,-0.002570,-0.763253,0.645304,-0.269656,0.084033,0.353234,0.120533,0.014279,0.030743,0.112803,-0.099646,-0.277780,0.181712,-0.308399,0.070800,-0.023058,0.004516,0.091035,0.146642,0.229902,-0.184681,1.067740,-0.088141,-0.009474,0.109397,0.038820,-0.293394,0.419288,0.976286,0.219489,0.181142,-0.075518
-0.065816,6.146763,0.775323,0.030985,-0.001402,-0.760951,0.648067,-0.279137,0.088069,0.340632,0.129141,0.011902,0.037862,0.108290,-0.091640,-0.285109,0.174049,-0.296882,0.065563,-0.028453,0.006280,0.093998,0.139951,0.232194,-0.187537,1.067915,-0.088123,-0.009703,0.109892,0.036587,-0.293976,0.421437,0.976293,0.220475,0.180682,-0.076141
-0.066989,6.152932,0.776530,0.030165,-0.000927,-0.758686,0.650757,-0.284923,0.090397,0.331471,0.136425,0.011529,0.043179,0.104964,-0.085264,-0.292315,0.165835,-0.285386,0.060531,-0.033277,0.006570,0.096868,0.133682,0.235179,-0.191221,1.067931,-0.087802,-0.009959,0.110067,0.035832,-0.294389,0.422698,0.975986,0.220472,0.180588,-0.077012
-0.068201,6.158687,0.777653,0.029171,-0.000926,-0.756501,0.653341,-0.293755,0.094463,0.326150,0.158627,0.005028,0.045918,0.103053,-0.079721,-0.299330,0.157435,-0.274326,0.055561,-0.037495,0.006388,0.099547,0.127545,0.238214,-0.195991,1.068754,-0.086534,-0.010314,0.110211,0.036231,-0.294443,0.423238,0.976346,0.218722,0.181095,-0.078728
-0.069320,6.164371,0.778621,0.027890,-0.001222,-0.754321,0.655912,-0.306391,0.100474,0.322660,0.195945,-0.007766,0.047326,0.102256,-0.074579,-0.306464,0.149430,-0.263425,0.050713,-0.041337,0.006109,0.102112,0.121444,0.241337,-0.202067,1.070246,-0.084509,-0.010764,0.110422,0.037630,-0.294182,0.423230,0.977269,0.215741,0.182027,-0.081067
-0.070263,6.169709,0.779636,0.026558,-0.001842,-0.752252,0.658337,-0.317713,0.106254,0.320203,0.235593,-0.021190,0.048045,0.101967,-0.070158,-0.313276,0.141870,-0.252822,0.046056,-0.044646,0.005385,0.104511,0.115684,0.244508,-0.208383,1.071428,-0.082546,-0.011276,0.110474,0.039892,-0.293718,0.422577,0.978101,0.212727,0.182922,-0.083087
-0.071187,6.174964,0.780579,0.025201,-0.002546,-0.750441,0.660452,-0.327747,0.112049,0.317302,0.276149,-0.035479,0.048523,0.101592,-0.066042,-0.319271,0.134827,-0.242773,0.041622,-0.047191,0.004601,0.106704,0.110594,0.247635,-0.213795,1.071283,-0.081424,-0.011816,0.110147,0.042892,-0.293201,0.421241,0.978152,0.210908,0.183313,-0.083843
-0.072035,6.180125,0.781480,0.023787,-0.003410,-0.748923,0.662221,-0.336011,0.117631,0.313765,0.317205,-0.051088,0.048322,0.101098,-0.062415,-0.324375,0.128745,-0.233425,0.037363,-0.048916,0.003720,0.108784,0.106319,0.250655,-0.217979,1.069436,-0.081236,-0.012447,0.109264,0.046940,-0.292730,0.418754,0.977024,0.210623,0.183022,-0.082858
-0.072950,6.185165,0.782292,0.022351,-0.004535,-0.747608,0.663748,-0.342607,0.122773,0.310370,0.359404,-0.067714,0.047362,0.100115,-0.059721,-0.328826,0.124876,-0.225385,0.033305,-0.050005,0.002580,0.110729,0.102653,0.253570,-0.221493,1.066458,-0.081579,-0.013172,0.107989,0.052057,-0.292334,0.415299,0.975017,0.211244,0.182326,-0.080702
-0.073643,6.190123,0.783004,0.020985,-0.005692,-0.746470,0.665064,-0.348469,0.127750,0.307069,0.402874,-0.084370,0.046590,0.097858,-0.057752,-0.332578,0.123732,-0.219019,0.029565,-0.050586,0.001424,0.112372,0.099347,0.256388,-0.224467,1.062764,-0.082509,-0.013850,0.106618,0.057596,-0.292073,0.411872,0.972572,0.212551,0.181441,-0.078004
-0.074235,6.194991,0.783624,0.019799,-0.006667,-0.745502,0.666176,-0.354424,0.132855,0.303840,0.447596,-0.100003,0.046974,0.094711,-0.055923,-0.335607,0.123187,-0.213315,0.026250,-0.050800,0.000442,0.113535,0.096197,0.259108,-0.226964,1.058747,-0.084055,-0.014340,0.105440,0.062886,-0.292039,0.409533,0.970150,0.214329,0.180583,-0.075400
-0.074858,6.199836,0.784119,0.018872,-0.007399,-0.744759,0.667025,-0.360675,0.138374,0.301004,0.493873,-0.114221,0.048891,0.090495,-0.054211,-0.337652,0.122999,-0.208110,0.023589,-0.050555,-0.000330,0.114077,0.093245,0.261739,-0.228849,1.054142,-0.086666,-0.014538,0.104433,0.067785,-0.292329,0.408571,0.967741,0.217124,0.179682,-0.072703
-0.075418,6.204716,0.784526,0.018112,-0.007994,-0.744231,0.667629,-0.366616,0.144110,0.298437,0.541378,-0.127551,0.051797,0.085744,-0.052616,-0.338832,0.122820,-0.203204,0.021452,-0.049871,-0.000928,0.114154,0.090612,0.264270,-0.230065,1.048805,-0.090162,-0.014541,0.103465,0.072673,-0.292961,0.408470,0.965069,0.220868,0.178684,-0.069678
-0.075953,6.209453,0.784803,0.017337,-0.008456,-0.743796,0.668128,-0.372029,0.149805,0.295321,0.589413,-0.140246,0.055296,0.080854,-0.050844,-0.339674,0.122627,-0.198659,0.019381,-0.049062,-0.001170,0.114047,0.088175,0.266663,-0.230848,1.043369,-0.093654,-0.014509,0.102680,0.077590,-0.293889,0.409101,0.962283,0.224468,0.177802,-0.066900
-0.076386,6.214218,0.784984,0.016369,-0.008790,-0.743334,0.668663,-0.376651,0.155168,0.290864,0.637266,-0.152689,0.058986,0.076218,-0.048604,-0.340718,0.122452,-0.194600,0.016925,-0.048454,-0.000886,0.114010,0.085802,0.268866,-0.231436,1.038493,-0.096264,-0.014608,0.102230,0.082548,-0.295025,0.410347,0.959589,0.226811,0.177235,-0.064961
-0.076764,6.219009,0.785013,0.015155,-0.008979,-0.742841,0.669236,-0.380900,0.160158,0.284451,0.685821,-0.165213,0.063270,0.071948,-0.045772,-0.342052,0.122300,-0.191338,0.013828,-0.047981,0.000034,0.114063,0.083410,0.270862,-0.231873,1.034277,-0.097539,-0.014871,0.102199,0.087523,-0.296359,0.412479,0.957009,0.227355,0.177069,-0.064186
-0.077144,6.223576,0.784999,0.013794,-0.009028,-0.742372,0.669785,-0.384752,0.164933,0.276621,0.735158,-0.177588,0.068213,0.067838,-0.042501,-0.343410,0.122162,-0.188734,0.010370,-0.047526,0.001482,0.114073,0.081061,0.272654,-0.232038,1.030439,-0.098015,-0.015220,0.102504,0.092499,-0.297894,0.415473,0.954481,0.226773,0.177174,-0.064219
-0.077481,6.228105,0.784878,0.012334,-0.008979,-0.741888,0.670351,-0.387399,0.169533,0.268337,0.783514,-0.189345,0.072912,0.063800,-0.038949,-0.344800,0.122025,-0.186193,0.006901,-0.047323,0.003255,0.114055,0.078835,0.274236,-0.231923,1.027076,-0.098281,-0.015648,0.103052,0.097408,-0.299552,0.418713,0.952225,0.225728,0.177422,-0.064620
-0.077775,6.232598,0.784682,0.010823,-0.008871,-0.741350,0.670972,-0.388040,0.174007,0.260595,0.829194,-0.200079,0.076451,0.059762,-0.035271,-0.346234,0.121843,-0.183110,0.003769,-0.047583,0.005161,0.114030,0.076778,0.275589,-0.231563,1.024313,-0.098940,-0.016149,0.103756,0.102227,-0.301173,0.421579,0.950420,0.224890,0.177684,-0.064956
-0.078113,6.237105,0.784432,0.009222,-0.008727,-0.740730,0.671683,-0.386564,0.178440,0.253397,0.872466,-0.209819,0.078760,0.055836,-0.031391,-0.347717,0.121601,-0.179333,0.001137,-0.048322,0.007199,0.114058,0.074755,0.276701,-0.230944,1.022358,-0.100352,-0.016888,0.104755,0.106872,-0.302606,0.423985,0.949352,0.224339,0.177960,-0.065201
-0.078294,6.241525,0.784187,0.007519,-0.008518,-0.740051,0.672455,-0.383372,0.182811,0.246346,0.914114,-0.218794,0.080269,0.051997,-0.027296,-0.349214,0.121353,-0.175186,-0.001232,-0.049437,0.009398,0.114108,0.072824,0.277647,-0.230056,1.021049,-0.102144,-0.017807,0.106029,0.111366,-0.303907,0.426238,0.948875,0.223734,0.178304,-0.065561
-0.078582,6.246028,0.783870,0.005839,-0.008251,-0.739363,0.673232,-0.378450,0.187051,0.239845,0.953271,-0.226941,0.080823,0.048054,-0.023175,-0.350723,0.121104,-0.170800,-0.003537,-0.050915,0.011633,0.114007,0.071123,0.278406,-0.229020,1.020234,-0.103782,-0.018587,0.107328,0.115632,-0.305052,0.428261,0.948914,0.223072,0.178629,-0.065987
-0.078811,6.250499,0.783561,0.004263,-0.007888,-0.738712,0.673961,-0.371801,0.191142,0.234269,0.988983,-0.234114,0.080285,0.043773,-0.019177,-0.352238,0.120846,-0.166273,-0.006010,-0.052480,0.013811,0.113412,0.069316,0.278732,-0.228284,1.020392,-0.104684,-0.018944,0.108555,0.119393,-0.305583,0.429625,0.950016,0.222101,0.178782,-0.066510
-0.078978,6.254859,0.783250,0.002823,-0.007392,-0.738116,0.674627,-0.363480,0.195710,0.230287,1.021794,-0.240745,0.079412,0.038610,-0.015462,-0.353722,0.121581,-0.162164,-0.008669,-0.054742,0.015919,0.112523,0.068490,0.279062,-0.226994,1.020258,-0.104733,-0.018607,0.109418,0.122873,-0.306359,0.431117,0.951132,0.221335,0.178835,-0.066972
-0.079093,6.259144,0.782905,0.001452,-0.006787,-0.737541,0.675266,-0.353414,0.200639,0.227481,1.051902,-0.246745,0.078068,0.033100,-0.011787,-0.355212,0.122419,-0.157934,-0.011422,-0.057258,0.018076,0.111313,0.067865,0.279156,-0.225684,1.020703,-0.104208,-0.017828,0.110190,0.126119,-0.306977,0.432167,0.952767,0.220449,0.178781,-0.067434
-0.079149,6.263583,0.782575,0.000177,-0.006156,-0.737000,0.675865,-0.341704,0.204730,0.224742,1.078390,-0.251428,0.074713,0.025066,-0.009216,-0.356635,0.128506,-0.156269,-0.014240,-0.060018,0.020092,0.109897,0.067472,0.279093,-0.224515,1.021486,-0.103338,-0.016881,0.110748,0.129212,-0.307431,0.432829,0.954700,0.219437,0.178705,-0.067960
-0.079230,6.267924,0.782286,-0.000935,-0.005622,-0.736500,0.676413,-0.328455,0.206691,0.221009,1.100302,-0.254132,0.067763,0.016244,-0.007310,-0.357997,0.136064,-0.155227,-0.017156,-0.062849,0.021725,0.108346,0.067204,0.279016,-0.223891,1.022486,-0.102438,-0.016036,0.110999,0.132246,-0.307598,0.432976,0.956825,0.218229,0.178678,-0.068605
-0.079110,6.272425,0.781956,-0.001864,-0.005161,-0.736041,0.676914,-0.313568,0.206269,0.216121,1.117556,-0.254743,0.056618,0.007069,-0.005932,-0.359340,0.143963,-0.154106,-0.020340,-0.066071,0.022896,0.106654,0.067304,0.278895,-0.223467,1.023578,-0.101239,-0.015252,0.110703,0.135215,-0.307695,0.432831,0.959081,0.216618,0.178768,-0.069479
-0.079228,6.276762,0.781678,-0.002611,-0.004761,-0.735621,0.677371,-0.297073,0.204043,0.210640,1.130645,-0.253642,0.042152,-0.002572,-0.005019,-0.360659,0.152351,-0.152983,-0.023717,-0.069527,0.023713,0.104753,0.067674,0.278766,-0.223396,1.024899,-0.099809,-0.014418,0.109990,0.138099,-0.307633,0.432269,0.961598,0.214700,0.178902,-0.070491
-0.079284,6.281055,0.781436,-0.003270,-0.004419,-0.735250,0.677773,-0.279233,0.199944,0.204559,1.139556,-0.251072,0.024949,-0.012356,-0.004491,-0.361879,0.160841,-0.151809,-0.026910,-0.072872,0.024284,0.102807,0.068049,0.278572,-0.223793,1.026375,-0.098415,-0.013719,0.109204,0.141133,-0.307328,0.431009,0.963884,0.212845,0.179057,-0.071450
-0.079274,6.285316,0.781189,-0.003892,-0.004177,-0.734936,0.678113,-0.260328,0.193931,0.197842,1.144251,-0.247230,0.005605,-0.021836,-0.004190,-0.362925,0.168765,-0.150374,-0.029565,-0.075794,0.024710,0.100940,0.068193,0.278297,-0.224816,1.027956,-0.097381,-0.013338,0.108710,0.144459,-0.306600,0.428851,0.965601,0.211453,0.179196,-0.072193
-0.079141,6.289641,0.780952,-0.004458,-0.004084,-0.734657,0.678411,-0.240173,0.185504,0.190214,1.144431,-0.242307,-0.016259,-0.030808,-0.004309,-0.363904,0.175873,-0.148721,-0.031250,-0.078625,0.024804,0.099243,0.068416,0.278042,-0.226308,1.029374,-0.096751,-0.013416,0.108521,0.148090,-0.305499,0.425820,0.966415,0.210587,0.179340,-0.072832
-0.078960,6.293998,0.780669,-0.004943,-0.004114,-0.734417,0.678668,-0.218701,0.174854,0.181670,1.140223,-0.236309,-0.040737,-0.039514,-0.004829,-0.364806,0.182473,-0.146881,-0.032274,-0.081383,0.024551,0.097632,0.068740,0.277850,-0.228271,1.030700,-0.096389,-0.013819,0.108458,0.151952,-0.304042,0.421980,0.966610,0.210033,0.179491,-0.073404
-0.078684,6.298655,0.780317,-0.005456,-0.004133,-0.734263,0.678831,-0.196338,0.162983,0.172558,1.132191,-0.229143,-0.066835,-0.048203,-0.005255,-0.365381,0.188858,-0.144739,-0.033414,-0.083970,0.024363,0.096140,0.069267,0.277699,-0.230201,1.031655,-0.096214,-0.014295,0.108425,0.155874,-0.302539,0.418116,0.966372,0.210203,0.179638,-0.073589
-0.078491,6.302981,0.780011,-0.006111,-0.004004,-0.734241,0.678850,-0.173506,0.150875,0.163236,1.120882,-0.220662,-0.093583,-0.057164,-0.005117,-0.365398,0.195389,-0.142206,-0.035452,-0.086123,0.024634,0.094721,0.069886,0.277493,-0.231834,1.032217,-0.096169,-0.014603,0.108395,0.159684,-0.301110,0.414838,0.966097,0.211436,0.179744,-0.073098
-0.078019,6.307629,0.779619,-0.007014,-0.003728,-0.734392,0.678679,-0.149778,0.138339,0.153246,1.105897,-0.210705,-0.122076,-0.066307,-0.004177,-0.364474,0.202234,-0.139198,-0.038768,-0.087957,0.025595,0.093620,0.070869,0.277209,-0.232858,1.032030,-0.096230,-0.014633,0.108328,0.163502,-0.300149,0.412356,0.965502,0.214766,0.179869,-0.071664
-0.077638,6.312045,0.779216,-0.008077,-0.003367,-0.734683,0.678354,-0.125040,0.125036,0.142418,1.087070,-0.199551,-0.152316,-0.075530,-0.002705,-0.362866,0.209163,-0.135776,-0.042915,-0.089387,0.027006,0.092733,0.071957,0.276818,-0.233710,1.031448,-0.096450,-0.014542,0.108303,0.167417,-0.299380,0.410118,0.964583,0.219619,0.180001,-0.069518
-0.077317,6.316615,0.778730,-0.009125,-0.002874,-0.735048,0.677948,-0.100242,0.111737,0.131568,1.065375,-0.187570,-0.181733,-0.085045,-0.000981,-0.361295,0.215897,-0.132086,-0.047415,-0.090208,0.028694,0.091626,0.072570,0.276102,-0.234748,1.031193,-0.096767,-0.014484,0.108405,0.171219,-0.298404,0.408011,0.963773,0.224116,0.180058,-0.067067
-0.076951,6.321223,0.778147,-0.009981,-0.002199,-0.735422,0.677532,-0.076370,0.099223,0.121534,1.041774,-0.174938,-0.207801,-0.095078,0.000702,-0.360477,0.222196,-0.128296,-0.051784,-0.091176,0.030427,0.090195,0.073532,0.275482,-0.235141,1.030361,-0.097150,-0.014535,0.108317,0.174717,-0.297799,0.407131,0.962533,0.226955,0.180062,-0.064552
-0.076442,6.325850,0.777470,-0.010610,-0.001330,-0.735826,0.677086,-0.053519,0.087310,0.112168,1.016188,-0.158780,-0.231565,-0.105718,0.002302,-0.360596,0.228046,-0.124562,-0.055961,-0.091803,0.032159,0.088162,0.074443,0.274774,-0.235111,1.029374,-0.097588,-0.014836,0.107979,0.178042,-0.297289,0.407349,0.960948,0.226964,0.180019,-0.061690
-0.075963,6.330472,0.776745,-0.011102,-0.000296,-0.736282,0.676584,-0.031228,0.075723,0.102959,0.988212,-0.139838,-0.253879,-0.116771,0.003995,-0.361287,0.233465,-0.120730,-0.060204,-0.092264,0.034036,0.085655,0.075285,0.273735,-0.234533,1.028417,-0.097977,-0.015313,0.107556,0.180883,-0.296755,0.408685,0.959512,0.225250,0.179899,-0.058521
-0.075469,6.335327,0.775978,-0.011310,0.000777,-0.736669,0.676158,-0.009701,0.065484,0.097143,0.958102,-0.123188,-0.261800,-0.128872,0.004879,-0.362376,0.239861,-0.117234,-0.064280,-0.092925,0.035800,0.082959,0.076149,0.272734,-0.233890,1.027224,-0.098489,-0.015743,0.107246,0.183464,-0.296405,0.410471,0.957906,0.223216,0.179628,-0.055685
-0.074636,6.340501,0.775002,-0.011080,0.001783,-0.736867,0.675944,0.010706,0.056180,0.093243,0.925995,-0.113830,-0.261800,-0.142866,0.004035,-0.363697,0.248976,-0.114716,-0.068055,-0.094356,0.037063,0.080088,0.076714,0.271493,-0.233528,1.026311,-0.099047,-0.015967,0.107481,0.185412,-0.296123,0.412247,0.956735,0.222238,0.179087,-0.053993
-0.073873,6.345598,0.774024,-0.011241,0.003393,-0.737078,0.675705,0.030090,0.049548,0.088463,0.893303,-0.115081,-0.261800,-0.155833,0.005281,-0.365603,0.254968,-0.110331,-0.072357,-0.095824,0.039803,0.077599,0.077149,0.270417,-0.233834,1.025261,-0.100033,-0.015842,0.108427,0.187067,-0.295990,0.413742,0.955534,0.222816,0.178038,-0.053815
-0.073260,6.350710,0.773128,-0.011716,0.005540,-0.737296,0.675446,0.048481,0.045249,0.083247,0.859776,-0.123647,-0.261800,-0.168006,0.008191,-0.368152,0.258204,-0.104369,-0.076991,-0.097386,0.043910,0.075251,0.077288,0.269004,-0.234442,1.024473,-0.101192,-0.015535,0.109994,0.188241,-0.295954,0.415388,0.954591,0.224188,0.176591,-0.054762
-0.072569,6.356041,0.772227,-0.012391,0.007915,-0.737521,0.675164,0.065779,0.043091,0.078519,0.825502,-0.136571,-0.261800,-0.179378,0.012140,-0.370885,0.258974,-0.096718,-0.081352,-0.098878,0.048650,0.073404,0.076965,0.267477,-0.235323,1.024062,-0.102202,-0.015172,0.111677,0.189043,-0.295992,0.416818,0.953869,0.225633,0.175257,-0.056120
-0.071821,6.361490,0.771371,-0.012291,0.009594,-0.737587,0.675072,0.081813,0.040590,0.077513,0.788992,-0.149750,-0.252107,-0.192971,0.012811,-0.372922,0.263499,-0.090194,-0.084270,-0.100675,0.051451,0.071743,0.075982,0.265878,-0.236388,1.024287,-0.102669,-0.014896,0.113036,0.189455,-0.295957,0.417753,0.953571,0.226444,0.174514,-0.057241
-0.070923,6.366993,0.770458,-0.011754,0.010793,-0.737595,0.675055,0.096461,0.038341,0.080598,0.750200,-0.163961,-0.225828,-0.207328,0.011781,-0.374096,0.268914,-0.083267,-0.085363,-0.102475,0.053001,0.070637,0.074394,0.264423,-0.237625,1.025125,-0.102500,-0.014727,0.113917,0.189362,-0.295740,0.418131,0.953953,0.226296,0.174651,-0.057877
-0.069946,6.372842,0.769487,-0.010911,0.011702,-0.737560,0.675092,0.109681,0.036121,0.085796,0.709899,-0.181117,-0.191641,-0.222300,0.009657,-0.374674,0.274845,-0.075918,-0.085205,-0.104268,0.053749,0.069895,0.072140,0.262860,-0.239104,1.026701,-0.101832,-0.014612,0.114639,0.188691,-0.295280,0.418063,0.955108,0.225558,0.175334,-0.058451
-0.068862,6.378923,0.768516,-0.009862,0.012313,-0.737503,0.675160,0.121852,0.033416,0.092748,0.669811,-0.200441,-0.156025,-0.237497,0.006670,-0.374876,0.280903,-0.068162,-0.084884,-0.106030,0.053661,0.069645,0.069449,0.261477,-0.240784,1.028528,-0.100933,-0.014483,0.115160,0.187675,-0.294605,0.417690,0.956425,0.224707,0.176162,-0.059196
-0.067846,6.385115,0.767584,-0.008723,0.012646,-0.737443,0.675235,0.133547,0.030093,0.101211,0.631126,-0.220616,-0.125272,-0.252591,0.003090,-0.374963,0.286828,-0.060075,-0.085513,-0.107622,0.052893,0.069877,0.066160,0.260122,-0.242759,1.030704,-0.099935,-0.014319,0.115606,0.186406,-0.293565,0.417003,0.957711,0.224108,0.176697,-0.060426
-0.066883,6.391206,0.766767,-0.007630,0.012738,-0.737353,0.675344,0.145295,0.026771,0.112468,0.593631,-0.242582,-0.100452,-0.267414,-0.000841,-0.375252,0.292660,-0.051816,-0.087680,-0.109222,0.051540,0.070853,0.062508,0.259091,-0.244914,1.032801,-0.098925,-0.014049,0.115803,0.184942,-0.292251,0.416037,0.958705,0.224082,0.176859,-0.062540
-0.065779,6.397720,0.765938,-0.006487,0.012574,-0.737235,0.675488,0.156887,0.023287,0.126206,0.556328,-0.266300,-0.078437,-0.282181,-0.005299,-0.375527,0.298497,-0.043295,-0.090726,-0.110703,0.049485,0.072378,0.058266,0.258227,-0.247410,1.035240,-0.097787,-0.013724,0.115838,0.183078,-0.290412,0.414647,0.959961,0.224258,0.176833,-0.065329
-0.064749,6.404465,0.765061,-0.005083,0.012126,-0.737141,0.675611,0.167746,0.018639,0.139984,0.519026,-0.288650,-0.059139,-0.297053,-0.010547,-0.375313,0.303935,-0.034080,-0.093896,-0.111967,0.046501,0.074161,0.053631,0.257577,-0.250144,1.037852,-0.096554,-0.013395,0.115804,0.180942,-0.288248,0.413127,0.961149,0.224358,0.176700,-0.067944
-0.063597,6.411291,0.764235,-0.003212,0.011374,-0.737115,0.675664,0.177387,0.011852,0.151446,0.481380,-0.306493,-0.042554,-0.312201,-0.016832,-0.374109,0.308522,-0.023715,-0.096420,-0.112832,0.042411,0.075845,0.048603,0.257016,-0.253124,1.040744,-0.095217,-0.013131,0.115866,0.178639,-0.285871,0.411650,0.962115,0.224043,0.176537,-0.069574
-0.062187,6.418517,0.763442,-0.000620,0.010277,-0.737182,0.675616,0.185744,0.002188,0.160362,0.442164,-0.318678,-0.029793,-0.328506,-0.024711,-0.371603,0.313012,-0.012481,-0.098526,-0.113228,0.036907,0.077316,0.042825,0.256491,-0.256515,1.044084,-0.093786,-0.013016,0.116026,0.176037,-0.283381,0.410188,0.962678,0.223175,0.176233,-0.069900
-0.060806,6.425625,0.762798,0.002480,0.008924,-0.737286,0.675518,0.193558,-0.009666,0.168068,0.400834,-0.326443,-0.020770,-0.345512,-0.033659,-0.368184,0.317026,-0.000324,-0.100506,-0.113308,0.030392,0.078765,0.036381,0.255977,-0.260262,1.047808,-0.092248,-0.012997,0.116223,0.173209,-0.280793,0.408654,0.962872,0.221959,0.175799,-0.069374
-0.059443,6.432634,0.762308,0.005582,0.007492,-0.737366,0.675428,0.201198,-0.022354,0.174553,0.358809,-0.330486,-0.013512,-0.361516,-0.042347,-0.364429,0.318785,0.013521,-0.101669,-0.113242,0.023764,0.080297,0.029924,0.255382,-0.264019,1.051679,-0.090566,-0.012934,0.116531,0.170451,-0.278151,0.407192,0.962923,0.220612,0.175506,-0.068356
-0.057965,6.439639,0.761906,0.008202,0.006123,-0.737382,0.675398,0.208753,-0.034385,0.179768,0.318138,-0.331919,-0.005831,-0.374859,-0.049590,-0.360851,0.316719,0.029712,-0.101281,-0.113192,0.017871,0.082024,0.024139,0.254578,-0.267403,1.055451,-0.088687,-0.012695,0.117031,0.168097,-0.275491,0.405985,0.963027,0.219363,0.175622,-0.067199
-0.056642,6.446384,0.761616,0.010180,0.004804,-0.737316,0.675454,0.215721,-0.045173,0.183460,0.280262,-0.330964,0.003435,-0.385480,-0.055432,-0.358252,0.311358,0.048644,-0.101472,-0.113198,0.012966,0.084150,0.018926,0.253476,-0.270563,1.059302,-0.086279,-0.012113,0.117896,0.166178,-0.272863,0.405106,0.963235,0.218245,0.176439,-0.065765
-0.055169,6.453351,0.761392,0.011782,0.003486,-0.737208,0.675554,0.221961,-0.055328,0.185847,0.244403,-0.327378,0.013137,-0.394193,-0.060440,-0.356137,0.303398,0.069800,-0.101833,-0.113162,0.008667,0.086546,0.013988,0.252059,-0.273586,1.063340,-0.083439,-0.011308,0.119049,0.164572,-0.270290,0.404470,0.963404,0.217156,0.177745,-0.063943
-0.053849,6.460111,0.761320,0.013186,0.002198,-0.737094,0.675658,0.227651,-0.065064,0.187484,0.210011,-0.321858,0.022263,-0.400642,-0.064348,-0.352908,0.291601,0.092427,-0.097773,-0.113060,0.004704,0.088855,0.009660,0.250358,-0.276010,1.067258,-0.080788,-0.010586,0.120205,0.163259,-0.267779,0.404024,0.963546,0.216125,0.179052,-0.062136
-0.052751,6.466750,0.761271,0.014548,0.000967,-0.736980,0.675758,0.233024,-0.074502,0.188747,0.176551,-0.315045,0.029830,-0.404123,-0.066741,-0.346924,0.274072,0.115991,-0.084654,-0.112997,0.000838,0.090770,0.006301,0.248429,-0.277332,1.070706,-0.078951,-0.010249,0.121065,0.162216,-0.265303,0.403764,0.963648,0.215205,0.179867,-0.060739
-0.051836,6.473148,0.761266,0.015880,-0.000291,-0.736814,0.675908,0.238460,-0.083612,0.189440,0.143430,-0.306631,0.035630,-0.402747,-0.067175,-0.338105,0.246357,0.142396,-0.058517,-0.113068,-0.003171,0.092277,0.004100,0.246283,-0.277189,1.073592,-0.078306,-0.010535,0.121625,0.161607,-0.262847,0.403904,0.963622,0.214422,0.179952,-0.059850
-0.050778,6.479565,0.761188,0.017173,-0.001771,-0.736513,0.676203,0.235636,-0.090849,0.189809,0.128834,-0.305690,0.040379,-0.396871,-0.066537,-0.326888,0.210149,0.171195,-0.022606,-0.113530,-0.007576,0.093656,0.002866,0.243946,-0.275888,1.076067,-0.078452,-0.011227,0.121998,0.161408,-0.260391,0.404432,0.963465,0.213760,0.179609,-0.059262
-0.049819,6.485892,0.761067,0.018499,-0.003504,-0.736063,0.676651,0.227341,-0.097089,0.189769,0.126594,-0.309147,0.044578,-0.389424,-0.066228,-0.312642,0.173287,0.198209,0.016860,-0.114561,-0.012441,0.094989,0.002414,0.241530,-0.273962,1.078135,-0.078806,-0.011952,0.122079,0.161278,-0.257944,0.404936,0.963401,0.213188,0.179163,-0.058942
-0.048673,6.492539,0.760813,0.019800,-0.005260,-0.735583,0.677125,0.218889,-0.103244,0.189332,0.124829,-0.310914,0.048570,-0.383945,-0.066897,-0.295065,0.144408,0.219103,0.053547,-0.115954,-0.017225,0.096289,0.002614,0.239145,-0.271952,1.079731,-0.078801,-0.012334,0.121757,0.160919,-0.255494,0.404966,0.963584,0.212639,0.178939,-0.058831
-0.047548,6.499019,0.760591,0.021212,-0.007081,-0.735108,0.677581,0.209908,-0.109734,0.188528,0.123988,-0.311001,0.052388,-0.380786,-0.068546,-0.272712,0.123160,0.234187,0.089847,-0.117609,-0.022203,0.097512,0.003534,0.236852,-0.269568,1.080473,-0.078310,-0.012152,0.120697,0.160196,-0.252989,0.404277,0.963952,0.212173,0.179053,-0.058946
-0.046609,6.505259,0.760563,0.022777,-0.009069,-0.734711,0.677938,0.200647,-0.116658,0.187546,0.123693,-0.309231,0.055848,-0.378064,-0.070785,-0.246243,0.105397,0.245329,0.127723,-0.119227,-0.027658,0.098598,0.005248,0.234647,-0.266704,1.080455,-0.077659,-0.011644,0.119050,0.159270,-0.250408,0.403110,0.964479,0.211775,0.179310,-0.059300
-0.045755,6.511467,0.760840,0.024119,-0.010766,-0.734624,0.677960,0.191420,-0.122571,0.187313,0.123400,-0.305967,0.058772,-0.381471,-0.073804,-0.218475,0.105206,0.245292,0.160195,-0.120130,-0.032324,0.099526,0.007556,0.232507,-0.264150,1.080338,-0.076943,-0.011123,0.117444,0.158140,-0.247802,0.401775,0.965467,0.211319,0.179569,-0.059832
-0.045089,6.517405,0.761435,0.024941,-0.011816,-0.735106,0.677390,0.182253,-0.126281,0.188800,0.123185,-0.301914,0.061053,-0.384830,-0.074943,-0.192808,0.110539,0.241093,0.180278,-0.119544,-0.035179,0.100257,0.010200,0.230406,-0.262748,1.080845,-0.076279,-0.010909,0.116514,0.156842,-0.245279,0.400548,0.967195,0.210687,0.179687,-0.060477
-0.044365,6.523353,0.762232,0.025260,-0.012114,-0.736296,0.676080,0.172933,-0.127603,0.192332,0.123041,-0.296653,0.062793,-0.399428,-0.075779,-0.167153,0.145303,0.220389,0.183588,-0.117090,-0.035973,0.100738,0.013073,0.228321,-0.263005,1.082151,-0.075857,-0.011252,0.116484,0.155298,-0.242895,0.399283,0.969911,0.209920,0.179590,-0.061368
-0.043498,6.529405,0.763177,0.025304,-0.011995,-0.737935,0.674291,0.163585,-0.127554,0.197008,0.122890,-0.289970,0.064130,-0.418546,-0.075565,-0.140953,0.194164,0.191304,0.174798,-0.113472,-0.035563,0.100989,0.016270,0.226261,-0.264439,1.083935,-0.075574,-0.011927,0.116998,0.153618,-0.240659,0.397856,0.973304,0.209060,0.179381,-0.062483
-0.042821,6.535274,0.764207,0.025087,-0.011792,-0.739666,0.672403,0.154749,-0.126754,0.201891,0.122776,-0.282868,0.064946,-0.437790,-0.074892,-0.117499,0.248647,0.158636,0.160662,-0.109643,-0.034659,0.101165,0.019922,0.224254,-0.266332,1.086063,-0.075088,-0.012515,0.117805,0.152153,-0.238567,0.396639,0.976735,0.207991,0.179186,-0.063510
-0.042341,6.540823,0.765353,0.024527,-0.011642,-0.741246,0.670684,0.146913,-0.125303,0.206346,0.122650,-0.276369,0.065009,-0.453688,-0.074369,-0.100238,0.302234,0.126209,0.147751,-0.106277,-0.033540,0.101376,0.024126,0.222318,-0.267917,1.088475,-0.074049,-0.012657,0.118662,0.151130,-0.236658,0.396004,0.979668,0.206595,0.179115,-0.064139
-0.041991,6.546176,0.766467,0.023405,-0.011468,-0.742733,0.669080,0.140358,-0.122652,0.210458,0.122536,-0.270623,0.064080,-0.465432,-0.074336,-0.091118,0.354802,0.093450,0.136652,-0.103362,-0.031811,0.101757,0.029121,0.220429,-0.269179,1.091225,-0.072288,-0.012081,0.119816,0.150586,-0.234932,0.396198,0.982255,0.204505,0.179307,-0.064288
-0.041703,6.551422,0.767551,0.021800,-0.011266,-0.744197,0.667510,0.134886,-0.118926,0.214377,0.122433,-0.265134,0.062349,-0.474744,-0.075096,-0.087734,0.409505,0.058577,0.124164,-0.100710,-0.029495,0.102286,0.034800,0.218595,-0.270402,1.094315,-0.070011,-0.011045,0.121290,0.150376,-0.233395,0.397031,0.984701,0.201910,0.179668,-0.064127
-0.041462,6.556692,0.768579,0.020024,-0.011069,-0.745518,0.666093,0.129919,-0.114772,0.217924,0.122331,-0.259893,0.060127,-0.482271,-0.076783,-0.087279,0.465094,0.023516,0.111055,-0.098407,-0.027057,0.102740,0.040857,0.216852,-0.271280,1.097406,-0.067428,-0.009916,0.122493,0.150510,-0.232065,0.398219,0.986487,0.199551,0.179953,-0.063704
-0.041221,6.561923,0.769581,0.018389,-0.010892,-0.746590,0.664941,0.124832,-0.110801,0.220943,0.122207,-0.254872,0.057716,-0.488754,-0.079252,-0.087095,0.520359,-0.009769,0.098099,-0.096530,-0.024942,0.102878,0.047004,0.215249,-0.271476,1.100138,-0.064737,-0.009068,0.122833,0.150966,-0.230999,0.399478,0.987098,0.198168,0.179921,-0.063066
-0.041145,6.567120,0.770621,0.016906,-0.010663,-0.747411,0.664061,0.119505,-0.106885,0.223454,0.122101,-0.250073,0.055355,-0.494595,-0.082259,-0.086996,0.576027,-0.041324,0.085060,-0.095092,-0.023076,0.102652,0.053310,0.213827,-0.270873,1.102455,-0.061599,-0.008535,0.121948,0.151855,-0.230233,0.400799,0.986109,0.197947,0.179450,-0.062128
-0.041082,6.572100,0.771549,0.015417,-0.010356,-0.748054,0.663377,0.114214,-0.102689,0.225573,0.121997,-0.245504,0.052806,-0.499312,-0.085912,-0.088193,0.632427,-0.072070,0.071591,-0.094021,-0.021188,0.102141,0.059831,0.212471,-0.269617,1.104620,-0.058001,-0.008152,0.120247,0.153062,-0.229735,0.402320,0.984005,0.198493,0.178682,-0.060919
-0.041014,6.577092,0.772356,0.014006,-0.010050,-0.748523,0.662885,0.108910,-0.098548,0.227312,0.121896,-0.241233,0.049642,-0.502555,-0.090386,-0.090255,0.687936,-0.101275,0.058340,-0.093177,-0.019470,0.101371,0.066492,0.211271,-0.267914,1.106324,-0.054791,-0.007966,0.118182,0.154584,-0.229551,0.403964,0.981087,0.199725,0.177814,-0.059551
-0.040967,6.582135,0.773061,0.012760,-0.009832,-0.748827,0.662570,0.103532,-0.094803,0.228702,0.121760,-0.237288,0.045443,-0.504031,-0.095773,-0.092837,0.741040,-0.128222,0.045999,-0.092359,-0.018162,0.100343,0.073211,0.210390,-0.266050,1.107280,-0.052854,-0.008008,0.116208,0.156414,-0.229666,0.405575,0.977719,0.201509,0.177040,-0.058158
-0.040995,6.587157,0.773696,0.011733,-0.009653,-0.748909,0.662499,0.097885,-0.091464,0.229644,0.121602,-0.233824,0.039864,-0.504031,-0.102096,-0.096328,0.792198,-0.152824,0.034258,-0.091804,-0.017234,0.098923,0.079961,0.209638,-0.263584,1.107415,-0.052546,-0.008496,0.114136,0.158428,-0.230132,0.407327,0.973772,0.204377,0.176330,-0.056638
-0.041044,6.592018,0.774254,0.010869,-0.009481,-0.748800,0.662639,0.092038,-0.088359,0.230213,0.121432,-0.230792,0.033182,-0.502588,-0.109152,-0.100886,0.842067,-0.175447,0.022938,-0.091443,-0.016580,0.097177,0.086806,0.209062,-0.260594,1.106822,-0.053388,-0.009331,0.111807,0.160746,-0.231001,0.409178,0.969012,0.208205,0.175617,-0.054937
-0.041052,6.596713,0.774693,0.010079,-0.009419,-0.748629,0.662845,0.086371,-0.085535,0.230691,0.121239,-0.227990,0.025904,-0.499150,-0.116669,-0.105900,0.889623,-0.196132,0.012945,-0.090998,-0.016166,0.095273,0.093733,0.208680,-0.257668,1.105808,-0.054754,-0.010112,0.109843,0.163284,-0.232244,0.411122,0.964146,0.212000,0.175024,-0.053381
-0.041124,6.601349,0.775021,0.009273,-0.009565,-0.748530,0.662968,0.081236,-0.083025,0.231350,0.121038,-0.225199,0.018557,-0.493179,-0.124405,-0.110762,0.933811,-0.214902,0.005187,-0.090166,-0.015956,0.093378,0.100671,0.208499,-0.255426,1.104761,-0.056034,-0.010457,0.108879,0.165922,-0.233763,0.413119,0.959961,0.214753,0.174649,-0.052304
-0.041291,6.605898,0.775300,0.008432,-0.009938,-0.748499,0.663008,0.076729,-0.080848,0.232202,0.120808,-0.222433,0.010861,-0.484609,-0.132204,-0.115285,0.974918,-0.231272,0.000581,-0.088855,-0.016035,0.091438,0.107476,0.208554,-0.254227,1.103793,-0.057320,-0.010060,0.109459,0.168548,-0.235318,0.415139,0.956811,0.216048,0.174492,-0.051841
-0.041398,6.610373,0.775509,0.007604,-0.010485,-0.748484,0.663027,0.072640,-0.078976,0.233143,0.120554,-0.219792,0.002678,-0.473704,-0.140156,-0.119980,1.013402,-0.245433,-0.001565,-0.087282,-0.016373,0.089413,0.114313,0.208866,-0.253609,1.102591,-0.058853,-0.009196,0.111087,0.171299,-0.237183,0.417284,0.954102,0.216523,0.174518,-0.051781
-0.041513,6.614741,0.775669,0.006784,-0.011182,-0.748532,0.662970,0.068906,-0.077355,0.234224,0.120307,-0.217172,-0.005251,-0.460588,-0.148462,-0.125211,1.048782,-0.258491,-0.002774,-0.085291,-0.016886,0.087360,0.121152,0.209376,-0.253325,1.101433,-0.060251,-0.008350,0.112988,0.174070,-0.239142,0.419318,0.952027,0.216475,0.174686,-0.052063
-0.041689,6.618978,0.775796,0.005959,-0.011993,-0.748690,0.662785,0.065490,-0.075945,0.235496,0.120061,-0.214435,-0.012177,-0.445361,-0.157374,-0.131272,1.080471,-0.271538,-0.004574,-0.082764,-0.017535,0.085262,0.127907,0.209935,-0.253066,1.100764,-0.061079,-0.008020,0.114438,0.176523,-0.240820,0.421050,0.951150,0.216189,0.174917,-0.052686
-0.041886,6.623168,0.775926,0.005117,-0.013003,-0.748983,0.662441,0.062554,-0.074834,0.237053,0.119831,-0.211512,-0.017812,-0.427597,-0.167672,-0.138913,1.108724,-0.285115,-0.007447,-0.079826,-0.018274,0.083389,0.134952,0.210755,-0.252805,1.100120,-0.061041,-0.008423,0.115059,0.179155,-0.242943,0.422620,0.950637,0.215779,0.175385,-0.053588
-0.042037,6.627331,0.776023,0.004256,-0.014190,-0.749379,0.661976,0.060072,-0.074013,0.238831,0.119599,-0.208462,-0.022579,-0.407353,-0.178997,-0.147774,1.133760,-0.298586,-0.010546,-0.076381,-0.019158,0.081585,0.141987,0.211703,-0.252802,1.099780,-0.060400,-0.009283,0.115388,0.181770,-0.245153,0.423914,0.950923,0.214978,0.176024,-0.054850
-0.042295,6.631418,0.776115,0.003422,-0.015398,-0.749841,0.661430,0.057673,-0.073267,0.240642,0.119372,-0.205358,-0.026800,-0.385614,-0.189851,-0.156461,1.154916,-0.311168,-0.013390,-0.072572,-0.020080,0.079643,0.149009,0.212676,-0.252557,1.099615,-0.059690,-0.010262,0.115591,0.184159,-0.247274,0.425127,0.951991,0.214091,0.176663,-0.056316
-0.042555,6.635436,0.776215,0.002675,-0.016488,-0.750336,0.660846,0.054953,-0.072378,0.242319,0.119169,-0.202251,-0.030758,-0.363408,-0.198700,-0.163604,1.171521,-0.322083,-0.015495,-0.068574,-0.020918,0.077459,0.156146,0.213664,-0.251499,1.099251,-0.059459,-0.011019,0.115750,0.186324,-0.249470,0.426486,0.953392,0.213504,0.177163,-0.057764
-0.042901,6.639431,0.776321,0.001985,-0.017385,-0.750908,0.660175,0.051930,-0.071182,0.243876,0.118987,-0.199318,-0.034715,-0.340915,-0.205358,-0.169205,1.183886,-0.331248,-0.017352,-0.064210,-0.021510,0.074908,0.163415,0.214518,-0.249371,1.098764,-0.059883,-0.011571,0.115966,0.188111,-0.251634,0.428171,0.955549,0.213593,0.177427,-0.059408
-0.043266,6.643456,0.776445,0.001345,-0.018182,-0.751558,0.659415,0.048771,-0.069829,0.245384,0.118802,-0.196439,-0.038431,-0.317746,-0.210509,-0.173912,1.192258,-0.339004,-0.018987,-0.059516,-0.021942,0.072073,0.170786,0.215234,-0.246455,1.098258,-0.060644,-0.012034,0.116172,0.189560,-0.253789,0.430085,0.958502,0.214080,0.177547,-0.061278
-0.043633,6.647388,0.776577,0.000808,-0.018948,-0.752191,0.658672,0.045358,-0.068562,0.246736,0.118624,-0.193316,-0.041528,-0.294138,-0.213941,-0.177339,1.195947,-0.345243,-0.019246,-0.054861,-0.022456,0.069041,0.178081,0.215853,-0.243113,1.097882,-0.061493,-0.012342,0.116301,0.190724,-0.255870,0.431922,0.961756,0.214279,0.177642,-0.062952
-0.044089,6.651356,0.776699,0.000421,-0.019736,-0.752713,0.658053,0.041574,-0.067624,0.247830,0.118464,-0.189672,-0.043630,-0.270311,-0.215469,-0.179104,1.194226,-0.349848,-0.016982,-0.050697,-0.023274,0.065954,0.185285,0.216503,-0.239611,1.097532,-0.062201,-0.012401,0.116220,0.191802,-0.258013,0.433480,0.964511,0.213576,0.177864,-0.063964
-0.044545,6.655283,0.776792,0.000247,-0.020642,-0.753139,0.657537,0.037352,-0.067192,0.248703,0.118593,-0.185573,-0.044257,-0.246323,-0.214999,-0.178663,1.186967,-0.352763,-0.011790,-0.046880,-0.024607,0.062678,0.192334,0.217167,-0.236041,1.097433,-0.062765,-0.012136,0.115856,0.192593,-0.259892,0.434664,0.967244,0.211124,0.178271,-0.063998
-0.045083,6.659210,0.776913,0.000224,-0.021570,-0.753502,0.657091,0.032818,-0.067054,0.249366,0.118746,-0.181033,-0.043732,-0.222073,-0.212693,-0.176410,1.174568,-0.354127,-0.004403,-0.043419,-0.026229,0.059279,0.199518,0.217949,-0.232069,1.097183,-0.063299,-0.011598,0.115173,0.193255,-0.261845,0.435776,0.969711,0.207591,0.178817,-0.063296
-0.045645,6.663276,0.776955,0.000316,-0.022466,-0.753751,0.656776,0.027865,-0.067066,0.249807,0.118965,-0.176176,-0.042830,-0.197683,-0.209008,-0.173086,1.157355,-0.354207,0.004641,-0.040167,-0.028064,0.055850,0.206217,0.218708,-0.228268,1.097289,-0.063790,-0.010937,0.114588,0.193700,-0.263458,0.436290,0.972090,0.204066,0.179283,-0.062538
-0.046179,6.667388,0.776988,0.000543,-0.023322,-0.753837,0.656647,0.022414,-0.067184,0.250031,0.119232,-0.171094,-0.042342,-0.173221,-0.204470,-0.169368,1.135550,-0.353239,0.014828,-0.037493,-0.030135,0.052776,0.212653,0.219760,-0.224514,1.097065,-0.064223,-0.010249,0.114126,0.194407,-0.265420,0.436336,0.973089,0.202061,0.179598,-0.062173
-0.046687,6.671527,0.776979,0.000891,-0.024106,-0.753735,0.656736,0.016461,-0.067343,0.250003,0.119464,-0.165733,-0.042573,-0.148531,-0.198352,-0.164472,1.108247,-0.350900,0.027324,-0.035129,-0.032397,0.049882,0.218282,0.220882,-0.221318,1.097215,-0.064526,-0.009415,0.114109,0.195305,-0.267170,0.435219,0.973197,0.201652,0.179599,-0.062668
-0.047332,6.675803,0.776863,0.001371,-0.024844,-0.753473,0.657008,0.010022,-0.067607,0.249732,0.119770,-0.160100,-0.043083,-0.123582,-0.190880,-0.158195,1.075695,-0.347371,0.041773,-0.033117,-0.034899,0.047064,0.223304,0.222054,-0.218420,1.097678,-0.064714,-0.008426,0.114383,0.196147,-0.268616,0.433261,0.972813,0.202203,0.179377,-0.063661
-0.047911,6.680177,0.776647,0.002001,-0.025592,-0.753089,0.657418,0.003169,-0.068120,0.249284,0.120054,-0.154215,-0.043563,-0.098602,-0.183829,-0.152181,1.039647,-0.343410,0.055470,-0.031294,-0.037730,0.044558,0.227881,0.223516,-0.215772,1.098025,-0.065029,-0.007608,0.114689,0.197037,-0.270102,0.430855,0.971635,0.203534,0.179114,-0.064554
-0.048524,6.684607,0.776381,0.002786,-0.026397,-0.752617,0.657924,-0.004087,-0.069014,0.248729,0.120374,-0.148093,-0.043694,-0.073904,-0.178837,-0.148167,1.001896,-0.339642,0.065895,-0.029545,-0.040822,0.042246,0.231557,0.224626,-0.213398,1.099009,-0.065490,-0.007372,0.115226,0.197055,-0.271075,0.428447,0.971135,0.205265,0.178850,-0.065046
-0.049222,6.689119,0.776089,0.003675,-0.027267,-0.752029,0.658556,-0.011549,-0.070214,0.248028,0.120693,-0.142065,-0.043984,-0.049331,-0.176254,-0.147079,0.962338,-0.335637,0.071908,-0.027791,-0.044342,0.040631,0.235091,0.226509,-0.211322,1.099223,-0.066539,-0.007902,0.115476,0.197538,-0.272570,0.425689,0.969001,0.208036,0.178806,-0.064440
-0.049793,6.693734,0.775690,0.004678,-0.028176,-0.751318,0.659321,-0.019312,-0.071657,0.247169,0.121059,-0.136027,-0.044423,-0.024853,-0.175076,-0.147904,0.920299,-0.331181,0.075177,-0.026138,-0.048116,0.039376,0.238034,0.228488,-0.209609,1.099562,-0.067915,-0.009012,0.115830,0.197878,-0.274012,0.422557,0.966377,0.211705,0.178813,-0.063298
-0.050335,6.698499,0.775220,0.005892,-0.029109,-0.750555,0.660140,-0.027674,-0.073520,0.246241,0.121419,-0.129301,-0.043914,-0.000990,-0.174823,-0.149566,0.876580,-0.327223,0.077504,-0.024504,-0.052191,0.038369,0.240261,0.230471,-0.208065,1.100039,-0.069287,-0.010243,0.116138,0.197713,-0.275404,0.419636,0.963815,0.215372,0.178817,-0.062074
-0.050882,6.703479,0.774660,0.007413,-0.030043,-0.749805,0.660934,-0.036973,-0.075978,0.245349,0.121758,-0.121205,-0.041340,0.021745,-0.175083,-0.150988,0.831872,-0.324630,0.080629,-0.022810,-0.056597,0.037501,0.241675,0.232372,-0.206530,1.100647,-0.070356,-0.011135,0.116241,0.196774,-0.276789,0.417516,0.961730,0.218163,0.178767,-0.061212
-0.051496,6.708491,0.774093,0.009363,-0.031085,-0.749048,0.661720,-0.047340,-0.079489,0.244456,0.122100,-0.111220,-0.035427,0.043774,-0.176448,-0.152316,0.785390,-0.322430,0.085038,-0.021125,-0.061587,0.036670,0.242185,0.234084,-0.204950,1.101581,-0.070973,-0.011572,0.116018,0.194915,-0.278214,0.416527,0.960342,0.219884,0.178601,-0.060839
-0.052011,6.713694,0.773448,0.011640,-0.032175,-0.748250,0.662534,-0.058612,-0.083772,0.243556,0.122465,-0.099829,-0.027071,0.065181,-0.178757,-0.154140,0.736995,-0.320493,0.089926,-0.019529,-0.066989,0.035995,0.241942,0.235722,-0.203361,1.102644,-0.071333,-0.011790,0.115526,0.192455,-0.279803,0.416347,0.959100,0.221040,0.178386,-0.060671
-0.052389,6.718974,0.772686,0.014041,-0.033079,-0.747468,0.663325,-0.072735,-0.087349,0.242980,0.127366,-0.090290,-0.018446,0.084987,-0.180589,-0.155970,0.688271,-0.320984,0.094984,-0.017956,-0.072166,0.035535,0.240974,0.237186,-0.201778,1.103723,-0.071555,-0.011896,0.115091,0.189311,-0.281455,0.416572,0.958140,0.221700,0.178195,-0.060676
-0.052842,6.724462,0.771883,0.016376,-0.033587,-0.746769,0.664033,-0.090866,-0.089001,0.242997,0.139689,-0.085030,-0.011733,0.102327,-0.180679,-0.157191,0.640654,-0.326034,0.099830,-0.016306,-0.076580,0.035383,0.239361,0.238484,-0.200203,1.104600,-0.071791,-0.011984,0.114990,0.185495,-0.283101,0.416794,0.957443,0.221934,0.178111,-0.060794
-0.053309,6.730168,0.771031,0.018862,-0.033808,-0.746197,0.664599,-0.108568,-0.090457,0.243331,0.149207,-0.078440,-0.006415,0.117076,-0.179052,-0.156369,0.593048,-0.338264,0.105567,-0.014427,-0.080692,0.035298,0.236806,0.239355,-0.198928,1.105698,-0.071872,-0.012199,0.115591,0.180513,-0.284224,0.416857,0.957786,0.221371,0.178039,-0.061172
-0.053835,6.735945,0.770265,0.021535,-0.033820,-0.745719,0.665054,-0.126300,-0.091896,0.243959,0.156954,-0.070758,-0.001666,0.129841,-0.176463,-0.154219,0.544693,-0.355604,0.111896,-0.012460,-0.084771,0.035565,0.233938,0.240532,-0.197661,1.106007,-0.071939,-0.012361,0.116265,0.175232,-0.285791,0.417126,0.957588,0.220376,0.178092,-0.061554
-0.054416,6.741886,0.769501,0.023920,-0.033373,-0.745292,0.665473,-0.143370,-0.092157,0.244654,0.162672,-0.062535,0.000887,0.140765,-0.172656,-0.153174,0.497644,-0.373160,0.116368,-0.010364,-0.087729,0.036278,0.230405,0.241587,-0.196234,1.106234,-0.072166,-0.012373,0.116999,0.169470,-0.287352,0.417454,0.957573,0.219211,0.178272,-0.062032
-0.054972,6.748037,0.768775,0.025528,-0.032203,-0.744876,0.665936,-0.159047,-0.090073,0.245086,0.165982,-0.054296,-0.000416,0.149872,-0.167111,-0.155569,0.454228,-0.386177,0.116682,-0.008320,-0.088508,0.037614,0.226289,0.242377,-0.194162,1.106476,-0.072730,-0.012035,0.117602,0.163155,-0.288815,0.417977,0.958058,0.218329,0.178617,-0.062615
-0.055543,6.754244,0.768218,0.026237,-0.030087,-0.744485,0.666444,-0.173626,-0.084933,0.245067,0.167269,-0.046144,-0.006475,0.156724,-0.159389,-0.162823,0.415101,-0.393752,0.111643,-0.006329,-0.086645,0.039564,0.221477,0.242864,-0.191135,1.106666,-0.073907,-0.011088,0.117970,0.156097,-0.290118,0.418622,0.959222,0.217996,0.179302,-0.063297
-0.056261,6.760583,0.767801,0.026308,-0.027233,-0.744137,0.666953,-0.187315,-0.077498,0.244669,0.166571,-0.037828,-0.016287,0.161473,-0.149647,-0.173320,0.378929,-0.398321,0.102825,-0.004337,-0.082781,0.042045,0.216026,0.243106,-0.187399,1.106731,-0.075505,-0.009693,0.118231,0.148353,-0.291307,0.419410,0.960897,0.217929,0.180248,-0.064090
-0.056968,6.766945,0.767464,0.025778,-0.023987,-0.743791,0.667484,-0.199341,-0.068680,0.243945,0.163335,-0.029497,-0.028689,0.165095,-0.138246,-0.184849,0.345046,-0.400266,0.092125,-0.002572,-0.077444,0.045205,0.210360,0.243096,-0.183163,1.106680,-0.076978,-0.008325,0.118454,0.140308,-0.292721,0.420766,0.962574,0.217861,0.181153,-0.064955
-0.057768,6.773590,0.767252,0.024700,-0.020707,-0.743410,0.668059,-0.208956,-0.059394,0.243028,0.157053,-0.021327,-0.042501,0.168597,-0.125643,-0.195191,0.312743,-0.399888,0.081385,-0.000688,-0.071307,0.049056,0.204375,0.242882,-0.179399,1.107071,-0.077941,-0.007461,0.118906,0.132310,-0.293968,0.422430,0.964353,0.217185,0.181628,-0.065958
-0.058534,6.780190,0.767070,0.022932,-0.017456,-0.743046,0.668620,-0.214985,-0.049574,0.242063,0.146147,-0.012798,-0.058671,0.172837,-0.111527,-0.204461,0.280982,-0.396778,0.069971,0.001059,-0.064159,0.054003,0.198302,0.242313,-0.175619,1.108007,-0.077949,-0.007335,0.119720,0.124316,-0.295445,0.424948,0.966108,0.215681,0.181520,-0.067190
-0.059158,6.786810,0.766893,0.020504,-0.014065,-0.742704,0.669158,-0.217951,-0.038804,0.241042,0.131025,-0.003931,-0.077375,0.177116,-0.095846,-0.213581,0.250340,-0.390904,0.057248,0.002797,-0.055748,0.059870,0.191894,0.241323,-0.171794,1.109431,-0.077336,-0.007659,0.120812,0.116255,-0.297133,0.428059,0.967907,0.213613,0.181048,-0.068605
-0.059785,6.793492,0.766859,0.017732,-0.010556,-0.742288,0.669763,-0.221712,-0.027010,0.239973,0.118705,0.001935,-0.096288,0.180010,-0.079567,-0.221523,0.222792,-0.383260,0.045033,0.004467,-0.046690,0.065954,0.185296,0.240235,-0.168358,1.110656,-0.076732,-0.008101,0.121748,0.108333,-0.298790,0.431490,0.969444,0.211586,0.180483,-0.069932
-0.060590,6.800059,0.766942,0.014922,-0.006943,-0.741690,0.670541,-0.230941,-0.013946,0.238690,0.117901,0.000636,-0.113105,0.179929,-0.063695,-0.227309,0.200794,-0.374989,0.035119,0.005551,-0.037352,0.071644,0.178908,0.239016,-0.165182,1.110839,-0.076579,-0.008399,0.122066,0.100728,-0.300812,0.435498,0.970049,0.210478,0.180156,-0.070863
-0.061284,6.806587,0.766978,0.011917,-0.003064,-0.740812,0.671599,-0.240622,-0.000710,0.236117,0.117154,-0.001655,-0.127752,0.176109,-0.047927,-0.230106,0.185900,-0.365817,0.028236,0.006146,-0.027452,0.076996,0.172490,0.238022,-0.162726,1.109756,-0.077234,-0.008246,0.121450,0.093522,-0.302962,0.439936,0.969522,0.210584,0.180123,-0.071323
-0.061972,6.813273,0.767060,0.008571,0.001054,-0.739699,0.672883,-0.250279,0.013063,0.232495,0.116466,-0.005192,-0.141247,0.169400,-0.031917,-0.230794,0.177153,-0.355622,0.023218,0.006332,-0.016901,0.082341,0.166024,0.237302,-0.160858,1.107782,-0.078403,-0.007867,0.120157,0.086573,-0.305104,0.444768,0.968266,0.211432,0.180206,-0.071468
-0.062636,6.820012,0.767197,0.005210,0.005107,-0.738454,0.674264,-0.259551,0.026735,0.229407,0.115731,-0.009739,-0.152844,0.160681,-0.016648,-0.230997,0.173107,-0.345780,0.019029,0.006160,-0.006495,0.087534,0.159962,0.236713,-0.159283,1.104930,-0.079796,-0.007641,0.118585,0.080110,-0.307378,0.449641,0.966347,0.212491,0.180371,-0.071304
-0.063264,6.826677,0.767336,0.002186,0.008790,-0.737200,0.675614,-0.268308,0.039641,0.228526,0.115173,-0.015185,-0.161846,0.150790,-0.003107,-0.232288,0.172092,-0.337547,0.014689,0.005920,0.002856,0.092333,0.154600,0.236222,-0.157949,1.101414,-0.081179,-0.008001,0.117154,0.074376,-0.309713,0.453977,0.963997,0.213125,0.180541,-0.070857
-0.063843,6.833253,0.767484,-0.000534,0.012317,-0.736013,0.676855,-0.277236,0.052305,0.230715,0.114681,-0.022462,-0.168275,0.138880,0.008950,-0.234902,0.175015,-0.331232,0.010191,0.005901,0.011528,0.096465,0.150074,0.235738,-0.156674,1.096985,-0.082469,-0.009223,0.115931,0.069294,-0.312043,0.457630,0.961269,0.212996,0.180773,-0.070020
-0.064325,6.839723,0.767490,-0.003127,0.015788,-0.734802,0.678091,-0.286267,0.064873,0.234909,0.114249,-0.031235,-0.172540,0.124773,0.019918,-0.238160,0.182391,-0.326267,0.005929,0.005776,0.020006,0.100160,0.146223,0.235156,-0.155475,1.091625,-0.083761,-0.011042,0.114717,0.064892,-0.314681,0.460987,0.957809,0.212568,0.181102,-0.068793
-0.064884,6.846102,0.767500,-0.005424,0.018747,-0.733468,0.679443,-0.294124,0.076070,0.240008,0.113982,-0.039304,-0.174545,0.110100,0.029046,-0.242165,0.192104,-0.322490,0.001578,0.005315,0.027167,0.103690,0.142681,0.234806,-0.154987,1.086065,-0.085207,-0.012965,0.113609,0.061013,-0.316999,0.463843,0.954423,0.212048,0.181324,-0.067496
-0.065425,6.852217,0.767670,-0.007227,0.020740,-0.731925,0.681031,-0.299578,0.084601,0.244995,0.114032,-0.044521,-0.174109,0.096711,0.035610,-0.246938,0.201466,-0.319496,-0.003167,0.004031,0.032019,0.107452,0.139391,0.234898,-0.155486,1.080646,-0.086890,-0.014499,0.112590,0.057905,-0.319170,0.466333,0.950991,0.211932,0.181327,-0.066340
-0.065962,6.858086,0.767923,-0.008568,0.021447,-0.730142,0.682905,-0.302087,0.090269,0.251333,0.114338,-0.046568,-0.170696,0.085604,0.039253,-0.252548,0.209664,-0.317303,-0.008701,0.001884,0.033879,0.111847,0.136401,0.235628,-0.157124,1.075259,-0.089278,-0.015475,0.111602,0.055430,-0.320788,0.468352,0.947707,0.212168,0.180952,-0.065242
-0.066501,6.863951,0.768363,-0.009489,0.021190,-0.728182,0.684990,-0.302451,0.093682,0.259097,0.114893,-0.046605,-0.164509,0.075619,0.040386,-0.258867,0.217954,-0.315961,-0.014742,-0.000728,0.033235,0.116708,0.133990,0.237463,-0.159836,1.069140,-0.092428,-0.016080,0.110361,0.054238,-0.322503,0.469755,0.943357,0.212757,0.180379,-0.063969
-0.067192,6.869728,0.768870,-0.009798,0.020464,-0.726098,0.687216,-0.301382,0.094740,0.265199,0.115783,-0.044589,-0.156388,0.065367,0.039399,-0.265568,0.226835,-0.315123,-0.020548,-0.003668,0.030763,0.120888,0.131654,0.239864,-0.163586,1.063482,-0.095251,-0.016600,0.109307,0.053445,-0.323483,0.470557,0.939773,0.213451,0.179694,-0.063056
-0.067841,6.875394,0.769509,-0.009297,0.019766,-0.723944,0.689513,-0.299646,0.093379,0.266523,0.117196,-0.040469,-0.147197,0.053516,0.036700,-0.272314,0.236651,-0.314433,-0.025386,-0.006724,0.027124,0.123495,0.129149,0.242790,-0.168420,1.058838,-0.096900,-0.017253,0.108589,0.053038,-0.323805,0.470723,0.937297,0.214298,0.179097,-0.062844
-0.068377,6.880870,0.770225,-0.007762,0.019220,-0.721696,0.691900,-0.297840,0.089243,0.261344,0.119342,-0.033652,-0.136541,0.039373,0.031998,-0.279133,0.247666,-0.313734,-0.028903,-0.010002,0.022279,0.124032,0.126316,0.246362,-0.175111,1.055412,-0.096942,-0.018234,0.108369,0.052962,-0.323392,0.470074,0.936171,0.215721,0.178543,-0.063683
-0.068960,6.886201,0.770984,-0.005461,0.018641,-0.719373,0.694352,-0.304235,0.085216,0.250761,0.141455,-0.034476,-0.124393,0.024037,0.025541,-0.285968,0.259141,-0.312961,-0.031572,-0.013482,0.016245,0.123071,0.123296,0.250471,-0.183360,1.052919,-0.095872,-0.019382,0.108559,0.053182,-0.322259,0.468728,0.936253,0.217561,0.177954,-0.065308
-0.069522,6.891544,0.771722,-0.003004,0.018093,-0.717104,0.696725,-0.327328,0.084802,0.236318,0.203699,-0.054693,-0.112177,0.008876,0.018733,-0.292399,0.269947,-0.311752,-0.033948,-0.016638,0.009887,0.121438,0.120294,0.254883,-0.191737,1.051104,-0.094325,-0.020391,0.108879,0.053898,-0.320519,0.466928,0.937101,0.218939,0.177486,-0.067109
-0.070068,6.896694,0.772413,-0.000950,0.017577,-0.715009,0.698893,-0.347110,0.084191,0.222026,0.264344,-0.073484,-0.100964,-0.004894,0.012795,-0.298106,0.279313,-0.309954,-0.036567,-0.019085,0.003944,0.119955,0.117549,0.259228,-0.198691,1.049780,-0.092865,-0.020968,0.109098,0.055211,-0.318379,0.465025,0.938376,0.218976,0.177293,-0.068499
-0.070619,6.901716,0.773052,0.000637,0.017049,-0.713077,0.700879,-0.364618,0.083772,0.207090,0.326482,-0.092224,-0.090954,-0.017055,0.007833,-0.303121,0.287240,-0.307632,-0.039410,-0.020854,-0.001468,0.118730,0.114939,0.263300,-0.204011,1.049269,-0.091258,-0.020978,0.109241,0.057295,-0.315928,0.462967,0.940180,0.217149,0.177568,-0.069570
-0.071014,6.906530,0.773642,0.001919,0.016541,-0.711288,0.702704,-0.380877,0.083295,0.190581,0.391615,-0.111293,-0.081604,-0.027996,0.003580,-0.307582,0.293831,-0.304735,-0.042289,-0.022116,-0.006408,0.117487,0.112381,0.267093,-0.208362,1.049650,-0.089257,-0.020617,0.109458,0.060039,-0.313218,0.460715,0.942602,0.214048,0.178192,-0.070556
-0.071391,6.911266,0.774198,0.002900,0.016046,-0.709704,0.704311,-0.394681,0.082924,0.174607,0.456571,-0.130112,-0.072682,-0.037837,0.000016,-0.311451,0.299142,-0.301321,-0.045368,-0.022835,-0.010872,0.116357,0.110204,0.270529,-0.211437,1.050335,-0.087351,-0.020085,0.109695,0.063083,-0.310442,0.458661,0.945200,0.210538,0.178872,-0.071086
-0.071677,6.915891,0.774761,0.003626,0.015547,-0.708373,0.705657,-0.405090,0.082980,0.161237,0.518810,-0.148375,-0.063868,-0.046886,-0.003045,-0.314693,0.303563,-0.297535,-0.048784,-0.023081,-0.014898,0.115442,0.108755,0.273478,-0.212887,1.050726,-0.086037,-0.019593,0.109897,0.066112,-0.307869,0.457267,0.947456,0.207512,0.179310,-0.070795
-0.071821,6.920328,0.775325,0.004172,0.014953,-0.707332,0.706711,-0.412043,0.083774,0.151275,0.578721,-0.166733,-0.055073,-0.055272,-0.005930,-0.317217,0.307426,-0.293621,-0.052787,-0.022674,-0.018671,0.114801,0.108096,0.275755,-0.212060,1.050700,-0.085336,-0.019107,0.110113,0.069284,-0.305707,0.456594,0.949028,0.205098,0.179472,-0.069195
-0.071917,6.924813,0.775873,0.004597,0.014251,-0.706521,0.707534,-0.416240,0.085290,0.143409,0.637848,-0.185431,-0.046224,-0.063175,-0.008787,-0.319118,0.310985,-0.289634,-0.057189,-0.021775,-0.022218,0.114325,0.108000,0.277316,-0.209270,1.050634,-0.084983,-0.018563,0.110365,0.072796,-0.304017,0.456479,0.950045,0.202925,0.179521,-0.066601
-0.071984,6.929281,0.776385,0.004920,0.013538,-0.705848,0.708217,-0.417870,0.087338,0.136567,0.695363,-0.203621,-0.037070,-0.070498,-0.011414,-0.320638,0.313758,-0.285326,-0.061431,-0.020890,-0.025348,0.113844,0.108389,0.278279,-0.205639,1.050643,-0.085010,-0.018114,0.110573,0.076474,-0.302869,0.456928,0.950649,0.201093,0.179461,-0.063840
-0.072003,6.933666,0.776850,0.005143,0.012917,-0.705224,0.708848,-0.417094,0.089534,0.129778,0.750283,-0.220321,-0.027484,-0.077315,-0.013617,-0.322013,0.315534,-0.280451,-0.064973,-0.020355,-0.027817,0.113225,0.109046,0.278778,-0.202498,1.050907,-0.085498,-0.017909,0.110660,0.080297,-0.302357,0.457737,0.950839,0.199655,0.179306,-0.061717
-0.071979,6.937976,0.777319,0.005260,0.012370,-0.704642,0.709436,-0.414057,0.091692,0.122966,0.803552,-0.235351,-0.016104,-0.083451,-0.015348,-0.323219,0.315945,-0.274755,-0.067424,-0.020634,-0.029907,0.112510,0.110707,0.279231,-0.199136,1.050745,-0.086902,-0.018020,0.110303,0.083731,-0.302122,0.459610,0.950909,0.198936,0.178904,-0.060480
-0.071758,6.942167,0.777787,0.005283,0.011852,-0.704140,0.709943,-0.408677,0.093962,0.116630,0.855399,-0.249233,-0.003491,-0.088991,-0.016762,-0.324162,0.315296,-0.268449,-0.069140,-0.021250,-0.031663,0.111743,0.113087,0.279513,-0.195451,1.050366,-0.089134,-0.018348,0.109649,0.087146,-0.302305,0.462185,0.950604,0.198765,0.178306,-0.059661
-0.071528,6.946290,0.778204,0.005264,0.011414,-0.703693,0.710393,-0.400837,0.096317,0.110789,0.903866,-0.262068,0.007505,-0.094390,-0.017996,-0.324966,0.314425,-0.262061,-0.070707,-0.021723,-0.033063,0.110747,0.115336,0.279631,-0.192799,1.050499,-0.091310,-0.018737,0.109091,0.090876,-0.302667,0.464409,0.950194,0.198483,0.177738,-0.059111
-0.071440,6.950388,0.778551,0.005266,0.011104,-0.703273,0.710814,-0.390503,0.098735,0.105488,0.947145,-0.274021,0.014030,-0.100162,-0.019209,-0.325775,0.314265,-0.256164,-0.072718,-0.022933,-0.034301,0.109495,0.118079,0.279843,-0.190689,1.050520,-0.092201,-0.018983,0.108695,0.094470,-0.303339,0.466942,0.949949,0.197979,0.177444,-0.058700
-0.071189,6.954482,0.778822,0.005309,0.010933,-0.702866,0.711219,-0.377510,0.100952,0.100616,0.985221,-0.285243,0.014287,-0.106426,-0.020484,-0.326708,0.315175,-0.251031,-0.075511,-0.024175,-0.035390,0.107780,0.120451,0.280193,-0.190553,1.051334,-0.091489,-0.019066,0.108677,0.098260,-0.304002,0.469007,0.950123,0.196603,0.177521,-0.058476
-0.071055,6.958486,0.779058,0.005377,0.010870,-0.702483,0.711597,-0.362023,0.103012,0.096333,1.019177,-0.295764,0.010100,-0.112960,-0.021760,-0.327676,0.316695,-0.246364,-0.078715,-0.025656,-0.036431,0.105862,0.123199,0.281090,-0.191655,1.051961,-0.089935,-0.019016,0.108653,0.102635,-0.305266,0.471085,0.949615,0.194964,0.177898,-0.058387
-0.070837,6.962460,0.779253,0.005473,0.010899,-0.702138,0.711937,-0.344633,0.105399,0.093052,1.049037,-0.305527,0.004070,-0.119686,-0.022952,-0.328508,0.318290,-0.241771,-0.081863,-0.027078,-0.037362,0.103750,0.125859,0.282111,-0.193661,1.052792,-0.088152,-0.018903,0.108791,0.107267,-0.306406,0.472285,0.949152,0.193214,0.178321,-0.058355
-0.070675,6.966429,0.779412,0.005595,0.011007,-0.701842,0.712225,-0.325854,0.108607,0.091125,1.074658,-0.314442,-0.001198,-0.126594,-0.023998,-0.329016,0.319666,-0.236907,-0.084476,-0.028624,-0.038186,0.101604,0.128763,0.283156,-0.195638,1.053303,-0.086795,-0.018747,0.109036,0.112017,-0.307386,0.472453,0.948658,0.191941,0.178610,-0.058245
-0.070483,6.970434,0.779482,0.005716,0.011174,-0.701587,0.712474,-0.305380,0.113350,0.091287,1.096250,-0.322138,-0.005308,-0.133548,-0.024830,-0.329182,0.320606,-0.231728,-0.086705,-0.030419,-0.038868,0.099513,0.131921,0.284190,-0.197635,1.053435,-0.085826,-0.018490,0.109526,0.116865,-0.308172,0.471376,0.948223,0.191267,0.178738,-0.058025
-0.070185,6.974404,0.779509,0.005842,0.011412,-0.701369,0.712683,-0.283093,0.119164,0.093137,1.113852,-0.328776,-0.009544,-0.140562,-0.025477,-0.329096,0.321305,-0.226405,-0.088709,-0.032325,-0.039442,0.097424,0.135278,0.285404,-0.200061,1.053268,-0.085023,-0.018123,0.110182,0.122035,-0.308886,0.469196,0.947598,0.190932,0.178808,-0.057743
-0.069849,6.978410,0.779515,0.006021,0.011758,-0.701214,0.712828,-0.259890,0.124721,0.095329,1.126972,-0.334900,-0.013833,-0.147953,-0.026035,-0.328729,0.322038,-0.220879,-0.090045,-0.034319,-0.039913,0.095168,0.138876,0.286611,-0.202325,1.052926,-0.084571,-0.017793,0.110781,0.127237,-0.309483,0.466481,0.946949,0.190889,0.178800,-0.057456
-0.069550,6.982390,0.779434,0.006307,0.012249,-0.701145,0.712886,-0.236694,0.128632,0.096545,1.135153,-0.341111,-0.018110,-0.156017,-0.026616,-0.328043,0.323086,-0.215130,-0.090252,-0.036276,-0.040296,0.092624,0.142754,0.287741,-0.203956,1.052424,-0.084718,-0.017631,0.111058,0.132432,-0.310083,0.463660,0.946102,0.191100,0.178716,-0.057187
-0.069153,6.986382,0.779244,0.006700,0.012922,-0.701232,0.712785,-0.213440,0.130735,0.096655,1.138571,-0.348239,-0.021762,-0.164544,-0.027014,-0.326883,0.323806,-0.208784,-0.088954,-0.038273,-0.040521,0.089567,0.147222,0.288505,-0.204358,1.051715,-0.085625,-0.017857,0.110953,0.137444,-0.310641,0.460987,0.945174,0.191668,0.178580,-0.056872
-0.068774,6.990366,0.779036,0.007177,0.013749,-0.701437,0.712563,-0.189780,0.131605,0.096339,1.137401,-0.355750,-0.024962,-0.173495,-0.027251,-0.325310,0.324332,-0.201982,-0.086469,-0.040173,-0.040585,0.086214,0.152127,0.289196,-0.204143,1.050677,-0.087241,-0.018324,0.110532,0.142770,-0.311381,0.457967,0.943638,0.192588,0.178424,-0.056441
-0.068263,6.994457,0.778657,0.007746,0.014671,-0.701625,0.712353,-0.166295,0.131019,0.095437,1.131305,-0.362239,-0.028907,-0.183282,-0.027735,-0.323598,0.325804,-0.195392,-0.083380,-0.042318,-0.040452,0.082820,0.156946,0.289708,-0.203710,1.049724,-0.088972,-0.018683,0.110014,0.147999,-0.312262,0.454882,0.942103,0.193699,0.178152,-0.056185
-0.067525,6.998584,0.778136,0.008417,0.015630,-0.701661,0.712290,-0.143500,0.128815,0.093734,1.119852,-0.366305,-0.034800,-0.194450,-0.028931,-0.322025,0.329671,-0.189752,-0.080248,-0.045043,-0.040117,0.079608,0.161161,0.289944,-0.203478,1.049307,-0.090219,-0.018590,0.109644,0.152579,-0.312974,0.452036,0.941400,0.194819,0.177646,-0.056429
-0.066844,7.002834,0.777664,0.009242,0.016648,-0.701494,0.712421,-0.121586,0.124103,0.090003,1.102502,-0.367454,-0.043939,-0.207573,-0.031073,-0.320378,0.336947,-0.185396,-0.076939,-0.048207,-0.039499,0.076734,0.164422,0.290068,-0.204023,1.049456,-0.091209,-0.017761,0.109341,0.156998,-0.313984,0.449079,0.940851,0.195860,0.176780,-0.057437
-0.065990,7.007146,0.777083,0.010189,0.017754,-0.701197,0.712674,-0.100268,0.117450,0.084563,1.079680,-0.366600,-0.055209,-0.222250,-0.033856,-0.318602,0.346691,-0.181886,-0.073177,-0.051912,-0.038634,0.073964,0.167178,0.289961,-0.204754,1.050021,-0.092044,-0.016456,0.109081,0.160955,-0.315008,0.446286,0.940809,0.196965,0.175611,-0.059065
-0.065032,7.011594,0.776334,0.011147,0.018908,-0.700817,0.713003,-0.079387,0.110857,0.079516,1.052471,-0.364455,-0.066283,-0.237376,-0.036895,-0.317226,0.357053,-0.178762,-0.069337,-0.055749,-0.037458,0.071381,0.169486,0.289651,-0.205618,1.050920,-0.092447,-0.015087,0.108906,0.164905,-0.316072,0.443224,0.940869,0.198116,0.174500,-0.060545
-0.064035,7.016112,0.775535,0.012023,0.020053,-0.700408,0.713360,-0.058812,0.106144,0.077087,1.021859,-0.361556,-0.074921,-0.251882,-0.039885,-0.316759,0.366245,-0.175555,-0.065868,-0.059473,-0.036109,0.069008,0.171621,0.289277,-0.206311,1.051943,-0.092082,-0.014050,0.108840,0.168989,-0.316933,0.439726,0.940996,0.199315,0.173772,-0.061180
-0.063101,7.020471,0.774630,0.012809,0.021167,-0.699929,0.713784,-0.038612,0.103692,0.077824,0.988248,-0.357969,-0.080875,-0.265329,-0.042856,-0.317821,0.373565,-0.172396,-0.062847,-0.062830,-0.034474,0.066908,0.173300,0.288777,-0.207218,1.053416,-0.090544,-0.013459,0.108942,0.174010,-0.317880,0.434851,0.940374,0.200602,0.173637,-0.060424
-0.062246,7.025119,0.773732,0.013562,0.022272,-0.699373,0.714281,-0.018823,0.102470,0.080582,0.951071,-0.353408,-0.085265,-0.278373,-0.046000,-0.319965,0.380124,-0.169472,-0.060107,-0.066112,-0.032665,0.065033,0.174639,0.288215,-0.208192,1.055215,-0.088095,-0.013089,0.109154,0.179423,-0.318767,0.429142,0.939521,0.201986,0.173859,-0.058803
-0.061050,7.029823,0.772575,0.014275,0.023383,-0.698837,0.714756,0.000699,0.102100,0.085117,0.909922,-0.347835,-0.088010,-0.291593,-0.049236,-0.322112,0.386890,-0.166429,-0.057759,-0.069127,-0.030676,0.063383,0.175701,0.287594,-0.209166,1.056949,-0.085633,-0.012868,0.109411,0.184737,-0.319581,0.423555,0.938898,0.203270,0.174236,-0.057003
-0.059906,7.034567,0.771370,0.014947,0.024515,-0.698419,0.715113,0.020151,0.102199,0.091190,0.864240,-0.341237,-0.089053,-0.305570,-0.052453,-0.323178,0.394810,-0.162912,-0.055885,-0.071647,-0.028429,0.061985,0.176435,0.286808,-0.210109,1.058317,-0.084032,-0.012732,0.109668,0.189571,-0.320462,0.418967,0.938805,0.204254,0.174580,-0.055687
-0.058746,7.039298,0.770212,0.015516,0.025650,-0.698208,0.715267,0.040049,0.103362,0.100260,0.811477,-0.331124,-0.087584,-0.320379,-0.055413,-0.322528,0.404196,-0.158714,-0.054546,-0.073589,-0.025907,0.060874,0.177121,0.285844,-0.210713,1.059081,-0.083658,-0.012728,0.109947,0.193641,-0.321416,0.416085,0.939664,0.205016,0.174908,-0.054965
-0.057538,7.044184,0.769044,0.016026,0.026763,-0.698137,0.715284,0.060174,0.105285,0.112129,0.752859,-0.318508,-0.084067,-0.335771,-0.058286,-0.320800,0.414583,-0.154086,-0.053659,-0.075101,-0.023229,0.060036,0.177695,0.284750,-0.211052,1.059445,-0.083996,-0.012875,0.110257,0.197181,-0.322396,0.414326,0.941199,0.205627,0.175295,-0.054508
-0.056128,7.049102,0.767868,0.016623,0.027851,-0.698073,0.715292,0.079594,0.106280,0.123956,0.693207,-0.308396,-0.080335,-0.351719,-0.061540,-0.318830,0.425515,-0.149234,-0.053089,-0.076523,-0.020497,0.059389,0.177868,0.283473,-0.211378,1.059602,-0.084504,-0.013042,0.110521,0.200362,-0.323472,0.412930,0.942870,0.205977,0.175643,-0.054354
-0.054569,7.054059,0.766666,0.017429,0.028942,-0.697871,0.715426,0.097330,0.104853,0.132705,0.637072,-0.305571,-0.078160,-0.368308,-0.065631,-0.317500,0.436656,-0.144403,-0.052743,-0.078261,-0.017764,0.058834,0.177402,0.281994,-0.211917,1.059708,-0.084655,-0.013106,0.110651,0.203323,-0.324662,0.411189,0.944178,0.205947,0.175841,-0.054544
-0.052927,7.059282,0.765390,0.018453,0.030130,-0.697479,0.715733,0.114274,0.100148,0.136714,0.582421,-0.312111,-0.078722,-0.385815,-0.070697,-0.317218,0.448338,-0.139793,-0.052687,-0.080479,-0.014943,0.058215,0.176434,0.280499,-0.212805,1.059561,-0.084367,-0.012891,0.110556,0.205940,-0.325814,0.409120,0.945280,0.205055,0.175734,-0.055356
-0.051345,7.064758,0.763873,0.019606,0.031418,-0.696964,0.716149,0.130818,0.093223,0.137776,0.526972,-0.324652,-0.080969,-0.404082,-0.076393,-0.317531,0.460477,-0.135195,-0.052999,-0.082917,-0.011867,0.057621,0.174931,0.278854,-0.213991,1.059242,-0.083912,-0.012519,0.110329,0.208305,-0.327035,0.406926,0.946241,0.203490,0.175434,-0.056665
-0.049548,7.070268,0.762301,0.020849,0.032720,-0.696352,0.716651,0.145431,0.085620,0.137981,0.474532,-0.339585,-0.083276,-0.422336,-0.082359,-0.318098,0.471868,-0.130071,-0.053582,-0.085439,-0.008818,0.057311,0.172814,0.277211,-0.215229,1.058844,-0.083376,-0.012244,0.110002,0.210460,-0.328166,0.404397,0.946910,0.202161,0.175166,-0.057954
-0.047723,7.076053,0.760742,0.022159,0.033926,-0.695681,0.717207,0.156365,0.078770,0.139470,0.429495,-0.353722,-0.083957,-0.439805,-0.088285,-0.318524,0.481250,-0.123900,-0.054310,-0.087827,-0.006135,0.057532,0.169937,0.275709,-0.216361,1.058533,-0.082863,-0.012326,0.109626,0.212528,-0.329038,0.401247,0.947123,0.201947,0.175153,-0.058709
-0.046106,7.082087,0.759148,0.023576,0.035099,-0.694881,0.717881,0.161586,0.073354,0.142842,0.395848,-0.368086,-0.082325,-0.456726,-0.094222,-0.318872,0.488691,-0.116732,-0.055381,-0.090081,-0.003855,0.058328,0.166034,0.274459,-0.217327,1.058263,-0.082352,-0.012969,0.108968,0.214557,-0.329480,0.396899,0.946707,0.203505,0.175454,-0.058591
-0.044374,7.088156,0.757744,0.025095,0.036270,-0.693956,0.718665,0.162401,0.068494,0.146991,0.370661,-0.384001,-0.079435,-0.473380,-0.100316,-0.319301,0.494752,-0.108798,-0.056773,-0.092304,-0.001921,0.059560,0.161353,0.273546,-0.218197,1.057864,-0.081836,-0.013975,0.108043,0.216394,-0.329436,0.391713,0.945933,0.206208,0.175926,-0.057956
-0.042647,7.094207,0.756611,0.026654,0.037230,-0.693070,0.719415,0.161580,0.063293,0.151439,0.348948,-0.399075,-0.075942,-0.489048,-0.106448,-0.319474,0.498958,-0.099839,-0.058002,-0.094318,-0.000560,0.061219,0.156359,0.272908,-0.219135,1.057486,-0.081425,-0.015012,0.107321,0.217895,-0.328995,0.386694,0.945234,0.209003,0.176518,-0.057323
-0.040931,7.100269,0.755636,0.028180,0.037797,-0.692380,0.719991,0.161958,0.057000,0.155639,0.325565,-0.410825,-0.072339,-0.503008,-0.112428,-0.319102,0.500788,-0.089576,-0.058592,-0.095925,0.000085,0.063271,0.151493,0.272459,-0.220358,1.057298,-0.081246,-0.015743,0.107285,0.218945,-0.328191,0.382817,0.945045,0.210833,0.177171,-0.057215
-0.039323,7.106407,0.754790,0.029637,0.037979,-0.691908,0.720376,0.164427,0.049669,0.159565,0.298408,-0.418497,-0.068884,-0.515133,-0.118172,-0.318316,0.500050,-0.077783,-0.058908,-0.097018,-0.000043,0.065718,0.146653,0.272222,-0.221771,1.057501,-0.081251,-0.016044,0.108200,0.219350,-0.326888,0.380664,0.945853,0.211570,0.177913,-0.057964
-0.037730,7.112411,0.754017,0.031068,0.037856,-0.691583,0.720635,0.167104,0.041996,0.163276,0.270972,-0.423671,-0.064789,-0.525775,-0.123769,-0.317203,0.497020,-0.064655,-0.059038,-0.097928,-0.000872,0.068603,0.141943,0.272289,-0.223043,1.057692,-0.081373,-0.016097,0.109695,0.219152,-0.325265,0.379893,0.947217,0.211853,0.178773,-0.059210
-0.036107,7.118455,0.753474,0.032510,0.037349,-0.691420,0.720754,0.168773,0.034009,0.166449,0.246320,-0.427216,-0.059259,-0.534956,-0.129309,-0.315392,0.491977,-0.050594,-0.058070,-0.098741,-0.002381,0.071877,0.137588,0.272549,-0.224477,1.057711,-0.081711,-0.016047,0.111462,0.218511,-0.323399,0.379606,0.948638,0.211484,0.179639,-0.060526
-0.034429,7.124449,0.753106,0.034010,0.036376,-0.691435,0.720721,0.168559,0.025314,0.168970,0.226995,-0.429803,-0.051924,-0.542672,-0.134902,-0.312460,0.485119,-0.035958,-0.055075,-0.099557,-0.004643,0.075438,0.133827,0.272907,-0.226333,1.057437,-0.082321,-0.016039,0.113217,0.217423,-0.321221,0.378924,0.949867,0.210218,0.180371,-0.061529
-0.032755,7.130384,0.752854,0.035588,0.034723,-0.691597,0.720570,0.166229,0.015036,0.170701,0.214453,-0.431827,-0.041902,-0.549006,-0.141045,-0.308003,0.477162,-0.021035,-0.051196,-0.100535,-0.007838,0.079608,0.130616,0.273255,-0.228773,1.056660,-0.083539,-0.016100,0.115091,0.215854,-0.318911,0.377836,0.950670,0.207295,0.180992,-0.062046
-0.030993,7.136181,0.752778,0.037240,0.032473,-0.691918,0.720284,0.162592,0.003254,0.171957,0.206869,-0.432984,-0.029932,-0.553923,-0.147632,-0.302187,0.467821,-0.005612,-0.046421,-0.101508,-0.011902,0.084319,0.127759,0.273574,-0.231674,1.055610,-0.085215,-0.016165,0.117197,0.213875,-0.316479,0.376681,0.951188,0.203071,0.181560,-0.062300
-0.029134,7.141802,0.752857,0.038960,0.029987,-0.692467,0.719773,0.158439,-0.009033,0.173327,0.201729,-0.432821,-0.018107,-0.557251,-0.153865,-0.295432,0.456027,0.010459,-0.038072,-0.102216,-0.016417,0.088941,0.125447,0.273900,-0.234769,1.054637,-0.086706,-0.016249,0.119176,0.211739,-0.313905,0.375193,0.951469,0.199043,0.182032,-0.062459
-0.027176,7.147425,0.753080,0.040734,0.027622,-0.693311,0.718956,0.154314,-0.020725,0.175347,0.196546,-0.430630,-0.008513,-0.558621,-0.158849,-0.288155,0.440241,0.027457,-0.023457,-0.102413,-0.020960,0.092877,0.123844,0.274295,-0.237821,1.054089,-0.087390,-0.016357,0.120657,0.209717,-0.311126,0.373124,0.951531,0.196737,0.182362,-0.062681
-0.025321,7.152714,0.753463,0.042901,0.025244,-0.694436,0.717831,0.149648,-0.032377,0.177912,0.191149,-0.425279,-0.001724,-0.557843,-0.162797,-0.279513,0.418037,0.046566,-0.000475,-0.102113,-0.026222,0.095857,0.122806,0.274884,-0.241043,1.054094,-0.087024,-0.016455,0.121536,0.207860,-0.308058,0.370104,0.951175,0.197104,0.182494,-0.062947
-0.023653,7.157858,0.753960,0.045364,0.022664,-0.695792,0.716451,0.144380,-0.044331,0.180767,0.186662,-0.417310,0.003493,-0.554759,-0.166181,-0.269431,0.390418,0.067187,0.028985,-0.101450,-0.032331,0.098319,0.122327,0.275701,-0.244516,1.054417,-0.086002,-0.016545,0.121996,0.206041,-0.304671,0.366345,0.950477,0.199143,0.182455,-0.063196
-0.022234,7.162782,0.754589,0.047465,0.020164,-0.697397,0.714827,0.139547,-0.055129,0.184184,0.182734,-0.408506,0.007691,-0.549430,-0.168474,-0.259626,0.361497,0.086931,0.061586,-0.100401,-0.038016,0.100760,0.122768,0.276627,-0.247716,1.054867,-0.084603,-0.016673,0.122102,0.204190,-0.301007,0.362468,0.949911,0.201423,0.182357,-0.063540
-0.020964,7.167416,0.755352,0.048551,0.018068,-0.699290,0.712959,0.136091,-0.063268,0.188472,0.179086,-0.400709,0.011399,-0.542260,-0.168974,-0.251945,0.335731,0.103514,0.094028,-0.098940,-0.041890,0.103548,0.124535,0.277459,-0.250081,1.055275,-0.083086,-0.016896,0.121939,0.202237,-0.297182,0.359165,0.949938,0.202529,0.182306,-0.064098
-0.019671,7.171827,0.756225,0.048293,0.016408,-0.701492,0.710850,0.134513,-0.068068,0.193682,0.175813,-0.394308,0.014323,-0.531440,-0.166841,-0.247862,0.310041,0.118556,0.130069,-0.097118,-0.043409,0.107006,0.127825,0.278042,-0.251505,1.055821,-0.081207,-0.017495,0.121656,0.200159,-0.293199,0.356521,0.950883,0.201844,0.182433,-0.065128
-0.018498,7.175937,0.757107,0.047132,0.014984,-0.703965,0.708510,0.134281,-0.070575,0.199609,0.172776,-0.388199,0.016317,-0.517664,-0.162691,-0.246116,0.283729,0.132616,0.169904,-0.095034,-0.043421,0.110786,0.132407,0.278380,-0.252203,1.056583,-0.078874,-0.018368,0.121202,0.197976,-0.289068,0.354270,0.952453,0.200208,0.182652,-0.066505
-0.017399,7.179784,0.758066,0.045531,0.013973,-0.706741,0.705867,0.134347,-0.071420,0.206418,0.170020,-0.382377,0.018085,-0.505588,-0.157608,-0.244671,0.265473,0.141720,0.204833,-0.092511,-0.042254,0.114180,0.137893,0.278473,-0.252079,1.057275,-0.076621,-0.018992,0.120349,0.195565,-0.284982,0.352596,0.954174,0.198467,0.182767,-0.067760
-0.016405,7.183402,0.759143,0.043904,0.013659,-0.709896,0.702804,0.133358,-0.070913,0.214411,0.168042,-0.377094,0.020310,-0.499934,-0.152515,-0.241640,0.264096,0.141848,0.226154,-0.089277,-0.039958,0.116435,0.143957,0.278292,-0.251003,1.057549,-0.074970,-0.018844,0.118856,0.192879,-0.281235,0.351704,0.955465,0.197500,0.182591,-0.068402
-0.015383,7.186884,0.760396,0.042148,0.014266,-0.713646,0.699092,0.130711,-0.068433,0.224277,0.168006,-0.372935,0.023405,-0.502600,-0.147329,-0.236688,0.284156,0.130471,0.228934,-0.084870,-0.035931,0.117384,0.150811,0.277656,-0.248187,1.057058,-0.074195,-0.017310,0.115965,0.189920,-0.278097,0.351756,0.956085,0.197753,0.182027,-0.068339
-0.014348,7.190342,0.761671,0.040123,0.015520,-0.717837,0.694881,0.127358,-0.064177,0.235537,0.169241,-0.369590,0.026979,-0.510479,-0.141867,-0.230763,0.319809,0.110472,0.218750,-0.079761,-0.030339,0.117491,0.158539,0.276488,-0.243881,1.056062,-0.073941,-0.014832,0.112024,0.186856,-0.275617,0.352680,0.956114,0.198765,0.181228,-0.067774
-0.013263,7.193673,0.762976,0.038175,0.016986,-0.722001,0.690630,0.124144,-0.059632,0.246765,0.169754,-0.366092,0.030507,-0.520680,-0.136825,-0.223913,0.364091,0.085969,0.202666,-0.074993,-0.024428,0.116997,0.166587,0.274996,-0.239589,1.055147,-0.073828,-0.012474,0.108451,0.183904,-0.273732,0.354227,0.955521,0.199995,0.180355,-0.066672
-0.012198,7.196901,0.764204,0.036621,0.018367,-0.725742,0.686746,0.121559,-0.055976,0.256746,0.167851,-0.361595,0.033399,-0.530854,-0.132617,-0.216311,0.410752,0.060927,0.187660,-0.071333,-0.019267,0.116067,0.174424,0.273561,-0.236882,1.054811,-0.073534,-0.011280,0.106640,0.181239,-0.272312,0.356045,0.954319,0.200860,0.179561,-0.064995
-0.011248,7.200003,0.765365,0.035550,0.019673,-0.729100,0.683200,0.119739,-0.053416,0.265468,0.162885,-0.355845,0.035527,-0.541431,-0.129172,-0.207541,0.460753,0.034768,0.173958,-0.068647,-0.015137,0.114642,0.182298,0.272510,-0.236501,1.054897,-0.073267,-0.011890,0.107493,0.178943,-0.271327,0.358220,0.952098,0.200957,0.178788,-0.062069
-0.010441,7.203014,0.766478,0.034801,0.020985,-0.732221,0.679853,0.118611,-0.051543,0.273416,0.155501,-0.349143,0.037189,-0.552997,-0.126367,-0.197506,0.515989,0.006174,0.158366,-0.066514,-0.011680,0.112798,0.190428,0.271941,-0.237670,1.055013,-0.073216,-0.013597,0.109991,0.177080,-0.270787,0.360668,0.948796,0.200639,0.177995,-0.058075
-0.009681,7.205878,0.767492,0.034287,0.022248,-0.734954,0.676884,0.117690,-0.050179,0.280336,0.147029,-0.341871,0.038394,-0.563948,-0.124263,-0.187092,0.572296,-0.022271,0.142703,-0.065404,-0.008769,0.110623,0.198261,0.271501,-0.239378,1.055604,-0.072909,-0.015453,0.112830,0.175256,-0.270209,0.363304,0.945666,0.200499,0.177290,-0.054460
-0.009016,7.208585,0.768438,0.033917,0.023439,-0.737165,0.674454,0.116366,-0.048990,0.286012,0.139041,-0.334563,0.039151,-0.572877,-0.122893,-0.177311,0.625851,-0.048096,0.128791,-0.065129,-0.006161,0.108511,0.205142,0.271415,-0.241177,1.056574,-0.072135,-0.016456,0.114417,0.174236,-0.269796,0.365083,0.942389,0.200976,0.176925,-0.052305
-0.008458,7.211185,0.769321,0.033761,0.024642,-0.738815,0.672611,0.113264,-0.047484,0.290435,0.133994,-0.328398,0.039349,-0.580299,-0.121751,-0.167286,0.677415,-0.070597,0.117336,-0.066026,-0.004025,0.105982,0.211058,0.271764,-0.243087,1.058230,-0.070900,-0.016215,0.114329,0.173124,-0.268864,0.366484,0.940308,0.202447,0.176953,-0.052411
-0.007977,7.213809,0.770246,0.033827,0.025874,-0.740001,0.671256,0.107847,-0.045417,0.293773,0.133099,-0.324173,0.038998,-0.586789,-0.120829,-0.156987,0.728592,-0.091107,0.107314,-0.067762,-0.002353,0.103220,0.216252,0.272671,-0.245387,1.060225,-0.069281,-0.015280,0.113274,0.172398,-0.267763,0.367304,0.938337,0.204402,0.177323,-0.053875
-0.007608,7.216327,0.771102,0.033937,0.027039,-0.740795,0.670328,0.102460,-0.043386,0.296015,0.132225,-0.319838,0.038304,-0.591169,-0.121074,-0.148696,0.777198,-0.110476,0.097931,-0.070006,-0.000997,0.100540,0.220780,0.273984,-0.247818,1.062548,-0.067395,-0.014137,0.111899,0.172248,-0.266469,0.367525,0.936594,0.206604,0.177675,-0.055991
-0.007327,7.218794,0.771896,0.033919,0.028031,-0.741271,0.669762,0.097507,-0.041443,0.297257,0.131449,-0.315516,0.037452,-0.592307,-0.123615,-0.144572,0.821098,-0.129618,0.088321,-0.072389,0.000179,0.098322,0.224624,0.275508,-0.250080,1.065215,-0.065278,-0.013279,0.110850,0.172900,-0.264946,0.366985,0.935134,0.208713,0.177672,-0.058043
-0.007045,7.221143,0.772680,0.033725,0.028883,-0.741304,0.669699,0.092975,-0.039514,0.297117,0.130782,-0.311159,0.036137,-0.589645,-0.129441,-0.146097,0.860063,-0.148815,0.078281,-0.075296,0.001352,0.096573,0.227664,0.277153,-0.252347,1.068604,-0.062567,-0.012852,0.110167,0.174528,-0.263102,0.365218,0.933995,0.210769,0.177111,-0.060245
-0.006811,7.223425,0.773443,0.033444,0.029642,-0.740909,0.670117,0.088666,-0.037602,0.295690,0.130195,-0.306737,0.034372,-0.583900,-0.137886,-0.151755,0.895342,-0.167747,0.068209,-0.078749,0.002446,0.095091,0.229865,0.278934,-0.254703,1.072712,-0.059331,-0.012601,0.109590,0.176894,-0.260929,0.362434,0.933276,0.212868,0.176198,-0.062868
-0.006592,7.225577,0.774122,0.033097,0.030239,-0.740363,0.670710,0.084765,-0.035885,0.293799,0.129649,-0.302384,0.032813,-0.575842,-0.147574,-0.159185,0.926920,-0.186370,0.058152,-0.081890,0.003272,0.093941,0.231405,0.280781,-0.256707,1.076922,-0.056292,-0.012405,0.109309,0.179679,-0.258577,0.359580,0.932983,0.214832,0.175222,-0.065249
-0.006416,7.227608,0.774761,0.032698,0.030609,-0.739948,0.671171,0.081444,-0.034538,0.292284,0.129112,-0.298229,0.032116,-0.566282,-0.157052,-0.166059,0.954751,-0.204713,0.048191,-0.083915,0.003690,0.093185,0.232484,0.282563,-0.257851,1.080611,-0.054138,-0.012149,0.109511,0.182580,-0.256290,0.357662,0.933064,0.216518,0.174482,-0.066719
-0.006211,7.229645,0.775370,0.032208,0.030638,-0.739681,0.671488,0.078952,-0.033773,0.291197,0.128542,-0.294231,0.032720,-0.555149,-0.166265,-0.171968,0.979205,-0.223233,0.037982,-0.084668,0.003615,0.093093,0.232925,0.284145,-0.257850,1.083863,-0.053017,-0.011646,0.110474,0.185729,-0.254272,0.356911,0.933374,0.218249,0.174024,-0.067026
-0.006008,7.231597,0.775914,0.031631,0.030397,-0.739436,0.671796,0.077119,-0.033447,0.290183,0.127973,-0.290349,0.034186,-0.542148,-0.175793,-0.178129,1.000280,-0.241834,0.027686,-0.084642,0.003248,0.093561,0.232700,0.285476,-0.256939,1.086947,-0.052532,-0.011018,0.112032,0.189268,-0.252572,0.356891,0.933838,0.220044,0.173729,-0.066533
-0.005852,7.233519,0.776401,0.031057,0.030102,-0.739274,0.672014,0.075512,-0.033206,0.289457,0.127432,-0.286683,0.035863,-0.527910,-0.185125,-0.184686,1.017391,-0.259524,0.018127,-0.083984,0.002838,0.094084,0.232234,0.286562,-0.255420,1.089528,-0.052568,-0.010610,0.113707,0.192950,-0.251194,0.357601,0.934510,0.221300,0.173638,-0.065496
-0.005693,7.235367,0.776860,0.030576,0.029970,-0.739258,0.672060,0.073696,-0.032682,0.289224,0.126927,-0.283311,0.037102,-0.513074,-0.193733,-0.191824,1.029960,-0.275260,0.010102,-0.082806,0.002729,0.094181,0.231846,0.287293,-0.253657,1.091367,-0.053008,-0.010780,0.115047,0.196609,-0.250299,0.358959,0.935321,0.221406,0.173807,-0.064145
-0.005594,7.237093,0.777293,0.030198,0.030059,-0.739435,0.671879,0.071576,-0.031742,0.289653,0.126509,-0.280325,0.037801,-0.497714,-0.201871,-0.200219,1.038292,-0.288980,0.003701,-0.080864,0.002789,0.093726,0.231755,0.287939,-0.251257,1.092041,-0.054022,-0.011645,0.115837,0.200023,-0.249590,0.361386,0.936642,0.219797,0.174449,-0.062224
-0.005549,7.238748,0.777724,0.029884,0.030254,-0.739763,0.671522,0.069377,-0.030587,0.290597,0.126142,-0.277597,0.038283,-0.481578,-0.209612,-0.209672,1.042626,-0.301134,-0.001431,-0.078075,0.002972,0.092979,0.231578,0.288395,-0.248343,1.091973,-0.055646,-0.013049,0.116370,0.203467,-0.249189,0.364621,0.938249,0.216901,0.175477,-0.059685
-0.005589,7.240374,0.778176,0.029638,0.030518,-0.740174,0.671068,0.067128,-0.029321,0.291780,0.125778,-0.275094,0.038530,-0.464807,-0.216137,-0.219092,1.042323,-0.311487,-0.005185,-0.075016,0.003233,0.091963,0.231422,0.288674,-0.245598,1.091435,-0.057502,-0.014789,0.116813,0.206843,-0.249025,0.367996,0.940047,0.213590,0.176392,-0.057229
-0.005650,7.241982,0.778602,0.029473,0.030808,-0.740601,0.670591,0.064876,-0.028071,0.292927,0.125342,-0.272746,0.038527,-0.447612,-0.220654,-0.227363,1.036752,-0.319766,-0.007495,-0.072740,0.003371,0.090707,0.231970,0.288918,-0.243068,1.090179,-0.059098,-0.016600,0.117258,0.209669,-0.248942,0.371482,0.942213,0.210912,0.176690,-0.055616
-0.005794,7.243494,0.778994,0.029428,0.031178,-0.741069,0.670059,0.062468,-0.026773,0.294127,0.124855,-0.270585,0.038168,-0.430118,-0.223202,-0.234714,1.025723,-0.326131,-0.008705,-0.071011,0.003477,0.089053,0.233097,0.289135,-0.241277,1.088372,-0.060477,-0.018850,0.117898,0.212019,-0.248906,0.374792,0.944843,0.208767,0.176054,-0.055037
-0.005955,7.244870,0.779368,0.029471,0.031642,-0.741598,0.669449,0.059973,-0.025352,0.295461,0.124296,-0.268622,0.037492,-0.412270,-0.224081,-0.241607,1.009660,-0.330659,-0.008820,-0.069331,0.003623,0.087028,0.234459,0.289311,-0.240158,1.086119,-0.061873,-0.021521,0.118634,0.214112,-0.248910,0.377904,0.947864,0.206676,0.174810,-0.055090
-0.006144,7.246240,0.779664,0.029518,0.032098,-0.742112,0.668856,0.057578,-0.023897,0.296647,0.123788,-0.266829,0.036716,-0.394064,-0.222988,-0.247199,0.988906,-0.333009,-0.007288,-0.067963,0.003689,0.084961,0.235950,0.289472,-0.239428,1.083486,-0.063224,-0.023852,0.119170,0.216065,-0.248910,0.380641,0.950866,0.204974,0.173438,-0.055616
-0.006421,7.247551,0.779899,0.029533,0.032376,-0.742541,0.668366,0.055334,-0.022652,0.297457,0.123769,-0.265337,0.036070,-0.375507,-0.219791,-0.250509,0.963744,-0.332807,-0.003546,-0.066686,0.003504,0.083211,0.236930,0.289562,-0.239315,1.080947,-0.064504,-0.025095,0.119264,0.218342,-0.248872,0.382124,0.953204,0.203725,0.172433,-0.056363
-0.006741,7.248834,0.780134,0.029482,0.032483,-0.742842,0.668028,0.053493,-0.021680,0.297650,0.123738,-0.263861,0.035620,-0.356560,-0.213815,-0.250541,0.933150,-0.329490,0.002348,-0.066272,0.002979,0.081721,0.238128,0.289690,-0.239313,1.077708,-0.065821,-0.024725,0.118644,0.220494,-0.248745,0.383056,0.955268,0.203651,0.171887,-0.057773
-0.007062,7.249994,0.780277,0.029403,0.032476,-0.743061,0.667788,0.051893,-0.020908,0.297424,0.123758,-0.262470,0.035244,-0.337198,-0.205584,-0.247867,0.897359,-0.323480,0.009991,-0.066309,0.002246,0.080472,0.239150,0.289797,-0.239615,1.074104,-0.067043,-0.023267,0.117479,0.222637,-0.248570,0.383097,0.956989,0.204216,0.171576,-0.059684
-0.007431,7.251086,0.780432,0.029323,0.032349,-0.743253,0.667584,0.050601,-0.020333,0.297136,0.123753,-0.261174,0.034828,-0.317215,-0.196442,-0.244096,0.858068,-0.315820,0.019468,-0.066186,0.001132,0.079250,0.240033,0.290102,-0.240674,1.070688,-0.068306,-0.021435,0.116273,0.224950,-0.248052,0.382476,0.958475,0.204922,0.171340,-0.061592
-0.007856,7.252065,0.780543,0.029271,0.032091,-0.743467,0.667360,0.049622,-0.019917,0.297120,0.123726,-0.259985,0.034269,-0.296451,-0.187623,-0.240932,0.816894,-0.307418,0.030992,-0.065864,-0.000483,0.078198,0.240596,0.290585,-0.241923,1.068169,-0.069265,-0.020032,0.115325,0.227135,-0.247185,0.381779,0.959734,0.205286,0.171087,-0.062819
-0.008409,7.253029,0.780576,0.029244,0.031625,-0.743724,0.667098,0.049157,-0.019738,0.297508,0.123687,-0.259004,0.033562,-0.274366,-0.178724,-0.237944,0.772348,-0.295970,0.047304,-0.065826,-0.002541,0.077383,0.241334,0.290915,-0.243043,1.066305,-0.069731,-0.018997,0.114711,0.229284,-0.246541,0.381624,0.960384,0.205417,0.170853,-0.063106
-0.009052,7.253956,0.780621,0.029234,0.030976,-0.743992,0.666829,0.049143,-0.019788,0.298099,0.123633,-0.258192,0.032759,-0.251050,-0.169256,-0.234388,0.723831,-0.281685,0.067450,-0.065829,-0.005128,0.076734,0.242016,0.291359,-0.244465,1.064966,-0.069936,-0.017996,0.114246,0.231371,-0.245674,0.381411,0.960753,0.205412,0.170643,-0.062852
-0.009574,7.254822,0.780673,0.029266,0.030285,-0.744250,0.666572,0.049190,-0.019920,0.298749,0.123554,-0.257393,0.031861,-0.227482,-0.160268,-0.231685,0.674487,-0.269232,0.086148,-0.065923,-0.007897,0.076165,0.242531,0.291684,-0.245613,1.064256,-0.069883,-0.017434,0.113935,0.233411,-0.244907,0.381374,0.960675,0.205500,0.170497,-0.062303
-0.010068,7.255594,0.780673,0.029354,0.029705,-0.744478,0.666339,0.048897,-0.019949,0.299310,0.123488,-0.256479,0.030861,-0.204770,-0.152841,-0.231507,0.627732,-0.263369,0.098105,-0.065955,-0.010540,0.075551,0.242661,0.291790,-0.246154,1.064354,-0.069654,-0.017704,0.113800,0.235420,-0.244379,0.381531,0.960124,0.205835,0.170429,-0.061726
-0.010698,7.256465,0.780701,0.029529,0.029262,-0.744682,0.666123,0.048160,-0.019914,0.299773,0.123394,-0.255413,0.029706,-0.183226,-0.147700,-0.235398,0.584866,-0.268107,0.100455,-0.065835,-0.013159,0.074793,0.242346,0.291753,-0.246108,1.065625,-0.069271,-0.019424,0.113906,0.237271,-0.243781,0.381677,0.959245,0.206548,0.170396,-0.061220
-0.011361,7.257308,0.780706,0.029765,0.028891,-0.744870,0.665919,0.047149,-0.019828,0.300203,0.123322,-0.254277,0.028412,-0.162433,-0.143965,-0.242247,0.544204,-0.280051,0.096523,-0.065701,-0.015799,0.073991,0.241721,0.291551,-0.245568,1.067850,-0.068676,-0.022209,0.114223,0.238996,-0.243205,0.381906,0.957964,0.207541,0.170416,-0.060620
-0.011980,7.258070,0.780699,0.029987,0.028611,-0.745024,0.665749,0.046043,-0.019508,0.300569,0.123247,-0.253100,0.027079,-0.142367,-0.140363,-0.249817,0.504711,-0.292885,0.090363,-0.065533,-0.018326,0.073140,0.240609,0.291049,-0.244542,1.070774,-0.067831,-0.024977,0.114749,0.240316,-0.242456,0.382528,0.957002,0.208404,0.170455,-0.060018
-0.012564,7.258806,0.780755,0.030129,0.028434,-0.745125,0.665637,0.044994,-0.018811,0.300834,0.123183,-0.251920,0.025761,-0.122935,-0.135766,-0.255936,0.465184,-0.300217,0.086072,-0.065197,-0.020552,0.072320,0.238894,0.290288,-0.243249,1.073885,-0.066884,-0.026612,0.115371,0.241442,-0.241776,0.383726,0.956356,0.208810,0.170551,-0.059360
-0.013254,7.259536,0.780911,0.030206,0.028379,-0.745087,0.665678,0.043945,-0.017731,0.300853,0.123128,-0.250731,0.024535,-0.103704,-0.129805,-0.260517,0.424208,-0.299976,0.084837,-0.064853,-0.022455,0.071451,0.236223,0.289075,-0.241531,1.077729,-0.065517,-0.026951,0.116214,0.242307,-0.241079,0.385668,0.956282,0.208770,0.170743,-0.058628
-0.013966,7.260198,0.781112,0.030256,0.028423,-0.744948,0.665830,0.042830,-0.016378,0.300704,0.123086,-0.249511,0.023342,-0.084733,-0.123092,-0.264564,0.382461,-0.295575,0.084556,-0.064381,-0.024139,0.070583,0.232799,0.287626,-0.239509,1.082170,-0.063892,-0.026523,0.117206,0.243167,-0.240534,0.388074,0.956244,0.208456,0.171046,-0.057763
-0.014710,7.260856,0.781279,0.030248,0.028508,-0.744877,0.665905,0.041851,-0.014816,0.300675,0.123040,-0.248295,0.022113,-0.066708,-0.116105,-0.267604,0.342054,-0.288815,0.084412,-0.063701,-0.025602,0.069813,0.229219,0.285928,-0.237197,1.086276,-0.062447,-0.025329,0.118201,0.243706,-0.240150,0.390990,0.956375,0.207749,0.171329,-0.056924
-0.015466,7.261556,0.781430,0.030138,0.028588,-0.745043,0.665721,0.041168,-0.013052,0.301053,0.122986,-0.247081,0.020769,-0.050416,-0.109339,-0.269189,0.305284,-0.281595,0.083567,-0.062691,-0.026804,0.069255,0.226074,0.283997,-0.234661,1.089092,-0.061655,-0.023370,0.119038,0.243719,-0.239983,0.394401,0.956688,0.206517,0.171475,-0.056252
-0.016218,7.262165,0.781625,0.029853,0.028677,-0.745511,0.665207,0.040878,-0.010912,0.301942,0.122967,-0.245923,0.019237,-0.036051,-0.102720,-0.268926,0.272731,-0.273967,0.081589,-0.061180,-0.027652,0.069043,0.223441,0.281801,-0.231522,1.090125,-0.061791,-0.019839,0.119750,0.243098,-0.240063,0.398536,0.957205,0.204411,0.171479,-0.055749
-0.016998,7.262745,0.781854,0.029429,0.028801,-0.746184,0.664466,0.040864,-0.008419,0.303176,0.122937,-0.244752,0.017576,-0.023311,-0.096061,-0.267191,0.243432,-0.265187,0.079051,-0.059309,-0.028154,0.069082,0.221041,0.279317,-0.227845,1.089958,-0.062545,-0.015009,0.120399,0.241988,-0.240381,0.403354,0.957880,0.201610,0.171399,-0.055348
-0.017777,7.263295,0.782084,0.028968,0.028942,-0.746988,0.663575,0.040975,-0.005842,0.304636,0.122913,-0.243557,0.015909,-0.012153,-0.089684,-0.264706,0.217345,-0.256026,0.076542,-0.057359,-0.028376,0.069168,0.218902,0.276610,-0.224422,1.089249,-0.063527,-0.010487,0.120865,0.240501,-0.240953,0.408412,0.958660,0.198831,0.171213,-0.055079
-0.018569,7.263818,0.782347,0.028576,0.029088,-0.747853,0.662611,0.041022,-0.003427,0.306201,0.122880,-0.242256,0.014359,-0.002638,-0.083977,-0.262158,0.194561,-0.247272,0.074584,-0.055569,-0.028394,0.069113,0.217017,0.273795,-0.222104,1.088651,-0.064383,-0.007878,0.121006,0.238802,-0.241796,0.413204,0.959432,0.196768,0.170900,-0.054952
-0.019254,7.264313,0.782621,0.028251,0.029281,-0.748829,0.661513,0.040961,-0.001115,0.307968,0.122856,-0.240806,0.012993,0.004748,-0.079080,-0.259514,0.175887,-0.238917,0.073293,-0.053812,-0.028108,0.068877,0.215554,0.270937,-0.221154,1.088081,-0.065232,-0.008068,0.120516,0.236894,-0.242936,0.417622,0.960170,0.195717,0.170358,-0.054992
-0.019854,7.264759,0.782900,0.027926,0.029531,-0.749930,0.660267,0.040902,0.001242,0.309946,0.122813,-0.239230,0.011707,0.010078,-0.074815,-0.256486,0.161235,-0.230716,0.072308,-0.051965,-0.027478,0.068577,0.214448,0.268032,-0.221186,1.087256,-0.066239,-0.010042,0.119537,0.234770,-0.244368,0.421854,0.960860,0.195254,0.169631,-0.055167
-0.020473,7.265204,0.783186,0.027618,0.029765,-0.751027,0.659022,0.040873,0.003504,0.311891,0.122771,-0.237640,0.010420,0.014234,-0.071092,-0.253360,0.149179,-0.223025,0.071456,-0.050274,-0.026693,0.068262,0.213383,0.265080,-0.222038,1.086479,-0.067062,-0.012553,0.118595,0.232579,-0.246007,0.425885,0.961414,0.195028,0.168925,-0.055406
-0.021038,7.265640,0.783440,0.027349,0.029907,-0.751992,0.657925,0.040926,0.005518,0.313554,0.122717,-0.236130,0.009018,0.018092,-0.067809,-0.250423,0.138262,-0.216166,0.070573,-0.048967,-0.025986,0.067964,0.212020,0.262105,-0.223577,1.086100,-0.067377,-0.014361,0.118231,0.230451,-0.247735,0.429660,0.961809,0.194657,0.168430,-0.055649
-0.021581,7.266027,0.783653,0.027155,0.029953,-0.752856,0.656943,0.041009,0.007229,0.314999,0.122684,-0.234744,0.007432,0.021402,-0.065028,-0.247449,0.128838,-0.210370,0.069719,-0.048059,-0.025394,0.067642,0.210324,0.259115,-0.226043,1.086209,-0.066905,-0.015270,0.118660,0.228172,-0.249494,0.433185,0.962286,0.193999,0.168240,-0.056016
-0.022181,7.266385,0.783853,0.027012,0.029941,-0.753665,0.656021,0.041135,0.008734,0.316311,0.122635,-0.233406,0.005731,0.021813,-0.063251,-0.244273,0.125868,-0.207743,0.068977,-0.047430,-0.024823,0.067276,0.208455,0.256122,-0.229435,1.086654,-0.065889,-0.015899,0.119578,0.225710,-0.251272,0.436472,0.962877,0.193253,0.168222,-0.056508
-0.022773,7.266669,0.784010,0.026858,0.029847,-0.754317,0.655281,0.041405,0.010075,0.317267,0.122568,-0.232097,0.003986,0.021532,-0.061897,-0.241562,0.125119,-0.206355,0.068197,-0.047103,-0.024340,0.066969,0.206354,0.253154,-0.233228,1.087355,-0.064759,-0.016213,0.120740,0.223438,-0.253021,0.439481,0.963236,0.192554,0.168253,-0.056888
-0.023323,7.266978,0.784151,0.026630,0.029649,-0.754714,0.654843,0.041884,0.011305,0.317642,0.122528,-0.230815,0.002273,0.021863,-0.060654,-0.239915,0.124310,-0.205326,0.067225,-0.047111,-0.024023,0.066814,0.203974,0.250257,-0.236889,1.088229,-0.063947,-0.016179,0.121896,0.221673,-0.254679,0.442195,0.963076,0.192064,0.168196,-0.056930
-0.023939,7.267245,0.784281,0.026302,0.029319,-0.754786,0.654787,0.042649,0.012423,0.317262,0.122485,-0.229499,0.000542,0.022945,-0.059548,-0.239630,0.123438,-0.204670,0.065916,-0.047562,-0.023973,0.066888,0.201288,0.247490,-0.240370,1.089136,-0.063720,-0.015591,0.123163,0.220555,-0.256184,0.444529,0.962099,0.191808,0.167981,-0.056465
-0.024590,7.267453,0.784389,0.025908,0.028877,-0.754602,0.655035,0.043632,0.013415,0.316286,0.122459,-0.228193,-0.001225,0.024633,-0.058595,-0.240373,0.122462,-0.204231,0.064374,-0.048405,-0.024156,0.067125,0.198329,0.244869,-0.243928,1.090148,-0.063820,-0.014531,0.124604,0.219835,-0.257519,0.446521,0.960603,0.191709,0.167682,-0.055657
-0.025280,7.267621,0.784466,0.025504,0.028340,-0.754265,0.655462,0.044790,0.014228,0.315012,0.122415,-0.226979,-0.002918,0.026426,-0.057903,-0.241685,0.122089,-0.204362,0.062836,-0.049431,-0.024501,0.067395,0.195242,0.242328,-0.247430,1.091422,-0.063826,-0.013395,0.125879,0.219332,-0.258683,0.448342,0.959124,0.191740,0.167391,-0.054775
-0.025968,7.267731,0.784514,0.025099,0.027789,-0.753875,0.655950,0.046021,0.014952,0.313708,0.122394,-0.225979,-0.004412,0.028189,-0.057340,-0.243155,0.122145,-0.204927,0.061523,-0.050478,-0.024771,0.067577,0.192137,0.239755,-0.250696,1.093145,-0.063290,-0.012588,0.126658,0.218837,-0.259680,0.450187,0.958193,0.191877,0.167204,-0.054093
-0.026659,7.267787,0.784545,0.024679,0.027225,-0.753389,0.656548,0.047342,0.015598,0.312311,0.122381,-0.225195,-0.005633,0.030206,-0.056831,-0.244945,0.122167,-0.205763,0.060437,-0.051720,-0.024904,0.067679,0.188985,0.237127,-0.253723,1.095462,-0.061910,-0.012221,0.126694,0.218281,-0.260534,0.452052,0.957958,0.192171,0.167118,-0.053560
-0.027332,7.267795,0.784541,0.024230,0.026635,-0.752774,0.657293,0.048769,0.016182,0.310711,0.122389,-0.224578,-0.006657,0.032496,-0.056397,-0.247196,0.122221,-0.206878,0.059465,-0.053200,-0.024943,0.067755,0.185712,0.234444,-0.256563,1.098312,-0.059971,-0.012114,0.126223,0.217780,-0.261242,0.453882,0.958115,0.192628,0.167100,-0.053075
-0.028018,7.267757,0.784516,0.023767,0.026056,-0.752147,0.658051,0.050277,0.016737,0.309117,0.122402,-0.224151,-0.007592,0.034891,-0.055991,-0.249473,0.122264,-0.208103,0.058677,-0.054555,-0.024854,0.067717,0.182427,0.231630,-0.259132,1.101469,-0.057891,-0.012137,0.125669,0.217333,-0.261819,0.455760,0.958655,0.193127,0.167175,-0.052847
-0.028653,7.267656,0.784465,0.023313,0.025522,-0.751626,0.658683,0.051848,0.017302,0.307731,0.122397,-0.223938,-0.008541,0.037186,-0.055571,-0.251343,0.122307,-0.209284,0.058150,-0.055443,-0.024590,0.067465,0.179219,0.228562,-0.261325,1.104762,-0.056083,-0.012173,0.125462,0.216954,-0.262303,0.457798,0.959558,0.193546,0.167379,-0.053092
-0.029245,7.267510,0.784383,0.022866,0.025039,-0.751243,0.659154,0.053483,0.017876,0.306607,0.122444,-0.224064,-0.009501,0.039358,-0.055132,-0.252656,0.122351,-0.210419,0.058002,-0.055738,-0.024078,0.066938,0.176085,0.225136,-0.263027,1.108301,-0.054571,-0.012293,0.125725,0.216658,-0.262747,0.460206,0.960880,0.193761,0.167837,-0.054155
-0.029710,7.267256,0.784291,0.022417,0.024592,-0.750936,0.659536,0.055203,0.018444,0.305636,0.122467,-0.224425,-0.010425,0.041515,-0.054690,-0.253652,0.122364,-0.211559,0.058155,-0.055671,-0.023310,0.066194,0.172950,0.221343,-0.264290,1.112169,-0.053139,-0.012514,0.126249,0.216429,-0.263177,0.462893,0.962608,0.193871,0.168493,-0.055826
-0.030202,7.267028,0.784197,0.021973,0.024178,-0.750677,0.659861,0.056951,0.019037,0.304782,0.122494,-0.224914,-0.011357,0.043623,-0.054232,-0.254478,0.122381,-0.212693,0.058396,-0.055406,-0.022340,0.065323,0.169787,0.217213,-0.265276,1.116241,-0.051837,-0.012725,0.126960,0.216244,-0.263568,0.465502,0.964584,0.194122,0.169126,-0.057498
-0.030712,7.266799,0.784105,0.021550,0.023784,-0.750441,0.660157,0.058645,0.019655,0.304018,0.122525,-0.225367,-0.012339,0.045665,-0.053761,-0.255280,0.122402,-0.213791,0.058518,-0.055082,-0.021270,0.064406,0.166610,0.212821,-0.266168,1.120217,-0.050716,-0.012693,0.127787,0.216051,-0.263872,0.467638,0.966720,0.194727,0.169502,-0.058564
-0.031219,7.266535,0.784013,0.021182,0.023419,-0.750251,0.660398,0.060238,0.020281,0.303417,0.122536,-0.225777,-0.013434,0.047540,-0.053289,-0.256016,0.122440,-0.214841,0.058512,-0.054635,-0.020151,0.063385,0.163393,0.208196,-0.266917,1.124087,-0.050058,-0.012308,0.128952,0.215849,-0.264026,0.469155,0.969080,0.195763,0.169526,-0.058686
-0.031724,7.266256,0.783911,0.020866,0.023071,-0.750112,0.660579,0.061767,0.020872,0.302976,0.122542,-0.226211,-0.014596,0.049303,-0.052817,-0.256616,0.122445,-0.215836,0.058467,-0.053991,-0.018996,0.062235,0.160140,0.203349,-0.267481,1.127952,-0.049757,-0.011686,0.130414,0.215629,-0.264025,0.470233,0.971746,0.197087,0.169322,-0.058253
-0.032224,7.265959,0.783810,0.020546,0.022703,-0.749971,0.660761,0.063340,0.021423,0.302544,0.122571,-0.226658,-0.015715,0.051121,-0.052371,-0.257237,0.122469,-0.216826,0.058407,-0.053286,-0.017799,0.061103,0.156913,0.198321,-0.268083,1.131756,-0.049316,-0.011022,0.131667,0.215430,-0.263855,0.471039,0.974499,0.198620,0.169021,-0.057726
-0.032709,7.265697,0.783709,0.020175,0.022269,-0.749778,0.661007,0.065086,0.021905,0.301973,0.122584,-0.227059,-0.016680,0.053165,-0.051973,-0.258009,0.122483,-0.217791,0.058312,-0.052642,-0.016575,0.060153,0.153768,0.193177,-0.268961,1.135415,-0.048244,-0.010511,0.132209,0.215257,-0.263500,0.471722,0.977128,0.200296,0.168751,-0.057572
-0.033204,7.265402,0.783605,0.019732,0.021749,-0.749494,0.661360,0.067053,0.022299,0.301173,0.122609,-0.227470,-0.017393,0.055518,-0.051644,-0.259035,0.122522,-0.218788,0.058191,-0.052064,-0.015350,0.059454,0.150737,0.187958,-0.270121,1.138916,-0.046190,-0.010298,0.131811,0.215221,-0.262923,0.472195,0.979551,0.202062,0.168529,-0.057733
-0.033706,7.265017,0.783498,0.019246,0.021167,-0.749154,0.661778,0.069157,0.022622,0.300240,0.122662,-0.227890,-0.017935,0.058091,-0.051371,-0.260222,0.122563,-0.219796,0.058050,-0.051484,-0.014140,0.058914,0.147795,0.182673,-0.271481,1.142270,-0.043510,-0.010243,0.130765,0.215267,-0.262111,0.472420,0.981910,0.203964,0.168290,-0.058024
-0.034172,7.264763,0.783400,0.018738,0.020554,-0.748816,0.662194,0.071353,0.022913,0.299301,0.122703,-0.228235,-0.018464,0.060729,-0.051128,-0.261403,0.122625,-0.220740,0.057864,-0.050914,-0.012916,0.058440,0.144972,0.177317,-0.273108,1.145433,-0.040732,-0.010126,0.129333,0.215228,-0.261078,0.472593,0.984272,0.206067,0.168034,-0.058700
-0.034625,7.264422,0.783297,0.018226,0.019944,-0.748536,0.662544,0.073583,0.023217,0.298475,0.122728,-0.228430,-0.019136,0.063356,-0.050872,-0.262419,0.122659,-0.221552,0.057616,-0.050372,-0.011635,0.057935,0.142288,0.171882,-0.275077,1.148360,-0.038402,-0.009715,0.127780,0.214935,-0.259868,0.472910,0.986703,0.208427,0.167766,-0.060016
-0.035074,7.264061,0.783209,0.017685,0.019351,-0.748330,0.662808,0.075870,0.023612,0.297868,0.122747,-0.228507,-0.020009,0.065954,-0.050541,-0.263277,0.122701,-0.222209,0.057235,-0.049875,-0.010227,0.057412,0.139786,0.166305,-0.277486,1.151021,-0.036805,-0.008905,0.126332,0.214376,-0.258502,0.473604,0.989193,0.210778,0.167449,-0.062176
-0.035518,7.263704,0.783150,0.017116,0.018755,-0.748169,0.663022,0.078243,0.024042,0.297391,0.122757,-0.228499,-0.020996,0.068589,-0.050170,-0.264047,0.122735,-0.222746,0.056755,-0.049424,-0.008718,0.056902,0.137425,0.160573,-0.280261,1.153476,-0.035596,-0.007831,0.124803,0.213630,-0.256999,0.474519,0.991714,0.213184,0.167090,-0.064999
-0.035994,7.263381,0.783091,0.016571,0.018141,-0.748035,0.663204,0.080597,0.024393,0.296875,0.122750,-0.228291,-0.022028,0.071176,-0.049876,-0.264663,0.122766,-0.223189,0.056300,-0.048998,-0.007199,0.056373,0.135163,0.154775,-0.283198,1.155745,-0.034373,-0.006638,0.122825,0.212746,-0.255359,0.475274,0.994199,0.216217,0.166764,-0.068156
-0.036357,7.263030,0.783068,0.016103,0.017492,-0.747911,0.663373,0.082822,0.024536,0.296152,0.122743,-0.227798,-0.023037,0.073624,-0.049797,-0.265051,0.122807,-0.223566,0.056005,-0.048578,-0.005782,0.055782,0.132979,0.149056,-0.286127,1.157801,-0.032771,-0.005468,0.120010,0.211811,-0.253541,0.475498,0.996523,0.220445,0.166535,-0.071307
-0.036703,7.262704,0.783056,0.015728,0.016799,-0.747807,0.663517,0.084924,0.024414,0.295269,0.122731,-0.227001,-0.023950,0.075929,-0.049982,-0.265099,0.122838,-0.223862,0.056017,-0.048135,-0.004546,0.055146,0.130978,0.143446,-0.289099,1.159571,-0.030746,-0.004386,0.116386,0.210775,-0.251501,0.474976,0.998752,0.226165,0.166449,-0.074449
-0.037054,7.262367,0.783078,0.015418,0.016071,-0.747728,0.663631,0.086955,0.024096,0.294285,0.122676,-0.225919,-0.024819,0.078113,-0.050371,-0.264873,0.122870,-0.224061,0.056229,-0.047670,-0.003449,0.054476,0.129158,0.137939,-0.292200,1.161048,-0.028493,-0.003308,0.112095,0.209629,-0.249210,0.473924,1.000909,0.233004,0.166446,-0.077727
-0.037383,7.262053,0.783115,0.015154,0.015328,-0.747648,0.663746,0.088880,0.023686,0.293040,0.122642,-0.224613,-0.025772,0.080205,-0.050875,-0.264594,0.122932,-0.224237,0.056380,-0.047195,-0.002453,0.053757,0.127357,0.132667,-0.295289,1.162272,-0.025989,-0.002146,0.106928,0.208406,-0.246715,0.472628,1.002929,0.240572,0.166439,-0.081056
-0.037724,7.261754,0.783176,0.014922,0.014587,-0.747540,0.663889,0.090679,0.023270,0.291379,0.122583,-0.223056,-0.026933,0.082225,-0.051400,-0.264482,0.122986,-0.224386,0.056197,-0.046738,-0.001535,0.052962,0.125484,0.127830,-0.298229,1.163196,-0.023230,-0.000808,0.100647,0.207226,-0.244080,0.471379,1.004640,0.248469,0.166358,-0.084334
-0.038086,7.261467,0.783285,0.014740,0.013877,-0.747397,0.664070,0.092242,0.022871,0.289260,0.122523,-0.221210,-0.028251,0.084101,-0.051933,-0.264576,0.123054,-0.224568,0.055512,-0.046327,-0.000708,0.052099,0.123624,0.123474,-0.300946,1.163422,-0.020573,0.000832,0.092440,0.206139,-0.241321,0.470029,1.005872,0.257465,0.166212,-0.087845
-0.038446,7.261219,0.783418,0.014609,0.013180,-0.747232,0.664272,0.093628,0.022435,0.286767,0.122462,-0.219097,-0.029689,0.085826,-0.052522,-0.264769,0.123147,-0.224741,0.054495,-0.045950,-0.000008,0.051176,0.121875,0.119582,-0.303524,1.162982,-0.017901,0.002690,0.082649,0.205146,-0.238423,0.468498,1.006660,0.267477,0.166029,-0.091524
-0.038791,7.260977,0.783566,0.014486,0.012446,-0.747054,0.664489,0.095028,0.021947,0.283924,0.122360,-0.216798,-0.031392,0.087595,-0.053164,-0.265047,0.123225,-0.224865,0.053412,-0.045559,0.000537,0.050272,0.120088,0.116304,-0.306068,1.162486,-0.014528,0.004539,0.072757,0.204137,-0.235435,0.467220,1.007219,0.276896,0.165770,-0.094745
-0.039160,7.260780,0.783721,0.014326,0.011631,-0.746870,0.664714,0.096558,0.021412,0.280754,0.122255,-0.214385,-0.033503,0.089538,-0.053847,-0.265407,0.123297,-0.224879,0.052511,-0.045122,0.000881,0.049476,0.118188,0.113867,-0.308663,1.162427,-0.009777,0.006150,0.064215,0.203068,-0.232427,0.466644,1.007662,0.284117,0.165423,-0.096869
-0.039579,7.260591,0.783875,0.014109,0.010678,-0.746659,0.664971,0.098353,0.020769,0.277157,0.122131,-0.211829,-0.036262,0.091815,-0.054627,-0.265939,0.123375,-0.224810,0.051857,-0.044681,0.000940,0.048831,0.116117,0.112526,-0.311686,1.162885,-0.002056,0.007466,0.056662,0.202040,-0.229431,0.466858,1.007911,0.288274,0.165023,-0.097546
-0.039992,7.260389,0.784035,0.013864,0.009625,-0.746425,0.665255,0.100322,0.020032,0.273151,0.121960,-0.209095,-0.039529,0.094323,-0.055485,-0.266619,0.123408,-0.224639,0.051316,-0.044229,0.000695,0.048327,0.114070,0.112302,-0.315004,1.163375,0.007762,0.008591,0.049500,0.201117,-0.226410,0.467629,1.007793,0.290388,0.164595,-0.097148
-0.040439,7.260195,0.784192,0.013611,0.008570,-0.746209,0.665517,0.102248,0.019321,0.268943,0.121818,-0.206336,-0.042874,0.096777,-0.056326,-0.267261,0.123473,-0.224389,0.050845,-0.043674,0.000194,0.047946,0.112276,0.112989,-0.317936,1.163666,0.016640,0.009598,0.043871,0.200097,-0.223380,0.468960,1.007418,0.291672,0.164116,-0.096141
-0.040896,7.260053,0.784370,0.013373,0.007604,-0.746054,0.665707,0.104003,0.018725,0.264738,0.121666,-0.203675,-0.045874,0.098971,-0.057036,-0.267681,0.123505,-0.224011,0.050413,-0.042975,-0.000449,0.047670,0.110895,0.114250,-0.319726,1.163636,0.021569,0.010587,0.040947,0.198793,-0.220378,0.470903,1.006872,0.293354,0.163562,-0.094992
-0.041312,7.259947,0.784572,0.013163,0.006737,-0.745998,0.665784,0.105550,0.018269,0.260889,0.121532,-0.200992,-0.048422,0.100830,-0.057618,-0.267788,0.123531,-0.223438,0.050000,-0.042065,-0.001162,0.047441,0.109860,0.115927,-0.319975,1.163499,0.020925,0.011665,0.041700,0.197106,-0.217496,0.473684,1.006198,0.295666,0.162807,-0.093556
-0.041787,7.259905,0.784759,0.012966,0.005923,-0.746010,0.665782,0.106972,0.017895,0.257188,0.121413,-0.198275,-0.050747,0.102490,-0.058121,-0.267690,0.123555,-0.222714,0.049636,-0.041047,-0.001918,0.047270,0.109029,0.118010,-0.319054,1.163400,0.016636,0.012754,0.045340,0.195168,-0.214772,0.477270,1.005327,0.298010,0.161914,-0.091679
-0.042227,7.259878,0.784964,0.012763,0.005183,-0.746031,0.665769,0.108241,0.017614,0.253007,0.121287,-0.195810,-0.052918,0.103979,-0.058478,-0.267519,0.123576,-0.221976,0.049327,-0.040079,-0.002674,0.047200,0.108414,0.120374,-0.317442,1.163193,0.011016,0.013696,0.050428,0.193028,-0.212201,0.481233,1.004347,0.300336,0.161129,-0.089844
-0.042666,7.259890,0.785126,0.012538,0.004534,-0.746000,0.665812,0.109279,0.017444,0.247719,0.121201,-0.193897,-0.055001,0.105351,-0.058638,-0.267398,0.123582,-0.221374,0.049099,-0.039303,-0.003368,0.047239,0.108010,0.122822,-0.315596,1.162787,0.006434,0.014356,0.055541,0.190762,-0.209744,0.485122,1.003369,0.302577,0.160692,-0.088536
-0.043089,7.259935,0.785259,0.012286,0.003961,-0.745917,0.665914,0.110116,0.017338,0.241062,0.121143,-0.192472,-0.056953,0.106636,-0.058637,-0.267275,0.123572,-0.220840,0.049077,-0.038668,-0.003995,0.047430,0.107743,0.125224,-0.313292,1.162317,0.003144,0.014680,0.060953,0.188321,-0.207381,0.489103,1.002361,0.305354,0.160686,-0.087940
-0.043538,7.260039,0.785359,0.012016,0.003461,-0.745807,0.666044,0.110769,0.017301,0.233407,0.121106,-0.191425,-0.058757,0.107801,-0.058484,-0.267110,0.123550,-0.220332,0.049209,-0.038120,-0.004535,0.047715,0.107557,0.127571,-0.310396,1.161938,0.000042,0.014729,0.067248,0.185679,-0.205129,0.493297,1.001357,0.308474,0.160964,-0.087793
-0.043952,7.260187,0.785439,0.011728,0.003075,-0.745658,0.666219,0.111200,0.017440,0.225063,0.121105,-0.190994,-0.060512,0.108809,-0.058087,-0.267052,0.123521,-0.220054,0.049246,-0.037760,-0.004901,0.047994,0.107389,0.129868,-0.307554,1.161599,-0.002596,0.014597,0.073451,0.182888,-0.203002,0.497164,1.000551,0.310654,0.161444,-0.087911
-0.044388,7.260359,0.785440,0.011423,0.002842,-0.745455,0.666452,0.111367,0.017845,0.216344,0.121151,-0.191410,-0.062312,0.109620,-0.057353,-0.267253,0.123511,-0.220225,0.048936,-0.037645,-0.005007,0.048165,0.107146,0.132131,-0.305493,1.161282,-0.004537,0.014376,0.078595,0.180059,-0.200998,0.500109,1.000100,0.310583,0.162032,-0.088101
-0.044845,7.260574,0.785371,0.011122,0.002833,-0.745171,0.666775,0.111104,0.018592,0.206715,0.121213,-0.192901,-0.064320,0.110121,-0.056166,-0.267809,0.123488,-0.220942,0.048177,-0.037830,-0.004782,0.048097,0.106830,0.134398,-0.304354,1.160963,-0.005597,0.014007,0.082664,0.177220,-0.199095,0.501675,1.000046,0.307134,0.162928,-0.088270
-0.045305,7.260811,0.785221,0.010822,0.003004,-0.744823,0.667168,0.110450,0.019606,0.196216,0.121330,-0.195287,-0.066418,0.110337,-0.054622,-0.268615,0.123489,-0.222076,0.047114,-0.038215,-0.004306,0.047876,0.106468,0.136677,-0.303845,1.160659,-0.005972,0.013477,0.086091,0.174350,-0.197283,0.502217,1.000282,0.301240,0.164109,-0.088525
-0.045740,7.261074,0.785017,0.010475,0.003227,-0.744457,0.667580,0.109825,0.020755,0.186017,0.121475,-0.198200,-0.068292,0.110565,-0.052902,-0.269537,0.123498,-0.223518,0.045885,-0.038646,-0.003705,0.047731,0.106001,0.138935,-0.303992,1.160413,-0.005958,0.012973,0.088593,0.171397,-0.195611,0.502368,1.000820,0.294698,0.165144,-0.088978
-0.046150,7.261334,0.784766,0.010035,0.003374,-0.744124,0.667957,0.109565,0.021922,0.177294,0.121621,-0.201191,-0.069637,0.111067,-0.051203,-0.270434,0.123523,-0.225139,0.044616,-0.038971,-0.003090,0.047892,0.105381,0.141111,-0.304827,1.160261,-0.005856,0.012677,0.089891,0.168357,-0.194159,0.502751,1.001599,0.289302,0.165629,-0.089755
-0.046570,7.261648,0.784475,0.009464,0.003426,-0.743798,0.668329,0.109734,0.023150,0.170092,0.121810,-0.204376,-0.070279,0.111935,-0.049481,-0.271405,0.123566,-0.227078,0.043196,-0.039296,-0.002334,0.048472,0.104433,0.143063,-0.306369,1.160348,-0.005614,0.012644,0.089465,0.165274,-0.193073,0.503368,1.002588,0.285269,0.165321,-0.091037
-0.046972,7.261939,0.784150,0.008796,0.003446,-0.743465,0.668708,0.110153,0.024478,0.163876,0.122010,-0.207874,-0.070415,0.113019,-0.047676,-0.272474,0.123631,-0.229351,0.041607,-0.039642,-0.001550,0.049355,0.103400,0.145112,-0.308631,1.160367,-0.005163,0.012796,0.087552,0.162122,-0.192181,0.503940,1.003819,0.281725,0.164482,-0.092705
-0.047322,7.262180,0.783817,0.008089,0.003433,-0.743192,0.669021,0.110792,0.025817,0.158942,0.122222,-0.211374,-0.070318,0.114213,-0.045905,-0.273399,0.123697,-0.231614,0.040111,-0.039840,-0.000709,0.050379,0.102311,0.146975,-0.311446,1.160472,-0.004598,0.013028,0.085209,0.158955,-0.191608,0.504762,1.005105,0.278894,0.163486,-0.094442
-0.047584,7.262369,0.783495,0.007396,0.003394,-0.743042,0.669196,0.111650,0.027092,0.155589,0.122385,-0.214527,-0.070269,0.115401,-0.044286,-0.273947,0.123723,-0.233490,0.038967,-0.039715,0.000145,0.051381,0.101323,0.148550,-0.314666,1.160657,-0.004047,0.013257,0.083453,0.155792,-0.191357,0.506128,1.006311,0.276989,0.162693,-0.095922
-0.047824,7.262525,0.783204,0.006693,0.003299,-0.743045,0.669200,0.112854,0.028302,0.154293,0.122554,-0.217382,-0.070345,0.116641,-0.042845,-0.274020,0.123769,-0.234984,0.038274,-0.039263,0.001114,0.052355,0.100181,0.149485,-0.318555,1.161386,-0.003322,0.013448,0.082716,0.152439,-0.191485,0.508304,1.007627,0.276680,0.162164,-0.097211
-0.048072,7.262665,0.782951,0.005963,0.003160,-0.743160,0.669079,0.114379,0.029491,0.154764,0.122692,-0.220055,-0.070411,0.117999,-0.041504,-0.273763,0.123769,-0.236234,0.037883,-0.038467,0.002097,0.053422,0.099059,0.150243,-0.323257,1.162205,-0.002542,0.013673,0.082335,0.149074,-0.191943,0.510997,1.008855,0.277656,0.161724,-0.098395
-0.048257,7.262793,0.782734,0.005274,0.003028,-0.743355,0.668870,0.115918,0.030633,0.156151,0.122788,-0.222400,-0.070423,0.119196,-0.040271,-0.273289,0.123790,-0.237185,0.037662,-0.037414,0.003103,0.054473,0.098170,0.150866,-0.327951,1.162751,-0.001939,0.013928,0.081926,0.145970,-0.192844,0.513885,1.009741,0.278667,0.161364,-0.099286
-0.048426,7.262912,0.782576,0.004688,0.002957,-0.743593,0.668610,0.117133,0.031722,0.157602,0.122881,-0.224289,-0.070332,0.120073,-0.039119,-0.272716,0.123783,-0.237784,0.037491,-0.036402,0.004140,0.055239,0.097495,0.151038,-0.331443,1.163235,-0.001522,0.014173,0.081226,0.142709,-0.193649,0.516812,1.011122,0.278391,0.160998,-0.099807
-0.048567,7.263038,0.782487,0.004232,0.002985,-0.743901,0.668270,0.117933,0.032774,0.159172,0.122967,-0.225678,-0.070060,0.120490,-0.038037,-0.271937,0.123757,-0.237928,0.037416,-0.035306,0.005290,0.055672,0.097317,0.150840,-0.333602,1.163352,-0.002061,0.014109,0.080143,0.139623,-0.194832,0.519970,1.012605,0.276277,0.160667,-0.099682
-0.048704,7.263203,0.782430,0.003868,0.003073,-0.744288,0.667840,0.118513,0.033782,0.161222,0.123029,-0.226642,-0.069654,0.120585,-0.037041,-0.270935,0.123729,-0.237689,0.037481,-0.034096,0.006423,0.055798,0.097411,0.150291,-0.334835,1.163438,-0.003173,0.013844,0.078872,0.136270,-0.195846,0.523350,1.014813,0.272964,0.160321,-0.099103
-0.048822,7.263386,0.782422,0.003569,0.003165,-0.744685,0.667399,0.118935,0.034702,0.163354,0.123063,-0.227212,-0.069243,0.120516,-0.036158,-0.269971,0.123684,-0.237220,0.037544,-0.033074,0.007663,0.055828,0.097530,0.149188,-0.335343,1.163537,-0.003598,0.013975,0.077448,0.133076,-0.197183,0.526733,1.016789,0.269506,0.160023,-0.098483
-0.048919,7.263585,0.782444,0.003308,0.003202,-0.745023,0.667023,0.119256,0.035474,0.165171,0.123103,-0.227453,-0.068956,0.120434,-0.035430,-0.269302,0.123643,-0.236698,0.037462,-0.032115,0.008760,0.055935,0.097428,0.147918,-0.335814,1.163554,-0.002240,0.015144,0.075828,0.130215,-0.198412,0.529300,1.018233,0.266641,0.159748,-0.098229
-0.049046,7.263862,0.782492,0.003096,0.003192,-0.745287,0.666729,0.119444,0.036117,0.166520,0.123101,-0.227322,-0.068894,0.120298,-0.034841,-0.269036,0.123618,-0.236115,0.037152,-0.031252,0.009617,0.056141,0.097172,0.146599,-0.336175,1.163337,0.002181,0.018072,0.074001,0.127673,-0.199441,0.530927,1.019065,0.264184,0.159629,-0.098513
-0.049156,7.264137,0.782582,0.002941,0.003160,-0.745513,0.666477,0.119459,0.036657,0.167628,0.123089,-0.226813,-0.068967,0.120046,-0.034375,-0.269022,0.123595,-0.235390,0.036701,-0.030441,0.010291,0.056349,0.096873,0.145183,-0.336273,1.162916,0.008693,0.022238,0.071945,0.125342,-0.200308,0.531903,1.019565,0.261812,0.159617,-0.099096
-0.049304,7.264456,0.782692,0.002817,0.003065,-0.745709,0.666259,0.119456,0.037025,0.168668,0.123061,-0.225993,-0.069016,0.119822,-0.034088,-0.269139,0.123566,-0.234611,0.036239,-0.029686,0.010766,0.056633,0.096569,0.143803,-0.336326,1.162230,0.015145,0.026405,0.069589,0.123196,-0.201004,0.532368,1.019819,0.260197,0.159435,-0.099773
-0.049420,7.264818,0.782825,0.002703,0.002860,-0.745881,0.666068,0.119552,0.037153,0.169813,0.123022,-0.224893,-0.068881,0.119732,-0.034040,-0.269256,0.123545,-0.233848,0.035881,-0.028993,0.010966,0.057095,0.096386,0.142750,-0.336573,1.161035,0.019332,0.029365,0.066853,0.121203,-0.201482,0.532459,1.019873,0.260004,0.158816,-0.100329
-0.049535,7.265211,0.782968,0.002595,0.002516,-0.746037,0.665894,0.119794,0.037002,0.171161,0.122971,-0.223427,-0.068521,0.119827,-0.034265,-0.269349,0.123547,-0.233127,0.035609,-0.028341,0.011115,0.057751,0.095968,0.141484,-0.337040,1.159738,0.020406,0.030649,0.063593,0.119560,-0.202068,0.531946,1.019504,0.261913,0.157665,-0.100789
-0.049570,7.265569,0.783111,0.002505,0.002061,-0.746171,0.665746,0.120115,0.036614,0.172598,0.122914,-0.221614,-0.068019,0.120040,-0.034719,-0.269485,0.123549,-0.232392,0.035373,-0.027797,0.010863,0.058655,0.095899,0.140786,-0.337568,1.157516,0.019536,0.031011,0.059717,0.118105,-0.202389,0.530934,1.018777,0.265407,0.156111,-0.101217
-0.049639,7.265953,0.783280,0.002431,0.001545,-0.746271,0.665635,0.120444,0.036052,0.173998,0.122852,-0.219636,-0.067400,0.120302,-0.035359,-0.269669,0.123568,-0.231662,0.035254,-0.027321,0.010442,0.059648,0.095858,0.140281,-0.338215,1.155094,0.017867,0.030896,0.055899,0.116814,-0.202615,0.529827,1.017822,0.269402,0.154318,-0.101499
-0.049712,7.266295,0.783435,0.002371,0.001021,-0.746327,0.665575,0.120758,0.035378,0.175232,0.122781,-0.217713,-0.066695,0.120620,-0.036117,-0.269915,0.123562,-0.230971,0.035339,-0.026815,0.010037,0.060615,0.095610,0.139762,-0.339132,1.153018,0.016489,0.030748,0.052773,0.115673,-0.202864,0.528941,1.016743,0.272790,0.152449,-0.101522
-0.049709,7.266658,0.783586,0.002318,0.000445,-0.746331,0.665571,0.121102,0.034515,0.176269,0.122710,-0.215794,-0.065855,0.121051,-0.037086,-0.270224,0.123553,-0.230347,0.035733,-0.026477,0.009540,0.061629,0.095331,0.139336,-0.340064,1.151113,0.015544,0.030579,0.050319,0.114582,-0.203101,0.528587,1.015548,0.275520,0.150322,-0.101221
-0.049696,7.267006,0.783731,0.002275,-0.000190,-0.746291,0.665616,0.121473,0.033460,0.177176,0.122649,-0.213808,-0.064885,0.121578,-0.038266,-0.270590,0.123572,-0.229787,0.036368,-0.026366,0.008923,0.062745,0.095140,0.139043,-0.340916,1.149100,0.014549,0.030196,0.048248,0.113496,-0.203292,0.528583,1.014238,0.278108,0.147923,-0.100659
-0.049628,7.267361,0.783867,0.002253,-0.000783,-0.746215,0.665701,0.121731,0.032398,0.177972,0.122587,-0.211911,-0.063893,0.122033,-0.039451,-0.271010,0.123570,-0.229207,0.037047,-0.026199,0.008364,0.063737,0.094691,0.138745,-0.342104,1.147493,0.013560,0.029687,0.046781,0.112658,-0.203528,0.528731,1.012741,0.280434,0.145684,-0.099980
-0.049545,7.267740,0.783994,0.002266,-0.001235,-0.746110,0.665817,0.121734,0.031508,0.178670,0.122521,-0.210256,-0.062986,0.122219,-0.040457,-0.271480,0.123576,-0.228569,0.037590,-0.026032,0.008042,0.064508,0.094140,0.138421,-0.343583,1.146136,0.012849,0.029202,0.046054,0.111931,-0.203823,0.529074,1.011227,0.282349,0.144015,-0.099267
-0.049432,7.268066,0.784104,0.002337,-0.001512,-0.745960,0.665985,0.121375,0.030824,0.179257,0.122484,-0.208870,-0.062196,0.122060,-0.041260,-0.272040,0.123554,-0.227827,0.037971,-0.025897,0.007955,0.064949,0.093431,0.138060,-0.345527,1.145201,0.012561,0.028656,0.046442,0.111341,-0.204185,0.529721,1.009606,0.283841,0.143105,-0.098636
-0.049305,7.268401,0.784224,0.002454,-0.001670,-0.745766,0.666201,0.120779,0.030244,0.179732,0.122435,-0.207669,-0.061467,0.121653,-0.041965,-0.272675,0.123542,-0.227034,0.038285,-0.025866,0.007981,0.065171,0.092626,0.137757,-0.347743,1.144536,0.012581,0.028024,0.047724,0.110804,-0.204503,0.530691,1.007947,0.284957,0.142705,-0.098004
-0.049127,7.268740,0.784339,0.002566,-0.001740,-0.745566,0.666424,0.120047,0.029794,0.180120,0.122410,-0.206687,-0.060762,0.121110,-0.042518,-0.273311,0.123519,-0.226199,0.038499,-0.025795,0.008195,0.065318,0.091749,0.137461,-0.350007,1.143983,0.012657,0.027495,0.049231,0.110305,-0.204821,0.531739,1.006448,0.285718,0.142556,-0.097196
-0.048994,7.269128,0.784434,0.002621,-0.001750,-0.745397,0.666614,0.119301,0.029487,0.180448,0.122399,-0.205939,-0.060043,0.120518,-0.042889,-0.273866,0.123503,-0.225344,0.038588,-0.025550,0.008672,0.065515,0.090819,0.137115,-0.352073,1.143407,0.012548,0.027255,0.050293,0.109910,-0.205200,0.532648,1.005237,0.286155,0.142416,-0.096048
-0.048814,7.269504,0.784506,0.002602,-0.001693,-0.745273,0.666752,0.118557,0.029353,0.180728,0.122401,-0.205465,-0.059289,0.119883,-0.043015,-0.274313,0.123488,-0.224457,0.038461,-0.025239,0.009406,0.065858,0.089923,0.136818,-0.353620,1.142612,0.012292,0.027450,0.050739,0.109402,-0.205505,0.533371,1.004569,0.286078,0.142231,-0.094169
-0.048588,7.269919,0.784578,0.002535,-0.001556,-0.745173,0.666864,0.117767,0.029378,0.180942,0.122428,-0.205260,-0.058523,0.119172,-0.042932,-0.274699,0.123466,-0.223533,0.038161,-0.024934,0.010297,0.066287,0.089079,0.136659,-0.354698,1.141644,0.012085,0.027950,0.050874,0.108723,-0.205654,0.533995,1.004415,0.285467,0.142119,-0.091743
-0.048365,7.270341,0.784644,0.002444,-0.001370,-0.745081,0.666969,0.116924,0.029495,0.181076,0.122453,-0.205212,-0.057777,0.118399,-0.042739,-0.275052,0.123442,-0.222599,0.037848,-0.024387,0.011518,0.066585,0.088058,0.136205,-0.356131,1.140981,0.011551,0.028524,0.050934,0.108346,-0.206054,0.534748,1.004283,0.284903,0.142094,-0.089558
-0.048113,7.270757,0.784692,0.002342,-0.001167,-0.744977,0.667085,0.116059,0.029634,0.181112,0.122485,-0.205254,-0.057083,0.117616,-0.042537,-0.275401,0.123411,-0.221685,0.037684,-0.024010,0.012652,0.066995,0.087203,0.135981,-0.357023,1.140053,0.011186,0.028957,0.050591,0.107710,-0.206243,0.535802,1.004416,0.284330,0.142153,-0.088136
-0.047843,7.271191,0.784724,0.002254,-0.000931,-0.744857,0.667219,0.115108,0.029803,0.181036,0.122515,-0.205400,-0.056439,0.116758,-0.042337,-0.275755,0.123369,-0.220782,0.037751,-0.023599,0.013795,0.067359,0.086392,0.135834,-0.357686,1.139103,0.010824,0.029174,0.049776,0.107020,-0.206365,0.537182,1.004758,0.284034,0.142253,-0.087752
-0.047565,7.271624,0.784760,0.002164,-0.000654,-0.744730,0.667362,0.114073,0.030027,0.180862,0.122553,-0.205674,-0.055829,0.115843,-0.042089,-0.276098,0.123316,-0.219893,0.037950,-0.023448,0.015069,0.067601,0.085800,0.135613,-0.357980,1.138085,0.010377,0.029299,0.048621,0.106221,-0.206543,0.539386,1.005400,0.284120,0.142392,-0.088131
-0.047258,7.272082,0.784782,0.002038,-0.000380,-0.744603,0.667504,0.113099,0.030279,0.180606,0.122580,-0.206006,-0.055274,0.114986,-0.041814,-0.276422,0.123251,-0.219011,0.038176,-0.023175,0.016347,0.068015,0.085122,0.135496,-0.358241,1.137015,0.009963,0.029395,0.047385,0.105409,-0.206638,0.541380,1.006044,0.283870,0.142694,-0.088898
-0.046909,7.272516,0.784795,0.001839,-0.000149,-0.744486,0.667635,0.112300,0.030533,0.180295,0.122616,-0.206342,-0.054790,0.114266,-0.041528,-0.276720,0.123216,-0.218142,0.038321,-0.023248,0.017645,0.068566,0.084661,0.135385,-0.358437,1.135771,0.009444,0.029527,0.046524,0.104470,-0.206727,0.543894,1.006650,0.283454,0.143225,-0.090010
-0.046540,7.272996,0.784815,0.001534,0.000006,-0.744368,0.667768,0.111749,0.030787,0.179876,0.122657,-0.206635,-0.054407,0.113836,-0.041240,-0.277048,0.123163,-0.217287,0.038359,-0.023420,0.018939,0.069440,0.084214,0.135331,-0.358857,1.134379,0.008827,0.029725,0.046274,0.103465,-0.206769,0.546632,1.007075,0.282404,0.144175,-0.091640
-0.046190,7.273513,0.784836,0.001147,0.000115,-0.744247,0.667904,0.111395,0.031050,0.179359,0.122685,-0.206945,-0.054108,0.113597,-0.040937,-0.277388,0.123118,-0.216457,0.038349,-0.023406,0.020232,0.070562,0.083608,0.135368,-0.359645,1.132986,0.008088,0.029958,0.046376,0.102544,-0.206744,0.549207,1.007316,0.280768,0.145455,-0.093752
-0.045821,7.273966,0.784852,0.000743,0.000224,-0.744149,0.668013,0.111066,0.031321,0.178846,0.122723,-0.207270,-0.053839,0.113345,-0.040617,-0.277629,0.123078,-0.215615,0.038307,-0.023554,0.021520,0.071695,0.083230,0.135493,-0.360364,1.131420,0.007254,0.030179,0.046425,0.101611,-0.206644,0.551788,1.007565,0.279205,0.146723,-0.095839
-0.045422,7.274426,0.784878,0.000375,0.000384,-0.744099,0.668069,0.110626,0.031609,0.178436,0.122761,-0.207615,-0.053549,0.112905,-0.040263,-0.277658,0.123046,-0.214752,0.038253,-0.023647,0.022833,0.072720,0.082886,0.135638,-0.360974,1.129917,0.006396,0.030333,0.045977,0.100877,-0.206506,0.553559,1.007688,0.277930,0.147678,-0.097239
-0.045020,7.274895,0.784904,0.000026,0.000599,-0.744099,0.668069,0.110102,0.031939,0.178132,0.122798,-0.207994,-0.053209,0.112297,-0.039832,-0.277449,0.123007,-0.213800,0.038166,-0.023816,0.024226,0.073614,0.082724,0.135791,-0.361386,1.128385,0.005467,0.030335,0.044905,0.100327,-0.206344,0.554583,1.007781,0.277221,0.148176,-0.097613
-0.044595,7.275392,0.784923,-0.000321,0.000845,-0.744134,0.668029,0.109552,0.032299,0.177885,0.122842,-0.208410,-0.052853,0.111596,-0.039343,-0.277068,0.122965,-0.212790,0.038043,-0.024023,0.025689,0.074459,0.082605,0.135910,-0.361655,1.126918,0.004517,0.030228,0.043439,0.099968,-0.206209,0.555011,1.007749,0.276786,0.148415,-0.097333
-0.044135,7.275873,0.784946,-0.000611,0.001122,-0.744208,0.667946,0.108877,0.032620,0.177711,0.122880,-0.208820,-0.052516,0.110726,-0.038882,-0.276542,0.122936,-0.211843,0.037940,-0.024290,0.027017,0.075136,0.082669,0.136194,-0.361903,1.125411,0.003439,0.030182,0.041749,0.099636,-0.205867,0.555212,1.007740,0.276553,0.148524,-0.097043
-0.043632,7.276384,0.784967,-0.000788,0.001452,-0.744348,0.667790,0.107966,0.032876,0.177697,0.122902,-0.209204,-0.052244,0.109556,-0.038496,-0.275801,0.122916,-0.211045,0.037884,-0.024478,0.028254,0.075603,0.082937,0.136541,-0.362057,1.123787,0.002464,0.030395,0.039964,0.099162,-0.205374,0.555121,1.007829,0.276137,0.148639,-0.097187
-0.043173,7.276879,0.784969,-0.000812,0.001864,-0.744573,0.667538,0.106712,0.033062,0.177869,0.122927,-0.209597,-0.052098,0.107984,-0.038201,-0.274795,0.122891,-0.210426,0.037968,-0.024567,0.029297,0.075743,0.083236,0.136950,-0.361944,1.122329,0.001663,0.030899,0.038089,0.098756,-0.204656,0.554701,1.007743,0.275416,0.148864,-0.097871
-0.042730,7.277351,0.784947,-0.000722,0.002344,-0.744873,0.667202,0.105210,0.033212,0.178205,0.122928,-0.209996,-0.052042,0.106091,-0.037949,-0.273535,0.122866,-0.209937,0.038137,-0.024625,0.030218,0.075607,0.083653,0.137403,-0.361600,1.120944,0.000961,0.031611,0.036073,0.098248,-0.203645,0.553973,1.007773,0.274564,0.149074,-0.098830
-0.042252,7.277861,0.784933,-0.000588,0.002815,-0.745167,0.666872,0.103640,0.033257,0.178534,0.122935,-0.210332,-0.051957,0.104145,-0.037801,-0.272297,0.122851,-0.209563,0.038257,-0.024756,0.031007,0.075391,0.083967,0.137825,-0.361304,1.119824,0.000279,0.032410,0.033966,0.097736,-0.202517,0.553130,1.007801,0.273780,0.149240,-0.100197
-0.041752,7.278372,0.784914,-0.000476,0.003196,-0.745374,0.666639,0.102188,0.033131,0.178685,0.122921,-0.210498,-0.051722,0.102421,-0.037806,-0.271353,0.122855,-0.209298,0.038203,-0.025044,0.031627,0.075309,0.083969,0.138221,-0.361357,1.119116,-0.000484,0.033173,0.031797,0.097261,-0.201416,0.552345,1.007761,0.273258,0.149328,-0.102097
-0.041237,7.278899,0.784916,-0.000371,0.003480,-0.745468,0.666533,0.100798,0.032783,0.178589,0.122928,-0.210462,-0.051280,0.100893,-0.038022,-0.270783,0.122891,-0.209204,0.037807,-0.025501,0.031924,0.075361,0.083616,0.138748,-0.361999,1.118840,-0.001600,0.033832,0.029737,0.096678,-0.200056,0.551576,1.007868,0.273107,0.149303,-0.104905
-0.040713,7.279425,0.784920,-0.000254,0.003709,-0.745492,0.666504,0.099427,0.032269,0.178346,0.122914,-0.210269,-0.050704,0.099468,-0.038397,-0.270436,0.122928,-0.209264,0.037182,-0.026237,0.032233,0.075575,0.082985,0.139070,-0.362806,1.118890,-0.002844,0.034443,0.027707,0.096440,-0.199292,0.550968,1.007221,0.273360,0.149287,-0.108382
-0.040192,7.279891,0.784917,-0.000171,0.003871,-0.745475,0.666522,0.098199,0.031684,0.178030,0.122914,-0.210013,-0.050075,0.098235,-0.038858,-0.270248,0.122990,-0.209367,0.036619,-0.026823,0.032282,0.075807,0.082191,0.139602,-0.363998,1.119196,-0.003957,0.035164,0.025366,0.096152,-0.198136,0.550079,1.006894,0.273514,0.149152,-0.111904
-0.039731,7.280340,0.784901,-0.000172,0.003953,-0.745441,0.666559,0.097283,0.031119,0.177715,0.122905,-0.209778,-0.049475,0.097352,-0.039312,-0.270154,0.123011,-0.209368,0.036414,-0.027397,0.032158,0.076092,0.081462,0.140284,-0.365030,1.119558,-0.004401,0.036118,0.022342,0.095843,-0.196766,0.549208,1.006831,0.273412,0.148925,-0.114815
-0.039281,7.280781,0.784868,-0.000264,0.003930,-0.745395,0.666612,0.096724,0.030550,0.177406,0.122900,-0.209583,-0.048928,0.096863,-0.039787,-0.270160,0.123017,-0.209256,0.036771,-0.028073,0.032096,0.076553,0.080633,0.140770,-0.365655,1.120150,-0.003776,0.037403,0.018225,0.095906,-0.195888,0.548423,1.006331,0.273052,0.148711,-0.116815
-0.038880,7.281229,0.784842,-0.000418,0.003811,-0.745322,0.666693,0.096446,0.029934,0.177068,0.122889,-0.209382,-0.048389,0.096701,-0.040319,-0.270297,0.123006,-0.209090,0.037494,-0.028646,0.031802,0.077101,0.079732,0.141453,-0.366348,1.120898,-0.002524,0.038944,0.013291,0.096031,-0.194770,0.547430,1.005999,0.272415,0.148420,-0.118314
-0.038418,7.281612,0.784801,-0.000634,0.003643,-0.745227,0.666800,0.096381,0.029344,0.176723,0.122875,-0.209171,-0.047833,0.096780,-0.040835,-0.270525,0.122980,-0.208867,0.038300,-0.029255,0.031441,0.077657,0.078930,0.142156,-0.366961,1.121664,-0.001029,0.040509,0.008295,0.096199,-0.193700,0.546625,1.005727,0.271762,0.148026,-0.119600
-0.038006,7.281977,0.784772,-0.000906,0.003469,-0.745112,0.666930,0.096447,0.028856,0.176390,0.122888,-0.208960,-0.047232,0.097010,-0.041268,-0.270807,0.122971,-0.208616,0.038901,-0.029888,0.031171,0.078124,0.078344,0.142718,-0.367533,1.122364,0.000267,0.041873,0.004007,0.096464,-0.192854,0.546226,1.005414,0.271289,0.147491,-0.120944
-0.037660,7.282272,0.784762,-0.001263,0.003289,-0.744979,0.667079,0.096723,0.028512,0.176104,0.122902,-0.208746,-0.046563,0.097429,-0.041573,-0.271127,0.122972,-0.208322,0.039160,-0.030494,0.030941,0.078483,0.078045,0.143244,-0.368171,1.122976,0.001263,0.042985,0.000635,0.096719,-0.192016,0.546379,1.005347,0.271054,0.146671,-0.122463
-0.037305,7.282559,0.784755,-0.001698,0.003084,-0.744826,0.667249,0.097200,0.028267,0.175846,0.122938,-0.208535,-0.045842,0.098077,-0.041795,-0.271506,0.122972,-0.207987,0.039259,-0.031119,0.030895,0.078829,0.077779,0.143457,-0.368737,1.123745,0.002261,0.043943,-0.002197,0.097238,-0.191640,0.546952,1.005018,0.270988,0.145684,-0.123956
-0.036919,7.282819,0.784756,-0.002152,0.002869,-0.744650,0.667446,0.097760,0.028047,0.175554,0.122951,-0.208292,-0.045117,0.098816,-0.042002,-0.271961,0.122976,-0.207607,0.039358,-0.031755,0.030768,0.079034,0.077755,0.143715,-0.369300,1.124366,0.003122,0.044820,-0.004693,0.097673,-0.191148,0.547638,1.004904,0.270939,0.144678,-0.125385
-0.036560,7.283080,0.784765,-0.002560,0.002670,-0.744455,0.667663,0.098211,0.027787,0.175192,0.122972,-0.208016,-0.044427,0.099493,-0.042251,-0.272488,0.122965,-0.207153,0.039625,-0.032402,0.030680,0.079134,0.077803,0.143829,-0.369650,1.124830,0.003964,0.045646,-0.007065,0.098220,-0.190906,0.547994,1.004438,0.270703,0.143938,-0.126570
-0.036230,7.283320,0.784774,-0.002947,0.002460,-0.744203,0.667942,0.098634,0.027472,0.174640,0.122994,-0.207721,-0.043815,0.100224,-0.042558,-0.273171,0.122946,-0.206632,0.040175,-0.033245,0.030578,0.079088,0.078121,0.143881,-0.369853,1.125012,0.004600,0.046451,-0.009240,0.098734,-0.190769,0.548069,1.003894,0.270322,0.143410,-0.127542
-0.035926,7.283542,0.784795,-0.003319,0.002257,-0.743918,0.668259,0.099047,0.027147,0.173983,0.122998,-0.207402,-0.043252,0.100993,-0.042874,-0.273956,0.122917,-0.206047,0.040893,-0.034032,0.030358,0.078809,0.078665,0.144015,-0.370158,1.125015,0.005023,0.047222,-0.011137,0.099237,-0.190414,0.547837,1.003485,0.269745,0.142989,-0.128384
-0.035614,7.283748,0.784829,-0.003658,0.002057,-0.743632,0.668576,0.099376,0.026791,0.173338,0.123020,-0.207034,-0.042659,0.101692,-0.043236,-0.274779,0.122887,-0.205411,0.041617,-0.034771,0.030125,0.078496,0.079245,0.144074,-0.370283,1.124886,0.005453,0.047915,-0.012952,0.099737,-0.190211,0.547548,1.002899,0.269167,0.142785,-0.129045
-0.035318,7.283942,0.784877,-0.003946,0.001863,-0.743380,0.668855,0.099601,0.026382,0.172820,0.123019,-0.206568,-0.041960,0.102236,-0.043677,-0.275580,0.122858,-0.204748,0.042190,-0.035266,0.029808,0.078177,0.079694,0.144100,-0.370374,1.124749,0.005898,0.048505,-0.014811,0.100174,-0.190092,0.547337,1.002247,0.268735,0.142856,-0.129584
-0.035034,7.284155,0.784954,-0.004179,0.001677,-0.743177,0.669080,0.099698,0.025939,0.172484,0.123031,-0.205983,-0.041129,0.102595,-0.044190,-0.276354,0.122857,-0.204076,0.042508,-0.035402,0.029395,0.077834,0.080020,0.144108,-0.370434,1.124580,0.006364,0.048996,-0.016802,0.100599,-0.190034,0.547157,1.001384,0.268503,0.143328,-0.130052
-0.034779,7.284429,0.785031,-0.004351,0.001516,-0.743022,0.669251,0.099657,0.025476,0.172319,0.123037,-0.205304,-0.040210,0.102761,-0.044749,-0.277072,0.122864,-0.203360,0.042668,-0.035243,0.028903,0.077406,0.080279,0.144107,-0.370454,1.124348,0.006786,0.049392,-0.018824,0.100961,-0.190002,0.546996,1.000397,0.268430,0.144115,-0.130418
-0.034496,7.284728,0.785112,-0.004539,0.001293,-0.742814,0.669481,0.099667,0.024893,0.172003,0.123045,-0.204584,-0.039221,0.103065,-0.045432,-0.277977,0.122857,-0.202678,0.042864,-0.035048,0.028278,0.077084,0.080510,0.144109,-0.370544,1.124072,0.007278,0.049718,-0.020768,0.101465,-0.189963,0.546704,0.999384,0.268225,0.145031,-0.130600
-0.034207,7.285065,0.785209,-0.004644,0.001090,-0.742633,0.669681,0.099483,0.024228,0.171754,0.123048,-0.203890,-0.038214,0.103137,-0.046186,-0.278771,0.122835,-0.201943,0.043208,-0.034739,0.027615,0.076756,0.080578,0.144112,-0.370779,1.123829,0.007701,0.049927,-0.022486,0.101679,-0.189945,0.546551,0.998899,0.267963,0.145787,-0.130459
-0.033924,7.285434,0.785297,-0.004650,0.000913,-0.742480,0.669852,0.099071,0.023433,0.171571,0.123039,-0.203232,-0.037189,0.102950,-0.047048,-0.279455,0.122800,-0.201182,0.043773,-0.034251,0.026871,0.076266,0.080568,0.144125,-0.371368,1.123592,0.007966,0.049953,-0.023922,0.101687,-0.189938,0.546592,0.999050,0.267557,0.146396,-0.129887
-0.033598,7.285814,0.785379,-0.004570,0.000736,-0.742346,0.670001,0.098494,0.022528,0.171441,0.123013,-0.202569,-0.036128,0.102562,-0.048015,-0.280075,0.122781,-0.200407,0.044472,-0.033675,0.026029,0.075696,0.080504,0.144148,-0.372085,1.123331,0.008173,0.049819,-0.025169,0.101484,-0.189947,0.546844,0.999665,0.267069,0.146961,-0.128978
-0.033285,7.286198,0.785460,-0.004474,0.000581,-0.742221,0.670140,0.097818,0.021580,0.171329,0.123000,-0.201936,-0.035045,0.102063,-0.049016,-0.280646,0.122750,-0.199592,0.045217,-0.032971,0.025197,0.075145,0.080419,0.144194,-0.373043,1.123030,0.008238,0.049711,-0.026201,0.101238,-0.189974,0.547169,1.000498,0.266744,0.147391,-0.128000
-0.032936,7.286611,0.785533,-0.004392,0.000445,-0.742148,0.670222,0.097134,0.020689,0.171359,0.122980,-0.201354,-0.033963,0.101479,-0.049948,-0.281022,0.122728,-0.198714,0.045900,-0.032276,0.024450,0.074913,0.080220,0.144204,-0.373352,1.122719,0.008778,0.049768,-0.027213,0.100850,-0.189995,0.547323,1.001306,0.266393,0.147644,-0.127059
-0.032558,7.287057,0.785605,-0.004351,0.000321,-0.742033,0.670349,0.096427,0.019810,0.171281,0.122978,-0.200816,-0.032895,0.100922,-0.050867,-0.281476,0.122713,-0.197839,0.046503,-0.031631,0.023867,0.074890,0.079986,0.144205,-0.373887,1.122419,0.009225,0.050075,-0.028056,0.100293,-0.190058,0.547458,1.002407,0.266623,0.147541,-0.126313
-0.032159,7.287524,0.785678,-0.004311,0.000221,-0.741971,0.670418,0.095629,0.018979,0.171366,0.123098,-0.200412,-0.031846,0.100252,-0.051744,-0.281741,0.122700,-0.196918,0.047055,-0.030861,0.023341,0.075083,0.079652,0.144181,-0.374052,1.122129,0.010010,0.050531,-0.028831,0.099733,-0.190114,0.547420,1.003521,0.266930,0.147223,-0.125596
-0.031696,7.288019,0.785757,-0.004276,0.000133,-0.741923,0.670472,0.094791,0.018143,0.171446,0.123238,-0.200033,-0.030743,0.099534,-0.052605,-0.281927,0.122662,-0.195917,0.047632,-0.030072,0.022871,0.075415,0.079260,0.144148,-0.374147,1.121826,0.010816,0.051048,-0.029427,0.099067,-0.190166,0.547389,1.004660,0.267210,0.146850,-0.124885
-0.031271,7.288549,0.785835,-0.004257,0.000063,-0.741873,0.670527,0.093857,0.017279,0.171420,0.123485,-0.199664,-0.029520,0.098762,-0.053461,-0.282079,0.122641,-0.194820,0.048295,-0.029320,0.022495,0.075885,0.078747,0.144060,-0.374350,1.121507,0.011381,0.051550,-0.029762,0.098100,-0.190276,0.547444,1.005851,0.267314,0.146590,-0.124113
-0.030783,7.289129,0.785925,-0.004223,-0.000002,-0.741864,0.670537,0.092855,0.016376,0.171391,0.123775,-0.199274,-0.028118,0.097890,-0.054311,-0.282065,0.122610,-0.193533,0.049161,-0.028450,0.022209,0.076390,0.078125,0.143873,-0.374769,1.121263,0.011551,0.052073,-0.029647,0.097125,-0.190501,0.547737,1.006765,0.267205,0.146523,-0.123359
-0.030303,7.289705,0.786008,-0.004181,-0.000057,-0.741882,0.670517,0.091765,0.015450,0.171347,0.124147,-0.198898,-0.026591,0.096931,-0.055140,-0.281925,0.122559,-0.192085,0.050154,-0.027536,0.021931,0.076996,0.077484,0.143726,-0.375202,1.120958,0.011542,0.052647,-0.029227,0.096019,-0.190695,0.548140,1.007631,0.266892,0.146533,-0.122609
-0.029755,7.290265,0.786079,-0.004160,-0.000085,-0.741904,0.670493,0.090642,0.014542,0.171264,0.124547,-0.198555,-0.025034,0.095953,-0.055936,-0.281747,0.122506,-0.190650,0.051067,-0.026660,0.021813,0.077629,0.076844,0.143460,-0.375764,1.120616,0.011424,0.053164,-0.028674,0.094898,-0.191058,0.548727,1.008370,0.266653,0.146584,-0.121878
-0.029169,7.290778,0.786138,-0.004175,-0.000085,-0.741909,0.670487,0.089491,0.013716,0.171117,0.125002,-0.198280,-0.023549,0.094976,-0.056668,-0.281605,0.122487,-0.189378,0.051682,-0.025896,0.021869,0.078277,0.076196,0.143105,-0.376336,1.120251,0.011434,0.053498,-0.028242,0.093886,-0.191593,0.549388,1.008869,0.266582,0.146670,-0.121167
-0.028587,7.291347,0.786212,-0.004255,-0.000046,-0.741909,0.670487,0.088347,0.013027,0.170934,0.125538,-0.198113,-0.022149,0.094054,-0.057282,-0.281483,0.122480,-0.188358,0.051742,-0.025193,0.022058,0.078965,0.075653,0.142798,-0.376864,1.119704,0.011708,0.053628,-0.028135,0.092743,-0.192128,0.550103,1.009461,0.266715,0.146746,-0.120377
-0.027960,7.291923,0.786273,-0.004370,0.000018,-0.741908,0.670487,0.087175,0.012429,0.170716,0.126146,-0.198023,-0.020780,0.092844,-0.057901,-0.281331,0.123148,-0.187846,0.051433,-0.024556,0.022445,0.079695,0.075137,0.142400,-0.377384,1.119089,0.012110,0.053594,-0.028162,0.091733,-0.192930,0.551013,1.009724,0.267074,0.146874,-0.119561
-0.027351,7.292516,0.786325,-0.004484,0.000098,-0.741876,0.670522,0.085974,0.011822,0.170401,0.126705,-0.197918,-0.019459,0.091577,-0.058543,-0.281242,0.123910,-0.187402,0.051197,-0.024062,0.022812,0.080435,0.074709,0.142130,-0.378007,1.118269,0.012435,0.053479,-0.028107,0.090568,-0.193565,0.551850,1.010126,0.267336,0.146994,-0.118837
-0.026760,7.293091,0.786373,-0.004559,0.000185,-0.741779,0.670629,0.084727,0.011105,0.169930,0.127104,-0.197713,-0.018198,0.090431,-0.059245,-0.281304,0.124283,-0.186632,0.051484,-0.023840,0.023162,0.081147,0.074313,0.141873,-0.378842,1.117308,0.012473,0.053325,-0.027691,0.089572,-0.194272,0.552609,1.010227,0.267412,0.147139,-0.118362
-0.026111,7.293718,0.786403,-0.004595,0.000231,-0.741574,0.670855,0.083511,0.010194,0.169176,0.127274,-0.197362,-0.016998,0.089585,-0.060091,-0.281646,0.124144,-0.185423,0.052625,-0.024073,0.023381,0.081924,0.073979,0.141716,-0.379992,1.116050,0.012022,0.053045,-0.026688,0.088476,-0.194797,0.553206,1.010344,0.267035,0.147347,-0.118224
-0.025452,7.294312,0.786428,-0.004612,0.000263,-0.741290,0.671169,0.082297,0.009171,0.168207,0.127299,-0.196922,-0.015854,0.088906,-0.061024,-0.282185,0.123680,-0.183933,0.054307,-0.024446,0.023683,0.082758,0.073607,0.141504,-0.381722,1.114593,0.011105,0.052651,-0.025227,0.087877,-0.195733,0.553593,1.009688,0.266461,0.147670,-0.118323
-0.024724,7.294927,0.786454,-0.004589,0.000360,-0.741004,0.671485,0.080959,0.008159,0.167259,0.127212,-0.196411,-0.014765,0.088113,-0.061905,-0.282697,0.123086,-0.182370,0.056028,-0.024887,0.023969,0.083471,0.073243,0.141366,-0.383322,1.113176,0.010300,0.052318,-0.023803,0.087201,-0.196519,0.553877,1.009142,0.265877,0.147889,-0.118504
-0.023994,7.295540,0.786496,-0.004487,0.000591,-0.740794,0.671717,0.079322,0.007304,0.166568,0.127112,-0.195865,-0.013737,0.086883,-0.062599,-0.282956,0.122593,-0.180952,0.057284,-0.025020,0.024357,0.083869,0.072800,0.141241,-0.384648,1.112067,0.009933,0.052284,-0.022803,0.086661,-0.197351,0.554000,1.008562,0.265621,0.147880,-0.118616
-0.023279,7.296166,0.786542,-0.004272,0.000999,-0.740652,0.671874,0.077239,0.006610,0.166113,0.126999,-0.195269,-0.012756,0.085060,-0.063114,-0.282925,0.122219,-0.179673,0.058111,-0.025061,0.024727,0.083768,0.072300,0.141176,-0.385424,1.111386,0.010359,0.052684,-0.022290,0.085765,-0.197781,0.554108,1.008725,0.265732,0.147458,-0.118592
-0.022584,7.296830,0.786596,-0.003974,0.001543,-0.740547,0.671991,0.074826,0.006051,0.165789,0.126847,-0.194616,-0.011830,0.082743,-0.063521,-0.282713,0.122072,-0.178559,0.058718,-0.024746,0.025193,0.083336,0.071601,0.141093,-0.386345,1.111040,0.011085,0.053395,-0.021966,0.085379,-0.198367,0.553935,1.008405,0.266132,0.146862,-0.118575
-0.021913,7.297449,0.786655,-0.003653,0.002159,-0.740518,0.672023,0.072313,0.005639,0.165721,0.126696,-0.193958,-0.010983,0.080199,-0.063773,-0.282310,0.122039,-0.177586,0.058831,-0.024307,0.025752,0.082773,0.070979,0.141021,-0.386754,1.110840,0.011995,0.054178,-0.022012,0.084804,-0.198812,0.553759,1.008374,0.266687,0.146144,-0.118599
-0.021228,7.298060,0.786732,-0.003376,0.002787,-0.740608,0.671923,0.069905,0.005422,0.166026,0.126626,-0.193367,-0.010243,0.077647,-0.063806,-0.281706,0.122051,-0.176731,0.058179,-0.023569,0.026553,0.082337,0.070476,0.140867,-0.386588,1.110675,0.012709,0.054814,-0.022474,0.084433,-0.199539,0.553588,1.007935,0.267355,0.145534,-0.118778
-0.020584,7.298668,0.786767,-0.002978,0.003369,-0.740912,0.671587,0.067566,0.005075,0.167045,0.126365,-0.192710,-0.009578,0.068666,-0.065792,-0.280523,0.135795,-0.183036,0.056320,-0.022332,0.027197,0.081835,0.070194,0.140716,-0.385484,1.110537,0.013177,0.055267,-0.023651,0.083817,-0.200041,0.553621,1.007710,0.268207,0.145072,-0.119218
-0.019968,7.299240,0.786811,-0.002563,0.003995,-0.741353,0.671099,0.065225,0.004866,0.168515,0.126061,-0.192042,-0.008995,0.059374,-0.067654,-0.279224,0.149906,-0.189499,0.053461,-0.020967,0.028029,0.081330,0.070121,0.140443,-0.383383,1.110365,0.013666,0.055694,-0.025427,0.083153,-0.200695,0.553982,1.007340,0.269330,0.144696,-0.119823
-0.019395,7.299865,0.786846,-0.002171,0.004557,-0.741835,0.670564,0.063146,0.004637,0.170123,0.125631,-0.191325,-0.008499,0.050504,-0.069340,-0.277445,0.163327,-0.195949,0.050585,-0.019695,0.028882,0.080914,0.070167,0.140066,-0.380871,1.110376,0.014149,0.055991,-0.027214,0.082525,-0.201448,0.554433,1.006898,0.270507,0.144250,-0.120535
-0.018834,7.300454,0.786867,-0.001859,0.004953,-0.742257,0.670094,0.061590,0.004267,0.171539,0.125014,-0.190516,-0.008102,0.043096,-0.070667,-0.274871,0.174409,-0.201811,0.048684,-0.018630,0.029561,0.080698,0.070265,0.139747,-0.378696,1.110617,0.014542,0.056153,-0.028443,0.082033,-0.202077,0.554567,1.006498,0.271437,0.143565,-0.121275
-0.018269,7.300972,0.786869,-0.001639,0.005143,-0.742630,0.669680,0.060627,0.003683,0.172772,0.124234,-0.189613,-0.007803,0.037167,-0.071889,-0.271956,0.183486,-0.207263,0.047843,-0.017683,0.029947,0.080742,0.070507,0.139609,-0.377043,1.111060,0.014687,0.056053,-0.028818,0.081633,-0.202385,0.554173,1.006363,0.272091,0.142409,-0.122044
-0.017782,7.301422,0.786858,-0.001491,0.005193,-0.742994,0.669276,0.060131,0.002990,0.173962,0.123315,-0.188643,-0.007604,0.032204,-0.072988,-0.268705,0.191320,-0.212571,0.047610,-0.017099,0.030267,0.081091,0.070954,0.139451,-0.375054,1.111571,0.014881,0.055731,-0.028762,0.081288,-0.202774,0.553718,1.006121,0.272635,0.140976,-0.122826
-0.017372,7.301863,0.786842,-0.001437,0.005171,-0.743295,0.668942,0.059932,0.002382,0.174958,0.122456,-0.187747,-0.007522,0.028452,-0.073329,-0.264155,0.196798,-0.217204,0.048147,-0.016709,0.030578,0.081512,0.071422,0.139369,-0.373340,1.112240,0.015055,0.055467,-0.028586,0.081101,-0.203145,0.553200,1.005791,0.273015,0.139596,-0.123676
-0.017042,7.302180,0.786826,-0.001498,0.005144,-0.743479,0.668738,0.059620,0.002101,0.175618,0.122385,-0.187347,-0.007582,0.026180,-0.072287,-0.257348,0.198821,-0.220670,0.049625,-0.016505,0.030929,0.081819,0.071761,0.139443,-0.372177,1.113107,0.015316,0.055531,-0.028659,0.081082,-0.203362,0.552713,1.005380,0.273152,0.138610,-0.124613
-0.016831,7.302472,0.786799,-0.001735,0.005082,-0.743516,0.668697,0.059735,0.002142,0.175874,0.122339,-0.187102,-0.007826,0.025991,-0.069233,-0.246747,0.195871,-0.222536,0.052925,-0.016705,0.031417,0.082015,0.071966,0.139596,-0.371671,1.114241,0.015727,0.056079,-0.029177,0.081208,-0.203437,0.552394,1.004935,0.272992,0.138191,-0.125845
-0.016689,7.302666,0.786787,-0.002115,0.004955,-0.743443,0.668777,0.060266,0.002374,0.175831,0.122266,-0.186935,-0.008225,0.027600,-0.064748,-0.233271,0.188997,-0.223228,0.057649,-0.017304,0.031803,0.082489,0.072388,0.140295,-0.371327,1.114906,0.016415,0.056963,-0.030163,0.081582,-0.203528,0.552009,1.003908,0.272406,0.138189,-0.127141
-0.016611,7.302831,0.786788,-0.002489,0.004839,-0.743305,0.668931,0.060803,0.002687,0.175578,0.122210,-0.186799,-0.008687,0.029892,-0.059993,-0.219675,0.180895,-0.223452,0.062072,-0.017906,0.031970,0.082791,0.073006,0.141475,-0.371388,1.115368,0.016949,0.057960,-0.031085,0.082136,-0.203489,0.551756,1.002757,0.271843,0.138308,-0.128313
-0.016580,7.302976,0.786786,-0.002743,0.004817,-0.743143,0.669109,0.060976,0.003023,0.175197,0.122170,-0.186598,-0.009123,0.031655,-0.056004,-0.208723,0.174364,-0.223891,0.064506,-0.018375,0.031924,0.082785,0.073606,0.142785,-0.371328,1.115934,0.017424,0.058823,-0.031553,0.082653,-0.203339,0.551725,1.001742,0.271454,0.138321,-0.129037
-0.016600,7.303093,0.786795,-0.002839,0.004948,-0.742969,0.669302,0.060636,0.003440,0.174691,0.122141,-0.186320,-0.009512,0.032557,-0.052697,-0.200500,0.169939,-0.225138,0.064323,-0.018698,0.031760,0.082319,0.074039,0.144069,-0.371194,1.116886,0.017910,0.059544,-0.031365,0.083133,-0.203138,0.552115,1.000837,0.271415,0.138183,-0.129147
-0.016697,7.303256,0.786810,-0.002849,0.005179,-0.742758,0.669534,0.060006,0.003957,0.174021,0.122129,-0.186013,-0.009902,0.033215,-0.049588,-0.193749,0.166228,-0.226693,0.062516,-0.019002,0.031495,0.081532,0.074393,0.145412,-0.371070,1.118035,0.018434,0.060268,-0.030762,0.083606,-0.202904,0.552843,0.999979,0.271581,0.138011,-0.128835
-0.016809,7.303365,0.786814,-0.002819,0.005424,-0.742502,0.669816,0.059278,0.004480,0.173185,0.122133,-0.185676,-0.010315,0.033950,-0.047023,-0.189256,0.162811,-0.227409,0.059847,-0.019273,0.031167,0.080597,0.074620,0.146578,-0.370674,1.119471,0.018934,0.060818,-0.029913,0.084189,-0.202688,0.553581,0.999149,0.271689,0.137856,-0.128341
-0.016980,7.303510,0.786814,-0.002801,0.005607,-0.742195,0.670155,0.058659,0.004930,0.172180,0.122136,-0.185313,-0.010781,0.035040,-0.045358,-0.187809,0.159360,-0.226182,0.057045,-0.019563,0.030655,0.079763,0.075020,0.147761,-0.369654,1.120755,0.019324,0.061069,-0.029093,0.084888,-0.202454,0.554110,0.998356,0.271526,0.137752,-0.127888
-0.017192,7.303582,0.786820,-0.002787,0.005742,-0.741832,0.670556,0.058114,0.005309,0.170983,0.122152,-0.184914,-0.011339,0.036310,-0.045033,-0.190827,0.156351,-0.222381,0.053457,-0.019696,0.030147,0.078865,0.075306,0.148450,-0.367806,1.122513,0.019645,0.060728,-0.028211,0.085898,-0.202314,0.554104,0.997541,0.270914,0.137693,-0.127491
-0.017410,7.303613,0.786839,-0.002771,0.005869,-0.741416,0.671014,0.057547,0.005697,0.169590,0.122200,-0.184474,-0.011969,0.037690,-0.045716,-0.197519,0.153815,-0.216738,0.048964,-0.019860,0.029533,0.077941,0.075761,0.149078,-0.365166,1.124270,0.019938,0.059964,-0.027278,0.087059,-0.202184,0.553953,0.996682,0.270062,0.137661,-0.127031
-0.017676,7.303682,0.786821,-0.002794,0.005935,-0.740948,0.671531,0.057155,0.006066,0.168042,0.122229,-0.184033,-0.012608,0.039569,-0.046675,-0.205333,0.150764,-0.210158,0.045106,-0.020179,0.028800,0.077204,0.076232,0.149736,-0.362341,1.125844,0.020121,0.059271,-0.026306,0.088201,-0.202042,0.553891,0.995965,0.269145,0.137697,-0.126597
-0.017989,7.303760,0.786788,-0.002890,0.005884,-0.740426,0.672106,0.056980,0.006400,0.166389,0.122413,-0.183708,-0.013186,0.042338,-0.047178,-0.211672,0.146151,-0.203506,0.043418,-0.020766,0.027838,0.076879,0.076731,0.150742,-0.359986,1.126822,0.020045,0.059151,-0.025350,0.089162,-0.201801,0.554170,0.995553,0.268350,0.137835,-0.126281
-0.018413,7.303710,0.786772,-0.003042,0.005655,-0.739813,0.672781,0.057063,0.006559,0.164531,0.122812,-0.183560,-0.013643,0.046457,-0.047139,-0.215955,0.138986,-0.196543,0.045069,-0.021224,0.026791,0.076947,0.076421,0.151481,-0.358716,1.128089,0.019551,0.059825,-0.024231,0.090299,-0.201607,0.554173,0.995357,0.267482,0.138122,-0.126228
-0.018768,7.303821,0.786746,-0.003225,0.005283,-0.739125,0.673540,0.057569,0.006525,0.162496,0.122852,-0.183254,-0.014023,0.051459,-0.046975,-0.219471,0.130289,-0.189061,0.048980,-0.021799,0.025482,0.077369,0.075917,0.152363,-0.357820,1.129078,0.018770,0.061013,-0.023087,0.091459,-0.201360,0.554197,0.995338,0.266563,0.138522,-0.126342
-0.019176,7.303869,0.786707,-0.003455,0.004854,-0.738440,0.674293,0.058275,0.006517,0.160514,0.122855,-0.182947,-0.014405,0.056164,-0.046768,-0.222420,0.122526,-0.182436,0.053336,-0.022306,0.024044,0.077974,0.075456,0.153496,-0.357558,1.129685,0.017764,0.062384,-0.021879,0.092534,-0.201024,0.554389,0.995529,0.265796,0.138982,-0.126363
-0.019619,7.303987,0.786689,-0.003713,0.004418,-0.737849,0.674941,0.058999,0.006647,0.158852,0.122991,-0.182693,-0.014865,0.057674,-0.047096,-0.224909,0.121801,-0.179842,0.056343,-0.022553,0.022784,0.078478,0.074819,0.154291,-0.358095,1.130547,0.016729,0.063564,-0.020413,0.093465,-0.200817,0.554892,0.996003,0.265386,0.139475,-0.126050
-0.020111,7.304060,0.786709,-0.004055,0.004005,-0.737387,0.675447,0.059724,0.007092,0.157589,0.123453,-0.182613,-0.015483,0.058997,-0.047066,-0.227053,0.121656,-0.177829,0.057370,-0.022461,0.021525,0.079081,0.074472,0.155599,-0.359962,1.130737,0.015374,0.064607,-0.018706,0.094137,-0.200553,0.555912,0.996717,0.265578,0.140064,-0.125180
-0.020637,7.304116,0.786736,-0.004506,0.003611,-0.736995,0.675874,0.060482,0.007833,0.156555,0.124199,-0.182672,-0.016206,0.060397,-0.046642,-0.228805,0.121590,-0.176132,0.057417,-0.022212,0.020575,0.079745,0.073858,0.156615,-0.362773,1.131092,0.013867,0.065606,-0.016669,0.094622,-0.200425,0.557362,0.997750,0.266210,0.140760,-0.123963
-0.021123,7.304214,0.786769,-0.004957,0.003202,-0.736632,0.676268,0.061278,0.008602,0.155658,0.124979,-0.182750,-0.016905,0.061846,-0.046113,-0.230381,0.121521,-0.174730,0.057095,-0.021880,0.019685,0.080319,0.073299,0.157418,-0.365716,1.131511,0.012501,0.066458,-0.014664,0.095124,-0.200394,0.558877,0.998844,0.266872,0.141388,-0.122677
-0.021656,7.304243,0.786799,-0.005336,0.002781,-0.736254,0.676679,0.062075,0.009172,0.154805,0.125625,-0.182759,-0.017459,0.063280,-0.045769,-0.231991,0.121468,-0.173651,0.057009,-0.021401,0.018563,0.080672,0.073276,0.158373,-0.368262,1.131607,0.011400,0.067091,-0.013088,0.096068,-0.200417,0.560020,0.999473,0.267190,0.141775,-0.121586
-0.022158,7.304219,0.786828,-0.005632,0.002303,-0.735883,0.677081,0.062914,0.009492,0.154110,0.126208,-0.182731,-0.017764,0.064765,-0.045668,-0.233568,0.121429,-0.172952,0.057294,-0.020930,0.017288,0.080730,0.073617,0.158977,-0.369990,1.131941,0.010913,0.067416,-0.011711,0.097311,-0.200489,0.560993,0.999939,0.267074,0.141744,-0.120885
-0.022681,7.304127,0.786849,-0.005884,0.001786,-0.735532,0.677463,0.063813,0.009700,0.153572,0.126762,-0.182689,-0.017910,0.066302,-0.045641,-0.235044,0.121398,-0.172594,0.057630,-0.020413,0.015984,0.080554,0.074169,0.159247,-0.371347,1.132521,0.010837,0.067497,-0.010420,0.098728,-0.200596,0.561908,1.000399,0.266724,0.141424,-0.120399
-0.023140,7.304135,0.786896,-0.006086,0.001324,-0.735142,0.677884,0.064554,0.009854,0.152944,0.127267,-0.182607,-0.018062,0.067722,-0.045653,-0.236600,0.121391,-0.172483,0.057945,-0.019999,0.014705,0.080197,0.074864,0.159280,-0.371955,1.133082,0.011161,0.067402,-0.009707,0.100099,-0.200665,0.562474,1.000833,0.266053,0.141108,-0.119833
-0.023606,7.304106,0.786945,-0.006203,0.000944,-0.734636,0.678432,0.065052,0.009962,0.151915,0.127557,-0.182390,-0.018379,0.068958,-0.045710,-0.238475,0.121369,-0.172517,0.058179,-0.019835,0.013508,0.079504,0.075891,0.159236,-0.372120,1.133296,0.011328,0.067219,-0.009884,0.101620,-0.200808,0.562894,1.000952,0.265457,0.141064,-0.119099
-0.024047,7.304077,0.786963,-0.006180,0.000697,-0.733970,0.679153,0.065102,0.009982,0.150360,0.127630,-0.182007,-0.018907,0.069843,-0.045854,-0.240806,0.121350,-0.172719,0.058303,-0.020157,0.012402,0.078524,0.077256,0.159020,-0.370786,1.133009,0.012024,0.066831,-0.011621,0.103071,-0.201057,0.562864,1.000695,0.264505,0.141485,-0.117936
-0.024479,7.303959,0.786987,-0.006050,0.000540,-0.733184,0.680003,0.064862,0.009901,0.148437,0.127518,-0.181499,-0.019559,0.070509,-0.046084,-0.243444,0.121336,-0.173142,0.058345,-0.020965,0.011363,0.077278,0.078946,0.158557,-0.368128,1.132419,0.013216,0.066231,-0.014527,0.104462,-0.201382,0.562642,1.000188,0.263289,0.142186,-0.116519
-0.024928,7.303960,0.786997,-0.005886,0.000418,-0.732384,0.680866,0.064522,0.009819,0.146421,0.127302,-0.180943,-0.020300,0.071052,-0.046316,-0.246107,0.121318,-0.173633,0.058360,-0.021895,0.010411,0.075956,0.080670,0.157904,-0.365190,1.131765,0.014240,0.065638,-0.017644,0.105750,-0.201741,0.562259,0.999625,0.262126,0.142933,-0.115002
-0.025381,7.304019,0.787011,-0.005765,0.000282,-0.731674,0.681631,0.064323,0.009842,0.144585,0.127090,-0.180495,-0.021101,0.071624,-0.046436,-0.248489,0.121311,-0.174121,0.058380,-0.022684,0.009653,0.074795,0.082053,0.156982,-0.362820,1.131388,0.014537,0.065253,-0.020019,0.106934,-0.202231,0.561809,0.999037,0.261335,0.143528,-0.113516
-0.025847,7.304065,0.787003,-0.005697,0.000136,-0.731054,0.682296,0.064247,0.009980,0.142895,0.126875,-0.180136,-0.022009,0.072205,-0.046425,-0.250588,0.121304,-0.174588,0.058402,-0.023070,0.008775,0.073827,0.083356,0.156423,-0.361578,1.130697,0.013348,0.065255,-0.021564,0.108108,-0.202529,0.560888,0.998320,0.260921,0.143933,-0.111844
-0.026321,7.304109,0.786975,-0.005642,-0.000001,-0.730479,0.682912,0.064229,0.010169,0.141252,0.126557,-0.179785,-0.023017,0.072760,-0.046336,-0.252538,0.121275,-0.175077,0.058417,-0.023323,0.008051,0.072938,0.084291,0.155532,-0.360685,1.130268,0.011361,0.065439,-0.022668,0.109380,-0.203042,0.559592,0.997268,0.260714,0.144295,-0.109978
-0.026767,7.304135,0.786929,-0.005610,-0.000154,-0.729983,0.683442,0.064295,0.010397,0.139804,0.126253,-0.179507,-0.024021,0.073293,-0.046184,-0.254247,0.121260,-0.175541,0.058450,-0.023334,0.007454,0.072212,0.085107,0.154643,-0.360295,1.129882,0.009298,0.065686,-0.023414,0.110546,-0.203604,0.558276,0.996300,0.260734,0.144534,-0.108381
-0.027197,7.304178,0.786887,-0.005636,-0.000323,-0.729600,0.683850,0.064508,0.010650,0.138710,0.125956,-0.179282,-0.024916,0.073857,-0.045993,-0.255628,0.121238,-0.175908,0.058519,-0.023122,0.006971,0.071752,0.085903,0.153920,-0.360248,1.129549,0.008074,0.065838,-0.023912,0.111316,-0.204098,0.557344,0.995878,0.260936,0.144583,-0.107501
-0.027580,7.304255,0.786839,-0.005738,-0.000540,-0.729368,0.684097,0.064943,0.010940,0.138078,0.125755,-0.179203,-0.025677,0.074516,-0.045749,-0.256590,0.121208,-0.176157,0.058681,-0.022551,0.006768,0.071642,0.086461,0.153106,-0.360686,1.129631,0.008112,0.065845,-0.024013,0.111749,-0.204711,0.556849,0.995980,0.261598,0.144321,-0.107591
-0.027925,7.304364,0.786775,-0.005902,-0.000788,-0.729259,0.684211,0.065553,0.011267,0.137802,0.125582,-0.179213,-0.026361,0.075223,-0.045451,-0.257206,0.121193,-0.176333,0.058908,-0.021748,0.006703,0.071824,0.086947,0.152373,-0.361510,1.129831,0.008888,0.065801,-0.023768,0.111840,-0.205305,0.556697,0.996511,0.262658,0.143802,-0.108376
-0.028237,7.304464,0.786728,-0.006083,-0.001021,-0.729211,0.684261,0.066141,0.011618,0.137720,0.125470,-0.179260,-0.026973,0.075858,-0.045129,-0.257617,0.121183,-0.176450,0.059095,-0.020749,0.007038,0.072108,0.087018,0.151176,-0.362656,1.130514,0.009915,0.065677,-0.023252,0.111966,-0.206344,0.556623,0.996987,0.263562,0.143342,-0.109461
-0.028548,7.304602,0.786684,-0.006216,-0.001218,-0.729159,0.684315,0.066582,0.011979,0.137664,0.125349,-0.179257,-0.027527,0.076312,-0.044800,-0.257972,0.121164,-0.176521,0.059131,-0.019947,0.007292,0.072371,0.087352,0.150351,-0.363651,1.130717,0.010657,0.065534,-0.022854,0.111628,-0.207071,0.556776,0.997974,0.263728,0.143126,-0.110506
-0.028824,7.304750,0.786653,-0.006310,-0.001347,-0.729122,0.684353,0.066760,0.012384,0.137715,0.125376,-0.179281,-0.027981,0.076517,-0.044450,-0.258184,0.121144,-0.176536,0.058986,-0.019138,0.007870,0.072553,0.087426,0.149168,-0.364752,1.131055,0.010977,0.065405,-0.022343,0.111154,-0.208088,0.557140,0.999145,0.262887,0.143295,-0.111486
-0.029064,7.304899,0.786633,-0.006380,-0.001439,-0.729123,0.684351,0.066831,0.012821,0.137918,0.125433,-0.179308,-0.028344,0.076535,-0.044076,-0.258218,0.121155,-0.176509,0.058713,-0.018384,0.008415,0.072764,0.087684,0.148314,-0.365892,1.130994,0.011116,0.065304,-0.021799,0.110142,-0.208779,0.557839,1.000989,0.261342,0.143648,-0.112587
-0.029318,7.305066,0.786624,-0.006429,-0.001506,-0.729101,0.684374,0.066782,0.013236,0.138060,0.125491,-0.179265,-0.028702,0.076465,-0.043721,-0.258291,0.121154,-0.176444,0.058351,-0.017733,0.009120,0.072951,0.087781,0.147280,-0.366954,1.131151,0.011284,0.065041,-0.021310,0.109085,-0.209562,0.558411,1.002824,0.259528,0.144145,-0.113689
-0.029588,7.305268,0.786629,-0.006454,-0.001569,-0.728997,0.684485,0.066633,0.013560,0.137926,0.125489,-0.179072,-0.029139,0.076395,-0.043444,-0.258625,0.121144,-0.176367,0.057937,-0.017339,0.009724,0.073140,0.087983,0.146487,-0.367707,1.131251,0.011615,0.064482,-0.021167,0.108026,-0.210117,0.558499,1.004469,0.257813,0.144679,-0.114676
-0.029816,7.305486,0.786652,-0.006439,-0.001623,-0.728779,0.684716,0.066308,0.013783,0.137415,0.125423,-0.178676,-0.029728,0.076273,-0.043253,-0.259323,0.121143,-0.176264,0.057428,-0.017282,0.010197,0.073323,0.088386,0.145985,-0.367952,1.131338,0.012249,0.063299,-0.021610,0.106967,-0.210421,0.557943,1.005908,0.256063,0.145342,-0.115543
-0.030043,7.305723,0.786681,-0.006392,-0.001660,-0.728486,0.685028,0.065867,0.013933,0.136656,0.125264,-0.178115,-0.030407,0.076082,-0.043122,-0.260251,0.121154,-0.176137,0.056825,-0.017309,0.010793,0.073459,0.088514,0.145289,-0.368015,1.131921,0.013080,0.061635,-0.022366,0.106053,-0.210762,0.556747,1.007089,0.254098,0.146179,-0.116326
-0.030263,7.305967,0.786722,-0.006340,-0.001697,-0.728156,0.685380,0.065362,0.014023,0.135780,0.125139,-0.177508,-0.031057,0.075914,-0.043042,-0.261277,0.121139,-0.175998,0.056212,-0.017607,0.011313,0.073615,0.088818,0.144823,-0.367943,1.132178,0.013871,0.060146,-0.023129,0.105069,-0.210951,0.555512,1.008152,0.252449,0.146924,-0.117028
-0.030436,7.306187,0.786763,-0.006301,-0.001761,-0.727825,0.685731,0.064874,0.014080,0.134918,0.125128,-0.176955,-0.031560,0.075803,-0.043000,-0.262264,0.121151,-0.175891,0.055667,-0.017862,0.011894,0.073782,0.088767,0.144226,-0.368243,1.132499,0.014407,0.059400,-0.023422,0.104278,-0.211158,0.554162,1.008861,0.251436,0.147375,-0.117591
-0.030648,7.306407,0.786805,-0.006258,-0.001871,-0.727485,0.686092,0.064407,0.014065,0.134044,0.125210,-0.176415,-0.031838,0.075770,-0.043027,-0.263242,0.121172,-0.175806,0.055225,-0.018447,0.012385,0.073992,0.088835,0.143835,-0.368810,1.132148,0.014712,0.059963,-0.023043,0.103502,-0.211292,0.553087,1.009299,0.251467,0.147336,-0.118037
-0.030861,7.306656,0.786845,-0.006214,-0.002003,-0.727122,0.686477,0.063896,0.013989,0.133111,0.125419,-0.175891,-0.031971,0.075802,-0.043111,-0.264260,0.121178,-0.175734,0.054840,-0.019056,0.012884,0.074211,0.088656,0.143436,-0.369774,1.131699,0.014843,0.061366,-0.022207,0.102944,-0.211433,0.551776,1.009343,0.252149,0.146987,-0.118356
-0.031071,7.306910,0.786878,-0.006183,-0.002149,-0.726768,0.686852,0.063434,0.013900,0.132212,0.125628,-0.175381,-0.032069,0.075872,-0.043197,-0.265219,0.121179,-0.175663,0.054465,-0.019799,0.013350,0.074475,0.088577,0.143205,-0.370595,1.131024,0.014718,0.062775,-0.021392,0.102340,-0.211534,0.550713,1.009196,0.253171,0.146580,-0.118575
-0.031227,7.307119,0.786918,-0.006184,-0.002298,-0.726459,0.687178,0.063081,0.013851,0.131442,0.125767,-0.174901,-0.032244,0.075959,-0.043234,-0.266018,0.121188,-0.175598,0.054057,-0.020548,0.013817,0.074774,0.088639,0.143120,-0.370997,1.130360,0.014217,0.063343,-0.021027,0.101646,-0.211586,0.550096,1.008908,0.254150,0.146384,-0.118720
-0.031410,7.307370,0.786944,-0.006225,-0.002459,-0.726199,0.687452,0.062847,0.013859,0.130822,0.125894,-0.174513,-0.032530,0.076079,-0.043203,-0.266634,0.121205,-0.175514,0.053587,-0.020716,0.014412,0.075149,0.088415,0.143040,-0.371505,1.130124,0.012970,0.062623,-0.021272,0.101183,-0.211694,0.549169,1.008128,0.254919,0.146589,-0.118707
-0.031557,7.307601,0.786964,-0.006303,-0.002626,-0.725972,0.687690,0.062721,0.013888,0.130309,0.125954,-0.174139,-0.032867,0.076254,-0.043131,-0.267117,0.121198,-0.175414,0.053083,-0.020864,0.015038,0.075579,0.088222,0.143038,-0.371715,1.129944,0.011236,0.061134,-0.021913,0.100708,-0.211831,0.548510,1.007046,0.255851,0.147005,-0.118601
-0.031723,7.307825,0.786982,-0.006397,-0.002786,-0.725778,0.687893,0.062653,0.013941,0.129878,0.125995,-0.173804,-0.033220,0.076412,-0.043037,-0.267485,0.121224,-0.175356,0.052592,-0.020992,0.015673,0.075983,0.088031,0.143094,-0.371743,1.129833,0.009462,0.059489,-0.022624,0.100231,-0.211946,0.548199,1.005945,0.256650,0.147380,-0.118422
-0.031875,7.308055,0.786991,-0.006471,-0.002947,-0.725618,0.688061,0.062597,0.014014,0.129508,0.126035,-0.173499,-0.033555,0.076563,-0.042935,-0.267757,0.121229,-0.175367,0.052160,-0.021037,0.016291,0.076331,0.087787,0.143256,-0.371772,1.129760,0.008073,0.058292,-0.023115,0.099851,-0.212133,0.548184,1.004961,0.257002,0.147455,-0.118136
-0.032037,7.308254,0.786999,-0.006528,-0.003095,-0.725494,0.688191,0.062531,0.014122,0.129198,0.126117,-0.173249,-0.033859,0.076673,-0.042822,-0.267927,0.121245,-0.175487,0.051795,-0.020940,0.016909,0.076515,0.087341,0.143353,-0.371840,1.129963,0.007258,0.057759,-0.023226,0.099506,-0.212202,0.548526,1.004432,0.256600,0.147005,-0.117719
-0.032210,7.308436,0.786998,-0.006596,-0.003235,-0.725396,0.688292,0.062526,0.014246,0.128935,0.126165,-0.173017,-0.034150,0.076808,-0.042704,-0.268013,0.121261,-0.175703,0.051479,-0.020901,0.017491,0.076633,0.086941,0.143610,-0.371853,1.130146,0.006626,0.057540,-0.023188,0.099181,-0.212336,0.549557,1.004044,0.255929,0.146209,-0.117202
-0.032379,7.308617,0.786990,-0.006659,-0.003363,-0.725336,0.688354,0.062517,0.014399,0.128756,0.126244,-0.172842,-0.034449,0.076903,-0.042559,-0.267990,0.121274,-0.175928,0.051202,-0.020747,0.018092,0.076708,0.086460,0.143851,-0.371799,1.130473,0.006221,0.057428,-0.023032,0.098887,-0.212423,0.550575,1.003727,0.255029,0.145443,-0.116694
-0.032544,7.308781,0.786969,-0.006706,-0.003490,-0.725311,0.688380,0.062562,0.014561,0.128667,0.126223,-0.172666,-0.034773,0.076961,-0.042391,-0.267871,0.121297,-0.176124,0.050966,-0.020939,0.018591,0.076802,0.086508,0.144405,-0.371325,1.130303,0.005863,0.057231,-0.022887,0.098494,-0.212563,0.552057,1.003250,0.254576,0.145072,-0.116429
-0.032678,7.308914,0.786937,-0.006748,-0.003593,-0.725325,0.688364,0.062636,0.014726,0.128673,0.126130,-0.172522,-0.035135,0.076989,-0.042195,-0.267623,0.121290,-0.176264,0.050821,-0.020981,0.019086,0.076942,0.086554,0.145018,-0.370813,1.130193,0.005610,0.056767,-0.022672,0.098134,-0.212642,0.553158,1.002555,0.254217,0.145342,-0.116390
-0.032844,7.309060,0.786909,-0.006778,-0.003689,-0.725377,0.688309,0.062732,0.014904,0.128766,0.126001,-0.172416,-0.035522,0.076974,-0.041974,-0.267252,0.121296,-0.176398,0.050750,-0.020671,0.019694,0.076981,0.086164,0.145363,-0.370527,1.130755,0.005465,0.056153,-0.022249,0.097870,-0.212646,0.553819,1.001900,0.253761,0.145997,-0.116510
-0.033021,7.309205,0.786906,-0.006813,-0.003780,-0.725458,0.688223,0.062879,0.015103,0.128938,0.125823,-0.172305,-0.035916,0.076949,-0.041734,-0.266834,0.121303,-0.176507,0.050657,-0.020683,0.020184,0.077054,0.086283,0.145925,-0.369849,1.130746,0.005388,0.055721,-0.021867,0.097472,-0.212594,0.554846,1.001281,0.253596,0.146689,-0.116750
-0.033223,7.309361,0.786888,-0.006872,-0.003875,-0.725557,0.688116,0.063035,0.015350,0.129181,0.125751,-0.172240,-0.036300,0.076968,-0.041463,-0.266438,0.121295,-0.176595,0.050448,-0.020556,0.020665,0.077057,0.086288,0.146430,-0.369293,1.130846,0.005262,0.055705,-0.021484,0.097233,-0.212468,0.555556,1.000791,0.253541,0.147079,-0.116988
-0.033399,7.309473,0.786881,-0.006921,-0.003964,-0.725647,0.688021,0.063115,0.015637,0.129424,0.125795,-0.172204,-0.036664,0.076952,-0.041179,-0.266175,0.121312,-0.176677,0.050080,-0.020191,0.021327,0.076853,0.086027,0.146558,-0.369131,1.131230,0.005015,0.056316,-0.020968,0.097291,-0.212413,0.555708,1.000472,0.253659,0.147026,-0.117273
-0.033561,7.309585,0.786892,-0.007035,-0.004094,-0.725824,0.687832,0.063465,0.015996,0.129932,0.125743,-0.172172,-0.037042,0.077058,-0.040828,-0.265742,0.121318,-0.176723,0.049590,-0.020049,0.021680,0.076796,0.086177,0.147114,-0.368401,1.131069,0.004822,0.057397,-0.020590,0.097162,-0.212076,0.556342,1.000409,0.254193,0.146688,-0.117720
-0.033766,7.309722,0.786896,-0.007141,-0.004210,-0.725986,0.687659,0.063738,0.016356,0.130399,0.125778,-0.172152,-0.037403,0.077140,-0.040488,-0.265379,0.121328,-0.176757,0.049067,-0.019943,0.021915,0.076666,0.086526,0.147851,-0.367747,1.130692,0.004599,0.058602,-0.020281,0.096964,-0.211451,0.556706,1.000581,0.254644,0.146270,-0.118084
-0.033976,7.309838,0.786900,-0.007266,-0.004338,-0.726158,0.687475,0.064048,0.016724,0.130871,0.125867,-0.172141,-0.037748,0.077280,-0.040141,-0.264969,0.121337,-0.176784,0.048565,-0.019808,0.022057,0.076568,0.086873,0.148600,-0.367163,1.130421,0.004384,0.059580,-0.020104,0.096753,-0.210632,0.556792,1.000755,0.254819,0.145975,-0.118234
-0.034176,7.309957,0.786892,-0.007394,-0.004495,-0.726334,0.687288,0.064384,0.017095,0.131318,0.126004,-0.172094,-0.038059,0.077471,-0.039797,-0.264517,0.121371,-0.176821,0.048079,-0.019742,0.022193,0.076566,0.087138,0.149197,-0.366468,1.130360,0.004211,0.060252,-0.020111,0.096660,-0.209836,0.556533,1.000588,0.254613,0.145884,-0.118029
-0.034379,7.310085,0.786893,-0.007531,-0.004664,-0.726517,0.687092,0.064708,0.017469,0.131764,0.126280,-0.172090,-0.038343,0.077715,-0.039459,-0.264039,0.121379,-0.176831,0.047590,-0.019679,0.022567,0.076560,0.087249,0.149331,-0.365931,1.130645,0.003928,0.060779,-0.020131,0.097095,-0.209629,0.556137,0.999639,0.254410,0.145945,-0.117612
-0.034572,7.310198,0.786890,-0.007690,-0.004851,-0.726721,0.686873,0.065163,0.017863,0.132272,0.126443,-0.172051,-0.038637,0.078026,-0.039093,-0.263501,0.121380,-0.176833,0.047121,-0.019710,0.022674,0.076733,0.087486,0.149759,-0.364963,1.130689,0.004043,0.061207,-0.020388,0.097118,-0.208910,0.555502,0.999152,0.253828,0.146017,-0.117059
-0.034781,7.310291,0.786892,-0.007880,-0.005026,-0.726949,0.686628,0.065671,0.018301,0.132870,0.126590,-0.172086,-0.038972,0.078328,-0.038682,-0.262904,0.121409,-0.176827,0.046702,-0.019647,0.022887,0.076779,0.087779,0.150058,-0.364463,1.130805,0.004104,0.061535,-0.020510,0.097265,-0.208359,0.555275,0.998744,0.253631,0.146084,-0.116723
-0.035018,7.310412,0.786887,-0.008104,-0.005212,-0.727216,0.686342,0.066298,0.018814,0.133616,0.126679,-0.172222,-0.039388,0.078702,-0.038182,-0.262223,0.121406,-0.176806,0.046372,-0.019541,0.023075,0.076785,0.088235,0.150454,-0.364260,1.130763,0.004318,0.061786,-0.020556,0.097142,-0.207578,0.555466,0.998956,0.253777,0.146077,-0.116586
-0.035239,7.310503,0.786884,-0.008366,-0.005400,-0.727513,0.686022,0.067039,0.019372,0.134475,0.126707,-0.172416,-0.039855,0.079124,-0.037631,-0.261468,0.121406,-0.176778,0.046107,-0.019411,0.023194,0.076742,0.088823,0.150941,-0.364292,1.130639,0.004621,0.061947,-0.020572,0.096834,-0.206569,0.555942,0.999644,0.254142,0.146026,-0.116571
-0.035431,7.310596,0.786884,-0.008621,-0.005591,-0.727817,0.685694,0.067779,0.019938,0.135352,0.126753,-0.172632,-0.040311,0.079542,-0.037065,-0.260682,0.121399,-0.176724,0.045837,-0.019262,0.023347,0.076681,0.089436,0.151325,-0.364365,1.130567,0.005011,0.061994,-0.020608,0.096643,-0.205711,0.556473,1.000175,0.254464,0.146050,-0.116639
-0.035644,7.310693,0.786889,-0.008843,-0.005767,-0.728107,0.685382,0.068434,0.020457,0.136151,0.126838,-0.172809,-0.040693,0.079880,-0.036539,-0.259901,0.121417,-0.176642,0.045493,-0.019184,0.023416,0.076548,0.090152,0.151685,-0.364222,1.130542,0.005459,0.061924,-0.020737,0.096527,-0.204785,0.556935,1.000521,0.254432,0.146201,-0.116815
-0.035885,7.310776,0.786903,-0.009021,-0.005932,-0.728364,0.685105,0.068968,0.020897,0.136814,0.127017,-0.172935,-0.040951,0.080178,-0.036081,-0.259159,0.121417,-0.176496,0.045038,-0.019085,0.023513,0.076395,0.090822,0.151825,-0.363892,1.130750,0.006002,0.061628,-0.021055,0.096960,-0.204305,0.557177,0.999901,0.253844,0.146653,-0.117147
-0.036085,7.310842,0.786922,-0.009170,-0.006094,-0.728605,0.684846,0.069423,0.021296,0.137399,0.127300,-0.173073,-0.041130,0.080430,-0.035659,-0.258428,0.121435,-0.176308,0.044513,-0.019124,0.023578,0.076180,0.091681,0.151899,-0.363310,1.130957,0.006666,0.061155,-0.021521,0.097421,-0.203829,0.557482,0.999140,0.252908,0.147256,-0.117614
-0.036270,7.310898,0.786934,-0.009301,-0.006241,-0.728856,0.684575,0.069841,0.021694,0.137998,0.127546,-0.173178,-0.041308,0.080621,-0.035231,-0.257660,0.121442,-0.176110,0.043977,-0.019189,0.023634,0.075924,0.092561,0.151905,-0.362656,1.131171,0.007336,0.060689,-0.021911,0.097884,-0.203404,0.557769,0.998347,0.251975,0.147850,-0.118072
-0.036433,7.310951,0.786937,-0.009434,-0.006351,-0.729147,0.684262,0.070260,0.022144,0.138698,0.127672,-0.173262,-0.041564,0.080716,-0.034755,-0.256803,0.121458,-0.175956,0.043488,-0.019185,0.023714,0.075643,0.093347,0.151866,-0.362087,1.131349,0.007899,0.060419,-0.022008,0.098255,-0.203004,0.557986,0.997727,0.251401,0.148253,-0.118368
-0.036666,7.311041,0.786936,-0.009553,-0.006426,-0.729501,0.683883,0.070623,0.022684,0.139543,0.127747,-0.173376,-0.041923,0.080672,-0.034197,-0.255804,0.121475,-0.175851,0.043059,-0.019180,0.023862,0.075283,0.094105,0.151773,-0.361570,1.131464,0.008337,0.060388,-0.021689,0.098245,-0.202509,0.558139,0.997719,0.251304,0.148243,-0.118274
-0.036848,7.311122,0.786944,-0.009663,-0.006464,-0.729897,0.683458,0.070980,0.023271,0.140482,0.127711,-0.173474,-0.042340,0.080527,-0.033579,-0.254702,0.121470,-0.175763,0.042660,-0.018996,0.024058,0.074928,0.094832,0.151703,-0.361291,1.131431,0.008617,0.060518,-0.021090,0.098433,-0.202261,0.558071,0.997443,0.251486,0.148046,-0.117937
-0.037034,7.311223,0.786934,-0.009772,-0.006490,-0.730299,0.683027,0.071326,0.023864,0.141449,0.127628,-0.173549,-0.042796,0.080356,-0.032960,-0.253597,0.121473,-0.175705,0.042284,-0.018826,0.024239,0.074543,0.095466,0.151565,-0.360965,1.131443,0.008874,0.060742,-0.020418,0.098432,-0.201902,0.558022,0.997468,0.251807,0.147869,-0.117689
-0.037261,7.311369,0.786912,-0.009877,-0.006539,-0.730668,0.682630,0.071715,0.024415,0.142381,0.127517,-0.173607,-0.043271,0.080255,-0.032399,-0.252594,0.121464,-0.175665,0.041928,-0.018640,0.024367,0.074170,0.095951,0.151332,-0.360657,1.131533,0.009075,0.061015,-0.019851,0.098396,-0.201449,0.558088,0.997570,0.252198,0.147990,-0.117890
-0.037425,7.311464,0.786895,-0.009983,-0.006611,-0.731006,0.682266,0.072166,0.024930,0.143301,0.127344,-0.173640,-0.043824,0.080239,-0.031900,-0.251707,0.121476,-0.175698,0.041610,-0.018326,0.024443,0.073895,0.096332,0.151137,-0.360434,1.131479,0.009183,0.061451,-0.019499,0.098604,-0.201201,0.558289,0.997184,0.252785,0.148696,-0.118784
-0.037611,7.311527,0.786874,-0.010083,-0.006696,-0.731329,0.681917,0.072682,0.025423,0.144231,0.127066,-0.173633,-0.044445,0.080276,-0.031438,-0.250885,0.121480,-0.175779,0.041328,-0.018042,0.024511,0.073622,0.096569,0.150787,-0.360123,1.131507,0.009262,0.062020,-0.019199,0.098743,-0.200913,0.558719,0.996834,0.253588,0.149751,-0.120175
-0.037828,7.311633,0.786865,-0.010184,-0.006785,-0.731624,0.681599,0.073144,0.025882,0.145100,0.126868,-0.173629,-0.045006,0.080318,-0.031010,-0.250134,0.121487,-0.175835,0.041036,-0.017722,0.024549,0.073440,0.096794,0.150519,-0.359946,1.131345,0.009232,0.062518,-0.018980,0.099047,-0.200772,0.559020,0.996313,0.254323,0.150774,-0.121514
-0.038025,7.311752,0.786864,-0.010273,-0.006892,-0.731878,0.681323,0.073507,0.026268,0.145843,0.126804,-0.173607,-0.045382,0.080362,-0.030641,-0.249451,0.121481,-0.175805,0.040699,-0.017653,0.024617,0.073240,0.096970,0.150130,-0.359702,1.131318,0.009194,0.062704,-0.018725,0.099192,-0.200642,0.559290,0.996316,0.254811,0.151328,-0.122385
-0.038217,7.311840,0.786884,-0.010353,-0.007014,-0.732080,0.681104,0.073699,0.026563,0.146409,0.126980,-0.173573,-0.045463,0.080374,-0.030338,-0.248847,0.121496,-0.175645,0.040276,-0.017786,0.024729,0.073038,0.097062,0.149615,-0.359530,1.131431,0.009127,0.062404,-0.018449,0.099263,-0.200539,0.559286,0.996893,0.254828,0.151181,-0.122513
-0.038407,7.311959,0.786902,-0.010412,-0.007155,-0.732232,0.680938,0.073747,0.026776,0.146828,0.127352,-0.173544,-0.045341,0.080371,-0.030105,-0.248337,0.121505,-0.175390,0.039800,-0.018042,0.024750,0.072930,0.097369,0.149350,-0.359495,1.131116,0.008943,0.061829,-0.018246,0.099448,-0.200521,0.559089,0.997540,0.254555,0.150620,-0.122184
-0.038586,7.312102,0.786920,-0.010480,-0.007304,-0.732373,0.680784,0.073818,0.026971,0.147226,0.127686,-0.173468,-0.045195,0.080383,-0.029890,-0.247849,0.121522,-0.175125,0.039327,-0.018277,0.024771,0.072884,0.097531,0.149045,-0.359508,1.130898,0.008681,0.061175,-0.018076,0.099603,-0.200531,0.558776,0.998310,0.254212,0.149951,-0.121684
-0.038754,7.312238,0.786934,-0.010511,-0.007427,-0.732473,0.680675,0.073776,0.027177,0.147526,0.128009,-0.173400,-0.045189,0.080348,-0.029684,-0.247516,0.121528,-0.174947,0.038928,-0.018608,0.024693,0.072836,0.097614,0.148917,-0.359503,1.130619,0.008241,0.060701,-0.018005,0.099779,-0.200543,0.558614,0.998815,0.254134,0.149513,-0.121325
-0.038912,7.312379,0.786947,-0.010612,-0.007571,-0.732625,0.680508,0.074081,0.027442,0.148028,0.128021,-0.173290,-0.045397,0.080469,-0.029443,-0.247080,0.121544,-0.174893,0.038610,-0.018473,0.024848,0.072912,0.097059,0.148186,-0.359632,1.131022,0.007719,0.060490,-0.017890,0.100029,-0.200661,0.558029,0.999143,0.254201,0.149458,-0.121127
-0.039082,7.312524,0.786947,-0.010675,-0.007704,-0.732731,0.680391,0.074311,0.027696,0.148429,0.127967,-0.173144,-0.045698,0.080562,-0.029229,-0.246808,0.121541,-0.174900,0.038349,-0.018545,0.024910,0.073008,0.096498,0.147563,-0.359654,1.131277,0.006985,0.060436,-0.017891,0.100239,-0.200810,0.557645,0.999281,0.254595,0.149588,-0.121007
-0.039263,7.312673,0.786939,-0.010738,-0.007825,-0.732836,0.680275,0.074514,0.027961,0.148816,0.127900,-0.172983,-0.046065,0.080627,-0.029007,-0.246538,0.121552,-0.174929,0.038124,-0.018606,0.024992,0.073134,0.095832,0.146897,-0.359681,1.131634,0.006281,0.060373,-0.017865,0.100442,-0.201006,0.557350,0.999412,0.254920,0.149705,-0.120886
-0.039426,7.312837,0.786944,-0.010799,-0.007925,-0.732953,0.680147,0.074663,0.028233,0.149194,0.127817,-0.172778,-0.046459,0.080618,-0.028759,-0.246195,0.121555,-0.174903,0.037918,-0.018665,0.025031,0.073293,0.095276,0.146418,-0.359738,1.131898,0.005756,0.060157,-0.017763,0.100578,-0.201157,0.557281,0.999712,0.254909,0.149608,-0.120707
-0.039597,7.313005,0.786953,-0.010847,-0.008004,-0.733093,0.679994,0.074767,0.028512,0.149556,0.127630,-0.172458,-0.046931,0.080507,-0.028459,-0.245729,0.121543,-0.174814,0.037769,-0.018684,0.025089,0.073463,0.094774,0.146038,-0.359865,1.132216,0.005373,0.059527,-0.017554,0.100612,-0.201281,0.557480,1.000322,0.254304,0.149132,-0.120381
-0.039808,7.313203,0.786972,-0.010892,-0.008059,-0.733248,0.679827,0.074819,0.028802,0.149906,0.127399,-0.172076,-0.047479,0.080325,-0.028127,-0.245186,0.121524,-0.174698,0.037676,-0.018731,0.025430,0.073510,0.093777,0.145016,-0.359984,1.133434,0.005134,0.058559,-0.017121,0.100613,-0.201632,0.558013,1.001196,0.253400,0.148438,-0.120010
-0.039987,7.313398,0.786978,-0.010924,-0.008126,-0.733398,0.679663,0.074856,0.029093,0.150252,0.127189,-0.171703,-0.047992,0.080117,-0.027798,-0.244652,0.121524,-0.174563,0.037551,-0.018737,0.025579,0.073683,0.093088,0.144484,-0.360139,1.134088,0.005126,0.057847,-0.016695,0.100581,-0.201823,0.558504,1.002036,0.252424,0.147757,-0.119681
-0.040137,7.313566,0.786990,-0.010983,-0.008191,-0.733527,0.679522,0.074885,0.029380,0.150611,0.127106,-0.171416,-0.048356,0.079961,-0.027496,-0.244203,0.121521,-0.174408,0.037309,-0.018775,0.025741,0.073883,0.092294,0.143815,-0.360213,1.134780,0.005616,0.057807,-0.016109,0.100607,-0.202033,0.558885,1.002703,0.251814,0.147368,-0.119599
-0.040281,7.313715,0.787017,-0.011054,-0.008295,-0.733622,0.679417,0.074901,0.029672,0.151001,0.127267,-0.171287,-0.048506,0.079894,-0.027241,-0.243883,0.121523,-0.174228,0.036870,-0.018818,0.025957,0.074151,0.091300,0.142910,-0.360400,1.135492,0.007062,0.059025,-0.015150,0.100675,-0.202294,0.559008,1.003212,0.251682,0.147384,-0.119828
-0.040396,7.313916,0.787037,-0.011137,-0.008417,-0.733696,0.679335,0.074934,0.029962,0.151411,0.127536,-0.171244,-0.048516,0.079884,-0.027013,-0.243639,0.121536,-0.174041,0.036299,-0.018827,0.026108,0.074513,0.090303,0.142110,-0.360723,1.135981,0.009157,0.061115,-0.013973,0.100770,-0.202496,0.558958,1.003597,0.251816,0.147647,-0.120259
-0.040545,7.314105,0.787060,-0.011214,-0.008527,-0.733766,0.679256,0.074927,0.030244,0.151800,0.127831,-0.171214,-0.048476,0.079838,-0.026793,-0.243424,0.121549,-0.173823,0.035731,-0.018832,0.026146,0.074886,0.089535,0.141527,-0.360798,1.136199,0.011108,0.063093,-0.012959,0.100894,-0.202619,0.558852,1.003875,0.252019,0.148007,-0.120803
-0.040723,7.314324,0.787068,-0.011261,-0.008609,-0.733856,0.679157,0.074852,0.030517,0.152136,0.128060,-0.171136,-0.048472,0.079717,-0.026557,-0.243171,0.121558,-0.173600,0.035308,-0.018705,0.026209,0.075115,0.088590,0.140734,-0.360344,1.136959,0.012152,0.063900,-0.012382,0.101150,-0.202733,0.558640,1.004070,0.252060,0.148326,-0.121386
-0.040898,7.314517,0.787081,-0.011249,-0.008627,-0.733976,0.679027,0.074620,0.030765,0.152360,0.128183,-0.170971,-0.048529,0.079424,-0.026297,-0.242866,0.121549,-0.173333,0.035148,-0.018592,0.026312,0.075083,0.087703,0.139606,-0.358612,1.138309,0.011605,0.062579,-0.012616,0.101465,-0.202849,0.558484,1.004244,0.251866,0.148587,-0.122075
