0.001299,-0.021889,0.784798,0.020620,-0.013974,0.671834,0.740283,0.098038,0.010016,0.123412,0.160716,-0.196802,-0.012880,0.062943,0.011907,-0.130335,0.165997,-0.198410,-0.021760,-0.023205,-0.001107,0.180035,-0.052618,0.144370,-0.568814,1.220954,-0.053205,-0.021330,0.195622,-0.150575,-0.116864,0.631217,1.236802,0.104790,0.056276,-0.018047
0.001334,-0.021988,0.784818,0.020637,-0.014037,0.671835,0.740280,0.098144,0.010180,0.123363,0.160547,-0.196807,-0.013287,0.063007,0.012103,-0.130317,0.165944,-0.198485,-0.021930,-0.023375,-0.000981,0.180117,-0.052518,0.144408,-0.568644,1.220968,-0.053864,-0.021305,0.195922,-0.150501,-0.116803,0.630994,1.236624,0.105274,0.056996,-0.018120
0.001388,-0.022058,0.784839,0.020669,-0.014109,0.671839,0.740274,0.098327,0.010354,0.123308,0.160287,-0.196790,-0.013751,0.063078,0.012306,-0.130304,0.165972,-0.198640,-0.022114,-0.023490,-0.000976,0.180376,-0.052509,0.144566,-0.568199,1.220938,-0.054302,-0.021252,0.196212,-0.150483,-0.116585,0.630230,1.236261,0.105353,0.057986,-0.018155
0.001462,-0.022105,0.784853,0.020691,-0.014171,0.671836,0.740275,0.098438,0.010502,0.123266,0.160122,-0.196771,-0.014102,0.063159,0.012489,-0.130277,0.165899,-0.198681,-0.022268,-0.023595,-0.000892,0.180536,-0.052476,0.144628,-0.567934,1.220935,-0.054766,-0.021222,0.196453,-0.150461,-0.116502,0.629773,1.236053,0.105578,0.058715,-0.018161
0.001548,-0.022163,0.784850,0.020721,-0.014180,0.671824,0.740285,0.098395,0.010580,0.123240,0.160144,-0.196710,-0.014167,0.063116,0.012587,-0.130230,0.165916,-0.198624,-0.022343,-0.023637,-0.000834,0.180568,-0.052441,0.144651,-0.567789,1.220974,-0.055067,-0.021246,0.196558,-0.150389,-0.116474,0.629570,1.235951,0.105827,0.059058,-0.018117
0.001636,-0.022244,0.784821,0.020747,-0.014109,0.671793,0.740314,0.098051,0.010524,0.123233,0.160520,-0.196573,-0.013698,0.062827,0.012535,-0.130133,0.166112,-0.198385,-0.022258,-0.023523,-0.001043,0.180620,-0.052464,0.144877,-0.567024,1.220885,-0.054389,-0.021341,0.196194,-0.150476,-0.116239,0.628751,1.236006,0.105339,0.058960,-0.017798
0.001725,-0.022318,0.784798,0.020776,-0.013973,0.671751,0.740354,0.097500,0.010386,0.123233,0.161137,-0.196379,-0.012855,0.062525,0.012413,-0.130010,0.166101,-0.197845,-0.022062,-0.023445,-0.001208,0.180400,-0.052312,0.145015,-0.566541,1.220775,-0.053683,-0.021490,0.195694,-0.150489,-0.116118,0.628626,1.236269,0.105199,0.058405,-0.017483
0.001796,-0.022337,0.784772,0.020804,-0.013855,0.671706,0.740396,0.097005,0.010255,0.123258,0.161704,-0.196195,-0.012077,0.062135,0.012271,-0.129891,0.166334,-0.197468,-0.021901,-0.023410,-0.001373,0.180176,-0.052158,0.145134,-0.566070,1.220683,-0.053032,-0.021646,0.195252,-0.150497,-0.116031,0.628650,1.236543,0.104987,0.057800,-0.017145
0.001854,-0.022370,0.784753,0.020849,-0.013815,0.671672,0.740426,0.096840,0.010243,0.123306,0.161930,-0.196097,-0.011804,0.061966,0.012251,-0.129820,0.166490,-0.197317,-0.021931,-0.023467,-0.001419,0.180085,-0.052000,0.145213,-0.565767,1.220580,-0.052862,-0.021741,0.195161,-0.150532,-0.115979,0.628707,1.236787,0.104632,0.057466,-0.016839
0.001907,-0.022421,0.784754,0.020893,-0.013912,0.671662,0.740433,0.097113,0.010447,0.123378,0.161737,-0.196206,-0.012352,0.062071,0.012422,-0.129854,0.166633,-0.197593,-0.022299,-0.023636,-0.001316,0.180180,-0.051915,0.145260,-0.565654,1.220540,-0.053382,-0.021737,0.195602,-0.150566,-0.115950,0.628749,1.236935,0.104044,0.057571,-0.016538
0.001960,-0.022508,0.784757,0.020973,-0.014111,0.671662,0.740426,0.097837,0.010761,0.123484,0.161096,-0.196363,-0.013420,0.062522,0.012713,-0.129945,0.166587,-0.198055,-0.022886,-0.024184,-0.001138,0.180473,-0.051493,0.145423,-0.565481,1.220123,-0.054439,-0.021653,0.196485,-0.150855,-0.115847,0.628997,1.237278,0.103099,0.057918,-0.016118
0.002004,-0.022583,0.784779,0.021043,-0.014311,0.671658,0.740425,0.098537,0.011097,0.123600,0.160488,-0.196555,-0.014530,0.062939,0.013025,-0.130018,0.166577,-0.198552,-0.023453,-0.024553,-0.000958,0.180751,-0.051220,0.145582,-0.565533,1.219834,-0.055524,-0.021579,0.197325,-0.151038,-0.115741,0.629222,1.237526,0.102288,0.058269,-0.015858
0.002074,-0.022657,0.784808,0.021096,-0.014422,0.671630,0.740446,0.098909,0.011325,0.123710,0.160174,-0.196652,-0.015199,0.063137,0.013243,-0.129986,0.166585,-0.198809,-0.023751,-0.024614,-0.000843,0.180924,-0.051164,0.145613,-0.565557,1.219745,-0.056000,-0.021580,0.197723,-0.151096,-0.115721,0.629297,1.237655,0.101751,0.058398,-0.015831
0.002165,-0.022718,0.784814,0.021175,-0.014455,0.671545,0.740521,0.099074,0.011373,0.123860,0.160095,-0.196548,-0.015222,0.063243,0.013335,-0.129735,0.166460,-0.198648,-0.023580,-0.024553,-0.000875,0.181074,-0.051000,0.145746,-0.565556,1.219492,-0.055916,-0.021708,0.197637,-0.151181,-0.115642,0.629802,1.237821,0.101661,0.058188,-0.016233
0.002265,-0.022776,0.784814,0.021243,-0.014397,0.671437,0.740617,0.098932,0.011317,0.124002,0.160284,-0.196375,-0.014874,0.063087,0.013335,-0.129381,0.166459,-0.198340,-0.023114,-0.024499,-0.001039,0.181123,-0.050793,0.145956,-0.565247,1.219155,-0.055206,-0.021910,0.197111,-0.151252,-0.115526,0.630640,1.237934,0.101956,0.057763,-0.016935
0.002374,-0.022815,0.784804,0.021302,-0.014340,0.671325,0.740718,0.098709,0.011284,0.124150,0.160626,-0.196226,-0.014429,0.063044,0.013371,-0.129016,0.166188,-0.197835,-0.022684,-0.024324,-0.001188,0.181196,-0.050722,0.146095,-0.564958,1.218953,-0.054443,-0.022123,0.196496,-0.151277,-0.115454,0.631277,1.237960,0.102314,0.057344,-0.017665
0.002468,-0.022866,0.784776,0.021357,-0.014329,0.671232,0.740801,0.098612,0.011331,0.124319,0.160877,-0.196110,-0.014142,0.062880,0.013433,-0.128742,0.166394,-0.197683,-0.022606,-0.024216,-0.001280,0.181294,-0.050612,0.146180,-0.564717,1.218768,-0.054149,-0.022264,0.196084,-0.151285,-0.115410,0.631658,1.237937,0.102653,0.057139,-0.018205
0.002557,-0.022921,0.784754,0.021408,-0.014390,0.671165,0.740859,0.098612,0.011544,0.124511,0.161203,-0.196103,-0.014020,0.062778,0.013606,-0.128607,0.166826,-0.197765,-0.023115,-0.024194,-0.001274,0.181441,-0.050455,0.146210,-0.564564,1.218598,-0.054667,-0.022316,0.195953,-0.151253,-0.115391,0.631758,1.237856,0.103068,0.057171,-0.018530
0.002634,-0.022969,0.784750,0.021458,-0.014482,0.671109,0.740907,0.098639,0.011850,0.124730,0.161616,-0.196153,-0.013942,0.062710,0.013841,-0.128542,0.167356,-0.197935,-0.023990,-0.024292,-0.001236,0.181599,-0.050215,0.146237,-0.564353,1.218395,-0.055649,-0.022318,0.195941,-0.151223,-0.115371,0.631795,1.237772,0.103608,0.057340,-0.018778
0.002729,-0.022981,0.784743,0.021497,-0.014589,0.671063,0.740945,0.098705,0.012176,0.124944,0.161970,-0.196252,-0.013998,0.062628,0.014085,-0.128508,0.167960,-0.198221,-0.024879,-0.024587,-0.001207,0.181794,-0.049823,0.146312,-0.563878,1.218048,-0.056495,-0.022272,0.195965,-0.151288,-0.115305,0.631798,1.237660,0.104081,0.057680,-0.018889
0.002819,-0.023035,0.784728,0.021541,-0.014680,0.671027,0.740975,0.098892,0.012449,0.125117,0.162008,-0.196329,-0.014276,0.062742,0.014327,-0.128469,0.168084,-0.198368,-0.025437,-0.024844,-0.001233,0.181994,-0.049546,0.146386,-0.563528,1.217862,-0.056889,-0.022219,0.195970,-0.151336,-0.115225,0.631627,1.237422,0.104393,0.058191,-0.018848
0.002917,-0.023110,0.784732,0.021593,-0.014740,0.671008,0.740989,0.099272,0.012631,0.125247,0.161551,-0.196408,-0.014962,0.062939,0.014516,-0.128426,0.167960,-0.198612,-0.025476,-0.025124,-0.001305,0.182132,-0.049347,0.146404,-0.563399,1.217879,-0.056586,-0.022093,0.195960,-0.151345,-0.115197,0.631394,1.236995,0.104644,0.059041,-0.018598
0.003057,-0.023160,0.784730,0.021660,-0.014802,0.671003,0.740990,0.099866,0.012775,0.125350,0.160681,-0.196466,-0.015957,0.063415,0.014715,-0.128394,0.167310,-0.198756,-0.025217,-0.025159,-0.001482,0.182429,-0.049347,0.146493,-0.563277,1.217994,-0.055519,-0.021882,0.195890,-0.151383,-0.115039,0.630203,1.236371,0.104285,0.060222,-0.018054
0.003152,-0.023208,0.784725,0.021715,-0.014842,0.670996,0.740994,0.100375,0.012898,0.125431,0.159863,-0.196523,-0.016913,0.063745,0.014888,-0.128352,0.166830,-0.198950,-0.024904,-0.025308,-0.001637,0.182603,-0.049287,0.146527,-0.563285,1.218171,-0.054689,-0.021749,0.195904,-0.151351,-0.114952,0.629426,1.235746,0.104107,0.061323,-0.017551
0.003270,-0.023275,0.784726,0.021741,-0.014853,0.670969,0.741018,0.100570,0.013036,0.125496,0.159498,-0.196566,-0.017485,0.063894,0.015067,-0.128275,0.166497,-0.198973,-0.024791,-0.025533,-0.001728,0.182709,-0.049196,0.146536,-0.563264,1.218296,-0.054556,-0.021810,0.195981,-0.151341,-0.114910,0.629121,1.235362,0.104038,0.061914,-0.017242
0.003371,-0.023322,0.784719,0.021768,-0.014839,0.670916,0.741065,0.100482,0.013139,0.125502,0.159588,-0.196458,-0.017427,0.063788,0.015209,-0.128169,0.166552,-0.198824,-0.024922,-0.025335,-0.001926,0.182963,-0.049468,0.146554,-0.563367,1.218611,-0.055118,-0.022227,0.196156,-0.151283,-0.114820,0.628179,1.234980,0.103145,0.062104,-0.016969
0.003487,-0.023390,0.784714,0.021768,-0.014786,0.670853,0.741123,0.100062,0.013212,0.125449,0.160104,-0.196321,-0.016970,0.063444,0.015314,-0.128056,0.166839,-0.198553,-0.025169,-0.025289,-0.002083,0.183106,-0.049645,0.146562,-0.563478,1.218857,-0.056398,-0.022870,0.196418,-0.151230,-0.114758,0.627784,1.234812,0.102364,0.061847,-0.016868
0.003595,-0.023436,0.784716,0.021774,-0.014741,0.670775,0.741195,0.099713,0.013321,0.125439,0.160560,-0.196129,-0.016499,0.063118,0.015460,-0.127897,0.167142,-0.198257,-0.025524,-0.025278,-0.002196,0.183232,-0.049654,0.146562,-0.563463,1.218920,-0.057622,-0.023428,0.196685,-0.151195,-0.114749,0.627721,1.234743,0.101854,0.061460,-0.016866
0.003717,-0.023472,0.784705,0.021738,-0.014718,0.670656,0.741304,0.099397,0.013614,0.125630,0.161011,-0.196127,-0.016407,0.062799,0.015756,-0.127600,0.167353,-0.198053,-0.025991,-0.025190,-0.002271,0.183446,-0.049807,0.146566,-0.563374,1.219109,-0.058713,-0.023927,0.196944,-0.151210,-0.114715,0.627500,1.234662,0.101385,0.060983,-0.016863
0.003855,-0.023493,0.784682,0.021708,-0.014755,0.670505,0.741441,0.099439,0.014083,0.126045,0.161067,-0.196154,-0.016781,0.062532,0.016191,-0.127167,0.167716,-0.198152,-0.026658,-0.024935,-0.002273,0.183694,-0.049822,0.146567,-0.563242,1.219159,-0.059073,-0.024089,0.197106,-0.151234,-0.114698,0.627398,1.234662,0.101419,0.060517,-0.016925
0.004019,-0.023514,0.784647,0.021655,-0.014833,0.670320,0.741608,0.099632,0.014699,0.126640,0.160981,-0.196231,-0.017422,0.062332,0.016752,-0.126602,0.168008,-0.198319,-0.027499,-0.024592,-0.002233,0.184037,-0.049849,0.146573,-0.562899,1.219175,-0.059020,-0.024119,0.197199,-0.151350,-0.114666,0.627311,1.234746,0.101642,0.059934,-0.017021
0.004173,-0.023545,0.784629,0.021603,-0.014918,0.670118,0.741791,0.099931,0.015364,0.127292,0.160760,-0.196356,-0.018261,0.062245,0.017370,-0.126004,0.168104,-0.198450,-0.028310,-0.024249,-0.002159,0.184374,-0.049802,0.146578,-0.562517,1.219079,-0.058934,-0.023966,0.197315,-0.151471,-0.114638,0.627296,1.234836,0.102130,0.059392,-0.017160
0.004366,-0.023584,0.784622,0.021559,-0.014995,0.669898,0.741988,0.100357,0.015956,0.127929,0.160273,-0.196457,-0.019226,0.062213,0.017950,-0.125424,0.168099,-0.198561,-0.028884,-0.024037,-0.002071,0.184768,-0.049672,0.146582,-0.561908,1.218724,-0.058976,-0.023569,0.197490,-0.151662,-0.114607,0.627315,1.234848,0.102861,0.059018,-0.017322
0.004545,-0.023645,0.784610,0.021518,-0.015072,0.669668,0.742195,0.100983,0.016478,0.128512,0.159416,-0.196616,-0.020542,0.062353,0.018499,-0.124920,0.167801,-0.198606,-0.029110,-0.024067,-0.001930,0.185212,-0.049374,0.146579,-0.560959,1.217943,-0.059225,-0.022687,0.197823,-0.151936,-0.114562,0.627359,1.234735,0.104107,0.058930,-0.017554
0.004698,-0.023673,0.784591,0.021478,-0.015155,0.669418,0.742420,0.101798,0.016984,0.129102,0.158208,-0.196793,-0.022165,0.062655,0.019070,-0.124437,0.167223,-0.198594,-0.029118,-0.024131,-0.001739,0.185667,-0.049015,0.146560,-0.559929,1.216929,-0.059647,-0.021424,0.198280,-0.152162,-0.114515,0.627367,1.234465,0.105794,0.059026,-0.017880
0.004850,-0.023713,0.784570,0.021439,-0.015208,0.669160,0.742653,0.102525,0.017445,0.129699,0.157109,-0.196963,-0.023622,0.062833,0.019592,-0.123921,0.166800,-0.198615,-0.029060,-0.024064,-0.001598,0.186053,-0.048709,0.146537,-0.559134,1.216030,-0.060243,-0.020270,0.198686,-0.152287,-0.114486,0.627348,1.234141,0.107364,0.059152,-0.018152
0.004990,-0.023743,0.784547,0.021399,-0.015201,0.668929,0.742863,0.102817,0.017833,0.130226,0.156623,-0.197092,-0.024434,0.062827,0.020036,-0.123387,0.166494,-0.198518,-0.029086,-0.023768,-0.001611,0.186230,-0.048571,0.146530,-0.558899,1.215703,-0.060964,-0.019808,0.198847,-0.152267,-0.114481,0.627347,1.233947,0.108228,0.059125,-0.018209
0.005163,-0.023760,0.784528,0.021383,-0.015117,0.668661,0.743106,0.102686,0.018115,0.130855,0.156805,-0.197018,-0.024194,0.062476,0.020381,-0.122593,0.166588,-0.198322,-0.029182,-0.023528,-0.001861,0.186492,-0.048497,0.146517,-0.558033,1.215648,-0.061255,-0.020099,0.198528,-0.152509,-0.114461,0.627800,1.233933,0.108162,0.058944,-0.017928
0.005335,-0.023749,0.784496,0.021371,-0.014958,0.668426,0.743321,0.102078,0.018290,0.131385,0.157653,-0.196906,-0.023233,0.061931,0.020619,-0.121782,0.166787,-0.197987,-0.029272,-0.023927,-0.002305,0.186569,-0.048192,0.146532,-0.556582,1.215871,-0.061328,-0.021110,0.197853,-0.152991,-0.114408,0.629415,1.234244,0.107795,0.058637,-0.017450
0.005535,-0.023726,0.784476,0.021354,-0.014793,0.668177,0.743548,0.101483,0.018485,0.131964,0.158481,-0.196777,-0.022255,0.061294,0.020868,-0.120947,0.167150,-0.197725,-0.029472,-0.023648,-0.002741,0.186606,-0.048194,0.146555,-0.556129,1.216372,-0.061762,-0.022200,0.197263,-0.153145,-0.114385,0.630127,1.234405,0.106896,0.058333,-0.016921
0.005783,-0.023717,0.784462,0.021314,-0.014683,0.667895,0.743806,0.101219,0.018847,0.132668,0.158881,-0.196786,-0.021962,0.060763,0.021261,-0.120149,0.167493,-0.197614,-0.029898,-0.023791,-0.003005,0.186760,-0.047994,0.146601,-0.555367,1.216525,-0.062302,-0.022881,0.197020,-0.153293,-0.114343,0.630891,1.234458,0.106062,0.058188,-0.016575
0.006019,-0.023726,0.784441,0.021240,-0.014682,0.667579,0.744091,0.101527,0.019439,0.133524,0.158558,-0.196957,-0.022698,0.060478,0.021856,-0.119451,0.167729,-0.197691,-0.030684,-0.024123,-0.002965,0.187158,-0.047685,0.146643,-0.554698,1.216268,-0.063070,-0.022924,0.197375,-0.153336,-0.114299,0.631050,1.234322,0.104983,0.058246,-0.016496
0.006243,-0.023735,0.784426,0.021157,-0.014734,0.667235,0.744401,0.102169,0.020179,0.134496,0.157839,-0.197242,-0.024040,0.060289,0.022579,-0.118799,0.168009,-0.197925,-0.031737,-0.024752,-0.002765,0.187805,-0.047265,0.146716,-0.553695,1.215678,-0.063761,-0.022627,0.198042,-0.153479,-0.114205,0.630849,1.234148,0.103478,0.058430,-0.016513
0.006509,-0.023700,0.784423,0.021047,-0.014784,0.666871,0.744729,0.102840,0.020961,0.135529,0.157010,-0.197543,-0.025526,0.060055,0.023344,-0.118116,0.168306,-0.198220,-0.032818,-0.025167,-0.002536,0.188321,-0.046963,0.146756,-0.553180,1.215227,-0.064777,-0.022279,0.198783,-0.153398,-0.114143,0.630457,1.233843,0.102214,0.058682,-0.016555
0.006767,-0.023635,0.784422,0.020929,-0.014758,0.666487,0.745077,0.103297,0.021665,0.136569,0.156310,-0.197750,-0.026695,0.059737,0.024072,-0.117317,0.168435,-0.198394,-0.033688,-0.025330,-0.002452,0.188657,-0.046812,0.146811,-0.552720,1.214949,-0.065743,-0.022138,0.199196,-0.153349,-0.114063,0.629984,1.233597,0.101438,0.058945,-0.016380
0.007043,-0.023571,0.784424,0.020784,-0.014648,0.666069,0.745456,0.103466,0.022301,0.137643,0.155786,-0.197861,-0.027505,0.059345,0.024786,-0.116358,0.168264,-0.198399,-0.034285,-0.025126,-0.002580,0.188710,-0.046894,0.146894,-0.552387,1.214974,-0.066719,-0.022301,0.199097,-0.153331,-0.113952,0.629517,1.233365,0.101550,0.059256,-0.015854
0.007322,-0.023540,0.784406,0.020650,-0.014432,0.665613,0.745872,0.103523,0.022760,0.138806,0.155150,-0.197840,-0.028151,0.057573,0.025212,-0.115279,0.170652,-0.199769,-0.034710,-0.024688,-0.002951,0.188463,-0.047034,0.147017,-0.552268,1.215145,-0.067880,-0.022614,0.198745,-0.153256,-0.113804,0.629145,1.233137,0.102410,0.059636,-0.015166
0.007597,-0.023559,0.784371,0.020527,-0.014141,0.665147,0.746296,0.103486,0.023085,0.139975,0.154483,-0.197701,-0.028577,0.055777,0.025550,-0.114118,0.172857,-0.200985,-0.035029,-0.024066,-0.003505,0.188134,-0.047283,0.147238,-0.552322,1.215378,-0.069015,-0.022989,0.198307,-0.153181,-0.113553,0.628633,1.233019,0.103233,0.059957,-0.014475
0.007870,-0.023566,0.784326,0.020417,-0.013846,0.664723,0.746682,0.103295,0.023369,0.141004,0.154134,-0.197599,-0.028730,0.054154,0.025862,-0.113001,0.174759,-0.201935,-0.035302,-0.023730,-0.003922,0.187909,-0.047441,0.147349,-0.552258,1.215511,-0.069937,-0.023349,0.198067,-0.153056,-0.113438,0.628414,1.232951,0.103625,0.060151,-0.014020
0.008132,-0.023512,0.784281,0.020335,-0.013489,0.664360,0.747014,0.102835,0.023447,0.141817,0.154148,-0.197424,-0.028303,0.052396,0.025986,-0.111909,0.176845,-0.202769,-0.035458,-0.023614,-0.004407,0.187876,-0.047585,0.147522,-0.551990,1.215451,-0.070393,-0.023619,0.197972,-0.152998,-0.113279,0.628240,1.233064,0.103048,0.060124,-0.013860
0.008387,-0.023435,0.784252,0.020273,-0.013073,0.664033,0.747314,0.102126,0.023374,0.142481,0.154469,-0.197197,-0.027427,0.050516,0.025975,-0.110811,0.179052,-0.203514,-0.035496,-0.023644,-0.004883,0.187896,-0.047717,0.147625,-0.551657,1.215323,-0.070585,-0.023863,0.197971,-0.152884,-0.113197,0.628213,1.233217,0.101977,0.059954,-0.013889
0.008714,-0.023330,0.784222,0.020220,-0.012671,0.663701,0.747617,0.101537,0.023320,0.143185,0.154701,-0.196991,-0.026669,0.048719,0.025980,-0.109715,0.181224,-0.204273,-0.035557,-0.023818,-0.005373,0.187990,-0.047820,0.147777,-0.551130,1.215164,-0.070672,-0.024198,0.198044,-0.152824,-0.113094,0.628270,1.233449,0.100868,0.059768,-0.013978
0.009068,-0.023207,0.784178,0.020173,-0.012356,0.663326,0.747957,0.101422,0.023472,0.144106,0.154479,-0.196891,-0.026601,0.047228,0.026165,-0.108639,0.183175,-0.205134,-0.035785,-0.023965,-0.005729,0.188097,-0.047819,0.147900,-0.550722,1.215009,-0.071004,-0.024716,0.198295,-0.152731,-0.113020,0.628306,1.233673,0.100292,0.059694,-0.014028
0.009444,-0.023087,0.784115,0.020147,-0.012194,0.662873,0.748361,0.102096,0.023925,0.145408,0.153585,-0.197007,-0.027600,0.046253,0.026610,-0.107582,0.184806,-0.206149,-0.036222,-0.024002,-0.006014,0.188243,-0.047710,0.148127,-0.550556,1.215030,-0.071716,-0.025708,0.198804,-0.152518,-0.112885,0.628223,1.233832,0.100514,0.059790,-0.014008
0.009838,-0.022946,0.784073,0.020135,-0.012138,0.662373,0.748806,0.103302,0.024560,0.146958,0.152222,-0.197238,-0.029287,0.045619,0.027208,-0.106540,0.186250,-0.207274,-0.036791,-0.023906,-0.006167,0.188400,-0.047607,0.148256,-0.550698,1.215293,-0.072686,-0.027036,0.199558,-0.152132,-0.112806,0.628002,1.233901,0.101211,0.059982,-0.013979
0.010211,-0.022827,0.784054,0.020100,-0.012070,0.661873,0.749249,0.104499,0.025253,0.148518,0.150804,-0.197456,-0.031103,0.044982,0.027873,-0.105500,0.187623,-0.208417,-0.037459,-0.023726,-0.006266,0.188511,-0.047587,0.148384,-0.550899,1.215509,-0.073773,-0.028173,0.200323,-0.151763,-0.112731,0.627694,1.234058,0.101945,0.060189,-0.013979
0.010582,-0.022689,0.784047,0.019989,-0.011892,0.661426,0.749649,0.105134,0.025875,0.149837,0.149743,-0.197520,-0.032488,0.043978,0.028502,-0.104457,0.189087,-0.209510,-0.038191,-0.023458,-0.006376,0.188515,-0.047740,0.148556,-0.550981,1.215414,-0.074851,-0.028604,0.200881,-0.151500,-0.112639,0.627272,1.234347,0.102267,0.060338,-0.014041
0.010968,-0.022582,0.784048,0.019794,-0.011594,0.661052,0.749989,0.105097,0.026396,0.150823,0.149118,-0.197355,-0.033300,0.042514,0.029081,-0.103412,0.190760,-0.210555,-0.039069,-0.023284,-0.006473,0.188460,-0.048072,0.148738,-0.550647,1.214778,-0.075932,-0.027821,0.201130,-0.151486,-0.112559,0.626911,1.234870,0.102031,0.060435,-0.014177
0.011339,-0.022479,0.784043,0.019544,-0.011222,0.660722,0.750292,0.104659,0.026886,0.151615,0.148761,-0.197074,-0.033838,0.040915,0.029673,-0.102366,0.192259,-0.211483,-0.040083,-0.023221,-0.006493,0.188333,-0.048519,0.148847,-0.550032,1.213830,-0.077071,-0.026223,0.201239,-0.151610,-0.112525,0.626683,1.235554,0.101537,0.060519,-0.014386
0.011691,-0.022337,0.784032,0.019240,-0.010765,0.660407,0.750584,0.103925,0.027323,0.152324,0.148493,-0.196696,-0.034195,0.039062,0.030228,-0.101295,0.193798,-0.212404,-0.041054,-0.023191,-0.006543,0.188090,-0.049031,0.148962,-0.549132,1.212850,-0.077989,-0.024663,0.201248,-0.151844,-0.112510,0.626548,1.236340,0.100959,0.060547,-0.014618
0.012049,-0.022174,0.783998,0.018900,-0.010199,0.660080,0.750888,0.103018,0.027674,0.153055,0.148122,-0.196233,-0.034461,0.036901,0.030689,-0.100181,0.195488,-0.213406,-0.041803,-0.023229,-0.006661,0.187692,-0.049421,0.149116,-0.547946,1.211969,-0.078429,-0.023967,0.201254,-0.152166,-0.112509,0.626680,1.237131,0.100597,0.060492,-0.014854
0.012450,-0.022018,0.783979,0.018534,-0.009514,0.659722,0.751221,0.101876,0.027924,0.153816,0.147823,-0.195800,-0.034474,0.034498,0.031027,-0.098981,0.197167,-0.214332,-0.042355,-0.022697,-0.006849,0.186802,-0.049839,0.149152,-0.547621,1.211746,-0.078592,-0.024448,0.201425,-0.152129,-0.112518,0.626704,1.237937,0.100501,0.060277,-0.015141
0.012890,-0.021888,0.783912,0.018041,-0.008703,0.659357,0.751563,0.098465,0.028486,0.154483,0.151527,-0.197390,-0.034260,0.031357,0.031342,-0.097753,0.199515,-0.215527,-0.042789,-0.022245,-0.007081,0.185702,-0.050397,0.149249,-0.546763,1.211788,-0.078050,-0.025659,0.201454,-0.152217,-0.112561,0.626858,1.238711,0.100386,0.059937,-0.015358
0.013255,-0.021762,0.783728,0.017216,-0.008023,0.659082,0.751832,0.091235,0.030371,0.154761,0.162785,-0.202873,-0.034249,0.028029,0.032396,-0.096852,0.201690,-0.216724,-0.043072,-0.021977,-0.006559,0.184382,-0.050835,0.149347,-0.545923,1.211726,-0.077667,-0.027205,0.201548,-0.152370,-0.112624,0.627145,1.239596,0.100515,0.059599,-0.015687
0.013661,-0.021644,0.783520,0.016231,-0.007405,0.658867,0.752047,0.082764,0.032837,0.154914,0.176398,-0.209526,-0.034737,0.024784,0.033852,-0.096135,0.203464,-0.217945,-0.043052,-0.022014,-0.005628,0.183115,-0.051220,0.149490,-0.544645,1.211356,-0.077916,-0.028761,0.201661,-0.152710,-0.112740,0.627759,1.240508,0.101083,0.059353,-0.016216
0.014056,-0.021549,0.783263,0.015095,-0.006844,0.658668,0.752251,0.073558,0.035842,0.155159,0.191462,-0.217388,-0.036165,0.021660,0.035696,-0.095433,0.204783,-0.219304,-0.042567,-0.022275,-0.004326,0.181841,-0.051422,0.149686,-0.542901,1.210557,-0.078992,-0.030303,0.201760,-0.153299,-0.112921,0.628902,1.241569,0.102552,0.059183,-0.017102
0.014444,-0.021439,0.782961,0.013858,-0.006286,0.658476,0.752448,0.063503,0.039274,0.155452,0.208148,-0.226350,-0.038199,0.018505,0.037789,-0.094728,0.205912,-0.220824,-0.041704,-0.022409,-0.002781,0.180480,-0.051703,0.149863,-0.541133,1.209732,-0.080698,-0.031997,0.201873,-0.154015,-0.113096,0.630140,1.242818,0.104591,0.059024,-0.018256
0.014863,-0.021376,0.782615,0.012490,-0.005793,0.658390,0.752551,0.051938,0.043164,0.155347,0.227639,-0.236127,-0.040030,0.015268,0.040114,-0.094377,0.207041,-0.222383,-0.040742,-0.022728,-0.000916,0.179225,-0.052135,0.150028,-0.539309,1.208845,-0.082816,-0.033763,0.202114,-0.154794,-0.113254,0.631265,1.244006,0.106440,0.058979,-0.019412
0.015226,-0.021365,0.782228,0.010970,-0.005400,0.658507,0.752476,0.038240,0.047569,0.154376,0.250979,-0.246354,-0.040858,0.011882,0.042707,-0.094723,0.208352,-0.223847,-0.039976,-0.023417,0.001353,0.178211,-0.052942,0.150197,-0.537554,1.208063,-0.085227,-0.035540,0.202582,-0.155557,-0.113399,0.631982,1.244953,0.107329,0.059120,-0.020302
0.015563,-0.021380,0.781799,0.009115,-0.005027,0.658897,0.752161,0.021525,0.052652,0.152171,0.278949,-0.257489,-0.040110,0.007806,0.045706,-0.096046,0.209983,-0.225130,-0.039466,-0.024491,0.004227,0.177135,-0.054283,0.150325,-0.536192,1.207438,-0.088431,-0.037367,0.203397,-0.156277,-0.113480,0.631851,1.245586,0.106710,0.059608,-0.020824
0.015898,-0.021416,0.781330,0.006981,-0.004704,0.659498,0.751659,0.002504,0.058314,0.148975,0.310504,-0.269419,-0.038309,0.003265,0.049091,-0.098115,0.211789,-0.226318,-0.039067,-0.026153,0.007617,0.176235,-0.055936,0.150492,-0.534495,1.206665,-0.092010,-0.039263,0.204370,-0.157197,-0.113552,0.631271,1.245949,0.105006,0.060380,-0.021053
0.016250,-0.021594,0.780841,0.004881,-0.004623,0.660201,0.751059,-0.017231,0.064265,0.145253,0.344223,-0.280924,-0.036316,-0.000633,0.052707,-0.100536,0.213280,-0.227381,-0.038751,-0.027778,0.011288,0.175825,-0.057809,0.150695,-0.533078,1.206024,-0.095491,-0.041102,0.205494,-0.157986,-0.113605,0.630476,1.246250,0.103098,0.061107,-0.021225
0.016622,-0.021678,0.780310,0.003150,-0.004959,0.660905,0.750447,-0.035965,0.070187,0.141513,0.378484,-0.290812,-0.034996,-0.002806,0.056369,-0.102926,0.214059,-0.228341,-0.038488,-0.028957,0.015036,0.176241,-0.059697,0.150798,-0.532406,1.205702,-0.098304,-0.042752,0.206796,-0.158383,-0.113628,0.629943,1.246696,0.101911,0.061503,-0.021580
0.016957,-0.021678,0.779814,0.001803,-0.005815,0.661574,0.749856,-0.053674,0.076222,0.137675,0.413817,-0.298829,-0.034803,-0.003075,0.060218,-0.105153,0.214151,-0.229186,-0.038396,-0.029697,0.018909,0.177905,-0.061742,0.150933,-0.532020,1.205579,-0.099896,-0.044227,0.208183,-0.158563,-0.113677,0.629439,1.247254,0.101412,0.061302,-0.022025
0.017307,-0.021593,0.779298,0.000686,-0.007069,0.662264,0.749237,-0.071078,0.082434,0.133553,0.450645,-0.305552,-0.035212,-0.001957,0.064299,-0.107419,0.213641,-0.229864,-0.038452,-0.030156,0.023000,0.180378,-0.063874,0.151090,-0.532205,1.205607,-0.100937,-0.045573,0.209751,-0.158445,-0.113776,0.629037,1.247826,0.101382,0.060725,-0.022544
0.017674,-0.021389,0.778789,-0.000141,-0.008588,0.663018,0.748554,-0.087892,0.088505,0.129510,0.487905,-0.311171,-0.035624,0.000548,0.068281,-0.109835,0.212325,-0.230389,-0.038413,-0.030429,0.027035,0.183549,-0.065997,0.151222,-0.532650,1.205759,-0.101442,-0.046720,0.211370,-0.158043,-0.113913,0.628718,1.248270,0.101537,0.060221,-0.023140
0.017992,-0.021096,0.778315,-0.000630,-0.010252,0.663880,0.747769,-0.103823,0.094135,0.125913,0.524532,-0.315913,-0.035417,0.004484,0.071828,-0.112515,0.209917,-0.230735,-0.038036,-0.030662,0.030739,0.187324,-0.068025,0.151303,-0.532972,1.206018,-0.101411,-0.047611,0.212886,-0.157487,-0.114060,0.628528,1.248568,0.101614,0.060215,-0.023791
0.018352,-0.020748,0.777911,-0.000638,-0.012150,0.664911,0.746824,-0.118472,0.099474,0.123231,0.560790,-0.319698,-0.035263,0.010448,0.074834,-0.115636,0.206045,-0.230926,-0.037071,-0.031111,0.034091,0.192065,-0.070113,0.151354,-0.533541,1.206611,-0.100250,-0.048523,0.214419,-0.156834,-0.114246,0.628519,1.248567,0.101418,0.061116,-0.024552
0.018576,-0.020497,0.777551,-0.000236,-0.014302,0.666068,0.745754,-0.132112,0.104681,0.121149,0.597114,-0.322498,-0.035150,0.018245,0.077491,-0.119076,0.200883,-0.230914,-0.035706,-0.031510,0.037241,0.197698,-0.072314,0.151360,-0.534556,1.207491,-0.098222,-0.049382,0.216004,-0.155848,-0.114603,0.628560,1.248102,0.101132,0.062611,-0.025399
0.018879,-0.020240,0.777244,0.000323,-0.016471,0.667244,0.744657,-0.145540,0.109425,0.118868,0.632867,-0.324518,-0.033492,0.026792,0.079926,-0.122509,0.194946,-0.230589,-0.034358,-0.031735,0.040091,0.203453,-0.074155,0.151288,-0.534667,1.208144,-0.096319,-0.049620,0.217323,-0.154850,-0.114823,0.628818,1.247969,0.101033,0.064004,-0.026237
0.019200,-0.019791,0.776984,0.000791,-0.018414,0.668332,0.743635,-0.159498,0.113305,0.115625,0.667280,-0.325891,-0.028806,0.034994,0.082289,-0.125620,0.188736,-0.229821,-0.033450,-0.031412,0.042706,0.208635,-0.075418,0.150935,-0.532816,1.208205,-0.095643,-0.048680,0.218088,-0.153489,-0.115170,0.629317,1.247928,0.101405,0.064699,-0.026932
0.019599,-0.019177,0.776709,0.001097,-0.020159,0.669347,0.742676,-0.174600,0.116300,0.110998,0.701770,-0.326292,-0.018952,0.042745,0.084783,-0.128462,0.182306,-0.228409,-0.033476,-0.030569,0.045189,0.213113,-0.076050,0.150175,-0.528275,1.207488,-0.096493,-0.045375,0.217742,-0.151889,-0.115479,0.630261,1.248495,0.102718,0.064141,-0.027381
0.019959,-0.018500,0.776490,0.001367,-0.021815,0.670332,0.741740,-0.190229,0.118500,0.105570,0.736012,-0.325587,-0.005445,0.050599,0.087308,-0.131167,0.175359,-0.226444,-0.034084,-0.029586,0.047615,0.217177,-0.076381,0.148715,-0.521423,1.206683,-0.098137,-0.040395,0.216656,-0.150209,-0.115745,0.631909,1.249685,0.104793,0.062803,-0.027702
0.020225,-0.017763,0.776386,0.001654,-0.023250,0.671230,0.740882,-0.205318,0.119615,0.100095,0.766692,-0.324230,0.007665,0.058409,0.089503,-0.133534,0.167985,-0.224323,-0.034427,-0.028199,0.049737,0.220779,-0.076369,0.146914,-0.513498,1.205948,-0.100404,-0.035898,0.215841,-0.148545,-0.115873,0.633622,1.251219,0.106690,0.061489,-0.028074
0.020494,-0.016939,0.776338,0.002022,-0.024325,0.671984,0.740163,-0.218925,0.119387,0.095261,0.790799,-0.322910,0.016370,0.066041,0.090989,-0.135365,0.160232,-0.222410,-0.033664,-0.026670,0.051361,0.223890,-0.075844,0.144902,-0.505022,1.205481,-0.102888,-0.034083,0.216288,-0.147167,-0.115885,0.635458,1.252879,0.107661,0.061031,-0.028688
0.020758,-0.016056,0.776326,0.002507,-0.024989,0.672590,0.739589,-0.230837,0.117306,0.090566,0.807538,-0.322257,0.019110,0.073451,0.091598,-0.136611,0.152168,-0.220864,-0.031653,-0.024982,0.052375,0.226513,-0.074506,0.142733,-0.495941,1.205273,-0.106275,-0.036621,0.218569,-0.146034,-0.115791,0.637412,1.254572,0.107369,0.061743,-0.029705
0.020976,-0.015087,0.776334,0.003080,-0.025310,0.673076,0.739134,-0.241632,0.113677,0.085870,0.818759,-0.321931,0.018176,0.080692,0.091527,-0.137390,0.143800,-0.219502,-0.028829,-0.023075,0.052859,0.228689,-0.072442,0.140402,-0.485985,1.205095,-0.110499,-0.041984,0.222009,-0.145070,-0.115605,0.639556,1.256408,0.106301,0.063152,-0.030981
0.021180,-0.013997,0.776398,0.003698,-0.025333,0.673429,0.738808,-0.251554,0.109564,0.082340,0.825379,-0.321216,0.015399,0.087753,0.090918,-0.137746,0.135107,-0.218187,-0.025212,-0.021008,0.052920,0.230451,-0.070061,0.137985,-0.475507,1.204774,-0.114077,-0.047549,0.225747,-0.144347,-0.115326,0.641800,1.258346,0.104818,0.064916,-0.032249
0.021332,-0.012908,0.776485,0.004315,-0.025106,0.673638,0.738622,-0.260823,0.106047,0.081117,0.828250,-0.319316,0.012625,0.094572,0.089921,-0.137730,0.126151,-0.216812,-0.020808,-0.018830,0.052650,0.231825,-0.067752,0.135620,-0.464862,1.204105,-0.115545,-0.050674,0.228949,-0.143990,-0.114980,0.644072,1.260429,0.103311,0.066682,-0.033244
0.021475,-0.011718,0.776586,0.005000,-0.024573,0.673664,0.738612,-0.269216,0.103179,0.082675,0.826856,-0.315943,0.009769,0.097241,0.087729,-0.137581,0.125358,-0.219970,-0.014974,-0.016436,0.051858,0.232817,-0.065446,0.133397,-0.453947,1.202753,-0.113877,-0.050237,0.231972,-0.143998,-0.114553,0.646184,1.262583,0.101877,0.068605,-0.033917
0.021612,-0.010460,0.776688,0.005757,-0.023723,0.673520,0.738765,-0.276704,0.100560,0.086301,0.820950,-0.311543,0.006101,0.099476,0.084899,-0.136984,0.124805,-0.223498,-0.007947,-0.013828,0.050536,0.233439,-0.062912,0.131336,-0.442653,1.200775,-0.110100,-0.047759,0.235054,-0.144320,-0.114035,0.648240,1.264789,0.100320,0.070789,-0.034394
0.021739,-0.009198,0.776791,0.006427,-0.022686,0.673282,0.739010,-0.283803,0.098531,0.091386,0.811790,-0.306383,0.002490,0.101273,0.081918,-0.136154,0.124287,-0.226956,-0.000934,-0.011215,0.049048,0.233742,-0.060267,0.129480,-0.431323,1.198534,-0.105832,-0.044563,0.237184,-0.144924,-0.113463,0.650523,1.267046,0.098508,0.072810,-0.034673
0.021846,-0.007871,0.776926,0.006866,-0.021581,0.673023,0.739275,-0.291004,0.097408,0.097332,0.800606,-0.300699,-0.000208,0.102572,0.079265,-0.135294,0.123785,-0.230054,0.004844,-0.008793,0.047779,0.233792,-0.057645,0.127887,-0.420343,1.196373,-0.102706,-0.041984,0.237375,-0.145726,-0.112895,0.653273,1.269254,0.096285,0.074253,-0.034746
0.021974,-0.006446,0.777051,0.006997,-0.020392,0.672755,0.739552,-0.298423,0.097406,0.104338,0.787261,-0.294637,-0.001974,0.103183,0.077077,-0.134454,0.123336,-0.232570,0.008929,-0.006510,0.046804,0.233493,-0.054933,0.126631,-0.409681,1.194108,-0.101392,-0.040339,0.234956,-0.146633,-0.112403,0.656464,1.271310,0.093191,0.074995,-0.034423
0.022026,-0.004977,0.777140,0.006909,-0.019077,0.672442,0.739872,-0.305737,0.098288,0.112613,0.771201,-0.288005,-0.003202,0.103234,0.075106,-0.133514,0.122897,-0.234709,0.012011,-0.004442,0.045943,0.232861,-0.052058,0.125618,-0.398991,1.191634,-0.100870,-0.038943,0.230596,-0.147761,-0.111953,0.660193,1.273304,0.089520,0.075268,-0.033772
0.022106,-0.003457,0.777232,0.006695,-0.017723,0.672092,0.740225,-0.312861,0.099713,0.121554,0.753161,-0.280618,-0.003679,0.103037,0.073283,-0.132490,0.122492,-0.236743,0.014617,-0.002381,0.045201,0.232172,-0.049262,0.124972,-0.389004,1.189223,-0.100520,-0.037589,0.225289,-0.148958,-0.111610,0.664071,1.275011,0.085969,0.075174,-0.033135
0.022125,-0.001908,0.777278,0.006450,-0.016411,0.671716,0.740599,-0.319735,0.101336,0.130565,0.733929,-0.272326,-0.003183,0.102910,0.071541,-0.131400,0.122158,-0.238968,0.017274,-0.000712,0.044572,0.231681,-0.046644,0.124623,-0.379667,1.187203,-0.099472,-0.036112,0.220029,-0.150423,-0.111319,0.668499,1.276582,0.083486,0.074829,-0.032881
0.022172,-0.000279,0.777309,0.006173,-0.015184,0.671321,0.740985,-0.326254,0.103195,0.139790,0.713320,-0.263601,-0.001539,0.102760,0.069894,-0.130304,0.122225,-0.241650,0.020143,0.000690,0.044141,0.231466,-0.044234,0.124656,-0.371249,1.185543,-0.097660,-0.034657,0.214704,-0.152107,-0.111103,0.673527,1.277959,0.082212,0.074089,-0.033337
0.022164,0.001361,0.777286,0.005837,-0.013965,0.670898,0.741395,-0.332447,0.105304,0.149554,0.690988,-0.254346,0.001080,0.102588,0.068320,-0.129148,0.122288,-0.244418,0.022950,0.001943,0.043814,0.231372,-0.041944,0.125099,-0.363659,1.184093,-0.095492,-0.033257,0.208904,-0.153948,-0.110986,0.679006,1.279090,0.081695,0.072958,-0.034227
0.022128,0.002972,0.777227,0.005461,-0.012748,0.670442,0.741832,-0.338550,0.107463,0.159338,0.667764,-0.243682,0.004337,0.102418,0.066815,-0.127900,0.122382,-0.247208,0.025525,0.003078,0.043512,0.231379,-0.039869,0.125869,-0.356929,1.183031,-0.092978,-0.031558,0.203190,-0.155877,-0.110965,0.684371,1.279928,0.081800,0.071743,-0.035007
0.022028,0.004728,0.777148,0.005024,-0.011567,0.669956,0.742294,-0.344807,0.109560,0.168571,0.644456,-0.230706,0.007919,0.102301,0.065457,-0.126537,0.122459,-0.249897,0.027701,0.003988,0.043201,0.231479,-0.038013,0.126932,-0.350934,1.182442,-0.090096,-0.029207,0.198100,-0.157879,-0.111014,0.689204,1.280447,0.082425,0.070756,-0.035132
0.021919,0.006497,0.777072,0.004533,-0.010398,0.669445,0.742775,-0.351539,0.111590,0.177200,0.621502,-0.214902,0.012457,0.102202,0.064219,-0.125055,0.122556,-0.252509,0.029541,0.004824,0.042894,0.231623,-0.036671,0.128211,-0.345889,1.182607,-0.086786,-0.025743,0.193690,-0.159962,-0.111138,0.693377,1.280770,0.083842,0.069922,-0.034484
0.021833,0.008367,0.776973,0.003984,-0.009244,0.668910,0.743275,-0.358573,0.113598,0.185545,0.598458,-0.196892,0.017904,0.102110,0.063090,-0.123477,0.122656,-0.255066,0.031106,0.005568,0.042647,0.231799,-0.035811,0.129665,-0.341762,1.183514,-0.083057,-0.021491,0.189716,-0.162156,-0.111344,0.697125,1.280940,0.086003,0.069126,-0.033350
0.021777,0.010238,0.776841,0.003373,-0.008135,0.668339,0.743805,-0.365432,0.115517,0.193576,0.574828,-0.177477,0.022941,0.102091,0.062126,-0.121805,0.122741,-0.257536,0.032214,0.006182,0.042471,0.232050,-0.035121,0.131301,-0.338435,1.184920,-0.079094,-0.017256,0.186296,-0.164326,-0.111607,0.700195,1.280642,0.088244,0.068628,-0.031789
0.021686,0.012262,0.776672,0.002695,-0.007114,0.667716,0.744378,-0.371602,0.117277,0.201199,0.550059,-0.157403,0.026235,0.102195,0.061386,-0.120042,0.122845,-0.259914,0.032685,0.006867,0.042539,0.232290,-0.034687,0.132734,-0.336093,1.187160,-0.075125,-0.013875,0.183680,-0.166365,-0.111856,0.702040,1.279875,0.089825,0.068670,-0.029894
0.021590,0.014308,0.776485,0.001946,-0.006148,0.667010,0.745021,-0.377135,0.118899,0.208555,0.523962,-0.135400,0.027792,0.102329,0.060849,-0.118155,0.122952,-0.262031,0.032295,0.007294,0.042554,0.232749,-0.033884,0.134703,-0.334485,1.189363,-0.070982,-0.011608,0.181622,-0.168280,-0.112189,0.702819,1.277989,0.090678,0.069516,-0.027364
0.021472,0.016430,0.776306,0.001125,-0.005235,0.666238,0.745720,-0.382238,0.120351,0.215593,0.496799,-0.111505,0.028212,0.102496,0.060502,-0.116151,0.123086,-0.263971,0.031201,0.007825,0.042745,0.233228,-0.033403,0.136649,-0.334024,1.192396,-0.066667,-0.010032,0.180260,-0.170109,-0.112521,0.702260,1.275531,0.091007,0.070950,-0.024296
0.021342,0.018731,0.776108,0.000257,-0.004441,0.665451,0.746429,-0.386605,0.121491,0.221867,0.468583,-0.088324,0.026999,0.102928,0.060418,-0.114075,0.123203,-0.265993,0.029787,0.008323,0.043103,0.233742,-0.032986,0.138567,-0.334185,1.195879,-0.062542,-0.008758,0.179676,-0.171804,-0.112849,0.701069,1.272803,0.091078,0.072568,-0.021210
0.021209,0.021125,0.775809,-0.000650,-0.003851,0.664697,0.747103,-0.389790,0.122217,0.226915,0.439043,-0.068391,0.023637,0.103853,0.060709,-0.111964,0.123337,-0.268424,0.028428,0.008733,0.043693,0.234291,-0.032466,0.140362,-0.334500,1.199554,-0.058937,-0.007399,0.179982,-0.173280,-0.113127,0.699792,1.270125,0.091066,0.073962,-0.018634
0.021069,0.023666,0.775490,-0.001617,-0.003548,0.663985,0.747736,-0.391145,0.122605,0.230608,0.407024,-0.052472,0.016964,0.105398,0.061574,-0.109770,0.123466,-0.271389,0.027115,0.008984,0.044624,0.234939,-0.031745,0.142156,-0.335218,1.203428,-0.055771,-0.005798,0.181627,-0.174528,-0.113339,0.698443,1.267451,0.090901,0.075261,-0.016674
0.020937,0.026198,0.775058,-0.002655,-0.003509,0.663265,0.748372,-0.390818,0.122776,0.233160,0.372543,-0.038920,0.007563,0.107486,0.063000,-0.107425,0.123588,-0.274723,0.025665,0.009124,0.045963,0.235669,-0.030983,0.143804,-0.336393,1.207750,-0.052894,-0.004182,0.184448,-0.175649,-0.113458,0.696825,1.264802,0.090525,0.076599,-0.015072
0.020800,0.028869,0.774566,-0.003728,-0.003658,0.662499,0.749045,-0.389565,0.122793,0.234632,0.337161,-0.026618,-0.002445,0.110006,0.064762,-0.104944,0.123688,-0.278200,0.024202,0.009319,0.047588,0.236425,-0.030216,0.145100,-0.337292,1.212317,-0.050558,-0.002725,0.187555,-0.176703,-0.113499,0.695247,1.262437,0.090246,0.077580,-0.013791
0.020591,0.031672,0.774033,-0.004782,-0.003878,0.661661,0.749778,-0.388366,0.122725,0.235056,0.302895,-0.014701,-0.010911,0.112804,0.066575,-0.102376,0.123805,-0.281643,0.022857,0.009919,0.048982,0.237306,-0.029035,0.146714,-0.337483,1.216065,-0.049223,-0.001531,0.189856,-0.177571,-0.113493,0.693723,1.260120,0.090290,0.077808,-0.012736
0.020445,0.034591,0.773457,-0.005798,-0.004164,0.660727,0.750592,-0.387302,0.122585,0.234362,0.269887,-0.003566,-0.017357,0.115935,0.068383,-0.099702,0.123880,-0.284959,0.021752,0.010732,0.050272,0.238197,-0.027565,0.148059,-0.336185,1.219307,-0.048892,-0.000479,0.191215,-0.178392,-0.113435,0.692820,1.258317,0.091046,0.076855,-0.012038
0.020311,0.037650,0.772868,-0.006812,-0.004579,0.659708,0.751477,-0.386005,0.122575,0.232550,0.237493,0.006354,-0.022827,0.119426,0.070361,-0.096887,0.123969,-0.288278,0.020785,0.011805,0.051732,0.239072,-0.026072,0.148927,-0.334023,1.222562,-0.049408,0.000426,0.192202,-0.179107,-0.113362,0.692215,1.256943,0.092274,0.075042,-0.011696
0.020178,0.040749,0.772237,-0.007834,-0.005079,0.658652,0.752390,-0.384737,0.122846,0.229782,0.206367,0.015892,-0.027469,0.123198,0.072452,-0.093991,0.124047,-0.291658,0.019765,0.012929,0.053195,0.240020,-0.024401,0.149766,-0.331484,1.225585,-0.050498,0.000809,0.192907,-0.179779,-0.113245,0.691607,1.255647,0.093450,0.073106,-0.011486
0.020023,0.043843,0.771551,-0.008871,-0.005605,0.657615,0.753281,-0.383844,0.123435,0.226203,0.177280,0.025881,-0.031472,0.127108,0.074563,-0.091104,0.124121,-0.295139,0.018513,0.014089,0.054787,0.240927,-0.022893,0.150357,-0.329396,1.228897,-0.051927,0.000248,0.193619,-0.180373,-0.113127,0.690525,1.254251,0.094084,0.071782,-0.011244
0.019899,0.047066,0.770879,-0.009928,-0.006107,0.656654,0.754102,-0.383568,0.124098,0.221231,0.150197,0.037311,-0.034779,0.131041,0.076607,-0.088388,0.124227,-0.298752,0.016824,0.015020,0.056187,0.241977,-0.021319,0.151232,-0.327661,1.232220,-0.053915,-0.001959,0.194200,-0.181034,-0.112874,0.688646,1.252547,0.093651,0.071302,-0.010850
0.019704,0.050346,0.770219,-0.010981,-0.006583,0.655749,0.754870,-0.383626,0.124730,0.215011,0.124570,0.049613,-0.037325,0.135045,0.078538,-0.085810,0.124334,-0.302448,0.014869,0.016031,0.057466,0.242995,-0.019825,0.152127,-0.326410,1.235723,-0.056648,-0.005399,0.194661,-0.181604,-0.112524,0.686079,1.250730,0.092585,0.071251,-0.010457
0.019545,0.053748,0.769537,-0.011987,-0.007033,0.654856,0.755626,-0.389542,0.126756,0.208020,0.113181,0.054519,-0.039345,0.139227,0.080306,-0.083182,0.124444,-0.306247,0.013021,0.017124,0.058632,0.243921,-0.018345,0.152926,-0.325276,1.239011,-0.059370,-0.008748,0.195008,-0.182082,-0.112133,0.683398,1.248950,0.091513,0.071413,-0.010132
0.019369,0.057311,0.768826,-0.012914,-0.007479,0.653920,0.756417,-0.399035,0.129868,0.201717,0.111992,0.052635,-0.041033,0.143686,0.081895,-0.080304,0.124581,-0.310180,0.011651,0.018320,0.059753,0.244651,-0.016814,0.153454,-0.323981,1.241739,-0.061383,-0.010689,0.195287,-0.182442,-0.111839,0.681299,1.247372,0.091179,0.071565,-0.009963
0.019233,0.060926,0.768034,-0.013757,-0.007890,0.652911,0.757269,-0.407485,0.133132,0.196884,0.111142,0.048377,-0.042202,0.148419,0.083267,-0.077016,0.124710,-0.314249,0.011063,0.019764,0.060672,0.245143,-0.015141,0.153951,-0.322374,1.243536,-0.062456,-0.010448,0.195394,-0.182688,-0.111529,0.679551,1.245935,0.091877,0.071755,-0.009999
0.019018,0.064714,0.767213,-0.014535,-0.008256,0.651873,0.758143,-0.415082,0.136395,0.192919,0.110512,0.042715,-0.042831,0.153351,0.084413,-0.073495,0.124826,-0.318432,0.010998,0.021335,0.061592,0.245228,-0.013355,0.154119,-0.321075,1.244864,-0.063334,-0.008878,0.195499,-0.182588,-0.111406,0.678451,1.244500,0.093603,0.072073,-0.010303
0.018766,0.068662,0.766418,-0.015232,-0.008616,0.650860,0.758996,-0.421786,0.139540,0.189873,0.110094,0.036817,-0.043336,0.158545,0.085344,-0.070032,0.124961,-0.322718,0.010977,0.022883,0.062278,0.245514,-0.011605,0.154327,-0.319266,1.245666,-0.063386,-0.007033,0.195420,-0.182632,-0.111244,0.677273,1.243227,0.094916,0.072340,-0.010492
0.018536,0.072605,0.765529,-0.015845,-0.009004,0.649928,0.759777,-0.427591,0.142469,0.187787,0.109936,0.031712,-0.044121,0.164068,0.086068,-0.066924,0.125128,-0.327109,0.010530,0.023923,0.062586,0.246201,-0.009616,0.154852,-0.316836,1.245860,-0.062839,-0.005964,0.195165,-0.183096,-0.110773,0.676783,1.242411,0.095431,0.072366,-0.010490
0.018302,0.076587,0.764633,-0.016363,-0.009486,0.649104,0.760465,-0.432366,0.145323,0.187068,0.110044,0.027493,-0.045616,0.170024,0.086672,-0.064302,0.125314,-0.331592,0.009335,0.024988,0.062938,0.246965,-0.007702,0.155230,-0.315387,1.246183,-0.062313,-0.006052,0.195056,-0.183360,-0.110378,0.677172,1.241955,0.095279,0.072067,-0.010463
0.018004,0.080707,0.763747,-0.016803,-0.010047,0.648351,0.761090,-0.436025,0.148167,0.187568,0.110143,0.023796,-0.047517,0.176379,0.087173,-0.061972,0.125506,-0.336171,0.007696,0.026096,0.063314,0.247899,-0.005929,0.155482,-0.314303,1.246434,-0.061412,-0.006706,0.194956,-0.183513,-0.110088,0.677983,1.241684,0.094513,0.071559,-0.010361
0.017809,0.084891,0.762864,-0.017160,-0.010551,0.647671,0.761654,-0.438853,0.150628,0.188441,0.110258,0.020829,-0.049084,0.182710,0.087334,-0.059876,0.126102,-0.341034,0.006086,0.026911,0.063421,0.248837,-0.004123,0.155729,-0.313114,1.246388,-0.060472,-0.007561,0.194829,-0.183690,-0.109756,0.679350,1.241580,0.093707,0.070972,-0.010186
0.017525,0.089135,0.761996,-0.017407,-0.010802,0.647020,0.762197,-0.441129,0.152267,0.189019,0.110336,0.018809,-0.049556,0.188912,0.086804,-0.057818,0.126703,-0.345930,0.005017,0.027717,0.063124,0.249492,-0.002291,0.155845,-0.312066,1.245920,-0.059985,-0.008219,0.194757,-0.183849,-0.109519,0.680735,1.241541,0.093256,0.070413,-0.009894
0.017190,0.093558,0.761149,-0.017551,-0.010753,0.646383,0.762735,-0.442907,0.153065,0.189276,0.110383,0.017885,-0.048735,0.194863,0.085530,-0.055766,0.127330,-0.350922,0.004545,0.028738,0.062354,0.249752,-0.000869,0.155841,-0.311529,1.245501,-0.060209,-0.008751,0.194815,-0.183831,-0.109417,0.681869,1.241340,0.093220,0.069877,-0.009396
0.016863,0.098020,0.760296,-0.017593,-0.010473,0.645785,0.763245,-0.444182,0.153174,0.189546,0.110614,0.017812,-0.047007,0.200683,0.083610,-0.053835,0.128021,-0.356036,0.004451,0.029288,0.061115,0.249730,0.000698,0.155724,-0.310803,1.244736,-0.060780,-0.009308,0.194947,-0.183855,-0.109316,0.683837,1.241236,0.093677,0.069321,-0.008791
0.016500,0.102543,0.759433,-0.017554,-0.010018,0.645262,0.763694,-0.444960,0.152537,0.189546,0.111100,0.018263,-0.044512,0.206450,0.081128,-0.052125,0.128787,-0.361130,0.004794,0.029615,0.059573,0.249534,0.002423,0.155441,-0.309786,1.243464,-0.061396,-0.009675,0.195014,-0.183895,-0.109278,0.685995,1.241296,0.094276,0.068824,-0.008203
0.016065,0.107188,0.758579,-0.017455,-0.009457,0.644818,0.764078,-0.445106,0.151172,0.189064,0.111675,0.019042,-0.041410,0.212295,0.078223,-0.050641,0.129576,-0.366099,0.005612,0.030106,0.057806,0.249248,0.004008,0.154984,-0.308311,1.241919,-0.061759,-0.009670,0.194827,-0.183704,-0.109326,0.687809,1.241371,0.094615,0.068487,-0.007773
0.015619,0.111924,0.757693,-0.017303,-0.008820,0.644459,0.764392,-0.444665,0.149122,0.187824,0.112353,0.019990,-0.037697,0.218259,0.074946,-0.049474,0.130396,-0.371102,0.006943,0.029921,0.056141,0.248872,0.005596,0.153567,-0.305302,1.240259,-0.061301,-0.009247,0.194469,-0.183534,-0.109623,0.690262,1.241679,0.094841,0.068452,-0.007688
0.015148,0.116701,0.756778,-0.017088,-0.008079,0.644166,0.764652,-0.443626,0.146403,0.186023,0.113137,0.021244,-0.033325,0.224303,0.071264,-0.048574,0.131242,-0.376125,0.008748,0.030376,0.054306,0.248356,0.006862,0.152058,-0.302626,1.238396,-0.060806,-0.008445,0.193927,-0.182935,-0.110090,0.691749,1.241840,0.094605,0.068591,-0.007760
0.014647,0.121603,0.755836,-0.016793,-0.007201,0.643938,0.764859,-0.441923,0.142896,0.184095,0.114070,0.023084,-0.028363,0.230368,0.067116,-0.047818,0.132166,-0.380779,0.010971,0.030920,0.052136,0.247782,0.008116,0.150515,-0.299529,1.236136,-0.060330,-0.007428,0.193186,-0.182206,-0.110658,0.693091,1.242033,0.094413,0.068741,-0.007768
0.014085,0.126713,0.754865,-0.016406,-0.006161,0.643773,0.765016,-0.439456,0.138495,0.182474,0.115139,0.025793,-0.022881,0.236406,0.062459,-0.047072,0.133189,-0.384646,0.013553,0.031174,0.049822,0.247115,0.009101,0.148307,-0.295447,1.234064,-0.059855,-0.006418,0.192412,-0.181551,-0.111551,0.694893,1.242504,0.094705,0.068750,-0.007492
0.013492,0.131824,0.753932,-0.015851,-0.005107,0.643638,0.765149,-0.442642,0.134623,0.180744,0.131822,0.020261,-0.017323,0.242792,0.057354,-0.046127,0.134295,-0.387912,0.016591,0.031481,0.047303,0.246671,0.010022,0.145827,-0.290458,1.231781,-0.059575,-0.005254,0.191301,-0.180878,-0.112612,0.696786,1.243239,0.095563,0.068457,-0.006760
0.012934,0.137025,0.752960,-0.015156,-0.004021,0.643522,0.765267,-0.448870,0.130792,0.178988,0.157956,0.009928,-0.011529,0.247920,0.051745,-0.045152,0.138749,-0.392429,0.020079,0.031791,0.044611,0.246376,0.010889,0.143019,-0.284574,1.229279,-0.059329,-0.003912,0.189914,-0.180174,-0.113838,0.698817,1.244201,0.096806,0.067993,-0.005735
0.012311,0.142427,0.752102,-0.014465,-0.002629,0.643448,0.765349,-0.455634,0.126127,0.176846,0.184826,0.001367,-0.004700,0.247655,0.045344,-0.044559,0.153819,-0.401492,0.023793,0.032043,0.041540,0.245693,0.011513,0.139924,-0.278347,1.226855,-0.059175,-0.002685,0.188715,-0.179586,-0.115207,0.701079,1.245410,0.098179,0.067574,-0.004656
0.011541,0.147745,0.751471,-0.013927,-0.000660,0.643439,0.765371,-0.464185,0.120430,0.173471,0.211730,-0.003051,0.003882,0.245334,0.038216,-0.044348,0.170903,-0.410002,0.027484,0.032201,0.037857,0.244082,0.011739,0.136648,-0.272351,1.224750,-0.059180,-0.001858,0.188156,-0.179235,-0.116681,0.703611,1.246860,0.099369,0.067416,-0.003760
0.010866,0.153231,0.750936,-0.013681,0.002181,0.643466,0.765349,-0.476003,0.113313,0.167968,0.239537,-0.001430,0.015459,0.240022,0.030100,-0.044672,0.190416,-0.418400,0.030978,0.032260,0.033308,0.241104,0.011629,0.133247,-0.266451,1.222791,-0.059299,-0.001718,0.188588,-0.179410,-0.118246,0.706738,1.248569,0.100376,0.067665,-0.002931
0.010216,0.158908,0.750405,-0.013616,0.005665,0.643489,0.765313,-0.489960,0.104990,0.161309,0.268103,0.004770,0.029148,0.232558,0.021154,-0.045192,0.211798,-0.426552,0.034412,0.032316,0.028061,0.237164,0.011308,0.129713,-0.260441,1.220853,-0.059525,-0.002033,0.189671,-0.179978,-0.119885,0.710345,1.250537,0.101349,0.068174,-0.002102
0.009414,0.164565,0.750095,-0.013487,0.009324,0.643527,0.765248,-0.503508,0.096139,0.155379,0.295407,0.012531,0.042698,0.224365,0.011768,-0.045500,0.234573,-0.433542,0.038021,0.032436,0.022431,0.232951,0.010702,0.126079,-0.254801,1.219269,-0.059992,-0.002329,0.190832,-0.180452,-0.121565,0.713753,1.252776,0.102161,0.068716,-0.001587
0.008683,0.170175,0.749930,-0.013032,0.012729,0.643637,0.765114,-0.514242,0.087441,0.151809,0.319743,0.018492,0.054083,0.216805,0.002245,-0.045298,0.258293,-0.438526,0.042051,0.032672,0.016666,0.229131,0.009702,0.122410,-0.250068,1.218372,-0.060860,-0.002128,0.191499,-0.180278,-0.123226,0.716241,1.255212,0.102708,0.069064,-0.001699
0.007913,0.176018,0.749820,-0.012154,0.016060,0.643757,0.764965,-0.522428,0.079032,0.151408,0.341797,0.021551,0.063898,0.209598,-0.007973,-0.044256,0.283228,-0.441877,0.046651,0.033166,0.010331,0.225564,0.008359,0.118706,-0.246152,1.217913,-0.062167,-0.001013,0.191420,-0.179569,-0.124843,0.718107,1.258022,0.102761,0.069094,-0.002514
0.007210,0.182152,0.749792,-0.010973,0.019510,0.643906,0.764777,-0.529197,0.070627,0.153055,0.362500,0.023202,0.073101,0.202165,-0.018988,-0.042629,0.309445,-0.443840,0.051638,0.033787,0.003325,0.221947,0.006697,0.114975,-0.242853,1.217822,-0.063836,0.000663,0.190938,-0.178550,-0.126405,0.719563,1.261205,0.102459,0.068946,-0.003871
0.006410,0.188416,0.749834,-0.009554,0.022671,0.644284,0.764391,-0.533744,0.062270,0.155291,0.381115,0.023758,0.080234,0.195171,-0.029860,-0.041069,0.336753,-0.443557,0.056741,0.034177,-0.003623,0.218676,0.004555,0.111354,-0.240562,1.218683,-0.065880,0.002239,0.190353,-0.176804,-0.127873,0.719650,1.264441,0.102127,0.068787,-0.005729
0.005634,0.194863,0.749921,-0.007970,0.025123,0.645093,0.763649,-0.535298,0.053896,0.156601,0.396841,0.023665,0.083668,0.189315,-0.039631,-0.040266,0.364980,-0.440185,0.061664,0.034064,-0.009792,0.216163,0.001771,0.108050,-0.239745,1.221057,-0.068336,0.003051,0.189956,-0.173878,-0.129200,0.717324,1.267374,0.102065,0.068775,-0.008033
0.004877,0.201392,0.750025,-0.006096,0.026624,0.646542,0.762389,-0.533307,0.045169,0.156455,0.409520,0.023123,0.082008,0.185913,-0.048085,-0.040590,0.393220,-0.433586,0.067230,0.033290,-0.015122,0.214827,-0.001727,0.105265,-0.240595,1.225300,-0.071759,0.002761,0.189411,-0.169273,-0.130264,0.711743,1.269814,0.101974,0.069123,-0.011400
0.004271,0.207798,0.750184,-0.003951,0.027442,0.648492,0.760716,-0.528440,0.036201,0.155543,0.419807,0.021809,0.076375,0.184170,-0.055767,-0.041639,0.421994,-0.424246,0.073178,0.032170,-0.019911,0.214312,-0.005960,0.102782,-0.243036,1.231168,-0.075990,0.001775,0.188727,-0.163321,-0.131124,0.703444,1.271941,0.101784,0.069687,-0.015645
0.003761,0.214144,0.750441,-0.001814,0.027923,0.650614,0.758893,-0.521697,0.027498,0.154296,0.427896,0.019495,0.068850,0.181620,-0.062877,-0.042947,0.453278,-0.412271,0.077622,0.030872,-0.024321,0.213961,-0.010544,0.100792,-0.246815,1.237715,-0.080017,0.000592,0.188507,-0.156929,-0.131770,0.693756,1.273945,0.102171,0.070079,-0.019504
0.003296,0.220434,0.750818,0.000045,0.028418,0.652570,0.757196,-0.513985,0.019493,0.153227,0.433749,0.016024,0.061506,0.175974,-0.069614,-0.044073,0.488689,-0.397587,0.078744,0.029660,-0.028451,0.213107,-0.015212,0.099369,-0.251774,1.244129,-0.082836,-0.000302,0.189410,-0.150928,-0.132314,0.683944,1.275999,0.103780,0.069909,-0.021711
0.002895,0.226791,0.751375,0.001420,0.029001,0.654365,0.755621,-0.505468,0.012390,0.152363,0.436767,0.011200,0.053859,0.166761,-0.075682,-0.045314,0.528395,-0.379404,0.076186,0.028447,-0.032144,0.211386,-0.020097,0.098594,-0.258016,1.250568,-0.084408,-0.000957,0.191498,-0.145183,-0.132809,0.673568,1.277974,0.107313,0.068863,-0.021645
0.002428,0.233142,0.752079,0.002501,0.029494,0.656142,0.754057,-0.495635,0.005826,0.151558,0.436937,0.005206,0.045158,0.155272,-0.081151,-0.046892,0.571356,-0.357827,0.070867,0.027094,-0.035415,0.209230,-0.025212,0.098409,-0.265503,1.257289,-0.085161,-0.001571,0.194442,-0.139345,-0.133242,0.662318,1.279733,0.112291,0.067238,-0.020062
0.001937,0.239667,0.752879,0.003616,0.029877,0.657766,0.752621,-0.484434,-0.000636,0.151079,0.435190,-0.001566,0.037069,0.142064,-0.086735,-0.048303,0.616938,-0.334061,0.062990,0.026294,-0.038638,0.207197,-0.030337,0.098767,-0.274497,1.263775,-0.084998,-0.001883,0.198317,-0.133641,-0.133791,0.651024,1.281292,0.117391,0.065538,-0.017746
0.001406,0.246224,0.753790,0.005098,0.030138,0.659103,0.751431,-0.471799,-0.007400,0.151114,0.432488,-0.008678,0.031214,0.127652,-0.093119,-0.049017,0.664598,-0.309306,0.052836,0.025376,-0.042330,0.205825,-0.034594,0.099632,-0.283561,1.268957,-0.083388,-0.001637,0.203078,-0.128928,-0.134437,0.642277,1.283090,0.121791,0.064281,-0.015527
0.000830,0.252812,0.754820,0.007136,0.030209,0.660063,0.750569,-0.457001,-0.014638,0.151773,0.428558,-0.016271,0.028287,0.112089,-0.100565,-0.048893,0.715123,-0.283181,0.039042,0.024605,-0.046614,0.205294,-0.037941,0.100982,-0.293396,1.272927,-0.079536,-0.000251,0.209689,-0.125276,-0.135240,0.636784,1.285430,0.125475,0.063593,-0.013302
0.000210,0.259401,0.755949,0.009523,0.030122,0.660732,0.749957,-0.440259,-0.022116,0.152857,0.422986,-0.024421,0.027319,0.095259,-0.108718,-0.048446,0.768147,-0.254998,0.022083,0.023909,-0.051238,0.205313,-0.040681,0.102812,-0.304043,1.276031,-0.073872,0.001997,0.217815,-0.122365,-0.136227,0.633553,1.288062,0.128925,0.063212,-0.010744
-0.000474,0.265921,0.757118,0.011993,0.030001,0.661245,0.749474,-0.422916,-0.029603,0.154035,0.416557,-0.032584,0.027392,0.077410,-0.117243,-0.047968,0.821529,-0.225532,0.004945,0.023049,-0.056043,0.205706,-0.042956,0.105083,-0.314201,1.277999,-0.067944,0.004068,0.225582,-0.120086,-0.137385,0.631381,1.290418,0.131689,0.063039,-0.008329
-0.001230,0.272444,0.758260,0.014261,0.029955,0.661745,0.748994,-0.406334,-0.036833,0.154991,0.410099,-0.040241,0.027596,0.058636,-0.125728,-0.047566,0.873538,-0.195852,-0.009495,0.021724,-0.060819,0.206285,-0.044869,0.107744,-0.322516,1.278558,-0.063266,0.004871,0.231142,-0.118382,-0.138664,0.629106,1.291998,0.133321,0.062963,-0.006542
-0.002037,0.278703,0.759282,0.016262,0.030036,0.662267,0.748489,-0.390842,-0.043834,0.155647,0.403685,-0.047260,0.028038,0.038213,-0.134143,-0.046949,0.925522,-0.165453,-0.020456,0.019807,-0.065543,0.206976,-0.046327,0.110801,-0.328343,1.277504,-0.059852,0.004004,0.234276,-0.117476,-0.140049,0.626924,1.292841,0.132784,0.063151,-0.005395
-0.002739,0.284663,0.760186,0.018132,0.030163,0.662743,0.748019,-0.375722,-0.050681,0.156125,0.396951,-0.053930,0.029070,0.016226,-0.142606,-0.046019,0.978160,-0.134212,-0.029557,0.017413,-0.070274,0.207876,-0.047300,0.114270,-0.332418,1.275024,-0.056976,0.002059,0.235902,-0.117379,-0.141544,0.625339,1.293248,0.130635,0.063585,-0.004679
-0.003310,0.290559,0.761037,0.019899,0.030246,0.663175,0.747588,-0.360854,-0.057185,0.156458,0.390194,-0.060391,0.030182,-0.006152,-0.150912,-0.045065,1.029033,-0.103981,-0.037560,0.014639,-0.074903,0.209046,-0.048040,0.118121,-0.335595,1.271475,-0.055120,-0.000591,0.235883,-0.117664,-0.143089,0.623599,1.293069,0.128794,0.063886,-0.004534
-0.003849,0.296424,0.761851,0.021590,0.030203,0.663559,0.747202,-0.346130,-0.063170,0.156707,0.383712,-0.066789,0.030876,-0.027756,-0.158898,-0.044407,1.075719,-0.076614,-0.045219,0.011641,-0.079339,0.210539,-0.048826,0.122285,-0.338748,1.267259,-0.054737,-0.003568,0.234083,-0.117911,-0.144592,0.620904,1.292200,0.129186,0.063671,-0.005114
-0.004308,0.302065,0.762582,0.023203,0.030068,0.663825,0.746923,-0.331596,-0.068575,0.157112,0.377532,-0.073150,0.031034,-0.048612,-0.166864,-0.044181,1.117960,-0.049677,-0.052368,0.008534,-0.083641,0.212328,-0.049498,0.126753,-0.341698,1.262051,-0.056328,-0.007488,0.229675,-0.118218,-0.146005,0.617254,1.290667,0.132067,0.062920,-0.006517
-0.004703,0.307743,0.763257,0.024734,0.029873,0.664000,0.746726,-0.317266,-0.073524,0.157607,0.371468,-0.079380,0.030934,-0.069312,-0.174821,-0.044146,1.157149,-0.023252,-0.058797,0.005246,-0.087843,0.214381,-0.050015,0.131534,-0.344146,1.255826,-0.059553,-0.012299,0.222989,-0.118752,-0.147317,0.612951,1.288583,0.136478,0.061797,-0.008649
-0.005188,0.313379,0.763910,0.026182,0.029508,0.664185,0.746526,-0.302895,-0.078040,0.157837,0.365444,-0.085480,0.030660,-0.089336,-0.182007,-0.044070,1.192969,-0.002915,-0.065037,0.001740,-0.091762,0.216715,-0.050891,0.136570,-0.346871,1.249518,-0.063641,-0.016628,0.215648,-0.119256,-0.148509,0.607663,1.286064,0.142508,0.060182,-0.011369
-0.005647,0.318943,0.764611,0.027542,0.028861,0.664485,0.746236,-0.288231,-0.082102,0.157444,0.359380,-0.091449,0.030291,-0.108157,-0.187506,-0.043738,1.225106,0.005719,-0.071464,-0.001939,-0.095161,0.219358,-0.052715,0.141751,-0.350788,1.244125,-0.067846,-0.019126,0.209303,-0.119386,-0.149537,0.600960,1.283134,0.150231,0.057960,-0.014526
-0.006056,0.324525,0.765320,0.028794,0.027838,0.664956,0.745808,-0.273249,-0.085558,0.156262,0.353443,-0.097321,0.029794,-0.125372,-0.190212,-0.042628,1.253399,-0.002756,-0.078117,-0.005902,-0.097859,0.222411,-0.055891,0.147049,-0.356435,1.239953,-0.072555,-0.019106,0.204018,-0.119169,-0.150400,0.592840,1.279817,0.161333,0.054719,-0.018772
-0.006400,0.330100,0.766031,0.029941,0.026517,0.665526,0.745302,-0.258121,-0.088419,0.154549,0.347739,-0.103159,0.029150,-0.141394,-0.190548,-0.040943,1.278198,-0.024100,-0.084503,-0.010058,-0.099989,0.225821,-0.060089,0.152448,-0.363318,1.236519,-0.077961,-0.017392,0.199069,-0.118693,-0.151095,0.583434,1.276064,0.175205,0.050598,-0.023919
-0.006624,0.335491,0.766754,0.031003,0.025044,0.666101,0.744796,-0.242849,-0.090892,0.152555,0.341981,-0.108924,0.028449,-0.156903,-0.189980,-0.039577,1.299878,-0.049441,-0.090229,-0.014106,-0.101805,0.229343,-0.064812,0.157828,-0.370761,1.233738,-0.083017,-0.014948,0.194953,-0.117837,-0.151629,0.572513,1.272038,0.188404,0.046348,-0.028593
-0.006948,0.340798,0.767455,0.032002,0.023564,0.666589,0.744365,-0.227446,-0.093176,0.150514,0.335906,-0.114591,0.027765,-0.172548,-0.190150,-0.039476,1.318726,-0.069888,-0.094992,-0.017736,-0.103512,0.232730,-0.069602,0.163014,-0.378101,1.231597,-0.086681,-0.012755,0.192174,-0.116477,-0.152000,0.559827,1.267891,0.197520,0.042784,-0.031469
-0.007199,0.346197,0.768110,0.032932,0.022112,0.666928,0.744065,-0.211803,-0.095294,0.148477,0.329238,-0.120078,0.026957,-0.188509,-0.191900,-0.041186,1.334782,-0.083899,-0.098531,-0.020820,-0.105112,0.235871,-0.074450,0.167891,-0.385350,1.230315,-0.088386,-0.010875,0.191280,-0.114446,-0.152207,0.544245,1.263515,0.200571,0.040141,-0.031530
-0.007471,0.351702,0.768802,0.033790,0.020616,0.667180,0.743844,-0.195990,-0.097126,0.146330,0.322281,-0.125479,0.026024,-0.204417,-0.194314,-0.044124,1.347860,-0.095903,-0.101097,-0.023506,-0.106452,0.238905,-0.079659,0.172433,-0.392854,1.229972,-0.088791,-0.008881,0.191890,-0.111842,-0.152255,0.526212,1.258900,0.199746,0.038018,-0.029738
-0.007794,0.357292,0.769514,0.034592,0.019049,0.667445,0.743611,-0.180089,-0.098705,0.144022,0.315218,-0.130774,0.025244,-0.220062,-0.196522,-0.047640,1.357880,-0.106054,-0.103258,-0.025970,-0.107519,0.241935,-0.085177,0.176616,-0.400284,1.230320,-0.088616,-0.007011,0.193108,-0.108999,-0.152157,0.507921,1.254425,0.197905,0.036293,-0.027772
-0.008081,0.362859,0.770166,0.035357,0.017391,0.667825,0.743275,-0.164215,-0.100071,0.141514,0.308317,-0.135999,0.024904,-0.235246,-0.197619,-0.051069,1.364765,-0.114495,-0.105545,-0.028473,-0.108321,0.245056,-0.090896,0.180434,-0.407205,1.231082,-0.088554,-0.005509,0.194035,-0.106304,-0.151923,0.491666,1.250496,0.197911,0.034858,-0.027302
-0.008258,0.368352,0.770805,0.036104,0.015594,0.668320,0.742833,-0.148259,-0.101220,0.138867,0.301573,-0.141140,0.025143,-0.249995,-0.197718,-0.054572,1.368584,-0.120477,-0.108536,-0.031149,-0.108855,0.248342,-0.096842,0.183900,-0.413572,1.232490,-0.088661,-0.004529,0.194553,-0.103924,-0.151541,0.478256,1.247272,0.201020,0.033862,-0.028974
-0.008392,0.373827,0.771379,0.036838,0.013701,0.668883,0.742328,-0.132238,-0.102131,0.136091,0.294939,-0.146226,0.025784,-0.264375,-0.197184,-0.058406,1.369322,-0.124164,-0.111773,-0.033943,-0.109148,0.251719,-0.102963,0.187026,-0.419430,1.234541,-0.088536,-0.003910,0.195093,-0.101708,-0.150996,0.466532,1.244567,0.205572,0.033292,-0.031838
-0.008472,0.379399,0.771930,0.037504,0.011770,0.669543,0.741733,-0.116335,-0.102859,0.133059,0.288413,-0.151245,0.026643,-0.278269,-0.195530,-0.062067,1.366758,-0.127061,-0.114290,-0.036792,-0.109271,0.255051,-0.109113,0.189829,-0.424625,1.236677,-0.088320,-0.003436,0.195589,-0.099535,-0.150311,0.455803,1.242254,0.210048,0.032807,-0.035175
-0.008609,0.384902,0.772448,0.038061,0.009874,0.670327,0.741023,-0.100757,-0.103447,0.129650,0.282011,-0.156193,0.027545,-0.291565,-0.192248,-0.065030,1.360666,-0.130652,-0.115096,-0.039660,-0.109303,0.258201,-0.115109,0.192324,-0.428914,1.238300,-0.088098,-0.002886,0.195967,-0.097314,-0.149542,0.445428,1.240234,0.212958,0.032076,-0.038261
-0.008716,0.390413,0.772923,0.038512,0.008000,0.671269,0.740169,-0.085534,-0.103876,0.125748,0.275848,-0.161122,0.028525,-0.304232,-0.186984,-0.067071,1.350923,-0.135631,-0.113983,-0.042527,-0.109202,0.261220,-0.121011,0.194504,-0.432233,1.239408,-0.087693,-0.002059,0.196274,-0.094882,-0.148699,0.435057,1.238385,0.213479,0.030912,-0.040986
-0.008776,0.395884,0.773370,0.038884,0.006125,0.672344,0.739191,-0.070552,-0.104149,0.121455,0.269861,-0.165993,0.029659,-0.316314,-0.180181,-0.068480,1.337642,-0.141122,-0.111524,-0.045387,-0.108967,0.264162,-0.126899,0.196366,-0.434736,1.240283,-0.087135,-0.001120,0.196526,-0.092309,-0.147792,0.425064,1.236772,0.212542,0.029535,-0.043709
-0.008817,0.401379,0.773790,0.039177,0.004316,0.673499,0.738137,-0.055873,-0.104330,0.116978,0.263995,-0.170854,0.030838,-0.327829,-0.172455,-0.069435,1.320939,-0.146204,-0.107823,-0.048236,-0.108680,0.266931,-0.132619,0.197942,-0.436489,1.240709,-0.086798,-0.000398,0.196604,-0.089725,-0.146847,0.415889,1.235377,0.211280,0.028250,-0.046386
-0.008835,0.406917,0.774182,0.039392,0.002645,0.674678,0.737055,-0.041679,-0.104468,0.112534,0.258431,-0.175759,0.031948,-0.338780,-0.164397,-0.070111,1.300906,-0.149942,-0.102951,-0.051140,-0.108388,0.269418,-0.137998,0.199199,-0.437448,1.240482,-0.087008,-0.000229,0.196392,-0.087276,-0.145971,0.408091,1.234168,0.210887,0.027365,-0.048971
-0.008913,0.412479,0.774511,0.039514,0.001114,0.675904,0.735928,-0.028024,-0.104538,0.108077,0.253198,-0.180714,0.032876,-0.349187,-0.155796,-0.070353,1.277349,-0.152250,-0.096688,-0.053973,-0.108109,0.271645,-0.143003,0.200291,-0.437581,1.239514,-0.088142,-0.000922,0.195686,-0.084959,-0.145130,0.401987,1.233152,0.211768,0.026894,-0.051682
-0.008940,0.418082,0.774757,0.039543,-0.000313,0.677197,0.734738,-0.014822,-0.104539,0.103527,0.248250,-0.185699,0.033718,-0.358994,-0.146572,-0.070094,1.250253,-0.153609,-0.089179,-0.056842,-0.107838,0.273661,-0.147627,0.201252,-0.436796,1.237814,-0.089903,-0.002220,0.194586,-0.082746,-0.144309,0.397344,1.232335,0.213309,0.026696,-0.054465
-0.008853,0.423628,0.774954,0.039532,-0.001599,0.678498,0.733536,-0.001969,-0.104550,0.099031,0.243443,-0.190699,0.034670,-0.368084,-0.137425,-0.069661,1.219956,-0.153956,-0.080961,-0.059764,-0.107609,0.275472,-0.151890,0.202021,-0.435495,1.235313,-0.091799,-0.003584,0.193427,-0.080571,-0.143539,0.393329,1.231548,0.214939,0.026830,-0.056836
-0.008779,0.429264,0.775092,0.039515,-0.002716,0.679751,0.732373,0.010587,-0.104643,0.094743,0.238753,-0.195764,0.035927,-0.376352,-0.129006,-0.069411,1.186814,-0.153225,-0.072558,-0.062700,-0.107454,0.277086,-0.155838,0.202548,-0.434200,1.231954,-0.093405,-0.004476,0.192549,-0.078331,-0.142871,0.389071,1.230594,0.216104,0.027364,-0.058304
-0.008724,0.434974,0.775176,0.039453,-0.003648,0.680944,0.731262,0.022669,-0.104756,0.090710,0.234326,-0.200901,0.037682,-0.383853,-0.121073,-0.069117,1.150515,-0.151279,-0.063501,-0.065301,-0.107510,0.278517,-0.159562,0.203095,-0.433180,1.227464,-0.094732,-0.004420,0.192055,-0.076142,-0.141881,0.383752,1.229620,0.216577,0.028495,-0.058650
-0.008642,0.440684,0.775169,0.039343,-0.004410,0.682107,0.730180,0.034348,-0.104880,0.086836,0.230053,-0.206077,0.039793,-0.390562,-0.113411,-0.068674,1.110945,-0.148189,-0.053726,-0.067999,-0.107574,0.279717,-0.162918,0.203398,-0.431779,1.221966,-0.095889,-0.003837,0.191779,-0.073934,-0.141035,0.378501,1.228468,0.216891,0.030169,-0.058154
-0.008475,0.446332,0.775109,0.039277,-0.005032,0.683246,0.729114,0.045949,-0.105189,0.083076,0.225729,-0.211292,0.041934,-0.396262,-0.106647,-0.068633,1.068691,-0.144144,-0.044295,-0.070371,-0.107901,0.280752,-0.166062,0.203681,-0.430916,1.215977,-0.097057,-0.003413,0.191582,-0.071769,-0.139858,0.372972,1.227622,0.216556,0.031859,-0.057161
-0.008367,0.451874,0.774917,0.039323,-0.005566,0.684366,0.728056,0.057905,-0.105825,0.079367,0.220894,-0.216480,0.043767,-0.400764,-0.101335,-0.069585,1.024337,-0.139317,-0.036226,-0.072733,-0.108567,0.281602,-0.168730,0.203962,-0.430669,1.209776,-0.098223,-0.003867,0.191332,-0.069678,-0.138455,0.367976,1.227264,0.215576,0.033104,-0.056016
-0.008296,0.457480,0.774644,0.039516,-0.006017,0.685450,0.727022,0.070356,-0.106774,0.075770,0.215403,-0.221695,0.045181,-0.404011,-0.097501,-0.071643,0.977723,-0.133810,-0.029919,-0.075241,-0.109468,0.282365,-0.170692,0.204232,-0.430846,1.203088,-0.099464,-0.005634,0.190989,-0.067517,-0.137195,0.363797,1.227088,0.213654,0.033746,-0.054750
-0.008185,0.463276,0.774301,0.039787,-0.006381,0.686502,0.726010,0.083062,-0.107936,0.072283,0.209473,-0.226942,0.046332,-0.406106,-0.094753,-0.074556,0.928628,-0.127465,-0.024697,-0.077697,-0.110594,0.283016,-0.172093,0.204537,-0.431478,1.195802,-0.100765,-0.008242,0.190616,-0.065318,-0.135868,0.359999,1.227094,0.210909,0.034040,-0.053200
-0.008032,0.469136,0.773831,0.040117,-0.006622,0.687558,0.724990,0.095863,-0.109299,0.068742,0.203282,-0.232119,0.047273,-0.407099,-0.092962,-0.078399,0.877434,-0.120106,-0.019929,-0.080117,-0.111939,0.283479,-0.173111,0.204878,-0.432707,1.188199,-0.101936,-0.011065,0.190174,-0.063087,-0.134509,0.356536,1.227294,0.208064,0.034231,-0.051287
-0.007894,0.475006,0.773284,0.040471,-0.006722,0.688651,0.723931,0.108599,-0.110868,0.064989,0.196987,-0.237114,0.048072,-0.407047,-0.091995,-0.083242,0.824498,-0.111536,-0.014978,-0.082472,-0.113455,0.283701,-0.173949,0.205220,-0.434707,1.180557,-0.102783,-0.013477,0.189622,-0.060732,-0.133191,0.353318,1.227587,0.205844,0.034577,-0.048912
-0.007731,0.480864,0.772691,0.040848,-0.006661,0.689788,0.722827,0.121204,-0.112630,0.061000,0.190645,-0.241907,0.048695,-0.405890,-0.091847,-0.089229,0.769308,-0.101389,-0.010062,-0.084737,-0.115104,0.283664,-0.174700,0.205550,-0.437796,1.172841,-0.103251,-0.015226,0.189003,-0.058294,-0.131935,0.350325,1.228039,0.204321,0.035200,-0.045763
-0.007535,0.486860,0.771995,0.041249,-0.006470,0.690953,0.721693,0.133769,-0.114570,0.056845,0.184177,-0.246556,0.049116,-0.403572,-0.092381,-0.096348,0.711714,-0.089782,-0.005263,-0.086917,-0.116884,0.283405,-0.175263,0.205858,-0.441839,1.164942,-0.103473,-0.016676,0.188325,-0.055752,-0.130737,0.347578,1.228611,0.203147,0.035953,-0.041979
-0.007342,0.492942,0.771255,0.041693,-0.006150,0.692152,0.720520,0.146376,-0.116690,0.052498,0.177527,-0.251064,0.049425,-0.400126,-0.093314,-0.104418,0.652447,-0.077177,0.000224,-0.089008,-0.118851,0.282929,-0.175531,0.206124,-0.446277,1.157047,-0.103452,-0.018100,0.187500,-0.053004,-0.129568,0.345021,1.229179,0.202402,0.036671,-0.038152
-0.007055,0.499125,0.770447,0.042222,-0.005691,0.693393,0.719299,0.159112,-0.119014,0.047923,0.170688,-0.255477,0.049717,-0.395585,-0.094456,-0.113216,0.592209,-0.064015,0.007150,-0.091034,-0.121098,0.282241,-0.175452,0.206319,-0.450546,1.149481,-0.103203,-0.019854,0.186438,-0.049982,-0.128401,0.342624,1.229665,0.202186,0.037190,-0.034884
-0.006721,0.505391,0.769529,0.042891,-0.005101,0.694692,0.718010,0.172212,-0.121634,0.043019,0.163403,-0.259700,0.050016,-0.389244,-0.096047,-0.123124,0.529510,-0.049773,0.016411,-0.093132,-0.123718,0.281378,-0.174890,0.206437,-0.454525,1.142152,-0.102844,-0.022231,0.185171,-0.046586,-0.127254,0.340582,1.229956,0.203271,0.037376,-0.032354
-0.006361,0.511688,0.768505,0.043702,-0.004372,0.696063,0.716636,0.185652,-0.124594,0.037750,0.155663,-0.263689,0.050287,-0.381023,-0.098037,-0.134136,0.463820,-0.034018,0.027437,-0.095200,-0.126799,0.280310,-0.174000,0.206515,-0.458655,1.135097,-0.102370,-0.024986,0.183749,-0.042970,-0.125940,0.338705,1.230331,0.205304,0.037325,-0.030279
-0.005962,0.518077,0.767425,0.044630,-0.003460,0.697519,0.715167,0.199285,-0.127887,0.032139,0.147499,-0.267359,0.050537,-0.371829,-0.100033,-0.145410,0.397208,-0.017386,0.038679,-0.097335,-0.130242,0.279019,-0.172851,0.206533,-0.462665,1.128330,-0.101467,-0.027574,0.182058,-0.039207,-0.124608,0.336903,1.230750,0.206865,0.037292,-0.028455
-0.005573,0.524512,0.766219,0.045634,-0.002336,0.699076,0.713586,0.212951,-0.131520,0.026209,0.138956,-0.270625,0.050779,-0.362802,-0.101870,-0.156076,0.332315,-0.000766,0.048485,-0.099461,-0.133983,0.277469,-0.171651,0.206468,-0.466545,1.122007,-0.099905,-0.029444,0.180005,-0.035380,-0.123325,0.334865,1.231267,0.206466,0.037513,-0.026701
-0.005127,0.531020,0.764905,0.046720,-0.000888,0.700785,0.711841,0.226621,-0.135700,0.019799,0.129715,-0.273374,0.051069,-0.354547,-0.103971,-0.165753,0.269489,0.015171,0.055438,-0.101665,-0.138141,0.275457,-0.170325,0.206281,-0.470199,1.115951,-0.097339,-0.030346,0.177376,-0.031311,-0.122152,0.332422,1.231734,0.203521,0.038024,-0.024878
-0.004700,0.537560,0.763476,0.048001,0.000879,0.702674,0.709891,0.236789,-0.140488,0.013267,0.127595,-0.279752,0.051396,-0.346376,-0.106835,-0.174986,0.207644,0.030874,0.060635,-0.104004,-0.142913,0.273081,-0.168907,0.205944,-0.473799,1.110288,-0.094008,-0.030618,0.174290,-0.026980,-0.120989,0.329634,1.232206,0.198829,0.038695,-0.023118
-0.004242,0.544109,0.761961,0.049551,0.002799,0.704706,0.707761,0.246421,-0.145810,0.006324,0.127175,-0.286709,0.051725,-0.337415,-0.110340,-0.184303,0.147036,0.047225,0.066183,-0.106824,-0.148159,0.270832,-0.167252,0.205608,-0.477066,1.104974,-0.090405,-0.030583,0.171073,-0.022597,-0.120156,0.327257,1.232556,0.193315,0.039586,-0.021539
-0.003788,0.550736,0.760338,0.051378,0.004676,0.706811,0.705519,0.256643,-0.151341,-0.000991,0.126797,-0.293195,0.051980,-0.338139,-0.116252,-0.192894,0.112093,0.052393,0.074262,-0.109306,-0.153739,0.269095,-0.166201,0.205093,-0.481070,1.101097,-0.087324,-0.030555,0.168246,-0.018383,-0.119069,0.324665,1.233257,0.187385,0.040646,-0.020394
-0.003252,0.557342,0.758647,0.053446,0.006563,0.709037,0.703112,0.267316,-0.157029,-0.008796,0.126471,-0.299293,0.052170,-0.351919,-0.125408,-0.200891,0.109383,0.043352,0.086450,-0.112281,-0.159622,0.267831,-0.165249,0.204663,-0.485040,1.098077,-0.084607,-0.030619,0.165613,-0.014302,-0.118199,0.322689,1.233883,0.180908,0.042019,-0.019662
-0.002536,0.564214,0.756939,0.055384,0.008321,0.711226,0.700729,0.278133,-0.161990,-0.016547,0.126336,-0.305300,0.052097,-0.365472,-0.134221,-0.209404,0.109228,0.035116,0.100998,-0.115115,-0.164990,0.266883,-0.164394,0.204291,-0.489043,1.095645,-0.082041,-0.030564,0.163067,-0.010387,-0.117490,0.320974,1.234478,0.173615,0.043652,-0.019236
-0.001904,0.571018,0.755194,0.057248,0.009815,0.713214,0.698536,0.289337,-0.166234,-0.023868,0.126282,-0.310856,0.051781,-0.376795,-0.142158,-0.217296,0.109080,0.028460,0.115533,-0.117389,-0.169794,0.266442,-0.163509,0.203901,-0.492939,1.093906,-0.079745,-0.030433,0.160891,-0.006967,-0.116893,0.319721,1.235494,0.166613,0.045383,-0.019112
-0.001474,0.577685,0.753495,0.058899,0.010816,0.714757,0.696805,0.300980,-0.169269,-0.030052,0.126349,-0.315765,0.051118,-0.385237,-0.148218,-0.223433,0.108959,0.022825,0.127572,-0.118582,-0.173471,0.266691,-0.162426,0.203429,-0.496409,1.092840,-0.077843,-0.030279,0.159343,-0.004435,-0.116421,0.319305,1.237305,0.161090,0.047059,-0.019260
-0.000988,0.584365,0.751901,0.060450,0.011326,0.715818,0.695574,0.313219,-0.171361,-0.035025,0.126570,-0.320230,0.050106,-0.390561,-0.152300,-0.227767,0.108910,0.017720,0.137582,-0.118481,-0.176161,0.267824,-0.161479,0.202679,-0.499628,1.092714,-0.076380,-0.030139,0.158533,-0.002974,-0.116068,0.319830,1.240144,0.157996,0.048636,-0.019933
-0.000519,0.591146,0.750341,0.061949,0.011498,0.716504,0.694732,0.325928,-0.172799,-0.039045,0.126882,-0.324266,0.048814,-0.393204,-0.154704,-0.230910,0.108838,0.013595,0.146541,-0.117800,-0.178116,0.269739,-0.160101,0.202001,-0.501976,1.092711,-0.075044,-0.029928,0.158183,-0.002569,-0.116025,0.321487,1.243707,0.156520,0.050235,-0.020997
-0.000151,0.597902,0.748890,0.063191,0.011405,0.716804,0.694312,0.338691,-0.173396,-0.041927,0.127344,-0.327526,0.047255,-0.393635,-0.155243,-0.232635,0.108778,0.011179,0.152758,-0.116236,-0.179084,0.271523,-0.158915,0.200554,-0.503939,1.094567,-0.074086,-0.029770,0.158503,-0.002496,-0.116305,0.324079,1.247797,0.155448,0.051858,-0.022139
0.000240,0.604679,0.747567,0.063984,0.011094,0.716706,0.694345,0.351152,-0.172905,-0.043487,0.127951,-0.329620,0.045424,-0.392240,-0.153709,-0.232702,0.108734,0.011228,0.154539,-0.114136,-0.179004,0.273002,-0.156468,0.199306,-0.504753,1.096457,-0.073234,-0.029418,0.159256,-0.003009,-0.116761,0.327222,1.252345,0.152895,0.053530,-0.022834
0.000659,0.611454,0.746354,0.064502,0.010430,0.716091,0.694941,0.363926,-0.171521,-0.043485,0.128682,-0.330974,0.043306,-0.387985,-0.149937,-0.230668,0.108719,0.013514,0.151609,-0.111480,-0.177794,0.274123,-0.152950,0.197417,-0.504024,1.099564,-0.072458,-0.029072,0.160743,-0.004068,-0.117686,0.331799,1.257821,0.148587,0.055196,-0.022825
0.001084,0.618198,0.745262,0.064722,0.009345,0.715007,0.696053,0.376992,-0.169211,-0.042000,0.129538,-0.331595,0.040876,-0.380969,-0.143876,-0.226813,0.108715,0.017831,0.144859,-0.108146,-0.175340,0.275211,-0.148604,0.195068,-0.502101,1.103612,-0.071818,-0.028691,0.162875,-0.005672,-0.119054,0.337486,1.264017,0.143254,0.056868,-0.022346
0.001489,0.625289,0.744311,0.064221,0.008086,0.713694,0.697461,0.389071,-0.165503,-0.039354,0.130597,-0.330556,0.038109,-0.373303,-0.135658,-0.221877,0.108672,0.024989,0.134353,-0.104356,-0.171425,0.275744,-0.143869,0.192686,-0.499730,1.108207,-0.071375,-0.028082,0.165300,-0.007539,-0.120534,0.343189,1.270080,0.137519,0.058677,-0.021926
0.001836,0.632588,0.743470,0.062376,0.006809,0.712318,0.699047,0.398023,-0.159494,-0.035423,0.133683,-0.328002,0.034833,-0.367842,-0.125004,-0.216607,0.109862,0.035056,0.120016,-0.100377,-0.165236,0.275032,-0.139488,0.190036,-0.497252,1.113528,-0.070984,-0.027116,0.167737,-0.009415,-0.122142,0.348108,1.275106,0.132129,0.060787,-0.022080
0.002330,0.639762,0.743026,0.058842,0.005672,0.710952,0.700752,0.391268,-0.151103,-0.028264,0.163445,-0.337194,0.030896,-0.364864,-0.111490,-0.211044,0.111440,0.049677,0.100156,-0.096166,-0.156604,0.272633,-0.135552,0.187383,-0.494838,1.119275,-0.070950,-0.025521,0.170269,-0.011438,-0.123609,0.352063,1.279074,0.126825,0.063276,-0.023063
0.002940,0.646831,0.742865,0.054003,0.004567,0.709626,0.702491,0.380668,-0.140447,-0.020230,0.196918,-0.346233,0.026401,-0.363067,-0.095735,-0.205205,0.113235,0.068288,0.075424,-0.092048,-0.146053,0.268844,-0.131674,0.184716,-0.492249,1.125549,-0.071222,-0.023446,0.172994,-0.013719,-0.124932,0.355525,1.282526,0.121362,0.066041,-0.024595
0.003582,0.654037,0.742793,0.048613,0.003457,0.708591,0.703934,0.367691,-0.128590,-0.012904,0.233605,-0.353774,0.021635,-0.381435,-0.083698,-0.198382,0.157488,0.066634,0.049443,-0.088703,-0.134688,0.264190,-0.127651,0.182085,-0.489903,1.132632,-0.071380,-0.021306,0.175576,-0.015819,-0.126084,0.358074,1.285410,0.116310,0.068944,-0.026391
0.004318,0.661208,0.742802,0.043349,0.002243,0.708020,0.704857,0.353800,-0.116478,-0.007559,0.272844,-0.358453,0.016907,-0.398813,-0.072600,-0.193641,0.199919,0.065987,0.025513,-0.086524,-0.123393,0.259253,-0.123331,0.179564,-0.488297,1.140811,-0.071044,-0.019516,0.177692,-0.017327,-0.127036,0.359219,1.287690,0.112213,0.071835,-0.028169
0.005254,0.668653,0.742901,0.037950,0.000882,0.708029,0.705162,0.338372,-0.103485,-0.004630,0.315423,-0.361056,0.011928,-0.413384,-0.061896,-0.191336,0.235298,0.071415,0.002499,-0.085672,-0.111664,0.253728,-0.118865,0.177269,-0.488098,1.150408,-0.070252,-0.018505,0.179071,-0.017886,-0.127696,0.358224,1.288973,0.109038,0.074989,-0.030014
0.006103,0.676350,0.743067,0.032131,-0.000606,0.708478,0.705001,0.321149,-0.089231,-0.003542,0.360810,-0.361713,0.006690,-0.426552,-0.051168,-0.191134,0.266471,0.081451,-0.020940,-0.085770,-0.099118,0.247489,-0.114265,0.175224,-0.488940,1.161129,-0.069189,-0.017928,0.179946,-0.017804,-0.128045,0.355471,1.289459,0.106510,0.078368,-0.032034
0.006915,0.684137,0.743390,0.026411,-0.002306,0.709049,0.704660,0.303401,-0.074763,-0.003481,0.407712,-0.358545,0.001872,-0.436546,-0.040528,-0.192680,0.292640,0.090954,-0.041871,-0.086192,-0.086495,0.241378,-0.109187,0.173296,-0.489649,1.172350,-0.067667,-0.017093,0.180744,-0.017704,-0.128194,0.352275,1.289927,0.104892,0.081359,-0.033968
0.007756,0.692041,0.743954,0.021284,-0.004308,0.709417,0.704454,0.286300,-0.061072,-0.003465,0.455033,-0.349849,-0.001891,-0.441614,-0.029919,-0.195212,0.313120,0.094652,-0.057292,-0.086358,-0.074477,0.236190,-0.103187,0.171337,-0.488979,1.183240,-0.065476,-0.015204,0.181893,-0.018200,-0.128341,0.349955,1.291091,0.104407,0.083358,-0.035547
0.008667,0.699931,0.744573,0.016824,-0.006826,0.709483,0.704488,0.270295,-0.047929,-0.003009,0.503061,-0.334674,-0.004470,-0.440671,-0.018891,-0.198571,0.327467,0.089758,-0.065221,-0.086155,-0.062761,0.232156,-0.096163,0.168952,-0.486481,1.194276,-0.062408,-0.011956,0.183622,-0.019285,-0.128652,0.348818,1.293116,0.105850,0.084052,-0.036680
0.009514,0.707846,0.745354,0.012698,-0.009780,0.709362,0.704662,0.254473,-0.034803,-0.002489,0.552455,-0.314203,-0.006159,-0.435132,-0.007546,-0.202531,0.336977,0.079080,-0.067546,-0.085804,-0.050923,0.228759,-0.088377,0.166173,-0.482719,1.205696,-0.058562,-0.007799,0.185661,-0.020680,-0.129168,0.348274,1.295541,0.108887,0.083820,-0.037497
0.010136,0.715922,0.746264,0.008883,-0.012741,0.709063,0.704974,0.238011,-0.022344,-0.002122,0.602691,-0.290002,-0.007026,-0.427020,0.003460,-0.206189,0.343395,0.065948,-0.066963,-0.085149,-0.039438,0.225625,-0.080317,0.163059,-0.478085,1.216979,-0.054169,-0.003209,0.187750,-0.022544,-0.129915,0.348207,1.298151,0.112096,0.083108,-0.038072
0.010738,0.723849,0.747250,0.005378,-0.015288,0.708612,0.705412,0.220117,-0.011296,-0.002132,0.653324,-0.263639,-0.007214,-0.418334,0.013649,-0.208830,0.348078,0.053779,-0.066304,-0.084114,-0.028849,0.222449,-0.072373,0.159767,-0.472932,1.227480,-0.049466,0.001333,0.189617,-0.025011,-0.130876,0.348497,1.300693,0.113997,0.082364,-0.038477
0.011307,0.731683,0.748272,0.002278,-0.017237,0.707872,0.706127,0.200467,-0.002184,-0.001957,0.704832,-0.234000,-0.006404,-0.409493,0.023131,-0.210057,0.350839,0.043033,-0.065747,-0.082606,-0.019552,0.219119,-0.063945,0.156334,-0.466433,1.236715,-0.043826,0.006018,0.191616,-0.028342,-0.132062,0.349234,1.303479,0.113838,0.081587,-0.038658
0.011918,0.739390,0.749345,-0.000405,-0.018813,0.706881,0.707082,0.179487,0.005355,-0.001526,0.757352,-0.200738,-0.004721,-0.399533,0.032240,-0.210378,0.350929,0.032170,-0.063991,-0.080735,-0.011298,0.215856,-0.055010,0.152746,-0.458652,1.244991,-0.037369,0.011001,0.193719,-0.032378,-0.133449,0.350455,1.306458,0.112494,0.080585,-0.038586
0.012431,0.747033,0.750506,-0.002784,-0.020210,0.705938,0.707980,0.157479,0.011830,-0.001843,0.810092,-0.166669,-0.003009,-0.388476,0.040894,-0.210505,0.348890,0.021533,-0.061775,-0.078693,-0.003743,0.212860,-0.046787,0.149186,-0.451343,1.252892,-0.031437,0.015757,0.195126,-0.036749,-0.135012,0.352046,1.309039,0.111071,0.079503,-0.038421
0.013098,0.754544,0.751668,-0.004988,-0.021638,0.705342,0.708519,0.134697,0.017736,-0.004005,0.862437,-0.134732,-0.002077,-0.376330,0.048964,-0.211120,0.345358,0.011430,-0.059786,-0.076621,0.003485,0.210357,-0.040395,0.145972,-0.446359,1.260875,-0.027405,0.019763,0.195030,-0.041026,-0.136707,0.353793,1.310539,0.110649,0.078489,-0.038305
0.013757,0.761976,0.752902,-0.007013,-0.023107,0.705194,0.708603,0.110332,0.022562,-0.009217,0.916101,-0.102833,-0.002599,-0.362850,0.056265,-0.212418,0.340100,0.001825,-0.058140,-0.074516,0.010282,0.208459,-0.036046,0.143374,-0.444242,1.269123,-0.026070,0.022840,0.192907,-0.045041,-0.138476,0.355466,1.310493,0.111266,0.077738,-0.038100
0.014427,0.769256,0.754145,-0.008777,-0.024506,0.705327,0.708404,0.084488,0.025977,-0.016579,0.971029,-0.070482,-0.004117,-0.348141,0.062901,-0.214028,0.332966,-0.007438,-0.056547,-0.072257,0.016390,0.207092,-0.032979,0.141464,-0.444079,1.277096,-0.026594,0.025302,0.189266,-0.049031,-0.140306,0.357169,1.309315,0.112428,0.077115,-0.037780
0.015183,0.776428,0.755326,-0.010335,-0.025891,0.705649,0.708013,0.058691,0.028982,-0.024064,1.024143,-0.043099,-0.005490,-0.332600,0.069191,-0.215747,0.324491,-0.016102,-0.054988,-0.069853,0.022020,0.206208,-0.030846,0.140247,-0.445563,1.284193,-0.027939,0.027353,0.184857,-0.053106,-0.142184,0.359099,1.307553,0.114274,0.076281,-0.037640
0.016008,0.783610,0.756522,-0.011756,-0.027331,0.706070,0.707516,0.034390,0.032980,-0.029650,1.072432,-0.026235,-0.005301,-0.316612,0.075485,-0.217405,0.315196,-0.023889,-0.053409,-0.067308,0.027466,0.205744,-0.029343,0.139684,-0.448407,1.289870,-0.029069,0.029189,0.180439,-0.057390,-0.144113,0.361461,1.305788,0.116968,0.074890,-0.037977
0.016812,0.790545,0.757627,-0.013149,-0.028939,0.706722,0.706777,0.011846,0.038852,-0.033318,1.115752,-0.023769,-0.002962,-0.299927,0.082037,-0.219376,0.304580,-0.030453,-0.051817,-0.064889,0.033025,0.205698,-0.028766,0.139813,-0.453228,1.294342,-0.030215,0.030775,0.175762,-0.061904,-0.146136,0.364667,1.304190,0.121034,0.072572,-0.038916
0.017616,0.797334,0.758629,-0.014453,-0.030649,0.707601,0.705799,-0.009794,0.045980,-0.036002,1.155757,-0.032080,0.000968,-0.282437,0.088604,-0.221582,0.292566,-0.036018,-0.050188,-0.062515,0.038494,0.206103,-0.029123,0.140658,-0.459977,1.297647,-0.031778,0.032123,0.170568,-0.066552,-0.148231,0.368473,1.302385,0.126211,0.069602,-0.040257
0.018343,0.804270,0.759701,-0.015493,-0.032267,0.708421,0.704882,-0.030899,0.053660,-0.037228,1.192406,-0.045625,0.006140,-0.264610,0.094831,-0.223238,0.280022,-0.040990,-0.048421,-0.059698,0.043399,0.206919,-0.029821,0.142068,-0.467215,1.299453,-0.032880,0.033204,0.165596,-0.071391,-0.150357,0.372217,1.300307,0.131568,0.066592,-0.041854
0.019064,0.810988,0.760734,-0.016109,-0.033626,0.708889,0.704334,-0.051811,0.061253,-0.036404,1.225589,-0.058763,0.012266,-0.247128,0.100343,-0.223599,0.268226,-0.045965,-0.046444,-0.055961,0.047345,0.208080,-0.030310,0.143804,-0.473499,1.299484,-0.032667,0.034015,0.161620,-0.076496,-0.152446,0.375243,1.297930,0.136163,0.064160,-0.043581
0.019722,0.817568,0.761725,-0.016221,-0.034673,0.708928,0.704241,-0.072538,0.069001,-0.032821,1.255218,-0.071395,0.019336,-0.229955,0.105020,-0.222432,0.257159,-0.050938,-0.044113,-0.051003,0.050185,0.209583,-0.030933,0.145732,-0.479125,1.297992,-0.030333,0.034630,0.158740,-0.082022,-0.154503,0.377566,1.295305,0.139787,0.062495,-0.045502
0.020364,0.824170,0.762710,-0.015938,-0.035518,0.708696,0.704439,-0.092875,0.077211,-0.027025,1.281371,-0.086074,0.027432,-0.212903,0.109034,-0.220204,0.246509,-0.055713,-0.041525,-0.045136,0.052231,0.211405,-0.031935,0.147831,-0.484634,1.295182,-0.026519,0.035051,0.156626,-0.087921,-0.156558,0.379506,1.292532,0.142960,0.061253,-0.047679
0.020989,0.830659,0.763720,-0.015381,-0.036211,0.708268,0.704846,-0.112801,0.085240,-0.020254,1.304075,-0.101104,0.036418,-0.195834,0.112502,-0.217204,0.236030,-0.060403,-0.038976,-0.038887,0.053738,0.213473,-0.032663,0.150013,-0.488851,1.290950,-0.022473,0.034986,0.155385,-0.093943,-0.158539,0.380814,1.289631,0.145749,0.060262,-0.049993
0.021539,0.837107,0.764725,-0.014661,-0.036798,0.707723,0.705379,-0.132295,0.092443,-0.013711,1.323271,-0.114733,0.046169,-0.178813,0.115519,-0.213737,0.225879,-0.065184,-0.036742,-0.032824,0.054943,0.215665,-0.032376,0.152172,-0.490529,1.285030,-0.019390,0.034309,0.155154,-0.099943,-0.160347,0.381346,1.286799,0.148280,0.059338,-0.052350
0.022097,0.843689,0.765729,-0.013739,-0.037308,0.707008,0.706087,-0.151311,0.098611,-0.007286,1.338908,-0.126201,0.057557,-0.161682,0.118040,-0.209609,0.216016,-0.070068,-0.034912,-0.026954,0.055801,0.218020,-0.030779,0.154257,-0.489066,1.276986,-0.016910,0.033154,0.156239,-0.105952,-0.161906,0.381090,1.284220,0.150346,0.058513,-0.055066
0.022579,0.850186,0.766707,-0.012582,-0.037714,0.706105,0.706990,-0.169854,0.104069,-0.000432,1.350993,-0.136517,0.070271,-0.144489,0.120017,-0.204778,0.206459,-0.074985,-0.033312,-0.021078,0.056236,0.220549,-0.028266,0.156261,-0.485128,1.267133,-0.014569,0.031561,0.158499,-0.112116,-0.163204,0.380184,1.281910,0.151970,0.057852,-0.058107
0.022956,0.856612,0.767605,-0.011344,-0.038021,0.705148,0.707949,-0.188042,0.108918,0.006351,1.359589,-0.146587,0.082433,-0.127524,0.121563,-0.199753,0.197256,-0.079984,-0.031824,-0.015428,0.056436,0.223099,-0.025204,0.158153,-0.479487,1.256445,-0.013512,0.029188,0.161385,-0.118441,-0.164237,0.378694,1.279774,0.153629,0.057215,-0.060845
0.023322,0.863147,0.768449,-0.010176,-0.038226,0.704269,0.708830,-0.206011,0.113251,0.012567,1.364752,-0.157286,0.092166,-0.111017,0.122803,-0.195034,0.188331,-0.085049,-0.030327,-0.010184,0.056595,0.225463,-0.022106,0.159768,-0.472961,1.246120,-0.014879,0.025669,0.164377,-0.124932,-0.164975,0.376591,1.277793,0.155755,0.056458,-0.062674
0.023645,0.869483,0.769186,-0.009149,-0.038295,0.703476,0.709628,-0.223896,0.117141,0.018296,1.366327,-0.169380,0.098761,-0.095135,0.123784,-0.190696,0.179601,-0.090125,-0.028792,-0.005494,0.056743,0.227583,-0.018576,0.161339,-0.465155,1.235585,-0.019310,0.020474,0.167516,-0.131589,-0.165509,0.373575,1.275922,0.158715,0.055505,-0.063228
0.023976,0.875807,0.769847,-0.008182,-0.038252,0.702705,0.710405,-0.241572,0.120480,0.023805,1.364297,-0.182166,0.103229,-0.079760,0.124438,-0.186510,0.171219,-0.095250,-0.027269,-0.001086,0.056828,0.229486,-0.014761,0.162619,-0.456038,1.224886,-0.026126,0.013908,0.171042,-0.138413,-0.165767,0.369586,1.274334,0.162142,0.054439,-0.062930
0.024172,0.882121,0.770424,-0.007175,-0.038154,0.701992,0.711126,-0.258793,0.123048,0.028903,1.358898,-0.194281,0.106303,-0.064555,0.124736,-0.182490,0.163119,-0.100501,-0.025765,0.003091,0.056778,0.231435,-0.011101,0.163548,-0.446390,1.214691,-0.034337,0.006909,0.174505,-0.145280,-0.165825,0.365446,1.272634,0.165546,0.053408,-0.062193
0.024488,0.888636,0.770986,-0.006029,-0.038060,0.701372,0.711754,-0.275309,0.124637,0.033383,1.350372,-0.204378,0.108737,-0.049187,0.124653,-0.178656,0.155258,-0.105950,-0.024295,0.006844,0.056436,0.233784,-0.007718,0.164350,-0.436668,1.205222,-0.042902,0.000453,0.177395,-0.152181,-0.165757,0.362243,1.270402,0.168504,0.052568,-0.061419
0.024754,0.895116,0.771516,-0.004648,-0.038026,0.700930,0.712200,-0.290997,0.125003,0.037103,1.338751,-0.212230,0.110757,-0.033277,0.124067,-0.175167,0.147471,-0.111700,-0.022659,0.010252,0.055818,0.236718,-0.004962,0.164870,-0.427343,1.196739,-0.052405,-0.005393,0.179641,-0.158843,-0.165597,0.359537,1.267410,0.171207,0.051966,-0.060632
0.025014,0.901371,0.771982,-0.003109,-0.038014,0.700625,0.712510,-0.305976,0.124306,0.040253,1.323882,-0.218499,0.111953,-0.017029,0.123055,-0.171973,0.139704,-0.117622,-0.020913,0.013301,0.054985,0.240061,-0.002591,0.165119,-0.417944,1.188938,-0.063087,-0.011076,0.181457,-0.165355,-0.165371,0.357045,1.263851,0.173776,0.051526,-0.059631
0.025253,0.907723,0.772441,-0.001588,-0.037945,0.700296,0.712842,-0.320373,0.122951,0.043101,1.305755,-0.223191,0.112156,-0.001166,0.121852,-0.168796,0.132405,-0.123602,-0.019461,0.016318,0.054065,0.243453,-0.000558,0.165099,-0.408475,1.182069,-0.073700,-0.016419,0.182970,-0.171866,-0.165121,0.355418,1.259847,0.175615,0.051198,-0.058504
0.025417,0.914079,0.772817,-0.000268,-0.037750,0.699785,0.713355,-0.334319,0.121377,0.045889,1.284387,-0.226336,0.111209,0.013551,0.120693,-0.165352,0.126139,-0.129604,-0.018710,0.019360,0.053155,0.246530,0.001295,0.164755,-0.398553,1.176361,-0.082838,-0.021256,0.184313,-0.178691,-0.164845,0.355586,1.255674,0.176155,0.050926,-0.057363
0.025649,0.920419,0.773166,0.000848,-0.037388,0.699062,0.714082,-0.347890,0.119399,0.048471,1.259520,-0.227910,0.108601,0.026112,0.119362,-0.161713,0.122822,-0.136421,-0.018793,0.022797,0.052295,0.249231,0.002706,0.164040,-0.388672,1.172028,-0.090690,-0.025710,0.185367,-0.185608,-0.164638,0.357431,1.251050,0.174960,0.050831,-0.056192
0.025760,0.926725,0.773451,0.001830,-0.036919,0.698208,0.714940,-0.360970,0.116943,0.050754,1.231209,-0.227921,0.104616,0.036645,0.117770,-0.158037,0.122760,-0.144442,-0.019489,0.026494,0.051455,0.251756,0.003665,0.163003,-0.378859,1.168900,-0.097829,-0.029809,0.186129,-0.192505,-0.164546,0.360551,1.245875,0.172427,0.050898,-0.054926
0.025940,0.932997,0.773643,0.002643,-0.036389,0.697234,0.715914,-0.373392,0.114616,0.053044,1.199892,-0.226409,0.100291,0.046715,0.116404,-0.154081,0.122740,-0.152284,-0.020675,0.030034,0.050763,0.254077,0.004448,0.161505,-0.368458,1.166924,-0.103536,-0.033250,0.186995,-0.199571,-0.164497,0.365149,1.240475,0.169190,0.050884,-0.053618
0.026056,0.939278,0.773705,0.003226,-0.035865,0.696149,0.716993,-0.385029,0.112986,0.055662,1.166047,-0.223433,0.096639,0.056380,0.115472,-0.149774,0.122734,-0.160240,-0.022199,0.033512,0.050286,0.256149,0.005169,0.159668,-0.357507,1.166027,-0.107356,-0.035710,0.188372,-0.206760,-0.164489,0.370830,1.235033,0.165748,0.050524,-0.052289
0.026176,0.945602,0.773700,0.003541,-0.035335,0.694911,0.718218,-0.396015,0.112174,0.058572,1.129709,-0.218917,0.093992,0.065487,0.115091,-0.144906,0.122807,-0.168394,-0.024249,0.036885,0.050039,0.257929,0.005924,0.157448,-0.345623,1.166290,-0.108458,-0.037000,0.190522,-0.214223,-0.164488,0.378098,1.229642,0.161911,0.049681,-0.050951
0.026269,0.951793,0.773579,0.003625,-0.034774,0.693528,0.719581,-0.406355,0.111883,0.061618,1.090672,-0.212902,0.091798,0.074071,0.115109,-0.139560,0.122911,-0.176569,-0.026813,0.040169,0.049956,0.259436,0.006585,0.154831,-0.332983,1.167734,-0.107357,-0.037319,0.193197,-0.221928,-0.164469,0.386920,1.224207,0.157518,0.048511,-0.049596
0.026409,0.958103,0.773397,0.003549,-0.034201,0.692089,0.720992,-0.415738,0.112049,0.064952,1.048987,-0.205595,0.089713,0.082372,0.115317,-0.134127,0.123042,-0.184768,-0.029431,0.043217,0.050003,0.260758,0.007143,0.151881,-0.320002,1.170055,-0.105424,-0.036926,0.195995,-0.229668,-0.164379,0.396425,1.218626,0.153148,0.047214,-0.048228
0.026506,0.964433,0.773136,0.003385,-0.033642,0.690683,0.722367,-0.423867,0.112589,0.068728,1.004707,-0.197206,0.087364,0.090614,0.115515,-0.129011,0.123218,-0.193008,-0.031642,0.045910,0.050146,0.261986,0.007589,0.148733,-0.307150,1.172923,-0.104076,-0.036079,0.198518,-0.237249,-0.164171,0.405746,1.212814,0.149424,0.045993,-0.046846
0.026581,0.970835,0.772792,0.003167,-0.033065,0.689356,0.723660,-0.430712,0.113375,0.072934,0.957458,-0.188004,0.084828,0.098826,0.115614,-0.124404,0.123384,-0.201251,-0.033383,0.048244,0.050232,0.263185,0.007842,0.145462,-0.294313,1.176305,-0.103674,-0.034446,0.200830,-0.244714,-0.163854,0.414886,1.206565,0.146419,0.044983,-0.045509
0.026632,0.977184,0.772394,0.002851,-0.032464,0.688054,0.724927,-0.436427,0.114424,0.077521,0.907349,-0.177783,0.082206,0.106866,0.115700,-0.120068,0.123582,-0.209515,-0.034854,0.050306,0.050280,0.264303,0.007967,0.142083,-0.281360,1.180280,-0.103503,-0.032015,0.203075,-0.252126,-0.163433,0.424184,1.199964,0.143815,0.044050,-0.044191
0.026681,0.983637,0.771905,0.002427,-0.031877,0.686708,0.726230,-0.440847,0.115788,0.082658,0.854743,-0.165978,0.079171,0.114833,0.115820,-0.115736,0.123784,-0.217845,-0.036004,0.052129,0.050447,0.265253,0.008239,0.138646,-0.268729,1.184620,-0.103330,-0.029522,0.204963,-0.259329,-0.162853,0.433234,1.193366,0.141630,0.042985,-0.042766
0.026657,0.989957,0.771344,0.001880,-0.031341,0.685251,0.727630,-0.443827,0.117532,0.088485,0.799987,-0.152005,0.075397,0.122785,0.116036,-0.111149,0.124012,-0.226205,-0.036807,0.053777,0.050887,0.265947,0.008937,0.135248,-0.256914,1.189090,-0.102962,-0.027701,0.206212,-0.266147,-0.162045,0.441537,1.187149,0.139795,0.041574,-0.041116
0.026622,0.996445,0.770714,0.001180,-0.030805,0.683652,0.729157,-0.445320,0.119898,0.095390,0.742464,-0.135011,0.070922,0.130586,0.116335,-0.106247,0.124286,-0.234672,-0.037289,0.055318,0.051543,0.266271,0.010167,0.131950,-0.246082,1.193754,-0.102188,-0.026922,0.206717,-0.272545,-0.160967,0.448967,1.181290,0.138339,0.039574,-0.039114
0.026542,1.003131,0.770035,0.000344,-0.030264,0.681949,0.730773,-0.445402,0.122649,0.103167,0.682113,-0.115486,0.065821,0.138252,0.116709,-0.101174,0.124592,-0.243218,-0.037485,0.056718,0.052318,0.266297,0.011819,0.128771,-0.235987,1.198640,-0.101185,-0.026727,0.206629,-0.278620,-0.159624,0.455754,1.175635,0.137269,0.037177,-0.036864
0.026395,1.009944,0.769271,-0.000564,-0.029827,0.680183,0.732435,-0.444163,0.125255,0.111032,0.620128,-0.094865,0.059911,0.146085,0.117227,-0.095977,0.124904,-0.251737,-0.037393,0.057906,0.053309,0.266238,0.013842,0.125726,-0.226498,1.203431,-0.100324,-0.026609,0.206035,-0.284398,-0.157998,0.461924,1.170425,0.136491,0.034739,-0.034564
0.026275,1.016609,0.768326,-0.001498,-0.029623,0.678389,0.734104,-0.441682,0.127362,0.118151,0.557650,-0.074590,0.053097,0.154385,0.117974,-0.090691,0.125185,-0.260110,-0.037006,0.058819,0.054628,0.266297,0.016186,0.122832,-0.217483,1.207818,-0.099974,-0.026064,0.205024,-0.289865,-0.156062,0.467493,1.165795,0.135905,0.032697,-0.032425
0.026091,1.023446,0.767323,-0.002399,-0.029716,0.676610,0.735737,-0.437526,0.129323,0.124514,0.493631,-0.053658,0.045406,0.163362,0.119000,-0.085441,0.125416,-0.268345,-0.036188,0.059248,0.056336,0.266666,0.018887,0.120100,-0.208922,1.211721,-0.100426,-0.024972,0.203492,-0.295044,-0.153742,0.472389,1.161742,0.135510,0.031119,-0.030556
0.025897,1.030352,0.766230,-0.003326,-0.030060,0.674803,0.737378,-0.431623,0.131338,0.130429,0.427422,-0.031597,0.036968,0.172834,0.120295,-0.080140,0.125617,-0.276488,-0.035006,0.059296,0.058368,0.267190,0.021969,0.117540,-0.200862,1.215309,-0.101436,-0.023597,0.201436,-0.299980,-0.151021,0.476636,1.158285,0.135324,0.029795,-0.028836
0.025687,1.037216,0.765012,-0.004348,-0.030570,0.672856,0.739128,-0.424629,0.133207,0.135514,0.360950,-0.010619,0.028000,0.182549,0.121896,-0.074458,0.125805,-0.284492,-0.033757,0.059446,0.060732,0.267605,0.025376,0.115138,-0.193272,1.218601,-0.102501,-0.022000,0.199082,-0.304634,-0.147975,0.480420,1.155509,0.135357,0.028723,-0.027114
0.025428,1.044294,0.763739,-0.005571,-0.031230,0.670636,0.741108,-0.416970,0.135000,0.139414,0.295827,0.007087,0.018801,0.192290,0.123929,-0.068002,0.126045,-0.292341,-0.032746,0.060242,0.063538,0.267685,0.029039,0.112851,-0.186142,1.221626,-0.103136,-0.020242,0.196658,-0.308923,-0.144732,0.483916,1.153437,0.135607,0.027908,-0.025226
0.025111,1.051416,0.762321,-0.007147,-0.032158,0.667985,0.743445,-0.408037,0.137215,0.141622,0.230149,0.020499,0.010250,0.202076,0.126874,-0.060294,0.126274,-0.300118,-0.032197,0.062065,0.067236,0.267309,0.033134,0.110610,-0.179212,1.224214,-0.103200,-0.018147,0.193764,-0.312684,-0.141362,0.486911,1.151921,0.136284,0.027510,-0.022959
0.024738,1.058672,0.760790,-0.009058,-0.033511,0.664896,0.746129,-0.397496,0.140869,0.142550,0.163628,0.030887,0.002364,0.212207,0.130928,-0.051331,0.126461,-0.307763,-0.031975,0.064831,0.072073,0.266727,0.037646,0.108378,-0.172589,1.226423,-0.102945,-0.015745,0.190439,-0.315965,-0.137890,0.489431,1.150953,0.137344,0.027489,-0.020436
0.024318,1.066102,0.759108,-0.011166,-0.035287,0.661476,0.749053,-0.391825,0.147203,0.142504,0.112057,0.033419,-0.006100,0.222857,0.135717,-0.041487,0.126671,-0.315041,-0.031816,0.068314,0.077830,0.266215,0.042221,0.106186,-0.166825,1.228621,-0.102494,-0.013429,0.187557,-0.318942,-0.134408,0.491933,1.150718,0.138329,0.027547,-0.017982
0.023886,1.073688,0.757269,-0.013331,-0.037353,0.657929,0.752035,-0.407710,0.157917,0.140007,0.112298,0.012199,-0.016803,0.234094,0.140598,-0.031396,0.127010,-0.321864,-0.031337,0.072105,0.084078,0.265963,0.046426,0.104134,-0.162478,1.231177,-0.101977,-0.011588,0.185990,-0.321777,-0.131038,0.494893,1.151292,0.138858,0.027379,-0.015938
0.023494,1.081226,0.755481,-0.015235,-0.039397,0.654260,0.755089,-0.421018,0.168172,0.139266,0.112332,-0.004975,-0.032947,0.245661,0.144597,-0.021234,0.127400,-0.328060,-0.030439,0.076088,0.089943,0.266068,0.050300,0.102267,-0.159809,1.234029,-0.101439,-0.010298,0.186196,-0.324539,-0.127851,0.498447,1.152657,0.138803,0.026899,-0.014217
0.022923,1.088869,0.753736,-0.016993,-0.041467,0.650444,0.758231,-0.432195,0.178008,0.139731,0.112277,-0.019903,-0.053046,0.257502,0.148032,-0.010855,0.127846,-0.333806,-0.029265,0.080363,0.095663,0.266383,0.053985,0.100585,-0.158523,1.237021,-0.100821,-0.009355,0.187621,-0.327062,-0.124874,0.502331,1.154637,0.138420,0.026272,-0.012686
0.022456,1.096394,0.751986,-0.018389,-0.043310,0.646965,0.761066,-0.440726,0.186196,0.141201,0.112217,-0.031856,-0.071654,0.269551,0.150268,-0.001297,0.128394,-0.338943,-0.027758,0.084168,0.100509,0.266894,0.057183,0.099181,-0.158412,1.240348,-0.100120,-0.008727,0.189580,-0.328913,-0.122203,0.506219,1.156743,0.137777,0.025600,-0.011589
0.021978,1.103956,0.750445,-0.019175,-0.044611,0.644329,0.763206,-0.446108,0.191401,0.143301,0.112244,-0.040024,-0.083291,0.281642,0.150580,0.006330,0.129128,-0.343363,-0.025850,0.086705,0.103627,0.267559,0.059602,0.098168,-0.159245,1.244186,-0.099323,-0.008375,0.191385,-0.329678,-0.119984,0.509811,1.158505,0.136954,0.024985,-0.011164
0.021530,1.111474,0.749051,-0.019195,-0.045359,0.642700,0.764533,-0.447771,0.193127,0.146115,0.112352,-0.044206,-0.086583,0.293964,0.148704,0.011643,0.130066,-0.347487,-0.023573,0.087548,0.104772,0.268670,0.061140,0.097580,-0.161263,1.248770,-0.098207,-0.008724,0.193042,-0.329427,-0.118204,0.513266,1.159936,0.135983,0.024276,-0.011658
0.021227,1.118933,0.747738,-0.018609,-0.045667,0.641827,0.765262,-0.446150,0.191931,0.149774,0.112446,-0.044705,-0.084534,0.306453,0.145106,0.015127,0.131187,-0.351251,-0.020935,0.086742,0.104261,0.269889,0.062109,0.097180,-0.164151,1.254193,-0.096850,-0.009723,0.195007,-0.329301,-0.115723,0.516979,1.162830,0.134755,0.023371,-0.013099
0.020771,1.126487,0.746578,-0.017661,-0.045437,0.641598,0.765490,-0.442297,0.188023,0.153846,0.112494,-0.041425,-0.078181,0.318593,0.140106,0.016954,0.132485,-0.353803,-0.017826,0.085288,0.102345,0.270867,0.062417,0.097207,-0.167609,1.259694,-0.095616,-0.010378,0.196831,-0.327891,-0.113866,0.520182,1.165080,0.133322,0.022739,-0.014806
0.020425,1.134192,0.745534,-0.016549,-0.044528,0.641895,0.765320,-0.437243,0.181621,0.157904,0.112469,-0.034297,-0.068538,0.327819,0.133980,0.017055,0.138230,-0.356533,-0.014135,0.083529,0.099192,0.270925,0.062149,0.097383,-0.170825,1.265037,-0.094814,-0.009890,0.198351,-0.325226,-0.112436,0.522685,1.166923,0.131705,0.022694,-0.016439
0.020115,1.141897,0.744705,-0.015061,-0.043010,0.642847,0.764638,-0.429486,0.172234,0.162791,0.112427,-0.023518,-0.054642,0.329090,0.126551,0.014317,0.160021,-0.365947,-0.009949,0.081250,0.094508,0.270214,0.061053,0.097784,-0.173979,1.270617,-0.094776,-0.007453,0.199397,-0.321505,-0.110842,0.524069,1.168987,0.129701,0.023446,-0.018272
0.019885,1.149577,0.744084,-0.012956,-0.040803,0.644437,0.763458,-0.418949,0.159546,0.168513,0.112380,-0.009115,-0.036207,0.329308,0.117080,0.009786,0.183614,-0.374687,-0.005290,0.078268,0.088105,0.269278,0.059001,0.098103,-0.177015,1.276521,-0.094997,-0.003747,0.200101,-0.316247,-0.110115,0.524862,1.170137,0.127504,0.024878,-0.020257
0.019492,1.157254,0.743614,-0.010763,-0.037710,0.646277,0.762094,-0.409979,0.144879,0.173065,0.114281,0.008155,-0.015288,0.326312,0.105894,0.004603,0.211603,-0.383219,0.000118,0.075649,0.080066,0.266957,0.056888,0.098762,-0.180204,1.281917,-0.095573,-0.000061,0.200908,-0.310425,-0.109218,0.525134,1.171868,0.125163,0.026424,-0.022093
0.018942,1.165001,0.743355,-0.008964,-0.033622,0.647919,0.760914,-0.422263,0.132645,0.172820,0.153190,0.010146,0.005747,0.319337,0.093599,0.000259,0.243223,-0.389968,0.006337,0.073436,0.071134,0.262798,0.055387,0.099040,-0.181817,1.286067,-0.095534,0.002209,0.202149,-0.304306,-0.108956,0.526445,1.173764,0.123124,0.027771,-0.023146
0.018389,1.173102,0.743101,-0.007847,-0.027680,0.649348,0.759947,-0.444213,0.119572,0.169542,0.198552,0.016916,0.028738,0.306282,0.079377,-0.003006,0.278722,-0.395338,0.014014,0.071903,0.060320,0.255303,0.054837,0.099154,-0.182122,1.288629,-0.095049,0.002241,0.204248,-0.298399,-0.109028,0.529152,1.176283,0.121686,0.028651,-0.023123
0.017643,1.181178,0.743202,-0.007147,-0.020270,0.650671,0.759055,-0.468810,0.104760,0.165435,0.240548,0.032286,0.054085,0.288713,0.063456,-0.005413,0.317167,-0.399198,0.022801,0.070241,0.047995,0.245372,0.054908,0.098817,-0.180638,1.290024,-0.093978,0.000869,0.206868,-0.292343,-0.109797,0.533492,1.178918,0.120837,0.029390,-0.022323
0.016961,1.189300,0.743413,-0.006286,-0.012853,0.651837,0.758224,-0.490865,0.089483,0.162189,0.277678,0.049585,0.077535,0.270538,0.047224,-0.006872,0.357296,-0.399705,0.031372,0.069011,0.035630,0.235253,0.055206,0.097978,-0.178700,1.290780,-0.092803,-0.000624,0.209482,-0.285368,-0.111121,0.537722,1.181831,0.119836,0.030237,-0.021361
0.016307,1.197551,0.743620,-0.004629,-0.006804,0.652856,0.757437,-0.505305,0.074838,0.160736,0.308702,0.061800,0.094939,0.255386,0.031860,-0.007565,0.398286,-0.395231,0.038394,0.068291,0.024261,0.227215,0.055805,0.096962,-0.177078,1.290913,-0.091942,-0.000930,0.211390,-0.276832,-0.112607,0.540707,1.185228,0.118131,0.031432,-0.020900
0.015732,1.205948,0.743836,-0.001727,-0.002270,0.653751,0.756705,-0.511029,0.060284,0.160588,0.334310,0.066133,0.105485,0.244467,0.016672,-0.007458,0.440099,-0.385621,0.044297,0.068190,0.013370,0.221847,0.056888,0.095844,-0.175580,1.290067,-0.092057,0.000616,0.212406,-0.266353,-0.114158,0.542417,1.189133,0.115651,0.033014,-0.021227
0.015106,1.214600,0.744218,0.002056,0.001564,0.654604,0.755968,-0.511169,0.045379,0.160771,0.356064,0.065896,0.111452,0.235484,0.001005,-0.006711,0.483287,-0.371760,0.049462,0.068489,0.002178,0.217814,0.058461,0.094732,-0.173937,1.288231,-0.092795,0.003225,0.212856,-0.254501,-0.115643,0.543285,1.193688,0.112630,0.034833,-0.021985
0.014483,1.223671,0.744779,0.006104,0.004723,0.655533,0.755127,-0.507243,0.031305,0.161164,0.374281,0.063298,0.113160,0.226763,-0.013945,-0.005955,0.528090,-0.353680,0.052500,0.068724,-0.008685,0.214539,0.060341,0.094035,-0.172641,1.285871,-0.092994,0.006031,0.212782,-0.241955,-0.116531,0.542968,1.199106,0.109001,0.036821,-0.022868
0.013970,1.232890,0.745489,0.009777,0.007188,0.656643,0.754104,-0.500746,0.019099,0.161826,0.388921,0.060759,0.110845,0.216679,-0.026846,-0.005890,0.574824,-0.331324,0.052097,0.068406,-0.017941,0.211572,0.062036,0.093384,-0.172065,1.283727,-0.091304,0.008127,0.212356,-0.228789,-0.117507,0.541390,1.204514,0.104858,0.039104,-0.023471
0.013693,1.242057,0.746180,0.012954,0.008653,0.658102,0.752768,-0.490973,0.009008,0.162936,0.398643,0.059629,0.101881,0.205718,-0.036904,-0.007499,0.623561,-0.303304,0.047113,0.067839,-0.024984,0.208995,0.063409,0.092937,-0.172863,1.282281,-0.086754,0.009182,0.211377,-0.213996,-0.118595,0.536919,1.209438,0.098987,0.041849,-0.023962
0.013423,1.251033,0.746966,0.015942,0.009218,0.659823,0.751195,-0.477606,0.000331,0.164346,0.403862,0.058571,0.086880,0.194463,-0.045087,-0.010552,0.674067,-0.269990,0.038494,0.067063,-0.030673,0.206994,0.064809,0.092957,-0.174532,1.280917,-0.080253,0.009712,0.209788,-0.197997,-0.119329,0.530155,1.214425,0.091789,0.044946,-0.024469
0.013218,1.259655,0.747819,0.018739,0.009444,0.661516,0.749637,-0.462690,-0.007487,0.165799,0.406870,0.055974,0.070891,0.181573,-0.052585,-0.013856,0.726121,-0.233985,0.028136,0.065914,-0.035792,0.205312,0.066192,0.093353,-0.176677,1.278915,-0.073574,0.010104,0.208018,-0.182613,-0.119816,0.523425,1.219966,0.085460,0.048007,-0.024473
0.012963,1.268157,0.748755,0.021339,0.009875,0.662887,0.748350,-0.448228,-0.015030,0.167064,0.409888,0.050138,0.058943,0.165704,-0.060418,-0.015984,0.779590,-0.197918,0.017997,0.064353,-0.041036,0.203706,0.067453,0.093992,-0.179034,1.275611,-0.068512,0.010753,0.206501,-0.169433,-0.120349,0.518967,1.226394,0.082136,0.050654,-0.023451
0.012709,1.276629,0.749781,0.023569,0.010529,0.663919,0.747359,-0.434794,-0.022291,0.167784,0.413418,0.039562,0.052377,0.145585,-0.068228,-0.016591,0.836402,-0.160094,0.007933,0.062533,-0.046139,0.202156,0.068625,0.094950,-0.181422,1.270383,-0.065558,0.012187,0.205159,-0.158352,-0.121356,0.516967,1.233473,0.083251,0.052797,-0.020852
0.012385,1.284918,0.750833,0.025469,0.011115,0.664744,0.746555,-0.421331,-0.029242,0.168303,0.416145,0.025472,0.048556,0.122241,-0.075573,-0.016490,0.896015,-0.119820,-0.002816,0.060120,-0.050708,0.200800,0.069784,0.096004,-0.183598,1.263830,-0.063589,0.013963,0.203840,-0.148712,-0.122810,0.516850,1.241105,0.087523,0.054669,-0.017119
0.011956,1.293109,0.751912,0.027378,0.011748,0.665296,0.745985,-0.407206,-0.036379,0.169311,0.417238,0.010458,0.046508,0.097739,-0.083144,-0.015663,0.954797,-0.081383,-0.013175,0.057349,-0.055269,0.199789,0.070757,0.097154,-0.186494,1.256677,-0.062409,0.015337,0.202759,-0.140392,-0.124677,0.518590,1.248837,0.092765,0.056405,-0.013043
0.011395,1.301189,0.753030,0.029644,0.012549,0.665509,0.745695,-0.391867,-0.044080,0.171423,0.416044,-0.002944,0.045143,0.073970,-0.091631,-0.013937,1.009544,-0.049402,-0.022110,0.054371,-0.060475,0.199280,0.071431,0.098493,-0.190923,1.249626,-0.061788,0.015512,0.202074,-0.133310,-0.126955,0.522287,1.256209,0.096846,0.058115,-0.009403
0.010874,1.309075,0.754092,0.032524,0.013647,0.665219,0.745815,-0.374680,-0.052643,0.175238,0.411774,-0.014160,0.044558,0.050901,-0.101462,-0.010313,1.060692,-0.023308,-0.028870,0.051381,-0.066897,0.199493,0.071960,0.100065,-0.197164,1.242465,-0.061912,0.014018,0.201781,-0.127882,-0.129689,0.528812,1.263491,0.099823,0.059689,-0.005872
0.010293,1.316882,0.755128,0.035763,0.014931,0.664494,0.746288,-0.356047,-0.061734,0.180151,0.404931,-0.024472,0.045165,0.027640,-0.111942,-0.004958,1.109751,-0.001419,-0.034109,0.048307,-0.074034,0.200294,0.072335,0.101849,-0.204794,1.234924,-0.062834,0.011366,0.201779,-0.123976,-0.132900,0.537829,1.270748,0.102624,0.061115,-0.002192
0.009708,1.324514,0.756074,0.038957,0.016175,0.663647,0.746855,-0.337014,-0.070764,0.184943,0.396849,-0.034100,0.046240,0.004533,-0.122206,0.000582,1.155738,0.013057,-0.038883,0.044841,-0.080993,0.201286,0.072195,0.103858,-0.213608,1.227633,-0.064151,0.008236,0.202099,-0.120728,-0.136506,0.547623,1.277243,0.104431,0.062632,0.000753
0.009163,1.332188,0.757045,0.041697,0.017152,0.662997,0.747263,-0.318623,-0.079110,0.188482,0.388941,-0.043332,0.047075,-0.018040,-0.131527,0.004672,1.197649,0.016848,-0.044291,0.040724,-0.086918,0.202078,0.071171,0.106127,-0.223456,1.221221,-0.065469,0.005312,0.202772,-0.117217,-0.140352,0.556372,1.282192,0.104385,0.064470,0.002075
0.008642,1.339573,0.757917,0.043871,0.017944,0.662555,0.747512,-0.301283,-0.086653,0.190704,0.381327,-0.052089,0.047534,-0.040190,-0.139759,0.007244,1.235581,0.004294,-0.050500,0.035819,-0.091764,0.202396,0.069209,0.108704,-0.234447,1.215520,-0.067118,0.002850,0.204073,-0.113636,-0.144356,0.564387,1.285479,0.101165,0.067049,0.001315
0.008163,1.346945,0.758792,0.045685,0.018613,0.662176,0.747723,-0.284392,-0.093631,0.192168,0.373434,-0.060323,0.047946,-0.062101,-0.147148,0.009141,1.270198,-0.021422,-0.056774,0.030314,-0.095969,0.202488,0.066465,0.111590,-0.246659,1.210300,-0.069189,0.000460,0.205887,-0.110392,-0.148495,0.572352,1.287577,0.095599,0.070123,-0.000978
0.007782,1.354323,0.759738,0.047257,0.018955,0.661948,0.747818,-0.267518,-0.099895,0.192719,0.365691,-0.068377,0.048320,-0.083508,-0.153746,0.010000,1.301332,-0.050282,-0.062980,0.024455,-0.099442,0.202734,0.062922,0.114747,-0.259901,1.206096,-0.070921,-0.002133,0.207669,-0.106863,-0.152686,0.578902,1.288635,0.089967,0.072922,-0.004188
0.007431,1.361581,0.760656,0.048720,0.018776,0.661957,0.747721,-0.250211,-0.105403,0.192224,0.358458,-0.076553,0.048672,-0.104115,-0.159771,0.009364,1.328697,-0.072203,-0.069126,0.018536,-0.102109,0.203520,0.058541,0.118139,-0.274074,1.203488,-0.071591,-0.005205,0.208890,-0.102411,-0.156828,0.582612,1.288844,0.086535,0.074655,-0.007725
0.007289,1.368862,0.761612,0.050101,0.017915,0.662191,0.747444,-0.232162,-0.109894,0.190649,0.351923,-0.085029,0.048870,-0.123722,-0.165777,0.006486,1.352111,-0.083955,-0.075214,0.012612,-0.103849,0.205030,0.053438,0.121762,-0.289379,1.202781,-0.070763,-0.009335,0.209636,-0.096817,-0.160853,0.582858,1.288120,0.085274,0.075030,-0.011726
0.007070,1.376157,0.762559,0.051361,0.016535,0.662613,0.747016,-0.213637,-0.113485,0.188110,0.345821,-0.093588,0.048933,-0.142498,-0.171672,0.001713,1.371758,-0.091082,-0.081346,0.006578,-0.104801,0.207044,0.047582,0.125614,-0.305874,1.203633,-0.068930,-0.014205,0.210130,-0.090411,-0.164738,0.580399,1.286463,0.085136,0.074482,-0.016422
0.006885,1.383402,0.763527,0.052477,0.014866,0.663278,0.746383,-0.195097,-0.116499,0.184673,0.340041,-0.102064,0.049092,-0.160645,-0.176725,-0.003804,1.387746,-0.096587,-0.087640,0.000451,-0.105303,0.209335,0.040756,0.129648,-0.323202,1.205632,-0.066741,-0.018736,0.210047,-0.083411,-0.168442,0.575996,1.284204,0.086956,0.073275,-0.021382
0.006839,1.390512,0.764457,0.053450,0.013169,0.664231,0.745498,-0.177004,-0.119306,0.180402,0.334450,-0.110283,0.049591,-0.178408,-0.180077,-0.008887,1.400203,-0.103477,-0.094107,-0.005764,-0.105661,0.211646,0.032774,0.133793,-0.340977,1.208381,-0.064822,-0.021852,0.209061,-0.076078,-0.171922,0.570406,1.281749,0.091545,0.071661,-0.026175
0.006890,1.397666,0.765413,0.054267,0.011428,0.665604,0.744242,-0.159579,-0.121969,0.174951,0.329321,-0.118258,0.050667,-0.195818,-0.181371,-0.013608,1.409128,-0.112297,-0.101228,-0.012295,-0.105890,0.214009,0.023288,0.138015,-0.359437,1.212259,-0.063119,-0.023163,0.206768,-0.068311,-0.175108,0.563455,1.278949,0.100228,0.069353,-0.031098
0.006922,1.404725,0.766280,0.054950,0.009550,0.667326,0.742675,-0.142545,-0.124260,0.168428,0.324652,-0.126086,0.052123,-0.212757,-0.181068,-0.018527,1.414440,-0.121510,-0.108777,-0.019092,-0.105869,0.216502,0.012593,0.142279,-0.378699,1.217319,-0.061355,-0.023280,0.203443,-0.060070,-0.177971,0.554892,1.275786,0.112188,0.066283,-0.036228
0.007016,1.411548,0.767100,0.055495,0.007619,0.669143,0.741019,-0.125683,-0.126142,0.161578,0.319998,-0.133755,0.053556,-0.229276,-0.179392,-0.023098,1.416100,-0.130858,-0.115549,-0.025750,-0.105641,0.218957,0.001418,0.146496,-0.398191,1.222683,-0.059843,-0.022641,0.199774,-0.051658,-0.180508,0.545441,1.272719,0.125089,0.063075,-0.040806
0.007149,1.418348,0.767822,0.055915,0.005731,0.670808,0.739498,-0.108728,-0.127595,0.155143,0.314811,-0.141202,0.054561,-0.245400,-0.176587,-0.026810,1.414028,-0.140094,-0.120383,-0.031941,-0.105234,0.221189,-0.009550,0.150573,-0.417224,1.227527,-0.058877,-0.021680,0.196469,-0.043470,-0.182759,0.535846,1.270321,0.136567,0.060388,-0.044114
0.007217,1.425207,0.768515,0.056176,0.003909,0.672246,0.738183,-0.091606,-0.128598,0.149361,0.308854,-0.148318,0.054910,-0.261233,-0.172556,-0.029478,1.408107,-0.149731,-0.122804,-0.037641,-0.104568,0.222989,-0.020300,0.154468,-0.436127,1.232022,-0.058497,-0.020356,0.193710,-0.035601,-0.184790,0.526406,1.268807,0.146801,0.058342,-0.045642
0.007195,1.432253,0.769191,0.056296,0.002109,0.673594,0.736951,-0.074449,-0.129180,0.143842,0.302427,-0.155156,0.054850,-0.276693,-0.167244,-0.031433,1.398349,-0.159676,-0.123514,-0.043042,-0.103617,0.224517,-0.031172,0.158169,-0.455069,1.236529,-0.058548,-0.018489,0.191135,-0.027853,-0.186612,0.516729,1.267850,0.156793,0.056646,-0.045891
0.007343,1.439436,0.769821,0.056323,0.000297,0.674924,0.735734,-0.057306,-0.129411,0.138382,0.295792,-0.161900,0.054704,-0.291537,-0.160986,-0.032929,1.384930,-0.168833,-0.123138,-0.048146,-0.102485,0.226127,-0.042038,0.161653,-0.472997,1.240512,-0.058961,-0.016308,0.188650,-0.020201,-0.188163,0.506609,1.267216,0.165513,0.055355,-0.045686
0.007641,1.446441,0.770345,0.056321,-0.001546,0.676305,0.734463,-0.040204,-0.129358,0.132767,0.289173,-0.168709,0.054799,-0.305518,-0.154111,-0.034210,1.368016,-0.176101,-0.122300,-0.053012,-0.101289,0.228145,-0.052780,0.164912,-0.488806,1.243476,-0.059682,-0.014047,0.186175,-0.012707,-0.189324,0.495923,1.266800,0.171951,0.054503,-0.045861
0.007893,1.453394,0.770822,0.056303,-0.003505,0.677724,0.733149,-0.022898,-0.128935,0.126985,0.282401,-0.175653,0.055150,-0.318532,-0.146360,-0.035169,1.347507,-0.181342,-0.121330,-0.057619,-0.099967,0.230757,-0.063551,0.168008,-0.502448,1.245445,-0.060880,-0.011387,0.183549,-0.005426,-0.189986,0.484376,1.266742,0.175746,0.054106,-0.046514
0.008149,1.460362,0.771280,0.056242,-0.005541,0.679152,0.731818,-0.005429,-0.128155,0.121145,0.275375,-0.182620,0.055610,-0.330660,-0.137726,-0.035707,1.323320,-0.185116,-0.119885,-0.061969,-0.098520,0.233738,-0.074379,0.170984,-0.514403,1.246678,-0.062525,-0.008330,0.180873,0.001611,-0.190100,0.472164,1.267177,0.177469,0.054135,-0.047260
0.008382,1.467255,0.771678,0.056133,-0.007496,0.680637,0.730428,0.011651,-0.127232,0.115224,0.268622,-0.189586,0.056273,-0.341978,-0.128902,-0.036043,1.295727,-0.187413,-0.117540,-0.066182,-0.097189,0.236773,-0.084965,0.173810,-0.524267,1.247090,-0.064215,-0.005592,0.178456,0.008346,-0.189671,0.459929,1.268065,0.177515,0.054544,-0.048232
0.008667,1.474170,0.772007,0.055980,-0.009203,0.682225,0.728938,0.027826,-0.126390,0.109186,0.262587,-0.196517,0.057242,-0.352571,-0.120597,-0.036422,1.264979,-0.188219,-0.113920,-0.070415,-0.096177,0.239541,-0.095016,0.176409,-0.531558,1.246615,-0.065522,-0.003890,0.176604,0.014710,-0.188741,0.448382,1.269353,0.176304,0.055294,-0.049558
0.008934,1.481014,0.772222,0.055731,-0.010656,0.683990,0.727281,0.042742,-0.125574,0.102890,0.257773,-0.203528,0.058823,-0.362472,-0.112758,-0.036847,1.230834,-0.187317,-0.108428,-0.074846,-0.095445,0.241955,-0.104682,0.178758,-0.536066,1.245497,-0.066362,-0.003582,0.175415,0.020683,-0.187343,0.437838,1.270987,0.173266,0.056574,-0.051315
0.009192,1.487916,0.772372,0.055399,-0.011936,0.685886,0.725499,0.056721,-0.124722,0.096395,0.253873,-0.210625,0.060887,-0.371588,-0.105148,-0.037162,1.193207,-0.184804,-0.101491,-0.079375,-0.094895,0.244169,-0.114109,0.180883,-0.537993,1.243794,-0.066925,-0.004239,0.174725,0.026273,-0.185499,0.427951,1.273038,0.168441,0.058347,-0.053417
0.009473,1.494835,0.772410,0.055070,-0.013006,0.687785,0.723706,0.070364,-0.124034,0.089936,0.249928,-0.217515,0.062883,-0.379839,-0.098125,-0.037370,1.152564,-0.181120,-0.094182,-0.083732,-0.094619,0.246217,-0.123018,0.182780,-0.537568,1.241158,-0.067288,-0.005407,0.174457,0.031505,-0.183230,0.418334,1.275536,0.163106,0.060243,-0.055747
0.009795,1.501800,0.772359,0.054806,-0.013854,0.689558,0.722020,0.084258,-0.123690,0.083754,0.244982,-0.223895,0.064250,-0.387147,-0.092017,-0.037498,1.109365,-0.176698,-0.087552,-0.087642,-0.094708,0.248125,-0.131131,0.184420,-0.535007,1.237271,-0.067503,-0.006634,0.174533,0.036389,-0.180566,0.408608,1.278543,0.158542,0.061879,-0.058196
0.010155,1.508652,0.772138,0.054600,-0.014472,0.691167,0.720484,0.098482,-0.123682,0.077904,0.238808,-0.229681,0.064768,-0.393678,-0.086714,-0.037277,1.063611,-0.171848,-0.082150,-0.090915,-0.095095,0.249943,-0.138511,0.185779,-0.530079,1.232075,-0.067348,-0.007956,0.175160,0.040869,-0.177512,0.398785,1.282194,0.154761,0.063098,-0.060803
0.010507,1.515593,0.771848,0.054410,-0.014875,0.692685,0.719031,0.112684,-0.123908,0.072262,0.232042,-0.235047,0.064758,-0.399396,-0.082078,-0.036788,1.015072,-0.166275,-0.077327,-0.093719,-0.095729,0.251630,-0.145342,0.186864,-0.522783,1.225820,-0.066888,-0.009564,0.176309,0.044968,-0.174071,0.389002,1.286397,0.151180,0.064128,-0.063601
0.010821,1.522541,0.771467,0.054277,-0.015069,0.694156,0.717617,0.127034,-0.124424,0.066765,0.224522,-0.240028,0.064472,-0.403908,-0.078359,-0.036597,0.963739,-0.159481,-0.072300,-0.096293,-0.096699,0.253098,-0.151510,0.187684,-0.513667,1.218601,-0.066579,-0.011233,0.177550,0.048836,-0.170268,0.379082,1.290802,0.148230,0.065152,-0.066473
0.011136,1.529531,0.770986,0.054243,-0.015050,0.695623,0.716198,0.141618,-0.125289,0.061359,0.216263,-0.244728,0.064165,-0.406906,-0.075792,-0.037256,0.909677,-0.150932,-0.066265,-0.098850,-0.098092,0.254261,-0.156928,0.188248,-0.503360,1.210517,-0.066924,-0.012740,0.178452,0.052632,-0.166146,0.368833,1.295051,0.146351,0.066354,-0.069302
0.011488,1.536497,0.770385,0.054272,-0.014783,0.697087,0.714776,0.156397,-0.126489,0.056057,0.207081,-0.249141,0.063699,-0.408387,-0.074188,-0.038277,0.852168,-0.140167,-0.059309,-0.101454,-0.099883,0.255077,-0.161441,0.188538,-0.491273,1.201168,-0.068132,-0.013928,0.178955,0.056300,-0.161696,0.357909,1.299134,0.146046,0.067900,-0.072220
0.011916,1.543540,0.769709,0.054348,-0.014286,0.698533,0.713368,0.171348,-0.127982,0.050858,0.197015,-0.253220,0.063017,-0.408493,-0.073452,-0.039570,0.791324,-0.127523,-0.051741,-0.103982,-0.102010,0.255593,-0.165175,0.188545,-0.477290,1.190654,-0.069875,-0.014945,0.179272,0.059788,-0.156910,0.346485,1.303187,0.146941,0.069650,-0.075236
0.012278,1.550725,0.768945,0.054551,-0.013629,0.699976,0.711950,0.186559,-0.129783,0.045687,0.186498,-0.257021,0.062490,-0.407025,-0.073909,-0.042311,0.728125,-0.113566,-0.043048,-0.106343,-0.104493,0.255873,-0.168493,0.188302,-0.462934,1.179826,-0.072039,-0.016030,0.179372,0.063279,-0.151847,0.335150,1.307100,0.148188,0.071270,-0.078030
0.012599,1.557930,0.768047,0.054965,-0.012884,0.701432,0.710497,0.202241,-0.131927,0.040446,0.175738,-0.260495,0.062477,-0.403762,-0.075813,-0.047704,0.663433,-0.098783,-0.032657,-0.108412,-0.107361,0.255995,-0.171718,0.187861,-0.449740,1.169484,-0.074473,-0.017418,0.179231,0.067096,-0.146602,0.324451,1.310482,0.148915,0.072575,-0.080292
0.012970,1.565189,0.767007,0.055692,-0.012053,0.702921,0.708982,0.218661,-0.134589,0.035062,0.164559,-0.263558,0.063316,-0.398025,-0.079481,-0.056359,0.595638,-0.082524,-0.019939,-0.110130,-0.110790,0.256030,-0.174889,0.187225,-0.438018,1.159689,-0.077669,-0.019213,0.178761,0.071412,-0.141223,0.314658,1.313223,0.148963,0.073516,-0.082026
0.013348,1.572533,0.765898,0.056680,-0.011099,0.704440,0.707410,0.235691,-0.137724,0.029529,0.152873,-0.266223,0.064736,-0.389858,-0.084429,-0.067615,0.524189,-0.064363,-0.005186,-0.111589,-0.114726,0.255955,-0.177824,0.186382,-0.427011,1.149980,-0.081543,-0.021253,0.177996,0.076097,-0.135695,0.305416,1.315405,0.148769,0.074223,-0.083354
0.013751,1.580030,0.764660,0.057798,-0.010043,0.705988,0.705790,0.252897,-0.141085,0.023836,0.141181,-0.268658,0.066176,-0.380113,-0.089804,-0.080778,0.451491,-0.045105,0.010756,-0.112902,-0.118927,0.255731,-0.180538,0.185383,-0.416661,1.140466,-0.085093,-0.023447,0.177088,0.080906,-0.130074,0.296307,1.317193,0.148364,0.074636,-0.084140
0.014234,1.587585,0.763294,0.058938,-0.008891,0.707579,0.704116,0.270015,-0.144450,0.017916,0.129603,-0.270850,0.067072,-0.369620,-0.094973,-0.095163,0.379964,-0.025649,0.026949,-0.114208,-0.123153,0.255339,-0.182990,0.184309,-0.406942,1.131093,-0.087320,-0.025631,0.176185,0.085642,-0.124433,0.286911,1.318683,0.147793,0.074698,-0.084227
0.014666,1.595154,0.761766,0.060167,-0.007566,0.709333,0.702261,0.283275,-0.147992,0.012014,0.126035,-0.277019,0.067271,-0.357970,-0.100580,-0.111778,0.308225,-0.005377,0.043968,-0.115766,-0.127653,0.254728,-0.185012,0.183178,-0.397620,1.121577,-0.087624,-0.027843,0.175016,0.090578,-0.118768,0.276673,1.319620,0.147020,0.074279,-0.083478
0.015164,1.602764,0.760043,0.061723,-0.005982,0.711327,0.700121,0.295441,-0.152293,0.005500,0.125221,-0.284373,0.067138,-0.344363,-0.107175,-0.130738,0.234701,0.016392,0.062141,-0.117761,-0.132931,0.253982,-0.186631,0.181995,-0.388819,1.111974,-0.086666,-0.030126,0.173594,0.095798,-0.113039,0.265974,1.319967,0.146052,0.073456,-0.081996
0.015703,1.610335,0.758208,0.063640,-0.004221,0.713506,0.697740,0.307952,-0.157305,-0.001824,0.124489,-0.291199,0.066819,-0.329375,-0.114102,-0.150106,0.162154,0.038465,0.079987,-0.120230,-0.138977,0.253282,-0.188048,0.180853,-0.381008,1.102731,-0.085325,-0.032360,0.172485,0.100830,-0.107325,0.255759,1.320161,0.144945,0.072465,-0.080000
0.016232,1.617921,0.756319,0.065808,-0.002384,0.715641,0.695357,0.320520,-0.162619,-0.009393,0.124328,-0.297483,0.066385,-0.322703,-0.121839,-0.166590,0.112420,0.049715,0.095854,-0.122764,-0.145426,0.252775,-0.189369,0.179879,-0.374601,1.094110,-0.084468,-0.034417,0.172243,0.105158,-0.101755,0.247007,1.320586,0.143767,0.071558,-0.077678
0.016798,1.625590,0.754388,0.067982,-0.000558,0.717624,0.693104,0.333178,-0.167715,-0.016794,0.124185,-0.303231,0.065719,-0.336115,-0.132075,-0.178048,0.109514,0.037091,0.109629,-0.125100,-0.151822,0.252406,-0.190613,0.179178,-0.369973,1.085885,-0.084393,-0.036233,0.173226,0.108800,-0.096432,0.239632,1.321181,0.142540,0.070595,-0.074806
0.017416,1.633268,0.752491,0.069816,0.001067,0.719303,0.691178,0.345806,-0.171630,-0.023419,0.124098,-0.308734,0.064523,-0.349424,-0.140838,-0.187949,0.109611,0.023565,0.121625,-0.126773,-0.157245,0.252191,-0.191565,0.178703,-0.366712,1.077630,-0.084617,-0.037864,0.175074,0.111763,-0.091384,0.233243,1.321800,0.141236,0.069510,-0.071332
0.018021,1.641039,0.750710,0.071313,0.002396,0.720638,0.689630,0.358364,-0.174390,-0.029314,0.124029,-0.313230,0.062995,-0.360402,-0.147963,-0.196909,0.109769,0.011389,0.131172,-0.127744,-0.161624,0.252177,-0.192083,0.178371,-0.364139,1.069783,-0.084877,-0.039476,0.177214,0.113836,-0.086691,0.228383,1.322648,0.139846,0.068673,-0.067741
0.018600,1.648712,0.749016,0.072389,0.003336,0.721494,0.688618,0.370758,-0.175841,-0.034210,0.124099,-0.316233,0.061208,-0.368264,-0.153089,-0.205236,0.109956,0.001267,0.137567,-0.127757,-0.164685,0.252368,-0.191956,0.178082,-0.361513,1.062533,-0.084892,-0.041114,0.179104,0.114699,-0.082476,0.225633,1.323963,0.138390,0.068454,-0.064510
0.019112,1.656371,0.747508,0.073134,0.003849,0.721824,0.688191,0.382949,-0.176190,-0.038129,0.124804,-0.318195,0.059219,-0.372601,-0.155968,-0.213574,0.110165,-0.007318,0.140653,-0.126692,-0.166367,0.253094,-0.191250,0.177789,-0.358809,1.055662,-0.084757,-0.042858,0.180625,0.114360,-0.079181,0.225583,1.325415,0.136948,0.069197,-0.061490
0.019546,1.664068,0.746101,0.073561,0.004031,0.721706,0.688268,0.395002,-0.175637,-0.041126,0.125793,-0.319131,0.056980,-0.374040,-0.156539,-0.221658,0.110395,-0.014458,0.140850,-0.124703,-0.167028,0.254068,-0.190195,0.177462,-0.356293,1.049498,-0.084442,-0.044657,0.182122,0.112731,-0.076215,0.227798,1.327425,0.135472,0.070578,-0.058679
0.019890,1.671825,0.744833,0.073536,0.003981,0.721159,0.688844,0.406621,-0.174166,-0.042822,0.126966,-0.318465,0.054440,-0.373240,-0.154704,-0.228244,0.110563,-0.018708,0.138397,-0.122020,-0.166444,0.254806,-0.188293,0.177083,-0.353687,1.044039,-0.083830,-0.046434,0.183524,0.110171,-0.073786,0.231403,1.329882,0.133908,0.072148,-0.056163
0.020192,1.679631,0.743690,0.072868,0.003730,0.720209,0.689909,0.417497,-0.171602,-0.042838,0.128309,-0.315740,0.051530,-0.370824,-0.150377,-0.232158,0.110626,-0.018623,0.133532,-0.118850,-0.164361,0.254828,-0.185147,0.176579,-0.350684,1.039462,-0.082705,-0.048121,0.184808,0.106980,-0.071920,0.235519,1.332800,0.132197,0.073436,-0.054103
0.020410,1.687483,0.742647,0.071659,0.003210,0.718797,0.691510,0.428049,-0.168122,-0.041042,0.129769,-0.311538,0.047968,-0.365461,-0.143458,-0.233168,0.110614,-0.014688,0.126851,-0.115199,-0.160850,0.254119,-0.180521,0.175780,-0.346886,1.035938,-0.080749,-0.049928,0.185949,0.102878,-0.070492,0.240700,1.336824,0.129883,0.074332,-0.052670
0.020672,1.695502,0.741732,0.069861,0.002355,0.716914,0.693649,0.433004,-0.163722,-0.036643,0.142587,-0.311927,0.043738,-0.357628,-0.133730,-0.231816,0.111243,-0.007764,0.118100,-0.110552,-0.155630,0.253078,-0.174709,0.174849,-0.343110,1.033061,-0.078392,-0.051792,0.186945,0.098141,-0.069776,0.246626,1.341258,0.126998,0.075111,-0.051554
0.021027,1.703612,0.741062,0.067066,0.001228,0.714688,0.696220,0.429038,-0.157558,-0.029360,0.171918,-0.318260,0.039201,-0.350565,-0.121085,-0.228289,0.113214,0.003241,0.106245,-0.105981,-0.148347,0.250958,-0.168247,0.173507,-0.338642,1.031600,-0.075561,-0.053360,0.187980,0.092444,-0.069372,0.253202,1.346243,0.124834,0.075750,-0.050965
0.021505,1.711499,0.740870,0.063189,0.000103,0.712471,0.698851,0.420141,-0.149457,-0.020991,0.207505,-0.323387,0.035007,-0.346250,-0.106483,-0.223137,0.114783,0.020790,0.090524,-0.101723,-0.139168,0.247506,-0.161874,0.171892,-0.334819,1.031749,-0.072976,-0.054177,0.189138,0.086720,-0.069348,0.258445,1.350449,0.124103,0.076293,-0.050642
0.021931,1.719609,0.740902,0.057526,-0.000927,0.710252,0.701592,0.404866,-0.138243,-0.011270,0.250165,-0.328249,0.030536,-0.353640,-0.090357,-0.214969,0.130916,0.041738,0.067389,-0.097471,-0.127226,0.242071,-0.155452,0.170620,-0.332469,1.032701,-0.071057,-0.053895,0.190478,0.081036,-0.069593,0.261516,1.353475,0.125074,0.076718,-0.050652
0.022415,1.727731,0.741162,0.050427,-0.001918,0.708081,0.704325,0.385045,-0.124407,-0.000980,0.297787,-0.332180,0.025671,-0.377808,-0.074734,-0.204680,0.176575,0.056289,0.038790,-0.093733,-0.113098,0.234847,-0.148653,0.169513,-0.330837,1.034615,-0.069386,-0.052809,0.191906,0.075103,-0.070063,0.263517,1.355961,0.127305,0.077008,-0.051078
0.023016,1.736050,0.741467,0.043157,-0.002961,0.706249,0.706641,0.363539,-0.109798,0.008202,0.348196,-0.332424,0.021619,-0.398893,-0.058730,-0.196767,0.215527,0.074716,0.011489,-0.090859,-0.098705,0.227221,-0.141600,0.168537,-0.329881,1.038142,-0.067984,-0.051339,0.193163,0.069293,-0.070666,0.264611,1.357919,0.130208,0.077189,-0.051596
0.023493,1.744565,0.741703,0.036815,-0.004268,0.704957,0.708281,0.342549,-0.095947,0.015226,0.400260,-0.326731,0.019612,-0.412770,-0.044595,-0.192889,0.245855,0.088538,-0.008234,-0.089027,-0.085569,0.220575,-0.134465,0.167586,-0.329425,1.043992,-0.066804,-0.049916,0.194024,0.063864,-0.071279,0.265015,1.359452,0.133206,0.077295,-0.051897
0.024001,1.753199,0.742056,0.031459,-0.006062,0.704293,0.709186,0.322144,-0.082605,0.020072,0.454843,-0.314453,0.020202,-0.418375,-0.032825,-0.193267,0.267831,0.095083,-0.017622,-0.088409,-0.073232,0.215054,-0.127613,0.166124,-0.329694,1.053283,-0.066300,-0.048992,0.194339,0.059158,-0.072162,0.264428,1.360423,0.136700,0.077348,-0.051766
0.024506,1.761886,0.742631,0.026418,-0.008262,0.704034,0.709627,0.301146,-0.068755,0.023581,0.512090,-0.296785,0.022749,-0.418798,-0.022300,-0.196163,0.284639,0.097420,-0.020979,-0.088454,-0.060711,0.209954,-0.121067,0.164242,-0.330841,1.065524,-0.066348,-0.048235,0.194322,0.054917,-0.073257,0.262667,1.360901,0.140761,0.077321,-0.051436
0.025009,1.770808,0.743470,0.021643,-0.010664,0.703910,0.709879,0.279436,-0.054725,0.026276,0.570589,-0.274596,0.026697,-0.416064,-0.012469,-0.199913,0.298399,0.095902,-0.022453,-0.088596,-0.048285,0.205268,-0.114597,0.162040,-0.332015,1.079432,-0.065702,-0.046968,0.194343,0.050544,-0.074566,0.260613,1.361222,0.144526,0.077209,-0.051233
0.025519,1.779706,0.744452,0.017134,-0.013062,0.703677,0.710193,0.257009,-0.041056,0.028641,0.628933,-0.248752,0.031369,-0.412101,-0.002619,-0.202964,0.310627,0.091125,-0.025978,-0.088322,-0.036281,0.201021,-0.108018,0.159463,-0.332346,1.093817,-0.063106,-0.044537,0.194781,0.045527,-0.076185,0.259125,1.361610,0.147113,0.077021,-0.051461
0.025962,1.788468,0.745510,0.012969,-0.015456,0.703196,0.710710,0.233907,-0.027566,0.031718,0.687663,-0.218012,0.037085,-0.407158,0.007907,-0.204739,0.321493,0.081899,-0.032752,-0.087571,-0.024741,0.197229,-0.100746,0.156346,-0.330959,1.108652,-0.057284,-0.040573,0.195885,0.039680,-0.078165,0.258159,1.362352,0.147657,0.076943,-0.052279
0.026376,1.797189,0.746637,0.009155,-0.017926,0.702614,0.711287,0.210081,-0.014122,0.035101,0.747295,-0.182353,0.044038,-0.400310,0.018780,-0.205916,0.330006,0.068532,-0.040364,-0.086632,-0.013535,0.193865,-0.093044,0.152647,-0.328420,1.124508,-0.049170,-0.035495,0.197377,0.033284,-0.080532,0.257439,1.363254,0.146854,0.076919,-0.053490
0.026852,1.805807,0.747867,0.005670,-0.020324,0.702125,0.711741,0.185328,-0.001597,0.037070,0.806670,-0.144579,0.051228,-0.391727,0.029299,-0.206965,0.335841,0.053848,-0.047330,-0.085514,-0.002863,0.190918,-0.085921,0.148613,-0.326039,1.141003,-0.040846,-0.029818,0.198834,0.026531,-0.083331,0.257530,1.363795,0.146225,0.076595,-0.054847
0.027285,1.814247,0.749152,0.002478,-0.022518,0.701922,0.711894,0.159315,0.008997,0.035881,0.864880,-0.107645,0.057626,-0.381571,0.038694,-0.208439,0.338715,0.040635,-0.052220,-0.084266,0.007007,0.188444,-0.080263,0.144670,-0.325091,1.157626,-0.034423,-0.024116,0.199829,0.019612,-0.086597,0.259025,1.363404,0.147303,0.075612,-0.056087
0.027767,1.822477,0.750445,-0.000348,-0.024373,0.702068,0.711692,0.130591,0.016554,0.030163,0.924097,-0.068445,0.062993,-0.369834,0.046514,-0.210554,0.338360,0.029213,-0.054231,-0.082978,0.015711,0.186557,-0.076016,0.141110,-0.325543,1.173947,-0.029766,-0.017842,0.200478,0.012571,-0.090319,0.261638,1.361610,0.151747,0.073581,-0.057028
0.028210,1.830589,0.751791,-0.002803,-0.025987,0.702461,0.711242,0.099601,0.021522,0.021289,0.984364,-0.026793,0.067745,-0.356522,0.053315,-0.213068,0.335004,0.018255,-0.054360,-0.081623,0.023347,0.185299,-0.072586,0.137957,-0.326841,1.190021,-0.026048,-0.010935,0.200868,0.005336,-0.094409,0.265237,1.358696,0.158318,0.070801,-0.057784
0.028669,1.838555,0.753142,-0.004977,-0.027544,0.703049,0.710590,0.068698,0.025312,0.011510,1.042093,0.009583,0.071966,-0.341832,0.059737,-0.215885,0.329202,0.008032,-0.053848,-0.080110,0.030332,0.184562,-0.069960,0.135283,-0.329522,1.205882,-0.024373,-0.004501,0.200602,-0.002143,-0.098847,0.270610,1.355346,0.164169,0.067921,-0.058581
0.029122,1.846270,0.754466,-0.007032,-0.029285,0.703790,0.709769,0.040094,0.029718,0.002918,1.094045,0.032591,0.075920,-0.325968,0.066462,-0.218912,0.321547,-0.001173,-0.053856,-0.078363,0.037202,0.184248,-0.068105,0.133179,-0.334119,1.221502,-0.025843,0.000359,0.199287,-0.009893,-0.103641,0.278532,1.352192,0.166440,0.065603,-0.059647
0.029605,1.853838,0.755700,-0.009121,-0.031320,0.704834,0.708622,0.014089,0.035268,-0.004967,1.140193,0.037283,0.079453,-0.308667,0.073741,-0.222619,0.311429,-0.009035,-0.054486,-0.076661,0.044309,0.184249,-0.067437,0.131796,-0.341784,1.237378,-0.032209,0.003301,0.196394,-0.017904,-0.108785,0.289937,1.349180,0.163526,0.063726,-0.060945
0.030081,1.861477,0.756917,-0.011122,-0.033498,0.706168,0.707164,-0.010493,0.041042,-0.013042,1.182369,0.028629,0.082595,-0.289763,0.081155,-0.226853,0.298590,-0.015731,-0.055105,-0.075010,0.051246,0.184671,-0.067776,0.131162,-0.351887,1.253227,-0.042407,0.004974,0.192259,-0.026195,-0.114213,0.304168,1.345980,0.157231,0.062056,-0.062380
0.030579,1.868958,0.758119,-0.012783,-0.035682,0.707460,0.705737,-0.034066,0.047021,-0.019838,1.220717,0.013255,0.085993,-0.269908,0.088415,-0.230526,0.284488,-0.021726,-0.055774,-0.072814,0.057524,0.185719,-0.068268,0.131117,-0.362335,1.267964,-0.053382,0.005742,0.187796,-0.034856,-0.119837,0.319650,1.342862,0.149834,0.061073,-0.064111
0.031162,1.876435,0.759362,-0.013871,-0.037752,0.708377,0.704688,-0.056998,0.053295,-0.023880,1.255236,-0.002143,0.090323,-0.249774,0.095225,-0.232596,0.270636,-0.027505,-0.056592,-0.069499,0.062727,0.187575,-0.068088,0.131397,-0.370990,1.280579,-0.062019,0.005928,0.183950,-0.043962,-0.125577,0.334807,1.340129,0.143589,0.061248,-0.066300
0.031739,1.883775,0.760546,-0.014238,-0.039807,0.708814,0.704128,-0.079097,0.060395,-0.024428,1.285999,-0.017599,0.095972,-0.229162,0.101664,-0.232701,0.257228,-0.033119,-0.057799,-0.064615,0.066822,0.190516,-0.067617,0.131864,-0.378423,1.291446,-0.067796,0.005160,0.180762,-0.054009,-0.131540,0.351157,1.338645,0.138301,0.063438,-0.069628
0.032224,1.890845,0.761695,-0.014062,-0.041888,0.708956,0.703868,-0.100265,0.068277,-0.022468,1.313016,-0.036104,0.102497,-0.207817,0.107792,-0.231440,0.243543,-0.038348,-0.059254,-0.058607,0.070153,0.194340,-0.067153,0.132508,-0.385341,1.300918,-0.072233,0.003474,0.177829,-0.064820,-0.137734,0.368971,1.337992,0.133094,0.067163,-0.073780
0.032740,1.897879,0.762903,-0.013555,-0.043766,0.708912,0.703808,-0.120993,0.076201,-0.019067,1.336108,-0.055337,0.109351,-0.186419,0.113271,-0.229263,0.229892,-0.043352,-0.060514,-0.052203,0.072792,0.198500,-0.065959,0.133250,-0.389867,1.308562,-0.075313,0.001447,0.175444,-0.075506,-0.143962,0.384653,1.336750,0.129044,0.070836,-0.077500
0.033181,1.904880,0.764112,-0.012929,-0.045208,0.708792,0.703849,-0.141787,0.083392,-0.015206,1.355084,-0.072963,0.116025,-0.165603,0.117787,-0.226644,0.216471,-0.048227,-0.061157,-0.046081,0.074738,0.202387,-0.063338,0.133982,-0.390201,1.314031,-0.077039,-0.000301,0.173940,-0.085158,-0.149958,0.394571,1.333590,0.127233,0.072878,-0.079609
0.033631,1.911848,0.765299,-0.012179,-0.046094,0.708637,0.703961,-0.162924,0.089550,-0.010813,1.369674,-0.087851,0.122398,-0.145492,0.121080,-0.223689,0.203206,-0.052947,-0.060948,-0.040353,0.075712,0.205818,-0.059079,0.134612,-0.385729,1.317160,-0.076341,-0.001800,0.173727,-0.093544,-0.155615,0.397081,1.328391,0.128467,0.072365,-0.079621
0.033974,1.918922,0.766417,-0.011206,-0.046562,0.708385,0.704200,-0.184037,0.095099,-0.005369,1.380009,-0.101388,0.128681,-0.125698,0.123371,-0.220211,0.189878,-0.057428,-0.060156,-0.034606,0.075766,0.209055,-0.053658,0.135116,-0.377595,1.318381,-0.073646,-0.003328,0.174563,-0.101159,-0.160996,0.394220,1.322000,0.131923,0.070317,-0.078288
0.034317,1.926054,0.767521,-0.010124,-0.046817,0.707991,0.704595,-0.204691,0.100352,0.000824,1.386471,-0.114955,0.134874,-0.106418,0.125054,-0.216282,0.177191,-0.061965,-0.059127,-0.028764,0.075371,0.212173,-0.047321,0.135487,-0.366429,1.318159,-0.071021,-0.004645,0.175791,-0.108369,-0.166117,0.387954,1.314996,0.136321,0.067787,-0.076268
0.034550,1.933105,0.768530,-0.009023,-0.047038,0.707411,0.705178,-0.224448,0.105578,0.007427,1.389454,-0.129948,0.140954,-0.087716,0.126544,-0.211939,0.165573,-0.066789,-0.058214,-0.022767,0.074981,0.215246,-0.040307,0.135739,-0.352838,1.316946,-0.070529,-0.005516,0.176746,-0.115575,-0.170957,0.380241,1.307969,0.140339,0.065823,-0.074230
0.034743,1.940287,0.769375,-0.007937,-0.047227,0.706583,0.706008,-0.243182,0.111046,0.014909,1.388859,-0.147695,0.147125,-0.069615,0.127921,-0.207016,0.154969,-0.071798,-0.057448,-0.016498,0.074592,0.218107,-0.032197,0.135815,-0.335624,1.314266,-0.072758,-0.005547,0.177120,-0.122641,-0.175452,0.370521,1.300883,0.143796,0.064746,-0.072211
0.034873,1.947389,0.770108,-0.006807,-0.047293,0.705548,0.707049,-0.261061,0.116453,0.023277,1.384488,-0.167115,0.153180,-0.052083,0.128970,-0.201575,0.145234,-0.076952,-0.056673,-0.010093,0.073984,0.220771,-0.022990,0.135649,-0.314822,1.310070,-0.076566,-0.004976,0.177290,-0.129543,-0.179576,0.358211,1.293632,0.147388,0.063983,-0.069905
0.035052,1.954533,0.770768,-0.005629,-0.047343,0.704417,0.708184,-0.278156,0.121215,0.031516,1.376587,-0.185986,0.158535,-0.035146,0.129656,-0.195983,0.136748,-0.082602,-0.055959,-0.003857,0.073283,0.223580,-0.013529,0.135306,-0.293007,1.305406,-0.081537,-0.004511,0.177631,-0.136792,-0.183383,0.345136,1.286595,0.151016,0.063240,-0.067477
0.035183,1.961682,0.771295,-0.004370,-0.047451,0.703301,0.709294,-0.294578,0.124800,0.038635,1.365409,-0.202066,0.162701,-0.018793,0.129966,-0.190608,0.129824,-0.089067,-0.055373,0.001911,0.072645,0.226915,-0.004586,0.134954,-0.272803,1.301217,-0.087275,-0.004862,0.178509,-0.144834,-0.186942,0.333186,1.280013,0.154657,0.062227,-0.065081
0.035257,1.968658,0.771711,-0.002974,-0.047671,0.702245,0.710331,-0.310428,0.126907,0.044424,1.351085,-0.215181,0.166103,-0.002842,0.129784,-0.185593,0.124424,-0.096450,-0.054794,0.007107,0.072054,0.231118,0.003781,0.134723,-0.254325,1.297517,-0.094699,-0.006535,0.179961,-0.153792,-0.190309,0.322343,1.273844,0.158615,0.060837,-0.062493
0.035310,1.975606,0.772087,-0.001455,-0.047936,0.701189,0.711361,-0.325614,0.127868,0.049455,1.333437,-0.226373,0.168859,0.012582,0.129162,-0.180758,0.120560,-0.104657,-0.054242,0.011925,0.071450,0.235947,0.012044,0.134605,-0.236445,1.293731,-0.103717,-0.009044,0.181760,-0.163367,-0.193479,0.311767,1.267871,0.162830,0.059248,-0.059689
0.035323,1.982428,0.772354,0.000035,-0.048222,0.700078,0.712436,-0.339953,0.128182,0.053926,1.312255,-0.235223,0.170096,0.026060,0.128162,-0.176088,0.120711,-0.114810,-0.053973,0.016502,0.070912,0.240896,0.020258,0.134606,-0.219791,1.289918,-0.112337,-0.011617,0.183903,-0.173355,-0.196462,0.302049,1.262078,0.166637,0.057575,-0.057153
0.035341,1.989285,0.772551,0.001360,-0.048490,0.698858,0.713613,-0.353295,0.128369,0.058030,1.287348,-0.241300,0.168963,0.039162,0.127406,-0.171177,0.120940,-0.124637,-0.054274,0.020982,0.070518,0.245462,0.028456,0.134750,-0.205042,1.286137,-0.118606,-0.013473,0.186410,-0.183532,-0.199276,0.293775,1.256421,0.169381,0.055931,-0.055368
0.035366,1.996253,0.772668,0.002518,-0.048749,0.697511,0.714909,-0.365608,0.128301,0.061487,1.258392,-0.244191,0.164473,0.051871,0.126977,-0.165871,0.121267,-0.133941,-0.055552,0.025384,0.070298,0.249633,0.036602,0.135123,-0.192494,1.282395,-0.121866,-0.014385,0.189507,-0.193881,-0.201967,0.287313,1.250771,0.170604,0.054299,-0.054689
0.035300,2.003286,0.772714,0.003572,-0.049012,0.696067,0.716293,-0.376956,0.127830,0.064306,1.225552,-0.244206,0.157415,0.064298,0.126688,-0.160277,0.121703,-0.142877,-0.057537,0.029648,0.070195,0.253663,0.044709,0.135753,-0.181751,1.278634,-0.123204,-0.014770,0.193116,-0.204453,-0.204525,0.282267,1.245098,0.170759,0.052632,-0.054774
0.035343,2.010256,0.772632,0.004493,-0.049234,0.694544,0.717749,-0.387286,0.127450,0.067096,1.189308,-0.241986,0.149555,0.076164,0.126394,-0.154644,0.122718,-0.152085,-0.059474,0.033792,0.070160,0.257416,0.052825,0.136577,-0.172426,1.274860,-0.123272,-0.014795,0.196824,-0.215131,-0.206897,0.278051,1.239538,0.170511,0.050986,-0.055086
0.035344,2.017243,0.772427,0.005256,-0.049359,0.692963,0.719263,-0.396585,0.127622,0.070483,1.150179,-0.238211,0.142613,0.086813,0.125905,-0.149281,0.125525,-0.162559,-0.060609,0.037841,0.070157,0.260741,0.060970,0.137484,-0.164109,1.271108,-0.122697,-0.014632,0.200233,-0.225836,-0.209006,0.274107,1.234278,0.170559,0.049425,-0.055098
0.035325,2.024238,0.772131,0.005845,-0.049344,0.691317,0.720841,-0.405060,0.128206,0.074316,1.108155,-0.233045,0.137027,0.097151,0.125329,-0.144356,0.127958,-0.173309,-0.060565,0.041758,0.070124,0.263539,0.069036,0.138470,-0.157068,1.267445,-0.121088,-0.014145,0.203648,-0.236847,-0.210796,0.270571,1.229659,0.171054,0.047943,-0.054683
0.035304,2.031382,0.771772,0.006271,-0.049224,0.689598,0.722490,-0.412642,0.129005,0.078355,1.063010,-0.226170,0.131864,0.106962,0.124681,-0.139713,0.130581,-0.184395,-0.059800,0.045544,0.070105,0.265917,0.077025,0.139611,-0.151370,1.263819,-0.118286,-0.013289,0.207136,-0.248082,-0.212341,0.267658,1.225420,0.171664,0.046525,-0.054106
0.035298,2.038375,0.771279,0.006553,-0.049056,0.687818,0.724194,-0.418920,0.130343,0.083111,1.014892,-0.217517,0.126731,0.116419,0.124089,-0.134876,0.133473,-0.195697,-0.058864,0.049259,0.070188,0.267935,0.085060,0.140790,-0.146334,1.260308,-0.115274,-0.012418,0.210048,-0.259123,-0.213591,0.264868,1.221216,0.172224,0.045161,-0.053514
0.035209,2.045451,0.770681,0.006691,-0.048919,0.685992,0.725932,-0.423491,0.132480,0.089117,0.963905,-0.207027,0.121207,0.125585,0.123676,-0.129383,0.136942,-0.207207,-0.058319,0.052911,0.070504,0.269609,0.093220,0.141734,-0.141263,1.257099,-0.113012,-0.011911,0.211809,-0.269643,-0.214428,0.261718,1.216864,0.172526,0.043829,-0.053110
0.035099,2.052615,0.770019,0.006702,-0.048807,0.684130,0.727694,-0.426108,0.135506,0.096772,0.909384,-0.194794,0.115407,0.134312,0.123453,-0.122911,0.141391,-0.219127,-0.058533,0.056429,0.071013,0.271076,0.101559,0.142534,-0.136060,1.254125,-0.111732,-0.012002,0.211990,-0.279602,-0.214994,0.258203,1.212112,0.172577,0.042498,-0.052893
0.035023,2.059794,0.769258,0.006588,-0.048675,0.682226,0.729490,-0.427038,0.139060,0.105761,0.851450,-0.180795,0.109368,0.142588,0.123377,-0.115782,0.146615,-0.231423,-0.059161,0.059858,0.071819,0.272116,0.109908,0.142902,-0.131322,1.251565,-0.111009,-0.012437,0.211231,-0.289284,-0.215195,0.254501,1.207485,0.172400,0.041151,-0.052916
0.034859,2.067146,0.768453,0.006331,-0.048544,0.680271,0.731324,-0.426676,0.142733,0.115523,0.791347,-0.164634,0.102567,0.150899,0.123468,-0.108454,0.151548,-0.243499,-0.059685,0.063158,0.072734,0.272865,0.118347,0.143186,-0.126292,1.249124,-0.110420,-0.012925,0.209675,-0.298377,-0.215159,0.250656,1.202512,0.172143,0.039948,-0.052892
0.034730,2.074624,0.767558,0.005901,-0.048445,0.678254,0.733205,-0.425444,0.146228,0.125428,0.730256,-0.145897,0.094562,0.159692,0.123735,-0.101394,0.155183,-0.254785,-0.059572,0.066526,0.073850,0.273079,0.126928,0.143270,-0.121108,1.246727,-0.109972,-0.013063,0.207903,-0.306668,-0.214740,0.246652,1.197360,0.171967,0.038969,-0.052837
0.034537,2.082196,0.766575,0.005298,-0.048385,0.676139,0.735165,-0.422910,0.150230,0.136529,0.667073,-0.123111,0.084997,0.169167,0.124159,-0.094710,0.157069,-0.265054,-0.058523,0.069970,0.075152,0.272662,0.135776,0.143048,-0.115685,1.244329,-0.109707,-0.012746,0.205891,-0.314285,-0.213717,0.242307,1.192245,0.171886,0.038447,-0.052804
0.034349,2.089845,0.765480,0.004529,-0.048347,0.673944,0.737185,-0.419098,0.154458,0.148643,0.601536,-0.096868,0.074151,0.179071,0.124714,-0.088177,0.157760,-0.274613,-0.056864,0.073375,0.076609,0.271647,0.144848,0.142490,-0.110082,1.242024,-0.109663,-0.012171,0.203504,-0.321434,-0.212098,0.237736,1.187302,0.171806,0.038243,-0.052873
0.034142,2.097578,0.764322,0.003593,-0.048316,0.671733,0.739208,-0.415035,0.157617,0.159143,0.535958,-0.069907,0.062756,0.189081,0.125404,-0.081751,0.157932,-0.283776,-0.055002,0.076661,0.078255,0.270161,0.153891,0.141692,-0.104267,1.239932,-0.109636,-0.011458,0.200977,-0.327951,-0.210138,0.233343,1.182263,0.171671,0.037906,-0.052950
0.033837,2.105332,0.763081,0.002451,-0.048326,0.669565,0.741176,-0.411703,0.158942,0.165384,0.472656,-0.045084,0.051799,0.198979,0.126293,-0.075356,0.158081,-0.292766,-0.053362,0.079668,0.080081,0.268302,0.162712,0.140717,-0.098091,1.238191,-0.109371,-0.010729,0.198592,-0.333864,-0.207941,0.229652,1.177124,0.171410,0.036956,-0.053008
0.033547,2.113179,0.761779,0.000990,-0.048380,0.667423,0.743105,-0.409424,0.158772,0.166089,0.411120,-0.022411,0.042022,0.208680,0.127683,-0.068905,0.158054,-0.301597,-0.052188,0.082428,0.082283,0.265895,0.171354,0.139526,-0.091363,1.236851,-0.108807,-0.010035,0.196302,-0.339078,-0.205518,0.226711,1.171830,0.171064,0.035015,-0.052999
0.033229,2.121049,0.760359,-0.000747,-0.048488,0.665272,0.745024,-0.407517,0.158284,0.162695,0.350351,-0.000769,0.033229,0.218400,0.129511,-0.062407,0.157542,-0.310088,-0.051232,0.085014,0.084842,0.262967,0.179892,0.138085,-0.084201,1.235835,-0.108072,-0.009304,0.193992,-0.343597,-0.202853,0.224299,1.166351,0.170655,0.032450,-0.052949
0.032942,2.128992,0.758856,-0.002549,-0.048687,0.663130,0.746914,-0.405245,0.158000,0.156744,0.291639,0.018789,0.024915,0.228306,0.131374,-0.055900,0.156999,-0.318280,-0.050199,0.087444,0.087526,0.259963,0.188184,0.136466,-0.076998,1.235059,-0.107202,-0.008475,0.191830,-0.347528,-0.199994,0.222423,1.160745,0.170085,0.029820,-0.052907
0.032725,2.136976,0.757251,-0.004196,-0.049036,0.660991,0.748778,-0.401724,0.158141,0.149927,0.235991,0.035472,0.016340,0.238750,0.132958,-0.049350,0.156610,-0.326076,-0.048804,0.089802,0.090188,0.257364,0.196121,0.134791,-0.070163,1.234408,-0.106246,-0.007479,0.189963,-0.350869,-0.197031,0.221046,1.154863,0.169210,0.027789,-0.052914
0.032499,2.145054,0.755506,-0.005795,-0.049705,0.658720,0.750722,-0.396216,0.158719,0.141225,0.181300,0.049447,0.006908,0.250219,0.134639,-0.042412,0.155626,-0.333221,-0.047062,0.092322,0.093225,0.255249,0.203899,0.133092,-0.063694,1.233715,-0.105338,-0.006302,0.188383,-0.353652,-0.194014,0.220181,1.148467,0.168153,0.026714,-0.052921
0.032103,2.153289,0.753594,-0.007677,-0.051034,0.656127,0.752884,-0.396577,0.162033,0.129072,0.143733,0.052521,-0.002982,0.263125,0.137548,-0.034515,0.153466,-0.339484,-0.045259,0.095445,0.097637,0.253493,0.211610,0.131315,-0.057490,1.233024,-0.104442,-0.004968,0.187002,-0.355791,-0.190958,0.219806,1.141656,0.166915,0.026213,-0.052879
0.031630,2.161657,0.751589,-0.009574,-0.052716,0.653495,0.755032,-0.403466,0.167335,0.116460,0.126437,0.044876,-0.012540,0.276580,0.140750,-0.026355,0.151849,-0.345449,-0.043237,0.098773,0.102557,0.252131,0.218807,0.129524,-0.051764,1.232618,-0.103324,-0.003478,0.185851,-0.357141,-0.187915,0.219872,1.134745,0.165281,0.025794,-0.052864
0.031176,2.169887,0.749743,-0.010826,-0.054036,0.651288,0.756827,-0.407909,0.171390,0.108304,0.112017,0.037693,-0.021048,0.289343,0.142175,-0.019188,0.152478,-0.351527,-0.040738,0.101576,0.105962,0.251263,0.224963,0.127868,-0.046756,1.232792,-0.101770,-0.001830,0.184945,-0.357454,-0.184926,0.220174,1.127936,0.162913,0.024961,-0.052945
0.030736,2.178179,0.747996,-0.011448,-0.055278,0.649451,0.758305,-0.414774,0.175279,0.105189,0.112074,0.023349,-0.030257,0.302136,0.142268,-0.012751,0.154858,-0.357806,-0.037778,0.104030,0.108295,0.251230,0.230096,0.126465,-0.042595,1.233600,-0.099543,0.000057,0.184162,-0.356610,-0.182009,0.220593,1.121035,0.159481,0.023619,-0.053069
0.030299,2.186502,0.746292,-0.011644,-0.056486,0.647909,0.759531,-0.418033,0.178263,0.106337,0.112201,0.009151,-0.040079,0.314885,0.141377,-0.006933,0.158721,-0.364225,-0.034385,0.106226,0.109890,0.251798,0.234367,0.125335,-0.039171,1.234902,-0.096842,0.002159,0.183505,-0.354648,-0.179152,0.221130,1.113889,0.155189,0.022017,-0.053212
0.029937,2.194845,0.744688,-0.011510,-0.057101,0.646880,0.760364,-0.418931,0.179101,0.109622,0.112317,-0.001067,-0.047406,0.325702,0.138910,-0.002613,0.165700,-0.370895,-0.030476,0.107774,0.110027,0.252169,0.237575,0.124478,-0.036354,1.236653,-0.094110,0.004332,0.183169,-0.351717,-0.176392,0.222051,1.106914,0.150782,0.020195,-0.053478
0.029608,2.203240,0.743257,-0.011082,-0.056523,0.646587,0.760662,-0.418656,0.176422,0.112829,0.112295,-0.003399,-0.049140,0.332750,0.134183,-0.000686,0.177358,-0.377881,-0.025961,0.108266,0.107861,0.251579,0.239517,0.123873,-0.033996,1.238815,-0.091783,0.006429,0.183356,-0.347992,-0.173809,0.223650,1.100557,0.147013,0.018187,-0.053971
0.029330,2.211703,0.742037,-0.010126,-0.054596,0.647194,0.760301,-0.416094,0.169302,0.116189,0.112168,0.002763,-0.043450,0.336308,0.126628,-0.001674,0.193420,-0.385635,-0.020797,0.107385,0.102865,0.250134,0.240001,0.123566,-0.032321,1.241695,-0.089873,0.008395,0.184256,-0.343382,-0.171435,0.226090,1.094776,0.144187,0.015755,-0.054869
0.029083,2.220039,0.741127,-0.008568,-0.051554,0.648528,0.759395,-0.411055,0.158257,0.120682,0.111946,0.015573,-0.032400,0.337238,0.116389,-0.004938,0.213063,-0.393795,-0.015027,0.105471,0.095299,0.248206,0.239181,0.123571,-0.031327,1.245200,-0.088195,0.010319,0.185713,-0.337851,-0.169255,0.229188,1.089424,0.141875,0.012942,-0.056048
0.028579,2.227925,0.740795,-0.006713,-0.047385,0.650292,0.758175,-0.406078,0.144269,0.125276,0.111512,0.035183,-0.018693,0.334740,0.103873,-0.009505,0.236704,-0.401138,-0.008709,0.103104,0.085532,0.245387,0.237366,0.123759,-0.030509,1.248715,-0.086847,0.012259,0.187401,-0.331610,-0.167275,0.232744,1.084638,0.139729,0.010298,-0.057170
0.028008,2.236073,0.740490,-0.005158,-0.042264,0.652119,0.756920,-0.409498,0.129919,0.128083,0.122913,0.055282,-0.005053,0.327682,0.090238,-0.014138,0.265642,-0.406976,-0.001935,0.100955,0.074701,0.241112,0.234881,0.123922,-0.029334,1.251635,-0.085915,0.014261,0.189027,-0.324925,-0.165501,0.236588,1.080646,0.137375,0.008330,-0.057898
0.027280,2.244260,0.740443,-0.004191,-0.035338,0.654010,0.755648,-0.430122,0.115473,0.128637,0.159600,0.074977,0.009774,0.313902,0.074549,-0.018598,0.300385,-0.411858,0.005902,0.098941,0.061928,0.234176,0.231585,0.123894,-0.027232,1.253606,-0.085302,0.016584,0.190654,-0.318103,-0.164142,0.241260,1.077165,0.135168,0.007110,-0.058031
0.026613,2.252591,0.740547,-0.003500,-0.026865,0.656009,0.754267,-0.453830,0.099307,0.129879,0.196068,0.105664,0.026812,0.295123,0.056728,-0.022902,0.339269,-0.415386,0.014580,0.097059,0.047303,0.225215,0.227325,0.123711,-0.024872,1.255068,-0.085049,0.019115,0.192441,-0.310859,-0.163386,0.246518,1.074114,0.133149,0.006401,-0.057723
0.026023,2.260965,0.740736,-0.002621,-0.018517,0.657949,0.752830,-0.475641,0.083243,0.132013,0.230719,0.135842,0.042861,0.275885,0.038833,-0.026641,0.380094,-0.415241,0.022717,0.095217,0.032727,0.216453,0.222776,0.123351,-0.022705,1.256352,-0.085208,0.021333,0.194180,-0.302968,-0.162668,0.251745,1.072397,0.130549,0.006234,-0.057330
0.025500,2.269449,0.740939,-0.001049,-0.011874,0.659775,0.751368,-0.490585,0.068525,0.134382,0.261825,0.154019,0.054571,0.260262,0.022641,-0.029860,0.421348,-0.409464,0.028894,0.093470,0.019895,0.210011,0.218434,0.122817,-0.021476,1.257917,-0.085908,0.022713,0.195735,-0.294107,-0.161477,0.256032,1.072906,0.126527,0.006627,-0.057203
0.025021,2.278040,0.741168,0.001586,-0.007250,0.661511,0.749899,-0.497716,0.054908,0.136084,0.290895,0.154644,0.060398,0.249736,0.008064,-0.032351,0.462752,-0.397621,0.033473,0.092271,0.008617,0.206381,0.214359,0.122347,-0.022024,1.260231,-0.087935,0.022805,0.197335,-0.283891,-0.159331,0.258609,1.076207,0.120012,0.007572,-0.057476
0.024631,2.286964,0.741551,0.004996,-0.003688,0.663285,0.748342,-0.500168,0.041573,0.136977,0.319437,0.144002,0.062329,0.241580,-0.006123,-0.034461,0.505471,-0.380983,0.036733,0.091564,-0.002257,0.204332,0.210123,0.122219,-0.023987,1.263042,-0.091080,0.022006,0.198871,-0.272349,-0.156543,0.259796,1.081495,0.111685,0.009058,-0.057896
0.024284,2.296129,0.742148,0.008721,-0.000849,0.665214,0.746601,-0.499141,0.028651,0.137177,0.345720,0.128417,0.061959,0.233465,-0.019905,-0.037246,0.550504,-0.360220,0.037169,0.090774,-0.012600,0.203298,0.205467,0.122375,-0.026421,1.265893,-0.093977,0.020989,0.199972,-0.260149,-0.153155,0.259944,1.088247,0.102918,0.011035,-0.058399
0.024018,2.305378,0.742929,0.012274,0.001542,0.667383,0.744612,-0.495521,0.016219,0.136955,0.367311,0.114530,0.060868,0.223428,-0.033086,-0.041779,0.598363,-0.335778,0.033440,0.089433,-0.022094,0.202764,0.200203,0.122707,-0.028504,1.268108,-0.095301,0.020587,0.200312,-0.247930,-0.149330,0.259310,1.095987,0.095043,0.013419,-0.058908
0.023790,2.314515,0.743870,0.015633,0.003263,0.670033,0.742160,-0.488384,0.003954,0.135945,0.382327,0.103895,0.058308,0.211898,-0.045421,-0.049761,0.649422,-0.306180,0.023923,0.087299,-0.030296,0.202977,0.193996,0.123164,-0.030187,1.269937,-0.094019,0.021267,0.199787,-0.235161,-0.145054,0.257302,1.104580,0.087701,0.016442,-0.059728
0.023654,2.323411,0.744894,0.019008,0.004242,0.673039,0.739351,-0.477531,-0.008156,0.134115,0.392193,0.093205,0.053723,0.199893,-0.057329,-0.060569,0.702922,-0.271474,0.009689,0.084673,-0.037433,0.204087,0.187039,0.123736,-0.031890,1.271602,-0.091055,0.022530,0.198595,-0.221754,-0.140284,0.253971,1.114279,0.080397,0.020057,-0.060786
0.023537,2.332063,0.745996,0.022250,0.004931,0.675916,0.736627,-0.464731,-0.019644,0.132274,0.398894,0.082058,0.048981,0.186317,-0.069315,-0.071678,0.757814,-0.234388,-0.006410,0.081914,-0.044025,0.205513,0.179863,0.124338,-0.033461,1.272568,-0.087990,0.023593,0.196876,-0.208969,-0.135253,0.250702,1.125038,0.074413,0.023850,-0.061457
0.023366,2.340574,0.747172,0.025183,0.005755,0.678187,0.734436,-0.451857,-0.030050,0.131236,0.404582,0.069964,0.045959,0.169956,-0.081618,-0.080266,0.813298,-0.197763,-0.021424,0.079324,-0.050473,0.206704,0.173017,0.124796,-0.034661,1.272249,-0.086385,0.023679,0.194779,-0.197969,-0.130329,0.248985,1.136737,0.071063,0.027418,-0.061102
0.023005,2.348929,0.748365,0.027663,0.006713,0.679760,0.732882,-0.439234,-0.039193,0.130996,0.409513,0.056271,0.045348,0.149491,-0.094001,-0.085560,0.871406,-0.159971,-0.035232,0.076999,-0.056441,0.207531,0.166703,0.124908,-0.035147,1.270180,-0.086311,0.022759,0.191852,-0.188896,-0.125846,0.249368,1.149618,0.071749,0.030678,-0.059352
0.022550,2.357294,0.749613,0.029807,0.007588,0.680885,0.731744,-0.425905,-0.047456,0.131204,0.412510,0.041490,0.046103,0.125819,-0.106333,-0.089049,0.931968,-0.120245,-0.049151,0.074715,-0.061617,0.208358,0.160606,0.124590,-0.035085,1.266742,-0.087019,0.021187,0.188211,-0.181039,-0.121844,0.251134,1.163482,0.075476,0.033874,-0.056589
0.021950,2.365628,0.750833,0.031826,0.008476,0.681600,0.730984,-0.411915,-0.055196,0.132119,0.413734,0.026756,0.047477,0.100917,-0.118662,-0.090977,0.991155,-0.082955,-0.062232,0.072291,-0.066469,0.209342,0.154545,0.123917,-0.034969,1.262572,-0.088833,0.018800,0.184852,-0.174375,-0.118273,0.253932,1.177738,0.080013,0.037045,-0.053322
0.021305,2.373796,0.752009,0.033942,0.009489,0.681956,0.730544,-0.397375,-0.062725,0.133962,0.413440,0.013211,0.048690,0.076571,-0.130927,-0.091497,1.045555,-0.052735,-0.073461,0.069529,-0.071511,0.210629,0.148261,0.123031,-0.035289,1.258505,-0.092082,0.015300,0.182729,-0.168821,-0.114985,0.257376,1.191631,0.083090,0.040297,-0.050047
0.020614,2.381697,0.753063,0.036231,0.010751,0.681784,0.730577,-0.382141,-0.070040,0.137368,0.411264,0.001155,0.049664,0.052750,-0.143252,-0.089977,1.094984,-0.029647,-0.081856,0.066665,-0.077118,0.212240,0.141871,0.121970,-0.036002,1.254383,-0.097862,0.010076,0.181974,-0.164843,-0.111914,0.261850,1.205666,0.084603,0.043494,-0.046624
0.019902,2.389503,0.754124,0.038546,0.012149,0.681110,0.731065,-0.366184,-0.076982,0.141997,0.407173,-0.010010,0.050755,0.028486,-0.155205,-0.086305,1.141420,-0.011794,-0.087958,0.063736,-0.082929,0.214094,0.135457,0.120726,-0.036894,1.249899,-0.105682,0.003436,0.182062,-0.162348,-0.109052,0.267387,1.220027,0.085580,0.046644,-0.042880
0.019320,2.397218,0.755260,0.040788,0.013461,0.680261,0.731711,-0.349811,-0.083550,0.146668,0.401999,-0.020577,0.051804,0.004268,-0.165885,-0.081415,1.184512,-0.000981,-0.092971,0.060319,-0.088460,0.216130,0.128830,0.119459,-0.038215,1.245418,-0.113458,-0.003376,0.182993,-0.160514,-0.106391,0.273017,1.233706,0.085430,0.049974,-0.039261
0.018785,2.404908,0.756473,0.042840,0.014443,0.679565,0.732221,-0.333337,-0.089714,0.150228,0.396629,-0.030866,0.052667,-0.019376,-0.174458,-0.076321,1.223870,0.000989,-0.098089,0.056090,-0.093262,0.218300,0.121736,0.118417,-0.040340,1.241343,-0.119168,-0.009108,0.184775,-0.158453,-0.103908,0.277683,1.245628,0.083566,0.053701,-0.036188
0.018207,2.412490,0.757687,0.044685,0.015077,0.678998,0.732624,-0.316769,-0.095386,0.152659,0.391081,-0.040976,0.053296,-0.042444,-0.179984,-0.070386,1.259592,-0.010593,-0.103436,0.051024,-0.097356,0.220618,0.114208,0.117764,-0.043619,1.237537,-0.122535,-0.013650,0.187842,-0.156219,-0.101582,0.281445,1.255512,0.079065,0.058255,-0.033606
0.017746,2.419861,0.758808,0.046370,0.015471,0.678417,0.733049,-0.299994,-0.100562,0.154527,0.385036,-0.050782,0.053796,-0.065217,-0.182855,-0.063412,1.292017,-0.033420,-0.108207,0.045403,-0.100993,0.223110,0.106302,0.117484,-0.047886,1.233872,-0.124601,-0.017587,0.192009,-0.154113,-0.099372,0.284650,1.263835,0.072503,0.063386,-0.031292
0.017311,2.427096,0.759856,0.047898,0.015595,0.677978,0.733354,-0.283140,-0.105313,0.155571,0.378876,-0.060247,0.054245,-0.087567,-0.184486,-0.057124,1.321010,-0.058732,-0.112349,0.039332,-0.104134,0.225717,0.097813,0.117565,-0.052706,1.230801,-0.125302,-0.020700,0.196399,-0.151658,-0.097264,0.286612,1.270739,0.065438,0.068291,-0.029440
0.016989,2.434264,0.760873,0.049274,0.015420,0.677837,0.733397,-0.266278,-0.109703,0.155503,0.372876,-0.069295,0.054692,-0.109344,-0.186456,-0.053221,1.346337,-0.077751,-0.115839,0.032964,-0.106706,0.228398,0.088519,0.117992,-0.057708,1.228770,-0.124593,-0.022753,0.200127,-0.148302,-0.095226,0.286620,1.276285,0.059454,0.072188,-0.028248
0.016792,2.441339,0.761856,0.050432,0.014901,0.678088,0.733097,-0.249620,-0.113572,0.154032,0.367367,-0.077896,0.055022,-0.130590,-0.189699,-0.052898,1.367871,-0.087608,-0.118361,0.026152,-0.108623,0.231125,0.078243,0.118764,-0.062685,1.228066,-0.121601,-0.023211,0.203228,-0.143773,-0.093173,0.284190,1.280189,0.053816,0.074954,-0.028045
0.016611,2.448510,0.762825,0.051414,0.014084,0.678628,0.732545,-0.233029,-0.116909,0.151402,0.362121,-0.086107,0.055233,-0.151323,-0.193436,-0.055046,1.385720,-0.093138,-0.120125,0.018893,-0.109996,0.233920,0.067148,0.119881,-0.067935,1.228418,-0.116661,-0.022334,0.206083,-0.138407,-0.091075,0.279784,1.282546,0.048070,0.076985,-0.028654
0.016400,2.455738,0.763822,0.052335,0.013029,0.679330,0.731848,-0.216101,-0.119966,0.148112,0.356632,-0.093976,0.055501,-0.171422,-0.196709,-0.057927,1.399977,-0.097104,-0.121937,0.011539,-0.111046,0.236830,0.055500,0.121325,-0.073819,1.229488,-0.111511,-0.021120,0.208327,-0.132571,-0.089043,0.274094,1.283983,0.044189,0.078264,-0.029541
0.016263,2.462838,0.764749,0.053340,0.011829,0.680061,0.731117,-0.198441,-0.122990,0.144648,0.350373,-0.101541,0.055992,-0.190765,-0.198444,-0.059796,1.410663,-0.102228,-0.124519,0.004450,-0.111953,0.239908,0.043573,0.123064,-0.080707,1.230908,-0.107902,-0.020573,0.209607,-0.126592,-0.087293,0.267799,1.285065,0.044133,0.078774,-0.030163
0.016202,2.469946,0.765691,0.054482,0.010424,0.680895,0.730278,-0.179829,-0.126082,0.140839,0.343231,-0.108746,0.056677,-0.209279,-0.198428,-0.060502,1.417830,-0.108906,-0.128598,-0.002514,-0.112695,0.243325,0.031208,0.125087,-0.088971,1.233003,-0.106427,-0.021150,0.209533,-0.120518,-0.086005,0.261304,1.285840,0.046836,0.079709,-0.029854
0.015947,2.476867,0.766680,0.055699,0.008812,0.681862,0.729304,-0.160512,-0.129036,0.136511,0.335480,-0.115597,0.057426,-0.227052,-0.197168,-0.060878,1.421414,-0.115754,-0.133551,-0.009438,-0.113147,0.247044,0.018320,0.127338,-0.098382,1.235823,-0.106110,-0.022260,0.208370,-0.114058,-0.085180,0.254162,1.285851,0.051805,0.080689,-0.029033
0.015680,2.484070,0.767686,0.056891,0.007098,0.682762,0.728388,-0.140787,-0.131651,0.132144,0.327246,-0.122276,0.058264,-0.244182,-0.194615,-0.060644,1.421277,-0.122835,-0.138048,-0.015891,-0.113328,0.250792,0.005308,0.129699,-0.108378,1.238566,-0.106346,-0.023338,0.206779,-0.107057,-0.084746,0.245818,1.284948,0.061882,0.079330,-0.028779
0.015448,2.491231,0.768615,0.057969,0.005397,0.683398,0.727721,-0.120922,-0.133779,0.128229,0.318578,-0.128940,0.059246,-0.260767,-0.190720,-0.059534,1.417289,-0.130222,-0.140764,-0.021478,-0.113247,0.254283,-0.007431,0.132052,-0.118338,1.240442,-0.106508,-0.023828,0.205443,-0.099421,-0.084609,0.235751,1.283074,0.079907,0.073210,-0.030112
0.015279,2.498529,0.769542,0.058942,0.003677,0.683690,0.727379,-0.100772,-0.135355,0.124863,0.309441,-0.135724,0.060385,-0.276684,-0.185200,-0.057283,1.409243,-0.138563,-0.141394,-0.026037,-0.112822,0.257451,-0.019854,0.134370,-0.128441,1.241471,-0.106630,-0.023451,0.204450,-0.090818,-0.084725,0.223587,1.280578,0.112259,0.058617,-0.033513
0.015178,2.505748,0.770374,0.059855,0.001898,0.683755,0.727250,-0.080220,-0.136504,0.121809,0.299757,-0.142496,0.061639,-0.291876,-0.178212,-0.054107,1.397258,-0.147629,-0.140666,-0.029807,-0.112071,0.260444,-0.032156,0.136664,-0.138891,1.242017,-0.106965,-0.022549,0.203495,-0.081351,-0.085055,0.209702,1.277381,0.155469,0.037693,-0.037703
0.015087,2.512835,0.771093,0.060677,0.000167,0.683686,0.727250,-0.059693,-0.137376,0.119080,0.289682,-0.149050,0.063009,-0.306470,-0.170376,-0.050493,1.381572,-0.156135,-0.138830,-0.033047,-0.111146,0.263289,-0.044285,0.138884,-0.149035,1.241786,-0.107194,-0.021507,0.202691,-0.071678,-0.085500,0.194727,1.272864,0.197652,0.016883,-0.041536
0.014956,2.519855,0.771674,0.061351,-0.001434,0.683578,0.727293,-0.039594,-0.138122,0.116680,0.279353,-0.155189,0.064514,-0.320626,-0.162319,-0.046910,1.362472,-0.162828,-0.136117,-0.036067,-0.110180,0.266016,-0.056175,0.140951,-0.158147,1.240465,-0.106974,-0.020704,0.202157,-0.062550,-0.085929,0.179299,1.266459,0.227008,0.002802,-0.044826
0.014787,2.526863,0.772155,0.061857,-0.002859,0.683366,0.727445,-0.019978,-0.138809,0.114883,0.268570,-0.160688,0.066368,-0.334675,-0.153787,-0.042928,1.339887,-0.167363,-0.132337,-0.038832,-0.109171,0.268620,-0.067843,0.142797,-0.165667,1.237916,-0.106166,-0.020079,0.201915,-0.054062,-0.086296,0.162179,1.257238,0.239244,-0.002368,-0.048375
0.014667,2.533916,0.772525,0.062233,-0.004157,0.683032,0.727721,-0.000635,-0.139398,0.113603,0.257331,-0.165714,0.068512,-0.348362,-0.144654,-0.038456,1.313689,-0.170453,-0.127496,-0.041237,-0.108049,0.271079,-0.079359,0.144461,-0.172066,1.234385,-0.104954,-0.019487,0.201941,-0.045930,-0.086627,0.143477,1.245849,0.241081,-0.002209,-0.052527
0.014494,2.541008,0.772857,0.062500,-0.005398,0.682740,0.727964,0.018415,-0.139861,0.112304,0.246090,-0.170630,0.070563,-0.360981,-0.135672,-0.034478,1.283975,-0.172373,-0.122082,-0.043519,-0.106914,0.273369,-0.090667,0.146077,-0.178060,1.230105,-0.103419,-0.019193,0.202279,-0.038415,-0.087020,0.125959,1.234186,0.237385,0.001263,-0.056851
0.014355,2.548068,0.773168,0.062688,-0.006630,0.682654,0.728018,0.037129,-0.140134,0.110457,0.235314,-0.175797,0.072147,-0.371888,-0.127588,-0.032000,1.250864,-0.173404,-0.116598,-0.045997,-0.105889,0.275472,-0.101657,0.147825,-0.184304,1.225232,-0.101664,-0.019458,0.202945,-0.031794,-0.087632,0.112510,1.224134,0.233030,0.005997,-0.060865
0.014287,2.555118,0.773411,0.062804,-0.007983,0.682794,0.727863,0.055788,-0.139994,0.107998,0.224931,-0.181342,0.073145,-0.380682,-0.120235,-0.031171,1.213938,-0.173599,-0.110759,-0.048786,-0.104889,0.277587,-0.112258,0.149854,-0.191000,1.219634,-0.099588,-0.020406,0.204128,-0.026329,-0.088603,0.104189,1.215800,0.228021,0.013142,-0.064719
0.014237,2.562196,0.773559,0.062816,-0.009400,0.683080,0.727576,0.074246,-0.139524,0.105214,0.214912,-0.187096,0.073797,-0.387773,-0.113333,-0.031475,1.173229,-0.172819,-0.104425,-0.051805,-0.103922,0.279683,-0.122418,0.152161,-0.197693,1.213110,-0.097194,-0.021862,0.205687,-0.021832,-0.089943,0.099500,1.208274,0.220267,0.023271,-0.068475
0.014279,2.569302,0.773645,0.062724,-0.010637,0.683526,0.727148,0.092042,-0.139100,0.102053,0.205273,-0.192878,0.074259,-0.393776,-0.107371,-0.032929,1.129511,-0.171004,-0.098226,-0.055030,-0.103210,0.281381,-0.132040,0.154627,-0.204032,1.205690,-0.094670,-0.023641,0.207150,-0.017900,-0.091558,0.097452,1.201928,0.211473,0.033406,-0.071575
0.014322,2.576485,0.773626,0.062516,-0.011453,0.684148,0.726569,0.108691,-0.139094,0.098447,0.196095,-0.198531,0.074666,-0.399335,-0.102832,-0.035554,1.083579,-0.168123,-0.092782,-0.058448,-0.102963,0.282283,-0.141062,0.157097,-0.209675,1.197474,-0.092224,-0.025565,0.208070,-0.014143,-0.093310,0.097089,1.197159,0.203337,0.040543,-0.073558
0.014366,2.583610,0.773475,0.062077,-0.011744,0.685031,0.725769,0.123671,-0.139548,0.094151,0.187622,-0.204058,0.075021,-0.404880,-0.099914,-0.039472,1.035412,-0.164505,-0.088714,-0.062162,-0.103206,0.282045,-0.149581,0.159528,-0.214577,1.188486,-0.089800,-0.027803,0.208465,-0.010648,-0.095189,0.098889,1.194480,0.195443,0.043587,-0.074432
0.014510,2.590689,0.773141,0.061446,-0.011647,0.686142,0.724775,0.137322,-0.140240,0.089268,0.179818,-0.209564,0.075258,-0.409968,-0.098245,-0.044667,0.984604,-0.160068,-0.085467,-0.066140,-0.103788,0.280925,-0.157649,0.161949,-0.218908,1.178753,-0.087315,-0.030385,0.208565,-0.007605,-0.097234,0.103108,1.193603,0.187157,0.044211,-0.074471
0.014667,2.597903,0.772710,0.060806,-0.011321,0.687319,0.723718,0.150573,-0.141170,0.084227,0.172084,-0.214907,0.075400,-0.413981,-0.097444,-0.050957,0.931358,-0.154058,-0.081906,-0.070130,-0.104660,0.279414,-0.165161,0.164321,-0.222671,1.168403,-0.084921,-0.032931,0.208250,-0.004740,-0.099407,0.108334,1.193693,0.179739,0.043555,-0.073673
0.014815,2.605116,0.772142,0.060329,-0.010942,0.688405,0.722731,0.164314,-0.142333,0.079462,0.163872,-0.219959,0.075467,-0.416272,-0.097135,-0.058146,0.875748,-0.145731,-0.076922,-0.073819,-0.105760,0.278005,-0.172082,0.166564,-0.225935,1.157643,-0.082764,-0.035066,0.207428,-0.001724,-0.101618,0.113068,1.193897,0.174409,0.042754,-0.072027
0.014937,2.612390,0.771454,0.060034,-0.010505,0.689343,0.721867,0.178670,-0.143717,0.075127,0.154973,-0.224634,0.075389,-0.416747,-0.097328,-0.066017,0.817194,-0.134520,-0.070881,-0.077067,-0.107074,0.276725,-0.178403,0.168621,-0.228531,1.146354,-0.080965,-0.036640,0.206014,0.001490,-0.103843,0.116991,1.194195,0.171683,0.041640,-0.068997
0.015129,2.619727,0.770691,0.059821,-0.009943,0.690227,0.721047,0.193193,-0.145306,0.070968,0.145701,-0.229013,0.075161,-0.415722,-0.098061,-0.074730,0.755721,-0.120877,-0.064109,-0.080003,-0.108598,0.275327,-0.184224,0.170501,-0.230549,1.134572,-0.079414,-0.037864,0.204112,0.004761,-0.106125,0.120784,1.194987,0.170820,0.039753,-0.064789
0.015316,2.627082,0.769821,0.059728,-0.009306,0.691121,0.720207,0.207934,-0.147083,0.066787,0.136319,-0.233235,0.074909,-0.413074,-0.099087,-0.084600,0.692112,-0.105492,-0.055495,-0.082721,-0.110295,0.273906,-0.189703,0.172226,-0.232459,1.122804,-0.077959,-0.038961,0.201905,0.008164,-0.108402,0.124470,1.195999,0.171171,0.037813,-0.060480
0.015537,2.634548,0.768848,0.059822,-0.008622,0.692089,0.719277,0.222901,-0.149061,0.062384,0.127218,-0.237526,0.074780,-0.408633,-0.100245,-0.095900,0.626962,-0.088956,-0.043979,-0.085273,-0.112185,0.272552,-0.194974,0.173821,-0.234781,1.111487,-0.076432,-0.040087,0.199591,0.011776,-0.110582,0.128018,1.196990,0.172065,0.036526,-0.057170
0.015832,2.642144,0.767791,0.060154,-0.007957,0.693175,0.718211,0.235179,-0.151032,0.058095,0.124987,-0.245578,0.074839,-0.401508,-0.101803,-0.109463,0.558405,-0.070710,-0.028761,-0.087691,-0.114328,0.271374,-0.200086,0.175325,-0.237758,1.100678,-0.075003,-0.041307,0.197100,0.015602,-0.112636,0.131480,1.198013,0.174600,0.036116,-0.054912
0.016172,2.649708,0.766567,0.060722,-0.007263,0.694360,0.717025,0.247077,-0.153267,0.053625,0.124535,-0.254563,0.075051,-0.391739,-0.103763,-0.124809,0.485949,-0.050233,-0.010622,-0.089990,-0.116818,0.270318,-0.204961,0.176755,-0.241124,1.090157,-0.073717,-0.042519,0.194366,0.019615,-0.114560,0.134826,1.199165,0.178685,0.036197,-0.053209
0.016464,2.657249,0.765188,0.061480,-0.006449,0.695650,0.715716,0.259128,-0.155896,0.048830,0.124148,-0.263242,0.075348,-0.380436,-0.105679,-0.140353,0.412108,-0.028229,0.009022,-0.092267,-0.119661,0.269270,-0.209563,0.178082,-0.244592,1.079998,-0.072170,-0.043660,0.191593,0.023834,-0.116279,0.137929,1.200285,0.181877,0.036545,-0.052347
0.016827,2.664869,0.763685,0.062415,-0.005396,0.697054,0.714277,0.271079,-0.159109,0.043657,0.123776,-0.271204,0.075649,-0.368867,-0.107443,-0.154462,0.339823,-0.005551,0.028729,-0.094595,-0.123010,0.268081,-0.213962,0.179255,-0.247957,1.070413,-0.070004,-0.044668,0.189019,0.028280,-0.117668,0.140605,1.201263,0.181684,0.036922,-0.052652
0.017194,2.672526,0.762024,0.063734,-0.003915,0.698670,0.712589,0.282754,-0.163542,0.037842,0.123796,-0.278607,0.076098,-0.356863,-0.109878,-0.167252,0.268103,0.018701,0.049291,-0.097145,-0.127450,0.266651,-0.218146,0.180300,-0.251170,1.061419,-0.066827,-0.045599,0.186509,0.033179,-0.118715,0.143033,1.201992,0.176791,0.037180,-0.054586
0.017610,2.680220,0.760187,0.065642,-0.001983,0.700594,0.710531,0.294725,-0.169520,0.030966,0.123742,-0.285345,0.076780,-0.343338,-0.113760,-0.179449,0.195156,0.044863,0.071078,-0.100172,-0.133368,0.265090,-0.222190,0.181182,-0.254375,1.053103,-0.062911,-0.046448,0.184032,0.038487,-0.119353,0.145222,1.202631,0.168719,0.037480,-0.057909
0.018033,2.688000,0.758241,0.068014,0.000227,0.702747,0.708182,0.307087,-0.176502,0.023104,0.123585,-0.291286,0.077489,-0.327923,-0.118558,-0.190476,0.121976,0.071679,0.091966,-0.103750,-0.140319,0.263598,-0.226092,0.181853,-0.257454,1.045543,-0.058805,-0.047147,0.181880,0.043815,-0.119620,0.146849,1.203304,0.159315,0.038079,-0.061755
0.018524,2.695780,0.756309,0.070414,0.002395,0.704883,0.705816,0.319614,-0.183233,0.014931,0.123414,-0.296415,0.077879,-0.338637,-0.128391,-0.196188,0.109913,0.066156,0.109814,-0.107448,-0.147229,0.262393,-0.229629,0.182578,-0.260533,1.038368,-0.055339,-0.047598,0.180297,0.048834,-0.119693,0.147563,1.203922,0.150479,0.039227,-0.065142
0.019038,2.703505,0.754383,0.072523,0.004431,0.706830,0.703642,0.331961,-0.188973,0.007087,0.123280,-0.301081,0.077758,-0.352448,-0.137427,-0.198334,0.108076,0.054471,0.123897,-0.110846,-0.153366,0.261435,-0.232988,0.183308,-0.263500,1.031429,-0.052548,-0.047607,0.179361,0.053426,-0.119562,0.147096,1.204278,0.142042,0.041159,-0.068138
0.019637,2.711322,0.752601,0.074165,0.006215,0.708508,0.701767,0.344045,-0.193278,-0.000044,0.123201,-0.305344,0.077096,-0.365803,-0.144415,-0.198170,0.108177,0.041538,0.135126,-0.113181,-0.158403,0.260825,-0.236139,0.184371,-0.266974,1.024492,-0.050430,-0.047248,0.178918,0.057860,-0.119035,0.145200,1.204243,0.133080,0.043681,-0.071024
0.020211,2.719104,0.750881,0.075466,0.007714,0.709892,0.700213,0.355961,-0.196403,-0.006484,0.123353,-0.308793,0.076001,-0.376701,-0.149814,-0.197551,0.108349,0.029509,0.143885,-0.114986,-0.162504,0.260384,-0.238676,0.185426,-0.270053,1.018052,-0.048567,-0.046928,0.178964,0.061567,-0.118233,0.142978,1.204848,0.124674,0.046338,-0.073552
0.020719,2.726876,0.749279,0.076392,0.008788,0.710883,0.699094,0.367700,-0.198251,-0.011947,0.124073,-0.311191,0.074468,-0.384063,-0.153656,-0.198236,0.108504,0.019665,0.150561,-0.116466,-0.165197,0.260045,-0.240147,0.186049,-0.272083,1.012390,-0.046718,-0.047058,0.179501,0.064246,-0.117678,0.141420,1.206685,0.117999,0.048713,-0.075315
0.021215,2.734634,0.747800,0.077135,0.009438,0.711562,0.698313,0.379753,-0.199170,-0.016907,0.125036,-0.312792,0.072470,-0.387057,-0.156356,-0.201867,0.108703,0.010900,0.156455,-0.117081,-0.166984,0.260190,-0.240721,0.186767,-0.274205,1.007336,-0.045494,-0.047804,0.180654,0.066189,-0.116955,0.139378,1.209677,0.113083,0.050529,-0.075888
0.021644,2.742425,0.746413,0.077682,0.009779,0.711942,0.697860,0.391899,-0.199356,-0.021249,0.126242,-0.313631,0.070035,-0.386538,-0.157516,-0.207185,0.108890,0.003152,0.161150,-0.117359,-0.167854,0.260579,-0.240387,0.187335,-0.275718,1.002835,-0.044575,-0.048956,0.182368,0.067327,-0.116320,0.137363,1.213624,0.109616,0.052080,-0.075612
0.021970,2.750239,0.745136,0.077577,0.009804,0.711879,0.697935,0.403318,-0.198081,-0.023992,0.127701,-0.312740,0.067172,-0.384029,-0.155913,-0.211686,0.109001,-0.000924,0.162483,-0.117016,-0.167088,0.260689,-0.239030,0.187584,-0.276329,0.999025,-0.043595,-0.050213,0.184386,0.067676,-0.115987,0.136142,1.218269,0.107318,0.053713,-0.075035
0.022266,2.758163,0.744100,0.076424,0.009564,0.711242,0.698715,0.413254,-0.194766,-0.024198,0.129419,-0.309115,0.063864,-0.381009,-0.150550,-0.212753,0.108968,0.001339,0.158303,-0.115174,-0.164209,0.260190,-0.236775,0.187700,-0.276512,0.995963,-0.042447,-0.051222,0.186409,0.067379,-0.115735,0.135580,1.223245,0.105521,0.055743,-0.074634
0.022480,2.766227,0.743247,0.073960,0.008913,0.709927,0.700324,0.420010,-0.188966,-0.020962,0.134786,-0.305058,0.059780,-0.376760,-0.140588,-0.209489,0.108862,0.010754,0.147387,-0.111685,-0.158746,0.258971,-0.233124,0.187718,-0.275965,0.993174,-0.040639,-0.051875,0.188590,0.066032,-0.115441,0.135822,1.228930,0.104605,0.058302,-0.074646
0.022775,2.774176,0.742776,0.070256,0.007746,0.708032,0.702635,0.412063,-0.180727,-0.012606,0.168874,-0.314265,0.054716,-0.371182,-0.126416,-0.203479,0.109461,0.025468,0.131042,-0.107860,-0.150840,0.256914,-0.227939,0.187490,-0.273424,0.990910,-0.037954,-0.052389,0.191000,0.063050,-0.114957,0.137978,1.236036,0.104995,0.061166,-0.075100
0.023266,2.781992,0.742642,0.065442,0.006222,0.705841,0.705314,0.400558,-0.170056,-0.002511,0.208168,-0.322915,0.049164,-0.366354,-0.109396,-0.196142,0.110996,0.044624,0.111000,-0.103424,-0.140562,0.254114,-0.222109,0.187013,-0.270696,0.989709,-0.035724,-0.052831,0.193309,0.059615,-0.114775,0.140786,1.243338,0.105511,0.064214,-0.075438
0.023828,2.789845,0.742697,0.059947,0.004674,0.703773,0.707876,0.385698,-0.157937,0.007532,0.251988,-0.329098,0.043785,-0.363587,-0.091636,-0.189069,0.112222,0.068153,0.089180,-0.099612,-0.129107,0.250275,-0.215911,0.186232,-0.267949,0.990155,-0.034551,-0.053285,0.195183,0.055857,-0.114789,0.144421,1.250907,0.105222,0.067251,-0.075586
0.024531,2.797729,0.742986,0.053196,0.003301,0.701853,0.710325,0.366121,-0.143551,0.017392,0.300962,-0.333638,0.037928,-0.374421,-0.074233,-0.181401,0.133500,0.089878,0.063051,-0.096145,-0.115758,0.244594,-0.209599,0.185180,-0.265689,0.992087,-0.034838,-0.053848,0.196454,0.051914,-0.114966,0.148351,1.258582,0.103359,0.070252,-0.075427
0.025157,2.805855,0.743341,0.045314,0.001986,0.700009,0.712692,0.343051,-0.126921,0.026933,0.353570,-0.336158,0.031619,-0.397959,-0.057083,-0.173883,0.176169,0.108076,0.032730,-0.092726,-0.100697,0.237427,-0.202971,0.184060,-0.263960,0.995274,-0.036295,-0.054424,0.197301,0.047747,-0.115201,0.152445,1.266392,0.100490,0.073301,-0.075031
0.025593,2.814273,0.743665,0.037586,0.000480,0.698357,0.714762,0.319517,-0.109841,0.035298,0.407856,-0.334028,0.026432,-0.418009,-0.040017,-0.169024,0.212906,0.127753,0.003689,-0.089889,-0.085686,0.230351,-0.195897,0.182757,-0.262431,1.000352,-0.038480,-0.054845,0.197978,0.043406,-0.115444,0.157231,1.274401,0.097676,0.076383,-0.074505
0.026057,2.822863,0.744097,0.031123,-0.001586,0.696971,0.716422,0.297988,-0.093764,0.042156,0.462693,-0.325048,0.023876,-0.430934,-0.024758,-0.167141,0.243582,0.139218,-0.018783,-0.087889,-0.072066,0.224961,-0.188353,0.181133,-0.260987,1.007999,-0.041031,-0.054942,0.198779,0.039011,-0.115734,0.162982,1.282600,0.095884,0.079490,-0.073933
0.026481,2.831516,0.744715,0.026172,-0.004561,0.695803,0.717742,0.279227,-0.078434,0.048405,0.518670,-0.307898,0.024861,-0.435300,-0.011435,-0.167734,0.268805,0.137938,-0.032232,-0.086771,-0.059610,0.221851,-0.180040,0.178974,-0.259444,1.018732,-0.044438,-0.055046,0.199913,0.034509,-0.116138,0.170310,1.291438,0.096091,0.082709,-0.073558
0.027002,2.840233,0.745460,0.021989,-0.008248,0.694742,0.718876,0.261505,-0.062823,0.054387,0.576432,-0.284110,0.028524,-0.434051,0.000747,-0.169726,0.290714,0.128304,-0.040021,-0.086197,-0.047330,0.220036,-0.171131,0.176250,-0.257852,1.032157,-0.048637,-0.055137,0.201217,0.029813,-0.116701,0.178908,1.300820,0.097555,0.086019,-0.073276
0.027522,2.848997,0.746327,0.018231,-0.012160,0.693777,0.719856,0.243509,-0.047332,0.059115,0.634975,-0.255916,0.033582,-0.429457,0.011887,-0.172249,0.309812,0.114789,-0.045417,-0.085891,-0.035372,0.218765,-0.162247,0.173076,-0.256443,1.047490,-0.052432,-0.054521,0.202428,0.024982,-0.117404,0.187708,1.309995,0.098700,0.089203,-0.072624
0.028067,2.857835,0.747284,0.014647,-0.015777,0.692924,0.720689,0.223989,-0.032770,0.061485,0.693363,-0.225521,0.038548,-0.423712,0.022353,-0.174679,0.326036,0.102132,-0.051691,-0.085591,-0.024122,0.217344,-0.153991,0.169661,-0.255473,1.063950,-0.054644,-0.052499,0.203280,0.020182,-0.118182,0.195619,1.317964,0.097913,0.092188,-0.071154
0.028616,2.866610,0.748282,0.011307,-0.019041,0.692099,0.721463,0.202863,-0.019321,0.061823,0.752117,-0.191554,0.042426,-0.416903,0.032785,-0.176846,0.338727,0.091290,-0.059672,-0.085234,-0.013861,0.215776,-0.145903,0.166034,-0.254225,1.081507,-0.054465,-0.048628,0.203952,0.015313,-0.118930,0.202485,1.324897,0.093896,0.095089,-0.068544
0.029103,2.875193,0.749346,0.008350,-0.022176,0.691316,0.722164,0.180627,-0.006939,0.060625,0.811608,-0.153464,0.045957,-0.408112,0.043069,-0.178987,0.347915,0.080060,-0.067447,-0.084915,-0.004506,0.214395,-0.137816,0.162197,-0.252829,1.100464,-0.052707,-0.043354,0.204496,0.010335,-0.119636,0.208849,1.331191,0.087768,0.097903,-0.065110
0.029638,2.883659,0.750450,0.005670,-0.025053,0.690761,0.722627,0.156915,0.003703,0.057018,0.870777,-0.114753,0.050117,-0.398063,0.052630,-0.181298,0.354486,0.068491,-0.074290,-0.084606,0.004052,0.213084,-0.130706,0.158393,-0.252803,1.120467,-0.050630,-0.037341,0.204428,0.005416,-0.120353,0.214648,1.336364,0.081570,0.100232,-0.061324
0.030227,2.891957,0.751553,0.003143,-0.027557,0.690621,0.722685,0.131233,0.012022,0.050199,0.928815,-0.079019,0.055993,-0.387455,0.060818,-0.184020,0.359361,0.056576,-0.079500,-0.084239,0.011911,0.211756,-0.125529,0.154989,-0.255793,1.141139,-0.049588,-0.031264,0.203263,0.000762,-0.121147,0.219725,1.339850,0.077305,0.101707,-0.057655
0.030785,2.900009,0.752605,0.000765,-0.029466,0.691017,0.722238,0.101617,0.016264,0.038025,0.987918,-0.043537,0.065025,-0.376762,0.067038,-0.187358,0.362866,0.043803,-0.082464,-0.083868,0.018702,0.210221,-0.122672,0.152268,-0.262305,1.162741,-0.050016,-0.024868,0.200619,-0.003509,-0.122018,0.223844,1.341232,0.075370,0.102299,-0.053751
0.031379,2.907957,0.753692,-0.001387,-0.030893,0.691821,0.721406,0.068926,0.016785,0.021949,1.047813,-0.007456,0.076001,-0.365601,0.071827,-0.191200,0.364569,0.030324,-0.083750,-0.083441,0.024343,0.208650,-0.121448,0.150242,-0.271543,1.185166,-0.051269,-0.017924,0.196785,-0.007484,-0.122899,0.227084,1.340788,0.074717,0.102197,-0.049494
0.032057,2.915801,0.754830,-0.003355,-0.032260,0.692869,0.720333,0.036634,0.016801,0.006264,1.104625,0.022207,0.086571,-0.353357,0.076261,-0.195404,0.364199,0.017181,-0.084405,-0.082809,0.029521,0.207469,-0.121184,0.148833,-0.283113,1.207425,-0.052994,-0.011071,0.192303,-0.011327,-0.123806,0.229783,1.339072,0.075220,0.101365,-0.045716
0.032765,2.923559,0.755968,-0.005233,-0.034035,0.693992,0.719159,0.007784,0.020169,-0.005200,1.155211,0.037861,0.094832,-0.339497,0.081463,-0.199819,0.361608,0.005370,-0.085450,-0.081821,0.035079,0.207102,-0.121251,0.147905,-0.296634,1.228549,-0.054849,-0.004956,0.187715,-0.015171,-0.124787,0.232267,1.336611,0.076744,0.099764,-0.043227
0.033484,2.931176,0.757091,-0.007169,-0.036473,0.695283,0.717774,-0.016370,0.029148,-0.011748,1.198824,0.032926,0.099832,-0.323102,0.087988,-0.204793,0.355476,-0.004506,-0.087009,-0.080715,0.041623,0.207734,-0.122262,0.147468,-0.313605,1.249391,-0.057786,0.000054,0.182695,-0.018950,-0.125905,0.234537,1.333321,0.079884,0.097009,-0.042196
0.034139,2.938638,0.758208,-0.009090,-0.039290,0.696786,0.716145,-0.037935,0.041788,-0.015738,1.237776,0.012493,0.103092,-0.304651,0.095192,-0.210225,0.346182,-0.013034,-0.088551,-0.079462,0.048635,0.209093,-0.124445,0.147527,-0.333722,1.270185,-0.061655,0.004401,0.177126,-0.022577,-0.127185,0.236374,1.328957,0.084469,0.093246,-0.042180
0.034804,2.946072,0.759341,-0.010753,-0.042130,0.698322,0.714462,-0.058641,0.055833,-0.018103,1.272926,-0.013332,0.106661,-0.285166,0.102335,-0.215312,0.335369,-0.020760,-0.090012,-0.077779,0.055292,0.210912,-0.126566,0.147876,-0.353724,1.289079,-0.064377,0.008545,0.171855,-0.026197,-0.128563,0.237962,1.323816,0.089312,0.089229,-0.043091
0.035438,2.953453,0.760475,-0.011949,-0.044670,0.699716,0.712923,-0.080130,0.068910,-0.019683,1.304965,-0.034334,0.112627,-0.265671,0.108678,-0.219315,0.324674,-0.028216,-0.091361,-0.075482,0.060817,0.212890,-0.127221,0.148252,-0.370267,1.304041,-0.063831,0.013062,0.167748,-0.030054,-0.129976,0.239604,1.318315,0.093237,0.085718,-0.044895
0.036058,2.960729,0.761606,-0.012615,-0.046895,0.701004,0.711502,-0.103090,0.081029,-0.020315,1.334478,-0.048233,0.122698,-0.246105,0.114059,-0.222329,0.314158,-0.035403,-0.092643,-0.072710,0.065145,0.215019,-0.126363,0.148533,-0.383521,1.314937,-0.058685,0.018391,0.164941,-0.034172,-0.131445,0.241391,1.312357,0.095933,0.082946,-0.047921
0.036618,2.968007,0.762773,-0.012879,-0.048971,0.702256,0.710121,-0.126532,0.093261,-0.019682,1.360903,-0.060339,0.135368,-0.226001,0.118851,-0.224689,0.303040,-0.042059,-0.093851,-0.069575,0.068730,0.217416,-0.124669,0.148726,-0.394849,1.322814,-0.050305,0.024117,0.162998,-0.038531,-0.132988,0.243259,1.305983,0.098063,0.080408,-0.052091
0.037135,2.975242,0.763972,-0.012797,-0.050828,0.703346,0.708913,-0.149603,0.104773,-0.018234,1.383310,-0.071846,0.147975,-0.205860,0.123071,-0.226075,0.291941,-0.048482,-0.094882,-0.065900,0.071542,0.219951,-0.121815,0.148792,-0.402659,1.327663,-0.040608,0.029377,0.161944,-0.043236,-0.134617,0.245317,1.299514,0.099886,0.078017,-0.056836
0.037633,2.982324,0.765103,-0.012412,-0.052384,0.704147,0.708010,-0.171418,0.114683,-0.016353,1.400741,-0.083846,0.157783,-0.186184,0.126701,-0.226164,0.281461,-0.054947,-0.095618,-0.061615,0.073526,0.222497,-0.117419,0.148689,-0.405232,1.329448,-0.031480,0.033314,0.161843,-0.048523,-0.136278,0.247809,1.293453,0.101708,0.075628,-0.061599
0.038002,2.989435,0.766239,-0.011659,-0.053585,0.704577,0.707505,-0.191640,0.122743,-0.013660,1.412684,-0.096591,0.163754,-0.167073,0.129593,-0.224571,0.271752,-0.061495,-0.095921,-0.056455,0.074512,0.225102,-0.111083,0.148325,-0.401192,1.327500,-0.021764,0.036024,0.163239,-0.054511,-0.138070,0.251303,1.287907,0.103818,0.073213,-0.066761
0.038412,2.996462,0.767328,-0.010544,-0.054492,0.704721,0.707310,-0.210711,0.129409,-0.009927,1.419731,-0.109419,0.167335,-0.148357,0.131697,-0.221614,0.262672,-0.068041,-0.095838,-0.050737,0.074635,0.227828,-0.102995,0.147635,-0.391511,1.322015,-0.010934,0.037866,0.165932,-0.061121,-0.140052,0.255765,1.282642,0.106059,0.070854,-0.072437
0.038772,3.003486,0.768404,-0.009217,-0.055189,0.704710,0.707286,-0.228933,0.134814,-0.005760,1.422593,-0.122032,0.169495,-0.129959,0.133171,-0.217999,0.254081,-0.074668,-0.095535,-0.044892,0.074263,0.230569,-0.093795,0.146717,-0.378488,1.314265,-0.001986,0.038389,0.168909,-0.068101,-0.142086,0.260091,1.277496,0.107966,0.068574,-0.077644
0.038983,3.010348,0.769427,-0.007832,-0.055767,0.704674,0.707293,-0.246622,0.139076,-0.001798,1.421963,-0.134145,0.171219,-0.111824,0.134211,-0.214435,0.245878,-0.081469,-0.095209,-0.039417,0.073758,0.233233,-0.084043,0.145739,-0.364394,1.305435,0.002057,0.037099,0.171145,-0.075202,-0.144118,0.263219,1.272287,0.109080,0.066406,-0.081387
0.039288,3.017149,0.770360,-0.006363,-0.056215,0.704618,0.707328,-0.263796,0.141977,0.001905,1.417809,-0.146070,0.172663,-0.093813,0.134827,-0.210978,0.237933,-0.088485,-0.094955,-0.034185,0.073031,0.235793,-0.073484,0.144829,-0.349017,1.295101,-0.000502,0.033429,0.172447,-0.082235,-0.146062,0.264475,1.266930,0.108457,0.064243,-0.083362
0.039497,3.024142,0.771216,-0.004761,-0.056510,0.704483,0.707451,-0.280272,0.143530,0.005716,1.409783,-0.157788,0.173304,-0.076040,0.134922,-0.207331,0.230405,-0.095694,-0.094654,-0.029124,0.071960,0.238356,-0.061798,0.143883,-0.331287,1.282663,-0.007711,0.027783,0.173257,-0.089378,-0.148049,0.264699,1.261478,0.106679,0.062125,-0.084086
0.039658,3.031289,0.772069,-0.003110,-0.056687,0.704307,0.707622,-0.296073,0.144173,0.009594,1.398146,-0.168578,0.173118,-0.058635,0.134600,-0.203637,0.223309,-0.103007,-0.094220,-0.024190,0.070687,0.240908,-0.049706,0.142940,-0.312935,1.269278,-0.017315,0.021152,0.173565,-0.096813,-0.149973,0.264254,1.256076,0.105254,0.060256,-0.083892
0.039798,3.038280,0.772796,-0.001499,-0.056783,0.704126,0.707799,-0.311243,0.144337,0.013498,1.383179,-0.177720,0.172087,-0.041950,0.133930,-0.200072,0.217120,-0.110468,-0.093587,-0.019511,0.069393,0.243478,-0.037924,0.142002,-0.295472,1.256228,-0.026991,0.014395,0.173378,-0.104758,-0.151823,0.263718,1.250817,0.105771,0.058856,-0.083081
0.039870,3.045208,0.773435,0.000116,-0.056799,0.704008,0.707917,-0.325806,0.143727,0.017217,1.364795,-0.185162,0.170028,-0.025898,0.132839,-0.196831,0.211850,-0.118082,-0.092804,-0.015232,0.068033,0.246132,-0.026431,0.141113,-0.279090,1.243463,-0.037445,0.007160,0.172307,-0.113276,-0.153576,0.262939,1.245703,0.109275,0.058239,-0.081445
0.039939,3.052043,0.773974,0.001750,-0.056730,0.703914,0.708014,-0.339687,0.142252,0.020873,1.342856,-0.191232,0.167010,-0.010360,0.131360,-0.193799,0.207323,-0.125836,-0.091938,-0.011239,0.066529,0.248844,-0.014889,0.140272,-0.263068,1.230443,-0.049488,-0.000821,0.170426,-0.122256,-0.155231,0.261700,1.240697,0.114714,0.058215,-0.078917
0.040037,3.058936,0.774405,0.003312,-0.056559,0.703720,0.708214,-0.352769,0.140596,0.024940,1.317536,-0.195788,0.163388,0.004485,0.129727,-0.190647,0.203511,-0.133732,-0.090955,-0.007215,0.065031,0.251470,-0.003510,0.139426,-0.247657,1.217513,-0.061001,-0.008395,0.168542,-0.131592,-0.156813,0.260399,1.235804,0.120483,0.058241,-0.076003
0.040085,3.065693,0.774779,0.004684,-0.056294,0.703304,0.708642,-0.364928,0.139456,0.029866,1.289011,-0.198711,0.159506,0.018454,0.128177,-0.187044,0.200380,-0.141775,-0.089816,-0.002827,0.063718,0.253849,0.007451,0.138494,-0.233105,1.205063,-0.069831,-0.014435,0.167536,-0.141166,-0.158369,0.259432,1.231024,0.125005,0.057763,-0.073203
0.040158,3.072522,0.775035,0.005885,-0.055857,0.702608,0.709357,-0.376192,0.138838,0.035819,1.257050,-0.199847,0.155212,0.031406,0.126654,-0.182847,0.198020,-0.149982,-0.088491,0.002126,0.062561,0.255898,0.017907,0.137429,-0.219417,1.193001,-0.075453,-0.018541,0.167612,-0.150942,-0.159920,0.258819,1.226344,0.128019,0.056511,-0.070361
0.040165,3.079359,0.775199,0.006938,-0.055288,0.701705,0.710285,-0.386574,0.138427,0.042529,1.221628,-0.199321,0.150393,0.043461,0.125085,-0.178255,0.196440,-0.158367,-0.087033,0.007472,0.061491,0.257683,0.027959,0.136288,-0.206549,1.181258,-0.079017,-0.021365,0.168387,-0.160977,-0.161452,0.258322,1.221791,0.130294,0.054815,-0.067314
0.040096,3.086134,0.775298,0.007833,-0.054668,0.700663,0.711352,-0.395985,0.138399,0.049810,1.183236,-0.197411,0.145442,0.054841,0.123633,-0.173427,0.195415,-0.166863,-0.085504,0.012790,0.060728,0.259325,0.037650,0.134974,-0.194396,1.170211,-0.080717,-0.023390,0.169855,-0.171262,-0.163040,0.258220,1.217265,0.131915,0.053031,-0.064498
0.040006,3.092755,0.775276,0.008525,-0.054118,0.699552,0.712478,-0.404349,0.138906,0.057480,1.142356,-0.194393,0.140742,0.065781,0.122456,-0.168515,0.194721,-0.175420,-0.083958,0.017979,0.060379,0.260891,0.046903,0.133608,-0.183280,1.160309,-0.080924,-0.025081,0.172033,-0.181718,-0.164544,0.258343,1.212726,0.132773,0.051485,-0.062393
0.039944,3.099444,0.775150,0.009024,-0.053637,0.698412,0.713626,-0.411746,0.140025,0.065549,1.098964,-0.190526,0.136402,0.076126,0.121543,-0.163638,0.194645,-0.184181,-0.082447,0.022706,0.060536,0.262468,0.055670,0.132097,-0.173257,1.151675,-0.078980,-0.026466,0.175369,-0.192525,-0.166029,0.258945,1.208121,0.132557,0.050365,-0.061351
0.039826,3.106122,0.774934,0.009335,-0.053180,0.697198,0.714842,-0.418167,0.141584,0.074103,1.052826,-0.185603,0.132168,0.085856,0.120837,-0.158681,0.195120,-0.193089,-0.080936,0.027277,0.061063,0.263970,0.063932,0.130543,-0.164351,1.144103,-0.075014,-0.027309,0.179733,-0.203629,-0.167424,0.259820,1.203498,0.131348,0.049448,-0.061057
0.039658,3.112895,0.774610,0.009460,-0.052738,0.695854,0.716182,-0.423456,0.143385,0.083058,1.004120,-0.179252,0.127897,0.095200,0.120387,-0.153469,0.195784,-0.201981,-0.079335,0.031902,0.061869,0.265260,0.071906,0.128988,-0.156021,1.137405,-0.070287,-0.027699,0.184207,-0.214784,-0.168715,0.260943,1.198961,0.129902,0.048486,-0.060951
0.039498,3.119638,0.774213,0.009372,-0.052335,0.694323,0.717697,-0.427519,0.145290,0.092273,0.953110,-0.171112,0.123469,0.104397,0.120261,-0.147840,0.196263,-0.210699,-0.077560,0.036653,0.063006,0.266214,0.079787,0.127254,-0.147587,1.131451,-0.065993,-0.027758,0.187896,-0.225777,-0.169998,0.262460,1.194590,0.129040,0.047245,-0.060463
0.039333,3.126437,0.773691,0.009049,-0.051884,0.692559,0.719436,-0.430414,0.147541,0.102076,0.899387,-0.161174,0.119594,0.113291,0.120460,-0.141651,0.196494,-0.219210,-0.075545,0.041758,0.064401,0.266661,0.087490,0.125395,-0.139135,1.126325,-0.062019,-0.027351,0.190804,-0.236629,-0.171255,0.264322,1.190527,0.128907,0.045494,-0.059357
0.039142,3.133281,0.773083,0.008497,-0.051410,0.690604,0.721353,-0.432217,0.150095,0.112382,0.843005,-0.149644,0.116094,0.121805,0.120932,-0.135030,0.196685,-0.227604,-0.073350,0.047143,0.066010,0.266706,0.094933,0.123542,-0.130977,1.122041,-0.057908,-0.026467,0.193307,-0.247413,-0.172423,0.266438,1.186659,0.129098,0.043412,-0.057956
0.038906,3.140090,0.772373,0.007800,-0.051031,0.688527,0.723371,-0.432855,0.152459,0.122403,0.784789,-0.136464,0.111615,0.130371,0.121656,-0.128196,0.196730,-0.235834,-0.071077,0.052325,0.068006,0.266591,0.102357,0.121366,-0.122650,1.118425,-0.054213,-0.025429,0.195149,-0.258047,-0.173614,0.269026,1.182797,0.129596,0.041389,-0.056567
0.038568,3.147066,0.771611,0.007044,-0.050861,0.686395,0.725414,-0.432215,0.154218,0.131302,0.725399,-0.121507,0.104868,0.139444,0.122613,-0.121354,0.196488,-0.243844,-0.068829,0.057356,0.070330,0.266560,0.109857,0.119102,-0.114298,1.115370,-0.051768,-0.024610,0.196019,-0.268253,-0.174662,0.271673,1.178655,0.130256,0.039777,-0.055484
0.038203,3.154215,0.770786,0.006277,-0.050943,0.684214,0.727473,-0.429807,0.155668,0.139245,0.663722,-0.103163,0.095193,0.149217,0.123761,-0.114587,0.195888,-0.251637,-0.066597,0.062143,0.072930,0.266739,0.117582,0.116739,-0.105633,1.112724,-0.050877,-0.024106,0.195578,-0.278063,-0.175565,0.274489,1.174063,0.131355,0.038800,-0.054875
0.037857,3.161309,0.769868,0.005449,-0.051206,0.681952,0.729582,-0.425857,0.156966,0.146371,0.599664,-0.081982,0.083490,0.159429,0.125110,-0.107771,0.195010,-0.259244,-0.064342,0.066764,0.075795,0.266970,0.125414,0.114272,-0.096767,1.110601,-0.051116,-0.023731,0.194071,-0.287558,-0.176323,0.277521,1.169170,0.132829,0.038243,-0.054562
0.037527,3.168376,0.768845,0.004481,-0.051617,0.679615,0.731737,-0.421271,0.157777,0.151767,0.535307,-0.061039,0.070969,0.169819,0.126765,-0.100803,0.193983,-0.266627,-0.062135,0.071203,0.079000,0.267068,0.133262,0.111743,-0.088026,1.109074,-0.052031,-0.023353,0.192071,-0.296755,-0.176871,0.280674,1.164430,0.134115,0.037728,-0.054331
0.037139,3.175525,0.767729,0.003290,-0.052151,0.677201,0.733940,-0.416842,0.158069,0.154621,0.472646,-0.043500,0.059018,0.180102,0.128848,-0.093560,0.193018,-0.273791,-0.060047,0.075443,0.082606,0.266849,0.141056,0.109233,-0.079730,1.108215,-0.053190,-0.022838,0.190148,-0.305690,-0.177151,0.283905,1.160264,0.134675,0.036954,-0.053996
0.036663,3.182850,0.766515,0.001764,-0.052907,0.674669,0.736220,-0.412549,0.158275,0.154279,0.411030,-0.030514,0.048278,0.190434,0.131737,-0.085902,0.191759,-0.280549,-0.058137,0.079593,0.086918,0.266202,0.148913,0.106785,-0.071945,1.108010,-0.054932,-0.022191,0.188205,-0.314333,-0.177073,0.287046,1.156866,0.134089,0.035754,-0.053535
0.036218,3.190184,0.765196,-0.000032,-0.053896,0.672006,0.738582,-0.407814,0.159078,0.151328,0.349532,-0.020365,0.038455,0.200998,0.135325,-0.077841,0.190102,-0.286891,-0.056365,0.083678,0.091820,0.265254,0.156853,0.104413,-0.064491,1.108406,-0.057348,-0.021462,0.186014,-0.322736,-0.176640,0.290210,1.154069,0.132760,0.034318,-0.053061
0.035771,3.197614,0.763762,-0.001941,-0.055001,0.669244,0.741002,-0.402575,0.160705,0.146876,0.289690,-0.011652,0.029315,0.211603,0.139069,-0.069456,0.188562,-0.293022,-0.054657,0.087618,0.096858,0.264204,0.164663,0.102138,-0.057366,1.109396,-0.059636,-0.020586,0.183947,-0.330888,-0.175907,0.293544,1.151555,0.131200,0.032876,-0.052534
0.035366,3.205013,0.762209,-0.003792,-0.056109,0.666404,0.743466,-0.396835,0.163061,0.142061,0.233135,-0.002936,0.020262,0.222057,0.142488,-0.060815,0.187718,-0.299204,-0.052942,0.091365,0.101647,0.263298,0.172125,0.099973,-0.050581,1.110966,-0.060989,-0.019502,0.182367,-0.338771,-0.174965,0.297203,1.148988,0.129944,0.031653,-0.051905
0.034905,3.212532,0.760615,-0.005726,-0.057323,0.663369,0.746072,-0.389990,0.165917,0.135982,0.177473,0.006944,0.010567,0.232557,0.145914,-0.051580,0.187043,-0.305264,-0.051324,0.095065,0.106526,0.262525,0.179320,0.097871,-0.043979,1.113061,-0.060953,-0.018185,0.181302,-0.346486,-0.173877,0.301288,1.146273,0.129170,0.030767,-0.051101
0.034341,3.220151,0.758871,-0.008039,-0.059062,0.659956,0.748936,-0.390083,0.171687,0.127008,0.139856,0.007870,0.000498,0.243651,0.150522,-0.041253,0.186081,-0.310973,-0.049931,0.099124,0.112625,0.261874,0.186445,0.095772,-0.037642,1.115603,-0.060036,-0.016630,0.180583,-0.353980,-0.172663,0.305728,1.143600,0.128597,0.030088,-0.050132
0.033687,3.227790,0.757067,-0.010353,-0.061017,0.656474,0.751806,-0.397244,0.179465,0.117684,0.122850,-0.000477,-0.009163,0.254874,0.155139,-0.030676,0.186034,-0.316757,-0.048463,0.103107,0.118896,0.261478,0.193191,0.093767,-0.031904,1.118824,-0.058879,-0.014947,0.180266,-0.360996,-0.171351,0.310379,1.140939,0.128086,0.029473,-0.049113
0.033105,3.235360,0.755397,-0.012004,-0.062570,0.653368,0.754355,-0.404730,0.186402,0.112066,0.114306,-0.010478,-0.017799,0.265495,0.157815,-0.021092,0.188033,-0.322862,-0.046576,0.106351,0.123454,0.261517,0.199219,0.092040,-0.027118,1.122925,-0.058144,-0.013220,0.180388,-0.367213,-0.169957,0.315038,1.138165,0.127489,0.028779,-0.048158
0.032547,3.242916,0.753781,-0.013028,-0.063837,0.650605,0.756616,-0.412302,0.192667,0.112042,0.114309,-0.022440,-0.027154,0.275665,0.158764,-0.012430,0.192024,-0.329552,-0.044371,0.108903,0.126418,0.262212,0.204526,0.090730,-0.023300,1.127917,-0.058091,-0.011483,0.181073,-0.372712,-0.168500,0.319766,1.135155,0.127026,0.027943,-0.047155
0.031960,3.250568,0.752235,-0.013642,-0.064903,0.648094,0.758667,-0.416659,0.197851,0.116523,0.114281,-0.032138,-0.037273,0.285349,0.158476,-0.004461,0.197743,-0.336735,-0.041913,0.111086,0.128257,0.263369,0.209115,0.089943,-0.020501,1.133755,-0.058422,-0.009679,0.182203,-0.377305,-0.167133,0.324346,1.131629,0.126656,0.027066,-0.046029
0.031510,3.258243,0.750747,-0.013887,-0.065592,0.646004,0.760384,-0.418269,0.201178,0.122579,0.114270,-0.038492,-0.045211,0.293930,0.156858,0.002300,0.205829,-0.344156,-0.038947,0.112341,0.128777,0.264460,0.213131,0.089443,-0.018403,1.140336,-0.058787,-0.007767,0.183565,-0.381201,-0.165482,0.329009,1.128353,0.125969,0.026183,-0.045142
0.031050,3.265952,0.749369,-0.013782,-0.065717,0.644503,0.761648,-0.417565,0.201834,0.127201,0.114264,-0.040428,-0.047940,0.300954,0.153745,0.007355,0.216561,-0.351446,-0.035208,0.113050,0.127917,0.265005,0.216198,0.089413,-0.017696,1.147796,-0.059104,-0.005685,0.184839,-0.383467,-0.164044,0.332908,1.124790,0.124378,0.025415,-0.044572
0.030582,3.273655,0.748119,-0.013107,-0.065445,0.643725,0.762340,-0.413213,0.199427,0.129257,0.114405,-0.038427,-0.043809,0.307399,0.149116,0.010477,0.229421,-0.358686,-0.030440,0.112558,0.125478,0.265295,0.218511,0.089919,-0.018395,1.156481,-0.059350,-0.003542,0.186001,-0.384467,-0.162238,0.336383,1.121663,0.121516,0.024789,-0.044595
0.030107,3.281317,0.746999,-0.011869,-0.064788,0.643544,0.762570,-0.405407,0.194334,0.130490,0.114605,-0.032784,-0.034689,0.313257,0.142904,0.011985,0.244277,-0.365927,-0.024832,0.111358,0.121508,0.265507,0.219937,0.091045,-0.020611,1.166334,-0.059681,-0.001320,0.187168,-0.384037,-0.160414,0.339245,1.118445,0.117702,0.024280,-0.044968
0.029634,3.289161,0.746033,-0.010360,-0.063236,0.643732,0.762563,-0.396914,0.186907,0.132221,0.114758,-0.022373,-0.022786,0.316473,0.134834,0.012235,0.262308,-0.372799,-0.018777,0.109920,0.115674,0.264880,0.220603,0.092583,-0.023364,1.176376,-0.059884,0.001212,0.188292,-0.382458,-0.158653,0.341695,1.115080,0.113648,0.023763,-0.045515
0.029230,3.297202,0.745147,-0.008940,-0.060293,0.644066,0.762538,-0.392288,0.177741,0.135493,0.118299,-0.007922,-0.010257,0.314816,0.124696,0.011610,0.284887,-0.379009,-0.012670,0.108641,0.107757,0.262588,0.220631,0.094196,-0.025658,1.185642,-0.059713,0.004276,0.189374,-0.380095,-0.157103,0.344008,1.111611,0.110091,0.023084,-0.046060
0.028699,3.305183,0.744672,-0.007839,-0.055515,0.644511,0.762537,-0.401122,0.168003,0.140250,0.143719,0.003260,0.003933,0.307175,0.112118,0.010166,0.312235,-0.385169,-0.006250,0.107553,0.097588,0.257951,0.219822,0.095547,-0.027164,1.194094,-0.058663,0.008220,0.190467,-0.377003,-0.155999,0.346470,1.107702,0.107267,0.022159,-0.046692
0.028156,3.313221,0.744275,-0.007012,-0.049520,0.644988,0.762554,-0.419365,0.158479,0.146245,0.186322,0.012266,0.020607,0.295399,0.097994,0.008429,0.343106,-0.390854,0.000477,0.106670,0.086269,0.251613,0.218223,0.096378,-0.028399,1.202190,-0.056892,0.012812,0.191697,-0.373096,-0.155479,0.349018,1.103532,0.104767,0.021104,-0.047423
0.027430,3.321048,0.744130,-0.006239,-0.043064,0.645405,0.762600,-0.437230,0.148679,0.153009,0.226921,0.024547,0.037342,0.281544,0.083222,0.006986,0.376367,-0.394349,0.006850,0.105939,0.074380,0.244553,0.216358,0.097039,-0.029534,1.209649,-0.055268,0.017415,0.192990,-0.368449,-0.155170,0.351427,1.099766,0.102405,0.020104,-0.048045
0.026475,3.328674,0.744126,-0.005360,-0.036916,0.645686,0.762692,-0.452361,0.138866,0.158453,0.261738,0.037575,0.051402,0.267243,0.068799,0.006318,0.411640,-0.394346,0.012196,0.105327,0.062668,0.237680,0.214756,0.097848,-0.030815,1.216153,-0.054693,0.021402,0.194272,-0.363014,-0.154829,0.353611,1.096899,0.100138,0.019347,-0.048357
0.025585,3.336517,0.744216,-0.004497,-0.030645,0.645794,0.762883,-0.466154,0.128308,0.161558,0.290631,0.052962,0.062863,0.251482,0.054300,0.007027,0.449263,-0.391269,0.017089,0.104893,0.050708,0.230359,0.213341,0.098542,-0.032031,1.221544,-0.055606,0.024679,0.195842,-0.357170,-0.154529,0.355555,1.095121,0.097714,0.018781,-0.048004
0.024869,3.344707,0.744292,-0.003619,-0.023932,0.645828,0.763099,-0.479748,0.116689,0.163518,0.316225,0.070936,0.072836,0.233681,0.039169,0.008675,0.489328,-0.385571,0.021604,0.104458,0.037948,0.222318,0.211943,0.099251,-0.033144,1.225967,-0.057534,0.027559,0.197574,-0.350827,-0.154195,0.357427,1.094157,0.095342,0.018325,-0.047239
0.024205,3.353154,0.744479,-0.002327,-0.017666,0.645969,0.763155,-0.490183,0.104499,0.165229,0.338351,0.087125,0.079956,0.216105,0.024019,0.009967,0.531180,-0.376141,0.024339,0.103612,0.025524,0.215287,0.210230,0.099476,-0.034192,1.230043,-0.059184,0.029954,0.199277,-0.343783,-0.154004,0.358422,1.094146,0.092748,0.018170,-0.046440
0.023516,3.361720,0.744835,-0.000208,-0.012691,0.646406,0.762888,-0.494656,0.092262,0.167396,0.357129,0.097023,0.082886,0.200904,0.009326,0.009472,0.574420,-0.361864,0.023914,0.102726,0.013710,0.210037,0.208608,0.100587,-0.037188,1.234284,-0.060896,0.031890,0.200502,-0.334565,-0.153068,0.358138,1.095010,0.090378,0.018408,-0.046691
0.022915,3.370442,0.745235,0.003202,-0.009459,0.647248,0.762214,-0.491346,0.079691,0.169885,0.372604,0.098469,0.079795,0.189966,-0.005185,0.006289,0.618840,-0.341565,0.019654,0.101717,0.002681,0.207993,0.206622,0.102090,-0.041521,1.239222,-0.061688,0.033174,0.201263,-0.323261,-0.151454,0.355050,1.097022,0.087198,0.019112,-0.047927
0.022447,3.379183,0.745749,0.007570,-0.007394,0.648405,0.761222,-0.482389,0.066690,0.172036,0.385370,0.093956,0.071819,0.181706,-0.019968,0.001061,0.664611,-0.316061,0.012287,0.100668,-0.008105,0.207928,0.204486,0.104065,-0.047133,1.244458,-0.062249,0.033897,0.201702,-0.310174,-0.149086,0.349944,1.100141,0.083528,0.020185,-0.049937
0.022059,3.387846,0.746385,0.012129,-0.005846,0.649772,0.760010,-0.470691,0.054047,0.173835,0.395954,0.086049,0.062092,0.173190,-0.034710,-0.005371,0.711847,-0.287229,0.002581,0.099245,-0.018489,0.208610,0.202024,0.106312,-0.052911,1.249227,-0.062236,0.034311,0.201666,-0.296750,-0.146240,0.344228,1.104361,0.080234,0.021589,-0.052039
0.021744,3.396418,0.747144,0.016083,-0.004233,0.651237,0.758692,-0.459001,0.042265,0.175409,0.404330,0.077439,0.053691,0.161518,-0.048960,-0.012066,0.760730,-0.256938,-0.008635,0.097150,-0.028278,0.208838,0.199065,0.108690,-0.057819,1.252758,-0.061349,0.034672,0.201021,-0.284430,-0.143199,0.339215,1.109795,0.078096,0.023252,-0.053564
0.021414,3.404791,0.747970,0.019117,-0.002559,0.652988,0.757122,-0.447672,0.031299,0.176496,0.409615,0.068196,0.046636,0.145584,-0.062254,-0.019761,0.812646,-0.224122,-0.023054,0.094002,-0.036938,0.208329,0.195526,0.111062,-0.061152,1.254851,-0.058539,0.035116,0.199429,-0.273087,-0.140111,0.334982,1.116414,0.077565,0.025242,-0.054499
0.021020,3.413028,0.748856,0.021662,-0.001135,0.655011,0.755308,-0.435332,0.020678,0.177235,0.411716,0.057210,0.039490,0.127138,-0.075132,-0.028905,0.866970,-0.188175,-0.040618,0.090005,-0.044562,0.207749,0.191501,0.113380,-0.063576,1.255928,-0.054254,0.035467,0.197096,-0.262106,-0.136967,0.330984,1.124125,0.078156,0.027570,-0.055148
0.020656,3.421059,0.749767,0.024099,0.000210,0.656876,0.753613,-0.421930,0.010153,0.178380,0.411381,0.045554,0.033143,0.107421,-0.088394,-0.037756,0.921223,-0.151834,-0.057778,0.085766,-0.051830,0.207367,0.187094,0.115630,-0.066118,1.256125,-0.050420,0.035533,0.194700,-0.252028,-0.133868,0.327680,1.132770,0.079308,0.030119,-0.055298
0.020191,3.428929,0.750685,0.026784,0.001634,0.658172,0.752389,-0.407473,-0.000375,0.180504,0.409526,0.034307,0.028422,0.087599,-0.102463,-0.044291,0.973082,-0.117968,-0.070892,0.081867,-0.059323,0.207461,0.182419,0.117786,-0.069817,1.255567,-0.048974,0.035129,0.192902,-0.243326,-0.130967,0.325545,1.142122,0.080482,0.032780,-0.054715
0.019590,3.436763,0.751626,0.029853,0.003168,0.658751,0.751761,-0.391582,-0.010978,0.183790,0.405985,0.023445,0.025782,0.067402,-0.117574,-0.047625,1.023365,-0.084401,-0.077709,0.078535,-0.067176,0.208244,0.177562,0.119780,-0.074976,1.253990,-0.051072,0.034279,0.191639,-0.236175,-0.128429,0.324782,1.152336,0.081909,0.035652,-0.053029
0.018949,3.444502,0.752570,0.033086,0.004703,0.658875,0.751510,-0.374442,-0.021615,0.187754,0.400386,0.012606,0.024721,0.046117,-0.133137,-0.048639,1.073424,-0.050837,-0.080554,0.075412,-0.074955,0.209571,0.172410,0.121583,-0.081082,1.251426,-0.055478,0.033063,0.190631,-0.230157,-0.126320,0.325104,1.163307,0.083761,0.038767,-0.050434
0.018149,3.452121,0.753545,0.036285,0.006183,0.658685,0.751518,-0.356588,-0.032050,0.191995,0.393188,0.002269,0.024516,0.024488,-0.148055,-0.047811,1.121245,-0.022901,-0.082465,0.072337,-0.082370,0.211159,0.166789,0.123260,-0.087898,1.248414,-0.060519,0.031396,0.190225,-0.224952,-0.124607,0.326265,1.174534,0.085411,0.041899,-0.047540
0.017296,3.459576,0.754495,0.039271,0.007567,0.658343,0.751655,-0.338692,-0.042034,0.196126,0.385066,-0.007144,0.024427,0.003185,-0.161347,-0.045857,1.165020,-0.006310,-0.086423,0.069105,-0.089208,0.212704,0.160530,0.124930,-0.095204,1.245496,-0.064538,0.029192,0.190757,-0.220230,-0.123215,0.328011,1.185463,0.086217,0.044876,-0.044968
0.016476,3.466881,0.755442,0.042054,0.009007,0.657690,0.752060,-0.320740,-0.051565,0.200623,0.375603,-0.015315,0.024435,-0.018015,-0.172575,-0.041936,1.204682,-0.005486,-0.093212,0.065687,-0.095516,0.214070,0.153595,0.126317,-0.102967,1.242741,-0.067428,0.026094,0.192486,-0.216357,-0.122303,0.330954,1.196337,0.086098,0.047534,-0.042627
0.015749,3.474117,0.756454,0.044692,0.010458,0.656699,0.752755,-0.302410,-0.060701,0.205491,0.364650,-0.022552,0.024818,-0.039439,-0.181962,-0.035993,1.241278,-0.016517,-0.100926,0.062696,-0.101759,0.215439,0.146049,0.128274,-0.111859,1.239790,-0.070286,0.022295,0.195016,-0.213253,-0.121377,0.334403,1.207361,0.085214,0.049966,-0.040290
0.015068,3.481311,0.757498,0.047097,0.011617,0.655734,0.753432,-0.283981,-0.069177,0.209665,0.353424,-0.029399,0.025282,-0.060550,-0.189676,-0.030078,1.274567,-0.032559,-0.108602,0.059284,-0.107181,0.216956,0.137967,0.130210,-0.120773,1.236749,-0.072200,0.018403,0.198142,-0.210362,-0.120690,0.338071,1.217930,0.083773,0.052458,-0.038309
0.014419,3.488270,0.758534,0.049188,0.012179,0.655165,0.753785,-0.265675,-0.076750,0.212120,0.343053,-0.036361,0.025555,-0.080764,-0.196162,-0.026319,1.304242,-0.046755,-0.115417,0.055209,-0.111308,0.218760,0.129322,0.132149,-0.129432,1.233764,-0.072660,0.015068,0.201596,-0.206898,-0.120150,0.340925,1.227400,0.081788,0.055260,-0.037053
0.013866,3.495288,0.759609,0.050959,0.011979,0.655084,0.753740,-0.247369,-0.083243,0.212603,0.333826,-0.043576,0.025552,-0.099751,-0.201804,-0.025648,1.330230,-0.058770,-0.121142,0.050276,-0.114004,0.221063,0.120148,0.134121,-0.137798,1.230785,-0.070860,0.012485,0.205896,-0.202933,-0.119696,0.343125,1.235793,0.078987,0.058651,-0.036584
0.013292,3.502259,0.760706,0.052469,0.011224,0.655298,0.753462,-0.228982,-0.088765,0.211717,0.325189,-0.050798,0.025405,-0.117857,-0.206378,-0.026866,1.352734,-0.071756,-0.126179,0.044701,-0.115603,0.223730,0.110441,0.136148,-0.146084,1.227783,-0.067334,0.010319,0.211003,-0.198807,-0.119317,0.345000,1.243448,0.075421,0.062422,-0.036725
0.012884,3.509156,0.761763,0.053701,0.010139,0.655751,0.752997,-0.210840,-0.093500,0.209744,0.317081,-0.057992,0.025204,-0.135496,-0.209629,-0.029011,1.371840,-0.084119,-0.130845,0.038719,-0.116319,0.226372,0.100168,0.138103,-0.154182,1.224934,-0.063464,0.008417,0.215826,-0.194200,-0.119014,0.346024,1.250226,0.071723,0.066096,-0.037492
0.012550,3.515926,0.762743,0.054664,0.008982,0.656387,0.752388,-0.193248,-0.097669,0.206964,0.309357,-0.065070,0.025048,-0.153100,-0.211279,-0.031121,1.387597,-0.094220,-0.135443,0.032912,-0.116533,0.228666,0.089312,0.140309,-0.162391,1.222275,-0.060808,0.006641,0.219138,-0.188546,-0.118759,0.345258,1.255740,0.068413,0.069183,-0.038863
0.012205,3.522695,0.763717,0.055240,0.007750,0.657247,0.751608,-0.176518,-0.101125,0.203187,0.302270,-0.072116,0.024944,-0.170948,-0.211078,-0.033358,1.399982,-0.100967,-0.140391,0.027097,-0.115990,0.230390,0.077764,0.142548,-0.170512,1.220029,-0.059615,0.004988,0.220565,-0.181719,-0.118537,0.342424,1.259913,0.065201,0.071744,-0.041279
0.011983,3.529473,0.764670,0.055481,0.006345,0.658342,0.750645,-0.160426,-0.103807,0.198409,0.295838,-0.079156,0.024855,-0.188738,-0.209271,-0.036175,1.408932,-0.105391,-0.145393,0.021211,-0.114657,0.231795,0.065563,0.144831,-0.178682,1.218114,-0.059170,0.003518,0.220744,-0.173916,-0.118332,0.337865,1.262854,0.061914,0.073977,-0.044594
0.011774,3.536249,0.765602,0.055605,0.004823,0.659564,0.749573,-0.144449,-0.106074,0.193162,0.289568,-0.086060,0.024824,-0.206045,-0.206255,-0.039046,1.414447,-0.109060,-0.149669,0.015393,-0.113011,0.233143,0.052964,0.147156,-0.186948,1.216264,-0.059290,0.002135,0.220137,-0.165481,-0.118192,0.332330,1.264887,0.059449,0.075612,-0.047978
0.011557,3.543108,0.766527,0.055839,0.003254,0.660809,0.748467,-0.128092,-0.108279,0.187963,0.283013,-0.092717,0.024887,-0.222461,-0.202402,-0.041418,1.416551,-0.113555,-0.152439,0.009779,-0.111501,0.234693,0.040232,0.149508,-0.195313,1.214196,-0.059741,0.000737,0.219207,-0.156712,-0.118183,0.326579,1.266271,0.058711,0.076372,-0.050598
0.011501,3.549883,0.767385,0.056262,0.001608,0.662055,0.747339,-0.111042,-0.110527,0.182922,0.275898,-0.098960,0.024993,-0.237853,-0.197467,-0.042950,1.415126,-0.119300,-0.153373,0.004385,-0.110226,0.236531,0.027350,0.151871,-0.203826,1.211984,-0.060741,-0.000574,0.217832,-0.147528,-0.118349,0.320736,1.266935,0.060544,0.075961,-0.052226
0.011450,3.556613,0.768198,0.056753,-0.000130,0.663354,0.746150,-0.093625,-0.112629,0.177782,0.268527,-0.104898,0.025141,-0.252421,-0.191387,-0.043997,1.410152,-0.125430,-0.152931,-0.000862,-0.108951,0.238513,0.014226,0.154229,-0.212481,1.209739,-0.062308,-0.001785,0.215843,-0.137779,-0.118692,0.314433,1.266728,0.064270,0.074594,-0.053301
0.011320,3.563440,0.768984,0.057221,-0.001899,0.664713,0.744902,-0.076264,-0.114510,0.172492,0.261245,-0.110809,0.025447,-0.266292,-0.184783,-0.045033,1.401856,-0.131626,-0.151529,-0.005974,-0.107599,0.240563,0.000950,0.156566,-0.221210,1.207238,-0.063945,-0.003129,0.213634,-0.127713,-0.119193,0.307702,1.265835,0.068509,0.072767,-0.053971
0.011083,3.569981,0.769676,0.057579,-0.003629,0.666138,0.743594,-0.059376,-0.116105,0.167007,0.254385,-0.116965,0.026041,-0.279549,-0.178262,-0.046532,1.390407,-0.137556,-0.149567,-0.010989,-0.106100,0.242600,-0.012361,0.158861,-0.229883,1.204236,-0.065144,-0.004837,0.211605,-0.117585,-0.119822,0.300618,1.264463,0.071903,0.070980,-0.054405
0.010944,3.576565,0.770304,0.057776,-0.005349,0.667634,0.742225,-0.043069,-0.117316,0.161279,0.248173,-0.123548,0.027012,-0.292174,-0.171607,-0.048452,1.375639,-0.143300,-0.146874,-0.015933,-0.104337,0.244576,-0.025715,0.161126,-0.238604,1.200826,-0.065931,-0.007237,0.209735,-0.107311,-0.120569,0.292906,1.262564,0.074073,0.069141,-0.054448
0.010841,3.583225,0.770854,0.057884,-0.007069,0.669195,0.740795,-0.027079,-0.118235,0.155354,0.242332,-0.130364,0.028298,-0.304074,-0.164678,-0.050619,1.357478,-0.149020,-0.143396,-0.020771,-0.102389,0.246555,-0.039157,0.163358,-0.247396,1.197073,-0.066513,-0.010112,0.207852,-0.096780,-0.121417,0.284610,1.260052,0.075738,0.067065,-0.054075
0.010865,3.589861,0.771303,0.057953,-0.008727,0.670812,0.739308,-0.011470,-0.119049,0.149342,0.236783,-0.137215,0.029790,-0.315305,-0.158073,-0.053178,1.336284,-0.154383,-0.139505,-0.025493,-0.100478,0.248602,-0.052651,0.165524,-0.255987,1.192731,-0.066709,-0.012909,0.206145,-0.086288,-0.122325,0.276349,1.257161,0.077201,0.065092,-0.053663
0.010838,3.596583,0.771706,0.058038,-0.010257,0.672480,0.737765,0.003756,-0.119944,0.143338,0.231367,-0.143888,0.031365,-0.325915,-0.152405,-0.056330,1.312424,-0.159101,-0.135630,-0.030127,-0.098835,0.250759,-0.066137,0.167576,-0.264024,1.187550,-0.066273,-0.015067,0.204801,-0.076166,-0.123239,0.268807,1.254160,0.078786,0.063562,-0.053600
0.010827,3.603075,0.771957,0.058155,-0.011664,0.674206,0.736157,0.018603,-0.120927,0.137349,0.225989,-0.150256,0.033087,-0.335886,-0.147683,-0.060122,1.285664,-0.163220,-0.131429,-0.034701,-0.097496,0.253111,-0.079798,0.169505,-0.271322,1.181455,-0.064862,-0.016237,0.203983,-0.066543,-0.124175,0.262360,1.251016,0.080842,0.062542,-0.054072
0.010821,3.609566,0.772178,0.058271,-0.012978,0.675992,0.734487,0.033015,-0.121901,0.131333,0.220877,-0.156521,0.034986,-0.345168,-0.143632,-0.064497,1.255906,-0.166896,-0.126869,-0.039244,-0.096343,0.255585,-0.093588,0.171325,-0.278029,1.174586,-0.062675,-0.016785,0.203559,-0.057276,-0.125147,0.256658,1.247684,0.083136,0.061856,-0.054856
0.010744,3.616015,0.772308,0.058371,-0.014163,0.677816,0.732774,0.047110,-0.122917,0.125280,0.215871,-0.162736,0.036888,-0.353761,-0.140276,-0.069368,1.223637,-0.169859,-0.122585,-0.043773,-0.095387,0.257983,-0.107145,0.173034,-0.284299,1.167069,-0.060291,-0.017232,0.203295,-0.048288,-0.126108,0.251196,1.244457,0.085011,0.061471,-0.055753
0.010684,3.622505,0.772361,0.058466,-0.015155,0.679657,0.731039,0.060797,-0.124001,0.119212,0.211246,-0.169089,0.038618,-0.361695,-0.137662,-0.074691,1.189403,-0.171907,-0.119276,-0.048302,-0.094627,0.260102,-0.120123,0.174627,-0.290325,1.159037,-0.058326,-0.018097,0.202965,-0.039538,-0.126958,0.245483,1.241650,0.085851,0.061365,-0.056565
0.010621,3.629077,0.772318,0.058531,-0.015960,0.681516,0.729284,0.074024,-0.125162,0.113125,0.207109,-0.175675,0.040172,-0.369030,-0.136083,-0.080800,1.153284,-0.173218,-0.117595,-0.052889,-0.094020,0.261900,-0.132529,0.176088,-0.296185,1.150503,-0.056844,-0.019514,0.202623,-0.031066,-0.127620,0.239307,1.239313,0.085128,0.061704,-0.057381
0.010594,3.635520,0.772227,0.058572,-0.016597,0.683399,0.727502,0.086814,-0.126378,0.107017,0.203342,-0.182376,0.041632,-0.375708,-0.135316,-0.087634,1.115007,-0.173846,-0.116942,-0.057341,-0.093581,0.263512,-0.144550,0.177529,-0.301965,1.141350,-0.055622,-0.021193,0.202342,-0.022799,-0.128147,0.232738,1.237206,0.083232,0.062447,-0.058231
0.010601,3.642072,0.772064,0.058591,-0.017077,0.685305,0.725694,0.099302,-0.127621,0.100894,0.199716,-0.189080,0.042948,-0.381628,-0.134665,-0.094532,1.074599,-0.173421,-0.116166,-0.061805,-0.093390,0.264834,-0.156057,0.178833,-0.307206,1.131773,-0.054607,-0.023056,0.201997,-0.014924,-0.128483,0.226381,1.235697,0.081073,0.063228,-0.058988
0.010723,3.648640,0.771788,0.058604,-0.017400,0.687230,0.723863,0.111632,-0.128889,0.094761,0.195940,-0.195633,0.044073,-0.386686,-0.133527,-0.100795,1.032035,-0.171544,-0.114183,-0.066072,-0.093531,0.265864,-0.167006,0.180065,-0.311931,1.121906,-0.053937,-0.025049,0.201424,-0.007344,-0.128633,0.220362,1.234835,0.079414,0.063689,-0.059438
0.010865,3.655170,0.771394,0.058579,-0.017573,0.689212,0.721974,0.123731,-0.130070,0.088566,0.192086,-0.202058,0.044933,-0.390854,-0.131832,-0.106278,0.987105,-0.168497,-0.111187,-0.070734,-0.093975,0.266390,-0.177322,0.180964,-0.315325,1.111897,-0.053488,-0.027259,0.200723,-0.000432,-0.128617,0.215426,1.235139,0.078751,0.063597,-0.059387
0.010992,3.661833,0.770957,0.058523,-0.017588,0.691240,0.720037,0.135556,-0.131211,0.082328,0.188238,-0.208398,0.045577,-0.394231,-0.129921,-0.111297,0.939924,-0.164356,-0.107646,-0.074708,-0.094741,0.266740,-0.187250,0.182114,-0.318943,1.101317,-0.053726,-0.029619,0.199851,0.006485,-0.128359,0.210025,1.235766,0.078223,0.063184,-0.058785
0.011201,3.668522,0.770461,0.058491,-0.017441,0.693241,0.718117,0.147330,-0.132514,0.076141,0.184153,-0.214581,0.046133,-0.396746,-0.127849,-0.115831,0.890595,-0.158392,-0.102961,-0.078927,-0.095795,0.266746,-0.196495,0.183004,-0.321504,1.090580,-0.053858,-0.032024,0.198739,0.012811,-0.127976,0.205483,1.237170,0.077884,0.062803,-0.058418
0.011404,3.675250,0.769892,0.058560,-0.017106,0.695141,0.716280,0.159296,-0.134192,0.070087,0.179535,-0.220490,0.046722,-0.398347,-0.125701,-0.119827,0.839201,-0.149857,-0.096549,-0.082477,-0.097214,0.266673,-0.205256,0.183888,-0.324148,1.079745,-0.053934,-0.034264,0.197241,0.018995,-0.127355,0.200765,1.238769,0.077085,0.062784,-0.058744
0.011586,3.682020,0.769208,0.058727,-0.016540,0.696905,0.714563,0.171422,-0.136296,0.064224,0.174268,-0.226123,0.047324,-0.399123,-0.123572,-0.122946,0.785283,-0.138288,-0.088579,-0.085683,-0.098898,0.266434,-0.213418,0.184490,-0.326134,1.068697,-0.053744,-0.036370,0.195168,0.024833,-0.126674,0.196427,1.240685,0.075757,0.063284,-0.060173
0.011843,3.688784,0.768440,0.058957,-0.015769,0.698581,0.712924,0.183604,-0.138705,0.058476,0.168528,-0.231528,0.047885,-0.399039,-0.121471,-0.125217,0.728819,-0.124141,-0.079340,-0.088610,-0.100798,0.265999,-0.221015,0.184848,-0.327504,1.057423,-0.053447,-0.038424,0.192643,0.030383,-0.126018,0.192429,1.242929,0.074131,0.064114,-0.062296
0.012065,3.695597,0.767559,0.059279,-0.014871,0.700225,0.711301,0.195970,-0.141367,0.052724,0.162495,-0.236709,0.048476,-0.397871,-0.119411,-0.127100,0.670529,-0.108069,-0.068454,-0.090875,-0.103019,0.265464,-0.228377,0.185134,-0.329326,1.046531,-0.053134,-0.040334,0.190077,0.035849,-0.125028,0.188009,1.245437,0.072345,0.065071,-0.064578
0.012305,3.702448,0.766591,0.059744,-0.013910,0.701895,0.709634,0.208623,-0.144219,0.046841,0.156420,-0.241707,0.049158,-0.395394,-0.117454,-0.129054,0.611059,-0.090692,-0.055569,-0.093136,-0.105516,0.264795,-0.235274,0.185268,-0.331320,1.036364,-0.052478,-0.042055,0.187809,0.041135,-0.123901,0.183745,1.248256,0.071005,0.066009,-0.066497
0.012577,3.709412,0.765549,0.060405,-0.012898,0.703634,0.707872,0.221704,-0.147356,0.040722,0.150282,-0.246535,0.050119,-0.391169,-0.115929,-0.131118,0.549373,-0.071191,-0.040523,-0.095620,-0.108268,0.264069,-0.241537,0.185229,-0.333372,1.026736,-0.051303,-0.043561,0.185850,0.046392,-0.122909,0.179675,1.251233,0.070338,0.066906,-0.067894
0.012906,3.716459,0.764461,0.061249,-0.011791,0.705417,0.706043,0.235187,-0.150791,0.034387,0.143926,-0.251146,0.051246,-0.385266,-0.114936,-0.132922,0.485097,-0.049440,-0.023652,-0.097900,-0.111361,0.263279,-0.247439,0.184982,-0.335735,1.017706,-0.049787,-0.044892,0.184078,0.051632,-0.121786,0.175420,1.254423,0.069968,0.067829,-0.069084
0.013231,3.723536,0.763227,0.062228,-0.010580,0.707207,0.704183,0.249030,-0.154423,0.027865,0.137170,-0.255342,0.052176,-0.377922,-0.114259,-0.134393,0.419300,-0.026894,-0.005349,-0.100093,-0.114728,0.262372,-0.252941,0.184568,-0.338285,1.009347,-0.048222,-0.046077,0.182485,0.056694,-0.120647,0.171366,1.257772,0.069774,0.068805,-0.070020
0.013487,3.730664,0.761877,0.063316,-0.009246,0.708990,0.702309,0.263312,-0.158244,0.021113,0.129628,-0.258819,0.052582,-0.369341,-0.113786,-0.135548,0.353090,-0.004945,0.014013,-0.102284,-0.118368,0.261351,-0.257993,0.184089,-0.341044,1.001641,-0.046976,-0.047140,0.181039,0.061489,-0.119602,0.167799,1.261132,0.069606,0.069867,-0.070608
0.013781,3.737841,0.760394,0.064678,-0.007655,0.710863,0.700309,0.275424,-0.162660,0.014248,0.126884,-0.264648,0.052351,-0.358770,-0.113888,-0.135929,0.284272,0.017105,0.035375,-0.104620,-0.122769,0.260124,-0.262626,0.183548,-0.344062,0.994708,-0.046257,-0.048202,0.179771,0.066127,-0.118593,0.164756,1.264532,0.069530,0.071112,-0.070754
0.014124,3.745141,0.758767,0.066539,-0.005733,0.712948,0.698029,0.286844,-0.168222,0.006677,0.126367,-0.271414,0.051801,-0.345543,-0.115553,-0.135844,0.211865,0.040061,0.058547,-0.107428,-0.128404,0.258804,-0.266821,0.182940,-0.347325,0.988514,-0.045827,-0.049200,0.178655,0.070711,-0.117548,0.162121,1.267972,0.069595,0.072498,-0.070525
0.014502,3.752485,0.757036,0.068912,-0.003570,0.715245,0.695459,0.298815,-0.174820,-0.001860,0.125830,-0.277599,0.051199,-0.329949,-0.119187,-0.136692,0.138458,0.063046,0.081553,-0.110899,-0.135151,0.257649,-0.270528,0.182398,-0.350875,0.982896,-0.045431,-0.049885,0.177590,0.075092,-0.116558,0.159815,1.271364,0.069596,0.073837,-0.070093
0.014881,3.759954,0.755217,0.071514,-0.001391,0.717578,0.692796,0.311160,-0.181597,-0.010855,0.125425,-0.283000,0.050658,-0.332979,-0.126750,-0.137322,0.109967,0.062475,0.102437,-0.114932,-0.142180,0.256852,-0.273523,0.182093,-0.354501,0.977433,-0.044767,-0.050010,0.176455,0.078985,-0.115838,0.157934,1.274616,0.069370,0.074943,-0.069601
0.015236,3.767401,0.753385,0.074051,0.000688,0.719800,0.690220,0.323651,-0.187819,-0.019767,0.125217,-0.287880,0.050101,-0.346862,-0.135811,-0.138811,0.108418,0.047293,0.121665,-0.118213,-0.148891,0.256429,-0.276669,0.181804,-0.359376,0.972816,-0.043660,-0.049375,0.175458,0.082565,-0.114855,0.155274,1.277790,0.068496,0.075506,-0.069162
0.015629,3.774874,0.751572,0.076357,0.002552,0.721842,0.687828,0.336198,-0.193087,-0.028304,0.125190,-0.292391,0.049310,-0.360008,-0.144230,-0.142044,0.108497,0.030807,0.139840,-0.121560,-0.154812,0.256266,-0.279062,0.181714,-0.364063,0.968233,-0.042062,-0.048169,0.174441,0.085435,-0.114214,0.153171,1.281022,0.067475,0.075747,-0.068601
0.016069,3.782397,0.749849,0.078317,0.004086,0.723592,0.685759,0.348681,-0.197102,-0.036139,0.125293,-0.296157,0.048176,-0.370831,-0.151631,-0.147196,0.108649,0.015565,0.155381,-0.124469,-0.159596,0.256359,-0.280747,0.181720,-0.368718,0.963891,-0.040676,-0.046748,0.173455,0.087536,-0.113773,0.151561,1.284311,0.066319,0.076097,-0.068031
0.016446,3.789845,0.748240,0.079750,0.005164,0.724895,0.684208,0.360902,-0.199520,-0.042773,0.125581,-0.298935,0.046525,-0.378484,-0.157411,-0.154249,0.108830,0.003365,0.166804,-0.125963,-0.162888,0.256754,-0.281979,0.181779,-0.373996,0.960065,-0.040436,-0.045468,0.172634,0.089017,-0.113354,0.150066,1.287414,0.064992,0.076995,-0.067539
0.016848,3.797263,0.746827,0.080684,0.005807,0.725733,0.683204,0.372855,-0.200418,-0.048237,0.126089,-0.301060,0.044175,-0.382564,-0.161432,-0.164934,0.108962,-0.005431,0.174604,-0.127183,-0.164691,0.257355,-0.282296,0.181873,-0.378239,0.956423,-0.040906,-0.044355,0.171848,0.088781,-0.113227,0.150001,1.291180,0.063698,0.078755,-0.067233
0.017163,3.804628,0.745455,0.081214,0.006140,0.726168,0.682676,0.384525,-0.200199,-0.052627,0.126785,-0.302537,0.041275,-0.383715,-0.163737,-0.178668,0.109079,-0.011571,0.179546,-0.126947,-0.165320,0.258269,-0.282401,0.182070,-0.383538,0.953331,-0.042610,-0.043219,0.171373,0.088259,-0.113260,0.150125,1.294450,0.062348,0.081063,-0.066929
0.017401,3.812023,0.744191,0.081359,0.006251,0.726197,0.682626,0.395860,-0.199077,-0.055666,0.127650,-0.302717,0.038144,-0.382500,-0.164056,-0.191953,0.109190,-0.014897,0.180545,-0.125899,-0.164923,0.259093,-0.281451,0.182337,-0.388624,0.950478,-0.044776,-0.042181,0.170824,0.087052,-0.113482,0.150641,1.297673,0.060929,0.083497,-0.066665
0.017696,3.819492,0.743141,0.081094,0.006194,0.725809,0.683072,0.406792,-0.197178,-0.057049,0.128657,-0.300936,0.035087,-0.379512,-0.162102,-0.201265,0.109313,-0.015281,0.176450,-0.124211,-0.163570,0.259477,-0.278957,0.182615,-0.392979,0.947839,-0.047054,-0.041360,0.169992,0.085391,-0.113908,0.151563,1.300810,0.059549,0.085540,-0.066441
0.017930,3.826977,0.742239,0.080623,0.005814,0.724873,0.684123,0.418017,-0.194721,-0.056445,0.129785,-0.297541,0.032222,-0.373343,-0.157711,-0.205450,0.109516,-0.013544,0.166232,-0.121791,-0.161434,0.259633,-0.274717,0.182750,-0.396014,0.945698,-0.049548,-0.040973,0.168718,0.082935,-0.114460,0.153210,1.304523,0.057944,0.087062,-0.066278
0.018186,3.834469,0.741518,0.079793,0.005011,0.723451,0.685731,0.428247,-0.191362,-0.053824,0.133332,-0.293889,0.029312,-0.364111,-0.150832,-0.206482,0.109773,-0.009544,0.150643,-0.118408,-0.158101,0.259775,-0.269045,0.182756,-0.398394,0.943891,-0.052531,-0.040845,0.167261,0.080062,-0.114988,0.155322,1.308224,0.056217,0.088357,-0.066208
0.018369,3.842070,0.740864,0.078133,0.004006,0.721848,0.687615,0.426656,-0.186934,-0.048065,0.159259,-0.299628,0.026114,-0.354735,-0.141725,-0.205555,0.110022,-0.001709,0.131254,-0.115236,-0.152697,0.259105,-0.261735,0.182772,-0.400646,0.941796,-0.055635,-0.040690,0.165832,0.077354,-0.116873,0.158456,1.310786,0.055455,0.089537,-0.065916
0.018600,3.849935,0.740486,0.074840,0.002841,0.720264,0.689645,0.418947,-0.179549,-0.040827,0.192690,-0.306079,0.022244,-0.349197,-0.129695,-0.204122,0.112027,0.010607,0.109463,-0.112115,-0.144371,0.257382,-0.254506,0.182671,-0.402470,0.940337,-0.057198,-0.040147,0.164158,0.074078,-0.118722,0.160291,1.312354,0.054707,0.090543,-0.065894
0.018962,3.857574,0.740588,0.069514,0.001891,0.718926,0.691600,0.404443,-0.168956,-0.032839,0.232227,-0.312596,0.017534,-0.348144,-0.114724,-0.202854,0.113572,0.031635,0.082969,-0.109401,-0.133315,0.253540,-0.247556,0.182630,-0.404588,0.939416,-0.057304,-0.039000,0.162370,0.070436,-0.119982,0.160789,1.312669,0.054199,0.091504,-0.066525
0.019328,3.865405,0.740839,0.062542,0.001012,0.717799,0.693435,0.384767,-0.155535,-0.024595,0.276732,-0.318830,0.012148,-0.359496,-0.099338,-0.200768,0.135626,0.048748,0.051957,-0.107184,-0.119859,0.248022,-0.240360,0.182686,-0.406897,0.938839,-0.056516,-0.037452,0.160418,0.066601,-0.121092,0.160394,1.311854,0.053894,0.092369,-0.067537
0.019882,3.873099,0.741279,0.055215,0.000125,0.717026,0.694856,0.363409,-0.141213,-0.017645,0.323432,-0.322295,0.006818,-0.382689,-0.086323,-0.198428,0.182137,0.054414,0.022089,-0.105769,-0.105871,0.241915,-0.232956,0.182779,-0.409694,0.939668,-0.055080,-0.035777,0.158506,0.063040,-0.122089,0.159337,1.310258,0.053969,0.092892,-0.068559
0.020477,3.880898,0.741632,0.048719,-0.000950,0.716639,0.695740,0.343462,-0.127727,-0.012872,0.370197,-0.320900,0.002269,-0.399566,-0.074282,-0.197058,0.219259,0.060871,-0.001261,-0.105261,-0.093027,0.236271,-0.225471,0.182753,-0.413090,0.943233,-0.053121,-0.034270,0.156893,0.059936,-0.122770,0.158056,1.308600,0.054666,0.092792,-0.069375
0.020977,3.889091,0.741825,0.043038,-0.002277,0.716760,0.695987,0.324899,-0.115045,-0.010752,0.417401,-0.314762,-0.001660,-0.410349,-0.063295,-0.195503,0.247886,0.067554,-0.015792,-0.105492,-0.080889,0.231042,-0.218254,0.182526,-0.418458,0.950018,-0.051096,-0.033111,0.155513,0.058090,-0.123496,0.155639,1.306149,0.056293,0.091851,-0.069688
0.021474,3.897429,0.742181,0.037532,-0.003831,0.717224,0.695821,0.306129,-0.102176,-0.010392,0.466015,-0.304885,-0.005189,-0.417540,-0.052391,-0.193665,0.271084,0.075251,-0.024902,-0.106406,-0.068646,0.225697,-0.211182,0.182123,-0.424925,0.959479,-0.048625,-0.032129,0.154295,0.056836,-0.124072,0.152542,1.303206,0.058734,0.090244,-0.069832
0.022036,3.905710,0.742745,0.032354,-0.005728,0.717616,0.695663,0.287516,-0.089257,-0.010239,0.515476,-0.290883,-0.007730,-0.421592,-0.041422,-0.192225,0.290777,0.081161,-0.031664,-0.106676,-0.056346,0.220984,-0.204065,0.181180,-0.431301,0.970940,-0.045346,-0.031068,0.153582,0.055723,-0.124723,0.149142,1.300146,0.061090,0.088390,-0.069779
0.022622,3.914175,0.743442,0.027726,-0.008047,0.717545,0.695913,0.269420,-0.076496,-0.008752,0.565374,-0.272294,-0.008769,-0.422782,-0.030311,-0.191917,0.308472,0.082640,-0.039031,-0.106201,-0.044473,0.217481,-0.196016,0.179616,-0.434920,0.983413,-0.040500,-0.029682,0.153569,0.053500,-0.125479,0.147295,1.298042,0.062853,0.086740,-0.069752
0.023098,3.922818,0.744250,0.023793,-0.011096,0.716772,0.696813,0.252661,-0.063504,-0.004596,0.615798,-0.247578,-0.007679,-0.420443,-0.018535,-0.192972,0.324257,0.078315,-0.047711,-0.104583,-0.032722,0.215717,-0.186487,0.177140,-0.435331,0.997132,-0.032845,-0.027991,0.154479,0.049962,-0.126547,0.147434,1.297355,0.063674,0.085220,-0.069820
0.023432,3.931264,0.745138,0.020405,-0.014735,0.715532,0.698126,0.236788,-0.050231,0.001269,0.666936,-0.217383,-0.004948,-0.414715,-0.006288,-0.194666,0.337566,0.069718,-0.056004,-0.102260,-0.020889,0.215144,-0.175980,0.173669,-0.433503,1.012517,-0.023005,-0.026108,0.156111,0.045612,-0.127996,0.148947,1.297505,0.064020,0.083702,-0.069866
0.023666,3.939504,0.746051,0.017355,-0.018370,0.714165,0.699521,0.220392,-0.037508,0.006918,0.718420,-0.184573,-0.001788,-0.406996,0.005509,-0.196435,0.348510,0.058753,-0.063153,-0.099582,-0.009527,0.214923,-0.165471,0.169374,-0.429960,1.028811,-0.013289,-0.023910,0.158101,0.040671,-0.129735,0.151021,1.297850,0.064314,0.082304,-0.069650
0.023940,3.947706,0.747027,0.014457,-0.021397,0.713010,0.700678,0.201982,-0.026300,0.010375,0.770077,-0.152132,0.000596,-0.398675,0.016033,-0.197850,0.357035,0.047435,-0.068458,-0.096898,0.000681,0.214277,-0.155834,0.164619,-0.425233,1.045122,-0.006057,-0.021272,0.160082,0.035330,-0.131587,0.152875,1.297744,0.064969,0.081144,-0.068951
0.024233,3.955822,0.748061,0.011753,-0.023539,0.712055,0.701631,0.180620,-0.017381,0.011235,0.823226,-0.119048,0.001553,-0.390210,0.025035,-0.198678,0.363031,0.035519,-0.071250,-0.094190,0.009106,0.212968,-0.146661,0.159596,-0.418705,1.060883,-0.001524,-0.017801,0.162075,0.029511,-0.133396,0.154142,1.297039,0.065528,0.080433,-0.067374
0.024626,3.963872,0.749139,0.009363,-0.025116,0.711148,0.702531,0.157139,-0.010313,0.010599,0.877792,-0.084445,0.001775,-0.380950,0.033125,-0.199225,0.366535,0.022261,-0.072084,-0.091278,0.016035,0.211483,-0.137581,0.154324,-0.410381,1.076455,0.001365,-0.013681,0.164213,0.023083,-0.135125,0.155314,1.296103,0.065950,0.080049,-0.065174
0.025018,3.971716,0.750179,0.007159,-0.026485,0.710444,0.703218,0.132489,-0.004231,0.008675,0.931941,-0.051759,0.002143,-0.370755,0.040732,-0.199983,0.367813,0.008956,-0.072140,-0.088295,0.022160,0.210142,-0.129360,0.149001,-0.401697,1.092181,0.002180,-0.009613,0.166325,0.016230,-0.136796,0.156842,1.295020,0.067224,0.079590,-0.063114
0.025448,3.979398,0.751230,0.005034,-0.027984,0.710091,0.703535,0.107688,0.001854,0.005699,0.983740,-0.024407,0.003660,-0.359305,0.048240,-0.201346,0.366949,-0.003036,-0.072524,-0.085342,0.028203,0.209298,-0.122701,0.143934,-0.394136,1.108305,0.000449,-0.006306,0.168233,0.009161,-0.138395,0.159130,1.293809,0.070321,0.078665,-0.061925
0.026023,3.986975,0.752349,0.002937,-0.029655,0.710188,0.703381,0.082168,0.007578,0.000621,1.033936,-0.001321,0.006785,-0.346370,0.055580,-0.203473,0.363560,-0.013423,-0.073297,-0.082424,0.034174,0.209138,-0.117866,0.139359,-0.387811,1.124901,-0.005001,-0.003867,0.169916,0.001879,-0.139883,0.162243,1.292393,0.076062,0.077029,-0.061725
0.026650,3.994443,0.753499,0.000952,-0.031320,0.710636,0.702862,0.055657,0.012577,-0.006215,1.083238,0.018605,0.011012,-0.332043,0.062590,-0.206088,0.357580,-0.022850,-0.073931,-0.079510,0.039667,0.209525,-0.114246,0.135329,-0.382041,1.141550,-0.013621,-0.001962,0.171431,-0.005707,-0.141191,0.165963,1.290706,0.083728,0.074940,-0.062117
0.027298,4.001702,0.754620,-0.000862,-0.033008,0.711267,0.702146,0.029421,0.018022,-0.012542,1.129897,0.031964,0.016064,-0.316752,0.069377,-0.208840,0.349973,-0.031465,-0.074584,-0.076565,0.044683,0.210265,-0.111267,0.131910,-0.377157,1.157790,-0.023321,-0.000565,0.172745,-0.013597,-0.142392,0.170274,1.288928,0.092001,0.072722,-0.063110
0.027976,4.008938,0.755744,-0.002452,-0.034751,0.711915,0.701401,0.004690,0.025328,-0.016195,1.172270,0.035195,0.021776,-0.300931,0.076090,-0.211396,0.341746,-0.039452,-0.075416,-0.073544,0.049318,0.211186,-0.108370,0.129142,-0.373480,1.173164,-0.032006,0.000319,0.173795,-0.021742,-0.143572,0.175154,1.287158,0.099567,0.070717,-0.064679
0.028652,4.016118,0.756862,-0.003871,-0.036672,0.712728,0.700471,-0.017905,0.035798,-0.016696,1.209995,0.023212,0.028047,-0.284154,0.082879,-0.214228,0.332401,-0.046612,-0.076565,-0.070729,0.053779,0.212273,-0.105775,0.127127,-0.371736,1.188010,-0.039860,0.000393,0.174509,-0.030118,-0.144817,0.181240,1.285500,0.106841,0.068941,-0.066996
0.029365,4.023185,0.757983,-0.005134,-0.038723,0.713734,0.699327,-0.039196,0.048509,-0.015433,1.244151,-0.000923,0.034941,-0.266333,0.089633,-0.217301,0.321616,-0.052916,-0.077881,-0.068062,0.057970,0.213642,-0.103595,0.125896,-0.371511,1.202313,-0.047756,-0.000234,0.174896,-0.038727,-0.146101,0.188334,1.283790,0.114278,0.067236,-0.069977
0.030011,4.030206,0.759102,-0.006103,-0.040650,0.714617,0.698307,-0.059995,0.061535,-0.013043,1.274831,-0.028290,0.042592,-0.248183,0.096035,-0.219582,0.310347,-0.058714,-0.079079,-0.065075,0.061515,0.215252,-0.101182,0.125305,-0.371501,1.215224,-0.054694,-0.000957,0.175052,-0.047553,-0.147322,0.195148,1.281788,0.120599,0.065676,-0.073245
0.030580,4.037143,0.760229,-0.006662,-0.042221,0.715064,0.697751,-0.081112,0.073021,-0.009981,1.302136,-0.049947,0.051308,-0.230506,0.101746,-0.220097,0.299705,-0.064435,-0.079902,-0.061241,0.064070,0.217037,-0.097989,0.125115,-0.370440,1.226036,-0.059660,-0.001180,0.175110,-0.056580,-0.148328,0.200351,1.279316,0.124519,0.064343,-0.076463
0.031061,4.043889,0.761315,-0.006730,-0.043331,0.714943,0.697806,-0.102934,0.082803,-0.005612,1.326155,-0.063156,0.061956,-0.213508,0.106623,-0.218363,0.289894,-0.070019,-0.080235,-0.056096,0.065430,0.218917,-0.094251,0.125154,-0.368335,1.234916,-0.061798,-0.000601,0.175064,-0.065817,-0.149078,0.203507,1.276412,0.124788,0.063298,-0.079940
0.031595,4.050563,0.762399,-0.006400,-0.044134,0.714439,0.698275,-0.124916,0.091808,0.000189,1.346818,-0.072817,0.074118,-0.196746,0.110820,-0.215027,0.280356,-0.075330,-0.080240,-0.050081,0.065914,0.220908,-0.090244,0.125384,-0.365657,1.242349,-0.061802,0.000393,0.174900,-0.075306,-0.149715,0.205475,1.273245,0.122458,0.062499,-0.083756
0.032012,4.057343,0.763488,-0.005807,-0.044781,0.713711,0.698983,-0.146477,0.099897,0.006368,1.363869,-0.081302,0.086354,-0.180045,0.114468,-0.210821,0.271066,-0.080556,-0.080083,-0.043831,0.065927,0.223073,-0.085600,0.125777,-0.362040,1.248222,-0.060989,0.001379,0.174776,-0.084987,-0.150249,0.206454,1.269796,0.119451,0.061882,-0.087263
0.032376,4.064146,0.764554,-0.005072,-0.045404,0.712918,0.699757,-0.167053,0.106813,0.011837,1.377047,-0.090966,0.097145,-0.163157,0.117713,-0.206454,0.261876,-0.085878,-0.079927,-0.037843,0.065844,0.225401,-0.080118,0.126230,-0.357342,1.252654,-0.060778,0.001929,0.174904,-0.094784,-0.150607,0.206548,1.266133,0.117709,0.061343,-0.089852
0.032732,4.070872,0.765573,-0.004154,-0.046031,0.712083,0.700573,-0.186452,0.112185,0.016437,1.386092,-0.102303,0.106106,-0.145864,0.120500,-0.201992,0.252618,-0.091285,-0.079754,-0.032574,0.065671,0.228039,-0.073241,0.126780,-0.350811,1.254987,-0.061033,0.001962,0.175376,-0.104845,-0.150832,0.205663,1.262256,0.117499,0.061080,-0.091436
0.033000,4.077653,0.766544,-0.003011,-0.046594,0.711127,0.701511,-0.204973,0.116161,0.020788,1.391169,-0.114042,0.113936,-0.128370,0.122752,-0.197124,0.243484,-0.096750,-0.079481,-0.027750,0.065207,0.230963,-0.065175,0.127468,-0.342638,1.255334,-0.061136,0.001699,0.176044,-0.115237,-0.150894,0.203914,1.258209,0.117899,0.061065,-0.092324
0.033182,4.084288,0.767412,-0.001780,-0.047093,0.710064,0.702558,-0.222866,0.119211,0.024937,1.392691,-0.125825,0.120702,-0.111062,0.124619,-0.191989,0.234744,-0.102317,-0.079182,-0.023242,0.064456,0.233996,-0.056395,0.128420,-0.333463,1.254430,-0.061598,0.001162,0.176657,-0.125988,-0.150755,0.202216,1.254177,0.119175,0.060873,-0.092467
0.033375,4.090961,0.768243,-0.000588,-0.047521,0.708906,0.703700,-0.240354,0.121832,0.028912,1.391038,-0.137301,0.126488,-0.094305,0.126283,-0.186723,0.226648,-0.108030,-0.078944,-0.018413,0.063690,0.236862,-0.047903,0.129345,-0.324565,1.253605,-0.063049,0.000346,0.177096,-0.136736,-0.150552,0.200884,1.250092,0.121475,0.060085,-0.091774
0.033437,4.097606,0.768945,0.000541,-0.047845,0.707609,0.704982,-0.257598,0.123859,0.032669,1.386240,-0.148779,0.131510,-0.078162,0.127775,-0.181269,0.219146,-0.113848,-0.078777,-0.013624,0.062780,0.239529,-0.039264,0.130460,-0.315320,1.252460,-0.065677,-0.000857,0.177068,-0.147758,-0.150281,0.200550,1.246204,0.125712,0.058405,-0.089865
0.033502,4.104107,0.769628,0.001668,-0.048086,0.706181,0.706395,-0.274447,0.125134,0.036242,1.378111,-0.160292,0.135650,-0.062562,0.129004,-0.175617,0.212384,-0.119864,-0.078650,-0.008791,0.061768,0.242098,-0.030374,0.131662,-0.305689,1.250742,-0.069217,-0.002414,0.176765,-0.158915,-0.149963,0.200544,1.242307,0.131439,0.056140,-0.086867
0.033778,4.110795,0.770206,0.002797,-0.048304,0.704714,0.707840,-0.290578,0.126126,0.039804,1.366624,-0.171057,0.138486,-0.047293,0.130010,-0.169911,0.206115,-0.126019,-0.078606,-0.004073,0.060718,0.244758,-0.021504,0.132933,-0.295904,1.248685,-0.073120,-0.004087,0.176484,-0.170182,-0.149628,0.201080,1.238176,0.137274,0.053776,-0.083493
0.033890,4.117323,0.770698,0.003934,-0.048557,0.703300,0.709222,-0.305701,0.127297,0.043547,1.351804,-0.180301,0.139612,-0.032283,0.130804,-0.164311,0.200358,-0.132362,-0.078687,0.000428,0.059726,0.247699,-0.012968,0.134228,-0.286274,1.246553,-0.076857,-0.005634,0.176531,-0.181452,-0.149304,0.202242,1.233508,0.141763,0.051788,-0.080450
0.033970,4.123837,0.771141,0.005122,-0.048888,0.701985,0.710493,-0.319636,0.128601,0.047484,1.333404,-0.187962,0.138237,-0.017423,0.131341,-0.158873,0.195141,-0.138944,-0.079005,0.004648,0.058794,0.251090,-0.004866,0.135537,-0.276867,1.244346,-0.080605,-0.007072,0.176980,-0.192742,-0.149033,0.204103,1.228146,0.144786,0.050283,-0.077784
0.034001,4.130287,0.771531,0.006357,-0.049244,0.700713,0.711714,-0.332544,0.129830,0.051591,1.311450,-0.194359,0.134797,-0.002823,0.131643,-0.153521,0.190507,-0.145743,-0.079518,0.008720,0.057932,0.254789,0.002894,0.136811,-0.267590,1.242046,-0.084539,-0.008512,0.177686,-0.204033,-0.148832,0.206515,1.222221,0.147010,0.049010,-0.075153
0.034057,4.136738,0.771838,0.007533,-0.049591,0.699425,0.712943,-0.344601,0.131181,0.055989,1.286366,-0.199336,0.130698,0.011440,0.131833,-0.148187,0.186272,-0.152659,-0.080025,0.012615,0.057150,0.258519,0.010560,0.138111,-0.258309,1.239613,-0.088112,-0.009843,0.178582,-0.215280,-0.148623,0.209558,1.215938,0.148279,0.047897,-0.072725
0.034003,4.143187,0.772031,0.008556,-0.049874,0.698066,0.714243,-0.356018,0.132854,0.060778,1.258598,-0.202754,0.127346,0.025172,0.132009,-0.142819,0.182416,-0.159647,-0.080325,0.016591,0.056530,0.261937,0.018039,0.139322,-0.249225,1.237392,-0.090836,-0.010964,0.179689,-0.226298,-0.148385,0.212914,1.209468,0.148276,0.046868,-0.070667
0.034000,4.149620,0.772176,0.009452,-0.050088,0.696643,0.715604,-0.366879,0.134714,0.065824,1.228108,-0.204445,0.124957,0.038471,0.132156,-0.137467,0.178838,-0.166674,-0.080305,0.020579,0.056074,0.265096,0.025284,0.140447,-0.240410,1.235459,-0.092372,-0.011885,0.181103,-0.237149,-0.148096,0.216614,1.202780,0.146345,0.046047,-0.069102
0.033974,4.155998,0.772215,0.010257,-0.050255,0.695180,0.717003,-0.377034,0.136679,0.071135,1.194709,-0.204567,0.122810,0.051372,0.132231,-0.132144,0.175598,-0.173773,-0.080094,0.024537,0.055750,0.268108,0.032288,0.141498,-0.231819,1.233716,-0.093061,-0.012645,0.182806,-0.247868,-0.147750,0.220717,1.195801,0.142820,0.045419,-0.067924
0.033960,4.162420,0.772168,0.010899,-0.050345,0.693637,0.718481,-0.386374,0.138995,0.077008,1.158614,-0.203468,0.120903,0.063659,0.132291,-0.126727,0.172859,-0.181018,-0.079845,0.028619,0.055564,0.270741,0.039112,0.142415,-0.223283,1.232142,-0.093380,-0.013204,0.184628,-0.258340,-0.147375,0.225164,1.188718,0.138958,0.044696,-0.066960
0.033950,4.168832,0.772074,0.011322,-0.050321,0.691971,0.720080,-0.394787,0.141897,0.083748,1.120028,-0.201510,0.119204,0.075148,0.132401,-0.121082,0.170689,-0.188415,-0.079716,0.032776,0.055468,0.272788,0.046025,0.143198,-0.214396,1.230509,-0.093761,-0.013509,0.186347,-0.268566,-0.146913,0.230198,1.181788,0.136158,0.043593,-0.066049
0.033848,4.175311,0.771927,0.011488,-0.050154,0.690155,0.721830,-0.402297,0.145721,0.091863,1.078823,-0.199264,0.117961,0.085565,0.132526,-0.115188,0.169471,-0.196146,-0.079781,0.037275,0.055505,0.274111,0.052751,0.143753,-0.205526,1.229086,-0.094259,-0.013441,0.188202,-0.278470,-0.146441,0.235732,1.174974,0.134844,0.041914,-0.065273
0.033760,4.181766,0.771670,0.011449,-0.049851,0.688216,0.723700,-0.408917,0.150120,0.101100,1.034908,-0.196372,0.117003,0.095088,0.132660,-0.109113,0.169020,-0.204125,-0.079954,0.041828,0.055627,0.274859,0.059407,0.144108,-0.196478,1.227764,-0.094612,-0.013063,0.190184,-0.288200,-0.145895,0.241987,1.168256,0.134361,0.039855,-0.064695
0.033701,4.188199,0.771323,0.011224,-0.049489,0.686201,0.725640,-0.414599,0.154372,0.110584,0.988630,-0.191886,0.115734,0.104121,0.132896,-0.102877,0.168826,-0.212155,-0.080151,0.046588,0.055939,0.275134,0.065970,0.144240,-0.187248,1.226541,-0.095009,-0.012611,0.191895,-0.297442,-0.145351,0.248245,1.161476,0.133971,0.037745,-0.064033
0.033562,4.194741,0.770949,0.010834,-0.049138,0.684154,0.727600,-0.419349,0.157853,0.119378,0.940315,-0.184764,0.113646,0.113137,0.133314,-0.096480,0.168273,-0.219995,-0.080273,0.051072,0.056389,0.275101,0.072850,0.144135,-0.177051,1.225062,-0.095472,-0.012322,0.192855,-0.306356,-0.144636,0.254592,1.154909,0.133179,0.035815,-0.063080
0.033372,4.201295,0.770508,0.010256,-0.048766,0.682069,0.729588,-0.423271,0.160700,0.127399,0.889672,-0.174695,0.111131,0.122077,0.133946,-0.089888,0.167193,-0.227557,-0.080383,0.055446,0.056946,0.274677,0.079995,0.143739,-0.165644,1.223416,-0.096096,-0.012372,0.192839,-0.314882,-0.143720,0.260724,1.148454,0.131606,0.034149,-0.061836
0.033191,4.207984,0.770064,0.009483,-0.048349,0.679928,0.731621,-0.426391,0.163204,0.135005,0.836694,-0.162282,0.108364,0.130780,0.134723,-0.083106,0.165862,-0.234955,-0.080488,0.059827,0.057614,0.273808,0.087249,0.143056,-0.153423,1.221716,-0.096837,-0.012592,0.192133,-0.323002,-0.142643,0.266737,1.142065,0.129604,0.032592,-0.060401
0.032985,4.214629,0.769530,0.008597,-0.047950,0.677758,0.733670,-0.428584,0.165088,0.141871,0.782000,-0.147868,0.104633,0.139496,0.135562,-0.076201,0.164346,-0.242218,-0.080407,0.064044,0.058423,0.272633,0.094617,0.142143,-0.140998,1.219930,-0.097595,-0.012723,0.191102,-0.330753,-0.141445,0.272849,1.135967,0.127600,0.031134,-0.058745
0.032807,4.221351,0.768887,0.007683,-0.047626,0.675581,0.735706,-0.429699,0.166129,0.147640,0.726112,-0.131759,0.099260,0.148491,0.136386,-0.069242,0.162700,-0.249380,-0.079975,0.068020,0.059432,0.271299,0.102069,0.141097,-0.129089,1.218011,-0.098290,-0.012493,0.190111,-0.338089,-0.140171,0.279195,1.130272,0.126045,0.029773,-0.056810
0.032504,4.228142,0.768193,0.006770,-0.047378,0.673417,0.737712,-0.429443,0.166500,0.152476,0.668140,-0.112613,0.091943,0.157877,0.137104,-0.062218,0.160793,-0.256408,-0.079071,0.071753,0.060615,0.269839,0.109600,0.139992,-0.117971,1.215892,-0.099117,-0.011766,0.189139,-0.344919,-0.138875,0.285722,1.124865,0.125230,0.028543,-0.054483
0.032262,4.235081,0.767389,0.005822,-0.047164,0.671250,0.739707,-0.427987,0.166378,0.156300,0.608024,-0.090739,0.083213,0.167456,0.137767,-0.055121,0.158743,-0.263365,-0.077821,0.075336,0.061947,0.268180,0.117229,0.138825,-0.107306,1.213567,-0.100072,-0.010695,0.188006,-0.351209,-0.137560,0.292336,1.119623,0.124874,0.027439,-0.051799
0.031938,4.242123,0.766518,0.004775,-0.047037,0.669049,0.741713,-0.425915,0.165750,0.158366,0.547628,-0.068981,0.073739,0.177172,0.138559,-0.047991,0.156597,-0.270173,-0.076435,0.078788,0.063485,0.266336,0.124944,0.137597,-0.096817,1.211148,-0.100761,-0.009473,0.186851,-0.357101,-0.136223,0.299154,1.114796,0.124522,0.026399,-0.048942
0.031649,4.249156,0.765557,0.003575,-0.047051,0.666778,0.743761,-0.423716,0.164781,0.157999,0.488723,-0.050149,0.064245,0.187021,0.139680,-0.040836,0.154377,-0.276768,-0.075116,0.082148,0.065316,0.264315,0.132756,0.136295,-0.086259,1.208728,-0.100817,-0.008286,0.185811,-0.362682,-0.134824,0.306255,1.110574,0.123695,0.025353,-0.046096
0.031327,4.256346,0.764543,0.002137,-0.047228,0.664378,0.745900,-0.421559,0.163802,0.154515,0.431008,-0.035083,0.055812,0.197006,0.141307,-0.033528,0.151870,-0.283089,-0.073900,0.085517,0.067539,0.261989,0.140749,0.134875,-0.075174,1.206284,-0.099753,-0.007099,0.184857,-0.367990,-0.133325,0.313727,1.107005,0.122511,0.024282,-0.043211
0.031035,4.263557,0.763364,0.000510,-0.047553,0.661871,0.748108,-0.419030,0.163216,0.148425,0.373639,-0.022280,0.048137,0.207194,0.143316,-0.026060,0.149055,-0.289144,-0.072682,0.088830,0.070103,0.259387,0.148918,0.133324,-0.063773,1.203771,-0.097880,-0.005841,0.183950,-0.373014,-0.131711,0.321554,1.104045,0.121144,0.023220,-0.040238
0.030734,4.270820,0.762139,-0.001179,-0.048048,0.659321,0.750324,-0.415606,0.163263,0.140971,0.317344,-0.010962,0.039832,0.217630,0.145506,-0.018577,0.146339,-0.294987,-0.071463,0.091951,0.072935,0.256815,0.157079,0.131711,-0.052836,1.201295,-0.096031,-0.004663,0.183196,-0.377827,-0.130002,0.329628,1.101819,0.119207,0.022153,-0.037356
0.030388,4.278024,0.760796,-0.002816,-0.048790,0.656766,0.752509,-0.410348,0.163975,0.133513,0.262049,-0.000001,0.029281,0.228523,0.147786,-0.011142,0.143930,-0.300573,-0.070266,0.094838,0.076044,0.254614,0.165081,0.130146,-0.043189,1.198933,-0.095059,-0.003706,0.182694,-0.382406,-0.128239,0.337817,1.100302,0.116312,0.021131,-0.034735
0.030053,4.285390,0.759325,-0.004556,-0.050064,0.654035,0.754792,-0.401748,0.165717,0.125991,0.204390,0.011595,0.014273,0.240583,0.150856,-0.003294,0.140863,-0.305436,-0.069299,0.097774,0.080091,0.252886,0.173220,0.128716,-0.035182,1.196417,-0.095364,-0.003041,0.182432,-0.386864,-0.126480,0.346339,1.099664,0.111937,0.019962,-0.032278
0.029676,4.292774,0.757748,-0.006545,-0.052045,0.650984,0.757277,-0.389997,0.169277,0.118061,0.144617,0.023216,-0.003827,0.254224,0.155200,0.005433,0.136495,-0.309272,-0.068602,0.101147,0.085524,0.251600,0.181538,0.127396,-0.028415,1.193755,-0.096467,-0.002566,0.182338,-0.391089,-0.124751,0.355116,1.099785,0.106402,0.018707,-0.029900
0.029245,4.300361,0.755959,-0.008822,-0.054764,0.647639,0.759926,-0.392176,0.177036,0.107869,0.120366,0.016951,-0.021658,0.269109,0.160825,0.015100,0.131825,-0.312510,-0.067945,0.105147,0.092482,0.250795,0.189560,0.126127,-0.022564,1.191410,-0.097892,-0.002186,0.182441,-0.394883,-0.123089,0.363739,1.100453,0.100742,0.017712,-0.027783
0.028784,4.307946,0.754288,-0.010485,-0.056974,0.644746,0.762199,-0.399603,0.183773,0.098355,0.113169,0.004879,-0.035491,0.282687,0.164366,0.023601,0.130130,-0.316654,-0.066681,0.108441,0.097764,0.250391,0.196474,0.124958,-0.017257,1.189978,-0.099140,-0.001809,0.182792,-0.398022,-0.121513,0.371713,1.101258,0.096006,0.017305,-0.026176
0.028336,4.315473,0.752790,-0.011420,-0.058580,0.642397,0.764044,-0.407705,0.188178,0.090411,0.113153,-0.007498,-0.045514,0.295308,0.165491,0.030648,0.130567,-0.321501,-0.064721,0.110868,0.101017,0.250589,0.202136,0.123933,-0.012288,1.189543,-0.100351,-0.001532,0.183473,-0.400567,-0.120031,0.378918,1.101946,0.092338,0.017865,-0.025216
0.027952,4.322975,0.751381,-0.011879,-0.059823,0.640460,0.765566,-0.413415,0.190533,0.084052,0.113167,-0.017336,-0.053505,0.306866,0.165034,0.036487,0.133506,-0.327280,-0.062253,0.112593,0.102946,0.251253,0.206851,0.123083,-0.007862,1.189850,-0.101694,-0.001371,0.184438,-0.402600,-0.118639,0.385574,1.102712,0.089216,0.019123,-0.024765
0.027556,4.330471,0.749997,-0.011979,-0.060630,0.638981,0.766735,-0.416633,0.191052,0.079501,0.113189,-0.024055,-0.058594,0.316902,0.163298,0.041085,0.139285,-0.333624,-0.059314,0.113828,0.103713,0.251901,0.210514,0.122545,-0.004538,1.190988,-0.102815,-0.001084,0.185497,-0.403696,-0.117548,0.391486,1.103660,0.086661,0.020453,-0.024549
0.027153,4.337972,0.748784,-0.011828,-0.060939,0.638018,0.767515,-0.417262,0.189905,0.076936,0.113237,-0.027078,-0.059859,0.324843,0.160496,0.044384,0.148481,-0.340277,-0.055936,0.114145,0.103335,0.252078,0.213376,0.122159,-0.002191,1.192849,-0.103175,-0.000444,0.186491,-0.403995,-0.116510,0.397163,1.105522,0.084838,0.021201,-0.024444
0.026762,4.345425,0.747679,-0.011310,-0.060896,0.637641,0.767840,-0.414201,0.187085,0.076640,0.113362,-0.026627,-0.056783,0.331255,0.156708,0.046427,0.160796,-0.347344,-0.052130,0.113436,0.101902,0.252041,0.215327,0.122021,-0.001312,1.195803,-0.102742,0.000592,0.187373,-0.403480,-0.115464,0.402404,1.108629,0.083838,0.020958,-0.024357
0.026283,4.352828,0.746748,-0.010360,-0.060452,0.637797,0.767759,-0.407810,0.182342,0.078480,0.113495,-0.022820,-0.050017,0.336350,0.151665,0.047256,0.175820,-0.354768,-0.047869,0.112026,0.099238,0.251923,0.216264,0.122247,-0.001846,1.199791,-0.101783,0.001922,0.188215,-0.402057,-0.114567,0.406970,1.112516,0.083544,0.020153,-0.024364
0.025899,4.360415,0.745920,-0.009135,-0.059225,0.638345,0.767415,-0.400241,0.175501,0.082021,0.113606,-0.014992,-0.040318,0.338888,0.144998,0.046830,0.194171,-0.362118,-0.043131,0.110248,0.094944,0.251097,0.216363,0.122702,-0.003024,1.204116,-0.100288,0.003521,0.189073,-0.399708,-0.113891,0.411141,1.116701,0.083716,0.019398,-0.024587
0.025557,4.368168,0.745245,-0.007794,-0.056804,0.639140,0.766951,-0.393628,0.166412,0.086888,0.113573,-0.002450,-0.028403,0.337660,0.136341,0.045157,0.216380,-0.368940,-0.037882,0.108555,0.088757,0.248901,0.215666,0.123040,-0.004198,1.208189,-0.098167,0.005359,0.190115,-0.396432,-0.113610,0.414923,1.120736,0.083945,0.019314,-0.025100
0.025188,4.375977,0.744792,-0.006413,-0.052875,0.640221,0.766342,-0.393819,0.155363,0.093362,0.125654,0.009501,-0.012365,0.331908,0.125295,0.041994,0.242959,-0.375980,-0.032011,0.106618,0.080183,0.244839,0.214366,0.123303,-0.004739,1.211781,-0.094812,0.007682,0.191283,-0.392372,-0.113486,0.418734,1.124768,0.084517,0.020021,-0.026305
0.024536,4.383683,0.744612,-0.005168,-0.048041,0.641398,0.765685,-0.410593,0.145009,0.099809,0.173069,0.007734,0.007635,0.323016,0.112950,0.038276,0.272932,-0.383016,-0.025664,0.104535,0.070400,0.239368,0.212620,0.123462,-0.004842,1.215083,-0.090380,0.010428,0.192486,-0.387532,-0.113519,0.422869,1.128919,0.085669,0.021270,-0.028051
0.023964,4.391532,0.744402,-0.003938,-0.042741,0.642473,0.765105,-0.426422,0.134416,0.106975,0.217485,0.010236,0.027893,0.312219,0.099853,0.034881,0.305169,-0.388100,-0.019074,0.102854,0.060008,0.233110,0.210515,0.123449,-0.005337,1.218075,-0.086189,0.013095,0.193827,-0.382153,-0.113739,0.426948,1.133593,0.086830,0.022844,-0.029726
0.023133,4.399129,0.744509,-0.002669,-0.037357,0.643313,0.764687,-0.439523,0.123508,0.112834,0.253196,0.017946,0.044548,0.300241,0.086513,0.032464,0.339409,-0.389908,-0.012413,0.101475,0.049418,0.226572,0.208516,0.123339,-0.006571,1.220399,-0.083628,0.015206,0.195215,-0.376319,-0.114146,0.431654,1.138821,0.088006,0.024575,-0.030856
0.022317,4.406863,0.744782,-0.001427,-0.031267,0.643915,0.764457,-0.451154,0.111085,0.116660,0.278682,0.034386,0.057349,0.285765,0.072058,0.031435,0.376042,-0.388947,-0.004748,0.100386,0.037683,0.218974,0.206621,0.123216,-0.008667,1.221713,-0.083467,0.016693,0.196917,-0.370372,-0.114699,0.437184,1.144734,0.089264,0.026373,-0.031164
0.021652,4.414836,0.745130,-0.000150,-0.024364,0.644407,0.764295,-0.462443,0.097101,0.119607,0.298243,0.057435,0.068120,0.268677,0.056298,0.031338,0.415179,-0.385646,0.003681,0.099196,0.024716,0.210326,0.204717,0.122963,-0.011286,1.222147,-0.084860,0.017786,0.198821,-0.363934,-0.115749,0.443714,1.150810,0.090893,0.028386,-0.030983
0.021107,4.423257,0.745482,0.001441,-0.017735,0.644914,0.764048,-0.471027,0.082631,0.122231,0.313988,0.080055,0.075957,0.251563,0.040494,0.031306,0.455943,-0.378823,0.010958,0.098052,0.011698,0.202147,0.202453,0.122770,-0.014707,1.222649,-0.086743,0.018468,0.200481,-0.356761,-0.116789,0.449848,1.157470,0.092160,0.030669,-0.030672
0.020525,4.431722,0.745955,0.003633,-0.012445,0.645579,0.763584,-0.474572,0.068775,0.124817,0.328052,0.095143,0.079957,0.236863,0.025833,0.030322,0.497693,-0.367343,0.015156,0.096744,-0.000224,0.195930,0.199790,0.122749,-0.018768,1.223930,-0.087999,0.018731,0.201350,-0.348483,-0.117397,0.454880,1.164923,0.092565,0.033290,-0.030640
0.019986,4.440248,0.746474,0.006755,-0.008875,0.646453,0.762873,-0.471643,0.055443,0.126960,0.340800,0.100318,0.078278,0.226183,0.012300,0.027943,0.540049,-0.350330,0.015758,0.095352,-0.010834,0.192269,0.196965,0.122892,-0.024040,1.226367,-0.088812,0.018305,0.201293,-0.338234,-0.117836,0.459141,1.172904,0.092798,0.036353,-0.030999
0.019537,4.448880,0.747038,0.010573,-0.006382,0.647493,0.761971,-0.463964,0.042148,0.128253,0.351678,0.099341,0.071877,0.217729,-0.000894,0.024551,0.583553,-0.328575,0.013642,0.094177,-0.020892,0.190156,0.193840,0.123351,-0.030723,1.229640,-0.089763,0.017293,0.200574,-0.326328,-0.118155,0.462528,1.181408,0.092757,0.039773,-0.031524
0.019268,4.457473,0.747639,0.014564,-0.004465,0.648697,0.760894,-0.453965,0.029402,0.128989,0.361479,0.094331,0.063971,0.209141,-0.013723,0.020253,0.628627,-0.303496,0.009057,0.092772,-0.030453,0.188867,0.190219,0.124024,-0.037488,1.232952,-0.090177,0.016245,0.199207,-0.313758,-0.118199,0.464972,1.190113,0.091471,0.043415,-0.032146
0.018970,4.465936,0.748354,0.018161,-0.002696,0.650049,0.759671,-0.443910,0.017554,0.129571,0.370434,0.087520,0.057734,0.198085,-0.025979,0.015217,0.675729,-0.276429,0.002352,0.090930,-0.039348,0.187582,0.185968,0.124870,-0.043604,1.235488,-0.089701,0.015728,0.197254,-0.301198,-0.118067,0.466444,1.198412,0.088142,0.047252,-0.032841
0.018733,4.474331,0.749138,0.021156,-0.001134,0.651755,0.758133,-0.434128,0.006550,0.129723,0.378319,0.078518,0.053398,0.184053,-0.037259,0.008358,0.725734,-0.246424,-0.008013,0.087948,-0.047094,0.186148,0.181071,0.125554,-0.048363,1.237132,-0.087351,0.016116,0.194363,-0.288525,-0.117793,0.466990,1.206225,0.081179,0.051583,-0.033873
0.018474,4.482638,0.749967,0.023845,0.000007,0.653753,0.756332,-0.423458,-0.003912,0.129410,0.384744,0.066608,0.049372,0.168357,-0.047904,-0.000328,0.777988,-0.213012,-0.021693,0.084380,-0.053834,0.184943,0.175572,0.126276,-0.052708,1.238326,-0.083768,0.017030,0.190657,-0.275348,-0.117372,0.466400,1.213781,0.071457,0.056337,-0.035152
0.018127,4.490724,0.750798,0.026473,0.000965,0.655602,0.754642,-0.411853,-0.013969,0.129444,0.389701,0.053421,0.046116,0.151453,-0.058666,-0.008823,0.830840,-0.178445,-0.035388,0.081071,-0.060282,0.184176,0.169569,0.127225,-0.057033,1.238924,-0.080426,0.017868,0.186904,-0.262498,-0.116762,0.465110,1.221279,0.061963,0.060863,-0.036105
0.017751,4.498600,0.751669,0.029249,0.001943,0.656874,0.753430,-0.399251,-0.023653,0.130517,0.393157,0.040657,0.044070,0.133689,-0.069977,-0.014850,0.882830,-0.145081,-0.045762,0.077768,-0.066704,0.184110,0.163540,0.127642,-0.060406,1.238501,-0.078267,0.017981,0.183961,-0.251048,-0.116374,0.464985,1.228808,0.056068,0.064568,-0.036192
0.017301,4.506371,0.752560,0.032216,0.002896,0.657442,0.752811,-0.385381,-0.032842,0.132738,0.394986,0.028303,0.043522,0.114560,-0.081652,-0.017408,0.935261,-0.111193,-0.051404,0.075372,-0.073139,0.184970,0.157254,0.127780,-0.063243,1.237070,-0.078066,0.017273,0.181760,-0.241012,-0.116151,0.465545,1.236549,0.055107,0.067180,-0.035183
0.016645,4.514042,0.753412,0.035237,0.003712,0.657544,0.752582,-0.370330,-0.041589,0.135672,0.395104,0.015705,0.044186,0.093926,-0.093196,-0.017609,0.988682,-0.076428,-0.054168,0.073683,-0.079201,0.186544,0.150599,0.127684,-0.065994,1.234841,-0.079270,0.016067,0.180043,-0.231834,-0.116074,0.466309,1.244393,0.057266,0.069059,-0.033477
0.015981,4.521533,0.754241,0.038275,0.004504,0.657325,0.752622,-0.354697,-0.050138,0.139156,0.393882,0.003423,0.045620,0.072713,-0.104510,-0.016251,1.040650,-0.045430,-0.055565,0.071721,-0.085060,0.188586,0.143810,0.127336,-0.068451,1.231833,-0.080908,0.014390,0.179169,-0.223634,-0.116204,0.467472,1.252027,0.060478,0.070505,-0.031332
0.015328,4.528919,0.755058,0.041269,0.005376,0.656887,0.752840,-0.338784,-0.058667,0.143069,0.391274,-0.007855,0.047340,0.051967,-0.115591,-0.014157,1.088441,-0.022701,-0.057182,0.069226,-0.090778,0.190650,0.136922,0.126849,-0.071582,1.228364,-0.082573,0.012280,0.179645,-0.216262,-0.116519,0.468683,1.259247,0.062659,0.071774,-0.029116
0.014596,4.536238,0.755847,0.044312,0.006501,0.656076,0.753365,-0.322488,-0.067348,0.147924,0.386813,-0.017856,0.049438,0.031686,-0.126587,-0.010647,1.131810,-0.009765,-0.058522,0.066548,-0.096587,0.192688,0.129984,0.126188,-0.075872,1.224242,-0.084670,0.009551,0.181905,-0.209838,-0.117201,0.470031,1.266100,0.063478,0.072727,-0.026483
0.013813,4.543315,0.756590,0.047385,0.007759,0.654882,0.754204,-0.305640,-0.076041,0.153587,0.380597,-0.026970,0.052076,0.011334,-0.137309,-0.005519,1.172251,-0.004225,-0.058955,0.063893,-0.102291,0.194976,0.122838,0.125333,-0.080900,1.219424,-0.087279,0.006241,0.185540,-0.204107,-0.118469,0.471465,1.272268,0.063931,0.073320,-0.023322
0.013142,4.550266,0.757333,0.050314,0.008886,0.653646,0.755074,-0.288610,-0.084425,0.158993,0.373605,-0.035505,0.054876,-0.008961,-0.147472,-0.000479,1.209774,-0.004821,-0.060007,0.060670,-0.107623,0.197409,0.115409,0.124670,-0.086276,1.214363,-0.089561,0.002748,0.189836,-0.198854,-0.119781,0.472480,1.277796,0.063970,0.073878,-0.020456
0.012485,4.557177,0.758079,0.052930,0.009614,0.652712,0.755693,-0.271762,-0.092145,0.163104,0.366873,-0.043815,0.057468,-0.029025,-0.156889,0.002751,1.244331,-0.010282,-0.063237,0.056749,-0.111941,0.199952,0.107281,0.124226,-0.092264,1.209761,-0.090779,-0.000519,0.194243,-0.193352,-0.121235,0.472102,1.282145,0.063473,0.074765,-0.018630
0.011913,4.563979,0.758845,0.055205,0.009895,0.652148,0.756014,-0.255169,-0.099097,0.165809,0.360565,-0.051895,0.059787,-0.048887,-0.165662,0.003742,1.276172,-0.023522,-0.069652,0.051825,-0.115271,0.202639,0.098501,0.124096,-0.098698,1.205483,-0.090411,-0.003502,0.199049,-0.187793,-0.122621,0.470175,1.285326,0.061787,0.076300,-0.018047
0.011375,4.570641,0.759609,0.057228,0.009865,0.651778,0.756183,-0.238655,-0.105421,0.167656,0.354273,-0.059656,0.062011,-0.068609,-0.173800,0.003463,1.305297,-0.044180,-0.078100,0.045870,-0.117988,0.205398,0.089342,0.124220,-0.105290,1.201233,-0.088895,-0.006393,0.204409,-0.182661,-0.123686,0.467437,1.287885,0.059268,0.078196,-0.018360
0.010837,4.577288,0.760373,0.059009,0.009550,0.651589,0.756213,-0.222189,-0.111119,0.168616,0.348071,-0.067235,0.064157,-0.088017,-0.181074,0.002229,1.331177,-0.066005,-0.086975,0.040373,-0.119886,0.208324,0.079136,0.124778,-0.113603,1.197710,-0.087415,-0.009122,0.209524,-0.176652,-0.125214,0.462676,1.288909,0.056805,0.079952,-0.019280
0.010359,4.583933,0.761154,0.060575,0.008983,0.651570,0.756113,-0.205787,-0.116192,0.168667,0.342125,-0.074821,0.066235,-0.106960,-0.187403,0.000197,1.353278,-0.082731,-0.094835,0.034596,-0.121248,0.211134,0.068392,0.125696,-0.122379,1.194945,-0.086364,-0.011676,0.213448,-0.170227,-0.126661,0.457239,1.289363,0.055871,0.081007,-0.020809
0.010043,4.590562,0.761944,0.061877,0.008150,0.651692,0.755911,-0.189457,-0.120472,0.167827,0.336446,-0.082486,0.068220,-0.125630,-0.193221,-0.003218,1.371567,-0.091966,-0.101741,0.028980,-0.121997,0.213747,0.056936,0.126976,-0.131991,1.193260,-0.086160,-0.014042,0.216061,-0.163028,-0.128032,0.450600,1.288954,0.056528,0.081266,-0.023176
0.009831,4.597120,0.762754,0.062931,0.007044,0.651972,0.755594,-0.173175,-0.123994,0.166143,0.331007,-0.090168,0.070111,-0.143965,-0.198547,-0.008035,1.386239,-0.097272,-0.108381,0.023351,-0.122165,0.216267,0.044816,0.128594,-0.142467,1.192417,-0.086377,-0.016236,0.217783,-0.155231,-0.129329,0.442722,1.287639,0.058176,0.080999,-0.026347
0.009594,4.603644,0.763553,0.063857,0.005718,0.652461,0.755106,-0.156893,-0.127071,0.163613,0.325728,-0.097682,0.071949,-0.161563,-0.202697,-0.013276,1.397213,-0.101225,-0.114268,0.017573,-0.121873,0.218870,0.032032,0.130552,-0.154013,1.192208,-0.086700,-0.018276,0.218636,-0.147114,-0.130585,0.433950,1.285864,0.060932,0.080185,-0.029815
0.009416,4.610129,0.764329,0.064751,0.004195,0.653209,0.754392,-0.140586,-0.130008,0.160233,0.320650,-0.104938,0.073778,-0.177976,-0.204909,-0.017928,1.404327,-0.106388,-0.118828,0.011517,-0.121242,0.221727,0.018591,0.132861,-0.166830,1.192403,-0.086810,-0.020175,0.218635,-0.138940,-0.131845,0.424631,1.284043,0.064922,0.078810,-0.033068
0.009340,4.616449,0.765060,0.065666,0.002400,0.654327,0.753351,-0.124193,-0.132844,0.155683,0.315908,-0.111837,0.075591,-0.192932,-0.204830,-0.022010,1.407371,-0.113168,-0.121794,0.004907,-0.120169,0.225060,0.004212,0.135551,-0.181552,1.193398,-0.086987,-0.022223,0.217514,-0.130743,-0.133146,0.414659,1.282197,0.070983,0.076606,-0.036190
0.009139,4.622768,0.765783,0.066545,0.000350,0.655750,0.752039,-0.107785,-0.135378,0.150097,0.311536,-0.118500,0.077356,-0.206729,-0.202898,-0.026001,1.406460,-0.120241,-0.123462,-0.002055,-0.118675,0.228742,-0.011012,0.138575,-0.197986,1.195167,-0.087303,-0.024312,0.215327,-0.122334,-0.134492,0.403880,1.280045,0.078792,0.073655,-0.039349
0.008948,4.629029,0.766452,0.067336,-0.001772,0.657264,0.750644,-0.091409,-0.137590,0.144128,0.307167,-0.125062,0.079079,-0.219818,-0.199516,-0.029524,1.401903,-0.127549,-0.124065,-0.008844,-0.117019,0.232402,-0.026483,0.141795,-0.215040,1.196821,-0.087121,-0.025861,0.212602,-0.113644,-0.135852,0.392557,1.277559,0.086653,0.070499,-0.042171
0.008858,4.635380,0.767124,0.067999,-0.003770,0.658658,0.749354,-0.075151,-0.139479,0.138431,0.302453,-0.131611,0.080776,-0.232665,-0.195063,-0.032220,1.394024,-0.135015,-0.123862,-0.015005,-0.115421,0.235649,-0.041612,0.145055,-0.231488,1.197481,-0.085740,-0.026298,0.209889,-0.104708,-0.137180,0.381051,1.274841,0.092915,0.067691,-0.044319
0.008785,4.641841,0.767758,0.068503,-0.005600,0.659851,0.748247,-0.058912,-0.141053,0.133203,0.297110,-0.138136,0.082533,-0.245485,-0.189128,-0.033606,1.382730,-0.142971,-0.123105,-0.020437,-0.113836,0.238263,-0.056321,0.148307,-0.247240,1.197090,-0.082413,-0.025073,0.207127,-0.095441,-0.138461,0.369133,1.271905,0.097038,0.065266,-0.045568
0.008772,4.648211,0.768328,0.068888,-0.007360,0.660964,0.747213,-0.042686,-0.142343,0.128104,0.291400,-0.144586,0.084324,-0.257965,-0.181744,-0.033990,1.367872,-0.151345,-0.121656,-0.025429,-0.112150,0.240481,-0.070905,0.151550,-0.262822,1.196096,-0.077667,-0.022642,0.204105,-0.085905,-0.139684,0.356767,1.268778,0.099942,0.062979,-0.046167
0.008768,4.654546,0.768872,0.069193,-0.009080,0.662097,0.746161,-0.026631,-0.143402,0.122980,0.285623,-0.151008,0.086020,-0.269746,-0.173937,-0.034205,1.349683,-0.159485,-0.119159,-0.030146,-0.110468,0.242573,-0.085337,0.154737,-0.277855,1.194382,-0.072672,-0.019937,0.201184,-0.076435,-0.140838,0.344704,1.265703,0.102211,0.060956,-0.046515
0.008758,4.660849,0.769334,0.069466,-0.010776,0.663348,0.745002,-0.010894,-0.144280,0.117676,0.280055,-0.157434,0.087500,-0.280512,-0.166686,-0.035099,1.328416,-0.166721,-0.115230,-0.034828,-0.108879,0.244782,-0.099553,0.157798,-0.291848,1.191828,-0.068578,-0.017883,0.198737,-0.067384,-0.141904,0.333731,1.262945,0.104387,0.059325,-0.047021
0.008786,4.667188,0.769750,0.069709,-0.012507,0.664771,0.743682,0.004595,-0.144910,0.112065,0.274668,-0.163907,0.088690,-0.289903,-0.160046,-0.036987,1.303518,-0.173234,-0.109011,-0.039637,-0.107318,0.247211,-0.113710,0.160736,-0.304633,1.188495,-0.065751,-0.016546,0.196871,-0.058872,-0.142897,0.324170,1.260598,0.106901,0.058088,-0.047774
0.008835,4.673364,0.770062,0.069893,-0.014255,0.666307,0.742258,0.019879,-0.145308,0.106269,0.269374,-0.170417,0.089700,-0.298140,-0.153583,-0.039394,1.275000,-0.179252,-0.100964,-0.044467,-0.105760,0.249698,-0.127788,0.163584,-0.316398,1.184438,-0.063528,-0.015492,0.195400,-0.050729,-0.143838,0.315624,1.258558,0.109368,0.057188,-0.048577
0.008951,4.679606,0.770333,0.070030,-0.015900,0.667873,0.740802,0.034774,-0.145617,0.100502,0.264280,-0.176847,0.090671,-0.305767,-0.147500,-0.042020,1.243904,-0.184160,-0.092678,-0.049138,-0.104332,0.252093,-0.141538,0.166334,-0.327212,1.179580,-0.061550,-0.014885,0.194274,-0.042927,-0.144704,0.307840,1.256861,0.111177,0.056656,-0.049417
0.009039,4.685742,0.770504,0.070133,-0.017317,0.669392,0.739389,0.049045,-0.145969,0.094976,0.259569,-0.183098,0.091728,-0.313347,-0.141941,-0.044525,1.211317,-0.187348,-0.085668,-0.053476,-0.103153,0.254233,-0.154710,0.168950,-0.337114,1.173870,-0.059448,-0.014900,0.193454,-0.035454,-0.145446,0.300552,1.255570,0.111690,0.056516,-0.050284
0.009121,4.691882,0.770628,0.070163,-0.018508,0.670827,0.738055,0.062526,-0.146273,0.089857,0.255433,-0.189175,0.092850,-0.321060,-0.136826,-0.046890,1.177253,-0.188575,-0.080187,-0.057327,-0.102135,0.256076,-0.167428,0.171461,-0.346242,1.167375,-0.056977,-0.015754,0.193085,-0.028380,-0.146080,0.293711,1.254758,0.110304,0.056936,-0.051204
0.009274,4.698052,0.770704,0.070128,-0.019522,0.672228,0.736757,0.075434,-0.146512,0.084988,0.251580,-0.195069,0.093989,-0.328581,-0.132035,-0.049266,1.141223,-0.188197,-0.075423,-0.060797,-0.101221,0.257704,-0.179802,0.173892,-0.354535,1.160126,-0.054389,-0.017299,0.193149,-0.021665,-0.146608,0.287418,1.254358,0.107476,0.057849,-0.052168
0.009485,4.704266,0.770736,0.070087,-0.020344,0.673638,0.735450,0.087885,-0.146890,0.080121,0.248016,-0.200870,0.095214,-0.335644,-0.127646,-0.051573,1.103499,-0.186542,-0.071287,-0.064114,-0.100618,0.259118,-0.191558,0.176211,-0.361734,1.152039,-0.052043,-0.019150,0.193373,-0.015280,-0.146988,0.281703,1.254385,0.104249,0.058939,-0.053158
0.009655,4.710415,0.770595,0.070101,-0.020959,0.675101,0.734088,0.100096,-0.147616,0.074991,0.244481,-0.206592,0.096593,-0.342047,-0.123764,-0.053714,1.064405,-0.183948,-0.067710,-0.067506,-0.100531,0.260291,-0.202439,0.178368,-0.367557,1.143070,-0.050287,-0.020914,0.193496,-0.009205,-0.147163,0.276580,1.254885,0.101629,0.059885,-0.054167
0.009893,4.716566,0.770426,0.070181,-0.021357,0.676668,0.732625,0.111938,-0.148746,0.069379,0.241282,-0.212331,0.098346,-0.347789,-0.120406,-0.055609,1.023940,-0.180764,-0.065320,-0.071120,-0.101065,0.261176,-0.212425,0.180365,-0.371718,1.133145,-0.049249,-0.022575,0.193645,-0.003480,-0.147085,0.272247,1.255986,0.099808,0.060621,-0.055227
0.010231,4.722849,0.770182,0.070301,-0.021537,0.678300,0.731097,0.123370,-0.150158,0.063466,0.238388,-0.218026,0.100364,-0.352961,-0.117503,-0.057315,0.981974,-0.176781,-0.063933,-0.074812,-0.102098,0.261763,-0.221653,0.182247,-0.374370,1.122335,-0.048682,-0.024290,0.193907,0.001848,-0.146764,0.268648,1.257704,0.098270,0.061305,-0.056350
0.010477,4.729013,0.769865,0.070432,-0.021541,0.679914,0.729583,0.134654,-0.151773,0.057591,0.235264,-0.223589,0.102219,-0.357537,-0.115024,-0.058959,0.938602,-0.171387,-0.062283,-0.078388,-0.103414,0.262086,-0.230285,0.183902,-0.375987,1.111151,-0.048464,-0.026065,0.193974,0.006829,-0.146280,0.265436,1.259852,0.096996,0.061961,-0.057508
0.010744,4.735149,0.769472,0.070573,-0.021378,0.681424,0.728164,0.146075,-0.153503,0.052088,0.231317,-0.228899,0.103480,-0.361465,-0.112928,-0.060661,0.893833,-0.163985,-0.059099,-0.081537,-0.104882,0.262248,-0.238373,0.185444,-0.377227,1.099853,-0.048568,-0.027884,0.193500,0.011543,-0.145645,0.262116,1.262185,0.095913,0.062604,-0.058646
0.010999,4.741363,0.769022,0.070676,-0.021021,0.682796,0.726879,0.157598,-0.155316,0.047154,0.226318,-0.234000,0.103889,-0.364891,-0.111138,-0.062154,0.847355,-0.154000,-0.053788,-0.084137,-0.106480,0.262238,-0.245906,0.186884,-0.377864,1.088243,-0.049107,-0.029803,0.192340,0.015878,-0.144828,0.258709,1.264772,0.095137,0.063210,-0.059840
0.011254,4.747481,0.768478,0.070755,-0.020472,0.684082,0.725677,0.169098,-0.157237,0.042566,0.220590,-0.238910,0.103709,-0.367762,-0.109636,-0.063461,0.799127,-0.141811,-0.047097,-0.086422,-0.108120,0.261979,-0.253027,0.187911,-0.377575,1.076542,-0.049993,-0.031858,0.190733,0.019901,-0.144037,0.255490,1.267627,0.094713,0.063796,-0.061071
0.011530,4.753617,0.767864,0.070883,-0.019809,0.685334,0.724500,0.180769,-0.159287,0.038024,0.214382,-0.243537,0.103296,-0.369718,-0.108498,-0.065125,0.749536,-0.128267,-0.039766,-0.088502,-0.109822,0.261544,-0.259710,0.188659,-0.377066,1.065080,-0.050998,-0.033882,0.188841,0.023895,-0.143279,0.252187,1.270483,0.094363,0.064407,-0.062164
0.011966,4.759883,0.767200,0.071131,-0.019116,0.686600,0.723295,0.192741,-0.161486,0.033239,0.208100,-0.247876,0.103008,-0.370433,-0.107845,-0.067686,0.699035,-0.114264,-0.032547,-0.090247,-0.111871,0.261051,-0.265900,0.189561,-0.377291,1.054071,-0.051929,-0.035679,0.186814,0.027991,-0.142079,0.248203,1.273322,0.093618,0.065042,-0.063022
0.012386,4.766271,0.766466,0.071539,-0.018442,0.687890,0.722045,0.205315,-0.163809,0.028022,0.201498,-0.251814,0.102841,-0.369558,-0.108131,-0.071808,0.647243,-0.099235,-0.025544,-0.091960,-0.114087,0.260478,-0.271526,0.190324,-0.378000,1.043635,-0.052772,-0.037281,0.184579,0.032391,-0.140762,0.243687,1.275963,0.092514,0.065750,-0.063567
0.012747,4.772633,0.765642,0.072051,-0.017740,0.689179,0.720782,0.218270,-0.166228,0.022570,0.194611,-0.255461,0.102628,-0.367375,-0.109078,-0.077028,0.594018,-0.082924,-0.018355,-0.093534,-0.116381,0.259821,-0.276636,0.190885,-0.378926,1.033572,-0.053652,-0.038758,0.182083,0.037007,-0.139438,0.238750,1.278408,0.091204,0.066513,-0.063841
0.013169,4.779080,0.764744,0.072622,-0.016930,0.690461,0.719515,0.231258,-0.168779,0.017118,0.187651,-0.258818,0.102486,-0.364448,-0.109900,-0.082167,0.540098,-0.066726,-0.011081,-0.094955,-0.118803,0.258997,-0.281330,0.191273,-0.380063,1.024074,-0.054226,-0.040079,0.179585,0.041583,-0.138116,0.233809,1.280772,0.089912,0.067313,-0.063906
0.013600,4.785616,0.763799,0.073215,-0.015927,0.691737,0.718252,0.243911,-0.171537,0.011894,0.180914,-0.261941,0.102541,-0.361363,-0.110060,-0.085998,0.486274,-0.052094,-0.003952,-0.096061,-0.121487,0.257901,-0.285852,0.191550,-0.381667,1.015489,-0.054251,-0.041219,0.177369,0.045830,-0.136589,0.229091,1.283312,0.088774,0.068111,-0.063882
0.013976,4.792089,0.762787,0.073818,-0.014659,0.693015,0.716984,0.256153,-0.174664,0.007020,0.174199,-0.264750,0.102942,-0.358367,-0.109882,-0.087875,0.432268,-0.039774,0.001612,-0.097168,-0.124431,0.256428,-0.290021,0.191638,-0.383257,1.007655,-0.053434,-0.042211,0.175378,0.049717,-0.135188,0.225062,1.285904,0.088061,0.068964,-0.063702
0.014380,4.798640,0.761724,0.074476,-0.013173,0.694301,0.715700,0.268232,-0.178124,0.002302,0.167368,-0.267212,0.103592,-0.355101,-0.109995,-0.088501,0.377799,-0.028907,0.005894,-0.098558,-0.127499,0.254668,-0.293519,0.191590,-0.384562,1.000172,-0.051961,-0.043063,0.173444,0.053416,-0.134252,0.221787,1.288303,0.087736,0.069907,-0.063255
0.014817,4.805235,0.760605,0.075226,-0.011590,0.695615,0.714371,0.280301,-0.181779,-0.002563,0.160701,-0.269341,0.104265,-0.350899,-0.110433,-0.088668,0.322994,-0.018349,0.011179,-0.099227,-0.130928,0.252868,-0.297252,0.191322,-0.386998,0.993996,-0.050279,-0.043713,0.171876,0.056995,-0.132747,0.217961,1.290884,0.087194,0.070771,-0.062770
0.015229,4.811868,0.759432,0.076170,-0.010005,0.697001,0.712943,0.292664,-0.185628,-0.007981,0.154256,-0.271020,0.104769,-0.344806,-0.111230,-0.089234,0.267409,-0.006680,0.019911,-0.100291,-0.134582,0.251211,-0.300466,0.190997,-0.389532,0.988492,-0.048423,-0.044119,0.170635,0.060334,-0.131430,0.214823,1.293444,0.086779,0.071572,-0.062140
0.015605,4.818584,0.758143,0.077561,-0.008306,0.698560,0.711287,0.306046,-0.190282,-0.014484,0.147067,-0.271718,0.105289,-0.335556,-0.112744,-0.090019,0.208145,0.007108,0.033710,-0.101931,-0.138984,0.249847,-0.303070,0.190724,-0.392335,0.983424,-0.046331,-0.044154,0.169773,0.063709,-0.130402,0.212193,1.295747,0.086552,0.072255,-0.061223
0.016041,4.825371,0.756795,0.079536,-0.006357,0.700365,0.709311,0.320779,-0.196125,-0.022312,0.138427,-0.271084,0.105973,-0.323103,-0.115818,-0.090832,0.144862,0.022613,0.050908,-0.103858,-0.144698,0.248669,-0.305534,0.190384,-0.395936,0.979343,-0.044027,-0.043871,0.169297,0.067152,-0.129167,0.209537,1.298009,0.086335,0.072824,-0.060157
0.016446,4.832222,0.755329,0.081894,-0.004245,0.702369,0.707073,0.336188,-0.202588,-0.031182,0.129343,-0.269585,0.106516,-0.322893,-0.121777,-0.090853,0.111466,0.023131,0.069241,-0.106471,-0.151225,0.247635,-0.307453,0.190121,-0.399674,0.975899,-0.041745,-0.043475,0.168959,0.070369,-0.128083,0.207522,1.300174,0.086061,0.073428,-0.058991
0.016941,4.839173,0.753786,0.084123,-0.002260,0.704360,0.704837,0.348556,-0.208352,-0.039577,0.126934,-0.271101,0.106399,-0.336072,-0.129247,-0.090754,0.111293,0.008330,0.086524,-0.109408,-0.157279,0.246775,-0.308657,0.189978,-0.403216,0.972883,-0.039769,-0.043180,0.168603,0.072959,-0.127376,0.206405,1.302333,0.085534,0.074136,-0.057800
0.017438,4.846001,0.752309,0.086003,-0.000548,0.706331,0.702638,0.359646,-0.212876,-0.047705,0.126920,-0.273422,0.105410,-0.347195,-0.135950,-0.093958,0.111132,-0.004100,0.104501,-0.112170,-0.162431,0.246109,-0.309697,0.189910,-0.407353,0.970741,-0.038488,-0.043067,0.168362,0.075033,-0.126755,0.205787,1.304386,0.084439,0.075128,-0.056627
0.017918,4.852918,0.750892,0.087633,0.000932,0.708290,0.700461,0.370631,-0.216468,-0.055836,0.127032,-0.275300,0.103767,-0.356532,-0.141899,-0.099670,0.110930,-0.014677,0.123788,-0.115161,-0.166844,0.245616,-0.310219,0.189923,-0.411469,0.969162,-0.037445,-0.043020,0.168198,0.076429,-0.126346,0.205959,1.306539,0.083001,0.076284,-0.055403
0.018401,4.859872,0.749550,0.088935,0.002129,0.709998,0.698562,0.381462,-0.218952,-0.063234,0.127333,-0.276530,0.101723,-0.363737,-0.146483,-0.105317,0.110771,-0.022888,0.140698,-0.117121,-0.170322,0.245320,-0.310373,0.189969,-0.416121,0.968446,-0.036709,-0.042941,0.168160,0.077651,-0.125924,0.206246,1.308492,0.081429,0.077387,-0.054263
0.018862,4.866841,0.748285,0.089775,0.002935,0.711222,0.697205,0.392092,-0.220119,-0.069145,0.127845,-0.276875,0.099526,-0.368376,-0.149014,-0.108293,0.110662,-0.028200,0.151495,-0.118479,-0.172362,0.245158,-0.309237,0.189959,-0.419122,0.968005,-0.035140,-0.042750,0.167807,0.077759,-0.125779,0.207183,1.310987,0.079889,0.078249,-0.053335
0.019316,4.873732,0.747140,0.090191,0.003308,0.711859,0.696499,0.402627,-0.220044,-0.073381,0.128609,-0.276572,0.097117,-0.369946,-0.149196,-0.107650,0.110677,-0.030613,0.154636,-0.118273,-0.172958,0.245265,-0.307080,0.189882,-0.421548,0.968043,-0.032982,-0.042402,0.167214,0.077292,-0.125745,0.208481,1.313746,0.078434,0.078694,-0.052614
0.019725,4.880687,0.746176,0.090215,0.003329,0.712043,0.696309,0.409102,-0.219122,-0.075400,0.137678,-0.279943,0.094368,-0.368820,-0.147251,-0.104851,0.110715,-0.030235,0.152378,-0.116836,-0.172332,0.245379,-0.304031,0.189698,-0.423816,0.968806,-0.030701,-0.041959,0.166678,0.076405,-0.125855,0.210442,1.316734,0.077287,0.078868,-0.052097
0.020108,4.887617,0.745261,0.089721,0.003086,0.711896,0.696523,0.412695,-0.217209,-0.075550,0.151866,-0.284766,0.091479,-0.365944,-0.143307,-0.100889,0.110737,-0.026839,0.146647,-0.114947,-0.170355,0.245219,-0.300147,0.189202,-0.425320,0.970466,-0.028261,-0.041482,0.166247,0.075067,-0.126339,0.213148,1.319608,0.076509,0.079100,-0.051756
0.020479,4.894616,0.744418,0.088575,0.002658,0.711542,0.697033,0.414046,-0.214099,-0.074072,0.169057,-0.289375,0.088640,-0.362226,-0.137481,-0.096774,0.110637,-0.020190,0.139345,-0.112898,-0.166997,0.244667,-0.295462,0.188598,-0.425904,0.972887,-0.025871,-0.040996,0.165957,0.073113,-0.127024,0.215786,1.322231,0.075823,0.079659,-0.051551
0.020772,4.901693,0.743708,0.086746,0.001953,0.710917,0.697903,0.413601,-0.209605,-0.070759,0.188639,-0.293719,0.085907,-0.356848,-0.129622,-0.092541,0.110508,-0.011065,0.130718,-0.110701,-0.162065,0.243670,-0.289849,0.187616,-0.425475,0.976328,-0.023702,-0.040610,0.166008,0.070629,-0.128216,0.219119,1.324534,0.075651,0.080846,-0.051520
0.020995,4.908835,0.743250,0.084213,0.000868,0.710008,0.699140,0.411397,-0.203457,-0.065738,0.210761,-0.297981,0.083138,-0.349571,-0.119659,-0.087826,0.110316,0.000680,0.119720,-0.107982,-0.155521,0.242438,-0.283328,0.186584,-0.424490,0.980552,-0.021721,-0.040239,0.166271,0.067537,-0.129455,0.222723,1.326767,0.075697,0.082404,-0.051715
0.021559,4.915772,0.743158,0.080810,-0.000496,0.709025,0.700538,0.406031,-0.195477,-0.059523,0.237676,-0.302761,0.080191,-0.342912,-0.107845,-0.083008,0.111068,0.015957,0.106298,-0.105275,-0.147133,0.240583,-0.276249,0.185399,-0.423207,0.985594,-0.019894,-0.039722,0.166724,0.064248,-0.130895,0.226057,1.328484,0.075927,0.083890,-0.052001
0.022254,4.922819,0.743223,0.076473,-0.001975,0.708239,0.701816,0.396856,-0.185706,-0.053056,0.269744,-0.307446,0.077054,-0.338759,-0.094547,-0.078791,0.112293,0.036616,0.090605,-0.102787,-0.137281,0.237792,-0.268997,0.184502,-0.422586,0.991342,-0.018436,-0.038835,0.167323,0.061196,-0.131997,0.227943,1.329398,0.075983,0.084822,-0.052349
0.023016,4.929860,0.743505,0.070758,-0.003484,0.707767,0.702885,0.382994,-0.173465,-0.046896,0.306964,-0.312332,0.073539,-0.344401,-0.079403,-0.074883,0.125975,0.060974,0.070196,-0.101025,-0.124946,0.233457,-0.261912,0.183320,-0.422470,0.997905,-0.017183,-0.037426,0.167994,0.058908,-0.133571,0.228143,1.328621,0.075832,0.085040,-0.052559
0.023654,4.937097,0.743779,0.063930,-0.005050,0.707525,0.703773,0.365752,-0.159040,-0.041155,0.347774,-0.316789,0.069824,-0.364015,-0.063234,-0.071604,0.163918,0.080768,0.046039,-0.099540,-0.110884,0.227949,-0.254746,0.182329,-0.423095,1.005187,-0.016322,-0.035587,0.168768,0.056991,-0.134903,0.226785,1.326791,0.075415,0.084759,-0.052828
0.024178,4.944618,0.743990,0.057032,-0.006708,0.707458,0.704419,0.347841,-0.144122,-0.035936,0.389820,-0.318376,0.066549,-0.380988,-0.047225,-0.070726,0.196300,0.103079,0.023309,-0.098512,-0.096858,0.222210,-0.247013,0.181593,-0.423785,1.013534,-0.015727,-0.033650,0.169740,0.054972,-0.135833,0.225140,1.324958,0.075279,0.084289,-0.053253
0.024783,4.952144,0.744227,0.051007,-0.008548,0.707465,0.704854,0.331543,-0.130124,-0.030895,0.431488,-0.315080,0.064324,-0.392557,-0.033128,-0.071840,0.222956,0.118998,0.006831,-0.097677,-0.083948,0.217255,-0.238555,0.180662,-0.424194,1.023537,-0.015322,-0.031991,0.171061,0.052809,-0.136810,0.224056,1.323638,0.075948,0.083958,-0.053743
0.025414,4.959667,0.744574,0.045936,-0.010694,0.707546,0.705092,0.317218,-0.117023,-0.025787,0.473037,-0.306628,0.063358,-0.398096,-0.021205,-0.074599,0.244551,0.125543,-0.000959,-0.097093,-0.071834,0.213097,-0.229469,0.179040,-0.424548,1.036093,-0.015422,-0.031068,0.172831,0.050642,-0.138180,0.223891,1.322920,0.078239,0.083939,-0.054255
0.025896,4.967289,0.744993,0.041238,-0.013125,0.707666,0.705221,0.303304,-0.103805,-0.020497,0.515640,-0.294311,0.063466,-0.399914,-0.010385,-0.078493,0.263028,0.126474,-0.003343,-0.096663,-0.059833,0.209190,-0.219808,0.177038,-0.424893,1.050663,-0.015922,-0.030567,0.174969,0.048357,-0.139625,0.224176,1.322635,0.081662,0.084019,-0.054870
0.026421,4.975167,0.745531,0.036843,-0.015730,0.707675,0.705401,0.289174,-0.090408,-0.014716,0.559176,-0.278600,0.064578,-0.399251,-0.000136,-0.082617,0.279289,0.123341,-0.003922,-0.095998,-0.048017,0.205657,-0.209635,0.174638,-0.424351,1.066178,-0.015910,-0.029749,0.177411,0.045756,-0.141162,0.224605,1.322596,0.084868,0.084007,-0.055545
0.026975,4.983100,0.746227,0.032739,-0.018384,0.707454,0.705762,0.274268,-0.076973,-0.008197,0.603620,-0.259862,0.066487,-0.397200,0.010142,-0.086171,0.293726,0.117929,-0.006149,-0.094855,-0.036625,0.202642,-0.198961,0.171856,-0.421953,1.081606,-0.014474,-0.027912,0.180074,0.042615,-0.142752,0.224990,1.322641,0.086544,0.083727,-0.056254
0.027465,4.990785,0.746992,0.028994,-0.021140,0.706794,0.706509,0.258764,-0.063483,0.000182,0.649220,-0.237080,0.070126,-0.393732,0.021154,-0.088649,0.306055,0.109693,-0.010915,-0.093043,-0.025684,0.200300,-0.187269,0.168594,-0.416896,1.096883,-0.010556,-0.024729,0.183314,0.038685,-0.144407,0.225377,1.323026,0.085452,0.083046,-0.057135
0.027873,4.998351,0.747834,0.025609,-0.024027,0.705819,0.707522,0.242952,-0.049894,0.010051,0.695833,-0.210314,0.075185,-0.388326,0.032582,-0.090448,0.315900,0.098193,-0.016171,-0.090784,-0.015100,0.198491,-0.174720,0.164805,-0.409819,1.112468,-0.004910,-0.020593,0.187027,0.034131,-0.146141,0.225901,1.323748,0.082611,0.082097,-0.058151
0.028251,5.005880,0.748724,0.022524,-0.026864,0.704916,0.708424,0.226651,-0.036545,0.019309,0.742609,-0.181556,0.079457,-0.381271,0.043552,-0.092211,0.323316,0.085416,-0.020947,-0.088454,-0.005082,0.197002,-0.162308,0.160687,-0.401892,1.128104,0.000719,-0.015926,0.190442,0.029289,-0.147910,0.226438,1.324322,0.080037,0.081075,-0.059043
0.028731,5.013285,0.749663,0.019676,-0.029472,0.704472,0.708846,0.209480,-0.023950,0.025755,0.788995,-0.152945,0.080723,-0.372925,0.053118,-0.094616,0.328467,0.073344,-0.024312,-0.086421,0.004076,0.195659,-0.150925,0.156611,-0.394332,1.143432,0.004530,-0.011179,0.192806,0.024479,-0.149628,0.226822,1.324274,0.079715,0.080158,-0.059548
0.029192,5.020627,0.750657,0.017176,-0.031721,0.704550,0.708737,0.191190,-0.012843,0.028546,0.835570,-0.123427,0.077221,-0.363115,0.060833,-0.097732,0.331128,0.061974,-0.025713,-0.084756,0.011886,0.194470,-0.140251,0.152818,-0.386667,1.157945,0.006275,-0.005876,0.193877,0.019747,-0.151178,0.227010,1.323464,0.082387,0.079570,-0.059394
0.029754,5.027829,0.751647,0.015047,-0.033711,0.704962,0.708284,0.171801,-0.003186,0.028814,0.882863,-0.092670,0.070252,-0.351829,0.067308,-0.101273,0.331356,0.050422,-0.025789,-0.083316,0.018457,0.193589,-0.129800,0.149360,-0.378510,1.171686,0.006782,0.000018,0.194048,0.014874,-0.152516,0.227113,1.322168,0.086916,0.079149,-0.058795
0.030400,5.034833,0.752674,0.013096,-0.035620,0.705717,0.707477,0.151530,0.005695,0.027345,0.929947,-0.063785,0.062316,-0.339532,0.073124,-0.105382,0.329663,0.039315,-0.025384,-0.082100,0.024402,0.193063,-0.120123,0.146375,-0.371210,1.184958,0.005900,0.005500,0.193531,0.009848,-0.153679,0.227184,1.320468,0.092467,0.078512,-0.058212
0.031185,5.041763,0.753746,0.011144,-0.037606,0.706820,0.706306,0.130616,0.014752,0.025048,0.975833,-0.039847,0.056152,-0.326656,0.078840,-0.110165,0.326543,0.029284,-0.025301,-0.081048,0.030360,0.192941,-0.111760,0.144043,-0.366191,1.198045,0.003440,0.009569,0.192537,0.004716,-0.154748,0.227204,1.318392,0.098189,0.077270,-0.058085
0.031913,5.048484,0.754826,0.009106,-0.039754,0.708394,0.704638,0.108554,0.024307,0.021437,1.021296,-0.020052,0.052110,-0.312972,0.084542,-0.115933,0.321540,0.020693,-0.025619,-0.080335,0.036523,0.193395,-0.105049,0.142540,-0.364022,1.211229,-0.001619,0.011756,0.190956,-0.000508,-0.155735,0.227128,1.315793,0.104488,0.075151,-0.058377
0.032731,5.055051,0.755852,0.007102,-0.041952,0.710392,0.702519,0.085375,0.033838,0.016335,1.066584,-0.003315,0.048955,-0.298346,0.089945,-0.122511,0.314563,0.013155,-0.025933,-0.079897,0.042346,0.194386,-0.099460,0.142094,-0.363954,1.224056,-0.008918,0.012694,0.188691,-0.005895,-0.156365,0.226918,1.312766,0.111564,0.072390,-0.058920
0.033508,5.061437,0.756797,0.005217,-0.044108,0.712564,0.700200,0.062006,0.043406,0.011208,1.109996,0.007728,0.047310,-0.283206,0.095099,-0.129266,0.306435,0.006261,-0.026290,-0.079461,0.047843,0.195576,-0.094647,0.142181,-0.365182,1.236333,-0.016424,0.012979,0.186075,-0.011406,-0.156876,0.226746,1.309474,0.118368,0.069464,-0.059894
0.034256,5.067692,0.757736,0.003538,-0.046122,0.714655,0.697946,0.039317,0.053224,0.007551,1.149964,0.010395,0.047842,-0.268078,0.100062,-0.135578,0.298125,-0.000441,-0.026751,-0.078277,0.053038,0.196854,-0.089795,0.142986,-0.367654,1.246813,-0.022466,0.013267,0.183237,-0.016513,-0.157747,0.226252,1.305462,0.123774,0.066754,-0.061229
0.035041,5.074018,0.758652,0.001976,-0.047998,0.716775,0.695648,0.017320,0.063881,0.005575,1.186492,0.000716,0.051501,-0.252969,0.104820,-0.141775,0.289481,-0.006964,-0.027339,-0.076743,0.057867,0.197910,-0.085176,0.144492,-0.371572,1.255897,-0.026382,0.013633,0.179920,-0.021434,-0.158577,0.225699,1.301034,0.127198,0.064284,-0.063359
0.035755,5.080209,0.759570,0.000529,-0.049764,0.719004,0.693222,-0.004440,0.075189,0.004458,1.220377,-0.018851,0.057699,-0.237659,0.109340,-0.148044,0.280178,-0.013107,-0.028005,-0.074964,0.062376,0.198893,-0.081106,0.146642,-0.377048,1.264001,-0.029202,0.013761,0.176143,-0.026233,-0.159329,0.225055,1.296215,0.129336,0.061858,-0.066144
0.036404,5.086234,0.760434,-0.000628,-0.051425,0.721065,0.690956,-0.025687,0.086238,0.004201,1.251096,-0.041301,0.064811,-0.222089,0.113636,-0.153551,0.270537,-0.018972,-0.028700,-0.072564,0.066307,0.200118,-0.076995,0.149294,-0.382636,1.270711,-0.031243,0.013657,0.172629,-0.031255,-0.160034,0.224387,1.291422,0.130978,0.059576,-0.069160
0.037092,5.092267,0.761355,-0.001311,-0.052980,0.722683,0.689145,-0.046128,0.096242,0.004956,1.278107,-0.059588,0.071315,-0.206369,0.117694,-0.157493,0.261292,-0.024737,-0.029378,-0.069237,0.069463,0.201871,-0.072244,0.152217,-0.386780,1.275685,-0.032775,0.013324,0.170128,-0.036911,-0.160709,0.223890,1.287160,0.132972,0.057534,-0.072005
0.037706,5.098097,0.762227,-0.001410,-0.054433,0.723744,0.687917,-0.065682,0.105354,0.007404,1.301309,-0.071760,0.077140,-0.190382,0.121476,-0.159508,0.252459,-0.030389,-0.030052,-0.064702,0.071775,0.204345,-0.066992,0.155280,-0.389447,1.278918,-0.033134,0.012902,0.168844,-0.043420,-0.161382,0.223658,1.283628,0.135550,0.055786,-0.074803
0.038350,5.103948,0.763115,-0.001054,-0.055800,0.724414,0.687103,-0.084469,0.113963,0.011342,1.320982,-0.081579,0.082984,-0.174174,0.124942,-0.160103,0.243882,-0.035908,-0.030723,-0.059225,0.073458,0.207316,-0.061529,0.158470,-0.391297,1.280725,-0.032406,0.012319,0.168414,-0.050546,-0.162087,0.223637,1.280584,0.138289,0.054269,-0.077702
0.038774,5.109751,0.763977,-0.000424,-0.057089,0.724833,0.686555,-0.102536,0.121684,0.015714,1.337155,-0.090522,0.088572,-0.157832,0.128125,-0.159742,0.235422,-0.041291,-0.031341,-0.053333,0.074750,0.210478,-0.055497,0.161712,-0.391712,1.281213,-0.031895,0.011268,0.168720,-0.058022,-0.162818,0.223769,1.277832,0.141024,0.052919,-0.080325
0.039189,5.115540,0.764822,0.000314,-0.058292,0.725144,0.686125,-0.119974,0.128058,0.019452,1.349868,-0.100055,0.093586,-0.141505,0.131057,-0.158904,0.227027,-0.046548,-0.031867,-0.047595,0.075858,0.213508,-0.048538,0.164901,-0.390065,1.280535,-0.032923,0.009430,0.169650,-0.065631,-0.163560,0.224064,1.275246,0.143618,0.051676,-0.082310
0.039548,5.121293,0.765624,0.001169,-0.059446,0.725348,0.685810,-0.136706,0.132645,0.022270,1.358985,-0.110374,0.098175,-0.125060,0.133745,-0.157554,0.218646,-0.051659,-0.032321,-0.042084,0.076830,0.216384,-0.040427,0.167941,-0.386144,1.278546,-0.035878,0.006474,0.171634,-0.073355,-0.164323,0.224529,1.272903,0.145872,0.050582,-0.083624
0.039828,5.127179,0.766430,0.002218,-0.060539,0.725383,0.685675,-0.152717,0.135768,0.024797,1.364503,-0.120716,0.102377,-0.108481,0.136149,-0.155513,0.210339,-0.056636,-0.032713,-0.036538,0.077602,0.219245,-0.031427,0.170797,-0.380295,1.275316,-0.040036,0.002630,0.174580,-0.081315,-0.165112,0.225211,1.270879,0.147945,0.049652,-0.084449
0.040097,5.132888,0.767169,0.003344,-0.061537,0.725295,0.685674,-0.168197,0.138073,0.027329,1.366674,-0.131121,0.105709,-0.092096,0.138271,-0.153044,0.202260,-0.061571,-0.033005,-0.031026,0.078175,0.222010,-0.021886,0.173462,-0.372649,1.271268,-0.044992,-0.001553,0.177588,-0.089465,-0.165901,0.226103,1.268985,0.150157,0.048793,-0.084732
0.040327,5.138604,0.767881,0.004448,-0.062387,0.725130,0.685765,-0.183296,0.140206,0.030172,1.365700,-0.141617,0.107697,-0.076157,0.140129,-0.150391,0.194371,-0.066481,-0.033167,-0.025622,0.078530,0.224601,-0.012145,0.175958,-0.363366,1.266820,-0.050375,-0.005531,0.179765,-0.097752,-0.166626,0.227202,1.267032,0.152834,0.047897,-0.084426
0.040547,5.144280,0.768528,0.005501,-0.063057,0.724912,0.685927,-0.198117,0.142066,0.033262,1.361499,-0.152663,0.107983,-0.060791,0.141733,-0.147647,0.186730,-0.071386,-0.033180,-0.020336,0.078622,0.226934,-0.002087,0.178274,-0.351933,1.261760,-0.056400,-0.009281,0.180756,-0.106179,-0.167202,0.228357,1.265060,0.156524,0.046899,-0.083266
0.040720,5.149921,0.769126,0.006561,-0.063578,0.724612,0.686186,-0.212511,0.143414,0.036537,1.353946,-0.164062,0.106893,-0.045778,0.143092,-0.144678,0.179222,-0.076239,-0.033083,-0.015144,0.078420,0.229070,0.008421,0.180384,-0.338440,1.255974,-0.063172,-0.013044,0.181064,-0.114807,-0.167631,0.229607,1.263196,0.160866,0.045868,-0.081377
0.040828,5.155527,0.769685,0.007643,-0.064014,0.724199,0.686571,-0.226311,0.144689,0.040288,1.343257,-0.174896,0.104965,-0.031235,0.144165,-0.141448,0.172312,-0.081212,-0.032931,-0.010013,0.077997,0.231166,0.019080,0.182269,-0.323975,1.249982,-0.070152,-0.016655,0.181083,-0.123611,-0.167947,0.231282,1.261305,0.164944,0.044904,-0.079283
0.040946,5.161136,0.770226,0.008786,-0.064401,0.723641,0.687110,-0.239319,0.146310,0.044794,1.329634,-0.184257,0.102721,-0.017211,0.144938,-0.137915,0.166324,-0.086410,-0.032790,-0.004891,0.077439,0.233375,0.029567,0.183926,-0.309636,1.244324,-0.076764,-0.019955,0.181215,-0.132565,-0.168220,0.233693,1.259241,0.167856,0.044096,-0.077502
0.040936,5.166702,0.770743,0.010056,-0.064757,0.722938,0.687798,-0.251421,0.148120,0.050059,1.312884,-0.191871,0.099835,-0.003648,0.145315,-0.134134,0.161437,-0.091899,-0.032680,0.000269,0.076705,0.235857,0.039819,0.185351,-0.295481,1.239055,-0.083242,-0.023035,0.181513,-0.141638,-0.168500,0.236867,1.256877,0.169196,0.043466,-0.076182
0.040913,5.172159,0.771194,0.011412,-0.065061,0.722107,0.688621,-0.262684,0.149952,0.055993,1.292937,-0.198223,0.096145,0.009431,0.145352,-0.130128,0.157497,-0.097638,-0.032591,0.005460,0.075802,0.238495,0.049994,0.186522,-0.281053,1.233929,-0.089758,-0.025935,0.181782,-0.150792,-0.168789,0.240617,1.254254,0.169504,0.042967,-0.075030
0.040939,5.177531,0.771583,0.012743,-0.065295,0.721135,0.689593,-0.273242,0.152169,0.062710,1.270246,-0.203561,0.092399,0.021920,0.145239,-0.125797,0.154301,-0.103575,-0.032526,0.010722,0.074923,0.241031,0.060002,0.187408,-0.266824,1.229135,-0.095732,-0.028440,0.182085,-0.159944,-0.169075,0.244785,1.251441,0.169197,0.042583,-0.073896
0.040858,5.182979,0.771914,0.013922,-0.065455,0.720014,0.690725,-0.283196,0.155110,0.070328,1.245255,-0.208157,0.089324,0.033664,0.145145,-0.121038,0.151723,-0.109695,-0.032476,0.015818,0.074169,0.243256,0.070026,0.188077,-0.252882,1.224574,-0.100481,-0.030327,0.182428,-0.169170,-0.169338,0.249584,1.248575,0.168820,0.042302,-0.072624
0.040750,5.188375,0.772205,0.014944,-0.065528,0.718720,0.692044,-0.292369,0.159038,0.079368,1.217647,-0.212211,0.086744,0.044592,0.145048,-0.115664,0.149778,-0.115966,-0.032327,0.021002,0.073591,0.245083,0.079879,0.188514,-0.239677,1.220428,-0.104023,-0.031598,0.182929,-0.178395,-0.169593,0.254792,1.245635,0.168192,0.042187,-0.071132
0.040572,5.193761,0.772440,0.015872,-0.065513,0.717263,0.693534,-0.300713,0.163599,0.089659,1.187311,-0.215553,0.084293,0.054765,0.144866,-0.109791,0.148585,-0.122445,-0.032118,0.026223,0.073101,0.246648,0.089626,0.188733,-0.226934,1.216587,-0.106633,-0.032346,0.183536,-0.187646,-0.169845,0.260481,1.242563,0.167168,0.042226,-0.069506
0.040353,5.199115,0.772641,0.016672,-0.065428,0.715692,0.695145,-0.308610,0.168230,0.100240,1.155018,-0.217867,0.082443,0.064285,0.144677,-0.103754,0.147997,-0.129135,-0.032055,0.031468,0.072729,0.247949,0.099158,0.188728,-0.214566,1.213162,-0.108248,-0.032508,0.184145,-0.196740,-0.170042,0.266398,1.239282,0.166027,0.042277,-0.067869
0.040112,5.204496,0.772752,0.017299,-0.065294,0.714054,0.696825,-0.316458,0.172421,0.110115,1.121516,-0.218857,0.081724,0.073230,0.144564,-0.097891,0.147895,-0.136048,-0.032341,0.036437,0.072452,0.249011,0.108586,0.188455,-0.202076,1.210099,-0.108672,-0.032029,0.184623,-0.205718,-0.170107,0.272686,1.235871,0.165176,0.042202,-0.066370
0.039857,5.209855,0.772817,0.017754,-0.065059,0.712346,0.698581,-0.324568,0.176148,0.119201,1.087005,-0.218496,0.082880,0.081486,0.144480,-0.092351,0.148343,-0.143252,-0.033038,0.041349,0.072247,0.249748,0.117687,0.187911,-0.189564,1.207599,-0.107434,-0.030614,0.185065,-0.214502,-0.170007,0.279188,1.232294,0.164581,0.041983,-0.065196
0.039640,5.215209,0.772840,0.018046,-0.064736,0.710549,0.700432,-0.332683,0.179622,0.127961,1.051126,-0.217007,0.085434,0.089085,0.144403,-0.086926,0.149314,-0.150697,-0.034020,0.046148,0.072093,0.250177,0.126548,0.187109,-0.177057,1.205574,-0.104722,-0.028388,0.185495,-0.223195,-0.169746,0.286020,1.228608,0.164092,0.041684,-0.064242
0.039369,5.220532,0.772820,0.018193,-0.064404,0.708683,0.702345,-0.340404,0.182751,0.136178,1.013840,-0.214468,0.088139,0.096155,0.144433,-0.081438,0.150822,-0.158317,-0.035206,0.050735,0.072082,0.250397,0.135242,0.186084,-0.164836,1.203950,-0.101633,-0.025918,0.185758,-0.231724,-0.169309,0.292963,1.224840,0.163746,0.041284,-0.063185
0.039042,5.225806,0.772666,0.018210,-0.064146,0.706772,0.704292,-0.347297,0.185468,0.143617,0.975057,-0.210969,0.089763,0.102925,0.144697,-0.075698,0.152794,-0.166053,-0.036525,0.055029,0.072312,0.250509,0.143843,0.184885,-0.153203,1.202647,-0.099269,-0.023772,0.185703,-0.239978,-0.168670,0.299702,1.220979,0.163492,0.040761,-0.061709
0.038749,5.231139,0.772531,0.018075,-0.063976,0.704801,0.706283,-0.353295,0.187917,0.150308,0.934511,-0.206601,0.090261,0.109329,0.145284,-0.069523,0.155316,-0.173835,-0.038151,0.059039,0.072807,0.250523,0.152409,0.183529,-0.142068,1.201603,-0.097861,-0.022039,0.185275,-0.247981,-0.167808,0.306050,1.217052,0.163587,0.039990,-0.059575
0.038371,5.236458,0.772297,0.017795,-0.063846,0.702766,0.708327,-0.358633,0.190092,0.156322,0.892328,-0.201318,0.090230,0.115294,0.146108,-0.063051,0.158395,-0.181720,-0.040054,0.062809,0.073490,0.250391,0.160887,0.182032,-0.131341,1.200865,-0.096854,-0.020443,0.184556,-0.255771,-0.166729,0.312171,1.213056,0.163944,0.039023,-0.057009
0.037953,5.241762,0.772014,0.017413,-0.063749,0.700697,0.710392,-0.363390,0.191724,0.161459,0.848941,-0.194763,0.089443,0.121098,0.147000,-0.056563,0.161625,-0.189692,-0.041860,0.066329,0.074290,0.250120,0.169212,0.180451,-0.121322,1.200461,-0.096159,-0.018972,0.183603,-0.263298,-0.165468,0.318363,1.208954,0.164111,0.038094,-0.054372
0.037448,5.247069,0.771692,0.016999,-0.063658,0.698623,0.712450,-0.367661,0.192631,0.165524,0.804839,-0.186647,0.087733,0.126754,0.147779,-0.050371,0.165068,-0.197951,-0.043196,0.069603,0.075138,0.249726,0.177317,0.178868,-0.112322,1.200420,-0.095692,-0.017630,0.182470,-0.270481,-0.164076,0.324895,1.204680,0.163616,0.037441,-0.052022
0.037005,5.252379,0.771290,0.016556,-0.063541,0.696543,0.714504,-0.371527,0.192740,0.168252,0.759726,-0.176113,0.085108,0.132361,0.148301,-0.044642,0.168428,-0.206484,-0.043882,0.072643,0.075978,0.249207,0.185153,0.177364,-0.104656,1.200805,-0.095725,-0.016504,0.181064,-0.277346,-0.162581,0.331917,1.200106,0.162354,0.037269,-0.050027
0.036541,5.257720,0.770839,0.016053,-0.063418,0.694445,0.716566,-0.374970,0.192298,0.169723,0.713522,-0.163631,0.081758,0.137757,0.148682,-0.039206,0.171992,-0.215312,-0.044140,0.075471,0.076845,0.248564,0.192772,0.175951,-0.098090,1.201553,-0.096204,-0.015556,0.179374,-0.283869,-0.160988,0.339223,1.195244,0.160557,0.037407,-0.048187
0.035976,5.263135,0.770367,0.015485,-0.063361,0.692339,0.718619,-0.377834,0.191592,0.170175,0.666861,-0.150751,0.077778,0.143173,0.149165,-0.033791,0.175571,-0.224135,-0.044190,0.078120,0.077851,0.247830,0.200215,0.174589,-0.092158,1.202515,-0.096616,-0.014607,0.177578,-0.289892,-0.159283,0.346602,1.190188,0.158332,0.037527,-0.046462
0.035365,5.268574,0.769830,0.014834,-0.063457,0.690234,0.720645,-0.379999,0.190936,0.169859,0.620387,-0.139026,0.073264,0.148797,0.149996,-0.028127,0.179088,-0.232724,-0.044257,0.080604,0.079120,0.247037,0.207529,0.173211,-0.086358,1.203552,-0.096411,-0.013480,0.175858,-0.295297,-0.157450,0.353889,1.185086,0.155815,0.037297,-0.044817
0.034787,5.274052,0.769214,0.014104,-0.063762,0.688133,0.722640,-0.381199,0.190552,0.168809,0.573747,-0.128808,0.068265,0.154738,0.151299,-0.022106,0.182522,-0.240992,-0.044384,0.082884,0.080752,0.246250,0.214735,0.171764,-0.080615,1.204664,-0.095395,-0.012096,0.174235,-0.300091,-0.155485,0.361205,1.179960,0.152948,0.036556,-0.043364
0.034208,5.279594,0.768505,0.013296,-0.064225,0.686029,0.724612,-0.381582,0.190387,0.166859,0.526740,-0.119298,0.062855,0.160869,0.152922,-0.015879,0.185969,-0.249111,-0.044460,0.084929,0.082682,0.245428,0.221808,0.170256,-0.075132,1.205922,-0.093858,-0.010564,0.172638,-0.304352,-0.153386,0.368634,1.174780,0.149701,0.035503,-0.042097
0.033536,5.285142,0.767754,0.012406,-0.064755,0.683920,0.726571,-0.381516,0.190353,0.164006,0.480020,-0.110235,0.057098,0.167046,0.154713,-0.009557,0.189386,-0.257109,-0.044478,0.086771,0.084766,0.244448,0.228733,0.168716,-0.069830,1.207275,-0.091987,-0.008991,0.171107,-0.308096,-0.151158,0.375914,1.169632,0.146200,0.034365,-0.040798
0.032929,5.290755,0.766939,0.011414,-0.065286,0.681802,0.728529,-0.381420,0.190375,0.160236,0.434415,-0.101395,0.051053,0.173203,0.156529,-0.003231,0.192686,-0.265040,-0.044434,0.088474,0.086873,0.243214,0.235463,0.167180,-0.064669,1.208668,-0.089998,-0.007482,0.169678,-0.311317,-0.148763,0.382687,1.164620,0.142522,0.033300,-0.039232
0.032292,5.296422,0.766044,0.010274,-0.065798,0.679653,0.730505,-0.381334,0.190634,0.155272,0.389598,-0.092762,0.044907,0.179195,0.158463,0.003122,0.195907,-0.272951,-0.044408,0.090057,0.089003,0.241614,0.242064,0.165669,-0.059558,1.210153,-0.087672,-0.006095,0.168377,-0.313997,-0.146165,0.388771,1.159654,0.138485,0.032388,-0.037278
0.031621,5.302087,0.765118,0.009004,-0.066346,0.677473,0.732494,-0.380956,0.191287,0.149208,0.345148,-0.084385,0.038679,0.185147,0.160580,0.009562,0.199042,-0.280795,-0.044383,0.091520,0.091226,0.239744,0.248536,0.164189,-0.054558,1.211718,-0.085005,-0.004761,0.167173,-0.316145,-0.143353,0.394331,1.154730,0.134078,0.031511,-0.035081
0.030956,5.307792,0.764131,0.007695,-0.066954,0.675282,0.734474,-0.380053,0.192234,0.142611,0.301468,-0.076033,0.032139,0.191340,0.162733,0.016053,0.201947,-0.288430,-0.044212,0.092870,0.093502,0.237798,0.254781,0.162766,-0.049785,1.213234,-0.082492,-0.003398,0.166010,-0.317871,-0.140399,0.399691,1.150110,0.129739,0.030625,-0.032828
0.030290,5.313558,0.763100,0.006423,-0.067667,0.673093,0.736427,-0.378372,0.193396,0.136050,0.258969,-0.067436,0.025029,0.198084,0.164810,0.022572,0.204421,-0.295673,-0.043758,0.094142,0.095841,0.235977,0.260710,0.161433,-0.045387,1.214561,-0.080647,-0.001907,0.164835,-0.319222,-0.137422,0.405113,1.145987,0.125835,0.029696,-0.030689
0.029542,5.319396,0.762031,0.005188,-0.068529,0.670869,0.738385,-0.375271,0.194626,0.129523,0.216146,-0.058032,0.017148,0.205473,0.166901,0.029208,0.206416,-0.302519,-0.042944,0.095437,0.098382,0.234323,0.266308,0.160207,-0.041497,1.215659,-0.079730,-0.000104,0.163478,-0.320149,-0.134505,0.410682,1.142292,0.122441,0.028707,-0.028658
0.028842,5.325289,0.760936,0.003943,-0.069549,0.668590,0.740361,-0.369780,0.196154,0.123018,0.170730,-0.046859,0.008760,0.213477,0.169119,0.036013,0.207865,-0.308961,-0.041878,0.096786,0.101184,0.232775,0.271618,0.159075,-0.038041,1.216594,-0.079433,0.001913,0.162011,-0.320577,-0.131674,0.416220,1.138861,0.119353,0.027691,-0.026636
0.028025,5.331293,0.759639,0.002306,-0.071312,0.666002,0.742530,-0.376124,0.201837,0.113892,0.154177,-0.050027,-0.000164,0.222970,0.172972,0.043683,0.207922,-0.314485,-0.040909,0.098732,0.105667,0.231505,0.276789,0.157970,-0.034910,1.217328,-0.079428,0.003798,0.160741,-0.320535,-0.128976,0.421723,1.135842,0.116644,0.026695,-0.024630
0.027228,5.337371,0.758357,0.000771,-0.073070,0.663500,0.744599,-0.382338,0.207935,0.105364,0.141085,-0.053437,-0.009189,0.232808,0.176437,0.051206,0.207767,-0.319628,-0.039904,0.100502,0.109927,0.230421,0.281568,0.156902,-0.031897,1.218023,-0.079335,0.005194,0.159998,-0.320008,-0.126405,0.427106,1.133166,0.114398,0.025748,-0.022721
0.026420,5.343413,0.757099,-0.000639,-0.074789,0.661094,0.746566,-0.386653,0.213902,0.097921,0.127275,-0.054666,-0.019624,0.242981,0.179410,0.058543,0.207323,-0.324381,-0.038924,0.102045,0.113845,0.229549,0.286002,0.155878,-0.028975,1.218672,-0.079127,0.005910,0.159917,-0.318988,-0.123948,0.432399,1.130690,0.112829,0.024847,-0.020854
0.025627,5.349570,0.755844,-0.001934,-0.076487,0.658764,0.748449,-0.391110,0.219793,0.090989,0.116716,-0.056144,-0.031319,0.253457,0.181987,0.065730,0.206711,-0.328845,-0.037898,0.103385,0.117512,0.228859,0.290098,0.154913,-0.026203,1.219259,-0.078961,0.006162,0.160314,-0.317504,-0.121608,0.437631,1.128473,0.111830,0.023977,-0.019033
0.024801,5.355710,0.754699,-0.003068,-0.078069,0.656594,0.750187,-0.398712,0.225538,0.084154,0.116415,-0.061623,-0.042005,0.263893,0.183908,0.072550,0.206412,-0.333149,-0.036693,0.104443,0.120681,0.228277,0.293726,0.154019,-0.023613,1.219819,-0.078813,0.006221,0.161021,-0.315562,-0.119379,0.442680,1.126794,0.110969,0.023160,-0.017382
0.023980,5.361931,0.753596,-0.003936,-0.079372,0.654686,0.751712,-0.404241,0.230322,0.078756,0.116252,-0.065738,-0.049399,0.273894,0.184853,0.078726,0.207016,-0.337494,-0.035170,0.105097,0.123031,0.227726,0.296738,0.153225,-0.021228,1.220398,-0.078665,0.006359,0.161869,-0.313191,-0.117244,0.447422,1.125943,0.109815,0.022424,-0.016031
0.023156,5.368127,0.752576,-0.004499,-0.080396,0.653121,0.752961,-0.407501,0.234044,0.075147,0.116226,-0.068240,-0.053058,0.283746,0.184734,0.084102,0.208015,-0.341730,-0.033296,0.105179,0.124407,0.227301,0.299102,0.152588,-0.019000,1.220994,-0.078477,0.006617,0.162893,-0.310353,-0.115165,0.451688,1.125945,0.108100,0.021644,-0.015071
0.022339,5.374339,0.751578,-0.004817,-0.081191,0.651843,0.753980,-0.408756,0.236835,0.073079,0.116271,-0.069092,-0.054218,0.293476,0.183749,0.088778,0.209348,-0.345827,-0.031139,0.104781,0.124977,0.226973,0.300884,0.152127,-0.016934,1.221595,-0.078282,0.006862,0.164147,-0.307067,-0.113131,0.455572,1.126680,0.106099,0.020848,-0.014417
0.021473,5.380627,0.750603,-0.004973,-0.081707,0.650767,0.754852,-0.408379,0.238653,0.071928,0.116378,-0.068670,-0.053044,0.302546,0.181951,0.092887,0.211654,-0.349967,-0.028709,0.104174,0.124875,0.226449,0.302087,0.151795,-0.015150,1.222226,-0.078145,0.007103,0.165485,-0.303373,-0.111268,0.459330,1.128169,0.104183,0.020287,-0.013922
0.020647,5.386929,0.749694,-0.005039,-0.081885,0.649807,0.755659,-0.406713,0.239449,0.071072,0.116547,-0.067371,-0.049690,0.310480,0.179369,0.096566,0.215519,-0.354336,-0.026012,0.103476,0.124194,0.225440,0.302795,0.151454,-0.013610,1.222894,-0.078083,0.007336,0.166793,-0.299507,-0.109525,0.463368,1.130680,0.102741,0.020193,-0.013476
0.019695,5.393237,0.748821,-0.005010,-0.081887,0.648962,0.756384,-0.403262,0.239460,0.069815,0.116976,-0.066321,-0.043249,0.317815,0.176267,0.099872,0.220504,-0.358931,-0.023091,0.102788,0.123313,0.224005,0.302983,0.151090,-0.012504,1.223801,-0.078141,0.007552,0.168066,-0.295169,-0.108123,0.467559,1.134071,0.101957,0.020731,-0.013027
0.018666,5.399568,0.748002,-0.004845,-0.081702,0.648260,0.757008,-0.399973,0.238820,0.068202,0.121725,-0.067210,-0.033923,0.324691,0.172527,0.102755,0.226361,-0.363606,-0.019924,0.101938,0.122067,0.222290,0.302684,0.150664,-0.011676,1.224841,-0.078259,0.007755,0.169384,-0.290434,-0.106963,0.471865,1.138362,0.101591,0.021743,-0.012657
0.017592,5.405920,0.747259,-0.004523,-0.080971,0.647647,0.757613,-0.400974,0.237297,0.066753,0.136776,-0.071304,-0.023517,0.329883,0.167626,0.105206,0.234216,-0.368424,-0.016418,0.101568,0.119932,0.220159,0.301478,0.150394,-0.011528,1.225878,-0.078508,0.007959,0.170685,-0.285202,-0.106488,0.475922,1.142924,0.101332,0.023039,-0.012232
0.016560,5.412475,0.746546,-0.004021,-0.079303,0.647081,0.758275,-0.401781,0.234084,0.068097,0.150224,-0.070378,-0.013821,0.332073,0.161003,0.107196,0.245261,-0.373467,-0.012466,0.100662,0.116117,0.217461,0.300002,0.149758,-0.010805,1.226181,-0.078610,0.008155,0.171956,-0.280566,-0.106071,0.481370,1.148524,0.101377,0.024369,-0.011964
0.015518,5.419076,0.746026,-0.003293,-0.076570,0.646536,0.759024,-0.401829,0.228995,0.073565,0.161701,-0.064279,-0.005486,0.331144,0.152308,0.108709,0.259468,-0.379009,-0.008027,0.100380,0.110441,0.214173,0.297551,0.149166,-0.010381,1.225945,-0.078604,0.008443,0.173145,-0.276199,-0.106079,0.486697,1.154774,0.101382,0.025646,-0.011710
0.014306,5.425438,0.745800,-0.002349,-0.072960,0.646015,0.759826,-0.401276,0.222313,0.082123,0.172376,-0.054456,0.002591,0.327724,0.141847,0.109880,0.276272,-0.384891,-0.003136,0.099755,0.103263,0.210451,0.294748,0.148135,-0.009471,1.224981,-0.078359,0.008781,0.174277,-0.272143,-0.106499,0.493143,1.161739,0.101845,0.027032,-0.011576
0.013007,5.431910,0.745626,-0.001448,-0.068862,0.645369,0.760759,-0.407113,0.215582,0.090429,0.194876,-0.046908,0.011019,0.322254,0.130713,0.111435,0.295419,-0.390271,0.002076,0.099210,0.095744,0.206242,0.291467,0.146524,-0.008702,1.223772,-0.078189,0.008970,0.175629,-0.268317,-0.107539,0.500475,1.169412,0.102237,0.028639,-0.011410
0.011377,5.438062,0.745851,-0.000553,-0.064154,0.644726,0.761717,-0.415519,0.207920,0.097914,0.218395,-0.035094,0.020596,0.314332,0.118782,0.113281,0.317389,-0.394719,0.007663,0.098740,0.087410,0.201220,0.287517,0.144904,-0.008736,1.222842,-0.078592,0.008837,0.177285,-0.264632,-0.108935,0.508353,1.177849,0.102070,0.030539,-0.011142
0.009732,5.444423,0.746149,0.000379,-0.058089,0.644105,0.762728,-0.426024,0.197874,0.105182,0.238064,-0.012244,0.033007,0.302306,0.104840,0.115612,0.342986,-0.398914,0.014092,0.098193,0.076984,0.194543,0.282965,0.143372,-0.009122,1.221994,-0.079975,0.008155,0.179263,-0.261626,-0.110523,0.517526,1.187495,0.101430,0.032566,-0.010573
0.008203,5.450949,0.746518,0.001388,-0.050848,0.643465,0.763784,-0.438240,0.185935,0.113380,0.255244,0.019308,0.047297,0.286935,0.089033,0.118516,0.371397,-0.402653,0.021220,0.097054,0.065073,0.186714,0.278039,0.141079,-0.009311,1.220875,-0.081806,0.007055,0.181580,-0.259096,-0.112991,0.528540,1.197732,0.100739,0.034815,-0.009789
0.006726,5.457512,0.746883,0.002606,-0.043606,0.642890,0.764712,-0.449361,0.173728,0.122213,0.270431,0.051184,0.060346,0.271194,0.073088,0.121536,0.401057,-0.404329,0.028164,0.095710,0.052956,0.179134,0.272414,0.138775,-0.010566,1.220163,-0.083588,0.005946,0.184098,-0.256403,-0.115651,0.539167,1.208505,0.099434,0.037515,-0.009252
0.005293,5.463992,0.747255,0.004160,-0.037536,0.642505,0.765350,-0.456675,0.162613,0.130753,0.284543,0.074659,0.069124,0.257949,0.058711,0.123997,0.430637,-0.402473,0.034012,0.094021,0.042043,0.173255,0.266000,0.136826,-0.013611,1.220332,-0.084666,0.005241,0.186664,-0.252629,-0.118173,0.548052,1.219217,0.097263,0.041026,-0.009413
0.003877,5.470577,0.747704,0.006169,-0.032864,0.642349,0.765682,-0.459770,0.152560,0.138452,0.298914,0.085752,0.072656,0.247997,0.046036,0.125856,0.459915,-0.396922,0.038817,0.092172,0.032253,0.169325,0.258702,0.135613,-0.018954,1.221752,-0.085252,0.005004,0.189363,-0.247488,-0.120174,0.555011,1.230175,0.094242,0.045551,-0.010594
0.002704,5.477130,0.748189,0.008544,-0.028927,0.642418,0.765761,-0.460459,0.142693,0.145367,0.313602,0.089176,0.072687,0.239512,0.034093,0.127240,0.489863,-0.388530,0.042858,0.090169,0.022725,0.166460,0.250517,0.135089,-0.026151,1.224182,-0.085633,0.005043,0.192160,-0.241366,-0.121751,0.560642,1.241533,0.090476,0.050864,-0.012480
0.001694,5.483672,0.748737,0.011096,-0.025591,0.642780,0.765543,-0.459149,0.132978,0.151308,0.327284,0.089402,0.070225,0.231471,0.022935,0.127623,0.521049,-0.377456,0.045585,0.087521,0.013447,0.164339,0.241573,0.135169,-0.034181,1.227213,-0.085158,0.005390,0.194677,-0.234832,-0.122502,0.564697,1.253350,0.085702,0.056532,-0.014625
0.000679,5.490273,0.749366,0.013604,-0.022783,0.643475,0.765007,-0.456052,0.123423,0.156176,0.338167,0.091158,0.066206,0.223020,0.012754,0.126524,0.553922,-0.363716,0.046515,0.084249,0.004935,0.162720,0.231807,0.135542,-0.042850,1.230521,-0.083415,0.006076,0.196652,-0.227724,-0.123086,0.566647,1.264711,0.079735,0.062201,-0.016493
-0.000238,5.496736,0.750059,0.016095,-0.020693,0.644746,0.763947,-0.450565,0.113735,0.159345,0.345067,0.096292,0.059855,0.214842,0.003903,0.123059,0.588299,-0.346552,0.045121,0.080317,-0.002626,0.161812,0.220942,0.136264,-0.052404,1.234483,-0.079453,0.007418,0.198045,-0.219243,-0.123639,0.565282,1.275131,0.071166,0.068134,-0.018092
-0.001184,5.503136,0.750743,0.018641,-0.019320,0.646490,0.762450,-0.442760,0.103937,0.161004,0.349040,0.102136,0.050898,0.207186,-0.003812,0.117608,0.623968,-0.326131,0.041817,0.076401,-0.009432,0.161699,0.208771,0.137650,-0.063653,1.239349,-0.073953,0.009326,0.198933,-0.209209,-0.124247,0.560481,1.284523,0.060393,0.074426,-0.019526
-0.002129,5.509482,0.751495,0.021101,-0.018310,0.648212,0.760947,-0.433606,0.094534,0.162391,0.351137,0.106794,0.041065,0.198709,-0.010947,0.111653,0.661147,-0.303843,0.037621,0.072119,-0.015568,0.161973,0.196094,0.139121,-0.075484,1.244118,-0.068464,0.011149,0.199308,-0.199386,-0.124737,0.555045,1.293618,0.050288,0.080427,-0.020615
-0.003138,5.515735,0.752285,0.023317,-0.017329,0.649423,0.759872,-0.424104,0.086059,0.164741,0.352454,0.108435,0.032092,0.188007,-0.017992,0.106744,0.700140,-0.281083,0.033573,0.068293,-0.020980,0.162227,0.183074,0.140509,-0.088266,1.248169,-0.065002,0.012271,0.199266,-0.190850,-0.125439,0.550379,1.302647,0.043397,0.085477,-0.021165
-0.004290,5.521846,0.753146,0.025163,-0.016428,0.650074,0.759276,-0.414107,0.078971,0.168187,0.352816,0.106160,0.023750,0.174723,-0.024617,0.103007,0.741480,-0.257472,0.029609,0.064938,-0.025148,0.162451,0.169661,0.141668,-0.102269,1.251435,-0.064287,0.012554,0.198362,-0.183608,-0.126654,0.546868,1.311593,0.040380,0.089569,-0.021102
-0.005601,5.527872,0.754005,0.026718,-0.015781,0.650402,0.758956,-0.403170,0.072916,0.172176,0.351704,0.101140,0.015393,0.159637,-0.030583,0.099665,0.784808,-0.232446,0.025420,0.061795,-0.028058,0.162905,0.155703,0.142545,-0.117401,1.254230,-0.065220,0.012314,0.196771,-0.176982,-0.128482,0.543655,1.320077,0.039881,0.093015,-0.020552
-0.006913,5.533737,0.754886,0.028229,-0.015130,0.650351,0.758958,-0.391848,0.067231,0.176960,0.349822,0.094631,0.008171,0.142979,-0.036584,0.097050,0.829252,-0.207246,0.021607,0.058988,-0.030553,0.163656,0.141354,0.143162,-0.132976,1.256292,-0.066937,0.011607,0.195448,-0.171048,-0.130932,0.540632,1.327731,0.041470,0.095645,-0.019609
-0.008354,5.539419,0.755758,0.029915,-0.014245,0.649871,0.759322,-0.380588,0.061254,0.182696,0.347641,0.088001,0.003192,0.124996,-0.043330,0.095542,0.873905,-0.183104,0.018643,0.056569,-0.033462,0.164739,0.126780,0.143564,-0.148248,1.257358,-0.068560,0.010487,0.195343,-0.165914,-0.133910,0.537753,1.334244,0.044722,0.097285,-0.018371
-0.009784,5.544949,0.756637,0.031834,-0.012990,0.648811,0.760172,-0.369523,0.054895,0.189688,0.345394,0.081111,0.001186,0.104878,-0.051011,0.095984,0.920093,-0.159198,0.017008,0.054700,-0.036990,0.166161,0.111954,0.143719,-0.163280,1.257310,-0.070474,0.008681,0.196858,-0.161902,-0.137388,0.535229,1.339952,0.050874,0.097390,-0.016582
-0.011287,5.550311,0.757525,0.033854,-0.011536,0.647243,0.761444,-0.358309,0.048489,0.197673,0.342678,0.073458,0.001362,0.082754,-0.059167,0.098051,0.967881,-0.135312,0.016259,0.053238,-0.040672,0.167916,0.096788,0.143629,-0.178255,1.256271,-0.072927,0.006245,0.199449,-0.158888,-0.141375,0.533093,1.344882,0.059711,0.096299,-0.014290
-0.012871,5.555500,0.758389,0.035949,-0.010067,0.645446,0.762893,-0.346857,0.042074,0.205946,0.339401,0.065770,0.002528,0.060205,-0.067650,0.100371,1.014586,-0.113659,0.015328,0.051820,-0.044365,0.170024,0.081362,0.143445,-0.192661,1.254346,-0.074844,0.003735,0.202624,-0.156432,-0.145760,0.530968,1.348629,0.068605,0.094915,-0.012037
-0.014284,5.560538,0.759193,0.038092,-0.008765,0.643704,0.764276,-0.335091,0.035661,0.213840,0.335466,0.058772,0.003531,0.038739,-0.076479,0.101492,1.057640,-0.096501,0.013057,0.050095,-0.048019,0.172476,0.065810,0.143388,-0.206041,1.251633,-0.075170,0.001721,0.205873,-0.154088,-0.150324,0.528479,1.350780,0.074946,0.094157,-0.010387
-0.015606,5.565414,0.759958,0.040357,-0.007577,0.641951,0.765645,-0.322918,0.029123,0.221591,0.330676,0.052632,0.004209,0.018385,-0.086196,0.101323,1.096929,-0.083919,0.008844,0.048177,-0.051929,0.175261,0.050094,0.143641,-0.218706,1.248172,-0.073131,0.000477,0.209392,-0.152021,-0.154911,0.525660,1.351363,0.077804,0.094318,-0.009269
-0.016863,5.570145,0.760686,0.042746,-0.006430,0.640088,0.767084,-0.310427,0.022445,0.229405,0.325146,0.047011,0.005119,-0.001708,-0.096835,0.100542,1.133932,-0.075032,0.003203,0.046186,-0.056179,0.178363,0.034240,0.144224,-0.230779,1.243829,-0.069467,-0.000310,0.213300,-0.150443,-0.159466,0.522654,1.350693,0.078646,0.094872,-0.008475
-0.018030,5.574844,0.761436,0.045110,-0.005482,0.638333,0.768418,-0.297706,0.015862,0.236654,0.319141,0.041798,0.006213,-0.021073,-0.107663,0.098832,1.168026,-0.070577,-0.003247,0.043809,-0.060378,0.181743,0.018481,0.145086,-0.241564,1.238524,-0.065444,-0.000972,0.216985,-0.149015,-0.163903,0.519215,1.348870,0.078382,0.095468,-0.008385
-0.019126,5.579398,0.762224,0.047302,-0.004896,0.636914,0.769467,-0.285031,0.009638,0.242694,0.313237,0.036834,0.007464,-0.039247,-0.117864,0.095827,1.198676,-0.071337,-0.009757,0.040684,-0.064119,0.185365,0.003088,0.146146,-0.250315,1.232152,-0.062272,-0.001850,0.219840,-0.147427,-0.168105,0.515110,1.346004,0.077936,0.095774,-0.009382
-0.019969,5.583849,0.763036,0.049309,-0.004789,0.635969,0.770123,-0.272409,0.003834,0.247196,0.307648,0.032052,0.008912,-0.055784,-0.127549,0.090722,1.225732,-0.079988,-0.016357,0.036451,-0.067331,0.189378,-0.011854,0.147402,-0.256413,1.224427,-0.059925,-0.002891,0.221869,-0.145766,-0.171976,0.510482,1.342077,0.076833,0.095937,-0.011913
-0.020829,5.588175,0.763820,0.051196,-0.005061,0.635355,0.770504,-0.259760,-0.001635,0.250575,0.302150,0.027515,0.010575,-0.070970,-0.136933,0.083974,1.249553,-0.095345,-0.023135,0.031333,-0.070236,0.193703,-0.026459,0.148896,-0.260351,1.215538,-0.057831,-0.003974,0.223351,-0.144271,-0.175479,0.505480,1.337250,0.074857,0.096049,-0.015679
-0.021558,5.592411,0.764607,0.052946,-0.005520,0.634873,0.770780,-0.247232,-0.006746,0.253320,0.296682,0.023172,0.012390,-0.085451,-0.145344,0.077050,1.270377,-0.112367,-0.029405,0.025867,-0.072868,0.197931,-0.040770,0.150616,-0.263142,1.206118,-0.056453,-0.005329,0.224113,-0.142719,-0.178605,0.499750,1.331742,0.073207,0.095748,-0.019953
-0.022650,5.596387,0.765364,0.054524,-0.006001,0.634325,0.771118,-0.235052,-0.011458,0.255928,0.291360,0.018944,0.014279,-0.099951,-0.152163,0.071332,1.288467,-0.125997,-0.034609,0.020636,-0.075235,0.201682,-0.054868,0.152511,-0.265842,1.196825,-0.056266,-0.007194,0.223987,-0.140943,-0.181370,0.492928,1.325969,0.073120,0.094511,-0.023991
-0.023530,5.600432,0.766182,0.055910,-0.006452,0.633663,0.771559,-0.223250,-0.015750,0.258481,0.286063,0.014890,0.016177,-0.114768,-0.157273,0.066941,1.303738,-0.134973,-0.038668,0.015786,-0.077287,0.204801,-0.068717,0.154549,-0.268549,1.187703,-0.057719,-0.009909,0.222660,-0.138712,-0.183765,0.484495,1.319729,0.074949,0.092077,-0.027961
-0.024249,5.604512,0.766987,0.057121,-0.006970,0.632992,0.772017,-0.211718,-0.019637,0.260755,0.280815,0.011012,0.018133,-0.129518,-0.160958,0.063104,1.316092,-0.141892,-0.041851,0.011071,-0.079029,0.207514,-0.082358,0.156744,-0.270850,1.178517,-0.060476,-0.013251,0.220315,-0.136177,-0.185814,0.474742,1.312957,0.078030,0.088723,-0.032126
-0.024904,5.608491,0.767796,0.058220,-0.007568,0.632338,0.772465,-0.200453,-0.023162,0.262786,0.275826,0.007180,0.020245,-0.143869,-0.163233,0.059852,1.325664,-0.147452,-0.044148,0.006465,-0.080514,0.210022,-0.095959,0.159086,-0.273005,1.169455,-0.063818,-0.016622,0.217520,-0.133532,-0.187555,0.464461,1.305809,0.081981,0.084929,-0.035877
-0.025554,5.612425,0.768591,0.059242,-0.008283,0.631731,0.772876,-0.189397,-0.026374,0.264607,0.271245,0.003284,0.022613,-0.157517,-0.164128,0.057211,1.332618,-0.152364,-0.045589,0.001947,-0.081803,0.212529,-0.109686,0.161552,-0.275248,1.160704,-0.066992,-0.019426,0.214862,-0.130995,-0.189071,0.454470,1.298487,0.086459,0.081172,-0.038619
-0.026233,5.616321,0.769380,0.060167,-0.009126,0.631150,0.773270,-0.178639,-0.029157,0.266270,0.267256,-0.000719,0.025426,-0.170538,-0.163274,0.055398,1.336821,-0.156148,-0.046104,-0.002504,-0.082838,0.215023,-0.123557,0.164126,-0.277448,1.152273,-0.070401,-0.021579,0.212216,-0.128540,-0.190440,0.444913,1.290805,0.092057,0.077393,-0.040127
-0.026798,5.620129,0.770164,0.060989,-0.010075,0.630588,0.773652,-0.168153,-0.031535,0.267762,0.263728,-0.004788,0.028577,-0.183051,-0.160786,0.054294,1.338240,-0.158634,-0.045695,-0.006880,-0.083596,0.217442,-0.137488,0.166802,-0.279513,1.144060,-0.074209,-0.023371,0.209360,-0.126027,-0.191672,0.435399,1.282642,0.098748,0.073411,-0.040716
-0.027322,5.623794,0.770882,0.061780,-0.011105,0.630095,0.773977,-0.157822,-0.033746,0.269018,0.260404,-0.008859,0.031736,-0.194813,-0.157403,0.053458,1.337150,-0.160966,-0.044483,-0.011157,-0.084199,0.219886,-0.151526,0.169583,-0.281833,1.136161,-0.077402,-0.024787,0.206755,-0.123533,-0.192757,0.425964,1.274370,0.105282,0.069535,-0.040624
-0.027843,5.627469,0.771579,0.062614,-0.012183,0.629715,0.774203,-0.147468,-0.036045,0.269964,0.256955,-0.012858,0.034570,-0.205559,-0.153880,0.052457,1.333838,-0.164315,-0.042599,-0.015310,-0.084773,0.222458,-0.165710,0.172466,-0.284797,1.128629,-0.078962,-0.025799,0.204861,-0.121143,-0.193663,0.416618,1.266361,0.110384,0.066069,-0.040108
-0.028302,5.631048,0.772241,0.063501,-0.013337,0.629475,0.774306,-0.137069,-0.038430,0.270578,0.253409,-0.016842,0.037028,-0.215244,-0.150022,0.051426,1.328193,-0.169041,-0.040040,-0.019392,-0.085291,0.225214,-0.180183,0.175450,-0.288581,1.121643,-0.078224,-0.026312,0.203850,-0.118830,-0.194355,0.407043,1.258574,0.113713,0.063043,-0.038952
-0.028817,5.634553,0.772860,0.064409,-0.014566,0.629344,0.774316,-0.126659,-0.040802,0.270903,0.249805,-0.020780,0.039279,-0.223994,-0.145611,0.050527,1.320108,-0.174519,-0.036781,-0.023370,-0.085727,0.228090,-0.194884,0.178517,-0.293014,1.115095,-0.075868,-0.026353,0.203466,-0.116573,-0.194826,0.397317,1.250883,0.115953,0.060308,-0.037132
-0.029291,5.637911,0.773388,0.065336,-0.015810,0.629295,0.774254,-0.116288,-0.043217,0.270957,0.246059,-0.024578,0.041322,-0.231878,-0.141323,0.049344,1.309932,-0.180404,-0.032939,-0.027142,-0.086200,0.230993,-0.209610,0.181632,-0.297875,1.108832,-0.072889,-0.026217,0.203514,-0.114503,-0.195105,0.388078,1.243549,0.117351,0.057917,-0.035203
-0.029634,5.641183,0.773867,0.066274,-0.017014,0.629302,0.774143,-0.106189,-0.045673,0.270764,0.242488,-0.028264,0.043158,-0.238964,-0.137819,0.047462,1.298029,-0.186371,-0.028602,-0.030621,-0.086812,0.233844,-0.224157,0.184760,-0.302905,1.102689,-0.070253,-0.026205,0.203803,-0.112762,-0.195239,0.379978,1.236833,0.118152,0.055912,-0.033718
-0.030007,5.644404,0.774321,0.067304,-0.018209,0.629352,0.773986,-0.096100,-0.048257,0.270298,0.238904,-0.031764,0.044801,-0.245016,-0.135033,0.045027,1.284210,-0.192580,-0.023418,-0.033793,-0.087614,0.236793,-0.238622,0.187924,-0.308251,1.096775,-0.067987,-0.026320,0.204546,-0.111390,-0.195247,0.373205,1.230712,0.118332,0.054382,-0.032702
-0.030420,5.647613,0.774726,0.068390,-0.019424,0.629463,0.773771,-0.086041,-0.050922,0.269557,0.235314,-0.035117,0.046256,-0.250069,-0.132725,0.042162,1.268375,-0.199146,-0.017507,-0.036731,-0.088539,0.239837,-0.253035,0.191123,-0.313939,1.091087,-0.065635,-0.026426,0.205748,-0.110317,-0.195130,0.367437,1.225062,0.117794,0.053275,-0.031906
-0.030720,5.650685,0.775079,0.069391,-0.020539,0.629650,0.773501,-0.076468,-0.053541,0.268603,0.231843,-0.038346,0.047516,-0.254632,-0.131205,0.038430,1.250951,-0.205548,-0.011557,-0.039476,-0.089479,0.242641,-0.267130,0.194274,-0.319581,1.085362,-0.063490,-0.026621,0.206919,-0.109517,-0.194905,0.362599,1.219983,0.116714,0.052438,-0.031459
-0.030945,5.653681,0.775428,0.070156,-0.021445,0.629927,0.773182,-0.067914,-0.055952,0.267502,0.228738,-0.041525,0.048575,-0.259199,-0.130754,0.033389,1.232384,-0.211278,-0.006236,-0.042087,-0.090290,0.244859,-0.280674,0.197270,-0.324788,1.079380,-0.061871,-0.027019,0.207578,-0.108951,-0.194602,0.358638,1.215567,0.115278,0.051721,-0.031500
-0.031266,5.656568,0.775701,0.070624,-0.022064,0.630307,0.772812,-0.060573,-0.058167,0.266277,0.225928,-0.044516,0.049418,-0.263947,-0.131680,0.026638,1.212501,-0.216029,-0.001309,-0.044591,-0.090912,0.246287,-0.293779,0.200064,-0.329451,1.073324,-0.060876,-0.027700,0.207588,-0.108699,-0.194275,0.355838,1.211913,0.113474,0.051138,-0.032197
-0.031540,5.659509,0.776029,0.070875,-0.022480,0.630782,0.772390,-0.054250,-0.060216,0.264902,0.223532,-0.047439,0.050058,-0.268550,-0.133686,0.018476,1.191138,-0.220101,0.003513,-0.046960,-0.091371,0.247143,-0.306553,0.202661,-0.333742,1.067280,-0.060308,-0.028596,0.207224,-0.108735,-0.193942,0.354134,1.208927,0.111233,0.050759,-0.033434
-0.031738,5.662278,0.776290,0.070982,-0.022798,0.631332,0.771921,-0.048479,-0.062092,0.263355,0.221290,-0.050346,0.050530,-0.272758,-0.136149,0.009537,1.168766,-0.223948,0.007642,-0.049136,-0.091650,0.247721,-0.318763,0.205049,-0.337683,1.060932,-0.060018,-0.029599,0.206635,-0.108892,-0.193572,0.352947,1.206448,0.108669,0.050508,-0.034921
-0.031870,5.665056,0.776563,0.071014,-0.023135,0.631939,0.771411,-0.042932,-0.063754,0.261626,0.219187,-0.053395,0.050869,-0.276353,-0.138472,0.000477,1.145867,-0.228024,0.010455,-0.051052,-0.091755,0.248312,-0.330194,0.207211,-0.341316,1.053958,-0.059857,-0.030574,0.205983,-0.109043,-0.193122,0.351673,1.204378,0.105880,0.050298,-0.036379
-0.032004,5.667856,0.776844,0.070978,-0.023528,0.632584,0.770874,-0.037464,-0.065157,0.259717,0.217133,-0.056676,0.051008,-0.279289,-0.140753,-0.008817,1.122489,-0.232501,0.011371,-0.052670,-0.091503,0.248924,-0.341047,0.208761,-0.344382,1.046659,-0.059780,-0.031606,0.205353,-0.109166,-0.192699,0.350358,1.202772,0.102596,0.050150,-0.037943
-0.032164,5.670479,0.777066,0.070846,-0.023906,0.633281,0.770302,-0.032250,-0.066352,0.257642,0.215095,-0.060038,0.050964,-0.281693,-0.143216,-0.018575,1.098462,-0.237169,0.010877,-0.053771,-0.091247,0.249594,-0.351103,0.210532,-0.347427,1.038444,-0.060184,-0.032631,0.204561,-0.109212,-0.192024,0.348827,1.201452,0.098673,0.050080,-0.039634
-0.032332,5.673027,0.777311,0.070613,-0.024248,0.634058,0.769673,-0.027487,-0.067379,0.255401,0.213365,-0.063469,0.050882,-0.283563,-0.145458,-0.028331,1.073800,-0.241843,0.009894,-0.054933,-0.090624,0.250013,-0.360562,0.211628,-0.349846,1.030197,-0.060354,-0.033679,0.203719,-0.109417,-0.191502,0.347714,1.200742,0.095136,0.050063,-0.041229
-0.032364,5.675558,0.777471,0.070308,-0.024495,0.634945,0.768961,-0.023356,-0.068317,0.252998,0.212151,-0.066884,0.050911,-0.284941,-0.147143,-0.037593,1.048578,-0.246369,0.009315,-0.055779,-0.090093,0.250309,-0.369225,0.212879,-0.352725,1.021440,-0.060527,-0.034599,0.202769,-0.109572,-0.190722,0.346210,1.200386,0.092417,0.050014,-0.042353
-0.032391,5.677974,0.777617,0.069901,-0.024636,0.635964,0.768151,-0.019974,-0.069128,0.250417,0.211564,-0.070333,0.051116,-0.285926,-0.148389,-0.046509,1.022895,-0.250849,0.008935,-0.056647,-0.089532,0.250331,-0.377015,0.214167,-0.355688,1.012141,-0.060625,-0.035359,0.201684,-0.109953,-0.189676,0.344603,1.200806,0.090953,0.049857,-0.042977
-0.032402,5.680477,0.777800,0.069388,-0.024699,0.637094,0.767259,-0.017262,-0.069782,0.247665,0.211532,-0.073855,0.051414,-0.286488,-0.149344,-0.055226,0.996684,-0.255320,0.008376,-0.057696,-0.088518,0.250091,-0.384103,0.214835,-0.358095,1.002633,-0.060423,-0.036068,0.200502,-0.110370,-0.188998,0.343346,1.201654,0.090555,0.049692,-0.043217
-0.032435,5.682869,0.778006,0.068839,-0.024699,0.638299,0.766306,-0.014899,-0.070436,0.244771,0.211684,-0.077251,0.051716,-0.286472,-0.149767,-0.063231,0.969746,-0.259554,0.008227,-0.058189,-0.087807,0.249765,-0.390528,0.215694,-0.361152,0.992918,-0.060227,-0.036725,0.199310,-0.110796,-0.187806,0.341596,1.202925,0.090322,0.049555,-0.043198
-0.032368,5.685239,0.778160,0.068329,-0.024633,0.639543,0.765316,-0.012670,-0.071193,0.241758,0.211842,-0.080416,0.051937,-0.285735,-0.149414,-0.070021,0.941906,-0.263258,0.009059,-0.058839,-0.087134,0.249338,-0.395960,0.216223,-0.363631,0.983290,-0.059286,-0.037468,0.198110,-0.111385,-0.186754,0.340525,1.204343,0.090200,0.049632,-0.043001
-0.032284,5.687542,0.778292,0.067829,-0.024507,0.640829,0.764289,-0.010693,-0.072044,0.238613,0.212116,-0.083285,0.052045,-0.284392,-0.148223,-0.075402,0.913175,-0.266497,0.010684,-0.059494,-0.086516,0.248876,-0.400436,0.216465,-0.365640,0.973590,-0.057330,-0.038324,0.196925,-0.111980,-0.185945,0.339977,1.205640,0.090281,0.049937,-0.042485
-0.032195,5.689790,0.778422,0.067331,-0.024300,0.642170,0.763213,-0.009012,-0.072954,0.235327,0.212519,-0.085907,0.052089,-0.282495,-0.146419,-0.079619,0.883659,-0.269394,0.012802,-0.059907,-0.086106,0.248307,-0.404149,0.216586,-0.367671,0.963895,-0.054745,-0.039234,0.195779,-0.112661,-0.184938,0.339513,1.207208,0.090558,0.050375,-0.041710
-0.032087,5.691974,0.778578,0.066881,-0.024059,0.643554,0.762093,-0.007310,-0.073993,0.231937,0.212774,-0.088397,0.052094,-0.279746,-0.144211,-0.082829,0.853132,-0.271749,0.015813,-0.060202,-0.085868,0.247624,-0.407066,0.216540,-0.369713,0.954499,-0.052104,-0.040165,0.194636,-0.113491,-0.183718,0.339258,1.209166,0.090636,0.050961,-0.040900
-0.031981,5.694146,0.778742,0.066530,-0.023818,0.644965,0.760938,-0.005160,-0.075244,0.228468,0.212309,-0.090674,0.052089,-0.275856,-0.141760,-0.085211,0.821341,-0.273328,0.020132,-0.060350,-0.085768,0.246866,-0.409233,0.216282,-0.371953,0.945715,-0.050049,-0.041086,0.193474,-0.114339,-0.182357,0.339143,1.211402,0.090076,0.051730,-0.040252
-0.031785,5.696293,0.778849,0.066293,-0.023622,0.646409,0.759738,-0.002526,-0.076626,0.224910,0.211223,-0.092899,0.052027,-0.270528,-0.138822,-0.086650,0.787986,-0.274293,0.026267,-0.060474,-0.085568,0.246294,-0.410361,0.215927,-0.374132,0.936962,-0.048832,-0.041995,0.192099,-0.114986,-0.181383,0.339139,1.213434,0.088613,0.052904,-0.039642
-0.031585,5.698446,0.778949,0.066138,-0.023450,0.647892,0.758494,0.000451,-0.078154,0.221249,0.209615,-0.094985,0.051910,-0.263946,-0.135482,-0.087073,0.753209,-0.274710,0.033783,-0.060139,-0.085609,0.245579,-0.411171,0.215124,-0.376832,0.929265,-0.048112,-0.042932,0.190775,-0.115783,-0.179827,0.338801,1.216212,0.086313,0.054318,-0.039220
-0.031359,5.700563,0.779008,0.066073,-0.023196,0.649398,0.757218,0.003703,-0.079957,0.217511,0.207407,-0.096763,0.051839,-0.256545,-0.132320,-0.086766,0.717384,-0.274143,0.041744,-0.059948,-0.085685,0.244867,-0.410694,0.214439,-0.379370,0.921385,-0.047587,-0.043813,0.189406,-0.116289,-0.178849,0.339155,1.218431,0.084063,0.055744,-0.038711
-0.031102,5.702745,0.779041,0.066087,-0.022786,0.650914,0.755926,0.007166,-0.082183,0.213727,0.204528,-0.098077,0.051918,-0.248745,-0.129883,-0.086015,0.680911,-0.272167,0.049291,-0.059318,-0.086196,0.243581,-0.409969,0.213199,-0.382688,0.915163,-0.046937,-0.044647,0.188489,-0.116731,-0.177449,0.339881,1.221030,0.082166,0.056728,-0.038435
-0.030822,5.704925,0.779093,0.066313,-0.022095,0.652469,0.754585,0.010962,-0.085310,0.209827,0.200741,-0.098770,0.052413,-0.240134,-0.128407,-0.084400,0.642394,-0.269758,0.057041,-0.058716,-0.087322,0.241754,-0.408185,0.211792,-0.386285,0.909663,-0.046024,-0.045448,0.187944,-0.116844,-0.176312,0.341779,1.223408,0.080933,0.057149,-0.038186
-0.030468,5.707072,0.779122,0.066709,-0.021205,0.654060,0.753197,0.015104,-0.089116,0.205806,0.196147,-0.098976,0.053189,-0.230616,-0.127580,-0.081940,0.602078,-0.266773,0.065185,-0.058048,-0.088894,0.239534,-0.405468,0.210203,-0.390211,0.904840,-0.045078,-0.046224,0.187673,-0.116641,-0.175410,0.344494,1.225591,0.080038,0.057224,-0.037965
-0.030164,5.709283,0.779102,0.067004,-0.020326,0.655620,0.751837,0.019274,-0.092638,0.201810,0.191229,-0.098924,0.053749,-0.221145,-0.126961,-0.079603,0.562834,-0.261036,0.072330,-0.057153,-0.090203,0.237234,-0.402154,0.208437,-0.394399,0.900711,-0.044211,-0.046871,0.187503,-0.116297,-0.174657,0.347423,1.227436,0.079420,0.057212,-0.037830
-0.029875,5.711429,0.779068,0.066920,-0.019680,0.657081,0.750586,0.023163,-0.094922,0.197997,0.186432,-0.098842,0.053598,-0.212781,-0.126008,-0.078334,0.527728,-0.250458,0.077190,-0.055984,-0.090568,0.235255,-0.398330,0.206866,-0.398752,0.896857,-0.043692,-0.047269,0.187189,-0.115971,-0.174061,0.350039,1.228611,0.079006,0.057389,-0.037787
-0.029634,5.713556,0.779053,0.066224,-0.019402,0.658429,0.749473,0.026423,-0.095236,0.194447,0.182236,-0.098947,0.052385,-0.205780,-0.124101,-0.078675,0.496181,-0.231424,0.079970,-0.054266,-0.089498,0.233610,-0.394456,0.205184,-0.403356,0.893609,-0.043449,-0.047280,0.186762,-0.115776,-0.173402,0.352064,1.229248,0.078777,0.057848,-0.037981
-0.029328,5.715552,0.779334,0.065105,-0.019353,0.659693,0.748459,0.029220,-0.094195,0.191090,0.178411,-0.099126,0.050450,-0.199790,-0.121544,-0.080037,0.467346,-0.206189,0.081326,-0.052211,-0.087491,0.232184,-0.390117,0.203657,-0.408164,0.890660,-0.043472,-0.046983,0.186256,-0.115658,-0.172764,0.353909,1.229369,0.078767,0.058440,-0.038330
-0.028745,5.717347,0.779930,0.063918,-0.019346,0.660870,0.747524,0.032094,-0.092863,0.187858,0.174319,-0.099171,0.048339,-0.194879,-0.119107,-0.081770,0.443792,-0.181477,0.080672,-0.050018,-0.085288,0.230787,-0.385175,0.202325,-0.413299,0.888422,-0.043824,-0.046662,0.185721,-0.115589,-0.172151,0.355705,1.229238,0.078952,0.059021,-0.038723
-0.028246,5.719204,0.780341,0.063010,-0.019203,0.661960,0.746639,0.035537,-0.092331,0.184680,0.169362,-0.098858,0.046599,-0.191116,-0.117578,-0.083256,0.428109,-0.163936,0.077381,-0.047793,-0.083630,0.229215,-0.379691,0.201069,-0.419014,0.887563,-0.044602,-0.046616,0.185240,-0.115532,-0.171492,0.357500,1.229179,0.079303,0.059430,-0.039058
-0.027955,5.721215,0.780346,0.062578,-0.018729,0.663019,0.745747,0.039682,-0.093281,0.181377,0.163173,-0.098025,0.045404,-0.189246,-0.117646,-0.084506,0.424014,-0.156469,0.069724,-0.045837,-0.082968,0.227329,-0.373318,0.200231,-0.425391,0.887595,-0.046202,-0.046978,0.184712,-0.115337,-0.170987,0.359504,1.228989,0.080015,0.059577,-0.039278
-0.027436,5.722950,0.780569,0.062406,-0.018073,0.664034,0.744874,0.044274,-0.095041,0.178029,0.156108,-0.096794,0.044462,-0.188929,-0.118764,-0.085846,0.428946,-0.155113,0.058539,-0.043802,-0.082864,0.225207,-0.366498,0.199527,-0.432570,0.888836,-0.048492,-0.047585,0.184205,-0.115022,-0.170475,0.361411,1.228695,0.080996,0.059547,-0.039477
-0.027017,5.724805,0.780768,0.062276,-0.017515,0.664901,0.744125,0.049312,-0.096676,0.174948,0.148559,-0.095352,0.043616,-0.188565,-0.119817,-0.087096,0.436114,-0.156273,0.047066,-0.041711,-0.082696,0.223261,-0.358998,0.198915,-0.439696,0.891214,-0.050593,-0.048218,0.183717,-0.114933,-0.169956,0.363380,1.228438,0.081935,0.059523,-0.039623
-0.026702,5.726660,0.780913,0.061962,-0.017337,0.665506,0.743614,0.054699,-0.097197,0.172472,0.141130,-0.094013,0.042695,-0.186640,-0.119606,-0.088115,0.438894,-0.156354,0.038584,-0.038963,-0.081927,0.221680,-0.351324,0.197897,-0.446873,0.895695,-0.051870,-0.048687,0.183519,-0.115254,-0.168959,0.365001,1.228677,0.082429,0.059638,-0.039809
-0.026335,5.728360,0.781202,0.061381,-0.017632,0.665799,0.743393,0.060485,-0.096279,0.170729,0.133734,-0.092727,0.041627,-0.182830,-0.117669,-0.088785,0.435888,-0.154869,0.034356,-0.036668,-0.080085,0.220934,-0.342168,0.197215,-0.452176,0.900652,-0.051526,-0.049107,0.183122,-0.116564,-0.168229,0.367571,1.229110,0.082572,0.060150,-0.039913
-0.025930,5.729979,0.781564,0.060653,-0.018252,0.665844,0.743397,0.066429,-0.094388,0.169556,0.126711,-0.091637,0.040496,-0.177896,-0.114625,-0.089187,0.430511,-0.153528,0.032552,-0.034067,-0.077739,0.220451,-0.332615,0.196248,-0.457226,0.907555,-0.050296,-0.049566,0.182897,-0.118592,-0.166994,0.370272,1.230312,0.082435,0.060833,-0.040142
-0.025616,5.731667,0.781976,0.059799,-0.019177,0.665711,0.743563,0.072303,-0.091688,0.168805,0.120621,-0.091099,0.039372,-0.172063,-0.110763,-0.089542,0.423699,-0.152172,0.031846,-0.031702,-0.074824,0.220259,-0.322097,0.195286,-0.461422,0.915433,-0.048559,-0.049644,0.182709,-0.121041,-0.165699,0.373216,1.231698,0.082177,0.061455,-0.040239
-0.025235,5.733312,0.782360,0.058890,-0.020324,0.665469,0.743822,0.075820,-0.088092,0.168500,0.120385,-0.093766,0.038296,-0.165495,-0.106477,-0.090065,0.416115,-0.150526,0.030875,-0.029685,-0.071499,0.220169,-0.310555,0.194285,-0.464872,0.924078,-0.046854,-0.048947,0.182635,-0.123483,-0.164465,0.376177,1.232930,0.081953,0.061746,-0.040058
-0.025020,5.734849,0.782691,0.057996,-0.021726,0.664997,0.744274,0.078511,-0.083892,0.168823,0.123157,-0.098200,0.037311,-0.157850,-0.101738,-0.090513,0.407276,-0.148269,0.029314,-0.027859,-0.067772,0.220247,-0.297674,0.193067,-0.467251,0.933568,-0.044973,-0.047413,0.183010,-0.126042,-0.163257,0.379195,1.234266,0.081550,0.061578,-0.039497
-0.024818,5.736693,0.783078,0.057104,-0.023378,0.664296,0.744918,0.081568,-0.079252,0.169654,0.126220,-0.102924,0.036363,-0.149086,-0.096462,-0.090812,0.396850,-0.145518,0.027864,-0.026136,-0.063621,0.220534,-0.283676,0.191586,-0.468730,0.944101,-0.042771,-0.045243,0.183707,-0.128786,-0.162088,0.382314,1.235729,0.080987,0.061117,-0.038653
-0.024606,5.738336,0.783437,0.056206,-0.025091,0.663613,0.745540,0.084646,-0.074526,0.170404,0.129401,-0.107704,0.035393,-0.139724,-0.091143,-0.091341,0.385486,-0.142532,0.026681,-0.024697,-0.059393,0.220775,-0.269314,0.189944,-0.470015,0.955742,-0.040717,-0.042449,0.184106,-0.131335,-0.160989,0.385280,1.236848,0.080722,0.060515,-0.037703
-0.024379,5.739965,0.783766,0.055292,-0.026681,0.663194,0.745925,0.087454,-0.070065,0.170483,0.132430,-0.112259,0.034366,-0.130245,-0.086249,-0.092499,0.373753,-0.139536,0.025921,-0.023729,-0.055419,0.220655,-0.255491,0.188124,-0.471844,0.968824,-0.039296,-0.039062,0.183631,-0.133423,-0.159857,0.387856,1.237366,0.081217,0.059912,-0.036873
-0.024183,5.741658,0.784073,0.054346,-0.028082,0.663112,0.746016,0.089867,-0.065962,0.169717,0.135284,-0.116528,0.033322,-0.120901,-0.081953,-0.094416,0.361968,-0.136768,0.025612,-0.023372,-0.051797,0.220066,-0.242079,0.186343,-0.474454,0.983408,-0.039354,-0.035081,0.182082,-0.134864,-0.158771,0.389923,1.236967,0.082587,0.059404,-0.036128
-0.023921,5.743392,0.784396,0.053366,-0.029413,0.663233,0.745928,0.092033,-0.062015,0.168422,0.138129,-0.120674,0.032264,-0.111388,-0.077974,-0.096883,0.349709,-0.134010,0.025630,-0.023481,-0.048346,0.219159,-0.228760,0.184529,-0.477467,0.999412,-0.040403,-0.030493,0.179803,-0.135892,-0.157680,0.391597,1.235983,0.084564,0.058894,-0.035401
-0.023738,5.745044,0.784692,0.052377,-0.030733,0.663503,0.745705,0.094058,-0.058090,0.166760,0.140987,-0.124754,0.031148,-0.101564,-0.074093,-0.099769,0.336833,-0.131006,0.025891,-0.023812,-0.044984,0.218279,-0.215601,0.182857,-0.480682,1.015917,-0.040992,-0.025259,0.176913,-0.136555,-0.156667,0.392981,1.234399,0.087088,0.058259,-0.034712
-0.023367,5.746508,0.784978,0.051385,-0.032128,0.663869,0.745390,0.096015,-0.054032,0.164872,0.143959,-0.128862,0.029900,-0.091263,-0.070066,-0.102976,0.323121,-0.127445,0.026335,-0.024131,-0.041630,0.217722,-0.202777,0.181411,-0.483921,1.032197,-0.039665,-0.019358,0.173536,-0.136963,-0.155777,0.394142,1.232341,0.090065,0.057374,-0.034110
-0.023058,5.747971,0.785237,0.050375,-0.033651,0.664398,0.744920,0.097887,-0.049670,0.162615,0.147188,-0.133080,0.028473,-0.080050,-0.065755,-0.106807,0.307905,-0.123040,0.027081,-0.024363,-0.038187,0.217337,-0.190873,0.179522,-0.487347,1.049296,-0.035376,-0.012644,0.169657,-0.137286,-0.154588,0.394865,1.230350,0.093845,0.056083,-0.033694
-0.022702,5.749478,0.785500,0.049329,-0.035271,0.665094,0.744293,0.099651,-0.045089,0.159973,0.150621,-0.137371,0.026917,-0.068220,-0.061300,-0.111199,0.291634,-0.118055,0.028073,-0.024871,-0.034715,0.217301,-0.179009,0.178036,-0.490737,1.066118,-0.029149,-0.005144,0.165023,-0.137257,-0.153626,0.395421,1.227595,0.098432,0.054543,-0.033270
-0.022386,5.750898,0.785705,0.048296,-0.036893,0.665804,0.743647,0.101339,-0.040482,0.157292,0.154109,-0.141664,0.025320,-0.056354,-0.056786,-0.115533,0.275103,-0.112856,0.028997,-0.025231,-0.031261,0.217375,-0.167625,0.176624,-0.494275,1.083115,-0.022436,0.002697,0.160077,-0.137052,-0.152677,0.395751,1.224633,0.102903,0.052893,-0.032998
-0.022003,5.752300,0.785886,0.047313,-0.038438,0.666373,0.743123,0.103007,-0.036078,0.154919,0.157371,-0.145783,0.023776,-0.045104,-0.052335,-0.119190,0.259259,-0.107823,0.029582,-0.025193,-0.027907,0.217480,-0.156774,0.175342,-0.497918,1.100040,-0.016691,0.010492,0.155178,-0.136775,-0.151810,0.396003,1.221660,0.106411,0.051309,-0.032959
-0.021645,5.753662,0.786026,0.046418,-0.039918,0.666776,0.742740,0.104712,-0.031890,0.152845,0.160501,-0.149825,0.022307,-0.034460,-0.047925,-0.122082,0.244292,-0.103055,0.029791,-0.024838,-0.024613,0.217795,-0.146429,0.174389,-0.501784,1.116833,-0.011797,0.018463,0.150020,-0.136431,-0.151191,0.396226,1.218408,0.108331,0.049807,-0.033171
-0.021311,5.754949,0.786142,0.045581,-0.041374,0.667092,0.742428,0.106414,-0.027820,0.150921,0.163561,-0.153796,0.020865,-0.024059,-0.043503,-0.124528,0.229574,-0.098251,0.029788,-0.024221,-0.021351,0.218287,-0.136671,0.173591,-0.505880,1.133732,-0.007131,0.026707,0.144562,-0.135983,-0.150696,0.396301,1.214922,0.109246,0.048298,-0.033597
-0.021005,5.756215,0.786242,0.044756,-0.042719,0.667322,0.742195,0.107994,-0.023906,0.149265,0.166448,-0.157607,0.019435,-0.013965,-0.039129,-0.126538,0.214858,-0.093270,0.029650,-0.023026,-0.018225,0.218571,-0.127521,0.172636,-0.510086,1.150677,-0.003481,0.034666,0.139567,-0.135311,-0.150133,0.396071,1.211609,0.110068,0.046816,-0.034226
-0.020785,5.757291,0.786350,0.043887,-0.043884,0.667473,0.742043,0.109275,-0.020123,0.147980,0.169215,-0.161235,0.017995,-0.003845,-0.034755,-0.128165,0.199066,-0.087589,0.029442,-0.021599,-0.015283,0.218537,-0.118272,0.171735,-0.513349,1.166484,-0.001383,0.041872,0.135609,-0.134438,-0.149569,0.396072,1.208549,0.111877,0.045443,-0.034930
-0.020381,5.758403,0.786397,0.043096,-0.044576,0.667421,0.742095,0.110501,-0.017166,0.147531,0.170830,-0.164165,0.016596,0.003098,-0.031317,-0.128822,0.188272,-0.084242,0.029306,-0.019619,-0.013193,0.217826,-0.108805,0.170965,-0.515726,1.181156,-0.001525,0.048397,0.132742,-0.133304,-0.148974,0.396420,1.205666,0.115108,0.044181,-0.035780
-0.020064,5.759623,0.786393,0.042503,-0.044719,0.667180,0.742338,0.111908,-0.015401,0.147866,0.170812,-0.166150,0.015319,0.004978,-0.029391,-0.128445,0.186624,-0.085441,0.029286,-0.017082,-0.012197,0.216523,-0.099277,0.170369,-0.517450,1.194938,-0.003396,0.054462,0.130668,-0.131939,-0.148352,0.396988,1.202866,0.119155,0.043009,-0.036780
-0.019763,5.760753,0.786384,0.041959,-0.044738,0.666981,0.742546,0.113189,-0.013937,0.148171,0.170617,-0.167905,0.014117,0.006593,-0.027743,-0.128026,0.185167,-0.086655,0.029231,-0.014547,-0.011494,0.215091,-0.089802,0.169791,-0.518324,1.207777,-0.005950,0.059739,0.129578,-0.130580,-0.147529,0.397681,1.200663,0.123544,0.041906,-0.037839
-0.019422,5.761907,0.786373,0.041527,-0.044760,0.667031,0.742524,0.114369,-0.012803,0.147832,0.170547,-0.169514,0.013076,0.008261,-0.026520,-0.128121,0.184074,-0.088118,0.029124,-0.012578,-0.010985,0.213929,-0.080294,0.169283,-0.517937,1.219234,-0.008069,0.063909,0.129555,-0.129327,-0.146541,0.398507,1.199208,0.127808,0.040894,-0.038783
-0.019083,5.762943,0.786360,0.041271,-0.044842,0.667467,0.742141,0.115501,-0.012053,0.146459,0.170721,-0.170959,0.012248,0.010276,-0.025816,-0.129048,0.183223,-0.089825,0.028969,-0.011574,-0.010683,0.213267,-0.070671,0.168853,-0.516142,1.229136,-0.009464,0.066728,0.130841,-0.128291,-0.145357,0.399285,1.198720,0.132121,0.039828,-0.039631
-0.018790,5.763994,0.786341,0.041120,-0.044930,0.668153,0.741527,0.116510,-0.011605,0.144444,0.171044,-0.172247,0.011576,0.012357,-0.025478,-0.130472,0.182671,-0.091730,0.028809,-0.011241,-0.010612,0.212858,-0.060936,0.168499,-0.513072,1.237673,-0.010703,0.068417,0.133313,-0.127429,-0.143888,0.400111,1.199084,0.136600,0.038745,-0.040464
-0.018503,5.764905,0.786326,0.040961,-0.044962,0.668885,0.740873,0.117371,-0.011277,0.142326,0.171311,-0.173422,0.010979,0.014331,-0.025228,-0.131977,0.182073,-0.093576,0.028651,-0.010832,-0.010579,0.212445,-0.051198,0.168237,-0.509064,1.244936,-0.012050,0.069354,0.136468,-0.126450,-0.142463,0.401270,1.199758,0.140809,0.037957,-0.041150
-0.018279,5.765765,0.786300,0.040700,-0.044863,0.669456,0.740378,0.118029,-0.010947,0.140663,0.171370,-0.174555,0.010374,0.015868,-0.024898,-0.133115,0.181435,-0.095298,0.028489,-0.010240,-0.010682,0.211555,-0.041433,0.167938,-0.503641,1.251322,-0.013531,0.069887,0.139884,-0.125818,-0.140582,0.403737,1.201247,0.144371,0.037707,-0.041770
-0.017835,5.766910,0.786259,0.040324,-0.044546,0.669809,0.740098,0.118477,-0.010670,0.139620,0.171034,-0.175630,0.009703,0.016810,-0.024540,-0.133714,0.180803,-0.096963,0.028245,-0.008384,-0.010712,0.210159,-0.031769,0.167677,-0.497571,1.256454,-0.015149,0.070098,0.143363,-0.124240,-0.139190,0.406217,1.202073,0.146830,0.038336,-0.042064
-0.017556,5.767852,0.786230,0.039885,-0.044073,0.670055,0.739928,0.118736,-0.010520,0.138904,0.170464,-0.176641,0.009019,0.017343,-0.024278,-0.134015,0.180196,-0.098596,0.027928,-0.006712,-0.010989,0.208266,-0.021818,0.167300,-0.489466,1.260458,-0.016494,0.069763,0.147218,-0.122995,-0.137353,0.409932,1.203810,0.148727,0.039549,-0.042329
-0.017415,5.768700,0.786201,0.039428,-0.043538,0.670233,0.739823,0.118873,-0.010453,0.138386,0.169780,-0.177537,0.008426,0.017588,-0.024100,-0.134144,0.179688,-0.100126,0.027628,-0.004559,-0.011194,0.206426,-0.012301,0.166818,-0.481126,1.263701,-0.018541,0.068925,0.151531,-0.121673,-0.135747,0.414592,1.205561,0.150322,0.041002,-0.042381
-0.017332,5.769548,0.786182,0.038983,-0.043049,0.670384,0.739738,0.118882,-0.010390,0.137933,0.169271,-0.178364,0.008023,0.017733,-0.023940,-0.134251,0.179218,-0.101414,0.027447,-0.002603,-0.011211,0.204982,-0.003411,0.166060,-0.472639,1.266582,-0.021758,0.067585,0.156421,-0.121010,-0.134352,0.421502,1.207737,0.152198,0.042295,-0.042276
-0.017308,5.770201,0.786173,0.038579,-0.042631,0.670546,0.739637,0.118773,-0.010396,0.137449,0.168966,-0.179059,0.007909,0.017848,-0.023851,-0.134427,0.178731,-0.102372,0.027474,-0.000690,-0.010894,0.204206,0.004631,0.165007,-0.464431,1.269077,-0.026629,0.065458,0.162191,-0.120730,-0.133377,0.429678,1.209934,0.154174,0.043410,-0.041980
-0.017283,5.770811,0.786167,0.038194,-0.042230,0.670688,0.739551,0.118540,-0.010481,0.137023,0.168769,-0.179656,0.008004,0.017848,-0.023840,-0.134577,0.178271,-0.103108,0.027633,0.000895,-0.010314,0.203765,0.012073,0.163443,-0.455650,1.271206,-0.032560,0.062585,0.168717,-0.120950,-0.132644,0.439531,1.212506,0.156224,0.044529,-0.041554
-0.017243,5.771450,0.786182,0.037772,-0.041839,0.670748,0.739540,0.118205,-0.010503,0.136805,0.168586,-0.180205,0.008145,0.017652,-0.023756,-0.134575,0.177834,-0.103654,0.027766,0.002855,-0.009505,0.203419,0.018780,0.161518,-0.447018,1.273178,-0.039127,0.059532,0.175385,-0.121435,-0.132319,0.451988,1.215201,0.158582,0.045602,-0.040849
-0.017187,5.772043,0.786198,0.037267,-0.041447,0.670664,0.739664,0.117780,-0.010327,0.136945,0.168335,-0.180752,0.008170,0.017164,-0.023459,-0.134286,0.177443,-0.104051,0.027719,0.005090,-0.008516,0.202861,0.024900,0.159139,-0.438233,1.275208,-0.045615,0.056846,0.181605,-0.122447,-0.132418,0.469010,1.218268,0.161786,0.046576,-0.039812
-0.017185,5.772583,0.786228,0.036638,-0.041041,0.670349,0.740004,0.117236,-0.009827,0.137645,0.167989,-0.181342,0.008018,0.016305,-0.022802,-0.133532,0.177016,-0.104196,0.027417,0.007686,-0.007208,0.201991,0.030441,0.156180,-0.428897,1.277378,-0.052139,0.054583,0.187396,-0.124157,-0.132999,0.491579,1.221885,0.167169,0.047495,-0.038475
-0.017236,5.773038,0.786251,0.035904,-0.040647,0.669860,0.740504,0.116562,-0.009108,0.138771,0.167619,-0.181943,0.007783,0.015106,-0.021902,-0.132433,0.176623,-0.104127,0.026953,0.010657,-0.005573,0.201003,0.035344,0.152737,-0.419273,1.279501,-0.058982,0.052487,0.192996,-0.126370,-0.134039,0.518514,1.225842,0.174066,0.048377,-0.036828
-0.017257,5.773508,0.786284,0.035168,-0.040250,0.669347,0.741025,0.115865,-0.008365,0.139967,0.167216,-0.182499,0.007525,0.013850,-0.020978,-0.131305,0.176232,-0.103997,0.026426,0.013597,-0.003780,0.200003,0.039599,0.148819,-0.409800,1.281568,-0.065600,0.050610,0.198218,-0.128795,-0.135420,0.548782,1.229714,0.180068,0.049175,-0.034731
-0.017254,5.773926,0.786311,0.034518,-0.039853,0.668957,0.741429,0.115257,-0.007798,0.140876,0.166800,-0.182983,0.007306,0.012744,-0.020258,-0.130468,0.175932,-0.104022,0.025931,0.016189,-0.002027,0.199071,0.043168,0.144481,-0.401021,1.283622,-0.071472,0.049014,0.202888,-0.131177,-0.137013,0.581274,1.233207,0.182761,0.049810,-0.032060
-0.017245,5.774359,0.786335,0.033937,-0.039454,0.668695,0.741713,0.114698,-0.007424,0.141514,0.166393,-0.183384,0.007123,0.011800,-0.019757,-0.129906,0.175670,-0.104193,0.025474,0.018517,-0.000354,0.198122,0.046051,0.139736,-0.392921,1.285790,-0.076615,0.047803,0.207214,-0.133636,-0.138792,0.617286,1.236438,0.180139,0.050319,-0.028241
-0.017234,5.774782,0.786357,0.033397,-0.039047,0.668494,0.741940,0.114155,-0.007149,0.142034,0.165992,-0.183735,0.006948,0.010914,-0.019372,-0.129484,0.175430,-0.104414,0.025010,0.020694,0.001350,0.197160,0.048306,0.134594,-0.385255,1.287886,-0.081248,0.046997,0.211217,-0.136250,-0.140720,0.656919,1.239531,0.173968,0.050692,-0.023510
-0.017220,5.775157,0.786379,0.032935,-0.038661,0.668398,0.742068,0.113689,-0.006989,0.142284,0.165606,-0.184038,0.006806,0.010173,-0.019143,-0.129332,0.175291,-0.104761,0.024557,0.022510,0.003044,0.196392,0.049844,0.129148,-0.378308,1.289855,-0.085257,0.046309,0.214429,-0.138669,-0.142653,0.697111,1.242182,0.167335,0.050797,-0.018973
-0.017201,5.775655,0.786382,0.032581,-0.038336,0.668452,0.742051,0.113308,-0.006933,0.142109,0.165368,-0.184358,0.006716,0.009741,-0.019085,-0.129589,0.175173,-0.105218,0.024133,0.023874,0.004658,0.196017,0.050596,0.123567,-0.372494,1.291560,-0.088533,0.045509,0.216378,-0.140531,-0.144403,0.734621,1.244095,0.163291,0.050530,-0.015761
-0.017137,5.776024,0.786387,0.032385,-0.038067,0.668712,0.741840,0.113052,-0.007052,0.141343,0.165293,-0.184691,0.006737,0.009681,-0.019283,-0.130411,0.175159,-0.105876,0.023787,0.024850,0.006011,0.196111,0.050601,0.117949,-0.367817,1.292825,-0.091598,0.044232,0.216013,-0.141959,-0.145874,0.770728,1.245389,0.160752,0.049918,-0.013342
-0.017021,5.776372,0.786398,0.032304,-0.037854,0.669140,0.741468,0.112885,-0.007318,0.140109,0.165342,-0.185015,0.006839,0.009941,-0.019687,-0.131678,0.175170,-0.106660,0.023483,0.025479,0.007111,0.196550,0.049957,0.112330,-0.364109,1.293690,-0.094352,0.042725,0.213878,-0.143146,-0.147057,0.806414,1.246326,0.158696,0.048989,-0.011419
-0.016871,5.776676,0.786416,0.032283,-0.037673,0.669640,0.741027,0.112784,-0.007614,0.138689,0.165447,-0.185336,0.006914,0.010353,-0.020141,-0.133137,0.175224,-0.107514,0.023158,0.025719,0.008124,0.197216,0.048635,0.106831,-0.361694,1.294366,-0.095841,0.041674,0.211915,-0.143893,-0.147925,0.837866,1.246884,0.160218,0.047659,-0.011478
-0.016719,5.776948,0.786416,0.032262,-0.037511,0.670117,0.740605,0.112730,-0.007833,0.137371,0.165489,-0.185620,0.006853,0.010752,-0.020507,-0.134520,0.175317,-0.108363,0.022734,0.025704,0.009178,0.197968,0.046589,0.101652,-0.361113,1.295074,-0.095181,0.041770,0.212069,-0.143985,-0.148494,0.861082,1.247079,0.168391,0.045816,-0.015000
-0.016558,5.777198,0.786436,0.032228,-0.037389,0.670565,0.740206,0.112743,-0.007937,0.136177,0.165461,-0.185879,0.006560,0.011147,-0.020750,-0.135818,0.175418,-0.109191,0.022147,0.025564,0.010225,0.198955,0.043612,0.096866,-0.363001,1.295463,-0.090933,0.044297,0.214646,-0.143336,-0.148777,0.874613,1.246659,0.188702,0.042718,-0.024259
-0.016374,5.777496,0.786441,0.032215,-0.037303,0.671029,0.739791,0.112813,-0.007992,0.134977,0.165387,-0.186090,0.006119,0.011573,-0.020960,-0.137149,0.175599,-0.110060,0.021451,0.025366,0.011161,0.200168,0.039822,0.092488,-0.367118,1.295500,-0.084065,0.048558,0.218640,-0.142013,-0.148820,0.880487,1.245662,0.217822,0.038343,-0.037762
-0.016200,5.777726,0.786445,0.032205,-0.037229,0.671489,0.739378,0.112901,-0.008012,0.133808,0.165349,-0.186314,0.005677,0.012034,-0.021129,-0.138448,0.175770,-0.110912,0.020753,0.025070,0.012054,0.201280,0.035658,0.088659,-0.372602,1.295830,-0.077256,0.052263,0.224025,-0.140075,-0.148691,0.880057,1.244389,0.245727,0.033915,-0.051399
-0.016025,5.777987,0.786454,0.032171,-0.037152,0.671929,0.738983,0.112965,-0.008018,0.132714,0.165370,-0.186551,0.005387,0.012488,-0.021266,-0.139645,0.175896,-0.111688,0.020162,0.024673,0.012959,0.202012,0.031576,0.085600,-0.378654,1.297001,-0.073203,0.053110,0.230804,-0.137564,-0.148434,0.874570,1.243128,0.262410,0.031054,-0.061190
-0.015879,5.778267,0.786469,0.032095,-0.037059,0.672356,0.738602,0.112874,-0.007995,0.131685,0.165616,-0.186852,0.005330,0.012933,-0.021352,-0.140747,0.175881,-0.112306,0.019705,0.023849,0.013768,0.202319,0.027672,0.083635,-0.385431,1.299336,-0.072807,0.050041,0.240524,-0.134343,-0.148057,0.862776,1.241577,0.263490,0.030878,-0.066163
-0.015730,5.778552,0.786483,0.031997,-0.036956,0.672775,0.738230,0.112721,-0.007948,0.130706,0.165959,-0.187162,0.005414,0.013344,-0.021408,-0.141777,0.175867,-0.112864,0.019328,0.023151,0.014565,0.202328,0.023424,0.082460,-0.393795,1.302748,-0.074659,0.044394,0.252712,-0.130307,-0.147490,0.843941,1.239686,0.254737,0.032502,-0.068455
-0.015596,5.778928,0.786486,0.031902,-0.036868,0.673167,0.737881,0.112625,-0.007874,0.129805,0.166330,-0.187529,0.005514,0.013825,-0.021426,-0.142717,0.175793,-0.113404,0.019006,0.022438,0.015252,0.202248,0.019594,0.082205,-0.402165,1.305675,-0.077481,0.037481,0.264068,-0.126037,-0.146798,0.822086,1.237722,0.242077,0.034842,-0.068839
-0.015527,5.779330,0.786491,0.031821,-0.036832,0.673512,0.737572,0.112749,-0.007784,0.129008,0.166592,-0.187965,0.005512,0.014438,-0.021415,-0.143545,0.175701,-0.114025,0.018718,0.021944,0.015872,0.202205,0.016605,0.082716,-0.409408,1.307028,-0.080158,0.030640,0.271412,-0.122004,-0.146027,0.800748,1.236104,0.231301,0.036772,-0.068128
-0.015477,5.779775,0.786480,0.031791,-0.036854,0.673806,0.737304,0.113178,-0.007657,0.128320,0.166719,-0.188517,0.005338,0.015284,-0.021356,-0.144252,0.175546,-0.114747,0.018470,0.021295,0.016529,0.202214,0.014641,0.083883,-0.414783,1.306879,-0.082711,0.023339,0.273926,-0.118280,-0.145233,0.780361,1.234961,0.223400,0.038127,-0.065887
-0.015365,5.780180,0.786477,0.031777,-0.036936,0.674059,0.737069,0.113818,-0.007504,0.127728,0.166770,-0.189155,0.005071,0.016293,-0.021259,-0.144852,0.175344,-0.115529,0.018269,0.020973,0.017156,0.202197,0.013312,0.085913,-0.419613,1.305767,-0.085824,0.015196,0.273297,-0.114519,-0.144288,0.758618,1.234064,0.215305,0.039448,-0.061895
-0.015273,5.780593,0.786449,0.031763,-0.037017,0.674272,0.736871,0.114499,-0.007343,0.127231,0.166811,-0.189816,0.004806,0.017309,-0.021144,-0.145352,0.175128,-0.116317,0.018098,0.020518,0.017698,0.202166,0.012672,0.088541,-0.423416,1.303173,-0.088739,0.007702,0.270142,-0.111047,-0.143262,0.737425,1.233422,0.207361,0.040637,-0.057347
-0.015210,5.780995,0.786435,0.031720,-0.037052,0.674442,0.736715,0.115085,-0.007202,0.126830,0.166862,-0.190416,0.004638,0.018177,-0.021031,-0.145761,0.174931,-0.117067,0.017943,0.020134,0.018114,0.202078,0.012529,0.091543,-0.426543,1.298737,-0.090914,0.002407,0.265133,-0.108032,-0.142165,0.717852,1.233096,0.199704,0.041622,-0.053440
-0.015172,5.781484,0.786424,0.031632,-0.037031,0.674537,0.736632,0.115535,-0.007091,0.126601,0.166960,-0.190946,0.004611,0.018836,-0.020919,-0.146011,0.174771,-0.117764,0.017788,0.019861,0.018447,0.201873,0.012975,0.094757,-0.428190,1.292110,-0.092475,-0.000113,0.257388,-0.105442,-0.141017,0.699589,1.233103,0.191699,0.042331,-0.050214
-0.015101,5.781940,0.786422,0.031515,-0.036980,0.674570,0.736610,0.115928,-0.006983,0.126516,0.167088,-0.191452,0.004667,0.019383,-0.020788,-0.146125,0.174614,-0.118428,0.017646,0.019626,0.018780,0.201538,0.013973,0.098164,-0.428488,1.283717,-0.093587,-0.000700,0.246961,-0.103215,-0.139839,0.682237,1.233512,0.183513,0.042821,-0.047140
-0.015059,5.782340,0.786417,0.031389,-0.036910,0.674603,0.736589,0.116270,-0.006888,0.126425,0.167197,-0.191921,0.004751,0.019882,-0.020667,-0.146234,0.174448,-0.119069,0.017536,0.019323,0.019072,0.201143,0.015054,0.101738,-0.429033,1.274675,-0.093774,-0.000240,0.235897,-0.101481,-0.138643,0.666805,1.234377,0.176390,0.043243,-0.044556
-0.015006,5.782773,0.786426,0.031269,-0.036837,0.674704,0.736506,0.116555,-0.006799,0.126172,0.167320,-0.192402,0.004808,0.020435,-0.020569,-0.146476,0.174211,-0.119689,0.017480,0.018842,0.019284,0.200741,0.015729,0.105452,-0.431421,1.266129,-0.092574,0.000368,0.226234,-0.100383,-0.137443,0.654316,1.235772,0.171594,0.043756,-0.042806
-0.014925,5.783198,0.786412,0.031152,-0.036742,0.674911,0.736325,0.116723,-0.006732,0.125682,0.167446,-0.192879,0.004841,0.021026,-0.020527,-0.146934,0.173920,-0.120310,0.017499,0.018105,0.019437,0.200260,0.015878,0.109307,-0.436262,1.258200,-0.089161,0.001324,0.218119,-0.100062,-0.136287,0.645234,1.237901,0.170089,0.044426,-0.042135
-0.014816,5.783603,0.786406,0.031029,-0.036628,0.675183,0.736087,0.116829,-0.006684,0.125048,0.167529,-0.193331,0.004873,0.021645,-0.020521,-0.147519,0.173551,-0.120912,0.017580,0.017212,0.019548,0.199692,0.015744,0.113298,-0.442674,1.250336,-0.084000,0.002933,0.210591,-0.100364,-0.135202,0.638931,1.240605,0.171000,0.045181,-0.042315
-0.014690,5.784002,0.786403,0.030920,-0.036526,0.675460,0.735842,0.116915,-0.006620,0.124370,0.167666,-0.193804,0.004881,0.022268,-0.020495,-0.148112,0.173190,-0.121492,0.017681,0.016296,0.019566,0.199202,0.015343,0.117370,-0.450033,1.242757,-0.078642,0.004443,0.204050,-0.101090,-0.134189,0.634772,1.243550,0.172790,0.045953,-0.042975
-0.014587,5.784434,0.786397,0.030833,-0.036476,0.675684,0.735643,0.117148,-0.006505,0.123747,0.167775,-0.194293,0.004841,0.022956,-0.020385,-0.148590,0.172825,-0.122033,0.017767,0.015503,0.019453,0.198939,0.014675,0.121439,-0.457721,1.235715,-0.074643,0.005131,0.198915,-0.102047,-0.133226,0.632130,1.246434,0.173943,0.046682,-0.043747
-0.014418,5.784763,0.786373,0.030795,-0.036482,0.675831,0.735509,0.117562,-0.006343,0.123198,0.167870,-0.194802,0.004768,0.023715,-0.020175,-0.148896,0.172468,-0.122523,0.017856,0.014901,0.019191,0.198965,0.013569,0.125479,-0.466064,1.229435,-0.072434,0.004684,0.195559,-0.103326,-0.132295,0.631232,1.249415,0.174483,0.047299,-0.044791
-0.014248,5.785058,0.786343,0.030789,-0.036531,0.675935,0.735411,0.118069,-0.006135,0.122671,0.168017,-0.195361,0.004666,0.024551,-0.019885,-0.149107,0.172074,-0.122960,0.017959,0.014407,0.018827,0.199183,0.012045,0.129483,-0.475226,1.223786,-0.071184,0.003548,0.193686,-0.104995,-0.131390,0.632278,1.252607,0.175088,0.047853,-0.046220
-0.014145,5.785395,0.786325,0.030787,-0.036604,0.676023,0.735327,0.118640,-0.005893,0.122164,0.168113,-0.195900,0.004501,0.025391,-0.019555,-0.149290,0.171704,-0.123381,0.018022,0.013923,0.018370,0.199493,0.010380,0.133388,-0.484343,1.218530,-0.070569,0.002132,0.192720,-0.106840,-0.130527,0.634579,1.255678,0.175145,0.048455,-0.047599
-0.013998,5.785750,0.786308,0.030762,-0.036685,0.676121,0.735233,0.119203,-0.005602,0.121676,0.168169,-0.196408,0.004234,0.026219,-0.019196,-0.149520,0.171363,-0.123821,0.017990,0.013356,0.017875,0.199798,0.008835,0.137100,-0.492527,1.213456,-0.070234,0.000843,0.192093,-0.108621,-0.129718,0.637461,1.258256,0.174073,0.049225,-0.048491
-0.013843,5.786102,0.786302,0.030717,-0.036780,0.676262,0.735101,0.119775,-0.005249,0.121143,0.168179,-0.196880,0.003789,0.027066,-0.018814,-0.149871,0.171080,-0.124312,0.017815,0.012611,0.017370,0.200062,0.007411,0.140556,-0.499756,1.208624,-0.070300,-0.000323,0.192012,-0.110343,-0.128973,0.641195,1.260336,0.171450,0.050299,-0.048747
-0.013677,5.786459,0.786291,0.030664,-0.036895,0.676422,0.734950,0.120390,-0.004839,0.120589,0.168145,-0.197332,0.003207,0.027942,-0.018397,-0.150286,0.170843,-0.124840,0.017539,0.011746,0.016852,0.200327,0.005946,0.143746,-0.506405,1.204187,-0.070868,-0.001549,0.192674,-0.112120,-0.128303,0.645997,1.262111,0.167664,0.051583,-0.048611
-0.013517,5.786760,0.786285,0.030602,-0.036994,0.676545,0.734834,0.120973,-0.004409,0.120137,0.168090,-0.197765,0.002632,0.028733,-0.017960,-0.150639,0.170628,-0.125342,0.017234,0.010919,0.016315,0.200607,0.004451,0.146646,-0.512236,1.200116,-0.071589,-0.002713,0.193495,-0.113830,-0.127703,0.651124,1.263457,0.163387,0.052841,-0.048229
-0.013353,5.787073,0.786275,0.030516,-0.037059,0.676575,0.734807,0.121456,-0.003991,0.119909,0.168075,-0.198220,0.002206,0.029350,-0.017520,-0.150801,0.170413,-0.125778,0.016976,0.010299,0.015750,0.200914,0.002931,0.149231,-0.517011,1.196386,-0.072110,-0.003690,0.193896,-0.115391,-0.127177,0.655810,1.264322,0.159270,0.053831,-0.047750
-0.013197,5.787308,0.786264,0.030413,-0.037064,0.676485,0.734894,0.121827,-0.003603,0.119948,0.168091,-0.198701,0.002010,0.029761,-0.017085,-0.150732,0.170182,-0.126136,0.016783,0.010024,0.015316,0.201167,0.000922,0.150921,-0.520647,1.193716,-0.072253,-0.004509,0.193822,-0.116703,-0.126854,0.659855,1.264631,0.155169,0.054471,-0.047142
-0.013058,5.787594,0.786242,0.030299,-0.037026,0.676310,0.735062,0.122115,-0.003239,0.120187,0.168106,-0.199180,0.001955,0.029987,-0.016666,-0.150499,0.170003,-0.126462,0.016613,0.009906,0.014644,0.201550,-0.000664,0.152947,-0.523300,1.190632,-0.072383,-0.005122,0.193399,-0.117915,-0.126495,0.663785,1.264312,0.150899,0.054877,-0.046349
-0.012920,5.787905,0.786232,0.030171,-0.036972,0.676079,0.735282,0.122373,-0.002856,0.120580,0.168097,-0.199639,0.001925,0.030148,-0.016215,-0.150143,0.169772,-0.126721,0.016460,0.010044,0.014167,0.201834,-0.002789,0.154034,-0.525195,1.188752,-0.072449,-0.005652,0.192907,-0.118939,-0.126323,0.667238,1.263740,0.146748,0.055169,-0.045491
-0.012774,5.788228,0.786222,0.030029,-0.036916,0.675824,0.735525,0.122667,-0.002438,0.121089,0.168033,-0.200081,0.001805,0.030271,-0.015727,-0.149702,0.169552,-0.126957,0.016317,0.010203,0.013725,0.202085,-0.004821,0.154874,-0.526416,1.187180,-0.072676,-0.006046,0.192343,-0.119840,-0.126200,0.670420,1.262996,0.143259,0.055447,-0.044707
-0.012640,5.788539,0.786215,0.029888,-0.036871,0.675560,0.735776,0.123030,-0.001985,0.121698,0.167899,-0.200464,0.001570,0.030428,-0.015207,-0.149193,0.169303,-0.127161,0.016190,0.010162,0.013207,0.202336,-0.006353,0.155777,-0.526628,1.185420,-0.073201,-0.006203,0.191547,-0.120667,-0.126063,0.673537,1.262053,0.140671,0.055726,-0.043973
-0.012487,5.788814,0.786203,0.029742,-0.036831,0.675267,0.736052,0.123447,-0.001506,0.122431,0.167692,-0.200800,0.001279,0.030573,-0.014657,-0.148594,0.169053,-0.127346,0.016083,0.010506,0.012771,0.202553,-0.008195,0.156183,-0.526298,1.184432,-0.073919,-0.006207,0.190587,-0.121254,-0.125996,0.675793,1.260853,0.138401,0.055944,-0.043204
-0.012338,5.789074,0.786191,0.029560,-0.036774,0.674927,0.736374,0.123809,-0.000999,0.123305,0.167452,-0.201131,0.000946,0.030616,-0.014063,-0.147878,0.168745,-0.127436,0.015973,0.010656,0.012303,0.202738,-0.009771,0.156476,-0.525212,1.183546,-0.074578,-0.006140,0.189685,-0.121863,-0.125930,0.678273,1.259568,0.136711,0.056128,-0.042569
-0.012205,5.789376,0.786183,0.029334,-0.036661,0.674523,0.736759,0.124083,-0.000472,0.124332,0.167102,-0.201447,0.000585,0.030449,-0.013430,-0.147019,0.168464,-0.127468,0.015848,0.011064,0.011867,0.202893,-0.011484,0.156552,-0.524201,1.183068,-0.075033,-0.006113,0.189141,-0.122502,-0.125889,0.680428,1.258374,0.135215,0.056271,-0.042156
-0.012084,5.789674,0.786185,0.029018,-0.036480,0.673997,0.737262,0.124203,0.000121,0.125655,0.166635,-0.201782,0.000154,0.029987,-0.012694,-0.145896,0.168104,-0.127326,0.015710,0.011162,0.011387,0.202953,-0.012958,0.156416,-0.522233,1.182827,-0.075011,-0.006164,0.188939,-0.123421,-0.125827,0.683401,1.257369,0.134293,0.056376,-0.042145
-0.011964,5.789948,0.786178,0.028641,-0.036246,0.673376,0.737855,0.124245,0.000759,0.127220,0.166017,-0.202098,-0.000338,0.029308,-0.011883,-0.144562,0.167691,-0.127056,0.015566,0.012260,0.010898,0.202973,-0.014819,0.156201,-0.520873,1.183124,-0.075068,-0.006199,0.188995,-0.124049,-0.125803,0.685232,1.256131,0.133405,0.056409,-0.042368
-0.011877,5.790177,0.786185,0.028255,-0.036000,0.672766,0.738438,0.124209,0.001379,0.128755,0.165446,-0.202404,-0.000803,0.028565,-0.011092,-0.143244,0.167319,-0.126787,0.015399,0.012213,0.010504,0.202936,-0.016451,0.155387,-0.518263,1.183858,-0.074602,-0.006318,0.189341,-0.125123,-0.125745,0.688234,1.255378,0.133194,0.056459,-0.042692
-0.011759,5.790426,0.786178,0.027920,-0.035782,0.672273,0.738910,0.124182,0.001901,0.129987,0.164976,-0.202657,-0.001153,0.027949,-0.010422,-0.142169,0.167021,-0.126622,0.015191,0.012356,0.010181,0.202990,-0.018442,0.154476,-0.516915,1.185017,-0.074298,-0.006470,0.190043,-0.125964,-0.125682,0.690120,1.254689,0.132922,0.056530,-0.042821
-0.011688,5.790675,0.786187,0.027641,-0.035594,0.671938,0.739235,0.124043,0.002298,0.130820,0.164793,-0.202872,-0.001324,0.027406,-0.009919,-0.141411,0.166926,-0.126623,0.014886,0.012208,0.009844,0.203257,-0.020448,0.153744,-0.516516,1.186126,-0.074128,-0.006667,0.191287,-0.126744,-0.125634,0.691276,1.254058,0.132811,0.056654,-0.042667
-0.011659,5.790842,0.786198,0.027388,-0.035424,0.671699,0.739469,0.123855,0.002609,0.131404,0.164708,-0.203018,-0.001374,0.026905,-0.009519,-0.140845,0.166911,-0.126690,0.014513,0.011588,0.009673,0.203507,-0.022809,0.152402,-0.516369,1.188108,-0.073845,-0.006993,0.193072,-0.127649,-0.125539,0.692288,1.253859,0.133060,0.056796,-0.042397
-0.011581,5.791067,0.786216,0.027164,-0.035274,0.671514,0.739653,0.123683,0.002886,0.131847,0.164705,-0.203189,-0.001405,0.026515,-0.009170,-0.140399,0.166899,-0.126812,0.014166,0.010951,0.009656,0.203669,-0.025503,0.150527,-0.516729,1.190813,-0.073429,-0.007334,0.194925,-0.128471,-0.125403,0.692850,1.253962,0.133299,0.056942,-0.042115
-0.011489,5.791310,0.786220,0.026974,-0.035145,0.671337,0.739827,0.123688,0.003157,0.132259,0.164593,-0.203394,-0.001519,0.026320,-0.008825,-0.139998,0.166785,-0.126957,0.013942,0.010367,0.009613,0.203774,-0.028026,0.148712,-0.517447,1.193453,-0.072845,-0.007584,0.196260,-0.129065,-0.125240,0.693167,1.254066,0.133335,0.057072,-0.041897
-0.011405,5.791567,0.786222,0.026808,-0.035043,0.671169,0.739991,0.123860,0.003432,0.132638,0.164411,-0.203692,-0.001768,0.026376,-0.008483,-0.139672,0.166500,-0.127132,0.013902,0.009749,0.009473,0.203811,-0.030187,0.147088,-0.518326,1.195860,-0.072040,-0.007719,0.196958,-0.129437,-0.125040,0.693364,1.254185,0.133145,0.057183,-0.041797
-0.011313,5.791812,0.786205,0.026668,-0.034969,0.671029,0.740126,0.124186,0.003686,0.132939,0.164135,-0.204009,-0.002092,0.026628,-0.008172,-0.139442,0.166109,-0.127337,0.013981,0.009051,0.009313,0.203784,-0.032206,0.145410,-0.519431,1.198359,-0.071026,-0.007792,0.197306,-0.129658,-0.124754,0.693344,1.254442,0.132815,0.057284,-0.041760
-0.011190,5.792159,0.786183,0.026560,-0.034916,0.670903,0.740246,0.124588,0.003934,0.133191,0.163881,-0.204354,-0.002415,0.026984,-0.007869,-0.139229,0.165738,-0.127588,0.014090,0.008330,0.009159,0.203716,-0.034154,0.143733,-0.520980,1.200863,-0.069895,-0.007806,0.197322,-0.129826,-0.124386,0.693155,1.254869,0.132451,0.057366,-0.041721
-0.011072,5.792465,0.786173,0.026477,-0.034895,0.670780,0.740361,0.125025,0.004195,0.133422,0.163727,-0.204729,-0.002668,0.027369,-0.007545,-0.138958,0.165459,-0.127867,0.014132,0.007520,0.008926,0.203774,-0.035701,0.142592,-0.523027,1.202600,-0.068713,-0.007709,0.196935,-0.129983,-0.124080,0.692984,1.255166,0.132180,0.057454,-0.041579
-0.010960,5.792794,0.786154,0.026437,-0.034919,0.670664,0.740467,0.125510,0.004472,0.133607,0.163741,-0.205154,-0.002806,0.027817,-0.007192,-0.138592,0.165294,-0.128167,0.014091,0.006942,0.008823,0.203744,-0.037617,0.141105,-0.526004,1.204833,-0.067479,-0.007508,0.196213,-0.130183,-0.123630,0.692474,1.255901,0.132022,0.057514,-0.041354
-0.010853,5.793098,0.786146,0.026438,-0.034979,0.670558,0.740560,0.126078,0.004754,0.133741,0.163824,-0.205604,-0.002876,0.028361,-0.006824,-0.138177,0.165189,-0.128494,0.014015,0.006202,0.008661,0.203829,-0.039189,0.139984,-0.529347,1.206506,-0.066097,-0.007171,0.195026,-0.130372,-0.123237,0.692043,1.256583,0.132012,0.057576,-0.041045
-0.010722,5.793359,0.786136,0.026442,-0.035048,0.670451,0.740653,0.126649,0.005047,0.133885,0.163931,-0.206055,-0.002940,0.028902,-0.006448,-0.137760,0.165118,-0.128838,0.013908,0.005568,0.008537,0.203858,-0.040715,0.138946,-0.533341,1.208047,-0.064737,-0.006856,0.193662,-0.130509,-0.122827,0.691358,1.257328,0.131886,0.057626,-0.040702
-0.010591,5.793624,0.786115,0.026418,-0.035101,0.670333,0.740759,0.127195,0.005350,0.134095,0.163977,-0.206484,-0.003061,0.029399,-0.006070,-0.137388,0.165016,-0.129206,0.013782,0.004771,0.008428,0.203880,-0.041873,0.138253,-0.537550,1.208952,-0.063377,-0.006681,0.192272,-0.130619,-0.122511,0.690740,1.257849,0.131566,0.057676,-0.040341
-0.010468,5.793917,0.786101,0.026367,-0.035140,0.670194,0.740885,0.127728,0.005685,0.134419,0.163953,-0.206894,-0.003272,0.029858,-0.005678,-0.137071,0.164889,-0.129617,0.013618,0.004660,0.008487,0.203657,-0.043428,0.137373,-0.543272,1.210273,-0.062564,-0.006825,0.190897,-0.130470,-0.122072,0.689022,1.258462,0.130538,0.057667,-0.040035
-0.010353,5.794180,0.786090,0.026308,-0.035172,0.670041,0.741024,0.128279,0.006040,0.134812,0.163873,-0.207287,-0.003534,0.030327,-0.005272,-0.136788,0.164706,-0.130035,0.013419,0.004544,0.008612,0.203397,-0.044855,0.136622,-0.549523,1.211316,-0.061881,-0.007155,0.189362,-0.130269,-0.121647,0.687077,1.259000,0.129168,0.057643,-0.039729
-0.010222,5.794460,0.786067,0.026220,-0.035185,0.669892,0.741161,0.128742,0.006390,0.135208,0.163800,-0.207663,-0.003801,0.030722,-0.004873,-0.136526,0.164526,-0.130454,0.013221,0.003855,0.008689,0.203166,-0.045687,0.136270,-0.555270,1.211522,-0.060773,-0.007432,0.187894,-0.130202,-0.121391,0.685887,1.259351,0.128066,0.057651,-0.039351
-0.010098,5.794753,0.786056,0.026107,-0.035145,0.669762,0.741284,0.129090,0.006700,0.135539,0.163690,-0.207998,-0.004030,0.030979,-0.004510,-0.136273,0.164360,-0.130836,0.013062,0.004008,0.008776,0.202690,-0.046765,0.135908,-0.562129,1.211896,-0.059467,-0.007425,0.187007,-0.129913,-0.121079,0.684031,1.259749,0.127245,0.057649,-0.038885
-0.009982,5.795054,0.786044,0.025952,-0.035038,0.669655,0.741392,0.129261,0.006963,0.135775,0.163575,-0.208297,-0.004192,0.031107,-0.004174,-0.136018,0.164091,-0.131113,0.012968,0.003576,0.008799,0.202106,-0.047331,0.135723,-0.568180,1.211625,-0.056923,-0.006968,0.186693,-0.129907,-0.120868,0.683248,1.260161,0.127296,0.057718,-0.038237
-0.009870,5.795355,0.786038,0.025765,-0.034874,0.669562,0.741490,0.129279,0.007192,0.135957,0.163468,-0.208573,-0.004317,0.031111,-0.003867,-0.135770,0.163813,-0.131364,0.012917,0.003623,0.008821,0.201308,-0.047925,0.135600,-0.575023,1.211252,-0.053922,-0.006205,0.186873,-0.129768,-0.120643,0.682155,1.260551,0.127685,0.057801,-0.037477
-0.009739,5.795625,0.786032,0.025558,-0.034701,0.669483,0.741576,0.129251,0.007411,0.136117,0.163342,-0.208825,-0.004445,0.031076,-0.003567,-0.135550,0.163491,-0.131567,0.012860,0.003269,0.008835,0.200495,-0.048220,0.135615,-0.581237,1.210554,-0.050754,-0.005447,0.187258,-0.129828,-0.120498,0.681758,1.261052,0.128383,0.057885,-0.036706
-0.009618,5.795956,0.786030,0.025364,-0.034537,0.669418,0.741649,0.129241,0.007644,0.136287,0.163200,-0.209056,-0.004615,0.031051,-0.003274,-0.135379,0.163227,-0.131799,0.012753,0.002679,0.008872,0.199766,-0.048402,0.135716,-0.586782,1.209801,-0.048109,-0.004995,0.187662,-0.130009,-0.120403,0.681775,1.261683,0.129018,0.057926,-0.036031
-0.009512,5.796222,0.786022,0.025177,-0.034388,0.669366,0.741710,0.129238,0.007916,0.136500,0.163066,-0.209283,-0.004893,0.031033,-0.002967,-0.135259,0.163012,-0.132046,0.012556,0.002815,0.008942,0.198963,-0.048839,0.135996,-0.593421,1.209286,-0.046636,-0.004905,0.188295,-0.129923,-0.120294,0.681127,1.262430,0.129218,0.057885,-0.035546
-0.009408,5.796506,0.786015,0.024986,-0.034244,0.669327,0.741758,0.129257,0.008205,0.136732,0.162868,-0.209470,-0.005239,0.031004,-0.002660,-0.135179,0.162822,-0.132295,0.012300,0.002951,0.009016,0.198198,-0.049227,0.136468,-0.599988,1.208650,-0.045547,-0.005033,0.189107,-0.129893,-0.120195,0.680562,1.263294,0.129246,0.057805,-0.035143
-0.009255,5.796764,0.786022,0.024805,-0.034101,0.669303,0.741792,0.129254,0.008471,0.136926,0.162704,-0.209654,-0.005535,0.030976,-0.002382,-0.135143,0.162643,-0.132545,0.012053,0.002826,0.009077,0.197478,-0.049416,0.136975,-0.605569,1.207925,-0.044846,-0.005314,0.189839,-0.130049,-0.120131,0.680546,1.264349,0.129549,0.057683,-0.034764
-0.009125,5.797021,0.786023,0.024641,-0.033961,0.669296,0.741810,0.129208,0.008675,0.137020,0.162653,-0.209859,-0.005662,0.030990,-0.002163,-0.135158,0.162455,-0.132815,0.011882,0.002749,0.009103,0.196819,-0.049417,0.137495,-0.610001,1.207154,-0.044758,-0.005667,0.190244,-0.130286,-0.120094,0.680809,1.265506,0.130368,0.057493,-0.034335
-0.009001,5.797247,0.786030,0.024503,-0.033799,0.669317,0.741803,0.129077,0.008780,0.136958,0.162758,-0.210097,-0.005510,0.031034,-0.002033,-0.135250,0.162244,-0.133106,0.011841,0.002856,0.009059,0.196154,-0.049206,0.138087,-0.613426,1.206290,-0.045621,-0.006120,0.190279,-0.130570,-0.120099,0.681453,1.266827,0.131969,0.057199,-0.033807
-0.008871,5.797481,0.786035,0.024379,-0.033635,0.669361,0.741775,0.128896,0.008810,0.136782,0.162966,-0.210346,-0.005167,0.031092,-0.001981,-0.135410,0.162051,-0.133434,0.011882,0.002899,0.008988,0.195525,-0.048821,0.138688,-0.615734,1.205396,-0.047128,-0.006732,0.190051,-0.131012,-0.120143,0.682579,1.268361,0.134130,0.056818,-0.033207
-0.008760,5.797719,0.786026,0.024272,-0.033483,0.669406,0.741745,0.128746,0.008836,0.136601,0.163171,-0.210592,-0.004817,0.031198,-0.001930,-0.135575,0.161832,-0.133742,0.011920,0.002956,0.008914,0.194977,-0.048199,0.139344,-0.617089,1.204368,-0.049003,-0.007318,0.189640,-0.131422,-0.120221,0.683786,1.269837,0.136443,0.056433,-0.032697
-0.008693,5.798032,0.786017,0.024183,-0.033370,0.669430,0.741731,0.128707,0.008933,0.136517,0.163350,-0.210869,-0.004648,0.031324,-0.001821,-0.135686,0.161712,-0.134066,0.011871,0.003075,0.008851,0.194567,-0.047595,0.139913,-0.617442,1.203612,-0.050790,-0.007810,0.189057,-0.131715,-0.120304,0.684518,1.271148,0.138329,0.056089,-0.032358
-0.008581,5.798286,0.786016,0.024112,-0.033314,0.669412,0.741752,0.128905,0.009132,0.136610,0.163289,-0.211087,-0.004762,0.031526,-0.001611,-0.135700,0.161608,-0.134342,0.011688,0.003206,0.008736,0.194485,-0.046411,0.140985,-0.616496,1.202067,-0.052629,-0.008087,0.188194,-0.131792,-0.120455,0.684785,1.271927,0.139811,0.055817,-0.032284
-0.008447,5.798480,0.786002,0.024061,-0.033298,0.669369,0.741794,0.129214,0.009397,0.136804,0.163196,-0.211332,-0.005043,0.031756,-0.001346,-0.135657,0.161578,-0.134617,0.011423,0.003645,0.008681,0.194482,-0.045460,0.141710,-0.614616,1.201097,-0.054649,-0.008324,0.187143,-0.131749,-0.120561,0.684400,1.272711,0.140979,0.055544,-0.032388
-0.008321,5.798679,0.785995,0.024020,-0.033300,0.669333,0.741827,0.129553,0.009662,0.136986,0.163105,-0.211569,-0.005342,0.032026,-0.001087,-0.135619,0.161543,-0.134886,0.011144,0.003970,0.008595,0.194599,-0.044338,0.142533,-0.611988,1.200103,-0.056505,-0.008452,0.186012,-0.131681,-0.120677,0.683917,1.273334,0.141886,0.055320,-0.032574
-0.008200,5.798888,0.785988,0.023990,-0.033282,0.669336,0.741826,0.129823,0.009862,0.137045,0.163108,-0.211820,-0.005509,0.032291,-0.000893,-0.135645,0.161539,-0.135214,0.010921,0.004178,0.008462,0.194657,-0.043243,0.143354,-0.609373,1.199501,-0.058049,-0.008488,0.184988,-0.131570,-0.120793,0.683480,1.273892,0.142523,0.055157,-0.032761
-0.008080,5.799114,0.785989,0.023972,-0.033234,0.669399,0.741772,0.130008,0.009963,0.136905,0.163207,-0.212071,-0.005457,0.032593,-0.000795,-0.135771,0.161500,-0.135597,0.010790,0.004488,0.008345,0.194482,-0.042498,0.143820,-0.607203,1.199898,-0.059398,-0.008467,0.184066,-0.131276,-0.120872,0.682882,1.274482,0.142773,0.055038,-0.033006
-0.007944,5.799339,0.785987,0.023961,-0.033183,0.669502,0.741682,0.130140,0.010007,0.136640,0.163383,-0.212326,-0.005283,0.032924,-0.000759,-0.135958,0.161449,-0.136012,0.010706,0.004354,0.008103,0.194467,-0.041403,0.144661,-0.604175,1.200038,-0.060255,-0.008335,0.182999,-0.131062,-0.121029,0.682516,1.274830,0.142662,0.054988,-0.033253
-0.007826,5.799546,0.785982,0.023959,-0.033131,0.669610,0.741586,0.130271,0.010034,0.136365,0.163567,-0.212566,-0.005107,0.033231,-0.000740,-0.136154,0.161456,-0.136451,0.010624,0.004426,0.007885,0.194379,-0.040544,0.145289,-0.601466,1.200766,-0.060986,-0.008105,0.182217,-0.130702,-0.121167,0.681859,1.275112,0.142383,0.054996,-0.033503
-0.007713,5.799746,0.785985,0.023960,-0.033094,0.669691,0.741515,0.130462,0.010087,0.136191,0.163670,-0.212763,-0.005051,0.033559,-0.000689,-0.136308,0.161430,-0.136846,0.010498,0.004715,0.007734,0.194265,-0.039982,0.145599,-0.599144,1.202086,-0.061499,-0.007768,0.181983,-0.130261,-0.121251,0.680897,1.275369,0.142087,0.055074,-0.033680
-0.007608,5.799904,0.785985,0.023979,-0.033073,0.669729,0.741482,0.130734,0.010174,0.136214,0.163719,-0.212901,-0.005119,0.033843,-0.000604,-0.136383,0.161508,-0.137243,0.010282,0.004935,0.007569,0.194334,-0.039527,0.145873,-0.596671,1.203613,-0.061445,-0.007290,0.182348,-0.129889,-0.121338,0.679710,1.275449,0.141727,0.055293,-0.033724
-0.007502,5.800077,0.785976,0.024000,-0.033076,0.669741,0.741469,0.131057,0.010271,0.136351,0.163730,-0.212988,-0.005254,0.034116,-0.000505,-0.136415,0.161629,-0.137631,0.010012,0.005231,0.007417,0.194405,-0.039144,0.146084,-0.594392,1.205467,-0.061144,-0.006685,0.183227,-0.129417,-0.121412,0.678348,1.275400,0.141381,0.055618,-0.033721
-0.007371,5.800250,0.785978,0.024021,-0.033077,0.669753,0.741458,0.131420,0.010378,0.136452,0.163630,-0.213063,-0.005492,0.034399,-0.000393,-0.136459,0.161714,-0.137987,0.009763,0.005429,0.007244,0.194703,-0.038826,0.146268,-0.591738,1.207313,-0.060300,-0.005963,0.184243,-0.129127,-0.121494,0.676828,1.275242,0.140717,0.055971,-0.033561
-0.007292,5.800427,0.785979,0.024011,-0.033071,0.669787,0.741428,0.131746,0.010499,0.136364,0.163419,-0.213182,-0.005870,0.034715,-0.000265,-0.136572,0.161650,-0.138266,0.009610,0.005613,0.007089,0.194926,-0.038411,0.146423,-0.589078,1.209138,-0.059456,-0.005155,0.185262,-0.128853,-0.121595,0.675608,1.275121,0.140143,0.056235,-0.033326
