Frame,root_translateX,root_translateY,root_translateZ,root_rotateX,root_rotateY,root_rotateZ,left_hip_pitch_joint_dof,left_hip_roll_joint_dof,left_hip_yaw_joint_dof,left_knee_joint_dof,left_ankle_pitch_joint_dof,left_ankle_roll_joint_dof,right_hip_pitch_joint_dof,right_hip_roll_joint_dof,right_hip_yaw_joint_dof,right_knee_joint_dof,right_ankle_pitch_joint_dof,right_ankle_roll_joint_dof,waist_yaw_joint_dof,waist_roll_joint_dof,waist_pitch_joint_dof,left_shoulder_pitch_joint_dof,left_shoulder_roll_joint_dof,left_shoulder_yaw_joint_dof,left_elbow_joint_dof,left_wrist_roll_joint_dof,left_wrist_pitch_joint_dof,left_wrist_yaw_joint_dof,right_shoulder_pitch_joint_dof,right_shoulder_roll_joint_dof,right_shoulder_yaw_joint_dof,right_elbow_joint_dof,right_wrist_roll_joint_dof,right_wrist_pitch_joint_dof,right_wrist_yaw_joint_dof
0,0.33498048782348633,-1.538832426071167,77.81588745117188,-0.7669375569238238,-1.6215996683160885,89.71029035502372,6.760567,8.358947,26.105293,6.8025303,-11.487727,-8.694658,4.857767,-4.153219,-9.219249,7.065004,-12.442032,5.4381046,1.1523374,2.2581325,7.161809,1.3504627,11.731586,-19.873276,63.400177,6.384433,-4.382286,1.4210851,-1.0265878,-11.412205,21.915487,67.73835,-17.232042,-5.3432174,-2.9002428
1,0.3649361729621887,-1.5196731090545654,77.8178482055664,-0.7958811440317612,-1.577057005483831,89.64872365024863,6.744294,8.431726,26.162119,6.802803,-11.497086,-8.742024,4.8041673,-4.075514,-9.154819,7.0659103,-12.440959,5.3593864,1.1224264,2.2769983,7.166573,1.3665527,11.740111,-19.863577,63.342045,6.319517,-4.385062,1.4388633,-1.0393968,-11.412064,21.875502,67.690956,-17.27997,-5.350782,-2.8940356
2,0.3985009491443634,-1.5020722150802612,77.8193359375,-0.8268112567326986,-1.5335749061100208,89.5878788778636,6.7293777,8.50497,26.218166,6.8019238,-11.506449,-8.790585,4.7520823,-3.9967353,-9.090527,7.0659046,-12.439502,5.278959,1.0951487,2.2980998,7.1711826,1.3786397,11.744281,-19.855635,63.286472,6.2479343,-4.386858,1.4581476,-1.0493258,-11.413081,21.83433,67.64087,-17.335018,-5.357726,-2.8855128
3,0.42989885807037354,-1.484755039215088,77.82286071777344,-0.8554420157519476,-1.4885359213575249,89.52515321047521,6.713382,8.577322,26.276363,6.801625,-11.514853,-8.836835,4.6983547,-3.919383,-9.025495,7.0662117,-12.437828,5.2017365,1.081868,2.319431,7.1827188,1.380172,11.751738,-19.853647,63.2333,6.1976433,-4.3888216,1.4727892,-1.053827,-11.417281,21.760366,67.58242,-17.393908,-5.3680987,-2.877155
4,0.46011656522750854,-1.4677507877349854,77.82462310791016,-0.8802926539489494,-1.4390439228377312,89.45737765717757,6.6946135,8.64711,26.340471,6.8011646,-11.520327,-8.877378,4.639761,-3.845419,-8.958186,7.066617,-12.434874,5.1325603,1.0761386,2.3400328,7.18914,1.3807244,11.7633,-19.867554,63.188126,6.182347,-4.3892517,1.4847302,-1.0489258,-11.428289,21.681635,67.52162,-17.422354,-5.380914,-2.8813825
5,0.49323827028274536,-1.445237159729004,77.8260726928711,-0.9012904128740501,-1.3836621808988105,89.38244579588553,6.6722383,8.714078,26.413992,6.8021708,-11.522092,-8.905228,4.5746346,-3.7760234,-8.886728,7.066655,-12.42861,5.0774894,1.0557715,2.3611171,7.1849256,1.3946472,11.771204,-19.868238,63.149967,6.234975,-4.3887844,1.493832,-1.0544095,-11.438907,21.627928,67.48282,-17.39392,-5.3978624,-2.9120257
6,0.5281655788421631,-1.421826720237732,77.82746124267578,-0.9190819344632165,-1.324076686497924,89.30249656300343,6.6480927,8.778818,26.494198,6.8021636,-11.520072,-8.924188,4.504895,-3.7097073,-8.81235,7.066028,-12.419636,5.0324564,1.0313419,2.3821507,7.1745257,1.4131137,11.777919,-19.864567,63.118908,6.3361154,-4.3876686,1.5004699,-1.0631292,-11.449697,21.580692,67.45543,-17.330019,-5.417983,-2.960478
7,0.5651896595954895,-1.402224063873291,77.82801055908203,-0.9359076810650528,-1.2625236676434768,89.22076358337027,6.6227355,8.843824,26.574982,6.801292,-11.517209,-8.947223,4.4332366,-3.6429741,-8.738471,7.0651875,-12.411368,4.987141,0.99990284,2.4027255,7.162917,1.4310682,11.783102,-19.860573,63.096695,6.4436255,-4.385225,1.5069355,-1.0778322,-11.458418,21.542805,67.43603,-17.263311,-5.4356985,-3.0103407
8,0.6024099588394165,-1.3808045387268066,77.83030700683594,-0.9540747167892557,-1.2007666076398984,89.14104892028259,6.5957217,8.910928,26.649897,6.8003116,-11.51576,-8.987145,4.362361,-3.5735424,-8.669311,7.0645165,-12.407181,4.931812,0.970492,2.4245598,7.1634107,1.4406538,11.793503,-19.865122,63.074623,6.517754,-4.3818374,1.509566,-1.088818,-11.475577,21.49001,67.40034,-17.235462,-5.4492593,-3.0366325
9,0.6407639980316162,-1.3589043617248535,77.83192443847656,-0.9742219093592478,-1.138638637350133,89.06417124332198,6.56572,8.981376,26.715166,6.798559,-11.517395,-9.052713,4.29135,-3.4992824,-8.60604,7.0640025,-12.407757,4.8600664,0.9336356,2.4472413,7.1706824,1.4457936,11.807086,-19.878601,63.055325,6.540378,-4.3765235,1.5142577,-1.0990067,-11.49718,21.437458,67.35255,-17.261063,-5.4534025,-3.030469
10,0.6834942698478699,-1.3365960121154785,77.83255767822266,-0.9936296854145215,-1.0751484319966735,88.98826250289497,6.533294,9.052596,26.774921,6.795419,-11.519842,-9.135185,4.2188053,-3.4225392,-8.546934,7.0642576,-12.411708,4.7792306,0.88940513,2.469725,7.181963,1.4476885,11.823133,-19.897139,63.04092,6.53465,-4.369998,1.5192832,-1.1148837,-11.521219,21.38714,67.30463,-17.317976,-5.45261,-3.004432
11,0.7303125858306885,-1.3137681484222412,77.83296966552734,-1.0127600260961314,-1.0114837160707422,88.91252124850307,6.501082,9.124159,26.834862,6.7927303,-11.521654,-9.221559,4.1471577,-3.3452432,-8.488208,7.0642433,-12.417245,4.6967897,0.84368765,2.4898334,7.197617,1.445306,11.840875,-19.919212,63.033955,6.5195274,-4.3623652,1.5208998,-1.1313213,-11.545556,21.342524,67.255806,-17.373396,-5.448269,-2.98049
12,0.7797625064849854,-1.29636549949646,77.83319854736328,-1.0280919461965217,-0.948864672320232,88.83596391103092,6.4722652,9.194906,26.900991,6.7901464,-11.519832,-9.298876,4.0768285,-3.2701914,-8.425962,7.064221,-12.422218,4.6201406,0.80396676,2.5058854,7.2196274,1.4377111,11.86358,-19.948133,63.033516,6.5091147,-4.35421,1.5140578,-1.1393516,-11.572991,21.304873,67.19831,-17.394167,-5.4429035,-2.9787185
13,0.8319831490516663,-1.275427222251892,77.83463287353516,-1.0381318532436263,-0.8847935586234813,88.75819596250695,6.444657,9.262085,26.976767,6.788082,-11.512172,-9.361706,4.0049605,-3.2009206,-8.357863,7.06432,-12.425975,4.5504427,0.76734567,2.5138729,7.243142,1.4218408,11.885413,-19.976011,63.04981,6.509066,-4.343944,1.4928845,-1.1483855,-11.595324,21.283232,67.14588,-17.36342,-5.4335,-3.0155976
14,0.8910751938819885,-1.2485281229019165,77.83612060546875,-1.0430730532733112,-0.8195606787957643,88.67995449627499,6.4183044,9.327567,27.058298,6.7853684,-11.500587,-9.417552,3.9311216,-3.13464,-8.28668,7.066262,-12.43037,4.483982,0.728028,2.5169523,7.26583,1.395284,11.902201,-20.000042,63.089893,6.514014,-4.3328757,1.4631262,-1.1681181,-11.609533,21.276531,67.110794,-17.302925,-5.420315,-3.078612
15,0.9483504295349121,-1.218532919883728,77.83364868164062,-1.0444998779351458,-0.758130190370435,88.60099882587231,6.397844,9.391167,27.141632,6.782574,-11.488583,-9.472966,3.864114,-3.0702894,-8.213941,7.0660734,-12.435507,4.420395,0.70084906,2.5127857,7.303408,1.3743734,11.937797,-20.044304,63.11039,6.511238,-4.321077,1.4324448,-1.1616387,-11.635041,21.264832,67.04043,-17.231985,-5.408369,-3.1401267
16,1.0034070014953613,-1.1948643922805786,77.8311767578125,-1.046034624808425,-0.7054008804033222,88.52241033631203,6.388881,9.456994,27.221315,6.7796226,-11.480802,-9.534285,3.809166,-3.002849,-8.142683,7.067242,-12.4449005,4.3593307,0.66838706,2.5084589,7.3474126,1.3475938,11.969127,-20.09292,63.14775,6.5144467,-4.314895,1.4229747,-1.1636809,-11.653051,21.259216,66.9923,-17.176283,-5.4032044,-3.190259
17,1.0664699077606201,-1.167946696281433,77.82545471191406,-1.0454173826229098,-0.6651807442395883,88.4435876385402,6.394695,9.525053,27.297167,6.7767987,-11.476955,-9.602287,3.7669466,-2.933495,-8.0716505,7.0767517,-12.460972,4.3052707,0.63808763,2.5018656,7.4071836,1.3172021,12.005753,-20.165186,63.19185,6.5239153,-4.31535,1.442154,-1.1604593,-11.66956,21.249765,66.9451,-17.135658,-5.409483,-3.2249897
18,1.1385968923568726,-1.1399226188659668,77.81892395019531,-1.0365169446360072,-0.6333895211370169,88.36309601381144,6.4118276,9.586461,27.373512,6.7736235,-11.47566,-9.67352,3.716889,-2.8737893,-7.997141,7.127571,-12.500545,4.257647,0.60979414,2.4855344,7.4772134,1.278608,12.042306,-20.253872,63.251064,6.538517,-4.3207145,1.4814246,-1.1580627,-11.682525,21.242552,66.90602,-17.099043,-5.423162,-3.2541547
19,1.2127424478530884,-1.107514500617981,77.8128890991211,-1.0271760572071267,-0.6046646432231606,88.28314105057311,6.434182,9.649248,27.447443,6.770483,-11.477042,-9.749148,3.6472585,-2.815295,-7.923464,7.2343073,-12.575148,4.20632,0.58328545,2.4689553,7.549126,1.2404426,12.077947,-20.34097,63.311607,6.5489125,-4.3271694,1.52603,-1.1501167,-11.692084,21.23587,66.87213,-17.077003,-5.4363265,-3.273131
20,1.2830885648727417,-1.0704425573349,77.80680084228516,-1.018013726242048,-0.57227575498655,88.20413441489153,6.454971,9.7133875,27.518606,6.766343,-11.480211,-9.829997,3.4581509,-2.7706952,-7.847949,7.59719,-12.792651,4.1424375,0.56448394,2.4501638,7.6141443,1.2100539,12.121082,-20.4162,63.357487,6.54022,-4.3307385,1.5597063,-1.1308398,-11.700656,21.22454,66.84063,-17.078913,-5.4416637,-3.2764006
21,1.3607317209243774,-1.029567837715149,77.8001708984375,-1.0111068267107175,-0.5332230728271083,88.12552866383209,6.4700694,9.780208,27.58584,6.7634873,-11.488163,-9.920595,3.2743337,-2.7202618,-7.7796526,7.943909,-13.017133,4.058947,0.5472799,2.4285223,7.669726,1.1952602,12.17471,-20.465555,63.38254,6.5036693,-4.3295636,1.5799805,-1.1026611,-11.706477,21.214136,66.81314,-17.122528,-5.4331574,-3.2537787
22,1.4400336742401123,-0.9878166913986206,77.79226684570312,-1.0044665461383255,-0.49148757199789717,88.04713660409642,6.484132,9.849469,27.649786,6.7598753,-11.4989195,-10.019117,3.0923598,-2.6657863,-7.7162623,8.289857,-13.25139,3.9620948,0.52314967,2.413292,7.7135425,1.1764785,12.206788,-20.488277,63.42439,6.457457,-4.325824,1.601923,-1.0804718,-11.707441,21.215038,66.811935,-17.19759,-5.4147735,-3.2156427
23,1.5187475681304932,-0.9425215721130371,77.78347778320312,-0.9970030127220109,-0.4508750765983511,87.97042157444344,6.5016227,9.917923,27.712671,6.756818,-11.510541,-10.116615,2.9159458,-2.6109776,-7.653054,8.632479,-13.486835,3.8621075,0.5032166,2.3959203,7.756505,1.1631501,12.240479,-20.50099,63.455746,6.4124513,-4.3238993,1.6166668,-1.0505171,-11.706001,21.216736,66.81461,-17.269602,-5.397203,-3.1763344
24,1.6027711629867554,-0.8998708128929138,77.77432250976562,-0.9836200184687023,-0.4151218277450373,87.89669335214306,6.526881,9.98304,27.776108,6.7532315,-11.518781,-10.204371,2.746784,-2.5595188,-7.5853686,8.974388,-13.717493,3.769247,0.4870677,2.3644063,7.8087225,1.1721495,12.301972,-20.506899,63.44148,6.381968,-4.324497,1.6143103,-1.0130538,-11.696938,21.221064,66.81296,-17.304184,-5.3904395,-3.1529531
25,1.6921544075012207,-0.8516906499862671,77.76441955566406,-0.9616875962897508,-0.3848017053661948,87.82559969944336,6.5599732,10.0403385,27.841848,6.7517405,-11.523463,-10.269887,2.5811055,-2.5162954,-7.5079894,9.321705,-13.942334,3.6902037,0.47639558,2.3371015,7.8602896,1.1681387,12.333479,-20.502626,63.43761,6.390213,-4.332607,1.6004417,-0.97152126,-11.688753,21.229177,66.82529,-17.286037,-5.3994784,-3.1604412
26,1.782074213027954,-0.7988343238830566,77.75348663330078,-0.9342851558440397,-0.3579504813248677,87.75666417083119,6.5990405,10.092813,27.908417,6.7506175,-11.52541,-10.321372,2.4180014,-2.4782794,-7.4246697,9.674048,-14.165762,3.618126,0.46918097,2.3046284,7.914997,1.1723325,12.367259,-20.48865,63.412567,6.416073,-4.344453,1.5718633,-0.9249082,-11.677805,21.240717,66.843216,-17.235487,-5.4188643,-3.1846821
27,1.8762836456298828,-0.7426247000694275,77.74122619628906,-0.9064621597970779,-0.3350049817256513,87.69101656273608,6.645383,10.147429,27.973417,6.748522,-11.527879,-10.380245,2.2669888,-2.4369452,-7.3441367,10.017358,-14.386698,3.543278,0.45999235,2.2635605,7.9731493,1.1950073,12.419306,-20.461565,63.360928,6.4472322,-4.3561406,1.5404027,-0.8766909,-11.655355,21.258482,66.86631,-17.173573,-5.438251,-3.2107053
28,1.9692329168319702,-0.6859599947929382,77.7276840209961,-0.8858989362149692,-0.3166458502216374,87.62955887178421,6.698946,10.213012,28.033962,6.7461424,-11.534357,-10.468088,2.1399386,-2.383111,-7.2751193,10.332494,-14.601518,3.4560144,0.45263532,2.235602,8.027009,1.2126948,12.4547415,-20.43369,63.322754,6.4752736,-4.360686,1.5305994,-0.8193354,-11.635054,21.272419,66.89253,-17.125074,-5.4463615,-3.2237158
29,2.0696141719818115,-0.627469003200531,77.71493530273438,-0.8743112938731967,-0.30561834467440274,87.57111210295453,6.764937,10.292541,28.092073,6.7416286,-11.547596,-10.6007185,2.0392826,-2.313261,-7.2199655,10.621775,-14.813659,3.3501918,0.4409178,2.2143755,8.081239,1.2404873,12.49232,-20.397923,63.278324,6.4982514,-4.3534317,1.5483898,-0.7602212,-11.608212,21.289755,66.92657,-17.092632,-5.4370255,-3.2208583
30,2.1741878986358643,-0.5599890947341919,77.70368194580078,-0.8687823243877769,-0.3006161383508206,87.51578992605012,6.8408556,10.38187,28.14816,6.73646,-11.565279,-10.763358,1.9595093,-2.232265,-7.1740274,10.89098,-15.022429,3.232092,0.4259594,2.193484,8.135994,1.2802361,12.536862,-20.35229,63.22186,6.5214896,-4.3382354,1.5825112,-0.7013814,-11.568915,21.312008,66.97145,-17.064728,-5.4170713,-3.210577
31,2.2781620025634766,-0.4913923442363739,77.69180297851562,-0.8651680286125496,-0.2963313567799329,87.46633268348644,6.9189115,10.475615,28.197954,6.7311325,-11.582811,-10.931291,1.8964922,-2.1455724,-7.1353273,11.137015,-15.224031,3.1106713,0.41157594,2.1744246,8.185735,1.3224965,12.578494,-20.303339,63.16878,6.540407,-4.3244195,1.6198226,-0.63744485,-11.525606,21.331167,67.02233,-17.044514,-5.395613,-3.1945367
32,2.387709379196167,-0.4225815236568451,77.67900085449219,-0.8593601738045006,-0.287307250688707,87.42555491566682,6.9908366,10.569051,28.237026,6.727874,-11.596813,-11.079725,1.8437507,-2.0579407,-7.101958,11.36019,-15.415864,2.9948814,0.39802036,2.1553936,8.226646,1.3668507,12.616273,-20.251646,63.12289,6.551289,-4.3209453,1.6445289,-0.56475097,-11.480359,21.344126,67.07411,-17.033115,-5.3818808,-3.174167
33,2.501610279083252,-0.3503721058368683,77.66564178466797,-0.8507322450141297,-0.2725040721895828,87.39404805829055,7.0557303,10.661071,28.265215,6.7260404,-11.607255,-11.201457,1.7992493,-1.971833,-7.0737343,11.56404,-15.598909,2.8855426,0.3849858,2.1364884,8.257993,1.4140012,12.649694,-20.19858,63.077785,6.5508327,-4.3337975,1.6517653,-0.4826997,-11.435791,21.34755,67.12739,-17.034533,-5.381272,-3.1444929
34,2.6230309009552,-0.2723047733306885,77.6519546508789,-0.8402561967143677,-0.2547797617372493,87.37018491251142,7.1177354,10.753556,28.28473,6.7250447,-11.615924,-11.309938,1.7671402,-1.884397,-7.051522,11.745109,-15.772596,2.7783911,0.36850804,2.108382,8.2815275,1.4731611,12.693274,-20.138159,63.023716,6.5411105,-4.3562837,1.6478909,-0.40404296,-11.3733425,21.347532,67.1978,-17.049175,-5.3878784,-3.109707
35,2.741239547729492,-0.18807798624038696,77.63766479492188,-0.8309425823684259,-0.23432959742054846,87.35414334924258,7.1753917,10.848986,28.293764,6.7258263,-11.620824,-11.411332,1.749211,-1.7923425,-7.0350823,11.899273,-15.936343,2.6746972,0.35509214,2.082238,8.298307,1.5315666,12.733586,-20.07638,62.985405,6.52645,-4.3805346,1.6397545,-0.31552985,-11.309917,21.345638,67.264725,-17.065374,-5.3940153,-3.0759974
36,2.863176107406616,-0.1008572056889534,77.623291015625,-0.8234568895191128,-0.2114919516709332,87.34577746943908,7.228668,10.948585,28.291458,6.7264986,-11.618246,-11.511574,1.7472489,-1.6925136,-7.024242,12.021143,-16.088673,2.5757709,0.34337813,2.056563,8.308452,1.5867903,12.772716,-20.010979,62.978226,6.509618,-4.3979635,1.63204,-0.2210117,-11.242217,21.350643,67.32891,-17.074823,-5.391842,-3.0543947
37,2.9953811168670654,-0.016014747321605682,77.6070327758789,-0.8135849764361958,-0.1858663000333416,87.34656567888129,7.2761173,11.04751,28.275166,6.727954,-11.609281,-11.605341,1.7645339,-1.5898776,-7.0175915,12.102028,-16.2241,2.4915624,0.33247617,2.027202,8.309989,1.6396326,12.808618,-19.94473,63.002823,6.4935303,-4.4057026,1.6289979,-0.11568181,-11.1708975,21.367086,67.38484,-17.067457,-5.375733,-3.0546987
38,3.1346921920776367,0.07433124631643295,77.59058380126953,-0.8001583314561908,-0.1575216644857429,87.35575522936773,7.3194585,11.145308,28.24708,6.729491,-11.595053,-11.691006,1.800824,-1.4853885,-7.0153036,12.143529,-16.343016,2.4182494,0.32217672,1.9934098,8.303151,1.6918054,12.841876,-19.875965,63.052097,6.476543,-4.4085507,1.6271825,-0.0023931202,-11.095298,21.391079,67.437904,-17.05038,-5.3510222,-3.0696323
39,3.270500898361206,0.17288042604923248,77.5770492553711,-0.7905864013538296,-0.12731872754354795,87.3700245202098,7.359653,11.2516775,28.213003,6.7325907,-11.573727,-11.7804365,1.8523628,-1.3712474,-7.019299,12.156128,-16.453102,2.3366086,0.3166857,1.9651242,8.293199,1.7385938,12.871207,-19.800203,63.130997,6.4548445,-4.4094687,1.619773,0.1171348,-11.021395,21.41502,67.4867,-17.038671,-5.326306,-3.0802393
40,3.4080989360809326,0.27166375517845154,77.56527709960938,-0.7931669295384232,-0.09624091659564327,87.38604967929112,7.3999844,11.375383,28.179222,6.734831,-11.542115,-11.885601,1.9163595,-1.2388704,-7.0313654,12.14827,-16.560646,2.2272248,0.3167309,1.9459773,8.28359,1.7806693,12.902124,-19.707218,63.241245,6.426813,-4.4111733,1.5996734,0.23101135,-10.941789,21.433128,67.544655,-17.051125,-5.309823,-3.0711303
41,3.555743455886841,0.37027597427368164,77.55403900146484,-0.8085472814726831,-0.06671774978357026,87.40179956191463,7.444391,11.522026,28.149662,6.737346,-11.505662,-12.01439,1.9955239,-1.0849495,-7.0514045,12.122834,-16.66837,2.0730612,0.326092,1.9384164,8.277241,1.8175077,12.934817,-19.580927,63.381687,6.408918,-4.41017,1.5524968,0.3442292,-10.858379,21.434677,67.606316,-17.103827,-5.304522,-3.0253747
42,3.7103474140167236,0.469304621219635,77.54511260986328,-0.8324607606787662,-0.03757793169790702,87.41902377071644,7.4900975,11.684942,28.121523,6.739603,-11.462238,-12.158625,2.092736,-0.916107,-7.078552,12.069631,-16.769592,1.8889848,0.34326005,1.9379741,8.272363,1.8489532,12.967461,-19.43027,63.553425,6.396881,-4.4088216,1.4859719,0.46136916,-10.774094,21.425972,67.66541,-17.183033,-5.305849,-2.9549112
43,3.869466543197632,0.5673556923866272,77.536376953125,-0.8585274144885693,-0.004134086239618431,87.44019821676248,7.5310364,11.853079,28.090485,6.7410226,-11.403245,-12.303984,2.20379,-0.73851246,-7.110323,11.980987,-16.85873,1.7010925,0.36449242,1.9407461,8.265646,1.8762866,13.000361,-19.288763,63.75273,6.3549933,-4.4108443,1.425645,0.57388383,-10.690108,21.424389,67.73073,-17.260044,-5.312646,-2.886938
44,4.020029067993164,0.6733829379081726,77.51679229736328,-0.897779097779504,0.03601253222149351,87.47005776613022,7.5165195,12.058406,28.039707,6.846929,-11.373764,-12.437566,2.2932668,-0.54941225,-7.1482363,11.923294,-16.969643,1.5377934,0.38481,1.9587814,8.25671,1.900505,13.03376,-19.189491,63.97703,6.2489133,-4.421509,1.3968935,0.67826,-10.607463,21.447773,67.79996,-17.304708,-5.319252,-2.8464677
45,4.171189308166504,0.7782724499702454,77.49153137207031,-0.9398414968477478,0.08773888622873283,87.50892680402677,7.428409,12.301743,27.966661,7.0958457,-11.413828,-12.566759,2.3572412,-0.36209214,-7.189946,11.892843,-17.098925,1.409177,0.4033165,1.9806967,8.240213,1.9185264,13.0689335,-19.151913,64.23392,6.053552,-4.446452,1.4113406,0.7742032,-10.525968,21.502861,67.87759,-17.312922,-5.32628,-2.84539
46,4.32913064956665,0.8790877461433411,77.46075439453125,-0.9934727765117931,0.15216711043477132,87.55729717381884,7.334232,12.561776,27.885008,7.3214397,-11.434765,-12.693581,2.4228034,-0.15676528,-7.2404423,11.831717,-17.21699,1.2964478,0.420721,2.0180438,8.213975,1.93247,13.105286,-19.155941,64.52058,5.7924275,-4.4816327,1.4534498,0.8649155,-10.446055,21.579803,67.961174,-17.297995,-5.335401,-2.867808
47,4.492491722106934,0.9861963987350464,77.42523193359375,-1.0624570547658811,0.22081155692214713,87.6139742161344,6.6705575,13.129858,27.663456,8.846447,-12.086158,-12.798373,2.494494,0.06687431,-7.2997704,11.750912,-17.33241,1.1913614,0.44113624,2.0765953,8.190273,1.944229,13.136078,-19.176962,64.82358,5.503653,-4.517925,1.5088166,0.9567179,-10.379788,21.664085,68.03454,-17.261684,-5.3470626,-2.8969455
48,4.651370048522949,1.0925482511520386,77.3814926147461,-1.1508525815026085,0.28546100320430556,87.6780762186695,5.8839917,13.768305,27.392687,10.627557,-12.777174,-12.852278,2.577236,0.3145772,-7.368523,11.660561,-17.453886,1.0839603,0.46393785,2.1516626,8.17711,1.9637222,13.168063,-19.185452,65.12487,5.2244825,-4.545206,1.5625839,1.0360506,-10.310158,21.747377,68.11098,-17.207205,-5.3613667,-2.922818
49,4.813257217407227,1.193881869316101,77.33253479003906,-1.2718446162001729,0.34886211348208424,87.75098911186367,4.9965563,14.478064,27.06813,12.597786,-13.482477,-12.853176,2.675874,0.60264355,-7.4504366,11.543897,-17.57627,0.9699565,0.48986477,2.2624042,8.172753,1.9824936,13.193019,-19.185236,65.43601,4.940781,-4.562644,1.6123726,1.1169631,-10.255279,21.82114,68.16749,-17.116163,-5.3830166,-2.944327
50,4.968742847442627,1.2928303480148315,77.2752914428711,-1.422999921223175,0.4146514605027353,87.83292474093668,4.0192027,15.253897,26.690485,14.7228985,-14.201662,-12.808179,2.7905192,0.93047214,-7.544316,11.391117,-17.69162,0.85399824,0.51796514,2.4100378,8.173103,2.0002818,13.210493,-19.186327,65.76019,4.641931,-4.575005,1.6654695,1.2012132,-10.2143345,21.891947,68.20585,-16.993675,-5.41029,-2.966152
51,5.134222507476807,1.3951842784881592,77.21186065673828,-1.5911391851493972,0.4758250332776867,87.92047057256362,2.9742208,16.063728,26.271439,16.966644,-14.883968,-12.704915,2.9174411,1.2771306,-7.6432366,11.226211,-17.806349,0.73971236,0.5492603,2.5737526,8.18482,2.0280116,13.225758,-19.178553,66.07563,4.3664417,-4.581212,1.7232878,1.2677997,-10.175763,21.972092,68.25785,-16.873352,-5.4344845,-2.982377
52,5.28827428817749,1.503545880317688,77.14993286132812,-1.7594190429684136,0.5251738685456968,88.01018517911406,1.8876164,16.87466,25.825613,19.289106,-15.480025,-12.531165,3.0544844,1.6213175,-7.7406044,11.071453,-17.925945,0.63085604,0.59226614,2.742915,8.218855,2.0685604,13.235027,-19.1583,66.36284,4.153503,-4.580534,1.786742,1.3171964,-10.148306,22.06219,68.32563,-16.790024,-5.4471045,-2.9802911
53,5.442136764526367,1.6039198637008667,77.0807113647461,-1.9330632510630827,0.5588687587373676,88.10123225306958,0.7533635,17.695219,25.344755,21.71718,-15.995547,-12.290682,3.2044063,1.9651669,-7.837092,10.9296255,-18.055618,0.529873,0.64786667,2.9208057,8.278817,2.1219916,13.238529,-19.118055,66.61776,4.0306726,-4.5663705,1.8557138,1.349828,-10.131631,22.158302,68.408295,-16.762348,-5.4461193,-2.9519496
54,5.590840816497803,1.7120708227157593,77.01160430908203,-2.1135491487347617,0.5807286934500197,88.19490891281062,-0.43256214,18.53343,24.824226,24.244276,-16.447298,-11.980394,3.3667037,2.3155162,-7.934152,10.792377,-18.192318,0.43451095,0.70293325,3.1098742,8.359077,2.1957011,13.236582,-19.050253,66.84413,3.9749064,-4.540929,1.9297968,1.3574973,-10.122396,22.272781,68.51258,-16.76519,-5.4365206,-2.905771
55,5.738393783569336,1.8204536437988281,76.94002532958984,-2.2897350008386734,0.5946622678368894,88.29006187839535,-1.6553077,19.36329,24.282593,26.820242,-16.813604,-11.578872,3.5305774,2.6573837,-8.026197,10.671752,-18.33249,0.3412503,0.78277856,3.2968545,8.457868,2.270384,13.231028,-18.994965,67.05673,3.9364426,-4.517454,2.0091074,1.3545284,-10.122738,22.386276,68.62748,-16.781126,-5.418989,-2.8531594
56,5.881970405578613,1.9292274713516235,76.87184143066406,-2.4500603938389283,0.6047961395860292,88.3860439490822,-2.900422,20.161528,23.743176,29.401669,-17.078152,-11.069691,3.6911983,2.9769247,-8.109195,10.566464,-18.464727,0.24741988,0.8350574,3.4682295,8.570572,2.3811245,13.212393,-18.904732,67.242355,3.8856256,-4.5100822,2.0941994,1.3063979,-10.134762,22.584505,68.783264,-16.75851,-5.391299,-2.812095
57,6.016578674316406,2.048049211502075,76.80607604980469,-2.591990018778756,0.6107498768128694,88.48255580926251,-4.169529,20.929714,23.198298,31.998772,-17.218191,-10.50617,3.843404,3.2751596,-8.175797,10.482876,-18.583326,0.14948492,0.92100847,3.624391,8.701016,2.4853635,13.190514,-18.857607,67.421646,3.7923782,-4.5277653,2.197839,1.2413039,-10.1550255,22.782953,68.953835,-16.735495,-5.3435774,-2.7686234
58,6.148969650268555,2.1650428771972656,76.74177551269531,-2.7225093757103114,0.6105207795874708,88.57991945372474,-5.467866,21.67887,22.645237,34.632114,-17.253063,-9.876808,3.9876304,3.5566835,-8.230754,10.427015,-18.698957,0.05001203,1.011885,3.7721682,8.849866,2.6014898,13.159668,-18.813921,67.58441,3.6868718,-4.562078,2.3161247,1.1488314,-10.188072,23.016748,69.14531,-16.706257,-5.278425,-2.7212205
59,6.28126335144043,2.273318290710449,76.68019104003906,-2.836473521528387,0.6057042377010675,88.67831404890023,-6.7868786,22.398638,22.112831,37.276375,-17.221321,-9.066215,4.1382694,3.8152876,-8.286501,10.376882,-18.815832,-0.046150677,1.1213043,3.9050717,9.008462,2.728679,13.124171,-18.777037,67.73467,3.5804884,-4.598257,2.4232538,1.0430694,-10.228316,23.271338,69.36274,-16.648037,-5.2231655,-2.6931925
60,6.409295558929443,2.3885886669158936,76.62262725830078,-2.932601599033818,0.5982475935252333,88.77833151771613,-8.116444,23.080732,21.631914,39.9043,-17.162966,-7.95818,4.3110075,4.046117,-8.355319,10.304729,-18.934284,-0.13425437,1.2232206,4.029148,9.169383,2.8847263,13.065172,-18.706358,67.86683,3.4961362,-4.6183076,2.4961028,0.9297685,-10.293949,23.584858,69.607834,-16.519499,-5.2027774,-2.706291
61,6.528353691101074,2.512406587600708,76.57180786132812,-3.012099707856256,0.5845268355556812,88.88512726985292,-9.48611,23.752806,21.212025,42.605225,-17.05969,-6.3586345,4.5133343,4.2501717,-8.450249,10.207523,-19.0629,-0.21171467,1.3491188,4.137581,9.33411,3.055394,13.000724,-18.629831,67.98019,3.4237466,-4.6109767,2.524942,0.82076705,-10.362565,23.936771,69.902466,-16.302822,-5.248433,-2.8251595
62,6.647388458251953,2.6472949981689453,76.52745819091797,-3.077216190560837,0.5648149874008146,88.99641301292084,-10.881389,24.420053,20.853504,45.352814,-16.905636,-4.3743224,4.7390265,4.4312663,-8.560991,10.091074,-19.19447,-0.2816842,1.4781789,4.2361627,9.506378,3.2484136,12.921149,-18.528717,68.07328,3.3652596,-4.5878606,2.5244153,0.70197535,-10.443336,24.346498,70.24019,-16.013128,-5.3381705,-3.0181353
63,6.757648468017578,2.7931466102600098,76.48869323730469,-3.1207538113300126,0.5465402495951603,89.1012346254029,-12.23214,25.034035,20.566898,47.961727,-16.761602,-2.3490124,4.977524,4.585606,-8.665783,9.956986,-19.315561,-0.34785208,1.6235614,4.314068,9.674856,3.4580264,12.8351555,-18.43536,68.16317,3.315698,-4.565412,2.5029042,0.56781995,-10.530157,24.758747,70.591194,-15.710221,-5.422661,-3.167802
64,6.86945915222168,2.9557714462280273,76.45384979248047,-3.1378533098765047,0.5371944251962345,89.18948222323348,-13.474515,25.535961,20.349588,50.26203,-16.682505,-0.6417227,5.214886,4.7067246,-8.7438,9.813909,-19.415794,-0.41367793,1.7881248,4.362045,9.829357,3.6843276,12.746135,-18.36869,68.26326,3.2751744,-4.5602446,2.4687471,0.41203722,-10.623764,25.12884,70.922134,-15.451041,-5.4505706,-3.1563668
65,6.97799825668335,3.134352684020996,76.4244384765625,-3.1271015528402644,0.5287119666051187,89.26028412652475,-14.576183,25.9463,20.245104,52.272877,-16.700714,0.6646448,5.454927,4.794155,-8.789233,9.674202,-19.498047,-0.48725072,1.974344,4.378663,9.977313,3.9294384,12.656779,-18.344582,68.37858,3.2411573,-4.586027,2.4158576,0.23107767,-10.725204,25.432716,71.22906,-15.236987,-5.3956504,-2.9006405
66,7.075860977172852,3.3069820404052734,76.40287017822266,-3.090476453956668,0.5204647916342292,89.31919257080447,-15.579799,26.279753,20.233992,54.085155,-16.780636,1.7437407,5.6988864,4.848366,-8.814783,9.537734,-19.569777,-0.5640695,2.1816337,4.3673153,10.121639,4.1928315,12.567388,-18.351934,68.49957,3.2130885,-4.6305676,2.341838,0.03214791,-10.834285,25.69543,71.5238,-15.04366,-5.288015,-2.4804442
67,7.159434795379639,3.4842963218688965,76.39258575439453,-3.0242756987864428,0.5313374428439197,89.366526308959,-16.539753,26.45718,20.215498,55.640564,-16.863752,2.6075509,5.9285893,4.8640237,-8.828421,9.395082,-19.62962,-0.6287244,2.408732,4.3238935,10.24473,4.470244,12.47732,-18.370588,68.61845,3.1940143,-4.672285,2.2609549,-0.18009222,-10.950423,25.949148,71.80365,-14.885755,-5.1616945,-2.0235882
68,7.250349044799805,3.684739828109741,76.38984680175781,-2.9259905334221026,0.5804406010024842,89.40262345045056,-17.512077,26.395294,20.092916,56.877,-16.885874,3.263798,6.126127,4.836144,-8.838142,9.235175,-19.674498,-0.66594285,2.6534004,4.2438245,10.328693,4.7569532,12.385749,-18.380346,68.7283,3.1864915,-4.6895394,2.1876714,-0.4017959,-11.073545,26.225681,72.066925,-14.778216,-5.051427,-1.6577237
69,7.326237201690674,3.8812127113342285,76.39237213134766,-2.7897889448437976,0.6791162584864261,89.42195107552519,-18.535454,26.011333,19.778307,57.77432,-16.825447,3.6557732,6.2742352,4.7559614,-8.84012,9.0654335,-19.704601,-0.66889775,2.9186678,4.121497,10.3574295,5.061502,12.290327,-18.379993,68.82152,3.1938612,-4.6716185,2.1214302,-0.6345807,-11.203551,26.561733,72.327965,-14.731394,-4.971056,-1.4180526
70,7.4060492515563965,4.0942063331604,76.4030532836914,-2.6192991102773093,0.8151086836305426,89.42703281939178,-19.574173,25.362055,19.349737,58.368267,-16.708958,3.7833936,6.3848825,4.6281214,-8.832868,8.893226,-19.72384,-0.64705783,3.2007396,3.9608445,10.344663,5.3836465,12.190613,-18.376337,68.90494,3.2142751,-4.6318073,2.0564258,-0.8821582,-11.340496,26.934767,72.58533,-14.734243,-4.9011135,-1.236204
71,7.477715492248535,4.312227249145508,76.4206314086914,-2.4260663369075437,0.972141859795119,89.43030028672749,-20.574522,24.57818,18.957466,58.680206,-16.54647,3.744744,6.4881387,4.468723,-8.827533,8.69929,-19.73151,-0.60969996,3.4903076,3.772554,10.318045,5.7069917,12.088652,-18.361616,68.9903,3.2452972,-4.584693,1.9981805,-1.1387289,-11.4828,27.285156,72.80839,-14.768031,-4.82732,-1.0836583
72,7.548872470855713,4.541917324066162,76.4448013305664,-2.22037491541782,1.1341252794611483,89.44417545688337,-21.482347,23.794598,18.748413,58.724903,-16.349121,3.6454473,6.6100245,4.2935104,-8.835609,8.471095,-19.729868,-0.5659526,3.7791011,3.5657642,10.304375,6.0154977,11.9881525,-18.32866,69.08888,3.283987,-4.5445085,1.9520966,-1.4015235,-11.629913,27.553724,72.971115,-14.813472,-4.7351637,-0.9325928
73,7.611527919769287,4.773615837097168,76.47199249267578,-1.9954571521752136,1.299802459777462,89.47109208243806,-22.278982,23.016777,18.758753,58.47348,-16.10163,3.4687598,6.7641306,4.0918574,-8.864778,8.186683,-19.715765,-0.49887133,4.0693736,3.3290832,10.309332,6.302832,11.8926115,-18.283245,69.20799,3.3318646,-4.5132318,1.923715,-1.6712037,-11.779923,27.72777,73.07022,-14.859153,-4.6063943,-0.7787456
74,7.67144775390625,5.019421577453613,76.50082397460938,-1.7484327893199043,1.476471719830425,89.50455810473298,-22.996506,22.191998,18.904118,57.92248,-15.807528,3.1790748,6.9360747,3.8612475,-8.906993,7.856032,-19.687683,-0.41047022,4.366743,3.0613647,10.319848,6.5793643,11.80252,-18.228874,69.33818,3.3887148,-4.483632,1.9080389,-1.9482313,-11.932329,27.834919,73.11907,-14.9189205,-4.4538174,-0.63597643
75,7.734485626220703,5.267188549041748,76.52674865722656,-1.5011446599216145,1.6606741175376953,89.54346378985687,-23.656185,21.364426,19.148706,57.127438,-15.499457,2.8550813,7.0377164,3.617543,-8.9549,7.6718583,-19.73411,-0.33743387,4.6667757,2.7886357,10.334257,6.8533134,11.716867,-18.155544,69.46507,3.4472723,-4.456236,1.894974,-2.2285526,-12.090003,27.877325,73.11375,-15.01137,-4.309007,-0.50313056
76,7.793766021728516,5.514811038970947,76.55071258544922,-1.2755958078664194,1.8490770228632403,89.58652118211664,-24.279411,20.575356,19.458158,56.14967,-15.206336,2.573647,7.063145,3.389988,-8.995087,7.6491933,-19.849607,-0.3170374,4.9657617,2.5378568,10.351109,7.1322446,11.633353,-18.053225,69.57484,3.5010574,-4.431691,1.8744811,-2.5058672,-12.257427,27.857796,73.04655,-15.153006,-4.20386,-0.37825346
77,7.849562168121338,5.77044677734375,76.57120513916016,-1.0752119819893156,2.0444796790720123,89.63788057191205,-24.865656,19.83227,19.846231,54.977016,-14.940911,2.3628945,7.0842366,3.2023127,-9.015703,7.623848,-19.931383,-0.38598347,5.2614427,2.3166327,10.366073,7.4192414,11.549801,-17.908623,69.665405,3.5538318,-4.4130354,1.8349437,-2.7714112,-12.437582,27.760153,72.90249,-15.3952,-4.1485324,-0.25258738
78,7.903182506561279,6.039294242858887,76.57988739013672,-0.890965143562046,2.247050007708903,89.69664717649665,-25.401419,19.109407,20.323072,53.580288,-14.681294,2.1782417,7.1001244,3.0379329,-9.025099,7.6001263,-19.992441,-0.5158126,5.5559874,2.113007,10.381379,7.7087054,11.465813,-17.731152,69.74486,3.60658,-4.3990817,1.7849523,-3.029447,-12.631456,27.588848,72.68637,-15.712818,-4.1256247,-0.128957
79,7.949878215789795,6.3161211013793945,76.58381652832031,-0.7196484300306053,2.450022024729065,89.75405265553523,-25.88404,18.394577,20.853584,51.99127,-14.406704,1.9874953,7.121622,2.8864026,-9.033071,7.57656,-20.05896,-0.64693403,5.8521905,1.9235713,10.405134,7.99593,11.3813,-17.542622,69.81225,3.651544,-4.384295,1.7446098,-3.2917778,-12.840184,27.37594,72.41885,-16.009193,-4.1253395,-0.023608414
80,7.995237350463867,6.6011271476745605,76.5842514038086,-0.5566896055585945,2.6466523879579595,89.80096221914671,-26.310167,17.676817,21.402584,50.239113,-14.095609,1.7596322,7.1563125,2.736825,-9.049245,7.557132,-20.160782,-0.7195168,6.152017,1.7438856,10.445068,8.276782,11.296733,-17.364197,69.86727,3.6801317,-4.363051,1.7340903,-3.5712976,-13.06613,27.151142,72.12281,-16.191948,-4.1372766,0.04708779
81,8.038494110107422,6.885238170623779,76.57512664794922,-0.39935445027810146,2.836148155115053,89.837772187542,-26.671272,16.95591,21.98829,48.301697,-13.744243,1.4877437,7.2075663,2.5842955,-9.081547,7.5390234,-20.309746,-0.70836776,6.4589157,1.5709271,10.505025,8.548116,11.211671,-17.199781,69.90922,3.6925619,-4.3299365,1.7677441,-3.8618815,-13.311054,26.905281,71.77988,-16.217737,-4.161206,0.081225514
82,8.076787948608398,7.176767349243164,76.55721282958984,-0.2507279984631755,3.0214690872803973,89.86720668484047,-26.964895,16.227547,22.622244,46.157967,-13.355244,1.1848983,7.2690983,2.4350307,-9.122623,7.5226502,-20.488705,-0.64786,6.7719555,1.4077977,10.580356,8.812436,11.125853,-17.039425,69.93896,3.691794,-4.2892947,1.8318287,-4.15882,-13.57596,26.627388,71.384735,-16.14289,-4.201363,0.08716308
83,8.110811233520508,7.475785732269287,76.53449249267578,-0.1145175372253644,3.2019868751038274,89.88358608330904,-27.201094,15.480963,23.255585,43.844673,-12.920497,0.8527786,7.3407855,2.2968209,-9.158653,7.5092587,-20.683363,-0.5675235,7.0871196,1.2606937,10.667289,9.074738,11.040006,-16.882414,69.95619,3.6752093,-4.249989,1.903901,-4.4739056,-13.859353,26.349823,70.97399,-16.018316,-4.253768,0.06508552
84,8.137580871582031,7.780819416046143,76.50032043457031,0.003959718422711048,3.3765101541321454,89.88118749799234,-27.390059,14.710715,23.838068,41.399914,-12.433855,0.49583757,7.424024,2.1776068,-9.175357,7.496473,-20.876562,-0.49729937,7.398906,1.1355823,10.762,9.340954,10.954965,-16.726583,69.96001,3.6404727,-4.2210083,1.9612396,-4.8203597,-14.157258,26.10565,70.58646,-15.895906,-4.3146024,0.0146464575
85,8.16451644897461,8.108771324157715,76.46236419677734,0.10212250339974163,3.5462891503252947,89.85157222798958,-27.530363,13.914414,24.35273,38.79433,-11.8807535,0.10820509,7.5156546,2.082688,-9.162929,7.480607,-21.063126,-0.44367683,7.711224,1.0344172,10.8651285,9.613243,10.871775,-16.56331,69.9465,3.5745704,-4.207035,1.9989007,-5.214664,-14.468747,25.906122,70.23493,-15.760009,-4.3837404,-0.05516324
86,8.188924789428711,8.433476448059082,76.41705322265625,0.1799462945891937,3.7099509960036157,89.7970665878094,-27.606638,13.095956,24.826353,35.999214,-11.259212,-0.30808082,7.612221,2.0079432,-9.128527,7.47586,-21.260675,-0.3915429,8.025979,0.9550221,10.978798,9.890128,10.790016,-16.394594,69.91663,3.4830413,-4.2026896,2.0283577,-5.6479607,-14.793069,25.736053,69.90115,-15.592387,-4.4632907,-0.14739606
87,8.206835746765137,8.72162914276123,76.36471557617188,0.23698985539930437,3.861219736317263,89.72856769636738,-27.608257,12.2648535,25.272053,33.054516,-10.583624,-0.73523045,7.7346025,1.954813,-9.082933,7.46246,-21.455648,-0.33965528,8.335181,0.89900565,11.100496,10.171604,10.708815,-16.234385,69.8774,3.391968,-4.2011614,2.0522196,-6.0987787,-15.125805,25.590708,69.58226,-15.438986,-4.5522885,-0.28148246
88,8.232234954833984,9.094649314880371,76.3018569946289,0.2733485432595242,3.9941201986064927,89.65594249721953,-27.525843,11.430536,25.704508,30.00154,-9.868691,-1.155915,7.886499,1.9205035,-9.036426,7.45812,-21.660044,-0.28654224,8.631373,0.8673894,11.22772,10.456117,10.627276,-16.098166,69.83761,3.3255775,-4.195711,2.07337,-6.545852,-15.459131,25.4642,69.27619,-15.346869,-4.6497426,-0.47746727
89,8.244124412536621,9.473254203796387,76.23174285888672,0.28539366371431196,4.097963204160147,89.58499270018105,-27.330751,10.587618,26.139511,26.795624,-9.106201,-1.570688,8.088311,1.9097475,-8.994753,7.448151,-21.868065,-0.22696474,8.910251,0.8653518,11.367724,10.744853,10.546477,-16.000814,69.80118,3.2847435,-4.185854,2.0981083,-6.997112,-15.790435,25.384787,69.00404,-15.341969,-4.767127,-0.7790606
90,8.251602172851562,9.850349426269531,76.15038299560547,0.26392427726346496,4.1730156773226,89.49890294433575,-27.01757,9.744365,26.565018,23.40305,-8.277872,-1.9874148,8.3344145,1.9345347,-8.941178,7.4369283,-22.081305,-0.1660362,9.1858015,0.9011456,11.521551,11.039717,10.466854,-15.9303465,69.76315,3.2580724,-4.1746583,2.123506,-7.462048,-16.119356,25.345785,68.76467,-15.397002,-4.900736,-1.1636955
91,8.258681297302246,10.233969688415527,76.05940246582031,0.19508620981191496,4.22793666938619,89.37249372079144,-26.61473,8.936096,26.954119,19.889462,-7.3858194,-2.4013112,8.610611,2.0099847,-8.85003,7.4249516,-22.29445,-0.11875064,9.479872,0.9823168,11.676444,11.341417,10.386801,-15.860402,69.718376,3.2539132,-4.1605015,2.1390455,-7.927431,-16.442436,25.29497,68.52867,-15.472042,-5.025044,-1.552748
92,8.264944076538086,10.626380920410156,75.95491027832031,0.06836274368425563,4.271685356920305,89.18118336980648,-26.15325,8.199704,27.282812,16.330427,-6.4408436,-2.8076613,8.902415,2.1488912,-8.695719,7.412879,-22.50202,-0.10001212,9.814211,1.1140205,11.819042,11.649913,10.304425,-15.766106,69.66294,3.2795126,-4.141695,2.1345482,-8.384827,-16.756117,25.178844,68.27853,-15.527355,-5.119652,-1.8691369
93,8.25968074798584,11.042366027832031,75.83690643310547,-0.1315152583680177,4.300847310683518,88.90984498286802,-25.60792,7.5449815,27.577475,12.66524,-5.424814,-3.2134023,9.211559,2.3684359,-8.460515,7.400233,-22.706186,-0.11908662,10.202925,1.3098391,11.945562,11.972396,10.218066,-15.633636,69.58863,3.3517215,-4.1153464,2.1004784,-8.833126,-17.059942,24.965893,68.00743,-15.548475,-5.1699753,-2.0832257
94,8.254417419433594,11.472397804260254,75.71031951904297,-0.4041843792319033,4.306719026137661,88.56496560734689,-24.897026,6.9309835,27.85548,8.713824,-4.2514777,-3.6179783,9.550272,2.666024,-8.150134,7.3859725,-22.907957,-0.1684914,10.641262,1.5719432,12.063329,12.307762,10.128459,-15.480129,69.50012,3.4611354,-4.0832367,2.0449698,-9.27874,-17.355362,24.691051,67.73153,-15.556595,-5.1910343,-2.2394774
95,8.24876880645752,11.913617134094238,75.57535552978516,-0.7155926146066272,4.300394801815309,88.17242688409897,-25.175692,6.9448776,27.928259,7.2368264,-4.3259506,-4.0225444,9.905955,2.9998965,-7.792943,7.3747454,-23.100649,-0.23273684,11.105178,1.8665079,12.170671,12.642747,10.037208,-15.324051,69.413055,3.5779736,-4.050604,1.98376,-9.718663,-17.639505,24.394474,67.45365,-15.571307,-5.2009706,-2.370308
96,8.23543643951416,12.369382858276367,75.43743896484375,-1.0207032617628626,4.299107948631634,87.76850781448124,-25.962988,7.2623367,27.814346,7.0839105,-5.000576,-4.3958497,10.264603,3.3169105,-7.4288063,7.3652854,-23.276667,-0.2938976,11.560561,2.147759,12.26439,12.961355,9.94715,-15.183802,69.34457,3.6723287,-4.022512,1.932903,-10.151212,-17.90525,24.11879,67.17759,-15.608402,-5.218088,-2.5093212
97,8.220067977905273,12.842830657958984,75.30061340332031,-1.305514120657279,4.324211258027659,87.36424903333793,-26.748363,7.5574517,27.565731,6.9543176,-5.5898633,-4.727992,10.6023445,3.5978608,-7.067636,7.357797,-23.438343,-0.34594283,11.992599,2.3950062,12.326736,13.264287,9.858765,-15.067637,69.30119,3.7304604,-4.002788,1.9031414,-10.585142,-18.146742,23.876892,66.914116,-15.670639,-5.2457285,-2.6703596
98,8.199618339538574,13.32196044921875,75.16159057617188,-1.5663047003820665,4.374380628890465,86.96347566236355,-27.532948,7.819358,27.205616,6.8441105,-6.1106443,-5.023764,10.921471,3.8427,-6.713337,7.3525333,-23.590034,-0.39297768,12.385834,2.5747178,12.3478565,13.582433,9.803134,-14.947773,69.258835,3.7652795,-3.98631,1.8815689,-11.081562,-18.283619,23.663578,66.74818,-15.758109,-5.2746987,-2.8537207
99,8.184386253356934,13.813667297363281,75.02906036376953,-1.7894032261781578,4.429967035187012,86.58778831459031,-28.256805,8.010541,26.745132,6.726839,-6.548885,-5.2680173,11.246558,4.034434,-6.393925,7.3504663,-23.72559,-0.4329824,12.739126,2.7102628,12.3717985,13.872957,9.74776,-14.824617,69.22992,3.801483,-3.9691145,1.8534104,-11.561649,-18.409693,23.444134,66.565636,-15.863274,-5.3040957,-3.0252366
100,8.1694917678833,14.3250732421875,74.90293884277344,-1.9788821699188865,4.476838084227276,86.24929175053643,-28.889605,8.138086,26.186605,6.6286364,-6.9127855,-5.4483547,11.596405,4.182497,-6.127069,7.3487997,-23.835773,-0.46934748,13.045816,2.8059506,12.4110775,14.134228,9.700208,-14.685675,69.206276,3.8528092,-3.9452963,1.8022996,-12.024615,-18.512875,23.213634,66.37283,-15.986241,-5.332237,-3.1764393
101,8.143343925476074,14.846160888671875,74.7779312133789,-2.133647402304018,4.4915684445685615,85.95443325252965,-29.421844,8.203048,25.495125,6.577872,-7.22274,-5.5635757,11.998241,4.289485,-5.9270062,7.350779,-23.935059,-0.5066343,13.313522,2.8839054,12.508245,14.333632,9.635997,-14.50902,69.19953,3.944876,-3.915321,1.713578,-12.419118,-18.651638,22.923607,66.088066,-16.138527,-5.3613443,-3.2801032
102,8.125813484191895,15.37779712677002,74.66060638427734,-2.2644864791413286,4.5027898672097315,85.69079300618579,-29.880625,8.213268,24.678843,6.542045,-7.461505,-5.621077,12.419554,4.3646307,-5.7771506,7.3527794,-24.019281,-0.54442,13.533051,2.9225013,12.608045,14.529335,9.5918045,-14.313383,69.178246,4.038739,-3.8791587,1.594996,-12.826365,-18.743801,22.632872,65.83486,-16.30501,-5.393195,-3.3696718
103,8.11418342590332,15.909478187561035,74.55192565917969,-2.3698109802412897,4.507166869620227,85.455847204332,-30.2443,8.182659,23.80252,6.5305057,-7.6219144,-5.623669,12.859224,4.406451,-5.6613703,7.3576345,-24.067587,-0.57286197,13.709385,2.9282036,12.718313,14.699718,9.561083,-14.124566,69.16726,4.137202,-3.837986,1.4776106,-13.224059,-18.805786,22.351562,65.58047,-16.48517,-5.421532,-3.4512947
104,8.096101760864258,16.4706974029541,74.45318603515625,-2.454213730429508,4.508516682186191,85.24528029634705,-30.496899,8.126752,22.930979,6.540781,-7.6925855,-5.5753374,13.310556,4.4163966,-5.561777,7.3626347,-24.05539,-0.582808,13.848215,2.9086213,12.832901,14.827957,9.540546,-13.978505,69.19189,4.23274,-3.7931466,1.3926405,-13.589353,-18.84639,22.10211,65.29782,-16.66887,-5.438332,-3.5351486
105,8.07565689086914,17.041305541992188,74.36162567138672,-2.5230637672606586,4.492525788985185,85.05511988198307,-30.626156,8.049249,21.983538,6.5845423,-7.689144,-5.492766,13.788025,4.4040074,-5.4717093,7.3720593,-23.99596,-0.5815693,13.962256,2.869998,12.975428,14.887532,9.529038,-13.886993,69.27315,4.3324747,-3.7455146,1.3549471,-13.90384,-18.872894,21.862848,64.9478,-16.867218,-5.43478,-3.6151059
106,8.051880836486816,17.613792419433594,74.27877807617188,-2.5678027773918726,4.464042742546487,84.89077404669942,-30.63009,7.9316397,20.962093,6.6250124,-7.589298,-5.375063,14.288933,4.3618217,-5.404445,7.3836613,-23.894499,-0.57019883,14.026767,2.8090022,13.128853,14.927036,9.530265,-13.839197,69.37007,4.4183974,-3.6917956,1.3432031,-14.213544,-18.875393,21.675419,64.595695,-17.054462,-5.4198084,-3.6942997
107,8.025674819946289,18.2067928314209,74.206298828125,-2.5827334364996464,4.445907653636953,84.75904206084589,-30.535755,7.781896,20.048914,6.675468,-7.3784056,-5.20095,14.78664,4.274627,-5.36891,7.3982077,-23.72444,-0.53197855,14.058741,2.7139182,13.276614,14.921358,9.541502,-13.81913,69.49763,4.5078335,-3.634276,1.3448654,-14.476145,-18.859352,21.48859,64.21561,-17.259193,-5.403733,-3.7744246
108,7.983112335205078,18.83286476135254,74.14505767822266,-2.5566242637129717,4.4648956314366215,84.6673598346689,-30.36493,7.6004486,19.42771,6.725817,-7.026256,-4.9437213,15.251229,4.123311,-5.3755274,7.4161396,-23.458857,-0.44895953,14.044305,2.5745883,13.3794365,14.888131,9.559328,-13.821514,69.64901,4.588941,-3.5740166,1.344528,-14.680793,-18.826807,21.334534,63.823578,-17.46567,-5.3932924,-3.8694313
109,7.9372382164001465,19.47393035888672,74.10676574707031,-2.4722071681811966,4.520128124612411,84.62673423816089,-30.07331,7.3797364,19.193018,6.778033,-6.507429,-4.593138,15.687723,3.8891778,-5.446955,7.438523,-23.105038,-0.3078747,13.981241,2.371776,13.441978,14.82366,9.587829,-13.852901,69.83073,4.663943,-3.5069373,1.3463379,-14.833679,-18.765013,21.201658,63.442844,-17.68008,-5.395868,-3.992702
110,7.875542163848877,20.125782012939453,74.08968353271484,-2.327991130947364,4.60100262049931,84.63217638946425,-29.666948,7.1120687,19.236828,6.8325877,-5.84479,-4.154992,16.106647,3.5744174,-5.575917,7.4689555,-22.6781,-0.11808132,13.85695,2.0918732,13.473681,14.743233,9.638171,-13.905297,70.03214,4.728275,-3.4338229,1.3539647,-14.969803,-18.642208,21.1115,63.09868,-17.897945,-5.4019637,-4.1442957
111,7.803940773010254,20.79106330871582,74.09362030029297,-2.1430388434752548,4.70747616061326,84.65987795340001,-29.233269,6.8133655,19.437983,6.889069,-5.0924864,-3.6270971,16.499737,3.2032273,-5.718989,7.5077605,-22.151567,0.102235466,13.685176,1.7764859,13.4770565,14.641483,9.678354,-13.954391,70.24365,4.794976,-3.3617966,1.3581306,-15.053263,-18.522823,21.069725,62.71946,-18.11537,-5.407335,-4.2893806
112,7.718064785003662,21.492231369018555,74.1058578491211,-1.945106229355236,4.8392450599924075,84.68105167483532,-28.859509,6.5060573,19.678505,6.9451046,-4.299874,-3.0149848,16.857021,2.80437,-5.826241,7.556718,-21.501005,0.33273888,13.505541,1.4375045,13.438099,14.516727,9.720632,-13.999557,70.459755,4.857933,-3.296321,1.351805,-15.090911,-18.38017,21.045813,62.321888,-18.362755,-5.4096375,-4.4139385
113,7.6241912841796875,22.20317840576172,74.14582824707031,-1.7173697783025872,5.011021870218638,84.68103891341002,-28.574818,6.1859865,20.016113,6.9866242,-3.412954,-2.2575529,17.163845,2.3516774,-5.88017,7.6173816,-20.740093,0.5728842,13.327004,1.0532993,13.348189,14.370239,9.764964,-14.035599,70.68022,4.9225054,-3.2403657,1.3323311,-15.08602,-18.217257,21.060005,61.892365,-18.630764,-5.404244,-4.513502
114,7.516923427581787,22.92396354675293,74.20428466796875,-1.4525550020373488,5.218675357971514,84.66654969273755,-28.330921,5.8492117,20.50142,7.021778,-2.4344647,-1.3693451,16.93517,1.7823758,-5.913191,8.739833,-20.43004,0.83547825,13.147004,0.6281249,13.216495,14.196279,9.804249,-14.073725,70.91122,4.9880333,-3.1906867,1.3042895,-15.022548,-18.055712,21.10916,61.416363,-18.91043,-5.3952837,-4.5927134
115,7.418222904205322,23.673311233520508,74.26348876953125,-1.1761222873799275,5.4383076303508275,84.64752737258762,-28.161777,5.5265007,20.998926,7.220202,-1.5638968,-0.47626406,16.446058,1.1660056,-5.9144306,10.376516,-20.24532,1.1169995,12.963526,0.1946488,13.054472,14.000282,9.841334,-14.11382,71.14264,5.0463758,-3.1432912,1.2684811,-14.89265,-17.890387,21.156847,60.91,-19.221502,-5.3858705,-4.651693
116,7.304614067077637,24.439924240112305,74.33214569091797,-0.9179186123628659,5.644925247951235,84.63474576109628,-28.614676,5.459483,21.312504,8.915483,-1.6092515,0.28289488,15.909774,0.5690725,-5.884908,12.111532,-19.930355,1.4139984,12.774125,-0.21254535,12.873658,13.788711,9.881285,-14.155633,71.36279,5.089159,-3.0941029,1.2247484,-14.6906,-17.715532,21.17022,60.39136,-19.578983,-5.379184,-4.6905756
117,7.189760208129883,25.226139068603516,74.399658203125,-0.6837811152822424,5.85109410926146,84.62867957706925,-28.990162,5.3613772,21.454666,10.49753,-1.7070642,0.8954747,15.321707,0.004786351,-5.805623,13.93554,-19.486435,1.737316,12.583502,-0.5915703,12.65077,13.569237,9.927801,-14.200196,71.57183,5.1167097,-3.041109,1.1673911,-14.393258,-17.523743,21.129837,59.84532,-20.033007,-5.37526,-4.712043
118,7.077688217163086,26.02546501159668,74.47222900390625,-0.46086091255946354,6.06445222814162,84.62422091656657,-29.315079,5.231124,21.501339,11.989222,-1.8231661,1.4207368,14.686811,-0.5461804,-5.67597,15.822473,-18.918533,2.0853724,12.392139,-0.96089154,12.3860035,13.338146,9.982719,-14.24908,71.773254,5.130503,-2.9865446,1.0975497,-14.014917,-17.313509,21.057594,59.274693,-20.560411,-5.3729677,-4.71635
119,6.958710193634033,26.832881927490234,74.55355834960938,-0.24562927549792637,6.2522140697591,84.62555813566246,-29.534494,5.06703,21.515984,13.345153,-1.995185,1.8529081,14.005344,-1.0910817,-5.5359244,17.821478,-18.220644,2.436842,12.189958,-1.3127657,12.127548,13.084641,10.046901,-14.30024,71.95907,5.1278367,-2.9331374,1.024854,-13.596666,-17.088211,20.97323,58.714188,-21.072783,-5.373932,-4.698747
120,6.824967861175537,27.64521598815918,74.6375503540039,-0.029999456837757243,6.383090510050621,84.63785588298997,-29.587336,4.865651,21.563122,14.510268,-2.2592242,2.1909778,13.283445,-1.6432588,-5.4270144,19.967447,-17.382305,2.7706547,11.966194,-1.6444627,11.9233885,12.797916,10.12049,-14.351341,72.12184,5.1067634,-2.8835137,0.95930856,-13.181022,-16.85631,20.897793,58.198967,-21.48037,-5.3795815,-4.6547275
121,6.697317123413086,28.45892906188965,74.72743225097656,0.18937408370327474,6.459942998607524,84.6658226299642,-29.471176,4.6318283,21.653528,15.492055,-2.6604378,2.4008174,12.529741,-2.201921,-5.3510957,22.250143,-16.386742,3.1143625,11.716404,-1.9579278,11.770265,12.484239,10.199084,-14.38822,72.256676,5.061948,-2.834656,0.90137255,-12.749727,-16.62061,20.816006,57.70701,-21.76869,-5.38528,-4.577315
122,6.567513942718506,29.2752685546875,74.82219696044922,0.41027813508182637,6.497530939852452,84.71324791417388,-29.230032,4.3696632,21.74202,16.346504,-3.1862485,2.4959357,11.737951,-2.761198,-5.293925,24.656332,-15.241474,3.4684079,11.43983,-2.2525384,11.64631,12.143495,10.281287,-14.417839,72.37141,4.99649,-2.7862887,0.84697247,-12.288,-16.38096,20.724112,57.226315,-21.98071,-5.391977,-4.47049
123,6.422924995422363,30.090835571289062,74.9197998046875,0.6288293076893341,6.4824634250650375,84.78218460878888,-28.863636,4.0713425,21.811487,17.073769,-3.778913,2.5475657,10.905126,-3.3303602,-5.273012,27.189438,-13.966859,3.7713375,11.134827,-2.5235796,11.573264,11.754431,10.372973,-14.472682,72.47601,4.919082,-2.7456555,0.79781663,-11.836219,-16.1424,20.654108,56.800674,-22.11587,-5.409759,-4.3449187
124,6.285399913787842,30.90129280090332,75.01893615722656,0.8426342626167846,6.400625343972536,84.87238078251536,-28.368105,3.7254899,21.84803,17.664797,-4.3761945,2.626491,10.030083,-3.921666,-5.305731,29.850798,-12.580795,3.9618826,10.803372,-2.7681308,11.574375,11.297033,10.482779,-14.587671,72.57773,4.836624,-2.7196887,0.75432855,-11.432194,-15.912951,20.637026,56.47085,-22.172874,-5.44883,-4.210445
125,6.135587215423584,31.712425231933594,75.12401580810547,1.048330962507089,6.22825674655176,85.00277040233418,-27.71534,3.3102677,21.824547,18.106909,-4.9822183,2.7412124,9.117152,-4.5433154,-5.4322743,32.704117,-11.062219,3.9366407,10.432906,-2.978936,11.674296,10.762051,10.614249,-14.793313,72.687836,4.732979,-2.7097208,0.71970797,-11.070988,-15.696894,20.680956,56.24306,-22.1067,-5.523088,-4.0599036
126,5.991812229156494,32.49217224121094,75.23381042480469,1.2494888630850414,5.979731345158504,85.16742101517947,-26.915188,2.836941,21.751657,18.405651,-5.6221056,2.8550105,8.172393,-5.193603,-5.638931,35.712906,-9.399252,3.7580254,10.030091,-3.162859,11.855148,10.162736,10.765328,-15.068728,72.79633,4.6102424,-2.7120376,0.6902501,-10.7312565,-15.495743,20.76491,56.090603,-21.932463,-5.62312,-3.8896842
127,5.8544816970825195,33.281097412109375,75.35124206542969,1.4473959493059736,5.6979126089054155,85.3277565283791,-26.020939,2.3418713,21.674091,18.578465,-6.2640853,2.9725401,7.1883683,-5.868796,-5.855596,38.75047,-7.628737,3.6064434,9.627043,-3.3328366,12.079078,9.5095625,10.935267,-15.376181,72.880356,4.498725,-2.7262952,0.65576166,-10.420566,-15.30936,20.876024,55.99686,-21.735403,-5.724613,-3.7142937
128,5.709797382354736,34.059078216552734,75.46236419677734,1.6456975606415845,5.425125324783669,85.44631553505711,-25.087885,1.8594698,21.637192,18.644482,-6.8775434,3.099278,6.1455317,-6.5601287,-6.0017576,41.717514,-5.8042545,3.655605,9.253653,-3.499663,12.307991,8.814736,11.1244335,-15.672768,72.91537,4.431524,-2.7521305,0.606142,-10.150339,-15.137508,21.003292,55.94892,-21.60184,-5.803603,-3.5490854
129,5.5684709548950195,34.83604049682617,75.57247924804688,1.8419149005824593,5.160327193163093,85.51809100014975,-24.120304,1.3879042,21.649702,18.611433,-7.475114,3.2679927,5.015304,-7.306926,-6.093572,44.683033,-3.7503345,4.0122595,8.911958,-3.6588125,12.542717,8.076853,11.333051,-15.942849,72.90171,4.430405,-2.7992175,0.51379454,-9.932759,-14.982009,21.162586,55.965824,-21.545513,-5.8585825,-3.3915405
130,5.429947376251221,35.58318328857422,75.66844940185547,2.0357692698643213,4.884364679046318,85.5623806227,-23.092775,0.9076319,21.686869,18.465816,-8.064575,3.4664276,3.796748,-8.102533,-6.1426516,47.710056,-1.5199369,4.5417747,8.58525,-3.8053782,12.800557,7.2915134,11.560325,-16.209572,72.85008,4.47363,-2.864598,0.39238158,-9.761077,-14.843039,21.356,56.049526,-21.5229,-5.9009743,-3.2360353
131,5.292143821716309,36.30683517456055,75.7634506225586,2.2274737664937834,4.613615718091362,85.57816903856734,-22.01853,0.42514238,21.746319,18.197681,-8.608046,3.6345334,2.5090022,-8.859984,-6.070093,50.695698,0.48287702,5.0704975,8.276079,-3.9469872,13.067716,6.465894,11.806223,-16.486895,72.74995,4.530711,-2.9288502,0.2936142,-9.616134,-14.7161455,21.549606,56.158997,-21.536224,-5.926185,-3.0938299
132,5.157111644744873,37.0199089050293,75.85376739501953,2.415697833804652,4.365035628250368,85.56480754312307,-20.91242,-0.0486606,21.825264,17.799322,-9.068841,3.712484,1.1819636,-9.481236,-5.818668,53.515137,1.8606124,5.444846,7.9872336,-4.088669,13.32904,5.606628,12.071744,-16.79057,72.590515,4.569287,-2.9720235,0.26927418,-9.481798,-14.59499,21.709894,56.25677,-21.586931,-5.9297857,-2.9766316
133,5.030785083770752,37.7177734375,75.93940734863281,2.613002188746815,4.141267408129891,85.51306680234242,-19.765553,-0.5233811,21.946627,17.24715,-9.434625,3.6832361,-0.18549186,-9.946302,-5.3633876,56.19224,2.4565592,5.6534486,7.726633,-4.2465687,13.588621,4.7036357,12.3591175,-17.14859,72.36778,4.5627856,-2.9791005,0.3522813,-9.3677635,-14.476677,21.834465,56.338768,-21.704144,-5.90164,-2.8770719
134,4.91096305847168,38.406497955322266,76.0314712524414,2.812295239010918,3.9347917724994796,85.42707993465136,-18.580406,-1.001201,22.104578,16.556519,-9.72805,3.583763,-1.6079099,-10.28723,-4.757131,58.78378,2.4944093,5.7844515,7.492024,-4.4095445,13.850938,3.756253,12.668316,-17.548052,72.08653,4.5328975,-2.9636784,0.5080815,-9.278323,-14.360822,21.936045,56.424526,-21.878263,-5.847431,-2.7926219
135,4.7927374839782715,39.09954071044922,76.13401794433594,2.9814644104999686,3.747416888146989,85.32605183948074,-17.389061,-1.4543902,22.254921,15.782046,-9.966441,3.433198,-3.071496,-10.485284,-4.0686584,61.207085,2.1464114,5.841465,7.26822,-4.544585,14.10014,2.7866557,12.996542,-17.938969,71.75054,4.5220666,-2.9490914,0.68788564,-9.193038,-14.245899,22.00589,56.51664,-22.056393,-5.785972,-2.742984
136,4.685234546661377,39.78556823730469,76.24298858642578,3.0927613233039115,3.5806527652013704,85.22711872234213,-16.215572,-1.85519,22.356155,14.971943,-10.165374,3.2465913,-4.5593834,-10.526099,-3.3636386,63.37,1.5939671,5.823977,7.041183,-4.6188784,14.320215,1.8176533,13.340724,-18.268637,71.36485,4.574823,-2.9583232,0.84362864,-9.0946245,-14.130726,22.037687,56.621647,-22.1843,-5.735953,-2.7485662
137,4.583058834075928,40.470523834228516,76.35354614257812,3.143408359945375,3.4429943039652127,85.11693526239601,-15.065911,-2.1928725,22.412996,14.127257,-10.32204,2.9969714,-6.0989804,-10.34818,-2.5717747,65.27437,0.7372436,5.7291594,6.8195224,-4.631221,14.504536,0.84289265,13.703335,-18.5287,70.9337,4.723584,-2.9981358,0.96509415,-8.990534,-14.01325,22.037779,56.748596,-22.251371,-5.695188,-2.8392577
138,4.48802375793457,41.14512252807617,76.46559143066406,3.148503292420984,3.3306333442903684,84.99262420910448,-13.922874,-2.4799576,22.445677,13.223312,-10.429759,2.6842225,-7.683608,-9.970073,-1.6976466,66.96224,-0.46650642,5.559688,6.6042056,-4.5966167,14.662595,-0.14428967,14.086128,-18.742773,70.45301,4.9383097,-3.055786,1.0774814,-8.889497,-13.892763,22.009436,56.89594,-22.28509,-5.655847,-2.9967387
139,4.401169300079346,41.7989616394043,76.58018493652344,3.1023030495972974,3.2268541468817866,84.88829606150576,-12.780878,-2.7199268,22.436201,12.282599,-10.501059,2.3622086,-9.252491,-9.517902,-0.910703,68.40307,-1.7528899,5.319554,6.3689113,-4.5089617,14.803382,-1.1230278,14.483504,-18.907677,69.91752,5.170095,-3.124912,1.1863282,-8.771803,-13.769612,21.942211,57.048775,-22.28815,-5.6277127,-3.168978
140,4.3067097663879395,42.44609069824219,76.69403839111328,3.0028749378575323,3.115328996880487,84.83725310398971,-11.626407,-2.9214134,22.365885,11.308438,-10.541808,2.0855763,-10.749571,-9.129183,-0.37257072,69.55921,-2.856507,5.0115695,6.0872498,-4.36072,14.9348755,-2.073649,14.886422,-19.018002,69.3255,5.3721466,-3.1996627,1.2981094,-8.619023,-13.645638,21.827463,57.19428,-22.261625,-5.6205664,-3.3040304
141,4.241274833679199,43.146297454833984,76.83118438720703,2.8349738043941133,2.9913124804961684,84.85857150280901,-10.471289,-3.068137,22.215431,10.335504,-10.564809,1.8862687,-12.1629,-8.836062,-0.14283773,70.39807,-3.685467,4.6342645,5.742899,-4.132477,15.057288,-2.9973128,15.291554,-19.073238,68.67362,5.5438995,-3.2817667,1.4144462,-8.417047,-13.520198,21.646711,57.331142,-22.192202,-5.648249,-3.405348
142,4.160432815551758,43.828311920166016,76.95805358886719,2.6086920910906564,2.8641030316730984,84.93132016336536,-9.313742,-3.161609,22.001898,9.345078,-10.559464,1.7275692,-13.521991,-8.581978,-0.12433785,70.9408,-4.387437,4.186622,5.3542857,-3.8353794,15.167819,-3.9058645,15.700444,-19.077389,67.97055,5.7069936,-3.3733394,1.5336013,-8.177585,-13.393631,21.409203,57.46608,-22.084208,-5.7019773,-3.4949563
143,4.070469379425049,44.46615982055664,77.06910705566406,2.355045628969579,2.738617136039916,85.02911682049927,-8.133805,-3.2346387,21.761305,8.286044,-10.506548,1.5641968,-14.837107,-8.371933,-0.24109773,71.230995,-5.0598097,3.6729777,4.9453545,-3.5074074,15.26984,-4.797255,16.109983,-19.034874,67.23324,5.8443866,-3.469493,1.6569096,-7.920919,-13.270852,21.149426,57.59681,-21.96457,-5.7568717,-3.548736
144,3.980720043182373,45.1056022644043,77.18143463134766,2.1017284605632396,2.620018794322766,85.12550075012878,-7.052911,-3.25877,21.535244,7.432026,-10.559557,1.3507992,-16.118711,-8.203768,-0.41803995,71.311485,-5.7988524,3.0992243,4.539272,-3.1821868,15.365128,-5.6681786,16.513243,-18.946,66.476616,5.9437985,-3.56402,1.7854828,-7.6643076,-13.158377,20.90167,57.717228,-21.859299,-5.7881618,-3.5420337
145,3.89551043510437,45.755104064941406,77.28919982910156,1.850811036946163,2.5084000209827995,85.20934305902954,-6.321394,-3.1362567,21.343842,7.359285,-11.031911,1.0770415,-17.373653,-8.09294,-0.6686382,71.18536,-6.6658034,2.4291787,4.140546,-2.8610115,15.454067,-6.5241485,16.904343,-18.804827,65.71061,5.991447,-3.654194,1.9366025,-7.4127493,-13.061999,20.666576,57.828953,-21.777771,-5.778915,-3.4478855
146,3.8194515705108643,46.40428161621094,77.39339447021484,1.5912974341627215,2.4023580340147617,85.29700859006664,-5.594626,-3.0012188,21.149796,7.2808933,-11.505482,0.7766968,-18.589613,-8.026029,-1.021313,70.82649,-7.6008577,1.684391,3.7371259,-2.5244105,15.535087,-7.367098,17.282238,-18.610905,64.92714,6.0021715,-3.742187,2.1043038,-7.1513877,-12.982019,20.42776,57.927364,-21.703508,-5.745492,-3.2852938
147,3.7383739948272705,47.0549430847168,77.4899673461914,1.3260290663322978,2.3048393213068437,85.40368776522968,-4.8824506,-2.8538325,20.949945,7.203936,-11.966757,0.45701066,-19.752148,-7.959628,-1.422829,70.237854,-8.518633,0.95546603,3.3246603,-2.179638,15.604778,-8.204317,17.650421,-18.389143,64.14058,5.988026,-3.8384879,2.2574067,-6.8775597,-12.920449,20.19591,58.009525,-21.625708,-5.7125573,-3.0998914
148,3.66135573387146,47.7057991027832,77.57471466064453,1.0604134242485426,2.218207532820437,85.54370329468037,-4.190974,-2.695633,20.741508,7.129923,-12.399526,0.12402837,-20.84817,-7.8556905,-1.8222512,69.42498,-9.330862,0.32644752,2.9000292,-1.8346529,15.661452,-9.03618,18.013298,-18.157001,63.35636,5.967876,-3.9532113,2.3636053,-6.586751,-12.879047,19.983051,58.06887,-21.53177,-5.704862,-2.936773
149,3.624823570251465,48.38761901855469,77.66118621826172,0.7851436332920247,2.1393709555246634,85.71863136071568,-3.5163255,-2.5156064,20.525187,7.057682,-12.793769,-0.22430463,-21.868189,-7.709852,-2.2407897,68.37217,-10.035266,-0.19022639,2.4635243,-1.4813197,15.70673,-9.8609705,18.373304,-17.903807,62.57175,5.9374166,-4.094084,2.403106,-6.2763124,-12.860869,19.80126,58.10199,-21.408062,-5.738161,-2.7897258
150,3.554910898208618,49.03768539428711,77.72139739990234,0.5035747522562863,2.067977822862397,85.92078744203936,-2.8512769,-2.3200676,20.30109,6.9821925,-13.16252,-0.58785725,-22.816051,-7.5369587,-2.6984465,67.07731,-10.669748,-0.6315791,2.0171268,-1.1205245,15.743096,-10.675835,18.730036,-17.622253,61.779564,5.8915286,-4.2536445,2.3954856,-5.946688,-12.865976,19.642443,58.108692,-21.262495,-5.7962236,-2.639602
151,3.48390793800354,49.669837951660156,77.76023864746094,0.23064707715991256,2.0098852282246122,86.14964428005925,-2.2015646,-2.130732,20.068026,6.9071155,-13.522356,-0.9540632,-23.703075,-7.3306665,-3.1443453,65.57321,-11.2067995,-0.99598664,1.5605922,-0.7680754,15.769944,-11.487926,19.085167,-17.346935,60.989056,5.8352785,-4.4215918,2.369304,-5.597748,-12.8897505,19.483833,58.08898,-21.121067,-5.85654,-2.5130112
152,3.421370029449463,50.31900405883789,77.78306579589844,-0.0067703322466334676,1.9691661845113326,86.40271290563652,-1.5888392,-1.9736931,19.82965,6.8727684,-13.911408,-1.313982,-24.547655,-7.097888,-3.5156524,63.900932,-11.62124,-1.2853327,1.09813,-0.45132026,15.787587,-12.304171,19.441784,-17.11659,60.205463,5.7717156,-4.584013,2.353021,-5.230525,-12.92479,19.300867,58.045753,-21.010412,-5.8967323,-2.4373438
153,3.3725290298461914,50.98788070678711,77.79794311523438,-0.1858339648849181,1.946531991409635,86.67915720577662,-1.0211778,-1.8681803,19.594501,6.881732,-14.324979,-1.6926298,-25.351112,-6.8537707,-3.7879806,62.031548,-11.878819,-1.5091923,0.6315742,-0.1938886,15.7958,-13.124149,19.800825,-16.927525,59.42289,5.6922355,-4.740974,2.3420541,-4.8490396,-12.966131,19.101048,57.97778,-20.95126,-5.912173,-2.415033
154,3.328277587890625,51.637535095214844,77.79432678222656,-0.33564651536822127,1.9409760740238207,86.98215856863703,-0.47794098,-1.789766,19.354101,6.8895793,-14.7325735,-2.0901766,-26.099174,-6.586072,-4.0067635,59.941513,-11.993196,-1.6727284,0.15667327,0.0313861,15.790015,-13.946052,20.162209,-16.767824,58.642403,5.5945196,-4.8977847,2.3254826,-4.455069,-13.013683,18.892817,57.89147,-20.92682,-5.914587,-2.4340684
155,3.288151741027832,52.2944450378418,77.78213500976562,-0.4565305057462184,1.9518512889450566,87.31271363062723,0.047145225,-1.7405963,19.098814,6.8970604,-15.147043,-2.4605706,-26.780554,-6.304157,-4.179232,57.654793,-11.994149,-1.7711021,-0.32696974,0.22822134,15.767998,-14.765487,20.524826,-16.652353,57.8716,5.50425,-5.0515256,2.3211648,-4.040666,-13.064252,18.65033,57.7928,-20.907244,-5.906449,-2.4992046
156,3.243469476699829,52.953739166259766,77.76054382324219,-0.5511635852412626,1.9785207893567953,87.67102780627161,0.55911976,-1.720965,18.818975,6.9075565,-15.580297,-2.758031,-27.38486,-6.0180974,-4.3114996,55.196,-11.912354,-1.8005364,-0.8173729,0.40167785,15.727628,-15.582721,20.88689,-16.601606,57.12248,5.443847,-5.1997657,2.347904,-3.5958595,-13.112186,18.344057,57.687145,-20.865122,-5.8906093,-2.6152658
157,3.194563150405884,53.60972213745117,77.72407531738281,-0.6211947111946731,2.0240393773544985,88.06732106606157,1.054233,-1.7289274,18.506844,6.921085,-16.03886,-2.9832742,-27.915377,-5.719379,-4.3765397,52.54869,-11.734173,-1.778094,-1.3200989,0.55523825,15.665057,-16.410572,21.249855,-16.638733,56.40658,5.414602,-5.3416343,2.4203858,-3.1170917,-13.153117,17.95762,57.57328,-20.791876,-5.8626676,-2.8030405
158,3.1589794158935547,54.282100677490234,77.67528533935547,-0.6671587706460131,2.0869006254793128,88.49850269627753,1.5313058,-1.7632527,18.168623,6.935958,-16.51213,-3.158957,-28.373358,-5.416007,-4.3751545,49.7048,-11.44768,-1.709362,-1.8325778,0.6864357,15.581868,-17.244257,21.612099,-16.748152,55.71377,5.4077086,-5.4787326,2.5259795,-2.6090822,-13.184883,17.5075,57.45087,-20.70412,-5.8234773,-3.0537586
159,3.1356687545776367,54.97288513183594,77.617431640625,-0.6862118385546924,2.158877683746758,88.94564258153848,2.0006144,-1.8264825,17.815994,6.9540176,-16.988125,-3.2728355,-28.741049,-5.1410275,-4.3560324,46.68579,-11.088231,-1.5707526,-2.3425875,0.7908531,15.483583,-18.064045,21.967907,-16.897627,55.03189,5.422686,-5.612003,2.6439185,-2.0790484,-13.2075205,17.016285,57.332413,-20.611126,-5.782589,-3.3291037
160,3.107870578765869,55.66288375854492,77.54174041748047,-0.6773056671969664,2.2313532159064535,89.39019454722107,2.475662,-1.9213837,17.460146,6.9707365,-17.451624,-3.3129601,-28.999407,-4.9211435,-4.3721595,43.50744,-10.685945,-1.3346158,-2.8382792,0.86655414,15.375993,-18.845324,22.308453,-17.046833,54.346,5.467042,-5.7426424,2.7535715,-1.5334411,-13.2219515,16.507778,57.22921,-20.520971,-5.7495656,-3.5906012
161,3.0901973247528076,56.34859085083008,77.4427719116211,-0.6321782473740948,2.3111034471844807,89.8414085142233,2.9406178,-2.0609708,17.08901,6.991894,-17.893427,-3.2259364,-29.140974,-4.7749414,-4.425844,40.10812,-10.215084,-0.96388465,-3.3306046,0.90912515,15.2512245,-19.589558,22.630718,-17.192087,53.65472,5.549667,-5.8751554,2.8548744,-0.96634877,-13.230525,15.966546,57.129208,-20.45105,-5.7238936,-3.836157
162,3.060157060623169,57.056785583496094,77.33745574951172,-0.5519108302043421,2.3965650975051287,90.3073168019264,3.3997831,-2.242695,16.697605,7.013879,-18.319958,-3.0370188,-29.162706,-4.6874447,-4.493483,36.471188,-9.654645,-0.48380974,-3.8243084,0.9217241,15.110295,-20.308107,22.935518,-17.350166,52.96803,5.6659985,-6.007617,2.958154,-0.37459666,-13.234009,15.388834,57.030216,-20.390919,-5.7013397,-4.0833282
163,3.028935670852661,57.776554107666016,77.22473907470703,-0.44742806514932354,2.46563828549897,90.76861394399205,3.8882515,-2.443782,16.307339,7.0345335,-18.74783,-2.8522463,-29.050251,-4.6336,-4.5914307,32.675247,-9.039881,0.04455364,-4.300374,0.9099467,14.971608,-20.991451,23.22006,-17.509953,52.289783,5.804267,-6.131794,3.058713,0.22716111,-13.232682,14.815938,56.963623,-20.30832,-5.6851654,-4.3244267
164,2.9996485710144043,58.51475143432617,77.09628295898438,-0.3305102697547237,2.4965162070060067,91.2076804705169,4.4409103,-2.6416962,15.939422,7.0516114,-19.194584,-2.7770927,-28.790916,-4.5890994,-4.73798,28.800041,-8.40655,0.5608267,-4.744265,0.8790672,14.8538265,-21.628225,23.48073,-17.655954,51.62358,5.955147,-6.2393956,3.1515574,0.8222459,-13.226583,14.291803,56.962337,-20.170477,-5.6787915,-4.5522647
165,2.9813480377197266,59.256954193115234,76.95264434814453,-0.19517974955087275,2.4702935182339183,91.62532461322199,5.08531,-2.837501,15.5958,7.064395,-19.681257,-2.86687,-28.339535,-4.5629025,-4.939823,24.768253,-7.737669,1.079645,-5.158136,0.8205905,14.766494,-22.216558,23.717379,-17.781944,50.97251,6.140581,-6.327203,3.2396443,1.4147798,-13.218646,13.824462,57.028236,-19.956303,-5.6848035,-4.7794056
166,2.9592771530151367,60.00657653808594,76.78934478759766,-0.02134038775919247,2.392046288849226,92.04749981818689,5.8092318,-3.0611076,15.250073,7.073033,-20.194637,-3.053877,-27.680834,-4.586965,-5.193615,20.5129,-6.9937873,1.6282328,-5.5674715,0.71514434,14.704535,-22.7601,23.931656,-17.892317,50.334103,6.360059,-6.399768,3.3230228,2.014166,-13.208706,13.393613,57.143467,-19.686644,-5.7011,-5.0042567
167,2.963601589202881,60.781150817871094,76.6166000366211,0.2051736120296498,2.276001902673402,92.49602879543549,6.5837474,-3.3332162,14.880201,7.0776563,-20.697506,-3.258421,-26.85508,-4.6753345,-5.50398,16.149591,-6.1925783,2.1648161,-5.9922996,0.5478639,14.663245,-23.265625,24.124897,-17.997742,49.713634,6.562926,-6.461067,3.3927455,2.6059024,-13.193841,13.001026,57.317974,-19.390602,-5.72306,-5.200193
168,2.957934617996216,61.553565979003906,76.43093872070312,0.4925481199710761,2.1410342164788427,92.98411028330156,7.3744335,-3.6638951,14.469144,7.079021,-21.152922,-3.4017026,-25.91237,-4.8298006,-5.8759174,11.801692,-5.3495398,2.6440392,-6.4460387,0.31714624,14.632098,-23.73807,24.286894,-18.10013,49.120045,6.7083297,-6.5155115,3.4420588,3.1732588,-13.1711645,12.650192,57.5656,-19.098074,-5.7449284,-5.342123
169,2.9580154418945312,62.3307991027832,76.2388916015625,0.827881482530581,2.001234508346296,93.50590250387408,8.164067,-4.039588,14.013314,7.079219,-21.573296,-3.4891992,-24.714285,-5.016772,-6.320752,7.1016994,-4.3059998,3.0153377,-6.9205046,0.030755933,14.601608,-24.185282,24.424564,-18.207233,48.544594,6.769398,-6.5584273,3.4623694,3.7104907,-13.141247,12.335426,57.88568,-18.824148,-5.7677746,-5.406433
170,2.95868182182312,63.11333084106445,76.04480743408203,1.1928466965233424,1.854336232657811,94.04125906514825,8.960157,-4.431537,13.53277,7.081464,-21.971743,-3.5590696,-25.560501,-5.4767704,-6.630239,6.9162483,-5.6411552,3.3115125,-7.3969393,-0.29442528,14.572304,-24.597351,24.545053,-18.312906,47.977955,6.773082,-6.589386,3.4598937,4.2242785,-13.103187,12.054417,58.2721,-18.553001,-5.7934365,-5.411844
171,2.9726295471191406,63.8984260559082,75.85603332519531,1.5550515307462491,1.7079798725144988,94.56104188299686,9.756116,-4.803714,13.066246,7.083052,-22.311203,-3.584728,-26.332808,-5.940096,-6.996633,6.807545,-6.9165945,3.6003692,-7.8496714,-0.62373513,14.544268,-24.957329,24.64933,-18.408785,47.424053,6.7459106,-6.6185746,3.449883,4.709894,-13.053096,11.815486,58.732227,-18.265287,-5.8182154,-5.396714
172,2.993807792663574,64.6832504272461,75.680908203125,1.8894240559518376,1.5661683080432773,95.03878147869987,10.546372,-5.1256733,12.651588,7.0908966,-22.561926,-3.5388527,-26.968084,-6.357254,-7.4420924,6.720276,-8.010812,3.9508035,-8.268003,-0.91258186,14.516033,-25.24405,24.709307,-18.462357,46.90089,6.7335563,-6.6580267,3.450307,5.1613803,-13.006198,11.64402,59.27596,-17.931696,-5.8369827,-5.4004955
173,3.022348165512085,65.48199462890625,75.51553344726562,2.240708711358377,1.4307973427656135,95.49897326501376,11.329401,-5.454379,12.279428,7.089878,-22.712645,-3.3833456,-27.497988,-6.7887635,-8.0216675,6.6904626,-8.932579,4.4578037,-8.648877,-1.2200794,14.491752,-25.484863,24.751608,-18.509745,46.401516,6.703344,-6.7083077,3.4574375,5.593624,-12.945588,11.506573,59.887978,-17.552588,-5.8549705,-5.4408665
174,3.0436978340148926,66.28251647949219,75.35991668701172,2.5619352767731707,1.3160044514153577,95.912290835865,12.092282,-5.7304244,11.972773,7.091771,-22.789711,-3.156396,-27.921164,-7.167047,-8.7143755,6.657735,-9.698614,5.0437083,-8.956346,-1.5118723,14.466265,-25.693975,24.784838,-18.568117,45.93025,6.644687,-6.7630916,3.46966,5.9871497,-12.839929,11.392657,60.589695,-17.153513,-5.8717613,-5.5037403
175,3.07503604888916,67.09910583496094,75.22886657714844,2.828315741922558,1.219040678517611,96.2372887760764,12.8462,-5.934176,11.747813,7.0950537,-22.784683,-2.9073722,-28.228188,-7.4451456,-9.379714,6.6766047,-10.32513,5.5574265,-9.198899,-1.7328901,14.433202,-25.796347,24.785816,-18.571663,45.466587,6.6095705,-6.8237734,3.4899755,6.3387885,-12.750181,11.353634,61.370735,-16.722977,-5.8799696,-5.5454903
176,3.1043035984039307,67.91851043701172,75.12125396728516,3.033519826193999,1.1184023010472595,96.45540422446773,13.620502,-6.0710015,11.595347,7.0943227,-22.685177,-2.677782,-28.334469,-7.5918846,-9.892461,6.6887527,-10.767771,5.855573,-9.348223,-1.8772928,14.41169,-25.775948,24.766249,-18.543625,45.00437,6.609279,-6.888774,3.5173295,6.68406,-12.677846,11.364306,62.18924,-16.282194,-5.8757358,-5.5147514
177,3.136549949645996,68.74342346191406,75.03440856933594,3.1857417073434435,0.9945480096984102,96.54275200429244,14.438181,-6.153608,11.530223,7.0908585,-22.49684,-2.4451761,-28.185263,-7.5901933,-10.2512455,6.699345,-11.034139,5.9066715,-9.399406,-1.978455,14.388326,-25.635895,24.707596,-18.465446,44.596416,6.717885,-6.956084,3.5679088,6.9551353,-12.560082,11.433045,63.169132,-15.862666,-5.846048,-5.4540625
178,3.1692702770233154,69.58405303955078,74.96957397460938,3.299625810810387,0.8530799799985488,96.52702821839449,15.287999,-6.1968575,11.541682,7.083454,-22.219952,-2.1936264,-27.811897,-7.461399,-10.515518,6.7071743,-11.128226,5.7923713,-9.365156,-2.0392768,14.375849,-25.409817,24.606077,-18.352541,44.243168,6.8880506,-7.030497,3.6332686,7.174584,-12.421343,11.552099,64.26433,-15.43586,-5.8010683,-5.3566484
179,3.1886894702911377,70.43907928466797,74.9176254272461,3.357999709842042,0.7330235208997571,96.43923821444294,16.127934,-6.176808,11.613446,7.0731406,-21.847157,-1.9841242,-27.31712,-7.195433,-10.63797,6.710018,-11.029509,5.5313215,-9.258169,-2.0367167,14.334478,-25.099789,24.457056,-18.225834,43.950832,7.073904,-7.109694,3.702378,7.370391,-12.270965,11.754815,65.424736,-14.990475,-5.742037,-5.218937
180,3.202874183654785,71.32886505126953,74.87625122070312,3.3445510069841875,0.6736643239473372,96.31122185867024,16.914381,-6.0704093,11.7286005,7.056678,-21.36604,-1.8760707,-26.804586,-6.7912774,-10.571203,6.708574,-10.719475,5.142745,-9.103391,-1.9489694,14.225915,-24.70114,24.276896,-18.101961,43.717506,7.210474,-7.196148,3.757289,7.5494733,-12.129756,12.082447,66.62073,-14.508426,-5.6812673,-5.026829
181,3.2143898010253906,72.2457504272461,74.85511016845703,3.207508548851729,0.6983096927543764,96.0742049575993,17.638504,-5.8187437,11.964648,7.0386386,-20.808975,-1.8946707,-26.263426,-6.1516643,-10.22581,6.7441297,-10.197528,4.595499,-8.837074,-1.720206,14.05952,-24.165928,24.102112,-17.966457,43.470375,7.257534,-7.2932143,3.7837992,7.7091255,-12.022936,12.5531,67.84298,-13.945289,-5.610409,-4.7585573
182,3.252699851989746,73.1578140258789,74.88009643554688,2.9988194348502613,0.7698458899619474,95.74963076607065,18.332087,-5.486101,12.289496,7.018025,-20.16696,-1.9927484,-25.636145,-5.3602457,-9.636402,6.798122,-9.467758,3.9047084,-8.532997,-1.4060911,13.768783,-23.591991,23.743908,-17.751253,43.465797,7.3783345,-7.407279,3.8199978,7.7415347,-11.858384,13.264677,69.30838,-13.289193,-5.5103583,-4.506627
183,3.301112651824951,74.08634185791016,74.92781829833984,2.7595370560422716,0.8806998307397123,95.42553072109449,18.985905,-5.1046357,12.616548,6.9893036,-19.387053,-2.161138,-25.041111,-4.5322556,-8.9470215,6.8883843,-8.574373,3.12383,-8.17678,-1.0403278,13.448192,-22.950607,23.388723,-17.604631,43.47541,7.439031,-7.520803,3.8498735,7.827824,-11.733399,13.980626,70.69295,-12.679072,-5.421827,-4.1738963
184,3.373572587966919,75.03319549560547,75.01008605957031,2.4866733743755893,1.008924879288662,95.13997337792817,19.56334,-4.6529403,12.918392,7.052187,-18.478773,-2.3994832,-24.533972,-3.6956124,-8.30063,6.929336,-7.5168834,2.2884507,-7.84046,-0.63835317,13.10533,-22.24909,23.035118,-17.504374,43.53827,7.4854474,-7.627885,3.8898847,7.9276524,-11.612731,14.722697,72.0024,-12.191431,-5.3565927,-3.794026
185,3.4536473751068115,75.97843170166016,75.1225357055664,2.1316519147391317,1.1985256702277376,94.92990258491697,20.042133,-4.0759926,13.1628065,7.158285,-17.434195,-2.734469,-24.23166,-2.8041627,-7.6990323,6.935772,-6.183448,1.2481157,-7.5535374,-0.15483248,12.699934,-21.489464,22.686213,-17.475718,43.662006,7.5163693,-7.738083,3.9522214,8.024344,-11.476684,15.533823,73.268745,-11.835873,-5.3245783,-3.3451374
186,3.53084659576416,76.94133758544922,75.24778747558594,1.6893416157529617,1.4498579247489767,94.77173783508125,20.43341,-3.3703077,13.373431,7.289297,-16.254768,-3.158491,-24.058525,-1.839721,-7.126806,6.917397,-4.6031213,0.026392376,-7.29823,0.41409892,12.227336,-20.667759,22.33977,-17.506485,43.85016,7.52378,-7.851022,4.025983,8.1019125,-11.3201475,16.423769,74.53054,-11.570797,-5.3169293,-2.8364375
187,3.614924430847168,77.94021606445312,75.36808776855469,1.2331405287789696,1.6962624031682048,94.67904258364817,20.696686,-2.601369,13.535404,7.6554346,-14.988001,-3.615566,-23.863205,-0.93526,-6.7217226,6.8962827,-3.0483642,-1.081478,-7.0874023,0.9832854,11.738946,-19.804045,21.992607,-17.573517,44.11521,7.5252748,-7.9423904,4.0904474,8.183059,-11.14354,17.289106,75.730156,-11.410819,-5.3185205,-2.3217313
188,3.690047264099121,78.94989013671875,75.47605895996094,0.826993546058866,1.8690132421393568,94.66983358354172,19.69693,-1.54244,13.654321,10.857448,-14.941926,-4.0598345,-23.945272,-0.26899725,-6.593551,7.8488984,-2.2942894,-1.7831117,-6.934792,1.4819311,11.29135,-18.920868,21.639397,-17.655169,44.47066,7.5371704,-7.9879475,4.1260543,8.295595,-10.9508705,18.02197,76.81255,-11.372326,-5.319168,-1.8557884
189,3.7734172344207764,79.96672058105469,75.57829284667969,0.48596484050779737,1.9561520073826206,94.78768722974856,18.754988,-0.5341218,13.601692,14.059959,-14.615055,-4.4842505,-23.883923,0.119631,-6.8641047,8.993375,-1.9947271,-1.8934233,-6.8782077,1.8985544,10.875893,-18.008165,21.273708,-17.761353,44.928772,7.549352,-7.979743,4.1361485,8.478253,-10.740292,18.590017,77.76506,-11.511966,-5.3237534,-1.4398936
190,3.86126708984375,80.96892547607422,75.6769027709961,0.15826301288651812,2.003453303018701,95.01193861515341,17.793602,0.48632666,13.405249,17.329098,-14.069819,-4.913433,-23.57392,0.34197426,-7.4321146,9.901332,-1.7770296,-1.6230237,-6.8948817,2.2924466,10.462711,-17.067152,20.8919,-17.904476,45.488274,7.5590487,-7.931078,4.1305165,8.711706,-10.511254,19.044775,78.61716,-11.806603,-5.338937,-1.0499076
191,3.9503135681152344,81.97187042236328,75.77365112304688,-0.17623612007809258,2.0198000498358692,95.26047736042706,16.780409,1.5334594,13.167256,20.66879,-13.30833,-5.314264,-23.145159,0.51964825,-8.069113,10.711491,-1.6615065,-1.261676,-6.908734,2.683358,10.082323,-16.131945,20.495558,-18.060667,46.135735,7.5931277,-7.849421,4.098643,8.939581,-10.274943,19.409052,79.3711,-12.149291,-5.353545,-0.70206505
192,4.032524108886719,82.96495819091797,75.86824035644531,-0.5323693807767721,2.010582220204597,95.4580695187098,15.684425,2.6237588,12.982074,24.09546,-12.335797,-5.65457,-22.705225,0.7843348,-8.559339,11.513114,-1.6568705,-1.0844654,-6.8540125,3.0888016,9.768469,-15.231333,20.088352,-18.200966,46.849987,7.6760054,-7.7426286,4.028583,9.108948,-10.047302,19.706745,80.02036,-12.432529,-5.3546634,-0.40984094
193,4.1124162673950195,83.93290710449219,75.96463775634766,-0.9015866621496161,1.9665999718499494,95.58694449245957,14.495169,3.7513182,12.87425,27.656574,-11.085324,-5.923516,-22.262138,1.1772822,-8.838944,12.304784,-1.7764813,-1.1193752,-6.722577,3.5030231,9.537726,-14.356754,19.668882,-18.303465,47.632053,7.827014,-7.6116753,3.9064312,9.220321,-9.83523,19.924913,80.54524,-12.667802,-5.3331714,-0.18659009
194,4.201089382171631,84.89099884033203,76.05538177490234,-1.2616318442021326,1.8817323471767682,95.67854474775704,13.253364,4.8829775,12.798123,31.298391,-9.563462,-6.142236,-21.772509,1.6319118,-9.01101,13.057226,-2.0177956,-1.2160327,-6.54273,3.9041731,9.374861,-13.489405,19.236025,-18.379587,48.479813,8.030365,-7.453482,3.7408147,9.300222,-9.638658,20.061543,80.94483,-12.895086,-5.295996,-0.01954703
195,4.2786946296691895,85.81800842285156,76.14447784423828,-1.60974186113473,1.76480944877694,95.73683389553887,11.989307,6.0055428,12.738828,34.924095,-7.894217,-6.320586,-21.245943,2.1243227,-9.117921,13.774647,-2.3540816,-1.3787057,-6.311529,4.2857304,9.267286,-12.64347,18.798449,-18.450588,49.367035,8.252005,-7.270174,3.5533156,9.336151,-9.462415,20.150707,81.238815,-13.0580845,-5.2543826,0.11760535
196,4.371991157531738,86.73511505126953,76.2311019897461,-1.9452773525492335,1.6249579798394689,95.766111650448,10.728026,7.1144624,12.68271,38.44759,-6.210954,-6.4584107,-20.688997,2.6233222,-9.20125,14.460744,-2.7640147,-1.6154939,-6.028899,4.64164,9.204679,-11.827443,18.371244,-18.533735,50.26053,8.455985,-7.0631723,3.3645592,9.311239,-9.31429,20.228495,81.455345,-13.100622,-5.226438,0.25062576
197,4.459018707275391,87.63717651367188,76.31253051757812,-2.2711304803683476,1.4462402261460803,95.74434727490694,9.44668,8.221371,12.606237,41.946587,-4.374533,-6.5500994,-20.10845,3.1420865,-9.238511,15.160423,-3.2804842,-1.9617653,-5.6824193,4.969738,9.208819,-11.02463,17.962988,-18.606318,51.14304,8.641443,-6.8180985,3.1739264,9.229571,-9.197292,20.287157,81.55701,-12.97154,-5.1941514,0.41143352
198,4.5472869873046875,88.50907135009766,76.37556457519531,-2.5818460077171466,1.227847744403058,95.67546230455024,8.130629,9.33082,12.528092,45.462254,-2.3834176,-6.5849247,-19.499115,3.691801,-9.212813,15.857374,-3.9009235,-2.401769,-5.2799673,5.2681623,9.28097,-10.224994,17.57523,-18.660378,52.020107,8.822355,-6.5390916,2.9703534,9.095333,-9.111308,20.31867,81.5386,-12.711616,-5.153573,0.5795986
199,4.632141590118408,89.36485290527344,76.4299545288086,-2.871076355777093,1.0026230242042542,95.60226504519126,6.8041916,10.451975,12.50104,48.889816,-0.5987195,-6.538213,-18.856325,4.2344313,-9.17525,16.481647,-4.5526366,-2.8702683,-4.853186,5.537727,9.380124,-9.443496,17.213257,-18.732546,52.89166,8.984758,-6.2552447,2.7586687,8.9041195,-9.055844,20.366182,81.45217,-12.399796,-5.1317153,0.7076012
200,4.728001594543457,90.22341918945312,76.47842407226562,-3.1360508709085155,0.8040183043459399,95.56680219945328,5.488962,11.609332,12.579957,52.140682,0.604814,-6.3756747,-18.176262,4.7328296,-9.180198,16.964373,-5.16411,-3.3023078,-4.4338756,5.7791495,9.463518,-8.692779,16.8848,-18.859581,53.758064,9.114328,-5.9951396,2.5434897,8.662045,-9.030813,20.476357,81.3211,-12.114094,-5.1360455,0.75210226
201,4.818973064422607,91.04874420166016,76.51470947265625,-3.3879507160163014,0.6398782069009845,95.58798028094924,4.1877117,12.874881,12.808333,55.273186,1.0509927,-6.1032386,-17.45951,5.1872144,-9.265417,17.293432,-5.7360044,-3.7124906,-4.029909,6.0000243,9.528259,-7.988391,16.59806,-19.06006,54.62707,9.207757,-5.757374,2.3109322,8.368495,-9.035226,20.678806,81.14547,-11.828487,-5.1847973,0.70293075
202,4.906829833984375,91.87279510498047,76.56317138671875,-3.625129960404062,0.49261058609627856,95.63841846094043,2.8862462,14.247855,13.145489,58.3435,0.9373149,-5.7103333,-16.709307,5.614881,-9.391812,17.508747,-6.303188,-4.125846,-3.6240883,6.194635,9.595902,-7.313091,16.355152,-19.308435,55.489388,9.271228,-5.529299,2.062494,8.022248,-9.066816,20.947199,80.909744,-11.516758,-5.266273,0.58475935
203,4.988799095153809,92.67788696289062,76.6135482788086,-3.826600505003518,0.3583125080480854,95.68852814099239,1.5832067,15.631797,13.526586,61.250683,0.44529,-5.150324,-15.917833,6.005135,-9.500815,17.60178,-6.837767,-4.4931135,-3.2074397,6.344145,9.659863,-6.6373754,16.153372,-19.580772,56.32633,9.300659,-5.322353,1.8265483,7.626359,-9.123721,21.244072,80.62365,-11.255193,-5.350728,0.4048131
204,5.072216510772705,93.4794692993164,76.66853332519531,-3.970496698969393,0.23351791900529537,95.70958598378661,0.2723236,16.908058,13.890135,63.886444,-0.2286164,-4.395033,-15.086355,6.345316,-9.535923,17.583483,-7.32252,-4.7659698,-2.7704914,6.429915,9.712315,-5.9357843,15.987103,-19.856754,57.123493,9.29131,-5.1479874,1.6321641,7.1826744,-9.206143,21.529375,80.29927,-11.1205635,-5.407795,0.1689115
205,5.142670631408691,94.28954315185547,76.74436950683594,-4.047766968463531,0.117840940829144,95.70162309555654,-1.056275,18.043068,14.243418,66.24977,-1.1810071,-3.391793,-14.20464,6.624001,-9.492403,17.438812,-7.753072,-4.915612,-2.3079212,6.4452724,9.750379,-5.218689,15.856138,-20.164625,57.88812,9.233248,-5.018898,1.4870992,6.6852922,-9.31673,21.81374,79.93681,-11.141639,-5.4248548,-0.13629486
206,5.211146354675293,95.08143615722656,76.82191467285156,-4.068512740822565,0.014769487527420319,95.67810287972871,-2.4015715,19.065067,14.60417,68.39008,-2.4722414,-2.2079024,-13.283201,6.845981,-9.402066,17.18203,-8.146434,-4.9767656,-1.8245522,6.3981476,9.776921,-4.500469,15.760474,-20.508476,58.630486,9.131596,-4.925381,1.3764554,6.1358867,-9.4563055,22.11111,79.530754,-11.2730055,-5.4185886,-0.5094559
207,5.280054092407227,95.85712432861328,76.90745544433594,-4.040352720058835,-0.07346633998228684,95.63156561028016,-3.7526004,19.947592,14.946004,70.262665,-3.8377295,-0.98916066,-12.3490095,7.0223613,-9.264862,16.857412,-8.512646,-4.9948754,-1.3273236,6.2961993,9.793399,-3.760623,15.6911,-20.831345,59.340538,9.004655,-4.8451395,1.2953326,5.5512595,-9.620023,22.382954,79.08069,-11.485496,-5.402141,-0.9219675
208,5.334535598754883,96.64240264892578,77.00629425048828,-3.972803886118529,-0.14538693793276758,95.5535732017694,-5.0970316,20.679829,15.257945,71.82334,-5.007205,0.13459833,-11.428023,7.1639333,-9.078999,16.509161,-8.860121,-5.0121713,-0.8215513,6.148856,9.800358,-2.9780254,15.634183,-21.07399,60.01198,8.875756,-4.756312,1.2401984,4.9446096,-9.802137,22.594122,78.59377,-11.745905,-5.3892,-1.3471437
209,5.391664981842041,97.4163589477539,77.11128234863281,-3.8593680055384487,-0.19737562388208757,95.43969801305481,-6.43864,21.262133,15.577578,73.05878,-5.8879337,1.1622318,-10.530429,7.25917,-8.835072,16.149813,-9.192365,-5.022314,-0.3047971,5.94967,9.792639,-2.1477122,15.581887,-21.23363,60.647194,8.746598,-4.6563067,1.2282443,4.306718,-10.002503,22.75263,78.0867,-12.068861,-5.3829894,-1.8143923
210,5.446155548095703,98.19083404541016,77.22110748291016,-3.6988236346854064,-0.2308576864362707,95.29545300551156,-7.780519,21.693201,15.918349,73.99174,-6.621403,2.1471193,-9.644513,7.3014097,-8.539269,15.764492,-9.508149,-5.005348,0.22416218,5.699249,9.770771,-1.2849073,15.533333,-21.337978,61.25859,8.609986,-4.5562572,1.2573843,3.6323636,-10.223318,22.874304,77.55831,-12.462329,-5.3743706,-2.3275588
211,5.483728885650635,98.98603820800781,77.33549499511719,-3.5100539579897467,-0.2520665185316168,95.12705204165196,-9.108704,21.970121,16.239712,74.63263,-7.284316,3.0503678,-8.7521105,7.310601,-8.210255,15.329555,-9.800231,-4.980894,0.7586418,5.4184647,9.7428465,-0.3989266,15.485457,-21.376253,61.856285,8.471548,-4.4544477,1.2961227,2.941001,-10.463377,22.92967,76.9891,-12.8904085,-5.3589034,-2.8213627
212,5.533530235290527,99.72830200195312,77.43575286865234,-3.311169963277398,-0.2674943683367913,94.94049092146611,-10.414523,22.090069,16.49407,74.994484,-7.952773,3.829869,-7.849229,7.3072886,-7.868391,14.8512535,-10.067194,-4.968614,1.2928629,5.130172,9.715807,0.5000197,15.43371,-21.336609,62.45119,8.338079,-4.349081,1.3132119,2.2500176,-10.719694,22.893742,76.36242,-13.311989,-5.333977,-3.2310066
213,5.581940174102783,100.48607635498047,77.5401382446289,-3.103159990350222,-0.2729569309734103,94.73727973216009,-11.707401,22.032675,16.678127,75.06185,-8.643632,4.4821405,-6.9369645,7.290248,-7.5171657,14.322407,-10.306207,-4.979848,1.8265641,4.8302135,9.683874,1.4166757,15.373532,-21.207247,63.046043,8.2129545,-4.2395945,1.297845,1.5551493,-10.99251,22.761385,75.677734,-13.736752,-5.2934055,-3.5409656
214,5.620199203491211,101.2522201538086,77.64603424072266,-2.876903755406353,-0.26693517751472207,94.5148857102882,-12.987743,21.802837,16.819973,74.83179,-9.307981,5.0208435,-6.0200276,7.250235,-7.148553,13.74781,-10.520178,-4.997397,2.3613942,4.5123124,9.645782,2.3531535,15.303076,-20.99648,63.638496,8.092366,-4.1278167,1.2684177,0.8459481,-11.283347,22.547419,74.95179,-14.179931,-5.2442904,-3.785855
215,5.646873950958252,102.00940704345703,77.74208068847656,-2.6440286106339044,-0.2592644516175566,94.27465018229842,-14.228975,21.431255,16.918133,74.3255,-9.917794,5.4326067,-5.083836,7.194739,-6.763281,13.122844,-10.709031,-5.001343,2.8935616,4.1912675,9.612361,3.2986813,15.222863,-20.721458,64.229,7.974048,-4.0132155,1.2378031,0.1340069,-11.592077,22.257315,74.181244,-14.608741,-5.194489,-3.974822
216,5.662705421447754,102.76580810546875,77.8302993774414,-2.414436663764109,-0.2598484751668606,94.01743780346948,-15.403782,20.952051,16.969995,73.564285,-10.44685,5.706354,-4.113562,7.1320615,-6.3617263,12.445557,-10.874134,-4.975886,3.4205976,3.8818665,9.594598,4.2412705,15.134986,-20.401472,64.817825,7.8544407,-3.8954756,1.2184671,-0.5701027,-11.917111,21.893482,73.3657,-14.991891,-5.1546774,-4.117727
217,5.6875433921813965,103.55253601074219,77.9192123413086,-2.188837500356801,-0.2758469052169629,93.73977624700697,-16.508781,20.343687,16.951324,72.540695,-10.899618,5.827198,-3.089397,7.0646176,-5.9332485,11.697669,-11.011211,-4.937542,3.9445624,3.58321,9.599078,5.1860466,15.039839,-20.032381,65.41091,7.7353144,-3.7759106,1.2170298,-1.2626796,-12.256026,21.424717,72.49718,-15.313209,-5.122714,-4.2006674
218,5.695682525634766,104.28377532958984,77.99040985107422,-1.9637540185033175,-0.30134462840763593,93.44194347490634,-17.551237,19.609253,16.870659,71.24474,-11.2852335,5.810794,-2.0283375,6.9906125,-5.482871,10.899383,-11.125789,-4.8925223,4.4674,3.291504,9.61866,6.138666,14.935817,-19.607473,66.00342,7.617515,-3.6540687,1.2252513,-1.9527789,-12.6088705,20.858797,71.58154,-15.593476,-5.0955,-4.223954
219,5.722211837768555,105.0389404296875,78.052001953125,-1.7482716740237916,-0.32591922158095016,93.13057365218667,-18.522383,18.816957,16.77423,69.696915,-11.586221,5.692105,-0.950788,6.9120736,-5.0305047,10.062471,-11.223191,-4.813289,4.9854193,3.014884,9.643958,7.0848923,14.823723,-19.144411,66.583275,7.4924283,-3.527594,1.2336956,-2.6500294,-12.978292,20.263256,70.6387,-15.850615,-5.0821686,-4.2192135
220,5.732872486114502,105.79922485351562,78.10365295410156,-1.5475347012739689,-0.33875248307273964,92.8119512930008,-19.415703,18.028904,16.709785,67.91695,-11.785683,5.503606,0.12081471,6.828815,-4.5957527,9.20244,-11.310045,-4.6712947,5.4945,2.7594733,9.665756,8.013244,14.7052765,-18.658028,67.13527,7.3544645,-3.3943553,1.2321343,-3.3592706,-13.36631,19.706953,69.68354,-16.101137,-5.091709,-4.2172446
221,5.736698627471924,106.54182434082031,78.1378402709961,-1.3457886215756656,-0.3348967337546398,92.48951507437086,-20.234837,17.227024,16.68224,65.88327,-11.870257,5.2277904,1.2023386,6.718678,-4.1861897,8.272703,-11.375038,-4.399735,5.9899306,2.5087578,9.683407,8.920833,14.581772,-18.13774,67.65884,7.196846,-3.2460744,1.2134521,-4.081334,-13.775364,19.198349,68.703964,-16.34681,-5.131027,-4.207225
222,5.737305641174316,107.291748046875,78.15801239013672,-1.1421953260290185,-0.3202540731370887,92.15767164870873,-20.975613,16.389784,16.669353,63.586174,-11.851959,4.858994,2.3013568,6.5861683,-3.7891557,7.276164,-11.419821,-4.0383177,6.4750257,2.2621226,9.700704,9.818899,14.452237,-17.576727,68.15417,7.0268855,-3.0844193,1.1836187,-4.812215,-14.2056,18.707026,67.69372,-16.57877,-5.1932974,-4.1783514
223,5.736258029937744,108.04354858398438,78.15983581542969,-0.9675190510987747,-0.3002479805583711,91.81024867812157,-21.62444,15.571121,16.676586,61.062782,-11.74925,4.445144,3.0288744,6.4482946,-3.4326894,7.049545,-11.859473,-3.7117631,6.956484,2.0497901,9.715577,10.705949,14.315968,-17.00398,68.62553,6.850966,-2.9297261,1.1539048,-5.551775,-14.653977,18.243025,66.681755,-16.79769,-5.2698693,-4.163245
224,5.741505146026611,108.79768371582031,78.1347427368164,-0.8261859767591535,-0.28205226437553416,91.43946229860595,-22.175028,14.808784,16.721266,58.372414,-11.593138,4.035522,3.654639,6.349844,-3.0635605,7.0411253,-12.374025,-3.5466619,7.4427238,1.8783482,9.729182,11.581912,14.171977,-16.445572,69.07509,6.679179,-2.8010552,1.1354496,-6.2977424,-15.114655,17.814901,65.69169,-17.005575,-5.347927,-4.1938825
225,5.749791145324707,109.54661560058594,78.09114837646484,-0.7524829538507055,-0.27311006687658507,91.04096618329442,-22.618166,14.152302,16.788887,55.492878,-11.375079,3.671042,4.268544,6.3386073,-2.6635273,7.070466,-12.84461,-3.6088839,7.936471,1.7827069,9.742865,12.44851,14.020104,-15.901465,69.50415,6.5089407,-2.7094405,1.1353573,-7.056929,-15.587205,17.432558,64.72877,-17.199383,-5.4301577,-4.2929416
226,5.748056411743164,110.30786895751953,78.03095245361328,-0.7382261523502172,-0.26829629989862397,90.62142687409602,-22.96025,13.573035,16.867512,52.400322,-11.081242,3.3170161,4.8829036,6.397877,-2.2445579,7.100804,-13.269922,-3.818371,8.431196,1.753905,9.752767,13.30401,13.860811,-15.3604765,69.91314,6.336989,-2.642805,1.1466476,-7.83025,-16.071808,17.089317,63.784668,-17.380186,-5.5225096,-4.439823
227,5.741860389709473,111.0669937133789,77.95570373535156,-0.7667626707991073,-0.25604053230847057,90.19471671837768,-23.206678,13.020801,16.954315,49.10097,-10.715296,2.9096334,5.490363,6.5000205,-1.8279995,7.131863,-13.681134,-4.0804353,8.916371,1.7708858,9.7460165,14.142302,13.695214,-14.833775,70.30488,6.169219,-2.5853689,1.1596859,-8.607271,-16.562204,16.769728,62.860794,-17.555607,-5.6131935,-4.601877
228,5.735832214355469,111.82733917236328,77.86570739746094,-0.8167308694753601,-0.22465902167630605,89.77306922929215,-23.361107,12.451116,17.046492,45.593792,-10.279423,2.3892584,6.085777,6.616877,-1.4334153,7.1601095,-14.109513,-4.3017335,9.383403,1.809503,9.710299,14.957666,13.525656,-14.331908,70.6819,6.012213,-2.5211847,1.1651113,-9.379306,-17.04948,16.456598,61.961956,-17.734812,-5.690286,-4.747337
229,5.7306227684021,112.59886169433594,77.758544921875,-0.8914923088769008,-0.166345919675289,89.35241833222024,-23.416,11.883952,17.14713,41.819576,-9.774674,1.7547196,6.6523533,6.751195,-1.0619532,7.1984344,-14.569142,-4.4755483,9.836567,1.8640243,9.63613,15.753406,13.356527,-13.858129,71.037224,5.86395,-2.4442916,1.165992,-10.15618,-17.530602,16.146097,61.093445,-17.921955,-5.7502384,-4.865807
230,5.7161102294921875,113.38333892822266,77.64071655273438,-0.9960457690843796,-0.09053009515263254,88.92560152799587,-23.360056,11.341101,17.253832,37.76954,-9.190652,1.042634,7.1836185,6.9141645,-0.70256317,7.276975,-15.058451,-4.645923,10.282213,1.9425031,9.5329685,16.532192,13.189365,-13.405978,71.36986,5.722307,-2.3637443,1.1648561,-10.938425,-18.004799,15.843726,60.252045,-18.113737,-5.799499,-4.975888
231,5.719203472137451,114.15740203857422,77.50975036621094,-1.1247195888535573,-0.01236150949261854,88.49844144502934,-23.186909,10.792395,17.351353,33.502747,-8.506584,0.25657398,7.741583,7.0948887,-0.34930742,7.3078537,-15.526559,-4.796858,10.7143545,2.0429773,9.4172735,17.286526,13.022399,-12.973155,71.693184,5.589873,-2.2858129,1.1531982,-11.714747,-18.469078,15.552646,59.443367,-18.304958,-5.8430777,-5.091402
232,5.722824573516846,114.93973541259766,77.36092376708984,-1.2747365772199475,0.05208879438579103,88.07519474276764,-22.886213,10.217141,17.421665,29.072384,-7.7026787,-0.59601593,8.35273,7.283653,0.0010146267,7.281602,-15.96425,-4.912347,11.128897,2.1682498,9.306093,18.008415,12.851917,-12.556974,72.02213,5.470403,-2.216967,1.1226947,-12.471885,-18.917728,15.273854,58.671856,-18.491793,-5.885898,-5.2260876
233,5.715395927429199,115.74603271484375,77.19817352294922,-1.4634297712593913,0.09561279707823295,87.64106570719505,-22.415552,9.644687,17.426384,24.341707,-6.69353,-1.5662224,8.99834,7.504108,0.35685903,7.2581763,-16.41315,-4.9779744,11.536556,2.3365648,9.199115,18.704124,12.67834,-12.160195,72.36086,5.3695874,-2.1639667,1.0737327,-13.218523,-19.349981,15.030287,57.944622,-18.679089,-5.9265823,-5.39491
234,5.703604698181152,116.55609893798828,77.01626586914062,-1.7142520255747784,0.11427371062810726,87.17776340091501,-21.72931,9.133366,17.380688,19.227045,-5.4812603,-2.6215415,9.670704,7.7843995,0.7340518,7.2550173,-16.879831,-5.010166,11.954134,2.5704117,9.092893,19.381365,12.501508,-11.780041,72.69755,5.28534,-2.1216228,1.010369,-13.961038,-19.767157,14.815272,57.261074,-18.86781,-5.963178,-5.5863714
235,5.692040920257568,117.37171173095703,76.81875610351562,-2.0374994559100745,0.09382003033902864,86.67781995785707,-20.83605,8.722986,17.352547,13.91238,-4.189233,-3.6373231,10.390406,8.135107,1.1514155,7.254026,-17.331474,-5.0409513,12.392963,2.8925915,8.998971,20.03425,12.315291,-11.410064,73.02563,5.206125,-2.0787294,0.93130404,-14.686241,-20.167337,14.586803,56.61969,-19.046658,-5.999624,-5.775082
236,5.681647300720215,118.19508361816406,76.60469055175781,-2.4363434053668467,0.02651076123870512,86.14194120573805,-19.736221,8.410034,17.42782,8.531144,-2.9034898,-4.499111,11.170654,8.553269,1.6212213,7.23874,-17.73567,-5.10054,12.856371,3.3144016,8.924734,20.654432,12.111516,-11.043605,73.340866,5.1213055,-2.0241327,0.83588296,-15.380619,-20.546432,14.300234,56.019634,-19.206398,-6.0398517,-5.936475
237,5.6607346534729,119.02330780029297,76.38138580322266,-2.8904090603940324,-0.07941399801863508,85.57737000739293,-20.171349,8.658241,17.284554,6.7895494,-3.6574607,-5.1454115,12.001284,9.012102,2.1380668,7.2180214,-18.112467,-5.1887183,13.331822,3.818187,8.8631315,21.249311,11.885463,-10.67248,73.64072,5.030758,-1.9596845,0.72191465,-16.055105,-20.903988,13.954479,55.472546,-19.346405,-6.0912967,-6.0625052
238,5.6277079582214355,119.86637115478516,76.1568603515625,-3.3450584328162187,-0.19733458703182807,85.0184957711277,-21.22684,9.116985,17.056194,6.564838,-5.2912703,-5.6136146,12.851552,9.447975,2.662931,7.1995177,-18.473711,-5.2789197,13.7855835,4.338678,8.805239,21.80768,11.63992,-10.298818,73.93782,4.941581,-1.8899555,0.591927,-16.713627,-21.238842,13.565797,54.97527,-19.474009,-6.149702,-6.1703916
239,5.568486213684082,120.73262023925781,75.9526596069336,-3.679652346264582,-0.27664817279430504,84.56021048936468,-22.278635,9.473755,17.022379,6.5836396,-6.966729,-5.990039,13.671983,9.713184,3.0938213,7.193436,-18.80957,-5.33566,14.141152,4.737078,8.758706,22.261822,11.384774,-9.934393,74.26909,4.8486986,-1.8070118,0.45331654,-17.329315,-21.537262,13.111651,54.49834,-19.58575,-6.2016416,-6.2804594
240,5.5088934898376465,121.58849334716797,75.77391815185547,-3.9283862602278146,-0.34529317632167417,84.17395919795298,-23.106943,9.797157,17.416033,6.617619,-8.3723955,-6.460636,14.471265,9.867589,3.461531,7.1890316,-19.052036,-5.3788867,14.433578,5.0515456,8.740993,22.616348,11.12801,-9.593356,74.625046,4.7461405,-1.70267,0.31198668,-17.891424,-21.794746,12.5862,54.041344,-19.678387,-6.233369,-6.399698
241,5.453871250152588,122.44184875488281,75.61344909667969,-4.141573253000818,-0.407310877550442,83.82208687796103,-23.68005,10.140166,18.504898,6.641268,-9.470037,-7.295594,15.253108,9.963456,3.7990134,7.181467,-19.201609,-5.4196362,14.693752,5.280684,8.737151,22.928654,10.9507885,-9.259122,74.95269,4.5977073,-1.5715615,0.14258826,-18.440483,-21.932316,11.979291,53.65661,-19.765629,-6.232359,-6.53489
242,5.3934454917907715,123.30127716064453,75.46703338623047,-4.3318407647891455,-0.4697061272922909,83.5040982690755,-24.01838,10.451271,20.126522,6.6042175,-10.31154,-8.382334,16.032852,10.013335,4.1061172,7.172144,-19.27968,-5.454515,14.921792,5.4967027,8.761776,23.154097,10.76696,-8.938228,75.29929,4.4317536,-1.4223952,-0.034457717,-18.941908,-22.042645,11.287217,53.28822,-19.838827,-6.2122216,-6.6615043
243,5.328537940979004,124.16709899902344,75.34070587158203,-4.485996555433217,-0.5060642004001759,83.2822226887798,-24.160404,10.642643,21.804993,6.4935184,-10.860281,-9.326184,16.788532,10.016358,4.326888,7.1617813,-19.26722,-5.4698105,15.084888,5.713587,8.802427,23.210648,10.50742,-8.649156,75.72755,4.310322,-1.2591676,-0.17995661,-19.314806,-22.17544,10.488331,52.854927,-19.906292,-6.189273,-6.7851324
244,5.264077663421631,125.03511810302734,75.2326431274414,-4.590672291291888,-0.5095489996157678,83.2241949104719,-24.206745,10.6767025,23.029373,6.498632,-11.208928,-9.727662,17.520231,9.974179,4.4022923,7.152511,-19.14967,-5.4541326,15.091705,5.853539,8.804534,23.265398,10.325148,-8.401907,76.08564,4.2045126,-1.0825881,-0.3743934,-19.661728,-22.244118,9.757727,52.526466,-19.87167,-6.178167,-6.984178
245,5.20266056060791,125.90766906738281,75.14039611816406,-4.62781794602412,-0.49122953113769047,83.38500178577246,-24.011642,10.479567,23.704235,6.468491,-11.283025,-9.426111,18.23419,9.878972,4.281427,7.1706967,-18.953804,-5.4277167,14.961864,5.9279895,8.841086,23.100002,10.123569,-8.191051,76.56328,4.201492,-0.9012188,-0.55149776,-19.803062,-22.291006,8.871291,52.077335,-19.826614,-6.173845,-7.2266583
246,5.157773971557617,126.78406524658203,75.05463409423828,-4.6070535371116055,-0.45180293164535285,83.72396120843561,-23.652828,10.112438,24.061403,6.531572,-11.152719,-8.649275,18.899557,9.742251,3.9942346,7.2658944,-18.707296,-5.396127,14.676983,5.93715,8.872645,22.877756,9.961343,-8.015071,77.024574,4.234177,-0.7023173,-0.76173353,-19.896538,-22.28998,7.9728007,51.69138,-19.707605,-6.175397,-7.5274606
247,5.117203712463379,127.67668914794922,74.98529815673828,-4.498086395631749,-0.3869241361207315,84.15354473207064,-23.194984,9.5553465,24.185646,6.5419555,-10.754635,-7.564363,19.53597,9.510281,3.6155164,7.371495,-18.349693,-5.3040967,14.322481,5.843167,8.897547,22.593237,9.8402815,-7.885877,77.45193,4.2729034,-0.49987403,-0.97704494,-19.897575,-22.245665,7.0810604,51.315567,-19.547625,-6.191514,-7.858688
248,5.069070816040039,128.58506774902344,74.9395980834961,-4.287118033662734,-0.27961770253710827,84.5934877903984,-22.804272,8.83856,24.13003,6.5349655,-10.112308,-6.340426,19.97901,9.163142,3.1851802,7.771235,-18.00405,-5.1006346,13.959034,5.637313,8.885426,22.276506,9.752537,-7.822361,77.804016,4.275824,-0.3043814,-1.1778098,-19.79563,-22.17437,6.2657576,50.940983,-19.353243,-6.232111,-8.198972
249,5.007988929748535,129.5090789794922,74.92023468017578,-3.9216202882234787,-0.1280496280692855,85.08241363384215,-22.527761,7.884536,23.7945,6.5721793,-9.193039,-4.814593,19.728945,8.666786,2.59434,9.536518,-18.274067,-4.757405,13.593281,5.2647457,8.857449,21.843224,9.672942,-7.885698,78.15437,4.2065773,-0.105592474,-1.3083321,-19.51586,-22.042294,5.417123,50.495487,-19.166256,-6.301488,-8.565419
250,4.9453911781311035,130.4377899169922,74.93011474609375,-3.4006832676356953,0.07584434896857606,85.6378946984427,-22.280172,6.7001867,23.210001,6.60175,-7.985862,-2.9594457,19.375881,7.9876933,1.9324796,11.408166,-18.488625,-4.303511,13.158151,4.7236986,8.788583,21.37845,9.633449,-8.018443,78.44528,4.0908246,0.09822559,-1.433896,-19.155212,-21.864134,4.655206,50.07443,-18.905348,-6.393175,-8.9760065
251,4.867228031158447,131.37286376953125,74.95543670654297,-2.760796006972309,0.30439079315503376,86.15558263826584,-22.0748,5.449592,22.628548,6.747274,-6.701997,-1.1416953,18.842516,7.1427817,1.2751331,13.601672,-18.697622,-3.752504,12.7502165,4.0504174,8.697022,20.901873,9.629799,-8.163134,78.6436,3.993662,0.28032076,-1.5594832,-18.715841,-21.65169,3.9807603,49.666927,-18.648138,-6.502777,-9.364386
252,4.772882461547852,132.32247924804688,74.98178100585938,-2.14122445883975,0.5123343415299196,86.49530824594036,-21.794039,4.3635244,22.282606,6.8378377,-5.3899617,0.2487332,18.223555,6.2746344,0.7712441,15.948694,-18.715052,-3.1530468,12.479855,3.3962274,8.585168,20.473164,9.640784,-8.2585125,78.69596,3.9772522,0.41472012,-1.691396,-18.23483,-21.422415,3.4345832,49.304966,-18.462803,-6.622528,-9.666429
253,4.678468704223633,133.29486083984375,75.00736999511719,-1.5633406687053553,0.715413801156736,86.60492895391182,-21.466694,3.500299,22.204762,6.883222,-3.9635766,1.0935111,17.528625,5.4073405,0.4565065,18.402918,-18.521347,-2.531472,12.388718,2.7802565,8.42911,20.110077,9.649239,-8.274996,78.57959,4.089738,0.50486416,-1.8352493,-17.701914,-21.178165,3.0338247,48.976135,-18.372997,-6.754752,-9.870225
254,4.595776081085205,134.29478454589844,75.03736877441406,-0.9889969963545173,0.9256836512416332,86.56013237118295,-21.113611,2.758033,22.268576,6.907823,-2.4025738,1.6061192,16.765238,4.5086503,0.28040904,20.94079,-18.139765,-1.8702402,12.409144,2.1678746,8.237859,19.779259,9.649778,-8.246098,78.33094,4.289494,0.5611291,-1.9789243,-17.11325,-20.917532,2.7654898,48.678738,-18.342756,-6.900565,-10.007481
255,4.497910976409912,135.30567932128906,75.0775375366211,-0.4236420100795768,1.0990682523557929,86.43736909937066,-20.680391,2.0869608,22.452028,6.92384,-0.93644226,1.9041772,15.962727,3.594646,0.21565373,23.550465,-17.523634,-1.1369007,12.462262,1.5747313,8.075203,19.455242,9.6467,-8.200839,77.98886,4.502186,0.5685898,-2.1018105,-16.51747,-20.64284,2.620975,48.461605,-18.35563,-7.048402,-10.086341
256,4.404666900634766,136.32115173339844,75.12529754638672,0.12889824918811185,1.189984725105556,86.31046493319903,-20.713152,1.705507,22.710182,8.330932,-0.5261222,2.0930185,15.153508,2.684932,0.23525046,26.222301,-16.628572,-0.28977385,12.474634,1.0162139,8.002217,19.113232,9.64844,-8.170531,77.59086,4.653387,0.5126402,-2.185253,-15.958287,-20.356901,2.586114,48.368576,-18.394987,-7.187119,-10.114002
257,4.295519828796387,137.3321075439453,75.17168426513672,0.6777750231978547,1.1779203441043353,86.16140095878643,-20.50569,1.359993,23.146414,9.634583,-0.4424247,2.0702775,14.3492155,1.783783,0.3671356,28.989832,-15.410277,0.72676873,12.463555,0.48633388,8.033433,18.771395,9.656449,-8.142344,77.11757,4.749577,0.37187108,-2.2425394,-15.425346,-20.060572,2.670649,48.403603,-18.460056,-7.326484,-10.085167
258,4.1971845626831055,138.3357696533203,75.21954345703125,1.2221966758286986,1.0929163834711824,85.97040903656341,-20.08625,1.0615064,23.726051,10.8037195,-0.5466376,1.826667,13.533604,0.9093182,0.61533856,31.847313,-13.91826,1.9029658,12.450393,-0.021158503,8.134561,18.432823,9.669436,-8.10773,76.55939,4.8211355,0.16001862,-2.2784474,-14.899946,-19.755152,2.8743684,48.543835,-18.55834,-7.4684186,-9.998834
259,4.0904693603515625,139.32870483398438,75.26653289794922,1.7396052258666037,0.9611062401829588,85.80400478342729,-19.577301,0.7747038,24.273125,11.937016,-0.846876,1.6237626,12.690072,0.103386715,0.91904414,34.751442,-12.250596,3.1830637,12.378178,-0.4857688,8.292453,18.04869,9.693061,-8.108352,75.969185,4.831764,-0.08547799,-2.2642543,-14.406512,-19.443232,3.1604106,48.7876,-18.683361,-7.5903497,-9.866983
260,3.9864449501037598,140.31069946289062,75.31797790527344,2.1991232061782062,0.8036819720401946,85.72422710228086,-19.080044,0.45412016,24.615627,13.078143,-1.3355318,1.7138246,11.804557,-0.59546936,1.21917,37.655693,-10.499102,4.496377,12.199671,-0.8779466,8.49482,17.568485,9.73708,-8.195787,75.399666,4.7401495,-0.32701206,-2.1732104,-13.961986,-19.127497,3.4850469,49.12823,-18.828278,-7.670476,-9.6995945
261,3.887183666229248,141.26939392089844,75.3740005493164,2.5752680174710374,0.6062440331973025,85.7772525950718,-18.622149,0.064929,24.653782,14.261071,-2.0951557,2.2163339,10.864708,-1.1282479,1.5503992,40.619152,-8.565584,5.861604,11.879075,-1.1715561,8.755236,16.979187,9.807612,-8.393211,74.85158,4.4817505,-0.5682157,-1.9935005,-13.5690565,-18.808342,3.8371587,49.581882,-18.998707,-7.7112756,-9.501393
262,3.786677598953247,142.19918823242188,75.43358612060547,2.8796066883560694,0.3603347742186234,85.91722928843244,-18.151407,-0.36470568,24.488832,15.448654,-3.1012986,2.9634004,9.876936,-1.4960909,1.9379052,43.662045,-6.4572144,7.330185,11.4600315,-1.3817762,9.073755,16.306635,9.903619,-8.680035,74.29886,4.094485,-0.8242793,-1.7458065,-13.208343,-18.486723,4.2303734,50.13917,-19.195036,-7.722573,-9.264517
263,3.678945541381836,143.1089630126953,75.48863220214844,3.1371994893678035,0.09519668903043571,86.06732326744887,-17.625872,-0.7991249,24.255714,16.523584,-4.1719627,3.7767406,8.842142,-1.7850987,2.2991838,46.698044,-4.413748,8.836608,11.013836,-1.5404356,9.418745,15.556331,10.022962,-9.039804,73.76422,3.692039,-1.0816545,-1.4513205,-12.864802,-18.168177,4.658244,50.756123,-19.405113,-7.6938643,-8.979933
264,3.5816636085510254,143.99574279785156,75.53062438964844,3.379176303340764,-0.15798812030007764,86.15271813506426,-17.00045,-1.2095003,24.098473,17.36051,-5.1226077,4.4818788,7.7495527,-2.125221,2.540335,49.655266,-2.6665933,10.2698145,10.611879,-1.6817033,9.758283,14.737034,10.163277,-9.456509,73.25934,3.3900654,-1.3184958,-1.1306392,-12.523178,-17.859718,5.113053,51.38879,-19.613855,-7.6147265,-8.637566
265,3.479435682296753,144.87631225585938,75.57274627685547,3.621038910789579,-0.4011545316051828,86.16795627878597,-16.2703,-1.6115867,24.04935,17.948586,-5.92985,5.0880036,6.593653,-2.6228583,2.5940027,52.56048,-1.1099802,11.710234,10.255386,-1.8148375,10.099282,13.831184,10.323819,-9.966256,72.802986,3.1862972,-1.5343577,-0.764214,-12.193247,-17.566433,5.600476,52.033844,-19.83869,-7.4640656,-8.202999
266,3.385247230529785,145.75164794921875,75.62167358398438,3.853055168477635,-0.6453991193966723,86.15001180556038,-15.455298,-2.0266366,24.037575,18.336592,-6.6771073,5.6697826,5.3584633,-3.2413723,2.518836,55.472534,0.33400166,13.115939,9.912314,-1.9255357,10.453772,12.839212,10.502034,-10.569523,72.38375,3.0295126,-1.7375746,-0.34944558,-11.875324,-17.289387,6.1200204,52.7103,-20.079437,-7.254643,-7.6905246
267,3.3103768825531006,146.59124755859375,75.6739273071289,4.069500714341388,-0.8724203635894323,86.09061851444764,-14.551215,-2.4416144,24.06093,18.492962,-7.3387423,6.154623,4.018776,-3.9328427,2.3847008,58.35313,1.4027412,14.173032,9.597366,-2.0166206,10.7976885,11.794911,10.693226,-11.192962,71.971664,2.9604561,-1.920031,0.070094116,-11.54616,-17.027403,6.657885,53.411728,-20.295525,-7.0261807,-7.1639442
268,3.2280781269073486,147.43873596191406,75.73963165283203,4.265167172673484,-1.063445184363861,85.97685689567403,-13.544485,-2.8398795,24.121435,18.373669,-7.884246,6.469854,2.5715396,-4.639799,2.2526183,61.118332,1.8372188,14.589642,9.32617,-2.0883965,11.106394,10.733195,10.8932495,-11.758471,71.536095,3.0197284,-2.0730202,0.45231313,-11.187672,-16.777868,7.204996,54.134396,-20.446552,-6.8166065,-6.688733
269,3.1415586471557617,148.28294372558594,75.8203125,4.457177653094575,-1.2050983404992375,85.77927232530604,-12.404752,-3.2513647,24.262344,17.895386,-8.287892,6.5893116,0.97662884,-5.409719,2.1226518,63.818108,1.3403703,14.133937,9.119575,-2.157049,11.371633,9.651987,11.102342,-12.259051,71.07034,3.2657719,-2.1758146,0.7959775,-10.811784,-16.543055,7.7857895,54.894268,-20.517246,-6.642452,-6.270343
270,3.0675787925720215,149.12286376953125,75.92039489746094,4.6416610283905735,-1.3087097084916635,85.51365416152026,-11.148174,-3.6826935,24.473665,17.095108,-8.565829,6.562191,-0.7449904,-6.2574344,1.9763066,66.45401,0.11997959,13.019921,8.958851,-2.2139187,11.60591,8.537725,11.321055,-12.724357,70.58913,3.6623437,-2.2370298,1.1221312,-10.430769,-16.323793,8.401753,55.692886,-20.530727,-6.4793067,-5.8794346
271,3.002854824066162,149.9530792236328,76.0417709350586,4.778553339259131,-1.3936143920641058,85.23647068161907,-9.836321,-4.085301,24.68008,16.120739,-8.755254,6.4300604,-2.5072348,-7.060342,1.8320197,68.87311,-1.3236012,11.641934,8.799168,-2.2226841,11.816377,7.407889,11.547315,-13.131817,70.09434,4.107773,-2.2927778,1.422799,-10.029099,-16.112936,9.011161,56.50772,-20.501348,-6.3030424,-5.5298433
272,2.9446280002593994,150.78488159179688,76.17729949951172,4.832505949170452,-1.4800621168109982,85.00377350058622,-8.528106,-4.4109774,24.80926,15.122977,-8.894182,6.2301936,-4.2253513,-7.720143,1.6750385,70.925995,-2.4781222,10.37326,8.594776,-2.1540718,12.01032,6.281359,11.779425,-13.45695,69.58911,4.502921,-2.3804102,1.6909108,-9.591135,-15.899893,9.572628,57.317783,-20.447418,-6.089541,-5.236647
273,2.899125099182129,151.599853515625,76.31909942626953,4.7883864526454865,-1.571714280147264,84.808551390321,-7.2145553,-4.633179,24.86261,14.102806,-8.977818,5.927958,-5.9101806,-8.210052,1.4930526,72.58716,-3.1911495,9.241395,8.347409,-1.9921242,12.187825,5.146692,12.026671,-13.7401285,69.095856,4.8361416,-2.5210407,1.9317138,-9.121971,-15.676231,10.105538,58.132713,-20.397709,-5.8142548,-5.020804
274,2.852595329284668,152.4129638671875,76.46510314941406,4.665499397700581,-1.6590161497538607,84.62910169227594,-5.871294,-4.7753305,24.875767,13.001207,-8.999856,5.5211263,-7.5948105,-8.57952,1.2734389,73.93375,-3.7410326,8.071881,8.076966,-1.7596534,12.34551,4.001031,12.293796,-13.979385,68.60512,5.155171,-2.6914907,2.146677,-8.629037,-15.442681,10.621167,58.962635,-20.337433,-5.495559,-4.8705645
275,2.8121964931488037,153.22996520996094,76.61124420166016,4.485603858233445,-1.7426263301833256,84.49986574073702,-4.5282335,-4.8704433,24.82957,11.865305,-8.983717,5.089998,-9.225123,-8.868716,0.98204136,74.96775,-4.249547,6.9229193,7.763664,-1.485239,12.487204,2.8762856,12.567295,-14.086929,68.07469,5.451576,-2.8640249,2.3234613,-8.094689,-15.199463,11.068362,59.784096,-20.21658,-5.1742787,-4.7514095
276,2.7880589962005615,154.04505920410156,76.7561264038086,4.271089264622087,-1.823083064637068,84.45508992141677,-3.2199724,-4.9455795,24.701963,10.752305,-8.95367,4.7105527,-10.747214,-9.118679,0.5932466,75.69405,-4.839449,5.8571177,7.384896,-1.1966171,12.61497,1.8001012,12.827485,-13.972439,67.472725,5.7188244,-3.0109072,2.4531066,-7.5059743,-14.949737,11.400816,60.579636,-19.985243,-4.8903847,-4.630953
277,2.758376359939575,154.85812377929688,76.89510345458984,4.01322468721909,-1.9026708611582268,84.50988872432023,-1.954418,-4.9886127,24.473772,9.68021,-8.911629,4.3988957,-12.14068,-9.317778,0.08225081,76.089554,-5.555621,4.89217,6.9254017,-0.87931585,12.7267885,0.7738889,13.061953,-13.57396,66.79949,6.0081882,-3.1226351,2.5201712,-6.84617,-14.689757,11.592115,61.348312,-19.630772,-4.643377,-4.522994
278,2.728734016418457,155.6657257080078,77.02507019042969,3.707747864620109,-1.9800055653738973,84.64396584720522,-0.71762633,-4.985075,24.163052,8.62955,-8.846602,4.1093426,-13.431163,-9.449983,-0.53398895,76.160385,-6.32695,4.00849,6.397577,-0.5245575,12.821463,-0.22593966,13.275009,-12.950824,66.08814,6.308784,-3.2153811,2.5382996,-6.1295815,-14.420229,11.67752,62.105663,-19.17923,-4.414852,-4.4402475
279,2.704820394515991,156.45700073242188,77.1399917602539,3.3831030536125732,-2.0499513793586464,84.83742258053407,0.4966269,-4.961718,23.799871,7.5792837,-8.761798,3.827613,-14.634588,-9.546836,-1.214094,75.951775,-7.0963626,3.2130027,5.824304,-0.16270508,12.9029255,-1.2088286,13.472371,-12.198442,65.34987,6.520419,-3.298506,2.539203,-5.3788543,-14.1513,11.696923,62.846527,-18.638214,-4.2187085,-4.3453417
280,2.6898980140686035,157.26986694335938,77.24618530273438,3.069772371912127,-2.1068394788640235,85.07074220169112,1.4082737,-4.8160114,23.436338,7.1723332,-9.009009,3.5362804,-15.768786,-9.641448,-1.9171157,75.51097,-7.808749,2.5087652,5.2290545,0.1769455,12.974697,-2.186705,13.659543,-11.414633,64.60165,6.540888,-3.386209,2.5543985,-4.615074,-13.900516,11.687327,63.561806,-18.015676,-4.068376,-4.1987967
281,2.683094024658203,158.08200073242188,77.34083557128906,2.7638154133143744,-2.1505000035845727,85.35909443206297,2.1586654,-4.623728,23.039371,7.0754137,-9.421003,3.2539165,-16.827244,-9.744709,-2.6640563,74.8322,-8.453445,1.9109479,4.6037908,0.49814638,13.036998,-3.1553636,13.831045,-10.572065,63.824486,6.2925634,-3.461158,2.5798953,-3.8236442,-13.675402,11.6299515,64.23754,-17.257269,-3.9832146,-3.9705505
282,2.6586787700653076,158.86721801757812,77.42130279541016,2.4566014315226927,-2.182453739715453,85.70580328817722,2.8876402,-4.4383135,22.591215,6.9710236,-9.823421,2.9866457,-17.8028,-9.84093,-3.4673357,73.89487,-9.0563545,1.4157314,3.9443707,0.8150491,13.08911,-4.12377,13.984231,-9.643442,63.025272,5.8439136,-3.5230947,2.6020553,-2.992083,-13.474509,11.51033,64.87279,-16.374884,-3.9491208,-3.6837034
283,2.6474685668945312,159.65560913085938,77.48768615722656,2.1588891887292694,-2.2010134374952206,86.07508572650246,3.5975664,-4.254101,22.140453,6.863175,-10.214007,2.7095869,-18.712854,-9.916923,-4.279045,72.72648,-9.618955,0.99430764,3.2814593,1.1230677,13.131835,-5.10742,14.130559,-8.723695,62.23638,5.3168983,-3.604528,2.6350021,-2.1407895,-13.301077,11.370459,65.47403,-15.473125,-3.930215,-3.3769991
284,2.6329243183135986,160.43673706054688,77.51822662353516,1.8720737080039542,-2.2057975947346034,86.43203696865234,4.286066,-4.0546284,21.735659,6.774615,-10.596942,2.398886,-19.58049,-9.953046,-5.055717,71.370575,-10.153205,0.6147811,2.6474178,1.4232059,13.168261,-6.1129017,14.287617,-7.9104414,61.4793,4.8309894,-3.7387416,2.6900878,-1.2887543,-13.1608515,11.249325,66.04455,-14.656892,-3.893234,-3.088815
285,2.639981985092163,161.25245666503906,77.5447769165039,1.6392276643173704,-2.203962210607535,86.7646017286307,4.926334,-3.862704,21.411036,6.7854156,-11.011289,2.01092,-20.405115,-9.970855,-5.7554636,69.80637,-10.659805,0.29064324,2.0528526,1.6692153,13.209063,-7.133466,14.463206,-7.211931,60.755436,4.3605156,-3.954357,2.7624178,-0.4345734,-13.057467,11.146186,66.57165,-13.923157,-3.8311443,-2.7966676
286,2.631377696990967,162.02651977539062,77.54769134521484,1.4335561699329298,-2.191601029061579,87.09383565683159,5.5602207,-3.679056,21.127693,6.7901354,-11.4105425,1.5748769,-21.171879,-9.96101,-6.4238896,68.00688,-11.125024,0.025592081,1.4794226,1.8846155,13.245766,-8.16181,14.653762,-6.584471,60.046627,3.8574913,-4.2277822,2.8441794,0.43195873,-12.988299,11.042291,67.05686,-13.226166,-3.7637904,-2.4885354
287,2.635981559753418,162.80978393554688,77.53888702392578,1.2623541605500106,-2.1583027418479896,87.41910665457941,6.173122,-3.5221255,20.860939,6.7961216,-11.8111315,1.1811439,-21.88663,-9.945552,-7.064197,65.986465,-11.523383,-0.2035238,0.9314179,2.0664911,13.265291,-9.197712,14.861562,-6.046155,59.34023,3.4086442,-4.5141034,2.9423141,1.3066064,-12.946397,10.951519,67.51494,-12.605058,-3.6948488,-2.21862
288,2.638923406600952,163.58950805664062,77.5176010131836,1.128899924664976,-2.094109831688445,87.73944456011785,6.751512,-3.4083207,20.586517,6.8067513,-12.221374,0.9132001,-22.554255,-9.942072,-7.6819305,63.759655,-11.83038,-0.418419,0.41467586,2.2119622,13.255665,-10.239338,15.091691,-5.6157675,58.6208,3.1000397,-4.7685704,3.0644336,2.182559,-12.920885,10.886513,67.96757,-12.099211,-3.633616,-2.0422516
289,2.6533615589141846,164.3841094970703,77.4841537475586,1.0385125260798374,-1.9903961448976026,88.04877263321232,7.279285,-3.3422217,20.30105,6.8213425,-12.632762,0.81809664,-23.190609,-9.95295,-8.289936,61.32375,-12.018897,-0.6459072,-0.061502308,2.3123155,13.209993,-11.290925,15.348066,-5.2988234,57.879715,2.9571078,-4.983298,3.2170076,3.0563316,-12.90613,10.856791,68.41574,-11.747105,-3.5847218,-1.9881072
290,2.6774673461914062,165.1719207763672,77.43238830566406,0.9845091774183384,-1.8553642994586512,88.34918794433133,7.7663,-3.3103876,20.016666,6.838906,-13.0383835,0.8355319,-23.78467,-9.958902,-8.887198,58.670406,-12.109902,-0.86453044,-0.5035109,2.3705242,13.134258,-12.345285,15.62968,-5.084159,57.121433,2.9328146,-5.1805277,3.3949592,3.9266539,-12.900806,10.856016,68.85626,-11.519648,-3.5447955,-2.0231762
291,2.705242872238159,165.9526824951172,77.36608123779297,0.9547817333702281,-1.7034723147301825,88.65209914724903,8.237571,-3.3012416,19.73244,6.8558564,-13.442696,0.8841491,-24.299797,-9.943576,-9.45936,55.7974,-12.1475935,-1.0229228,-0.929184,2.402741,13.0363865,-13.384546,15.934407,-4.965721,56.350533,3.003657,-5.3606167,3.5895286,4.789944,-12.900633,10.871367,69.302376,-11.356033,-3.5103254,-2.110716
292,2.7376937866210938,166.7476348876953,77.2950439453125,0.9381990588621905,-1.5491163136024075,88.96965983438336,8.713478,-3.3019905,19.44828,6.8745413,-13.852954,0.88344306,-24.69827,-9.89305,-9.991006,52.69378,-12.17342,-1.0716801,-1.3566469,2.4246252,12.924893,-14.390605,16.259216,-4.936201,55.57058,3.147472,-5.523571,3.7919905,5.6430073,-12.899067,10.889336,69.7667,-11.195059,-3.4777095,-2.2143612
293,2.77732515335083,167.55474853515625,77.21047973632812,0.9328356386937001,-1.38875311219181,89.30938210844934,9.19173,-3.3151178,19.161673,6.889942,-14.275455,0.81385773,-24.969492,-9.811693,-10.50174,49.307556,-12.210041,-0.9990831,-1.7944874,2.4395733,12.796006,-15.363138,16.60611,-5.009312,54.772808,3.3958433,-5.6631603,4.012306,6.4850125,-12.896684,10.904776,70.250824,-11.058644,-3.444034,-2.3509727
294,2.822094440460205,168.36463928222656,77.11581420898438,0.9444384275458304,-1.2177659199529411,89.66557225491361,9.661798,-3.342603,18.872942,6.905899,-14.706312,0.71348727,-25.123947,-9.700814,-10.9948435,45.634804,-12.217924,-0.8299595,-2.2340758,2.4385898,12.648146,-16.309256,16.973928,-5.1844335,53.954987,3.7462225,-5.780499,4.251145,7.317007,-12.893392,10.925242,70.74834,-10.966871,-3.4119413,-2.5314205
295,2.8618154525756836,169.1798553466797,77.01060485839844,0.9715808516263242,-1.0495494148087137,90.03145101445124,10.140746,-3.3744214,18.585287,6.9219303,-15.13138,0.59066147,-25.161474,-9.549225,-11.427394,41.741642,-12.139151,-0.5745718,-2.6682382,2.41706,12.492581,-17.219889,17.35314,-5.42685,53.129967,4.1331167,-5.88737,4.4866815,8.136409,-12.883089,10.95361,71.262314,-10.858902,-3.3855467,-2.7125342
296,2.895961046218872,170.00216674804688,76.89554595947266,1.0149398149532345,-0.8973699765398878,90.40028977468056,10.646681,-3.4041202,18.301222,6.935921,-15.536108,0.45581296,-25.082254,-9.350579,-11.754269,37.69325,-11.916949,-0.24753973,-3.089483,2.3709493,12.340503,-18.089205,17.732384,-5.7030177,52.31479,4.491058,-5.996377,4.6986737,8.939608,-12.858126,10.993047,71.79821,-10.673593,-3.3691285,-2.852718
297,2.9424824714660645,170.838134765625,76.76956939697266,1.0841906322981376,-0.7652828693428164,90.77915152736354,11.185567,-3.4419866,18.02136,6.946864,-15.927652,0.31075266,-24.858347,-9.10191,-11.941181,33.373714,-11.474921,0.20856805,-3.500959,2.2902806,12.191626,-18.925869,18.1107,-6.0213737,51.509624,4.8121805,-6.1098285,4.884394,9.731603,-12.817334,11.047037,72.36539,-10.374662,-3.3697004,-2.9640105
298,2.996636152267456,171.68771362304688,76.63422393798828,1.1820342301230022,-0.6511066708269395,91.17701379780341,11.752617,-3.4985068,17.736124,6.9547334,-16.30966,0.15306564,-24.464643,-8.824426,-12.018228,28.726395,-10.832025,0.77272475,-3.9126596,2.1710527,12.044311,-19.729565,18.488499,-6.3912644,50.705666,5.1324,-6.2216277,5.0541253,10.513188,-12.761509,11.112317,72.9583,-10.001961,-3.3832436,-3.0621407
299,3.0580508708953857,172.54315185546875,76.49076843261719,1.3082094747287134,-0.5601540887734302,91.59079789214509,12.35116,-3.5729773,17.4309,6.959742,-16.665277,-0.012296816,-23.912699,-8.552901,-12.036675,23.921305,-10.082885,1.315713,-4.3262067,2.0154314,11.907775,-20.491547,18.859718,-6.7900434,49.916893,5.4439178,-6.331972,5.2097206,11.275109,-12.6894045,11.178462,73.56006,-9.610129,-3.3959894,-3.112769
300,3.1241791248321533,173.40599060058594,76.34229278564453,1.457157748988043,-0.49766351053420554,92.01889650865301,12.982587,-3.6629965,17.089123,6.9619703,-16.973896,-0.18090948,-23.224653,-8.318626,-12.054241,19.147423,-9.33398,1.7157829,-4.743698,1.8259801,11.79089,-21.202898,19.21598,-7.193945,49.15926,5.741947,-6.44123,5.353966,12.007857,-12.600035,11.236458,74.155685,-9.251265,-3.393939,-3.082512
301,3.1906962394714355,174.27801513671875,76.18766784667969,1.6421324402007789,-0.46307615934121915,92.47171427973485,13.645556,-3.7766185,16.694242,6.959376,-17.238543,-0.35289133,-22.390036,-8.135692,-12.053493,14.334129,-8.614287,1.8458052,-5.1726236,1.5935211,11.69445,-21.873713,19.55743,-7.613718,48.443806,6.0187936,-6.554828,5.4998617,12.713073,-12.49349,11.269739,74.752365,-8.929039,-3.378023,-2.9527164
302,3.2704901695251465,175.1557159423828,76.03006744384766,1.8841229045788968,-0.4646058237881523,92.96718035506014,14.3464,-3.9387312,16.23384,6.9561687,-17.467365,-0.52498734,-21.345263,-8.013514,-12.033262,9.3160305,-7.8152795,1.8141135,-5.6271687,1.2916744,11.617769,-22.507967,19.88561,-8.056278,47.764336,6.283158,-6.670684,5.6414294,13.403375,-12.368798,11.286435,75.34516,-8.618614,-3.3495622,-2.744306
303,3.3559370040893555,176.04258728027344,75.86872863769531,2.1774515734316258,-0.5080426159391839,93.49164916746703,15.094101,-4.1424637,15.721708,6.949833,-17.643787,-0.69277817,-21.40607,-8.221236,-11.881332,7.0514383,-8.364448,1.8558553,-6.0974617,0.92750025,11.561174,-23.090378,20.194717,-8.495471,47.1112,6.547178,-6.7780695,5.755074,14.074222,-12.22561,11.309026,75.9226,-8.334035,-3.3082752,-2.4860783
304,3.440463066101074,176.94451904296875,75.6986083984375,2.4889260486596374,-0.5878762315917073,94.01124809695035,15.886408,-4.350838,15.195941,6.942465,-17.754906,-0.85838765,-22.219175,-8.624487,-11.706939,6.8827777,-9.766181,2.1873598,-6.554704,0.53776884,11.520441,-23.598421,20.473137,-8.896696,46.467857,6.830077,-6.866778,5.819016,14.715072,-12.067002,11.362678,76.47488,-8.086327,-3.2525446,-2.20678
305,3.5368599891662598,177.84927368164062,75.52799987792969,2.8132590355715354,-0.7001312687470146,94.52000555020781,16.72454,-4.5490494,14.67211,6.9375296,-17.817122,-1.0187608,-22.870033,-9.035418,-11.742469,6.8342385,-11.0255575,3.0310853,-6.9878426,0.13356906,11.491129,-24.032476,20.713507,-9.2526245,45.830456,7.16854,-6.927752,5.8208575,15.33356,-11.897597,11.434251,76.99928,-7.8849826,-3.1807814,-1.8959798
306,3.6436009407043457,178.77259826660156,75.3653335571289,3.1284657758129857,-0.839386231366436,95.01090761776648,17.598583,-4.7119045,14.155172,6.933462,-17.829082,-1.1804166,-23.36762,-9.431081,-11.928992,6.85335,-12.155214,4.209655,-7.389308,-0.26146278,11.475768,-24.399021,20.914537,-9.5736475,45.204433,7.5480647,-6.9697356,5.777152,15.928605,-11.720832,11.515053,77.501724,-7.720616,-3.0944722,-1.5442166
307,3.7433266639709473,179.70620727539062,75.2064208984375,3.3828972883320185,-0.9748593463464182,95.4284184683218,18.47326,-4.7892637,13.691842,6.9287653,-17.761024,-1.3681408,-23.701658,-9.69298,-12.068101,6.8855257,-12.97779,5.313826,-7.7194853,-0.57719,11.465422,-24.683672,21.058617,-9.843991,44.586815,7.9102063,-7.0105724,5.7136436,16.479412,-11.561008,11.627106,77.97478,-7.5807786,-2.9959378,-1.1777542
308,3.8412344455718994,180.6458282470703,75.0759506225586,3.4803414183560024,-1.0738042580779423,95.6944078847705,19.31914,-4.682222,13.362361,6.9232316,-17.589542,-1.6224086,-23.844946,-9.635107,-11.961269,6.864793,-13.33371,5.912182,-7.922724,-0.6974125,11.467236,-24.855213,21.134548,-10.036887,43.952625,8.195178,-7.068361,5.6554112,16.949331,-11.4480295,11.790787,78.41648,-7.455676,-2.8875713,-0.82161283
309,3.939796209335327,181.58428955078125,74.97230529785156,3.4217211858447802,-1.1275116318021996,95.77641081715622,20.1316,-4.4006557,13.197831,6.913371,-17.330032,-1.9510028,-23.785355,-9.21303,-11.431929,6.8563976,-13.206461,5.863635,-7.946415,-0.6922224,11.474008,-24.941658,21.2117,-10.194069,43.3162,8.351515,-7.1435585,5.596291,17.28897,-11.2723,12.045577,78.896576,-7.3203273,-2.7595365,-0.508895
310,4.031259536743164,182.53683471679688,74.88484954833984,3.245093808901548,-1.1575656478568461,95.71334167499643,20.934319,-3.9857929,13.169932,6.9005194,-16.991812,-2.336313,-23.508493,-8.512899,-10.625078,6.8297853,-12.657143,5.4060445,-7.8480134,-0.52291954,11.507823,-24.91406,21.22143,-10.254538,42.64675,8.437003,-7.23195,5.521621,17.56787,-11.159611,12.345268,79.32496,-7.1928873,-2.6148837,-0.18700501
311,4.169187545776367,183.46739196777344,74.8721694946289,2.9905518111242735,-1.1526445060154629,95.54885857224862,21.711637,-3.4862275,13.243817,6.883366,-16.532293,-2.7626178,-23.142704,-7.662437,-9.767299,6.8152447,-11.754043,4.694816,-7.6663465,-0.27011603,11.516686,-24.785284,21.196539,-10.277174,41.997845,8.492477,-7.3258796,5.4603696,17.7589,-11.038607,12.695159,79.75859,-7.1039176,-2.472182,0.11770144
312,4.304615020751953,184.41549682617188,74.86544036865234,2.681603383458443,-1.1297759250250752,95.29481196379119,22.416784,-2.92342,13.417111,7.005128,-15.992138,-3.2155046,-22.768328,-6.7517076,-9.071566,6.782213,-10.535419,3.8742137,-7.4171495,0.049743734,11.509481,-24.531807,21.149582,-10.290807,41.36014,8.546452,-7.4217873,5.4332013,17.88795,-10.937819,13.048676,80.15735,-7.1075635,-2.352482,0.4233648
313,4.424046516418457,185.3838653564453,74.85897827148438,2.2266461988174617,-1.0514578505302528,94.93955140057686,23.08389,-2.2079217,13.700593,7.122494,-15.319994,-3.7234259,-22.425528,-5.6816454,-8.636074,6.7308726,-8.8609,2.7730255,-7.100184,0.52300185,11.448142,-24.149366,21.077232,-10.285868,40.736526,8.614039,-7.5092955,5.4582744,17.914314,-10.82672,13.440471,80.58153,-7.22642,-2.2647033,0.72830814
314,4.547005653381348,186.35350036621094,74.88400268554688,1.6106443146938798,-0.9335811944961528,94.48997177693374,23.712248,-1.3257644,14.094418,7.2653203,-14.537188,-4.288906,-22.05744,-4.422414,-8.370285,6.6647787,-6.747382,1.3891051,-6.718634,1.1700803,11.368217,-23.627356,21.00378,-10.2573185,40.082108,8.643486,-7.5938387,5.5104175,17.878292,-10.749815,13.848997,80.96102,-7.448441,-2.1997664,1.0569211
315,4.696535587310791,187.3241729736328,74.93404388427734,0.9381570124979528,-0.8011860992772447,94.06595772253011,23.645302,-0.19760157,14.499251,8.88043,-14.3274975,-4.8727913,-21.690737,-3.1639454,-8.280416,6.6594343,-4.5614862,0.08325798,-6.3789124,1.8739017,11.246378,-23.019796,20.890354,-10.222695,39.506363,8.685805,-7.6921153,5.575425,17.768648,-10.656245,14.28275,81.337166,-7.69393,-2.1468306,1.3420308
316,4.851709842681885,188.3192901611328,74.96851348876953,0.32929415150700675,-0.6741146905329919,93.7958412609283,22.975882,1.0405488,14.759881,11.731677,-14.477197,-5.4068956,-21.306843,-2.1175728,-8.352438,6.7001243,-2.6280885,-0.7886375,-6.159363,2.5115905,11.095746,-22.372656,20.763414,-10.258944,39.045677,8.710179,-7.8197355,5.626224,17.670021,-10.569186,14.657892,81.60672,-7.9299817,-2.0982096,1.5763086
317,5.007117748260498,189.34132385253906,74.98653411865234,-0.19103145077340583,-0.5294062252909625,93.73348539773463,22.190933,2.2371671,14.803101,14.683882,-14.378563,-5.8896804,-20.894093,-1.3588109,-8.637446,6.7303786,-0.8953512,-1.0431018,-6.104663,3.0600212,10.870478,-21.687965,20.619081,-10.391254,38.722836,8.713018,-7.997142,5.666634,17.599161,-10.470624,14.986764,81.77734,-8.156465,-2.0427663,1.7345334
318,5.144713878631592,190.35829162597656,75.01470947265625,-0.6869153431820196,-0.3537280337907464,93.79955581814974,21.287163,3.4537356,14.6955595,17.735422,-14.069675,-6.329629,-21.144588,-0.879676,-9.093905,8.227931,-0.007645602,-0.9234025,-6.1485243,3.5828037,10.580185,-20.951876,20.46158,-10.598335,38.50803,8.693187,-8.209989,5.7063246,17.526144,-10.359211,15.283337,81.873985,-8.396818,-1.9880118,1.835257
319,5.286944389343262,191.37789916992188,75.05235290527344,-1.1652063586284471,-0.1905994296725086,93.91336113004095,20.288881,4.6802926,14.524374,20.888666,-13.530034,-6.6603875,-21.315811,-0.47670472,-9.59497,9.683569,0.66367686,-0.7074681,-6.225055,4.0804963,10.304117,-20.187008,20.28351,-10.836264,38.41077,8.683304,-8.422711,5.7346883,17.407902,-10.239094,15.530347,81.91164,-8.626006,-1.9487134,1.8976191
320,5.4269256591796875,192.3872528076172,75.10047912597656,-1.6309944995242032,-0.086656464468973,94.00423902443276,19.225702,5.9045897,14.371974,24.150753,-12.740569,-6.8227882,-21.411388,-0.06135638,-10.00356,11.1811695,0.9013121,-0.6444753,-6.2773476,4.5510683,10.121411,-19.417147,20.074469,-11.061342,38.441425,8.714199,-8.599782,5.741286,17.20673,-10.1209135,15.710911,81.898735,-8.815193,-1.9392866,1.9420688
321,5.552767753601074,193.38365173339844,75.15895080566406,-2.0846675673959023,-0.062193915446309866,94.0740682164908,18.098072,7.134217,14.25499,27.575413,-11.632618,-6.788463,-21.431637,0.38391665,-10.291587,12.789969,0.5322338,-0.7590954,-6.320402,5.0012264,10.056935,-18.619164,19.82278,-11.253576,38.60069,8.781297,-8.757197,5.7329407,16.921387,-10.013086,15.792793,81.82356,-8.9726095,-1.9612495,1.9747326
322,5.687012672424316,194.36798095703125,75.22660827636719,-2.5137748627573986,-0.09428144367568729,94.14843494558308,16.911448,8.361465,14.14332,31.113703,-10.226359,-6.583278,-21.365501,0.829524,-10.516348,14.425523,-0.2720069,-0.9137276,-6.368643,5.4256043,10.068751,-17.789478,19.526852,-11.436944,38.88609,8.876945,-8.906065,5.7136383,16.573088,-9.917993,15.789571,81.68201,-9.109225,-2.007765,1.9853233
323,5.813540935516357,195.33639526367188,75.30319213867188,-2.8974802492804272,-0.16772650432886949,94.19866484671928,15.696632,9.548982,14.0494585,34.648132,-8.644151,-6.237709,-21.220213,1.277984,-10.675406,15.990935,-1.2563117,-1.1073192,-6.374703,5.7961855,10.136238,-16.973358,19.19617,-11.627076,39.29586,9.026273,-9.003309,5.6676917,16.158712,-9.834117,15.761092,81.491776,-9.197574,-2.079498,1.971017
324,5.937800407409668,196.289306640625,75.38509368896484,-3.2147021872648343,-0.26744268463769805,94.19581929030329,14.477899,10.660689,13.987934,38.0799,-7.0201826,-5.785679,-21.001585,1.7167716,-10.765186,17.393328,-2.168463,-1.3429694,-6.2937927,6.0819607,10.239916,-16.21238,18.848679,-11.837302,39.82452,9.250604,-9.006127,5.5778356,15.673125,-9.7579365,15.767221,81.27353,-9.214026,-2.1784945,1.9289147
325,6.0676069259643555,197.22427368164062,75.46630096435547,-3.4490317895715226,-0.4020487616345744,94.09979008221478,13.217353,11.667521,13.930939,41.487293,-5.20749,-5.143606,-20.701824,2.1449773,-10.739149,18.617466,-2.9853458,-1.634879,-6.0965867,6.255718,10.390047,-15.494126,18.495094,-12.060413,40.47605,9.567949,-8.893852,5.445506,15.103746,-9.682467,15.822158,81.03288,-9.130392,-2.3159153,1.872601
326,6.204050064086914,198.1347198486328,75.54066467285156,-3.6132907101170098,-0.5764070966601289,93.93438477278637,11.9102125,12.608372,13.906807,44.912567,-3.2048745,-4.3195205,-20.316254,2.5627022,-10.606931,19.70836,-3.8269706,-1.979854,-5.8142643,6.3343325,10.593141,-14.791442,18.138485,-12.286926,41.240498,9.959614,-8.6929,5.2750883,14.450641,-9.605386,15.902615,80.76631,-8.966388,-2.4878752,1.7987233
327,6.343547821044922,199.0269012451172,75.60356140136719,-3.7344656857849534,-0.7702980529883954,93.7662416894975,10.621919,13.554074,13.994135,48.239525,-1.3879697,-3.4796522,-19.865002,2.9478388,-10.449392,20.69036,-4.671377,-2.3549275,-5.494482,6.353809,10.82624,-14.120382,17.786207,-12.524808,42.087746,10.391504,-8.431207,5.0530357,13.73058,-9.531587,16.015308,80.47472,-8.76824,-2.6719205,1.6807549
328,6.473729133605957,199.8920135498047,75.65782928466797,-3.833647754629863,-0.9643620356508247,93.66099914566149,9.413227,14.575628,14.250593,51.376225,-0.15495594,-2.7842247,-19.366808,3.280981,-10.349095,21.581848,-5.492989,-2.736988,-5.18639,6.3476467,11.068108,-13.497402,17.447681,-12.781346,42.98596,10.827571,-8.13654,4.7653775,12.960803,-9.469204,16.17421,80.15598,-8.576,-2.8460932,1.493061
329,6.601502895355225,200.7472686767578,75.7051010131836,-3.8999403067750493,-1.1640680667018886,93.63245584349768,8.32695,15.712221,14.737405,54.35591,0.3469395,-2.3342004,-18.837122,3.542048,-10.317465,22.428074,-6.3099403,-3.1472454,-4.8962865,6.2978816,11.325783,-12.936979,17.128567,-13.063762,43.94114,11.297877,-7.7905135,4.3671017,12.138141,-9.420047,16.409636,79.812294,-8.382764,-3.0043688,1.2243222
330,6.732466220855713,201.59237670898438,75.75568389892578,-3.9253195756219763,-1.3774829139304117,93.64446706766863,7.319664,16.939648,15.391639,57.263245,0.3063823,-2.0132248,-18.26178,3.7437494,-10.310096,23.205395,-7.1284385,-3.5881834,-4.601274,6.192682,11.609927,-12.420965,16.82999,-13.363172,44.95865,11.805971,-7.389013,3.8766034,11.2580185,-9.381051,16.712301,79.439026,-8.170839,-3.1587386,0.8923038
331,6.8601975440979,202.4311981201172,75.810302734375,-3.9401077649657594,-1.5879294037343896,93.68820350590389,6.3220086,18.213446,16.076315,60.071613,-0.16873863,-1.6737795,-17.616001,3.919281,-10.327829,23.833178,-7.9073076,-4.008409,-4.3064237,6.07004,11.904012,-11.918413,16.552034,-13.661731,46.004936,12.279254,-6.9792395,3.3759718,10.332219,-9.357005,17.024342,79.02597,-7.973855,-3.3161461,0.5140836
332,6.973172664642334,203.2552947998047,75.87439727783203,-3.9761732534729712,-1.7771988511331809,93.75566940488292,5.2580028,19.468592,16.656754,62.73122,-0.9602655,-1.1829278,-16.875338,4.1059866,-10.374661,24.227879,-8.60073,-4.357289,-4.0186763,5.9709744,12.190201,-11.401545,16.29329,-13.944102,47.04781,12.641156,-6.605886,2.9489775,9.375543,-9.356545,17.286385,78.55682,-7.825968,-3.4817703,0.10834519
333,7.0798797607421875,204.06849670410156,75.94973754882812,-4.0498471751043645,-1.936881258502815,93.87114652137437,4.0895567,20.702309,17.1018,65.263794,-2.211229,-0.5366908,-16.020575,4.31457,-10.49015,24.344336,-9.201486,-4.6184444,-3.754807,5.9150105,12.46695,-10.883182,16.051895,-14.219906,48.08654,12.905158,-6.255792,2.5997796,8.385432,-9.387192,17.488329,78.01639,-7.735199,-3.6631477,-0.31922796
334,7.183366775512695,204.87506103515625,76.03764343261719,-4.139834455577693,-2.075093794144922,94.03249207506443,2.850969,21.905268,17.464922,67.67647,-3.9229414,0.16432531,-15.075548,4.52612,-10.663624,24.241522,-9.734009,-4.8213377,-3.5082357,5.8763757,12.740947,-10.376385,15.825472,-14.495614,49.137207,13.098791,-5.911296,2.290928,7.3615484,-9.449174,17.655611,77.40716,-7.685711,-3.8547046,-0.77673244
335,7.298881530761719,205.68894958496094,76.1422119140625,-4.218860949108184,-2.198715905993391,94.19124701761771,1.5669543,22.996613,17.748213,69.89383,-5.7537594,0.8971035,-14.081319,4.736088,-10.825238,23.992186,-10.198737,-4.984783,-3.2506025,5.829848,13.0060835,-9.85196,15.611109,-14.7498045,50.193043,13.168651,-5.6084876,2.0453746,6.3175197,-9.540686,17.787537,76.74597,-7.670093,-4.0430293,-1.2672726
336,7.399764537811279,206.47830200195312,76.25277709960938,-4.261837649378717,-2.315440419122624,94.29787203696542,0.2664458,23.909262,17.970997,71.83994,-7.3582854,1.6541928,-13.077754,4.9382653,-10.9052105,23.672707,-10.599969,-5.126243,-2.9529822,5.753159,13.256753,-9.279488,15.405766,-14.9609,51.24676,13.06102,-5.383461,1.8864332,5.2662497,-9.659705,17.883738,76.05195,-7.6820865,-4.2147136,-1.7940345
337,7.491357803344727,207.26821899414062,76.37330627441406,-4.267803786052968,-2.426553503118139,94.34559473122773,-1.0602344,24.6255,18.143587,73.5037,-8.668639,2.4864805,-12.054039,5.131031,-10.890557,23.260328,-10.919784,-5.2367153,-2.6070065,5.641675,13.492974,-8.655836,15.20798,-15.133728,52.30228,12.732928,-5.253534,1.8533558,4.1988797,-9.808104,17.964767,75.33304,-7.698142,-4.3556666,-2.3863773
338,7.580506801605225,208.05604553222656,76.49987030029297,-4.2480787845438535,-2.5275367045913297,94.3588504976365,-2.4265318,25.169588,18.269442,74.918,-9.847994,3.3746908,-10.997919,5.31493,-10.819424,22.733492,-11.16548,-5.3132396,-2.229617,5.508158,13.715951,-7.9957504,15.01778,-15.276581,53.363216,12.2227335,-5.197093,1.9235017,3.1130602,-9.987715,18.026886,74.577126,-7.727333,-4.474524,-3.0330057
339,7.665525436401367,208.8467559814453,76.62020111083984,-4.203489450393124,-2.6188507084740102,94.3355074051252,-3.8045497,25.552938,18.369492,76.07533,-10.89622,4.2170544,-9.938919,5.4874673,-10.697381,22.155346,-11.369815,-5.379434,-1.8284957,5.359966,13.923828,-7.294203,14.834132,-15.372725,54.421383,11.598672,-5.1924114,2.0265632,2.0302532,-10.192649,18.031187,73.78114,-7.815547,-4.5969377,-3.677155
340,7.734731674194336,209.6326141357422,76.74436950683594,-4.137057664554784,-2.7009213211854397,94.27344747672558,-5.163119,25.79064,18.465286,76.9668,-11.812864,4.9123445,-8.906138,5.645484,-10.529198,21.589724,-11.565943,-5.4561176,-1.4104818,5.201501,14.1127825,-6.5456924,14.655747,-15.404606,55.470547,10.931448,-5.2162504,2.0930543,0.96929693,-10.416921,17.939846,72.941414,-8.009352,-4.740863,-4.2635837
341,7.795588493347168,210.4106903076172,76.86432647705078,-4.045218317387831,-2.7717631036120824,94.16756236193517,-6.5032597,25.879229,18.572824,77.58863,-12.579211,5.445909,-7.9156637,5.785513,-10.306354,21.064522,-11.758307,-5.551216,-0.97220427,5.0273385,14.275324,-5.7367783,14.479359,-15.358506,56.5251,10.162397,-5.3050222,2.1227863,-0.06993091,-10.658134,17.750126,72.06244,-8.336982,-4.9274554,-4.805951
342,7.872108459472656,211.20037841796875,76.97673034667969,-3.9283085094073438,-2.8320615547051697,94.02064205163737,-7.835748,25.819334,18.690372,77.94413,-13.194009,5.8685846,-6.948479,5.90717,-10.030175,20.54271,-11.931371,-5.648202,-0.51193666,4.837335,14.413756,-4.8733172,14.303999,-15.246125,57.58518,9.280728,-5.45691,2.145379,-1.1025641,-10.91927,17.485613,71.154106,-8.767107,-5.137984,-5.3270497
343,7.934126853942871,211.95742797851562,77.0833969116211,-3.796998047034525,-2.8856332798363153,93.84135833668873,-9.147394,25.63393,18.809532,78.03885,-13.685323,6.177396,-5.983431,6.012316,-9.720089,19.9931,-12.089418,-5.7308373,-0.039747957,4.646045,14.540965,-3.9785402,14.132118,-15.088152,58.62015,8.425396,-5.589522,2.137625,-2.1262314,-11.198484,17.14091,70.214874,-9.263616,-5.333139,-5.7830434
344,7.983554840087891,212.72659301757812,77.19019317626953,-3.660598699266816,-2.9365821452493335,93.63879762782905,-10.421761,25.344347,18.921505,77.87401,-14.081482,6.370473,-4.9980135,6.104103,-9.395789,19.383442,-12.23654,-5.7844715,0.43577337,4.466574,14.669179,-3.0783427,13.968921,-14.908334,59.601524,7.7334695,-5.6196446,2.0793066,-3.1398513,-11.491408,16.711384,69.24501,-9.786572,-5.475403,-6.130015
345,8.02656078338623,213.4681396484375,77.28572082519531,-3.512376862768589,-2.9896764423963487,93.4068194020734,-11.658126,24.93612,19.028185,77.44484,-14.372693,6.4485455,-3.9809413,6.1807904,-9.051891,18.69914,-12.377578,-5.814246,0.9166808,4.293976,14.805264,-2.1660948,13.8149805,-14.694651,60.518375,7.2421412,-5.514675,1.9637207,-4.144891,-11.794208,16.153753,68.23587,-10.359977,-5.556778,-6.345157
346,8.070512771606445,214.24009704589844,77.3840560913086,-3.351663292247423,-3.041503678027699,93.14332918016403,-12.859808,24.411297,19.135248,76.74918,-14.550032,6.4155145,-2.9451048,6.241716,-8.682563,17.958715,-12.50821,-5.8228593,1.4067491,4.122991,14.940967,-1.2316942,13.668565,-14.440512,61.385803,6.877146,-5.321364,1.8035849,-5.1478057,-12.107538,15.484429,67.19654,-10.994077,-5.5982623,-6.455687
347,8.11640453338623,214.98947143554688,77.46492767333984,-3.193118010932603,-3.0844238133840824,92.86366935420634,-14.019159,23.810896,19.236395,75.7913,-14.640894,6.2681336,-1.8989718,6.2920327,-8.306,17.169569,-12.616341,-5.7966385,1.8982136,3.9638343,15.066763,-0.29560372,13.53391,-14.176478,62.21435,6.607753,-5.0770226,1.6085956,-6.154929,-12.433488,14.793058,66.15086,-11.624455,-5.606174,-6.491268
348,8.1482515335083,215.7345733642578,77.53881072998047,-3.05076040626703,-3.1108302176422495,92.58302157976578,-15.127086,23.173489,19.32521,74.57568,-14.673933,6.003088,-0.8581762,6.3370605,-7.9406667,16.354578,-12.694139,-5.726278,2.3821964,3.824696,15.1732645,0.62605137,13.419549,-13.931142,63.00863,6.4041924,-4.8171897,1.3868768,-7.17074,-12.775268,14.165522,65.12508,-12.192382,-5.5903025,-6.4822135
349,8.180316925048828,216.47686767578125,77.60086059570312,-2.920605491089357,-3.1228120361792002,92.30526507150577,-16.181028,22.489475,19.400036,73.090004,-14.649301,5.58192,0.19391192,6.369351,-7.5920415,15.488025,-12.735827,-5.586807,2.8552196,3.7013826,15.265265,1.5299871,13.332496,-13.700659,63.764874,6.290819,-4.5246305,1.1118412,-8.1924095,-13.131009,13.603822,64.097244,-12.683934,-5.519784,-6.3945327
350,8.208589553833008,217.2261505126953,77.65286254882812,-2.7986308582202275,-3.1233988046960444,92.02182375679325,-17.178688,21.746254,19.4637,71.33016,-14.556015,5.0219254,1.2580289,6.3898706,-7.2499766,14.572978,-12.75019,-5.399263,3.3213723,3.5879557,15.346079,2.4303744,13.272678,-13.469811,64.47536,6.273729,-4.1894045,0.7857361,-9.219317,-13.498624,13.070406,63.062397,-13.131482,-5.403096,-6.225074
351,8.229764938354492,217.97901916503906,77.69670867919922,-2.6953207580884304,-3.106674926541494,91.72914875706866,-18.11325,20.977053,19.514284,69.313866,-14.406019,4.402867,2.3059156,6.420018,-6.907428,13.650538,-12.744093,-5.223675,3.7836006,3.4935286,15.404813,3.331477,13.237487,-13.257212,65.14481,6.2888627,-3.8588445,0.4605602,-10.2508135,-13.879593,12.599032,62.056187,-13.534953,-5.30065,-6.048623
352,8.246658325195312,218.727294921875,77.7238998413086,-2.6251330575202743,-3.0668519227940276,91.42418080357791,-18.980358,20.216112,19.54829,67.059456,-14.210418,3.8051648,3.2963312,6.479204,-6.5584464,12.7853565,-12.727837,-5.115357,4.243689,3.4290376,15.431176,4.2364116,13.221723,-13.078442,65.779724,6.2742386,-3.5812728,0.18897468,-11.283932,-14.276188,12.22116,61.113503,-13.8960285,-5.273936,-5.9406557
353,8.258265495300293,219.4764404296875,77.74327087402344,-2.5922722503442,-3.0023222001362377,91.1118665494695,-19.791357,19.458845,19.536814,64.563644,-13.975607,3.260996,4.2262964,6.5767794,-6.2025557,11.974727,-12.683392,-5.1021976,4.6987004,3.400608,15.424265,5.140983,13.225914,-12.939655,66.38319,6.2163033,-3.3719144,-0.026862916,-12.321409,-14.69376,11.960299,60.238434,-14.188969,-5.352295,-5.921254
354,8.267666816711426,220.22288513183594,77.7463607788086,-2.5920349253558905,-2.9171007102516175,90.7920791604181,-20.53937,18.697088,19.4846,61.818134,-13.698153,2.7291522,5.112499,6.702461,-5.841572,11.197537,-12.6135645,-5.149593,5.149149,3.404818,15.389601,6.041875,13.24971,-12.83227,66.95458,6.147617,-3.204926,-0.21107906,-13.358726,-15.131575,11.793241,59.408695,-14.42198,-5.4989886,-5.9501762
355,8.289257049560547,220.9754180908203,77.73990631103516,-2.6198272728325978,-2.8130433806377035,90.45406984443031,-21.192135,17.956911,19.437895,58.825993,-13.372845,2.1770217,5.957044,6.8483257,-5.4715595,10.463258,-12.549686,-5.2163806,5.6031933,3.4383628,15.324187,6.9431505,13.285114,-12.75403,67.49103,6.073543,-3.0614479,-0.34871593,-14.384507,-15.580571,11.685902,58.618484,-14.640865,-5.671047,-6.013105
356,8.296740531921387,221.73428344726562,77.72288513183594,-2.668313761477259,-2.6915307245968347,90.08615719337655,-21.71799,17.259317,19.44696,55.57973,-12.990293,1.570473,6.763114,7.003772,-5.08749,9.776773,-12.520926,-5.2613173,6.068667,3.4937932,15.223366,7.8477716,13.321421,-12.69994,67.99306,6.001864,-2.9225235,-0.42284977,-15.392444,-16.030014,11.604263,57.869545,-14.894895,-5.8251686,-6.0977674
357,8.304057121276855,222.49612426757812,77.68971252441406,-2.7405125156522208,-2.5511528265875825,89.68093783346225,-22.111277,16.627014,19.529625,52.050156,-12.533806,0.9241344,7.531973,7.172807,-4.6871905,9.127442,-12.522774,-5.2792015,6.546401,3.5724638,15.084767,8.754137,13.354751,-12.696775,68.46428,5.928251,-2.7851045,-0.3986291,-16.39827,-16.476337,11.560041,57.176712,-15.196762,-5.965301,-6.2181964
358,8.31148624420166,223.26626586914062,77.63882446289062,-2.8371427916641734,-2.3918473191321286,89.24461494198421,-22.381678,16.035837,19.658232,48.228493,-12.003409,0.24753058,8.263026,7.3569903,-4.271694,8.510669,-12.541577,-5.2896166,7.033574,3.6742253,14.90892,9.656822,13.38734,-12.7380495,68.90978,5.8516984,-2.6588714,-0.2924464,-17.404888,-16.921143,11.566022,56.540455,-15.522074,-6.108636,-6.377612
359,8.309465408325195,224.04026794433594,77.57379150390625,-2.948499091646641,-2.216960133231277,88.78491368557142,-22.523794,15.442265,19.812937,44.137974,-11.412958,-0.4995113,8.951906,7.54164,-3.8413196,7.9590397,-12.600496,-5.288406,7.5337358,3.790617,14.695782,10.554044,13.416668,-12.769907,69.33191,5.7841706,-2.5441868,-0.16564076,-18.381609,-17.358023,11.583573,55.93691,-15.867218,-6.2320147,-6.5470624
360,8.307663917541504,224.8242645263672,77.4847412109375,-3.0587732974549033,-2.0309459370017113,88.30724769353436,-22.530533,14.807824,19.976408,39.79538,-10.776473,-1.3489623,9.588508,7.705408,-3.3950644,7.5184865,-12.733117,-5.271831,8.051318,3.9053743,14.447219,11.445354,13.438629,-12.737129,69.73333,5.738154,-2.4410865,-0.078596726,-19.30137,-17.776833,11.574693,55.34722,-16.228615,-6.3121614,-6.6988664
361,8.304356575012207,225.61773681640625,77.37271118164062,-3.173297541802588,-1.8280207386369012,87.79972247171237,-22.361395,14.149211,20.142458,35.04878,-10.060143,-2.3581357,10.089609,7.852728,-2.9319067,7.3523054,-13.0338955,-5.2356415,8.599736,4.019328,14.150271,12.336026,13.452472,-12.617382,70.120094,5.731427,-2.3550234,-0.05004748,-20.169298,-18.173815,11.534411,54.785805,-16.616066,-6.3336897,-6.8357267
362,8.300829887390137,226.42596435546875,77.24527740478516,-3.319490898104742,-1.6152128499387877,87.25753620342456,-21.98464,13.501813,20.313576,29.838282,-9.224254,-3.4816678,10.568791,8.021375,-2.4373734,7.2277646,-13.37354,-5.1868773,9.17544,4.156837,13.810355,13.229858,13.457963,-12.438722,70.485596,5.753811,-2.284034,-0.046659723,-21.002127,-18.549128,11.482773,54.263233,-17.029358,-6.3116403,-6.9700494
363,8.295429229736328,227.24375915527344,77.10364532470703,-3.501543083166288,-1.4159802696007564,86.68652160479263,-21.400688,12.863876,20.498985,24.312628,-8.275389,-4.5913563,11.068582,8.216708,-1.912249,7.107956,-13.717728,-5.1360483,9.765652,4.329662,13.455407,14.127573,13.451598,-12.220921,70.81555,5.774983,-2.2173407,-0.04944487,-21.795969,-18.902063,11.422756,53.762352,-17.450075,-6.2686954,-7.089703
364,8.284403800964355,228.0751495361328,76.94324493408203,-3.7327352015330586,-1.256668935578483,86.08551107219112,-20.617092,12.252258,20.710314,18.642424,-7.2344384,-5.5616727,11.559604,8.450304,-1.3598971,7.112862,-14.113956,-5.093796,10.3639345,4.560054,13.112773,15.030508,13.42915,-11.985529,71.09636,5.763498,-2.14399,-0.038758636,-22.54814,-19.232458,11.359305,53.268654,-17.85893,-6.227588,-7.182681
365,8.27175235748291,228.9197235107422,76.75887298583984,-4.066344820357566,-1.1578541680721421,85.41648441218766,-19.534777,11.688263,20.886276,12.558826,-6.042644,-6.296424,12.132673,8.787905,-0.72776717,7.1041923,-14.496321,-5.070642,11.005148,4.9103055,12.777631,15.961361,13.3856125,-11.734111,71.31303,5.709564,-2.0538049,0.0001056992,-23.255478,-19.540741,11.279518,52.781834,-18.26854,-6.186552,-7.2328815
366,8.23729419708252,229.78286743164062,76.55391693115234,-4.545348256578672,-1.1290712040248827,84.64580749754876,-18.612507,11.478626,20.960129,7.1012673,-5.257745,-6.869395,12.794421,9.27599,0.02340768,7.083279,-14.863877,-5.069542,11.724226,5.425158,12.437788,16.929054,13.318112,-11.458609,71.46831,5.6302643,-1.9552463,0.05427092,-23.928068,-19.83155,11.191258,52.31958,-18.68177,-6.1361732,-7.2476215
367,8.209705352783203,230.650146484375,76.33821105957031,-5.061838297053845,-1.1379149984583141,83.84640591313344,-19.82565,12.270758,20.714977,6.7848225,-7.059082,-7.43468,13.499307,9.780843,0.81802297,7.0631323,-15.201408,-5.068005,12.454275,5.988839,12.107647,17.888033,13.228551,-11.165302,71.58962,5.537281,-1.865131,0.10219589,-24.567665,-20.106089,11.115721,51.874187,-19.069078,-6.0884395,-7.2547083
368,8.173654556274414,231.5309295654297,76.13273620605469,-5.472712903934112,-1.1344088887007224,83.12282162252313,-20.901142,12.963348,20.792522,6.617161,-8.6151905,-8.156947,14.193721,10.126277,1.539422,7.0522447,-15.503966,-5.0338917,13.097941,6.4392943,11.810075,18.775976,13.123456,-10.857141,71.71325,5.444389,-1.7998736,0.122113116,-25.166191,-20.36093,11.065575,51.425655,-19.403511,-6.0549197,-7.286174
369,8.13219165802002,232.4073028564453,75.94043731689453,-5.790925745179155,-1.128398454341175,82.43158453024735,-21.851345,13.565442,21.41879,6.6289544,-9.879734,-9.356902,14.8849535,10.328524,2.2115467,7.0463996,-15.778038,-4.974779,13.690783,6.75307,11.543899,19.633396,13.051872,-10.515259,71.80368,5.3334312,-1.765535,0.09873937,-25.763966,-20.512573,11.032029,51.031914,-19.70725,-6.0355806,-7.3665285
370,8.089659690856934,233.29693603515625,75.76042175292969,-6.070889571122721,-1.1379718547763458,81.7443297419673,-22.579224,14.083515,22.483702,6.54017,-10.79099,-10.901344,15.582582,10.458588,2.8693764,7.0585403,-16.029196,-4.9035254,14.241382,7.0573244,11.32805,20.465366,12.935378,-10.114222,71.85262,5.2415004,-1.755001,0.039331526,-26.32345,-20.704271,11.054893,50.61097,-19.92954,-6.028795,-7.44467
371,8.03730583190918,234.18292236328125,75.5881118774414,-6.297871020101564,-1.153696009545927,81.15391565933646,-23.139349,14.477694,23.60405,6.52783,-11.469698,-12.328116,16.273745,10.51596,3.4470394,7.110415,-16.245152,-4.813453,14.714038,7.2957006,11.136968,21.223566,12.831034,-9.762576,71.9279,5.122306,-1.7556835,-0.02662171,-26.8124,-20.85175,11.055713,50.19824,-20.135202,-6.0304575,-7.542307
372,7.970544815063477,235.0577850341797,75.43228149414062,-6.444052647868866,-1.1438248545613285,80.75281784081099,-23.46913,14.641533,24.41872,6.480138,-11.922122,-13.154665,16.944008,10.481362,3.8788362,7.1730146,-16.382812,-4.691153,15.007697,7.443466,10.978799,21.87889,12.718998,-9.450711,72.05205,5.0098557,-1.7594738,-0.0851142,-27.198833,-20.99603,11.051454,49.73883,-20.307781,-6.0389686,-7.642697
373,7.908935070037842,235.92510986328125,75.28871154785156,-6.51344048766091,-1.1167120800480683,80.57147534964464,-23.517803,14.564145,24.844528,6.466832,-12.253879,-13.264916,17.605288,10.368186,4.153089,7.24667,-16.470387,-4.540023,15.108963,7.500966,10.861354,22.422981,12.614222,-9.193655,72.233765,4.872813,-1.7761376,-0.12826858,-27.484219,-21.1271,11.019964,49.24292,-20.444668,-6.060337,-7.753698
374,7.855484485626221,236.79933166503906,75.15515899658203,-6.516020543913871,-1.0732643007415235,80.56046133331131,-23.303574,14.262562,25.071262,6.4292073,-12.388045,-12.902501,18.25221,10.184606,4.295584,7.336315,-16.510513,-4.3636847,15.061181,7.4771657,10.77754,22.87847,12.525697,-8.975227,72.44507,4.7137713,-1.8057425,-0.16847284,-27.680387,-21.2412,10.963545,48.719467,-20.54724,-6.093759,-7.8755484
375,7.81865930557251,237.6894989013672,75.02886199951172,-6.435854660465964,-1.0075849403394923,80.69297825117343,-23.01626,13.775514,25.10025,6.4828978,-12.28719,-12.139526,18.877417,9.9107,4.299736,7.436101,-16.44691,-4.152906,14.891096,7.3624134,10.719568,23.22439,12.449425,-8.81951,72.70464,4.5671725,-1.8253938,-0.20881203,-27.751446,-21.34365,10.877561,48.144653,-20.644285,-6.1285405,-7.99605
376,7.782058238983154,238.5874786376953,74.92383575439453,-6.226779561450003,-0.9219071519726173,80.9423051590127,-22.716885,13.062859,24.98306,6.487808,-11.787735,-11.045934,18.850668,9.534809,4.0494094,8.869009,-16.928354,-3.8898387,14.62859,7.115133,10.682221,23.45273,12.395455,-8.7710085,73.02497,4.448331,-1.8094491,-0.25451952,-27.697023,-21.420788,10.765859,47.551006,-20.768803,-6.1565957,-8.1152725
377,7.720385551452637,239.47642517089844,74.87235260009766,-5.821280541872072,-0.8087672561190234,81.37517290257446,-22.428944,12.021895,24.655064,6.4906855,-10.808957,-9.4050665,18.679947,8.947384,3.5727477,10.584616,-17.429705,-3.5651977,14.217997,6.6705227,10.69152,23.517288,12.358707,-8.85918,73.44913,4.3579383,-1.7538276,-0.29815558,-27.47352,-21.483572,10.597413,46.866055,-20.942884,-6.1608744,-8.220692
378,7.663203716278076,240.3729248046875,74.84764099121094,-5.224020218299296,-0.6770906859946575,81.97161111025645,-22.096615,10.684394,24.160196,6.5255213,-9.439823,-7.2589693,18.410706,8.146721,2.914375,12.502777,-17.920237,-3.1817334,13.694378,6.0364904,10.739862,23.430965,12.343533,-9.083601,73.9615,4.276953,-1.6700015,-0.33830935,-27.09443,-21.542582,10.363012,46.11212,-21.146017,-6.154712,-8.314225
379,7.59499454498291,241.273681640625,74.84249114990234,-4.526605478415863,-0.5428051021692651,82.57261701035686,-21.741486,9.273298,23.68018,6.583769,-7.861717,-5.0651674,18.043932,7.219776,2.2258277,14.601048,-18.306652,-2.751352,13.19632,5.2993193,10.78102,23.257183,12.351799,-9.376179,74.50299,4.23124,-1.5645298,-0.3923309,-26.578403,-21.588356,10.110707,45.34854,-21.341892,-6.160473,-8.407852
380,7.5100274085998535,242.19793701171875,74.84862518310547,-3.83360411227452,-0.41508853431283504,83.02371173363818,-21.358566,7.9919066,23.38084,6.577256,-6.2216544,-3.2780187,17.574823,6.2706723,1.6542608,16.854765,-18.498156,-2.2893941,12.876966,4.5665965,10.771161,23.045595,12.382698,-9.693292,75.01395,4.2444396,-1.4343317,-0.47107738,-25.924955,-21.628645,9.860481,44.62204,-21.50208,-6.203965,-8.507459
381,7.432024002075195,243.1467742919922,74.85136413574219,-3.170741942702525,-0.2559856176253475,83.30082282785692,-21.06278,6.897135,23.23231,6.605116,-4.452603,-1.9488904,16.973969,5.327134,1.227683,19.279436,-18.526514,-1.8181312,12.6760845,3.8492298,10.662301,22.84734,12.391851,-9.95158,75.50046,4.3685975,-1.2825937,-0.5764218,-25.214481,-21.622972,9.738333,43.99808,-21.603855,-6.285965,-8.645471
382,7.3658623695373535,244.12014770507812,74.8552474975586,-2.504238361261388,-0.07154358379455485,83.47894227996653,-20.795294,5.893516,23.169582,6.6183968,-2.488389,-0.84923714,16.278866,4.3561926,0.8928772,21.818432,-18.387032,-1.3329507,12.582843,3.124511,10.482903,22.591621,12.392883,-10.248565,76.01553,4.561109,-1.1078889,-0.6895442,-24.387611,-21.589016,9.645144,43.418423,-21.689173,-6.396596,-8.801631
383,7.2872467041015625,245.09901428222656,74.87905883789062,-1.8510198882167082,0.08510494715796196,83.57063078069612,-20.458883,4.987388,23.23993,6.631075,-0.6478321,-0.010545982,15.530306,3.374318,0.6457032,24.432602,-17.99312,-0.80269486,12.55887,2.420849,10.314704,22.30569,12.38189,-10.515883,76.47219,4.7930803,-0.9142943,-0.8147351,-23.512743,-21.517641,9.592073,42.935795,-21.755651,-6.530303,-8.957421
384,7.204925060272217,246.06336975097656,74.92223358154297,-1.2232793104833388,0.1627780103022696,83.58924972299143,-19.961958,4.177983,23.47478,6.669768,0.7370798,0.5334239,14.754805,2.3967671,0.47694206,27.118681,-17.280458,-0.18922164,12.569883,1.7589848,10.234921,22.006147,12.354314,-10.693628,76.79531,5.030411,-0.7054266,-0.94964767,-22.652561,-21.390121,9.574386,42.6018,-21.815346,-6.6810074,-9.095736
385,7.123394966125488,247.0252685546875,74.9655532836914,-0.6130293172532485,0.14797901154984272,83.4860595722804,-19.250717,3.4982696,23.966928,6.750741,1.542445,0.60817266,13.946381,1.4260261,0.42653424,29.919044,-16.195108,0.56320417,12.665603,1.1360052,10.260513,21.705267,12.304492,-10.736303,76.95203,5.3131695,-0.45009455,-1.1037604,-21.78755,-21.218304,9.590353,42.407654,-21.850292,-6.868746,-9.22975
386,7.041485786437988,247.98880004882812,75.02448272705078,-0.014373881146620134,0.07558534560107479,83.28179469792029,-18.881927,3.1623487,24.611265,8.012795,1.3562624,0.283089,13.080644,0.4683653,0.48291388,32.841663,-14.796933,1.4287244,12.828842,0.53863806,10.348849,21.388071,12.231112,-10.682328,76.99257,5.643117,-0.15703054,-1.27214,-20.90126,-21.000456,9.646643,42.338623,-21.86819,-7.0891414,-9.365341
387,6.967645645141602,248.95359802246094,75.1004409790039,0.5515279472734986,-0.039021276354102984,83.08810496387443,-18.517393,2.908183,25.221762,9.471877,0.8300341,-0.10291743,12.17117,-0.4492283,0.56180066,35.81648,-13.189557,2.327299,12.9467945,-0.009712575,10.491999,21.027039,12.146185,-10.608175,76.9554,5.9318976,0.1114273,-1.4415265,-20.037285,-20.73977,9.745477,42.406696,-21.88604,-7.3012958,-9.466098
388,6.892561912536621,249.897216796875,75.17821502685547,1.0492348168297136,-0.18874054689934772,83.00825228443406,-18.133734,2.61515,25.586424,10.86195,0.22651854,-0.22819306,11.240734,-1.2920966,0.58081067,38.767117,-11.467303,3.1748505,12.919952,-0.4739259,10.681979,20.598188,12.068333,-10.594055,76.8737,6.090037,0.29373083,-1.5997064,-19.232643,-20.44457,9.882477,42.618725,-21.919832,-7.4650087,-9.493671
389,6.815112590789795,250.81964111328125,75.26290130615234,1.4506544631122427,-0.3970940827671912,83.08727412308396,-17.736464,2.247182,25.592201,12.1726,-0.46965396,-0.0016151578,10.287018,-2.011643,0.5454439,41.73381,-9.520933,3.9147859,12.720626,-0.82372683,10.938773,20.091526,12.007725,-10.646294,76.74487,6.078286,0.37069106,-1.7710502,-18.472532,-20.11536,10.028458,42.980824,-21.972046,-7.576898,-9.444389
390,6.745222091674805,251.71656799316406,75.34235382080078,1.768547144132074,-0.6636237356159354,83.26010559714665,-17.287106,1.8354245,25.371864,13.398448,-1.3017887,0.3895295,9.303875,-2.6112392,0.4912442,44.735626,-7.3417597,4.62772,12.416704,-1.0785533,11.257541,19.520308,11.964364,-10.7361765,76.55151,5.946658,0.37698826,-1.9563096,-17.728283,-19.752842,10.181243,43.474087,-22.034082,-7.6569505,-9.334341
391,6.668817043304443,252.60081481933594,75.42154693603516,2.025956991840147,-0.948479519158323,83.46274291881451,-16.798534,1.4146572,25.074818,14.517779,-2.1821668,0.84768665,8.298326,-3.1523707,0.3810284,47.690903,-5.1834307,5.4036436,12.056888,-1.2703973,11.595231,18.894405,11.939716,-10.894414,76.30551,5.7393765,0.3315102,-2.1088402,-17.014263,-19.370129,10.375015,44.066032,-22.101255,-7.700003,-9.153994
392,6.57815408706665,253.4711151123047,75.48592376708984,2.2498094232700763,-1.2107628893587215,83.6339053481304,-16.278065,1.027384,24.84946,15.507297,-3.0291498,1.2778368,7.2649655,-3.7252827,0.17667156,50.54622,-3.3108034,6.2943425,11.689338,-1.4320599,11.909583,18.22212,11.934839,-11.156926,76.01909,5.498523,0.2530734,-2.1828008,-16.341963,-18.989004,10.641345,44.720604,-22.16689,-7.7010975,-8.892109
393,6.4828643798828125,254.33786010742188,75.54072570800781,2.439547016915243,-1.4486817838039874,83.80168669336034,-15.741003,0.6829631,24.696835,16.396059,-3.8590698,1.6922127,6.2228837,-4.386224,-0.17386302,53.313545,-1.6226817,7.477373,11.293698,-1.5525453,12.196522,17.49436,11.94594,-11.541181,75.69765,5.191714,0.13143007,-2.195041,-15.701425,-18.621971,10.967044,45.428616,-22.240902,-7.6446753,-8.512516
394,6.4026312828063965,255.17276000976562,75.58596801757812,2.585718488863239,-1.680156094351298,83.98764345131177,-15.176321,0.36429685,24.545803,17.186192,-4.7089944,2.129198,5.146977,-5.1127634,-0.6347513,56.065556,-0.0477089,8.821003,10.856964,-1.6194754,12.478628,16.706179,11.968687,-12.033867,75.33571,4.8103147,-0.03843185,-2.1631043,-15.078528,-18.270754,11.336688,46.19786,-22.31828,-7.5390034,-8.029152
395,6.335833549499512,255.97467041015625,75.63072204589844,2.7151433281957593,-1.8921552507434751,84.12216664098764,-14.555025,0.07189192,24.440094,17.816557,-5.526961,2.5339065,3.9715772,-5.9099755,-1.13313,58.823895,1.1111232,9.891689,10.436182,-1.6640836,12.753166,15.873179,12.003158,-12.622039,74.928406,4.4347496,-0.23246388,-2.0414085,-14.480736,-17.9411,11.779258,47.019913,-22.36865,-7.4144635,-7.5062604
396,6.256250858306885,256.7848815917969,75.678955078125,2.85220983328134,-2.0718409558819286,84.13504235089236,-13.849031,-0.2046934,24.428972,18.222317,-6.254947,2.8532262,2.6448643,-6.789104,-1.6084495,61.573467,1.5542638,10.268295,10.0890665,-1.7172935,13.017119,15.012586,12.050455,-13.291236,74.464836,4.146094,-0.4241554,-1.7843509,-13.918656,-17.640623,12.325845,47.888443,-22.35955,-7.3007145,-7.0076423
397,6.1812591552734375,257.5853271484375,75.74079895019531,3.0143732649951636,-2.2078962815159873,83.97057334077121,-13.038337,-0.48025188,24.569283,18.354116,-6.877287,3.0974476,1.1273556,-7.841679,-2.0869763,64.37991,0.9501496,9.688996,9.853686,-1.7918358,13.267381,14.127253,12.10408,-14.067933,73.93272,3.9502738,-0.60983175,-1.3396434,-13.416954,-17.375536,13.006213,48.80921,-22.261751,-7.1937428,-6.52407
398,6.101885795593262,258.3721008300781,75.81585693359375,3.1874988057811597,-2.3086646042712236,83.67887670310412,-12.150943,-0.75659835,24.82652,18.268116,-7.4281187,3.2894678,-0.5355076,-9.041586,-2.5646718,67.20877,-0.4733188,8.439178,9.688912,-1.8666939,13.506472,13.209001,12.158182,-14.946752,73.33379,3.811087,-0.80022234,-0.7447593,-12.969325,-17.14729,13.799634,49.7864,-22.097116,-7.0799446,-6.029631
399,6.028555870056152,259.1508483886719,75.89997863769531,3.3462462027794366,-2.3905978954482108,83.34443005752716,-11.20198,-1.0343524,25.114391,18.000904,-7.895987,3.3952587,-2.265733,-10.205577,-2.952048,69.87717,-2.1607077,6.928865,9.540804,-1.9199891,13.7407055,12.246529,12.217343,-15.865969,72.70505,3.74639,-1.0067725,-0.08797615,-12.537439,-16.951382,14.659585,50.806644,-21.907648,-6.9749947,-5.562975
400,5.962369441986084,259.91986083984375,75.9956283569336,3.466962283100394,-2.4705047774723248,83.05160912935806,-10.212799,-1.30684,25.349276,17.606022,-8.279235,3.379626,-3.9918199,-11.169342,-3.206147,72.20734,-3.5342522,5.5427856,9.356083,-1.9371735,13.975761,11.231487,12.293282,-16.765553,72.082756,3.77263,-1.2399399,0.5414345,-12.082792,-16.780262,15.53911,51.858604,-21.736645,-6.8955083,-5.163132
401,5.90107536315918,260.68359375,76.10344696044922,3.551865942110159,-2.5474864487091455,82.7936025253393,-9.166014,-1.5734258,25.539152,17.04964,-8.560382,3.197741,-5.7467456,-11.908657,-3.3283572,74.19049,-4.4348407,4.2759776,9.139964,-1.9227989,14.214049,10.158245,12.396031,-17.660053,71.46502,3.930291,-1.5114635,1.1569118,-11.60932,-16.629807,16.4573,52.950523,-21.592995,-6.8572955,-4.8440957
402,5.851912498474121,261.4372863769531,76.2078628540039,3.6067885569783744,-2.613884458416468,82.53560199678132,-8.059829,-1.8337531,25.72107,16.321165,-8.74854,2.8821943,-7.557913,-12.486341,-3.362938,75.907616,-5.16212,2.9644065,8.915047,-1.8855639,14.451209,9.036298,12.524416,-18.57153,70.82878,4.1980386,-1.8096869,1.7924669,-11.139723,-16.499046,17.427837,54.08915,-21.45424,-6.847817,-4.5842977
403,5.8116984367370605,262.18682861328125,76.31543731689453,3.6227275782836603,-2.676839142209845,82.31968029786856,-6.9287868,-2.0825155,25.85378,15.496509,-8.877332,2.5111547,-9.340083,-12.8990755,-3.3677976,77.31674,-5.810546,1.7290472,8.655433,-1.8180528,14.683599,7.87959,12.673816,-19.45397,70.18198,4.500588,-2.1105967,2.3890743,-10.651236,-16.380945,18.390238,55.252438,-21.321466,-6.841906,-4.3690195
404,5.776935577392578,262.9310607910156,76.42565155029297,3.5934312664668875,-2.7437469020335743,82.18730608821379,-5.812589,-2.309852,25.896406,14.664603,-8.985524,2.160783,-11.006025,-13.146969,-3.3957899,78.376564,-6.47396,0.6961957,8.334975,-1.71549,14.906892,6.7031355,12.840873,-20.262482,69.53614,4.762227,-2.3925984,2.8876858,-10.11904,-16.266045,19.284954,56.42145,-21.19771,-6.814691,-4.184779
405,5.747385501861572,263.66949462890625,76.54045104980469,3.509273820986846,-2.8159038358270343,82.15060336727464,-4.718414,-2.5051808,25.834116,13.842315,-9.074269,1.8366534,-12.540134,-13.193109,-3.4522023,79.06366,-7.1718316,-0.079602584,7.946701,-1.5708947,15.117374,5.501226,13.028706,-21.005726,68.902596,4.9676986,-2.657573,3.2867877,-9.534913,-16.147387,20.109388,57.616558,-21.081774,-6.763449,-4.0540247
406,5.726343154907227,264.40716552734375,76.65419006347656,3.378443451513248,-2.8893360728219353,82.18728231162375,-3.6257284,-2.6701152,25.69028,12.986857,-9.126017,1.5005984,-13.984324,-13.050528,-3.525812,79.404915,-7.8467712,-0.66539085,7.5046253,-1.3924435,15.316065,4.2719445,13.240157,-21.704859,68.2758,5.1564126,-2.9152281,3.612842,-8.912051,-16.024544,20.890327,58.84608,-20.976063,-6.700373,-3.9770453
407,5.709870338439941,265.1383972167969,76.7665023803711,3.216681918632627,-2.9645866103003895,82.28733953557868,-2.5331306,-2.8134527,25.482763,12.103565,-9.153867,1.1623107,-15.334399,-12.799282,-3.63841,79.432625,-8.48068,-1.1182966,7.01335,-1.1983131,15.5066805,3.031148,13.472738,-22.3405,67.64898,5.325639,-3.1576052,3.849056,-8.257678,-15.899684,21.616749,60.07449,-20.885439,-6.622924,-3.9069424
408,5.705458641052246,265.8613586425781,76.87715911865234,3.0399010835456957,-3.0418844130434164,82.44073516072675,-1.4303527,-2.9492106,25.229187,11.177268,-9.15995,0.83354217,-16.586658,-12.519267,-3.8087053,79.17954,-9.05883,-1.4968888,6.4770064,-1.0048528,15.692249,1.7945662,13.721855,-22.888643,67.01655,5.476476,-3.3771236,3.9794238,-7.577793,-15.776647,22.275108,61.264015,-20.817453,-6.5284815,-3.7965357
409,5.713114261627197,266.57806396484375,76.97926330566406,2.8468782008831566,-3.125551655086507,82.65937610512769,-0.31375754,-3.0770245,24.915623,10.208245,-9.153379,0.5280077,-17.733053,-12.200473,-4.0417757,78.632904,-9.580288,-1.7901125,5.883212,-0.8060615,15.876577,0.5574782,13.987532,-23.337973,66.38373,5.612527,-3.5676565,3.9756122,-6.8642526,-15.655139,22.85943,62.420017,-20.788643,-6.422486,-3.6452978
410,5.719748497009277,267.3020935058594,77.07571411132812,2.6307180014108407,-3.2134814392480893,82.94432017524873,0.81906587,-3.1922095,24.5387,9.187069,-9.1231165,0.23756701,-18.77582,-11.81794,-4.3277693,77.77904,-10.051886,-1.9767812,5.2342763,-0.596781,16.057167,-0.689962,14.272144,-23.708647,65.76002,5.730152,-3.737364,3.8542264,-6.11335,-15.534248,23.377327,63.557217,-20.789944,-6.305811,-3.4743702
411,5.729370594024658,268.02642822265625,77.16496276855469,2.405368023113646,-3.29527022438369,83.26890838399562,1.9480584,-3.2919862,24.132195,8.148461,-9.075123,-0.05684999,-19.726954,-11.424638,-4.6615505,76.65058,-10.470406,-2.098146,4.5573497,-0.39261657,16.226007,-1.9360082,14.573804,-24.018927,65.13653,5.824842,-3.893377,3.666809,-5.336885,-15.418651,23.836597,64.64625,-20.788216,-6.164531,-3.2670023
412,5.745101451873779,268.7477722167969,77.24226379394531,2.1853068231354067,-3.360650312723072,83.60635957862154,2.9819477,-3.3415883,23.733992,7.290452,-9.102631,-0.375229,-20.59703,-11.069193,-5.0388575,75.27961,-10.832827,-2.193425,3.8796878,-0.20543611,16.375858,-3.170261,14.887194,-24.285984,64.50541,5.8922057,-4.0443788,3.4652383,-4.547527,-15.3155985,24.24846,65.656876,-20.74502,-5.986188,-3.0065463
413,5.7630228996276855,269.4705810546875,77.30924224853516,1.961663013413344,-3.412419062050219,83.95688802547271,3.660366,-3.2132552,23.361849,7.2205467,-9.52039,-0.7533955,-21.37621,-10.743138,-5.4709973,73.65475,-11.137356,-2.2423785,3.2016892,-0.024862101,16.508808,-4.3979335,15.208044,-24.499355,63.86482,5.924147,-4.1895304,3.2313006,-3.738915,-15.22917,24.609238,66.569916,-20.66433,-5.738356,-2.6589894
414,5.7817063331604,270.1933898925781,77.36018371582031,1.7335612501903672,-3.4535691601523317,84.33221571765505,4.324876,-3.0689783,22.982391,7.1525016,-9.925133,-1.1622831,-22.0587,-10.424806,-5.955819,71.759964,-11.385745,-2.230822,2.5123744,0.15470843,16.627827,-5.6272407,15.536408,-24.657583,63.22349,5.9251165,-4.3251615,2.9486005,-2.9051902,-15.159355,24.915699,67.40344,-20.559963,-5.43957,-2.2431135
415,5.811016082763672,270.91583251953125,77.39717102050781,1.5208258661071945,-3.475334978216739,84.72271379150067,4.9678335,-2.9344828,22.598331,7.083436,-10.322635,-1.5437049,-22.661507,-10.140018,-6.469866,69.62478,-11.58286,-2.2064111,1.8213868,0.3131662,16.726599,-6.8517504,15.873037,-24.788376,62.58952,5.9107466,-4.4566083,2.672239,-2.0540183,-15.107235,25.172922,68.169716,-20.41639,-5.146291,-1.8184857
416,5.84691047668457,271.64178466796875,77.42464447021484,1.343677841688076,-3.4696146711299383,85.11818630855376,5.5801687,-2.8334186,22.213701,7.0156035,-10.719774,-1.840827,-23.20075,-9.910943,-6.989159,67.27568,-11.733124,-2.212848,1.1394975,0.43145368,16.799301,-8.06591,16.21866,-24.922268,61.97013,5.8938713,-4.589341,2.457129,-1.1937246,-15.073342,25.385445,68.88423,-20.216677,-4.918949,-1.4454733
417,5.883765697479248,272.3722839355469,77.443115234375,1.2093135291779662,-3.435174325017146,85.51226450006159,6.1577787,-2.772133,21.832384,6.9466305,-11.105123,-2.0256927,-23.685228,-9.730163,-7.5032935,64.70998,-11.83515,-2.2696342,0.47279927,0.5036091,16.845747,-9.275021,16.575674,-25.06709,61.366795,5.8658953,-4.7241917,2.3208125,-0.32848972,-15.05984,25.555391,69.549355,-19.936792,-4.783166,-1.1177849
418,5.925254821777344,273.0926818847656,77.44343566894531,1.1077036380451928,-3.3769648718179877,85.91038557054618,6.707725,-2.7380164,21.45179,6.874477,-11.478595,-2.135093,-24.100239,-9.579729,-8.028085,61.912228,-11.88764,-2.3434453,-0.18350664,0.54079896,16.868395,-10.478946,16.943995,-25.20667,60.773148,5.824657,-4.858722,2.2325892,0.54913586,-15.066203,25.67928,70.1538,-19.59201,-4.7035794,-0.80963296
419,5.977243423461914,273.823486328125,77.43095397949219,1.027440963180476,-3.297374594633306,86.31977303668167,7.235395,-2.7226331,21.063969,6.800372,-11.853653,-2.2128775,-24.42956,-9.460675,-8.582029,58.895428,-11.898339,-2.398747,-0.8358092,0.5540311,16.865356,-11.667753,17.319906,-25.33984,60.18535,5.7887487,-4.9911427,2.1765347,1.4437386,-15.087701,25.756771,70.69802,-19.221123,-4.6488576,-0.5526979
420,6.023144721984863,274.5506286621094,77.39599609375,0.9612148217030462,-3.1986719787995246,86.74815826978006,7.74056,-2.715189,20.660961,6.742176,-12.258376,-2.301558,-24.659084,-9.3745985,-9.183694,55.670994,-11.8755865,-2.3992934,-1.4905732,0.55386263,16.834103,-12.830477,17.69739,-25.461412,59.60147,5.7813683,-5.1195264,2.1375017,2.3591323,-15.117887,25.782785,71.18542,-18.868753,-4.5882397,-0.37964225
421,6.068638324737549,275.28424072265625,77.34452819824219,0.9375726753633167,-3.076075403937608,87.19122131769029,8.189566,-2.7392192,20.243263,6.76181,-12.734246,-2.418445,-24.780802,-9.353449,-9.842844,52.183994,-11.817308,-2.3598964,-2.1434264,0.51220185,16.766573,-13.977234,18.075274,-25.572802,59.030693,5.8142104,-5.242031,2.1229644,3.2946198,-15.152774,25.762938,71.62072,-18.527332,-4.5186353,-0.31029034
422,6.12252950668335,276.02191162109375,77.27359771728516,0.9414310500009486,-2.927487651829602,87.6504926723386,8.610201,-2.7871509,19.809063,6.78356,-13.228532,-2.540226,-24.793129,-9.358281,-10.566995,48.416786,-11.705314,-2.281483,-2.7966254,0.44532663,16.659857,-15.110939,18.453579,-25.674124,58.47535,5.8759837,-5.360111,2.138433,4.246977,-15.191858,25.69758,72.00706,-18.182037,-4.456078,-0.3243799
423,6.183762073516846,276.78302001953125,77.18325805664062,0.9726659008806384,-2.770096311454892,88.12552225853341,9.026518,-2.8560748,19.372602,6.8040853,-13.7324505,-2.6406057,-24.69707,-9.35485,-11.29876,44.437458,-11.515586,-2.1018384,-3.448606,0.35299063,16.53022,-16.220406,18.829082,-25.766642,57.93269,5.9466743,-5.4780936,2.1666949,5.2159915,-15.231574,25.577547,72.34464,-17.858803,-4.398671,-0.39518622
424,6.246569633483887,277.5475158691406,77.07417297363281,1.0306917635687356,-2.6214851881567007,88.61649311543074,9.461547,-2.9430225,18.947132,6.824906,-14.240272,-2.6926816,-24.495005,-9.321543,-11.97659,40.311237,-11.223478,-1.7695738,-4.09762,0.23376876,16.39356,-17.292788,19.19617,-25.848297,57.400913,6.0107656,-5.6001105,2.1912239,6.2000427,-15.267555,25.392212,72.63706,-17.585707,-4.34379,-0.4965978
425,6.3231048583984375,278.3235778808594,76.95275115966797,1.1260885061521826,-2.4869644980373993,89.13713058191433,9.922576,-3.0587034,18.529753,6.8455625,-14.758842,-2.6667256,-24.153917,-9.277198,-12.599721,35.92796,-10.755545,-1.2118802,-4.754315,0.07615264,16.245731,-18.333294,19.553635,-25.920744,56.893295,6.068993,-5.734293,2.2120178,7.2121286,-15.295323,25.133423,72.8822,-17.389114,-4.290143,-0.6444196
426,6.393048286437988,279.1019287109375,76.817626953125,1.2587688643065102,-2.3615169554398556,89.68817063129488,10.401041,-3.207503,18.10889,6.865695,-15.2878065,-2.581533,-23.658537,-9.228476,-13.197558,31.232698,-10.112096,-0.4805566,-5.4200816,-0.12038419,16.081347,-19.347708,19.90155,-25.982622,56.410915,6.1313396,-5.8762326,2.237392,8.250738,-15.31231,24.806105,73.081,-17.250784,-4.239515,-0.8453517
427,6.463108062744141,279.8914489746094,76.66971588134766,1.4200543304613595,-2.247688974190928,90.25243910403326,10.897021,-3.378739,17.682774,6.885113,-15.808471,-2.484654,-23.03678,-9.157087,-13.749496,26.376347,-9.385953,0.2772406,-6.081543,-0.3419342,15.915383,-20.335627,20.236788,-26.038134,55.942387,6.1831656,-6.0118275,2.2633946,9.290567,-15.318017,24.427649,73.24355,-17.12195,-4.1939354,-1.0600641
428,6.532499313354492,280.69635009765625,76.51207733154297,1.605039516697364,-2.148210739395457,90.81473820829038,11.412696,-3.562895,17.248522,6.9019833,-16.303705,-2.4237998,-22.325405,-9.061821,-14.234233,21.537188,-8.689409,0.9095939,-6.7263207,-0.57736075,15.76266,-21.298,20.554827,-26.091516,55.479874,6.210221,-6.1271243,2.2863817,10.306732,-15.314994,24.012262,73.38053,-16.956259,-4.155235,-1.2496057
429,6.602134704589844,281.5047912597656,76.34315490722656,1.8324203344608796,-2.068234374344365,91.38335132551502,11.955202,-3.7819529,16.796267,6.914505,-16.779673,-2.4149468,-21.490082,-8.963083,-14.603396,16.593822,-8.049832,1.3379784,-7.363798,-0.84566104,15.620415,-22.23444,20.854591,-26.139992,55.020275,6.209746,-6.2110744,2.3058522,11.310937,-15.306387,23.5421,73.48057,-16.740944,-4.128249,-1.4162875
430,6.672512531280518,282.3125915527344,76.16470336914062,2.1324131026032442,-2.020037036400502,91.99032195429828,12.537253,-4.0718203,16.29989,6.922034,-17.242659,-2.4261076,-20.48347,-8.932186,-14.890049,11.454321,-7.3901515,1.6415749,-8.021331,-1.1826168,15.486999,-23.149965,21.138096,-26.18532,54.57579,6.1875796,-6.2736397,2.3222806,12.323424,-15.291072,23.014212,73.53409,-16.501715,-4.1108036,-1.575965
431,6.752931118011475,283.13140869140625,75.97410583496094,2.4914905966184904,-2.005979812393529,92.63868736764137,13.152904,-4.41496,15.749734,6.9255767,-17.670322,-2.4451308,-19.694944,-9.093174,-15.14511,7.118673,-7.073247,1.9148234,-8.698012,-1.5784637,15.375653,-24.04508,21.403059,-26.225388,54.15347,6.153029,-6.332367,2.3341901,13.324428,-15.264155,22.47109,73.559235,-16.246042,-4.0940933,-1.7108891
432,6.8439507484436035,283.94769287109375,75.78278350830078,2.8529313040487696,-2.008848257746034,93.29611094836856,13.776461,-4.739489,15.175325,6.932818,-18.045193,-2.47019,-20.615667,-9.776993,-15.228268,6.925502,-8.686877,2.2692268,-9.361894,-1.9714822,15.294377,-24.920097,21.644152,-26.254313,53.759087,6.114471,-6.4054017,2.3433952,14.281673,-15.21862,21.953854,73.583694,-15.984546,-4.0694833,-1.8042836
433,6.930002689361572,284.7629089355469,75.59324645996094,3.184832742821093,-2.004507494876853,93.95747407497973,14.385874,-4.996976,14.585786,6.94237,-18.389929,-2.5241756,-21.411608,-10.433981,-15.526788,6.817815,-10.140386,2.7943041,-9.996308,-2.3238814,15.232182,-25.796774,21.858686,-26.282822,53.40174,6.065364,-6.5010934,2.3458977,15.193658,-15.152033,21.436066,73.60576,-15.722598,-4.0236464,-1.8494672
434,7.038459300994873,285.5859069824219,75.41671752929688,3.4403169467366657,-1.984469527406209,94.58732134958348,14.97773,-5.1350617,14.025786,6.955217,-18.708086,-2.6210833,-22.143051,-10.996811,-15.964042,6.847836,-11.515952,3.4126322,-10.5763855,-2.5766222,15.187806,-26.678257,22.020943,-26.293617,53.096897,6.0151267,-6.6107726,2.3517828,16.057127,-15.077913,20.912926,73.62901,-15.448719,-3.9643164,-1.8572013
435,7.145238876342773,286.40899658203125,75.25428771972656,3.6448266172579644,-1.9622548225221133,95.14499963808969,15.5680685,-5.2001686,13.534311,6.967003,-18.94835,-2.7255354,-22.696589,-11.425637,-16.385752,6.8698425,-12.572395,3.9676192,-11.069595,-2.770519,15.181706,-27.514818,22.165693,-26.279013,52.79852,5.967208,-6.721431,2.3684804,16.846409,-14.981587,20.430214,73.67895,-15.167341,-3.9144316,-1.8388299
436,7.249288082122803,287.2160339355469,75.11434173583984,3.778250623492259,-1.931724426095137,95.55630190343615,16.156809,-5.181877,13.187927,6.9749513,-19.061037,-2.8164186,-23.042156,-11.6320095,-16.614235,6.8831263,-13.158093,4.2717357,-11.441321,-2.8781066,15.214956,-28.26926,22.270767,-26.189615,52.514385,5.9507365,-6.824635,2.415227,17.512674,-14.881739,20.072548,73.80174,-14.85935,-3.895109,-1.8069776
437,7.36007833480835,288.020263671875,75.00392150878906,3.8525244825636813,-1.8864894945591615,95.79634634977191,16.738474,-5.0960884,13.013717,6.9796386,-19.064459,-2.8554504,-23.118288,-11.590155,-16.5687,6.881887,-13.201484,4.29307,-11.665033,-2.9064107,15.291087,-28.942837,22.336279,-26.016691,52.236862,5.979227,-6.9164953,2.4980185,18.059921,-14.789291,19.83665,73.987,-14.505367,-3.9259093,-1.7716241
438,7.4657769203186035,288.8273010253906,74.920654296875,3.8937985275121227,-1.830433570027402,95.89380620627469,17.30423,-4.960595,12.981311,7.006478,-18.989227,-2.8596091,-22.963331,-11.362384,-16.330631,6.8729744,-12.800561,4.1172175,-11.756275,-2.8832362,15.407984,-29.554358,22.373701,-25.784033,51.968197,6.030512,-7.0025644,2.6065745,18.506966,-14.701552,19.684912,74.21734,-14.119337,-3.992961,-1.7236367
439,7.573543548583984,289.6297302246094,74.86721801757812,3.8798130239218414,-1.7857254003698593,95.83992589873442,17.851784,-4.7513294,13.098632,7.1330333,-18.833624,-2.8896642,-22.68311,-10.968684,-15.959791,6.860166,-12.045957,3.729158,-11.712544,-2.8033888,15.586594,-30.076023,22.389654,-25.491854,51.697163,6.0930204,-7.0868244,2.7331572,18.827677,-14.608285,19.630247,74.512665,-13.737464,-4.0593677,-1.645072
440,7.715603828430176,290.4249572753906,74.86133575439453,3.7593461206091634,-1.7481864024898779,95.67244186583585,18.421968,-4.417343,13.329442,7.2596273,-18.492887,-3.0146658,-22.390524,-10.414508,-15.579099,6.8403893,-11.034334,3.1109462,-11.581606,-2.6252093,15.819723,-30.491074,22.384302,-25.140638,51.429737,6.1539598,-7.1726756,2.869803,18.992693,-14.496495,19.701075,74.907745,-13.386989,-4.094852,-1.5227861
441,7.840816020965576,291.2312927246094,74.86619567871094,3.4675068134036153,-1.7128087161759598,95.34480812577654,19.013025,-3.892217,13.715241,7.410224,-18.030575,-3.2652805,-22.098312,-9.602751,-15.189688,6.8099813,-9.658629,2.1074564,-11.32233,-2.2745645,16.129425,-30.780802,22.35219,-24.706755,51.134926,6.2172184,-7.2531586,3.0229657,19.00104,-14.392078,19.90568,75.40273,-13.045392,-4.100173,-1.3363429
442,7.949175834655762,292.0370788574219,74.89703369140625,3.0265830504016926,-1.683711207923917,94.88579581484873,19.615635,-3.1937263,14.238831,7.599187,-17.4559,-3.6007385,-21.753304,-8.548542,-14.788327,6.7711897,-7.8943715,0.8049355,-10.974466,-1.7744722,16.501629,-30.959295,22.287071,-24.174232,50.836845,6.301289,-7.329679,3.1909428,18.840372,-14.278788,20.253027,76.017334,-12.700976,-4.08739,-1.1087179
443,8.095413208007812,292.840087890625,74.95909118652344,2.5055517924116946,-1.667999292220623,94.41703464164236,18.947247,-2.0403132,14.856909,10.59568,-18.095253,-3.9933617,-21.40421,-7.418333,-14.454613,6.801778,-6.016134,-0.4744888,-10.627692,-1.1994268,16.8985,-31.069145,22.184307,-23.629187,50.58589,6.372763,-7.416015,3.3662457,18.582256,-14.157913,20.69278,76.66302,-12.409545,-4.0465975,-0.8469633
444,8.265199661254883,293.657958984375,75.01532745361328,2.0211924465591147,-1.6700448885330825,94.07241616962746,18.026361,-0.81102765,15.369076,14.124969,-18.615164,-4.375247,-21.041788,-6.429765,-14.247138,6.8736405,-4.267318,-1.4326555,-10.379964,-0.6685281,17.279707,-31.147596,22.064476,-23.1755,50.41176,6.3735943,-7.5254593,3.5363128,18.317526,-14.0459,21.16495,77.223656,-12.23099,-3.9688058,-0.55218583
445,8.429619789123535,294.5028381347656,75.05538177490234,1.565140860688711,-1.6867566803263525,93.88718842782097,16.998333,0.45342287,15.72424,17.89005,-18.8455,-4.8049545,-21.18547,-5.7488427,-14.108601,8.132201,-3.262235,-2.0295322,-10.271978,-0.18510318,17.62932,-31.160704,21.922256,-22.790203,50.31363,6.283536,-7.676765,3.6966403,18.04302,-13.92614,21.701822,77.73295,-12.200621,-3.836754,-0.22791924
446,8.593541145324707,295.3507080078125,75.08724212646484,1.089700895385542,-1.7110493611897521,93.79119746139537,15.883821,1.8005161,15.9723215,21.849163,-18.828917,-5.272808,-21.40927,-5.164509,-14.064513,9.655145,-2.4107506,-2.4371848,-10.241922,0.3052687,17.967924,-31.110073,21.755404,-22.450521,50.280167,6.123801,-7.8578043,3.854229,17.725077,-13.793479,22.313578,78.22819,-12.283396,-3.6611989,0.12780702
447,8.764362335205078,296.19482421875,75.12217712402344,0.635129727310301,-1.7413356371550666,93.74289969961566,14.681763,3.1778228,16.16085,25.906067,-18.493626,-5.616842,-21.49202,-4.638621,-14.124247,10.955652,-1.558828,-2.6804674,-10.245464,0.76007336,18.30611,-31.050348,21.57362,-22.184952,50.326195,5.961012,-8.035707,4.0110235,17.35815,-13.651865,22.952621,78.66188,-12.42671,-3.4744139,0.5078038
448,8.928274154663086,297.0296325683594,75.16881561279297,0.2418113825619856,-1.7754421793751507,93.70665494085607,13.381035,4.5374036,16.341236,29.987701,-17.775381,-5.6835136,-21.533167,-4.214609,-14.269627,12.241561,-0.91815466,-2.774794,-10.247423,1.1356634,18.654213,-31.0185,21.386894,-22.002123,50.451138,5.8792686,-8.176662,4.1672873,16.935802,-13.509472,23.569326,78.98412,-12.581618,-3.30835,0.9056512
449,9.092077255249023,297.8586730957031,75.21113586425781,-0.06434229900225583,-1.8172455977465878,93.7072844333848,11.939974,5.8612623,16.51639,34.18308,-16.595306,-5.356949,-21.522078,-3.9598916,-14.562362,13.544317,-0.5189817,-2.58373,-10.270659,1.4081533,19.008364,-31.00495,21.200338,-21.909815,50.662743,5.8959517,-8.275778,4.3380156,16.468195,-13.365217,24.162872,79.17335,-12.76802,-3.1540902,1.3495028
450,9.26537799835205,298.6769714355469,75.24677276611328,-0.31349413494420386,-1.8624019885132288,93.74087658478307,10.378049,7.179272,16.692808,38.48844,-15.000726,-4.7540936,-21.448025,-3.8369184,-14.967534,14.825765,-0.28961778,-2.1572502,-10.314905,1.6067644,19.364285,-30.98472,21.013315,-21.893717,50.947216,5.9710493,-8.348963,4.5177364,15.951882,-13.216274,24.758278,79.2612,-13.002125,-3.0022776,1.8337482
451,9.445184707641602,299.489013671875,75.27586364746094,-0.5367372611288475,-1.9005119816656777,93.73396359456558,8.7686405,8.516688,16.92165,42.72059,-13.1314745,-4.063132,-21.386856,-3.7276397,-15.333821,16.134438,-0.26179412,-1.7750506,-10.315226,1.7665467,19.731054,-30.988707,20.83392,-21.953085,51.28389,6.074067,-8.394816,4.6772623,15.366153,-13.071268,25.345526,79.26953,-13.226185,-2.881985,2.302645
452,9.638396263122559,300.27880859375,75.30485534667969,-0.7603643645469134,-1.925169256906558,93.61564192596336,7.1767116,9.896973,17.236877,46.729618,-11.14703,-3.4551504,-21.40357,-3.5112658,-15.511837,17.493847,-0.45738813,-1.7033198,-10.212209,1.9158825,20.120947,-31.042929,20.674696,-22.084278,51.644855,6.172135,-8.411762,4.7858634,14.692279,-12.943974,25.916948,79.2147,-13.380661,-2.8217795,2.7019234
453,9.83241081237793,301.04766845703125,75.33248901367188,-0.9821087149994792,-1.9296301421334872,93.34940759742462,5.547938,11.34477,17.624084,50.601646,-8.817337,-2.9557273,-21.53863,-3.1260748,-15.422607,18.923107,-0.93959534,-2.0692718,-9.975386,2.0570786,20.531603,-31.141094,20.543179,-22.287592,52.02396,6.249916,-8.394953,4.8360634,13.917087,-12.841976,26.510944,79.10435,-13.443783,-2.8250544,3.054202
454,10.01278305053711,301.80303955078125,75.34507751464844,-1.1846482046078408,-1.9232897771071622,92.9763110169736,3.8636606,12.860905,18.075459,54.418674,-6.1663256,-2.4507923,-21.751701,-2.6319392,-15.154979,20.401556,-1.6695368,-2.699207,-9.6463785,2.171705,20.96254,-31.260452,20.44257,-22.556736,52.420918,6.323624,-8.346713,4.8413563,13.055604,-12.764567,27.121515,78.920364,-13.4526205,-2.8771024,3.3794956
455,10.181672096252441,302.5356140136719,75.33570861816406,-1.3684144318264329,-1.9258238756383996,92.54463127112714,2.2396219,14.428893,18.622986,58.044952,-3.7509625,-1.8957468,-21.960304,-2.0870805,-14.811618,21.838648,-2.4925227,-3.4049609,-9.277093,2.2526524,21.43068,-31.395748,20.3755,-22.866882,52.81175,6.4205294,-8.276549,4.8020916,12.126305,-12.712581,27.696125,78.6412,-13.414997,-2.9783506,3.620015
456,10.352206230163574,303.2486877441406,75.31258392333984,-1.5370943254334428,-1.955505419111886,92.10207980753891,0.78872985,16.034613,19.301788,61.362408,-2.1550858,-1.2527068,-22.095499,-1.5638063,-14.499412,23.178585,-3.2816703,-4.0035973,-8.916331,2.3016853,21.957458,-31.54647,20.351025,-23.204271,53.166634,6.5529914,-8.194044,4.71705,11.154129,-12.697513,28.166945,78.23164,-13.349282,-3.1297045,3.7197204
457,10.517143249511719,303.94964599609375,75.27262878417969,-1.7110045185081162,-2.0093770123967403,91.63428485978817,-0.42824006,17.762424,20.204956,64.40951,-1.6589097,-0.5568708,-22.147598,-1.0445001,-14.238243,24.398602,-4.013996,-4.4814095,-8.553637,2.333846,22.525124,-31.719517,20.354847,-23.574379,53.505905,6.7741985,-8.091031,4.5607347,10.104242,-12.711865,28.587986,77.74816,-13.176724,-3.353334,3.6794755
458,10.673267364501953,304.6394348144531,75.22892761230469,-1.8800244999936697,-2.0796158760005476,91.12319688437417,-1.4719201,19.590757,21.284864,67.262276,-1.9441153,0.17665382,-22.15607,-0.5112123,-13.969472,25.546566,-4.7643523,-4.92712,-8.17388,2.3385038,23.127462,-31.910908,20.400284,-23.993408,53.834396,7.0437536,-7.9660773,4.3444033,8.987005,-12.765286,28.994766,77.1691,-12.903208,-3.640798,3.5306327
459,10.815061569213867,305.314697265625,75.19700622558594,-2.0109365878372545,-2.1748891905405157,90.61689800297343,-2.4379342,21.333374,22.34988,69.866325,-2.6890457,0.9844571,-22.114471,-0.032958284,-13.692509,26.648127,-5.5446672,-5.3119125,-7.815026,2.2935908,23.803934,-32.103096,20.486395,-24.403038,54.11231,7.3148685,-7.8401,4.116751,7.847781,-12.853418,29.247568,76.411736,-12.708728,-3.947101,3.245188
460,10.942055702209473,305.9742126464844,75.17440032958984,-2.071797734192206,-2.3030526613285787,90.1644496562514,-3.4452028,22.798836,23.21026,72.1577,-3.559617,1.9044931,-22.02052,0.32527855,-13.410817,27.732012,-6.362166,-5.606039,-7.510024,2.1673274,24.57433,-32.316525,20.603903,-24.793827,54.35866,7.509918,-7.7333636,3.9400687,6.730407,-12.956835,29.240114,75.41479,-12.743026,-4.224696,2.7885265
461,11.059028625488281,306.605712890625,75.15835571289062,-2.03060312668585,-2.478929317714335,89.78686584843913,-4.524918,23.906805,23.84909,74.12652,-4.61343,3.012549,-21.850357,0.5205359,-13.123383,28.80237,-7.2532864,-5.7660947,-7.2731,1.9220036,25.46314,-32.552807,20.745646,-25.14665,54.563614,7.658292,-7.643256,3.823104,5.6074004,-13.071647,28.903381,74.187004,-13.081796,-4.458,2.1222665
462,11.166479110717773,307.2209777832031,75.15162658691406,-1.9078023815243341,-2.6896682616252994,89.45875092148412,-5.643878,24.720032,24.347418,75.79856,-5.9726815,4.2248955,-21.618221,0.5904069,-12.833282,29.852314,-8.206837,-5.819282,-7.076035,1.5760239,26.443825,-32.825687,20.908518,-25.495438,54.74964,7.77492,-7.5614023,3.7397876,4.460481,-13.204144,28.306553,72.76746,-13.630006,-4.6649795,1.2696352
463,11.276209831237793,307.8138732910156,75.15328979492188,-1.74477986418753,-2.9034274003582228,89.15823677313317,-6.8365574,25.274534,24.676447,77.16025,-7.383751,5.3591213,-21.368559,0.5983816,-12.551152,30.870575,-9.150196,-5.842128,-6.8925657,1.1800144,27.47051,-33.12818,21.087267,-25.848917,54.939766,7.8169827,-7.4975796,3.6937802,3.3448217,-13.347964,27.532587,71.134735,-14.299252,-4.8512917,0.2890999
464,11.3812255859375,308.396240234375,75.15831756591797,-1.588741051212572,-3.0898871135627326,88.86240009637024,-8.127442,25.627277,24.821218,78.198685,-8.587436,6.2489467,-21.14371,0.6111023,-12.284946,31.84347,-10.008641,-5.910607,-6.697381,0.78551483,28.497746,-33.44746,21.273718,-26.207153,55.154606,7.752512,-7.4613314,3.6885316,2.311849,-13.488402,26.668697,69.266525,-14.997596,-5.0206676,-0.76079005
465,11.486528396606445,308.9723815917969,75.16399383544922,-1.4411085607470675,-3.261876743135216,88.57538757453061,-9.51869,25.764595,24.777435,78.888016,-9.517355,6.8548603,-20.932714,0.6246945,-12.044774,32.76627,-10.746958,-6.057036,-6.4891505,0.3891149,29.5485,-33.79665,21.467192,-26.57056,55.404728,7.5255003,-7.4646287,3.7460132,1.3751736,-13.610015,25.647266,67.111435,-15.811916,-5.1545453,-1.9084207
466,11.58592700958252,309.53472900390625,75.16595458984375,-1.262227375335693,-3.252575162353696,88.30399570600531,-11.2112875,25.652008,24.585442,79.264366,-10.282321,7.287705,-20.931719,0.58850896,-11.8169365,33.666588,-11.392781,-6.237801,-6.382073,-0.10223951,29.793802,-33.818085,21.588882,-27.030525,55.96873,7.1077757,-7.5047364,3.7871852,0.6333411,-13.629587,24.729885,65.133514,-16.688847,-5.250873,-3.0551212
467,11.694374084472656,310.0851745605469,75.15800476074219,-1.0803075674030755,-3.165642962549304,88.03563355425058,-13.036144,25.351128,24.277733,79.34368,-10.906249,7.5664454,-21.00486,0.5527723,-11.588717,34.525177,-11.999837,-6.41158,-6.2817082,-0.61987424,29.793802,-33.807835,21.642904,-27.545258,56.703823,6.6585913,-7.557879,3.8373866,-0.115412235,-13.554036,23.860256,63.236427,-17.471233,-5.3461385,-4.24594
468,11.802529335021973,310.63751220703125,75.14328002929688,-0.9155688751764264,-3.031351345386484,87.75580147176332,-14.912819,24.921185,23.886011,79.15552,-11.414587,7.7197695,-21.106647,0.553975,-11.343389,35.334225,-12.617786,-6.538506,-6.1531253,-1.1095594,29.793802,-33.87697,21.659266,-28.089857,57.5039,6.2843,-7.6032643,3.8790495,-0.931599,-13.440167,23.10333,61.34698,-17.976189,-5.478154,-5.4453893
469,11.895537376403809,311.1839904785156,75.12350463867188,-0.7780471231454503,-2.8374715832514927,87.4595976757747,-16.877304,24.348497,23.372295,78.70387,-11.79222,7.7489996,-21.242588,0.6051338,-11.071292,36.08068,-13.256064,-6.603979,-5.9914193,-1.5483534,29.793802,-34.02395,21.666199,-28.700487,58.348534,5.9247236,-7.6632705,3.888405,-1.7606379,-13.323376,22.488564,59.379078,-18.12883,-5.6713595,-6.692875
470,11.996423721313477,311.7449645996094,75.1022720336914,-0.6626120468754738,-2.595416604422976,87.15389117429928,-18.913631,23.617884,22.74213,77.96734,-12.034189,7.6430187,-21.407322,0.6858635,-10.782516,36.772,-13.893455,-6.6318264,-5.8179646,-1.9576589,29.793802,-34.183556,21.667976,-29.298845,59.19312,5.6014776,-7.73759,3.8799493,-2.5743675,-13.213921,21.955908,57.27406,-18.039894,-5.909111,-7.9879947
471,12.083479881286621,312.294677734375,75.07170104980469,-0.555863660806086,-2.3184392648981897,86.84081985135032,-20.931774,22.787645,22.087809,76.94893,-12.181853,7.417747,-21.60166,0.77562964,-10.487947,37.441612,-14.533595,-6.640496,-5.646332,-2.3493662,29.793802,-34.36543,21.672695,-29.903168,60.035885,5.340744,-7.775661,3.881169,-3.3991406,-13.119205,21.496004,55.111507,-17.786867,-6.1885037,-9.202179
472,12.158164024353027,312.8399963378906,75.03223419189453,-0.4474324596989669,-2.019159686398378,86.5230841601857,-22.846628,21.914906,21.499672,75.64983,-12.275833,7.087904,-21.827715,0.8532891,-10.198051,38.122353,-15.178598,-6.647987,-5.496564,-2.7438548,29.793802,-34.52782,21.6741,-30.443691,60.84067,5.2581606,-7.725511,3.916668,-4.269245,-13.038875,21.107199,52.976696,-17.44756,-6.50266,-10.207161
473,12.233235359191895,313.384521484375,74.98892974853516,-0.3335757651912924,-1.694044391195651,86.20522303334837,-24.65592,21.002857,20.987219,74.05212,-12.330003,6.6246557,-22.08726,0.91205984,-9.917984,38.81429,-15.8363495,-6.6536784,-5.376212,-3.1394954,29.793802,-34.678555,21.670904,-30.920452,61.616657,5.4233575,-7.5542607,3.9917362,-5.1879945,-12.979485,20.813183,50.860165,-16.956882,-6.894701,-10.999738
474,12.296760559082031,313.92596435546875,74.9420166015625,-0.22369107577158912,-1.3387966878563504,85.8835524573067,-26.38761,20.031746,20.506023,72.15199,-12.324311,6.035417,-22.379309,0.962878,-9.639983,39.50443,-16.504261,-6.6501713,-5.27287,-3.5262945,29.793802,-34.81623,21.660885,-31.33282,62.36569,5.7950063,-7.295094,4.091137,-6.1241803,-12.937893,20.607092,48.711025,-16.301046,-7.3578224,-11.631595
475,12.348112106323242,314.458251953125,74.8873291015625,-0.11656301312062405,-0.9650919322109918,85.54862170338438,-28.008852,19.024183,20.061945,69.97113,-12.246367,5.386529,-22.698446,1.0127207,-9.355451,40.20002,-17.165934,-6.644693,-5.186794,-3.910389,29.793802,-34.91167,21.644506,-31.640104,63.063065,6.2791743,-6.9968185,4.2116733,-7.0822678,-12.909767,20.457466,46.571354,-15.626865,-7.8012333,-12.066029
476,12.39198112487793,314.987548828125,74.82637023925781,-0.014035212895904639,-0.5849447242418004,85.19145532556641,-29.490654,18.00355,19.657291,67.533295,-12.084267,4.743871,-23.039007,1.0706474,-9.057258,40.90972,-17.806105,-6.6448092,-5.093728,-4.293938,29.793802,-34.98179,21.61989,-31.882324,63.716877,6.724894,-6.709292,4.3561087,-8.05931,-12.877071,20.302216,44.486595,-15.089999,-8.131298,-12.271196
477,12.435118675231934,315.5180358886719,74.7583236694336,0.0936488386144527,-0.20400285953618572,84.80018096312125,-30.82343,16.964962,19.287914,64.81659,-11.839147,4.141027,-23.399511,1.1390961,-8.722073,41.634937,-18.425665,-6.635462,-4.9746566,-4.678904,29.793802,-35.10818,21.60664,-32.23997,64.38564,6.9554667,-6.4263144,4.5365834,-9.058985,-12.829729,20.11319,42.448124,-14.747151,-8.292516,-12.183804
478,12.47023868560791,316.04815673828125,74.67969512939453,0.20170144902357512,0.1856354530602367,84.38164723001124,-32.016514,15.907928,18.94987,61.80592,-11.51773,3.5451458,-23.784937,1.2142112,-8.360393,42.37372,-19.032246,-6.618438,-4.856798,-5.0784245,29.793802,-35.18087,21.593674,-32.489014,64.99153,7.236663,-6.1241794,4.741055,-10.090432,-12.766302,19.939445,40.440388,-14.508054,-8.341664,-11.840634
479,12.499983787536621,316.58648681640625,74.59158325195312,0.29144416364546527,0.5878118772700548,83.95622205444434,-33.07038,14.857907,18.6298,58.53228,-11.105779,2.910404,-24.186926,1.3009461,-8.019111,43.116756,-19.614592,-6.626226,-4.7521725,-5.4669213,29.793802,-35.215885,21.580675,-32.632214,65.54471,7.525148,-5.8399477,4.9644675,-11.161417,-12.691831,19.801579,38.529583,-14.319213,-8.35109,-11.379096
480,12.524858474731445,317.1114807128906,74.4971694946289,0.34051711181720906,1.0042170655399312,83.5433284337501,-33.984234,13.84206,18.318737,55.022137,-10.590193,2.1939356,-24.596752,1.4051117,-7.7453904,43.855476,-20.161243,-6.6915097,-4.6516266,-5.8059745,29.793802,-35.331005,21.604681,-32.934284,66.11475,7.527207,-5.614776,5.2089767,-12.271632,-12.604781,19.695442,36.789757,-14.133836,-8.394051,-10.938076
481,12.543827056884766,317.6544494628906,74.40364074707031,0.34633369958252574,1.4446033085801067,83.14719940078027,-34.760643,12.842881,17.982908,51.20737,-9.94546,1.3833498,-25.035173,1.5242729,-7.5516243,44.602554,-20.657734,-6.8490615,-4.582751,-6.111442,29.793802,-35.35767,21.633785,-33.022087,66.58054,7.5904894,-5.484737,5.451263,-13.432054,-12.503435,19.641706,35.20861,-13.913394,-8.494498,-10.487586
482,12.56610107421875,318.1960754394531,74.30467987060547,0.31427911614722076,1.9010974500649456,82.7539247367819,-35.382114,11.860876,17.627956,47.06553,-9.169703,0.5044986,-25.494099,1.6643251,-7.4137287,45.3534,-21.111221,-7.072875,-4.5290403,-6.3805375,29.793802,-35.364204,21.676098,-33.048367,66.99682,7.588219,-5.4232736,5.7044287,-14.636056,-12.3868065,19.627947,33.76312,-13.692685,-8.611955,-9.979777
483,12.58411979675293,318.74542236328125,74.19963836669922,0.24049047422236475,2.3570460831132163,82.35462118384562,-35.819386,10.939273,17.315525,42.667747,-8.282819,-0.42892796,-25.936106,1.8372793,-7.319302,46.083046,-21.54631,-7.3044806,-4.47467,-6.6168566,29.793802,-35.34854,21.7269,-33.007706,67.36895,7.5474586,-5.35538,5.9845166,-15.862243,-12.250134,19.660475,32.470036,-13.512683,-8.728491,-9.499087
484,12.601560592651367,319.2929382324219,74.08744812011719,0.11914088867424973,2.794391788721915,81.9386473931016,-36.04581,10.120106,17.109785,38.078793,-7.2986364,-1.4075589,-26.321264,2.056423,-7.255401,46.76562,-21.98869,-7.486261,-4.4044085,-6.82286,29.793802,-35.31033,21.77726,-32.89083,67.70779,7.4973598,-5.206429,6.308474,-17.096924,-12.088945,19.750204,31.357964,-13.414218,-8.829355,-9.132093
485,12.619455337524414,319.8523864746094,73.96641540527344,-0.06935710652313505,3.204208187663059,81.49903080634438,-36.00082,9.422163,17.047121,33.151936,-6.125956,-2.530685,-26.62672,2.345572,-7.2298265,47.377693,-22.440483,-7.6035633,-4.3063293,-6.978881,29.793802,-35.246574,21.817232,-32.69186,68.01385,7.4712257,-4.9281263,6.685952,-18.344292,-11.8985,19.910093,30.44897,-13.38586,-8.920617,-8.898958
486,12.640865325927734,320.4327087402344,73.83710479736328,-0.34895589714348646,3.5801052041637123,81.01929516533639,-35.66654,8.84356,17.076618,27.805725,-4.73431,-3.7811396,-26.85339,2.7343333,-7.2498517,47.920532,-22.881254,-7.6937313,-4.1599445,-7.0575924,29.793802,-35.15879,21.840403,-32.42789,68.30082,7.4436455,-4.5698185,7.1052666,-19.599632,-11.675747,20.127254,29.737333,-13.413276,-9.010727,-8.7529545
487,12.6574068069458,321.02496337890625,73.6861801147461,-0.7403399467302262,3.9034517865535707,80.4700459433224,-35.099243,8.4171,17.1367,22.249277,-3.2511098,-4.97614,-26.990324,3.2564921,-7.303725,48.398487,-23.29858,-7.7800684,-3.929752,-7.0395947,29.793802,-35.05209,21.840464,-32.125057,68.6003,7.35523,-4.203101,7.550726,-20.82615,-11.4191675,20.371374,29.198305,-13.531493,-9.081186,-8.678257
488,12.667586326599121,321.6193542480469,73.52403259277344,-1.256520238745631,4.157560259032863,79.8265657971816,-34.395756,8.189716,17.174038,16.78573,-1.8508018,-5.929178,-27.0311,3.9363496,-7.377277,48.82184,-23.68316,-7.8838906,-3.5830834,-6.910556,29.793802,-34.93463,21.810848,-31.810532,68.94303,7.1482406,-3.9004729,8.007741,-21.98578,-11.127806,20.608091,28.804163,-13.777973,-9.114307,-8.659597
489,12.687589645385742,322.2196960449219,73.34197998046875,-1.8987780941584311,4.324924422674996,79.07404710025939,-33.552467,8.163441,17.075508,11.401124,-0.5786964,-6.545804,-26.956768,4.7785883,-7.464553,49.186253,-24.048203,-8.005932,-3.098636,-6.6661925,29.793802,-34.80467,21.741646,-31.49529,69.345345,6.787634,-3.666504,8.491407,-23.06896,-10.796438,20.825312,28.579317,-14.202559,-9.111339,-8.73508
490,12.699758529663086,322.8351745605469,73.14260864257812,-2.6335887963320688,4.417524163369533,78.23801616370532,-32.9855,8.446775,16.877071,6.9651732,0.13577086,-6.9335093,-26.78743,5.7381024,-7.55685,49.507687,-24.4027,-8.13002,-2.4944365,-6.334534,29.793802,-34.678562,21.62877,-31.174881,69.80156,6.3129044,-3.4704828,9.008194,-24.090631,-10.42514,21.026964,28.521854,-14.777573,-9.078819,-8.899728
491,12.706571578979492,323.4547119140625,72.94206237792969,-3.3768105027147395,4.48944825432894,77.38659433957514,-34.230637,9.389032,16.615791,6.7963023,-1.3574542,-7.211292,-26.617203,6.699345,-7.6349525,49.862247,-24.747665,-8.242658,-1.8419555,-5.995715,29.793802,-34.599728,21.48702,-30.83712,70.294655,5.7800155,-3.3321977,9.533975,-25.07071,-10.029971,21.210135,28.555105,-15.421983,-9.00661,-9.075853
492,12.710022926330566,324.08135986328125,72.7371597290039,-4.031325897971939,4.618656284776455,76.58844741439509,-35.387054,10.273709,16.858587,6.646933,-2.7158134,-7.487397,-26.563017,7.532375,-7.6793075,50.331062,-25.087147,-8.328726,-1.1607349,-5.701308,29.793802,-34.539143,21.402554,-30.5351,70.64042,5.2022004,-3.263046,10.007813,-25.826965,-9.826888,21.341616,28.345514,-15.980588,-8.884651,-9.155686
493,12.712456703186035,324.7071533203125,72.530517578125,-4.659357540132895,4.792216927952951,75.81768182188594,-36.465786,11.220913,17.795162,6.5747137,-3.9587498,-7.856898,-26.610752,8.31445,-7.7077255,50.89423,-25.38725,-8.398499,-0.5262509,-5.451631,29.793802,-34.55459,21.303486,-30.125326,71.012825,4.627046,-3.2839537,10.453135,-26.630238,-9.596906,21.499409,28.203457,-16.526056,-8.707166,-9.152134
494,12.72398853302002,325.3424987792969,72.32681274414062,-5.212957781826173,5.020990643838706,75.0933179611787,-37.448742,12.155492,19.26644,6.494628,-5.0846863,-8.244568,-26.768908,8.982466,-7.7174006,51.56585,-25.68357,-8.440658,0.060228556,-5.2916217,29.793802,-34.63706,21.205652,-29.640066,71.38648,4.02583,-3.3822064,10.88819,-27.435604,-9.351616,21.6626,28.096601,-17.102457,-8.478089,-9.108282
495,12.728879928588867,325.9704284667969,72.11936950683594,-5.6969408580303424,5.293039827077834,74.45813105796972,-38.31806,13.006582,20.900576,6.4073644,-6.0599585,-8.574164,-26.99243,9.518736,-7.7540846,52.306007,-25.99111,-8.458863,0.5510168,-5.2075906,29.793802,-34.774143,21.119648,-29.113724,71.75511,3.441951,-3.5404613,11.327771,-28.245934,-9.09556,21.841,28.036129,-17.67557,-8.21418,-9.038613
496,12.73177433013916,326.5946044921875,71.91812896728516,-6.090046857085609,5.606482335239791,73.96355230597167,-39.071663,13.658662,22.337013,6.3220177,-6.862339,-8.747681,-27.250458,9.876177,-7.852731,53.092346,-26.337366,-8.452746,0.87508434,-5.232127,29.793802,-34.97972,21.042969,-28.557516,72.15582,2.9378133,-3.7417092,11.802658,-29.069096,-8.748192,22.04229,28.045626,-18.271242,-7.922439,-8.974398
497,12.732865333557129,327.22576904296875,71.72604370117188,-6.434961256311028,5.960977375396015,73.60590066227772,-39.780144,14.150463,23.541643,6.389936,-7.600408,-8.766687,-27.529268,10.094221,-8.050316,53.88955,-26.708107,-8.439944,1.1135018,-5.298665,29.793802,-35.2403,21.014404,-28.088135,72.50978,2.4291291,-3.996419,12.280318,-29.758163,-8.431134,22.193842,27.960321,-18.857466,-7.5884967,-8.881406
498,12.752400398254395,327.8371887207031,71.52963256835938,-6.755561273467741,6.338382662393655,73.34552874654702,-40.33432,14.510337,24.699553,6.4020696,-8.171365,-8.671553,-27.815752,10.2228155,-8.321594,54.6893,-27.079058,-8.422877,1.2715461,-5.397219,29.793802,-35.52895,21.025368,-27.633652,72.82761,1.9315896,-4.307803,12.754473,-30.38663,-8.123123,22.341179,27.86691,-19.425207,-7.2130075,-8.758927
499,12.769998550415039,328.4655456542969,71.34105682373047,-7.030886151267867,6.747671221662399,73.1881244259702,-40.73849,14.700083,25.692293,6.3076835,-8.483036,-8.422687,-28.11142,10.253136,-8.636995,55.483654,-27.44697,-8.383496,1.3930961,-5.5058684,29.793802,-35.861816,21.057133,-27.277647,73.09192,1.4808773,-4.630135,13.230803,-30.799074,-7.8977056,22.439285,27.612204,-19.975405,-6.8374195,-8.605721
500,12.783706665039062,329.1045837402344,71.15863037109375,-7.281160239541796,7.1864835927576065,73.13712297330426,-41.11685,14.779624,26.336628,6.332169,-8.582507,-7.9896383,-28.397324,10.2185135,-8.991368,56.23997,-27.79761,-8.310955,1.3345332,-5.680056,29.793802,-36.20323,21.140062,-26.882284,73.362526,1.1963593,-4.929462,13.763265,-31.36138,-7.6008644,22.620344,27.568476,-20.443367,-6.5139456,-8.464066
501,12.80009937286377,329.7496032714844,70.98961639404297,-7.435884151017385,7.68863683196109,73.24824279047576,-41.39735,14.595579,26.51692,6.408733,-8.438044,-7.3204093,-28.707823,10.021321,-9.375053,57.003574,-28.17552,-8.1764145,1.1735998,-5.8908978,29.793802,-36.600163,21.234901,-26.612274,73.568924,1.0669867,-5.1774855,14.33808,-31.686882,-7.387041,22.74813,27.326754,-20.904772,-6.227648,-8.305732
502,12.827963829040527,330.39471435546875,70.8236312866211,-7.53427510721948,8.25046905302293,73.50656583897383,-41.64801,14.230312,26.30194,6.648522,-8.133307,-6.445925,-29.037321,9.704027,-9.81685,57.756317,-28.564304,-7.9996605,0.8571559,-6.1406007,29.793802,-37.024067,21.373322,-26.37459,73.71874,1.075964,-5.4002333,14.951271,-31.891945,-7.1368823,22.863544,27.01873,-21.412746,-5.9606657,-8.14128
503,12.84832763671875,331.0283508300781,70.68221282958984,-7.502236514308889,8.884618754394364,73.8686756800875,-41.843452,13.660116,26.057978,6.7167974,-7.4997616,-5.408278,-29.434305,9.211973,-10.240199,58.553543,-28.95216,-7.792523,0.362755,-6.5877743,29.793802,-37.46338,21.619408,-26.107656,73.83983,1.1509533,-5.6221714,15.596386,-32.28019,-6.838303,23.056004,26.901203,-21.787567,-5.746278,-7.9854784
504,12.85395336151123,331.6582336425781,70.56615447998047,-7.401111328032227,9.599040114837244,74.2582201263516,-42.23299,13.1035185,26.011002,6.8276286,-6.636969,-4.268527,-29.920046,8.639664,-10.634219,59.35738,-29.275156,-7.589867,-0.15868263,-7.065304,29.793802,-37.945217,21.893013,-25.85185,73.910194,1.2097464,-5.8655987,16.221737,-32.477757,-6.566582,23.196627,26.666147,-22.233894,-5.604582,-7.824218
505,12.86430835723877,332.2940673828125,70.46693420410156,-7.185614770858948,10.410976959609599,74.67833639153315,-42.83392,12.52806,26.311583,6.899687,-5.457077,-2.8956597,-30.515951,7.936905,-10.973562,60.181236,-29.559444,-7.4024177,-0.755847,-7.654437,29.793802,-38.49921,22.198751,-25.584316,73.984116,1.2648305,-6.143791,16.854656,-32.70426,-6.3305593,23.357214,26.470129,-22.63163,-5.552537,-7.6664333
506,12.875641822814941,332.93353271484375,70.38922882080078,-6.792981484762279,11.325824576640235,75.18239443049676,-43.52847,11.796699,26.865719,6.855954,-3.966234,-1.2768209,-31.229132,7.0241675,-11.2433,61.063618,-29.836325,-7.202365,-1.5247736,-8.462897,29.793802,-39.011055,22.678467,-25.251455,73.91402,1.3477992,-6.4361067,17.481041,-32.925014,-6.017332,23.56505,26.272081,-23.05988,-5.567291,-7.52538
507,12.887700080871582,333.5702209472656,70.31722259521484,-6.419442911772062,12.249319039288176,75.70592509642546,-44.28738,11.133598,27.455212,6.885813,-2.3676088,0.3146488,-31.94315,6.139265,-11.508969,61.91694,-30.011812,-6.996398,-2.2249393,-9.16785,29.793802,-39.67363,23.036285,-24.995285,73.960045,1.4326302,-6.741944,18.105173,-32.9703,-5.815612,23.687294,26.027525,-23.46324,-5.6347322,-7.372563
508,12.907247543334961,334.2220153808594,70.25151062011719,-5.9971216100613525,13.170971923319087,76.27038319728564,-44.962414,10.407597,28.024904,6.8244333,-0.68840253,1.6336982,-32.678417,5.215663,-11.722122,62.82319,-30.077623,-6.743378,-3.0221977,-9.970254,29.793802,-40.128426,23.604294,-24.596132,73.73366,1.5033865,-7.025404,18.667587,-33.01492,-5.521031,23.851843,25.919954,-23.827036,-5.7344303,-7.2485523
509,12.937891006469727,334.89373779296875,70.17709350585938,-5.7519969161153455,13.997202312540233,76.77798450073028,-45.594036,9.927051,28.41989,6.918336,1.056935,2.543826,-33.283268,4.5264235,-11.966633,63.643517,-29.986492,-6.4902415,-3.8001173,-10.665927,29.793802,-40.42714,24.32791,-24.073122,73.38456,1.5489069,-7.277842,19.133469,-32.941948,-5.136989,24.006447,25.929232,-24.172417,-5.8994374,-7.083726
510,12.972908973693848,335.57476806640625,70.1139907836914,-5.469024888440202,14.82952620361971,77.3352730460726,-46.185806,9.407483,28.806566,6.948449,2.9927282,3.2260725,-33.89337,3.8054209,-12.181214,64.48315,-29.806202,-6.2089853,-4.563133,-11.356389,29.793802,-40.778446,25.001873,-23.543226,73.05221,1.609561,-7.5164146,19.579538,-32.767532,-4.781611,24.09359,25.99833,-24.488493,-6.1114135,-6.9270964
511,13.006186485290527,336.2729797363281,70.05599975585938,-5.19862786898826,15.650183710630918,77.89415263717459,-46.755936,8.913698,29.141611,6.97965,4.912851,3.7603643,-34.52868,3.1103156,-12.362538,65.356445,-29.482803,-5.8941774,-5.2834144,-11.991383,29.793802,-41.16794,25.633379,-23.035328,72.7428,1.6346674,-7.781658,20.012321,-32.47007,-4.440804,24.148924,26.112215,-24.801073,-6.336005,-6.7980957
512,13.046097755432129,336.9761657714844,70.00516510009766,-4.943499075720068,16.456029374153267,78.42893463514622,-48.01729,8.851081,29.292925,8.73137,5.736232,4.2108436,-35.230846,2.4439297,-12.488959,66.301476,-28.97448,-5.531211,-5.9600534,-12.576686,29.793802,-41.59109,26.234938,-22.574312,72.46641,1.5801144,-8.115115,20.448696,-32.098145,-4.1055226,24.224232,26.29909,-25.091167,-6.5357165,-6.7256103
513,13.078929901123047,337.6862487792969,69.9583740234375,-4.708767741818278,17.23738355845648,78.93456989021807,-49.413548,8.922255,29.356173,10.899446,6.1663322,4.4649286,-35.996696,1.8161126,-12.549623,67.33927,-28.276035,-5.119617,-6.6101217,-13.139358,29.793802,-42.028877,26.831577,-22.130138,72.214294,1.3993394,-8.564767,20.892418,-31.810217,-3.8277564,24.392447,26.682074,-25.162218,-6.7239594,-6.7313495
514,13.105219841003418,338.39923095703125,69.91431427001953,-4.499210769735319,18.001611516235698,79.41798107801677,-50.67987,8.964495,29.36695,12.816731,6.633027,4.511614,-36.812065,1.2343203,-12.555002,68.44058,-27.404104,-4.668937,-7.211987,-13.64352,29.793802,-42.464897,27.415913,-21.701208,71.9448,1.123367,-9.096034,21.319288,-31.378925,-3.5681632,24.57582,27.089458,-25.202816,-6.9106016,-6.789358
515,13.13355541229248,339.1028747558594,69.8757095336914,-4.3008630155262875,18.753767634400372,79.87990589498155,-51.881653,8.963517,29.29592,14.610244,6.9718595,4.5921397,-37.687397,0.6810097,-12.504275,69.58747,-26.364796,-4.1728425,-7.7891283,-14.12341,29.793802,-42.922733,27.997446,-21.3171,71.7108,0.8407265,-9.631124,21.74579,-30.93276,-3.331586,24.78724,27.5944,-25.221945,-7.0620646,-6.8716555
516,13.153719902038574,339.8036193847656,69.84373474121094,-4.100310412155815,19.501008416045888,80.31957498228941,-53.06394,8.904648,29.121971,16.358957,7.0504093,4.955745,-38.634464,0.14228383,-12.397135,70.75915,-25.162691,-3.6273398,-8.355035,-14.594626,29.793802,-43.41578,28.585556,-21.009644,71.54217,0.6356782,-10.08961,22.181898,-30.511072,-3.1221287,25.022226,28.19381,-25.282658,-7.14327,-6.9479523
517,13.17626953125,340.50518798828125,69.81123352050781,-3.8917840628624347,20.250109834781764,80.73349036887507,-54.271484,8.757634,28.780243,18.114923,6.771934,5.7876344,-39.67386,-0.39399981,-12.236432,71.97446,-23.767157,-3.0292873,-8.908227,-15.0630865,29.793802,-43.962776,29.186972,-20.788813,71.445076,0.5583349,-10.433523,22.646255,-30.103333,-2.9388819,25.281889,28.884216,-25.404865,-7.1442795,-7.0087113
518,13.193723678588867,341.1988830566406,69.784423828125,-3.686527086835346,20.993852349594697,81.1200051291311,-55.47841,8.536445,28.29599,19.839317,6.230157,6.9118476,-40.79326,-0.9059082,-12.01453,73.23458,-22.185205,-2.3812447,-9.44211,-15.519748,29.793802,-44.54453,29.802176,-20.634739,71.396774,0.5518841,-10.70961,23.127283,-29.692333,-2.779385,25.569996,29.66543,-25.553131,-7.084264,-7.069729
519,13.201065063476562,341.8926696777344,69.76727294921875,-3.498093012110187,21.71877222591222,81.48002918052111,-56.618404,8.287151,27.78647,21.461443,5.575304,8.044996,-41.95688,-1.3545924,-11.717278,74.495316,-20.47765,-1.6842165,-9.959265,-15.953658,29.793802,-45.118874,30.425762,-20.536385,71.38304,0.5403776,-10.964268,23.589716,-29.283636,-2.6388328,25.879644,30.523537,-25.72745,-6.971053,-7.138705
520,13.204344749450684,342.5671691894531,69.75877380371094,-3.3387327405079756,22.414918599990354,81.81838946217216,-57.620728,8.063171,27.372194,22.904821,4.950884,8.906908,-43.132504,-1.7065606,-11.334312,75.71383,-18.705446,-0.9355126,-10.465677,-16.35446,29.793802,-45.656654,31.050205,-20.496656,71.39882,0.43732986,-11.245763,23.99902,-28.881628,-2.5104513,26.198917,31.442034,-25.933771,-6.8122625,-7.2234316
521,13.200950622558594,343.2493896484375,69.75288391113281,-3.1931932519056976,23.078222909182696,82.14958085443736,-58.44618,7.863055,27.099815,24.137823,4.3524203,9.408429,-44.32293,-1.970144,-10.856757,76.914024,-16.860882,-0.1298411,-10.978426,-16.73021,29.793802,-46.14949,31.670488,-20.521976,71.45388,0.19412631,-11.5785055,24.344763,-28.49131,-2.3901675,26.52789,32.43615,-26.206034,-6.5799522,-7.320002
522,13.195666313171387,343.92877197265625,69.75699615478516,-3.056705927425223,23.7183827278733,82.47207969251862,-59.143833,7.6652527,26.898586,25.218496,3.7031999,9.708975,-45.544235,-2.152804,-10.289383,78.10515,-14.92337,0.74275553,-11.493546,-17.089468,29.793802,-46.60161,32.283474,-20.575945,71.53535,-0.101342976,-11.934101,24.647335,-28.11765,-2.2787344,26.86829,33.51321,-26.529755,-6.2795725,-7.4258513
523,13.190237998962402,344.5915222167969,69.77522277832031,-2.94956448787244,24.348782021252635,82.76774837158341,-59.779438,7.4945006,26.71609,26.21016,3.0319061,9.902029,-46.793377,-2.2225893,-9.64648,79.239815,-12.930506,1.6931857,-11.988503,-17.418667,29.793802,-47.0488,32.892826,-20.683409,71.641846,-0.41100794,-12.282211,24.917109,-27.759953,-2.177928,27.21274,34.642426,-26.843533,-5.9680195,-7.5524387
524,13.177267074584961,345.25555419921875,69.79812622070312,-2.8938797050260305,24.98093579822501,83.01643274411151,-60.418934,7.3775506,26.499168,27.177805,2.3683422,10.079236,-48.062515,-2.1472542,-8.944496,80.26898,-10.923487,2.7305489,-12.435991,-17.705845,29.793802,-47.478188,33.49545,-20.787865,71.73328,-0.620143,-12.591392,25.166016,-27.42349,-2.091116,27.553877,35.79789,-27.076387,-5.703296,-7.7115445
525,13.164949417114258,345.901611328125,69.83373260498047,-2.899304692836797,25.618382240761882,83.20597777013178,-61.07464,7.3204007,26.236382,28.127186,1.715431,10.250015,-49.36508,-1.87824,-8.147034,81.17937,-8.711558,3.9924242,-12.826101,-17.943338,29.793802,-47.889816,34.089664,-20.87548,71.798935,-0.7028587,-12.854004,25.376675,-27.109604,-2.0210364,27.889656,36.98983,-27.250456,-5.494846,-7.924317
526,13.153532028198242,346.5354309082031,69.87564086914062,-2.950382170848136,26.25625953028,83.3488809300306,-61.716846,7.30774,25.958244,29.032507,1.0576358,10.370685,-50.702606,-1.4244294,-7.2492294,82.01129,-6.3493037,5.453074,-13.176424,-18.140842,29.793802,-48.29168,34.677246,-20.982512,71.8613,-0.72618157,-13.085812,25.550568,-26.81344,-1.9685283,28.224628,38.222237,-27.388218,-5.313371,-8.17892
527,13.143026351928711,347.1615905761719,69.92100524902344,-3.0447869344115355,26.89264275198014,83.45711955742699,-62.343437,7.3301964,25.665754,29.89506,0.40519366,10.451744,-52.03319,-0.8601057,-6.342029,82.76743,-4.236098,6.8486567,-13.494619,-18.301247,29.793802,-48.677685,35.256294,-21.113745,71.927635,-0.69950867,-13.289342,25.727411,-26.527403,-1.9335673,28.562616,39.461937,-27.421198,-5.1599283,-8.438567
528,13.142601013183594,347.7756652832031,69.97118377685547,-3.1752377296931806,27.525588990235068,83.54386575282643,-62.946823,7.3750534,25.362928,30.705063,-0.22568403,10.504889,-53.318024,-0.30385458,-5.5355344,83.44836,-2.7601612,7.879024,-13.789525,-18.427872,29.793802,-49.04842,35.824978,-21.286362,72.01059,-0.6442641,-13.467296,25.946936,-26.241112,-1.9151284,28.905918,40.673862,-27.284517,-5.0357985,-8.666973
529,13.140429496765137,348.38592529296875,70.0297622680664,-3.3565218279613624,28.159208454750978,83.59935495950077,-63.536972,7.4595017,25.047304,31.477732,-0.84096193,10.534448,-54.551914,0.26889163,-4.826229,84.05966,-2.0909047,8.446389,-14.052,-18.513208,29.793802,-49.41817,36.382507,-21.508387,72.13924,-0.5341864,-13.61504,26.223972,-25.95413,-1.9142913,29.261543,41.858253,-26.925858,-4.9496775,-8.862131
530,13.141918182373047,348.9898376464844,70.09579467773438,-3.5844340244649926,28.793480218823014,83.62050386963212,-64.11169,7.5831113,24.719576,32.209652,-1.4455518,10.535264,-55.75266,0.8618845,-4.1880097,84.59665,-1.9893036,8.685414,-14.281868,-18.557873,29.793802,-49.790226,36.92928,-21.784071,72.303604,-0.38076,-13.732082,26.536608,-25.674282,-1.9329991,29.62674,43.032806,-26.389353,-4.8993716,-9.041427
531,13.139640808105469,349.59075927734375,70.1700210571289,-3.824769019955214,29.4198264194929,83.63206020573682,-64.64404,7.6992903,24.393679,32.861122,-2.0221312,10.504922,-56.92642,1.3043469,-3.6948285,85.04874,-2.227979,8.627537,-14.50363,-18.583841,29.793802,-50.133186,37.46187,-22.08747,72.44771,-0.23047565,-13.828865,26.868677,-25.39205,-1.96691,29.98355,44.18012,-25.765654,-4.869403,-9.197506
532,13.13785171508789,350.1812744140625,70.25242614746094,-4.039247535149485,30.03057484253822,83.6603857537161,-65.10993,7.7651973,24.083935,33.39973,-2.5575905,10.440914,-58.082752,1.4306241,-3.4148095,85.40423,-2.5819423,8.308491,-14.742698,-18.612345,29.793802,-50.43912,37.98209,-22.443974,72.53403,-0.17591825,-13.916565,27.204906,-25.110336,-2.0109909,30.316706,45.295746,-25.140324,-4.8446546,-9.324875
533,13.132704734802246,350.7650146484375,70.33855438232422,-4.214483769902187,30.625349040277765,83.71668453597292,-65.494965,7.7629704,23.797066,33.79781,-3.038711,10.324258,-59.220345,1.1119947,-3.4218807,85.6738,-3.0965755,7.672735,-15.011244,-18.651085,29.793802,-50.69079,38.489502,-22.85227,72.53773,-0.28043526,-13.997617,27.532341,-24.830215,-2.0593526,30.617647,46.39294,-24.496038,-4.8286133,-9.445642
534,13.125625610351562,351.33642578125,70.4288558959961,-4.370643698958512,31.207998344148628,83.78679069738051,-65.81579,7.72133,23.524347,34.083836,-3.478748,10.162728,-60.336884,0.475375,-3.6524267,85.85538,-3.8702207,6.735354,-15.2949,-18.688562,29.793802,-50.908188,38.98598,-23.32295,72.49216,-0.5009836,-14.067703,27.862488,-24.558004,-2.1110294,30.89558,47.478836,-23.800829,-4.8267994,-9.555936
535,13.111572265625,351.9028015136719,70.52552795410156,-4.525842471195754,31.776409066584385,83.85886455333184,-66.093285,7.6664124,23.25673,34.30373,-3.8992639,9.9938755,-61.439476,-0.26135948,-3.9709692,85.91903,-4.7569213,5.6356554,-15.576999,-18.720306,29.793802,-51.101006,39.47006,-23.811573,72.41914,-0.69077873,-14.127714,28.215548,-24.288881,-2.1661212,31.157225,48.52521,-23.123177,-4.824804,-9.609407
536,13.1023588180542,352.464111328125,70.62989807128906,-4.698974716579111,32.32873811634754,83.91965548371412,-66.34813,7.6243305,22.98568,34.50279,-4.321558,9.855198,-62.54018,-0.8898289,-4.2481856,85.83705,-5.5991874,4.500555,-15.841115,-18.744215,29.793802,-51.264343,39.936115,-24.236382,72.32987,-0.6698982,-14.176167,28.612743,-24.01578,-2.225066,31.409801,49.498207,-22.53242,-4.804716,-9.55857
537,13.099061012268066,353.0159606933594,70.74220275878906,-4.892477327176789,32.86996097662772,83.96924649780685,-66.58159,7.5949097,22.710026,34.67232,-4.744135,9.763464,-63.655952,-1.4120117,-4.4923334,85.62372,-6.405314,3.2415,-16.083868,-18.75477,29.793802,-51.406487,40.385647,-24.59746,72.208534,-0.38107353,-14.209573,29.07358,-23.742548,-2.29172,31.6569,50.38929,-22.049318,-4.751339,-9.369504
538,13.090163230895996,353.5650329589844,70.8498306274414,-5.1000294680135525,33.39956401319634,84.01227036754395,-66.786,7.5685663,22.432112,34.796867,-5.1586056,9.696265,-64.77383,-1.9081595,-4.7597704,85.28637,-7.2494874,1.840521,-16.313015,-18.75293,29.793802,-51.52151,40.820026,-24.9195,72.05158,0.08492706,-14.225703,29.582167,-23.467735,-2.36676,31.894054,51.212116,-21.637186,-4.675155,-9.074137
539,13.081174850463867,354.10577392578125,70.95762634277344,-5.319322026120658,33.90807680223126,84.04397797910795,-66.96137,7.5520253,22.152433,34.90138,-5.571938,9.632489,-65.864265,-2.307546,-4.999361,84.7868,-8.05576,0.5113906,-16.529078,-18.743336,29.793802,-51.610462,41.23822,-25.223688,71.909645,0.6269334,-14.226891,30.106676,-23.189556,-2.4479263,32.12027,51.98005,-21.269432,-4.5985885,-8.72716
540,13.076501846313477,354.6372985839844,71.06484985351562,-5.54964080958272,34.38552272627035,84.05980992136246,-67.106865,7.5528946,21.87252,35.01069,-5.9916515,9.551083,-66.89746,-2.5519438,-5.162553,84.08491,-8.737081,-0.54143983,-16.733248,-18.733387,29.793802,-51.66364,41.63468,-25.501635,71.82731,1.171155,-14.21709,30.615894,-22.9037,-2.529665,32.331875,52.705738,-20.922522,-4.5447855,-8.383027
541,13.0708589553833,355.1663513183594,71.17011260986328,-5.790871762475695,34.834400841651394,84.05864278653323,-67.22285,7.574067,21.594976,35.12168,-6.417216,9.447455,-67.87525,-2.6447008,-5.2416,83.16503,-9.255543,-1.2809042,-16.923542,-18.723099,29.793802,-51.704082,42.008774,-25.74792,71.850136,1.7707585,-14.173444,31.091976,-22.614058,-2.6098137,32.523083,53.38803,-20.607517,-4.5092716,-8.020635
542,13.068625450134277,355.68841552734375,71.28163146972656,-6.041554605906722,35.25789317160243,84.04380086652456,-67.307434,7.6098027,21.320065,35.22037,-6.8434873,9.332999,-68.80843,-2.625681,-5.264347,82.04736,-9.650535,-1.82232,-17.100178,-18.710953,29.793802,-51.728756,42.360863,-25.965425,71.94581,2.4442296,-14.100875,31.55439,-22.322916,-2.6881459,32.695534,54.026188,-20.333363,-4.483621,-7.6231737
543,13.070114135742188,356.20794677734375,71.39409637451172,-6.297001943783263,35.64659371926889,84.01876533321796,-67.36043,7.656046,21.044481,35.327377,-7.278394,9.209749,-69.679474,-2.4991066,-5.2344503,80.74714,-9.947431,-2.1937983,-17.267242,-18.699022,29.793802,-51.703064,42.68815,-26.188915,72.050285,3.0393429,-14.047973,32.029934,-22.02816,-2.7622302,32.857143,54.6362,-20.06702,-4.485079,-7.2521896
544,13.067054748535156,356.7227783203125,71.506591796875,-6.549915448672568,35.991305966085946,83.98779199619615,-67.3762,7.7102942,20.767334,35.451527,-7.7222953,9.081088,-70.470764,-2.270632,-5.1552095,79.279884,-10.17399,-2.4255302,-17.427565,-18.690746,29.793802,-51.590137,42.983776,-26.439821,72.10023,3.420046,-14.065389,32.547844,-21.730549,-2.8285282,33.015858,55.23831,-19.775646,-4.5313306,-6.9691715
545,13.064043045043945,357.2358703613281,71.61589050292969,-6.803646718889781,36.28406295468528,83.94801757742002,-67.351616,7.773113,20.474888,35.600517,-8.187613,8.928727,-71.17952,-1.8981545,-4.9812555,77.63304,-10.3277445,-2.4861736,-17.58009,-18.684381,29.793802,-51.37495,43.2477,-26.802769,72.10638,3.438184,-14.218273,33.151794,-21.429287,-2.8831086,33.177597,55.851067,-19.42913,-4.6535296,-6.803323
546,13.06954288482666,357.7444763183594,71.7260513305664,-7.057258614878861,36.53105255209954,83.90086416219995,-67.28867,7.8448715,20.17365,35.764954,-8.667776,8.757833,-71.80909,-1.4110403,-4.720231,75.79955,-10.397562,-2.3866751,-17.721682,-18.680243,29.793802,-51.08768,43.47843,-27.249195,72.104515,3.2039475,-14.470146,33.81623,-21.126692,-2.9245448,33.33329,56.465218,-19.05183,-4.8346334,-6.7173705
547,13.074763298034668,358.2570495605469,71.82778930664062,-7.29962059790354,36.74387982665277,83.8568213324011,-67.196,7.919877,19.888393,35.94578,-9.148188,8.603711,-72.354774,-0.9127632,-4.4527273,73.80571,-10.38956,-2.2092502,-17.852207,-18.68089,29.793802,-50.753246,43.665997,-27.628407,72.05444,2.9661746,-14.708757,34.467,-20.821527,-2.9552615,33.465256,57.05372,-18.699528,-5.0193896,-6.6741233
548,13.07577896118164,358.76422119140625,71.92664337158203,-7.515776354353001,36.93518783396614,83.82634175543781,-67.08528,7.996171,19.64216,36.149914,-9.617461,8.501337,-72.81199,-0.49803635,-4.2630677,71.67141,-10.313024,-2.0290294,-17.972485,-18.68739,29.793802,-50.388496,43.79604,-27.769527,71.915016,2.9868007,-14.818055,35.031315,-20.512188,-2.9812508,33.55791,57.588066,-18.42704,-5.1522903,-6.6370735
549,13.081351280212402,359.2689208984375,72.02151489257812,-7.7158664134484,37.109066412279354,83.80458054994365,-66.97372,8.087231,19.440453,36.40085,-10.074133,8.480846,-73.185524,-0.16236031,-4.15898,69.38024,-10.148498,-1.8315036,-18.064531,-18.686848,29.793802,-50.01434,43.83612,-27.61127,71.66058,3.3679602,-14.717877,35.4962,-20.19396,-3.0022228,33.599255,58.05978,-18.265232,-5.1986275,-6.6058416
550,13.088748931884766,359.7794189453125,72.10990905761719,-7.899525007916588,37.258523706260725,83.7902030237237,-66.845764,8.187382,19.27298,36.679646,-10.519871,8.5167885,-73.473206,0.133931,-4.09785,66.91979,-9.895738,-1.587845,-18.150526,-18.680876,29.793802,-49.581314,43.823215,-27.223452,71.28478,3.9484289,-14.481176,35.89187,-19.863651,-3.0349848,33.62032,58.46651,-18.17273,-5.193923,-6.5949526
551,13.100439071655273,360.2835998535156,72.19961547851562,-8.045231369839236,37.37831893734125,83.79892720434505,-66.67711,8.267024,19.1296,36.953526,-10.9593315,8.559586,-73.664764,0.35957754,-4.0967503,64.32196,-9.582886,-1.3419281,-18.23706,-18.67875,29.793802,-49.11528,43.75114,-26.710531,70.88976,4.6233134,-14.226848,36.228718,-19.520765,-3.0790358,33.6079,58.826176,-18.111408,-5.1899743,-6.5975294
552,13.107349395751953,360.7865905761719,72.2891845703125,-8.135048163453988,37.46380781767201,83.84594764003917,-66.439545,8.295728,19.002857,37.181477,-11.392745,8.560326,-73.75191,0.48593923,-4.175386,61.61913,-9.237646,-1.1356051,-18.334549,-18.6952,29.793802,-48.64127,43.634422,-26.20164,70.57088,5.2621436,-14.0741415,36.517654,-19.168758,-3.1312716,33.55461,59.15686,-18.042292,-5.2387137,-6.606042
553,13.117301940917969,361.3005065917969,72.3694839477539,-8.155943354161172,37.51337935037859,83.93909549835435,-66.12279,8.260972,18.893845,37.345554,-11.808941,8.504981,-73.73772,0.48311943,-4.365861,58.81936,-8.846715,-0.98528314,-18.452105,-18.739109,29.793802,-48.15647,43.48675,-25.759842,70.33323,5.867827,-14.052277,36.760014,-18.805986,-3.188262,33.44213,59.463226,-17.974909,-5.366807,-6.6122546
554,13.129127502441406,361.81121826171875,72.45293426513672,-8.119006330109984,37.52801769661438,84.07187136703017,-65.740295,8.177109,18.806305,37.468983,-12.211232,8.420297,-73.61961,0.38328865,-4.6528845,55.894897,-8.395357,-0.8579853,-18.58673,-18.813478,29.793802,-47.645382,43.309967,-25.299498,70.127106,6.5055766,-14.099679,36.949368,-18.434746,-3.2427015,33.282608,59.73787,-17.925926,-5.543169,-6.620825
555,13.143401145935059,362.3227233886719,72.54090881347656,-8.035732507953071,37.507164781144375,84.23847414396116,-65.29837,8.060017,18.73649,37.572357,-12.620918,8.318892,-73.38247,0.2484554,-4.986297,52.824966,-7.908962,-0.72676504,-18.735733,-18.91012,29.793802,-47.121788,43.106823,-24.784685,69.96791,7.0725975,-14.200306,37.08978,-18.064083,-3.2926,33.117996,59.98393,-17.859032,-5.7317715,-6.645594
556,13.157529830932617,362.8340148925781,72.62434387207031,-7.919034315968675,37.44935958373928,84.4341508203014,-64.80303,7.9241996,18.681335,37.67757,-13.060233,8.213624,-73.00888,0.13423744,-5.312498,49.583195,-7.410545,-0.56856745,-18.896826,-19.022413,29.793802,-46.606136,42.88473,-24.197908,69.87479,7.4495173,-14.338024,37.183758,-17.700603,-3.337597,32.98927,60.20128,-17.73952,-5.8967447,-6.69956
557,13.1712007522583,363.3492126464844,72.70555114746094,-7.7677108595730475,37.352092109420745,84.6586142452013,-64.248146,7.7685637,18.641382,37.780697,-13.543045,8.102938,-72.48027,0.048883155,-5.6287985,46.119328,-6.903869,-0.3867145,-19.075933,-19.161863,29.793802,-46.104298,42.651386,-23.495422,69.89267,7.611505,-14.528303,37.22033,-17.348196,-3.3756008,32.929455,60.388016,-17.53701,-6.029059,-6.781143
558,13.19021987915039,363.87548828125,72.78076171875,-7.566316780608091,37.209916098620454,84.92498387354149,-63.6223,7.575228,18.621487,37.869846,-14.054508,7.983154,-71.79282,-0.042311765,-5.9556036,42.436707,-6.365951,-0.18880036,-19.291225,-19.34042,29.793802,-45.58643,42.414772,-22.688347,69.986176,7.6150866,-14.774033,37.199883,-17.005915,-3.404291,32.92068,60.547726,-17.276583,-6.1478395,-6.883909
559,13.214522361755371,364.4103698730469,72.84820556640625,-7.294162486854787,37.016323747688055,85.25195914132935,-62.921986,7.3289046,18.625658,37.95034,-14.570593,7.864252,-70.95161,-0.15519927,-6.2711644,38.58962,-5.7766275,0.03841944,-19.55972,-19.558205,29.793802,-45.012688,42.17722,-21.815556,70.053154,7.4899106,-15.04102,37.140537,-16.67798,-3.4236085,32.93076,60.692875,-17.004845,-6.2602115,-7.012488
560,13.242067337036133,364.9490966796875,72.9077377319336,-6.931968239720159,36.76367702630714,85.65868251933222,-62.142902,7.01178,18.657412,38.02947,-15.068925,7.756527,-69.963135,-0.30909166,-6.5540476,34.635414,-5.1204214,0.3085436,-19.896542,-19.816288,29.793802,-44.341156,41.93063,-20.889345,69.99177,7.2959375,-15.295231,37.061016,-16.368153,-3.4346502,32.92651,60.834953,-16.766554,-6.373183,-7.1711473
561,13.269537925720215,365.49468994140625,72.9606704711914,-6.464208494548648,36.441832100309924,86.15716668573967,-61.271793,6.6076674,18.722567,38.102615,-15.545956,7.6679115,-68.79833,-0.5031778,-6.772184,30.511003,-4.3586226,0.65124756,-20.320866,-20.128777,29.793802,-43.57934,41.67507,-19.927553,69.82707,6.951839,-15.570843,36.955013,-16.07723,-3.4376287,32.912254,60.9892,-16.574629,-6.500318,-7.3724213
562,13.30416202545166,366.0447692871094,73.00453186035156,-5.870287794906159,36.035255760244816,86.76558192859414,-60.285187,6.088965,18.822685,38.155,-16.009474,7.595251,-67.44026,-0.7662214,-6.9389496,26.205688,-3.5094078,1.0525577,-20.853207,-20.51527,29.793802,-42.74053,41.415504,-18.934584,69.60407,6.4346066,-15.870845,36.815372,-15.803926,-3.4304261,32.912014,61.15438,-16.40451,-6.633818,-7.608745
563,13.338414192199707,366.6104736328125,73.0379638671875,-5.139464081977312,35.52996501964539,87.5019522467606,-59.169357,5.4361005,18.95116,38.18012,-16.453215,7.531175,-65.93065,-1.1530349,-7.1096716,21.88005,-2.6535456,1.4640939,-21.504354,-20.986996,29.793802,-41.774235,41.131443,-17.824188,69.238625,5.968185,-16.115881,36.661903,-15.547576,-3.408703,32.923466,61.31328,-16.245771,-6.749221,-7.853847
564,13.372773170471191,367.17987060546875,73.0641098022461,-4.28617380216715,34.923695366353,88.36135893187715,-57.92936,4.65087,19.09128,38.177338,-16.872334,7.4657984,-64.32454,-1.6893569,-7.3545537,17.692108,-1.8690163,1.8412257,-22.253653,-21.509787,29.793802,-40.732224,40.82757,-16.780481,68.70146,5.5430946,-16.225256,36.52409,-15.30903,-3.3797655,32.919666,61.45668,-16.092844,-6.820334,-8.089321
565,13.4095458984375,367.76019287109375,73.08193969726562,-3.3305495175006268,34.2147140193149,89.32968591199952,-56.574978,3.7443697,19.23006,38.152584,-17.26252,7.3851743,-62.606117,-2.360996,-7.7135916,13.594286,-1.1371517,2.194603,-23.087639,-22.09179,29.793802,-39.549362,40.44775,-15.543098,67.91437,5.412849,-16.1427,36.40226,-15.07577,-3.3392951,32.8721,61.557247,-15.956991,-6.8302984,-8.285796
566,13.45043659210205,368.3553161621094,73.09639739990234,-2.308396846126342,33.413533113200174,90.37299499210596,-55.12771,2.7427375,19.354752,38.113277,-17.628382,7.295229,-60.642174,-3.100842,-8.186853,9.241446,-0.27338704,2.549213,-23.974113,-22.683308,29.793802,-38.346745,40.014503,-14.394488,66.98043,5.2676616,-15.9203415,36.29765,-14.85666,-3.3021982,32.768055,61.64208,-15.84243,-6.79387,-8.473626
567,13.489537239074707,368.9587097167969,73.10413360595703,-1.2350953588761826,32.53204282942464,91.46161537259509,-53.594143,1.6598102,19.465548,38.04423,-17.971924,7.2167134,-59.575275,-4.0545826,-8.683101,7.0585957,-0.5375056,2.8907592,-24.865437,-23.292467,29.793802,-37.122013,39.510727,-13.280234,65.932144,5.23999,-15.649481,36.19962,-14.63515,-3.2731454,32.634693,61.69431,-15.713884,-6.7419634,-8.689157
568,13.539420127868652,369.5690612792969,73.11673736572266,-0.24540593748028808,31.6504318535011,92.48077477484017,-52.07882,0.6330712,19.525236,37.98414,-18.311987,7.1571865,-59.441746,-5.1082625,-9.1824875,6.969555,-1.8700035,3.1792362,-25.65756,-23.924688,29.793802,-35.929417,39.109745,-12.323555,64.81804,5.265378,-15.424545,36.065308,-14.343779,-3.2506366,32.523,61.577568,-15.538199,-6.7105203,-8.942533
569,13.589271545410156,370.1865539550781,73.12016296386719,0.6782894163622138,30.761297237643703,93.43168069048542,-50.56766,-0.3451932,19.554428,37.935738,-18.65936,7.1357946,-59.265575,-6.131454,-9.765144,6.9110017,-3.190797,3.3556426,-26.383032,-24.517681,29.793802,-34.713646,38.73406,-11.522002,63.596195,5.317557,-15.25319,35.94631,-14.067387,-3.2304862,32.466618,61.415337,-15.295052,-6.7075496,-9.311342
570,13.64280891418457,370.81182861328125,73.13334655761719,1.4608024204901504,29.90142695701869,94.26957508752228,-49.120983,-1.1931653,19.528833,37.950882,-19.027946,7.1288342,-59.042255,-7.044157,-10.471187,6.8038464,-4.467246,3.4441779,-27.021923,-24.89273,29.793802,-33.386692,38.148575,-10.62013,62.18316,5.607136,-15.089083,35.88964,-13.89469,-3.2185116,32.40145,61.331497,-15.031603,-6.7079887,-9.804278
571,13.704154014587402,371.4452209472656,73.14250183105469,2.2951398382708845,28.99997798098702,95.12282635171877,-47.605206,-2.1108868,19.508774,37.902622,-19.358156,7.131317,-58.797405,-8.026708,-11.1211,6.823618,-5.7645445,3.5817409,-27.563541,-25.335903,29.793802,-32.18227,37.62129,-10.01196,60.778065,5.863546,-14.940293,35.788166,-13.635621,-3.2198875,32.284042,61.107307,-14.736057,-6.707017,-10.287545
572,13.762104034423828,372.08648681640625,73.15412139892578,2.9915111822100466,28.151351349239896,95.87830067512326,-46.161484,-2.900112,19.421661,37.891457,-19.679848,7.0943074,-58.51303,-8.877941,-11.735462,6.7745533,-6.9700027,3.8384461,-27.975023,-25.521158,29.793802,-30.987566,36.868362,-9.425489,59.316483,6.2809725,-14.807689,35.691647,-13.449039,-3.2486653,32.072678,60.927567,-14.471559,-6.6684036,-10.761816
573,13.824263572692871,372.7348937988281,73.16461944580078,3.6663509249041772,27.309832916180966,96.61484852835576,-44.710644,-3.683754,19.302328,37.846745,-19.963005,7.0264616,-58.21002,-9.71631,-12.232987,6.7550864,-8.144905,4.269176,-28.26674,-25.592094,29.793802,-29.872023,36.01096,-9.048692,57.844425,6.7747,-14.693205,35.597923,-13.25978,-3.3102977,31.737545,60.710842,-14.210941,-6.5945187,-11.175887
574,13.881251335144043,373.3968505859375,73.1833724975586,4.290343289673606,26.49529648804864,97.30367605350006,-43.277805,-4.420497,19.154829,37.786,-20.218529,6.9365244,-57.876854,-10.503433,-12.670795,6.711662,-9.266951,4.7973785,-28.460724,-25.68805,29.793802,-28.790049,35.339478,-8.898449,56.311783,7.2012978,-14.598552,35.45084,-13.007437,-3.3674898,31.393099,60.314247,-13.920918,-6.498043,-11.530251
575,13.940564155578613,374.0744934082031,73.2015380859375,4.889187922228596,25.695116148545598,97.94569287828917,-41.837845,-5.1265774,19.005163,37.69547,-20.44425,6.8284664,-57.543625,-11.269802,-13.0315275,6.76813,-10.363983,5.3621855,-28.548307,-25.651306,29.793802,-27.694818,34.527412,-8.788341,54.69765,7.7188134,-14.51683,35.244347,-12.789523,-3.4490983,30.94573,59.924244,-13.6768675,-6.3882723,-11.879085
576,14.00648307800293,374.7605895996094,73.24402618408203,5.325976926720613,24.975193177523117,98.47955220690237,-40.49286,-5.645212,18.806458,37.66963,-20.677235,6.6830387,-57.064,-11.847492,-13.449999,6.58771,-11.241851,5.87221,-28.476473,-25.444883,29.793802,-26.670912,33.734955,-8.7845955,53.10136,8.158605,-14.45236,34.884953,-12.553139,-3.5414488,30.445047,59.457203,-13.491504,-6.2826037,-12.204071
577,14.073307991027832,375.45770263671875,73.28550720214844,5.721009257321926,24.304782292334416,98.95771475406514,-39.187912,-6.097455,18.616333,37.651947,-20.89015,6.51195,-56.628933,-12.38265,-13.837701,6.5719104,-12.104979,6.356893,-28.248684,-25.082588,29.793802,-25.71743,32.820507,-8.849659,51.486023,8.645327,-14.390501,34.361977,-12.314033,-3.6693997,29.791418,58.95077,-13.433592,-6.1762547,-12.486303
578,14.140594482421875,376.1753845214844,73.32723236083984,6.061220195534033,23.688898213264952,99.38015395926189,-37.92891,-6.4714003,18.426352,37.646114,-21.086649,6.3132286,-56.241734,-12.863043,-14.189041,6.717742,-12.971553,6.8323293,-27.888006,-24.650398,29.793802,-24.815681,31.946945,-9.018689,49.84187,9.1146555,-14.341824,33.691696,-12.0393715,-3.803499,29.068417,58.32814,-13.441435,-6.0638313,-12.719386
579,14.208544731140137,376.8978271484375,73.37801361083984,6.299548994041314,23.109451638517424,99.7330505160232,-36.692196,-6.7242117,18.2161,37.654556,-21.285986,6.088535,-55.6162,-13.188711,-14.547493,6.5433817,-13.573231,7.2459493,-27.408583,-24.04827,29.793802,-23.938232,31.034397,-9.30246,48.196888,9.482973,-14.327277,32.927197,-11.7720785,-3.963696,28.277096,57.684933,-13.474866,-5.957596,-12.971158
580,14.27734375,377.628173828125,73.43131256103516,6.552558983263301,22.52420639358667,100.02289493321874,-35.37588,-6.975829,18.065104,37.55001,-21.45433,5.8613358,-55.063538,-13.518887,-14.691738,6.769031,-14.243154,7.578395,-26.817984,-23.427507,29.793802,-23.109537,30.102121,-9.707707,46.59742,9.70069,-14.371838,32.1041,-11.482144,-4.13986,27.507814,56.97893,-13.413895,-5.8630424,-13.340872
581,14.341165542602539,378.3774108886719,73.49288940429688,6.729884748997887,21.967548686970176,100.22807992779623,-34.03945,-7.1314816,17.93876,37.407,-21.650719,5.6269565,-54.321,-13.708477,-14.747274,6.8259325,-14.70849,7.790837,-26.062471,-22.629465,29.793802,-22.372156,29.071531,-10.289124,45.092083,9.742446,-14.484898,31.201662,-11.176053,-4.3611593,26.698732,56.24495,-13.243891,-5.7978177,-13.872641
582,14.40435791015625,379.13848876953125,73.5592269897461,6.830076571603781,21.434666487237127,100.3632321261324,-32.69095,-7.1899376,17.825872,37.251198,-21.871822,5.3784366,-53.35462,-13.75322,-14.75614,6.635458,-14.938379,7.906293,-25.247314,-21.784578,29.793802,-21.591423,28.136559,-10.906449,43.554825,9.602724,-14.650982,30.177048,-10.877505,-4.58289,25.980047,55.433273,-12.972721,-5.7546206,-14.505492
583,14.463937759399414,379.9169921875,73.63312530517578,6.921729994639179,20.909611539491728,100.4520435173034,-31.308475,-7.2267504,17.743374,37.045673,-22.056747,5.111642,-52.341625,-13.755821,-14.626603,6.572529,-15.088196,7.9654975,-24.31973,-20.843634,29.793802,-20.872927,27.120756,-11.666583,42.072124,9.365335,-14.843294,29.145266,-10.5531845,-4.851375,25.190062,54.565292,-12.7164345,-5.7113447,-15.1632
584,14.515323638916016,380.7135925292969,73.70292663574219,7.030931093229462,20.38179088464665,100.50419223574897,-29.882175,-7.2714696,17.68813,36.781067,-22.157494,4.8143883,-51.354008,-13.757175,-14.316912,6.805213,-15.212683,7.9992576,-23.417433,-19.956924,29.793802,-20.089733,26.222706,-12.451014,40.526093,8.967728,-15.036191,28.154531,-10.270815,-5.1115365,24.461058,53.649883,-12.516249,-5.642887,-15.763422
585,14.575605392456055,381.5217590332031,73.79022216796875,7.098506622428514,19.858794671237494,100.50407843295685,-28.42297,-7.2608843,17.632284,36.494373,-22.215637,4.461002,-50.078465,-13.633,-13.839204,6.8418427,-15.05153,7.9932528,-22.410873,-18.950422,29.793802,-19.344128,25.270166,-13.4290285,39.030445,8.424711,-15.231099,27.260628,-9.964686,-5.4223504,23.630175,52.688198,-12.4494,-5.5246167,-16.28318
586,14.631180763244629,382.3408508300781,73.886474609375,7.08722698826133,19.346291890980662,100.44763539620138,-26.949001,-7.1576924,17.57005,36.2179,-22.259487,4.0591016,-48.52105,-13.368235,-13.251361,6.650969,-14.608949,7.9335546,-21.327642,-17.821945,29.793802,-18.644129,24.295527,-14.547303,37.610283,7.7318335,-15.437223,26.409208,-9.651095,-5.774958,22.775549,51.677517,-12.444885,-5.3722515,-16.768227
587,14.671553611755371,383.1861877441406,73.98394012451172,7.064856786333256,18.85460858182865,100.36370587289034,-25.491781,-7.0340753,17.523857,35.934937,-22.214207,3.6464977,-47.101357,-13.122566,-12.624202,6.754736,-14.157669,7.851746,-20.172192,-16.610847,29.793802,-18.058474,23.265785,-15.779409,36.301067,6.9886413,-15.638549,25.583204,-9.298303,-6.1892467,21.85833,50.580322,-12.457202,-5.2284307,-17.205994
588,14.70795726776123,384.05865478515625,74.09989166259766,6.930795728161102,18.439578271541965,100.24834260518392,-24.195072,-6.759955,17.444065,35.797607,-22.081188,3.2300124,-45.81832,-12.792683,-12.249759,6.794019,-13.534381,7.7344623,-19.023487,-15.336282,29.793802,-17.509565,22.362616,-16.962921,35.009422,6.218057,-15.823257,24.73373,-8.958096,-6.591278,20.97478,49.4053,-12.434391,-5.1394925,-17.572119
589,14.740201950073242,384.95477294921875,74.22372436523438,6.618037348113536,18.13381715458129,100.10473785590315,-23.108847,-6.2538214,17.285952,35.843746,-21.888485,2.785559,-44.68392,-12.327693,-12.290434,6.663887,-12.639947,7.6178975,-17.7975,-13.860503,29.793802,-17.11024,21.503876,-18.215836,33.824574,5.438411,-15.988507,23.880701,-8.621173,-7.0014734,20.004705,48.17467,-12.401873,-5.14863,-17.845089
590,14.79316520690918,385.8348083496094,74.3856201171875,6.26465511766454,17.885258377183515,99.93223651918525,-22.099709,-5.6788864,17.123,35.9155,-21.591501,2.3239992,-43.776543,-11.858622,-12.481866,6.7253504,-11.65891,7.499576,-16.660913,-12.454455,29.793802,-16.607996,20.856735,-19.311228,32.501728,4.6124825,-16.136728,22.995966,-8.447331,-7.3310595,19.156843,46.979115,-12.355251,-5.2190104,-18.0667
591,14.87771987915039,386.6976318359375,74.58473205566406,5.7958513974300985,17.67503825742704,99.7227855493333,-21.224829,-4.939753,16.9323,36.182083,-21.222868,1.8583775,-42.82917,-11.246909,-12.785866,6.599866,-10.5184765,7.2548704,-15.424003,-10.900919,29.793802,-16.262142,20.1869,-20.520842,31.310402,3.7470074,-16.263086,22.14165,-8.20953,-7.6999555,18.208359,45.68079,-12.307501,-5.2931333,-18.21986
592,14.967642784118652,387.56610107421875,74.79122924804688,5.381147288967593,17.433070809475936,99.48471707887457,-20.38171,-4.2321734,16.806538,36.55577,-20.695227,1.4415472,-41.944527,-10.647198,-12.900022,6.6589036,-9.50487,6.818091,-14.260097,-9.515752,29.793802,-15.827803,19.655165,-21.612196,30.024113,2.8388374,-16.352545,21.299421,-8.022277,-8.005528,17.37616,44.357124,-12.219137,-5.3037777,-18.359795
593,15.045851707458496,388.46539306640625,74.99752807617188,4.901443689849098,17.177549755097857,99.20699772743221,-19.636997,-3.4068022,16.689955,37.15404,-20.055532,1.0460997,-40.960205,-9.898429,-12.913969,6.5788684,-8.448844,6.081613,-13.111394,-8.13362,29.793802,-15.36988,19.199335,-22.673409,28.726603,1.8666775,-16.424053,20.496008,-7.8352485,-8.285367,16.588879,42.977806,-12.136007,-5.2179294,-18.498714
594,15.120916366577148,389.39599609375,75.18942260742188,4.404419127680294,16.913497507179763,98.8968290061835,-18.953478,-2.526322,16.592218,37.880478,-19.2802,0.67005074,-40.01092,-9.08149,-12.850131,6.556735,-7.39357,5.137589,-12.043662,-6.8464656,29.793802,-14.812886,18.885565,-23.6091,27.335928,0.84638,-16.472303,19.708797,-7.7494826,-8.488237,15.926291,41.623043,-12.048936,-5.0721216,-18.64023
595,15.188648223876953,390.33392333984375,75.39077758789062,3.908991310778948,16.621209924735123,98.572183368504,-18.329027,-1.6221683,16.50461,38.749317,-18.368687,0.339273,-39.046143,-8.233869,-12.734605,6.5522923,-6.380529,4.14224,-10.928679,-5.581473,29.793802,-14.331435,18.602823,-24.590868,25.998247,-0.19534707,-16.465464,18.943153,-7.584042,-8.688916,15.236702,40.17651,-11.890621,-4.919981,-18.700558
596,15.257319450378418,391.2745361328125,75.5944595336914,3.4055150574052133,16.284740434421526,98.23514621383401,-17.768036,-0.69170505,16.419271,39.78488,-17.32486,0.07605412,-38.004482,-7.3640475,-12.593517,6.503443,-5.447598,3.2414584,-9.91638,-4.4014096,29.793802,-13.758428,18.39833,-25.384077,24.573622,-1.1861751,-16.365313,18.1494,-7.481839,-8.851151,14.7109,38.782227,-11.561217,-4.8090706,-18.652119
597,15.320555686950684,392.224609375,75.79763793945312,2.9192722165222964,15.912510359900057,97.89301805459633,-17.282589,0.25385118,16.342716,40.990005,-16.095634,-0.09630825,-36.95908,-6.4945645,-12.3469515,6.5353756,-4.6855206,2.42449,-8.996165,-3.3263197,29.793802,-13.100104,18.280409,-26.009459,23.034468,-2.1454272,-16.137388,17.33089,-7.4191775,-8.970274,14.331364,37.41884,-10.990318,-4.777022,-18.489006
598,15.392309188842773,393.18829345703125,75.9980239868164,2.428955339365596,15.503520265444758,97.54562969026722,-16.862774,1.2413892,16.258953,42.349403,-14.691356,-0.18927312,-35.868458,-5.5944858,-12.020412,6.5625634,-4.0108223,1.6281804,-8.169166,-2.3341641,29.793802,-12.352358,18.246582,-26.48304,21.39997,-3.086263,-15.807924,16.50145,-7.405213,-9.043326,14.093212,36.095528,-10.24237,-4.7850866,-18.23689
599,15.464552879333496,394.15472412109375,76.18894958496094,1.9661745997073923,15.048483967669753,97.18165812862424,-16.472622,2.2155712,16.191107,43.80648,-13.18993,-0.21408221,-34.728695,-4.7272997,-11.684261,6.6026077,-3.4008632,0.9306081,-7.4010763,-1.4437304,29.793802,-11.540765,18.26986,-26.818445,19.727095,-3.958623,-15.432613,15.655564,-7.417535,-9.084481,13.981651,34.800335,-9.44075,-4.769833,-17.894985
600,15.543863296508789,395.1297302246094,76.37043762207031,1.5345990682977284,14.545600249375072,96.78520606669365,-16.092056,3.1495757,16.155302,45.327667,-11.680218,-0.18537584,-33.52067,-3.930185,-11.427074,6.632811,-2.8142772,0.40251878,-6.6662273,-0.66226685,29.793802,-10.646027,18.36909,-27.016682,18.012608,-4.729766,-15.066748,14.785995,-7.4338255,-9.121586,14.000017,33.50666,-8.699197,-4.6662483,-17.459385
601,15.615078926086426,396.0969543457031,76.54593658447266,1.1733304630359482,13.977984891905864,96.34197730212404,-15.691423,4.024488,16.19196,46.91937,-10.152594,-0.075548895,-32.23298,-3.2561646,-11.280219,6.6781535,-2.2470212,0.11402556,-6.0158405,-0.0590553,29.793802,-9.623513,18.519968,-26.971605,16.268534,-5.3369746,-14.732046,13.865056,-7.5142126,-9.13037,14.237401,32.279617,-8.023612,-4.4257975,-16.943892
602,15.668966293334961,397.0575256347656,76.70539855957031,0.8618982973771196,13.357077636442506,95.86232767846364,-15.295798,4.885452,16.279272,48.604424,-8.576325,0.13162377,-30.873894,-2.666971,-11.198203,6.731631,-1.7198817,0.002524822,-5.426877,0.409887,29.793802,-8.50589,18.707348,-26.739136,14.500342,-5.8216505,-14.400492,12.904744,-7.6301475,-9.113447,14.643378,31.098402,-7.3651786,-4.0907073,-16.347187
603,15.714828491210938,398.02642822265625,76.85128784179688,0.5845340218706493,12.705068661518899,95.37918424316331,-14.927055,5.7152443,16.37076,50.329372,-6.988266,0.41485703,-29.476978,-2.1376565,-11.115113,6.7920194,-1.259391,-0.044626106,-4.888412,0.79185754,29.793802,-7.3423514,18.913374,-26.38993,12.721954,-6.249054,-14.054018,11.917898,-7.753389,-9.0814705,15.14857,29.934767,-6.757665,-3.7299058,-15.68271
604,15.75417709350586,398.99359130859375,76.98246002197266,0.33276661573401994,12.042926805057428,94.92724541968019,-14.606731,6.488318,16.419012,52.039295,-5.4238825,0.7475296,-28.079536,-1.6399534,-10.966322,6.8662767,-0.8945178,-0.1348109,-4.401134,1.127774,29.793802,-6.170489,19.129745,-25.983854,10.936883,-6.6843333,-13.672356,10.917485,-7.864058,-9.046165,15.695798,28.766434,-6.2296405,-3.4143186,-14.962234
605,15.795392036437988,399.95220947265625,77.0992202758789,0.11787852967226688,11.366157041807641,94.51034759624189,-14.349675,7.1720715,16.391882,53.74694,-3.7311003,1.1630553,-27.262123,-1.2903695,-10.708344,8.21271,-1.3032465,-0.24442151,-3.9726624,1.4118468,29.793802,-4.9927998,19.347515,-25.527178,9.145499,-7.1302934,-13.234105,9.90859,-7.9543524,-9.015291,16.274717,27.579435,-5.798719,-3.1591854,-14.107881
606,15.834890365600586,400.90203857421875,77.20924377441406,-0.051099136326923485,10.666997970782838,94.11273731562694,-14.141694,7.7990546,16.330397,55.47944,-1.9514306,1.6862295,-26.698221,-1.0295268,-10.398511,10.156225,-2.110824,-0.32895434,-3.592104,1.6311426,29.793802,-3.8067157,19.55774,-25.006578,7.362753,-7.55654,-12.756995,8.884481,-8.018644,-8.991001,16.901953,26.37541,-5.4432025,-2.9283874,-13.136628
607,15.872703552246094,401.85089111328125,77.31014251708984,-0.19617846750529466,9.959400611296768,93.74067608510191,-13.960996,8.423597,16.28803,57.206936,-0.4127861,2.2556014,-26.043407,-0.7689969,-10.085382,11.924418,-2.8914456,-0.45413077,-3.2354834,1.8136224,29.793802,-2.647899,19.754862,-24.451023,5.6181374,-7.9774165,-12.276697,7.8406334,-8.04186,-8.973336,17.561342,25.149553,-5.1310625,-2.71413,-12.20078
608,15.90675163269043,402.7850646972656,77.39969635009766,-0.3304203362324771,9.2581208080859,93.40076038846647,-13.780192,9.075574,16.311037,58.88348,0.5641487,2.7846353,-25.321466,-0.5045129,-9.801197,13.536469,-3.6381347,-0.68404144,-2.8771546,1.9816798,29.793802,-1.5536802,19.935633,-23.89126,3.940846,-8.407278,-11.828225,6.773235,-8.010557,-8.962366,18.23511,23.896797,-4.831954,-2.5096798,-11.452686
609,15.943299293518066,403.7132263183594,77.48572540283203,-0.45974320561880655,8.560574915973763,93.08378859163902,-13.580637,9.750965,16.421864,60.551037,0.8251485,3.2218592,-24.569004,-0.23768198,-9.537783,15.0647135,-4.3671846,-1.0837969,-2.5000348,2.141126,29.793802,-0.54036033,20.096806,-23.318659,2.339935,-8.8441725,-11.400471,5.626373,-7.9167805,-8.959918,18.92808,22.61466,-4.4554477,-2.426177,-10.902913
610,15.994691848754883,404.62738037109375,77.55311584472656,-0.5720550026900164,7.863284020977338,92.7894035296643,-13.381694,10.418694,16.58109,62.219658,0.5619271,3.5959733,-23.787153,0.023713466,-9.279125,16.521223,-5.096303,-1.6032593,-2.1180296,2.2787457,29.793802,0.40077806,20.236588,-22.727373,0.8101886,-9.281115,-10.980558,4.41992,-7.768217,-8.968126,19.641466,21.302797,-4.0434856,-2.4315283,-10.479074
611,16.048053741455078,405.55181884765625,77.62073516845703,-0.6658956575017938,7.181558391124795,92.53444205279732,-13.225713,11.062771,16.73525,63.80893,-0.026167328,3.920274,-22.952883,0.2754606,-9.046549,17.845636,-5.8229284,-2.1372232,-1.7477747,2.397703,29.793802,1.2690835,20.357038,-22.154285,-0.6415992,-9.725648,-10.601416,3.2636526,-7.575213,-8.987972,20.350552,19.958584,-3.766698,-2.307318,-10.211139
612,16.10104751586914,406.4828796386719,77.67415618896484,-0.7451908275029122,6.532056421630449,92.33562764849107,-13.156232,11.666156,16.836714,65.23087,-0.73312676,4.2107663,-22.0397,0.51066583,-8.861544,18.971977,-6.547254,-2.5816796,-1.4026902,2.5050461,29.793802,2.0592346,20.462887,-21.639599,-2.0068882,-10.189019,-10.297807,2.267532,-7.344813,-9.019691,21.02648,18.574951,-3.798123,-1.8364512,-10.129163
613,16.15303611755371,407.4184875488281,77.71978759765625,-0.8231804836400215,5.9158711847987355,92.20567191151252,-13.190297,12.220202,16.860088,66.495255,-1.5986831,4.43077,-21.043573,0.7272765,-8.740254,19.90433,-7.2983775,-2.925711,-1.0803412,2.6160939,29.793802,2.751797,20.559675,-21.185637,-3.2779193,-10.65845,-10.062836,1.3873686,-7.062945,-9.063042,21.660513,17.10738,-4.3474646,-0.83160853,-10.196889
614,16.213085174560547,408.3365783691406,77.7577133178711,-0.9004107739076221,5.329026523385046,92.1300572437739,-13.312665,12.724458,16.836124,67.64027,-2.6949058,4.567757,-19.987127,0.9249458,-8.665425,20.68578,-8.078524,-3.2215924,-0.769133,2.7290773,29.793802,3.347108,20.650194,-20.777721,-4.458748,-11.137509,-9.884522,0.58807224,-6.7271833,-9.11856,22.264116,15.565942,-5.2649293,0.54959846,-10.39496
615,16.266267776489258,409.2513122558594,77.80391693115234,-0.9676076582167713,4.780602949756957,92.08218749297347,-13.521599,13.178105,16.807447,68.62373,-3.8651094,4.680645,-18.889425,1.1006458,-8.608956,21.3101,-8.845809,-3.4606009,-0.46616355,2.8266613,29.793802,3.8689878,20.734749,-20.431133,-5.5576262,-11.662637,-9.79223,-0.0077989507,-6.367185,-9.189909,22.839651,14.02912,-6.179916,2.0092375,-10.788896
616,16.327804565429688,410.16021728515625,77.84717559814453,-1.011638197871532,4.279316571555186,92.03535122158671,-13.814539,13.582803,16.816189,69.404175,-4.9544024,4.83068,-17.770786,1.254065,-8.545095,21.77429,-9.559307,-3.6343136,-0.16623987,2.8936749,29.793802,4.3363366,20.811687,-20.165327,-6.5785923,-12.270752,-9.817572,-0.27805614,-6.0115604,-9.283001,23.384716,12.574697,-6.7186136,3.247727,-11.469715
617,16.373998641967773,411.0497131347656,77.88906860351562,-1.0339702467862963,3.8327898477918,91.97609249073622,-14.205792,13.947957,16.880228,69.98637,-5.951843,5.0483074,-16.638885,1.3907741,-8.469222,22.071337,-10.220735,-3.7306695,0.14272016,2.933153,29.793802,4.7333326,20.884195,-20.006441,-7.5137105,-12.962001,-10.001104,-0.12754652,-5.6615667,-9.4039755,23.906084,11.223657,-6.8342347,4.1990466,-12.580496
618,16.424087524414062,411.9364318847656,77.94593811035156,-1.0409549781880514,3.436185150464644,91.91891341288802,-14.694037,14.269738,16.976646,70.38876,-6.9281373,5.2946234,-15.4869375,1.5106275,-8.396832,22.212133,-10.851622,-3.7574482,0.4596719,2.9563046,29.793802,5.044195,20.95471,-19.942581,-8.355471,-13.718901,-10.325331,0.35398954,-5.2999177,-9.555923,24.397482,9.92782,-6.6952796,5.0123,-14.047457
619,16.473094940185547,412.8258361816406,78.0074234008789,-1.0337283501951464,3.1189604489406304,91.87847811800187,-15.301937,14.532308,17.088284,70.594055,-7.846849,5.532931,-14.356184,1.6062747,-8.334623,22.210169,-11.426885,-3.7376788,0.78617275,2.9683542,29.593586,5.277743,20.994566,-20.006252,-8.955055,-14.576719,-10.735897,1.0114685,-4.8768234,-9.714453,24.848131,8.771116,-6.2337394,5.699119,-15.646561
620,16.519611358642578,413.7081298828125,78.0722885131836,-1.0117762886904313,2.9098849331718646,91.86973383783268,-16.05005,14.720964,17.198519,70.583084,-8.671838,5.7256675,-13.289416,1.6721457,-8.289729,22.08668,-11.926555,-3.6948252,1.1181462,2.9753923,28.993553,5.44049,20.95843,-20.222317,-9.154821,-15.566775,-11.173799,1.6857936,-4.357762,-9.840509,25.247408,7.8581457,-5.3919206,6.270034,-17.151735
621,16.548494338989258,414.5818176269531,78.14010620117188,-0.9758851463925963,2.725294568873184,91.91465406047487,-16.846653,14.819245,17.290628,70.33168,-9.416076,5.851647,-12.168825,1.7039653,-8.274619,21.80543,-12.353676,-3.6107764,1.4012436,2.9677148,28.405302,5.522459,20.85782,-20.454393,-9.208308,-16.6598,-11.681793,2.3559372,-3.847168,-9.959342,25.54335,6.997363,-4.025117,6.631639,-18.602905
622,16.581581115722656,415.45806884765625,78.2122802734375,-0.9264370726097872,2.571257065569095,91.99858410255045,-17.699808,14.841933,17.380527,69.85173,-10.090016,5.9350986,-11.005129,1.7092614,-8.284544,21.371584,-12.719099,-3.4819179,1.6473374,2.9494967,27.825863,5.5271072,20.70368,-20.716295,-9.132086,-17.84,-12.277732,3.09192,-3.3388913,-10.08488,25.758902,6.1859293,-2.2221081,6.782061,-20.089901
623,16.599323272705078,416.3293762207031,78.28071594238281,-0.8678931200758486,2.4405367441868036,92.08243250583267,-18.566183,14.813269,17.501474,69.14916,-10.669268,5.991579,-9.835335,1.70293,-8.296162,20.859135,-13.033683,-3.350945,1.8869201,2.9199681,27.255224,5.486326,20.507154,-20.99422,-8.989359,-19.03659,-12.860979,3.8840978,-2.859971,-10.221965,25.940783,5.4058022,-0.400204,6.900223,-21.49527
624,16.60639762878418,417.1823425292969,78.34807586669922,-0.8059276828866946,2.3262227642937963,92.12735642696639,-19.402758,14.757248,17.686657,68.229385,-11.128373,6.036798,-8.697055,1.698371,-8.2850275,20.344063,-13.310254,-3.2599416,2.147991,2.8740063,26.692335,5.434569,20.28041,-21.270815,-8.84321,-20.180372,-13.328888,4.727545,-2.4452024,-10.368708,26.137388,4.6473427,1.0315739,7.1925893,-22.711983
625,16.62055015563965,418.0274353027344,78.41046142578125,-0.7341033435382074,2.2335781803201877,92.12510356028744,-20.221441,14.673354,17.948969,67.09395,-11.448023,6.0964713,-7.6030817,1.6894327,-8.2442045,19.836058,-13.545358,-3.2223387,2.4390774,2.7995536,26.138386,5.3833113,20.031713,-21.54597,-8.729762,-21.301245,-13.63518,5.663149,-2.1009612,-10.520392,26.349077,3.9237485,1.9917445,7.746586,-23.749641
626,16.628494262695312,418.8753967285156,78.46770477294922,-0.6523085812800455,2.163956132483689,92.09587361535003,-21.034168,14.551163,18.270023,65.73644,-11.646592,6.1535144,-6.533591,1.6717168,-8.186882,19.301054,-13.736121,-3.2148278,2.743563,2.697799,25.59637,5.3241696,19.764835,-21.822535,-8.622703,-22.425674,-13.845191,6.685671,-1.8104858,-10.675699,26.554972,3.232824,2.6952283,8.462973,-24.65644
627,16.625625610351562,419.7192687988281,78.51795196533203,-0.574348211663771,2.1045064750158566,92.04332613373153,-21.799824,14.40084,18.63563,64.15269,-11.754829,6.1603904,-5.477055,1.6610361,-8.117815,18.749882,-13.895579,-3.2245626,3.0510306,2.5835183,25.068277,5.260276,19.484594,-22.088737,-8.4895315,-23.479893,-14.017113,7.723571,-1.5750992,-10.836019,26.771633,2.5421953,3.180332,9.283697,-25.386837
628,16.622215270996094,420.55810546875,78.55949401855469,-0.5160576781120182,2.0423120813223377,91.97100452060413,-22.477013,14.231801,19.031599,62.334995,-11.802129,6.0698175,-4.417796,1.6732123,-8.041053,18.186825,-14.034123,-3.2386389,3.3492544,2.4705794,24.555637,5.19839,19.196274,-22.329653,-8.301435,-24.389742,-14.2033,8.703315,-1.3980402,-11.005084,27.019316,1.8204782,3.4816327,10.148098,-25.892954
629,16.6163330078125,421.3902587890625,78.593505859375,-0.47065516861932355,1.9742819804226834,91.87858226577912,-23.055798,14.048477,19.4754,60.26895,-11.789613,5.8700647,-3.3585904,1.7037919,-7.950957,17.62002,-14.153521,-3.2662377,3.6373022,2.352185,24.064709,5.133878,18.904552,-22.550724,-8.044807,-25.053143,-14.385183,9.63322,-1.2817209,-11.185035,27.30071,1.0420805,3.5777159,11.0715475,-26.104805
630,16.603452682495117,422.22137451171875,78.61912536621094,-0.43337349567282185,1.9069829555436824,91.7645238789807,-23.554552,13.842645,19.96766,57.954678,-11.700713,5.5848427,-2.3035958,1.7475246,-7.8468924,17.043863,-14.24842,-3.3102918,3.9202833,2.2239366,23.59418,5.069796,18.611137,-22.755302,-7.7439313,-25.540445,-14.537952,10.546523,-1.2215152,-11.3762245,27.60783,0.2248591,3.451339,12.081841,-26.057434
631,16.592409133911133,423.05487060546875,78.63261413574219,-0.42194227480058616,1.8422587804176864,91.63094668202527,-23.976845,13.608756,20.466385,55.409355,-11.540876,5.2233214,-1.2458295,1.8185384,-7.739864,16.445835,-14.318592,-3.3488998,4.1950364,2.105307,23.134512,5.026102,18.315285,-22.924366,-7.4290385,-26.032305,-14.704585,11.40334,-1.2060401,-11.578088,27.945583,-0.6038707,3.1440868,13.133585,-25.861273
632,16.578449249267578,423.8992614746094,78.628173828125,-0.453361483241378,1.7820772152133244,91.47981820155461,-24.327377,13.345975,20.927986,52.652233,-11.315279,4.7982464,-0.17567162,1.9308839,-7.639923,15.810048,-14.363249,-3.3596942,4.4570823,2.0139108,22.675045,5.022879,18.015297,-23.03681,-7.1283517,-26.708364,-14.932297,12.161667,-1.2315636,-11.791458,28.321426,-1.4080286,2.7007058,14.181411,-25.628849
633,16.560714721679688,424.73162841796875,78.60736083984375,-0.5284111677054075,1.7314549210385666,91.31883936508606,-24.620327,13.050975,21.312593,49.66186,-11.016944,4.34364,0.9047812,2.0867379,-7.5616236,15.12078,-14.368067,-3.330736,4.700731,1.9489081,22.21179,5.0552754,17.708498,-23.101961,-6.8340187,-27.679037,-15.271545,12.81485,-1.3073044,-12.01478,28.754196,-2.1872332,2.0149453,15.283357,-25.339752
634,16.53891944885254,425.5704345703125,78.5703353881836,-0.6388810387452384,1.6874212221835148,91.1435290052677,-24.841173,12.730236,21.649908,46.423847,-10.643267,3.8498354,2.001371,2.279568,-7.4921913,14.373004,-14.332513,-3.2751675,4.9293017,1.9018321,21.748854,5.1170483,17.394419,-23.124954,-6.5340405,-28.827194,-15.686417,13.378537,-1.4350178,-12.2475395,29.237972,-2.9521275,1.092346,16.435797,-24.936945
635,16.516916275024414,426.41455078125,78.51248931884766,-0.7842562929681043,1.6397095677755682,90.93643572829006,-24.953043,12.403676,22.000345,42.960205,-10.205135,3.2696965,3.1176465,2.5073733,-7.400261,13.595024,-14.277998,-3.208831,5.1537304,1.8814722,21.290003,5.225708,17.07556,-23.079325,-6.2556267,-29.993689,-16.093664,13.844278,-1.5891987,-12.49072,29.741081,-3.698601,0.1577774,17.503294,-24.492107
636,16.488821029663086,427.26568603515625,78.43223571777344,-0.9634324440290772,1.5776016881638393,90.68016774159251,-24.918858,12.09337,22.423985,39.286575,-9.71237,2.5564883,4.267139,2.7699578,-7.2538853,12.79716,-14.2233925,-3.1489415,5.385556,1.8965387,20.840527,5.401611,16.757032,-22.93817,-6.0301385,-31.01921,-16.407085,14.209398,-1.7466898,-12.747742,30.231522,-4.4220376,-0.5544308,18.356468,-24.09148
637,16.460378646850586,428.1387939453125,78.33712005615234,-1.188495362906161,1.4857572277231608,90.36252013327763,-24.683275,11.822365,22.938791,35.31061,-9.13502,1.6568751,5.4831038,3.0867476,-7.041553,11.948888,-14.158909,-3.1097393,5.635136,1.9580741,20.411795,5.666504,16.443758,-22.680405,-5.8853827,-31.897125,-16.575705,14.4623785,-1.9034086,-13.021926,30.710447,-5.131552,-0.97626746,18.956223,-23.789736
638,16.428346633911133,428.99993896484375,78.21700286865234,-1.4598728114056883,1.3701614963784359,89.99022300120234,-24.257187,11.582074,23.51257,31.002367,-8.457579,0.6218095,6.758764,3.4553263,-6.772623,11.04098,-14.071886,-3.0816042,5.899753,2.0621438,20.001587,6.011441,16.137255,-22.32539,-5.8095465,-32.703575,-16.648905,14.613178,-2.069861,-13.31446,31.192642,-5.8326874,-1.22521,19.377045,-23.542614
639,16.39170265197754,429.9044189453125,78.0846939086914,-1.7640358577738038,1.2501811280245794,89.57161497233228,-23.699276,11.350751,24.131699,26.46296,-7.708623,-0.44209945,8.043199,3.8468273,-6.445712,10.12989,-13.982964,-3.047471,6.1754436,2.2007034,19.59605,6.4065995,15.83644,-21.909357,-5.7713227,-33.403618,-16.689873,14.693867,-2.241158,-13.625214,31.66343,-6.519723,-1.3406798,19.663078,-23.294533
640,16.352956771850586,430.80267333984375,77.92469024658203,-2.0933360885551546,1.1430743515922266,89.11053907237437,-23.067982,11.114601,24.784447,21.797052,-6.915835,-1.4319645,9.29764,4.2409024,-6.0566216,9.250348,-13.900686,-2.991128,6.4640164,2.3730085,19.182148,6.8195386,15.537657,-21.471138,-5.737109,-33.96087,-16.76292,14.735822,-2.409697,-13.95302,32.105145,-7.188539,-1.3640071,19.857637,-22.987244
641,16.30633544921875,431.6953125,77.73738098144531,-2.4844215839679675,1.0429124780518204,88.58734403320425,-22.310486,10.894189,25.523697,16.835224,-6.027202,-2.3443732,10.561802,4.6824822,-5.575748,8.328456,-13.793182,-2.9101086,6.7882605,2.6155217,18.752373,7.2546177,15.236191,-20.998625,-5.689549,-34.30972,-16.88652,14.7139635,-2.5621052,-14.300526,32.503613,-7.8469214,-1.2448915,19.925095,-22.605286
642,16.246349334716797,432.6039733886719,77.51793670654297,-2.98015786715395,0.9178993669024336,87.96321273968564,-21.353386,10.760022,26.356241,11.500238,-5.0054083,-3.2263749,11.90881,5.2243237,-4.9609623,7.279108,-13.614963,-2.8250494,7.1849623,2.9739356,18.325047,7.7301874,14.929322,-20.484316,-5.6532574,-34.486507,-17.023426,14.625748,-2.6990557,-14.671471,32.869183,-8.500107,-0.9798482,19.862211,-22.179277
643,16.16741371154785,433.51837158203125,77.2737045288086,-3.553370672281451,0.7606552094441803,87.23666073834801,-20.730125,10.96946,27.112638,7.1709657,-4.491896,-4.0623055,12.855715,5.7821164,-4.2623663,7.1315823,-13.888619,-2.7424045,7.653539,3.4286034,17.91802,8.22764,14.617198,-19.972809,-5.648921,-34.60794,-17.15673,14.534275,-2.8422837,-15.0661,33.22089,-9.129059,-0.68377113,19.758234,-21.718874
644,16.080591201782227,434.429443359375,77.01980590820312,-4.111137049981937,0.5955660008019451,86.46168670821179,-21.723146,12.065847,27.449211,6.9224057,-6.019029,-4.8439927,13.750975,6.2807474,-3.517269,7.092657,-14.1731615,-2.6592727,8.140728,3.8878229,17.53608,8.712744,14.303169,-19.50745,-5.6835237,-34.792084,-17.271873,14.499343,-3.0194695,-15.478766,33.575203,-9.709405,-0.4730823,19.697618,-21.234924
645,15.987361907958984,435.36181640625,76.77256774902344,-4.609282925294955,0.4538271461336154,85.6617081834545,-22.670715,13.043631,27.645174,6.6655807,-7.4989448,-5.572677,14.60555,6.6672997,-2.7572727,7.0764284,-14.4415,-2.5652106,8.615552,4.3050485,17.162207,9.185127,13.985996,-19.091703,-5.7758427,-35.116222,-17.358967,14.564171,-3.2522979,-15.904315,33.937,-10.211863,-0.35452402,19.675611,-20.715752
646,15.879680633544922,436.2866516113281,76.52537536621094,-5.018706279821108,0.35754251075562404,84.87766823220423,-23.681835,13.893921,27.72826,6.572665,-9.044902,-6.2367606,15.406275,6.908865,-2.024106,7.0825977,-14.707786,-2.4414172,9.041321,4.6401434,16.783035,9.636445,13.665755,-18.702248,-5.8936963,-35.50442,-17.431356,14.683163,-3.5363498,-16.336369,34.296524,-10.642468,-0.2738407,19.651167,-20.163155
647,15.7514066696167,437.2038879394531,76.30086517333984,-5.308078466711123,0.27172794030101066,84.14842749206412,-24.474182,14.525832,27.818165,6.3390436,-10.346692,-6.782974,16.190195,6.982461,-1.352917,7.107875,-14.940064,-2.2871714,9.452948,4.8102546,16.419052,10.069612,13.479549,-18.412703,-6.0320196,-35.87591,-17.522346,14.82406,-3.9099493,-16.586378,34.581367,-10.891004,-0.3124859,19.653845,-19.56617
648,15.620769500732422,438.1116943359375,76.09275817871094,-5.56183835713635,0.18437305108726806,83.48385421321242,-25.1543,15.156548,27.903105,6.4471793,-11.476833,-7.1933985,16.962948,7.004649,-0.7406852,7.1404967,-15.085532,-2.128247,9.676514,5.0049543,16.124825,10.462709,13.139331,-18.024136,-6.0978026,-36.042347,-17.604301,14.826099,-4.2562737,-17.04404,34.99548,-11.292118,-0.37555343,19.723372,-19.053324
649,15.492968559265137,439.0177307128906,75.8996810913086,-5.762580425967142,0.0913042318522946,82.871395459562,-25.57651,15.70669,28.076788,6.6405663,-12.258329,-7.5225315,17.723173,6.9556055,-0.18921722,7.184223,-15.157883,-1.9655684,9.914984,5.114141,15.855696,10.794739,12.928377,-17.760044,-6.1119046,-35.99338,-17.746763,14.787355,-4.6592474,-17.346115,35.30707,-11.590469,-0.5932416,19.868624,-18.503956
650,15.373979568481445,439.9126892089844,75.7226333618164,-5.891473432054143,-0.009340390036265543,82.29830556066187,-25.624552,16.043234,28.358427,6.536315,-12.580898,-7.7796216,18.477295,6.808173,0.3093864,7.245605,-15.1765585,-1.7890708,10.068,5.1589084,15.648796,11.109138,12.725334,-17.490847,-6.110553,-35.77986,-17.910938,14.691306,-5.1136217,-17.649092,35.64774,-11.874531,-0.89359164,20.070625,-17.964027
651,15.261999130249023,440.82879638671875,75.5520248413086,-5.979529367958439,-0.0939359828016321,81.81248641740235,-25.573929,16.27869,28.579714,6.634159,-12.729717,-7.866063,19.212624,6.610422,0.7304123,7.318206,-15.110062,-1.5965121,10.125968,5.174674,15.460426,11.377001,12.518366,-17.249294,-6.070558,-35.512024,-18.055605,14.516889,-5.527653,-17.97755,35.98717,-12.176998,-1.2751508,20.307644,-17.46438
652,15.15230941772461,441.7697448730469,75.40343475341797,-5.961692307874547,-0.16704100311796805,81.47340819333093,-25.219053,16.197027,28.738365,6.451521,-12.498476,-7.659245,19.51279,6.3040843,0.9797463,8.326156,-15.429326,-1.3636985,10.123418,5.0692487,15.2711,11.567986,12.3904505,-17.131702,-5.9743676,-35.321003,-18.154255,14.271191,-5.8540807,-18.2041,36.228527,-12.404627,-1.780623,20.553665,-17.001682
653,15.051007270812988,442.7185974121094,75.26025390625,-5.860757703133023,-0.23043807201165104,81.31090583993713,-24.670727,15.908029,28.730953,6.450733,-12.140117,-7.0744615,19.729351,5.9286566,1.0907402,9.557157,-15.784713,-1.0950758,9.996594,4.875192,15.086206,11.692239,12.299295,-17.087334,-5.8191705,-35.244747,-18.190765,13.871356,-6.0658183,-18.399826,36.434204,-12.637001,-2.4292378,20.842644,-16.563784
654,14.954848289489746,443.668701171875,75.12845611572266,-5.666695234861262,-0.28927644400551705,81.28396075573258,-23.921343,15.437454,28.617718,6.5946193,-11.6221,-6.1814404,19.927752,5.4630766,1.0949128,10.863148,-16.097218,-0.7939124,9.771054,4.6175127,14.942011,11.73134,12.196375,-17.104416,-5.6024575,-35.203762,-18.182652,13.336979,-6.098639,-18.728853,36.606194,-13.038701,-3.1697886,21.173862,-16.168596
655,14.84961223602295,444.62347412109375,75.01126098632812,-5.326777189657986,-0.3102862005318019,81.34797655618672,-23.150723,14.759799,28.463812,6.789748,-10.886986,-5.1052346,19.963463,4.826774,0.9905224,12.445352,-16.41073,-0.4479217,9.522736,4.2001348,14.790719,11.698835,12.174069,-17.23243,-5.3526845,-35.16719,-18.13886,12.8153715,-6.058464,-18.98318,36.667797,-13.362826,-3.9661288,21.472147,-15.855588
656,14.684685707092285,445.5624084472656,74.94879150390625,-4.836819454732378,-0.2554254355810963,81.44045422212469,-22.584776,13.916457,28.324114,7.0190153,-9.905232,-3.9849045,19.732386,3.9965534,0.8116067,14.39226,-16.69796,-0.05596786,9.256798,3.62638,14.602632,11.630351,12.200025,-17.424314,-5.1102853,-35.075924,-18.049883,12.413003,-5.9987454,-19.163364,36.65283,-13.5345545,-4.712251,21.672386,-15.726568
657,14.522272109985352,446.5257263183594,74.89216613769531,-4.214483392437303,-0.10158728457904546,81.55201216002955,-22.262629,12.892672,28.19774,7.142124,-8.4633,-2.7207289,19.285913,2.9936874,0.6047248,16.545603,-16.901308,0.38356704,8.979708,2.927051,14.355209,11.514427,12.25215,-17.685747,-4.872448,-34.856018,-17.887932,12.170273,-5.912564,-19.291462,36.561855,-13.545675,-5.4296103,21.772688,-15.853983
658,14.345926284790039,447.5077209472656,74.85964965820312,-3.4709900580297766,0.12347355843723393,81.69989225694283,-22.076809,11.706679,28.088177,7.2356176,-6.650891,-1.2876543,18.689285,1.8379161,0.3764054,18.854727,-17.013458,0.8723535,8.679014,2.1155045,14.06171,11.345916,12.321854,-18.014303,-4.6176305,-34.549126,-17.662727,12.018485,-5.7942576,-19.361948,36.407654,-13.418789,-6.1505613,21.811085,-16.17842
659,14.161035537719727,448.5145568847656,74.8475341796875,-2.710392137871194,0.344687754781732,81.81809052863865,-22.364302,10.787479,27.958006,8.453668,-5.323164,0.028262531,18.02573,0.64294803,0.17163873,21.257908,-16.912985,1.377914,8.412574,1.302744,13.758689,11.157483,12.403144,-18.399712,-4.355944,-34.268093,-17.424755,11.914451,-5.6376615,-19.38179,36.191746,-13.189968,-6.7886543,21.784252,-16.589092
660,13.988116264343262,449.53314208984375,74.82872772216797,-2.032282306208752,0.4906705624525065,81.84421672695298,-22.969814,10.284966,27.850868,10.784172,-4.723356,0.9543996,17.346655,-0.4827093,0.023205917,23.742693,-16.500252,1.863224,8.227328,0.5943304,13.487264,10.982673,12.484538,-18.823227,-4.096608,-34.124218,-17.223421,11.813307,-5.439521,-19.361273,35.923065,-12.892761,-7.2557387,21.684431,-16.978216
661,13.807733535766602,450.58416748046875,74.8085708618164,-1.4459377110150047,0.5578033499723782,81.73368632616888,-23.244806,9.912453,27.898775,12.771023,-4.019759,1.3140899,16.633375,-1.5243704,-0.019889155,26.356873,-15.75473,2.3269434,8.179757,-0.0044835582,13.241353,10.835009,12.572161,-19.312235,-3.8278482,-34.257534,-17.088049,11.699381,-5.164868,-19.30349,35.574547,-12.540597,-7.4856753,21.47293,-17.330147
662,13.620035171508789,451.6339416503906,74.80139923095703,-0.8995814825278078,0.5865721887545812,81.54147173830498,-23.332277,9.610428,28.037878,14.563608,-3.195738,1.3045781,15.852855,-2.5373473,0.0043257577,29.103584,-14.734198,2.781741,8.198961,-0.54421586,13.007283,10.698992,12.651107,-19.844227,-3.547526,-34.56825,-16.983246,11.590533,-4.834838,-19.216341,35.174652,-12.116826,-7.5348253,21.164185,-17.705261
663,13.410374641418457,452.6693420410156,74.79676818847656,-0.4001437000215744,0.5702233660153642,81.35079915211678,-23.31622,9.352384,28.175594,16.3131,-2.557086,1.2202042,15.025258,-3.5249166,-0.005368744,31.927462,-13.468409,3.2081409,8.230287,-1.013584,12.812884,10.521189,12.735393,-20.426313,-3.26089,-34.82029,-16.877018,11.522638,-4.4667296,-19.098192,34.706314,-11.6456375,-7.51843,20.823221,-18.080246
664,13.202593803405762,453.72198486328125,74.80156707763672,0.03725088810614526,0.4968229907732129,81.2396396909053,-23.258194,9.107803,28.234167,18.12105,-2.3908052,1.3384918,14.175138,-4.4840574,-0.1473023,34.779594,-11.982932,3.586579,8.198868,-1.3926387,12.689867,10.270946,12.833009,-21.034462,-2.9943044,-34.77872,-16.733145,11.523072,-4.0907636,-18.960585,34.18385,-11.157903,-7.5420337,20.520357,-18.442999
665,13.000997543334961,454.72406005859375,74.7947998046875,0.3823092054940384,0.35226160054199174,81.2419143890128,-23.212765,8.885763,28.145725,20.109575,-2.8726993,1.7287933,13.299259,-5.391078,-0.4642578,37.707497,-10.166495,3.877227,8.089474,-1.646905,12.649609,9.938974,12.953257,-21.683958,-2.7560673,-34.375015,-16.498922,11.591926,-3.680986,-18.807442,33.578136,-10.692042,-7.6447673,20.313599,-18.768122
666,12.789908409118652,455.7452087402344,74.80136108398438,0.6500193929408932,0.1461901609164637,81.31312150037263,-23.131008,8.67801,27.95784,22.16737,-3.803847,2.228074,12.384023,-6.257697,-0.90162045,40.72798,-8.0442,4.100488,7.940708,-1.7976246,12.676725,9.54917,13.096318,-22.381453,-2.5446472,-33.74203,-16.206844,11.714168,-3.2263713,-18.640768,32.88985,-10.238835,-7.762706,20.15278,-19.071241
667,12.59038257598877,456.74658203125,74.79911804199219,0.8924518254460284,-0.09930426453626431,81.41058537024448,-22.93488,8.436312,27.773943,24.078857,-4.925023,2.760125,11.42965,-7.1395516,-1.4069191,43.77454,-5.866806,4.317538,7.773719,-1.9059883,12.762173,9.105941,13.259098,-23.105669,-2.359304,-32.94828,-15.950852,11.898485,-2.77051,-18.46537,32.162704,-9.757263,-7.851515,19.94267,-19.398754
668,12.383275032043457,457.7394104003906,74.80801391601562,1.1651944937737493,-0.36220213765714965,81.49387235539871,-22.533802,8.104739,27.701937,25.603094,-5.9616656,3.2522056,10.438269,-8.102473,-1.9271233,46.78169,-3.8846087,4.5752964,7.6050863,-2.0349627,12.89723,8.615436,13.436065,-23.831377,-2.20062,-32.058655,-15.823575,12.156533,-2.3561554,-18.286457,31.44428,-9.20614,-7.866921,19.587965,-19.797983
669,12.183748245239258,458.69818115234375,74.82540893554688,1.4942428790565638,-0.6612165008783784,81.56413126258553,-21.887959,7.6523805,27.788982,26.708298,-6.913854,3.7123847,9.400541,-9.225545,-2.485222,49.828316,-1.9668828,4.9286337,7.432157,-2.205732,13.108127,8.066108,13.627635,-24.561947,-2.0635204,-31.076803,-15.863156,12.505411,-1.9721963,-18.107328,30.735641,-8.615318,-7.8217144,19.096577,-20.329819
670,11.993224143981934,459.6449890136719,74.85432434082031,1.8560764302439412,-0.9995293321359965,81.63938171899484,-21.056734,7.092136,27.971684,27.513454,-7.8997254,4.170473,8.30476,-10.491622,-3.0881786,52.95556,-0.061335187,5.299044,7.2462115,-2.3940797,13.391707,7.4600167,13.833215,-25.307058,-1.951288,-29.969994,-16.010424,12.93824,-1.600544,-17.929388,30.016802,-7.998707,-7.7341413,18.507093,-20.951733
671,11.811254501342773,460.57025146484375,74.88099670410156,2.2253799406822825,-1.3311859778748925,81.70809263224271,-20.103827,6.450466,28.19364,28.013083,-8.834324,4.591129,7.1486034,-11.813051,-3.671268,56.040817,1.4580606,5.5422897,7.047853,-2.5845184,13.69148,6.820183,14.043056,-26.047203,-1.8701588,-28.745625,-16.212132,13.431887,-1.2769045,-17.755943,29.308084,-7.282483,-7.571366,17.769627,-21.554497
672,11.62084674835205,461.4819641113281,74.9188461303711,2.5785265855633575,-1.609454762150052,81.75746570676047,-19.092367,5.7628593,28.403149,28.209946,-9.637263,4.9378886,5.928154,-13.086055,-4.1782923,58.95853,2.2136948,5.54135,6.8354115,-2.7606416,13.948228,6.1693926,14.242042,-26.756964,-1.8222071,-27.409405,-16.415257,13.959861,-1.04275,-17.59209,28.63474,-6.385821,-7.2993116,16.833714,-22.028141
673,11.427436828613281,462.3740539550781,74.97625732421875,2.9269864461053112,-1.819093617420524,81.79377622877642,-18.02399,5.00557,28.599466,28.062693,-10.300523,5.2133255,4.6486855,-14.360208,-4.6621485,61.73618,1.8568622,5.2468586,6.5974426,-2.9293084,14.145159,5.494253,14.419719,-27.445024,-1.8008283,-25.97316,-16.633402,14.554473,-0.9092052,-17.445793,28.00074,-5.301745,-6.86436,15.6469,-22.341324
674,11.23215103149414,463.2510681152344,75.06175994873047,3.276348858548892,-1.9850079850401947,81.8212635667093,-16.874676,4.176709,28.801775,27.592491,-10.868039,5.4346724,3.3088732,-15.654026,-5.1244426,64.4287,0.65886277,4.7527056,6.3360357,-3.0878162,14.311354,4.7819266,14.573412,-28.115993,-1.7958798,-24.423561,-16.878841,15.218953,-0.8493228,-17.321554,27.395664,-4.071783,-6.3003817,14.248434,-22.544939
675,11.031486511230469,464.0909118652344,75.16234588623047,3.5850563247541407,-2.1212662391040773,81.82287990581969,-15.664444,3.3506422,28.994896,26.884487,-11.327476,5.5869637,1.8929827,-16.79515,-5.4439855,66.93319,-0.8218058,4.17474,6.068966,-3.203583,14.457931,4.0544996,14.700135,-28.734568,-1.8048806,-22.73031,-17.09964,15.879265,-0.84873205,-17.215618,26.825325,-2.6876225,-5.70086,12.726956,-22.656363
676,10.853836059570312,464.9519348144531,75.29742431640625,3.816241540054483,-2.2415926673417674,81.78222425455769,-14.41518,2.6020882,29.168417,26.0335,-11.672482,5.65408,0.38040137,-17.615667,-5.520719,69.14456,-2.0178406,3.6139622,5.8108816,-3.247643,14.594962,3.3366892,14.797097,-29.262564,-1.8247299,-20.864552,-17.246855,16.457703,-0.8999504,-17.117275,26.299189,-1.1306112,-5.1589212,11.171109,-22.699715
677,10.68233585357666,465.7822570800781,75.454833984375,3.9706861810568768,-2.342266652903792,81.67471973295757,-13.107528,1.9389877,29.349464,25.00925,-11.881769,5.6245275,-1.2909955,-18.03117,-5.2676845,71.05718,-2.7823145,3.0828907,5.5746193,-3.2199244,14.721932,2.6399174,14.861036,-29.657892,-1.8565376,-18.730724,-17.313549,16.927795,-1.0229249,-17.017897,25.821253,0.6452145,-4.704934,9.531781,-22.669464
678,10.521757125854492,466.617919921875,75.64544677734375,4.062881555582543,-2.4179228285677294,81.5145955853824,-11.730321,1.3277476,29.538387,23.768124,-11.963349,5.5089417,-3.0938764,-18.115446,-4.7824297,72.71351,-3.4021459,2.5426424,5.3470507,-3.1323426,14.831635,1.9485097,14.891878,-29.94418,-1.8945063,-16.372576,-17.32483,17.328613,-1.2215996,-16.91643,25.390625,2.6293547,-4.285363,7.7877035,-22.558157
679,10.364585876464844,467.4538269042969,75.84654998779297,4.085173502912929,-2.4803269324466917,81.34763215368687,-10.328218,0.7791924,29.687435,22.415882,-11.962712,5.3232255,-4.9143405,-17.96701,-4.2545667,74.08643,-3.9629264,2.0052116,5.0867786,-2.9774003,14.930203,1.2636796,14.894862,-30.167503,-1.9452841,-13.973901,-17.284174,17.673216,-1.458168,-16.83086,25.025518,4.735616,-3.856299,6.0687966,-22.397303
680,10.232932090759277,468.2825622558594,76.06009674072266,4.0295728387025465,-2.541679481279695,81.2199993968988,-8.944802,0.30465752,29.749655,21.056753,-11.924926,5.083484,-6.6387544,-17.699894,-3.8658018,75.14844,-4.5553546,1.4794896,4.8169775,-2.7589674,15.011486,0.52668244,14.872721,-30.456375,-1.9517742,-11.715799,-17.199919,17.995192,-1.6858578,-16.712988,24.66505,6.9192047,-3.4084804,4.5010433,-22.194002
681,10.096492767333984,469.1048583984375,76.27613830566406,3.8756366474118695,-2.611535422904709,81.13064094108319,-7.5750823,-0.06728801,29.70811,19.708256,-11.859716,4.7648463,-8.242688,-17.275969,-3.6335602,75.87245,-5.1977205,0.97456014,4.488976,-2.4495199,15.089634,-0.2098484,14.82772,-30.763023,-1.9655311,-9.653987,-17.09673,18.29211,-1.937737,-16.586737,24.368975,9.232735,-2.8139286,3.0161269,-21.939907
682,9.971597671508789,469.9115295410156,76.48868560791016,3.634381896765431,-2.6816650787314935,81.05989173862363,-6.2019134,-0.34462944,29.594734,18.325853,-11.747309,4.3671155,-9.778518,-16.661604,-3.4838433,76.27634,-5.8396716,0.48679176,4.12943,-2.0601742,15.161523,-0.95342106,14.75978,-31.073301,-1.9775003,-7.689411,-16.968552,18.553263,-2.2105606,-16.450342,24.11955,11.678334,-2.1248393,1.5827297,-21.623432
683,9.85932731628418,470.7216796875,76.69953155517578,3.3446921681655812,-2.736826948844664,81.02584530260732,-4.8466105,-0.5710189,29.434053,16.91279,-11.586044,3.943864,-11.249507,-15.975371,-3.450048,76.39749,-6.474285,0.009423341,3.7434146,-1.6407626,15.211362,-1.7308121,14.676426,-31.405525,-1.9630919,-5.7770395,-16.76976,18.756613,-2.4648397,-16.307413,23.901573,14.119938,-1.5495307,0.38125739,-21.304482
684,9.763114929199219,471.5437927246094,76.9059829711914,3.046499068424049,-2.7610561351918266,81.04626076425332,-3.5351267,-0.78929156,29.248484,15.482596,-11.378823,3.5494463,-12.659842,-15.338124,-3.5610583,76.27204,-7.096715,-0.4639331,3.3376982,-1.2399486,15.224764,-2.565279,14.589473,-31.780712,-1.9056462,-3.8749607,-16.456106,18.876814,-2.6605275,-16.164537,23.697088,16.417408,-1.297974,-0.4105703,-21.054466
685,9.66677188873291,472.3424987792969,77.09803771972656,2.733210718822575,-2.7453001898580314,81.12170662680283,-2.2656896,-0.9938646,29.043472,14.009112,-11.110587,3.1860652,-14.013208,-14.753269,-3.8495717,75.886406,-7.713952,-0.9420438,2.9212887,-0.85429806,15.195263,-3.4617631,14.50763,-32.216526,-1.8254275,-2.030371,-15.99156,18.869629,-2.7956078,-16.023312,23.527546,18.562006,-1.517987,-0.6525108,-20.98337
686,9.58242416381836,473.1490478515625,77.28030395507812,2.3867178323874945,-2.6989263289191614,81.24428235796442,-1.0352138,-1.160179,28.80733,12.515364,-10.791996,2.8282728,-15.299741,-14.162649,-4.295041,75.22011,-8.32631,-1.4110731,2.4896746,-0.46253237,15.134249,-4.398589,14.432303,-32.70257,-1.7372952,-0.25000507,-15.415739,18.752913,-2.8904557,-15.88274,23.391518,20.619864,-2.068058,-0.47240078,-21.02993
687,9.509170532226562,473.9394226074219,77.43919372558594,2.034725544949453,-2.632133080905424,81.41917597299913,0.1523458,-1.3133808,28.533533,11.039004,-10.455663,2.493069,-16.509817,-13.590839,-4.843465,74.30661,-8.921653,-1.8456229,2.0305007,-0.08315577,15.054608,-5.361284,14.363388,-33.21813,-1.6178368,1.5686371,-14.795637,18.59437,-2.9352558,-15.746513,23.235613,22.5573,-2.7242563,-0.097450905,-21.01154
688,9.435774803161621,474.7269592285156,77.57689666748047,1.704221898735959,-2.5553470585568916,81.65167407285973,1.2990421,-1.4822941,28.21556,9.605281,-10.130088,2.200898,-17.6362,-13.064342,-5.4379063,73.17947,-9.485744,-2.2227075,1.5331315,0.26453477,14.96942,-6.338798,14.299705,-33.743755,-1.4412507,3.5281208,-14.194152,18.464146,-2.9171503,-15.624551,23.003517,24.335049,-3.2649791,0.2420967,-20.75018
689,9.357158660888672,475.5372619628906,77.70089721679688,1.3968242522949565,-2.4651190340300895,81.95034528196723,2.4016085,-1.6732364,27.842724,8.21362,-9.812997,1.9778734,-18.6739,-12.606428,-6.1046176,71.832794,-10.040733,-2.544582,0.9869856,0.5822578,14.878764,-7.3270774,14.238142,-34.27762,-1.2084305,5.6800885,-13.623535,18.377764,-2.8201132,-15.522973,22.671043,25.91317,-3.6689167,0.55888116,-20.182869
690,9.292426109313965,476.33355712890625,77.80177307128906,1.1017865640836713,-2.3574175075760535,82.30987924629068,3.2881691,-1.7775643,27.425724,7.2688518,-9.712216,1.8083305,-19.62565,-12.194643,-6.8564844,70.24939,-10.584307,-2.8132312,0.40360004,0.8780206,14.778391,-8.334424,14.176957,-34.8337,-0.9296665,7.962144,-13.051314,18.294855,-2.6477315,-15.443204,22.267757,27.311962,-4.0434384,0.9490979,-19.40798
691,9.21640682220459,477.1119079589844,77.87596893310547,0.8363424753717458,-2.2415463435666916,82.71420149504988,3.8265886,-1.7249174,26.986315,7.127322,-10.02386,1.6532136,-20.500109,-11.797732,-7.612901,68.45154,-11.070339,-3.0146663,-0.19555634,1.14154,14.676421,-9.365846,14.11764,-35.41456,-0.599979,10.305374,-12.469471,18.20368,-2.4137504,-15.387357,21.819101,28.581612,-4.3560143,1.3027074,-18.497232
692,9.158304214477539,477.8977355957031,77.92823028564453,0.6125371425441596,-2.12752567220801,83.14803099900742,4.3600926,-1.7016755,26.534636,7.0036545,-10.344695,1.4845543,-21.308184,-11.387885,-8.293743,66.460884,-11.4510765,-3.1416,-0.79030913,1.3613192,14.580227,-10.425075,14.0639105,-36.021004,-0.2167755,12.642463,-11.870264,18.093557,-2.132584,-15.359993,21.35148,29.76946,-4.5704274,1.5139587,-17.523308
693,9.09911060333252,478.6901550292969,77.9593505859375,0.43349337705123986,-2.0172976282268507,83.61115381023322,4.9035416,-1.7180474,26.076727,6.8662105,-10.657551,1.2800088,-22.058458,-10.961133,-8.882837,64.27686,-11.724921,-3.207649,-1.3806007,1.53374,14.490459,-11.516456,14.019665,-36.649258,0.21266735,15.043605,-11.241139,17.956316,-1.8044988,-15.36605,20.868835,30.88113,-4.64028,1.5328999,-16.476135
694,9.048636436462402,479.487548828125,77.96534729003906,0.29095938721582354,-1.906970652616933,84.11119671888969,5.4444094,-1.7675989,25.603003,6.728668,-10.966947,1.068589,-22.745491,-10.533461,-9.418599,61.893463,-11.915557,-3.2175603,-1.9776404,1.6683552,14.4054365,-12.631756,13.985552,-37.298653,0.67898434,17.516678,-10.590904,17.795807,-1.418514,-15.405195,20.360203,31.886425,-4.5898533,1.4283137,-15.327015
695,9.003889083862305,480.27838134765625,77.94083404541016,0.18034710171546775,-1.7994869286351691,84.64354202348197,5.9642053,-1.8367914,25.108576,6.6491866,-11.314813,0.8849964,-23.3637,-10.1127405,-9.897706,59.33278,-12.018926,-3.1524289,-2.5775216,1.769484,14.329366,-13.75673,13.960117,-37.974995,1.181842,19.901827,-9.943054,17.62499,-0.9715903,-15.471134,19.828342,32.780357,-4.488831,1.2716054,-14.121512
696,8.94628620147705,481.0639953613281,77.89679718017578,0.11985351620352515,-1.6960527711540778,85.20107427878415,6.4531355,-1.9385412,24.591932,6.662631,-11.728184,0.7577331,-23.8947,-9.719723,-10.3063345,56.579113,-12.010447,-2.9916027,-3.174682,1.8195311,14.261918,-14.878192,13.940694,-38.682602,1.7241672,22.037998,-9.318884,17.461666,-0.4636917,-15.552898,19.277185,33.56309,-4.4102297,1.1313686,-12.905528
697,8.89388656616211,481.8558349609375,77.83602142333984,0.09391853535155245,-1.5944355821747414,85.78868279413838,6.9390545,-2.0714672,24.037832,6.6826634,-12.154547,0.6831021,-24.330505,-9.330153,-10.65394,53.5876,-11.840867,-2.7368848,-3.7753885,1.8307023,14.198258,-16.008823,13.927489,-39.43921,2.3012235,23.86286,-8.693033,17.308985,0.09814598,-15.645772,18.702396,34.23843,-4.3349595,1.0042709,-11.64979
698,8.860701560974121,482.65814208984375,77.76438903808594,0.10315013843352185,-1.4950157420604715,86.40834215491404,7.4226093,-2.2346592,23.451693,6.70545,-12.586902,0.6404132,-24.673285,-8.943402,-10.94078,50.36053,-11.525991,-2.4007108,-4.381373,1.8026266,14.136017,-17.150545,13.920002,-40.23657,2.9136498,25.471163,-8.060893,17.16471,0.71302736,-15.7478075,18.10507,34.81411,-4.2382636,0.8618514,-10.342994
699,8.827162742614746,483.45660400390625,77.66766357421875,0.14522674640953243,-1.3998023704510052,87.05544389765095,7.9150805,-2.4257538,22.849712,6.727901,-13.027852,0.6290392,-24.91489,-8.57712,-11.176322,46.937313,-11.138216,-1.9845854,-4.9897766,1.7407227,14.075038,-18.273954,13.912526,-41.03578,3.5756388,26.938992,-7.472644,17.043564,1.3791044,-15.852695,17.501303,35.30877,-4.189221,0.72852695,-9.058957
700,8.809536933898926,484.2671813964844,77.55648803710938,0.22188095683729075,-1.3108380830035467,87.72567318814814,8.425224,-2.6437397,22.247513,6.753827,-13.483886,0.6512242,-25.04685,-8.250138,-11.371448,43.354427,-10.748284,-1.4891063,-5.5989213,1.6490307,14.01389,-19.352732,13.896942,-41.796383,4.3092375,28.341293,-6.979125,16.960287,2.0891635,-15.952215,16.907953,35.747345,-4.2593784,0.6253572,-7.8727384
701,8.790457725524902,485.0760803222656,77.42691040039062,0.3447491035939967,-1.2319282090802657,88.43167157992139,8.958461,-2.9103646,21.633999,6.7792926,-13.956938,0.7382223,-25.05622,-7.9707355,-11.503679,39.556564,-10.3478775,-0.87994826,-6.2219,1.5132788,13.95064,-20.38792,13.868401,-42.506584,5.1273465,29.691217,-6.588438,16.91231,2.845128,-16.041248,16.316858,36.125652,-4.4845314,0.55173486,-6.772536
702,8.77038288116455,485.9092102050781,77.28616333007812,0.5133649488105987,-1.164516768542896,89.17503800339227,9.511301,-3.2205925,21.000856,6.805482,-14.4435835,0.8768832,-24.932756,-7.732162,-11.577678,35.506126,-9.88715,-0.16993482,-6.859989,1.3320186,13.883179,-21.39583,13.825621,-43.185986,6.0274463,30.952936,-6.2725735,16.899664,3.6436896,-16.118353,15.726202,36.44474,-4.82414,0.49253607,-5.730111
703,8.763945579528809,486.7542724609375,77.13548278808594,0.7085674565506119,-1.1079655070787857,89.93587947845835,10.086387,-3.5410523,20.366941,6.8296766,-14.93527,1.0068868,-24.667788,-7.531662,-11.647198,31.253372,-9.368214,0.57337195,-7.4945235,1.1262982,13.810347,-22.373926,13.76637,-43.840614,7.010606,32.128128,-6.0282116,16.940735,4.4666886,-16.180779,15.162054,36.740005,-5.235273,0.44714874,-4.7964845
704,8.750561714172363,487.59869384765625,76.9645004272461,0.9132136148196752,-1.0618572215897022,90.69638859420853,10.686803,-3.8411899,19.750288,6.849563,-15.425341,1.070708,-24.253487,-7.3651557,-11.768223,26.84775,-8.793407,1.2858754,-8.109801,0.9140748,13.731735,-23.318502,13.688373,-44.47511,8.080286,33.2194,-5.8516755,17.052614,5.2938986,-16.226656,14.652075,37.04926,-5.6761703,0.4172846,-4.023417
705,8.745996475219727,488.45098876953125,76.78327178955078,1.135157319575064,-1.033847088285679,91.47105760093818,11.324007,-4.1293836,19.15146,6.861473,-15.930679,1.0439444,-23.646425,-7.2477884,-11.943319,22.167162,-8.135047,1.974398,-8.7172575,0.68176615,13.647427,-24.2358,13.59154,-45.088295,9.247706,34.236954,-5.7393875,17.235924,6.1288204,-16.254042,14.202422,37.37439,-6.1690574,0.40970975,-3.4273698
706,8.742135047912598,489.3143615722656,76.57959747314453,1.4112452231040036,-1.0376443230595325,92.29099247565172,12.006522,-4.4544883,18.533165,6.8698416,-16.451635,0.97067964,-22.800621,-7.206779,-12.164111,17.12258,-7.3483467,2.6800375,-9.346366,0.38821945,13.562454,-25.126848,13.477223,-45.67904,10.513237,35.177452,-5.690955,17.483974,6.981724,-16.26271,13.799385,37.698063,-6.72722,0.42321268,-2.9799452
707,8.743350982666016,490.1868896484375,76.36174011230469,1.7677975254816984,-1.0818335681367248,93.16503163364013,12.738408,-4.8540235,17.852913,6.8707814,-16.945795,0.8965099,-21.720499,-7.268586,-12.469489,11.843315,-6.416355,3.3880465,-10.0098505,0.0067041023,13.484765,-25.986862,13.346839,-46.251175,11.865415,36.01769,-5.7078023,17.802902,7.843578,-16.250328,13.441507,38.02616,-7.290774,0.45005736,-2.6653004
708,8.75218677520752,491.0697021484375,76.13272094726562,2.2062068974708486,-1.1617677918609752,94.07889668108163,13.506885,-5.327273,17.09095,6.8674583,-17.370872,0.85813355,-20.7234,-7.4891963,-12.859762,7.0981765,-5.6626234,4.0717874,-10.699047,-0.45792136,13.415844,-26.809258,13.200966,-46.80699,13.292368,36.737766,-5.791662,18.200464,8.699152,-16.215336,13.12779,38.370197,-7.8015075,0.48255154,-2.4684105
709,8.758146286010742,491.9584655761719,75.9061050415039,2.6915861031018244,-1.2547936006055969,94.99943497056908,14.2855215,-5.826146,16.274004,6.867479,-17.727201,0.85528755,-21.718925,-8.272827,-13.064292,6.8900857,-7.2517924,4.6661663,-11.379708,-0.9645152,13.345477,-27.611128,13.039188,-47.35882,14.817929,37.290833,-5.969179,18.715403,9.545779,-16.160275,12.857541,38.7204,-8.282841,0.5387174,-2.4231725
710,8.76590347290039,492.8511657714844,75.68220520019531,3.1787298024037116,-1.3423475222162513,95.89461427968924,15.0605545,-6.29495,15.452788,6.870127,-18.033895,0.8559175,-22.664568,-9.09166,-13.31981,6.7237625,-8.8253,5.178306,-12.019692,-1.4626514,13.265019,-28.390303,12.860005,-47.897068,16.438913,37.708935,-6.230328,19.337122,10.377755,-16.088316,12.631608,39.084618,-8.753895,0.6180789,-2.5251353
711,8.783145904541016,493.7611999511719,75.47625732421875,3.544037128867665,-1.3854918221154586,96.67402810297902,15.801909,-6.5873976,14.735563,6.8844213,-18.29666,0.810697,-23.60869,-9.749215,-13.629732,6.7657175,-10.352874,5.6782603,-12.591452,-1.8071059,13.185659,-29.064543,12.737037,-48.3311,18.018938,38.083874,-6.527563,19.998777,11.108095,-16.036627,12.501153,39.535793,-9.137646,0.6835195,-2.707907
712,8.797375679016113,494.66729736328125,75.28804779052734,3.8367401564843404,-1.4340374830538118,97.39837803900738,16.545385,-6.776588,14.061082,6.900004,-18.486317,0.7358449,-24.325056,-10.290397,-14.059495,6.7925415,-11.585411,6.2893453,-13.05757,-2.0703151,13.1299,-29.703808,12.566564,-48.754223,19.637016,38.48992,-6.79404,20.642166,11.829316,-15.954725,12.355858,40.043858,-9.3954,0.6958686,-2.887158
713,8.826223373413086,495.585205078125,75.11643981933594,4.106399457034776,-1.4959450481061236,98.10837542409351,17.29769,-6.911147,13.39304,6.915778,-18.612015,0.6382072,-24.75413,-10.794195,-14.805802,6.7445893,-12.495151,7.230461,-13.550548,-2.3004227,13.090698,-30.211958,12.45415,-49.047085,21.180826,38.988155,-7.0370064,21.222775,12.488583,-15.890585,12.293588,40.61199,-9.526769,0.6732339,-3.0816004
714,8.859421730041504,496.50677490234375,74.94905853271484,4.398681146999507,-1.5495322738049702,98.79996189106903,18.039747,-7.041286,12.728757,6.9285383,-18.674686,0.52879477,-25.031656,-11.325345,-15.7663145,6.7682567,-13.209212,8.3926935,-13.949286,-2.5550826,13.031606,-30.719894,12.2698145,-49.3673,22.829052,39.508392,-7.262405,21.804253,13.1651745,-15.771242,12.203782,41.206978,-9.5822735,0.6232384,-3.3144944
715,8.888213157653809,497.4275207519531,74.79875946044922,4.639112542464297,-1.58692276755131,99.39632414814578,18.772112,-7.09404,12.142109,6.937537,-18.655634,0.38757727,-25.132446,-11.695953,-16.58454,6.75994,-13.63805,9.363978,-14.256235,-2.7540443,12.970681,-31.17195,12.048886,-49.620388,24.524239,39.993595,-7.4871993,22.387072,13.757453,-15.622554,12.173825,41.947426,-9.477464,0.50694567,-3.5534277
716,8.928290367126465,498.349853515625,74.67899322509766,4.783957113638527,-1.592354848190753,99.82825647537068,19.484999,-7.036324,11.698498,6.944542,-18.537567,0.20267884,-25.107391,-11.77255,-16.864382,6.746632,-13.761202,9.739479,-14.433936,-2.8432252,12.917775,-31.523293,11.818869,-49.781414,26.2001,40.37973,-7.711264,22.988934,14.221309,-15.473786,12.237818,42.89886,-9.128002,0.2834601,-3.7545378
717,8.973520278930664,499.2801513671875,74.58589935302734,4.835574203982543,-1.5734424885515201,100.05326054629121,20.197523,-6.884529,11.43097,6.94511,-18.33483,-0.024282528,-24.902617,-11.494207,-16.356619,6.7398205,-13.550453,9.362832,-14.464641,-2.803088,12.905996,-31.707912,11.659081,-49.822548,27.74682,40.677387,-7.9306417,23.645971,14.578188,-15.377084,12.397663,44.027378,-8.493044,-0.0835774,-3.931671
718,9.01037883758545,500.2117614746094,74.51168060302734,4.81065297560921,-1.5338291174320908,100.11651295816543,20.906631,-6.6496863,11.303553,6.9410625,-18.05021,-0.28653586,-24.51563,-10.920294,-15.321329,6.727495,-12.999331,8.488167,-14.368849,-2.7062926,12.883869,-31.851482,11.401917,-49.777405,29.457077,40.926167,-8.162537,24.352043,14.783353,-15.240255,12.682155,45.42017,-7.615119,-0.5713426,-4.116899
719,9.030609130859375,501.1586608886719,74.4395523071289,4.693437895090066,-1.4643889384914177,100.08292084386325,21.591059,-6.307719,11.27354,6.9295697,-17.643671,-0.5877482,-24.085423,-10.137623,-14.112273,6.7436414,-12.143886,7.327079,-14.177664,-2.4812438,12.886869,-31.885336,11.200449,-49.67964,31.017738,41.035076,-8.388381,25.014221,14.94176,-15.140578,12.990031,46.88778,-6.5505643,-1.1092058,-4.2005506
720,9.074048042297363,502.111328125,74.42813873291016,4.457420139349373,-1.3634603840093165,99.993659545445,22.219389,-5.8142877,11.325571,6.9595256,-17.109991,-0.9382165,-23.690046,-9.2039,-13.078282,6.7064786,-10.9956255,6.0624824,-13.932262,-2.1288111,12.889412,-31.873234,11.003338,-49.54436,32.506004,40.94043,-8.6205225,25.558807,14.999456,-15.036228,13.35551,48.481613,-5.330903,-1.6311237,-4.128972
721,9.1273832321167,503.07330322265625,74.4520492553711,4.037798870928233,-1.1869450026652628,99.8029352546884,22.749388,-5.10671,11.508481,7.033205,-16.47232,-1.3663687,-23.470428,-8.054322,-12.201967,6.7530103,-9.535648,4.4949865,-13.579029,-1.5970244,12.861113,-31.865423,10.703816,-49.34854,34.03228,40.611576,-8.867664,25.936663,14.902005,-14.8644495,13.776503,50.288982,-3.83053,-2.160547,-3.876446
722,9.190073013305664,504.0499572753906,74.50746154785156,3.4082902811735636,-0.9573790445117446,99.49946837354256,23.225332,-4.160939,11.835862,7.128526,-15.730308,-1.8745737,-23.28942,-6.6299043,-11.386013,6.7961464,-7.734914,2.5884972,-13.095587,-0.8248492,12.868162,-31.782104,10.458997,-49.127625,35.387062,40.04832,-9.116674,26.200146,14.728564,-14.70331,14.18537,52.18863,-2.079507,-2.7091324,-3.444768
723,9.280131340026855,505.0287780761719,74.59147644042969,2.7279668820583063,-0.73809479917426,99.2268777280552,23.682617,-3.1416996,12.164453,7.259894,-14.824375,-2.3915424,-23.07005,-5.225345,-10.764285,6.837668,-5.8257155,0.7645954,-12.633155,-0.0075270063,12.872046,-31.620523,10.2668495,-48.905273,36.64636,39.364754,-9.368416,26.413244,14.507886,-14.541486,14.648117,54.14713,-0.3428605,-3.1917303,-2.9097862
724,9.391901016235352,506.0318603515625,74.68358612060547,2.1270455540215156,-0.5746186335382424,99.11698374344412,23.45517,-2.0146868,12.391122,8.930427,-14.481667,-2.859856,-22.742392,-4.083553,-10.455362,6.878763,-4.0547976,-0.5726661,-12.295132,0.7058791,12.848677,-31.404734,10.124191,-48.748405,37.87745,38.651333,-9.6196375,26.648357,14.294755,-14.3706,15.17732,56.10324,1.0987785,-3.5332677,-2.3451242
725,9.507453918457031,507.0656433105469,74.7546615600586,1.6008933597933621,-0.4558849639354339,99.23447853365053,22.743185,-0.7963422,12.409103,11.702224,-14.489691,-3.283232,-22.618599,-3.3151789,-10.53671,7.588748,-2.7387493,-1.2941259,-12.131611,1.3202695,12.770916,-31.127462,10.026114,-48.68865,39.08658,37.89467,-9.886648,26.940945,14.116579,-14.181732,15.760442,58.062077,2.2288196,-3.722784,-1.753611
726,9.610934257507324,508.12005615234375,74.82586669921875,1.063596899530422,-0.34125128814524114,99.5094720939592,21.951681,0.49455568,12.262277,14.6026325,-14.353952,-3.6826704,-22.72648,-2.7816825,-10.942001,8.9509115,-1.7914461,-1.6763158,-12.084096,1.9319255,12.648651,-30.790094,9.967669,-48.69232,40.25537,37.057545,-10.166935,27.245516,13.933178,-13.972696,16.39019,60.057632,3.1722975,-3.7991452,-1.1115676
727,9.719944953918457,509.1729736328125,74.89924621582031,0.5271880931746669,-0.2345757961106067,99.8591294261658,21.060423,1.8183004,12.0376,17.620462,-14.010081,-4.019808,-22.622026,-2.3323417,-11.527585,10.01683,-0.8828071,-1.8885916,-12.084686,2.5293152,12.520687,-30.411545,9.9413185,-48.7121,41.402634,36.216114,-10.426098,27.5163,13.69858,-13.748061,17.090755,62.073044,3.8591857,-3.7729037,-0.45566672
728,9.820022583007812,510.2200622558594,74.97721862792969,0.020062124946610704,-0.14871722307976093,100.20352507454645,20.061665,3.12036,11.819492,20.744762,-13.390905,-4.2529225,-22.442606,-1.9329513,-12.112136,11.082843,-0.34266016,-2.0527377,-12.070609,3.0841758,12.426928,-30.006805,9.9383545,-48.695744,42.54549,35.449986,-10.628347,27.709078,13.371375,-13.514552,17.888237,64.08842,4.2207456,-3.6573927,0.17943366
729,9.932032585144043,511.2506408691406,75.06278991699219,-0.4269407479137673,-0.09124937559289495,100.5423249644649,18.937914,4.369328,11.605545,24.019873,-12.426863,-4.3113623,-22.193485,-1.5981603,-12.690736,12.187577,-0.28693715,-2.0586524,-12.043492,3.5697176,12.364241,-29.570707,9.9520645,-48.648376,43.694996,34.767544,-10.761344,27.804531,12.942743,-13.275036,18.816175,66.14832,4.187063,-3.418054,0.8272592
730,10.040998458862305,512.2759399414062,75.1584243774414,-0.8188379625372432,-0.059799931407426815,100.89539187039105,17.722176,5.5748925,11.375354,27.395454,-11.150391,-4.225376,-21.833492,-1.3195657,-13.315493,13.21354,-0.537698,-1.852769,-12.015178,3.9915931,12.3160715,-29.104824,9.981018,-48.59123,44.850227,34.128418,-10.843699,27.832222,12.440159,-13.027035,19.851147,68.24542,3.811285,-3.0708728,1.4966459
731,10.155038833618164,513.2810668945312,75.26565551757812,-1.1727043133253876,-0.057965216983613684,101.21768677259553,16.47355,6.7446756,11.183083,30.758652,-9.666522,-4.09945,-21.415699,-1.0368702,-13.898358,14.189429,-0.9600446,-1.6256807,-11.944499,4.3574038,12.302054,-28.616888,10.022721,-48.484623,46.001255,33.55679,-10.884196,27.821531,11.876882,-12.771469,20.93723,70.2824,3.210393,-2.7018263,2.115658
732,10.274800300598145,514.2777709960938,75.3849105834961,-1.5031430225129774,-0.09175550638597062,101.46747710313694,15.24484,7.8889465,11.07496,34.021935,-8.094305,-4.03554,-20.981909,-0.7070987,-14.348241,15.13184,-1.4133966,-1.5745803,-11.794998,4.673514,12.343168,-28.112095,10.07336,-48.28418,47.136078,33.080956,-10.892523,27.80086,11.266187,-12.51242,22.019476,72.1623,2.5024009,-2.3930964,2.6096284
733,10.39791488647461,515.2634887695312,75.50606536865234,-1.80864339719684,-0.17316781627811836,101.61447979864994,14.004992,9.00417,11.021835,37.271454,-6.2926702,-4.0804076,-20.533363,-0.31328592,-14.605753,16.044645,-1.8938762,-1.7707311,-11.546602,4.9420147,12.453713,-27.573011,10.125442,-47.948483,48.2473,32.71977,-10.827611,27.752226,10.592872,-12.251108,23.152588,73.90994,1.5602261,-2.1511214,2.9968333
734,10.513439178466797,516.2150268554688,75.62946319580078,-2.0757787761399724,-0.3002105684175346,101.68518426019624,12.725868,10.091272,11.014102,40.56769,-4.2800922,-4.158237,-20.050322,0.12310643,-14.724726,16.916376,-2.4581034,-2.1006744,-11.223312,5.1550846,12.619986,-27.000425,10.1747465,-47.500393,49.34482,32.46341,-10.699013,27.670067,9.861705,-11.986001,24.350695,75.56385,0.37643635,-1.9398906,3.308102
735,10.632857322692871,517.1451416015625,75.74352264404297,-2.303248183389342,-0.45794684777801287,101.72467337521356,11.453712,11.18421,11.125497,43.821762,-2.425251,-4.175325,-19.527592,0.5705646,-14.780895,17.723463,-3.0586865,-2.4890075,-10.850268,5.30649,12.821002,-26.449282,10.228728,-47.02037,50.454193,32.262993,-10.593621,27.604027,9.1175995,-11.718872,25.486591,77.04146,-0.7554355,-1.7657512,3.4801922
736,10.747125625610352,518.0445556640625,75.84183502197266,-2.4941202818673944,-0.6303449948961657,101.77740292001158,10.235454,12.337838,11.436123,46.953342,-1.1060846,-4.0260386,-18.955383,0.99318916,-14.850407,18.439169,-3.6532943,-2.8614953,-10.447834,5.393819,13.037724,-25.96563,10.30052,-46.58869,51.59037,32.075485,-10.597667,27.602612,8.399052,-11.454716,26.431461,78.261635,-1.5380131,-1.633354,3.4456959
737,10.862693786621094,518.9175415039062,75.92188262939453,-2.658188573710722,-0.8237072687067846,101.84591665352053,9.104091,13.641035,12.029924,50.016857,-0.43447965,-3.7003016,-18.333778,1.3908888,-14.944685,19.082949,-4.256078,-3.2409348,-10.006806,5.42171,13.284889,-25.562138,10.400485,-46.213448,52.759678,31.892654,-10.761917,27.694986,7.7101116,-11.192586,27.162113,79.20515,-1.9365681,-1.5198951,3.1603162
738,10.990998268127441,519.7864379882812,76.00086212158203,-2.796710177006173,-1.0439301421262963,101.90747075083291,8.03366,15.092982,12.845597,53.074158,-0.24552658,-3.216787,-17.664392,1.7716246,-15.021945,19.668722,-4.8916683,-3.654416,-9.516011,5.3975263,13.570059,-25.20784,10.531034,-45.86002,53.939724,31.733894,-11.030701,27.84879,7.0294976,-10.931333,27.74477,79.91503,-2.0929048,-1.4265301,2.664068
739,11.105273246765137,520.6409301757812,76.08573913574219,-2.89948257744996,-1.2731871928548835,101.9697886788421,6.98206,16.597677,13.74384,56.044262,-0.49592265,-2.535396,-16.944374,2.1114223,-15.078682,20.159374,-5.527626,-4.0328417,-8.995309,5.321863,13.864019,-24.883583,10.695013,-45.545208,55.102768,31.594818,-11.330975,28.021008,6.3528223,-10.681383,28.16752,80.40303,-1.9890513,-1.3972996,2.0145392
740,11.218467712402344,521.4921264648438,76.17486572265625,-2.9526356726005245,-1.4923097443224056,102.04244436749279,5.896221,18.026316,14.585385,58.83485,-1.1336619,-1.641336,-16.17495,2.390105,-15.118342,20.520384,-6.1293674,-4.3076267,-8.464407,5.1948814,14.138489,-24.574795,10.894468,-45.291927,56.219906,31.464064,-11.589187,28.169058,5.682591,-10.458164,28.415142,80.66889,-1.6071901,-1.4792392,1.272531
741,11.328835487365723,522.3316650390625,76.26853942871094,-2.9366039659706877,-1.6987288511376453,102.14289957751753,4.7656503,19.351011,15.398862,61.464966,-2.3558798,-0.49446058,-15.350057,2.5855505,-15.155865,20.74153,-6.7135315,-4.4457774,-7.926546,4.99788,14.391268,-24.299183,11.131916,-45.128975,57.292088,31.354832,-11.791462,28.291979,5.0268145,-10.275082,28.435133,80.67127,-0.76663727,-1.6781664,0.43306437
742,11.427127838134766,523.14111328125,76.36679077148438,-2.8577317408430565,-1.8996945777794438,102.26272799172857,3.6182072,20.587015,16.212883,63.96039,-4.134721,0.82646626,-14.477614,2.7117283,-15.190371,20.84915,-7.29206,-4.489304,-7.3723173,4.7351365,14.63773,-24.05627,11.407854,-45.038834,58.32586,31.265322,-11.974799,28.409111,4.3869877,-10.13765,28.248686,80.410095,0.4614847,-1.9891343,-0.5215246
743,11.528008460998535,523.9442138671875,76.46951293945312,-2.7452232200790267,-2.0895944396082227,102.37354680079676,2.4369097,21.659975,16.908466,66.23966,-6.0544944,2.1628041,-13.590525,2.8063073,-15.206969,20.880974,-7.830259,-4.4841704,-6.8066764,4.4400477,14.873643,-23.800364,11.720518,-44.970703,59.302437,31.16384,-12.141915,28.508738,3.7525058,-10.050336,27.954031,79.952095,1.7158145,-2.4355466,-1.5493473
744,11.635290145874023,524.7315673828125,76.58503723144531,-2.6323486872561053,-2.263697156136444,102.44626485011044,1.2001886,22.516829,17.396788,68.220604,-7.6806192,3.3853111,-12.715411,2.9114985,-15.18921,20.86305,-8.2881,-4.476145,-6.236755,4.1508837,15.0954485,-23.485859,12.068332,-44.87213,60.20286,31.01653,-12.29654,28.578695,3.1101444,-10.014811,27.665302,79.366135,2.6478364,-3.0267787,-2.6134229
745,11.731290817260742,525.513671875,76.71338653564453,-2.5222763579122907,-2.418600949316619,102.48820488922529,-0.12985376,23.13652,17.673433,69.89281,-8.892575,4.523275,-11.853094,3.023501,-15.154139,20.786001,-8.647515,-4.4653563,-5.671832,3.8710146,15.306941,-23.113396,12.453846,-44.745518,61.0258,30.816732,-12.438137,28.62211,2.4644365,-10.033833,27.382496,78.62882,3.186039,-3.811232,-3.7658813
746,11.828161239624023,526.2938842773438,76.84368896484375,-2.401012221911496,-2.556827729488222,102.51083592619752,-1.5420943,23.534325,17.806158,71.29211,-9.896592,5.620401,-10.990487,3.1278028,-15.106835,20.639395,-8.932313,-4.433748,-5.111079,3.5831833,15.508536,-22.699394,12.879594,-44.610825,61.77735,30.5795,-12.565451,28.642778,1.8187196,-10.110184,27.063992,77.71662,3.5035877,-4.7603626,-5.007633
747,11.923761367797852,527.06982421875,76.9739990234375,-2.2766655377047633,-2.683517496799753,102.48911852251136,-2.9814694,23.735296,17.834679,72.40804,-10.743651,6.5893807,-10.136762,3.2493038,-15.009617,20.45301,-9.16591,-4.3977833,-4.5468416,3.298927,15.693951,-22.216185,13.34224,-44.42778,62.44516,30.315376,-12.681049,28.628891,1.157813,-10.240346,26.748604,76.69501,3.6108851,-5.753299,-6.2330666
748,12.009215354919434,527.831787109375,77.10077667236328,-2.1589220752836518,-2.803256582178159,102.39901836726649,-4.392773,23.7658,17.790524,73.2289,-11.480288,7.3372083,-9.295314,3.4116228,-14.823269,20.24464,-9.364852,-4.3723307,-3.9746137,3.0282898,15.854019,-21.633854,13.836285,-44.15063,63.020546,30.038279,-12.787637,28.568913,0.4612053,-10.417484,26.478363,75.63822,3.5246787,-6.669212,-7.3379145
749,12.095163345336914,528.6013793945312,77.22367858886719,-2.0539671206634305,-2.9165511486896945,102.23779623032446,-5.7855725,23.604214,17.649958,73.74396,-12.074914,7.836982,-8.4725895,3.623281,-14.530547,20.027317,-9.524024,-4.361728,-3.3956068,2.7726798,15.979592,-20.936644,14.357877,-43.76044,63.49391,29.763975,-12.862467,28.45764,-0.28027874,-10.639632,26.302698,74.555786,3.2433074,-7.507746,-8.348019
750,12.17386245727539,529.37109375,77.3447036743164,-1.958070168646941,-3.0208947577314555,102.0172073671191,-7.180475,23.250662,17.419506,73.96143,-12.502599,8.137929,-7.663642,3.8660858,-14.152781,19.788893,-9.637571,-4.3555965,-2.8156836,2.5280554,16.075861,-20.13853,14.90663,-43.275917,63.873863,29.482845,-12.911749,28.302227,-1.0600792,-10.90528,26.194029,73.422134,2.7630587,-8.3161335,-9.309566
751,12.239679336547852,530.1287841796875,77.45237731933594,-1.8610972725122958,-3.1171846501457003,101.73362768607103,-8.5368,22.76683,17.17116,73.89788,-12.828594,8.262086,-6.857661,4.121198,-13.707923,19.518667,-9.725398,-4.3457384,-2.2338839,2.2930915,16.154379,-19.257881,15.481202,-42.714146,64.18393,29.166727,-12.98129,28.109833,-1.8784953,-11.208425,26.082357,72.25425,2.112965,-9.039307,-10.147332
752,12.304862976074219,530.8807983398438,77.55744171142578,-1.7526763312311529,-3.205909184233081,101.3833530362805,-9.814352,22.213398,16.975222,73.56948,-13.120363,8.232723,-6.0431466,4.370774,-13.214412,19.202509,-9.805635,-4.3248115,-1.647789,2.064637,16.22561,-18.311434,16.078548,-42.09125,64.44882,28.790201,-13.116365,27.886356,-2.735106,-11.540084,25.89013,71.07279,1.3187844,-9.627883,-10.783523
753,12.360692977905273,531.63525390625,77.66050720214844,-1.6233817940044895,-3.285839619746444,100.9492996090645,-11.000209,21.578787,16.850988,72.95941,-13.396104,7.9854307,-5.2268987,4.6101623,-12.656815,18.845833,-9.881846,-4.2891703,-1.0422615,1.8351145,16.285423,-17.297487,16.69529,-41.40253,64.67647,28.331924,-13.339882,27.626554,-3.6410801,-11.899931,25.58835,69.88834,0.32459444,-10.0688095,-11.182965
754,12.408416748046875,532.3831176757812,77.75782775878906,-1.4830998280162349,-3.3566953070643666,100.43831279008877,-12.113331,20.850523,16.760897,72.06235,-13.621961,7.5360813,-4.408678,4.848009,-12.031519,18.45089,-9.944408,-4.242376,-0.42062166,1.6078541,16.328821,-16.204212,17.327118,-40.639786,64.85323,27.811024,-13.62186,27.326845,-4.5926023,-12.287901,25.218468,68.69053,-0.8593389,-10.391657,-11.391046
755,12.443718910217285,533.1357421875,77.85580444335938,-1.3459936528410743,-3.421381653516579,99.88257850100076,-13.15942,20.081757,16.687384,70.9101,-13.788011,7.0252576,-3.5738392,5.0854096,-11.375625,18.00927,-9.99417,-4.1895328,0.19211218,1.3915844,16.363222,-15.044884,17.969229,-39.830982,64.98846,27.247715,-13.932488,26.998964,-5.581826,-12.695835,24.817617,67.48916,-2.096828,-10.618253,-11.44925
756,12.473796844482422,533.8731689453125,77.93896484375,-1.2260300472631904,-3.482871229301546,99.31451550201679,-14.144579,19.31972,16.611465,69.53528,-13.882251,6.5906005,-2.7069674,5.3248906,-10.726415,17.510284,-10.0317955,-4.136882,0.7734726,1.1940751,16.394167,-13.834783,18.61604,-39.006313,65.09095,26.663952,-14.238786,26.653791,-6.597416,-13.108802,24.413443,66.29399,-3.258407,-10.769278,-11.399259
757,12.5125093460083,534.6243896484375,78.01876068115234,-1.1222450704864384,-3.5467494302009133,98.73615681726956,-15.068104,18.54924,16.517551,67.92896,-13.89427,6.28559,-1.7889595,5.5676804,-10.087656,16.93316,-10.05638,-4.0784163,1.3179849,1.0082633,16.41889,-12.573317,19.264465,-38.17379,65.17285,26.052235,-14.54923,26.298262,-7.649481,-13.517434,24.002478,65.116486,-4.3275933,-10.839359,-11.211562
758,12.53468132019043,535.373779296875,78.0847396850586,-1.0278443384904605,-3.6101567108581674,98.13226671067174,-15.924391,17.75463,16.414696,66.07807,-13.834115,6.033032,-0.8322602,5.8119392,-9.441155,16.28904,-10.067454,-4.0152087,1.8381395,0.8288556,16.431063,-11.253554,19.910786,-37.31696,65.23594,25.406132,-14.875339,25.924377,-8.744908,-13.920289,23.572046,63.96146,-5.3697987,-10.8283205,-10.875573
759,12.547962188720703,536.123779296875,78.1421127319336,-0.9496882356009606,-3.6634224326565867,97.51018976803697,-16.706705,16.976654,16.321756,64.0062,-13.720983,5.769331,0.13111265,6.056865,-8.791646,15.617416,-10.0706005,-3.965156,2.3397315,0.6663569,16.429155,-9.887209,20.547668,-36.43963,65.278625,24.74341,-15.186677,25.522161,-9.871594,-14.314261,23.138592,62.83868,-6.3747463,-10.765572,-10.463694
760,12.555127143859863,536.8626098632812,78.1882553100586,-0.8933179437819195,-3.6970916154272144,96.87704389035196,-17.409204,16.252905,16.259237,61.732594,-13.57117,5.4287915,1.0700235,6.302591,-8.143863,14.954977,-10.069116,-3.9466274,2.829675,0.53110385,16.411686,-8.489943,21.164846,-35.54435,65.3061,24.086407,-15.454355,25.083471,-11.019523,-14.694844,22.718737,61.760124,-7.3304095,-10.678065,-10.0497
761,12.565067291259766,537.6014404296875,78.22683715820312,-0.8591761126927735,-3.706121448788126,96.24003883731967,-18.037794,15.579794,16.226137,59.23797,-13.402872,4.994096,1.975635,6.5475197,-7.5048714,14.303506,-10.059273,-3.968041,3.3052423,0.42375162,16.37141,-7.0732794,21.755857,-34.6302,65.32479,23.442005,-15.663028,24.59162,-12.195063,-15.059628,22.30656,60.731182,-8.243655,-10.563221,-9.613797
762,12.572772979736328,538.3477172851562,78.2467269897461,-0.8450312390457508,-3.697082410572995,95.59395974162867,-18.588165,14.9332075,16.214254,56.508953,-13.198136,4.4956965,2.8698418,6.7944393,-6.869785,13.636104,-10.038116,-4.021869,3.7657323,0.33944678,16.307135,-5.6332626,22.317013,-33.700493,65.34541,22.800802,-15.829686,24.058077,-13.402573,-15.40926,21.895336,59.752296,-9.119846,-10.411422,-9.130082
763,12.573057174682617,539.09423828125,78.2574462890625,-0.8529548196165555,-3.6778306052575402,94.92712012765925,-19.043829,14.320667,16.23226,53.57647,-12.915814,3.9394271,3.7491243,7.0479164,-6.227618,12.984468,-10.02206,-4.1009636,4.2230115,0.2820884,16.226166,-4.1710544,22.841602,-32.773956,65.384964,22.154001,-15.974949,23.51829,-14.625825,-15.741519,21.49845,58.82296,-9.942603,-10.234534,-8.662924
764,12.569602012634277,539.8416748046875,78.2583999633789,-0.8871604405160723,-3.655953564597491,94.22811631344375,-19.391832,13.754018,16.286013,50.470596,-12.519977,3.334642,4.6170316,7.3122535,-5.5662055,12.365322,-10.024913,-4.1965303,4.689385,0.2549216,16.134396,-2.6904058,23.320734,-31.86948,65.46421,21.493605,-16.119764,23.007782,-15.849137,-16.05238,21.127571,57.944363,-10.697806,-10.041996,-8.277801
765,12.557901382446289,540.5930786132812,78.24411010742188,-0.9490199059144951,-3.632722464878221,93.49025390720219,-19.62726,13.258316,16.376034,47.155083,-11.963632,2.6904597,5.4772882,7.595169,-4.8811255,11.767302,-10.032694,-4.3190737,5.1694937,0.26371998,16.03257,-1.2014372,23.748936,-30.999407,65.60164,20.819956,-16.273247,22.52923,-17.08745,-16.339628,20.783781,57.12931,-11.373674,-9.82034,-7.981226
766,12.54419231414795,541.3461303710938,78.22077941894531,-1.0381283904935692,-3.6049781428271914,92.72104167491948,-19.75639,12.813139,16.495882,43.616356,-11.272621,1.9970605,6.3266163,7.8918214,-4.1788564,11.187672,-10.043885,-4.4685507,5.6585774,0.30687985,15.913698,0.28742403,24.124435,-30.159369,65.79769,20.13734,-16.423286,22.067999,-18.343067,-16.602545,20.458239,56.377235,-11.982751,-9.566557,-7.74273
767,12.533256530761719,542.1025390625,78.17652130126953,-1.1485240755351858,-3.574774262287944,91.92934061836854,-19.78367,12.377551,16.636238,39.9133,-10.51988,1.2452775,7.167209,8.190059,-3.4622426,10.639496,-10.08234,-4.61983,6.155656,0.3773597,15.772594,1.7754122,24.443966,-29.340233,66.043175,19.445526,-16.55957,21.63293,-19.586493,-16.8399,20.151054,55.673264,-12.542549,-9.304999,-7.5728846
768,12.521102905273438,542.8660278320312,78.11412048339844,-1.2764658288611321,-3.544447229776944,91.12299303032843,-19.713478,11.927073,16.785786,36.1024,-9.782387,0.43601564,8.001221,8.479041,-2.7334218,10.134567,-10.170683,-4.748678,6.6607137,0.4693782,15.605076,3.258017,24.70326,-28.538515,66.331245,18.73949,-16.672083,21.233532,-20.787895,-17.048903,19.862787,55.001846,-13.067226,-9.060078,-7.4826927
769,12.501023292541504,543.6491088867188,78.0332260131836,-1.430889104223104,-3.5212317072505477,90.28584840709928,-19.525467,11.492786,16.89109,32.119583,-9.075202,-0.4285556,8.845325,8.770775,-1.9790306,9.659227,-10.308448,-4.847784,7.1850634,0.5940164,15.4116535,4.734685,24.89776,-27.771172,66.68,17.996557,-16.767649,20.87494,-21.94794,-17.225645,19.591217,54.37012,-13.561331,-8.82727,-7.494827
770,12.470235824584961,544.4265747070312,77.93685913085938,-1.6140321162446014,-3.5048502825182686,89.4151855286685,-19.20739,11.105464,16.971075,27.925533,-8.350572,-1.3286371,9.698549,9.07226,-1.1974841,9.204398,-10.4803915,-4.9327765,7.7294474,0.75622344,15.191835,6.202207,25.026625,-27.03664,67.08873,17.230198,-16.846273,20.552109,-23.084843,-17.370075,19.337246,53.789757,-14.016479,-8.594711,-7.598072
771,12.4468355178833,545.2114868164062,77.81790161132812,-1.8173886586090326,-3.4868949812595726,88.53648113377936,-18.76316,10.748281,17.124866,23.58173,-7.5818543,-2.234046,10.55284,9.370985,-0.4041692,8.761981,-10.676956,-5.014406,8.277103,0.9442974,14.943169,7.651459,25.091818,-26.305439,67.532845,16.48537,-16.898651,20.262842,-24.190905,-17.486778,19.102718,53.246464,-14.43412,-8.376209,-7.7522454
772,12.424598693847656,546.0082397460938,77.68500518798828,-2.0373107224879505,-3.459983541879597,87.67118703810651,-18.205757,10.405396,17.45117,19.163515,-6.7391286,-3.1227043,11.381947,9.661355,0.3860648,8.36369,-10.902695,-5.1034517,8.815253,1.1517586,14.663862,9.076786,25.096464,-25.547329,67.984184,15.806925,-16.914165,20.00447,-25.260134,-17.58288,18.889482,52.728786,-14.81745,-8.186559,-7.9170356
773,12.398823738098145,546.8182373046875,77.52880859375,-2.2991529060087124,-3.424721308076523,86.80041194598684,-17.492727,10.096262,17.953701,14.533014,-5.790955,-3.9820762,12.222155,9.97459,1.2004515,7.9391503,-11.131803,-5.210847,9.354037,1.40731,14.350503,10.513851,25.043894,-24.737326,68.403496,15.200058,-16.888561,19.776415,-26.293907,-17.66985,18.708622,52.22836,-15.158777,-8.027065,-8.089148
774,12.372590065002441,547.6392822265625,77.3526840209961,-2.63952661722583,-3.398599326661018,85.89084075607241,-16.596151,9.890098,18.59651,9.637225,-4.731192,-4.819989,13.120807,10.352349,2.076689,7.4296913,-11.328578,-5.337307,9.928069,1.7535182,14.004831,11.959607,24.93153,-23.904287,68.810356,14.642994,-16.829483,19.580517,-27.293524,-17.746367,18.553144,51.75528,-15.458137,-7.8904166,-8.285168
775,12.346492767333984,548.4605102539062,77.1590805053711,-3.0506423999114207,-3.3899490700710238,84.95953771363524,-16.567423,10.1396,19.244385,6.904188,-4.7386913,-5.671664,14.006686,10.783337,2.9882636,6.9959316,-11.550992,-5.4702754,10.524461,2.18644,13.646267,13.375594,24.760199,-23.064253,69.22774,14.146896,-16.745377,19.412828,-28.245125,-17.814676,18.415535,51.290947,-15.720471,-7.7787576,-8.4917
776,12.310652732849121,549.2859497070312,76.95793151855469,-3.4713546478286323,-3.391535814628454,84.05647578676309,-17.529633,10.80513,19.915144,6.687984,-5.8937025,-6.569363,14.700873,11.203036,3.8507576,6.9884005,-11.963361,-5.5841627,11.101691,2.6408446,13.297119,14.709272,24.534754,-22.237375,69.689476,13.721654,-16.644018,19.270788,-29.137135,-17.87785,18.291428,50.815517,-15.939177,-7.694573,-8.699285
777,12.270242691040039,550.1228637695312,76.76362609863281,-3.8451323843324356,-3.3767434790988244,83.20732092436455,-18.437115,11.407174,20.94736,6.592515,-6.911882,-7.5912366,15.379341,11.5312,4.660061,6.9905868,-12.367814,-5.661408,11.636329,3.0505831,12.95976,15.94696,24.25795,-21.3977,70.197876,13.39759,-16.519928,19.150774,-29.968637,-17.935844,18.171188,50.31344,-16.097055,-7.6458783,-8.913059
778,12.218876838684082,550.9629516601562,76.56856536865234,-4.181212676197855,-3.3502556734828848,82.39993762004839,-19.277304,11.965565,22.28377,6.5602355,-7.81457,-8.710092,16.045742,11.780651,5.42947,7.0069485,-12.7743025,-5.7094283,12.138402,3.425033,12.631779,17.108479,23.931664,-20.550268,70.74044,13.158551,-16.371756,19.05547,-30.736696,-17.986523,18.049421,49.787437,-16.208282,-7.629274,-9.137635
779,12.16784381866455,551.7888793945312,76.37925720214844,-4.476455754018778,-3.334447666850715,81.66068031961366,-19.974548,12.459424,23.660688,6.54259,-8.575942,-9.78667,16.71818,11.959945,6.150007,7.032596,-13.143902,-5.7313867,12.587157,3.7651246,12.330388,18.179647,23.564814,-19.750278,71.33615,12.954175,-16.215193,18.992176,-31.424288,-18.031677,17.928999,49.238045,-16.306273,-7.6305623,-9.366315
780,12.105249404907227,552.6207275390625,76.20800018310547,-4.720567692383589,-3.343319033209993,81.02636092633976,-20.448524,12.82174,24.813948,6.469274,-9.162516,-10.671863,17.410885,12.064187,6.800982,7.067483,-13.44931,-5.7244205,13.044224,4.0128274,12.057937,19.16948,23.336796,-19.14241,71.916046,12.65822,-16.065207,18.923351,-31.923353,-18.064154,17.701782,48.608826,-16.438702,-7.638231,-9.596748
781,12.04370403289795,553.455322265625,76.04414367675781,-4.934903565088599,-3.3947664245607774,80.50588328428765,-20.715271,13.04908,25.730389,6.429824,-9.6279955,-11.40171,18.144346,12.118306,7.384197,7.1083837,-13.700451,-5.6917024,13.350467,4.2525277,11.883775,20.059057,23.027328,-18.550869,72.57282,12.382715,-15.939253,18.917208,-32.352676,-18.100979,17.501858,47.906944,-16.615265,-7.641797,-9.807052
782,11.98808765411377,554.2930297851562,75.88127899169922,-5.131374156113461,-3.460684786521233,80.08113088292404,-20.818073,13.137416,26.533607,6.397693,-9.948373,-12.039926,18.887707,12.134657,7.9036016,7.1565967,-13.904557,-5.633858,13.58394,4.4930277,11.737332,20.82755,22.685936,-18.066902,73.32162,12.08604,-15.82531,18.953892,-32.686783,-18.136591,17.294949,47.169453,-16.815735,-7.6486444,-10.018346
783,11.928241729736328,555.1376342773438,75.72833251953125,-5.297701245114409,-3.52863063679576,79.74757903799367,-20.769104,13.084084,27.134478,6.356178,-10.094148,-12.481962,19.630354,12.107954,8.348664,7.2129407,-14.037448,-5.547534,13.764707,4.704091,11.597719,21.504637,22.344683,-17.651443,74.10005,11.8066845,-15.694321,19.015017,-32.88938,-18.171432,17.079166,46.401012,-17.01164,-7.6704874,-10.230601
784,11.872932434082031,555.9837036132812,75.58683776855469,-5.420559675727088,-3.58860770777543,79.50256129623266,-20.550432,12.8733425,27.447699,6.231399,-10.009132,-12.619303,20.321741,12.035013,8.697234,7.3624396,-14.1128,-5.4275327,13.847888,4.9010286,11.45637,22.042969,21.87426,-17.216425,74.977936,11.6419935,-15.526824,19.12924,-32.985226,-18.215458,16.921394,45.645226,-17.179834,-7.7182937,-10.439682
785,11.816728591918945,556.8425903320312,75.45379638671875,-5.546351776898988,-3.643088009131601,79.36472291117794,-20.227541,12.608322,27.363546,6.321198,-9.84501,-12.492781,20.685389,12.029039,8.881718,8.207042,-14.454447,-5.287162,13.900855,5.0708857,11.286636,22.530949,21.467072,-16.81748,75.82478,11.528993,-15.313235,19.236115,-32.89935,-18.253307,16.740118,44.853428,-17.309355,-7.787011,-10.650561
786,11.778448104858398,557.7098388671875,75.32199096679688,-5.641412502946783,-3.7050301054160273,79.32802878902635,-19.680868,12.189364,26.988943,6.356769,-9.47209,-12.136909,20.992718,12.005914,8.962549,9.202394,-14.788653,-5.119936,13.909522,5.1838937,11.1315155,22.956623,21.1064,-16.438513,76.65247,11.466563,-15.067485,19.347261,-32.651535,-18.287062,16.531126,44.008686,-17.415901,-7.8751974,-10.85752
787,11.746039390563965,558.5906982421875,75.2130126953125,-5.657440729342455,-3.732598921161448,79.34282528492459,-19.155083,11.655071,26.411955,6.5076127,-8.958605,-11.457739,21.16704,11.897295,8.959963,10.38637,-15.106223,-4.9076753,13.906139,5.185465,10.956929,23.334251,20.804071,-16.074812,77.41113,11.446016,-14.796469,19.451345,-32.2501,-18.315647,16.323324,43.14764,-17.478758,-7.9961257,-11.076455
788,11.697296142578125,559.4880981445312,75.13472747802734,-5.490324300826166,-3.713784965884406,79.35121408190471,-18.611322,10.860591,25.813757,6.3902655,-8.096784,-10.345347,21.128792,11.572695,8.889424,11.880478,-15.452186,-4.617538,13.780083,5.0906343,10.792129,23.546064,20.20624,-15.62893,78.28202,11.565078,-14.4974785,19.663153,-31.84052,-18.370342,16.31227,42.38883,-17.485157,-8.160471,-11.308231
789,11.638961791992188,560.3921508789062,75.09341430664062,-5.1117011156781755,-3.580011171647983,79.37283595122508,-18.374683,9.833456,24.997925,6.4595494,-7.052033,-8.495134,20.834919,11.007534,8.734538,13.649141,-15.846183,-4.247063,13.659869,4.7400246,10.549397,23.72821,19.682331,-15.205463,79.02692,11.701785,-14.160843,19.860796,-31.277496,-18.414455,16.3605,41.645195,-17.386507,-8.379828,-11.599226
790,11.567924499511719,561.3067016601562,75.0871810913086,-4.52618575304877,-3.3709452773279214,79.41047937484186,-18.230392,8.539138,24.043207,6.498413,-5.718589,-6.056175,20.343561,10.20837,8.513102,15.678586,-16.283714,-3.7947586,13.538972,4.146974,10.279266,23.85772,19.196144,-14.773806,79.69814,11.889679,-13.79803,20.060947,-30.56584,-18.44995,16.44487,40.89384,-17.21312,-8.648746,-11.921746
791,11.493343353271484,562.235595703125,75.09336853027344,-3.824218965405712,-3.145959089453109,79.40059125624309,-18.074524,7.203011,23.310034,6.5340204,-4.221645,-3.6198032,19.738474,9.266262,8.31209,17.885614,-16.630617,-3.2594998,13.456176,3.4275553,10.008756,23.974907,18.735064,-14.336916,80.26318,12.110846,-13.438416,20.250677,-29.771086,-18.475325,16.594753,40.217243,-17.013042,-8.951201,-12.232086
792,11.405391693115234,563.1813354492188,75.10415649414062,-3.127183703836703,-2.9681067798216896,79.28332161238146,-17.786701,6.0685496,23.10966,6.565081,-2.713491,-1.7608764,19.104649,8.307787,8.212261,20.18406,-16.745934,-2.6465628,13.449105,2.721501,9.767435,24.11891,18.296421,-13.895503,80.69874,12.347949,-13.124589,20.416096,-28.949667,-18.486015,16.828787,39.688625,-16.836563,-9.270846,-12.487301
793,11.328392028808594,564.1400756835938,75.11223602294922,-2.4659668327413655,-2.839064356957433,79.02250133035457,-17.311853,5.2469735,23.640982,6.534725,-1.0446836,-0.6850653,18.474836,7.372919,8.248849,22.523764,-16.601618,-1.96731,13.54138,2.0604446,9.534165,24.33407,17.875864,-13.40998,80.96447,12.624021,-12.845929,20.568348,-28.105719,-18.486656,17.189352,39.326267,-16.653067,-9.637604,-12.6988
794,11.253149032592773,565.1160888671875,75.12892150878906,-1.784967302977063,-2.7275162604457583,78.66446167387127,-16.717804,4.5940614,24.672956,6.4666004,0.77186286,-0.025012549,17.815529,6.4071417,8.378997,24.929333,-16.25687,-1.2103332,13.694875,1.3811665,9.304234,24.584982,17.467314,-12.8975315,81.09294,12.934384,-12.586765,20.712072,-27.222986,-18.475853,17.661762,39.10049,-16.45347,-10.048424,-12.882834
795,11.172041893005371,566.086669921875,75.17037963867188,-1.0918901016866724,-2.6525153704379276,78.27328498830532,-16.036211,3.9777172,25.829765,6.410486,2.3746703,0.48125634,17.128714,5.4240756,8.564362,27.381744,-15.671825,-0.35105613,13.851041,0.70020115,9.129594,24.808186,17.074842,-12.447845,81.14615,13.210835,-12.373873,20.823318,-26.335976,-18.442575,18.18785,39.02179,-16.304337,-10.436316,-13.005887
796,11.085123062133789,567.0513305664062,75.22028350830078,-0.4032152466395255,-2.636449091593658,77.90961071077672,-15.306602,3.2846763,26.732695,6.4167295,3.4041097,1.0545492,16.422392,4.4507165,8.772108,29.85675,-14.802852,0.6389801,13.95741,0.041462857,9.058884,24.942282,16.709385,-12.146656,81.18393,13.387396,-12.237213,20.877155,-25.468786,-18.372242,18.70043,39.094273,-16.27737,-10.734165,-13.03477
797,11.001770973205566,567.9932861328125,75.27796936035156,0.28204740671842754,-2.6872827745783066,77.56669476670788,-14.5308,2.4786935,27.25817,6.510059,3.661925,1.7189394,15.676288,3.5164416,9.047803,32.412346,-13.608446,1.7677178,14.019223,-0.6043761,9.100765,24.996008,16.382727,-12.00389,81.196304,13.464408,-12.193058,20.867746,-24.613184,-18.257895,19.196875,39.322933,-16.392006,-10.949498,-12.959834
798,10.926558494567871,568.917724609375,75.33826446533203,0.9554421455248062,-2.791557447026315,77.22297300386853,-13.990763,1.7798746,27.56793,7.345339,3.0327237,2.3312519,14.900726,2.6483862,9.399806,35.04088,-12.133412,3.0525038,14.0572195,-1.2356466,9.223158,24.996326,16.097694,-11.980711,81.15991,13.464941,-12.226342,20.806778,-23.754791,-18.101845,19.70016,39.702465,-16.614466,-11.110305,-12.800557
799,10.849400520324707,569.8301391601562,75.40653228759766,1.5764341050622956,-2.942260826044451,76.91468152232719,-13.62184,1.1987168,27.747147,8.679056,1.9190046,2.8586235,14.144481,1.8726863,9.74192,37.63416,-10.4813385,4.5213304,14.046564,-1.8012071,9.4082575,24.918219,15.85007,-12.069493,81.094086,13.37828,-12.308405,20.692963,-22.90384,-17.906773,20.182259,40.21853,-16.92876,-11.180929,-12.567199
800,10.777552604675293,570.7135009765625,75.48331451416016,2.1074916145347773,-3.134239322059623,76.6774385493743,-13.164193,0.6504445,27.89394,9.823027,0.95075065,3.2787538,13.429311,1.1926299,9.987406,40.12598,-8.762127,6.174302,13.963016,-2.2556756,9.639602,24.732006,15.633561,-12.27267,81.027115,13.184434,-12.414015,20.526571,-22.069908,-17.677576,20.614553,40.85664,-17.320606,-11.125881,-12.268676
801,10.702845573425293,571.5801391601562,75.55670928955078,2.533270991266435,-3.3753680434654205,76.55029430129319,-12.613062,0.1551507,27.999283,10.771405,0.17929766,3.548355,12.747267,0.6528266,10.173929,42.548325,-6.8922644,8.081175,13.77736,-2.5800927,9.927088,24.404526,15.448282,-12.643046,80.9878,12.855062,-12.540637,20.289255,-21.239674,-17.410849,20.957148,41.61419,-17.854242,-10.8874445,-11.8638735
802,10.627577781677246,572.4116821289062,75.62068939208984,2.872584903997525,-3.666838160921377,76.50724354525714,-11.995837,-0.29622856,28.025852,11.625669,-0.5836337,3.694409,12.062091,0.25481173,10.341666,44.977825,-4.8804617,10.220474,13.513056,-2.804339,10.272575,23.954666,15.294723,-13.165516,80.96027,12.408231,-12.699838,19.985353,-20.398552,-17.106802,21.226542,42.48823,-18.520842,-10.505159,-11.358632
803,10.544502258300781,573.2123413085938,75.67282104492188,3.154420550978134,-3.990720728547248,76.48370518980911,-11.290716,-0.72217244,28.02521,12.333931,-1.3257734,3.7961762,11.349114,-0.106821336,10.397407,47.409653,-2.9455242,12.405972,13.219353,-2.9572954,10.649373,23.436476,15.163902,-13.741604,80.900604,11.888321,-12.884304,19.651714,-19.575329,-16.785086,21.500505,43.48083,-19.179417,-10.08586,-10.834652
804,10.452555656433105,573.9973754882812,75.7266616821289,3.405370263016031,-4.329381732057997,76.41357935696867,-10.475103,-1.1466742,28.050655,12.834675,-2.0288272,3.9323735,10.578513,-0.57571745,10.232644,49.83184,-1.2763367,14.413141,12.943572,-3.0611093,11.03314,22.902723,15.039563,-14.26317,80.76305,11.350667,-13.087256,19.327652,-18.795353,-16.47306,21.859175,44.586044,-19.685326,-9.730881,-10.376565
805,10.364592552185059,574.7728271484375,75.78141784667969,3.614694485889035,-4.691902894840233,76.29471495622197,-9.551929,-1.5567329,28.092672,13.147189,-2.7169998,4.140285,9.736549,-1.3621919,9.389828,52.222828,0.3193986,15.000033,12.673492,-3.100101,11.435844,22.35441,14.90777,-14.721749,80.53567,10.772837,-13.304707,19.0089,-18.074368,-16.187035,22.326788,45.8048,-19.996422,-9.388511,-9.957717
806,10.3071928024292,575.519775390625,75.84432220458984,3.587338683703009,-5.078497303015784,76.15217258931092,-8.810801,-1.5734273,28.068768,13.947599,-3.7089264,4.325048,8.82583,-2.2907615,7.9768667,54.50196,2.0159245,15.000033,12.38974,-2.8771803,11.827711,21.746033,14.76327,-15.160622,80.2727,10.14587,-13.551711,18.684464,-17.38854,-15.927365,22.864807,47.124615,-20.186758,-9.027046,-9.552036
807,10.239276885986328,576.27490234375,75.91732025146484,3.595911917808607,-5.4598415800741416,75.95279591399218,-7.873396,-1.7132239,28.119728,14.288763,-4.5161786,4.4827833,7.781206,-3.4833097,6.5121346,56.878723,3.3317285,15.000033,12.13363,-2.6563954,12.224893,21.108835,14.605246,-15.567512,79.95417,9.528286,-13.81477,18.378035,-16.718504,-15.702559,23.473217,48.541256,-20.273483,-8.773969,-9.241563
808,10.165648460388184,577.0218505859375,75.99390411376953,3.7147460180709815,-5.821236456190249,75.68928575209219,-6.6516685,-2.110145,28.278082,13.938371,-4.994413,4.560571,6.5973854,-4.8881807,5.247719,59.37371,3.8718107,15.000033,11.921532,-2.5192647,12.615967,20.458643,14.436152,-15.925737,79.57843,8.980502,-14.090592,18.114477,-16.0436,-15.521097,24.149378,50.04302,-20.275652,-8.756745,-9.109404
809,10.061667442321777,577.7633056640625,76.07398986816406,3.9950456542555424,-6.1770776401294185,75.34026016968501,-5.007835,-2.8977985,28.57624,12.614996,-5.023394,4.557891,5.282295,-6.5465784,4.285474,62.06296,3.2372153,15.000033,11.768961,-2.49964,13.017262,19.808624,14.254094,-16.214968,79.12633,8.503477,-14.386889,17.895166,-15.370912,-15.395973,24.949553,51.64267,-20.151114,-9.055203,-9.172602
810,9.92525577545166,578.5055541992188,76.15082550048828,4.353218500432391,-6.5394923621546495,74.9469917766888,-3.018824,-3.9775627,28.924313,10.49243,-4.6901054,4.5103016,3.8954172,-8.394397,3.529112,64.84696,1.6933428,15.000033,11.62989,-2.5121963,13.425041,19.151995,14.056528,-16.44555,78.60197,8.072442,-14.704576,17.70886,-14.710883,-15.331922,25.862333,53.337116,-19.900373,-9.585211,-9.384261
811,9.806563377380371,579.2435302734375,76.23867797851562,4.501854510885733,-6.872280254478025,74.54396082172748,-1.226728,-4.71758,29.208422,8.752117,-4.5277834,4.3571606,2.4592772,-10.32574,2.3942943,67.414474,-0.074956104,13.890602,11.488418,-2.3134227,13.763124,18.455526,13.850562,-16.646215,78.0455,7.712599,-15.029428,17.560623,-14.039923,-15.314937,26.770325,55.080536,-19.611393,-10.230096,-9.735279
812,9.709741592407227,579.9799194335938,76.3379898071289,4.512937284881917,-7.16471920931796,74.21549348475251,0.38744333,-5.246274,29.369364,7.2658277,-4.421917,4.1305614,1.0336719,-12.313834,0.83670855,69.637856,-1.5517328,11.380624,11.28186,-2.011536,14.041329,17.709993,13.652012,-16.852009,77.481064,7.4450665,-15.3473215,17.454552,-13.334997,-15.323515,27.55758,56.837578,-19.371387,-10.872495,-10.215628
813,9.6298246383667,580.7000122070312,76.43950653076172,4.451253787934869,-7.425583161054013,73.9784535707121,1.4587055,-5.429312,29.442093,6.9370255,-4.841056,3.8206983,-0.36040017,-14.084634,-0.6160965,71.52385,-2.6208959,9.049009,11.004302,-1.6570613,14.277126,16.926146,13.47121,-17.052385,76.88434,7.280092,-15.654622,17.367058,-12.591077,-15.3474,28.222029,58.641304,-19.233067,-11.580411,-10.893079
814,9.556931495666504,581.3950805664062,76.5339584350586,4.327229756401056,-7.659502714230572,73.79902448813418,2.4100115,-5.5057197,29.444422,6.7827735,-5.3017592,3.437668,-1.743157,-15.750658,-2.0658133,73.16609,-3.609021,6.631834,10.681469,-1.2559208,14.474352,16.115305,13.311076,-17.23448,76.24122,7.205195,-15.958502,17.3021,-11.822079,-15.38386,28.810785,60.503006,-19.151882,-12.38281,-11.751771
815,9.49435043334961,582.0807495117188,76.62582397460938,4.158879614219017,-7.85067298437084,73.70038722277646,3.3043766,-5.5483527,29.366226,6.6031876,-5.7137403,3.035035,-3.1012392,-17.20204,-3.4081483,74.55152,-4.579999,4.3086004,10.291029,-0.84254426,14.619939,15.267951,13.178153,-17.439236,75.596924,7.200381,-16.265104,17.305708,-11.029296,-15.423523,29.282656,62.358955,-19.063255,-13.104862,-12.657694
816,9.443144798278809,582.7586059570312,76.70687103271484,3.9562057742580574,-7.984626170839127,73.70322214599997,4.1112967,-5.5709033,29.207325,6.423033,-6.099666,2.6637502,-4.436524,-18.310438,-4.5289907,75.66925,-5.5690103,2.271044,9.820184,-0.44652703,14.7026,14.374747,13.085993,-17.712215,74.991974,7.246609,-16.579815,17.42122,-10.204462,-15.451499,29.584873,64.14031,-18.897837,-13.574582,-13.473741
817,9.405990600585938,583.4300537109375,76.78087615966797,3.7152385812719437,-8.04451262658436,73.81412982000477,4.807775,-5.567207,28.966288,6.245905,-6.4596024,2.3253796,-5.788403,-19.00875,-5.411955,76.504395,-6.520639,0.5501259,9.266133,-0.07275727,14.707946,13.433011,13.048333,-18.09199,74.43734,7.350788,-16.915277,17.683054,-9.346757,-15.452937,29.751637,65.87142,-18.674229,-13.720238,-14.208078
818,9.37355899810791,584.0888671875,76.85022735595703,3.4715440704078357,-8.04612985859283,74.01087386558461,5.3403807,-5.528113,28.6664,6.2532496,-6.8876557,1.9951099,-7.1676207,-19.393452,-6.105762,77.06539,-7.385641,-0.92825615,8.665082,0.26424038,14.6513405,12.425742,13.047104,-18.57949,73.9383,7.5113106,-17.263397,18.06697,-8.450806,-15.425254,29.775246,67.58783,-18.417536,-13.64493,-14.921396
819,9.342865943908691,584.7430419921875,76.91032409667969,3.22677695214047,-8.011840038977796,74.27663905582595,5.813889,-5.4896755,28.31027,6.2637386,-7.2913237,1.6800532,-8.54265,-19.51639,-6.638869,77.35957,-8.179857,-2.1579492,8.019435,0.5605839,14.558071,11.391619,13.094138,-19.08898,73.44097,7.7166405,-17.59701,18.506987,-7.5216475,-15.366079,29.586752,69.22461,-18.048185,-13.440349,-15.55017
820,9.324623107910156,585.3817749023438,76.96046447753906,3.0063009672344876,-7.969129810832664,74.59217173747206,6.265198,-5.478182,27.914318,6.2768946,-7.67976,1.3919057,-9.882362,-19.45674,-7.0118256,77.40644,-8.932844,-3.1216774,7.326319,0.7955242,14.463471,10.353281,13.182619,-19.5355,72.91624,7.951786,-17.897543,18.942537,-6.5592,-15.29018,29.130573,70.70307,-17.47988,-13.198871,-16.030327
821,9.310100555419922,586.0227661132812,77.00202178955078,2.819867363168575,-7.917602409415909,74.95762243961073,6.6952553,-5.503481,27.478622,6.291095,-8.046258,1.1251798,-11.201687,-19.165546,-7.16704,77.20238,-9.644032,-3.7637239,6.587989,0.9662999,14.365319,9.304991,13.307895,-19.926737,72.3603,8.19015,-18.161314,19.364813,-5.5258765,-15.196473,28.344957,71.982635,-16.661861,-12.892696,-16.329174
822,9.30265998840332,586.6498413085938,77.03828430175781,2.6504814471022446,-7.846141855972278,75.38159925113858,7.088454,-5.551986,26.99591,6.3078537,-8.391277,0.8785342,-12.513172,-18.631092,-7.129267,76.73851,-10.282603,-4.117815,5.80606,1.0901927,14.249728,8.235169,13.47012,-20.302523,71.78965,8.448307,-18.398554,19.803432,-4.4205627,-15.078157,27.276026,73.093765,-15.647351,-12.489797,-16.488546
823,9.29753303527832,587.2685546875,77.0654525756836,2.491980862889316,-7.763660408004743,75.85704603852793,7.457337,-5.61328,26.47114,6.328108,-8.729941,0.66986597,-13.779455,-17.98399,-7.020316,76.025764,-10.841188,-4.3005385,4.992808,1.1798997,14.132465,7.14271,13.669158,-20.650337,71.208565,8.766433,-18.60104,20.257889,-3.287963,-14.942648,26.005798,74.063156,-14.515367,-12.075431,-16.555573
824,9.294723510742188,587.8721923828125,77.07878112792969,2.3350477401038114,-7.679545845013343,76.37660226392322,7.8119917,-5.6741023,25.909798,6.3524613,-9.073284,0.51497954,-14.96383,-17.350847,-6.9577036,75.07492,-11.316277,-4.420971,4.1593137,1.2482967,14.029714,6.029032,13.903523,-20.953836,70.61819,9.18754,-18.75968,20.727581,-2.1663132,-14.808143,24.617798,74.91349,-13.341492,-11.738653,-16.572926
825,9.301214218139648,588.4761352539062,77.09126281738281,2.1755374844085575,-7.598881444774937,76.93966554829483,8.154355,-5.727656,25.309174,6.3854876,-9.429492,0.42330265,-16.068653,-16.70099,-6.9208665,73.87778,-11.69085,-4.457433,3.2936742,1.2994218,13.952417,4.8983407,14.17199,-21.183115,70.00005,9.742957,-18.8528,21.226162,-1.047461,-14.688019,23.055931,75.62251,-12.088136,-11.499277,-16.522734
826,9.306219100952148,589.075439453125,77.10133361816406,2.0183931331428173,-7.515631225364542,77.54983671199507,8.480484,-5.780437,24.66715,6.423243,-9.788256,0.3817273,-17.103764,-15.9933,-6.8648777,72.42992,-11.974851,-4.373223,2.3944504,1.3330865,13.892134,3.747739,14.472507,-21.356678,69.35497,10.40286,-18.889194,21.74713,0.105989665,-14.578588,21.299658,76.16267,-10.733269,-11.308358,-16.38522
827,9.323241233825684,589.6631469726562,77.10505676269531,1.8652572694854626,-7.422218055061242,78.20567071705416,8.786204,-5.8356,23.990213,6.4635744,-10.136882,0.37101856,-18.048607,-15.32166,-6.8695474,70.743225,-12.199631,-4.24277,1.4861184,1.3517224,13.8344345,2.5638213,14.801668,-21.531698,68.722466,11.11451,-18.906908,22.263056,1.29022,-14.478638,19.498367,76.55085,-9.365624,-11.141431,-16.198051
828,9.351902961730957,590.2459716796875,77.11062622070312,1.722165012589818,-7.309545068950174,78.90514309827951,9.068567,-5.896052,23.285425,6.5048966,-10.464695,0.37208647,-18.882137,-14.77409,-7.0160165,68.82778,-12.396409,-4.1354656,0.5882447,1.3567663,13.763844,1.3381644,15.153547,-21.754889,68.13963,11.832609,-18.944489,22.747156,2.4931574,-14.391493,17.802446,76.81064,-8.077891,-10.975369,-16.001303
829,9.377903938293457,590.8296508789062,77.11649322509766,1.5827174216666449,-7.172219780647638,79.66054000373629,9.317314,-5.959947,22.540682,6.547105,-10.762901,0.39274344,-19.604778,-14.370589,-7.350506,66.67347,-12.582753,-4.068887,-0.3137543,1.349904,13.677715,0.050734185,15.529505,-22.041428,67.631966,12.545943,-19.022833,23.20438,3.7008638,-14.328454,16.198994,76.93643,-6.8465557,-10.798258,-15.782703
830,9.408307075500488,591.4142456054688,77.12271881103516,1.4490979581795427,-7.014732528154124,80.46752001822865,9.536958,-6.0242476,21.75726,6.5903425,-11.038687,0.43708503,-20.222479,-14.050057,-7.825734,64.27249,-12.736085,-3.9938424,-1.2254257,1.3335583,13.58295,-1.2861226,15.927807,-22.363142,67.17146,13.281302,-19.117992,23.645319,4.928479,-14.292805,14.6261,76.918816,-5.637905,-10.622981,-15.526623
831,9.441692352294922,591.9970703125,77.12236785888672,1.3279772556022778,-6.845804597326977,81.30049930413573,9.747485,-6.0909414,20.96243,6.6301165,-11.302009,0.4818389,-20.727713,-13.777841,-8.381019,61.64373,-12.830939,-3.877246,-2.118175,1.3080481,13.475199,-2.6393895,16.335089,-22.705063,66.72995,14.044364,-19.203665,24.05531,6.188349,-14.276942,13.168985,76.79546,-4.5261335,-10.467041,-15.270851
832,9.469945907592773,592.571533203125,77.11368560791016,1.2282024730024828,-6.673988960215729,82.13421280216092,9.966637,-6.1625223,20.183723,6.667337,-11.56611,0.50517195,-21.117159,-13.524792,-8.953981,58.8043,-12.839791,-3.6929848,-2.969171,1.2725434,13.347424,-3.9776864,16.733702,-23.047632,66.28646,14.841585,-19.252306,24.421188,7.476246,-14.268179,11.921611,76.619514,-3.582888,-10.350322,-15.056316
833,9.505577087402344,593.1572265625,77.09877014160156,1.1509991843243377,-6.499111962117714,82.9746020854832,10.195781,-6.241419,19.425869,6.6976967,-11.827726,0.5002134,-21.383045,-13.31737,-9.573596,55.724335,-12.754802,-3.4531856,-3.7805398,1.2233756,13.191605,-5.315144,17.117435,-23.393032,65.86299,15.694431,-19.254166,24.736727,8.788269,-14.269915,10.907527,76.39009,-2.8139026,-10.287906,-14.90346
834,9.54298210144043,593.7500610351562,77.07927703857422,1.0915399187622825,-6.31797825203435,83.83100577700525,10.427111,-6.326991,18.675964,6.724013,-12.0840225,0.48045388,-21.5293,-13.1462345,-10.260906,52.399704,-12.583172,-3.1566978,-4.5625606,1.1619372,13.009714,-6.6693974,17.488094,-23.752611,65.475075,16.592941,-19.224007,25.011501,10.114882,-14.293119,10.078823,76.09748,-2.1836288,-10.268273,-14.789615
835,9.57800006866455,594.3478393554688,77.05391693115234,1.0507029507774412,-6.1358668130088985,84.68371969158831,10.665509,-6.417874,17.933054,6.7497854,-12.34039,0.4553993,-21.56644,-12.943244,-10.935196,48.872368,-12.323565,-2.771316,-5.3076243,1.0936189,12.809791,-8.009879,17.837713,-24.104616,65.10187,17.510992,-19.179762,25.258394,11.441158,-14.331251,9.418422,75.78138,-1.7087194,-10.271075,-14.692328
836,9.619576454162598,594.9563598632812,77.02175903320312,1.0314893269064331,-5.957947587168164,85.51370522515683,10.920039,-6.515239,17.195364,6.7725577,-12.600002,0.434661,-21.506985,-12.657185,-11.50796,45.18225,-11.976443,-2.2772686,-6.008905,1.0201269,12.598015,-9.310097,18.155714,-24.423374,64.73094,18.427303,-19.138683,25.493757,12.743699,-14.370618,8.9135895,75.49149,-1.4041697,-10.275325,-14.593646
837,9.664315223693848,595.566650390625,76.97991943359375,1.0334213259807703,-5.781654899449615,86.31366833862806,11.186431,-6.6212344,16.45936,6.7954183,-12.868558,0.4288388,-21.360096,-12.284569,-11.897823,41.266876,-11.522383,-1.6899936,-6.6522703,0.9383324,12.367523,-10.578351,18.43679,-24.701939,64.370674,19.363111,-19.096155,25.718002,14.017105,-14.40886,8.595501,75.232765,-1.3140916,-10.276177,-14.509249
838,9.7001371383667,596.1834716796875,76.93155670166016,1.0589653440176063,-5.607076480556124,87.09648618664686,11.463999,-6.7387404,15.725164,6.8158383,-13.140835,0.43205,-21.107847,-11.869551,-12.161047,37.10376,-10.960247,-1.0316079,-7.243912,0.84582,12.117154,-11.833335,18.682703,-24.957827,64.03717,20.32315,-19.046476,25.925741,15.268245,-14.453108,8.454811,74.98558,-1.4174798,-10.284919,-14.4459095
839,9.740312576293945,596.8138427734375,76.87875366210938,1.1055485844615516,-5.445182123150797,87.87489342924994,11.763456,-6.868545,14.996145,6.834258,-13.410764,0.42756563,-20.722925,-11.448111,-12.411285,32.79009,-10.321469,-0.30231515,-7.8072653,0.74222165,11.861698,-13.065093,18.895065,-25.203821,63.731476,21.25887,-19.004704,26.12605,16.495014,-14.501324,8.413184,74.7627,-1.6365765,-10.30579,-14.372063
840,9.790496826171875,597.4488525390625,76.81686401367188,1.1754666607709547,-5.307258746054962,88.6623685631751,12.095792,-7.0113664,14.274063,6.8507786,-13.6725,0.39785725,-20.178814,-11.055877,-12.763767,28.417881,-9.635823,0.4995074,-8.365688,0.62509656,11.615287,-14.268893,19.076315,-25.462564,63.458984,22.112492,-18.986258,26.32954,17.697506,-14.544104,8.392109,74.57762,-1.8952435,-10.3434,-14.257452
841,9.831767082214355,598.0838012695312,76.7462158203125,1.284414632305531,-5.201359117764184,89.47082807924133,12.46982,-7.1864047,13.551473,6.8646927,-13.927512,0.32373613,-19.415745,-10.71772,-13.252776,23.838747,-8.876442,1.4286417,-8.925701,0.47178653,11.379388,-15.449931,19.224964,-25.733725,63.229286,22.894745,-19.004688,26.547651,18.890728,-14.577718,8.388798,74.41782,-2.2472792,-10.396818,-14.091962
842,9.86291217803955,598.7205200195312,76.66016387939453,1.444398064552701,-5.127441714493347,90.30497583023737,12.88651,-7.407955,12.814067,6.873521,-14.177233,0.2222799,-18.423233,-10.44947,-13.816607,18.970936,-8.005757,2.446386,-9.48413,0.26705688,11.148665,-16.614544,19.340733,-26.013779,63.041965,23.625893,-19.048904,26.772717,20.07562,-14.60264,8.432784,74.27821,-2.711486,-10.466091,-13.894544
843,9.906803131103516,599.3722534179688,76.56254577636719,1.6564734041061793,-5.085453284996133,91.17085041198753,13.338773,-7.6750693,12.0507345,6.882506,-14.415567,0.13204339,-17.261278,-10.266409,-14.43461,14.033921,-7.03842,3.4316652,-10.05619,0.01297639,10.921284,-17.767834,19.409796,-26.300283,62.908485,24.281399,-19.098013,26.98919,21.225374,-14.615979,8.505347,74.1902,-3.153856,-10.554337,-13.682712
844,9.953306198120117,600.0262451171875,76.453125,1.9155502306597487,-5.068970210643443,92.06633305638992,13.8194065,-7.9788837,11.257174,6.8864493,-14.6305685,0.09014586,-16.005373,-10.153792,-15.090956,9.263852,-5.9854817,4.2808456,-10.639795,-0.2853834,10.701489,-18.88525,19.464102,-26.610674,62.780315,24.811146,-19.13137,27.1716,22.325449,-14.614806,8.5737505,74.16591,-3.4447274,-10.664848,-13.463226
845,10.006538391113281,600.6773681640625,76.34308624267578,2.199458805516099,-5.061812436021407,92.98861467468002,14.30837,-8.287942,10.44592,6.8903136,-14.830693,0.10253129,-15.721173,-10.347275,-15.651622,6.9043875,-6.0148454,4.977863,-11.195223,-0.6190695,10.483145,-19.99012,19.534992,-27.020283,62.648205,25.14697,-19.143265,27.317694,23.396963,-14.566098,8.6114855,74.192604,-3.5606995,-10.818379,-13.236908
846,10.070956230163574,601.3380737304688,76.23822021484375,2.4878873033122884,-5.05429246335471,93.9091287031814,14.799469,-8.575212,9.644847,6.896238,-15.021535,0.14049278,-16.32186,-10.812592,-16.10971,6.7056737,-7.0442886,5.5774326,-11.745972,-0.9500119,10.262778,-21.065882,19.586075,-27.422945,62.530643,25.3661,-19.147806,27.441349,24.393318,-14.500815,8.675077,74.30101,-3.5639372,-11.005386,-13.008121
847,10.145730018615723,602.0079345703125,76.15351867675781,2.7070553702423967,-5.046812696241682,94.75891804701399,15.300152,-8.754662,8.906539,6.902771,-15.192379,0.17537223,-16.866808,-11.1831255,-16.537706,6.716292,-8.026989,6.0906715,-12.210972,-1.2043258,10.060333,-22.086168,19.624937,-27.82791,62.400726,25.508223,-19.142773,27.540981,25.292486,-14.405311,8.743359,74.511345,-3.4730954,-11.182994,-12.774506
848,10.220915794372559,602.6786499023438,76.078125,2.8986356123701515,-5.058369357024901,95.53778650998748,15.82245,-8.888706,8.209297,6.9105186,-15.319735,0.21268675,-17.207335,-11.467428,-16.869087,6.727528,-8.822271,6.5651336,-12.595019,-1.4404835,9.871896,-23.02681,19.64885,-28.20246,62.260387,25.643442,-19.130808,27.606136,26.088282,-14.264019,8.821732,74.8372,-3.3047416,-11.307391,-12.543985
849,10.303977966308594,603.357666015625,76.00745391845703,3.1129166447568424,-5.098817416557977,96.26190774610967,16.37968,-9.034774,7.533926,6.9153314,-15.39798,0.27987757,-17.288692,-11.713419,-17.186182,6.73591,-9.474282,7.1291614,-12.93501,-1.6982206,9.692123,-23.878582,19.655409,-28.52371,62.10522,25.767479,-19.109325,27.621248,26.791908,-14.117796,8.918522,75.27608,-3.0152576,-11.385092,-12.2960615
850,10.384952545166016,604.040771484375,75.93659973144531,3.3431933285764064,-5.157129448679138,96.93663495209154,16.959106,-9.180775,6.8850985,6.9193673,-15.43791,0.37117654,-17.153233,-11.905349,-17.503405,6.7386928,-9.971906,7.735212,-13.230304,-1.9687183,9.518302,-24.645489,19.646883,-28.790184,61.930878,25.86944,-19.080439,27.593752,27.412382,-13.96749,9.029584,75.811035,-2.6103754,-11.431293,-12.030772
851,10.453763961791992,604.7244262695312,75.86815643310547,3.5217169084380893,-5.211000319512663,97.51972427936096,17.53893,-9.250575,6.304479,6.922041,-15.4453535,0.42784077,-16.901388,-11.940699,-17.618563,6.7394886,-10.2168045,8.14995,-13.437037,-2.1789858,9.351603,-25.329409,19.623074,-29.02649,61.742966,25.945133,-19.050005,27.556015,27.923578,-13.793098,9.155278,76.43632,-2.1671238,-11.418338,-11.7751875
852,10.5084810256958,605.4182739257812,75.81377410888672,3.577307884775658,-5.238882243163238,97.97169000447555,18.09979,-9.169401,5.834241,6.924458,-15.429306,0.39175546,-16.629776,-11.714942,-17.324903,6.7407413,-10.118137,8.1395035,-13.562347,-2.230919,9.20497,-25.852276,19.58958,-29.140469,61.477116,26.048592,-19.029257,27.534735,28.300653,-13.652811,9.316737,77.11563,-1.7510768,-11.317703,-11.52987
853,10.551631927490234,606.1106567382812,75.7778549194336,3.4841742880620328,-5.236545491841683,98.25291471249238,18.636606,-8.906905,5.51101,6.929525,-15.406398,0.24452452,-16.315157,-11.133533,-16.404186,6.7409897,-9.5797825,7.5368333,-13.542523,-2.1149783,9.08607,-26.252298,19.523836,-29.141953,61.16817,26.186722,-19.013676,27.533405,28.51314,-13.486396,9.538567,77.94536,-1.3486786,-11.127413,-11.321473
854,10.608332633972168,606.8052978515625,75.77938842773438,3.27958041943809,-5.221019030537628,98.39607315566842,19.169106,-8.503738,5.307722,6.9341893,-15.369409,0.01764052,-15.909262,-10.269845,-15.029993,6.7357483,-8.648704,6.5239673,-13.436297,-1.8467197,9.003799,-26.495548,19.45339,-29.01706,60.76811,26.328127,-19.002737,27.534492,28.5954,-13.3656,9.804323,78.86855,-0.9315665,-10.85912,-11.11401
855,10.66933536529541,607.5059204101562,75.79750061035156,2.9962385937117584,-5.202317653108758,98.47132558108467,19.705023,-7.9955335,5.170916,6.9398017,-15.290798,-0.27273935,-15.474493,-9.279825,-13.58214,6.7206345,-7.459832,5.383098,-13.277757,-1.4883643,8.929579,-26.648678,19.360962,-28.864319,60.384403,26.471622,-19.002245,27.558302,28.574772,-13.235491,10.063172,79.77813,-0.5563268,-10.512826,-10.929644
856,10.754719734191895,608.2220458984375,75.84342193603516,2.6674767144525844,-5.183262743791369,98.54576871979513,20.250608,-7.4226136,5.047535,6.941662,-15.143138,-0.61048096,-15.08481,-8.327297,-12.427034,6.6970625,-6.1880827,4.363102,-13.120611,-1.0763369,8.849555,-26.69098,19.264801,-28.711744,60.007442,26.639431,-19.020071,27.611313,28.501068,-13.111584,10.238181,80.507095,-0.29168716,-10.084663,-10.755357
857,10.844736099243164,608.9527587890625,75.91312408447266,2.2567948746121447,-5.147165057588888,98.5969433794763,20.793592,-6.7402143,4.9663167,6.944066,-14.948189,-1.0182935,-14.809601,-7.3639836,-11.552007,6.6671004,-4.7711368,3.3254886,-12.956224,-0.5615168,8.760993,-26.606419,19.189882,-28.580858,59.61789,26.807478,-19.064556,27.715818,28.340483,-13.003525,10.322447,81.03099,-0.16274928,-9.549842,-10.583257
858,10.93490982055664,609.697021484375,75.98594665527344,1.765034757678968,-5.1028639958442765,98.59882362718596,21.321556,-5.9504833,4.949963,6.991877,-14.737025,-1.495452,-14.589828,-6.342943,-10.810676,6.6360765,-3.166619,2.189688,-12.740545,0.040033024,8.670382,-26.43273,19.108755,-28.47123,59.251274,26.980892,-19.128372,27.86257,28.08482,-12.866625,10.343245,81.428024,-0.13625629,-8.907574,-10.432819
859,11.015080451965332,610.4662475585938,76.04197692871094,1.2556480627574298,-5.074029958174176,98.62434502343606,21.841816,-5.1341686,4.92601,7.085712,-14.457374,-1.9928019,-14.319113,-5.4062996,-10.358428,6.6032243,-1.6100827,1.2565387,-12.546161,0.65285295,8.583683,-26.149605,19.034409,-28.3553,58.874527,27.159502,-19.199102,28.003387,27.798311,-12.729799,10.305684,81.72144,-0.17903739,-8.239946,-10.296475
860,11.080818176269531,611.2413940429688,76.08360290527344,0.8037455186801122,-5.078922899460153,98.73878075639917,22.32527,-4.3763704,4.8270116,7.2907977,-14.098209,-2.4623644,-14.04978,-4.72694,-10.29532,6.9015846,-0.51815903,0.82673895,-12.420947,1.1901948,8.492566,-25.80208,18.9663,-28.281898,58.5246,27.286854,-19.263817,28.09963,27.547913,-12.596512,10.208294,81.939865,-0.25938758,-7.619687,-10.180702
861,11.152591705322266,612.02294921875,76.12687683105469,0.45659895126513333,-5.12271736490858,98.97799179452714,22.19552,-3.6807153,4.64224,8.850897,-14.325259,-2.8716521,-13.47944,-4.3906555,-10.808035,6.9893203,0.36980435,1.1902455,-12.399473,1.6028959,8.381464,-25.368515,18.897884,-28.235895,58.194153,27.385756,-19.32304,28.14317,27.369036,-12.46528,10.012046,82.097206,-0.41341546,-7.0014424,-10.0954075
862,11.223609924316406,612.80224609375,76.17913818359375,0.15772159438521927,-5.1843408811824006,99.29744743551448,22.062235,-3.0399637,4.367218,10.434791,-14.452567,-3.251674,-12.5915,-4.2616305,-11.769158,6.6857386,1.2925665,2.0925987,-12.440118,1.9573033,8.250782,-24.854849,18.82757,-28.22593,57.8876,27.45261,-19.382296,28.157032,27.2229,-12.336481,9.725843,82.1745,-0.6425416,-6.366027,-10.033648
863,11.309863090515137,613.5821533203125,76.23231506347656,-0.15168319713192205,-5.247139473671678,99.64338621340045,21.842241,-2.3777032,4.071335,12.159372,-14.505743,-3.6557305,-11.671591,-4.167211,-12.821611,6.441038,2.0032954,3.0457308,-12.506152,2.3172147,8.126511,-24.260963,18.76366,-28.203884,57.582897,27.50111,-19.43677,28.137766,27.050768,-12.229375,9.447546,82.1529,-0.8586088,-5.8278337,-9.969456
864,11.387392044067383,614.3418579101562,76.30029296875,-0.5281915564885765,-5.298910055736578,99.97055531572555,21.468153,-1.6195834,3.8100905,14.115923,-14.494005,-4.1365657,-10.872287,-3.9151013,-13.63401,6.416213,2.3485844,3.5851388,-12.511782,2.7313266,8.028926,-23.669327,18.672338,-28.198706,57.33968,27.534075,-19.479115,28.09002,26.802296,-12.098969,9.230836,82.03268,-0.98439753,-5.506079,-9.901632
865,11.480701446533203,615.098388671875,76.3864974975586,-0.9984533001728543,-5.328825600208082,100.27841346179015,20.943249,-0.7348996,3.5762513,16.28778,-14.426262,-4.7218995,-10.130112,-3.3978617,-14.1247225,6.412747,2.3028336,3.5613973,-12.48933,3.233638,7.9511523,-23.03321,18.570362,-28.1649,57.120975,27.550837,-19.513361,27.994678,26.469687,-11.978401,9.119122,81.77431,-0.96797895,-5.467879,-9.823197
866,11.568434715270996,615.8436279296875,76.47489929199219,-1.518219117345325,-5.348162282456787,100.58850873523659,20.327576,0.2174306,3.3320537,18.580286,-14.263889,-5.3764234,-9.417256,-2.722805,-14.469118,6.422932,1.9328171,3.2464848,-12.459667,3.7798355,7.8847075,-22.340212,18.458036,-28.108883,56.923023,27.5567,-19.541622,27.856401,26.07926,-11.8668,9.065358,81.394615,-0.8641272,-5.639647,-9.740787
867,11.660951614379883,616.5807495117188,76.55838012695312,-2.041866791020068,-5.378376638900982,100.89298731285444,19.640348,1.1765815,3.081246,20.973383,-13.953681,-6.0579014,-8.724497,-1.9809921,-14.743734,6.4368415,1.4383152,2.8140917,-12.4074135,4.3168416,7.853369,-21.62796,18.338287,-28.055532,56.762646,27.550852,-19.555283,27.708134,25.62345,-11.764631,9.066722,80.946144,-0.72441715,-5.9188166,-9.642478
868,11.752908706665039,617.3052978515625,76.63438415527344,-2.524313472289841,-5.440808361003344,101.18298763759711,18.882015,2.0870252,2.8305287,23.48769,-13.456016,-6.726374,-8.023055,-1.2830418,-15.0296955,6.448076,1.0014496,2.4457026,-12.318561,4.793707,7.882669,-20.91794,18.211813,-28.00332,56.64252,27.557878,-19.546068,27.581118,25.085241,-11.672126,9.119673,80.49908,-0.6018949,-6.214309,-9.517147
869,11.842700004577637,618.0112915039062,76.70764923095703,-2.9536695531487993,-5.549704906863616,101.43975983669098,18.04329,2.9222248,2.5724647,26.177965,-12.744944,-7.3514066,-7.281079,-0.66759276,-15.327251,6.455456,0.6468788,2.185663,-12.184372,5.1980486,7.987014,-20.188208,18.083815,-27.937208,56.55182,27.57957,-19.499886,27.48735,24.452915,-11.595043,9.256414,80.06445,-0.466729,-6.5402217,-9.343203
870,11.941524505615234,618.706298828125,76.77032470703125,-3.3522724483174735,-5.693306854015275,101.6701202011269,17.128052,3.7057316,2.304405,29.02209,-11.851397,-7.967073,-6.5080967,-0.08532381,-15.596422,6.4593925,0.2835601,1.9409454,-12.007074,5.55527,8.145957,-19.450045,17.93496,-27.860685,56.51641,27.615082,-19.424467,27.41308,23.734549,-11.523462,9.467849,79.62018,-0.30263624,-6.9353547,-9.1362095
871,12.039377212524414,619.3818969726562,76.8212890625,-3.7273095153996487,-5.853366998022685,101.90449184912754,16.15246,4.460647,2.0404592,31.933416,-10.823488,-8.625129,-5.735377,0.4692172,-15.861553,6.4804516,-0.10679846,1.6954771,-11.81172,5.8728194,8.349633,-18.7159,17.80641,-27.800648,56.49669,27.637968,-19.34655,27.337362,22.955204,-11.466963,9.695449,79.13038,-0.18851383,-7.324307,-8.923927
872,12.137435913085938,620.0361328125,76.85871124267578,-4.086618247483456,-6.011300980886787,102.17319543701328,15.12973,5.215096,1.7923483,34.834713,-9.714662,-9.369174,-4.9769278,1.010558,-16.147272,6.4943666,-0.5164777,1.4319036,-11.605451,6.153749,8.569164,-18.06827,17.674673,-27.804884,56.562233,27.63986,-19.29132,27.253708,22.13762,-11.404521,9.8844,78.585785,-0.19655153,-7.6324916,-8.755484
873,12.242756843566895,620.6688842773438,76.88264465332031,-4.429031803980246,-6.166514002166204,102.48234379412058,14.039405,5.9731627,1.5439966,37.781345,-8.548731,-10.234768,-4.2421255,1.5415747,-16.45973,6.50946,-0.9499386,1.1198779,-11.406724,6.3941693,8.832346,-17.446815,17.618315,-27.86679,56.603226,27.578358,-19.279215,27.136414,21.293173,-11.361883,9.9926605,77.925575,-0.38392818,-7.8413982,-8.608478
874,12.353796005249023,621.2875366210938,76.8855209350586,-4.752010200472486,-6.328396388492319,102.8157823469658,12.871816,6.718639,1.2863983,40.816196,-7.3055334,-11.183584,-3.5128255,2.0522888,-16.785534,6.527658,-1.4087632,0.78183013,-11.180369,6.569609,9.115309,-16.919992,17.555447,-27.99106,56.763153,27.50175,-19.288149,27.014643,20.390266,-11.26981,10.074498,77.23224,-0.6912095,-7.9929805,-8.506362
875,12.468851089477539,621.9005126953125,76.87730407714844,-5.057949609096625,-6.491295665924511,103.17009838633244,11.644528,7.4603095,1.0423695,43.858204,-5.9730034,-12.13661,-2.7861674,2.5371084,-17.12082,6.546116,-1.8923076,0.47528797,-10.923906,6.70922,9.4227495,-16.435677,17.532745,-28.183212,56.942944,27.404459,-19.292904,26.891073,19.44123,-11.178767,10.150662,76.50964,-1.0619712,-8.098812,-8.443344
876,12.585226058959961,622.498779296875,76.86065673828125,-5.352790525101906,-6.64758980038987,103.542333296256,10.37344,8.2152605,0.8383701,46.82229,-4.532497,-13.007315,-2.0616248,2.99342,-17.461826,6.561415,-2.3985603,0.25294688,-10.658859,6.84407,9.742586,-15.976339,17.541368,-28.41954,57.126064,27.309872,-19.268763,26.77969,18.440626,-11.138633,10.286499,75.793106,-1.420484,-8.168914,-8.427123
877,12.700627326965332,623.0851440429688,76.83845520019531,-5.642815219806407,-6.798131688892138,103.94918918292785,9.03154,8.990751,0.6282871,49.735695,-2.77229,-13.845025,-1.3376654,3.4245353,-17.828777,6.57426,-2.9318993,0.1367884,-10.36978,6.947498,10.064523,-15.577685,17.606369,-28.771585,57.331272,27.209734,-19.197195,26.688625,17.383066,-11.087383,10.498191,75.09798,-1.7791497,-8.18057,-8.474918
878,12.81627082824707,623.6671142578125,76.80950164794922,-5.924028073652931,-6.943531542577572,104.38608387214119,7.6092873,9.78662,0.4130563,52.636806,-0.76504785,-14.646879,-0.62105745,3.8358836,-18.21862,6.5849075,-3.4892058,0.09132077,-10.078872,7.038369,10.406264,-15.218769,17.712778,-29.186735,57.542572,27.104723,-19.099127,26.60595,16.274588,-11.070446,10.758147,74.382095,-2.1670802,-8.132927,-8.563198
879,12.918594360351562,624.22509765625,76.77711486816406,-6.178652489752214,-7.077368012763075,104.81719887519999,6.1489053,10.663069,0.3853394,55.457993,1.0818822,-15.000033,0.07052306,4.2189846,-18.590631,6.5989547,-4.059289,0.08420152,-9.770883,7.101964,10.752046,-14.85786,17.858984,-29.60875,57.756233,26.996094,-18.993559,26.525717,15.10791,-11.086728,11.074675,73.69092,-2.5251932,-8.079279,-8.694077
880,13.015192985534668,624.773193359375,76.73989868164062,-6.397736037988374,-7.195054526365994,105.20594336305666,4.704699,11.649435,0.5913604,58.125267,2.3528967,-15.000033,0.7290751,4.576546,-18.904207,6.610946,-4.626989,0.08021453,-9.433389,7.135885,11.086494,-14.462938,18.02367,-29.973398,57.98678,26.890757,-18.900463,26.443989,13.879729,-11.149735,11.450985,73.057335,-2.7979958,-8.06492,-8.869024
881,13.11157512664795,625.3285522460938,76.70391845703125,-6.586670743860487,-7.3014956878586235,105.55760206661112,3.3010905,12.751946,0.95694566,60.65377,2.894189,-15.000033,1.3660753,4.9136686,-19.157396,6.618359,-5.2046766,0.09018978,-9.069361,7.1461134,11.4105,-14.036373,18.19606,-30.277988,58.247017,26.800692,-18.830908,26.360773,12.589567,-11.268493,11.922982,72.48275,-2.9035082,-8.113525,-9.104967
882,13.196457862854004,625.855224609375,76.67076873779297,-6.7500426211452185,-7.398064517503168,105.88485381659304,1.9174517,14.04422,1.5883394,63.074493,2.926321,-14.554272,1.9845924,5.221834,-19.366688,6.625656,-5.794636,0.1304826,-8.684453,7.142929,11.729307,-13.597583,18.373766,-30.54872,58.539764,26.721731,-18.772272,26.27997,11.241359,-11.442043,12.482494,71.947296,-2.8909292,-8.195498,-9.392415
883,13.26724910736084,626.3814697265625,76.64630889892578,-6.883908760685006,-7.478943845131239,106.1600986546151,0.55295306,15.457021,2.4211807,65.33281,2.5706494,-13.614396,2.5666387,5.503256,-19.521791,6.635601,-6.367292,0.16517845,-8.27196,7.130956,12.036429,-13.131192,18.55206,-30.76385,58.85456,26.636423,-18.709461,26.202198,9.838849,-11.665515,13.066667,71.45806,-2.9045439,-8.281768,-9.693437
884,13.322951316833496,626.892578125,76.6249771118164,-6.988142003063108,-7.537783324332446,106.35650344549398,-0.80172324,16.837648,3.2862175,67.37261,1.9565084,-12.430107,3.0970845,5.7678113,-19.613953,6.6446047,-6.892278,0.1549356,-7.8258867,7.113818,12.324228,-12.625277,18.725595,-30.90546,59.185055,26.523664,-18.627092,26.12888,8.388713,-11.932403,13.610879,71.02082,-3.0913625,-8.340608,-9.970703
885,13.378852844238281,627.3889770507812,76.6102523803711,-7.060200949261654,-7.5675517127231435,106.46805535086531,-2.157886,18.157513,4.1888466,69.19942,0.9715843,-10.9368925,3.5619974,6.016756,-19.641546,6.6562505,-7.3689294,0.08575522,-7.338659,7.088221,12.581504,-12.083754,18.890116,-30.98658,59.548283,26.373968,-18.52275,26.060751,6.8770595,-12.245688,14.123763,70.658875,-3.5026152,-8.368596,-10.241374
886,13.419021606445312,627.8765869140625,76.6015625,-7.0981401084581135,-7.575158284394603,106.51071231544151,-3.493797,19.431442,5.1550846,70.83411,-0.42551252,-9.182585,3.975952,6.241374,-19.611465,6.6692243,-7.8119593,-0.018920759,-6.8165092,7.051081,12.8137865,-11.513196,19.042559,-31.013613,59.948425,26.199684,-18.403896,25.998165,5.306734,-12.604828,14.634665,70.36329,-4.05735,-8.378486,-10.515698
887,13.449889183044434,628.3453979492188,76.5989761352539,-7.107313754433895,-7.5739174269255924,106.4928785447033,-4.782075,20.608305,6.129028,72.242775,-1.9742855,-7.392199,4.3583922,6.436796,-19.529015,6.6826024,-8.217515,-0.1432324,-6.26959,7.0035844,13.035443,-10.90817,19.18009,-30.963814,60.364353,26.01458,-18.269598,25.942144,3.7028322,-13.0016575,15.112964,70.10437,-4.699189,-8.364715,-10.75031
888,13.472515106201172,628.8197021484375,76.6048583984375,-7.094141893024017,-7.5765840221547425,106.42189559739538,-5.9963846,21.660814,7.076943,73.38883,-3.4008384,-5.7642727,4.7300124,6.6029487,-19.39982,6.694713,-8.582599,-0.27411285,-5.7056723,6.9473925,13.261017,-10.264365,19.299644,-30.814875,60.775845,25.832466,-18.119328,25.893597,2.094127,-13.423477,15.521384,69.85055,-5.3767257,-8.3232975,-10.902578
889,13.490165710449219,629.2764892578125,76.62332916259766,-7.063674893804169,-7.581626144518035,106.29191615410413,-7.1413627,22.61078,8.0355425,74.26952,-4.654839,-4.3164897,5.083401,6.7507186,-19.22222,6.7046866,-8.892814,-0.4324141,-5.118002,6.884455,13.48807,-9.576709,19.39712,-30.55846,61.191116,25.663755,-17.947296,25.863333,0.46165085,-13.87203,15.874672,69.62801,-6.125723,-8.251241,-10.959288
890,13.503853797912598,629.7242431640625,76.6523666381836,-7.011756211212246,-7.583411498396927,106.10368960870866,-8.227709,23.452997,9.024624,74.901764,-5.8629847,-2.9617677,5.4114914,6.8802857,-18.997837,6.7131114,-9.153699,-0.6210872,-4.5076275,6.8120975,13.708246,-8.8465805,19.469856,-30.206287,61.618324,25.500044,-17.755634,25.847204,-1.202543,-14.349988,16.191452,69.44797,-6.957248,-8.1532345,-10.943391
891,13.522879600524902,630.1670532226562,76.69160461425781,-6.931084191466828,-7.589205937135448,105.87333575879374,-9.242916,24.139202,10.000643,75.27807,-7.0068893,-1.7196602,5.730834,6.974835,-18.736265,6.722715,-9.388817,-0.8005537,-3.8877063,6.7218785,13.927705,-8.08737,19.518959,-29.776897,62.04505,25.323624,-17.55556,25.825583,-2.8604205,-14.847206,16.432144,69.26619,-7.7869644,-8.03903,-10.870525
892,13.519843101501465,630.5911254882812,76.73455810546875,-6.810965552020056,-7.607120596351048,105.61631168679429,-10.177534,24.622375,10.918569,75.39014,-8.06509,-0.6078566,6.060057,7.017488,-18.44645,6.7316995,-9.620403,-0.9299793,-3.2664926,6.6027317,14.151073,-7.3113227,19.547842,-29.289055,62.459454,25.122055,-17.358727,25.779072,-4.4740076,-15.346478,16.552473,69.04102,-8.530523,-7.917547,-10.758838
893,13.521188735961914,631.0188598632812,76.78767395019531,-6.643838696786122,-7.642950663992525,105.32403977895042,-11.028003,24.887865,11.796681,75.230675,-9.013824,0.3886657,6.405669,6.99681,-18.118933,6.7436714,-9.855102,-0.98784477,-2.6363144,6.440882,14.385056,-6.513902,19.556875,-28.728352,62.85383,24.878704,-17.16534,25.707207,-6.057048,-15.839184,16.53318,68.786736,-9.1876955,-7.7852883,-10.600828
894,13.509013175964355,631.439208984375,76.84017181396484,-6.436032774616164,-7.690342836414327,104.99274767711564,-11.805439,24.962275,12.658903,74.803505,-9.858005,1.2750313,6.7584157,6.925192,-17.754168,6.7558317,-10.079742,-1.0003601,-1.9947784,6.2422595,14.624455,-5.6897364,19.544703,-28.093473,63.236355,24.604664,-16.970314,25.618784,-7.6302857,-16.326864,16.399555,68.53006,-9.7997055,-7.640985,-10.393902
895,13.489425659179688,631.8579711914062,76.89517974853516,-6.202675635420108,-7.737961448220577,104.64576171788778,-12.52785,24.862751,13.4648285,74.1193,-10.618589,2.0209064,7.1096225,6.8190236,-17.376202,6.7689614,-10.297275,-0.99660504,-1.3569432,6.024339,14.855782,-4.854474,19.515272,-27.430393,63.61842,24.322737,-16.772373,25.507238,-9.169568,-16.808496,16.173256,68.25126,-10.3429,-7.4955907,-10.166141
896,13.464814186096191,632.2700805664062,76.95008850097656,-5.96109297797172,-7.774251628274955,104.30637818843395,-13.212935,24.606827,14.1728,73.1897,-11.317452,2.596693,7.449366,6.693162,-17.008873,6.7829623,-10.508178,-1.0048295,-0.735005,5.803663,15.065778,-4.0250416,19.476622,-26.788115,64.01038,24.053963,-16.569618,25.365734,-10.647754,-17.280445,15.872966,67.92713,-10.792033,-7.3587575,-9.946127
897,13.439581871032715,632.6761474609375,77.01113891601562,-5.703716576056448,-7.804207925360609,103.97699190136206,-13.858482,24.166176,14.765919,71.99794,-11.974434,2.9803903,7.781581,6.5386395,-16.653997,6.7978573,-10.707233,-1.0264614,-0.13134882,5.5726,15.2620125,-3.1961272,19.4345,-26.152094,64.3987,23.810669,-16.35545,25.179924,-12.063868,-17.739178,15.461611,67.55409,-11.145925,-7.221318,-9.720839
898,13.40775203704834,633.0923461914062,77.07249450683594,-5.426299734679198,-7.831356715796327,103.64592535819278,-14.457763,23.55057,15.269718,70.5406,-12.567591,3.1997805,8.108426,6.3515253,-16.300234,6.8153167,-10.897322,-1.0473834,0.46142226,5.324291,15.449397,-2.357454,19.390472,-25.505901,64.77625,23.577518,-16.132294,24.956703,-13.439901,-18.186531,14.945751,67.1515,-11.413118,-7.0808783,-9.484234
899,13.374079704284668,633.5067749023438,77.1295166015625,-5.147813044757333,-7.84301793908044,103.3150572263192,-15.018904,22.833221,15.70792,68.84524,-13.05414,3.3007448,8.418186,6.1533036,-15.95039,6.83187,-11.086058,-1.0722911,1.0441554,5.0765214,15.611621,-1.5195407,19.347052,-24.891874,65.16514,23.336044,-15.914628,24.721401,-14.773371,-18.624727,14.393759,66.720695,-11.598111,-6.957145,-9.274606
900,13.329007148742676,633.9251098632812,77.18822479248047,-4.885713994502412,-7.827262982185383,102.98612596119868,-15.549241,22.08643,16.102667,66.93985,-13.394542,3.3257346,8.698628,5.967056,-15.607115,6.8496666,-11.285739,-1.1065423,1.6184733,4.847311,15.730425,-0.69125247,19.307312,-24.352055,65.58269,23.06932,-15.712759,24.497776,-16.060163,-19.056898,13.877475,66.26246,-11.700281,-6.8696656,-9.130735
901,13.277983665466309,634.3445434570312,77.24122619628906,-4.640771555084314,-7.780584868911146,102.66231848411513,-16.061998,21.293873,16.424026,64.814896,-13.579724,3.2768617,8.944458,5.791536,-15.270867,6.8669615,-11.498102,-1.1625792,2.1836536,4.635175,15.804492,0.11898274,19.275576,-23.9047,66.03695,22.766624,-15.524674,24.293175,-17.299852,-19.487272,13.397393,65.77158,-11.67063,-6.823028,-9.066268
902,13.225788116455078,634.7583618164062,77.28199005126953,-4.405167795875432,-7.7102338536188,102.34138815693947,-16.545666,20.437208,16.669777,62.460224,-13.633191,3.1412606,9.163819,5.619063,-14.939455,6.8837357,-11.717883,-1.2343405,2.7408767,4.434444,15.84335,0.91936207,19.252972,-23.524826,66.51245,22.439386,-15.345388,24.093647,-18.492828,-19.915474,12.9172125,65.24805,-11.524118,-6.809064,-9.05975
903,13.180039405822754,635.185791015625,77.3187255859375,-4.186423750744657,-7.618506446293759,102.01782275508002,-16.969128,19.576984,16.90638,59.89597,-13.560614,2.9347577,9.362629,5.459649,-14.611713,6.902267,-11.942016,-1.2994865,3.2902079,4.25127,15.845468,1.7186233,19.237335,-23.191849,67.00489,22.099436,-15.185557,23.893848,-19.635506,-20.339045,12.459423,64.688896,-11.354065,-6.818512,-9.097231
904,13.123449325561523,635.612548828125,77.34772491455078,-3.9948358149107244,-7.5073693973985085,101.68690663909734,-17.305906,18.770441,17.19947,57.139896,-13.366656,2.6704478,9.55103,5.3247137,-14.286222,6.9191723,-12.166038,-1.3355052,3.8299708,4.0915513,15.808547,2.527807,19.223755,-22.881104,67.50921,21.762308,-15.055496,23.688725,-20.73313,-20.755312,12.05809,64.10311,-11.243043,-6.8450966,-9.166344
905,13.051218032836914,636.0484619140625,77.37076568603516,-3.829532085761314,-7.374180123583252,101.3579967376097,-17.567509,18.013588,17.53181,54.175724,-13.027762,2.3619876,9.728998,5.2132463,-13.976359,6.933775,-12.388027,-1.3336378,4.350972,3.9521723,15.726038,3.338791,19.211145,-22.600424,68.04473,21.434061,-14.967484,23.477648,-21.783085,-21.163713,11.715822,63.490913,-11.190683,-6.8956294,-9.281103
906,12.980281829833984,636.4932250976562,77.37982177734375,-3.687034061155491,-7.219026761272264,101.03021685301225,-17.761633,17.278944,17.876066,50.99469,-12.548842,1.9988934,9.892478,5.120573,-13.678203,6.9464803,-12.609795,-1.3070403,4.855434,3.8309965,15.600922,4.147214,19.199614,-22.357267,68.60994,21.106583,-14.912486,23.262892,-22.783703,-21.56439,11.415698,62.84704,-11.15896,-6.969957,-9.443377
907,12.905997276306152,636.9468994140625,77.38359069824219,-3.5694839710011106,-7.048234028397667,100.68280103296577,-17.85991,16.586405,18.281372,47.624172,-11.971467,1.55364,10.042672,5.051168,-13.365686,6.9596643,-12.835571,-1.2659223,5.357284,3.73283,15.44104,4.9699693,19.18487,-22.127394,69.1727,20.773716,-14.868828,23.045036,-23.738619,-21.956331,11.162686,62.175415,-11.179737,-7.0547023,-9.624217
908,12.834173202514648,637.3895874023438,77.37894439697266,-3.477882016915217,-6.868821275904162,100.2947701121068,-17.83901,15.959093,18.794693,44.09232,-11.338463,0.9995323,10.182986,5.0105352,-13.012447,6.9716954,-13.066873,-1.2201892,5.8688855,3.6651084,15.255031,5.825609,19.159206,-21.882736,69.70077,20.432287,-14.815311,22.824873,-24.650688,-22.33555,10.961959,61.474705,-11.285282,-7.13177,-9.794208
909,12.737971305847168,637.8504028320312,77.37091827392578,-3.4141004363725806,-6.672757399640452,99.85401778896822,-17.674328,15.422355,19.473385,40.32054,-10.613564,0.29546672,10.299047,4.998481,-12.60788,6.98524,-13.301011,-1.1683141,6.3973727,3.6292977,15.032827,6.7122226,19.118666,-21.639307,70.19566,20.065302,-14.738602,22.602386,-25.525692,-22.703972,10.827415,60.742016,-11.487921,-7.197363,-9.957124
910,12.638190269470215,638.3137817382812,77.35294342041016,-3.377056238742154,-6.460809475679977,99.37303426032612,-17.381031,14.948344,20.27321,36.294483,-9.775334,-0.5348146,10.3959875,5.013454,-12.166517,6.9972377,-13.536676,-1.1056483,6.9356413,3.6243112,14.773328,7.6180997,19.061895,-21.405048,70.6768,19.68204,-14.652935,22.378355,-26.354988,-23.060934,10.747247,59.973244,-11.770921,-7.259696,-10.125124
911,12.539776802062988,638.779052734375,77.32563781738281,-3.3691019060591807,-6.252097911379652,98.86683042456076,-16.99237,14.489905,21.091362,32.1292,-8.885411,-1.4121755,10.498959,5.056321,-11.699003,7.0089703,-13.781985,-1.0370681,7.4707093,3.647832,14.4964695,8.547777,18.986856,-21.139248,71.14074,19.31459,-14.575763,22.156511,-27.142414,-23.40297,10.712509,59.187576,-12.109751,-7.319956,-10.284755
912,12.443014144897461,639.2601318359375,77.28316497802734,-3.396727511453372,-6.065826041324808,98.3500273689099,-16.537615,14.017755,21.824787,27.943808,-8.012187,-2.249482,10.636162,5.131327,-11.215316,7.0195303,-14.045073,-0.96818995,7.9885836,3.7015162,14.223006,9.5071125,18.889685,-20.798883,71.58292,18.995253,-14.52522,21.939308,-27.886446,-23.719408,10.7032,58.399235,-12.492174,-7.3792744,-10.422356
913,12.332235336303711,639.751953125,77.22882843017578,-3.4692716557367267,-5.908345108467929,97.81967136466507,-15.986887,13.555064,22.440687,23.650349,-7.1645803,-3.011742,10.814893,5.2551622,-10.71043,7.0291686,-14.331887,-0.9094156,8.489695,3.7931201,13.952968,10.508818,18.767666,-20.353815,72.002174,18.74499,-14.51584,21.72329,-28.58985,-24.001858,10.719452,57.60855,-12.935523,-7.4308066,-10.54563
914,12.222861289978027,640.249755859375,77.15951538085938,-3.592236249926834,-5.774222602423773,97.26278132182937,-15.306212,13.134153,22.999325,19.17267,-6.28716,-3.7353902,11.024449,5.43418,-10.173763,7.0389295,-14.636586,-0.8573803,8.981522,3.9296246,13.676913,11.552057,18.619505,-19.826752,72.398125,18.543566,-14.535101,21.50825,-29.262472,-24.250206,10.776558,56.818806,-13.4396305,-7.4760275,-10.660515
915,12.104042053222656,640.75439453125,77.07563018798828,-3.7679182728303084,-5.66676271800901,96.67428225865316,-14.517686,12.760676,23.539639,14.650753,-5.3658543,-4.433148,11.267463,5.6653414,-9.602353,7.0462356,-14.948707,-0.7998516,9.467715,4.120728,13.398975,12.623539,18.443523,-19.255993,72.76775,18.362625,-14.560622,21.302559,-29.907583,-24.466238,10.8733425,56.04778,-13.965552,-7.529246,-10.749682
916,11.975264549255371,641.2686767578125,76.9741439819336,-4.005035584111034,-5.588672548206918,96.04706466597331,-13.657668,12.453473,24.098587,10.256644,-4.403184,-5.1206355,11.545384,5.95341,-8.990946,7.048446,-15.2572565,-0.72654134,9.9541445,4.3827844,13.120887,13.710434,18.239225,-18.68028,73.11183,18.17482,-14.572657,21.116455,-30.530682,-24.655615,11.012232,55.315376,-14.472512,-7.604966,-10.795247
917,11.844544410705566,641.806640625,76.84552001953125,-4.316059689730229,-5.541023757419351,95.36944610251392,-13.146705,12.402044,24.633705,6.910986,-3.886485,-5.7827973,11.859683,6.3151913,-8.329194,7.0466757,-15.567287,-0.62701494,10.451933,4.737367,12.833824,14.8295765,18.004538,-18.091503,73.40724,17.978043,-14.557569,20.954002,-31.126759,-24.82371,11.188219,54.601852,-14.966417,-7.6953945,-10.7674465
918,11.688335418701172,642.3343505859375,76.71257019042969,-4.681485769704044,-5.510471524733477,94.6645005054763,-13.889501,13.03219,24.904783,6.6391597,-4.9304876,-6.4033027,12.198629,6.7211328,-7.6379843,7.044055,-15.8859005,-0.5033446,10.944664,5.1541986,12.5335045,15.969717,17.739605,-17.478077,73.66868,17.786938,-14.530209,20.811073,-31.687263,-24.970556,11.395393,53.89498,-15.461565,-7.797936,-10.684859
919,11.53543472290039,642.8590698242188,76.58972930908203,-4.985772809487737,-5.481987598319366,93.98945773890766,-14.617237,13.658683,25.122023,6.6307263,-6.0230484,-6.9867854,12.544272,7.033194,-6.9747996,7.046522,-16.2077,-0.35832962,11.383522,5.5029225,12.252301,17.070938,17.452038,-16.87653,73.943184,17.593811,-14.501982,20.681284,-32.207672,-25.090918,11.62927,53.218666,-15.932619,-7.934936,-10.603937
920,11.376913070678711,643.3837280273438,76.4781723022461,-5.247413859775332,-5.459350678659383,93.34518204932937,-15.178211,14.240941,25.252722,6.6221833,-6.9746013,-7.60304,12.894341,7.2784944,-6.336382,7.0487466,-16.513975,-0.22472197,11.769097,5.797557,11.997261,18.117025,17.150557,-16.317125,74.25016,17.394464,-14.483768,20.555191,-32.7036,-25.185007,11.906028,52.625706,-16.34608,-8.127618,-10.572747
921,11.219717979431152,643.8955078125,76.36994171142578,-5.51198363279436,-5.445980341054682,92.71549142374414,-15.589293,14.7743025,25.224155,6.612846,-7.875151,-8.405847,13.249274,7.5147786,-5.7050724,7.0534196,-16.80663,-0.11246047,12.110432,6.0843124,11.769438,19.118792,16.839071,-15.783433,74.58925,17.213179,-14.481314,20.43569,-33.18873,-25.253407,12.2320175,52.120003,-16.669605,-8.411639,-10.580073
922,11.056022644042969,644.404052734375,76.26138305664062,-5.787046510088036,-5.441705015691665,92.09473328724776,-15.869769,15.2476845,25.105818,6.593884,-8.711405,-9.346828,13.614515,7.751782,-5.077244,7.056118,-17.09016,-0.009427226,12.413132,6.372267,11.560126,20.093164,16.518179,-15.262566,74.94089,17.045292,-14.487833,20.324589,-33.657574,-25.297205,12.602241,51.683178,-16.924618,-8.765178,-10.606925
923,10.893230438232422,644.9347534179688,76.15042114257812,-6.009468752463951,-5.432952291283059,91.51780063111008,-16.006699,15.623517,25.036917,6.5721464,-9.281836,-10.201296,13.978082,7.9135165,-4.493129,7.0595603,-17.361174,0.096125804,12.66027,6.600317,11.365594,21.008545,16.19139,-14.805261,75.31054,16.832575,-14.496312,20.210646,-34.071003,-25.309654,12.978981,51.30838,-17.18922,-9.123264,-10.690084
924,10.742033958435059,645.4782104492188,76.05086517333984,-6.1175586989574136,-5.404238589219086,91.02046343260723,-15.98201,15.869218,25.13569,6.5498047,-9.375373,-10.740533,14.330191,7.9234066,-3.9946723,7.0665274,-17.619772,0.2159909,12.833256,6.703768,11.180654,21.83926,15.867138,-14.455292,75.69905,16.52084,-14.49886,20.08236,-34.398132,-25.28684,13.338406,50.996914,-17.527273,-9.420516,-10.867932
925,10.585098266601562,646.0164794921875,75.98031616210938,-6.085522827107545,-5.345137252909457,90.63616823523036,-15.751671,15.938944,25.35855,6.536082,-8.810735,-10.879086,14.664067,7.7466583,-3.6156232,7.0790367,-17.876602,0.36113623,12.902765,6.651141,11.012973,22.570158,15.55791,-14.271875,76.11412,16.046198,-14.495886,19.932013,-34.63502,-25.220919,13.663654,50.755272,-17.955193,-9.658536,-11.184064
926,10.400569915771484,646.5426025390625,75.95647430419922,-5.949590838805536,-5.265752314303609,90.33838478378902,-15.336123,15.859674,25.662773,6.523,-7.734201,-10.746272,14.989554,7.429125,-3.3307042,7.0955906,-18.130352,0.5246929,12.890403,6.4777393,10.864211,23.22269,15.269365,-14.2128935,76.54634,15.454393,-14.489588,19.76461,-34.786545,-25.109674,13.953965,50.575077,-18.452127,-9.863865,-11.606816
927,10.218951225280762,647.073486328125,75.94061279296875,-5.734766568512874,-5.181759311248589,90.07498643920668,-14.825944,15.711681,26.156565,6.5119033,-6.43649,-10.428664,15.317119,7.0086017,-3.0961022,7.1140785,-18.35846,0.6923896,12.844172,6.213778,10.725209,23.821844,14.996408,-14.172572,76.97661,14.846255,-14.476728,19.589428,-34.86007,-24.970356,14.248648,50.450512,-18.987503,-10.007503,-12.063348
928,10.026863098144531,647.6179809570312,75.92620849609375,-5.473623800804819,-5.1059354705944715,89.7958329780373,-14.316674,15.57119,26.944237,6.5052667,-5.2056265,-10.021334,15.654665,6.524539,-2.8681254,7.1319585,-18.538572,0.8489184,12.822425,5.907415,10.583747,24.376423,14.721391,-14.063742,77.39722,14.323312,-14.454843,19.416784,-34.809963,-24.806746,14.512068,50.33446,-19.607489,-10.062675,-12.472722
929,9.821004867553711,648.1651611328125,75.93928527832031,-5.149154630052583,-5.0413994171327765,89.51240399561603,-13.807203,15.452454,28.230797,6.5038624,-4.0552096,-9.473468,16.002426,5.9524875,-2.6558378,7.1588936,-18.685286,0.9859293,12.813013,5.541988,10.4492855,24.879145,14.430882,-13.864073,77.82542,13.910056,-14.425713,19.247488,-34.649166,-24.629322,14.771302,50.23419,-20.336826,-9.993075,-12.841354
930,9.60901165008545,648.7288208007812,75.96717071533203,-4.74356652182385,-4.989316738219311,89.2452627701028,-13.249135,15.30234,29.910902,6.5134544,-2.8621945,-8.749013,16.34048,5.2694397,-2.482186,7.2439404,-18.831333,1.1129876,12.790208,5.102891,10.33535,25.319113,14.12188,-13.623382,78.26838,13.55431,-14.388592,19.080229,-34.39349,-24.440754,15.037072,50.166557,-21.14682,-9.821704,-13.198513
931,9.401630401611328,649.3006591796875,75.98946380615234,-4.294378619841186,-4.942661033612699,88.94651697782054,-12.670991,15.096704,31.626482,6.530391,-1.701743,-7.9854903,16.673243,4.5209866,-2.3052,7.3439436,-18.923893,1.2416681,12.793536,4.630914,10.218864,25.715866,13.797839,-13.337472,78.69512,13.254933,-14.342802,18.922306,-34.04478,-24.239178,15.309591,50.13364,-21.937782,-9.612561,-13.503528
932,9.1864652633667,649.8802490234375,76.01033020019531,-3.846665433774291,-4.896817763128509,88.57657605834005,-12.108458,14.825298,32.998875,6.5475235,-0.63041455,-7.334716,16.98713,3.7655954,-2.093484,7.458174,-18.937159,1.3832332,12.846998,4.1697607,10.078247,26.097494,13.466902,-12.998866,79.065094,13.004979,-14.284401,18.7797,-33.631954,-24.031252,15.628357,50.158043,-22.572319,-9.431437,-13.722042
933,8.967738151550293,650.4763793945312,76.03755950927734,-3.423022036521635,-4.838609038292556,88.10366975870038,-11.595962,14.500103,33.870266,6.5568786,0.4515312,-6.8731737,16.763742,3.010997,-1.8587247,8.655319,-19.43583,1.5305662,12.982781,3.7375805,9.888497,26.481184,13.129024,-12.587198,79.365776,12.823888,-14.214148,18.660236,-33.124924,-23.811811,15.969712,50.213932,-23.056345,-9.286969,-13.832879
934,8.735981941223145,651.0722045898438,76.0689697265625,-2.994582722651882,-4.768811910426871,87.55149429271454,-11.114464,14.122375,34.459587,6.557827,1.5500258,-6.527567,16.34963,2.2379384,-1.580608,10.205628,-20.044954,1.678858,13.182945,3.3059504,9.663975,26.852158,12.782666,-12.111781,79.615814,12.708069,-14.133965,18.557316,-32.51989,-23.57562,16.319084,50.30073,-23.458609,-9.149992,-13.8587
935,8.496345520019531,651.67333984375,76.11568450927734,-2.5499638945903667,-4.703122418304864,86.96697344903386,-10.733142,13.760831,34.91293,6.8352547,2.3221629,-6.2250466,15.923976,1.4358133,-1.2588966,11.762018,-20.567638,1.8459715,13.3993,2.8679326,9.438627,27.184084,12.434535,-11.623207,79.82778,12.609107,-14.044234,18.455778,-31.866392,-23.331114,16.711744,50.462543,-23.745502,-9.03105,-13.830989
936,8.2554349899292,652.2759399414062,76.16913604736328,-2.075378280209327,-4.65829205294077,86.39748826021062,-10.312259,13.34416,35.429924,7.1671987,2.6851656,-5.8741817,15.498839,0.58794487,-0.9060165,13.335571,-20.996227,2.0525138,13.5984335,2.427196,9.247536,27.44,12.092536,-11.185434,80.01914,12.480839,-13.944793,18.339577,-31.160772,-23.07424,17.10752,50.701633,-23.953802,-8.941357,-13.774491
937,8.001273155212402,652.8781127929688,76.23221588134766,-1.5411869040351323,-4.642602842365823,85.84108518045555,-9.722867,12.767222,36.068768,7.316382,2.6226597,-5.391146,15.094956,-0.33849484,-0.5123582,14.915879,-21.329248,2.3181026,13.784434,1.9560416,9.100571,27.620924,11.764154,-10.793711,80.18478,12.316136,-13.8307085,18.20345,-30.40311,-22.814138,17.515875,51.026566,-24.046497,-8.895,-13.702468
938,7.739306926727295,653.4779663085938,76.30746459960938,-0.9669595666148704,-4.6437938929779286,85.27987915566504,-9.008988,12.055256,36.72077,7.303556,2.2546391,-4.840219,14.708897,-1.3161026,-0.07682927,16.484592,-21.562014,2.6294098,13.976753,1.4679998,8.977663,27.73841,11.45054,-10.4291725,80.326675,12.135421,-13.709384,18.0556,-29.573933,-22.552874,17.93048,51.41518,-24.032307,-8.88302,-13.597312
939,7.477494239807129,654.0794677734375,76.38813018798828,-0.41321632473720304,-4.650213401513165,84.73933366376448,-8.230216,11.294015,37.347855,7.151659,1.7754964,-4.3473525,14.332987,-2.269303,0.37053525,18.015371,-21.675419,2.9593906,14.146995,1.0145359,8.864432,27.796295,11.155754,-10.113823,80.43361,11.934227,-13.579349,17.896957,-28.705662,-22.290205,18.372738,51.877697,-23.937653,-8.879896,-13.44608
940,7.2211480140686035,654.66796875,76.47044372558594,0.06046487955454079,-4.652144988960866,84.24590104176607,-7.4492736,10.570974,37.922104,6.893436,1.3794708,-4.0351334,13.946149,-3.1264453,0.79688525,19.51488,-21.660149,3.281312,14.2641535,0.63932186,8.747854,27.78901,10.884135,-9.863619,80.52275,11.710133,-13.458499,17.732279,-27.838615,-22.029268,18.876238,52.429527,-23.7767,-8.859773,-13.237242
941,6.962937355041504,655.2423095703125,76.54793548583984,0.42174328370230546,-4.6538414713586365,83.81965159113051,-6.6607666,9.915105,38.43229,6.5081415,1.0920516,-3.9898496,13.562149,-3.8447309,1.1771095,20.968193,-21.498291,3.5821202,14.312196,0.37126455,8.623463,27.704762,10.638665,-9.685448,80.607864,11.457225,-13.34493,17.55158,-26.963295,-21.770786,19.445908,53.081753,-23.539892,-8.824364,-12.973601
942,6.699903964996338,655.8082275390625,76.62151336669922,0.6987776057703908,-4.659186187597158,83.44866460171355,-6.0057807,9.427184,38.859108,6.4380665,0.5897093,-4.13612,13.189537,-4.4568563,1.5211923,22.37738,-21.203548,3.8828022,14.303618,0.18702437,8.492572,27.548761,10.418887,-9.566926,80.6804,11.178743,-13.233586,17.356113,-26.06415,-21.518127,20.068094,53.824665,-23.221577,-8.783305,-12.660411
943,6.445783615112305,656.3624267578125,76.69065856933594,0.92646973582957,-4.658863888030546,83.11083211959654,-5.3824944,8.986591,39.24095,6.3848042,0.07757425,-4.338416,12.789369,-5.006751,1.8514422,23.794374,-20.815256,4.2082524,14.256145,0.05701957,8.353715,27.336887,10.221101,-9.505869,80.719986,10.882218,-13.132442,17.16607,-25.149979,-21.27272,20.722757,54.625847,-22.858608,-8.723181,-12.287506
944,6.195498466491699,656.9083862304688,76.75220489501953,1.1415973337035779,-4.644846735276171,82.78220826453871,-4.797838,8.553151,39.594173,6.3346,-0.39321047,-4.4609914,12.328364,-5.5399666,2.1949902,25.258572,-20.370993,4.582889,14.188172,-0.04877082,8.20732,27.086737,10.040266,-9.502636,80.703926,10.5723095,-13.048213,17.001444,-24.229982,-21.034222,21.388876,55.453568,-22.491684,-8.630573,-11.844892
945,5.9438557624816895,657.4464111328125,76.80889129638672,1.3374836658723557,-4.611541145680809,82.45521632950167,-4.2618046,8.1325655,39.91672,6.2878523,-0.82137334,-4.499052,11.791788,-6.0382643,2.5714405,26.78905,-19.876421,4.9909916,14.1050625,-0.11565704,8.040216,26.799612,9.872001,-9.57483,80.62876,10.236684,-12.982705,16.861488,-23.307306,-20.802002,22.07256,56.32583,-22.12852,-8.490233,-11.322811
946,5.679818153381348,657.9784545898438,76.85578918457031,1.4977731493786821,-4.567079618698873,82.14337791622954,-3.7661016,7.7368364,40.203808,6.2441063,-1.2280608,-4.5118866,11.199341,-6.482423,2.9616833,28.367804,-19.318836,5.434654,13.994939,-0.13302264,7.8571744,26.470798,9.716317,-9.716656,80.49609,9.87659,-12.92428,16.73721,-22.374472,-20.577377,22.779608,57.25191,-21.75259,-8.311723,-10.7301445
947,5.422163963317871,658.4949951171875,76.89610290527344,1.6524308878721843,-4.5237121942076275,81.85158624227203,-3.2962925,7.3361745,40.464874,6.2012377,-1.6054866,-4.4579697,10.577077,-6.918129,3.340704,29.970705,-18.705463,5.963101,13.853206,-0.14041567,7.689747,26.09511,9.576034,-9.881,80.331184,9.526741,-12.889669,16.640314,-21.439312,-20.36599,23.503887,58.194035,-21.350336,-8.119149,-10.084956
948,5.164949893951416,659.0018920898438,76.9263916015625,1.8287170874515366,-4.493784243875889,81.58470606057936,-2.8380187,6.9020605,40.708267,6.1606755,-1.9486614,-4.2964664,9.949913,-7.392102,3.686202,31.574331,-18.046558,6.623472,13.677169,-0.17563158,7.5673676,25.679325,9.456435,-10.027006,80.126434,9.218974,-12.8741255,16.578623,-20.510138,-20.174362,24.239538,59.114,-20.907576,-7.9362345,-9.403908
949,4.917298793792725,659.49853515625,76.94546508789062,2.0336223922580605,-4.4757145005528205,81.34004169889445,-2.3976672,6.4235115,40.933475,6.122745,-2.2413783,-3.9827006,9.303996,-7.9109287,4.013922,33.202827,-17.342794,7.429205,13.468429,-0.24819937,7.4902353,25.229172,9.356827,-10.13206,79.87458,8.974673,-12.881239,16.554548,-19.589815,-20.007061,24.993969,60.00083,-20.387718,-7.7613235,-8.652888
950,4.655834674835205,659.9874267578125,76.95272064208984,2.252259275837677,-4.466002653755796,81.11543497342305,-1.978571,5.9159336,41.136707,6.0849533,-2.4902227,-3.5486174,8.633864,-8.443746,4.334891,34.862297,-16.599352,8.362093,13.230095,-0.33595467,7.445662,24.741251,9.275726,-10.223918,79.57638,8.772458,-12.909097,16.562622,-18.675913,-19.863964,25.769073,60.873756,-19.807608,-7.581324,-7.834902
951,4.410918712615967,660.457763671875,76.9554443359375,2.47771168410473,-4.473751271323972,80.91619723314115,-1.5625058,5.3931036,41.31961,6.0456004,-2.7240348,-3.0702567,7.968665,-8.986419,4.622489,36.5231,-15.8349,9.414865,12.965188,-0.4311577,7.4459047,24.201622,9.21909,-10.337187,79.24793,8.581778,-12.953759,16.597984,-17.770224,-19.742996,26.5486,61.73842,-19.23049,-7.4048305,-7.0213985
952,4.169922351837158,660.915283203125,76.95210266113281,2.7033328993970667,-4.507532314145713,80.74766327953414,-1.1331885,4.8693123,41.483913,6.002606,-2.9697087,-2.623034,7.3332953,-9.539753,4.849695,38.161,-15.066376,10.57276,12.679265,-0.5277535,7.5023828,23.597645,9.196909,-10.510905,78.90139,8.369287,-13.008896,16.654152,-16.868881,-19.640461,27.307503,62.596878,-18.725098,-7.243543,-6.2831206
953,3.938175678253174,661.349365234375,76.94026947021484,2.9339129987087436,-4.565653213096905,80.60730410939958,-0.6927354,4.33739,41.639072,5.954,-3.2269292,-2.1894743,6.719559,-10.110969,5.028387,39.78423,-14.296342,11.8775015,12.384952,-0.63370174,7.6182456,22.92259,9.215164,-10.765058,78.531944,8.102196,-13.0714,16.733635,-15.9700575,-19.564411,28.063126,63.438248,-18.292603,-7.1050243,-5.595431
954,3.7172276973724365,661.7775268554688,76.92230224609375,3.168964820416587,-4.64531360760395,80.4931681766088,-0.24849612,3.7934506,41.78098,5.9015617,-3.4832342,-1.7411655,6.111419,-10.6970625,5.1726017,41.4171,-13.525001,13.315565,12.0806265,-0.7479096,7.7872863,22.180113,9.2652235,-11.080801,78.138435,7.8070426,-13.145181,16.838005,-15.076675,-19.516127,28.814505,64.263374,-17.904787,-6.983459,-4.932867
955,3.5124316215515137,662.1945190429688,76.90000915527344,3.3991255699184144,-4.751383355188439,80.41206711307896,0.2087002,3.256801,41.891834,5.847333,-3.7468781,-1.3382385,5.5183783,-11.284581,5.255084,43.057053,-12.755667,14.781666,11.743788,-0.86221325,8.002886,21.389553,9.354571,-11.4371,77.72636,7.530021,-13.238459,16.95165,-14.193901,-19.470816,29.533958,65.096054,-17.565248,-6.8734703,-4.3682346
956,3.332707405090332,662.59375,76.88025665283203,3.530797179626526,-4.888672322340965,80.34692996942803,0.6732226,2.8856037,41.95721,5.850801,-4.0356016,-1.070343,4.9592633,-11.741345,5.052006,44.646,-11.9333725,15.000033,11.406399,-0.9067311,8.257753,20.535223,9.503049,-11.832569,77.31841,7.318828,-13.358364,17.06115,-13.291041,-19.412163,30.135998,65.924545,-17.29876,-6.7718987,-3.9711306
957,3.1753485202789307,662.9644775390625,76.85658264160156,3.616823124611682,-5.065356776188619,80.31237677029642,1.1674602,2.5940795,41.979923,5.876044,-4.3595505,-0.9599,4.429799,-12.202125,4.6576233,46.224106,-11.017828,15.000033,11.05689,-0.91581005,8.574311,19.599192,9.704236,-12.291872,76.91528,7.1425824,-13.505896,17.147406,-12.369303,-19.341305,30.628683,66.75923,-17.121346,-6.69327,-3.774831
958,3.0261099338531494,663.323486328125,76.8344955444336,3.6955232639044,-5.274327348177561,80.31104007239726,1.6867028,2.315929,41.97219,5.898894,-4.706591,-0.9542602,3.908144,-12.725436,4.1275697,47.82571,-10.046701,15.000033,10.690107,-0.9316174,8.948262,18.596975,9.958647,-12.813645,76.501656,6.9888453,-13.677402,17.21999,-11.436619,-19.255686,31.04178,67.60106,-17.017324,-6.636634,-3.736513
959,2.888357639312744,663.6827392578125,76.81392669677734,3.768329613380119,-5.496460218550338,80.33362465459304,2.2104292,2.0413046,41.941086,5.913568,-5.052959,-0.9863261,3.3744328,-13.305255,3.5211418,49.437225,-9.140921,15.000033,10.310437,-0.9571882,9.343768,17.562227,10.258496,-13.356669,76.091934,6.936981,-13.872894,17.321478,-10.4846,-19.149689,31.33457,68.44098,-16.971905,-6.5775433,-3.809437
960,2.760869264602661,664.0320434570312,76.7890396118164,3.8409817434782707,-5.714354665335377,80.3734552260064,2.7210193,1.7582744,41.88932,5.91036,-5.370925,-0.9887103,2.8172936,-13.92402,2.9083076,51.032265,-8.418942,15.000033,9.917278,-0.99561423,9.726414,16.529343,10.594664,-13.87886,75.70167,7.0676346,-14.091115,17.497168,-9.5085745,-19.018255,31.475939,69.27056,-16.961866,-6.4878945,-3.9465744
961,2.627629041671753,664.366943359375,76.76670837402344,3.921429735065314,-5.939793560815651,80.43966954301338,3.2295346,1.4550021,41.80472,5.891679,-5.659804,-0.94651794,2.2496765,-14.589043,2.319256,52.634228,-7.8738604,15.000033,9.498465,-1.0512774,10.110676,15.497358,10.966491,-14.382371,75.333405,7.452114,-14.326408,17.764542,-8.508668,-18.85581,31.47321,70.10514,-17.022425,-6.362093,-4.168077
962,2.5019192695617676,664.6972045898438,76.74286651611328,4.007144696951427,-6.178782075749391,80.53816401716095,3.74436,1.1366644,41.683903,5.8556023,-5.9288526,-0.89409536,1.6858755,-15.299611,1.7379441,54.2318,-7.4488177,15.000033,9.050161,-1.1248963,10.5067005,14.45293,11.374163,-14.887649,74.97857,8.033454,-14.576111,18.100754,-7.4882526,-18.659178,31.345877,70.94879,-17.147612,-6.21364,-4.488288
963,2.3769495487213135,665.0255737304688,76.71891021728516,4.085120070318748,-6.40703721095568,80.6594066636476,4.241233,0.8259039,41.53923,5.8107657,-6.18108,-0.8411998,1.1172777,-16.02207,1.1683167,55.753754,-7.1962485,15.000033,8.579011,-1.2093663,10.876568,13.404492,11.809228,-15.378116,74.64965,8.697129,-14.850426,18.493608,-6.444127,-18.427979,31.067797,71.7744,-17.271095,-6.046095,-4.851907
964,2.269373655319214,665.3438110351562,76.70736694335938,4.14166588251213,-6.600058748257139,80.79313233640327,4.696414,0.5428313,41.385094,5.7590866,-6.415139,-0.7967916,0.53561294,-16.729424,0.6092148,57.127903,-7.1718435,15.000033,8.092106,-1.2931131,11.182573,12.363817,12.26119,-15.834394,74.34859,9.330442,-15.152776,18.93081,-5.3732295,-18.163694,30.617384,72.553604,-17.322594,-5.8643875,-5.204199
965,2.1591811180114746,665.65478515625,76.70433807373047,4.179543819426251,-6.760490619545898,80.94001311292305,5.1131973,0.28544772,41.220695,5.7052326,-6.6358914,-0.76323617,-0.05660255,-17.424135,0.06562113,58.363056,-7.475459,15.000033,7.584036,-1.3704269,11.423073,11.330287,12.727019,-16.25675,74.091156,9.928681,-15.512957,19.433445,-4.256501,-17.859283,29.949295,73.27584,-17.310383,-5.6542273,-5.583063
966,2.0674617290496826,665.9683227539062,76.71047973632812,4.203380102646034,-6.900830055513952,81.10957981092427,5.5029845,0.045319125,41.035194,5.645261,-6.8404512,-0.7355978,-0.649902,-18.119507,-0.4641291,59.488396,-8.056528,15.000033,7.0483847,-1.4437699,11.617592,10.294721,13.210671,-16.654179,73.87582,10.546285,-15.916384,20.004309,-3.101425,-17.509378,29.088942,73.95637,-17.26478,-5.4191723,-6.000253
967,1.9609318971633911,666.2738037109375,76.72128295898438,4.203716693399168,-7.010531084093952,81.30219885986016,5.847931,-0.16051628,40.83148,5.5911336,-7.030407,-0.7132913,-1.2415432,-18.793873,-1.0017751,60.459602,-8.739433,15.000033,6.4917336,-1.5122017,11.760754,9.25644,13.711921,-17.014212,73.68001,11.161143,-16.304548,20.602024,-1.9471508,-17.123058,28.130508,74.60346,-17.13824,-5.190649,-6.3622427
968,1.871131181716919,666.5816040039062,76.74211120605469,4.172027988435579,-7.078175777548958,81.515593698889,6.1311097,-0.31659815,40.61478,5.5498786,-7.2049193,-0.69540775,-1.8342111,-19.423805,-1.5673296,61.23523,-9.345124,15.000033,5.921015,-1.5724987,11.847785,8.213878,14.226602,-17.323675,73.482834,11.74907,-16.621029,21.183662,-0.8321325,-16.721777,27.172125,75.22727,-16.87927,-5.004197,-6.577019
969,1.7975112199783325,666.8782958984375,76.77192687988281,4.095781769544381,-7.091355284665846,81.75177716074163,6.336293,-0.40768176,40.386982,5.5235977,-7.3644753,-0.6849988,-2.4365468,-20.009413,-2.206202,61.79711,-9.836074,15.000033,5.3296294,-1.6068347,11.867216,7.159347,14.750662,-17.574718,73.27936,12.281557,-16.84529,21.739998,0.25613686,-16.319529,26.181581,75.80207,-16.448069,-4.856695,-6.6256146
970,1.7203444242477417,667.16357421875,76.80995178222656,3.981622303401007,-7.060003818820271,82.01046906091685,6.478212,-0.44529176,40.146423,5.5079293,-7.509561,-0.681852,-3.0389705,-20.559036,-2.9070609,62.17,-10.308591,15.000033,4.7172136,-1.6130711,11.831158,6.092813,15.28321,-17.775736,73.08069,12.777358,-17.011003,22.291407,1.3408777,-15.917161,25.12343,76.31429,-15.879673,-4.7346935,-6.5535555
971,1.645923376083374,667.4312133789062,76.85040283203125,3.8534138954400885,-7.004786300140463,82.28324437307992,6.5837116,-0.4567002,39.895435,5.495079,-7.63409,-0.67903817,-3.6256223,-21.060213,-3.598727,62.378304,-10.777734,15.000033,4.100321,-1.6149629,11.766459,5.0279317,15.822899,-17.934557,72.88716,13.286048,-17.140032,22.838123,2.4062927,-15.52167,24.091562,76.77242,-15.234227,-4.6405396,-6.3616476
972,1.6069637537002563,667.6887817382812,76.90666198730469,3.6746332261504397,-6.92797691460832,82.503504075322,6.6604924,-0.36763632,39.688805,5.513271,-7.742623,-0.6939333,-4.2179594,-21.46475,-4.3278294,62.42382,-11.228213,14.507553,3.5477989,-1.5827663,11.684301,3.9746003,16.367737,-18.055662,72.70257,13.856496,-17.254414,23.382215,3.4306912,-15.142172,23.183378,77.18733,-14.571786,-4.576414,-6.050995
973,1.5795403718948364,667.9536743164062,76.96798706054688,3.5001277066922265,-6.839727739214706,82.72537316383797,6.714798,-0.26766896,39.478317,5.539146,-7.8196397,-0.7034029,-4.7930903,-21.809557,-5.040406,62.32145,-11.69069,13.746458,3.0042713,-1.5734507,11.5906,2.9388945,16.91588,-18.116396,72.53327,14.534399,-17.363287,23.942009,4.4164643,-14.792253,22.408846,77.55649,-13.868203,-4.5417895,-5.576511
974,1.544587254524231,668.2008056640625,77.02458190917969,3.3257788701408386,-6.733848867012985,82.95619662678867,6.739855,-0.16055502,39.260105,5.5690994,-7.8704762,-0.7071413,-5.3548083,-22.08095,-5.6897507,62.062454,-12.158819,13.035459,2.4593189,-1.5742636,11.477847,1.9144384,17.467138,-18.120758,72.37671,15.282988,-17.45256,24.510479,5.377157,-14.477434,21.720562,77.86849,-13.103042,-4.5309186,-4.949949
975,1.5162384510040283,668.4407958984375,77.07683563232422,3.159415315056876,-6.623251486319877,83.18637413527745,6.7562795,-0.05513332,39.042633,5.5990734,-7.915347,-0.7071498,-5.8963685,-22.27421,-6.2370195,61.663055,-12.622726,12.372353,1.922372,-1.5827298,11.3632,0.90506583,18.02064,-18.114868,72.21717,16.030704,-17.508995,25.048851,6.3107414,-14.195525,21.131933,78.12937,-12.340915,-4.539887,-4.257368
976,1.4909120798110962,668.6851196289062,77.11902618408203,3.008721116622814,-6.5208424520959865,83.4066550499198,6.782848,0.040988702,38.834362,5.6257515,-7.9726624,-0.7050992,-6.4136524,-22.38313,-6.6420894,61.14128,-13.073018,11.753351,1.40147,-1.5993134,11.261447,-0.082289845,18.574968,-18.141817,72.03868,16.707169,-17.521437,25.518702,7.2121396,-13.940044,20.655628,78.35218,-11.650515,-4.568978,-3.586458
977,1.4797086715698242,668.9227294921875,77.15851593017578,2.87309409246078,-6.4321728368213105,83.62079193832955,6.823561,0.1283217,38.63118,5.6539145,-8.051747,-0.6970013,-6.9118395,-22.373657,-6.85662,60.4929,-13.498863,11.180381,0.8958924,-1.6292456,11.174743,-1.0515257,19.12876,-18.217958,71.84276,17.309011,-17.47726,25.925867,8.0779,-13.7094555,20.311598,78.54931,-11.012342,-4.633274,-2.9249597
978,1.4666478633880615,669.1343994140625,77.19400024414062,2.749451479235597,-6.349763498026929,83.83161742659051,6.871021,0.20813155,38.431072,5.679775,-8.14025,-0.6834166,-7.394657,-22.26048,-6.9138885,59.71124,-13.903529,10.652294,0.40384975,-1.6722155,11.092627,-2.0037062,19.681389,-18.31855,71.63761,17.870905,-17.38778,26.284262,8.909624,-13.505846,20.084576,78.71887,-10.402192,-4.7285204,-2.2388043
979,1.4652246236801147,669.3648681640625,77.22543334960938,2.6397926454408385,-6.267437780238519,84.02871749389377,6.9188557,0.28101683,38.24457,5.7028875,-8.230058,-0.67301005,-7.850084,-22.106558,-6.8988676,58.807747,-14.301421,10.16107,-0.06954665,-1.7215158,11.013251,-2.9374282,20.23443,-18.439219,71.42258,18.362902,-17.279222,26.568872,9.703045,-13.328707,19.938435,78.85431,-9.880376,-4.8288555,-1.5843215
980,1.4747529029846191,669.6024169921875,77.25212097167969,2.5451156891414923,-6.179295768410799,84.20147210302508,6.961515,0.34606335,38.082726,5.722987,-8.31465,-0.67424846,-8.268525,-21.974634,-6.8956714,57.7952,-14.708578,9.701894,-0.51678866,-1.7714474,10.935902,-3.8485825,20.7899,-18.568304,71.19352,18.76431,-17.17886,26.755028,10.452802,-13.175168,19.834803,78.95157,-9.5088005,-4.912448,-1.019168
981,1.4862350225448608,669.8086547851562,77.27619171142578,2.4648847240537046,-6.078626767481957,84.33746338886125,6.992032,0.40494946,37.958088,5.739653,-8.391605,-0.68991774,-8.664843,-21.866013,-6.9036655,56.669495,-15.134804,9.281092,-0.92851794,-1.8214865,10.857799,-4.7434764,21.350494,-18.699083,70.93828,19.050919,-17.076626,26.802805,11.150155,-13.047088,19.805603,79.00906,-9.329506,-4.982025,-0.5531079
982,1.493513584136963,670.0194091796875,77.28901672363281,2.400441482795858,-5.970250765267938,84.44543675732494,7.0161877,0.45656136,37.86183,5.751085,-8.463741,-0.71534234,-9.038872,-21.74859,-6.886703,55.426346,-15.56762,8.901766,-1.3123443,-1.8761004,10.78107,-5.619191,21.916449,-18.835978,70.65808,19.241163,-16.966234,26.73615,11.797932,-12.946059,19.859694,79.03171,-9.299495,-5.051889,-0.15802366
983,1.5110044479370117,670.2214965820312,77.30228424072266,2.348432170107676,-5.866542856521805,84.5468719766749,7.045703,0.49980387,37.772266,5.759893,-8.534701,-0.74818933,-9.35163,-21.634233,-6.8787785,54.068428,-15.994845,8.556382,-1.6853931,-1.9346448,10.710767,-6.4597754,22.484947,-18.989626,70.37119,19.372385,-16.878971,26.627234,12.413124,-12.864285,19.916357,79.01756,-9.361487,-5.1127863,0.16600156
984,1.5412794351577759,670.4202880859375,77.31649017333984,2.305229027134335,-5.7798916899775845,84.66333550326056,7.0901546,0.5352286,37.667915,5.772305,-8.609142,-0.78664553,-9.566666,-21.53546,-6.912776,52.60041,-16.403423,8.236236,-2.060906,-1.9969779,10.651431,-7.2582135,23.051357,-19.180107,70.10494,19.476381,-16.845499,26.54935,13.01247,-12.78781,19.894133,78.97081,-9.456501,-5.1574106,0.41668037
985,1.5765931606292725,670.6218872070312,77.32799530029297,2.272670594680563,-5.7114349207706665,84.80038070172951,7.152428,0.5596623,37.54466,5.784083,-8.68508,-0.8306321,-9.673143,-21.47745,-7.0263724,51.01417,-16.809685,7.934223,-2.4402585,-2.0652378,10.601701,-8.020797,23.615856,-19.415709,69.87258,19.560198,-16.88488,26.518017,13.600653,-12.707,19.764767,78.8842,-9.612838,-5.180925,0.58431995
986,1.6132086515426636,670.8154296875,77.33491516113281,2.249677969382065,-5.655522648986631,84.94666000887567,7.225749,0.5761894,37.41369,5.796436,-8.761774,-0.88143843,-9.690861,-21.444393,-7.193489,49.309406,-17.213821,7.659604,-2.8115864,-2.1410453,10.558284,-8.758367,24.178478,-19.693535,69.66635,19.603996,-16.976591,26.497347,14.1661415,-12.6209135,19.568493,78.76745,-9.85011,-5.1894484,0.66954064
987,1.6534332036972046,671.011474609375,77.34033966064453,2.236242766504513,-5.613284608175402,85.09806773226798,7.3141665,0.5847782,37.275703,5.807127,-8.840222,-0.9378833,-9.632799,-21.392326,-7.3486676,47.50675,-17.580301,7.4240026,-3.1687684,-2.2233849,10.5232315,-9.4628525,24.731604,-20.00136,69.47566,19.614178,-17.091589,26.48381,14.701773,-12.527112,19.327236,78.645,-10.095574,-5.1869426,0.6871938
988,1.696221113204956,671.2161254882812,77.34144592285156,2.2308261653494914,-5.585790947144557,85.25088126265022,7.4182825,0.58902377,37.1314,5.8210444,-8.923944,-0.99898106,-9.513995,-21.28427,-7.42355,45.628654,-17.873102,7.234531,-3.5050824,-2.3090155,10.497538,-10.134732,25.264711,-20.338947,69.300934,19.587372,-17.200733,26.475554,15.200273,-12.423555,19.066017,78.54315,-10.27209,-5.177536,0.6510372
989,1.7439899444580078,671.4111328125,77.33360290527344,2.2372825814877504,-5.581066513174318,85.40750844593337,7.549244,0.58215326,36.97568,5.83205,-9.013761,-1.0676432,-9.31501,-21.116663,-7.3948164,43.64073,-18.092676,7.1066637,-3.823783,-2.4004285,10.487975,-10.781599,25.775103,-20.728365,69.156555,19.501059,-17.30176,26.475447,15.663098,-12.309909,18.769888,78.46622,-10.379462,-5.152477,0.5279706
990,1.7975460290908813,671.6226806640625,77.32880401611328,2.25385333582384,-5.595997908258501,85.5692436357418,7.7023997,0.56639385,36.80974,5.8440914,-9.11075,-1.1438948,-9.037292,-20.914297,-7.297537,41.548775,-18.257069,7.025052,-4.1248326,-2.4964292,10.490774,-11.406035,26.262838,-21.165592,69.044495,19.364105,-17.407938,26.485197,16.093529,-12.186394,18.429688,78.40162,-10.451816,-5.1119065,0.3221368
991,1.857102870941162,671.8258666992188,77.32316589355469,2.2733567309430724,-5.615688589999832,85.73000303443625,7.8600993,0.5528651,36.64359,5.8571115,-9.205428,-1.2207388,-8.723968,-20.683512,-7.150977,39.42909,-18.352951,6.948653,-4.3979325,-2.5879836,10.4934,-12.0008,26.720324,-21.605087,68.94663,19.22419,-17.51342,26.50182,16.482866,-12.053724,18.076889,78.354225,-10.465762,-5.0761666,0.10189517
992,1.9242165088653564,672.016357421875,77.31819152832031,2.2875448933656806,-5.625321923310422,85.88359826222562,8.005781,0.55121726,36.487564,5.8698626,-9.2891035,-1.2915369,-8.41949,-20.428144,-6.975063,37.36015,-18.36878,6.838488,-4.6337466,-2.6653852,10.482503,-12.551771,27.13578,-21.984417,68.84081,19.144812,-17.612011,26.523035,16.822357,-11.914801,17.744474,78.329994,-10.397597,-5.065916,-0.0644613
993,1.9884148836135864,672.2105102539062,77.3119888305664,2.310793724731357,-5.620170087008632,86.0327791435455,8.132301,0.54471076,36.341705,5.8827243,-9.359194,-1.3462892,-8.115754,-20.181969,-6.814398,35.305775,-18.389849,6.662979,-4.8364534,-2.7383254,10.450107,-13.060677,27.505165,-22.297445,68.737335,19.137032,-17.710648,26.551443,17.116503,-11.773623,17.421906,78.32606,-10.205937,-5.089747,-0.1629074
994,2.0691030025482178,672.4054565429688,77.3150405883789,2.34032078098435,-5.608306919295962,86.1794690201972,8.249933,0.5351452,36.20147,5.8965006,-9.4215975,-1.3916272,-7.7973766,-19.932823,-6.6445866,33.246353,-18.396055,6.4492407,-5.009803,-2.8036516,10.404975,-13.532545,27.829025,-22.565023,68.64536,19.175898,-17.809437,26.588827,17.369646,-11.632352,17.099072,78.336845,-9.913122,-5.1350813,-0.22749905
995,2.1459171772003174,672.5993041992188,77.31544494628906,2.347059621037403,-5.594182961461304,86.3153612376125,8.366228,0.5609103,36.070576,5.9113793,-9.47807,-1.4451547,-7.5036726,-19.614677,-6.3802114,31.29669,-18.220757,6.24283,-5.1462755,-2.831124,10.359515,-13.974389,28.105814,-22.796375,68.55606,19.23865,-17.892612,26.634705,17.570646,-11.494658,16.804579,78.36877,-9.59731,-5.192641,-0.2632377
996,2.227729558944702,672.7997436523438,77.32563018798828,2.300353176522413,-5.58187472986738,86.43236933422939,8.488776,0.66027325,35.952843,5.9298105,-9.53386,-1.5250435,-7.2713995,-19.16691,-5.935204,29.572842,-17.697863,6.0853634,-5.239529,-2.7900665,10.32637,-14.391726,28.33361,-22.997087,68.46022,19.303902,-17.943933,26.688463,17.707827,-11.366029,16.57327,78.42807,-9.331389,-5.252171,-0.27531078
997,2.2999680042266846,673.0009765625,77.33880615234375,2.1604796749586614,-5.578315697582547,86.52962481765168,8.625212,0.88349175,35.84654,5.956504,-9.589399,-1.6440151,-7.1448617,-18.45886,-5.109791,28.08453,-16.580374,5.919854,-5.287773,-2.6359158,10.321942,-14.789036,28.51027,-23.164358,68.35348,19.361115,-17.95684,26.748482,17.782139,-11.249825,16.388943,78.51169,-9.145232,-5.3123574,-0.26035866
998,2.3896069526672363,673.190185546875,77.39533233642578,1.9516831952205067,-5.57861061763317,86.6099514508466,8.770735,1.1981908,35.75176,5.9866486,-9.64224,-1.7901707,-7.093626,-17.570112,-4.008314,26.793407,-15.02822,5.7472224,-5.293301,-2.3927042,10.335177,-15.162724,28.634989,-23.291157,68.24319,19.425236,-17.940344,26.816547,17.801544,-11.146088,16.24335,78.61429,-8.993837,-5.3771906,-0.21638665
999,2.4859461784362793,673.3843994140625,77.45346069335938,1.7449138899436512,-5.570121869016115,86.67160508525387,8.9081745,1.5187894,35.674656,6.019194,-9.694672,-1.9444824,-7.0312696,-16.749613,-3.0007958,25.708904,-13.479732,5.695995,-5.258082,-2.1384237,10.337992,-15.506607,28.710833,-23.380999,68.137344,19.50881,-17.902939,26.896597,17.763334,-11.057401,16.173128,78.74139,-8.848006,-5.4470177,-0.15092188
1000,2.584550619125366,673.5712280273438,77.49541473388672,1.6150309672092984,-5.540441104490546,86.71477463401993,9.026169,1.7516588,35.619274,6.0390286,-9.742161,-2.0866666,-6.8725624,-16.236513,-2.452056,24.817413,-12.363867,5.8839903,-5.1978593,-1.9383384,10.305687,-15.802415,28.729826,-23.42458,68.0335,19.623125,-17.852917,26.992981,17.67949,-11.017789,16.21762,78.871056,-8.676963,-5.521019,-0.061485372
1001,2.693289041519165,673.7593383789062,77.51570129394531,1.6105214669525574,-5.480816925994817,86.74258449614761,9.114456,1.8383428,35.584396,6.0447373,-9.78738,-2.2091818,-6.566019,-16.182566,-2.5957203,24.16367,-11.838851,6.453385,-5.0913997,-1.8716109,10.212977,-16.061382,28.727621,-23.457607,67.93184,19.76456,-17.785576,27.098215,17.539282,-10.977069,16.387611,79.04255,-8.456405,-5.604536,0.07206148
1002,2.809884786605835,673.9417724609375,77.51502227783203,1.6860337029934571,-5.399722765436859,86.75490906403488,9.182073,1.8356066,35.567444,6.0406785,-9.829388,-2.322844,-6.164919,-16.42427,-3.1955953,23.720205,-11.636214,7.304933,-4.9554524,-1.8893086,10.07498,-16.277725,28.696215,-23.45882,67.83532,19.931042,-17.698002,27.214752,17.32907,-10.935739,16.684334,79.26444,-8.199894,-5.6947956,0.23909959
1003,2.9226231575012207,674.1212768554688,77.50084686279297,1.7750645709881914,-5.311140282662095,86.74807032312393,9.246058,1.820597,35.56973,6.028763,-9.866042,-2.4356723,-5.7480583,-16.73042,-3.9049978,23.370378,-11.551564,8.189125,-4.8008757,-1.915837,9.928594,-16.443125,28.621403,-23.413591,67.740425,20.115213,-17.602465,27.346386,17.035917,-10.901795,17.083122,79.51833,-7.955888,-5.782804,0.37680689
1004,3.0307657718658447,674.2968139648438,77.4871597290039,1.8114884580514832,-5.23031150543365,86.71880264159779,9.316842,1.8740574,35.59192,6.0253954,-9.901118,-2.554711,-5.380297,-16.863377,-4.3747935,22.97242,-11.399483,8.857033,-4.623019,-1.8810278,9.822376,-16.532267,28.51655,-23.303509,67.59986,20.311775,-17.512709,27.484322,16.669695,-10.891812,17.535503,79.75007,-7.7821026,-5.8610725,0.4329031
1005,3.1428868770599365,674.4639892578125,77.49370574951172,1.78128940557986,-5.157288392397892,86.65754207936492,9.398407,2.014954,35.64178,6.025834,-9.929588,-2.6780405,-5.0939336,-16.757557,-4.479963,22.508312,-11.168249,9.225938,-4.427798,-1.7616602,9.757121,-16.54325,28.359539,-23.10496,67.425865,20.527576,-17.423347,27.645092,16.199192,-10.908201,18.107798,79.99936,-7.6828117,-5.9280276,0.37650925
1006,3.2536003589630127,674.6249389648438,77.51576232910156,1.7160389192245982,-5.085946079455054,86.56887834289219,9.484459,2.2018416,35.71656,6.0264955,-9.952676,-2.8030148,-4.848478,-16.541811,-4.4169846,22.047028,-10.956227,9.433322,-4.2062383,-1.5958549,9.7173815,-16.481255,28.16398,-22.836267,67.21305,20.760288,-17.330973,27.820389,15.645204,-10.948784,18.783094,80.25396,-7.6384435,-5.988459,0.24887353
1007,3.370074987411499,674.7835693359375,77.54733276367188,1.6272829990015107,-5.02119547873256,86.47054205071711,9.575441,2.4218192,35.800583,6.031483,-9.975589,-2.9366162,-4.59331,-16.273298,-4.3149548,21.555481,-10.748054,9.561628,-3.9846036,-1.4008555,9.696356,-16.35888,27.939985,-22.542433,66.98771,20.98182,-17.24795,27.99513,15.033355,-11.011415,19.479452,80.473145,-7.630383,-6.0416455,0.07666499
1008,3.498433828353882,674.940185546875,77.58515167236328,1.5234868737002667,-4.968004553592417,86.38062355778071,9.676212,2.659409,35.87816,6.0356174,-9.999592,-3.086248,-4.2827024,-16.00512,-4.301989,21.007895,-10.525056,9.693048,-3.7823827,-1.1947209,9.689708,-16.189114,27.70308,-22.274,66.76989,21.162739,-17.187265,28.152576,14.394691,-11.09242,20.105211,80.61028,-7.644036,-6.0875382,-0.11158768
1009,3.6223034858703613,675.0912475585938,77.62035369873047,1.4001702091145494,-4.931741290252904,86.29848390139223,9.790368,2.9216537,35.949978,6.04447,-10.0308,-3.263655,-3.8939269,-15.737706,-4.4147773,20.375818,-10.273951,9.844421,-3.6029024,-0.97652125,9.703265,-15.971377,27.463675,-22.063175,66.56177,21.266102,-17.152514,28.290573,13.723345,-11.1888895,20.665041,80.666954,-7.672001,-6.1258154,-0.31504452
1010,3.7423689365386963,675.2354736328125,77.65106964111328,1.254309324407616,-4.908536517285248,86.21650359580043,9.916136,3.2135973,36.02308,6.0550227,-10.064278,-3.4622555,-3.4597952,-15.449814,-4.581226,19.6826,-10.009247,9.969865,-3.4342406,-0.7427565,9.738442,-15.694491,27.220509,-21.87494,66.34408,21.319761,-17.137423,28.414816,13.006307,-11.297233,21.195642,80.66413,-7.7264214,-6.1564326,-0.54688096
1011,3.868436336517334,675.3778076171875,77.68172454833984,1.099545859787836,-4.89007646121148,86.14166803609444,10.041831,3.5186863,36.090656,6.066898,-10.094337,-3.6600614,-3.0125306,-15.152296,-4.7701554,18.97255,-9.75242,10.059192,-3.2746773,-0.5057978,9.783862,-15.373828,26.975645,-21.695671,66.1211,21.355318,-17.139505,28.522848,12.26258,-11.4142,21.664219,80.58573,-7.8119864,-6.1790886,-0.8009015
1012,3.992713212966919,675.5125732421875,77.7140121459961,0.947531051227674,-4.867833795214071,86.08133716886324,10.156262,3.8211226,36.1456,6.0825896,-10.118044,-3.83557,-2.5753276,-14.854558,-4.953731,18.281376,-9.52307,10.105957,-3.1196601,-0.27930638,9.82809,-15.019748,26.729437,-21.50169,65.892365,21.416103,-17.156609,28.611017,11.515115,-11.53509,22.025549,80.41169,-7.9436574,-6.192533,-1.0703347
1013,4.120200157165527,675.6557006835938,77.74607849121094,0.7987647036308928,-4.838446465582436,86.0405885867057,10.253276,4.1225686,36.18157,6.1022916,-10.131649,-3.9756634,-2.1609962,-14.550893,-5.134038,17.638115,-9.329689,10.09297,-2.970936,-0.06468475,9.869039,-14.630635,26.481522,-21.28069,65.65744,21.526352,-17.189842,28.680622,10.757423,-11.660215,22.265518,80.14068,-8.141336,-6.1868176,-1.3502194
1014,4.256743907928467,675.7981567382812,77.77901458740234,0.6468249296939665,-4.806874317644324,86.01477089983565,10.341079,4.4299927,36.20361,6.1252894,-10.138774,-4.09453,-1.7511103,-14.237775,-5.3245273,17.014732,-9.159791,10.0314665,-2.8292544,0.1440429,9.912068,-14.19936,26.231699,-21.044567,65.41511,21.66289,-17.239971,28.732801,9.98337,-11.790506,22.404644,79.78204,-8.396168,-6.1649566,-1.645508
1015,4.400180816650391,675.9243774414062,77.81403350830078,0.49767566641360683,-4.77713594885628,85.99555553586443,10.42639,4.7357025,36.221027,6.1508107,-10.143612,-4.2106037,-1.3308483,-13.923068,-5.514024,16.377779,-8.999785,9.957609,-2.6863434,0.34329286,9.958016,-13.74917,25.983217,-20.830217,65.17925,21.778238,-17.30322,28.764902,9.205211,-11.926581,22.465317,79.34031,-8.660255,-6.1441236,-1.9672257
1016,4.545628070831299,676.049072265625,77.84712219238281,0.36049737220421063,-4.7530988213383445,85.97456190264917,10.517169,5.030001,36.243835,6.176146,-10.14915,-4.342097,-0.8855622,-13.619372,-5.6896176,15.693189,-8.836132,9.907106,-2.5326772,0.5267524,10.008207,-13.290519,25.737549,-20.652391,64.9526,21.846455,-17.376125,28.772419,8.43814,-12.065796,22.461206,78.81852,-8.893689,-6.1434174,-2.3260021
1017,4.689681053161621,676.176513671875,77.87337493896484,0.2364868592897165,-4.735852682814744,85.95122399906205,10.615878,5.3093815,36.274834,6.197173,-10.150642,-4.496859,-0.40658468,-13.326662,-5.843951,14.946007,-8.67156,9.887695,-2.3668113,0.6901837,10.062892,-12.827226,25.498257,-20.52929,64.73711,21.848455,-17.461414,28.751055,7.6829147,-12.207706,22.386736,78.207245,-9.078544,-6.168037,-2.7437415
1018,4.835737705230713,676.3046264648438,77.89539337158203,0.12332455800043807,-4.723387608640137,85.92971123458662,10.719292,5.5788217,36.308727,6.2140293,-10.146457,-4.6639147,0.10153365,-13.038399,-5.986239,14.149283,-8.507822,9.8813925,-2.1934311,0.8368774,10.121509,-12.356022,25.267601,-20.457329,64.53104,21.793509,-17.557997,28.703127,6.933181,-12.353158,22.235487,77.5095,-9.240545,-6.208298,-3.2089934
1019,4.98055362701416,676.4249877929688,77.91277313232422,0.014457445468904257,-4.716031075621153,85.90956193383934,10.826216,5.842915,36.342,6.2331524,-10.147803,-4.83429,0.6365054,-12.7546625,-6.129515,13.304262,-8.32606,9.884509,-2.0124042,0.9715009,10.184217,-11.871956,25.040474,-20.401022,64.33458,21.717276,-17.663055,28.636444,6.1903014,-12.500736,22.026726,76.74786,-9.398598,-6.2599955,-3.6824698
1020,5.119469165802002,676.5407104492188,77.93062591552734,-0.09464775014696145,-4.714123100582973,85.89052338579589,10.937755,6.1065326,36.371136,6.254323,-10.160631,-4.9993,1.206758,-12.468722,-6.2906194,12.393176,-8.100683,9.89293,-1.825063,1.1009527,10.250205,-11.37119,24.80923,-20.328966,64.145515,21.650778,-17.768436,28.55761,5.454158,-12.648907,21.782581,75.94781,-9.569899,-6.3190126,-4.125675
1021,5.25808572769165,676.655029296875,77.9457778930664,-0.20947537372026148,-4.717064637797157,85.86974500916975,11.052859,6.375152,36.397118,6.277511,-10.181779,-5.1545253,1.8700835,-12.168296,-6.4909434,11.289329,-7.7579546,9.909342,-1.6309165,1.232041,10.318501,-10.852875,24.56843,-20.234283,63.96526,21.6003,-17.878365,28.469797,4.7245126,-12.799224,21.498892,75.0978,-9.764833,-6.381968,-4.5316987
1022,5.404327392578125,676.7723388671875,77.94699096679688,-0.2521483867309764,-4.703076299481271,85.83349544903474,11.154965,6.558407,36.436264,6.2858424,-10.204692,-5.2952375,2.1595497,-11.986406,-6.601208,10.906323,-7.7860804,9.948261,-1.4122461,1.287927,10.360445,-10.324734,24.32188,-20.1404,63.803852,21.547602,-17.994555,28.367628,4.0060143,-12.951985,21.167788,74.19731,-9.971464,-6.457009,-4.921371
1023,5.548857688903809,676.8887939453125,77.94462585449219,-0.28373596989379507,-4.69272303985696,85.80069359599331,11.262489,6.724881,36.472336,6.289408,-10.2394285,-5.4359193,2.3608198,-11.832863,-6.6894007,10.714758,-7.912011,9.992691,-1.1872376,1.326373,10.400537,-9.78327,24.068348,-20.04127,63.656887,21.500187,-18.105906,28.250597,3.2974358,-13.103604,20.808186,73.268265,-10.173615,-6.539432,-5.294306
1024,5.688730239868164,677.0020141601562,77.93921661376953,-0.3196838372054679,-4.698548197601485,85.78407985974685,11.3876095,6.895473,36.495403,6.2925425,-10.295529,-5.586075,2.5777376,-11.673504,-6.772723,10.5394,-8.048012,10.032096,-0.96813893,1.3639605,10.45123,-9.230333,23.807673,-19.938448,63.528828,21.458399,-18.20175,28.118504,2.5933604,-13.250813,20.442068,72.344154,-10.353365,-6.628622,-5.6523695
1025,5.837553024291992,677.1140747070312,77.93351745605469,-0.3759578797757634,-4.72800842478642,85.78894479432039,11.537269,7.0907364,36.50346,6.30047,-10.383406,-5.754326,2.8300478,-11.49086,-6.8540444,10.363517,-8.178488,10.061235,-0.75897074,1.413508,10.521038,-8.657336,23.539042,-19.821136,63.414177,21.446945,-18.282305,27.979477,1.8928882,-13.389709,20.061863,71.419525,-10.503363,-6.729988,-5.9951673
1026,5.987547874450684,677.232421875,77.92189025878906,-0.4469021793524321,-4.774845279910611,85.80943774211802,11.707444,7.3009987,36.500698,6.3074536,-10.495066,-5.9343905,3.1102188,-11.290264,-6.93701,10.184713,-8.302654,10.088509,-0.55563486,1.4697716,10.602345,-8.067424,23.263006,-19.69435,63.315777,21.4549,-18.352211,27.831905,1.1943299,-13.520371,19.661615,70.48758,-10.634814,-6.842464,-6.3231707
1027,6.131045341491699,677.346923828125,77.907958984375,-0.508643605780693,-4.827862816912504,85.83933251573436,11.880889,7.4972806,36.48743,6.3164973,-10.616835,-6.1119666,3.4028897,-11.099804,-7.017627,10.001943,-8.433871,10.127035,-0.35410962,1.5116011,10.681143,-7.4715323,22.980238,-19.569052,63.240273,21.444,-18.406958,27.658611,0.49459222,-13.644574,19.264215,69.57466,-10.75608,-6.9559817,-6.6381187
1028,6.277374267578125,677.4578857421875,77.89171600341797,-0.5342076363779429,-4.87574383636782,85.87188158028809,12.044507,7.6441474,36.465023,6.3201604,-10.729472,-6.2733765,3.6903765,-10.953648,-7.0896277,9.818837,-8.58855,10.188568,-0.15059908,1.5146067,10.74429,-6.876276,22.690544,-19.449793,63.190033,21.381205,-18.44179,27.441797,-0.20676492,-13.76259,18.890244,68.703,-10.878724,-7.0599036,-6.940736
1029,6.420905113220215,677.55859375,77.8647232055664,-0.4988091471921128,-4.917074217634753,85.90964980110846,12.19763,7.7117033,36.427647,6.315232,-10.837061,-6.414292,3.9803748,-10.886133,-7.149794,9.624157,-8.790306,10.298046,0.05538495,1.4543918,10.786033,-6.279788,22.394112,-19.332039,63.15866,21.244652,-18.462965,27.157267,-0.9013654,-13.872126,18.532398,67.86668,-11.0100975,-7.1527157,-7.236847
1030,6.566933631896973,677.6652221679688,77.83248138427734,-0.42194183426141657,-4.957429217235558,85.9544329882433,12.346491,7.7239976,36.37677,6.3046837,-10.945293,-6.5426927,4.2740064,-10.879814,-7.199883,9.426961,-9.02696,10.441222,0.26167452,1.3478975,10.814296,-5.6799006,22.091578,-19.216698,63.14767,21.054152,-18.469688,26.82115,-1.5949458,-13.972652,18.186354,67.0604,-11.141423,-7.239551,-7.5244346
1031,6.690571308135986,677.7810668945312,77.7948226928711,-0.3417211450676017,-4.9954768202332405,85.99848345622614,12.486642,7.7297673,36.323917,6.2970243,-11.04307,-6.663446,4.5424747,-10.886715,-7.2411485,9.258798,-9.257814,10.568491,0.46686423,1.2350392,10.836344,-5.0800185,21.78261,-19.11195,63.169685,20.843483,-18.446785,26.476297,-2.3058167,-14.068659,17.874344,66.30484,-11.263117,-7.319507,-7.7921934
1032,6.813937187194824,677.8855590820312,77.7602310180664,-0.2926044909306044,-5.030555126630616,86.03385110551625,12.617477,7.7735496,36.2808,6.2937827,-11.115949,-6.781271,4.76679,-10.853416,-7.275707,9.139248,-9.4397545,10.630861,0.6680202,1.1556906,10.860193,-4.490844,21.467825,-19.037006,63.243847,20.63438,-18.379673,26.166374,-3.0521917,-14.168904,17.621143,65.61877,-11.36419,-7.3911,-8.028599
1033,6.931179046630859,677.9769897460938,77.73766326904297,-0.27626893822436066,-5.068785033952378,86.06970026674266,12.739291,7.8584003,36.237984,6.299202,-11.157567,-6.890336,4.948747,-10.77201,-7.3115335,9.084387,-9.568604,10.610563,0.8587246,1.1127579,10.895406,-3.9177275,21.148848,-19.002724,63.36318,20.431837,-18.244072,25.897497,-3.8344958,-14.278653,17.424934,64.994,-11.438583,-7.4560046,-8.218892
1034,7.054560661315918,678.0684204101562,77.72518157958984,-0.27799491304481166,-5.108889371609657,86.10681815585212,12.853952,7.962312,36.193237,6.3092103,-11.176202,-6.9906297,5.096866,-10.66679,-7.344786,9.08238,-9.668596,10.533524,1.0428377,1.0894889,10.93647,-3.3539984,20.82494,-18.997845,63.52015,20.224037,-18.054964,25.648542,-4.639142,-14.397471,17.274511,64.41643,-11.491668,-7.5138197,-8.371188
1035,7.173277378082275,678.1499633789062,77.72352600097656,-0.3033478205214466,-5.138622655705209,86.12428240676986,12.95689,8.094788,36.169178,6.3200755,-11.1798935,-7.094487,5.2077703,-10.52856,-7.360665,9.100371,-9.734241,10.416436,1.2334273,1.0956028,10.969202,-2.7901113,20.491282,-19.003878,63.729877,20.012262,-17.856867,25.420683,-5.4644804,-14.523601,17.179052,63.902283,-11.530215,-7.5656548,-8.509148
1036,7.294759273529053,678.2295532226562,77.73469543457031,-0.3578841948093762,-5.14557944945012,86.10093273041325,13.042564,8.265666,36.18789,6.3317404,-11.179506,-7.2146173,5.2714853,-10.349128,-7.343468,9.117735,-9.764809,10.276913,1.4424512,1.1416864,10.977897,-2.216734,20.140392,-19.002617,64.00864,19.797266,-17.694498,25.215946,-6.3078337,-14.653137,17.148098,63.467766,-11.562944,-7.612786,-8.656638
1037,7.422312259674072,678.3005981445312,77.75037384033203,-0.45887128828320367,-5.118800383433424,86.02093068567355,13.104659,8.495802,36.265415,6.3435755,-11.174917,-7.363185,5.2646775,-10.102779,-7.278391,9.136466,-9.742172,10.099324,1.677889,1.2479694,10.952091,-1.634574,19.76505,-18.994577,64.379944,19.574999,-17.584435,25.038292,-7.193094,-14.787798,17.216759,63.141884,-11.565721,-7.659657,-8.836498
1038,7.5295939445495605,678.3683471679688,77.77310943603516,-0.5974026190759824,-5.0675556145,85.89867024126616,13.145765,8.774916,36.38602,6.358182,-11.161154,-7.5301595,5.2003284,-9.800201,-7.17923,9.163027,-9.67086,9.880858,1.930098,1.4060186,10.89966,-1.0508981,19.363403,-18.987856,64.8366,19.347864,-17.503405,24.8874,-8.113115,-14.926531,17.370413,62.90827,-11.54436,-7.7043676,-9.030845
1039,7.629662036895752,678.4306640625,77.79442596435547,-0.7433339755498812,-5.010073387172881,85.75921670075628,13.18315,9.060915,36.52672,6.3714848,-11.143308,-7.695889,5.12183,-9.487934,-7.072055,9.185096,-9.585306,9.658299,2.1868346,1.5792633,10.833048,-0.46543384,18.939144,-18.974865,65.34137,19.127401,-17.428883,24.755379,-9.032081,-15.063548,17.55151,62.72964,-11.543185,-7.7376766,-9.204529
1040,7.732717514038086,678.49169921875,77.81411743164062,-0.8642200277779513,-4.963806093091688,85.62750711159424,13.230587,9.312811,36.66405,6.382274,-11.12619,-7.8406086,5.069049,-9.214169,-6.9805593,9.19624,-9.523576,9.468172,2.4362893,1.728565,10.7664795,0.12184283,18.499699,-18.946827,65.86038,18.925524,-17.342428,24.635494,-9.913161,-15.189761,17.699587,62.56739,-11.610091,-7.749731,-9.322633
1041,7.840198993682861,678.5435180664062,77.83180236816406,-0.9551489079293748,-4.9304568676312925,85.49406416056866,13.294083,9.523481,36.809906,6.3864827,-11.109531,-7.960273,5.04174,-8.98532,-6.900855,9.1948595,-9.488987,9.315528,2.6856883,1.8464383,10.69963,0.72133595,18.046515,-18.896236,66.39422,18.755964,-17.248503,24.529581,-10.76013,-15.297516,17.815271,62.44193,-11.765163,-7.740476,-9.378796
1042,7.936459541320801,678.6036987304688,77.84215545654297,-1.0313531278436672,-4.9014851454878405,85.35101708096273,13.36544,9.7140045,36.9705,6.388614,-11.093466,-8.065715,5.019195,-8.7786,-6.82261,9.187888,-9.464876,9.182398,2.9376395,1.9490979,10.626543,1.3309582,17.580256,-18.829782,66.95644,18.607182,-17.154417,24.44007,-11.592257,-15.385318,17.926632,62.37018,-11.982471,-7.7143884,-9.392023
1043,8.036486625671387,678.6618041992188,77.85179138183594,-1.0929647506071756,-4.879625491159454,85.22573026451653,13.437618,9.88365,37.1149,6.3887677,-11.073759,-8.156632,5.014498,-8.596361,-6.759809,9.172063,-9.453298,9.070689,3.1734612,2.0326512,10.55273,1.9374616,17.109749,-18.754961,67.52577,18.455553,-17.045902,24.358967,-12.393193,-15.456057,18.00997,62.306725,-12.243687,-7.668977,-9.36529
1044,8.131638526916504,678.7245483398438,77.85841369628906,-1.1411589860987768,-4.867410290455178,85.14594957167921,13.50579,10.032041,37.211765,6.3902335,-11.051517,-8.23454,5.040709,-8.441371,-6.726452,9.148397,-9.460223,8.98265,3.3776076,2.0930774,10.487555,2.527065,16.648746,-18.682825,68.07715,18.27392,-16.908894,24.277323,-13.143065,-15.514062,18.03615,62.198883,-12.528634,-7.6019616,-9.299797
1045,8.228821754455566,678.7816772460938,77.86095428466797,-1.169708958716939,-4.864124732980695,85.12112474315165,13.561988,10.153407,37.25071,6.397835,-11.02396,-8.290025,5.1048794,-8.321672,-6.7253947,9.111312,-9.489795,8.930542,3.542579,2.119909,10.437011,3.1067746,16.20626,-18.613428,68.59017,18.048275,-16.73338,24.186752,-13.836154,-15.560824,17.978811,62.026794,-12.863045,-7.502333,-9.161084
1046,8.322795867919922,678.8364868164062,77.86398315429688,-1.1809916958181501,-4.868838370469687,85.13589379941259,13.612495,10.249428,37.248936,6.4066133,-10.991392,-8.326211,5.199477,-8.233277,-6.749322,9.063307,-9.539456,8.90929,3.6806812,2.1158102,10.398946,3.6850247,15.78354,-18.543491,69.071815,17.791548,-16.52923,24.091627,-14.478947,-15.595969,17.854683,61.811974,-13.24573,-7.3762136,-8.958052
1047,8.41944694519043,678.892822265625,77.8671646118164,-1.1846176481967663,-4.883022338190457,85.18036945127072,13.663624,10.334172,37.216053,6.4175897,-10.962146,-8.360496,5.3161497,-8.160371,-6.797269,9.015046,-9.603851,8.8947525,3.8040838,2.095744,10.369435,4.2497983,15.382728,-18.474646,69.54029,17.518383,-16.312075,24.002565,-15.069094,-15.622701,17.693731,61.56117,-13.625418,-7.2456846,-8.757561
1048,8.514280319213867,678.9546508789062,77.86876678466797,-1.1925579822945862,-4.908619120377364,85.24484377304059,13.721976,10.421672,37.161587,6.428184,-10.94097,-8.410212,5.446148,-8.087048,-6.8680553,8.977208,-9.676661,8.862547,3.9253817,2.0754504,10.345032,4.788476,15.005665,-18.411047,70.013336,17.24127,-16.097307,23.928982,-15.5995455,-15.645077,17.524017,61.276962,-13.950897,-7.1323266,-8.626265
1049,8.599903106689453,679.0100708007812,77.86593627929688,-1.2065868572076153,-4.951498052166508,85.33768494488423,13.791706,10.515739,37.074707,6.4420905,-10.93403,-8.482491,5.595427,-8.011205,-6.9704227,8.956624,-9.763507,8.802528,4.0404086,2.055763,10.332679,5.2980385,14.653446,-18.348558,70.486694,16.96112,-15.884079,23.88378,-16.067575,-15.665462,17.339464,60.94954,-14.209426,-7.029448,-8.574606
1050,8.690254211425781,679.06396484375,77.8631820678711,-1.2225421696072778,-5.008940904790342,85.46074773453637,13.869404,10.608198,36.954952,6.455354,-10.934423,-8.56735,5.7679353,-7.940414,-7.102095,8.943848,-9.864635,8.729252,4.1455345,2.0297585,10.332767,5.7857423,14.32564,-18.285574,70.95174,16.672447,-15.665965,23.857643,-16.473907,-15.68395,17.126745,60.57587,-14.427652,-6.9289956,-8.568988
1051,8.780291557312012,679.1160278320312,77.85836029052734,-1.2359002091577054,-5.069409236580618,85.59336773800949,13.946882,10.698105,36.826553,6.471026,-10.940205,-8.656459,5.946068,-7.874413,-7.2444406,8.9327545,-9.968358,8.655234,4.2543607,2.0026543,10.331793,6.2535768,14.022203,-18.235237,71.42179,16.37486,-15.450765,23.827942,-16.818562,-15.701168,16.905819,60.17242,-14.610283,-6.850017,-8.6109705
1052,8.866395950317383,679.17431640625,77.84994506835938,-1.2477210563143297,-5.121605886744571,85.71546439785008,14.017545,10.7827,36.71418,6.4856,-10.94447,-8.741564,6.112994,-7.8125834,-7.3791304,8.916014,-10.062502,8.592648,4.3801866,1.9790233,10.315287,6.7049823,13.741921,-18.20696,71.90982,16.071552,-15.247328,23.771902,-17.097622,-15.717187,16.696957,59.746033,-14.762109,-6.8066654,-8.700865
1053,8.944366455078125,679.2349853515625,77.84207153320312,-1.2544754175242077,-5.163671503307063,85.82282762932115,14.080966,10.862161,36.626945,6.5056334,-10.952229,-8.824012,6.2675753,-7.755658,-7.5052514,8.889714,-10.142473,8.5471325,4.526404,1.9597077,10.280197,7.133775,13.485874,-18.224846,72.42698,15.7420025,-15.056146,23.68281,-17.30752,-15.731865,16.501724,59.28933,-14.863843,-6.8083024,-8.863601
1054,9.02320384979248,679.2897338867188,77.83407592773438,-1.2580019334267651,-5.201357509293472,85.92585271878218,14.141599,10.936224,36.551117,6.5244756,-10.960485,-8.906747,6.4171977,-7.7042427,-7.6311555,8.860265,-10.216476,8.51145,4.687231,1.9421836,10.233535,7.54054,13.254473,-18.276,72.96385,15.393245,-14.872563,23.572886,-17.448624,-15.745583,16.309841,58.7985,-14.918652,-6.8445272,-9.090497
1055,9.095775604248047,679.3450927734375,77.82575988769531,-1.260839032555561,-5.234142012139347,86.0257877505737,14.196532,11.005987,36.47639,6.541111,-10.968006,-8.984858,6.5575337,-7.6561275,-7.752755,8.833434,-10.288994,8.478276,4.859173,1.9268645,10.17792,7.933731,13.043393,-18.319105,73.508385,15.062715,-14.700168,23.44884,-17.532011,-15.759175,16.12725,58.297436,-14.966024,-6.904237,-9.333474
1056,9.167205810546875,679.3916015625,77.81927490234375,-1.2664921751014497,-5.261673239496712,86.12402242216051,14.239155,11.07536,36.391644,6.5654583,-10.979984,-9.053071,6.687518,-7.607869,-7.8666134,8.809118,-10.3616295,8.440187,5.03707,1.9166598,10.115297,8.325955,12.8456,-18.309343,74.038506,14.791116,-14.535161,23.315535,-17.56748,-15.772207,15.959197,57.80972,-15.048376,-6.975864,-9.544266
1057,9.228132247924805,679.4395751953125,77.81298065185547,-1.2763105576283185,-5.283495706935037,86.21659888362703,14.267222,11.14504,36.294235,6.5963197,-10.995309,-9.106191,6.8056555,-7.5580955,-7.966535,8.785643,-10.436211,8.395167,5.2247777,1.9138725,10.046828,8.712894,12.654961,-18.232471,74.572105,14.6025095,-14.38315,23.171122,-17.561098,-15.786914,15.807598,57.337296,-15.180981,-7.06449,-9.71719
1058,9.286364555358887,679.4950561523438,77.80671691894531,-1.2875776608870582,-5.299629107833726,86.30416769898515,14.283475,11.213651,36.189606,6.6331286,-11.014829,-9.148048,6.910214,-7.508297,-8.055993,8.767659,-10.512918,8.34714,5.420842,1.9193983,9.969954,9.089761,12.469878,-18.109966,75.11411,14.473438,-14.2422,23.014446,-17.506126,-15.803278,15.669918,56.869057,-15.342988,-7.1730566,-9.875992
1059,9.341879844665527,679.5440063476562,77.80152893066406,-1.3007888902104376,-5.311482850943674,86.39517287148739,14.293273,11.278848,36.080635,6.6677723,-11.031312,-9.1876135,7.0085196,-7.4614944,-8.146538,8.753265,-10.588028,8.297955,5.6127334,1.9297541,9.882496,9.46376,12.291811,-17.952728,75.636795,14.370343,-14.1060705,22.854809,-17.408627,-15.817863,15.5609255,56.423042,-15.503222,-7.2874093,-10.018587
1060,9.395757675170898,679.5823974609375,77.79985046386719,-1.3127468443856924,-5.320127494087357,86.49771375488726,14.299355,11.339989,35.96916,6.6993423,-11.042187,-9.233873,7.1065063,-7.4198704,-8.249823,8.738109,-10.654441,8.249162,5.7851624,1.9399978,9.781872,9.844855,12.12422,-17.770952,76.11032,14.258045,-13.967483,22.701656,-17.275099,-15.825271,15.493281,56.018646,-15.637415,-7.3930717,-10.143322
1061,9.444746017456055,679.6198120117188,77.80025482177734,-1.3229305085202459,-5.327676360578386,86.61130199133929,14.311512,11.39272,35.86244,6.7161593,-11.03816,-9.292249,7.205452,-7.385278,-8.366141,8.729209,-10.714896,8.197352,5.9433694,1.9435861,9.664871,10.247117,11.984437,-17.575815,76.51551,14.120946,-13.826776,22.546728,-17.089125,-15.818652,15.465024,55.648663,-15.714332,-7.4940343,-10.257948
1062,9.49662971496582,679.6720581054688,77.7993392944336,-1.3318831926093055,-5.333290044920086,86.73228581180821,14.321663,11.441252,35.756294,6.7328715,-11.029512,-9.356873,7.304026,-7.3556266,-8.490586,8.721768,-10.769132,8.142794,6.078712,1.9514756,9.528493,10.652624,11.838818,-17.347784,76.896,13.985852,-13.686392,22.398678,-16.87337,-15.796456,15.489523,55.332188,-15.755852,-7.5942216,-10.365706
1063,9.532382011413574,679.731689453125,77.79563903808594,-1.343575470681592,-5.332289618543312,86.86512337803137,14.319579,11.487804,35.639202,6.7464094,-11.018449,-9.419672,7.395358,-7.3290205,-8.6256695,8.715991,-10.818705,8.093115,6.2001767,1.9525365,9.388969,11.061619,11.717213,-17.085707,77.2254,13.859048,-13.545106,22.256083,-16.627651,-15.764759,15.536152,55.046997,-15.819147,-7.683908,-10.442901
1064,9.564285278320312,679.7793579101562,77.79508972167969,-1.3582505781579726,-5.320240699125366,87.01366790817534,14.291029,11.537659,35.4985,6.766546,-11.015389,-9.472071,7.4815164,-7.301224,-8.775259,8.694724,-10.857666,8.055881,6.300171,1.9489434,9.255714,11.462105,11.611434,-16.772533,77.50689,13.757958,-13.3995905,22.12978,-16.370401,-15.727698,15.59432,54.79469,-15.965828,-7.751645,-10.470638
1065,9.596667289733887,679.8131713867188,77.79275512695312,-1.3817121421254248,-5.290850348582449,87.17976304423543,14.224115,11.595163,35.32791,6.7973094,-11.023908,-9.508908,7.5552373,-7.2686133,-8.939975,8.654401,-10.8798685,8.03576,6.361373,1.9477067,9.123129,11.851499,11.496418,-16.351505,77.752144,13.720076,-13.244623,22.032963,-16.12658,-15.681113,15.687218,54.597687,-16.21112,-7.7924905,-10.439342
1066,9.628913879394531,679.8478393554688,77.79371643066406,-1.4091003827811286,-5.248032761217516,87.36067936815971,14.12827,11.655689,35.13492,6.833177,-11.037718,-9.5352125,7.618587,-7.234423,-9.1180105,8.600925,-10.887928,8.027832,6.4030237,1.946273,8.991374,12.231701,11.388876,-15.861249,77.9534,13.720297,-13.083425,21.953695,-15.866412,-15.631862,15.7982645,54.433353,-16.524536,-7.8142986,-10.357341
1067,9.664774894714355,679.88232421875,77.79462432861328,-1.4368484233453624,-5.203027536450486,87.55499853304404,14.023363,11.713538,34.928295,6.869147,-11.053611,-9.559558,7.6833534,-7.2042484,-9.308874,8.544688,-10.896623,8.025142,6.4359117,1.940472,8.867812,12.599243,11.304117,-15.388426,78.11309,13.699004,-12.926707,21.880016,-15.575148,-15.586122,15.913461,54.29034,-16.887177,-7.8224087,-10.243479
1068,9.69627571105957,679.9125366210938,77.7973403930664,-1.458435846985935,-5.167464160116852,87.76095665243433,13.927961,11.761794,34.716793,6.900055,-11.067076,-9.589183,7.762089,-7.1837306,-9.512095,8.491277,-10.916346,8.0206995,6.4307637,1.9286525,8.756137,12.958516,11.227225,-14.97225,78.244705,13.614371,-12.783831,21.809998,-15.28202,-15.53119,16.064966,54.20014,-17.280828,-7.819119,-10.125913
1069,9.727466583251953,679.9352416992188,77.79684448242188,-1.473367367555869,-5.142348755148038,87.98182514822135,13.843592,11.800519,34.498974,6.9231787,-11.076328,-9.627348,7.85564,-7.1727877,-9.730858,8.44314,-10.949602,8.010444,6.3761425,1.9070766,8.655655,13.309507,11.157851,-14.639516,78.34805,13.4282,-12.653029,21.750933,-14.99986,-15.454957,16.259504,54.178844,-17.726114,-7.806005,-9.999178
1070,9.760629653930664,679.9661254882812,77.7942123413086,-1.4845873634504103,-5.1221807477079295,88.21727102209881,13.762404,11.832324,34.271618,6.9403763,-11.0837,-9.670182,7.958829,-7.169077,-9.964393,8.396553,-10.99108,7.9990783,6.318738,1.8774772,8.568826,13.640883,11.122859,-14.396981,78.41223,13.160663,-12.530934,21.695663,-14.677372,-15.3855505,16.444542,54.17248,-18.226162,-7.784297,-9.844409
1071,9.794039726257324,679.9990234375,77.78910827636719,-1.4903168166580352,-5.108807486675975,88.46023086664435,13.686706,11.856069,34.040474,6.9569373,-11.091019,-9.713154,8.073321,-7.1740727,-10.206064,8.349329,-11.039679,7.991945,6.2459764,1.84222,8.492867,13.962019,11.10537,-14.178408,78.44944,12.87884,-12.423944,21.635757,-14.335016,-15.311178,16.645073,54.201385,-18.738682,-7.74976,-9.691612
1072,9.811640739440918,680.0252075195312,77.78376770019531,-1.4899070720135124,-5.104233247588469,88.70367533337628,13.623934,11.867105,33.81233,6.9661193,-11.094603,-9.751782,8.19858,-7.1896644,-10.449122,8.301768,-11.094459,7.994422,6.1528306,1.8001027,8.42244,14.280882,11.0959015,-13.930003,78.47501,12.643289,-12.339227,21.563189,-13.9946165,-15.210755,16.874407,54.294067,-19.227774,-7.6979737,-9.571925
1073,9.836003303527832,680.06103515625,77.77544403076172,-1.4770923953735688,-5.115209047714859,88.95013073723281,13.581506,11.860321,33.58761,6.9716077,-11.096216,-9.784757,8.345183,-7.222979,-10.6959915,8.255521,-11.16376,8.013384,6.0687633,1.7588035,8.362565,14.581282,11.094502,-13.668704,78.49875,12.461113,-12.282247,21.47454,-13.613172,-15.108825,17.097021,54.410038,-19.710726,-7.617514,-9.48629
1074,9.856698989868164,680.0942993164062,77.76580810546875,-1.454734831162634,-5.138727620488754,89.20193682216394,13.555634,11.838081,33.36351,6.9707785,-11.094803,-9.814307,8.510435,-7.2703457,-10.949222,8.208003,-11.243598,8.04397,5.977543,1.7169485,8.312238,14.8685255,11.099705,-13.402797,78.51159,12.306589,-12.247292,21.375843,-13.204889,-15.004299,17.329966,54.559982,-20.196804,-7.5130157,-9.421685
1075,9.869811058044434,680.123046875,77.757080078125,-1.433095383350041,-5.161923986216032,89.4513389500666,13.52609,11.815927,33.140232,6.9753466,-11.096897,-9.842811,8.67374,-7.3179693,-11.201499,8.159687,-11.321634,8.074863,5.8764815,1.6785821,8.266743,15.135767,11.110473,-13.149137,78.51922,12.170646,-12.226594,21.269047,-12.787254,-14.89287,17.579256,54.756546,-20.642918,-7.407994,-9.369323
1076,9.885913848876953,680.144775390625,77.74838256835938,-1.4222957247706833,-5.1716417818720775,89.69034797787863,13.479005,11.805028,32.919575,6.981272,-11.100415,-9.872078,8.81112,-7.3528214,-11.444703,8.114752,-11.385463,8.094412,5.804928,1.6678181,8.225647,15.344453,11.121496,-12.977897,78.543045,12.032154,-12.210362,21.15568,-12.325346,-14.822429,17.806898,54.955303,-21.000244,-7.3295326,-9.306637
1077,9.900506019592285,680.1658935546875,77.7437744140625,-1.4258078414294726,-5.160977468782481,89.91756027951854,13.402191,11.814461,32.69765,6.9946685,-11.110348,-9.902921,8.912676,-7.367442,-11.677665,8.0727825,-11.430208,8.096284,5.666983,1.6462346,8.181667,15.564213,11.142419,-12.774381,78.54223,11.918958,-12.196683,21.034842,-11.940415,-14.696461,18.132765,55.271355,-21.253538,-7.277244,-9.267693
1078,9.912470817565918,680.182373046875,77.74034881591797,-1.4403218467983874,-5.13798930650163,90.13696698916839,13.306228,11.8363285,32.475105,7.0153613,-11.1264515,-9.934274,8.99051,-7.370636,-11.903637,8.03514,-11.464706,8.087913,5.543826,1.6405354,8.139983,15.735874,11.167693,-12.6323805,78.55607,11.809716,-12.188537,20.91008,-11.537271,-14.58172,18.453382,55.62073,-21.438728,-7.2436023,-9.234715
1079,9.919011116027832,680.1921997070312,77.73910522460938,-1.4557412667487153,-5.111671309115659,90.34904742910636,13.207833,11.85809,32.258545,7.035514,-11.140368,-9.965468,9.06003,-7.3723135,-12.123902,7.998426,-11.492346,8.077337,5.429779,1.6503052,8.099522,15.874054,11.192535,-12.5337305,78.57383,11.707566,-12.192202,20.775934,-11.102938,-14.485058,18.765646,55.99622,-21.554857,-7.2221556,-9.191938
1080,9.928537368774414,680.1976928710938,77.73780059814453,-1.4652170672727745,-5.090805007883288,90.5545523404308,13.121148,11.868241,32.05371,7.051329,-11.144969,-9.9961,9.133537,-7.3837304,-12.339032,7.965922,-11.52104,8.072954,5.3019304,1.6555848,8.050792,16.00856,11.221272,-12.444733,78.582794,11.612422,-12.214354,20.63048,-10.664252,-14.36245,19.08319,56.445515,-21.610426,-7.2042193,-9.136399
1081,9.932112693786621,680.2153930664062,77.73596954345703,-1.4654811577583535,-5.080367165908282,90.75354819200298,13.05582,11.862352,31.863964,7.0573807,-11.134968,-10.029261,9.217321,-7.4079022,-12.550086,7.9394054,-11.553311,8.076753,5.1801686,1.666664,7.995213,16.12215,11.248944,-12.407506,78.600044,11.510299,-12.257241,20.470428,-10.188538,-14.235537,19.376617,56.9438,-21.600622,-7.19392,-9.059451
1082,9.93264102935791,680.2319946289062,77.73420715332031,-1.4618149775233757,-5.074733237242652,90.94582849601356,13.000058,11.848107,31.685013,7.0613213,-11.11674,-10.064074,9.304199,-7.4390874,-12.756616,7.916223,-11.584562,8.084282,5.0564313,1.6823967,7.933681,16.218235,11.277669,-12.410609,78.61942,11.406739,-12.316623,20.297745,-9.691096,-14.098617,19.66342,57.49754,-21.523695,-7.1925874,-8.969729
1083,9.931385040283203,680.2457275390625,77.73321533203125,-1.455657896386051,-5.067308822286149,91.1311351012742,12.946145,11.827813,31.514105,7.0606937,-11.094326,-10.094573,9.38413,-7.4741516,-12.956394,7.8972616,-11.613818,8.09427,4.939727,1.7046207,7.866927,16.288626,11.304885,-12.424743,78.63804,11.320506,-12.389325,20.122063,-9.171879,-13.963606,19.937704,58.0957,-21.398294,-7.193081,-8.86521
1084,9.926426887512207,680.2686767578125,77.73092651367188,-1.4475271401485317,-5.051539484615196,91.30926021615934,12.880595,11.806188,31.34715,7.0647593,-11.077171,-10.114409,9.449283,-7.5103116,-13.147683,7.879753,-11.638249,8.105562,4.831639,1.7298785,7.7941556,16.331478,11.3300905,-12.412602,78.65086,11.27082,-12.47265,19.953978,-8.644547,-13.825409,20.201256,58.744083,-21.244736,-7.1876664,-8.747758
1085,9.919462203979492,680.2835083007812,77.72923278808594,-1.4371429555513668,-5.024278476358596,91.48223039631009,12.799993,11.780665,31.182425,7.070434,-11.064665,-10.117721,9.496588,-7.5488424,-13.330564,7.8623543,-11.656472,8.119083,4.7378073,1.7603024,7.713409,16.340174,11.350766,-12.355197,78.66382,11.276965,-12.575107,19.787992,-8.100471,-13.689524,20.448092,59.443024,-21.062895,-7.1764913,-8.62833
1086,9.915721893310547,680.2953491210938,77.72850036621094,-1.4231142180972358,-4.9895976521734795,91.64940245659584,12.709743,11.750698,31.021864,7.0795717,-11.055669,-10.109208,9.530684,-7.5910754,-13.505929,7.8473268,-11.670763,8.135151,4.6480336,1.7925762,7.623962,16.322578,11.368127,-12.267764,78.67689,11.324419,-12.695666,19.62257,-7.5480256,-13.543823,20.689302,60.20422,-20.843405,-7.1619277,-8.505873
1087,9.909034729003906,680.31005859375,77.73038482666016,-1.4105203116904368,-4.95139644563269,91.8069232054853,12.619064,11.720062,30.86925,7.0852156,-11.045796,-10.09865,9.555547,-7.632341,-13.67276,7.8346567,-11.682113,8.151279,4.560454,1.8297026,7.530365,16.285475,11.381776,-12.181382,78.67721,11.385392,-12.814968,19.47176,-6.9908624,-13.396722,20.926456,61.007378,-20.593014,-7.141329,-8.353736
1088,9.902695655822754,680.3230590820312,77.73216247558594,-1.4032713330910158,-4.913827661963075,91.95099181298575,12.534575,11.694564,30.727667,7.090321,-11.037108,-10.096063,9.578494,-7.66743,-13.830817,7.8201222,-11.690494,8.164975,4.468483,1.8721014,7.43633,16.237726,11.393003,-12.127049,78.652885,11.427663,-12.9143095,19.350107,-6.441147,-13.250573,21.170034,61.84186,-20.313961,-7.1114335,-8.147535
1089,9.89147663116455,680.3312377929688,77.73432159423828,-1.4068589344169167,-4.87506656920341,92.08032491209556,12.455114,11.678825,30.597563,7.0913124,-11.026035,-10.106578,9.595843,-7.691364,-13.984629,7.8043404,-11.690557,8.174318,4.369747,1.9239677,7.34202,16.181017,11.401866,-12.121518,78.59694,11.438105,-12.982705,19.266235,-5.90371,-13.108088,21.427277,62.71261,-19.998318,-7.071271,-7.8716474
1090,9.872655868530273,680.34130859375,77.73504638671875,-1.4176507322978587,-4.833992839978678,92.19694791330801,12.377883,11.669564,30.477423,7.0907183,-11.014725,-10.1241455,9.6098795,-7.707124,-14.1332855,7.7831726,-11.682445,8.181315,4.2881007,1.9998449,7.2554593,16.095793,11.405397,-12.168891,78.516754,11.43115,-13.032675,19.20625,-5.3277617,-13.015126,21.667656,63.56236,-19.642967,-7.0240536,-7.5285254
1091,9.854203224182129,680.3489379882812,77.73428344726562,-1.4257598499362043,-4.795099246156846,92.3021688227438,12.3083725,11.656167,30.367563,7.087415,-11.00462,-10.141091,9.61941,-7.725822,-14.2661495,7.7684784,-11.681,8.188387,4.179588,2.0572138,7.1563125,16.01852,11.407469,-12.191886,78.418816,11.433308,-13.077981,19.166399,-4.801303,-12.868616,21.937532,64.50587,-19.271482,-6.963134,-7.1710296
1092,9.842696189880371,680.3642578125,77.73299407958984,-1.422237824795044,-4.763253611397501,92.39695802691276,12.254572,11.627526,30.269129,7.0764937,-10.995467,-10.1493635,9.631986,-7.7571898,-14.3733635,7.759867,-11.696524,8.198772,4.083781,2.1031628,7.0598826,15.921445,11.411073,-12.200454,78.31614,11.45891,-13.1356945,19.127558,-4.2621512,-12.7192135,22.173637,65.453735,-18.90685,-6.893122,-6.8041353
1093,9.830995559692383,680.382080078125,77.72808837890625,-1.3983451401697902,-4.743788868840139,92.48145141108634,12.222385,11.575293,30.182465,7.0621047,-10.991593,-10.144198,9.65187,-7.810454,-14.44616,7.7633924,-11.741005,8.212747,4.0071697,2.133966,6.969285,15.807717,11.416337,-12.171871,78.197685,11.515092,-13.21618,19.078335,-3.6882477,-12.58148,22.374516,66.389175,-18.549704,-6.8119783,-6.422944
1094,9.8140869140625,680.398193359375,77.72161102294922,-1.3620533445886274,-4.732755942612838,92.5551599101266,12.20773,11.50669,30.107405,7.0397067,-10.987971,-10.130662,9.674122,-7.878228,-14.491838,7.7771006,-11.805558,8.228811,3.938304,2.1517305,6.880907,15.680917,11.42311,-12.118451,78.063065,11.590773,-13.309433,19.029821,-3.1007512,-12.440083,22.555172,67.33957,-18.192602,-6.720686,-6.022806
1095,9.79476261138916,680.4119873046875,77.71338653564453,-1.3248759141825914,-4.7213625886105,92.61815324371656,12.196325,11.437727,30.042322,7.0168757,-10.987321,-10.115905,9.69286,-7.9449363,-14.524536,7.788414,-11.869693,8.247335,3.8707888,2.1712816,6.79281,15.538575,11.430951,-12.083342,77.924644,11.677526,-13.398539,18.993872,-2.5107846,-12.308003,22.72083,68.287704,-17.824062,-6.62124,-5.6118116
1096,9.77716064453125,680.4252319335938,77.70677947998047,-1.3008435734671084,-4.70046082124278,92.67045968662276,12.174952,11.384128,29.985758,6.996738,-10.988912,-10.107699,9.700839,-7.996388,-14.5581665,7.78953,-11.916418,8.2688875,3.7942848,2.204669,6.7021117,15.380986,11.43932,-12.107674,77.79311,11.765232,-13.465464,18.98347,-1.9382994,-12.186367,22.878893,69.22976,-17.435024,-6.5175004,-5.2008967
1097,9.754478454589844,680.4364013671875,77.70269775390625,-1.2948017716245919,-4.664056067106889,92.7084704631836,12.136461,11.352017,29.940348,6.9794707,-10.993173,-10.106505,9.690539,-8.025686,-14.594465,7.7761555,-11.9366045,8.295957,3.7113266,2.260651,6.607018,15.210112,11.445304,-12.190715,77.66157,11.8684225,-13.508766,18.999594,-1.386543,-12.080576,23.031971,70.173546,-16.995886,-6.4114347,-4.7766795
1098,9.73814868927002,680.4461669921875,77.70038604736328,-1.3005079020517911,-4.618134539127026,92.73349030900424,12.089829,11.332756,29.905691,6.9621797,-10.999575,-10.109153,9.670801,-8.040469,-14.627182,7.7479467,-11.93894,8.327454,3.6269033,2.3376293,6.515383,15.02348,11.44681,-12.312828,77.522644,11.989289,-13.537561,19.033607,-0.83156466,-12.009868,23.172436,71.093056,-16.519184,-6.3008857,-4.332565
1099,9.714435577392578,680.4510498046875,77.6971206665039,-1.3088513816949832,-4.5716434394680325,92.75243930786172,12.044567,11.316854,29.87703,6.9433746,-11.005406,-10.115779,9.646815,-8.051646,-14.656106,7.7208514,-11.9382305,8.358429,3.5296779,2.4085512,6.414312,14.818515,11.450244,-12.494939,77.409836,12.0891075,-13.546922,19.096518,-0.31314823,-11.90846,23.305187,72.04226,-16.065132,-6.1807604,-3.9180725
1100,9.691544532775879,680.4570922851562,77.6957778930664,-1.3123416063335231,-4.533700759378661,92.77236310601782,12.01122,11.296157,29.849222,6.9217453,-11.009234,-10.126874,9.629819,-8.067695,-14.682005,7.7013955,-11.946133,8.384252,3.421537,2.4716845,6.323619,14.58353,11.463326,-12.753289,77.326805,12.139795,-13.536507,19.180082,0.20806031,-11.818005,23.409946,72.93482,-15.687057,-6.052215,-3.5467794
1101,9.673266410827637,680.4617309570312,77.6930160522461,-1.3125729779292057,-4.507464187234327,92.79271194324099,11.99588,11.269261,29.82337,6.892453,-11.007798,-10.146536,9.623488,-8.088707,-14.701416,7.6897306,-11.96451,8.40111,3.302866,2.5308533,6.243833,14.315969,11.489302,-13.130003,77.27039,12.111301,-13.489362,19.285301,0.740706,-11.744927,23.489988,73.769554,-15.406015,-5.914785,-3.2324712
1102,9.650373458862305,680.4678955078125,77.6891098022461,-1.3112853368998025,-4.487603320610231,92.81034328855534,11.992816,11.240389,29.80149,6.857636,-11.003701,-10.173538,9.621745,-8.110623,-14.71522,7.6833005,-11.988359,8.412421,3.1716418,2.589632,6.173137,14.021865,11.523486,-13.601049,77.23116,12.025927,-13.412187,19.410564,1.280226,-11.690638,23.551596,74.55519,-15.189256,-5.77057,-2.9565625
1103,9.632009506225586,680.4802856445312,77.68523406982422,-1.3065886620035096,-4.471290047623871,92.82927708550717,11.982777,11.21361,29.777905,6.8447833,-11.009583,-10.198816,9.621986,-8.136412,-14.730616,7.6785436,-12.012767,8.423764,3.0689976,2.632884,6.1069775,13.68976,11.582963,-14.1421175,77.22724,11.915719,-13.338879,19.54991,1.8361987,-11.632303,23.539358,75.27494,-15.020495,-5.623279,-2.7027676
1104,9.609845161437988,680.488037109375,77.67964935302734,-1.2992644394414,-4.455419487218427,92.85334158906339,11.963814,11.184857,29.750618,6.842771,-11.01875,-10.213415,9.620786,-8.167461,-14.754559,7.674442,-12.03473,8.440732,2.9233398,2.6642296,6.0575714,13.360833,11.627649,-14.584232,77.241806,11.863801,-13.304788,19.699718,2.381721,-11.60133,23.528067,75.89804,-14.849582,-5.4739466,-2.4410462
1105,9.586822509765625,680.4950561523438,77.67457580566406,-1.2826902027566942,-4.4422876177334505,92.88514989943245,11.94189,11.146506,29.719564,6.8405404,-11.026875,-10.215773,9.621566,-8.209518,-14.79138,7.6682563,-12.055436,8.466909,2.7967184,2.6751304,6.0229754,12.992603,11.680283,-14.998961,77.312706,11.848655,-13.320848,19.85924,2.9453483,-11.577788,23.43737,76.417534,-14.691683,-5.317165,-2.1657813
1106,9.567743301391602,680.50048828125,77.66947937011719,-1.2610205651015907,-4.432482021213482,92.92218003441161,11.920438,11.101496,29.686327,6.836528,-11.03294,-10.210446,9.62435,-8.259028,-14.836565,7.6623483,-12.076327,8.498466,2.6299536,2.6720016,6.0053554,12.614184,11.719791,-15.34481,77.41773,11.874393,-13.369151,20.034296,3.4942167,-11.568815,23.342545,76.858444,-14.544422,-5.1490054,-1.8881718
1107,9.554221153259277,680.4915161132812,77.66777038574219,-1.2398400313033209,-4.420553583651698,92.96012150104768,11.893217,11.057436,29.652155,6.8352957,-11.037166,-10.197919,9.622853,-8.308381,-14.883785,7.658489,-12.092424,8.530778,2.501387,2.6637406,5.987976,12.207379,11.776399,-15.725029,77.54671,11.905105,-13.433307,20.220062,4.0717936,-11.573076,23.159393,77.19937,-14.430092,-4.9928203,-1.6248453
1108,9.531672477722168,680.4808959960938,77.66978454589844,-1.2265386611739746,-4.401034836802981,92.99457073350483,11.8575735,11.021273,29.618565,6.83484,-11.036488,-10.178904,9.613583,-8.348179,-14.926976,7.6529593,-12.0959215,8.559085,2.321644,2.6559103,5.9632382,11.834279,11.817687,-16.021551,77.656425,11.981752,-13.500654,20.42352,4.607497,-11.591404,23.006237,77.49629,-14.3213825,-4.867121,-1.3946849
1109,9.507696151733398,680.4776611328125,77.6722640991211,-1.2257427981530935,-4.369172146398137,93.02791626844873,11.806814,10.998988,29.58155,6.8356957,-11.029037,-10.151075,9.593446,-8.372532,-14.969115,7.644069,-12.080217,8.583739,2.1761525,2.6605039,5.927616,11.458304,11.876708,-16.353472,77.76013,12.076218,-13.572713,20.636848,5.1819887,-11.644625,22.752243,77.66392,-14.266732,-4.775981,-1.1829633
1110,9.488458633422852,680.4810791015625,77.67677307128906,-1.2335609049819687,-4.329012873770744,93.0613911353961,11.743936,10.985696,29.541605,6.83921,-11.017032,-10.114649,9.565088,-8.387101,-15.0119915,7.6329503,-12.049816,8.606529,1.9892188,2.666291,5.885549,11.1034155,11.924265,-16.621838,77.86387,12.218088,-13.65579,20.869158,5.7306533,-11.712127,22.493883,77.7659,-14.23716,-4.708316,-0.992332
1111,9.465486526489258,680.4797973632812,77.6806411743164,-1.2402754273424745,-4.287992975524821,93.088455372922,11.682492,10.971017,29.507587,6.840978,-11.001846,-10.075058,9.531464,-8.402228,-15.047205,7.6263113,-12.018404,8.625695,1.8089448,2.6720264,5.8439846,10.749996,11.971005,-16.870998,77.953,12.368834,-13.73894,21.111591,6.2771764,-11.800985,22.223866,77.803566,-14.198608,-4.6681757,-0.8362667
1112,9.448986053466797,680.4766235351562,77.6845474243164,-1.2382419723780411,-4.253639349015919,93.10290329470804,11.6333,10.945824,29.48767,6.841867,-10.98678,-10.037705,9.4954195,-8.428051,-15.066564,7.630832,-11.999054,8.639217,1.6473277,2.6717348,5.8114676,10.4,12.020822,-17.096546,77.9995,12.506136,-13.8109665,21.356659,6.8201013,-11.915259,21.984516,77.79589,-14.101408,-4.658003,-0.7294859
1113,9.425640106201172,680.486328125,77.68646240234375,-1.2215683925449095,-4.229358842695835,93.10302595405904,11.6016,10.9030695,29.484184,6.840817,-10.971758,-10.002683,9.4572935,-8.4713,-15.066809,7.652431,-11.999109,8.642194,1.4946433,2.6554952,5.7853703,10.059822,12.069262,-17.2709,77.99668,12.639921,-13.867245,21.612793,7.3443875,-12.042093,21.805838,77.7702,-13.919361,-4.693093,-0.69338655
1114,9.40807056427002,680.4891357421875,77.68603515625,-1.1961526834435718,-4.210352567219674,93.092173670276,11.580327,10.8493595,29.49245,6.8387423,-10.955829,-9.96759,9.4139185,-8.525597,-15.052394,7.689355,-12.01174,8.637036,1.348929,2.6286979,5.7642035,9.728409,12.118573,-17.403635,77.954285,12.777509,-13.913238,21.879091,7.8582134,-12.186425,21.65712,77.70375,-13.684697,-4.766834,-0.71284825
1115,9.377755165100098,680.4801025390625,77.68958282470703,-1.1700483740110774,-4.193067259892088,93.0716013317828,11.563726,10.7948265,29.511047,6.83614,-10.939413,-9.93363,9.367688,-8.580617,-15.027346,7.728087,-12.024984,8.632947,1.2048616,2.6001117,5.746824,9.402164,12.169184,-17.514263,77.89134,12.901874,-13.957719,22.143763,8.345182,-12.342494,21.530338,77.61089,-13.426607,-4.850831,-0.76113397
1116,9.352457046508789,680.471923828125,77.69239807128906,-1.1497542312539506,-4.173811911233612,93.04269575735441,11.547233,10.750321,29.538548,6.8335266,-10.9243765,-9.902356,9.323256,-8.624558,-14.996385,7.750661,-12.024637,8.639173,1.061656,2.5812318,5.735061,9.078965,12.223755,-17.62033,77.81953,13.001683,-14.0096855,22.392233,8.79766,-12.509653,21.408054,77.492386,-13.1776085,-4.916166,-0.8087196
1117,9.328131675720215,680.46142578125,77.69597625732422,-1.1387002762867307,-4.152398129368336,93.00546255340899,11.529659,10.718087,29.575161,6.831096,-10.910095,-9.874068,9.27774,-8.656958,-14.959559,7.760307,-12.010473,8.661641,0.92057997,2.572441,5.731493,8.756619,12.284618,-17.730064,77.73693,13.058968,-14.073902,22.626694,9.215001,-12.688989,21.292925,77.33913,-12.926015,-4.9541106,-0.8461451
1118,9.305604934692383,680.4541625976562,77.69866943359375,-1.1307806084120313,-4.1305108987664765,92.95935071433516,11.513887,10.692528,29.621637,6.827601,-10.895742,-9.847952,9.2345,-8.681477,-14.91573,7.7558346,-11.985521,8.694311,0.7841934,2.5684865,5.735008,8.43847,12.352056,-17.830372,77.63592,13.089742,-14.145854,22.851715,9.602927,-12.881011,21.189497,77.1516,-12.660471,-4.9809875,-0.8894364
1119,9.281183242797852,680.452392578125,77.6973648071289,-1.1273977124702208,-4.107235924342872,92.90467578430142,11.499108,10.672771,29.67637,6.8251634,-10.883125,-9.824139,9.187451,-8.700073,-14.863672,7.750012,-11.956776,8.728081,0.64947695,2.5699794,5.741318,8.125825,12.425477,-17.927153,77.525246,13.108,-14.21788,23.057371,9.963023,-13.082486,21.083134,76.9423,-12.419957,-5.00134,-0.94701475
1120,9.266589164733887,680.4515991210938,77.70183563232422,-1.126287056585,-4.081810549730246,92.84173241026606,11.485108,10.657538,29.738262,6.8228874,-10.871878,-9.802474,9.133888,-8.713358,-14.8027935,7.7474036,-11.926658,8.753904,0.51557463,2.5781884,5.7465463,7.8200164,12.503864,-18.021536,77.41439,13.134844,-14.28377,23.234436,10.292688,-13.287259,20.956232,76.737595,-12.244201,-5.02816,-1.0297123
1121,9.250195503234863,680.4520874023438,77.7060775756836,-1.1303640604798262,-4.0519916799961155,92.77398371758999,11.468682,10.647246,29.803034,6.8209977,-10.860775,-9.782739,9.072982,-8.72073,-14.735327,7.7497277,-11.895309,8.770731,0.37626043,2.5922124,5.7455945,7.5222354,12.588272,-18.117418,77.30653,13.174347,-14.340648,23.380323,10.593567,-13.491377,20.797523,76.53374,-12.166303,-5.05978,-1.1525317
1122,9.229836463928223,680.4464111328125,77.70711517333984,-1.1390193774552724,-4.0189098971708175,92.70014544317701,11.451623,10.642008,29.872883,6.8183727,-10.849796,-9.764825,9.007496,-8.721292,-14.661007,7.7505856,-11.858991,8.782886,0.23570998,2.610554,5.741384,7.2300367,12.679908,-18.213463,77.19894,13.216846,-14.392852,23.500553,10.862618,-13.695252,20.618202,76.32816,-12.15718,-5.0926704,-1.307697
1123,9.203145980834961,680.436767578125,77.71227264404297,-1.1493079620972637,-3.9864191502253523,92.61356789896674,11.439905,10.640081,29.955511,6.8156095,-10.842331,-9.749529,8.935389,-8.718238,-14.574873,7.756324,-11.823949,8.7893915,0.1061175,2.6332433,5.739788,6.9419236,12.776868,-18.306194,77.088745,13.257382,-14.441587,23.597242,11.099078,-13.897194,20.434702,76.12861,-12.1666,-5.125187,-1.4684623
1124,9.179631233215332,680.439453125,77.71260833740234,-1.1575544659771013,-3.9586316247841054,92.50742405818968,11.439642,10.638828,30.058865,6.8131976,-10.841391,-9.736956,8.859009,-8.71455,-14.47219,7.7663693,-11.793781,8.789565,-2.0838559e-05,2.659146,5.7468247,6.6551065,12.875799,-18.389719,76.97567,13.294068,-14.488721,23.673592,11.298694,-14.095956,20.266657,75.9475,-12.140879,-5.156677,-1.6092527
1125,9.15339183807373,680.4376831054688,77.71173858642578,-1.1625106351293717,-3.9377737507334274,92.37494632386614,11.4576235,10.635631,30.190989,6.8075175,-10.849083,-9.727791,8.773213,-8.712807,-14.348109,7.7892466,-11.773822,8.777164,-0.074715085,2.6896625,5.7628694,6.3664064,12.974655,-18.465866,76.862274,13.322617,-14.53795,23.726305,11.464077,-14.291807,20.110228,75.78321,-12.063035,-5.1865473,-1.7224599
1126,9.130298614501953,680.4290771484375,77.71015167236328,-1.1667297843403013,-3.9211606579879534,92.22133026277947,11.487123,10.632931,30.345415,6.80251,-10.86456,-9.721255,8.679953,-8.710605,-14.206382,7.8203254,-11.760192,8.754601,-0.12646435,2.7249978,5.785108,6.0756073,13.073584,-18.53566,76.75106,13.346121,-14.587235,23.755854,11.593768,-14.486069,19.959063,75.63368,-11.961651,-5.215679,-1.822638
1127,9.112780570983887,680.4236450195312,77.7103500366211,-1.1729946431709255,-3.9057293647477724,92.05835216486342,11.520798,10.633507,30.5095,6.7970114,-10.8809805,-9.717013,8.586016,-8.703616,-14.055069,7.847508,-11.743457,8.73379,-0.16944121,2.7642312,5.8134456,5.7894154,13.1726265,-18.596394,76.637726,13.36841,-14.6296425,23.770864,11.68168,-14.677041,19.829859,75.50617,-11.85358,-5.2441897,-1.9163862
1128,9.094304084777832,680.4154663085938,77.7103042602539,-1.1838899698159155,-3.888086629344702,91.89767201993878,11.551306,10.640179,30.670795,6.7902417,-10.892341,-9.714744,8.495941,-8.687975,-13.901761,7.861152,-11.714526,8.726553,-0.21874204,2.806284,5.846909,5.514002,13.272151,-18.64577,76.51884,13.392013,-14.6577015,23.780287,11.719916,-14.86113,19.741573,75.41011,-11.754511,-5.271908,-2.0109427
1129,9.074819564819336,680.4060668945312,77.71247100830078,-1.2040687442627014,-3.8644708702789234,91.74168954353998,11.57069,10.658441,30.826769,6.785521,-10.896289,-9.714968,8.41027,-8.658392,-13.746781,7.8534193,-11.667102,8.7415495,-0.27951142,2.851949,5.884339,5.2503996,13.374216,-18.682438,76.39286,13.43023,-14.660303,23.784378,11.696507,-15.038727,19.703959,75.35932,-11.674938,-5.3023343,-2.1116548
1130,9.054550170898438,680.396728515625,77.71502685546875,-1.2310321793148542,-3.837671668255586,91.58437895944743,11.586161,10.684477,30.983973,6.7803316,-10.895873,-9.7177515,8.326858,-8.61853,-13.58653,7.830804,-11.606552,8.770605,-0.34427273,2.9009943,5.9259086,4.9975767,13.479208,-18.707201,76.26021,13.47704,-14.644348,23.778421,11.618237,-15.209123,19.709795,75.3456,-11.601674,-5.3341928,-2.2136075
1131,9.037114143371582,680.388916015625,77.72227478027344,-1.25796500813559,-3.8142594188588745,91.42511167380017,11.605472,10.711035,31.142315,6.775413,-10.895383,-9.721113,8.245299,-8.577878,-13.423111,7.809364,-11.546243,8.800452,-0.4071994,2.947536,5.9758277,4.7523584,13.58529,-18.720802,76.12518,13.507873,-14.630203,23.765842,11.497784,-15.370087,19.742653,75.353096,-11.522338,-5.3609147,-2.310618
1132,9.027238845825195,680.3764038085938,77.72256469726562,-1.2774765073600638,-3.8011795395428694,91.26323553368603,11.637155,10.729701,31.301395,6.7687526,-10.897139,-9.722565,8.167733,-8.545352,-13.259021,7.800557,-11.496614,8.817708,-0.46224973,2.9867294,6.037451,4.5132055,13.688879,-18.721241,75.991486,13.501856,-14.637851,23.74968,11.350105,-15.516915,19.786903,75.364265,-11.424398,-5.3752995,-2.3964417
1133,9.015950202941895,680.3634643554688,77.72225952148438,-1.2860248722046168,-3.803756552163475,91.09842523320084,11.686043,10.737258,31.459803,6.7628174,-10.902899,-9.721805,8.096718,-8.526261,-13.094531,7.814035,-11.4656,8.816858,-0.50641507,3.0147111,6.1153784,4.2735925,13.788338,-18.712234,75.86671,13.435147,-14.680776,23.729633,11.173197,-15.64626,19.848677,75.3863,-11.286683,-5.372899,-2.4690626
1134,9.000862121582031,680.3513793945312,77.72355651855469,-1.2882900728021618,-3.817309641223894,90.93122869287713,11.7477,10.738089,31.618252,6.7559276,-10.910534,-9.720092,8.029279,-8.514474,-12.928421,7.842125,-11.445509,8.805498,-0.5391588,3.0345469,6.201514,4.026439,13.876262,-18.694632,75.76384,13.331139,-14.744443,23.709394,10.953732,-15.748732,19.930555,75.44166,-11.123958,-5.357825,-2.5379307
1135,8.983428001403809,680.3391723632812,77.7249984741211,-1.289223433377301,-3.832458450168003,90.76161955899602,11.81206,10.737229,31.77941,6.7486773,-10.919733,-9.717381,7.9614644,-8.5041275,-12.760475,7.8729587,-11.427847,8.790874,-0.5716442,3.0511885,6.2965956,3.8000956,13.973212,-18.661858,75.639854,13.214798,-14.810841,23.681908,10.712404,-15.849989,20.01959,75.48163,-10.970425,-5.337936,-2.5951958
1136,8.970613479614258,680.3265380859375,77.72738647460938,-1.2932536961235976,-3.8400716931135914,90.589718432164,11.867443,10.740509,31.945715,6.742302,-10.929318,-9.713304,7.8868155,-8.488847,-12.590379,7.896725,-11.404173,8.779591,-0.5957176,3.0710485,6.3807783,3.5692396,14.053404,-18.627077,75.5363,13.12486,-14.859093,23.664846,10.438988,-15.924208,20.089825,75.5306,-10.869193,-5.32002,-2.6577556
1137,8.95556926727295,680.3159790039062,77.72723388671875,-1.3017090173275194,-3.8371541002949203,90.4154635955295,11.913412,10.746882,32.118958,6.7341757,-10.93998,-9.7069435,7.801649,-8.4687605,-12.4182,7.914512,-11.375261,8.772902,-0.6189163,3.093883,6.459786,3.3562279,14.136316,-18.576958,75.41669,13.068013,-14.8827305,23.647163,10.140991,-15.992488,20.1557,75.56849,-10.825757,-5.30911,-2.7240653
1138,8.942344665527344,680.3012084960938,77.72758483886719,-1.3119641144714262,-3.828975771187347,90.23889402623048,11.953407,10.754992,32.29711,6.7268286,-10.952022,-9.698391,7.711733,-8.446132,-12.244339,7.9268117,-11.342771,8.767319,-0.6336218,3.1194944,6.533899,3.1418135,14.207248,-18.521526,75.3078,13.027649,-14.892222,23.634563,9.811401,-16.043705,20.217684,75.61461,-10.821403,-5.2998495,-2.7960706
1139,8.927348136901855,680.2850952148438,77.7269287109375,-1.3250398820314389,-3.8181701943150923,90.06015006844672,11.99111,10.766036,32.47868,6.7195997,-10.964947,-9.690577,7.618758,-8.419806,-12.068017,7.936637,-11.306965,8.76325,-0.6516261,3.1444023,6.6105733,2.9536667,14.286109,-18.452114,75.177315,12.993822,-14.896914,23.620733,9.467811,-16.090748,20.261332,75.62685,-10.847571,-5.2859244,-2.8494012
1140,8.908419609069824,680.2728881835938,77.72884368896484,-1.3402112501340044,-3.8075104072047936,89.87923814339678,12.031481,10.780944,32.662476,6.7107368,-10.978304,-9.686575,7.528787,-8.388521,-11.888913,7.942219,-11.267691,8.761483,-0.6619887,3.1730618,6.682858,2.7669218,14.348189,-18.389788,75.065254,12.961434,-14.904015,23.619873,9.1141205,-16.118437,20.254156,75.607086,-10.899527,-5.259907,-2.876898
1141,8.8905029296875,680.2589111328125,77.73191833496094,-1.3610350018106965,-3.7966004993196525,89.69658433733805,12.07324,10.802645,32.847782,6.7025113,-10.993824,-9.6877775,7.441459,-8.349574,-11.706542,7.941518,-11.220741,8.765809,-0.67201024,3.2108326,6.739571,2.5779681,14.377894,-18.344027,74.99436,12.922641,-14.913538,23.644304,8.742533,-16.128445,20.197386,75.56776,-10.999613,-5.20787,-2.8589628
1142,8.8759765625,680.2484130859375,77.73603057861328,-1.3862994452352835,-3.7847993260268673,89.51212399443156,12.115502,10.830243,33.03518,6.6959634,-11.01202,-9.692983,7.3563104,-8.304601,-11.521406,7.9365916,-11.169504,8.774703,-0.6795808,3.2379425,6.824433,2.438671,14.457767,-18.274818,74.84688,12.889523,-14.92592,23.653275,8.37326,-16.140213,20.068357,75.441826,-11.163836,-5.1406455,-2.7877438
1143,8.865021705627441,680.2369995117188,77.73480987548828,-1.4110118763800852,-3.7732046607882794,89.3250126647552,12.158799,10.858084,33.225662,6.687903,-11.0292635,-9.699038,7.2702246,-8.258228,-11.333898,7.930752,-11.117684,8.780591,-0.6858106,3.2750652,6.8893204,2.2919512,14.496304,-18.215252,74.74409,12.856568,-14.937295,23.679012,7.9906926,-16.138136,19.939392,75.3091,-11.296223,-5.078804,-2.7270036
1144,8.8518705368042,680.2279052734375,77.73577880859375,-1.431063126811576,-3.7639353153786446,89.13483202732915,12.205811,10.880649,33.419735,6.678348,-11.045425,-9.704285,7.1803546,-8.216043,-11.144369,7.935676,-11.076155,8.775764,-0.6633945,3.294208,6.9718447,2.1640666,14.571576,-18.151144,74.594894,12.832221,-14.95205,23.681652,7.6277275,-16.11221,19.765995,75.11063,-11.369687,-5.049544,-2.7048514
1145,8.837790489196777,680.2171630859375,77.7359848022461,-1.4433829533266371,-3.7561640260779074,88.93778589966958,12.255977,10.895753,33.621998,6.6678696,-11.060286,-9.706622,7.080145,-8.180007,-10.949685,7.956063,-11.047876,8.751725,-0.63634247,3.317183,7.046827,2.0416172,14.618669,-18.064493,74.45011,12.82433,-14.967097,23.678032,7.266738,-16.075947,19.600746,74.88535,-11.311353,-5.060789,-2.7486994
1146,8.826339721679688,680.1996459960938,77.73532104492188,-1.4522283923352728,-3.749374371220273,88.73564153758988,12.308158,10.906098,33.83036,6.655447,-11.072913,-9.707536,6.974041,-8.146998,-10.751037,7.986258,-11.028831,8.714649,-0.59214723,3.3259454,7.1236916,1.9272346,14.675404,-17.970682,74.29668,12.823806,-14.987349,23.6646,6.9012256,-16.005365,19.405722,74.632256,-11.182379,-5.0992002,-2.8352392
1147,8.818005561828613,680.1893920898438,77.73595428466797,-1.4597138636754974,-3.7451461855452406,88.53503109845933,12.363042,10.916137,34.03636,6.6450315,-11.087991,-9.71031,6.8713326,-8.114361,-10.554076,8.017157,-11.01113,8.679051,-0.54430515,3.331572,7.1992955,1.8222566,14.725479,-17.87045,74.14905,12.836539,-15.007304,23.654308,6.529625,-15.917041,19.215508,74.352715,-11.038187,-5.1525126,-2.93738
1148,8.807120323181152,680.1773071289062,77.73503112792969,-1.4712642039546548,-3.745114362592637,88.34299480265105,12.421001,10.929829,34.231228,6.6338053,-11.103682,-9.717628,6.7847314,-8.078748,-10.365047,8.035327,-10.985712,8.659441,-0.50082976,3.3429124,7.2763195,1.7268451,14.763283,-17.772512,74.01543,12.861842,-15.024223,23.65628,6.1566567,-15.830923,19.051298,74.035545,-10.940253,-5.2081895,-3.0255563
1149,8.793701171875,680.1649780273438,77.73499298095703,-1.4892370807938504,-3.751763506383332,88.16052985734436,12.485771,10.949124,34.412525,6.6225123,-11.122859,-9.733375,6.7209525,-8.03867,-10.184443,8.035936,-10.949021,8.664773,-0.46220794,3.3539782,7.3573923,1.6419997,14.800025,-17.688686,73.89499,12.903185,-15.031287,23.670485,5.7736897,-15.730331,18.903015,73.687416,-10.895465,-5.2675266,-3.0965528
1150,8.782984733581543,680.161865234375,77.73373413085938,-1.510391922834463,-3.7634251678707713,87.98424048888339,12.555721,10.971616,34.58501,6.6112146,-11.14448,-9.755002,6.6732373,-7.996078,-10.009398,8.024547,-10.905254,8.685714,-0.4262386,3.3677247,7.4420414,1.5696043,14.831424,-17.610502,73.780785,12.958879,-15.032225,23.691957,5.3900495,-15.626044,18.765717,73.29735,-10.871518,-5.335786,-3.160692
1151,8.773688316345215,680.150390625,77.73304748535156,-1.5310904379069652,-3.7762148199207872,87.81445389021728,12.625561,10.993925,34.75068,6.599533,-11.165372,-9.775997,6.630589,-7.9535646,-9.840972,8.011302,-10.861846,8.708997,-0.38702786,3.3764162,7.5240064,1.5082023,14.858609,-17.518847,73.67368,13.023251,-15.038983,23.721489,5.0018783,-15.510332,18.654417,72.88361,-10.889239,-5.405203,-3.2257714
1152,8.763838768005371,680.1411743164062,77.7328872680664,-1.5499361911683844,-3.7862616481521907,87.6515824752779,12.68885,11.013981,34.911877,6.5876365,-11.181557,-9.790057,6.58222,-7.9134355,-9.680113,8.004956,-10.824718,8.721631,-0.3425629,3.381936,7.60066,1.4577409,14.874805,-17.396164,73.57173,13.086272,-15.064316,23.759983,4.6216288,-15.399979,18.588907,72.439095,-10.963033,-5.4685545,-3.2923265
1153,8.759455680847168,680.1300659179688,77.7335205078125,-1.5637877854473086,-3.792342077021258,87.49741129608543,12.743065,11.031041,35.067295,6.5794024,-11.19482,-9.793162,6.524946,-7.8766336,-9.527665,8.009899,-10.798016,8.718368,-0.2944813,3.3743625,7.6667194,1.4172846,14.883258,-17.234905,73.486496,13.1541195,-15.123078,23.810848,4.233361,-15.27507,18.576405,71.9843,-11.100566,-5.525664,-3.3613405
1154,8.754246711730957,680.1220703125,77.73377227783203,-1.5750802711997867,-3.7966580286915517,87.35097951366303,12.791972,11.045773,35.21681,6.5700808,-11.203136,-9.789256,6.4656487,-7.8419104,-9.382835,8.018429,-10.776541,8.706992,-0.24136889,3.3650234,7.729803,1.386298,14.881616,-17.050838,73.40977,13.224598,-15.2053795,23.871048,3.8562067,-15.158766,18.599571,71.48647,-11.291358,-5.5798683,-3.4244263
1155,8.746337890625,680.1151123046875,77.73454284667969,-1.585959798878574,-3.8001843737483116,87.20911195464724,12.838243,11.059807,35.36232,6.5615478,-11.2107725,-9.784787,6.4061594,-7.808176,-9.244702,8.028405,-10.756207,8.693035,-0.18958458,3.3463228,7.7849135,1.3695067,14.869997,-16.828724,73.336365,13.300367,-15.283313,23.94033,3.462559,-15.022141,18.674652,70.99553,-11.528364,-5.6276274,-3.505615
1156,8.742704391479492,680.1026611328125,77.73435974121094,-1.597172789247154,-3.803982258789979,87.06797491722914,12.884683,11.073965,35.506466,6.5526533,-11.219838,-9.785974,6.3480735,-7.7744436,-9.112075,8.03782,-10.733764,8.682228,-0.1301196,3.3286462,7.837366,1.3661016,14.847056,-16.575857,73.24714,13.371576,-15.330894,24.01149,3.0687819,-14.888169,18.792265,70.49816,-11.802504,-5.6665444,-3.6110919
1157,8.737709045410156,680.0930786132812,77.73468780517578,-1.6092498180466055,-3.8095392721629024,86.92692836235638,12.933564,11.088031,35.64952,6.542829,-11.230189,-9.796094,6.296314,-7.740475,-8.989622,8.040433,-10.704987,8.675576,-0.063453004,3.3119612,7.888506,1.380265,14.808797,-16.274628,73.13183,13.45756,-15.335037,24.08859,2.6764154,-14.756676,18.962286,69.986626,-12.125191,-5.689963,-3.7514343
1158,8.731501579284668,680.0803833007812,77.73428344726562,-1.6210842197297395,-3.8159902184367684,86.78763623611042,12.982653,11.101512,35.79004,6.532485,-11.240348,-9.811259,6.2471266,-7.707421,-8.876003,8.041942,-10.674371,8.670307,0.008124281,3.2956905,7.937382,1.4085641,14.75428,-15.931207,73.00207,13.553758,-15.311661,24.172743,2.2831895,-14.626912,19.185507,69.46063,-12.492656,-5.700666,-3.9173963
1159,8.72374153137207,680.0682373046875,77.73259735107422,-1.6343831849215043,-3.820479101676789,86.65084188343793,13.029543,11.115204,35.928875,6.5206647,-11.250724,-9.827063,6.196995,-7.6735487,-8.762541,8.042006,-10.64186,8.666068,0.08032097,3.283277,7.9803634,1.4468417,14.685615,-15.570929,72.87377,13.624793,-15.278335,24.255472,1.8881739,-14.499386,19.442583,68.93738,-12.885769,-5.7099757,-4.09231
1160,8.713125228881836,680.06396484375,77.73125457763672,-1.6507773943295447,-3.8204935726495775,86.51717485647094,13.070757,11.131216,36.066116,6.51062,-11.264028,-9.839342,6.14376,-7.637663,-8.640687,8.040978,-10.609129,8.663108,0.15102503,3.277621,8.014901,1.4906732,14.60671,-15.220946,72.76151,13.6349,-15.252633,24.32782,1.4870402,-14.376193,19.717186,68.43675,-13.28003,-5.7297583,-4.2595034
1161,8.69626522064209,680.0562744140625,77.72888946533203,-1.6725218468897727,-3.812382287022296,86.3822287393787,13.104323,11.151597,36.208374,6.500789,-11.281483,-9.84664,6.0803905,-7.596691,-8.498757,8.038302,-10.571742,8.661349,0.22291444,3.2832649,8.039439,1.5426965,14.517276,-14.88397,72.6625,13.560114,-15.235839,24.386648,1.0741801,-14.260467,20.0145,67.9625,-13.682755,-5.7658067,-4.4216137
1162,8.691908836364746,680.0506591796875,77.73088836669922,-1.697843143652218,-3.798479174656009,86.24718597611694,13.131759,11.17576,36.35304,6.4913907,-11.301735,-9.851399,6.011291,-7.5517197,-8.344722,8.0325775,-10.530006,8.66081,0.29713395,3.2987866,8.056245,1.6047554,14.415957,-14.547433,72.56862,13.424749,-15.219618,24.43636,0.65722865,-14.151243,20.33792,67.500015,-14.103294,-5.8105845,-4.5841665
1163,8.682157516479492,680.0442504882812,77.733154296875,-1.7217751001821706,-3.785252435001599,86.12091629163814,13.157476,11.197345,36.487774,6.4824905,-11.321306,-9.854778,5.946071,-7.510019,-8.198244,8.028632,-10.49346,8.661296,0.36948225,3.3138173,8.068258,1.6670637,14.308403,-14.222568,72.492226,13.257568,-15.208092,24.479506,0.24758679,-14.045631,20.670683,67.045265,-14.518271,-5.85631,-4.7359843
1164,8.674558639526367,680.0355224609375,77.73442077636719,-1.7369503092970167,-3.7786777270037,86.0123046817618,13.184399,11.211642,36.59974,6.4744263,-11.334916,-9.858155,5.8972435,-7.47841,-8.079398,8.023493,-10.466776,8.662468,0.44023693,3.3170836,8.07976,1.7211823,14.207038,-13.9289,72.43937,13.081272,-15.204502,24.516434,-0.13585956,-13.941206,20.99047,66.58798,-14.904943,-5.898618,-4.8651023
1165,8.666081428527832,680.0281982421875,77.73697662353516,-1.7389949230409536,-3.782822111180609,85.92774718662848,13.215246,11.214309,36.67955,6.467871,-11.34067,-9.862929,5.8715353,-7.462101,-7.9996753,8.019373,-10.457024,8.664885,0.49897292,3.2986562,8.091565,1.7642615,14.112473,-13.663545,72.4209,12.897529,-15.207351,24.556162,-0.5003838,-13.82179,21.291265,66.13808,-15.263124,-5.934892,-4.972082
1166,8.673169136047363,680.0269165039062,77.73468780517578,-1.7326109476798313,-3.7935165974835607,85.86125084199855,13.247675,11.209072,36.73604,6.4604974,-11.339435,-9.867854,5.8599267,-7.456132,-7.9462495,8.017652,-10.459619,8.668368,0.55724263,3.2615387,8.102892,1.8032881,14.031515,-13.427628,72.42253,12.691317,-15.215495,24.591814,-0.8433964,-13.691001,21.573923,65.68825,-15.606546,-5.969289,-5.06149
1167,8.676697731018066,680.0245971679688,77.73133850097656,-1.7245218164428995,-3.8047341155471943,85.80285228019727,13.2775545,11.202509,36.783543,6.4554954,-11.338608,-9.871132,5.8531775,-7.453347,-7.902742,8.015452,-10.464401,8.671753,0.6204726,3.2160115,8.110118,1.8444752,13.964364,-13.215526,72.4326,12.472742,-15.233624,24.60956,-1.1760782,-13.558394,21.863146,65.250175,-15.925659,-6.002135,-5.1335874
1168,8.675358772277832,680.0213623046875,77.7279281616211,-1.7208436605445057,-3.8103681760012953,85.74259853089923,13.303012,11.200153,36.83678,6.4496055,-11.341482,-9.870347,5.839295,-7.4454336,-7.8526926,8.014582,-10.463258,8.673447,0.68467534,3.174446,8.1053,1.8957192,13.903198,-13.011806,72.44591,12.256109,-15.265588,24.598202,-1.5225316,-13.422472,22.190317,64.85498,-16.216162,-6.033036,-5.192421
1169,8.67336654663086,680.0206909179688,77.72672271728516,-1.724273073571212,-3.806634377173446,85.67604799132589,13.320082,11.204193,36.901165,6.4445753,-11.351604,-9.861628,5.811533,-7.430132,-7.790747,8.01577,-10.4511,8.672217,0.75696576,3.1412783,8.087217,1.9571918,13.849871,-12.825654,72.45974,12.025138,-15.321584,24.542892,-1.8771753,-13.298419,22.573944,64.48813,-16.45567,-6.063449,-5.2292266
1170,8.669720649719238,680.022216796875,77.72760009765625,-1.731749036885085,-3.797503703883638,85.60915129142022,13.331331,11.211589,36.96856,6.440413,-11.365597,-9.847373,5.7779355,-7.411566,-7.7260485,8.017905,-10.433589,8.669092,0.8321593,3.1128376,8.059489,2.0271802,13.80258,-12.655839,72.47722,11.780171,-15.395975,24.453201,-2.2313159,-13.18704,22.998228,64.13928,-16.652727,-6.093176,-5.2440047
1171,8.665338516235352,680.0205688476562,77.72765350341797,-1.7398612718875643,-3.7884465871215838,85.5474104198376,13.341829,11.220677,37.032494,6.437655,-11.3808365,-9.83505,5.7468605,-7.3923836,-7.663599,8.018632,-10.415595,8.666359,0.9160698,3.0911198,8.032536,2.0987072,13.760031,-12.501202,72.49337,11.551712,-15.470644,24.350893,-2.5640724,-13.0913925,23.414799,63.791996,-16.845161,-6.121364,-5.2447944
1172,8.6665678024292,680.01806640625,77.72809600830078,-1.7479202717156068,-3.7850032032105165,85.49643809202081,13.356877,11.229553,37.086567,6.433962,-11.3918,-9.832393,5.7270055,-7.375331,-7.608469,8.017971,-10.404745,8.666172,0.9917464,3.0744083,8.009783,2.1752412,13.712031,-12.3358345,72.50907,11.3787,-15.527435,24.26347,-2.8870437,-12.989077,23.803455,63.47244,-17.069479,-6.144845,-5.2488456
1173,8.670060157775879,680.0172119140625,77.72553253173828,-1.757517939046807,-3.7903010203092284,85.45809596816522,13.381194,11.240683,37.130512,6.429426,-11.398103,-9.846285,5.723724,-7.3588862,-7.558402,8.012178,-10.401665,8.6699295,1.0927056,3.0705056,8.000266,2.2420232,13.667272,-12.185838,72.51957,11.27274,-15.559141,24.187063,-3.1571357,-12.904662,24.102697,63.13235,-17.355562,-6.1660743,-5.24488
1174,8.660294532775879,680.0208740234375,77.72472381591797,-1.7689788061452498,-3.800838890059626,85.42942195874613,13.410078,11.254302,37.16701,6.4261117,-11.402437,-9.87086,5.731851,-7.3425364,-7.5119305,8.002957,-10.403665,8.676149,1.1727259,3.0735984,7.987671,2.3194363,13.606416,-12.00516,72.53859,11.231454,-15.575828,24.122675,-3.4457707,-12.797789,24.394693,62.85578,-17.674757,-6.18136,-5.2451644
1175,8.658458709716797,680.0276489257812,77.72340393066406,-1.7787501243668482,-3.8122712603929303,85.40843628455474,13.437362,11.265259,37.194954,6.4214044,-11.403629,-9.895685,5.7424693,-7.3297157,-7.4752035,7.994813,-10.408126,8.682808,1.2715118,3.076973,7.978016,2.3847299,13.552614,-11.862519,72.56221,11.201151,-15.586698,24.06496,-3.7001772,-12.705786,24.6564,62.575172,-17.993025,-6.195156,-5.243395
1176,8.662034034729004,680.0276489257812,77.72351837158203,-1.782308964467987,-3.8203629950953064,85.39329085718025,13.455181,11.269267,37.212837,6.4196115,-11.404831,-9.910277,5.7497263,-7.323849,-7.4546933,7.988723,-10.411411,8.687836,1.3544701,3.0677946,7.9619536,2.4498258,13.496469,-11.736517,72.59651,11.162562,-15.599667,24.024464,-3.9682922,-12.604078,24.956364,62.34863,-18.268684,-6.207122,-5.257806
1177,8.665862083435059,680.0230712890625,77.7244644165039,-1.7765164519064147,-3.8221992953724744,85.38295493862411,13.459501,11.261447,37.21912,6.417937,-11.402385,-9.910501,5.7483015,-7.3290596,-7.456552,7.9885707,-10.4155035,8.690656,1.4406143,3.0392869,7.9435887,2.5034542,13.454279,-11.664634,72.638794,11.083629,-15.620823,24.000597,-4.219527,-12.513209,25.278797,62.129898,-18.499664,-6.214756,-5.2888575
1178,8.66493034362793,680.0220947265625,77.723388671875,-1.7637461037123048,-3.820524789475593,85.37855681810233,13.455044,11.244894,37.215073,6.4161544,-11.397094,-9.902034,5.7425137,-7.342329,-7.4758797,7.9914274,-10.420001,8.69229,1.5182931,2.9964266,7.921986,2.556821,13.419174,-11.616765,72.68557,10.994141,-15.644498,23.99172,-4.469682,-12.418288,25.623854,61.94195,-18.702814,-6.218162,-5.3347583
1179,8.663581848144531,680.0199584960938,77.7199935913086,-1.751307512414205,-3.819945895459449,85.38179824637768,13.448895,11.22881,37.203224,6.4148264,-11.391781,-9.890649,5.7410364,-7.3565283,-7.502532,7.9937944,-10.423961,8.693297,1.5991575,2.950633,7.902404,2.6089299,13.391433,-11.589069,72.731224,10.91583,-15.662989,23.986084,-4.706029,-12.328781,25.971138,61.77567,-18.871891,-6.223436,-5.3769455
1180,8.665229797363281,680.01953125,77.71774291992188,-1.7442781853606542,-3.824545239849558,85.39422262464228,13.447141,11.220906,37.186478,6.416143,-11.391556,-9.880928,5.747849,-7.3648405,-7.5257554,7.999086,-10.428744,8.693888,1.6867,2.914914,7.888827,2.6640255,13.365682,-11.565988,72.76921,10.876316,-15.669049,23.973913,-4.924687,-12.24786,26.31332,61.631493,-18.995937,-6.236103,-5.3990774
1181,8.668538093566895,680.022216796875,77.71524047851562,-1.748248585945592,-3.837612641219429,85.41561892321043,13.454936,11.226895,37.16738,6.4195414,-11.397857,-9.873877,5.770366,-7.3620667,-7.538417,7.999884,-10.42809,8.6949415,1.7653478,2.894578,7.8786902,2.731529,13.332241,-11.522931,72.80175,10.898713,-15.6564045,23.95648,-5.1575875,-12.157827,26.676752,61.55625,-19.055014,-6.260874,-5.402279
1182,8.67823314666748,680.0252075195312,77.71580505371094,-1.7578172058487167,-3.8559244341500056,85.44523062541955,13.467384,11.241213,37.14403,6.4242525,-11.408292,-9.866706,5.8004823,-7.352997,-7.547216,8.004128,-10.426604,8.695875,1.8551034,2.8865063,7.874844,2.7958407,13.297838,-11.493662,72.83206,10.957913,-15.630632,23.936085,-5.3725924,-12.08126,27.035456,61.504074,-19.062796,-6.294725,-5.387907
1183,8.678974151611328,680.0242919921875,77.71661376953125,-1.768358296700372,-3.8752064564123967,85.48443954277808,13.479331,11.255441,37.112003,6.428151,-11.418642,-9.860348,5.8361645,-7.344988,-7.5642514,8.007484,-10.428068,8.695625,1.9468219,2.881401,7.872023,2.859123,13.263083,-11.475007,72.86184,11.033628,-15.601067,23.915562,-5.56391,-12.0167885,27.384705,61.46127,-19.053286,-6.3275394,-5.3625994
1184,8.677927017211914,680.02392578125,77.7193832397461,-1.7729799634177754,-3.8907920642182634,85.53473436663369,13.481823,11.263057,37.066387,6.4333224,-11.425085,-9.854834,5.871794,-7.3453164,-7.601265,8.0105915,-10.437595,8.692787,2.031088,2.8690028,7.863208,2.923036,13.227493,-11.46383,72.89439,11.105938,-15.576349,23.89901,-5.7313437,-11.957343,27.719467,61.422848,-19.06168,-6.3486257,-5.3345003
1185,8.689332008361816,680.0242919921875,77.71942901611328,-1.769487341949244,-3.901397190394862,85.59781966187111,13.473708,11.261534,37.00425,6.438571,-11.425888,-9.851835,5.907343,-7.355658,-7.665012,8.014222,-10.459947,8.683929,2.1007917,2.846544,7.844372,2.9881315,13.188185,-11.455353,72.93599,11.169774,-15.559785,23.886131,-5.882102,-11.89242,28.040728,61.402245,-19.099861,-6.351118,-5.3018594
1186,8.695611000061035,680.0308837890625,77.7197036743164,-1.7614080344223417,-3.9096322069490688,85.67245472804213,13.45834,11.2548,36.928745,6.4440236,-11.422755,-9.850648,5.9447207,-7.37279,-7.747856,8.018844,-10.491802,8.670917,2.1812177,2.8169026,7.8237147,3.0454006,13.156863,-11.470984,72.98059,11.230975,-15.546623,23.871275,-5.993569,-11.841437,28.327356,61.371597,-19.15142,-6.3434215,-5.257222
1187,8.700355529785156,680.0301513671875,77.71724700927734,-1.7520631168476963,-3.916438506345193,85.75570035711893,13.43733,11.245582,36.844074,6.45194,-11.419702,-9.848483,5.9817924,-7.394413,-7.840491,8.024726,-10.526033,8.6599455,2.2417772,2.7835555,7.79659,3.112504,13.119768,-11.479706,73.024414,11.302183,-15.532785,23.865425,-6.104363,-11.781447,28.624268,61.372807,-19.202002,-6.3329616,-5.219198
1188,8.702055931091309,680.0330810546875,77.71762084960938,-1.740303364933812,-3.9228623345228706,85.84430688959802,13.415415,11.234783,36.75514,6.458715,-11.417249,-9.84307,6.022338,-7.4189205,-7.9341226,8.025116,-10.554278,8.657694,2.2953353,2.74813,7.7661843,3.1822398,13.081038,-11.498313,73.06648,11.381799,-15.515018,23.872824,-6.2069206,-11.716863,28.919651,61.392544,-19.248018,-6.3306975,-5.1959763
1189,8.706701278686523,680.03662109375,77.71678161621094,-1.7260687639239178,-3.927933982583291,85.93900211411002,13.388778,11.220667,36.661427,6.4665046,-11.415822,-9.830959,6.062206,-7.4496937,-8.027024,8.023058,-10.576161,8.668808,2.3610513,2.706432,7.7394037,3.2471242,13.056205,-11.556999,73.096344,11.459885,-15.495137,23.891184,-6.2668514,-11.674641,29.189535,61.379436,-19.28895,-6.3425736,-5.191023
1190,8.715937614440918,680.0402221679688,77.7165756225586,-1.708640038260024,-3.931633444484124,86.04097062623889,13.359332,11.202447,36.561382,6.471877,-11.41335,-9.81465,6.1024566,-7.486108,-8.123896,8.017451,-10.593567,8.688895,2.4264219,2.6596131,7.7137275,3.312806,13.037835,-11.635431,73.11726,11.542662,-15.47409,23.918968,-6.3003764,-11.644391,29.447802,61.35615,-19.3255,-6.3617826,-5.199187
1191,8.71895694732666,680.0398559570312,77.7138671875,-1.692886009698436,-3.9361457702043383,86.14769757091612,13.328119,11.186766,36.456238,6.4803104,-11.412442,-9.799095,6.146329,-7.521558,-8.224445,8.010977,-10.6097975,8.7104225,2.4882934,2.614055,7.6884437,3.3832917,13.021171,-11.713673,73.132645,11.632936,-15.448056,23.950386,-6.31809,-11.620637,29.70141,61.339973,-19.359137,-6.3825326,-5.203026
1192,8.723430633544922,680.0430908203125,77.7125244140625,-1.6840564634518458,-3.943907113855232,86.25668622832227,13.301399,11.178297,36.348248,6.4883895,-11.412572,-9.789916,6.1968765,-7.548717,-8.328441,8.005329,-10.626886,8.72598,2.5439305,2.5768683,7.662187,3.4631329,13.001539,-11.770753,73.1464,11.735277,-15.413718,23.979284,-6.328189,-11.600427,29.960112,61.345825,-19.387789,-6.3986673,-5.185247
1193,8.729181289672852,680.042724609375,77.71149444580078,-1.6882736452936429,-3.9579128332835167,86.36727795517601,13.282615,11.183877,36.237247,6.4987464,-11.416206,-9.791937,6.259918,-7.561115,-8.435046,7.9976807,-10.642587,8.7336235,2.578388,2.5566564,7.6351933,3.5618503,12.96854,-11.783602,73.157906,11.8662195,-15.362602,24.007612,-6.349204,-11.5809965,30.255278,61.391506,-19.403454,-6.407547,-5.1337094
1194,8.730916976928711,680.0471801757812,77.71186065673828,-1.699825302269253,-3.9760906483008616,86.48062331092856,13.269538,11.197439,36.122814,6.5068083,-11.419912,-9.800831,6.3317027,-7.5642138,-8.544504,7.9883003,-10.656504,8.737258,2.6226847,2.5462506,7.613084,3.6559308,12.935263,-11.793761,73.1717,12.01342,-15.299396,24.035343,-6.352706,-11.574273,30.534462,61.44289,-19.4215,-6.415209,-5.054514
1195,8.73676586151123,680.056884765625,77.713623046875,-1.7107681981380778,-3.9931451764132815,86.5976523859797,13.252288,11.211755,36.004303,6.519866,-11.425401,-9.809208,6.403345,-7.56797,-8.65871,7.981629,-10.673406,8.738352,2.6676395,2.5367434,7.589598,3.752463,12.901606,-11.797177,73.18314,12.159126,-15.239107,24.06084,-6.332969,-11.576016,30.792198,61.49833,-19.44178,-6.4215503,-4.9729323
1196,8.737974166870117,680.0653076171875,77.71455383300781,-1.713583068562673,-4.004279105216862,86.71890731217671,13.228399,11.21343,35.8826,6.5279927,-11.426439,-9.809277,6.4662776,-7.582785,-8.779529,7.9788933,-10.695437,8.738124,2.7009346,2.5219274,7.5589843,3.8562524,12.861342,-11.786893,73.19083,12.286912,-15.195763,24.08445,-6.2914352,-11.583076,31.027527,61.5646,-19.462526,-6.4267054,-4.9146366
1197,8.743805885314941,680.0703735351562,77.71416473388672,-1.701967020057736,-4.006718301115457,86.84547679906053,13.190155,11.199462,35.756287,6.538162,-11.4234,-9.797259,6.516714,-7.613558,-8.910079,7.981884,-10.725838,8.733845,2.7271175,2.498539,7.517959,3.9595745,12.810077,-11.769196,73.20142,12.389203,-15.179427,24.107416,-6.220158,-11.594905,31.22913,61.637394,-19.495945,-6.432287,-4.8940635
1198,8.746411323547363,680.0719604492188,77.71253204345703,-1.6812357160147091,-4.00365977256674,86.97671275584145,13.144785,11.17423,35.62627,6.547107,-11.417797,-9.777983,6.558833,-7.654426,-9.048383,7.9907146,-10.762857,8.725683,2.7612493,2.4670177,7.4692254,4.0569825,12.757956,-11.757954,73.21624,12.472529,-15.179926,24.128515,-6.1176586,-11.61062,31.38582,61.715866,-19.544287,-6.4386106,-4.8945727
1199,8.754578590393066,680.080322265625,77.7123031616211,-1.6576276588556664,-3.998568447353494,87.11068942463957,13.09622,11.146158,35.493458,6.555948,-11.412236,-9.756123,6.600631,-7.6984696,-9.189289,7.9992156,-10.800876,8.720051,2.807439,2.4257643,7.420054,4.1542234,12.723704,-11.756157,73.226074,12.541022,-15.183651,24.14334,-5.9879665,-11.62228,31.489355,61.800243,-19.595917,-6.443846,-4.8936768
1200,8.762454986572266,680.0897216796875,77.71016693115234,-1.639650374206847,-3.9949443144648136,87.24565033942059,13.049199,11.12312,35.3595,6.564693,-11.409599,-9.736156,6.6476746,-7.738129,-9.327303,8.001321,-10.831537,8.722941,2.8434157,2.3937283,7.372569,4.258633,12.683255,-11.73695,73.23638,12.615836,-15.174783,24.159468,-5.8516817,-11.637316,31.567091,61.90881,-19.631207,-6.442792,-4.8723345
1201,8.767110824584961,680.0946044921875,77.70609283447266,-1.6269512395267005,-3.992508250959822,87.38139552886273,13.003388,11.106694,35.224148,6.5744677,-11.412795,-9.717051,6.702367,-7.772584,-9.461185,7.9929953,-10.850465,8.740898,2.873919,2.3769076,7.3272686,4.36417,12.630542,-11.701478,73.25431,12.711423,-15.145883,24.179758,-5.70293,-11.658586,31.601648,62.037395,-19.660011,-6.4326706,-4.8168516
1202,8.769326210021973,680.1034545898438,77.70486450195312,-1.6174155227577316,-3.989622795745622,87.51897069008409,12.957326,11.092438,35.0872,6.5845017,-11.420036,-9.6973505,6.761268,-7.8052015,-9.593855,7.977731,-10.8621,8.769001,2.9063084,2.3631554,7.282209,4.471376,12.580328,-11.660852,73.27365,12.812759,-15.10606,24.1994,-5.5367956,-11.680325,31.589418,62.182034,-19.685993,-6.4165936,-4.740728
1203,8.7720308303833,680.11181640625,77.70471954345703,-1.6087262525902533,-3.9881975705994503,87.6574754642737,12.912516,11.079754,34.948788,6.5948234,-11.427236,-9.679921,6.8216343,-7.8363795,-9.725583,7.963456,-10.8745575,8.796367,2.9351237,2.3607774,7.238686,4.5730777,12.513298,-11.614859,73.30341,12.903059,-15.065439,24.223116,-5.3599286,-11.712823,31.552217,62.346066,-19.693785,-6.3991194,-4.6621056
1204,8.775566101074219,680.11767578125,77.7066421508789,-1.5999417824934317,-3.9897492938881696,87.79644768393986,12.870952,11.068022,34.80918,6.6040597,-11.429523,-9.668235,6.8823314,-7.866099,-9.857166,7.9545746,-10.894321,8.811957,2.9611163,2.3447347,7.2001963,4.6877747,12.471422,-11.572109,73.31528,12.946689,-15.036316,24.236345,-5.1816244,-11.734238,31.506666,62.535946,-19.667086,-6.386908,-4.6005144
1205,8.778337478637695,680.1266479492188,77.70858764648438,-1.5942982405727737,-3.9962648040299533,87.93789655316154,12.834541,11.059089,34.665733,6.613148,-11.426491,-9.666745,6.944368,-7.893123,-9.988531,7.955844,-10.927593,8.808943,2.9782064,2.3394842,7.166812,4.794456,12.410933,-11.539219,73.33627,12.938215,-15.018231,24.255316,-5.002858,-11.769494,31.457575,62.75244,-19.589897,-6.3817463,-4.557109
1206,8.78564453125,680.1334838867188,77.70825958251953,-1.5899426021377805,-4.006220370666697,88.08146742277756,12.801765,11.052416,34.519047,6.6222796,-11.4204855,-9.67256,7.007227,-7.918204,-10.119355,7.9635024,-10.968563,8.79432,2.987168,2.3253012,7.1378794,4.9128046,12.368798,-11.5106125,73.34362,12.883542,-15.007842,24.268148,-4.821755,-11.796597,31.398859,62.995903,-19.47369,-6.3809395,-4.524784
1207,8.794520378112793,680.141357421875,77.7092514038086,-1.583456199809956,-4.016620181275636,88.22280141128012,12.770206,11.04463,34.37494,6.631185,-11.412893,-9.678131,7.069179,-7.9435525,-10.249697,7.972468,-11.010347,8.77859,2.9969664,2.3093002,7.1113873,5.0333867,12.328443,-11.470418,73.34905,12.814057,-15.004699,24.275219,-4.6357045,-11.82341,31.326254,63.260323,-19.34601,-6.379992,-4.5027876
1208,8.799687385559082,680.1469116210938,77.70651245117188,-1.575166082417076,-4.024458578855251,88.35785751761547,12.737368,11.032249,34.239014,6.6386247,-11.4039755,-9.675693,7.1281347,-7.9718175,-10.379466,7.97716,-11.044609,8.772058,3.0137556,2.3005073,7.0855584,5.147081,12.27073,-11.400637,73.36536,12.761292,-15.00909,24.277239,-4.4382195,-11.862484,31.236614,63.533752,-19.236515,-6.372964,-4.4900403
1209,8.801981925964355,680.154541015625,77.7054214477539,-1.5584299247784688,-4.027990404872481,88.48515793341377,12.700893,11.0113125,34.113575,6.645405,-11.392962,-9.660823,7.181116,-8.007046,-10.511216,7.977861,-11.069332,8.779482,3.0384893,2.2737174,7.057612,5.27597,12.228498,-11.281554,73.36962,12.721963,-15.029453,24.260603,-4.233523,-11.887529,31.134445,63.831482,-19.1479,-6.362576,-4.502519
1210,8.806227684020996,680.1585693359375,77.70276641845703,-1.5377620261356726,-4.029521087035617,88.60706154743295,12.663596,10.985056,33.995586,6.6528077,-11.381637,-9.638405,7.231358,-8.04632,-10.644235,7.9750795,-11.0878935,8.794854,3.0617266,2.251866,7.0331655,5.401216,12.164504,-11.111322,73.382324,12.70088,-15.062385,24.238686,-4.0235825,-11.920848,31.016287,64.14676,-19.073704,-6.349051,-4.531585
1211,8.811155319213867,680.1629028320312,77.70288848876953,-1.5180643118722328,-4.030883808376008,88.72478928920657,12.627508,10.959978,33.881664,6.6589646,-11.370152,-9.61535,7.2815337,-8.083361,-10.77318,7.9696903,-11.103251,8.811838,3.078043,2.2439778,7.0077085,5.522182,12.080957,-10.932966,73.40735,12.685019,-15.092605,24.21931,-3.8175309,-11.96383,30.904099,64.48468,-18.996353,-6.3302536,-4.556906
1212,8.82135009765625,680.1720581054688,77.70121002197266,-1.504935576737047,-4.033624964024592,88.83984321293332,12.594329,10.943459,33.76819,6.666268,-11.3624935,-9.598376,7.331364,-8.112661,-10.89252,7.967212,-11.120134,8.824277,3.0939064,2.2385452,6.9825473,5.6426053,12.016568,-10.7929,73.43185,12.657808,-15.106221,24.198442,-3.6195014,-11.999006,30.797192,64.84228,-18.908249,-6.3075414,-4.5549116
1213,8.82625675201416,680.1809692382812,77.70035552978516,-1.5031004104781778,-4.039510584411656,88.95185690656444,12.565959,10.940801,33.653942,6.674791,-11.360474,-9.590316,7.385129,-8.128588,-10.997503,7.9620056,-11.134633,8.829983,3.105178,2.2533135,6.9610257,5.7539,11.951173,-10.692062,73.46666,12.643716,-15.091241,24.186346,-3.4340177,-12.040642,30.699476,65.2209,-18.803684,-6.279331,-4.5061913
1214,8.832449913024902,680.1834106445312,77.70054626464844,-1.5095844270884617,-4.047113985430035,89.0603809521012,12.542359,10.946869,33.541107,6.681896,-11.3614,-9.587737,7.4403067,-8.135644,-11.092009,7.958168,-11.149065,8.832448,3.116324,2.2823312,6.9426165,5.858479,11.886916,-10.617675,73.50854,12.635908,-15.05815,24.17776,-3.2523625,-12.090267,30.602531,65.61563,-18.689432,-6.24643,-4.4269905
1215,8.836222648620605,680.1898803710938,77.70106506347656,-1.514969740733571,-4.053988637055442,89.16630539680403,12.518018,10.95355,33.43065,6.690536,-11.363546,-9.586262,7.4942417,-8.142189,-11.184204,7.9527946,-11.163661,8.834093,3.1279485,2.3215213,6.9239755,5.9527526,11.812927,-10.564796,73.56048,12.604383,-15.024822,24.16818,-3.060423,-12.159564,30.505547,66.00281,-18.572971,-6.20923,-4.343383
1216,8.840991020202637,680.1971435546875,77.7034912109375,-1.5136008572421935,-4.057480111210702,89.27111618763868,12.492203,10.951026,33.323887,6.6968713,-11.363471,-9.582931,7.545166,-8.156205,-11.282773,7.9471536,-11.183242,8.837289,3.1331449,2.3282418,6.896941,6.066949,11.7771225,-10.518877,73.59292,12.508455,-15.011022,24.137285,-2.879407,-12.196675,30.419195,66.412865,-18.462576,-6.169852,-4.2901535
1217,8.851461410522461,680.205078125,77.7021713256836,-1.5010978271776902,-4.056703032766309,89.37692250491946,12.462434,10.936039,33.219925,6.7022433,-11.360186,-9.57691,7.592713,-8.181946,-11.39407,7.9419513,-11.211379,8.843518,3.13652,2.3272023,6.861986,6.176022,11.735721,-10.497231,73.63127,12.321838,-15.026021,24.091293,-2.6864614,-12.243053,30.330864,66.81856,-18.372967,-6.1255565,-4.277022
1218,8.852554321289062,680.21240234375,77.70207214355469,-1.481950839496872,-4.0531540166530595,89.48243365029982,12.43156,10.912611,33.118816,6.7059917,-11.355593,-9.569836,7.639381,-8.214395,-11.512398,7.9349575,-11.244685,8.851346,3.140171,2.3270528,6.8209333,6.2786913,11.686545,-10.50382,73.6773,12.06802,-15.057889,24.035652,-2.480237,-12.306478,30.244356,67.21756,-18.2912,-6.076319,-4.2858486
1219,8.861771583557129,680.2240600585938,77.70198822021484,-1.4612896604649712,-4.048037482443456,89.5833718586379,12.399451,10.888709,33.02221,6.7102222,-11.350446,-9.561882,7.681448,-8.247326,-11.626957,7.9292336,-11.27757,8.85849,3.1394277,2.3175752,6.777765,6.387295,11.649081,-10.501595,73.71808,11.808914,-15.091823,23.975185,-2.2798424,-12.360351,30.161526,67.62281,-18.205341,-6.0269966,-4.2994123
1220,8.870477676391602,680.2342529296875,77.69911193847656,-1.4452528815771934,-4.042499721027433,89.67537752379572,12.369035,10.869694,32.932552,6.712877,-11.344583,-9.552854,7.7168593,-8.27412,-11.726884,7.9265957,-11.3042965,8.862719,3.1418633,2.3076813,6.7385654,6.4938602,11.617155,-10.470534,73.757645,11.6069565,-15.111311,23.921703,-2.085896,-12.406658,30.074507,68.021484,-18.099087,-5.9815235,-4.2965007
1221,8.87688159942627,680.2404174804688,77.6952133178711,-1.4361509957172331,-4.036440067420721,89.75675681474975,12.337655,10.858008,32.850563,6.7184296,-11.340339,-9.540742,7.742427,-8.29315,-11.80809,7.928297,-11.320863,8.862603,3.1553469,2.3191376,6.7090106,6.5814576,11.561054,-10.398036,73.809074,11.492872,-15.110649,23.884073,-1.8744622,-12.486609,29.971474,68.37746,-17.966707,-5.941712,-4.262305
1222,8.879908561706543,680.2465209960938,77.69355010986328,-1.4292474180614452,-4.02903058770209,89.83003401172283,12.30635,10.850072,32.775047,6.723582,-11.335465,-9.526749,7.760484,-8.307958,-11.876803,7.9327817,-11.331382,8.859575,3.1660724,2.3291504,6.681716,6.671388,11.507836,-10.288722,73.857185,11.427063,-15.099391,23.850378,-1.6724979,-12.558553,29.8717,68.737274,-17.815193,-5.906593,-4.2161756
1223,8.882765769958496,680.2525024414062,77.69610595703125,-1.425197037152088,-4.021754230125923,89.89708207881561,12.276757,10.845163,32.70494,6.7288756,-11.331277,-9.513714,7.777595,-8.31885,-11.937733,7.9351068,-11.339307,8.855936,3.1725147,2.3442547,6.655969,6.7592735,11.449781,-10.172351,73.90911,11.383022,-15.083458,23.823694,-1.473442,-12.634636,29.773272,69.084854,-17.654408,-5.870622,-4.166116
1224,8.888030052185059,680.259765625,77.69773864746094,-1.4235543540675228,-4.015723811623512,89.95977889236944,12.251528,10.842548,32.639282,6.732789,-11.327454,-9.504878,7.796318,-8.327272,-11.995007,7.9357147,-11.350062,8.853802,3.1719856,2.3594582,6.6302233,6.848797,11.394273,-10.073689,73.96386,11.334796,-15.06943,23.803772,-1.2820114,-12.708313,29.6745,69.42366,-17.496744,-5.8324156,-4.12343
1225,8.889759063720703,680.2675170898438,77.69835662841797,-1.4260220249499715,-4.01198471971235,90.01859796276663,12.232625,10.845686,32.577103,6.7369585,-11.326861,-9.502623,7.822038,-8.329803,-12.049187,7.9298654,-11.364609,8.853238,3.1621587,2.3833115,6.6070547,6.9389467,11.335817,-10.004141,74.023094,11.279569,-15.054481,23.79575,-1.0953573,-12.79097,29.57789,69.746704,-17.336693,-5.7896285,-4.087806
1226,8.894771575927734,680.2783203125,77.69921112060547,-1.4323397278695185,-4.00975812583889,90.07263595591536,12.217967,10.853957,32.519115,6.7409005,-11.327849,-9.504668,7.85031,-8.3269415,-12.098078,7.920106,-11.380055,8.853173,3.1471152,2.4089234,6.5857964,7.0316105,11.282276,-9.949422,74.08296,11.229201,-15.036971,23.796024,-0.91491926,-12.871334,29.480413,70.060616,-17.172272,-5.744516,-4.0555563
1227,8.894593238830566,680.2842407226562,77.69940185546875,-1.4370207212394974,-4.006981931708789,90.12128836997113,12.204691,10.8604965,32.466904,6.7436132,-11.327661,-9.507626,7.877139,-8.324932,-12.142763,7.909146,-11.394887,8.854506,3.132095,2.4362314,6.5640535,7.119485,11.226435,-9.903402,74.14718,11.177531,-15.024241,23.796812,-0.72964936,-12.959509,29.375183,70.35127,-17.015038,-5.7005367,-4.02605
1228,8.900224685668945,680.290771484375,77.69638061523438,-1.435683934650187,-4.001976735688907,90.16423106067549,12.19062,10.858857,32.42196,6.7468014,-11.3263035,-9.508851,7.8986044,-8.33003,-12.1845255,7.9004126,-11.408611,8.858528,3.1208885,2.454007,6.5378304,7.2018075,11.175147,-9.857284,74.21403,11.116784,-15.023758,23.787647,-0.54425955,-13.042974,29.259789,70.62703,-16.87538,-5.6611695,-4.0023675
1229,8.905828475952148,680.2965087890625,77.69501495361328,-1.4203059454828775,-3.9927783486993986,90.20075914248757,12.173787,10.842059,32.385933,6.7455955,-11.317699,-9.506276,7.9087915,-8.348063,-12.2238455,7.8978763,-11.421406,8.866524,3.1177244,2.458245,6.503697,7.2757664,11.126807,-9.804725,74.28717,11.041435,-15.046732,23.761778,-0.35038704,-13.1211,29.130219,70.88487,-16.77049,-5.6263723,-3.9901593
1230,8.910133361816406,680.3091430664062,77.69587707519531,-1.397838397039979,-3.980782633791454,90.23148910902476,12.154491,10.816608,32.357315,6.746398,-11.307567,-9.502227,7.9128966,-8.374443,-12.260232,7.8972907,-11.433643,8.87777,3.1194003,2.4562109,6.464316,7.3415146,11.077384,-9.752841,74.367775,10.956097,-15.086132,23.726948,-0.14864223,-13.200781,28.988792,71.12244,-16.69006,-5.594748,-3.986196
1231,8.914836883544922,680.3198852539062,77.6963882446289,-1.3753289483612396,-3.9694037947155936,90.25708718744671,12.137904,10.791748,32.333817,6.7454314,-11.297517,-9.498584,7.914505,-8.399708,-12.292176,7.899492,-11.445224,8.889138,3.112825,2.4417813,6.421852,7.415658,11.044384,-9.701472,74.440475,10.871191,-15.121837,23.689749,0.02953448,-13.253179,28.850126,71.36994,-16.604918,-5.567649,-3.9840565
1232,8.921967506408691,680.3233642578125,77.69335174560547,-1.3618310182835764,-3.9621212194450655,90.27811090713703,12.128887,10.777792,32.313572,6.744089,-11.292892,-9.497754,7.9228516,-8.414089,-12.318616,7.8955736,-11.451579,8.898327,3.1074765,2.449198,6.389157,7.477615,10.998007,-9.680424,74.51503,10.797905,-15.132471,23.66828,0.21557479,-13.331353,28.687017,71.56945,-16.496986,-5.54588,-3.9628265
1233,8.92364501953125,680.3301391601562,77.69196319580078,-1.3640060724315466,-3.9607715147515834,90.29522054708923,12.127424,10.781034,32.294304,6.7460284,-11.29857,-9.501185,7.93786,-8.413163,-12.339562,7.890293,-11.45362,8.905216,3.0789256,2.4610205,6.363256,7.5523415,10.96432,-9.681956,74.57758,10.731366,-15.107343,23.663374,0.36797172,-13.393275,28.533245,71.770454,-16.338444,-5.531162,-3.9176707
1234,8.92467212677002,680.3403930664062,77.6880111694336,-1.3746264947813547,-3.963383294450308,90.3077164608218,12.1333,10.794901,32.278053,6.747731,-11.310338,-9.507663,7.958736,-8.401974,-12.35577,7.8795543,-11.449394,8.911089,3.053822,2.4911764,6.345969,7.617037,10.92453,-9.722969,74.63738,10.666419,-15.054016,23.67145,0.5277217,-13.47584,28.35386,71.927795,-16.155031,-5.522226,-3.8505967
1235,8.925756454467773,680.3446044921875,77.6886215209961,-1.3871028727765002,-3.9667410952632323,90.31515378204297,12.142428,10.810998,32.267326,6.7476406,-11.321353,-9.514408,7.9786577,-8.387898,-12.365977,7.868876,-11.445296,8.914721,3.0313814,2.530448,6.3322997,7.6771836,10.879649,-9.769168,74.6934,10.614006,-14.998145,23.680819,0.6984906,-13.577168,28.159643,72.04107,-15.9717045,-5.5162373,-3.783383
1236,8.926424026489258,680.355224609375,77.68961334228516,-1.3952541559988298,-3.9676024108702532,90.31710462065391,12.150096,10.822004,32.26408,6.749789,-11.329393,-9.518763,7.9905143,-8.378484,-12.368878,7.865216,-11.447832,8.914713,3.0090094,2.5621243,6.314878,7.739358,10.83718,-9.784982,74.74372,10.583651,-14.962483,23.680157,0.8682578,-13.66981,27.962254,72.13445,-15.816522,-5.5106196,-3.7422276
1237,8.933280944824219,680.3702392578125,77.69019317626953,-1.3947606266822659,-3.9650446841579767,90.31330576549121,12.157031,10.823726,32.269875,6.7488976,-11.329013,-9.518989,7.9934773,-8.376008,-12.362776,7.866244,-11.458067,8.909858,2.9865885,2.5762308,6.289076,7.807991,10.802526,-9.751722,74.78743,10.584527,-14.95387,23.663069,1.027846,-13.735242,27.760218,72.22667,-15.707599,-5.504935,-3.7417307
1238,8.937740325927734,680.380126953125,77.69107055664062,-1.39036501979281,-3.960935513958289,90.3039834789265,12.163399,10.822022,32.28305,6.74971,-11.325632,-9.516946,7.9894776,-8.37656,-12.348566,7.87272,-11.474233,8.900977,2.972436,2.5906036,6.260938,7.870293,10.762584,-9.700093,74.83181,10.608995,-14.959643,23.63885,1.1960982,-13.801837,27.53751,72.28847,-15.629569,-5.5006123,-3.7635844
1239,8.93625259399414,680.3846435546875,77.69074249267578,-1.3859486502209946,-3.9558650344658965,90.28962771066642,12.1717615,10.819348,32.302113,6.7486672,-11.320706,-9.515094,7.9827147,-8.376921,-12.330121,7.880982,-11.491194,8.890371,2.955079,2.6020777,6.230361,7.9332533,10.72442,-9.640192,74.87294,10.645484,-14.973118,23.615236,1.3547008,-13.859456,27.316101,72.33883,-15.557082,-5.4978127,-3.7956998
1240,8.938559532165527,680.3941650390625,77.6897201538086,-1.382931700260742,-3.9509659780830764,90.27048022223293,12.180593,10.819324,32.325356,6.747568,-11.316407,-9.514861,7.974155,-8.374775,-12.310636,7.8887415,-11.502342,8.879841,2.9361176,2.6158233,6.201447,7.990213,10.687491,-9.595996,74.91398,10.681283,-14.986999,23.60124,1.4993513,-13.913257,27.102137,72.37776,-15.465323,-5.496641,-3.8228333
1241,8.938711166381836,680.4036254882812,77.68782043457031,-1.3833489541842383,-3.9464396034733813,90.24489290318184,12.191626,10.823373,32.35428,6.745347,-11.31351,-9.517684,7.965525,-8.368088,-12.290371,7.893876,-11.505604,8.869469,2.9099612,2.6296751,6.173644,8.046285,10.656678,-9.568686,74.949615,10.716077,-15.001968,23.599478,1.6230553,-13.957042,26.902262,72.40362,-15.348419,-5.497787,-3.8429704
1242,8.94217300415039,680.4100952148438,77.68592071533203,-1.3850888898733118,-3.9417269133830444,90.2131241586686,12.203233,10.829994,32.389133,6.7452464,-11.31261,-9.521973,7.954203,-8.359004,-12.267392,7.8999314,-11.504717,8.858471,2.9016325,2.6594124,6.1505175,8.077291,10.612948,-9.573662,74.996346,10.754521,-15.019964,23.609581,1.7598957,-14.022827,26.675896,72.38053,-15.2277775,-5.5013256,-3.857834
1243,8.947124481201172,680.4176025390625,77.68533325195312,-1.3874351462207346,-3.936844851579278,90.17897222016722,12.216282,10.837068,32.426464,6.743058,-11.310841,-9.527172,7.9426403,-8.349016,-12.243504,7.9058213,-11.502556,8.847234,2.882822,2.6849856,6.1266446,8.116695,10.5749035,-9.571565,75.034775,10.795828,-15.039763,23.620686,1.8833319,-14.08071,26.467869,72.35818,-15.095551,-5.505543,-3.8733194
